store_id,city,name,title,price,price_raw,regular_price,regular_price_raw,liquidation_price,liquidation_price_raw,sale_price,sale_price_raw,liquidation,url,link,image,image_url,product_id,sku,sku_formatted,availability,badges,discount_percent,price_sale_clean,price_original_clean
251,"Waterloo, ON","Échelle de piscine en A en acier Bestway Flowclear avec rampe, 42 po","Échelle de piscine en A en acier Bestway Flowclear avec rampe, 42 po",29.93,"29,93 $",99.99,"Était±  99,99 $prix était 99,99 $",29.93,"29,93 $",29.93,"29,93 $",true,https://www.canadiantire.ca/fr/pdp/echelle-de-piscine-en-a-en-acier-bestway-flowclear-avec-rampe-42-po-0813926p.html,https://www.canadiantire.ca/fr/pdp/echelle-de-piscine-en-a-en-acier-bestway-flowclear-avec-rampe-42-po-0813926p.html,https://media-www.canadiantire.ca/product/seasonal-gardening/backyard-fun/pool-maintenance/0813926/42-pool-ladder-1e5af39a-d711-4efc-88d9-7f79508fac9d-jpgrendition.jpg?im=whresize&wid=200&hei=200,https://media-www.canadiantire.ca/product/seasonal-gardening/backyard-fun/pool-maintenance/0813926/42-pool-ladder-1e5af39a-d711-4efc-88d9-7f79508fac9d-jpgrendition.jpg?im=whresize&wid=200&hei=200,,0813926,081-3926-6,Il n’en reste que 1 #081-3926-6,Liquidation◊,70.07,"29,93","99,99"
251,"Waterloo, ON","Tasses à mesurer empilables en plastique MASTER Chef, paq. 10","Tasses à mesurer empilables en plastique MASTER Chef, paq. 10",3.99,"3,99 $",24.99,"Était±  24,99 $prix était 24,99 $",3.99,"3,99 $",3.99,"3,99 $",true,https://www.canadiantire.ca/fr/pdp/tasses-a-mesurer-empilables-en-plastique-master-chef-paq-10-1429676p.html,https://www.canadiantire.ca/fr/pdp/tasses-a-mesurer-empilables-en-plastique-master-chef-paq-10-1429676p.html,https://media-www.canadiantire.ca/product/living/kitchen/bakeware-baking-prep/1429676/master-chef-10pc-measuring-cup-set-73c761cb-c28c-42fe-a32e-f57a30c6b9a6-jpgrendition.jpg?im=whresize&wid=200&hei=200,https://media-www.canadiantire.ca/product/living/kitchen/bakeware-baking-prep/1429676/master-chef-10pc-measuring-cup-set-73c761cb-c28c-42fe-a32e-f57a30c6b9a6-jpgrendition.jpg?im=whresize&wid=200&hei=200,,1429676,142-9676-0,180 En Stock#142-9676-0,Liquidation◊Mieux notés,84.03,"3,99","24,99"
251,"Waterloo, ON","Lit de camp pliant portatif pour chiens Woods DOG-WOOD avec sac de transport, capacité de 70 lb, bleu","Lit de camp pliant portatif pour chiens Woods DOG-WOOD avec sac de transport, capacité de 70 lb, bleu",16.99,"16,99 $",79.99,"Était±  79,99 $prix était 79,99 $",16.99,"16,99 $",16.99,"16,99 $",true,https://www.canadiantire.ca/fr/pdp/lit-de-camp-pliant-portatif-pour-chiens-woods-dog-wood-avec-sac-de-transport-capacite-de-70-lb-bleu-0766424p.html,https://www.canadiantire.ca/fr/pdp/lit-de-camp-pliant-portatif-pour-chiens-woods-dog-wood-avec-sac-de-transport-capacite-de-70-lb-bleu-0766424p.html,https://media-www.canadiantire.ca/product/playing/camping/camping-accessories/0766424/woods-dogwood-quad-fold-pet-cot-fe2e4cef-58fa-4578-93b8-795fe70105e1-jpgrendition.jpg?im=whresize&wid=200&hei=200,https://media-www.canadiantire.ca/product/playing/camping/camping-accessories/0766424/woods-dogwood-quad-fold-pet-cot-fe2e4cef-58fa-4578-93b8-795fe70105e1-jpgrendition.jpg?im=whresize&wid=200&hei=200,,0766424,076-6424-6,124 En Stock#076-6424-6,Liquidation◊Mieux notés,78.76,"16,99","79,99"
251,"Waterloo, ON","Service de vaisselle en porcelaine festonnée CANVAS Odessa, blanc, paq. 12","Service de vaisselle en porcelaine festonnée CANVAS Odessa, blanc, paq. 12",19.99,"19,99 $",79.99,"Était±  79,99 $prix était 79,99 $",19.99,"19,99 $",19.99,"19,99 $",true,https://www.canadiantire.ca/fr/pdp/service-de-vaisselle-en-porcelaine-festonnee-canvas-odessa-blanc-paq-12-2421125p.html,https://www.canadiantire.ca/fr/pdp/service-de-vaisselle-en-porcelaine-festonnee-canvas-odessa-blanc-paq-12-2421125p.html,https://media-www.canadiantire.ca/product/living/kitchen/dining-and-entertaining/2421125/canvas-12-pc-scalloped-porcelain-dinnerware-set-ee9e4e35-9ab4-4375-aacf-2b058a08cc90-jpgrendition.jpg?im=whresize&wid=200&hei=200,https://media-www.canadiantire.ca/product/living/kitchen/dining-and-entertaining/2421125/canvas-12-pc-scalloped-porcelain-dinnerware-set-ee9e4e35-9ab4-4375-aacf-2b058a08cc90-jpgrendition.jpg?im=whresize&wid=200&hei=200,,2421125,242-1125-2,Il n’en reste que 2 #242-1125-2,Liquidation◊Mieux notés,75.01,"19,99","79,99"
251,"Waterloo, ON","Bouteille d'eau Woods, 650 ml, acier inoxydable, étanche, noire","Bouteille d'eau Woods, 650 ml, acier inoxydable, étanche, noire",7.99,"7,99 $",24.99,"24,99 $Était   et+ prix était à partir de 24,99 $",7.99,"7,99 $",7.99,"7,99 $",true,https://www.canadiantire.ca/fr/pdp/bouteille-d-eau-woods-650-ml-acier-inoxydable-etanche-noire-0761301p.html,https://www.canadiantire.ca/fr/pdp/bouteille-d-eau-woods-650-ml-acier-inoxydable-etanche-noire-0761301p.html,https://media-www.canadiantire.ca/product/playing/camping/camping-living/0761303/woods-water-bottle-medium-black-2b72db9e-5b04-46c0-8136-97dc000522cb-jpgrendition.jpg?im=whresize&wid=200&hei=200,https://media-www.canadiantire.ca/product/playing/camping/camping-living/0761303/woods-water-bottle-medium-black-2b72db9e-5b04-46c0-8136-97dc000522cb-jpgrendition.jpg?im=whresize&wid=200&hei=200,,0761301,076-1301,Vérifiez la disponibilité#076-1301X,Liquidation◊Mieux notés,68.03,"7,99","24,99"
251,"Waterloo, ON",Huitre à enfourcher flottante gonflable pour lac,Huitre à enfourcher flottante gonflable pour lac,39.99,"39,99 $",99.99,"Était±  99,99 $prix était 99,99 $",39.99,"39,99 $",39.99,"39,99 $",true,https://www.canadiantire.ca/fr/pdp/huitre-a-enfourcher-flottante-gonflable-pour-lac-0791411p.html,https://www.canadiantire.ca/fr/pdp/huitre-a-enfourcher-flottante-gonflable-pour-lac-0791411p.html,https://media-www.canadiantire.ca/product/playing/seasonal-recreation/marine-water-fun/0791411/clamshell-lake-inflatable-84c224b6-f74f-43cb-add7-f18aa0e52402-jpgrendition.jpg?im=whresize&wid=200&hei=200,https://media-www.canadiantire.ca/product/playing/seasonal-recreation/marine-water-fun/0791411/clamshell-lake-inflatable-84c224b6-f74f-43cb-add7-f18aa0e52402-jpgrendition.jpg?im=whresize&wid=200&hei=200,,0791411,079-1411-0,Il n’en reste que 2 #079-1411-0,Liquidation◊,60.01,"39,99","99,99"
251,"Waterloo, ON","Fauteuil de salle à manger d'extérieur/de terrasse CANVAS Belwood en aluminium et osier, paq. 2","Fauteuil de salle à manger d'extérieur/de terrasse CANVAS Belwood en aluminium et osier, paq. 2",249.99,"249,99 $",499.99,"Était±  499,99 $prix était 499,99 $",249.99,"249,99 $",249.99,"249,99 $",true,https://www.canadiantire.ca/fr/pdp/fauteuil-de-salle-a-manger-d-exterieur-de-terrasse-canvas-belwood-en-aluminium-et-osier-paq-2-0880541p.html,https://www.canadiantire.ca/fr/pdp/fauteuil-de-salle-a-manger-d-exterieur-de-terrasse-canvas-belwood-en-aluminium-et-osier-paq-2-0880541p.html,https://media-www.canadiantire.ca/product/seasonal-gardening/backyard-living/outdoor-furniture/0880541/canvas-belwood-aluminum-dining-chair-2-pack-de38f891-c44a-49df-a4e2-897c643e77fb-jpgrendition.jpg?im=whresize&wid=200&hei=200,https://media-www.canadiantire.ca/product/seasonal-gardening/backyard-living/outdoor-furniture/0880541/canvas-belwood-aluminum-dining-chair-2-pack-de38f891-c44a-49df-a4e2-897c643e77fb-jpgrendition.jpg?im=whresize&wid=200&hei=200,,0880541,088-0541-4,Il n’en reste que 2 #088-0541-4,Liquidation◊Mieux notés,50,"249,99","499,99"
251,"Waterloo, ON","Ponceuse à bande sans balais MAXIMUM de 20 V, 3 x 21 po, outil seulement","Ponceuse à bande sans balais MAXIMUM de 20 V, 3 x 21 po, outil seulement",49.99,"49,99 $",184.99,"Était±  184,99 $prix était 184,99 $",49.99,"49,99 $",49.99,"49,99 $",true,https://www.canadiantire.ca/fr/pdp/ponceuse-a-bande-sans-balais-maximum-de-20-v-3-x-21-po-outil-seulement-0547981p.html,https://www.canadiantire.ca/fr/pdp/ponceuse-a-bande-sans-balais-maximum-de-20-v-3-x-21-po-outil-seulement-0547981p.html,https://media-www.canadiantire.ca/product/fixing/tools/portable-power-tools/0547981/maximum-20v-bl-belt-sander-tool-only-b11c4e92-6a2a-4fe2-8953-6cbdfa065164-jpgrendition.jpg?im=whresize&wid=200&hei=200,https://media-www.canadiantire.ca/product/fixing/tools/portable-power-tools/0547981/maximum-20v-bl-belt-sander-tool-only-b11c4e92-6a2a-4fe2-8953-6cbdfa065164-jpgrendition.jpg?im=whresize&wid=200&hei=200,,0547981,054-7981-4,9 En Stock#054-7981-4,Liquidation◊Exclusivité,72.98,"49,99","184,99"
251,"Waterloo, ON","Vélo électrique Raleigh Dobson Comfort, léger, écran ACL intégré, 700C roues, blanc","Vélo électrique Raleigh Dobson Comfort, léger, écran ACL intégré, 700C roues, blanc",799.99,"799,99 $",1999.99,"Était±  1 999,99 $prix était 1 999,99 $",799.99,"799,99 $",799.99,"799,99 $",true,https://www.canadiantire.ca/fr/pdp/velo-electrique-raleigh-dobson-comfort-leger-ecran-acl-integre-700c-roues-blanc-0712020p.html,https://www.canadiantire.ca/fr/pdp/velo-electrique-raleigh-dobson-comfort-leger-ecran-acl-integre-700c-roues-blanc-0712020p.html,https://media-www.canadiantire.ca/product/seasonal-gardening/cycling/bicycles/0712020/raleigh-dobson-electric-bike-700c-white-46befcab-abaf-4947-ae19-7764447767ed-jpgrendition.jpg?im=whresize&wid=200&hei=200,https://media-www.canadiantire.ca/product/seasonal-gardening/cycling/bicycles/0712020/raleigh-dobson-electric-bike-700c-white-46befcab-abaf-4947-ae19-7764447767ed-jpgrendition.jpg?im=whresize&wid=200&hei=200,,0712020,071-2020-0,,Liquidation◊Exclusivité,60,"799,99","1999,99"
251,"Waterloo, ON","Vélo électrique tout-terrain Raleigh Getaway 36 V, 700C roues, noir","Vélo électrique tout-terrain Raleigh Getaway 36 V, 700C roues, noir",999.99,"999,99 $",2799.99,"Était±  2 799,99 $prix était 2 799,99 $",999.99,"999,99 $",999.99,"999,99 $",true,https://www.canadiantire.ca/fr/pdp/velo-electrique-tout-terrain-raleigh-getaway-36-v-700c-roues-noir-0711931p.html,https://www.canadiantire.ca/fr/pdp/velo-electrique-tout-terrain-raleigh-getaway-36-v-700c-roues-noir-0711931p.html,https://media-www.canadiantire.ca/product/playing/cycling/bicycles/0711931/raleigh-getaway-men-s-electric-bike-700c-e4b77c61-6dc1-49c0-b6d7-114a1fe93cc4-jpgrendition.jpg?im=whresize&wid=200&hei=200,https://media-www.canadiantire.ca/product/playing/cycling/bicycles/0711931/raleigh-getaway-men-s-electric-bike-700c-e4b77c61-6dc1-49c0-b6d7-114a1fe93cc4-jpgrendition.jpg?im=whresize&wid=200&hei=200,,0711931,071-1931-8,,Liquidation◊Articles à succès,64.29,"999,99","2799,99"
251,"Waterloo, ON","Lampe à faisceau large à DEL Mastercraft, 1500 lumens, compatible PWR POD","Lampe à faisceau large à DEL Mastercraft, 1500 lumens, compatible PWR POD",21.99,"21,99 $",119.99,"Était±  119,99 $prix était 119,99 $",21.99,"21,99 $",21.99,"21,99 $",true,https://www.canadiantire.ca/fr/pdp/lampe-a-faisceau-large-a-del-mastercraft-1500-lumens-compatible-pwr-pod-0372969p.html,https://www.canadiantire.ca/fr/pdp/lampe-a-faisceau-large-a-del-mastercraft-1500-lumens-compatible-pwr-pod-0372969p.html,https://media-www.canadiantire.ca/product/automotive/car-care-accessories/auto-accessories/0372969/mastercraft-1500-lumens-spotlight-pwr-pod-compatible-363c7083-04a4-4a37-b863-da8214fd1958-jpgrendition.jpg?im=whresize&wid=200&hei=200,https://media-www.canadiantire.ca/product/automotive/car-care-accessories/auto-accessories/0372969/mastercraft-1500-lumens-spotlight-pwr-pod-compatible-363c7083-04a4-4a37-b863-da8214fd1958-jpgrendition.jpg?im=whresize&wid=200&hei=200,,0372969,037-2969-8,59 En Stock#037-2969-8,Liquidation◊Mieux notés,81.67,"21,99","119,99"
251,"Waterloo, ON","Chaussures de soccer Adidas Goletto II, FG, homme","Chaussures de soccer Adidas Goletto II, FG, homme",14.99,"14,99 $",74.99,"74,99 $Était   et+ prix était à partir de 74,99 $",14.99,"14,99 $",14.99,"14,99 $",true,https://www.canadiantire.ca/fr/pdp/chaussures-de-soccer-adidas-goletto-ii-fg-homme-0898050p.html,https://www.canadiantire.ca/fr/pdp/chaussures-de-soccer-adidas-goletto-ii-fg-homme-0898050p.html,https://media-www.canadiantire.ca/product/playing/team-sports-and-golf/field-sports/0898050/adidas-goletto-ii-fg-soccer-shoes-mens-size-7-62a196be-6596-41df-bb24-da370528899d-jpgrendition.jpg?im=whresize&wid=200&hei=200,https://media-www.canadiantire.ca/product/playing/team-sports-and-golf/field-sports/0898050/adidas-goletto-ii-fg-soccer-shoes-mens-size-7-62a196be-6596-41df-bb24-da370528899d-jpgrendition.jpg?im=whresize&wid=200&hei=200,,0898050,089-8050,Vérifiez la disponibilité#089-8050X,Liquidation◊Mieux notés,80.01,"14,99","74,99"
251,"Waterloo, ON","Casque de vélo multisport Raleigh Shuttle pour adultes avec sangles réglables, choix varié, 18 ans et plus","Casque de vélo multisport Raleigh Shuttle pour adultes avec sangles réglables, choix varié, 18 ans et plus",17.99,"17,99 $",40.99,"40,99 $Était   et+ prix était à partir de 40,99 $",17.99,"17,99 $",17.99,"17,99 $",true,https://www.canadiantire.ca/fr/pdp/casque-de-velo-multisport-raleigh-shuttle-pour-adultes-avec-sangles-reglables-choix-varie-18-ans-et-plus-0733380p.html,https://www.canadiantire.ca/fr/pdp/casque-de-velo-multisport-raleigh-shuttle-pour-adultes-avec-sangles-reglables-choix-varie-18-ans-et-plus-0733380p.html,https://media-www.canadiantire.ca/product/playing/cycling/bicycle-accessories/0733380/raleigh-shuttle-adult-multisport-helmet-adult-black-3d1d0315-e20c-4503-b965-a9561705dbff-jpgrendition.jpg?im=whresize&wid=200&hei=200,https://media-www.canadiantire.ca/product/playing/cycling/bicycle-accessories/0733380/raleigh-shuttle-adult-multisport-helmet-adult-black-3d1d0315-e20c-4503-b965-a9561705dbff-jpgrendition.jpg?im=whresize&wid=200&hei=200,,0733380,073-3380,Vérifiez la disponibilité#073-3380X,Liquidation◊Mieux notés,56.11,"17,99","40,99"
251,"Waterloo, ON","Meuble de rangement d'angle ouvert à tablette et 9 cubes For Living, blanc","Meuble de rangement d'angle ouvert à tablette et 9 cubes For Living, blanc",34.99,"34,99 $",159.99,"Était±  159,99 $prix était 159,99 $",34.99,"34,99 $",34.99,"34,99 $",true,https://www.canadiantire.ca/fr/pdp/meuble-de-rangement-d-angle-ouvert-a-tablette-et-9-cubes-for-living-blanc-1680221p.html,https://www.canadiantire.ca/fr/pdp/meuble-de-rangement-d-angle-ouvert-a-tablette-et-9-cubes-for-living-blanc-1680221p.html,https://media-www.canadiantire.ca/product/living/home-decor/furniture/1680221/for-living-corner-9-cube-organizer-7b7dc5f9-de00-4529-ab60-96254faa2854-jpgrendition.jpg?im=whresize&wid=200&hei=200,https://media-www.canadiantire.ca/product/living/home-decor/furniture/1680221/for-living-corner-9-cube-organizer-7b7dc5f9-de00-4529-ab60-96254faa2854-jpgrendition.jpg?im=whresize&wid=200&hei=200,,1680221,168-0221-6,85 En Stock#168-0221-6,Liquidation◊Exclusivité,78.13,"34,99","159,99"
251,"Waterloo, ON","Lampes de table d’extérieur à DEL CANVAS Raven, noir mat, paq. 2","Lampes de table d’extérieur à DEL CANVAS Raven, noir mat, paq. 2",19.99,"19,99 $",69.99,"Était±  69,99 $prix était 69,99 $",19.99,"19,99 $",19.99,"19,99 $",true,https://www.canadiantire.ca/fr/pdp/lampes-de-table-d-exterieur-a-del-canvas-raven-noir-mat-paq-2-0525990p.html,https://www.canadiantire.ca/fr/pdp/lampes-de-table-d-exterieur-a-del-canvas-raven-noir-mat-paq-2-0525990p.html,https://media-www.canadiantire.ca/product/seasonal-gardening/backyard-living/outdoor-lighting/0525990/canvas-raven-led-outdoor-table-lamp-set-2pk-ed896a16-9154-446d-8dd9-c5170905bed9-jpgrendition.jpg?im=whresize&wid=200&hei=200,https://media-www.canadiantire.ca/product/seasonal-gardening/backyard-living/outdoor-lighting/0525990/canvas-raven-led-outdoor-table-lamp-set-2pk-ed896a16-9154-446d-8dd9-c5170905bed9-jpgrendition.jpg?im=whresize&wid=200&hei=200,,0525990,052-5990-8,Il n’en reste que 1 #052-5990-8,Liquidation◊Exclusivité,71.44,"19,99","69,99"
251,"Waterloo, ON","Vélo hybride Stratus Endure, noir, 700C","Vélo hybride Stratus Endure, noir, 700C",299.99,"299,99 $",599.99,"599,99 $Était   et+ prix était à partir de 599,99 $",299.99,"299,99 $",299.99,"299,99 $",true,https://www.canadiantire.ca/fr/pdp/velo-hybride-stratus-endure-noir-700c-0712059p.html,https://www.canadiantire.ca/fr/pdp/velo-hybride-stratus-endure-noir-700c-0712059p.html,https://media-www.canadiantire.ca/product/playing/cycling/bicycles/0712059/stratus-700c-black-blue-endure-00057a26-d166-44ba-9ed8-86f7f39c7d87-jpgrendition.jpg?im=whresize&wid=200&hei=200,https://media-www.canadiantire.ca/product/playing/cycling/bicycles/0712059/stratus-700c-black-blue-endure-00057a26-d166-44ba-9ed8-86f7f39c7d87-jpgrendition.jpg?im=whresize&wid=200&hei=200,,0712059,071-2059,Vérifiez la disponibilité#071-2059X,Liquidation◊Exclusivité,50,"299,99","599,99"
251,"Waterloo, ON","Ventilateur de plafond d’extérieur réversible à DEL 3 pales 6 vitesses NOMA Cassian, 52 po, avec télécommande, nickel brossé","Ventilateur de plafond d’extérieur réversible à DEL 3 pales 6 vitesses NOMA Cassian, 52 po, avec télécommande, nickel brossé",149.99,"149,99 $",309.99,"Était±  309,99 $prix était 309,99 $",149.99,"149,99 $",149.99,"149,99 $",true,https://www.canadiantire.ca/fr/pdp/ventilateur-de-plafond-d-exterieur-reversible-a-del-3-pales-6-vitesses-noma-cassian-52-po-avec-telecommande-nickel-brosse-0529722p.html,https://www.canadiantire.ca/fr/pdp/ventilateur-de-plafond-d-exterieur-reversible-a-del-3-pales-6-vitesses-noma-cassian-52-po-avec-telecommande-nickel-brosse-0529722p.html,https://media-www.canadiantire.ca/product/fixing/electrical/ceiling-fans/0529722/noma-cassian-52-ceiling-fan-98b0adc3-6678-4ecc-ab68-7d7dfd1d130a-jpgrendition.jpg?im=whresize&wid=200&hei=200,https://media-www.canadiantire.ca/product/fixing/electrical/ceiling-fans/0529722/noma-cassian-52-ceiling-fan-98b0adc3-6678-4ecc-ab68-7d7dfd1d130a-jpgrendition.jpg?im=whresize&wid=200&hei=200,,0529722,052-9722-4,Il n’en reste que 1 #052-9722-4,Liquidation◊Exclusivité,51.61,"149,99","309,99"
251,"Waterloo, ON","Contenants en plastique étanche pour aliments LockNLock Easy Match de Starfrit avec couvercle hermétique à pinces, paq. 30","Contenants en plastique étanche pour aliments LockNLock Easy Match de Starfrit avec couvercle hermétique à pinces, paq. 30",34.99,"34,99 $",69.99,"Était±  69,99 $prix était 69,99 $",34.99,"34,99 $",34.99,"34,99 $",true,https://www.canadiantire.ca/fr/pdp/contenants-en-plastique-etanche-pour-aliments-locknlock-easy-match-de-starfrit-avec-couvercle-hermetique-a-pinces-paq-30-2423479p.html,https://www.canadiantire.ca/fr/pdp/contenants-en-plastique-etanche-pour-aliments-locknlock-easy-match-de-starfrit-avec-couvercle-hermetique-a-pinces-paq-30-2423479p.html,https://media-www.canadiantire.ca/product/living/kitchen/food-storage/2423479/30-pc-lock-n-lock-easy-match-container-set-7bc5f682-0269-47d7-9f83-cbb05e80b766-jpgrendition.jpg?im=whresize&wid=200&hei=200,https://media-www.canadiantire.ca/product/living/kitchen/food-storage/2423479/30-pc-lock-n-lock-easy-match-container-set-7bc5f682-0269-47d7-9f83-cbb05e80b766-jpgrendition.jpg?im=whresize&wid=200&hei=200,,2423479,242-3479-8,Il n’en reste que 3 #242-3479-8,Liquidation◊Mieux notés,50.01,"34,99","69,99"
251,"Waterloo, ON","Machine à café et espresso automatique avec buse à vapeur à lait Smeg, pompe de 19 bars, noir","Machine à café et espresso automatique avec buse à vapeur à lait Smeg, pompe de 19 bars, noir",499.99,"499,99 $",999.99,"Était±  999,99 $prix était 999,99 $",499.99,"499,99 $",499.99,"499,99 $",true,https://www.canadiantire.ca/fr/pdp/machine-a-cafe-et-espresso-automatique-avec-buse-a-vapeur-a-lait-smeg-pompe-de-19-bars-noir-0430368p.html,https://www.canadiantire.ca/fr/pdp/machine-a-cafe-et-espresso-automatique-avec-buse-a-vapeur-a-lait-smeg-pompe-de-19-bars-noir-0430368p.html,https://media-www.canadiantire.ca/product/living/kitchen/kitchen-appliances/0430368/smeg-fully-automatic-espresso-maker-w-milk-wand-57ea23ee-5b49-4f4a-9035-1ccedfae5311-jpgrendition.jpg?im=whresize&wid=200&hei=200,https://media-www.canadiantire.ca/product/living/kitchen/kitchen-appliances/0430368/smeg-fully-automatic-espresso-maker-w-milk-wand-57ea23ee-5b49-4f4a-9035-1ccedfae5311-jpgrendition.jpg?im=whresize&wid=200&hei=200,,0430368,043-0368-4,Il n’en reste que 4 #043-0368-4,Liquidation◊Exclusivité,50,"499,99","999,99"
251,"Waterloo, ON","Table à dîner haute d'extérieur/de jardin CANVAS Mercier avec dessus en verre trempé, noir","Table à dîner haute d'extérieur/de jardin CANVAS Mercier avec dessus en verre trempé, noir",99.99,"99,99 $",249.99,"Était±  249,99 $prix était 249,99 $",99.99,"99,99 $",99.99,"99,99 $",true,https://www.canadiantire.ca/fr/pdp/table-a-diner-haute-d-exterieur-de-jardin-canvas-mercier-avec-dessus-en-verre-trempe-noir-1880294p.html,https://www.canadiantire.ca/fr/pdp/table-a-diner-haute-d-exterieur-de-jardin-canvas-mercier-avec-dessus-en-verre-trempe-noir-1880294p.html,https://media-www.canadiantire.ca/product/seasonal-gardening/backyard-living/outdoor-furniture/1880294/canvas-mercier-high-dining-table-a1e4ede4-bd3b-4e48-b361-73188e8df24d-jpgrendition.jpg?im=whresize&wid=200&hei=200,https://media-www.canadiantire.ca/product/seasonal-gardening/backyard-living/outdoor-furniture/1880294/canvas-mercier-high-dining-table-a1e4ede4-bd3b-4e48-b361-73188e8df24d-jpgrendition.jpg?im=whresize&wid=200&hei=200,,1880294,188-0294-4,Il n’en reste que 1 #188-0294-4,Liquidation◊Exclusivité,60,"99,99","249,99"
251,"Waterloo, ON","Bibliothèque For Living, 5 tablettes, style Dakota, chêne","Bibliothèque For Living, 5 tablettes, style Dakota, chêne",99.99,"99,99 $",199.99,"Était±  199,99 $prix était 199,99 $",99.99,"99,99 $",99.99,"99,99 $",true,https://www.canadiantire.ca/fr/pdp/bibliotheque-for-living-5-tablettes-style-dakota-chene-1680199p.html,https://www.canadiantire.ca/fr/pdp/bibliotheque-for-living-5-tablettes-style-dakota-chene-1680199p.html,https://media-www.canadiantire.ca/product/living/home-decor/furniture/1680199/for-living-5-shelf-bookcase-dakota-oak-92e182af-be3c-47c4-927c-5831ce70de5d-jpgrendition.jpg?im=whresize&wid=200&hei=200,https://media-www.canadiantire.ca/product/living/home-decor/furniture/1680199/for-living-5-shelf-bookcase-dakota-oak-92e182af-be3c-47c4-927c-5831ce70de5d-jpgrendition.jpg?im=whresize&wid=200&hei=200,,1680199,168-0199-0,Il n’en reste que 1 #168-0199-0,Liquidation◊Mieux notés,50,"99,99","199,99"
251,"Waterloo, ON",Aspirateur-balai sans fil à 2 moteurs Kenmore CSV,Aspirateur-balai sans fil à 2 moteurs Kenmore CSV,129.99,"129,99 $",269.99,"Était±  269,99 $prix était 269,99 $",129.99,"129,99 $",129.99,"129,99 $",true,https://www.canadiantire.ca/fr/pdp/aspirateur-balai-sans-fil-a-2-moteurs-kenmore-csv-0437195p.html,https://www.canadiantire.ca/fr/pdp/aspirateur-balai-sans-fil-a-2-moteurs-kenmore-csv-0437195p.html,https://media-www.canadiantire.ca/product/living/cleaning/vacuums-and-floorcare/0437195/kenmore-csv-cordless-stick-vacuum-5305dd9e-78aa-427b-8168-777cfc70e06c-jpgrendition.jpg?im=whresize&wid=200&hei=200,https://media-www.canadiantire.ca/product/living/cleaning/vacuums-and-floorcare/0437195/kenmore-csv-cordless-stick-vacuum-5305dd9e-78aa-427b-8168-777cfc70e06c-jpgrendition.jpg?im=whresize&wid=200&hei=200,,0437195,043-7195-2,Il n’en reste que 1 #043-7195-2,Liquidation◊,51.85,"129,99","269,99"
251,"Waterloo, ON","Bols pour chiens Woods pliants étanches PAW-THORN, camping et voyage, paq. 2, 2 L chacun","Bols pour chiens Woods pliants étanches PAW-THORN, camping et voyage, paq. 2, 2 L chacun",8.99,"8,99 $",19.99,"Était±  19,99 $prix était 19,99 $",8.99,"8,99 $",8.99,"8,99 $",true,https://www.canadiantire.ca/fr/pdp/bols-pour-chiens-woods-pliants-etanches-paw-thorn-camping-et-voyage-paq-2-2-l-chacun-0766426p.html,https://www.canadiantire.ca/fr/pdp/bols-pour-chiens-woods-pliants-etanches-paw-thorn-camping-et-voyage-paq-2-2-l-chacun-0766426p.html,https://media-www.canadiantire.ca/product/playing/camping/camping-accessories/0766426/woods-pawthorn-pet-bowls-10c337e6-6f18-495f-a5d6-0f0ef4d7ab3b-jpgrendition.jpg?im=whresize&wid=200&hei=200,https://media-www.canadiantire.ca/product/playing/camping/camping-accessories/0766426/woods-pawthorn-pet-bowls-10c337e6-6f18-495f-a5d6-0f0ef4d7ab3b-jpgrendition.jpg?im=whresize&wid=200&hei=200,,0766426,076-6426-2,Il n’en reste que 6 #076-6426-2,Liquidation◊Mieux notés,55.03,"8,99","19,99"
251,"Waterloo, ON","Ensemble de nettoyants automobiles Armor All, paq. 16","Ensemble de nettoyants automobiles Armor All, paq. 16",6.99,"6,99 $",17.99,"Était±  17,99 $prix était 17,99 $",6.99,"6,99 $",6.99,"6,99 $",true,https://www.canadiantire.ca/fr/pdp/ensemble-de-nettoyants-automobiles-armor-all-paq-16-0397080p.html,https://www.canadiantire.ca/fr/pdp/ensemble-de-nettoyants-automobiles-armor-all-paq-16-0397080p.html,https://media-www.canadiantire.ca/product/automotive/car-care-accessories/auto-cleaning-chemicals/0397080/armor-all-car-wash-packs-16ct-8ed7ef02-e539-49d9-8a49-0232d41a7968-jpgrendition.jpg?im=whresize&wid=200&hei=200,https://media-www.canadiantire.ca/product/automotive/car-care-accessories/auto-cleaning-chemicals/0397080/armor-all-car-wash-packs-16ct-8ed7ef02-e539-49d9-8a49-0232d41a7968-jpgrendition.jpg?im=whresize&wid=200&hei=200,,0397080,039-7080-6,9 En Stock#039-7080-6,Liquidation◊Mieux notés,61.15,"6,99","17,99"
251,"Waterloo, ON","Sac à dos à 2 compartiments pour le camping, les voyages en sac à dos, la randonnée et les voyages Woods Ridgeline, 34 L, bleu","Sac à dos à 2 compartiments pour le camping, les voyages en sac à dos, la randonnée et les voyages Woods Ridgeline, 34 L, bleu",39.99,"39,99 $",134.99,"Était±  134,99 $prix était 134,99 $",39.99,"39,99 $",39.99,"39,99 $",true,https://www.canadiantire.ca/fr/pdp/sac-a-dos-a-2-compartiments-pour-le-camping-les-voyages-en-sac-a-dos-la-randonnee-et-les-voyages-woods-ridgeline-34-l-bleu-0766803p.html,https://www.canadiantire.ca/fr/pdp/sac-a-dos-a-2-compartiments-pour-le-camping-les-voyages-en-sac-a-dos-la-randonnee-et-les-voyages-woods-ridgeline-34-l-bleu-0766803p.html,https://media-www.canadiantire.ca/product/playing/camping/camping-accessories/0766803/woods-ridgeline-34l-daypack-9b893a49-32b1-40ba-9997-d0aa30c23ab3-jpgrendition.jpg?im=whresize&wid=200&hei=200,https://media-www.canadiantire.ca/product/playing/camping/camping-accessories/0766803/woods-ridgeline-34l-daypack-9b893a49-32b1-40ba-9997-d0aa30c23ab3-jpgrendition.jpg?im=whresize&wid=200&hei=200,,0766803,076-6803-4,Il n’en reste que 3 #076-6803-4,Liquidation◊Exclusivité,70.38,"39,99","134,99"
251,"Waterloo, ON","For Living - Auvent de rechange octogonal pour gazebo, beige, 153 x 124 x 35 po","For Living - Auvent de rechange octogonal pour gazebo, beige, 153 x 124 x 35 po",94.99,"94,99 $",199.99,"Était±  199,99 $prix était 199,99 $",94.99,"94,99 $",94.99,"94,99 $",true,https://www.canadiantire.ca/fr/pdp/for-living-auvent-de-rechange-octogonal-pour-gazebo-beige-153-x-124-x-35-po-0881635p.html,https://www.canadiantire.ca/fr/pdp/for-living-auvent-de-rechange-octogonal-pour-gazebo-beige-153-x-124-x-35-po-0881635p.html,https://media-www.canadiantire.ca/product/seasonal-gardening/backyard-living/outdoor-furniture/0881635/for-living-canopy-for-octagon-179677f6-f9ea-4c8f-82df-4cf8841a4342-jpgrendition.jpg?im=whresize&wid=200&hei=200,https://media-www.canadiantire.ca/product/seasonal-gardening/backyard-living/outdoor-furniture/0881635/for-living-canopy-for-octagon-179677f6-f9ea-4c8f-82df-4cf8841a4342-jpgrendition.jpg?im=whresize&wid=200&hei=200,,0881635,088-1635-6,Il n’en reste que 7 #088-1635-6,Liquidation◊Exclusivité,52.5,"94,99","199,99"
251,"Waterloo, ON","Friteuse à air chaud légère avec 10 préréglages PowerXL Luminex, 5,2 pintes","Friteuse à air chaud légère avec 10 préréglages PowerXL Luminex, 5,2 pintes",79.99,"79,99 $",194.99,"Était±  194,99 $prix était 194,99 $",79.99,"79,99 $",79.99,"79,99 $",true,https://www.canadiantire.ca/fr/pdp/friteuse-a-air-chaud-legere-avec-10-prereglages-powerxl-luminex-5-2-pintes-0430397p.html,https://www.canadiantire.ca/fr/pdp/friteuse-a-air-chaud-legere-avec-10-prereglages-powerxl-luminex-5-2-pintes-0430397p.html,https://media-www.canadiantire.ca/product/living/kitchen/kitchen-appliances/0430397/power-xl-luminex-air-fryer-5l-02022883-f407-4a18-abff-15b0873b676d-jpgrendition.jpg?im=whresize&wid=200&hei=200,https://media-www.canadiantire.ca/product/living/kitchen/kitchen-appliances/0430397/power-xl-luminex-air-fryer-5l-02022883-f407-4a18-abff-15b0873b676d-jpgrendition.jpg?im=whresize&wid=200&hei=200,,0430397,043-0397-4,Il n’en reste que 2 #043-0397-4,Liquidation◊Mieux notés,58.98,"79,99","194,99"
251,"Waterloo, ON",Bulbes prêts à planter de lys Dizzy vivace Bulbs Are Easy,Bulbes prêts à planter de lys Dizzy vivace Bulbs Are Easy,4.99,"4,99 $",9.99,"Était±  9,99 $prix était 9,99 $",4.99,"4,99 $",4.99,"4,99 $",true,https://www.canadiantire.ca/fr/pdp/bulbes-prets-a-planter-de-lys-dizzy-vivace-bulbs-are-easy-1591782p.html,https://www.canadiantire.ca/fr/pdp/bulbes-prets-a-planter-de-lys-dizzy-vivace-bulbs-are-easy-1591782p.html,https://media-www.canadiantire.ca/product/seasonal-gardening/gardening/dormant-goods/1591782/bulbs-are-easy-lily-dizzy-bulbs-cc5b0c2b-92e3-444b-bdcd-8bc830b952bf-jpgrendition.jpg?im=whresize&wid=200&hei=200,https://media-www.canadiantire.ca/product/seasonal-gardening/gardening/dormant-goods/1591782/bulbs-are-easy-lily-dizzy-bulbs-cc5b0c2b-92e3-444b-bdcd-8bc830b952bf-jpgrendition.jpg?im=whresize&wid=200&hei=200,,1591782,159-1782-6,,Liquidation◊,50.05,"4,99","9,99"
251,"Waterloo, ON","Tasse en grès CANVAS, bouquet, 15 oz","Tasse en grès CANVAS, bouquet, 15 oz",1.49,"1,49 $",5.49,"Était±  5,49 $prix était 5,49 $",1.49,"1,49 $",1.49,"1,49 $",true,https://www.canadiantire.ca/fr/pdp/tasse-en-gres-canvas-bouquet-15-oz-1427936p.html,https://www.canadiantire.ca/fr/pdp/tasse-en-gres-canvas-bouquet-15-oz-1427936p.html,https://media-www.canadiantire.ca/product/living/kitchen/kitchen-appliances/1427936/canvas-bouquet-mug-c608c05e-8ce1-4c68-ad4a-65890ab358e3-jpgrendition.jpg?im=whresize&wid=200&hei=200,https://media-www.canadiantire.ca/product/living/kitchen/kitchen-appliances/1427936/canvas-bouquet-mug-c608c05e-8ce1-4c68-ad4a-65890ab358e3-jpgrendition.jpg?im=whresize&wid=200&hei=200,,1427936,142-7936-4,76 En Stock#142-7936-4,Liquidation◊Mieux notés,72.86,"1,49","5,49"
251,"Waterloo, ON","Aspirateur-shampouineuse compact Simoniz PWR POD pour traitement localisé des tapis et tissus, outil seulement","Aspirateur-shampouineuse compact Simoniz PWR POD pour traitement localisé des tapis et tissus, outil seulement",39.99,"39,99 $",129.99,"Était±  129,99 $prix était 129,99 $",39.99,"39,99 $",39.99,"39,99 $",true,https://www.canadiantire.ca/fr/pdp/aspirateur-shampouineuse-compact-simoniz-pwr-pod-pour-traitement-localise-des-tapis-et-tissus-outil-seulement-0398251p.html,https://www.canadiantire.ca/fr/pdp/aspirateur-shampouineuse-compact-simoniz-pwr-pod-pour-traitement-localise-des-tapis-et-tissus-outil-seulement-0398251p.html,https://media-www.canadiantire.ca/product/automotive/car-care-accessories/auto-cleaning-tools/0398251/simoniz-pwr-pod-spot-cleaner-b3cd04e3-64cb-4fa9-b749-9ef34bbf2e9d-jpgrendition.jpg?im=whresize&wid=200&hei=200,https://media-www.canadiantire.ca/product/automotive/car-care-accessories/auto-cleaning-tools/0398251/simoniz-pwr-pod-spot-cleaner-b3cd04e3-64cb-4fa9-b749-9ef34bbf2e9d-jpgrendition.jpg?im=whresize&wid=200&hei=200,,0398251,039-8251-4,22 En Stock#039-8251-4,Liquidation◊Exclusivité,69.24,"39,99","129,99"
251,"Waterloo, ON","Bouteille ISOTHERME Woods en acier inoxydable, 500 mL","Bouteille ISOTHERME Woods en acier inoxydable, 500 mL",6.99,"6,99 $",19.99,"19,99 $Était   et+ prix était à partir de 19,99 $",6.99,"6,99 $",6.99,"6,99 $",true,https://www.canadiantire.ca/fr/pdp/bouteille-isotherme-woods-en-acier-inoxydable-500-ml-0761321p.html,https://www.canadiantire.ca/fr/pdp/bouteille-isotherme-woods-en-acier-inoxydable-500-ml-0761321p.html,https://media-www.canadiantire.ca/product/playing/camping/camping-living/0761323/woods-tumbler-medium-black-7b37ea8a-8ef2-4614-b6ac-f5908d7e8900-jpgrendition.jpg?im=whresize&wid=200&hei=200,https://media-www.canadiantire.ca/product/playing/camping/camping-living/0761323/woods-tumbler-medium-black-7b37ea8a-8ef2-4614-b6ac-f5908d7e8900-jpgrendition.jpg?im=whresize&wid=200&hei=200,,0761321,076-1321,Vérifiez la disponibilité#076-1321X,Liquidation◊Mieux notés,65.03,"6,99","19,99"
251,"Waterloo, ON","Sandales de randonnée Outbound Shore à bout fermé pour hommes, taupe/beige","Sandales de randonnée Outbound Shore à bout fermé pour hommes, taupe/beige",27.99,"27,99 $",59.99,"59,99 $Était   et+ prix était à partir de 59,99 $",27.99,"27,99 $",27.99,"27,99 $",true,https://www.canadiantire.ca/fr/pdp/sandales-de-randonnee-outbound-shore-a-bout-ferme-pour-hommes-taupe-beige-1870291p.html,https://www.canadiantire.ca/fr/pdp/sandales-de-randonnee-outbound-shore-a-bout-ferme-pour-hommes-taupe-beige-1870291p.html,https://media-www.canadiantire.ca/product/playing/footwear-apparel/summer-footwear-apparel/1870291/outbound-men-s-shore-brown-taupe-gold-sandal-m7-df5c53e6-1f60-40c5-bf7e-a7f431d48ad6-jpgrendition.jpg?im=whresize&wid=200&hei=200,https://media-www.canadiantire.ca/product/playing/footwear-apparel/summer-footwear-apparel/1870291/outbound-men-s-shore-brown-taupe-gold-sandal-m7-df5c53e6-1f60-40c5-bf7e-a7f431d48ad6-jpgrendition.jpg?im=whresize&wid=200&hei=200,,1870291,187-0291,Vérifiez la disponibilité#187-0291X,Liquidation◊Exclusivité,53.34,"27,99","59,99"
251,"Waterloo, ON",Fauteuil de jeu Bluetooth sur pied X Rocker EVO Pro 4.1,Fauteuil de jeu Bluetooth sur pied X Rocker EVO Pro 4.1,179.99,"179,99 $",379.99,"Était±  379,99 $prix était 379,99 $",179.99,"179,99 $",179.99,"179,99 $",true,https://www.canadiantire.ca/fr/pdp/fauteuil-de-jeu-bluetooth-sur-pied-x-rocker-evo-pro-4-1-1680117p.html,https://www.canadiantire.ca/fr/pdp/fauteuil-de-jeu-bluetooth-sur-pied-x-rocker-evo-pro-4-1-1680117p.html,https://media-www.canadiantire.ca/product/living/home-decor/furniture/3996219/recoded-to-1680117-0a8072a0-2aab-4829-8eae-0b936c6c3fda-jpgrendition.jpg?im=whresize&wid=200&hei=200,https://media-www.canadiantire.ca/product/living/home-decor/furniture/3996219/recoded-to-1680117-0a8072a0-2aab-4829-8eae-0b936c6c3fda-jpgrendition.jpg?im=whresize&wid=200&hei=200,,1680117,168-0117-6,Il n’en reste que 4 #168-0117-6,Liquidation◊,52.63,"179,99","379,99"
251,"Waterloo, ON","Range-tout réglable pour batterie de cuisine Type A Perspective, noir","Range-tout réglable pour batterie de cuisine Type A Perspective, noir",6.99,"6,99 $",27.99,"Était±  27,99 $prix était 27,99 $",6.99,"6,99 $",6.99,"6,99 $",true,https://www.canadiantire.ca/fr/pdp/range-tout-reglable-pour-batterie-de-cuisine-type-a-perspective-noir-2420018p.html,https://www.canadiantire.ca/fr/pdp/range-tout-reglable-pour-batterie-de-cuisine-type-a-perspective-noir-2420018p.html,https://media-www.canadiantire.ca/product/living/home-organization/kitchen-organization/2420018/type-a-adjustable-pots-and-pans-organizer-e04c1557-fea7-4784-9484-e0507c0a7d2e-jpgrendition.jpg?im=whresize&wid=200&hei=200,https://media-www.canadiantire.ca/product/living/home-organization/kitchen-organization/2420018/type-a-adjustable-pots-and-pans-organizer-e04c1557-fea7-4784-9484-e0507c0a7d2e-jpgrendition.jpg?im=whresize&wid=200&hei=200,,2420018,242-0018-4,Il n’en reste que 7 #242-0018-4,Liquidation◊Mieux notés,75.03,"6,99","27,99"
251,"Waterloo, ON","Porte-vélos vertical autoportant Mastercraft pour 1 vélo, noir","Porte-vélos vertical autoportant Mastercraft pour 1 vélo, noir",9.99,"9,99 $",49.99,"Était±  49,99 $prix était 49,99 $",9.99,"9,99 $",9.99,"9,99 $",true,https://www.canadiantire.ca/fr/pdp/porte-velos-vertical-autoportant-mastercraft-pour-1-velo-noir-0681823p.html,https://www.canadiantire.ca/fr/pdp/porte-velos-vertical-autoportant-mastercraft-pour-1-velo-noir-0681823p.html,https://media-www.canadiantire.ca/product/fixing/tools/garage-organization/0681823/mastercraft-freestanding-bike-rack-f2313dfa-49b6-46b1-9f8a-6c3969215782-jpgrendition.jpg?im=whresize&wid=200&hei=200,https://media-www.canadiantire.ca/product/fixing/tools/garage-organization/0681823/mastercraft-freestanding-bike-rack-f2313dfa-49b6-46b1-9f8a-6c3969215782-jpgrendition.jpg?im=whresize&wid=200&hei=200,,0681823,068-1823-6,Il n’en reste que 1 #068-1823-6,Liquidation◊Exclusivité,80.02,"9,99","49,99"
251,"Waterloo, ON","Meuble-lavabo simple CANVAS Mahone à 1 porte, dessus en porcelaine vitrifiée, 24 po, noir","Meuble-lavabo simple CANVAS Mahone à 1 porte, dessus en porcelaine vitrifiée, 24 po, noir",179.93,"179,93 $",399.99,"Était±  399,99 $prix était 399,99 $",179.93,"179,93 $",179.93,"179,93 $",true,https://www.canadiantire.ca/fr/pdp/meuble-lavabo-simple-canvas-mahone-a-1-porte-dessus-en-porcelaine-vitrifiee-24-po-noir-0636378p.html,https://www.canadiantire.ca/fr/pdp/meuble-lavabo-simple-canvas-mahone-a-1-porte-dessus-en-porcelaine-vitrifiee-24-po-noir-0636378p.html,https://media-www.canadiantire.ca/product/fixing/plumbing/faucets-fixtures/0636378/canvas-24-mahone-1-door-black-0ba9e0ab-d30d-476e-bfa6-852b3a76223e-jpgrendition.jpg?im=whresize&wid=200&hei=200,https://media-www.canadiantire.ca/product/fixing/plumbing/faucets-fixtures/0636378/canvas-24-mahone-1-door-black-0ba9e0ab-d30d-476e-bfa6-852b3a76223e-jpgrendition.jpg?im=whresize&wid=200&hei=200,,0636378,063-6378-6,Il n’en reste que 4 #063-6378-6,Liquidation◊Mieux notés,55.02,"179,93","399,99"
251,"Waterloo, ON","Short de randonnée en nylon et élasthanne Outbound, femmes, gris","Short de randonnée en nylon et élasthanne Outbound, femmes, gris",9.99,"9,99 $",25.99,"25,99 $Était   et+ prix était à partir de 25,99 $",9.99,"9,99 $",9.99,"9,99 $",true,https://www.canadiantire.ca/fr/pdp/short-de-randonnee-en-nylon-et-elasthanne-outbound-femmes-gris-1873983p.html,https://www.canadiantire.ca/fr/pdp/short-de-randonnee-en-nylon-et-elasthanne-outbound-femmes-gris-1873983p.html,https://media-www.canadiantire.ca/product/playing/footwear-apparel/summer-footwear-apparel/1873983/outbound-nylon-spandex-women-s-shorts-size-s-0d9780b6-6583-4cea-9707-2cad0f0ccab5-jpgrendition.jpg?im=whresize&wid=200&hei=200,https://media-www.canadiantire.ca/product/playing/footwear-apparel/summer-footwear-apparel/1873983/outbound-nylon-spandex-women-s-shorts-size-s-0d9780b6-6583-4cea-9707-2cad0f0ccab5-jpgrendition.jpg?im=whresize&wid=200&hei=200,,1873983,187-3983,Vérifiez la disponibilité#187-3983X,Liquidation◊Exclusivité,61.56,"9,99","25,99"
251,"Waterloo, ON","Vélo électrique Raleigh Transit Urban avec phares avant et arrière, roue de 27,5 po, gris","Vélo électrique Raleigh Transit Urban avec phares avant et arrière, roue de 27,5 po, gris",899.99,"899,99 $",2199.99,"Était±  2 199,99 $prix était 2 199,99 $",899.99,"899,99 $",899.99,"899,99 $",true,https://www.canadiantire.ca/fr/pdp/velo-electrique-raleigh-transit-urban-avec-phares-avant-et-arriere-roue-de-27-5-po-gris-0712023p.html,https://www.canadiantire.ca/fr/pdp/velo-electrique-raleigh-transit-urban-avec-phares-avant-et-arriere-roue-de-27-5-po-gris-0712023p.html,https://media-www.canadiantire.ca/product/playing/cycling/bicycles/0712023/raleigh-fuse-urban-electric-bike-27-5-in-ee465953-ba24-47c3-bb41-0a086440b6c2-jpgrendition.jpg?im=whresize&wid=200&hei=200,https://media-www.canadiantire.ca/product/playing/cycling/bicycles/0712023/raleigh-fuse-urban-electric-bike-27-5-in-ee465953-ba24-47c3-bb41-0a086440b6c2-jpgrendition.jpg?im=whresize&wid=200&hei=200,,0712023,071-2023-4,,Liquidation◊Exclusivité,59.09,"899,99","2199,99"
251,"Waterloo, ON","Meuble-lavabo simple CANVAS Creston à 1 porte, dessus en porcelaine vitrifiée, 20 po, noir","Meuble-lavabo simple CANVAS Creston à 1 porte, dessus en porcelaine vitrifiée, 20 po, noir",149.93,"149,93 $",299.99,"Était±  299,99 $prix était 299,99 $",149.93,"149,93 $",149.93,"149,93 $",true,https://www.canadiantire.ca/fr/pdp/meuble-lavabo-simple-canvas-creston-a-1-porte-dessus-en-porcelaine-vitrifiee-20-po-noir-0636374p.html,https://www.canadiantire.ca/fr/pdp/meuble-lavabo-simple-canvas-creston-a-1-porte-dessus-en-porcelaine-vitrifiee-20-po-noir-0636374p.html,https://media-www.canadiantire.ca/product/fixing/plumbing/faucets-fixtures/0636374/canvas-20a-creston-1-door-black-08058f48-d96e-4bca-b53b-a0634e072aae-jpgrendition.jpg?im=whresize&wid=200&hei=200,https://media-www.canadiantire.ca/product/fixing/plumbing/faucets-fixtures/0636374/canvas-20a-creston-1-door-black-08058f48-d96e-4bca-b53b-a0634e072aae-jpgrendition.jpg?im=whresize&wid=200&hei=200,,0636374,063-6374-4,Il n’en reste que 1 #063-6374-4,Liquidation◊Exclusivité,50.02,"149,93","299,99"
251,"Waterloo, ON",Plomb pour ver,Plomb pour ver,1.29,"1,29 $",3.49,"3,49 $Était   et+ prix était à partir de 3,49 $",1.29,"1,29 $",1.29,"1,29 $",true,https://www.canadiantire.ca/fr/pdp/plomb-pour-ver-0784909p.html,https://www.canadiantire.ca/fr/pdp/plomb-pour-ver-0784909p.html,https://media-www.canadiantire.ca/product/playing/fishing/fishing-lures/0784909/danielson-sinker-worm-size-3-1-4-oz-fe6683f5-60ca-40ca-a054-84638f38a614-jpgrendition.jpg?im=whresize&wid=200&hei=200,https://media-www.canadiantire.ca/product/playing/fishing/fishing-lures/0784909/danielson-sinker-worm-size-3-1-4-oz-fe6683f5-60ca-40ca-a054-84638f38a614-jpgrendition.jpg?im=whresize&wid=200&hei=200,,0784909,078-4909,Vérifiez la disponibilité#078-4909X,Liquidation◊Exclusivité,63.04,"1,29","3,49"
251,"Waterloo, ON","Barre d'appui PULSE ErgoSlide avec douchette, droite, conforme aux normes de l'ADA, SSB","Barre d'appui PULSE ErgoSlide avec douchette, droite, conforme aux normes de l'ADA, SSB",29.99,"29,99 $",179.99,"Était±  179,99 $prix était 179,99 $",29.99,"29,99 $",29.99,"29,99 $",true,https://www.canadiantire.ca/fr/pdp/barre-d-appui-pulse-ergoslide-avec-douchette-droite-conforme-aux-normes-de-l-ada-ssb-0636364p.html,https://www.canadiantire.ca/fr/pdp/barre-d-appui-pulse-ergoslide-avec-douchette-droite-conforme-aux-normes-de-l-ada-ssb-0636364p.html,https://media-www.canadiantire.ca/product/fixing/plumbing/faucets-fixtures/0636364/pulse-ergoslide-bar-with-handshower-rght-ada-compliant-ssb-f647d18d-a44c-468e-bc26-e77f90e32c5c-jpgrendition.jpg?im=whresize&wid=200&hei=200,https://media-www.canadiantire.ca/product/fixing/plumbing/faucets-fixtures/0636364/pulse-ergoslide-bar-with-handshower-rght-ada-compliant-ssb-f647d18d-a44c-468e-bc26-e77f90e32c5c-jpgrendition.jpg?im=whresize&wid=200&hei=200,,0636364,063-6364-8,11 En Stock#063-6364-8,Liquidation◊,83.34,"29,99","179,99"
251,"Waterloo, ON","Piquet de jardin en métal For Living, 72,05 po","Piquet de jardin en métal For Living, 72,05 po",14.99,"14,99 $",35.99,"Était±  35,99 $prix était 35,99 $",14.99,"14,99 $",14.99,"14,99 $",true,https://www.canadiantire.ca/fr/pdp/piquet-de-jardin-en-metal-for-living-72-05-po-0597880p.html,https://www.canadiantire.ca/fr/pdp/piquet-de-jardin-en-metal-for-living-72-05-po-0597880p.html,https://media-www.canadiantire.ca/product/seasonal-gardening/backyard-living/outdoor-living-accessories/0597880/for-living-72-kinetic-spinner-stake-assorted-8cd3f599-1157-406e-a2b7-1fa6aa58d555-jpgrendition.jpg?im=whresize&wid=200&hei=200,https://media-www.canadiantire.ca/product/seasonal-gardening/backyard-living/outdoor-living-accessories/0597880/for-living-72-kinetic-spinner-stake-assorted-8cd3f599-1157-406e-a2b7-1fa6aa58d555-jpgrendition.jpg?im=whresize&wid=200&hei=200,,0597880,059-7880-4,Il n’en reste que 4 #059-7880-4,Liquidation◊Exclusivité,58.35,"14,99","35,99"
251,"Waterloo, ON",Sonnette avec fausse caméra sans fil à piles avec montage en surface Globe,Sonnette avec fausse caméra sans fil à piles avec montage en surface Globe,14.99,"14,99 $",29.99,"Était±  29,99 $prix était 29,99 $",14.99,"14,99 $",14.99,"14,99 $",true,https://www.canadiantire.ca/fr/pdp/sonnette-avec-fausse-camera-sans-fil-a-piles-avec-montage-en-surface-globe-0521746p.html,https://www.canadiantire.ca/fr/pdp/sonnette-avec-fausse-camera-sans-fil-a-piles-avec-montage-en-surface-globe-0521746p.html,https://media-www.canadiantire.ca/product/fixing/hardware/curb-appeal/0521746/camera-doorbell-wireless-c2cf4e47-a4d6-4345-8398-0124dfc073ba-jpgrendition.jpg?im=whresize&wid=200&hei=200,https://media-www.canadiantire.ca/product/fixing/hardware/curb-appeal/0521746/camera-doorbell-wireless-c2cf4e47-a4d6-4345-8398-0124dfc073ba-jpgrendition.jpg?im=whresize&wid=200&hei=200,,0521746,052-1746-6,Il n’en reste que 5 #052-1746-6,Liquidation◊,50.02,"14,99","29,99"
251,"Waterloo, ON","Gant de baseball Matrix, noir/chameau, 10 po, main droite","Gant de baseball Matrix, noir/chameau, 10 po, main droite",9.99,"9,99 $",27.99,"Était±  27,99 $prix était 27,99 $",9.99,"9,99 $",9.99,"9,99 $",true,https://www.canadiantire.ca/fr/pdp/gant-de-baseball-matrix-noir-chameau-10-po-main-droite-0802098p.html,https://www.canadiantire.ca/fr/pdp/gant-de-baseball-matrix-noir-chameau-10-po-main-droite-0802098p.html,https://media-www.canadiantire.ca/product/playing/team-sports-and-golf/field-sports/0802098/matrix-fielding-glove-black-camel-10-right-hand-catch-50ea6ea6-2f05-42b5-8b9f-546b375641c1-jpgrendition.jpg?im=whresize&wid=200&hei=200,https://media-www.canadiantire.ca/product/playing/team-sports-and-golf/field-sports/0802098/matrix-fielding-glove-black-camel-10-right-hand-catch-50ea6ea6-2f05-42b5-8b9f-546b375641c1-jpgrendition.jpg?im=whresize&wid=200&hei=200,,0802098,080-2098-4,33 En Stock#080-2098-4,Liquidation◊Exclusivité,64.31,"9,99","27,99"
251,"Waterloo, ON","Vélo de montagne Raleigh Tracker, double suspension, roue de 26 po, prune","Vélo de montagne Raleigh Tracker, double suspension, roue de 26 po, prune",309.99,"309,99 $",749.99,"Était±  749,99 $prix était 749,99 $",309.99,"309,99 $",309.99,"309,99 $",true,https://www.canadiantire.ca/fr/pdp/velo-de-montagne-raleigh-tracker-double-suspension-roue-de-26-po-prune-0711969p.html,https://www.canadiantire.ca/fr/pdp/velo-de-montagne-raleigh-tracker-double-suspension-roue-de-26-po-prune-0711969p.html,https://media-www.canadiantire.ca/product/playing/cycling/bicycles/0711969/raleigh-tracker-women-s-dual-suspension-mountain-bike-26-in-2b304079-81de-4110-945f-ed06d9ace628-jpgrendition.jpg?im=whresize&wid=200&hei=200,https://media-www.canadiantire.ca/product/playing/cycling/bicycles/0711969/raleigh-tracker-women-s-dual-suspension-mountain-bike-26-in-2b304079-81de-4110-945f-ed06d9ace628-jpgrendition.jpg?im=whresize&wid=200&hei=200,,0711969,071-1969-0,,Liquidation◊Exclusivité,58.67,"309,99","749,99"
251,"Waterloo, ON","Trousse de réparation de moustiquaire adhésif Woods, pour tentes, remorques, fenêtres et portes, paq. 5","Trousse de réparation de moustiquaire adhésif Woods, pour tentes, remorques, fenêtres et portes, paq. 5",3.99,"3,99 $",7.99,"Était±  7,99 $prix était 7,99 $",3.99,"3,99 $",3.99,"3,99 $",true,https://www.canadiantire.ca/fr/pdp/trousse-de-reparation-de-moustiquaire-adhesif-woods-pour-tentes-remorques-fenetres-et-portes-paq-5-0765748p.html,https://www.canadiantire.ca/fr/pdp/trousse-de-reparation-de-moustiquaire-adhesif-woods-pour-tentes-remorques-fenetres-et-portes-paq-5-0765748p.html,https://media-www.canadiantire.ca/product/playing/camping/camping-accessories/0765748/outbound-screen-patches-29c93183-3bb1-46c9-8dd2-9fff880fd779-jpgrendition.jpg?im=whresize&wid=200&hei=200,https://media-www.canadiantire.ca/product/playing/camping/camping-accessories/0765748/outbound-screen-patches-29c93183-3bb1-46c9-8dd2-9fff880fd779-jpgrendition.jpg?im=whresize&wid=200&hei=200,,0765748,076-5748-2,Il n’en reste que 5 #076-5748-2,Liquidation◊Exclusivité,50.06,"3,99","7,99"
251,"Waterloo, ON",Arroseur extérieur gonflable de grande taille Funsicle Rockabye Sharky avec vaporisateurs d'eau intégrés,Arroseur extérieur gonflable de grande taille Funsicle Rockabye Sharky avec vaporisateurs d'eau intégrés,24.99,"24,99 $",49.99,"Était±  49,99 $prix était 49,99 $",24.99,"24,99 $",24.99,"24,99 $",true,https://www.canadiantire.ca/fr/pdp/arroseur-exterieur-gonflable-de-grande-taille-funsicle-rockabye-sharky-avec-vaporisateurs-d-eau-integres-0509882p.html,https://www.canadiantire.ca/fr/pdp/arroseur-exterieur-gonflable-de-grande-taille-funsicle-rockabye-sharky-avec-vaporisateurs-d-eau-integres-0509882p.html,https://media-www.canadiantire.ca/product/seasonal-gardening/toys/seasonal-toys/0509882/funsicle-rockabye-sharky-sprinkler-c2efa515-fcd1-48f2-84db-264cc5e51e8f-jpgrendition.jpg?im=whresize&wid=200&hei=200,https://media-www.canadiantire.ca/product/seasonal-gardening/toys/seasonal-toys/0509882/funsicle-rockabye-sharky-sprinkler-c2efa515-fcd1-48f2-84db-264cc5e51e8f-jpgrendition.jpg?im=whresize&wid=200&hei=200,,0509882,050-9882-6,Il n’en reste que 2 #050-9882-6,Liquidation◊Mieux notés,50.01,"24,99","49,99"
251,"Waterloo, ON","Fauteuils club rembourrés d'extérieur/de jardin CANVAS Hunter, osier, toutes saisons, paq. 2","Fauteuils club rembourrés d'extérieur/de jardin CANVAS Hunter, osier, toutes saisons, paq. 2",399.99,"399,99 $",899.99,"Était±  899,99 $prix était 899,99 $",399.99,"399,99 $",399.99,"399,99 $",true,https://www.canadiantire.ca/fr/pdp/fauteuils-club-rembourres-d-exterieur-de-jardin-canvas-hunter-osier-toutes-saisons-paq-2-1880275p.html,https://www.canadiantire.ca/fr/pdp/fauteuils-club-rembourres-d-exterieur-de-jardin-canvas-hunter-osier-toutes-saisons-paq-2-1880275p.html,https://media-www.canadiantire.ca/product/seasonal-gardening/backyard-living/outdoor-furniture/1880275/canvas-hunter-2-pack-padded-club-chair-set-065fa1bd-4909-4eac-aced-a2d9898bdfe9.png?im=whresize&wid=200&hei=200,https://media-www.canadiantire.ca/product/seasonal-gardening/backyard-living/outdoor-furniture/1880275/canvas-hunter-2-pack-padded-club-chair-set-065fa1bd-4909-4eac-aced-a2d9898bdfe9.png?im=whresize&wid=200&hei=200,,1880275,188-0275-0,Il n’en reste que 2 #188-0275-0,Liquidation◊Mieux notés,55.56,"399,99","899,99"
251,"Waterloo, ON","Accessoires de salle de bains traditionnels Peerless, acier inoxydable, paq. 3","Accessoires de salle de bains traditionnels Peerless, acier inoxydable, paq. 3",19.99,"19,99 $",69.99,"Était±  69,99 $prix était 69,99 $",19.99,"19,99 $",19.99,"19,99 $",true,https://www.canadiantire.ca/fr/pdp/accessoires-de-salle-de-bains-traditionnels-peerless-acier-inoxydable-paq-3-0636403p.html,https://www.canadiantire.ca/fr/pdp/accessoires-de-salle-de-bains-traditionnels-peerless-acier-inoxydable-paq-3-0636403p.html,https://media-www.canadiantire.ca/product/fixing/plumbing/faucets-fixtures/0636403/peerless-3-piece-bathroom-kit-stainless-steel-93b219c3-c93f-4455-afdd-4b4e95a3a7d3-jpgrendition.jpg?im=whresize&wid=200&hei=200,https://media-www.canadiantire.ca/product/fixing/plumbing/faucets-fixtures/0636403/peerless-3-piece-bathroom-kit-stainless-steel-93b219c3-c93f-4455-afdd-4b4e95a3a7d3-jpgrendition.jpg?im=whresize&wid=200&hei=200,,0636403,063-6403-6,17 En Stock#063-6403-6,Liquidation◊Mieux notés,71.44,"19,99","69,99"
251,"Waterloo, ON","Meuble-lavabo simple CANVAS Dover à 2 portes, dessus en pierre, 30 po, blanc","Meuble-lavabo simple CANVAS Dover à 2 portes, dessus en pierre, 30 po, blanc",129.99,"129,99 $",399.99,"Était±  399,99 $prix était 399,99 $",129.99,"129,99 $",129.99,"129,99 $",true,https://www.canadiantire.ca/fr/pdp/meuble-lavabo-simple-canvas-dover-a-2-portes-dessus-en-pierre-30-po-blanc-0636342p.html,https://www.canadiantire.ca/fr/pdp/meuble-lavabo-simple-canvas-dover-a-2-portes-dessus-en-pierre-30-po-blanc-0636342p.html,https://media-www.canadiantire.ca/product/fixing/plumbing/faucets-fixtures/0636342/canvas-dover-30-vanity-double-doors-white-039d13f9-1c87-43c0-b23c-133161cb0a4a-jpgrendition.jpg?im=whresize&wid=200&hei=200,https://media-www.canadiantire.ca/product/fixing/plumbing/faucets-fixtures/0636342/canvas-dover-30-vanity-double-doors-white-039d13f9-1c87-43c0-b23c-133161cb0a4a-jpgrendition.jpg?im=whresize&wid=200&hei=200,,0636342,063-6342-0,Il n’en reste que 2 #063-6342-0,Liquidation◊Exclusivité,67.5,"129,99","399,99"
251,"Waterloo, ON","Stylos à pointe en feutre Papermate Flair Bold, couleurs variées, paq. 6","Stylos à pointe en feutre Papermate Flair Bold, couleurs variées, paq. 6",4.99,"4,99 $",10.99,"Était±  10,99 $prix était 10,99 $",4.99,"4,99 $",4.99,"4,99 $",true,https://www.canadiantire.ca/fr/pdp/stylos-a-pointe-en-feutre-papermate-flair-bold-couleurs-variees-paq-6-2420369p.html,https://www.canadiantire.ca/fr/pdp/stylos-a-pointe-en-feutre-papermate-flair-bold-couleurs-variees-paq-6-2420369p.html,https://media-www.canadiantire.ca/product/seasonal-gardening/toys/home-office-supplies/2420369/papermate-flair-bold-6ct-asst-41d68083-58ba-4f3b-a8cd-a52d05284c54-jpgrendition.jpg?im=whresize&wid=200&hei=200,https://media-www.canadiantire.ca/product/seasonal-gardening/toys/home-office-supplies/2420369/papermate-flair-bold-6ct-asst-41d68083-58ba-4f3b-a8cd-a52d05284c54-jpgrendition.jpg?im=whresize&wid=200&hei=200,,2420369,242-0369-8,11 En Stock#242-0369-8,Liquidation◊Mieux notés,54.6,"4,99","10,99"
251,"Waterloo, ON","Verres à vin en plastique de grande fête, réutilisable, anniversaires, fêtes prénatales, plus, transparents, 5,5 oz, paq. 32","Verres à vin en plastique de grande fête, réutilisable, anniversaires, fêtes prénatales, plus, transparents, 5,5 oz, paq. 32",6.99,"6,99 $",18.99,"Était±  18,99 $prix était 18,99 $",6.99,"6,99 $",6.99,"6,99 $",true,https://www.canadiantire.ca/fr/pdp/verres-a-vin-en-plastique-de-grande-fete-reutilisable-anniversaires-fetes-prenatales-plus-transparents-5-5-oz-paq-32-8422343p.html,https://www.canadiantire.ca/fr/pdp/verres-a-vin-en-plastique-de-grande-fete-reutilisable-anniversaires-fetes-prenatales-plus-transparents-5-5-oz-paq-32-8422343p.html,https://media-www.partycity.ca/product/seasonal-gardening/party-city-everyday/party-city-dining-entertaining/8422343/32ct-5-5oz-clr-wine-plstc-57dead9e-a5ee-4382-b323-b1202373e5bf-jpgrendition.jpg?im=whresize&wid=200&hei=200,https://media-www.partycity.ca/product/seasonal-gardening/party-city-everyday/party-city-dining-entertaining/8422343/32ct-5-5oz-clr-wine-plstc-57dead9e-a5ee-4382-b323-b1202373e5bf-jpgrendition.jpg?im=whresize&wid=200&hei=200,,8422343,842-2343-8,12 En Stock#842-2343-8,Liquidation◊Mieux notés,63.19,"6,99","18,99"
251,"Waterloo, ON","Pot de peinture pliable Handy, 0,5 l, rouge","Pot de peinture pliable Handy, 0,5 l, rouge",4.99,"4,99 $",10.99,"Était±  10,99 $prix était 10,99 $",4.99,"4,99 $",4.99,"4,99 $",true,https://www.canadiantire.ca/fr/pdp/pot-de-peinture-pliable-handy-0-5-l-rouge-0492544p.html,https://www.canadiantire.ca/fr/pdp/pot-de-peinture-pliable-handy-0-5-l-rouge-0492544p.html,https://media-www.canadiantire.ca/product/fixing/paint/paint-accessories/0492544/handy-paint-collapsible-snap-cup-7576f265-9312-439f-9ae6-d8021ebac517-jpgrendition.jpg?im=whresize&wid=200&hei=200,https://media-www.canadiantire.ca/product/fixing/paint/paint-accessories/0492544/handy-paint-collapsible-snap-cup-7576f265-9312-439f-9ae6-d8021ebac517-jpgrendition.jpg?im=whresize&wid=200&hei=200,,0492544,049-2544-0,Il n’en reste que 4 #049-2544-0,Liquidation◊Mieux notés,54.6,"4,99","10,99"
251,"Waterloo, ON",Panneau solaire cristallin hors réseau Coleman de 175 W pour batteries de 12 V,Panneau solaire cristallin hors réseau Coleman de 175 W pour batteries de 12 V,269.99,"269,99 $",599.99,"Était±  599,99 $prix était 599,99 $",269.99,"269,99 $",269.99,"269,99 $",true,https://www.canadiantire.ca/fr/pdp/panneau-solaire-cristallin-hors-reseau-coleman-de-175-w-pour-batteries-de-12-v-0112521p.html,https://www.canadiantire.ca/fr/pdp/panneau-solaire-cristallin-hors-reseau-coleman-de-175-w-pour-batteries-de-12-v-0112521p.html,https://media-www.canadiantire.ca/product/seasonal-gardening/outdoor-tools/power-creation/0112521/coleman-175w-crystalline-solar-panel-8fa85021-6ba8-4bdd-a311-66ba54870ae0.png?im=whresize&wid=200&hei=200,https://media-www.canadiantire.ca/product/seasonal-gardening/outdoor-tools/power-creation/0112521/coleman-175w-crystalline-solar-panel-8fa85021-6ba8-4bdd-a311-66ba54870ae0.png?im=whresize&wid=200&hei=200,,0112521,011-2521-2,Il n’en reste que 2 #011-2521-2,Liquidation◊Exclusivité,55,"269,99","599,99"
251,"Waterloo, ON","Gobelet en acier inoxydable ISOLÉ Woods, 600 mL","Gobelet en acier inoxydable ISOLÉ Woods, 600 mL",6.99,"6,99 $",19.99,"19,99 $Était   et+ prix était à partir de 19,99 $",6.99,"6,99 $",6.99,"6,99 $",true,https://www.canadiantire.ca/fr/pdp/gobelet-en-acier-inoxydable-isole-woods-600-ml-0761311p.html,https://www.canadiantire.ca/fr/pdp/gobelet-en-acier-inoxydable-isole-woods-600-ml-0761311p.html,https://media-www.canadiantire.ca/product/playing/camping/camping-living/0761313/woods-tumbler-small-black-1088c594-53ea-4fec-87bc-39a0dff57987-jpgrendition.jpg?im=whresize&wid=200&hei=200,https://media-www.canadiantire.ca/product/playing/camping/camping-living/0761313/woods-tumbler-small-black-1088c594-53ea-4fec-87bc-39a0dff57987-jpgrendition.jpg?im=whresize&wid=200&hei=200,,0761311,076-1311,Vérifiez la disponibilité#076-1311X,Liquidation◊Exclusivité,65.03,"6,99","19,99"
251,"Waterloo, ON",Range-tout empilable pour sèche-cheveux The Home Edit par iDesign,Range-tout empilable pour sèche-cheveux The Home Edit par iDesign,9.99,"9,99 $",19.99,"Était±  19,99 $prix était 19,99 $",9.99,"9,99 $",9.99,"9,99 $",true,https://www.canadiantire.ca/fr/pdp/range-tout-empilable-pour-seche-cheveux-the-home-edit-par-idesign-0636321p.html,https://www.canadiantire.ca/fr/pdp/range-tout-empilable-pour-seche-cheveux-the-home-edit-par-idesign-0636321p.html,https://media-www.canadiantire.ca/product/living/home-decor/bed-bath-decor/0636334/the-home-edit-tall-bin-divider-d64e686e-395b-4b43-ae11-6447f7395195-jpgrendition.jpg?im=whresize&wid=200&hei=200,https://media-www.canadiantire.ca/product/living/home-decor/bed-bath-decor/0636334/the-home-edit-tall-bin-divider-d64e686e-395b-4b43-ae11-6447f7395195-jpgrendition.jpg?im=whresize&wid=200&hei=200,,0636321,063-6321-0,Il n’en reste que 2 #063-6321-0,Liquidation◊Mieux notés,50.03,"9,99","19,99"
251,"Waterloo, ON","Interrupteur silencieux à bascule 3 voies CA Decorator, 15 A, 120 V, aucune mise à la terre, qualité résidentielle, couleurs variées","Interrupteur silencieux à bascule 3 voies CA Decorator, 15 A, 120 V, aucune mise à la terre, qualité résidentielle, couleurs variées",1.99,"1,99 $",4.79,"4,79 $Était   et+ prix était à partir de 4,79 $",1.99,"1,99 $",1.99,"1,99 $",true,https://www.canadiantire.ca/fr/pdp/interrupteur-silencieux-a-bascule-3-voies-ca-decorator-15-a-120-v-aucune-mise-a-la-terre-qualite-residentielle-couleurs-variees-0528225p.html,https://www.canadiantire.ca/fr/pdp/interrupteur-silencieux-a-bascule-3-voies-ca-decorator-15-a-120-v-aucune-mise-a-la-terre-qualite-residentielle-couleurs-variees-0528225p.html,undefined,undefined,,0528225,052-8225,Vérifiez la disponibilité#052-8225X,Liquidation◊Mieux notés,58.46,"1,99","4,79"
251,"Waterloo, ON",Friteuse à air électrique numérique Heritage avec vapeur et sonde de température,Friteuse à air électrique numérique Heritage avec vapeur et sonde de température,87.99,"87,99 $",229.99,"Était±  229,99 $prix était 229,99 $",87.99,"87,99 $",87.99,"87,99 $",true,https://www.canadiantire.ca/fr/pdp/friteuse-a-air-electrique-numerique-heritage-avec-vapeur-et-sonde-de-temperature-0430301p.html,https://www.canadiantire.ca/fr/pdp/friteuse-a-air-electrique-numerique-heritage-avec-vapeur-et-sonde-de-temperature-0430301p.html,https://media-www.canadiantire.ca/product/living/kitchen/kitchen-appliances/0430301/heritage-air-fryer-with-steam-temp-probe-40de457b-0e3a-4ac5-9abc-424a45556a33-jpgrendition.jpg?im=whresize&wid=200&hei=200,https://media-www.canadiantire.ca/product/living/kitchen/kitchen-appliances/0430301/heritage-air-fryer-with-steam-temp-probe-40de457b-0e3a-4ac5-9abc-424a45556a33-jpgrendition.jpg?im=whresize&wid=200&hei=200,,0430301,043-0301-2,19 En Stock#043-0301-2,Liquidation◊Exclusivité,61.74,"87,99","229,99"
251,"Waterloo, ON","Gant de baseball Matrix, noir/chameau, 10 po, main gauche","Gant de baseball Matrix, noir/chameau, 10 po, main gauche",9.99,"9,99 $",27.99,"Était±  27,99 $prix était 27,99 $",9.99,"9,99 $",9.99,"9,99 $",true,https://www.canadiantire.ca/fr/pdp/gant-de-baseball-matrix-noir-chameau-10-po-main-gauche-0802097p.html,https://www.canadiantire.ca/fr/pdp/gant-de-baseball-matrix-noir-chameau-10-po-main-gauche-0802097p.html,https://media-www.canadiantire.ca/product/playing/team-sports-and-golf/field-sports/0802097/matrix-fielding-glove-black-camel-10-left-hand-catch-c1ffc18f-27fd-4b79-b128-d8e4a742a3ea-jpgrendition.jpg?im=whresize&wid=200&hei=200,https://media-www.canadiantire.ca/product/playing/team-sports-and-golf/field-sports/0802097/matrix-fielding-glove-black-camel-10-left-hand-catch-c1ffc18f-27fd-4b79-b128-d8e4a742a3ea-jpgrendition.jpg?im=whresize&wid=200&hei=200,,0802097,080-2097-6,13 En Stock#080-2097-6,Liquidation◊Articles à succès,64.31,"9,99","27,99"
251,"Waterloo, ON",Décor mural d'anniversaire Pat'Patrouille avec accessoire pour cabine de photo,Décor mural d'anniversaire Pat'Patrouille avec accessoire pour cabine de photo,4.99,"4,99 $",10.99,"Était±  10,99 $prix était 10,99 $",4.99,"4,99 $",4.99,"4,99 $",true,https://www.canadiantire.ca/fr/pdp/decor-mural-d-anniversaire-pat-patrouille-avec-accessoire-pour-cabine-de-photo-8420537p.html,https://www.canadiantire.ca/fr/pdp/decor-mural-d-anniversaire-pat-patrouille-avec-accessoire-pour-cabine-de-photo-8420537p.html,https://media-www.canadiantire.ca/product/seasonal-gardening/party-city-everyday/party-city-kids-birthday-pinatas/8420537/17pc-scn-sttr-prop-paw-patrol-49416cb4-fa21-4a45-973f-f1a5849862d1-jpgrendition.jpg?im=whresize&wid=200&hei=200,https://media-www.canadiantire.ca/product/seasonal-gardening/party-city-everyday/party-city-kids-birthday-pinatas/8420537/17pc-scn-sttr-prop-paw-patrol-49416cb4-fa21-4a45-973f-f1a5849862d1-jpgrendition.jpg?im=whresize&wid=200&hei=200,,8420537,842-0537-0,Il n’en reste que 4 #842-0537-0,Liquidation◊Mieux notés,54.6,"4,99","10,99"
251,"Waterloo, ON","Housse pour radiateur de terrasse vertical For Living avec fermeture à glissière, 34 x 34 x 89 po","Housse pour radiateur de terrasse vertical For Living avec fermeture à glissière, 34 x 34 x 89 po",9.99,"9,99 $",19.99,"Était±  19,99 $prix était 19,99 $",9.99,"9,99 $",9.99,"9,99 $",true,https://www.canadiantire.ca/fr/pdp/housse-pour-radiateur-de-terrasse-vertical-for-living-avec-fermeture-a-glissiere-34-x-34-x-89-po-0853053p.html,https://www.canadiantire.ca/fr/pdp/housse-pour-radiateur-de-terrasse-vertical-for-living-avec-fermeture-a-glissiere-34-x-34-x-89-po-0853053p.html,https://media-www.canadiantire.ca/product/seasonal-gardening/backyard-living/outdoor-heating/0853053/for-living-outdoor-patio-heater-cover-a693eef6-7315-4a60-b92d-b0adb841aa4f-jpgrendition.jpg?im=whresize&wid=200&hei=200,https://media-www.canadiantire.ca/product/seasonal-gardening/backyard-living/outdoor-heating/0853053/for-living-outdoor-patio-heater-cover-a693eef6-7315-4a60-b92d-b0adb841aa4f-jpgrendition.jpg?im=whresize&wid=200&hei=200,,0853053,085-3053-4,24 En Stock#085-3053-4,Liquidation◊Mieux notés,50.03,"9,99","19,99"
251,"Waterloo, ON",Plafonnier suspendu à 1 lampe CANVAS Champlain,Plafonnier suspendu à 1 lampe CANVAS Champlain,29.99,"29,99 $",124.99,"Était±  124,99 $prix était 124,99 $",29.99,"29,99 $",29.99,"29,99 $",true,https://www.canadiantire.ca/fr/pdp/plafonnier-suspendu-a-1-lampe-canvas-champlain-1522632p.html,https://www.canadiantire.ca/fr/pdp/plafonnier-suspendu-a-1-lampe-canvas-champlain-1522632p.html,https://media-www.canadiantire.ca/product/living/home-decor/lighting/1522632/canvas-champlain-pendant-40019c59-9164-4dcf-9155-10b35acad0b3-jpgrendition.jpg?im=whresize&wid=200&hei=200,https://media-www.canadiantire.ca/product/living/home-decor/lighting/1522632/canvas-champlain-pendant-40019c59-9164-4dcf-9155-10b35acad0b3-jpgrendition.jpg?im=whresize&wid=200&hei=200,,1522632,152-2632-2,9 En Stock#152-2632-2,Liquidation◊Mieux notés,76.01,"29,99","124,99"
251,"Waterloo, ON","Sac à dos pour aventure de plusieurs jours pour la randonnée, le camping et les voyages Woods TUZO, pour femmes, 70 L","Sac à dos pour aventure de plusieurs jours pour la randonnée, le camping et les voyages Woods TUZO, pour femmes, 70 L",59.99,"59,99 $",199.99,"Était±  199,99 $prix était 199,99 $",59.99,"59,99 $",59.99,"59,99 $",true,https://www.canadiantire.ca/fr/pdp/sac-a-dos-pour-aventure-de-plusieurs-jours-pour-la-randonnee-le-camping-et-les-voyages-woods-tuzo-pour-femmes-70-l-0766805p.html,https://www.canadiantire.ca/fr/pdp/sac-a-dos-pour-aventure-de-plusieurs-jours-pour-la-randonnee-le-camping-et-les-voyages-woods-tuzo-pour-femmes-70-l-0766805p.html,https://media-www.canadiantire.ca/product/playing/camping/camping-accessories/0766805/woods-tuzo-70l-women-s-backpack-048195e2-66b7-4db1-ac44-a1a779f2441f-jpgrendition.jpg?im=whresize&wid=200&hei=200,https://media-www.canadiantire.ca/product/playing/camping/camping-accessories/0766805/woods-tuzo-70l-women-s-backpack-048195e2-66b7-4db1-ac44-a1a779f2441f-jpgrendition.jpg?im=whresize&wid=200&hei=200,,0766805,076-6805-0,Il n’en reste que 4 #076-6805-0,Liquidation◊Mieux notés,70,"59,99","199,99"
251,"Waterloo, ON","Rail d'éclairage à 4 lampes avec abat-jour en cristal NOMA Cora, chrome","Rail d'éclairage à 4 lampes avec abat-jour en cristal NOMA Cora, chrome",59.99,"59,99 $",139.99,"Était±  139,99 $prix était 139,99 $",59.99,"59,99 $",59.99,"59,99 $",true,https://www.canadiantire.ca/fr/pdp/rail-d-eclairage-a-4-lampes-avec-abat-jour-en-cristal-noma-cora-chrome-0528002p.html,https://www.canadiantire.ca/fr/pdp/rail-d-eclairage-a-4-lampes-avec-abat-jour-en-cristal-noma-cora-chrome-0528002p.html,https://media-www.canadiantire.ca/product/living/home-decor/lighting/0528002/track-4-light-cora-73437bd7-39f4-4580-99f7-c545f545db5e-jpgrendition.jpg?im=whresize&wid=200&hei=200,https://media-www.canadiantire.ca/product/living/home-decor/lighting/0528002/track-4-light-cora-73437bd7-39f4-4580-99f7-c545f545db5e-jpgrendition.jpg?im=whresize&wid=200&hei=200,,0528002,052-8002-4,Il n’en reste que 1 #052-8002-4,Liquidation◊Mieux notés,57.15,"59,99","139,99"
251,"Waterloo, ON","Embouts de tournevis cruciformes Mastercraft en carbure, pour métal, plastique, maçonnerie, 1 po, paq. 5","Embouts de tournevis cruciformes Mastercraft en carbure, pour métal, plastique, maçonnerie, 1 po, paq. 5",2.99,"2,99 $",6.79,"6,79 $Était   et+ prix était à partir de 6,79 $",2.99,"2,99 $",2.99,"2,99 $",true,https://www.canadiantire.ca/fr/pdp/embouts-de-tournevis-cruciformes-mastercraft-en-carbure-pour-metal-plastique-maconnerie-1-po-paq-5-0540783p.html,https://www.canadiantire.ca/fr/pdp/embouts-de-tournevis-cruciformes-mastercraft-en-carbure-pour-metal-plastique-maconnerie-1-po-paq-5-0540783p.html,https://media-www.canadiantire.ca/product/fixing/tools/power-tool-accessories/0540783/mastercraft-1-ph1-screwdriver-bit-5-pk-a97ae680-ecb9-4939-8bb1-f96b7b0e554a-jpgrendition.jpg?im=whresize&wid=200&hei=200,https://media-www.canadiantire.ca/product/fixing/tools/power-tool-accessories/0540783/mastercraft-1-ph1-screwdriver-bit-5-pk-a97ae680-ecb9-4939-8bb1-f96b7b0e554a-jpgrendition.jpg?im=whresize&wid=200&hei=200,,0540783,054-0783,Vérifiez la disponibilité#054-0783X,Liquidation◊Mieux notés,55.96,"2,99","6,79"
251,"Waterloo, ON","Bol incliné pour chiens Petco Reddy en acier inoxydable, 1 tasse","Bol incliné pour chiens Petco Reddy en acier inoxydable, 1 tasse",4.99,"4,99 $",28.99,"Était±  28,99 $prix était 28,99 $",4.99,"4,99 $",4.99,"4,99 $",true,https://www.canadiantire.ca/fr/pdp/bol-incline-pour-chiens-petco-reddy-en-acier-inoxydable-1-tasse-1426905p.html,https://www.canadiantire.ca/fr/pdp/bol-incline-pour-chiens-petco-reddy-en-acier-inoxydable-1-tasse-1426905p.html,https://media-www.canadiantire.ca/product/living/pet-care/pet-accessories/1426905/reddy-stainless-steel-slanted-dog-bowl-1-cup-d9998a1e-78bc-48b7-aa60-f833c97ece80-jpgrendition.jpg?im=whresize&wid=200&hei=200,https://media-www.canadiantire.ca/product/living/pet-care/pet-accessories/1426905/reddy-stainless-steel-slanted-dog-bowl-1-cup-d9998a1e-78bc-48b7-aa60-f833c97ece80-jpgrendition.jpg?im=whresize&wid=200&hei=200,,1426905,142-6905-4,12 En Stock#142-6905-4,Liquidation◊Exclusivité,82.79,"4,99","28,99"
251,"Waterloo, ON","Simoniz - Lance, buses de lavage et adaptateurs, 8 pcs","Simoniz - Lance, buses de lavage et adaptateurs, 8 pcs",6.99,"6,99 $",57.99,"Était±  57,99 $prix était 57,99 $",6.99,"6,99 $",6.99,"6,99 $",true,https://www.canadiantire.ca/fr/pdp/simoniz-lance-buses-de-lavage-et-adaptateurs-8-pcs-0398549p.html,https://www.canadiantire.ca/fr/pdp/simoniz-lance-buses-de-lavage-et-adaptateurs-8-pcs-0398549p.html,https://media-www.canadiantire.ca/product/automotive/car-care-accessories/pressure-washers-accessories/0398549/simoniz-electric-pressure-washer-turbo-and-vario-kit-25158ba8-b87e-4c1e-9710-f701e052e37e-jpgrendition.jpg?im=whresize&wid=200&hei=200,https://media-www.canadiantire.ca/product/automotive/car-care-accessories/pressure-washers-accessories/0398549/simoniz-electric-pressure-washer-turbo-and-vario-kit-25158ba8-b87e-4c1e-9710-f701e052e37e-jpgrendition.jpg?im=whresize&wid=200&hei=200,,0398549,039-8549-8,Il n’en reste que 1 #039-8549-8,Liquidation◊Exclusivité,87.95,"6,99","57,99"
251,"Waterloo, ON","Petites assiettes en faux marbre CANVAS, paq. 1","Petites assiettes en faux marbre CANVAS, paq. 1",2.49,"2,49 $",6.99,"Était±  6,99 $prix était 6,99 $",2.49,"2,49 $",2.49,"2,49 $",true,https://www.canadiantire.ca/fr/pdp/petites-assiettes-en-faux-marbre-canvas-paq-1-0597205p.html,https://www.canadiantire.ca/fr/pdp/petites-assiettes-en-faux-marbre-canvas-paq-1-0597205p.html,https://media-www.canadiantire.ca/product/seasonal-gardening/backyard-living/outdoor-living-accessories/0597343/canvas-palm-breeze-dinner-plate-b8f56df6-2442-42df-b960-87f421f48764-jpgrendition.jpg?im=whresize&wid=200&hei=200,https://media-www.canadiantire.ca/product/seasonal-gardening/backyard-living/outdoor-living-accessories/0597343/canvas-palm-breeze-dinner-plate-b8f56df6-2442-42df-b960-87f421f48764-jpgrendition.jpg?im=whresize&wid=200&hei=200,,0597205,059-7205-4,16 En Stock#059-7205-4,Liquidation◊Mieux notés,64.38,"2,49","6,99"
251,"Waterloo, ON",Trousse à préparation à beignets Thoughtfully,Trousse à préparation à beignets Thoughtfully,8.99,"8,99 $",17.99,"Était±  17,99 $prix était 17,99 $",8.99,"8,99 $",8.99,"8,99 $",true,https://www.canadiantire.ca/fr/pdp/trousse-a-preparation-a-beignets-thoughtfully-1519538p.html,https://www.canadiantire.ca/fr/pdp/trousse-a-preparation-a-beignets-thoughtfully-1519538p.html,https://media-www.canadiantire.ca/product/living/food-drink/seasonal-confectionery/1519538/mini-donut-making-kit-b165c425-7213-4bf8-a12c-259c6168414c-jpgrendition.jpg?im=whresize&wid=200&hei=200,https://media-www.canadiantire.ca/product/living/food-drink/seasonal-confectionery/1519538/mini-donut-making-kit-b165c425-7213-4bf8-a12c-259c6168414c-jpgrendition.jpg?im=whresize&wid=200&hei=200,,1519538,151-9538-8,,Liquidation◊,50.03,"8,99","17,99"
251,"Waterloo, ON","Veste de protection antifrottements hydrofuge pour chiens Petco, bleu et vert","Veste de protection antifrottements hydrofuge pour chiens Petco, bleu et vert",9.99,"9,99 $",24.99,"24,99 $Était   et+ prix était à partir de 24,99 $",9.99,"9,99 $",9.99,"9,99 $",true,https://www.canadiantire.ca/fr/pdp/veste-de-protection-antifrottements-hydrofuge-pour-chiens-petco-bleu-et-vert-1425984p.html,https://www.canadiantire.ca/fr/pdp/veste-de-protection-antifrottements-hydrofuge-pour-chiens-petco-bleu-et-vert-1425984p.html,https://media-www.canadiantire.ca/product/living/pet-care/pet-accessories/1425986/petco-blue-cooling-rashguard-for-dogs-medium-db219857-0e45-4af5-b487-5a03d8b6e952-jpgrendition.jpg?im=whresize&wid=200&hei=200,https://media-www.canadiantire.ca/product/living/pet-care/pet-accessories/1425986/petco-blue-cooling-rashguard-for-dogs-medium-db219857-0e45-4af5-b487-5a03d8b6e952-jpgrendition.jpg?im=whresize&wid=200&hei=200,,1425984,142-5984,Vérifiez la disponibilité#142-5984X,Liquidation◊Mieux notés,60.02,"9,99","24,99"
251,"Waterloo, ON","Connecteur de faisceau stéréo Scosche, véhicules Volkswagen, 2006 à aujourd’hui","Connecteur de faisceau stéréo Scosche, véhicules Volkswagen, 2006 à aujourd’hui",6.99,"6,99 $",26.99,"Était±  26,99 $prix était 26,99 $",6.99,"6,99 $",6.99,"6,99 $",true,https://www.canadiantire.ca/fr/pdp/connecteur-de-faisceau-stereo-scosche-vehicules-volkswagen-2006-a-aujourd-hui-0350191p.html,https://www.canadiantire.ca/fr/pdp/connecteur-de-faisceau-stereo-scosche-vehicules-volkswagen-2006-a-aujourd-hui-0350191p.html,https://media-www.canadiantire.ca/product/automotive/car-care-accessories/auto-electronics/0350191/scosche-2006-up-volkswagen-car-stereo-installation-kit-b2b3eaf5-3175-4027-aec6-7a4190021df2-jpgrendition.jpg?im=whresize&wid=200&hei=200,https://media-www.canadiantire.ca/product/automotive/car-care-accessories/auto-electronics/0350191/scosche-2006-up-volkswagen-car-stereo-installation-kit-b2b3eaf5-3175-4027-aec6-7a4190021df2-jpgrendition.jpg?im=whresize&wid=200&hei=200,,0350191,035-0191-2,8 En Stock#035-0191-2,Liquidation◊Exclusivité,74.1,"6,99","26,99"
251,"Waterloo, ON","Garde-boues avant et arrière personnalisés Husky Liners 56886 pour camion Chevrolet Silverado, 2014 à 2018, paquet de 4","Garde-boues avant et arrière personnalisés Husky Liners 56886 pour camion Chevrolet Silverado, 2014 à 2018, paquet de 4",27.99,"27,99 $",119.99,"Était±  119,99 $prix était 119,99 $",27.99,"27,99 $",27.99,"27,99 $",true,https://www.canadiantire.ca/fr/pdp/garde-boues-avant-et-arriere-personnalises-husky-liners-56886-pour-camion-chevrolet-silverado-2014-a-2018-paquet-de-4-0376233p.html,https://www.canadiantire.ca/fr/pdp/garde-boues-avant-et-arriere-personnalises-husky-liners-56886-pour-camion-chevrolet-silverado-2014-a-2018-paquet-de-4-0376233p.html,https://media-www.canadiantire.ca/product/automotive/car-care-accessories/auto-accessories/0376233/husky-custom-fit-mud-flaps-chevy-silverado-14-18-4pc-b14ed095-5a85-4cd4-8a63-2dbedb44aefd-jpgrendition.jpg?im=whresize&wid=200&hei=200,https://media-www.canadiantire.ca/product/automotive/car-care-accessories/auto-accessories/0376233/husky-custom-fit-mud-flaps-chevy-silverado-14-18-4pc-b14ed095-5a85-4cd4-8a63-2dbedb44aefd-jpgrendition.jpg?im=whresize&wid=200&hei=200,,0376233,037-6233-4,Il n’en reste que 1 #037-6233-4,Liquidation◊,76.67,"27,99","119,99"
251,"Waterloo, ON",Brosse pour barbecue à soies en nylon Vida de PADERNO pour nettoyer les plaques et les grilles de barbecue,Brosse pour barbecue à soies en nylon Vida de PADERNO pour nettoyer les plaques et les grilles de barbecue,3.99,"3,99 $",7.99,"Était±  7,99 $prix était 7,99 $",3.99,"3,99 $",3.99,"3,99 $",true,https://www.canadiantire.ca/fr/pdp/brosse-pour-barbecue-a-soies-en-nylon-vida-de-paderno-pour-nettoyer-les-plaques-et-les-grilles-de-barbecue-0850007p.html,https://www.canadiantire.ca/fr/pdp/brosse-pour-barbecue-a-soies-en-nylon-vida-de-paderno-pour-nettoyer-les-plaques-et-les-grilles-de-barbecue-0850007p.html,https://media-www.canadiantire.ca/product/seasonal-gardening/backyard-living/outdoor-cooking-accessories/0850007/vida-palmyra-refill-57c33236-192c-4791-91dc-6fa78a6548f6.png?im=whresize&wid=200&hei=200,https://media-www.canadiantire.ca/product/seasonal-gardening/backyard-living/outdoor-cooking-accessories/0850007/vida-palmyra-refill-57c33236-192c-4791-91dc-6fa78a6548f6.png?im=whresize&wid=200&hei=200,,0850007,085-0007-4,,Liquidation◊Exclusivité,50.06,"3,99","7,99"
251,"Waterloo, ON","Ballons en latex ronds Blush Birthday Happy Birthday, rose/blanc, 12 po, paq. 15, pour fête d'anniversaire","Ballons en latex ronds Blush Birthday Happy Birthday, rose/blanc, 12 po, paq. 15, pour fête d'anniversaire",2.99,"2,99 $",5.99,"5,99 $Était   et+ prix était à partir de 5,99 $",2.99,"2,99 $",2.99,"2,99 $",true,https://www.canadiantire.ca/fr/pdp/ballons-en-latex-ronds-blush-birthday-happy-birthday-rose-blanc-12-po-paq-15-pour-fete-d-anniversaire-8548159p.html,https://www.canadiantire.ca/fr/pdp/ballons-en-latex-ronds-blush-birthday-happy-birthday-rose-blanc-12-po-paq-15-pour-fete-d-anniversaire-8548159p.html,https://media-www.partycity.ca/product/seasonal-gardening/party-city-everyday/party-city-party-supplies-decor/8548159/15ct-12in-ltx-blln-blush-bday-d180acc3-9c3a-4ff6-9c00-23be2fc75ae3-jpgrendition.jpg?im=whresize&wid=200&hei=200,https://media-www.partycity.ca/product/seasonal-gardening/party-city-everyday/party-city-party-supplies-decor/8548159/15ct-12in-ltx-blln-blush-bday-d180acc3-9c3a-4ff6-9c00-23be2fc75ae3-jpgrendition.jpg?im=whresize&wid=200&hei=200,,8548159,854-8159-4,Il n’en reste que 2 #854-8159-4,Liquidation◊Mieux notés,50.08,"2,99","5,99"
251,"Waterloo, ON","Plafonnier encastré à DEL NOMA, blanc, 7 po","Plafonnier encastré à DEL NOMA, blanc, 7 po",14.99,"14,99 $",34.99,"Était±  34,99 $prix était 34,99 $",14.99,"14,99 $",14.99,"14,99 $",true,https://www.canadiantire.ca/fr/pdp/plafonnier-encastre-a-del-noma-blanc-7-po-0528403p.html,https://www.canadiantire.ca/fr/pdp/plafonnier-encastre-a-del-noma-blanc-7-po-0528403p.html,https://media-www.canadiantire.ca/product/living/home-decor/lighting/0528403/noma-7-led-flushmount-8f6bb71e-74e2-4b68-bb55-463ffa1f45e2-jpgrendition.jpg?im=whresize&wid=200&hei=200,https://media-www.canadiantire.ca/product/living/home-decor/lighting/0528403/noma-7-led-flushmount-8f6bb71e-74e2-4b68-bb55-463ffa1f45e2-jpgrendition.jpg?im=whresize&wid=200&hei=200,,0528403,052-8403-0,Il n’en reste que 1 #052-8403-0,Liquidation◊Mieux notés,57.16,"14,99","34,99"
251,"Waterloo, ON","Piquet pour pot de fleurs For Living, 5 po, choix varié","Piquet pour pot de fleurs For Living, 5 po, choix varié",1.99,"1,99 $",4.49,"Était±  4,49 $prix était 4,49 $",1.99,"1,99 $",1.99,"1,99 $",true,https://www.canadiantire.ca/fr/pdp/piquet-pour-pot-de-fleurs-for-living-5-po-choix-varie-0597306p.html,https://www.canadiantire.ca/fr/pdp/piquet-pour-pot-de-fleurs-for-living-5-po-choix-varie-0597306p.html,https://media-www.canadiantire.ca/product/seasonal-gardening/backyard-living/outdoor-living-accessories/0597306/for-living-pot-stakes-assorted-69a22e75-bd39-4d8f-a16b-2aca5624aead-jpgrendition.jpg?im=whresize&wid=200&hei=200,https://media-www.canadiantire.ca/product/seasonal-gardening/backyard-living/outdoor-living-accessories/0597306/for-living-pot-stakes-assorted-69a22e75-bd39-4d8f-a16b-2aca5624aead-jpgrendition.jpg?im=whresize&wid=200&hei=200,,0597306,059-7306-4,,Liquidation◊Mieux notés,55.68,"1,99","4,49"
251,"Waterloo, ON","Ballon en aluminium satiné lettres attachées Mr and Mrs, or rose, 59 x 10 po, gonflé d'air, pour fiançailles/mariage","Ballon en aluminium satiné lettres attachées Mr and Mrs, or rose, 59 x 10 po, gonflé d'air, pour fiançailles/mariage",6.99,"6,99 $",13.99,"13,99 $Était   et+ prix était à partir de 13,99 $",6.99,"6,99 $",6.99,"6,99 $",true,https://www.canadiantire.ca/fr/pdp/ballon-en-aluminium-satine-lettres-attachees-mr-and-mrs-or-rose-59-x-10-po-gonfle-d-air-pour-fiancailles-mariage-8423828p.html,https://www.canadiantire.ca/fr/pdp/ballon-en-aluminium-satine-lettres-attachees-mr-and-mrs-or-rose-59-x-10-po-gonfle-d-air-pour-fiancailles-mariage-8423828p.html,https://media-www.partycity.ca/product/seasonal-gardening/party-city-everyday/party-city-party-supplies-decor/8423828/rose-gld-blln-script-mr-mrs-b3d6a94e-b619-48cc-9199-89ac32af4edc-jpgrendition.jpg?im=whresize&wid=200&hei=200,https://media-www.partycity.ca/product/seasonal-gardening/party-city-everyday/party-city-party-supplies-decor/8423828/rose-gld-blln-script-mr-mrs-b3d6a94e-b619-48cc-9199-89ac32af4edc-jpgrendition.jpg?im=whresize&wid=200&hei=200,,8423828,842-3828-0,Il n’en reste que 6 #842-3828-0,Liquidation◊Mieux notés,50.04,"6,99","13,99"
251,"Waterloo, ON","Grandes assiettes en fibre de bambou CANVAS, paq. 1, gris","Grandes assiettes en fibre de bambou CANVAS, paq. 1, gris",3.99,"3,99 $",7.99,"Était±  7,99 $prix était 7,99 $",3.99,"3,99 $",3.99,"3,99 $",true,https://www.canadiantire.ca/fr/pdp/grandes-assiettes-en-fibre-de-bambou-canvas-paq-1-gris-0597852p.html,https://www.canadiantire.ca/fr/pdp/grandes-assiettes-en-fibre-de-bambou-canvas-paq-1-gris-0597852p.html,https://media-www.canadiantire.ca/product/seasonal-gardening/backyard-living/outdoor-living-accessories/0597852/canvas-dual-tone-organic-dinner-plate-3d0be8b4-1843-43ea-b675-1263bd5ab2e8-jpgrendition.jpg?im=whresize&wid=200&hei=200,https://media-www.canadiantire.ca/product/seasonal-gardening/backyard-living/outdoor-living-accessories/0597852/canvas-dual-tone-organic-dinner-plate-3d0be8b4-1843-43ea-b675-1263bd5ab2e8-jpgrendition.jpg?im=whresize&wid=200&hei=200,,0597852,059-7852-2,Il n’en reste que 2 #059-7852-2,Liquidation◊Mieux notés,50.06,"3,99","7,99"
251,"Waterloo, ON","Gobelets en silicone Outbound, plusieurs couleurs, 16 oz, paq. 4","Gobelets en silicone Outbound, plusieurs couleurs, 16 oz, paq. 4",4.49,"4,49 $",9.99,"Était±  9,99 $prix était 9,99 $",4.49,"4,49 $",4.49,"4,49 $",true,https://www.canadiantire.ca/fr/pdp/gobelets-en-silicone-outbound-plusieurs-couleurs-16-oz-paq-4-0763773p.html,https://www.canadiantire.ca/fr/pdp/gobelets-en-silicone-outbound-plusieurs-couleurs-16-oz-paq-4-0763773p.html,https://media-www.canadiantire.ca/product/playing/camping/camping-living/0763773/4pc-silicon-cups-d12ed467-8b98-461e-896e-d6dbbaa947e0-jpgrendition.jpg?im=whresize&wid=200&hei=200,https://media-www.canadiantire.ca/product/playing/camping/camping-living/0763773/4pc-silicon-cups-d12ed467-8b98-461e-896e-d6dbbaa947e0-jpgrendition.jpg?im=whresize&wid=200&hei=200,,0763773,076-3773-2,Il n’en reste que 3 #076-3773-2,Liquidation◊Mieux notés,55.06,"4,49","9,99"
251,"Waterloo, ON","Surligneurs BIC Brite Liner Grip à pointe biseautée, couleurs variées, paq. 5","Surligneurs BIC Brite Liner Grip à pointe biseautée, couleurs variées, paq. 5",2.99,"2,99 $",5.99,"Était±  5,99 $prix était 5,99 $",2.99,"2,99 $",2.99,"2,99 $",true,https://www.canadiantire.ca/fr/pdp/surligneurs-bic-brite-liner-grip-a-pointe-biseautee-couleurs-variees-paq-5-2420351p.html,https://www.canadiantire.ca/fr/pdp/surligneurs-bic-brite-liner-grip-a-pointe-biseautee-couleurs-variees-paq-5-2420351p.html,https://media-www.canadiantire.ca/product/seasonal-gardening/toys/home-office-supplies/2420351/bic-brite-liner-grip-chisel-point-5pk-ast-f0278621-4955-4f66-bea7-60b6e3bc3e6f-jpgrendition.jpg?im=whresize&wid=200&hei=200,https://media-www.canadiantire.ca/product/seasonal-gardening/toys/home-office-supplies/2420351/bic-brite-liner-grip-chisel-point-5pk-ast-f0278621-4955-4f66-bea7-60b6e3bc3e6f-jpgrendition.jpg?im=whresize&wid=200&hei=200,,2420351,242-0351-8,29 En Stock#242-0351-8,Liquidation◊Mieux notés,50.08,"2,99","5,99"
251,"Waterloo, ON","Collier pour chien en chaîne confortable Petco, nylon, tailles variées, noir","Collier pour chien en chaîne confortable Petco, nylon, tailles variées, noir",9.99,"9,99 $",19.99,"19,99 $Était   et+ prix était à partir de 19,99 $",9.99,"9,99 $",9.99,"9,99 $",true,https://www.canadiantire.ca/fr/pdp/collier-pour-chien-en-chaine-confortable-petco-nylon-tailles-variees-noir-1426164p.html,https://www.canadiantire.ca/fr/pdp/collier-pour-chien-en-chaine-confortable-petco-nylon-tailles-variees-noir-1426164p.html,https://media-www.canadiantire.ca/product/living/pet-care/pet-accessories/1426164/petco-black-comfort-chain-20-x3mm-307ae738-f6dd-4d5a-82bd-34bd1f0bb539-jpgrendition.jpg?im=whresize&wid=200&hei=200,https://media-www.canadiantire.ca/product/living/pet-care/pet-accessories/1426164/petco-black-comfort-chain-20-x3mm-307ae738-f6dd-4d5a-82bd-34bd1f0bb539-jpgrendition.jpg?im=whresize&wid=200&hei=200,,1426164,142-6164,Vérifiez la disponibilité#142-6164X,Liquidation◊Exclusivité,50.03,"9,99","19,99"
251,"Waterloo, ON","Ballon en aluminium satiné lettres Happy, choix de couleurs, 33 x 9 po, gonflé d'air, pour fête d'anniversaire","Ballon en aluminium satiné lettres Happy, choix de couleurs, 33 x 9 po, gonflé d'air, pour fête d'anniversaire",1.99,"1,99 $",8.99,"8,99 $Était   et+ prix était à partir de 8,99 $",1.99,"1,99 $",1.99,"1,99 $",true,https://www.canadiantire.ca/fr/pdp/ballon-en-aluminium-satine-lettres-happy-choix-de-couleurs-33-x-9-po-gonfle-d-air-pour-fete-d-anniversaire-8420826p.html,https://www.canadiantire.ca/fr/pdp/ballon-en-aluminium-satine-lettres-happy-choix-de-couleurs-33-x-9-po-gonfle-d-air-pour-fete-d-anniversaire-8420826p.html,https://media-www.partycity.ca/product/seasonal-gardening/party-city-everyday/party-city-party-supplies-decor/8420831/mini-gld-air-filled-blln-hpy-bf805b01-27b6-4103-82a8-34e9075a7633-jpgrendition.jpg?im=whresize&wid=200&hei=200,https://media-www.partycity.ca/product/seasonal-gardening/party-city-everyday/party-city-party-supplies-decor/8420831/mini-gld-air-filled-blln-hpy-bf805b01-27b6-4103-82a8-34e9075a7633-jpgrendition.jpg?im=whresize&wid=200&hei=200,,8420826,842-0826,Vérifiez la disponibilité#842-0826X,Liquidation◊Mieux notés,77.86,"1,99","8,99"
251,"Waterloo, ON","Applique de salle de bain à 3 lampes abat-jour en verre bullé CANVAS, chrome","Applique de salle de bain à 3 lampes abat-jour en verre bullé CANVAS, chrome",39.99,"39,99 $",189.99,"Était±  189,99 $prix était 189,99 $",39.99,"39,99 $",39.99,"39,99 $",true,https://www.canadiantire.ca/fr/pdp/applique-de-salle-de-bain-a-3-lampes-abat-jour-en-verre-bulle-canvas-chrome-0529293p.html,https://www.canadiantire.ca/fr/pdp/applique-de-salle-de-bain-a-3-lampes-abat-jour-en-verre-bulle-canvas-chrome-0529293p.html,https://media-www.canadiantire.ca/product/living/home-decor/lighting/0529293/canvas-drake-3-light-chrome-vanity-light-70556207-bcd8-4307-a7bf-5019d4f50a3a-jpgrendition.jpg?im=whresize&wid=200&hei=200,https://media-www.canadiantire.ca/product/living/home-decor/lighting/0529293/canvas-drake-3-light-chrome-vanity-light-70556207-bcd8-4307-a7bf-5019d4f50a3a-jpgrendition.jpg?im=whresize&wid=200&hei=200,,0529293,052-9293-4,10 En Stock#052-9293-4,Liquidation◊Exclusivité,78.95,"39,99","189,99"
251,"Waterloo, ON","Leurre Berkley Gulp!, méné, 4 po","Leurre Berkley Gulp!, méné, 4 po",5.49,"5,49 $",11.99,"11,99 $Était   et+ prix était à partir de 11,99 $",5.49,"5,49 $",5.49,"5,49 $",true,https://www.canadiantire.ca/fr/pdp/leurre-berkley-gulp-mene-4-po-0787782p.html,https://www.canadiantire.ca/fr/pdp/leurre-berkley-gulp-mene-4-po-0787782p.html,https://media-www.canadiantire.ca/product/playing/fishing/fishing-lures/0787782/berkley-gulp-minnow-black-shad-4--4b5fda62-2ef3-4e2a-91f6-7d465dc5c957-jpgrendition.jpg?im=whresize&wid=200&hei=200,https://media-www.canadiantire.ca/product/playing/fishing/fishing-lures/0787782/berkley-gulp-minnow-black-shad-4--4b5fda62-2ef3-4e2a-91f6-7d465dc5c957-jpgrendition.jpg?im=whresize&wid=200&hei=200,,0787782,078-7782,Vérifiez la disponibilité#078-7782X,Liquidation◊Mieux notés,54.21,"5,49","11,99"
251,"Waterloo, ON",Barre lumineuse intelligente avec technologies RGB IC et Sound Reactive Monster Illuminessence,Barre lumineuse intelligente avec technologies RGB IC et Sound Reactive Monster Illuminessence,19.99,"19,99 $",49.99,"Était±  49,99 $prix était 49,99 $",19.99,"19,99 $",19.99,"19,99 $",true,https://www.canadiantire.ca/fr/pdp/barre-lumineuse-intelligente-avec-technologies-rgb-ic-et-sound-reactive-monster-illuminessence-0522104p.html,https://www.canadiantire.ca/fr/pdp/barre-lumineuse-intelligente-avec-technologies-rgb-ic-et-sound-reactive-monster-illuminessence-0522104p.html,https://media-www.canadiantire.ca/product/fixing/electrical/lighting/0522104/monster-illuminessence-light-bar-smart-light-95b1aa15-3445-47f0-8458-bb4723629226-jpgrendition.jpg?im=whresize&wid=200&hei=200,https://media-www.canadiantire.ca/product/fixing/electrical/lighting/0522104/monster-illuminessence-light-bar-smart-light-95b1aa15-3445-47f0-8458-bb4723629226-jpgrendition.jpg?im=whresize&wid=200&hei=200,,0522104,052-2104-8,Il n’en reste que 3 #052-2104-8,Liquidation◊Mieux notés,60.01,"19,99","49,99"
251,"Waterloo, ON","Cuiller Danielson Hypocrite, 1 oz","Cuiller Danielson Hypocrite, 1 oz",1.99,"1,99 $",4.99,"4,99 $Était   et+ prix était à partir de 4,99 $",1.99,"1,99 $",1.99,"1,99 $",true,https://www.canadiantire.ca/fr/pdp/cuiller-danielson-hypocrite-1-oz-0782105p.html,https://www.canadiantire.ca/fr/pdp/cuiller-danielson-hypocrite-1-oz-0782105p.html,https://media-www.canadiantire.ca/product/playing/fishing/fishing-lures/0782105/danielson-hyprocrite-spoon-red-white-1-2oz-91749a90-017e-462b-9892-d644c168d253-jpgrendition.jpg?im=whresize&wid=200&hei=200,https://media-www.canadiantire.ca/product/playing/fishing/fishing-lures/0782105/danielson-hyprocrite-spoon-red-white-1-2oz-91749a90-017e-462b-9892-d644c168d253-jpgrendition.jpg?im=whresize&wid=200&hei=200,,0782105,078-2105,Vérifiez la disponibilité#078-2105X,Liquidation◊Exclusivité,60.12,"1,99","4,99"
251,"Waterloo, ON",Chaussures nautiques légères Outbound pour femmes avec semelle intérieure en EVA rembourrée,Chaussures nautiques légères Outbound pour femmes avec semelle intérieure en EVA rembourrée,22.49,"22,49 $",64.99,"64,99 $Était   et+ prix était à partir de 64,99 $",22.49,"22,49 $",22.49,"22,49 $",true,https://www.canadiantire.ca/fr/pdp/chaussures-nautiques-legeres-outbound-pour-femmes-avec-semelle-interieure-en-eva-rembourree-1873557p.html,https://www.canadiantire.ca/fr/pdp/chaussures-nautiques-legeres-outbound-pour-femmes-avec-semelle-interieure-en-eva-rembourree-1873557p.html,https://media-www.canadiantire.ca/product/playing/footwear-apparel/summer-footwear-apparel/1873557/outbound-women-s-lightweight-river-shoes-size-5-f8b9f0c0-cd30-4241-8296-956c93296453-jpgrendition.jpg?im=whresize&wid=200&hei=200,https://media-www.canadiantire.ca/product/playing/footwear-apparel/summer-footwear-apparel/1873557/outbound-women-s-lightweight-river-shoes-size-5-f8b9f0c0-cd30-4241-8296-956c93296453-jpgrendition.jpg?im=whresize&wid=200&hei=200,,1873557,187-3557,Vérifiez la disponibilité#187-3557X,Liquidation◊Mieux notés,65.39,"22,49","64,99"
251,"Waterloo, ON","Couche de base pour revêtement de plancher intérieur Rust-Oleum HOME, gris vapeur, 3,78 L/1 gallon","Couche de base pour revêtement de plancher intérieur Rust-Oleum HOME, gris vapeur, 3,78 L/1 gallon",64.99,"64,99 $",164.99,"Était±  164,99 $prix était 164,99 $",64.99,"64,99 $",64.99,"64,99 $",true,https://www.canadiantire.ca/fr/pdp/couche-de-base-pour-revetement-de-plancher-interieur-rust-oleum-home-gris-vapeur-3-78-l-1-gallon-0489018p.html,https://www.canadiantire.ca/fr/pdp/couche-de-base-pour-revetement-de-plancher-interieur-rust-oleum-home-gris-vapeur-3-78-l-1-gallon-0489018p.html,https://media-www.canadiantire.ca/product/fixing/paint/paints/0489018/rustoleum-home-steam-grey-pretint-30c718b4-f1d3-4057-931e-8d308135ba59-jpgrendition.jpg?im=whresize&wid=200&hei=200,https://media-www.canadiantire.ca/product/fixing/paint/paints/0489018/rustoleum-home-steam-grey-pretint-30c718b4-f1d3-4057-931e-8d308135ba59-jpgrendition.jpg?im=whresize&wid=200&hei=200,,0489018,048-9018-4,Il n’en reste que 3 #048-9018-4,Liquidation◊Mieux notés,60.61,"64,99","164,99"
251,"Waterloo, ON","Organisateur d’outils suspendu pour cheveux The Home Edit par iDesign, résistant à la chaleur","Organisateur d’outils suspendu pour cheveux The Home Edit par iDesign, résistant à la chaleur",6.99,"6,99 $",16.99,"Était±  16,99 $prix était 16,99 $",6.99,"6,99 $",6.99,"6,99 $",true,https://www.canadiantire.ca/fr/pdp/organisateur-d-outils-suspendu-pour-cheveux-the-home-edit-par-idesign-resistant-a-la-chaleur-0636328p.html,https://www.canadiantire.ca/fr/pdp/organisateur-d-outils-suspendu-pour-cheveux-the-home-edit-par-idesign-resistant-a-la-chaleur-0636328p.html,https://media-www.canadiantire.ca/product/living/home-decor/bed-bath-decor/0636334/the-home-edit-tall-bin-divider-c1b6b39e-fa2c-44f8-9813-64d289c7174e-jpgrendition.jpg?im=whresize&wid=200&hei=200,https://media-www.canadiantire.ca/product/living/home-decor/bed-bath-decor/0636334/the-home-edit-tall-bin-divider-c1b6b39e-fa2c-44f8-9813-64d289c7174e-jpgrendition.jpg?im=whresize&wid=200&hei=200,,0636328,063-6328-6,Il n’en reste que 3 #063-6328-6,Liquidation◊Exclusivité,58.86,"6,99","16,99"
251,"Waterloo, ON","Porte-savon en céramique For Living Apothecary, blanc","Porte-savon en céramique For Living Apothecary, blanc",0.99,"0,99 $",10.99,"Était±  10,99 $prix était 10,99 $",0.99,"0,99 $",0.99,"0,99 $",true,https://www.canadiantire.ca/fr/pdp/porte-savon-en-ceramique-for-living-apothecary-blanc-0632259p.html,https://www.canadiantire.ca/fr/pdp/porte-savon-en-ceramique-for-living-apothecary-blanc-0632259p.html,https://media-www.canadiantire.ca/product/living/home-decor/bed-bath-decor/0632259/for-living-apothecary-soap-dish--4476a9cf-9a86-44e6-8683-6fd4598066f7-jpgrendition.jpg?im=whresize&wid=200&hei=200,https://media-www.canadiantire.ca/product/living/home-decor/bed-bath-decor/0632259/for-living-apothecary-soap-dish--4476a9cf-9a86-44e6-8683-6fd4598066f7-jpgrendition.jpg?im=whresize&wid=200&hei=200,,0632259,063-2259-4,,Liquidation◊Exclusivité,90.99,"0,99","10,99"
251,"Waterloo, ON","Portemines Paper Mate ComfortMate Ultra., HB no. 2 (0,7 mm), couleurs variées, paq. 8","Portemines Paper Mate ComfortMate Ultra., HB no. 2 (0,7 mm), couleurs variées, paq. 8",3.49,"3,49 $",6.99,"Était±  6,99 $prix était 6,99 $",3.49,"3,49 $",3.49,"3,49 $",true,https://www.canadiantire.ca/fr/pdp/portemines-paper-mate-comfortmate-ultra-hb-no-2-0-7-mm-couleurs-variees-paq-8-1424121p.html,https://www.canadiantire.ca/fr/pdp/portemines-paper-mate-comfortmate-ultra-hb-no-2-0-7-mm-couleurs-variees-paq-8-1424121p.html,https://media-www.canadiantire.ca/product/seasonal-gardening/toys/home-office-supplies/1424121/comfortmate-ultra-pen-2c-b65da0ec-d708-4b23-b353-914d9acdd598-jpgrendition.jpg?im=whresize&wid=200&hei=200,https://media-www.canadiantire.ca/product/seasonal-gardening/toys/home-office-supplies/1424121/comfortmate-ultra-pen-2c-b65da0ec-d708-4b23-b353-914d9acdd598-jpgrendition.jpg?im=whresize&wid=200&hei=200,,1424121,142-4121-0,Il n’en reste que 5 #142-4121-0,Liquidation◊Mieux notés,50.07,"3,49","6,99"
251,"Waterloo, ON","Devon à saccades flottant Xcalibur, 1/2 oz","Devon à saccades flottant Xcalibur, 1/2 oz",3.93,"3,93 $",7.99,"7,99 $Était   et+ prix était à partir de 7,99 $",3.93,"3,93 $",3.93,"3,93 $",true,https://www.canadiantire.ca/fr/pdp/devon-a-saccades-flottant-xcalibur-1-2-oz-0771229p.html,https://www.canadiantire.ca/fr/pdp/devon-a-saccades-flottant-xcalibur-1-2-oz-0771229p.html,https://media-www.canadiantire.ca/product/playing/fishing/fishing-lures/0771229/xcalibur-xtr-floating-jerkbait-black-silver-3-75-1-2-oz-d28e55d8-a789-407f-a510-3a95f7073136-jpgrendition.jpg?im=whresize&wid=200&hei=200,https://media-www.canadiantire.ca/product/playing/fishing/fishing-lures/0771229/xcalibur-xtr-floating-jerkbait-black-silver-3-75-1-2-oz-d28e55d8-a789-407f-a510-3a95f7073136-jpgrendition.jpg?im=whresize&wid=200&hei=200,,0771229,077-1229,Vérifiez la disponibilité#077-1229X,Liquidation◊Mieux notés,50.81,"3,93","7,99"
251,"Waterloo, ON","Leurre Berkley Gulp!, méné, 3 po","Leurre Berkley Gulp!, méné, 3 po",5.49,"5,49 $",11.99,"11,99 $Était   et+ prix était à partir de 11,99 $",5.49,"5,49 $",5.49,"5,49 $",true,https://www.canadiantire.ca/fr/pdp/leurre-berkley-gulp-mene-3-po-0785391p.html,https://www.canadiantire.ca/fr/pdp/leurre-berkley-gulp-mene-3-po-0785391p.html,https://media-www.canadiantire.ca/product/playing/fishing/fishing-lures/0785391/berkley-gulp-minnow-black-shad-3--4402a1ee-d52a-436c-850b-4f44a6d1a790-jpgrendition.jpg?im=whresize&wid=200&hei=200,https://media-www.canadiantire.ca/product/playing/fishing/fishing-lures/0785391/berkley-gulp-minnow-black-shad-3--4402a1ee-d52a-436c-850b-4f44a6d1a790-jpgrendition.jpg?im=whresize&wid=200&hei=200,,0785391,078-5390,Vérifiez la disponibilité#078-5390X,Liquidation◊,54.21,"5,49","11,99"
251,"Waterloo, ON",Pinceau à badigeonner en tissu Vermont Castings avec anneau en cuir,Pinceau à badigeonner en tissu Vermont Castings avec anneau en cuir,6.99,"6,99 $",21.99,"Était±  21,99 $prix était 21,99 $",6.99,"6,99 $",6.99,"6,99 $",true,https://www.canadiantire.ca/fr/pdp/pinceau-a-badigeonner-en-tissu-vermont-castings-avec-anneau-en-cuir-0852157p.html,https://www.canadiantire.ca/fr/pdp/pinceau-a-badigeonner-en-tissu-vermont-castings-avec-anneau-en-cuir-0852157p.html,https://media-www.canadiantire.ca/product/seasonal-gardening/backyard-living/outdoor-cooking-accessories/0852157/vermont-castings-sauce-mop-c3400c13-5240-4244-926d-099929ac008d-jpgrendition.jpg?im=whresize&wid=200&hei=200,https://media-www.canadiantire.ca/product/seasonal-gardening/backyard-living/outdoor-cooking-accessories/0852157/vermont-castings-sauce-mop-c3400c13-5240-4244-926d-099929ac008d-jpgrendition.jpg?im=whresize&wid=200&hei=200,,0852157,085-2157-4,35 En Stock#085-2157-4,Liquidation◊Exclusivité,68.21,"6,99","21,99"
251,"Waterloo, ON",Leurre Jackfish,Leurre Jackfish,1.49,"1,49 $",3.99,"Était±  3,99 $prix était 3,99 $",1.49,"1,49 $",1.49,"1,49 $",true,https://www.canadiantire.ca/fr/pdp/leurre-jackfish-0781601p.html,https://www.canadiantire.ca/fr/pdp/leurre-jackfish-0781601p.html,https://media-www.canadiantire.ca/product/playing/fishing/fishing-lures/0781601/danielson-jackfish-rig-3ee1ba70-67ef-42f2-9cf6-baa41474f396-jpgrendition.jpg?im=whresize&wid=200&hei=200,https://media-www.canadiantire.ca/product/playing/fishing/fishing-lures/0781601/danielson-jackfish-rig-3ee1ba70-67ef-42f2-9cf6-baa41474f396-jpgrendition.jpg?im=whresize&wid=200&hei=200,,0781601,078-1601-0,,Liquidation◊Mieux notés,62.66,"1,49","3,99"
251,"Waterloo, ON","Peinture en aérosol toute surface camouflage Rust-Oleum Specialty, ultra mat, 340 g","Peinture en aérosol toute surface camouflage Rust-Oleum Specialty, ultra mat, 340 g",7.99,"7,99 $",18.99,"18,99 $Était   et+ prix était à partir de 18,99 $",7.99,"7,99 $",7.99,"7,99 $",true,https://www.canadiantire.ca/fr/pdp/peinture-en-aerosol-toute-surface-camouflage-rust-oleum-specialty-ultra-mat-340-g-0482280p.html,https://www.canadiantire.ca/fr/pdp/peinture-en-aerosol-toute-surface-camouflage-rust-oleum-specialty-ultra-mat-340-g-0482280p.html,https://media-www.canadiantire.ca/product/fixing/paint/paints/0482394/specialty-camouflage-paint-black-340g-c3c66881-05d0-408a-a61c-9140533695c4-jpgrendition.jpg?im=whresize&wid=200&hei=200,https://media-www.canadiantire.ca/product/fixing/paint/paints/0482394/specialty-camouflage-paint-black-340g-c3c66881-05d0-408a-a61c-9140533695c4-jpgrendition.jpg?im=whresize&wid=200&hei=200,,0482280,048-2280,Vérifiez la disponibilité#048-2280X,Liquidation◊Mieux notés,57.93,"7,99","18,99"
251,"Waterloo, ON",Jeu de lumières solaires à DEL étanche d'extérieur pour terrasse et spa NOMA,Jeu de lumières solaires à DEL étanche d'extérieur pour terrasse et spa NOMA,26.99,"26,99 $",59.99,"Était±  59,99 $prix était 59,99 $",26.99,"26,99 $",26.99,"26,99 $",true,https://www.canadiantire.ca/fr/pdp/jeu-de-lumieres-solaires-a-del-etanche-d-exterieur-pour-terrasse-et-spa-noma-0521728p.html,https://www.canadiantire.ca/fr/pdp/jeu-de-lumieres-solaires-a-del-etanche-d-exterieur-pour-terrasse-et-spa-noma-0521728p.html,https://media-www.canadiantire.ca/product/seasonal-gardening/backyard-living/outdoor-living-accessories/0521728/noma-waterproof-dock-hot-tub-string-light-2d2ec298-f8da-40e6-a7e4-186adfc9b6e3-jpgrendition.jpg?im=whresize&wid=200&hei=200,https://media-www.canadiantire.ca/product/seasonal-gardening/backyard-living/outdoor-living-accessories/0521728/noma-waterproof-dock-hot-tub-string-light-2d2ec298-f8da-40e6-a7e4-186adfc9b6e3-jpgrendition.jpg?im=whresize&wid=200&hei=200,,0521728,052-1728-0,Il n’en reste que 3 #052-1728-0,Liquidation◊Exclusivité,55.01,"26,99","59,99"
251,"Waterloo, ON","Ficelle à papier décorative, couleur naturelle, 100 pi","Ficelle à papier décorative, couleur naturelle, 100 pi",0.99,"0,99 $",2.99,"Était±  2,99 $prix était 2,99 $",0.99,"0,99 $",0.99,"0,99 $",true,https://www.canadiantire.ca/fr/pdp/ficelle-a-papier-decorative-couleur-naturelle-100-pi-8536707p.html,https://www.canadiantire.ca/fr/pdp/ficelle-a-papier-decorative-couleur-naturelle-100-pi-8536707p.html,https://media-www.canadiantire.ca/product/seasonal-gardening/party-city-everyday/party-city-non-seasonal-gift-wrapping/8536707/100ft-paper-twine-natural-colour-69d235b7-7157-4104-84d7-ebe0e1863c99-jpgrendition.jpg?im=whresize&wid=200&hei=200,https://media-www.canadiantire.ca/product/seasonal-gardening/party-city-everyday/party-city-non-seasonal-gift-wrapping/8536707/100ft-paper-twine-natural-colour-69d235b7-7157-4104-84d7-ebe0e1863c99-jpgrendition.jpg?im=whresize&wid=200&hei=200,,8536707,853-6707-4,,Liquidation◊,66.89,"0,99","2,99"
251,"Waterloo, ON",Prises de dame de nage chromées pour kayak ou canot,Prises de dame de nage chromées pour kayak ou canot,11.99,"11,99 $",29.99,"Était±  29,99 $prix était 29,99 $",11.99,"11,99 $",11.99,"11,99 $",true,https://www.canadiantire.ca/fr/pdp/prises-de-dame-de-nage-chromees-pour-kayak-ou-canot-0792470p.html,https://www.canadiantire.ca/fr/pdp/prises-de-dame-de-nage-chromees-pour-kayak-ou-canot-0792470p.html,https://media-www.canadiantire.ca/product/playing/seasonal-recreation/marine-power-boating/0792470/oar-sockets-chrome-00094463-040e-43c3-85b6-5a093733a7b1-jpgrendition.jpg?im=whresize&wid=200&hei=200,https://media-www.canadiantire.ca/product/playing/seasonal-recreation/marine-power-boating/0792470/oar-sockets-chrome-00094463-040e-43c3-85b6-5a093733a7b1-jpgrendition.jpg?im=whresize&wid=200&hei=200,,0792470,079-2470-2,Il n’en reste que 3 #079-2470-2,Liquidation◊Exclusivité,60.02,"11,99","29,99"
251,"Waterloo, ON",Trousse de frein d'urgence test à DEL Hopkins 20098 Endurance Engager,Trousse de frein d'urgence test à DEL Hopkins 20098 Endurance Engager,41.99,"41,99 $",99.99,"Était±  99,99 $prix était 99,99 $",41.99,"41,99 $",41.99,"41,99 $",true,https://www.canadiantire.ca/fr/pdp/trousse-de-frein-d-urgence-test-a-del-hopkins-20098-endurance-engager-1407238p.html,https://www.canadiantire.ca/fr/pdp/trousse-de-frein-d-urgence-test-a-del-hopkins-20098-endurance-engager-1407238p.html,https://media-www.canadiantire.ca/product/automotive/automotive-outdoor-adventure/auto-travel-storage/1407238/hopkins-endurancea-engagera-led-test-break-away-kit-85a1e1f8-8c51-43c8-afdb-a9bba244ce39-jpgrendition.jpg?im=whresize&wid=200&hei=200,https://media-www.canadiantire.ca/product/automotive/automotive-outdoor-adventure/auto-travel-storage/1407238/hopkins-endurancea-engagera-led-test-break-away-kit-85a1e1f8-8c51-43c8-afdb-a9bba244ce39-jpgrendition.jpg?im=whresize&wid=200&hei=200,,1407238,140-7238-0,Il n’en reste que 1 #140-7238-0,Liquidation◊,58.01,"41,99","99,99"
251,"Waterloo, ON","Leurre méné Berkley Gulp, 2 po","Leurre méné Berkley Gulp, 2 po",5.49,"5,49 $",11.99,"11,99 $Était   et+ prix était à partir de 11,99 $",5.49,"5,49 $",5.49,"5,49 $",true,https://www.canadiantire.ca/fr/pdp/leurre-mene-berkley-gulp-2-po-0770273p.html,https://www.canadiantire.ca/fr/pdp/leurre-mene-berkley-gulp-2-po-0770273p.html,https://media-www.canadiantire.ca/product/playing/fishing/fishing-lures/0770273/berkley-gulp-minnow-black-shad-2-5--e60bb00b-db2e-4cb4-884e-5afc83f27d9b-jpgrendition.jpg?im=whresize&wid=200&hei=200,https://media-www.canadiantire.ca/product/playing/fishing/fishing-lures/0770273/berkley-gulp-minnow-black-shad-2-5--e60bb00b-db2e-4cb4-884e-5afc83f27d9b-jpgrendition.jpg?im=whresize&wid=200&hei=200,,0770273,077-0273,Vérifiez la disponibilité#077-0273X,Liquidation◊Mieux notés,54.21,"5,49","11,99"
251,"Waterloo, ON",Veilleuse arc-en-ciel électrique à DEL Globe,Veilleuse arc-en-ciel électrique à DEL Globe,3.99,"3,99 $",9.99,"Était±  9,99 $prix était 9,99 $",3.99,"3,99 $",3.99,"3,99 $",true,https://www.canadiantire.ca/fr/pdp/veilleuse-arc-en-ciel-electrique-a-del-globe-0526177p.html,https://www.canadiantire.ca/fr/pdp/veilleuse-arc-en-ciel-electrique-a-del-globe-0526177p.html,https://media-www.canadiantire.ca/product/living/home-decor/lighting/0526177/globe-led-rainbow-night-light-38044df7-5eee-4a33-84e2-345a24cac292-jpgrendition.jpg?im=whresize&wid=200&hei=200,https://media-www.canadiantire.ca/product/living/home-decor/lighting/0526177/globe-led-rainbow-night-light-38044df7-5eee-4a33-84e2-345a24cac292-jpgrendition.jpg?im=whresize&wid=200&hei=200,,0526177,052-6177-0,Il n’en reste que 2 #052-6177-0,Liquidation◊,60.06,"3,99","9,99"
251,"Waterloo, ON","Chat noir lumineux à DEL à couleurs changeantes For Living, motifs de lune, 10 1/4 po, décoration pour l'intérieur/extérieur pour l'Halloween","Chat noir lumineux à DEL à couleurs changeantes For Living, motifs de lune, 10 1/4 po, décoration pour l'intérieur/extérieur pour l'Halloween",9.99,"9,99 $",19.99,"Était±  19,99 $prix était 19,99 $",9.99,"9,99 $",9.99,"9,99 $",true,https://www.canadiantire.ca/fr/pdp/chat-noir-lumineux-a-del-a-couleurs-changeantes-for-living-motifs-de-lune-10-1-4-po-decoration-pour-l-interieur-exterieur-pour-l-halloween-1519212p.html,https://www.canadiantire.ca/fr/pdp/chat-noir-lumineux-a-del-a-couleurs-changeantes-for-living-motifs-de-lune-10-1-4-po-decoration-pour-l-interieur-exterieur-pour-l-halloween-1519212p.html,https://media-www.canadiantire.ca/product/seasonal-gardening/seasonal/halloween-harvest/1519212/10-25-light-up-black-cat-4c61e2e6-ef53-41da-bf62-5a67811035c1-jpgrendition.jpg?im=whresize&wid=200&hei=200,https://media-www.canadiantire.ca/product/seasonal-gardening/seasonal/halloween-harvest/1519212/10-25-light-up-black-cat-4c61e2e6-ef53-41da-bf62-5a67811035c1-jpgrendition.jpg?im=whresize&wid=200&hei=200,,1519212,151-9212-2,,Liquidation◊Exclusivité,50.03,"9,99","19,99"
251,"Waterloo, ON",Housse de pare-brise Mallory Artic,Housse de pare-brise Mallory Artic,9.99,"9,99 $",19.99,"Était±  19,99 $prix était 19,99 $",9.99,"9,99 $",9.99,"9,99 $",true,https://www.canadiantire.ca/fr/pdp/housse-de-pare-brise-mallory-artic-0304231p.html,https://www.canadiantire.ca/fr/pdp/housse-de-pare-brise-mallory-artic-0304231p.html,https://media-www.canadiantire.ca/product/automotive/car-care-accessories/auto-winter-accessories/0304231/mallory-artic-windshield-cover-011618a4-6e16-4b05-acca-39665bdfee0b-jpgrendition.jpg?im=whresize&wid=200&hei=200,https://media-www.canadiantire.ca/product/automotive/car-care-accessories/auto-winter-accessories/0304231/mallory-artic-windshield-cover-011618a4-6e16-4b05-acca-39665bdfee0b-jpgrendition.jpg?im=whresize&wid=200&hei=200,,0304231,030-4231-4,Il n’en reste que 6 #030-4231-4,Liquidation◊,50.03,"9,99","19,99"
251,"Waterloo, ON","Appât Xcalibur Rigged Grubs, 1/4 once","Appât Xcalibur Rigged Grubs, 1/4 once",2.49,"2,49 $",5.99,"5,99 $Était   et+ prix était à partir de 5,99 $",2.49,"2,49 $",2.49,"2,49 $",true,https://www.canadiantire.ca/fr/pdp/appat-xcalibur-rigged-grubs-1-4-once-0778921p.html,https://www.canadiantire.ca/fr/pdp/appat-xcalibur-rigged-grubs-1-4-once-0778921p.html,https://media-www.canadiantire.ca/product/playing/fishing/fishing-lures/0778922/xcalibur-rigged-grubs-1-4-oz-black-glitter-e0bebc65-9c52-4750-8390-20d1349ad583-jpgrendition.jpg?im=whresize&wid=200&hei=200,https://media-www.canadiantire.ca/product/playing/fishing/fishing-lures/0778922/xcalibur-rigged-grubs-1-4-oz-black-glitter-e0bebc65-9c52-4750-8390-20d1349ad583-jpgrendition.jpg?im=whresize&wid=200&hei=200,,0778921,077-8921,Vérifiez la disponibilité#077-8921X,Liquidation◊Exclusivité,58.43,"2,49","5,99"
251,"Waterloo, ON","Jouet beignet en peluche pour chiens Petco, 6 po","Jouet beignet en peluche pour chiens Petco, 6 po",1.99,"1,99 $",3.99,"Était±  3,99 $prix était 3,99 $",1.99,"1,99 $",1.99,"1,99 $",true,https://www.canadiantire.ca/fr/pdp/jouet-beignet-en-peluche-pour-chiens-petco-6-po-2420942p.html,https://www.canadiantire.ca/fr/pdp/jouet-beignet-en-peluche-pour-chiens-petco-6-po-2420942p.html,https://media-www.canadiantire.ca/product/living/pet-care/pet-accessories/2420942/petco-plush-donut-dog-toy-6-in-e266fbb2-460d-435c-a85a-2ac3ab371033-jpgrendition.jpg?im=whresize&wid=200&hei=200,https://media-www.canadiantire.ca/product/living/pet-care/pet-accessories/2420942/petco-plush-donut-dog-toy-6-in-e266fbb2-460d-435c-a85a-2ac3ab371033-jpgrendition.jpg?im=whresize&wid=200&hei=200,,2420942,242-0942-2,Il n’en reste que 3 #242-0942-2,Liquidation◊Mieux notés,50.13,"1,99","3,99"
251,"Waterloo, ON","Bande lumineuse RVB à DEL avec Bluetooth Merkury, 2 m","Bande lumineuse RVB à DEL avec Bluetooth Merkury, 2 m",6.99,"6,99 $",15.99,"Était±  15,99 $prix était 15,99 $",6.99,"6,99 $",6.99,"6,99 $",true,https://www.canadiantire.ca/fr/pdp/bande-lumineuse-rvb-a-del-avec-bluetooth-merkury-2-m-0373141p.html,https://www.canadiantire.ca/fr/pdp/bande-lumineuse-rvb-a-del-avec-bluetooth-merkury-2-m-0373141p.html,https://media-www.canadiantire.ca/product/automotive/car-care-accessories/auto-accessories/0373141/merkury-rgb-usb-led-strip-light-2m-with-bluetooth-defdf11e-b4d0-42e7-b5c3-814cd7b89292-jpgrendition.jpg?im=whresize&wid=200&hei=200,https://media-www.canadiantire.ca/product/automotive/car-care-accessories/auto-accessories/0373141/merkury-rgb-usb-led-strip-light-2m-with-bluetooth-defdf11e-b4d0-42e7-b5c3-814cd7b89292-jpgrendition.jpg?im=whresize&wid=200&hei=200,,0373141,037-3141-0,Il n’en reste que 4 #037-3141-0,Liquidation◊,56.29,"6,99","15,99"
251,"Waterloo, ON","Bol pour chien Petco Reddy en acier inoxydable, 3,8 tasses","Bol pour chien Petco Reddy en acier inoxydable, 3,8 tasses",4.99,"4,99 $",28.99,"Était±  28,99 $prix était 28,99 $",4.99,"4,99 $",4.99,"4,99 $",true,https://www.canadiantire.ca/fr/pdp/bol-pour-chien-petco-reddy-en-acier-inoxydable-3-8-tasses-1426904p.html,https://www.canadiantire.ca/fr/pdp/bol-pour-chien-petco-reddy-en-acier-inoxydable-3-8-tasses-1426904p.html,https://media-www.canadiantire.ca/product/living/pet-care/pet-accessories/1426904/reddy-stainless-steel-dog-bowl-3-8-cups-7f8309bf-c94f-4cf4-bed6-bd37feed080c-jpgrendition.jpg?im=whresize&wid=200&hei=200,https://media-www.canadiantire.ca/product/living/pet-care/pet-accessories/1426904/reddy-stainless-steel-dog-bowl-3-8-cups-7f8309bf-c94f-4cf4-bed6-bd37feed080c-jpgrendition.jpg?im=whresize&wid=200&hei=200,,1426904,142-6904-6,50 En Stock#142-6904-6,Liquidation◊Exclusivité,82.79,"4,99","28,99"
251,"Waterloo, ON","Disque de lubrification Reese pour 5e roue, 12 po","Disque de lubrification Reese pour 5e roue, 12 po",9.99,"9,99 $",25.99,"Était±  25,99 $prix était 25,99 $",9.99,"9,99 $",9.99,"9,99 $",true,https://www.canadiantire.ca/fr/pdp/disque-de-lubrification-reese-pour-5e-roue-12-po-0409736p.html,https://www.canadiantire.ca/fr/pdp/disque-de-lubrification-reese-pour-5e-roue-12-po-0409736p.html,https://media-www.canadiantire.ca/product/automotive/automotive-outdoor-adventure/auto-travel-storage/0409736/reese-5th-wheel-lube-plate-52b26878-f997-4a28-a7c4-19c53d52bb3c-jpgrendition.jpg?im=whresize&wid=200&hei=200,https://media-www.canadiantire.ca/product/automotive/automotive-outdoor-adventure/auto-travel-storage/0409736/reese-5th-wheel-lube-plate-52b26878-f997-4a28-a7c4-19c53d52bb3c-jpgrendition.jpg?im=whresize&wid=200&hei=200,,0409736,040-9736-0,Il n’en reste que 4 #040-9736-0,Liquidation◊Mieux notés,61.56,"9,99","25,99"
251,"Waterloo, ON","Clous Bostitch, 28 degrés, fil soudé, 3 po, paq. 2 000","Clous Bostitch, 28 degrés, fil soudé, 3 po, paq. 2 000",34.99,"34,99 $",69.99,"Était±  69,99 $prix était 69,99 $",34.99,"34,99 $",34.99,"34,99 $",true,https://www.canadiantire.ca/fr/pdp/clous-bostitch-28-degres-fil-soude-3-po-paq-2-000-0582095p.html,https://www.canadiantire.ca/fr/pdp/clous-bostitch-28-degres-fil-soude-3-po-paq-2-000-0582095p.html,https://media-www.canadiantire.ca/product/fixing/tools/air-tools-accessories/0582095/bostitch-28degree-wire-weld-3-2000-ct-nails-6b28c10e-8892-49f9-883b-f6537dc2a398-jpgrendition.jpg?im=whresize&wid=200&hei=200,https://media-www.canadiantire.ca/product/fixing/tools/air-tools-accessories/0582095/bostitch-28degree-wire-weld-3-2000-ct-nails-6b28c10e-8892-49f9-883b-f6537dc2a398-jpgrendition.jpg?im=whresize&wid=200&hei=200,,0582095,058-2095-6,Il n’en reste que 1 #058-2095-6,Liquidation◊,50.01,"34,99","69,99"
251,"Waterloo, ON","Support pour moto Raider MX 5002, 881 lb, argent","Support pour moto Raider MX 5002, 881 lb, argent",34.99,"34,99 $",99.99,"Était±  99,99 $prix était 99,99 $",34.99,"34,99 $",34.99,"34,99 $",true,https://www.canadiantire.ca/fr/pdp/support-pour-moto-raider-mx-5002-881-lb-argent-0273999p.html,https://www.canadiantire.ca/fr/pdp/support-pour-moto-raider-mx-5002-881-lb-argent-0273999p.html,https://media-www.canadiantire.ca/product/automotive/automotive-outdoor-adventure/powersport/0273999/raider-mx-bike-stand-40b088c4-3c59-4f51-92ec-44c12108e763-jpgrendition.jpg?im=whresize&wid=200&hei=200,https://media-www.canadiantire.ca/product/automotive/automotive-outdoor-adventure/powersport/0273999/raider-mx-bike-stand-40b088c4-3c59-4f51-92ec-44c12108e763-jpgrendition.jpg?im=whresize&wid=200&hei=200,,0273999,027-3999-4,Il n’en reste que 1 #027-3999-4,Liquidation◊Mieux notés,65.01,"34,99","99,99"
251,"Waterloo, ON",Boule pour coupleur antivol et verrou Rightline Gear,Boule pour coupleur antivol et verrou Rightline Gear,12.99,"12,99 $",29.99,"Était±  29,99 $prix était 29,99 $",12.99,"12,99 $",12.99,"12,99 $",true,https://www.canadiantire.ca/fr/pdp/boule-pour-coupleur-antivol-et-verrou-rightline-gear-0406983p.html,https://www.canadiantire.ca/fr/pdp/boule-pour-coupleur-antivol-et-verrou-rightline-gear-0406983p.html,https://media-www.canadiantire.ca/product/automotive/automotive-outdoor-adventure/auto-travel-storage/0406983/anti-theft-coupler-ball-lock-40555987-9ba2-4d50-b9a0-07559a0b0240-jpgrendition.jpg?im=whresize&wid=200&hei=200,https://media-www.canadiantire.ca/product/automotive/automotive-outdoor-adventure/auto-travel-storage/0406983/anti-theft-coupler-ball-lock-40555987-9ba2-4d50-b9a0-07559a0b0240-jpgrendition.jpg?im=whresize&wid=200&hei=200,,0406983,040-6983-8,Il n’en reste que 2 #040-6983-8,Liquidation◊Mieux notés,56.69,"12,99","29,99"
251,"Waterloo, ON","Embouts de tournevis carrés Mastercraft en carbure, pour métal, plastique, maçonnerie, 1 po, paq. 5","Embouts de tournevis carrés Mastercraft en carbure, pour métal, plastique, maçonnerie, 1 po, paq. 5",2.99,"2,99 $",6.79,"6,79 $Était   et+ prix était à partir de 6,79 $",2.99,"2,99 $",2.99,"2,99 $",true,https://www.canadiantire.ca/fr/pdp/embouts-de-tournevis-carres-mastercraft-en-carbure-pour-metal-plastique-maconnerie-1-po-paq-5-0540780p.html,https://www.canadiantire.ca/fr/pdp/embouts-de-tournevis-carres-mastercraft-en-carbure-pour-metal-plastique-maconnerie-1-po-paq-5-0540780p.html,https://media-www.canadiantire.ca/product/fixing/tools/power-tool-accessories/0540780/mastercraft-1-sq1-screwdriver-bit-5-pk-6cedeaa0-c993-4a96-a958-428451203ace-jpgrendition.jpg?im=whresize&wid=200&hei=200,https://media-www.canadiantire.ca/product/fixing/tools/power-tool-accessories/0540780/mastercraft-1-sq1-screwdriver-bit-5-pk-6cedeaa0-c993-4a96-a958-428451203ace-jpgrendition.jpg?im=whresize&wid=200&hei=200,,0540780,054-0780,Vérifiez la disponibilité#054-0780X,Liquidation◊Mieux notés,55.96,"2,99","6,79"
251,"Waterloo, ON","Bouchon de servodirection Dorman HELP, Ford","Bouchon de servodirection Dorman HELP, Ford",1.49,"1,49 $",6.99,"Était±  6,99 $prix était 6,99 $",1.49,"1,49 $",1.49,"1,49 $",true,https://www.canadiantire.ca/fr/pdp/bouchon-de-servodirection-dorman-help-ford-0245562p.html,https://www.canadiantire.ca/fr/pdp/bouchon-de-servodirection-dorman-help-ford-0245562p.html,https://media-www.canadiantire.ca/product/automotive/light-auto-parts/general-auto-repair/0245562/motormite-help-power-steering-cap-ford-7d7a899e-dd93-4c83-9443-430ccc5575b9.png?im=whresize&wid=200&hei=200,https://media-www.canadiantire.ca/product/automotive/light-auto-parts/general-auto-repair/0245562/motormite-help-power-steering-cap-ford-7d7a899e-dd93-4c83-9443-430ccc5575b9.png?im=whresize&wid=200&hei=200,,0245562,024-5562-6,Il n’en reste que 1 #024-5562-6,Liquidation◊,78.68,"1,49","6,99"
251,"Waterloo, ON","Gobelets en plastique farouche, sans faille et fabuleuse, rose, 9 oz, paq. 30","Gobelets en plastique farouche, sans faille et fabuleuse, rose, 9 oz, paq. 30",4.99,"4,99 $",13.99,"Était±  13,99 $prix était 13,99 $",4.99,"4,99 $",4.99,"4,99 $",true,https://www.canadiantire.ca/fr/pdp/gobelets-en-plastique-farouche-sans-faille-et-fabuleuse-rose-9-oz-paq-30-8420323p.html,https://www.canadiantire.ca/fr/pdp/gobelets-en-plastique-farouche-sans-faille-et-fabuleuse-rose-9-oz-paq-30-8420323p.html,https://media-www.partycity.ca/product/seasonal-gardening/party-city-everyday/party-city-party-supplies-decor/8420323/fierce-fabulous-pink-plastic-cups-30ct-f76eefbe-7e98-4487-b9ca-d07fee8c7b16-jpgrendition.jpg?im=whresize&wid=200&hei=200,https://media-www.partycity.ca/product/seasonal-gardening/party-city-everyday/party-city-party-supplies-decor/8420323/fierce-fabulous-pink-plastic-cups-30ct-f76eefbe-7e98-4487-b9ca-d07fee8c7b16-jpgrendition.jpg?im=whresize&wid=200&hei=200,,8420323,842-0323-8,Il n’en reste que 3 #842-0323-8,Liquidation◊Mieux notés,64.33,"4,99","13,99"
251,"Waterloo, ON","Appât Pautzke Fire Bait, 1,5 oz","Appât Pautzke Fire Bait, 1,5 oz",3.99,"3,99 $",9.99,"9,99 $Était   et+ prix était à partir de 9,99 $",3.99,"3,99 $",3.99,"3,99 $",true,https://www.canadiantire.ca/fr/pdp/appat-pautzke-fire-bait-1-5-oz-0777709p.html,https://www.canadiantire.ca/fr/pdp/appat-pautzke-fire-bait-1-5-oz-0777709p.html,https://media-www.canadiantire.ca/product/playing/fishing/fishing-lures/0777710/pautzke-fire-bait-chartreuse-1-5oz-b47eb2e1-4b51-4681-8fa7-9495a70797cb-jpgrendition.jpg?im=whresize&wid=200&hei=200,https://media-www.canadiantire.ca/product/playing/fishing/fishing-lures/0777710/pautzke-fire-bait-chartreuse-1-5oz-b47eb2e1-4b51-4681-8fa7-9495a70797cb-jpgrendition.jpg?im=whresize&wid=200&hei=200,,0777709,077-7709,Vérifiez la disponibilité#077-7709X,Liquidation◊,60.06,"3,99","9,99"
251,"Waterloo, ON",Coussin d'accoudoir ergonomique AutoTrends,Coussin d'accoudoir ergonomique AutoTrends,11.99,"11,99 $",25.99,"Était±  25,99 $prix était 25,99 $",11.99,"11,99 $",11.99,"11,99 $",true,https://www.canadiantire.ca/fr/pdp/coussin-d-accoudoir-ergonomique-autotrends-0372413p.html,https://www.canadiantire.ca/fr/pdp/coussin-d-accoudoir-ergonomique-autotrends-0372413p.html,https://media-www.canadiantire.ca/product/automotive/car-care-accessories/auto-accessories/0372413/autotrends-ergonomic-armrest-pad-151b7a10-5ac3-4386-93b9-6e8f1ca01d4b-jpgrendition.jpg?im=whresize&wid=200&hei=200,https://media-www.canadiantire.ca/product/automotive/car-care-accessories/auto-accessories/0372413/autotrends-ergonomic-armrest-pad-151b7a10-5ac3-4386-93b9-6e8f1ca01d4b-jpgrendition.jpg?im=whresize&wid=200&hei=200,,0372413,037-2413-0,Il n’en reste que 1 #037-2413-0,Liquidation◊Mieux notés,53.87,"11,99","25,99"
251,"Waterloo, ON","Pantalon à couche de base en mérinos évacuant l'humidité Hunstshield pour femmes pour la chasse, la pêche et la randonnée, bleu marine","Pantalon à couche de base en mérinos évacuant l'humidité Hunstshield pour femmes pour la chasse, la pêche et la randonnée, bleu marine",26.49,"26,49 $",89.99,"89,99 $Était   et+ prix était à partir de 89,99 $",26.49,"26,49 $",26.49,"26,49 $",true,https://www.canadiantire.ca/fr/pdp/pantalon-a-couche-de-base-en-merinos-evacuant-l-humidite-hunstshield-pour-femmes-pour-la-chasse-la-peche-et-la-randonnee-bleu-marine-3750191p.html,https://www.canadiantire.ca/fr/pdp/pantalon-a-couche-de-base-en-merinos-evacuant-l-humidite-hunstshield-pour-femmes-pour-la-chasse-la-peche-et-la-randonnee-bleu-marine-3750191p.html,https://media-www.canadiantire.ca/product/playing/hunting/hunting-apparel-footwear/3750191/huntshield-baselayer-women-s-bottom-merino-small-2f3998d6-34c5-4411-b758-8e056026524d-jpgrendition.jpg?im=whresize&wid=200&hei=200,https://media-www.canadiantire.ca/product/playing/hunting/hunting-apparel-footwear/3750191/huntshield-baselayer-women-s-bottom-merino-small-2f3998d6-34c5-4411-b758-8e056026524d-jpgrendition.jpg?im=whresize&wid=200&hei=200,,3750191,375-0191,Vérifiez la disponibilité#375-0191X,Liquidation◊Exclusivité,70.56,"26,49","89,99"
251,"Waterloo, ON","Ballon en aluminium satiné lettres attachées Celebrate, arc-en-ciel, 59 x 20 po, gonflé d'air, pour fiançailles/mariage/anniversaire","Ballon en aluminium satiné lettres attachées Celebrate, arc-en-ciel, 59 x 20 po, gonflé d'air, pour fiançailles/mariage/anniversaire",6.99,"6,99 $",13.99,"13,99 $Était   et+ prix était à partir de 13,99 $",6.99,"6,99 $",6.99,"6,99 $",true,https://www.canadiantire.ca/fr/pdp/ballon-en-aluminium-satine-lettres-attachees-celebrate-arc-en-ciel-59-x-20-po-gonfle-d-air-pour-fiancailles-mariage-anniversaire-8423834p.html,https://www.canadiantire.ca/fr/pdp/ballon-en-aluminium-satine-lettres-attachees-celebrate-arc-en-ciel-59-x-20-po-gonfle-d-air-pour-fiancailles-mariage-anniversaire-8423834p.html,https://media-www.partycity.ca/product/seasonal-gardening/party-city-everyday/party-city-party-supplies-decor/8423834/rnbw-splash-blln-block-celbrt-c721fccc-bb91-4106-9474-b5fb109a1347-jpgrendition.jpg?im=whresize&wid=200&hei=200,https://media-www.partycity.ca/product/seasonal-gardening/party-city-everyday/party-city-party-supplies-decor/8423834/rnbw-splash-blln-block-celbrt-c721fccc-bb91-4106-9474-b5fb109a1347-jpgrendition.jpg?im=whresize&wid=200&hei=200,,8423834,842-3834-4,9 En Stock#842-3834-4,Liquidation◊,50.04,"6,99","13,99"
251,"Waterloo, ON","Lampe solaire d'extérieur NOMA à DEL en verre pour jardin et allée, blanc chaud","Lampe solaire d'extérieur NOMA à DEL en verre pour jardin et allée, blanc chaud",4.99,"4,99 $",13.99,"Était±  13,99 $prix était 13,99 $",4.99,"4,99 $",4.99,"4,99 $",true,https://www.canadiantire.ca/fr/pdp/lampe-solaire-d-exterieur-noma-a-del-en-verre-pour-jardin-et-allee-blanc-chaud-0521691p.html,https://www.canadiantire.ca/fr/pdp/lampe-solaire-d-exterieur-noma-a-del-en-verre-pour-jardin-et-allee-blanc-chaud-0521691p.html,https://media-www.canadiantire.ca/product/seasonal-gardening/backyard-living/outdoor-lighting/0521691/noma-glass-path-light-86f9b5f1-5955-435e-8883-cf53681a0900-jpgrendition.jpg?im=whresize&wid=200&hei=200,https://media-www.canadiantire.ca/product/seasonal-gardening/backyard-living/outdoor-lighting/0521691/noma-glass-path-light-86f9b5f1-5955-435e-8883-cf53681a0900-jpgrendition.jpg?im=whresize&wid=200&hei=200,,0521691,052-1691-4,,Liquidation◊Exclusivité,64.33,"4,99","13,99"
251,"Waterloo, ON",Nécessaire de mise à la terre de rechange pour remorque Hopkins 49060 Endurance avec fil de calibre 16,Nécessaire de mise à la terre de rechange pour remorque Hopkins 49060 Endurance avec fil de calibre 16,5.99,"5,99 $",12.99,"Était±  12,99 $prix était 12,99 $",5.99,"5,99 $",5.99,"5,99 $",true,https://www.canadiantire.ca/fr/pdp/necessaire-de-mise-a-la-terre-de-rechange-pour-remorque-hopkins-49060-endurance-avec-fil-de-calibre-16-1407216p.html,https://www.canadiantire.ca/fr/pdp/necessaire-de-mise-a-la-terre-de-rechange-pour-remorque-hopkins-49060-endurance-avec-fil-de-calibre-16-1407216p.html,https://media-www.canadiantire.ca/product/automotive/automotive-outdoor-adventure/auto-travel-storage/1407216/hopkins-endurancea-trailer-replacement-ground-kit-16-gage-1d45460b-41a2-45fe-a2a8-d4dfd80e39f3-jpgrendition.jpg?im=whresize&wid=200&hei=200,https://media-www.canadiantire.ca/product/automotive/automotive-outdoor-adventure/auto-travel-storage/1407216/hopkins-endurancea-trailer-replacement-ground-kit-16-gage-1d45460b-41a2-45fe-a2a8-d4dfd80e39f3-jpgrendition.jpg?im=whresize&wid=200&hei=200,,1407216,140-7216-2,Il n’en reste que 1 #140-7216-2,Liquidation◊,53.89,"5,99","12,99"
251,"Waterloo, ON","Ensemble de chasse Smith's, 14 pièces","Ensemble de chasse Smith's, 14 pièces",79.93,"79,93 $",199.99,"Était±  199,99 $prix était 199,99 $",79.93,"79,93 $",79.93,"79,93 $",true,https://www.canadiantire.ca/fr/pdp/ensemble-de-chasse-smith-s-14-pieces-0758532p.html,https://www.canadiantire.ca/fr/pdp/ensemble-de-chasse-smith-s-14-pieces-0758532p.html,https://media-www.canadiantire.ca/product/playing/hunting/hunting-equipment/0758532/smith-s-14-pc-ultimate-hunting-kit-4d7bab92-47b2-461f-b837-b184ac85cf69-jpgrendition.jpg?im=whresize&wid=200&hei=200,https://media-www.canadiantire.ca/product/playing/hunting/hunting-equipment/0758532/smith-s-14-pc-ultimate-hunting-kit-4d7bab92-47b2-461f-b837-b184ac85cf69-jpgrendition.jpg?im=whresize&wid=200&hei=200,,0758532,075-8532-8,Il n’en reste que 1 #075-8532-8,Liquidation◊Exclusivité,60.03,"79,93","199,99"
251,"Waterloo, ON","Pieds de rechange Drive Medical pour les cannes HurryCane Freedom, Go & HurryBright, noir, paq. 3","Pieds de rechange Drive Medical pour les cannes HurryCane Freedom, Go & HurryBright, noir, paq. 3",2.99,"2,99 $",16.99,"Était±  16,99 $prix était 16,99 $",2.99,"2,99 $",2.99,"2,99 $",true,https://www.canadiantire.ca/fr/pdp/pieds-de-rechange-drive-medical-pour-les-cannes-hurrycane-freedom-go-hurrybright-noir-paq-3-0439190p.html,https://www.canadiantire.ca/fr/pdp/pieds-de-rechange-drive-medical-pour-les-cannes-hurrycane-freedom-go-hurrybright-noir-paq-3-0439190p.html,https://media-www.canadiantire.ca/product/living/personal-garment-care/personal-care/0439190/hurrycane-replacement-foot-18fc9837-43be-402b-ad91-fc18c771fabd-jpgrendition.jpg?im=whresize&wid=200&hei=200,https://media-www.canadiantire.ca/product/living/personal-garment-care/personal-care/0439190/hurrycane-replacement-foot-18fc9837-43be-402b-ad91-fc18c771fabd-jpgrendition.jpg?im=whresize&wid=200&hei=200,,0439190,043-9190-0,Il n’en reste que 1 #043-9190-0,Liquidation◊Mieux notés,82.4,"2,99","16,99"
251,"Waterloo, ON","Manuel de réparation automobile Haynes, Buick, Oldsmobile et Pontiac, 38025","Manuel de réparation automobile Haynes, Buick, Oldsmobile et Pontiac, 38025",1.99,"1,99 $",32.99,"Était±  32,99 $prix était 32,99 $",1.99,"1,99 $",1.99,"1,99 $",true,https://www.canadiantire.ca/fr/pdp/manuel-de-reparation-automobile-haynes-buick-oldsmobile-et-pontiac-38025-0259307p.html,https://www.canadiantire.ca/fr/pdp/manuel-de-reparation-automobile-haynes-buick-oldsmobile-et-pontiac-38025-0259307p.html,https://media-www.canadiantire.ca/product/automotive/auto-maintenance/auto-shop-equipment-supplies/0259307/38025-gm-sky-som-achie-calais-gran-85-98-981decf0-ebfb-4110-b59b-18cb452a9ccf.png?im=whresize&wid=200&hei=200,https://media-www.canadiantire.ca/product/automotive/auto-maintenance/auto-shop-equipment-supplies/0259307/38025-gm-sky-som-achie-calais-gran-85-98-981decf0-ebfb-4110-b59b-18cb452a9ccf.png?im=whresize&wid=200&hei=200,,0259307,025-9307-0,Il n’en reste que 1 #025-9307-0,Liquidation◊,93.97,"1,99","32,99"
251,"Waterloo, ON","Bottes de randonnée mi-hautes Woods Ramsay, système de laçage rapide, hommes, brun","Bottes de randonnée mi-hautes Woods Ramsay, système de laçage rapide, hommes, brun",40.49,"40,49 $",119.99,"119,99 $Était   et+ prix était à partir de 119,99 $",40.49,"40,49 $",40.49,"40,49 $",true,https://www.canadiantire.ca/fr/pdp/bottes-de-randonnee-mi-hautes-woods-ramsay-systeme-de-lacage-rapide-hommes-brun-1873443p.html,https://www.canadiantire.ca/fr/pdp/bottes-de-randonnee-mi-hautes-woods-ramsay-systeme-de-lacage-rapide-hommes-brun-1873443p.html,https://media-www.canadiantire.ca/product/playing/footwear-apparel/summer-footwear-apparel/1873443/ramsey-mid-hiking-boots-men-size-7-2cdd7ee6-1812-43b3-9969-80d745dfefc5-jpgrendition.jpg?im=whresize&wid=200&hei=200,https://media-www.canadiantire.ca/product/playing/footwear-apparel/summer-footwear-apparel/1873443/ramsey-mid-hiking-boots-men-size-7-2cdd7ee6-1812-43b3-9969-80d745dfefc5-jpgrendition.jpg?im=whresize&wid=200&hei=200,,1873443,187-3443,Vérifiez la disponibilité#187-3443X,Liquidation◊Exclusivité,66.26,"40,49","119,99"
251,"Waterloo, ON",Nappe Achievement is Key,Nappe Achievement is Key,3.99,"3,99 $",9.99,"Était±  9,99 $prix était 9,99 $",3.99,"3,99 $",3.99,"3,99 $",true,https://www.canadiantire.ca/fr/pdp/nappe-achievement-is-key-8549452p.html,https://www.canadiantire.ca/fr/pdp/nappe-achievement-is-key-8549452p.html,https://media-www.partycity.ca/product/seasonal-gardening/party-city-seasonal/party-city-micro-season-decor/8549452/achievement-is-key-tablecover-2c016d7a-5587-4682-a205-09fe59dbc7dd-jpgrendition.jpg?im=whresize&wid=200&hei=200,https://media-www.partycity.ca/product/seasonal-gardening/party-city-seasonal/party-city-micro-season-decor/8549452/achievement-is-key-tablecover-2c016d7a-5587-4682-a205-09fe59dbc7dd-jpgrendition.jpg?im=whresize&wid=200&hei=200,,8549452,854-9452-8,Il n’en reste que 1 #854-9452-8,Liquidation◊Mieux notés,60.06,"3,99","9,99"
251,"Waterloo, ON",Trousse de changement de couleur pour prise Leviton Renu,Trousse de changement de couleur pour prise Leviton Renu,0.49,"0,49 $",2.39,"2,39 $Était   et+ prix était à partir de 2,39 $",0.49,"0,49 $",0.49,"0,49 $",true,https://www.canadiantire.ca/fr/pdp/trousse-de-changement-de-couleur-pour-prise-leviton-renu-0526983p.html,https://www.canadiantire.ca/fr/pdp/trousse-de-changement-de-couleur-pour-prise-leviton-renu-0526983p.html,https://media-www.canadiantire.ca/product/fixing/electrical/rough-electrical/0526985/renu-colour-change-kit-rich-navy-receptacle-3c86742d-ad8b-43e0-8f3f-285489df2df1-jpgrendition.jpg?im=whresize&wid=200&hei=200,https://media-www.canadiantire.ca/product/fixing/electrical/rough-electrical/0526985/renu-colour-change-kit-rich-navy-receptacle-3c86742d-ad8b-43e0-8f3f-285489df2df1-jpgrendition.jpg?im=whresize&wid=200&hei=200,,0526983,052-6983,Vérifiez la disponibilité#052-6983X,Liquidation◊,79.5,"0,49","2,39"
251,"Waterloo, ON","Poignées rondes en métal Peerless Jackson pour armoires et tiroirs, bronze, 1 3⁄8 po, paq. 10","Poignées rondes en métal Peerless Jackson pour armoires et tiroirs, bronze, 1 3⁄8 po, paq. 10",12.99,"12,99 $",29.99,"Était±  29,99 $prix était 29,99 $",12.99,"12,99 $",12.99,"12,99 $",true,https://www.canadiantire.ca/fr/pdp/poignees-rondes-en-metal-peerless-jackson-pour-armoires-et-tiroirs-bronze-1-3-8-po-paq-10-0467392p.html,https://www.canadiantire.ca/fr/pdp/poignees-rondes-en-metal-peerless-jackson-pour-armoires-et-tiroirs-bronze-1-3-8-po-paq-10-0467392p.html,https://media-www.canadiantire.ca/product/living/home-decor/decor-accents/0467392/peerless-1-3-8-jackson-knob-10pk-bronze-with-copper-de3b0a58-5d31-4273-9c12-8e14808d213c-jpgrendition.jpg?im=whresize&wid=200&hei=200,https://media-www.canadiantire.ca/product/living/home-decor/decor-accents/0467392/peerless-1-3-8-jackson-knob-10pk-bronze-with-copper-de3b0a58-5d31-4273-9c12-8e14808d213c-jpgrendition.jpg?im=whresize&wid=200&hei=200,,0467392,046-7392-6,Il n’en reste que 1 #046-7392-6,Liquidation◊Mieux notés,56.69,"12,99","29,99"
251,"Waterloo, ON",Mèche pour radiateur omniradiant au kérosène,Mèche pour radiateur omniradiant au kérosène,4.49,"4,49 $",29.99,"Était±  29,99 $prix était 29,99 $",4.49,"4,49 $",4.49,"4,49 $",true,https://www.canadiantire.ca/fr/pdp/meche-pour-radiateur-omniradiant-au-kerosene-0762911p.html,https://www.canadiantire.ca/fr/pdp/meche-pour-radiateur-omniradiant-au-kerosene-0762911p.html,https://media-www.canadiantire.ca/product/playing/camping/camping-living/0762911/wick-for-omni-kerosene-heater-99253024-01fe-4f3c-9219-f9e3c0837eac-jpgrendition.jpg?im=whresize&wid=200&hei=200,https://media-www.canadiantire.ca/product/playing/camping/camping-living/0762911/wick-for-omni-kerosene-heater-99253024-01fe-4f3c-9219-f9e3c0837eac-jpgrendition.jpg?im=whresize&wid=200&hei=200,,0762911,076-2911-0,Il n’en reste que 1 #076-2911-0,Liquidation◊Mieux notés,85.03,"4,49","29,99"
251,"Waterloo, ON","Lustre à 5 lampes abat-jour satiné CANVAS Echo, cristal","Lustre à 5 lampes abat-jour satiné CANVAS Echo, cristal",49.99,"49,99 $",204.99,"Était±  204,99 $prix était 204,99 $",49.99,"49,99 $",49.99,"49,99 $",true,https://www.canadiantire.ca/fr/pdp/lustre-a-5-lampes-abat-jour-satine-canvas-echo-cristal-0522683p.html,https://www.canadiantire.ca/fr/pdp/lustre-a-5-lampes-abat-jour-satine-canvas-echo-cristal-0522683p.html,https://media-www.canadiantire.ca/product/living/home-decor/lighting/0522683/canvas-echo-chandelier-36e61bf3-d821-4cba-bef0-4e304a887564-jpgrendition.jpg?im=whresize&wid=200&hei=200,https://media-www.canadiantire.ca/product/living/home-decor/lighting/0522683/canvas-echo-chandelier-36e61bf3-d821-4cba-bef0-4e304a887564-jpgrendition.jpg?im=whresize&wid=200&hei=200,,0522683,052-2683-8,Il n’en reste que 5 #052-2683-8,Liquidation◊Exclusivité,75.61,"49,99","204,99"
251,"Waterloo, ON","Pantalon de chasse isolé imperméable coupe-vent Yukon Gear Max 5, camouflage Realtree Max 5","Pantalon de chasse isolé imperméable coupe-vent Yukon Gear Max 5, camouflage Realtree Max 5",61.49,"61,49 $",149.99,"149,99 $Était   et+ prix était à partir de 149,99 $",61.49,"61,49 $",61.49,"61,49 $",true,https://www.canadiantire.ca/fr/pdp/pantalon-de-chasse-isole-impermeable-coupe-vent-yukon-gear-max-5-camouflage-realtree-max-5-1758580p.html,https://www.canadiantire.ca/fr/pdp/pantalon-de-chasse-isole-impermeable-coupe-vent-yukon-gear-max-5-camouflage-realtree-max-5-1758580p.html,https://media-www.canadiantire.ca/product/playing/hunting/hunting-apparel-footwear/1758580/yukon-gear-realtree-max-5-pants-m-a244d43e-2c4b-4acc-8837-bdd79ebe07d1-jpgrendition.jpg?im=whresize&wid=200&hei=200,https://media-www.canadiantire.ca/product/playing/hunting/hunting-apparel-footwear/1758580/yukon-gear-realtree-max-5-pants-m-a244d43e-2c4b-4acc-8837-bdd79ebe07d1-jpgrendition.jpg?im=whresize&wid=200&hei=200,,1758580,175-8580,Vérifiez la disponibilité#175-8580X,Liquidation◊Exclusivité,59,"61,49","149,99"
251,"Waterloo, ON",Connecteur rond 6 pôles côté remorque Hopkins Towing Solution,Connecteur rond 6 pôles côté remorque Hopkins Towing Solution,6.99,"6,99 $",15.99,"Était±  15,99 $prix était 15,99 $",6.99,"6,99 $",6.99,"6,99 $",true,https://www.canadiantire.ca/fr/pdp/connecteur-rond-6-poles-cote-remorque-hopkins-towing-solution-0409681p.html,https://www.canadiantire.ca/fr/pdp/connecteur-rond-6-poles-cote-remorque-hopkins-towing-solution-0409681p.html,https://media-www.canadiantire.ca/product/automotive/automotive-outdoor-adventure/auto-travel-storage/0409681/6-pole-round-trailer-end-005e55c4-38e8-441f-a6c8-453cc72cd2f4-jpgrendition.jpg?im=whresize&wid=200&hei=200,https://media-www.canadiantire.ca/product/automotive/automotive-outdoor-adventure/auto-travel-storage/0409681/6-pole-round-trailer-end-005e55c4-38e8-441f-a6c8-453cc72cd2f4-jpgrendition.jpg?im=whresize&wid=200&hei=200,,0409681,040-9681-8,Il n’en reste que 2 #040-9681-8,Liquidation◊Mieux notés,56.29,"6,99","15,99"
251,"Waterloo, ON","Ballon en aluminium satiné lettres It's A, choix de couleurs, 20 x 9 po, gonflé d'air, pour fête prénatale/dévoilement du sexe","Ballon en aluminium satiné lettres It's A, choix de couleurs, 20 x 9 po, gonflé d'air, pour fête prénatale/dévoilement du sexe",1.99,"1,99 $",8.99,"8,99 $Était   et+ prix était à partir de 8,99 $",1.99,"1,99 $",1.99,"1,99 $",true,https://www.canadiantire.ca/fr/pdp/ballon-en-aluminium-satine-lettres-it-s-a-choix-de-couleurs-20-x-9-po-gonfle-d-air-pour-fete-prenatale-devoilement-du-sexe-8420830p.html,https://www.canadiantire.ca/fr/pdp/ballon-en-aluminium-satine-lettres-it-s-a-choix-de-couleurs-20-x-9-po-gonfle-d-air-pour-fete-prenatale-devoilement-du-sexe-8420830p.html,https://media-www.partycity.ca/product/seasonal-gardening/party-city-everyday/party-city-party-supplies-decor/8423773/mini-gld-af-bn-i-5b3acd3a-f4eb-457e-a322-7df3b13b2348-jpgrendition.jpg?im=whresize&wid=200&hei=200,https://media-www.partycity.ca/product/seasonal-gardening/party-city-everyday/party-city-party-supplies-decor/8423773/mini-gld-af-bn-i-5b3acd3a-f4eb-457e-a322-7df3b13b2348-jpgrendition.jpg?im=whresize&wid=200&hei=200,,8420830,842-0830,Vérifiez la disponibilité#842-0830X,Liquidation◊,77.86,"1,99","8,99"
251,"Waterloo, ON",Gants de conduite d'hiver tout-aller en cuir souple chauds pour temps froid doublure isotherme Hot Paws pour hommes,Gants de conduite d'hiver tout-aller en cuir souple chauds pour temps froid doublure isotherme Hot Paws pour hommes,14.99,"14,99 $",37.99,"37,99 $Était   et+ prix était à partir de 37,99 $",14.99,"14,99 $",14.99,"14,99 $",true,https://www.canadiantire.ca/fr/pdp/gants-de-conduite-d-hiver-tout-aller-en-cuir-souple-chauds-pour-temps-froid-doublure-isotherme-hot-paws-pour-hommes-0872823p.html,https://www.canadiantire.ca/fr/pdp/gants-de-conduite-d-hiver-tout-aller-en-cuir-souple-chauds-pour-temps-froid-doublure-isotherme-hot-paws-pour-hommes-0872823p.html,https://media-www.canadiantire.ca/product/playing/footwear-apparel/winter-footwear-apparel/0872823/leather-gloves-men-s-medium-fdd025c7-0608-4d44-944e-fbd538c96ddc-jpgrendition.jpg?im=whresize&wid=200&hei=200,https://media-www.canadiantire.ca/product/playing/footwear-apparel/winter-footwear-apparel/0872823/leather-gloves-men-s-medium-fdd025c7-0608-4d44-944e-fbd538c96ddc-jpgrendition.jpg?im=whresize&wid=200&hei=200,,0872823,087-2823,Vérifiez la disponibilité#087-2823X,Liquidation◊Exclusivité,60.54,"14,99","37,99"
251,"Waterloo, ON",Hameçon à large écartement Xcalibur Sickle,Hameçon à large écartement Xcalibur Sickle,2.43,"2,43 $",5.49,"5,49 $Était   et+ prix était à partir de 5,49 $",2.43,"2,43 $",2.43,"2,43 $",true,https://www.canadiantire.ca/fr/pdp/hamecon-a-large-ecartement-xcalibur-sickle-0784256p.html,https://www.canadiantire.ca/fr/pdp/hamecon-a-large-ecartement-xcalibur-sickle-0784256p.html,https://media-www.canadiantire.ca/product/playing/fishing/fishing-lures/0784256/matzuo-wide-gap-sickle-hook-size-2-0-f39d6d77-c773-465a-bd14-f3b7eeeebbb3-jpgrendition.jpg?im=whresize&wid=200&hei=200,https://media-www.canadiantire.ca/product/playing/fishing/fishing-lures/0784256/matzuo-wide-gap-sickle-hook-size-2-0-f39d6d77-c773-465a-bd14-f3b7eeeebbb3-jpgrendition.jpg?im=whresize&wid=200&hei=200,,0784256,078-4256,Vérifiez la disponibilité#078-4256X,Liquidation◊Mieux notés,55.74,"2,43","5,49"
251,"Waterloo, ON",Mobile nuages apaisants Fisher-Price,Mobile nuages apaisants Fisher-Price,44.9,"44,90 $",89.99,"Était±  89,99 $prix était 89,99 $",44.9,"44,90 $",44.9,"44,90 $",true,https://www.canadiantire.ca/fr/pdp/mobile-nuages-apaisants-fisher-price-0469351p.html,https://www.canadiantire.ca/fr/pdp/mobile-nuages-apaisants-fisher-price-0469351p.html,https://media-www.canadiantire.ca/product/automotive/car-care-accessories/child-travel-baby/0469351/fp-calming-clouds-mobile-soother-470251ac-94a7-4db2-b3f5-bd4f69fc37e9-jpgrendition.jpg?im=whresize&wid=200&hei=200,https://media-www.canadiantire.ca/product/automotive/car-care-accessories/child-travel-baby/0469351/fp-calming-clouds-mobile-soother-470251ac-94a7-4db2-b3f5-bd4f69fc37e9-jpgrendition.jpg?im=whresize&wid=200&hei=200,,0469351,046-9351-2,Il n’en reste que 1 #046-9351-2,Liquidation◊Mieux notés,50.11,"44,90","89,99"
251,"Waterloo, ON",Barre d'alimentation de voyage NOMA avec 2 prises USB-A et USB-C,Barre d'alimentation de voyage NOMA avec 2 prises USB-A et USB-C,17.99,"17,99 $",44.99,"Était±  44,99 $prix était 44,99 $",17.99,"17,99 $",17.99,"17,99 $",true,https://www.canadiantire.ca/fr/pdp/barre-d-alimentation-de-voyage-noma-avec-2-prises-usb-a-et-usb-c-1522702p.html,https://www.canadiantire.ca/fr/pdp/barre-d-alimentation-de-voyage-noma-avec-2-prises-usb-a-et-usb-c-1522702p.html,https://media-www.canadiantire.ca/product/fixing/electrical/power-bars-extension-cords-timers/1522702/noma-2-outlet-usb-a-c-travel-power-bar-bb5faf62-b4c6-4e3a-ae53-099244e242d5-jpgrendition.jpg?im=whresize&wid=200&hei=200,https://media-www.canadiantire.ca/product/fixing/electrical/power-bars-extension-cords-timers/1522702/noma-2-outlet-usb-a-c-travel-power-bar-bb5faf62-b4c6-4e3a-ae53-099244e242d5-jpgrendition.jpg?im=whresize&wid=200&hei=200,,1522702,152-2702-6,Il n’en reste que 1 #152-2702-6,Liquidation◊Mieux notés,60.01,"17,99","44,99"
251,"Waterloo, ON","Trousse de changement de couleur pour DDFT Leviton Renu, 20 A, écorce de noyer","Trousse de changement de couleur pour DDFT Leviton Renu, 20 A, écorce de noyer",0.49,"0,49 $",2.39,"Était±  2,39 $prix était 2,39 $",0.49,"0,49 $",0.49,"0,49 $",true,https://www.canadiantire.ca/fr/pdp/trousse-de-changement-de-couleur-pour-ddft-leviton-renu-20-a-ecorce-de-noyer-0527102p.html,https://www.canadiantire.ca/fr/pdp/trousse-de-changement-de-couleur-pour-ddft-leviton-renu-20-a-ecorce-de-noyer-0527102p.html,https://media-www.canadiantire.ca/product/fixing/electrical/rough-electrical/0527102/reno-colour-change-kit-walnut-bark-gfci-20a-12830550-30e3-464f-a01d-839a158974ba-jpgrendition.jpg?im=whresize&wid=200&hei=200,https://media-www.canadiantire.ca/product/fixing/electrical/rough-electrical/0527102/reno-colour-change-kit-walnut-bark-gfci-20a-12830550-30e3-464f-a01d-839a158974ba-jpgrendition.jpg?im=whresize&wid=200&hei=200,,0527102,052-7102-2,,Liquidation◊,79.5,"0,49","2,39"
251,"Waterloo, ON","Everlast - Casque de protection pour sport de contact, jeunes","Everlast - Casque de protection pour sport de contact, jeunes",17.99,"17,99 $",39.99,"39,99 $Était   et+ prix était à partir de 39,99 $",17.99,"17,99 $",17.99,"17,99 $",true,https://www.canadiantire.ca/fr/pdp/everlast-casque-de-protection-pour-sport-de-contact-jeunes-1841256p.html,https://www.canadiantire.ca/fr/pdp/everlast-casque-de-protection-pour-sport-de-contact-jeunes-1841256p.html,https://media-www.canadiantire.ca/product/playing/exercise/exercise-accessories/1841256/everlast-youth-headgear-black-1253a3e8-b593-4015-8950-250e3d9c0a5f-jpgrendition.jpg?im=whresize&wid=200&hei=200,https://media-www.canadiantire.ca/product/playing/exercise/exercise-accessories/1841256/everlast-youth-headgear-black-1253a3e8-b593-4015-8950-250e3d9c0a5f-jpgrendition.jpg?im=whresize&wid=200&hei=200,,1841256,184-1256,Vérifiez la disponibilité#184-1256X,Liquidation◊Mieux notés,55.01,"17,99","39,99"
251,"Waterloo, ON","Crochet de suspension pour fil métallique Hangman, rebords de sécurité, capacité de 40 lb","Crochet de suspension pour fil métallique Hangman, rebords de sécurité, capacité de 40 lb",0.49,"0,49 $",5.49,"Était±  5,49 $prix était 5,49 $",0.49,"0,49 $",0.49,"0,49 $",true,https://www.canadiantire.ca/fr/pdp/crochet-de-suspension-pour-fil-metallique-hangman-rebords-de-securite-capacite-de-40-lb-1611041p.html,https://www.canadiantire.ca/fr/pdp/crochet-de-suspension-pour-fil-metallique-hangman-rebords-de-securite-capacite-de-40-lb-1611041p.html,https://media-www.canadiantire.ca/product/fixing/hardware/general-hardware/1611041/hangman-security-wire-hanger-1-set-bb0bd6e5-85ce-46fe-a473-fc10c0793c27-jpgrendition.jpg?im=whresize&wid=200&hei=200,https://media-www.canadiantire.ca/product/fixing/hardware/general-hardware/1611041/hangman-security-wire-hanger-1-set-bb0bd6e5-85ce-46fe-a473-fc10c0793c27-jpgrendition.jpg?im=whresize&wid=200&hei=200,,1611041,161-1041-2,8 En Stock#161-1041-2,Liquidation◊Mieux notés,91.07,"0,49","5,49"
251,"Waterloo, ON","Câble de hayon Dorman HELP, Ford, 21 po","Câble de hayon Dorman HELP, Ford, 21 po",2.99,"2,99 $",19.99,"Était±  19,99 $prix était 19,99 $",2.99,"2,99 $",2.99,"2,99 $",true,https://www.canadiantire.ca/fr/pdp/cable-de-hayon-dorman-help-ford-21-po-0245372p.html,https://www.canadiantire.ca/fr/pdp/cable-de-hayon-dorman-help-ford-21-po-0245372p.html,https://media-www.canadiantire.ca/product/automotive/light-auto-parts/general-auto-repair/0245372/tailgate-cable-1b6c05bf-e27f-4c05-9ebc-412445dd4463.png?im=whresize&wid=200&hei=200,https://media-www.canadiantire.ca/product/automotive/light-auto-parts/general-auto-repair/0245372/tailgate-cable-1b6c05bf-e27f-4c05-9ebc-412445dd4463.png?im=whresize&wid=200&hei=200,,0245372,024-5372-8,Il n’en reste que 1 #024-5372-8,Liquidation◊,85.04,"2,99","19,99"
251,"Waterloo, ON",Manchon de rouleau à peinture en poly Wagner pour 'N Roll Plus et Mate Plus,Manchon de rouleau à peinture en poly Wagner pour 'N Roll Plus et Mate Plus,1.99,"1,99 $",10.49,"10,49 $Était   et+ prix était à partir de 10,49 $",1.99,"1,99 $",1.99,"1,99 $",true,https://www.canadiantire.ca/fr/pdp/manchon-de-rouleau-a-peinture-en-poly-wagner-pour-n-roll-plus-et-mate-plus-0490301p.html,https://www.canadiantire.ca/fr/pdp/manchon-de-rouleau-a-peinture-en-poly-wagner-pour-n-roll-plus-et-mate-plus-0490301p.html,https://media-www.canadiantire.ca/product/fixing/paint/paint-accessories/0490324/3-8x9-cover-roller-1802b77e-93a2-4708-b9fc-f6cb04fbf282.png?im=whresize&wid=200&hei=200,https://media-www.canadiantire.ca/product/fixing/paint/paint-accessories/0490324/3-8x9-cover-roller-1802b77e-93a2-4708-b9fc-f6cb04fbf282.png?im=whresize&wid=200&hei=200,,0490301,049-0301,Vérifiez la disponibilité#049-0301X,Liquidation◊Mieux notés,81.03,"1,99","10,49"
251,"Waterloo, ON","Câble de hayon Dorman HELP, GM, 17 1/4 po","Câble de hayon Dorman HELP, GM, 17 1/4 po",1.99,"1,99 $",19.99,"Était±  19,99 $prix était 19,99 $",1.99,"1,99 $",1.99,"1,99 $",true,https://www.canadiantire.ca/fr/pdp/cable-de-hayon-dorman-help-gm-17-1-4-po-0245373p.html,https://www.canadiantire.ca/fr/pdp/cable-de-hayon-dorman-help-gm-17-1-4-po-0245373p.html,https://media-www.canadiantire.ca/product/automotive/light-auto-parts/general-auto-repair/0245373/tailgate-cable-2f34e547-95bb-43dd-8177-3b10cae066c5-jpgrendition.jpg?im=whresize&wid=200&hei=200,https://media-www.canadiantire.ca/product/automotive/light-auto-parts/general-auto-repair/0245373/tailgate-cable-2f34e547-95bb-43dd-8177-3b10cae066c5-jpgrendition.jpg?im=whresize&wid=200&hei=200,,0245373,024-5373-6,Il n’en reste que 2 #024-5373-6,Liquidation◊,90.05,"1,99","19,99"
251,"Waterloo, ON","Gaine de volant antidérapante AutoTrends en suède, noir","Gaine de volant antidérapante AutoTrends en suède, noir",9.99,"9,99 $",21.99,"Était±  21,99 $prix était 21,99 $",9.99,"9,99 $",9.99,"9,99 $",true,https://www.canadiantire.ca/fr/pdp/gaine-de-volant-antiderapante-autotrends-en-suede-noir-0329048p.html,https://www.canadiantire.ca/fr/pdp/gaine-de-volant-antiderapante-autotrends-en-suede-noir-0329048p.html,https://media-www.canadiantire.ca/product/automotive/car-care-accessories/auto-comfort/0329048/autotrends-suede-steering-wheel-grip-739ef498-0270-45eb-a867-7c8e2864e9a8-jpgrendition.jpg?im=whresize&wid=200&hei=200,https://media-www.canadiantire.ca/product/automotive/car-care-accessories/auto-comfort/0329048/autotrends-suede-steering-wheel-grip-739ef498-0270-45eb-a867-7c8e2864e9a8-jpgrendition.jpg?im=whresize&wid=200&hei=200,,0329048,032-9048-8,16 En Stock#032-9048-8,Liquidation◊Exclusivité,54.57,"9,99","21,99"
251,"Waterloo, ON",Capteur pour systèmes de surveillance de la pression des pneus HUF IntelliSens UVS3040 - CSSPP,Capteur pour systèmes de surveillance de la pression des pneus HUF IntelliSens UVS3040 - CSSPP,4.99,"4,99 $",48.99,"Était±  48,99 $prix était 48,99 $",4.99,"4,99 $",4.99,"4,99 $",true,https://www.canadiantire.ca/fr/pdp/capteur-pour-systemes-de-surveillance-de-la-pression-des-pneus-huf-intellisens-uvs3040-csspp-0094690p.html,https://www.canadiantire.ca/fr/pdp/capteur-pour-systemes-de-surveillance-de-la-pression-des-pneus-huf-intellisens-uvs3040-csspp-0094690p.html,https://media-www.canadiantire.ca/product/automotive/tires/wheels-and-accessories/0094690/uvs3040-huf-intellisens-programmable-tpms-sensor-1335abf7-83cd-463a-be7a-a48d734f4f0a.png?im=whresize&wid=200&hei=200,https://media-www.canadiantire.ca/product/automotive/tires/wheels-and-accessories/0094690/uvs3040-huf-intellisens-programmable-tpms-sensor-1335abf7-83cd-463a-be7a-a48d734f4f0a.png?im=whresize&wid=200&hei=200,,0094690,009-4690-4,,Liquidation◊,89.81,"4,99","48,99"
251,"Waterloo, ON",Enrouleur mobile pour ligne à pêche Berkley,Enrouleur mobile pour ligne à pêche Berkley,5.99,"5,99 $",14.99,"Était±  14,99 $prix était 14,99 $",5.99,"5,99 $",5.99,"5,99 $",true,https://www.canadiantire.ca/fr/pdp/enrouleur-mobile-pour-ligne-a-peche-berkley-0774025p.html,https://www.canadiantire.ca/fr/pdp/enrouleur-mobile-pour-ligne-a-peche-berkley-0774025p.html,https://media-www.canadiantire.ca/product/playing/fishing/fishing-accessories/0774025/berkley-mobile-line-spooler-47cbb8ec-e18b-487a-9e18-80160a3b0c6f-jpgrendition.jpg?im=whresize&wid=200&hei=200,https://media-www.canadiantire.ca/product/playing/fishing/fishing-accessories/0774025/berkley-mobile-line-spooler-47cbb8ec-e18b-487a-9e18-80160a3b0c6f-jpgrendition.jpg?im=whresize&wid=200&hei=200,,0774025,077-4025-6,Il n’en reste que 2 #077-4025-6,Liquidation◊,60.04,"5,99","14,99"
251,"Waterloo, ON","Leurre grenouille sauteuse Xcalibur, 1/4 oz","Leurre grenouille sauteuse Xcalibur, 1/4 oz",3.49,"3,49 $",7.99,"7,99 $Était   et+ prix était à partir de 7,99 $",3.49,"3,49 $",3.49,"3,49 $",true,https://www.canadiantire.ca/fr/pdp/leurre-grenouille-sauteuse-xcalibur-1-4-oz-0771281p.html,https://www.canadiantire.ca/fr/pdp/leurre-grenouille-sauteuse-xcalibur-1-4-oz-0771281p.html,https://media-www.canadiantire.ca/product/playing/fishing/fishing-lures/0771284/xcalibur-xtr-popping-frog-croaker-1-4-oz-dc36fc8d-df13-4750-92c2-712ae1f21051-jpgrendition.jpg?im=whresize&wid=200&hei=200,https://media-www.canadiantire.ca/product/playing/fishing/fishing-lures/0771284/xcalibur-xtr-popping-frog-croaker-1-4-oz-dc36fc8d-df13-4750-92c2-712ae1f21051-jpgrendition.jpg?im=whresize&wid=200&hei=200,,0771281,077-1281,Vérifiez la disponibilité#077-1281X,Liquidation◊Exclusivité,56.32,"3,49","7,99"
251,"Waterloo, ON","Clapet de pied Anka ,en polyéthylène, taille variée, noir","Clapet de pied Anka ,en polyéthylène, taille variée, noir",2.99,"2,99 $",18.99,"18,99 $Était   et+ prix était à partir de 18,99 $",2.99,"2,99 $",2.99,"2,99 $",true,https://www.canadiantire.ca/fr/pdp/clapet-de-pied-anka-en-polyethylene-taille-variee-noir-0624133p.html,https://www.canadiantire.ca/fr/pdp/clapet-de-pied-anka-en-polyethylene-taille-variee-noir-0624133p.html,https://media-www.canadiantire.ca/product/fixing/plumbing/water-management/0624136/anka-foot-valve-3-4--4312c86c-d0b8-48bb-8c19-a1bb0676d1a8-jpgrendition.jpg?im=whresize&wid=200&hei=200,https://media-www.canadiantire.ca/product/fixing/plumbing/water-management/0624136/anka-foot-valve-3-4--4312c86c-d0b8-48bb-8c19-a1bb0676d1a8-jpgrendition.jpg?im=whresize&wid=200&hei=200,,0624133,062-4133,Vérifiez la disponibilité#062-4133X,Liquidation◊,84.25,"2,99","18,99"
251,"Waterloo, ON","Assiettes à dessert en papier journée sainte, God Bless, paq. 18","Assiettes à dessert en papier journée sainte, God Bless, paq. 18",2.49,"2,49 $",4.99,"Était±  4,99 $prix était 4,99 $",2.49,"2,49 $",2.49,"2,49 $",true,https://www.canadiantire.ca/fr/pdp/assiettes-a-dessert-en-papier-journee-sainte-god-bless-paq-18-8534688p.html,https://www.canadiantire.ca/fr/pdp/assiettes-a-dessert-en-papier-journee-sainte-god-bless-paq-18-8534688p.html,https://media-www.partycity.ca/product/seasonal-gardening/party-city-everyday/party-city-party-supplies-decor/8534688/merry-christmas-plates-18-count-7-inches-2ed450fc-6f9a-4de3-a390-d2991375b24b-jpgrendition.jpg?im=whresize&wid=200&hei=200,https://media-www.partycity.ca/product/seasonal-gardening/party-city-everyday/party-city-party-supplies-decor/8534688/merry-christmas-plates-18-count-7-inches-2ed450fc-6f9a-4de3-a390-d2991375b24b-jpgrendition.jpg?im=whresize&wid=200&hei=200,,8534688,853-4688-0,Il n’en reste que 3 #853-4688-0,Liquidation◊,50.1,"2,49","4,99"
251,"Waterloo, ON","Leurres pour achigan RedWolf, vers, paq. 100","Leurres pour achigan RedWolf, vers, paq. 100",13.99,"13,99 $",32.99,"Était±  32,99 $prix était 32,99 $",13.99,"13,99 $",13.99,"13,99 $",true,https://www.canadiantire.ca/fr/pdp/leurres-pour-achigan-redwolf-vers-paq-100-0777767p.html,https://www.canadiantire.ca/fr/pdp/leurres-pour-achigan-redwolf-vers-paq-100-0777767p.html,https://media-www.canadiantire.ca/product/playing/fishing/fishing-lures/0777767/red-wolf-bass-worm-kit-100-piece-aba403cd-7df8-4275-910b-0db99378c1a6-jpgrendition.jpg?im=whresize&wid=200&hei=200,https://media-www.canadiantire.ca/product/playing/fishing/fishing-lures/0777767/red-wolf-bass-worm-kit-100-piece-aba403cd-7df8-4275-910b-0db99378c1a6-jpgrendition.jpg?im=whresize&wid=200&hei=200,,0777767,077-7767-2,Il n’en reste que 1 #077-7767-2,Liquidation◊Exclusivité,57.59,"13,99","32,99"
251,"Waterloo, ON","Leurre Northland Sink’N, varié, 1/2 once","Leurre Northland Sink’N, varié, 1/2 once",5.79,"5,79 $",12.99,"Était±  12,99 $prix était 12,99 $",5.79,"5,79 $",5.79,"5,79 $",true,https://www.canadiantire.ca/fr/pdp/leurre-northland-sink-n-varie-1-2-once-0778781p.html,https://www.canadiantire.ca/fr/pdp/leurre-northland-sink-n-varie-1-2-once-0778781p.html,https://media-www.canadiantire.ca/product/playing/fishing/fishing-lures/0778781/northland-sink-n-jig-1-2-oz-assorted-33cc6727-52eb-4da5-b025-ddad8a7b6d13-jpgrendition.jpg?im=whresize&wid=200&hei=200,https://media-www.canadiantire.ca/product/playing/fishing/fishing-lures/0778781/northland-sink-n-jig-1-2-oz-assorted-33cc6727-52eb-4da5-b025-ddad8a7b6d13-jpgrendition.jpg?im=whresize&wid=200&hei=200,,0778781,077-8781-0,Il n’en reste que 1 #077-8781-0,Liquidation◊,55.43,"5,79","12,99"
251,"Waterloo, ON",Filtre rinçable primaire Hoover,Filtre rinçable primaire Hoover,12.99,"12,99 $",27.99,"Était±  27,99 $prix était 27,99 $",12.99,"12,99 $",12.99,"12,99 $",true,https://www.canadiantire.ca/fr/pdp/filtre-rincable-primaire-hoover-0439458p.html,https://www.canadiantire.ca/fr/pdp/filtre-rincable-primaire-hoover-0439458p.html,https://media-www.canadiantire.ca/product/living/cleaning/vacuums-and-floorcare/0439458/hoover-reusable-upright-pre-motor-filter-6f7e61a6-e08e-406a-986c-562bf9504271-jpgrendition.jpg?im=whresize&wid=200&hei=200,https://media-www.canadiantire.ca/product/living/cleaning/vacuums-and-floorcare/0439458/hoover-reusable-upright-pre-motor-filter-6f7e61a6-e08e-406a-986c-562bf9504271-jpgrendition.jpg?im=whresize&wid=200&hei=200,,0439458,043-9458-6,Il n’en reste que 4 #043-9458-6,Liquidation◊Mieux notés,53.59,"12,99","27,99"
251,"Waterloo, ON",Barre de tirage Reese Towpower 21901,Barre de tirage Reese Towpower 21901,4.99,"4,99 $",29.99,"Était±  29,99 $prix était 29,99 $",4.99,"4,99 $",4.99,"4,99 $",true,https://www.canadiantire.ca/fr/pdp/barre-de-tirage-reese-towpower-21901-0406003p.html,https://www.canadiantire.ca/fr/pdp/barre-de-tirage-reese-towpower-21901-0406003p.html,https://media-www.canadiantire.ca/product/automotive/automotive-outdoor-adventure/auto-travel-storage/0406003/reese-towpower-interlock-ball-mount-1-1-4-drop-class-ii-baf766f3-2734-4048-af17-7bc8950e3925-jpgrendition.jpg?im=whresize&wid=200&hei=200,https://media-www.canadiantire.ca/product/automotive/automotive-outdoor-adventure/auto-travel-storage/0406003/reese-towpower-interlock-ball-mount-1-1-4-drop-class-ii-baf766f3-2734-4048-af17-7bc8950e3925-jpgrendition.jpg?im=whresize&wid=200&hei=200,,0406003,040-6003-2,Il n’en reste que 1 #040-6003-2,Liquidation◊Mieux notés,83.36,"4,99","29,99"
251,"Waterloo, ON","Support de tablette en métal à rail double HOME COLLECTIONS, blanc, 7 po","Support de tablette en métal à rail double HOME COLLECTIONS, blanc, 7 po",0.49,"0,49 $",3.99,"Était±  3,99 $prix était 3,99 $",0.49,"0,49 $",0.49,"0,49 $",true,https://www.canadiantire.ca/fr/pdp/support-de-tablette-en-metal-a-rail-double-home-collections-blanc-7-po-0687073p.html,https://www.canadiantire.ca/fr/pdp/support-de-tablette-en-metal-a-rail-double-home-collections-blanc-7-po-0687073p.html,https://media-www.canadiantire.ca/product/living/home-organization/closet-organization/0687073/dual-track-bracket-white-7--be37eaca-17e6-4cba-95a3-f3be80eaa620.png?im=whresize&wid=200&hei=200,https://media-www.canadiantire.ca/product/living/home-organization/closet-organization/0687073/dual-track-bracket-white-7--be37eaca-17e6-4cba-95a3-f3be80eaa620.png?im=whresize&wid=200&hei=200,,0687073,068-7073-4,Il n’en reste que 3 #068-7073-4,Liquidation◊Mieux notés,87.72,"0,49","3,99"
251,"Waterloo, ON",Leurre Lunkerhunt Swim Bento,Leurre Lunkerhunt Swim Bento,3.99,"3,99 $",11.99,"11,99 $Était   et+ prix était à partir de 11,99 $",3.99,"3,99 $",3.99,"3,99 $",true,https://www.canadiantire.ca/fr/pdp/leurre-lunkerhunt-swim-bento-0778728p.html,https://www.canadiantire.ca/fr/pdp/leurre-lunkerhunt-swim-bento-0778728p.html,https://media-www.canadiantire.ca/product/playing/fishing/fishing-lures/0778729/lunkerhunt-swim-bento-lure-maui-5-5--52404a86-b045-48d1-9851-e2085b56a42a-jpgrendition.jpg?im=whresize&wid=200&hei=200,https://media-www.canadiantire.ca/product/playing/fishing/fishing-lures/0778729/lunkerhunt-swim-bento-lure-maui-5-5--52404a86-b045-48d1-9851-e2085b56a42a-jpgrendition.jpg?im=whresize&wid=200&hei=200,,0778728,077-8728,Vérifiez la disponibilité#077-8728X,Liquidation◊,66.72,"3,99","11,99"
251,"Waterloo, ON",Pantoufles à carreaux Outbound pour dames,Pantoufles à carreaux Outbound pour dames,12.99,"12,99 $",39.99,"39,99 $Était   et+ prix était à partir de 39,99 $",12.99,"12,99 $",12.99,"12,99 $",true,https://www.canadiantire.ca/fr/pdp/pantoufles-a-carreaux-outbound-pour-dames-1873626p.html,https://www.canadiantire.ca/fr/pdp/pantoufles-a-carreaux-outbound-pour-dames-1873626p.html,https://media-www.canadiantire.ca/product/playing/footwear-apparel/winter-footwear-apparel/1873626/women-s-plaid-slipper-6-a5725c7e-c1ae-410d-a213-61984bf8c6c1-jpgrendition.jpg?im=whresize&wid=200&hei=200,https://media-www.canadiantire.ca/product/playing/footwear-apparel/winter-footwear-apparel/1873626/women-s-plaid-slipper-6-a5725c7e-c1ae-410d-a213-61984bf8c6c1-jpgrendition.jpg?im=whresize&wid=200&hei=200,,1873626,187-3626,Vérifiez la disponibilité#187-3626X,Liquidation◊Exclusivité,67.52,"12,99","39,99"
251,"Waterloo, ON","Écharpe cache-cou protection d'hiver pour l'extérieur imperméable pare-vent Kombie HalfClava, noir","Écharpe cache-cou protection d'hiver pour l'extérieur imperméable pare-vent Kombie HalfClava, noir",9.99,"9,99 $",21.99,"21,99 $Était   et+ prix était à partir de 21,99 $",9.99,"9,99 $",9.99,"9,99 $",true,https://www.canadiantire.ca/fr/pdp/echarpe-cache-cou-protection-d-hiver-pour-l-exterieur-impermeable-pare-vent-kombie-halfclava-noir-1873008p.html,https://www.canadiantire.ca/fr/pdp/echarpe-cache-cou-protection-d-hiver-pour-l-exterieur-impermeable-pare-vent-kombie-halfclava-noir-1873008p.html,https://media-www.canadiantire.ca/product/playing/footwear-apparel/winter-footwear-apparel/1873008/kombi-face-mask-black-s-m-80cb2ed3-409f-40e0-b849-b46aa20e639b-jpgrendition.jpg?im=whresize&wid=200&hei=200,https://media-www.canadiantire.ca/product/playing/footwear-apparel/winter-footwear-apparel/1873008/kombi-face-mask-black-s-m-80cb2ed3-409f-40e0-b849-b46aa20e639b-jpgrendition.jpg?im=whresize&wid=200&hei=200,,1873008,187-3008,Vérifiez la disponibilité#187-3008X,Liquidation◊Exclusivité,54.57,"9,99","21,99"
251,"Waterloo, ON","Bac de rangement pliable Merangue, compartiment unique, motifs variés","Bac de rangement pliable Merangue, compartiment unique, motifs variés",5.49,"5,49 $",12.99,"Était±  12,99 $prix était 12,99 $",5.49,"5,49 $",5.49,"5,49 $",true,https://www.canadiantire.ca/fr/pdp/bac-de-rangement-pliable-merangue-compartiment-unique-motifs-varies-1420804p.html,https://www.canadiantire.ca/fr/pdp/bac-de-rangement-pliable-merangue-compartiment-unique-motifs-varies-1420804p.html,https://media-www.canadiantire.ca/product/seasonal-gardening/toys/home-office-supplies/1420804/merangue-single-compartment-collapsible-bin-75073341-d3ab-45de-b589-7192eeda2aeb-jpgrendition.jpg?im=whresize&wid=200&hei=200,https://media-www.canadiantire.ca/product/seasonal-gardening/toys/home-office-supplies/1420804/merangue-single-compartment-collapsible-bin-75073341-d3ab-45de-b589-7192eeda2aeb-jpgrendition.jpg?im=whresize&wid=200&hei=200,,1420804,142-0804-0,,Liquidation◊Mieux notés,57.74,"5,49","12,99"
251,"Waterloo, ON","Gobelet à surprises pour fête d'anniversaire Battle Royal, bleu, 16 oz","Gobelet à surprises pour fête d'anniversaire Battle Royal, bleu, 16 oz",0.49,"0,49 $",1.99,"Était±  1,99 $prix était 1,99 $",0.49,"0,49 $",0.49,"0,49 $",true,https://www.canadiantire.ca/fr/pdp/gobelet-a-surprises-pour-fete-d-anniversaire-battle-royal-bleu-16-oz-8422955p.html,https://www.canadiantire.ca/fr/pdp/gobelet-a-surprises-pour-fete-d-anniversaire-battle-royal-bleu-16-oz-8422955p.html,https://media-www.partycity.ca/product/seasonal-gardening/party-city-everyday/party-city-party-supplies-decor/8422955/16oz-fvr-cup-battle-royal-27a2638b-1d70-4025-9eb0-78a63637ac26-jpgrendition.jpg?im=whresize&wid=200&hei=200,https://media-www.partycity.ca/product/seasonal-gardening/party-city-everyday/party-city-party-supplies-decor/8422955/16oz-fvr-cup-battle-royal-27a2638b-1d70-4025-9eb0-78a63637ac26-jpgrendition.jpg?im=whresize&wid=200&hei=200,,8422955,842-2955-2,9 En Stock#842-2955-2,Liquidation◊Mieux notés,75.38,"0,49","1,99"
251,"Waterloo, ON","Cache-cou mixte Hot Paws, varié","Cache-cou mixte Hot Paws, varié",4.49,"4,49 $",12.49,"Était±  12,49 $prix était 12,49 $",4.49,"4,49 $",4.49,"4,49 $",true,https://www.canadiantire.ca/fr/pdp/cache-cou-mixte-hot-paws-varie-1873315p.html,https://www.canadiantire.ca/fr/pdp/cache-cou-mixte-hot-paws-varie-1873315p.html,https://media-www.canadiantire.ca/product/playing/footwear-apparel/winter-footwear-apparel/1873315/hotpaws-unisex-neck-warmer-one-size-assorted-f5e399ce-d7b9-4a59-bc7c-5d79b84cb53a-jpgrendition.jpg?im=whresize&wid=200&hei=200,https://media-www.canadiantire.ca/product/playing/footwear-apparel/winter-footwear-apparel/1873315/hotpaws-unisex-neck-warmer-one-size-assorted-f5e399ce-d7b9-4a59-bc7c-5d79b84cb53a-jpgrendition.jpg?im=whresize&wid=200&hei=200,,1873315,187-3315-0,Il n’en reste que 1 #187-3315-0,Liquidation◊,64.05,"4,49","12,49"
251,"Waterloo, ON","Flotteurs à ressort pour pêche blanche en eau dure HT, paq. 2","Flotteurs à ressort pour pêche blanche en eau dure HT, paq. 2",1.99,"1,99 $",5.49,"Était±  5,49 $prix était 5,49 $",1.99,"1,99 $",1.99,"1,99 $",true,https://www.canadiantire.ca/fr/pdp/flotteurs-a-ressort-pour-peche-blanche-en-eau-dure-ht-paq-2-0778520p.html,https://www.canadiantire.ca/fr/pdp/flotteurs-a-ressort-pour-peche-blanche-en-eau-dure-ht-paq-2-0778520p.html,https://media-www.canadiantire.ca/product/playing/fishing/ice-fishing/0778520/ht-hardwater-spring-bobbers-2-pack-c875082d-be5a-422a-86f0-43d012dd2183-jpgrendition.jpg?im=whresize&wid=200&hei=200,https://media-www.canadiantire.ca/product/playing/fishing/ice-fishing/0778520/ht-hardwater-spring-bobbers-2-pack-c875082d-be5a-422a-86f0-43d012dd2183-jpgrendition.jpg?im=whresize&wid=200&hei=200,,0778520,077-8520-2,,Liquidation◊,63.75,"1,99","5,49"
251,"Waterloo, ON","Boucles Atron Electro Industries LA766, type mâle, bronze huilé, 1/8 IPS","Boucles Atron Electro Industries LA766, type mâle, bronze huilé, 1/8 IPS",0.99,"0,99 $",2.79,"Était±  2,79 $prix était 2,79 $",0.99,"0,99 $",0.99,"0,99 $",true,https://www.canadiantire.ca/fr/pdp/boucles-atron-electro-industries-la766-type-male-bronze-huile-1-8-ips-0522875p.html,https://www.canadiantire.ca/fr/pdp/boucles-atron-electro-industries-la766-type-male-bronze-huile-1-8-ips-0522875p.html,https://media-www.canadiantire.ca/product/fixing/electrical/rough-electrical/0522875/oil-rubbed-bronze-male-loops-8231521b-1e73-48cb-87b8-eca4fa5b86eb-jpgrendition.jpg?im=whresize&wid=200&hei=200,https://media-www.canadiantire.ca/product/fixing/electrical/rough-electrical/0522875/oil-rubbed-bronze-male-loops-8231521b-1e73-48cb-87b8-eca4fa5b86eb-jpgrendition.jpg?im=whresize&wid=200&hei=200,,0522875,052-2875-2,Il n’en reste que 1 #052-2875-2,Liquidation◊Mieux notés,64.52,"0,99","2,79"
251,"Waterloo, ON",Harnais Xcalibur pour le brochet,Harnais Xcalibur pour le brochet,1.99,"1,99 $",5.99,"5,99 $Était   et+ prix était à partir de 5,99 $",1.99,"1,99 $",1.99,"1,99 $",true,https://www.canadiantire.ca/fr/pdp/harnais-xcalibur-pour-le-brochet-0786846p.html,https://www.canadiantire.ca/fr/pdp/harnais-xcalibur-pour-le-brochet-0786846p.html,https://media-www.canadiantire.ca/product/playing/fishing/fishing-lures/0786846/matzuo-pike-harness-firetiger-e9dfe828-903b-4613-a7c2-e57189a7991a-jpgrendition.jpg?im=whresize&wid=200&hei=200,https://media-www.canadiantire.ca/product/playing/fishing/fishing-lures/0786846/matzuo-pike-harness-firetiger-e9dfe828-903b-4613-a7c2-e57189a7991a-jpgrendition.jpg?im=whresize&wid=200&hei=200,,0786846,078-6846,Vérifiez la disponibilité#078-6846X,Liquidation◊Exclusivité,66.78,"1,99","5,99"
251,"Waterloo, ON","Appât en tube Lunkerhunt Spicy Revealer, 4 1/4 po","Appât en tube Lunkerhunt Spicy Revealer, 4 1/4 po",3.49,"3,49 $",8.99,"8,99 $Était   et+ prix était à partir de 8,99 $",3.49,"3,49 $",3.49,"3,49 $",true,https://www.canadiantire.ca/fr/pdp/appat-en-tube-lunkerhunt-spicy-revealer-4-1-4-po-0772133p.html,https://www.canadiantire.ca/fr/pdp/appat-en-tube-lunkerhunt-spicy-revealer-4-1-4-po-0772133p.html,https://media-www.canadiantire.ca/product/playing/fishing/fishing-lures/0772133/lunkerhunt-spicy-revealer-tubes-4-1-4-black-neon-efa6552c-6c64-42f3-8c21-78307017e0c5-jpgrendition.jpg?im=whresize&wid=200&hei=200,https://media-www.canadiantire.ca/product/playing/fishing/fishing-lures/0772133/lunkerhunt-spicy-revealer-tubes-4-1-4-black-neon-efa6552c-6c64-42f3-8c21-78307017e0c5-jpgrendition.jpg?im=whresize&wid=200&hei=200,,0772133,077-2133,Vérifiez la disponibilité#077-2133X,Liquidation◊,61.18,"3,49","8,99"
