store_id,city,name,title,price,price_raw,regular_price,regular_price_raw,liquidation_price,liquidation_price_raw,sale_price,sale_price_raw,liquidation,url,link,image,image_url,product_id,sku,sku_formatted,availability,badges,discount_percent,price_sale_clean,price_original_clean
320,"Rimouski, QC","Cintres pivotants compacts en velours Type A avec barre à pantalon, couleurs variées, paq. 40","Cintres pivotants compacts en velours Type A avec barre à pantalon, couleurs variées, paq. 40",12.93,"12,93 $",32.99,"32,99 $Était   et+ prix était à partir de 32,99 $",12.93,"12,93 $",12.93,"12,93 $",true,https://www.canadiantire.ca/fr/pdp/cintres-pivotants-compacts-en-velours-type-a-avec-barre-a-pantalon-couleurs-variees-paq-40-0688307p.html,https://www.canadiantire.ca/fr/pdp/cintres-pivotants-compacts-en-velours-type-a-avec-barre-a-pantalon-couleurs-variees-paq-40-0688307p.html,https://media-www.canadiantire.ca/product/living/home-organization/closet-organization/0688308/type-a-velvet-suit-hanger-black-10pk-4afb3f73-0449-46d6-975c-369ae2760de2-jpgrendition.jpg?im=whresize&wid=200&hei=200,https://media-www.canadiantire.ca/product/living/home-organization/closet-organization/0688308/type-a-velvet-suit-hanger-black-10pk-4afb3f73-0449-46d6-975c-369ae2760de2-jpgrendition.jpg?im=whresize&wid=200&hei=200,,0688307,068-8307,Vérifiez la disponibilité#068-8307X,Liquidation◊Mieux notés,60.81,"12,93","32,99"
320,"Rimouski, QC","Gaufrier miniature compact antiadhésif en forme de coeur Dash, rouge","Gaufrier miniature compact antiadhésif en forme de coeur Dash, rouge",9.93,"9,93 $",20.99,"Était±  20,99 $prix était 20,99 $",9.93,"9,93 $",9.93,"9,93 $",true,https://www.canadiantire.ca/fr/pdp/gaufrier-miniature-compact-antiadhesif-en-forme-de-coeur-dash-rouge-0430375p.html,https://www.canadiantire.ca/fr/pdp/gaufrier-miniature-compact-antiadhesif-en-forme-de-coeur-dash-rouge-0430375p.html,https://media-www.canadiantire.ca/product/living/kitchen/kitchen-appliances/0430375/dash-heart-mini-waffle-maker-red-5355d5fb-cea9-4969-88de-99bf11ab3589-jpgrendition.jpg?im=whresize&wid=200&hei=200,https://media-www.canadiantire.ca/product/living/kitchen/kitchen-appliances/0430375/dash-heart-mini-waffle-maker-red-5355d5fb-cea9-4969-88de-99bf11ab3589-jpgrendition.jpg?im=whresize&wid=200&hei=200,,0430375,043-0375-6,12 En Stock#043-0375-6,Liquidation◊Mieux notés,52.69,"9,93","20,99"
320,"Rimouski, QC","Bluehive - Ecouteurs boutons sans fil, 22h autonomie et charge rapide","Bluehive - Ecouteurs boutons sans fil, 22h autonomie et charge rapide",15.88,"15,88 $",39.99,"Était±  39,99 $prix était 39,99 $",15.88,"15,88 $",15.88,"15,88 $",true,https://www.canadiantire.ca/fr/pdp/bluehive-ecouteurs-boutons-sans-fil-22h-autonomie-et-charge-rapide-0355551p.html,https://www.canadiantire.ca/fr/pdp/bluehive-ecouteurs-boutons-sans-fil-22h-autonomie-et-charge-rapide-0355551p.html,https://media-www.canadiantire.ca/product/automotive/car-care-accessories/auto-electronics/0355551/bluehive-bluepods-true-wireless-earbuds-d801aae0-977a-4b93-998a-00bad4241385-jpgrendition.jpg?im=whresize&wid=200&hei=200,https://media-www.canadiantire.ca/product/automotive/car-care-accessories/auto-electronics/0355551/bluehive-bluepods-true-wireless-earbuds-d801aae0-977a-4b93-998a-00bad4241385-jpgrendition.jpg?im=whresize&wid=200&hei=200,,0355551,035-5551-6,Il n’en reste que 5 #035-5551-6,Liquidation◊Exclusivité,60.29,"15,88","39,99"
320,"Rimouski, QC","Système de chasse-neige Kolpin Switchblade 17-0000 pour VTT, 48 à 60 po","Système de chasse-neige Kolpin Switchblade 17-0000 pour VTT, 48 à 60 po",259.93,"259,93 $",539.99,"Était±  539,99 $prix était 539,99 $",259.93,"259,93 $",259.93,"259,93 $",true,https://www.canadiantire.ca/fr/pdp/systeme-de-chasse-neige-kolpin-switchblade-17-0000-pour-vtt-48-a-60-po-0278190p.html,https://www.canadiantire.ca/fr/pdp/systeme-de-chasse-neige-kolpin-switchblade-17-0000-pour-vtt-48-a-60-po-0278190p.html,https://media-www.canadiantire.ca/product/automotive/automotive-outdoor-adventure/powersport/0278190/kolpin-switchblade-atv-snow-plow-52354734-5dda-4ae2-b6c8-873c986b6c5e-jpgrendition.jpg?im=whresize&wid=200&hei=200,https://media-www.canadiantire.ca/product/automotive/automotive-outdoor-adventure/powersport/0278190/kolpin-switchblade-atv-snow-plow-52354734-5dda-4ae2-b6c8-873c986b6c5e-jpgrendition.jpg?im=whresize&wid=200&hei=200,,0278190,027-8190-6,Il n’en reste que 6 #027-8190-6,Liquidation◊Mieux notés,51.86,"259,93","539,99"
320,"Rimouski, QC","Chaise longue gonflable Fluid Roll'N Float, 152,4 x 76,2 cm (60 x 36 po), violet","Chaise longue gonflable Fluid Roll'N Float, 152,4 x 76,2 cm (60 x 36 po), violet",19.93,"19,93 $",49.99,"Était±  49,99 $prix était 49,99 $",19.93,"19,93 $",19.93,"19,93 $",true,https://www.canadiantire.ca/fr/pdp/chaise-longue-gonflable-fluid-roll-n-float-152-4-x-76-2-cm-60-x-36-po-violet-0813955p.html,https://www.canadiantire.ca/fr/pdp/chaise-longue-gonflable-fluid-roll-n-float-152-4-x-76-2-cm-60-x-36-po-violet-0813955p.html,https://media-www.canadiantire.ca/product/seasonal-gardening/backyard-fun/pool-fun/0813955/fluid-roll-n-float-pool-lounge-85af6e7e-35a6-4d5c-871d-9d4bd044e510-jpgrendition.jpg?im=whresize&wid=200&hei=200,https://media-www.canadiantire.ca/product/seasonal-gardening/backyard-fun/pool-fun/0813955/fluid-roll-n-float-pool-lounge-85af6e7e-35a6-4d5c-871d-9d4bd044e510-jpgrendition.jpg?im=whresize&wid=200&hei=200,,0813955,081-3955-6,Il n’en reste que 5 #081-3955-6,Liquidation◊Exclusivité,60.13,"19,93","49,99"
320,"Rimouski, QC","Tasse de voyage à double paroi avec poignée Bubba Keg Classic, 20 oz, choix de couleurs","Tasse de voyage à double paroi avec poignée Bubba Keg Classic, 20 oz, choix de couleurs",9.93,"9,93 $",24.99,"24,99 $Était   et+ prix était à partir de 24,99 $",9.93,"9,93 $",9.93,"9,93 $",true,https://www.canadiantire.ca/fr/pdp/tasse-de-voyage-a-double-paroi-avec-poignee-bubba-keg-classic-20-oz-choix-de-couleurs-2425153p.html,https://www.canadiantire.ca/fr/pdp/tasse-de-voyage-a-double-paroi-avec-poignee-bubba-keg-classic-20-oz-choix-de-couleurs-2425153p.html,https://media-www.canadiantire.ca/product/living/kitchen/food-storage/2425154/bubba-20-oz-keg-mug-magenta-0effc0af-c6a5-482f-b1fb-0de772f237a0-jpgrendition.jpg?im=whresize&wid=200&hei=200,https://media-www.canadiantire.ca/product/living/kitchen/food-storage/2425154/bubba-20-oz-keg-mug-magenta-0effc0af-c6a5-482f-b1fb-0de772f237a0-jpgrendition.jpg?im=whresize&wid=200&hei=200,,2425153,242-5153,Vérifiez la disponibilité#242-5153X,Liquidation◊Mieux notés,60.26,"9,93","24,99"
320,"Rimouski, QC","Friteuse à air chaud à deux zones T-Fal Easy Fry, 8,3 L/8,7 ptes","Friteuse à air chaud à deux zones T-Fal Easy Fry, 8,3 L/8,7 ptes",99.93,"99,93 $",199.99,"Était±  199,99 $prix était 199,99 $",99.93,"99,93 $",99.93,"99,93 $",true,https://www.canadiantire.ca/fr/pdp/friteuse-a-air-chaud-a-deux-zones-t-fal-easy-fry-8-3-l-8-7-ptes-0430340p.html,https://www.canadiantire.ca/fr/pdp/friteuse-a-air-chaud-a-deux-zones-t-fal-easy-fry-8-3-l-8-7-ptes-0430340p.html,https://media-www.canadiantire.ca/product/living/kitchen/kitchen-appliances/0430340/t-fal-dual-zone-air-fryer-f30f9c50-9b02-4977-a8b9-2e9b9249a74e-jpgrendition.jpg?im=whresize&wid=200&hei=200,https://media-www.canadiantire.ca/product/living/kitchen/kitchen-appliances/0430340/t-fal-dual-zone-air-fryer-f30f9c50-9b02-4977-a8b9-2e9b9249a74e-jpgrendition.jpg?im=whresize&wid=200&hei=200,,0430340,043-0340-8,27 En Stock#043-0340-8,Liquidation◊Mieux notés,50.03,"99,93","199,99"
320,"Rimouski, QC","Support à pneus à tablette réglable MotoMaster, capacité de 300 lb","Support à pneus à tablette réglable MotoMaster, capacité de 300 lb",33.93,"33,93 $",74.99,"Était±  74,99 $prix était 74,99 $",33.93,"33,93 $",33.93,"33,93 $",true,https://www.canadiantire.ca/fr/pdp/support-a-pneus-a-tablette-reglable-motomaster-capacite-de-300-lb-0091537p.html,https://www.canadiantire.ca/fr/pdp/support-a-pneus-a-tablette-reglable-motomaster-capacite-de-300-lb-0091537p.html,https://media-www.canadiantire.ca/product/automotive/auto-maintenance/auto-shop-equipment-supplies/0091537/motomaster-adjustable-tire-storage-shelves-797f8bda-21ae-4374-ab65-dfc1341fe0c4-jpgrendition.jpg?im=whresize&wid=200&hei=200,https://media-www.canadiantire.ca/product/automotive/auto-maintenance/auto-shop-equipment-supplies/0091537/motomaster-adjustable-tire-storage-shelves-797f8bda-21ae-4374-ab65-dfc1341fe0c4-jpgrendition.jpg?im=whresize&wid=200&hei=200,,0091537,009-1537-0,Il n’en reste que 3 #009-1537-0,Liquidation◊Exclusivité,54.75,"33,93","74,99"
320,"Rimouski, QC","Étagère de rangement saisonnier Mastercraft avec chariot plateforme roulant, noir, 166,37 x 90,17 x 172,72 cm(65,5 x 35,5 x 68 po)","Étagère de rangement saisonnier Mastercraft avec chariot plateforme roulant, noir, 166,37 x 90,17 x 172,72 cm(65,5 x 35,5 x 68 po)",149.93,"149,93 $",299.99,"Était±  299,99 $prix était 299,99 $",149.93,"149,93 $",149.93,"149,93 $",true,https://www.canadiantire.ca/fr/pdp/etagere-de-rangement-saisonnier-mastercraft-avec-chariot-plateforme-roulant-noir-166-37-x-90-17-x-172-72-cm-65-5-x-35-5-x-68-po-0681822p.html,https://www.canadiantire.ca/fr/pdp/etagere-de-rangement-saisonnier-mastercraft-avec-chariot-plateforme-roulant-noir-166-37-x-90-17-x-172-72-cm-65-5-x-35-5-x-68-po-0681822p.html,https://media-www.canadiantire.ca/product/fixing/tools/garage-organization/0681822/mastercraft-seasonal-storage-rack-4657eb31-2d51-419f-a388-3dcc3e45f853-jpgrendition.jpg?im=whresize&wid=200&hei=200,https://media-www.canadiantire.ca/product/fixing/tools/garage-organization/0681822/mastercraft-seasonal-storage-rack-4657eb31-2d51-419f-a388-3dcc3e45f853-jpgrendition.jpg?im=whresize&wid=200&hei=200,,0681822,068-1822-8,Il n’en reste que 2 #068-1822-8,Liquidation◊Mieux notés,50.02,"149,93","299,99"
320,"Rimouski, QC",Huitre à enfourcher flottante gonflable pour lac,Huitre à enfourcher flottante gonflable pour lac,39.93,"39,93 $",99.99,"Était±  99,99 $prix était 99,99 $",39.93,"39,93 $",39.93,"39,93 $",true,https://www.canadiantire.ca/fr/pdp/huitre-a-enfourcher-flottante-gonflable-pour-lac-0791411p.html,https://www.canadiantire.ca/fr/pdp/huitre-a-enfourcher-flottante-gonflable-pour-lac-0791411p.html,https://media-www.canadiantire.ca/product/playing/seasonal-recreation/marine-water-fun/0791411/clamshell-lake-inflatable-84c224b6-f74f-43cb-add7-f18aa0e52402-jpgrendition.jpg?im=whresize&wid=200&hei=200,https://media-www.canadiantire.ca/product/playing/seasonal-recreation/marine-water-fun/0791411/clamshell-lake-inflatable-84c224b6-f74f-43cb-add7-f18aa0e52402-jpgrendition.jpg?im=whresize&wid=200&hei=200,,0791411,079-1411-0,Il n’en reste que 1 #079-1411-0,Liquidation◊,60.07,"39,93","99,99"
320,"Rimouski, QC","Fauteuil de salle à manger d'extérieur/de terrasse CANVAS Belwood en aluminium et osier, paq. 2","Fauteuil de salle à manger d'extérieur/de terrasse CANVAS Belwood en aluminium et osier, paq. 2",249.93,"249,93 $",499.99,"Était±  499,99 $prix était 499,99 $",249.93,"249,93 $",249.93,"249,93 $",true,https://www.canadiantire.ca/fr/pdp/fauteuil-de-salle-a-manger-d-exterieur-de-terrasse-canvas-belwood-en-aluminium-et-osier-paq-2-0880541p.html,https://www.canadiantire.ca/fr/pdp/fauteuil-de-salle-a-manger-d-exterieur-de-terrasse-canvas-belwood-en-aluminium-et-osier-paq-2-0880541p.html,https://media-www.canadiantire.ca/product/seasonal-gardening/backyard-living/outdoor-furniture/0880541/canvas-belwood-aluminum-dining-chair-2-pack-de38f891-c44a-49df-a4e2-897c643e77fb-jpgrendition.jpg?im=whresize&wid=200&hei=200,https://media-www.canadiantire.ca/product/seasonal-gardening/backyard-living/outdoor-furniture/0880541/canvas-belwood-aluminum-dining-chair-2-pack-de38f891-c44a-49df-a4e2-897c643e77fb-jpgrendition.jpg?im=whresize&wid=200&hei=200,,0880541,088-0541-4,Il n’en reste que 2 #088-0541-4,Liquidation◊Mieux notés,50.01,"249,93","499,99"
320,"Rimouski, QC",Aspirateur-robot Shark Navigator Spot Lidar,Aspirateur-robot Shark Navigator Spot Lidar,199.93,"199,93 $",399.99,"Était±  399,99 $prix était 399,99 $",199.93,"199,93 $",199.93,"199,93 $",true,https://www.canadiantire.ca/fr/pdp/aspirateur-robot-shark-navigator-spot-lidar-0439617p.html,https://www.canadiantire.ca/fr/pdp/aspirateur-robot-shark-navigator-spot-lidar-0439617p.html,https://media-www.canadiantire.ca/product/living/cleaning/vacuums-and-floorcare/0439617/shark-navigator-spot-lidar-robotic-vac-0da3fe11-906d-4be8-9ef1-35c7a6f4dccf-jpgrendition.jpg?im=whresize&wid=200&hei=200,https://media-www.canadiantire.ca/product/living/cleaning/vacuums-and-floorcare/0439617/shark-navigator-spot-lidar-robotic-vac-0da3fe11-906d-4be8-9ef1-35c7a6f4dccf-jpgrendition.jpg?im=whresize&wid=200&hei=200,,0439617,043-9617-8,Il n’en reste que 4 #043-9617-8,Liquidation◊Mieux notés,50.02,"199,93","399,99"
320,"Rimouski, QC","Bibliothèque étroite à cadre en métal à 4 niveaux avec porte de rangement CANVAS Robson, fini chêne","Bibliothèque étroite à cadre en métal à 4 niveaux avec porte de rangement CANVAS Robson, fini chêne",119.93,"119,93 $",299.99,"Était±  299,99 $prix était 299,99 $",119.93,"119,93 $",119.93,"119,93 $",true,https://www.canadiantire.ca/fr/pdp/bibliotheque-etroite-a-cadre-en-metal-a-4-niveaux-avec-porte-de-rangement-canvas-robson-fini-chene-1680046p.html,https://www.canadiantire.ca/fr/pdp/bibliotheque-etroite-a-cadre-en-metal-a-4-niveaux-avec-porte-de-rangement-canvas-robson-fini-chene-1680046p.html,https://media-www.canadiantire.ca/product/living/home-decor/furniture/1680046/canvas-robson-narrow-bookcase-e1615183-0b8a-49f9-8dc3-0a09bf7290ad-jpgrendition.jpg?im=whresize&wid=200&hei=200,https://media-www.canadiantire.ca/product/living/home-decor/furniture/1680046/canvas-robson-narrow-bookcase-e1615183-0b8a-49f9-8dc3-0a09bf7290ad-jpgrendition.jpg?im=whresize&wid=200&hei=200,,1680046,168-0046-4,Il n’en reste que 1 #168-0046-4,Liquidation◊Articles à succès,60.02,"119,93","299,99"
320,"Rimouski, QC","Planche à pagaie pour 1 personne Pelican Flow 106, blanc et vert, 10 pi 6 po","Planche à pagaie pour 1 personne Pelican Flow 106, blanc et vert, 10 pi 6 po",299.93,"299,93 $",599.99,"Était±  599,99 $prix était 599,99 $",299.93,"299,93 $",299.93,"299,93 $",true,https://www.canadiantire.ca/fr/pdp/planche-a-pagaie-pour-1-personne-pelican-flow-106-blanc-et-vert-10-pi-6-po-0792044p.html,https://www.canadiantire.ca/fr/pdp/planche-a-pagaie-pour-1-personne-pelican-flow-106-blanc-et-vert-10-pi-6-po-0792044p.html,https://media-www.canadiantire.ca/product/playing/seasonal-recreation/marine-water-fun/0792044/pelican-flow-106-stand-up-paddle-board-7136f53a-71e5-4f0a-825f-eab92a92ff42-jpgrendition.jpg?im=whresize&wid=200&hei=200,https://media-www.canadiantire.ca/product/playing/seasonal-recreation/marine-water-fun/0792044/pelican-flow-106-stand-up-paddle-board-7136f53a-71e5-4f0a-825f-eab92a92ff42-jpgrendition.jpg?im=whresize&wid=200&hei=200,,0792044,079-2044-8,Il n’en reste que 1 #079-2044-8,Liquidation◊Mieux notés,50.01,"299,93","599,99"
320,"Rimouski, QC","Ouvre-porte de garage à courroie ultra silencieux avec Wi-Fi et caméra intégrée Chamberlain B4643TC, 3/4 HP","Ouvre-porte de garage à courroie ultra silencieux avec Wi-Fi et caméra intégrée Chamberlain B4643TC, 3/4 HP",299.93,"299,93 $",599.99,"Était±  599,99 $prix était 599,99 $",299.93,"299,93 $",299.93,"299,93 $",true,https://www.canadiantire.ca/fr/pdp/ouvre-porte-de-garage-a-courroie-ultra-silencieux-avec-wi-fi-et-camera-integree-chamberlain-b4643tc-3-4-hp-0460985p.html,https://www.canadiantire.ca/fr/pdp/ouvre-porte-de-garage-a-courroie-ultra-silencieux-avec-wi-fi-et-camera-integree-chamberlain-b4643tc-3-4-hp-0460985p.html,https://media-www.canadiantire.ca/product/fixing/tools/garage-organization/0460985/chamberlain-3-4-hp-belt-garage-door-opener-with-wifi-camera-809fe420-8b59-4bea-8a74-5bf3b2c5f9e3-jpgrendition.jpg?im=whresize&wid=200&hei=200,https://media-www.canadiantire.ca/product/fixing/tools/garage-organization/0460985/chamberlain-3-4-hp-belt-garage-door-opener-with-wifi-camera-809fe420-8b59-4bea-8a74-5bf3b2c5f9e3-jpgrendition.jpg?im=whresize&wid=200&hei=200,,0460985,046-0985-8,Il n’en reste que 1 #046-0985-8,Liquidation◊Mieux notés,50.01,"299,93","599,99"
320,"Rimouski, QC","Short cargo Outbound pour hommes, grandes poches, havane","Short cargo Outbound pour hommes, grandes poches, havane",9.93,"9,93 $",25.99,"25,99 $Était   et+ prix était à partir de 25,99 $",9.93,"9,93 $",9.93,"9,93 $",true,https://www.canadiantire.ca/fr/pdp/short-cargo-outbound-pour-hommes-grandes-poches-havane-1873520p.html,https://www.canadiantire.ca/fr/pdp/short-cargo-outbound-pour-hommes-grandes-poches-havane-1873520p.html,https://media-www.canadiantire.ca/product/playing/footwear-apparel/summer-footwear-apparel/1873520/outbound-men-s-cargo-shorts-tan-m-c66af4ed-b35b-4c1f-82ee-7afbf190f779-jpgrendition.jpg?im=whresize&wid=200&hei=200,https://media-www.canadiantire.ca/product/playing/footwear-apparel/summer-footwear-apparel/1873520/outbound-men-s-cargo-shorts-tan-m-c66af4ed-b35b-4c1f-82ee-7afbf190f779-jpgrendition.jpg?im=whresize&wid=200&hei=200,,1873520,187-3520,Vérifiez la disponibilité#187-3520X,Liquidation◊Mieux notés,61.79,"9,93","25,99"
320,"Rimouski, QC","Planche à pagaie pour 1 personne junior Pelican Vibe 80, lime, 8 pi","Planche à pagaie pour 1 personne junior Pelican Vibe 80, lime, 8 pi",149.93,"149,93 $",299.99,"Était±  299,99 $prix était 299,99 $",149.93,"149,93 $",149.93,"149,93 $",true,https://www.canadiantire.ca/fr/pdp/planche-a-pagaie-pour-1-personne-junior-pelican-vibe-80-lime-8-pi-0798536p.html,https://www.canadiantire.ca/fr/pdp/planche-a-pagaie-pour-1-personne-junior-pelican-vibe-80-lime-8-pi-0798536p.html,https://media-www.canadiantire.ca/product/playing/seasonal-recreation/marine-water-fun/0798536/sup-pelican-junior-vibe-80-908d32af-d15f-46f4-92d9-e57b6ad88a8f-jpgrendition.jpg?im=whresize&wid=200&hei=200,https://media-www.canadiantire.ca/product/playing/seasonal-recreation/marine-water-fun/0798536/sup-pelican-junior-vibe-80-908d32af-d15f-46f4-92d9-e57b6ad88a8f-jpgrendition.jpg?im=whresize&wid=200&hei=200,,0798536,079-8536-2,14 En Stock#079-8536-2,Liquidation◊,50.02,"149,93","299,99"
320,"Rimouski, QC","Bureau d'écriture à 2 tiroirs avec pattes en bois CANVAS Copenhagen, blanc","Bureau d'écriture à 2 tiroirs avec pattes en bois CANVAS Copenhagen, blanc",124.93,"124,93 $",249.99,"Était±  249,99 $prix était 249,99 $",124.93,"124,93 $",124.93,"124,93 $",true,https://www.canadiantire.ca/fr/pdp/bureau-d-ecriture-a-2-tiroirs-avec-pattes-en-bois-canvas-copenhagen-blanc-1680001p.html,https://www.canadiantire.ca/fr/pdp/bureau-d-ecriture-a-2-tiroirs-avec-pattes-en-bois-canvas-copenhagen-blanc-1680001p.html,https://media-www.canadiantire.ca/product/living/home-decor/furniture/1680001/canvas-copenhagen-desk-white-65504d37-b163-413f-8c21-d7b38602a9a3-jpgrendition.jpg?im=whresize&wid=200&hei=200,https://media-www.canadiantire.ca/product/living/home-decor/furniture/1680001/canvas-copenhagen-desk-white-65504d37-b163-413f-8c21-d7b38602a9a3-jpgrendition.jpg?im=whresize&wid=200&hei=200,,1680001,168-0001-0,Il n’en reste que 1 #168-0001-0,Liquidation◊Exclusivité,50.03,"124,93","249,99"
320,"Rimouski, QC","Rallonges et douilles longues hexagonales MAXIMUM, paq. 24","Rallonges et douilles longues hexagonales MAXIMUM, paq. 24",39.93,"39,93 $",94.99,"Était±  94,99 $prix était 94,99 $",39.93,"39,93 $",39.93,"39,93 $",true,https://www.canadiantire.ca/fr/pdp/rallonges-et-douilles-longues-hexagonales-maximum-paq-24-0580273p.html,https://www.canadiantire.ca/fr/pdp/rallonges-et-douilles-longues-hexagonales-maximum-paq-24-0580273p.html,https://media-www.canadiantire.ca/product/fixing/tools/sockets-wrenches/0580273/maximum-24-piece-long-arm-hex-bit-socket-and-extension-set-9297cbe3-1732-4593-8125-43447aefe995-jpgrendition.jpg?im=whresize&wid=200&hei=200,https://media-www.canadiantire.ca/product/fixing/tools/sockets-wrenches/0580273/maximum-24-piece-long-arm-hex-bit-socket-and-extension-set-9297cbe3-1732-4593-8125-43447aefe995-jpgrendition.jpg?im=whresize&wid=200&hei=200,,0580273,058-0273-4,Il n’en reste que 4 #058-0273-4,Liquidation◊Mieux notés,57.96,"39,93","94,99"
320,"Rimouski, QC","Vélo électrique tout-terrain Raleigh Getaway 36 V, 700C roues, noir","Vélo électrique tout-terrain Raleigh Getaway 36 V, 700C roues, noir",1009.93,"1 009,93 $",2799.99,"Était±  2 799,99 $prix était 2 799,99 $",1009.93,"1 009,93 $",1009.93,"1 009,93 $",true,https://www.canadiantire.ca/fr/pdp/velo-electrique-tout-terrain-raleigh-getaway-36-v-700c-roues-noir-0711931p.html,https://www.canadiantire.ca/fr/pdp/velo-electrique-tout-terrain-raleigh-getaway-36-v-700c-roues-noir-0711931p.html,https://media-www.canadiantire.ca/product/playing/cycling/bicycles/0711931/raleigh-getaway-men-s-electric-bike-700c-e4b77c61-6dc1-49c0-b6d7-114a1fe93cc4-jpgrendition.jpg?im=whresize&wid=200&hei=200,https://media-www.canadiantire.ca/product/playing/cycling/bicycles/0711931/raleigh-getaway-men-s-electric-bike-700c-e4b77c61-6dc1-49c0-b6d7-114a1fe93cc4-jpgrendition.jpg?im=whresize&wid=200&hei=200,,0711931,071-1931-8,Il n’en reste que 1 #071-1931-8,Liquidation◊Articles à succès,63.93,"1009,93","2799,99"
320,"Rimouski, QC","Tapis de salle de bains For Living en coton, 20 x 30 po","Tapis de salle de bains For Living en coton, 20 x 30 po",9.93,"9,93 $",19.99,"19,99 $Était   et+ prix était à partir de 19,99 $",9.93,"9,93 $",9.93,"9,93 $",true,https://www.canadiantire.ca/fr/pdp/tapis-de-salle-de-bains-for-living-en-coton-20-x-30-po-0632706p.html,https://www.canadiantire.ca/fr/pdp/tapis-de-salle-de-bains-for-living-en-coton-20-x-30-po-0632706p.html,https://media-www.canadiantire.ca/product/living/home-decor/bed-bath-decor/0632707/beige-bathroom-mat-20x30-44f298ec-9e3f-4f3f-9512-dbedcfe6946b-jpgrendition.jpg?im=whresize&wid=200&hei=200,https://media-www.canadiantire.ca/product/living/home-decor/bed-bath-decor/0632707/beige-bathroom-mat-20x30-44f298ec-9e3f-4f3f-9512-dbedcfe6946b-jpgrendition.jpg?im=whresize&wid=200&hei=200,,0632706,063-2706,Vérifiez la disponibilité#063-2706X,Liquidation◊Exclusivité,50.33,"9,93","19,99"
320,"Rimouski, QC","Chaise longue ombragée Funsicle NuWave, inclinable, 14 et plus","Chaise longue ombragée Funsicle NuWave, inclinable, 14 et plus",19.93,"19,93 $",49.99,"Était±  49,99 $prix était 49,99 $",19.93,"19,93 $",19.93,"19,93 $",true,https://www.canadiantire.ca/fr/pdp/chaise-longue-ombragee-funsicle-nuwave-inclinable-14-et-plus-0810421p.html,https://www.canadiantire.ca/fr/pdp/chaise-longue-ombragee-funsicle-nuwave-inclinable-14-et-plus-0810421p.html,https://media-www.canadiantire.ca/product/seasonal-gardening/backyard-fun/pool-fun/0810421/funsicle-nuwave-shaded-lounger-2cc1dd5c-5578-47b3-92e9-8b0bcbcf5320-jpgrendition.jpg?im=whresize&wid=200&hei=200,https://media-www.canadiantire.ca/product/seasonal-gardening/backyard-fun/pool-fun/0810421/funsicle-nuwave-shaded-lounger-2cc1dd5c-5578-47b3-92e9-8b0bcbcf5320-jpgrendition.jpg?im=whresize&wid=200&hei=200,,0810421,081-0421-4,Il n’en reste que 1 #081-0421-4,Liquidation◊,60.13,"19,93","49,99"
320,"Rimouski, QC","Table à dîner d'extérieur en carreaux CANVAS Jasper, cadre en aluminium, fini marbre, 29 po","Table à dîner d'extérieur en carreaux CANVAS Jasper, cadre en aluminium, fini marbre, 29 po",269.93,"269,93 $",699.99,"Était±  699,99 $prix était 699,99 $",269.93,"269,93 $",269.93,"269,93 $",true,https://www.canadiantire.ca/fr/pdp/table-a-diner-d-exterieur-en-carreaux-canvas-jasper-cadre-en-aluminium-fini-marbre-29-po-1880273p.html,https://www.canadiantire.ca/fr/pdp/table-a-diner-d-exterieur-en-carreaux-canvas-jasper-cadre-en-aluminium-fini-marbre-29-po-1880273p.html,https://media-www.canadiantire.ca/product/seasonal-gardening/backyard-living/outdoor-furniture/1880273/canvas-jasper-dining-table-220dddd1-42ac-4979-a86e-935108e39691-jpgrendition.jpg?im=whresize&wid=200&hei=200,https://media-www.canadiantire.ca/product/seasonal-gardening/backyard-living/outdoor-furniture/1880273/canvas-jasper-dining-table-220dddd1-42ac-4979-a86e-935108e39691-jpgrendition.jpg?im=whresize&wid=200&hei=200,,1880273,188-0273-4,Il n’en reste que 2 #188-0273-4,Liquidation◊Exclusivité,61.44,"269,93","699,99"
320,"Rimouski, QC","Bureau d'écriture à 2 tiroirs Sauder County Line, fini chêne salé","Bureau d'écriture à 2 tiroirs Sauder County Line, fini chêne salé",139.93,"139,93 $",279.99,"Était±  279,99 $prix était 279,99 $",139.93,"139,93 $",139.93,"139,93 $",true,https://www.canadiantire.ca/fr/pdp/bureau-d-ecriture-a-2-tiroirs-sauder-county-line-fini-chene-sale-0687567p.html,https://www.canadiantire.ca/fr/pdp/bureau-d-ecriture-a-2-tiroirs-sauder-county-line-fini-chene-sale-0687567p.html,https://media-www.canadiantire.ca/product/living/home-decor/furniture/0687567/sauder-county-line-writing-desk-af7848e1-0bc1-49cf-8b41-1897f059410b-jpgrendition.jpg?im=whresize&wid=200&hei=200,https://media-www.canadiantire.ca/product/living/home-decor/furniture/0687567/sauder-county-line-writing-desk-af7848e1-0bc1-49cf-8b41-1897f059410b-jpgrendition.jpg?im=whresize&wid=200&hei=200,,0687567,068-7567-0,Il n’en reste que 6 #068-7567-0,Liquidation◊Articles à succès,50.02,"139,93","279,99"
320,"Rimouski, QC","Système d'organisation latéral de la lessive Type A Linear, blanc","Système d'organisation latéral de la lessive Type A Linear, blanc",34.93,"34,93 $",99.99,"Était±  99,99 $prix était 99,99 $",34.93,"34,93 $",34.93,"34,93 $",true,https://www.canadiantire.ca/fr/pdp/systeme-d-organisation-lateral-de-la-lessive-type-a-linear-blanc-2420004p.html,https://www.canadiantire.ca/fr/pdp/systeme-d-organisation-lateral-de-la-lessive-type-a-linear-blanc-2420004p.html,https://media-www.canadiantire.ca/product/living/home-organization/laundry/2420004/type-a-side-unit-laundry-organization-system-44db3078-e2d8-4d52-bd8b-2f44f616a61e-jpgrendition.jpg?im=whresize&wid=200&hei=200,https://media-www.canadiantire.ca/product/living/home-organization/laundry/2420004/type-a-side-unit-laundry-organization-system-44db3078-e2d8-4d52-bd8b-2f44f616a61e-jpgrendition.jpg?im=whresize&wid=200&hei=200,,2420004,242-0004-6,Il n’en reste que 1 #242-0004-6,Liquidation◊Mieux notés,65.07,"34,93","99,99"
320,"Rimouski, QC",Shark HyperAIR IQ - Sèche-cheveux ionique à séchage rapide avec concentrateur 2-en-1,Shark HyperAIR IQ - Sèche-cheveux ionique à séchage rapide avec concentrateur 2-en-1,99.93,"99,93 $",249.99,"Était±  249,99 $prix était 249,99 $",99.93,"99,93 $",99.93,"99,93 $",true,https://www.canadiantire.ca/fr/pdp/shark-hyperair-iq-seche-cheveux-ionique-a-sechage-rapide-avec-concentrateur-2-en-1-0438670p.html,https://www.canadiantire.ca/fr/pdp/shark-hyperair-iq-seche-cheveux-ionique-a-sechage-rapide-avec-concentrateur-2-en-1-0438670p.html,https://media-www.canadiantire.ca/product/living/personal-garment-care/personal-care/0438670/shark-hyperair-fast-drying-ionic-hair-dryer-9754f838-add4-4a69-ac79-92451a52ad69-jpgrendition.jpg?im=whresize&wid=200&hei=200,https://media-www.canadiantire.ca/product/living/personal-garment-care/personal-care/0438670/shark-hyperair-fast-drying-ionic-hair-dryer-9754f838-add4-4a69-ac79-92451a52ad69-jpgrendition.jpg?im=whresize&wid=200&hei=200,,0438670,043-8670-4,Il n’en reste que 3 #043-8670-4,Liquidation◊,60.03,"99,93","249,99"
320,"Rimouski, QC","Ensemble de nettoyants automobiles Armor All, paq. 16","Ensemble de nettoyants automobiles Armor All, paq. 16",6.93,"6,93 $",17.99,"Était±  17,99 $prix était 17,99 $",6.93,"6,93 $",6.93,"6,93 $",true,https://www.canadiantire.ca/fr/pdp/ensemble-de-nettoyants-automobiles-armor-all-paq-16-0397080p.html,https://www.canadiantire.ca/fr/pdp/ensemble-de-nettoyants-automobiles-armor-all-paq-16-0397080p.html,https://media-www.canadiantire.ca/product/automotive/car-care-accessories/auto-cleaning-chemicals/0397080/armor-all-car-wash-packs-16ct-8ed7ef02-e539-49d9-8a49-0232d41a7968-jpgrendition.jpg?im=whresize&wid=200&hei=200,https://media-www.canadiantire.ca/product/automotive/car-care-accessories/auto-cleaning-chemicals/0397080/armor-all-car-wash-packs-16ct-8ed7ef02-e539-49d9-8a49-0232d41a7968-jpgrendition.jpg?im=whresize&wid=200&hei=200,,0397080,039-7080-6,14 En Stock#039-7080-6,Liquidation◊Mieux notés,61.48,"6,93","17,99"
320,"Rimouski, QC",Aspirateur de déchets secs/humides compact 3-en-1 Simoniz PWR POD avec tuyau et accessoires,Aspirateur de déchets secs/humides compact 3-en-1 Simoniz PWR POD avec tuyau et accessoires,90.93,"90,93 $",189.99,"Était±  189,99 $prix était 189,99 $",90.93,"90,93 $",90.93,"90,93 $",true,https://www.canadiantire.ca/fr/pdp/aspirateur-de-dechets-secs-humides-compact-3-en-1-simoniz-pwr-pod-avec-tuyau-et-accessoires-0398256p.html,https://www.canadiantire.ca/fr/pdp/aspirateur-de-dechets-secs-humides-compact-3-en-1-simoniz-pwr-pod-avec-tuyau-et-accessoires-0398256p.html,https://media-www.canadiantire.ca/product/automotive/car-care-accessories/auto-cleaning-tools/0398256/simoniz-pwr-pod-wet-dry-vac-5f04eace-45c9-4895-9e3d-774df8898131-jpgrendition.jpg?im=whresize&wid=200&hei=200,https://media-www.canadiantire.ca/product/automotive/car-care-accessories/auto-cleaning-tools/0398256/simoniz-pwr-pod-wet-dry-vac-5f04eace-45c9-4895-9e3d-774df8898131-jpgrendition.jpg?im=whresize&wid=200&hei=200,,0398256,039-8256-4,Il n’en reste que 3 #039-8256-4,Liquidation◊Exclusivité,52.14,"90,93","189,99"
320,"Rimouski, QC","Système de chasse-neige Kolpin Switchblade 17-5000 pour VUTT, 60 à 72 po","Système de chasse-neige Kolpin Switchblade 17-5000 pour VUTT, 60 à 72 po",299.93,"299,93 $",639.99,"Était±  639,99 $prix était 639,99 $",299.93,"299,93 $",299.93,"299,93 $",true,https://www.canadiantire.ca/fr/pdp/systeme-de-chasse-neige-kolpin-switchblade-17-5000-pour-vutt-60-a-72-po-0278191p.html,https://www.canadiantire.ca/fr/pdp/systeme-de-chasse-neige-kolpin-switchblade-17-5000-pour-vutt-60-a-72-po-0278191p.html,https://media-www.canadiantire.ca/product/automotive/automotive-outdoor-adventure/powersport/0278191/kolpin-switchblade-utv-snow-plow-6be414a4-436b-41c4-be93-3a4d7abf7be6-jpgrendition.jpg?im=whresize&wid=200&hei=200,https://media-www.canadiantire.ca/product/automotive/automotive-outdoor-adventure/powersport/0278191/kolpin-switchblade-utv-snow-plow-6be414a4-436b-41c4-be93-3a4d7abf7be6-jpgrendition.jpg?im=whresize&wid=200&hei=200,,0278191,027-8191-4,Il n’en reste que 3 #027-8191-4,Liquidation◊,53.14,"299,93","639,99"
320,"Rimouski, QC","Tabouret de bar métal et bois CANVAS Union, paq. 2, brun","Tabouret de bar métal et bois CANVAS Union, paq. 2, brun",74.93,"74,93 $",229.99,"Était±  229,99 $prix était 229,99 $",74.93,"74,93 $",74.93,"74,93 $",true,https://www.canadiantire.ca/fr/pdp/tabouret-de-bar-metal-et-bois-canvas-union-paq-2-brun-0687563p.html,https://www.canadiantire.ca/fr/pdp/tabouret-de-bar-metal-et-bois-canvas-union-paq-2-brun-0687563p.html,https://media-www.canadiantire.ca/product/living/home-decor/furniture/0687563/canvas-union-stool-2-pk-29ecf7e3-3af9-4631-ab03-ba8946104db3-jpgrendition.jpg?im=whresize&wid=200&hei=200,https://media-www.canadiantire.ca/product/living/home-decor/furniture/0687563/canvas-union-stool-2-pk-29ecf7e3-3af9-4631-ab03-ba8946104db3-jpgrendition.jpg?im=whresize&wid=200&hei=200,,0687563,068-7563-8,Il n’en reste que 3 #068-7563-8,Liquidation◊Mieux notés,67.42,"74,93","229,99"
320,"Rimouski, QC","Ventilateur de plafond NOMA Elodie d'intérieur à 3 pales et 6 vitesses avec moteur à courant continu et télécommande, 52 po, blanc mat","Ventilateur de plafond NOMA Elodie d'intérieur à 3 pales et 6 vitesses avec moteur à courant continu et télécommande, 52 po, blanc mat",99.93,"99,93 $",269.99,"Était±  269,99 $prix était 269,99 $",99.93,"99,93 $",99.93,"99,93 $",true,https://www.canadiantire.ca/fr/pdp/ventilateur-de-plafond-noma-elodie-d-interieur-a-3-pales-et-6-vitesses-avec-moteur-a-courant-continu-et-telecommande-52-po-blanc-mat-0529607p.html,https://www.canadiantire.ca/fr/pdp/ventilateur-de-plafond-noma-elodie-d-interieur-a-3-pales-et-6-vitesses-avec-moteur-a-courant-continu-et-telecommande-52-po-blanc-mat-0529607p.html,https://media-www.canadiantire.ca/product/living/home-decor/ceiling-fans/0529607/noma-elodie-52-ceiling-fan-72da7199-530e-4a16-a0cc-f6144131f730-jpgrendition.jpg?im=whresize&wid=200&hei=200,https://media-www.canadiantire.ca/product/living/home-decor/ceiling-fans/0529607/noma-elodie-52-ceiling-fan-72da7199-530e-4a16-a0cc-f6144131f730-jpgrendition.jpg?im=whresize&wid=200&hei=200,,0529607,052-9607-0,Il n’en reste que 1 #052-9607-0,Liquidation◊Mieux notés,62.99,"99,93","269,99"
320,"Rimouski, QC","Pantalon Huntshield Sutton No Fly Zone, hommes, gris","Pantalon Huntshield Sutton No Fly Zone, hommes, gris",29.93,"29,93 $",69.99,"69,99 $Était   et+ prix était à partir de 69,99 $",29.93,"29,93 $",29.93,"29,93 $",true,https://www.canadiantire.ca/fr/pdp/pantalon-huntshield-sutton-no-fly-zone-hommes-gris-3751415p.html,https://www.canadiantire.ca/fr/pdp/pantalon-huntshield-sutton-no-fly-zone-hommes-gris-3751415p.html,https://media-www.canadiantire.ca/product/playing/hunting/hunting-apparel-footwear/3751415/mens-sutton-no-fly-zone-pants-m-grey-d6d714cf-1a68-4dfd-a8d1-674b83deb7b6-jpgrendition.jpg?im=whresize&wid=200&hei=200,https://media-www.canadiantire.ca/product/playing/hunting/hunting-apparel-footwear/3751415/mens-sutton-no-fly-zone-pants-m-grey-d6d714cf-1a68-4dfd-a8d1-674b83deb7b6-jpgrendition.jpg?im=whresize&wid=200&hei=200,,3751415,375-1415,Vérifiez la disponibilité#375-1415X,Liquidation◊Mieux notés,57.24,"29,93","69,99"
320,"Rimouski, QC","Cap Barbell - Barre longue de musculation 30 lb, 7 pi","Cap Barbell - Barre longue de musculation 30 lb, 7 pi",159.93,"159,93 $",319.99,"Était±  319,99 $prix était 319,99 $",159.93,"159,93 $",159.93,"159,93 $",true,https://www.canadiantire.ca/fr/pdp/cap-barbell-barre-longue-de-musculation-30-lb-7-pi-0840937p.html,https://www.canadiantire.ca/fr/pdp/cap-barbell-barre-longue-de-musculation-30-lb-7-pi-0840937p.html,https://media-www.canadiantire.ca/product/playing/exercise/strength/0840937/110lb-olympic-weight-set-1b6b38df-49f9-4575-afa2-bcf4a64ab384-jpgrendition.jpg?im=whresize&wid=200&hei=200,https://media-www.canadiantire.ca/product/playing/exercise/strength/0840937/110lb-olympic-weight-set-1b6b38df-49f9-4575-afa2-bcf4a64ab384-jpgrendition.jpg?im=whresize&wid=200&hei=200,,0840937,084-0937-2,Il n’en reste que 2 #084-0937-2,Liquidation◊,50.02,"159,93","319,99"
320,"Rimouski, QC",Unité de rangement empilable For Living,Unité de rangement empilable For Living,89.93,"89,93 $",179.99,"Était±  179,99 $prix était 179,99 $",89.93,"89,93 $",89.93,"89,93 $",true,https://www.canadiantire.ca/fr/pdp/unite-de-rangement-empilable-for-living-1680172p.html,https://www.canadiantire.ca/fr/pdp/unite-de-rangement-empilable-for-living-1680172p.html,https://media-www.canadiantire.ca/product/living/home-decor/furniture/1680172/for-living-stackable-storage-organizer-eeaf3bcf-5313-4834-af8f-0f80d959dc76-jpgrendition.jpg?im=whresize&wid=200&hei=200,https://media-www.canadiantire.ca/product/living/home-decor/furniture/1680172/for-living-stackable-storage-organizer-eeaf3bcf-5313-4834-af8f-0f80d959dc76-jpgrendition.jpg?im=whresize&wid=200&hei=200,,1680172,168-0172-2,Il n’en reste que 4 #168-0172-2,Liquidation◊Mieux notés,50.04,"89,93","179,99"
320,"Rimouski, QC","Haut antifrottements Outbound à manches longues, glissière intégrale, protection UV, dames","Haut antifrottements Outbound à manches longues, glissière intégrale, protection UV, dames",12.93,"12,93 $",32.99,"32,99 $Était   et+ prix était à partir de 32,99 $",12.93,"12,93 $",12.93,"12,93 $",true,https://www.canadiantire.ca/fr/pdp/haut-antifrottements-outbound-a-manches-longues-glissiere-integrale-protection-uv-dames-1873368p.html,https://www.canadiantire.ca/fr/pdp/haut-antifrottements-outbound-a-manches-longues-glissiere-integrale-protection-uv-dames-1873368p.html,https://media-www.canadiantire.ca/product/playing/footwear-apparel/summer-footwear-apparel/1873368/ooutbound-upf-full-zip-long-sleeve-rashguard-women-size-s-80411dc9-f90c-4141-8442-4e825f646b82-jpgrendition.jpg?im=whresize&wid=200&hei=200,https://media-www.canadiantire.ca/product/playing/footwear-apparel/summer-footwear-apparel/1873368/ooutbound-upf-full-zip-long-sleeve-rashguard-women-size-s-80411dc9-f90c-4141-8442-4e825f646b82-jpgrendition.jpg?im=whresize&wid=200&hei=200,,1873368,187-3368,Vérifiez la disponibilité#187-3368X,Liquidation◊Mieux notés,60.81,"12,93","32,99"
320,"Rimouski, QC","Bouée tractable gonflable pour 2 passagers pompes à air thème de vélo Connelly Nitro 2, jaune","Bouée tractable gonflable pour 2 passagers pompes à air thème de vélo Connelly Nitro 2, jaune",161.93,"161,93 $",449.99,"Était±  449,99 $prix était 449,99 $",161.93,"161,93 $",161.93,"161,93 $",true,https://www.canadiantire.ca/fr/pdp/bouee-tractable-gonflable-pour-2-passagers-pompes-a-air-theme-de-velo-connelly-nitro-2-jaune-0797186p.html,https://www.canadiantire.ca/fr/pdp/bouee-tractable-gonflable-pour-2-passagers-pompes-a-air-theme-de-velo-connelly-nitro-2-jaune-0797186p.html,https://media-www.canadiantire.ca/product/playing/seasonal-recreation/marine-water-fun/0797186/connelly-nitro-2-towable-1a419695-d312-4c70-9a54-b3fc16752502-jpgrendition.jpg?im=whresize&wid=200&hei=200,https://media-www.canadiantire.ca/product/playing/seasonal-recreation/marine-water-fun/0797186/connelly-nitro-2-towable-1a419695-d312-4c70-9a54-b3fc16752502-jpgrendition.jpg?im=whresize&wid=200&hei=200,,0797186,079-7186-0,Il n’en reste que 1 #079-7186-0,Liquidation◊,64.01,"161,93","449,99"
320,"Rimouski, QC","Armoire de salle de bains For Living Ladder, blanc","Armoire de salle de bains For Living Ladder, blanc",89.93,"89,93 $",184.99,"Était±  184,99 $prix était 184,99 $",89.93,"89,93 $",89.93,"89,93 $",true,https://www.canadiantire.ca/fr/pdp/armoire-de-salle-de-bains-for-living-ladder-blanc-1680133p.html,https://www.canadiantire.ca/fr/pdp/armoire-de-salle-de-bains-for-living-ladder-blanc-1680133p.html,https://media-www.canadiantire.ca/product/living/home-decor/furniture/1680133/for-living-ladder-bathroom-space-saver-a72e0b0e-3a99-49ca-9b93-5c68dc6c9527-jpgrendition.jpg?im=whresize&wid=200&hei=200,https://media-www.canadiantire.ca/product/living/home-decor/furniture/1680133/for-living-ladder-bathroom-space-saver-a72e0b0e-3a99-49ca-9b93-5c68dc6c9527-jpgrendition.jpg?im=whresize&wid=200&hei=200,,1680133,168-0133-6,Il n’en reste que 3 #168-0133-6,Liquidation◊Mieux notés,51.39,"89,93","184,99"
320,"Rimouski, QC","Service de vaisselle en grès recyclé CANVAS Silverspring pour 4 personnes, bleu/gris, paq. 12","Service de vaisselle en grès recyclé CANVAS Silverspring pour 4 personnes, bleu/gris, paq. 12",49.93,"49,93 $",99.99,"Était±  99,99 $prix était 99,99 $",49.93,"49,93 $",49.93,"49,93 $",true,https://www.canadiantire.ca/fr/pdp/service-de-vaisselle-en-gres-recycle-canvas-silverspring-pour-4-personnes-bleu-gris-paq-12-2421120p.html,https://www.canadiantire.ca/fr/pdp/service-de-vaisselle-en-gres-recycle-canvas-silverspring-pour-4-personnes-bleu-gris-paq-12-2421120p.html,https://media-www.canadiantire.ca/product/living/kitchen/dining-and-entertaining/2421120/canvas-12-pc-recycled-clay-dinnerware-set-9673806e-2dcb-4ebb-bb6d-ec68dd92f39f-jpgrendition.jpg?im=whresize&wid=200&hei=200,https://media-www.canadiantire.ca/product/living/kitchen/dining-and-entertaining/2421120/canvas-12-pc-recycled-clay-dinnerware-set-9673806e-2dcb-4ebb-bb6d-ec68dd92f39f-jpgrendition.jpg?im=whresize&wid=200&hei=200,,2421120,242-1120-2,Il n’en reste que 2 #242-1120-2,Liquidation◊Mieux notés,50.07,"49,93","99,99"
320,"Rimouski, QC","Lampe de travail utilitaire pliable et durable Mastercraft, 600 lumens, piles comprises, noir","Lampe de travail utilitaire pliable et durable Mastercraft, 600 lumens, piles comprises, noir",14.99,"14,99 $",38.99,"Était±  38,99 $prix était 38,99 $",14.99,"14,99 $",14.99,"14,99 $",true,https://www.canadiantire.ca/fr/pdp/lampe-de-travail-utilitaire-pliable-et-durable-mastercraft-600-lumens-piles-comprises-noir-0651748p.html,https://www.canadiantire.ca/fr/pdp/lampe-de-travail-utilitaire-pliable-et-durable-mastercraft-600-lumens-piles-comprises-noir-0651748p.html,https://media-www.canadiantire.ca/product/fixing/hardware/household-flashlights/0651748/mastercraft-600-lumen-utility-light-9ba1da96-943b-4b86-a59d-5f4342439feb-jpgrendition.jpg?im=whresize&wid=200&hei=200,https://media-www.canadiantire.ca/product/fixing/hardware/household-flashlights/0651748/mastercraft-600-lumen-utility-light-9ba1da96-943b-4b86-a59d-5f4342439feb-jpgrendition.jpg?im=whresize&wid=200&hei=200,,0651748,065-1748-2,9 En Stock#065-1748-2,Liquidation◊Mieux notés,61.55,"14,99","38,99"
320,"Rimouski, QC","Meuble-lavabo simple CANVAS Wellington à 1 porte, dessus en pierre, 24 po, chêne vieilli","Meuble-lavabo simple CANVAS Wellington à 1 porte, dessus en pierre, 24 po, chêne vieilli",199.93,"199,93 $",469.99,"Était±  469,99 $prix était 469,99 $",199.93,"199,93 $",199.93,"199,93 $",true,https://www.canadiantire.ca/fr/pdp/meuble-lavabo-simple-canvas-wellington-a-1-porte-dessus-en-pierre-24-po-chene-vieilli-0636340p.html,https://www.canadiantire.ca/fr/pdp/meuble-lavabo-simple-canvas-wellington-a-1-porte-dessus-en-pierre-24-po-chene-vieilli-0636340p.html,https://media-www.canadiantire.ca/product/fixing/plumbing/faucets-fixtures/0636340/canvas-wellington-24-vanity-single-door-weathered-oak-c63a46d3-7cc6-4cbd-b432-77df9ec7c1fc-jpgrendition.jpg?im=whresize&wid=200&hei=200,https://media-www.canadiantire.ca/product/fixing/plumbing/faucets-fixtures/0636340/canvas-wellington-24-vanity-single-door-weathered-oak-c63a46d3-7cc6-4cbd-b432-77df9ec7c1fc-jpgrendition.jpg?im=whresize&wid=200&hei=200,,0636340,063-6340-4,Il n’en reste que 2 #063-6340-4,Liquidation◊Exclusivité,57.46,"199,93","469,99"
320,"Rimouski, QC","Chaise haute d'extérieur CANVAS Mercier, cadre en acier, noir","Chaise haute d'extérieur CANVAS Mercier, cadre en acier, noir",59.93,"59,93 $",119.99,"Était±  119,99 $prix était 119,99 $",59.93,"59,93 $",59.93,"59,93 $",true,https://www.canadiantire.ca/fr/pdp/chaise-haute-d-exterieur-canvas-mercier-cadre-en-acier-noir-1880295p.html,https://www.canadiantire.ca/fr/pdp/chaise-haute-d-exterieur-canvas-mercier-cadre-en-acier-noir-1880295p.html,https://media-www.canadiantire.ca/product/seasonal-gardening/backyard-living/outdoor-furniture/1880295/canvas-mercier-high-dining-chair-b64fb3b2-0103-4328-ba64-8121ce4b07d4-jpgrendition.jpg?im=whresize&wid=200&hei=200,https://media-www.canadiantire.ca/product/seasonal-gardening/backyard-living/outdoor-furniture/1880295/canvas-mercier-high-dining-chair-b64fb3b2-0103-4328-ba64-8121ce4b07d4-jpgrendition.jpg?im=whresize&wid=200&hei=200,,1880295,188-0295-2,10 En Stock#188-0295-2,Liquidation◊Articles à succès,50.05,"59,93","119,99"
320,"Rimouski, QC","Trampoline d'extérieur bleu Plum Springsafe avec filet de sécurité et couvercle, 8 pi, 6 ans et plus","Trampoline d'extérieur bleu Plum Springsafe avec filet de sécurité et couvercle, 8 pi, 6 ans et plus",224.93,"224,93 $",499.99,"Était±  499,99 $prix était 499,99 $",224.93,"224,93 $",224.93,"224,93 $",true,https://www.canadiantire.ca/fr/pdp/trampoline-d-exterieur-bleu-plum-springsafe-avec-filet-de-securite-et-couvercle-8-pi-6-ans-et-plus-1841346p.html,https://www.canadiantire.ca/fr/pdp/trampoline-d-exterieur-bleu-plum-springsafe-avec-filet-de-securite-et-couvercle-8-pi-6-ans-et-plus-1841346p.html,https://media-www.canadiantire.ca/product/seasonal-gardening/backyard-fun/backyard-amusement/1841346/plum-8ft-springsafe-colour-trampoline-d00a00d8-d52c-4283-b7e0-fb4a1877f6ee-jpgrendition.jpg?im=whresize&wid=200&hei=200,https://media-www.canadiantire.ca/product/seasonal-gardening/backyard-fun/backyard-amusement/1841346/plum-8ft-springsafe-colour-trampoline-d00a00d8-d52c-4283-b7e0-fb4a1877f6ee-jpgrendition.jpg?im=whresize&wid=200&hei=200,,1841346,184-1346-4,Il n’en reste que 3 #184-1346-4,Liquidation◊Exclusivité,55.01,"224,93","499,99"
320,"Rimouski, QC","Chaise bistro en métal For Living Finch, extérieur, modèle pliable, bleu","Chaise bistro en métal For Living Finch, extérieur, modèle pliable, bleu",24.93,"24,93 $",49.99,"Était±  49,99 $prix était 49,99 $",24.93,"24,93 $",24.93,"24,93 $",true,https://www.canadiantire.ca/fr/pdp/chaise-bistro-en-metal-for-living-finch-exterieur-modele-pliable-bleu-1881344p.html,https://www.canadiantire.ca/fr/pdp/chaise-bistro-en-metal-for-living-finch-exterieur-modele-pliable-bleu-1881344p.html,https://media-www.canadiantire.ca/product/seasonal-gardening/backyard-living/outdoor-furniture/1881344/for-living-finch-metal-bistro-chair-blue-97f1c89e-6393-4f8a-8285-c5f86ac53707-jpgrendition.jpg?im=whresize&wid=200&hei=200,https://media-www.canadiantire.ca/product/seasonal-gardening/backyard-living/outdoor-furniture/1881344/for-living-finch-metal-bistro-chair-blue-97f1c89e-6393-4f8a-8285-c5f86ac53707-jpgrendition.jpg?im=whresize&wid=200&hei=200,,1881344,188-1344-0,,Liquidation◊Exclusivité,50.13,"24,93","49,99"
320,"Rimouski, QC",Aspirateur-robot Dyson 360 Vis Nav,Aspirateur-robot Dyson 360 Vis Nav,699.93,"699,93 $",1499.99,"Était±  1 499,99 $prix était 1 499,99 $",699.93,"699,93 $",699.93,"699,93 $",true,https://www.canadiantire.ca/fr/pdp/aspirateur-robot-dyson-360-vis-nav-0437202p.html,https://www.canadiantire.ca/fr/pdp/aspirateur-robot-dyson-360-vis-nav-0437202p.html,https://media-www.canadiantire.ca/product/living/cleaning/vacuums-and-floorcare/0437202/dyson-robotic-vacuum-ae9118d1-c36f-4a53-bf4c-f53ae74b87d4-jpgrendition.jpg?im=whresize&wid=200&hei=200,https://media-www.canadiantire.ca/product/living/cleaning/vacuums-and-floorcare/0437202/dyson-robotic-vacuum-ae9118d1-c36f-4a53-bf4c-f53ae74b87d4-jpgrendition.jpg?im=whresize&wid=200&hei=200,,0437202,043-7202-6,Il n’en reste que 1 #043-7202-6,Liquidation◊,53.34,"699,93","1499,99"
320,"Rimouski, QC","Combinaison isotherme en néoprène pour femmes Outbound, noir, tailles variées","Combinaison isotherme en néoprène pour femmes Outbound, noir, tailles variées",19.93,"19,93 $",49.99,"49,99 $Était   et+ prix était à partir de 49,99 $",19.93,"19,93 $",19.93,"19,93 $",true,https://www.canadiantire.ca/fr/pdp/combinaison-isotherme-en-neoprene-pour-femmes-outbound-noir-tailles-variees-0792220p.html,https://www.canadiantire.ca/fr/pdp/combinaison-isotherme-en-neoprene-pour-femmes-outbound-noir-tailles-variees-0792220p.html,https://media-www.canadiantire.ca/product/playing/seasonal-recreation/marine-water-fun/0792220/outbound-women-s-wetsuit-small-5e7a7f6a-36e8-4a00-a830-8864192bfe8e-jpgrendition.jpg?im=whresize&wid=200&hei=200,https://media-www.canadiantire.ca/product/playing/seasonal-recreation/marine-water-fun/0792220/outbound-women-s-wetsuit-small-5e7a7f6a-36e8-4a00-a830-8864192bfe8e-jpgrendition.jpg?im=whresize&wid=200&hei=200,,0792220,079-2220,Vérifiez la disponibilité#079-2220X,Liquidation◊Mieux notés,60.13,"19,93","49,99"
320,"Rimouski, QC","Fauteuils club rembourrés d'extérieur/de jardin CANVAS Hunter, osier, toutes saisons, paq. 2","Fauteuils club rembourrés d'extérieur/de jardin CANVAS Hunter, osier, toutes saisons, paq. 2",399.93,"399,93 $",899.99,"Était±  899,99 $prix était 899,99 $",399.93,"399,93 $",399.93,"399,93 $",true,https://www.canadiantire.ca/fr/pdp/fauteuils-club-rembourres-d-exterieur-de-jardin-canvas-hunter-osier-toutes-saisons-paq-2-1880275p.html,https://www.canadiantire.ca/fr/pdp/fauteuils-club-rembourres-d-exterieur-de-jardin-canvas-hunter-osier-toutes-saisons-paq-2-1880275p.html,https://media-www.canadiantire.ca/product/seasonal-gardening/backyard-living/outdoor-furniture/1880275/canvas-hunter-2-pack-padded-club-chair-set-065fa1bd-4909-4eac-aced-a2d9898bdfe9.png?im=whresize&wid=200&hei=200,https://media-www.canadiantire.ca/product/seasonal-gardening/backyard-living/outdoor-furniture/1880275/canvas-hunter-2-pack-padded-club-chair-set-065fa1bd-4909-4eac-aced-a2d9898bdfe9.png?im=whresize&wid=200&hei=200,,1880275,188-0275-0,Il n’en reste que 2 #188-0275-0,Liquidation◊Mieux notés,55.56,"399,93","899,99"
320,"Rimouski, QC","Applique de salle de bain à 3 lampes avec abat-jour en verre blanc opale CANVAS Essence, nickel brossé","Applique de salle de bain à 3 lampes avec abat-jour en verre blanc opale CANVAS Essence, nickel brossé",49.93,"49,93 $",119.99,"Était±  119,99 $prix était 119,99 $",49.93,"49,93 $",49.93,"49,93 $",true,https://www.canadiantire.ca/fr/pdp/applique-de-salle-de-bain-a-3-lampes-avec-abat-jour-en-verre-blanc-opale-canvas-essence-nickel-brosse-0523602p.html,https://www.canadiantire.ca/fr/pdp/applique-de-salle-de-bain-a-3-lampes-avec-abat-jour-en-verre-blanc-opale-canvas-essence-nickel-brosse-0523602p.html,https://media-www.canadiantire.ca/product/living/home-decor/lighting/0523602/canvas-vanity-3-light-essence-04a5f34c-a07f-4d50-acf6-40e062cd9d1d-jpgrendition.jpg?im=whresize&wid=200&hei=200,https://media-www.canadiantire.ca/product/living/home-decor/lighting/0523602/canvas-vanity-3-light-essence-04a5f34c-a07f-4d50-acf6-40e062cd9d1d-jpgrendition.jpg?im=whresize&wid=200&hei=200,,0523602,052-3602-6,Il n’en reste que 2 #052-3602-6,Liquidation◊Mieux notés,58.39,"49,93","119,99"
320,"Rimouski, QC","Housse/étui de protection pour rasoir Outbound, pour le camping, les randonnées et les voyages, convient aux rasoirs standard","Housse/étui de protection pour rasoir Outbound, pour le camping, les randonnées et les voyages, convient aux rasoirs standard",0.73,"0,73 $",1.99,"Était±  1,99 $prix était 1,99 $",0.73,"0,73 $",0.73,"0,73 $",true,https://www.canadiantire.ca/fr/pdp/housse-etui-de-protection-pour-rasoir-outbound-pour-le-camping-les-randonnees-et-les-voyages-convient-aux-rasoirs-standard-0763292p.html,https://www.canadiantire.ca/fr/pdp/housse-etui-de-protection-pour-rasoir-outbound-pour-le-camping-les-randonnees-et-les-voyages-convient-aux-rasoirs-standard-0763292p.html,https://media-www.canadiantire.ca/product/playing/camping/camping-accessories/0763292/outbound-razor-cover-b88ada25-215a-480e-b8c2-267d37bd09bd-jpgrendition.jpg?im=whresize&wid=200&hei=200,https://media-www.canadiantire.ca/product/playing/camping/camping-accessories/0763292/outbound-razor-cover-b88ada25-215a-480e-b8c2-267d37bd09bd-jpgrendition.jpg?im=whresize&wid=200&hei=200,,0763292,076-3292-6,Il n’en reste que 3 #076-3292-6,Liquidation◊Exclusivité,63.32,"0,73","1,99"
320,"Rimouski, QC","Ampoules à filament à DEL à intensité variable à culot E26 NOMA B10, blanc chaud, 40 W","Ampoules à filament à DEL à intensité variable à culot E26 NOMA B10, blanc chaud, 40 W",4.93,"4,93 $",10.99,"Était±  10,99 $prix était 10,99 $",4.93,"4,93 $",4.93,"4,93 $",true,https://www.canadiantire.ca/fr/pdp/ampoules-a-filament-a-del-a-intensite-variable-a-culot-e26-noma-b10-blanc-chaud-40-w-0529611p.html,https://www.canadiantire.ca/fr/pdp/ampoules-a-filament-a-del-a-intensite-variable-a-culot-e26-noma-b10-blanc-chaud-40-w-0529611p.html,https://media-www.canadiantire.ca/product/fixing/electrical/light-bulbs/0529611/noma-40w-b10-warm-white-led-bulbs-2-pack-d8ccbe5a-899c-490e-b5f8-348c1c9af633-jpgrendition.jpg?im=whresize&wid=200&hei=200,https://media-www.canadiantire.ca/product/fixing/electrical/light-bulbs/0529611/noma-40w-b10-warm-white-led-bulbs-2-pack-d8ccbe5a-899c-490e-b5f8-348c1c9af633-jpgrendition.jpg?im=whresize&wid=200&hei=200,,0529611,052-9611-8,Il n’en reste que 4 #052-9611-8,Liquidation◊Mieux notés,55.14,"4,93","10,99"
320,"Rimouski, QC","Stylos à pointe en feutre Papermate Flair Bold, couleurs variées, paq. 6","Stylos à pointe en feutre Papermate Flair Bold, couleurs variées, paq. 6",4.93,"4,93 $",10.99,"Était±  10,99 $prix était 10,99 $",4.93,"4,93 $",4.93,"4,93 $",true,https://www.canadiantire.ca/fr/pdp/stylos-a-pointe-en-feutre-papermate-flair-bold-couleurs-variees-paq-6-2420369p.html,https://www.canadiantire.ca/fr/pdp/stylos-a-pointe-en-feutre-papermate-flair-bold-couleurs-variees-paq-6-2420369p.html,https://media-www.canadiantire.ca/product/seasonal-gardening/toys/home-office-supplies/2420369/papermate-flair-bold-6ct-asst-41d68083-58ba-4f3b-a8cd-a52d05284c54-jpgrendition.jpg?im=whresize&wid=200&hei=200,https://media-www.canadiantire.ca/product/seasonal-gardening/toys/home-office-supplies/2420369/papermate-flair-bold-6ct-asst-41d68083-58ba-4f3b-a8cd-a52d05284c54-jpgrendition.jpg?im=whresize&wid=200&hei=200,,2420369,242-0369-8,Il n’en reste que 4 #242-0369-8,Liquidation◊Mieux notés,55.14,"4,93","10,99"
320,"Rimouski, QC","CANVAS Clareview - Table basse de jardin modulaire ronde, 40 x 20 po","CANVAS Clareview - Table basse de jardin modulaire ronde, 40 x 20 po",89.93,"89,93 $",199.99,"Était±  199,99 $prix était 199,99 $",89.93,"89,93 $",89.93,"89,93 $",true,https://www.canadiantire.ca/fr/pdp/canvas-clareview-table-basse-de-jardin-modulaire-ronde-40-x-20-po-0882212p.html,https://www.canadiantire.ca/fr/pdp/canvas-clareview-table-basse-de-jardin-modulaire-ronde-40-x-20-po-0882212p.html,https://media-www.canadiantire.ca/product/seasonal-gardening/backyard-living/outdoor-furniture/0882212/canvas-clareview-patio-chat-table-a054684c-f668-45b0-97a3-8c1fae55c34a-jpgrendition.jpg?im=whresize&wid=200&hei=200,https://media-www.canadiantire.ca/product/seasonal-gardening/backyard-living/outdoor-furniture/0882212/canvas-clareview-patio-chat-table-a054684c-f668-45b0-97a3-8c1fae55c34a-jpgrendition.jpg?im=whresize&wid=200&hei=200,,0882212,088-2212-6,Il n’en reste que 3 #088-2212-6,Liquidation◊Exclusivité,55.03,"89,93","199,99"
320,"Rimouski, QC","Serrure à pêne dormant électronique ronde Garrison, noir mat","Serrure à pêne dormant électronique ronde Garrison, noir mat",34.93,"34,93 $",129.99,"Était±  129,99 $prix était 129,99 $",34.93,"34,93 $",34.93,"34,93 $",true,https://www.canadiantire.ca/fr/pdp/serrure-a-pene-dormant-electronique-ronde-garrison-noir-mat-0467495p.html,https://www.canadiantire.ca/fr/pdp/serrure-a-pene-dormant-electronique-ronde-garrison-noir-mat-0467495p.html,https://media-www.canadiantire.ca/product/fixing/hardware/curb-appeal/0467495/garrison-round-electronic-deadbolt-matte-black-95851cfc-66aa-4b0f-808d-4bce00e5f378-jpgrendition.jpg?im=whresize&wid=200&hei=200,https://media-www.canadiantire.ca/product/fixing/hardware/curb-appeal/0467495/garrison-round-electronic-deadbolt-matte-black-95851cfc-66aa-4b0f-808d-4bce00e5f378-jpgrendition.jpg?im=whresize&wid=200&hei=200,,0467495,046-7495-2,Il n’en reste que 3 #046-7495-2,Liquidation◊Exclusivité,73.13,"34,93","129,99"
320,"Rimouski, QC",Pare-éclaboussures pliable en silicone Starfrit,Pare-éclaboussures pliable en silicone Starfrit,6.93,"6,93 $",16.99,"Était±  16,99 $prix était 16,99 $",6.93,"6,93 $",6.93,"6,93 $",true,https://www.canadiantire.ca/fr/pdp/pare-eclaboussures-pliable-en-silicone-starfrit-1426630p.html,https://www.canadiantire.ca/fr/pdp/pare-eclaboussures-pliable-en-silicone-starfrit-1426630p.html,https://media-www.canadiantire.ca/product/living/kitchen/kitchen-tools-thermometers/1426630/starfrit-silicone-folding-splatter-guard-c71a05e7-0731-4a15-babc-06d1ab20430d-jpgrendition.jpg?im=whresize&wid=200&hei=200,https://media-www.canadiantire.ca/product/living/kitchen/kitchen-tools-thermometers/1426630/starfrit-silicone-folding-splatter-guard-c71a05e7-0731-4a15-babc-06d1ab20430d-jpgrendition.jpg?im=whresize&wid=200&hei=200,,1426630,142-6630-6,13 En Stock#142-6630-6,Liquidation◊Mieux notés,59.21,"6,93","16,99"
320,"Rimouski, QC",Bulbes prêts à planter de lys Dizzy vivace Bulbs Are Easy,Bulbes prêts à planter de lys Dizzy vivace Bulbs Are Easy,4.99,"4,99 $",9.99,"Était±  9,99 $prix était 9,99 $",4.99,"4,99 $",4.99,"4,99 $",true,https://www.canadiantire.ca/fr/pdp/bulbes-prets-a-planter-de-lys-dizzy-vivace-bulbs-are-easy-1591782p.html,https://www.canadiantire.ca/fr/pdp/bulbes-prets-a-planter-de-lys-dizzy-vivace-bulbs-are-easy-1591782p.html,https://media-www.canadiantire.ca/product/seasonal-gardening/gardening/dormant-goods/1591782/bulbs-are-easy-lily-dizzy-bulbs-cc5b0c2b-92e3-444b-bdcd-8bc830b952bf-jpgrendition.jpg?im=whresize&wid=200&hei=200,https://media-www.canadiantire.ca/product/seasonal-gardening/gardening/dormant-goods/1591782/bulbs-are-easy-lily-dizzy-bulbs-cc5b0c2b-92e3-444b-bdcd-8bc830b952bf-jpgrendition.jpg?im=whresize&wid=200&hei=200,,1591782,159-1782-6,Il n’en reste que 1 #159-1782-6,Liquidation◊,50.05,"4,99","9,99"
320,"Rimouski, QC","Assainisseur d'air liquide pour bouche d'aération d'auto Little Trees, auto neuve","Assainisseur d'air liquide pour bouche d'aération d'auto Little Trees, auto neuve",2.93,"2,93 $",6.49,"Était±  6,49 $prix était 6,49 $",2.93,"2,93 $",2.93,"2,93 $",true,https://www.canadiantire.ca/fr/pdp/assainisseur-d-air-liquide-pour-bouche-d-aeration-d-auto-little-trees-auto-neuve-0372709p.html,https://www.canadiantire.ca/fr/pdp/assainisseur-d-air-liquide-pour-bouche-d-aeration-d-auto-little-trees-auto-neuve-0372709p.html,https://media-www.canadiantire.ca/product/automotive/car-care-accessories/auto-accessories/0372709/little-trees-liquid-vent-air-freshener-new-car-3d4653a9-c6f8-467d-b813-8397d525e125-jpgrendition.jpg?im=whresize&wid=200&hei=200,https://media-www.canadiantire.ca/product/automotive/car-care-accessories/auto-accessories/0372709/little-trees-liquid-vent-air-freshener-new-car-3d4653a9-c6f8-467d-b813-8397d525e125-jpgrendition.jpg?im=whresize&wid=200&hei=200,,0372709,037-2709-8,Il n’en reste que 2 #037-2709-8,Liquidation◊,54.85,"2,93","6,49"
320,"Rimouski, QC","Meuble-lavabo simple CANVAS Bayfield à 2 portes, dessus en pierre, 30 po, bleu marine","Meuble-lavabo simple CANVAS Bayfield à 2 portes, dessus en pierre, 30 po, bleu marine",229.93,"229,93 $",499.99,"Était±  499,99 $prix était 499,99 $",229.93,"229,93 $",229.93,"229,93 $",true,https://www.canadiantire.ca/fr/pdp/meuble-lavabo-simple-canvas-bayfield-a-2-portes-dessus-en-pierre-30-po-bleu-marine-0636381p.html,https://www.canadiantire.ca/fr/pdp/meuble-lavabo-simple-canvas-bayfield-a-2-portes-dessus-en-pierre-30-po-bleu-marine-0636381p.html,https://media-www.canadiantire.ca/product/fixing/plumbing/faucets-fixtures/0636381/canvas-30a-bayfield-2-door-navy-2b7e841c-a407-4bdc-8fa4-524a8b62f383-jpgrendition.jpg?im=whresize&wid=200&hei=200,https://media-www.canadiantire.ca/product/fixing/plumbing/faucets-fixtures/0636381/canvas-30a-bayfield-2-door-navy-2b7e841c-a407-4bdc-8fa4-524a8b62f383-jpgrendition.jpg?im=whresize&wid=200&hei=200,,0636381,063-6381-6,Il n’en reste que 1 #063-6381-6,Liquidation◊Exclusivité,54.01,"229,93","499,99"
320,"Rimouski, QC","Système d'organisation de la lessive Type A Linear à 1 unité, blanc","Système d'organisation de la lessive Type A Linear à 1 unité, blanc",34.93,"34,93 $",99.99,"Était±  99,99 $prix était 99,99 $",34.93,"34,93 $",34.93,"34,93 $",true,https://www.canadiantire.ca/fr/pdp/systeme-d-organisation-de-la-lessive-type-a-linear-a-1-unite-blanc-2420003p.html,https://www.canadiantire.ca/fr/pdp/systeme-d-organisation-de-la-lessive-type-a-linear-a-1-unite-blanc-2420003p.html,https://media-www.canadiantire.ca/product/living/home-organization/laundry/2420003/type-a-single-unit-laundry-organization-system-bdd82a3e-249f-4a5e-8f15-c46219c7a1b7-jpgrendition.jpg?im=whresize&wid=200&hei=200,https://media-www.canadiantire.ca/product/living/home-organization/laundry/2420003/type-a-single-unit-laundry-organization-system-bdd82a3e-249f-4a5e-8f15-c46219c7a1b7-jpgrendition.jpg?im=whresize&wid=200&hei=200,,2420003,242-0003-8,Il n’en reste que 4 #242-0003-8,Liquidation◊Mieux notés,65.07,"34,93","99,99"
320,"Rimouski, QC","Ampoule de rechange pour tue-moustiques/tue-insectes à lumière UV Stinger, compatible avec la série BKC90, paq. 2","Ampoule de rechange pour tue-moustiques/tue-insectes à lumière UV Stinger, compatible avec la série BKC90, paq. 2",3.93,"3,93 $",19.99,"Était±  19,99 $prix était 19,99 $",3.93,"3,93 $",3.93,"3,93 $",true,https://www.canadiantire.ca/fr/pdp/ampoule-de-rechange-pour-tue-moustiques-tue-insectes-a-lumiere-uv-stinger-compatible-avec-la-serie-bkc90-paq-2-0591241p.html,https://www.canadiantire.ca/fr/pdp/ampoule-de-rechange-pour-tue-moustiques-tue-insectes-a-lumiere-uv-stinger-compatible-avec-la-serie-bkc90-paq-2-0591241p.html,https://media-www.canadiantire.ca/product/seasonal-gardening/gardening/mosquito-sun-protection/0591241/stinger-replacement-bulb-for-0597564-fb86be26-0634-4e85-a312-ee3e546fa1d7-jpgrendition.jpg?im=whresize&wid=200&hei=200,https://media-www.canadiantire.ca/product/seasonal-gardening/gardening/mosquito-sun-protection/0591241/stinger-replacement-bulb-for-0597564-fb86be26-0634-4e85-a312-ee3e546fa1d7-jpgrendition.jpg?im=whresize&wid=200&hei=200,,0591241,059-1241-2,Il n’en reste que 2 #059-1241-2,Liquidation◊Mieux notés,80.34,"3,93","19,99"
320,"Rimouski, QC",Récepteur multimédia numérique à double DIN JVC KW-X850BTS avec Bluetooth et Alexa intégrés,Récepteur multimédia numérique à double DIN JVC KW-X850BTS avec Bluetooth et Alexa intégrés,80.68,"80,68 $",179.99,"Était±  179,99 $prix était 179,99 $",80.68,"80,68 $",80.68,"80,68 $",true,https://www.canadiantire.ca/fr/pdp/recepteur-multimedia-numerique-a-double-din-jvc-kw-x850bts-avec-bluetooth-et-alexa-integres-0355527p.html,https://www.canadiantire.ca/fr/pdp/recepteur-multimedia-numerique-a-double-din-jvc-kw-x850bts-avec-bluetooth-et-alexa-integres-0355527p.html,https://media-www.canadiantire.ca/product/automotive/car-care-accessories/auto-electronics/0355527/jvc-kw-x850bts-double-din-digital-media-receiver-5063d263-1526-4315-abff-25798f0231ee-jpgrendition.jpg?im=whresize&wid=200&hei=200,https://media-www.canadiantire.ca/product/automotive/car-care-accessories/auto-electronics/0355527/jvc-kw-x850bts-double-din-digital-media-receiver-5063d263-1526-4315-abff-25798f0231ee-jpgrendition.jpg?im=whresize&wid=200&hei=200,,0355527,035-5527-6,Il n’en reste que 1 #035-5527-6,Liquidation◊,55.18,"80,68","179,99"
320,"Rimouski, QC","Prise de courant rétractable d'intérieur Thomas & Betts 37214-720 avec collier de verrouillage, noir, 6 pi","Prise de courant rétractable d'intérieur Thomas & Betts 37214-720 avec collier de verrouillage, noir, 6 pi",19.93,"19,93 $",44.99,"Était±  44,99 $prix était 44,99 $",19.93,"19,93 $",19.93,"19,93 $",true,https://www.canadiantire.ca/fr/pdp/prise-de-courant-retractable-d-interieur-thomas-betts-37214-720-avec-collier-de-verrouillage-noir-6-pi-0521598p.html,https://www.canadiantire.ca/fr/pdp/prise-de-courant-retractable-d-interieur-thomas-betts-37214-720-avec-collier-de-verrouillage-noir-6-pi-0521598p.html,https://media-www.canadiantire.ca/product/fixing/electrical/rough-electrical/0521598/retractable-receptacle-58854868-66f4-4ab4-8fc9-cc369285d148-jpgrendition.jpg?im=whresize&wid=200&hei=200,https://media-www.canadiantire.ca/product/fixing/electrical/rough-electrical/0521598/retractable-receptacle-58854868-66f4-4ab4-8fc9-cc369285d148-jpgrendition.jpg?im=whresize&wid=200&hei=200,,0521598,052-1598-8,Il n’en reste que 4 #052-1598-8,Liquidation◊Mieux notés,55.7,"19,93","44,99"
320,"Rimouski, QC","Range-tout universel pour véhicule AutoTrends, noir","Range-tout universel pour véhicule AutoTrends, noir",11.93,"11,93 $",34.99,"Était±  34,99 $prix était 34,99 $",11.93,"11,93 $",11.93,"11,93 $",true,https://www.canadiantire.ca/fr/pdp/range-tout-universel-pour-vehicule-autotrends-noir-0372981p.html,https://www.canadiantire.ca/fr/pdp/range-tout-universel-pour-vehicule-autotrends-noir-0372981p.html,https://media-www.canadiantire.ca/product/automotive/car-care-accessories/auto-accessories/0372981/car-seat-organizer-514db0a1-4873-40d8-883c-016bed5a6e0a-jpgrendition.jpg?im=whresize&wid=200&hei=200,https://media-www.canadiantire.ca/product/automotive/car-care-accessories/auto-accessories/0372981/car-seat-organizer-514db0a1-4873-40d8-883c-016bed5a6e0a-jpgrendition.jpg?im=whresize&wid=200&hei=200,,0372981,037-2981-6,Il n’en reste que 1 #037-2981-6,Liquidation◊Exclusivité,65.9,"11,93","34,99"
320,"Rimouski, QC","Foret à découper à haute vitesse pour cloison sèche Dremel 560 avec tige en acier pour outil rotatif, 1/8 po","Foret à découper à haute vitesse pour cloison sèche Dremel 560 avec tige en acier pour outil rotatif, 1/8 po",4.93,"4,93 $",10.99,"Était±  10,99 $prix était 10,99 $",4.93,"4,93 $",4.93,"4,93 $",true,https://www.canadiantire.ca/fr/pdp/foret-a-decouper-a-haute-vitesse-pour-cloison-seche-dremel-560-avec-tige-en-acier-pour-outil-rotatif-1-8-po-0544722p.html,https://www.canadiantire.ca/fr/pdp/foret-a-decouper-a-haute-vitesse-pour-cloison-seche-dremel-560-avec-tige-en-acier-pour-outil-rotatif-1-8-po-0544722p.html,https://media-www.canadiantire.ca/product/fixing/tools/portable-power-tools/0544722/bit-drywall-cutting-dremel-af2ba486-bf9d-44a1-8428-ca18342aa481-jpgrendition.jpg?im=whresize&wid=200&hei=200,https://media-www.canadiantire.ca/product/fixing/tools/portable-power-tools/0544722/bit-drywall-cutting-dremel-af2ba486-bf9d-44a1-8428-ca18342aa481-jpgrendition.jpg?im=whresize&wid=200&hei=200,,0544722,054-4722-0,Il n’en reste que 1 #054-4722-0,Liquidation◊Mieux notés,55.14,"4,93","10,99"
320,"Rimouski, QC","Assainisseur d'air rotatif pour bouche d'aération de véhicule California Scents, Newport New Car","Assainisseur d'air rotatif pour bouche d'aération de véhicule California Scents, Newport New Car",2.93,"2,93 $",5.99,"Était±  5,99 $prix était 5,99 $",2.93,"2,93 $",2.93,"2,93 $",true,https://www.canadiantire.ca/fr/pdp/assainisseur-d-air-rotatif-pour-bouche-d-aeration-de-vehicule-california-scents-newport-new-car-0372944p.html,https://www.canadiantire.ca/fr/pdp/assainisseur-d-air-rotatif-pour-bouche-d-aeration-de-vehicule-california-scents-newport-new-car-0372944p.html,https://media-www.canadiantire.ca/product/automotive/car-care-accessories/auto-accessories/0372944/california-scents-newport-new-car-spinner-air-freshener-1b8d3e8b-b908-411a-abbf-7bac29ff016c-jpgrendition.jpg?im=whresize&wid=200&hei=200,https://media-www.canadiantire.ca/product/automotive/car-care-accessories/auto-accessories/0372944/california-scents-newport-new-car-spinner-air-freshener-1b8d3e8b-b908-411a-abbf-7bac29ff016c-jpgrendition.jpg?im=whresize&wid=200&hei=200,,0372944,037-2944-6,Il n’en reste que 2 #037-2944-6,Liquidation◊Mieux notés,51.09,"2,93","5,99"
320,"Rimouski, QC","Sangle à cliquet MotoMaster Tire Bonnet, résistance à la rupture de 10 000 lb, 2 po","Sangle à cliquet MotoMaster Tire Bonnet, résistance à la rupture de 10 000 lb, 2 po",24.93,"24,93 $",52.99,"Était±  52,99 $prix était 52,99 $",24.93,"24,93 $",24.93,"24,93 $",true,https://www.canadiantire.ca/fr/pdp/sangle-a-cliquet-motomaster-tire-bonnet-resistance-a-la-rupture-de-10-000-lb-2-po-0403059p.html,https://www.canadiantire.ca/fr/pdp/sangle-a-cliquet-motomaster-tire-bonnet-resistance-a-la-rupture-de-10-000-lb-2-po-0403059p.html,https://media-www.canadiantire.ca/product/automotive/automotive-outdoor-adventure/tarps-cords/0403059/10-000lb-tire-bonnet-ratchet-tie-down-1-pk-486469da-61b4-4ac6-b835-7eed7496afde-jpgrendition.jpg?im=whresize&wid=200&hei=200,https://media-www.canadiantire.ca/product/automotive/automotive-outdoor-adventure/tarps-cords/0403059/10-000lb-tire-bonnet-ratchet-tie-down-1-pk-486469da-61b4-4ac6-b835-7eed7496afde-jpgrendition.jpg?im=whresize&wid=200&hei=200,,0403059,040-3059-8,Il n’en reste que 4 #040-3059-8,Liquidation◊Exclusivité,52.95,"24,93","52,99"
320,"Rimouski, QC",Verrou de pivot d'attelage de remorque Reese,Verrou de pivot d'attelage de remorque Reese,34.93,"34,93 $",79.99,"Était±  79,99 $prix était 79,99 $",34.93,"34,93 $",34.93,"34,93 $",true,https://www.canadiantire.ca/fr/pdp/verrou-de-pivot-d-attelage-de-remorque-reese-0406932p.html,https://www.canadiantire.ca/fr/pdp/verrou-de-pivot-d-attelage-de-remorque-reese-0406932p.html,https://media-www.canadiantire.ca/product/automotive/automotive-outdoor-adventure/auto-travel-storage/0406932/king-pin-coupler-lock-b5b499b8-680e-4ec5-86c8-60e5a5162d50-jpgrendition.jpg?im=whresize&wid=200&hei=200,https://media-www.canadiantire.ca/product/automotive/automotive-outdoor-adventure/auto-travel-storage/0406932/king-pin-coupler-lock-b5b499b8-680e-4ec5-86c8-60e5a5162d50-jpgrendition.jpg?im=whresize&wid=200&hei=200,,0406932,040-6932-0,Il n’en reste que 3 #040-6932-0,Liquidation◊Mieux notés,56.33,"34,93","79,99"
320,"Rimouski, QC",La station de chargement sans fil avec tapis de 10 W de Bluehive est compatible avec la plupart des appareils compatibles Qi,La station de chargement sans fil avec tapis de 10 W de Bluehive est compatible avec la plupart des appareils compatibles Qi,14.93,"14,93 $",42.99,"Était±  42,99 $prix était 42,99 $",14.93,"14,93 $",14.93,"14,93 $",true,https://www.canadiantire.ca/fr/pdp/la-station-de-chargement-sans-fil-avec-tapis-de-10-w-de-bluehive-est-compatible-avec-la-plupart-des-appareils-compatibles-qi-0355501p.html,https://www.canadiantire.ca/fr/pdp/la-station-de-chargement-sans-fil-avec-tapis-de-10-w-de-bluehive-est-compatible-avec-la-plupart-des-appareils-compatibles-qi-0355501p.html,https://media-www.canadiantire.ca/product/automotive/car-care-accessories/auto-electronics/0355501/bluehive-10w-fabric-wireless-charging-stand-pad-dff12d50-3081-4550-8e48-cecbe7fa230a-jpgrendition.jpg?im=whresize&wid=200&hei=200,https://media-www.canadiantire.ca/product/automotive/car-care-accessories/auto-electronics/0355501/bluehive-10w-fabric-wireless-charging-stand-pad-dff12d50-3081-4550-8e48-cecbe7fa230a-jpgrendition.jpg?im=whresize&wid=200&hei=200,,0355501,035-5501-6,Il n’en reste que 3 #035-5501-6,Liquidation◊Exclusivité,65.27,"14,93","42,99"
320,"Rimouski, QC","Chapeau rond de bébé à protection UV Speedo Begin to Swim, choix varié","Chapeau rond de bébé à protection UV Speedo Begin to Swim, choix varié",7.93,"7,93 $",15.99,"Était±  15,99 $prix était 15,99 $",7.93,"7,93 $",7.93,"7,93 $",true,https://www.canadiantire.ca/fr/pdp/chapeau-rond-de-bebe-a-protection-uv-speedo-begin-to-swim-choix-varie-0811085p.html,https://www.canadiantire.ca/fr/pdp/chapeau-rond-de-bebe-a-protection-uv-speedo-begin-to-swim-choix-varie-0811085p.html,https://media-www.canadiantire.ca/product/seasonal-gardening/backyard-fun/pool-fun/0811085/speedo-bucket-hat-assorted-c0aac976-b81e-4d33-be35-f3697bbf6933-jpgrendition.jpg?im=whresize&wid=200&hei=200,https://media-www.canadiantire.ca/product/seasonal-gardening/backyard-fun/pool-fun/0811085/speedo-bucket-hat-assorted-c0aac976-b81e-4d33-be35-f3697bbf6933-jpgrendition.jpg?im=whresize&wid=200&hei=200,,0811085,081-1085-8,Il n’en reste que 2 #081-1085-8,Liquidation◊Mieux notés,50.41,"7,93","15,99"
320,"Rimouski, QC","Teinture à bois à base d'eau Minwax, semi-transparente, 946 mL","Teinture à bois à base d'eau Minwax, semi-transparente, 946 mL",12.93,"12,93 $",29.99,"29,99 $Était   et+ prix était à partir de 29,99 $",12.93,"12,93 $",12.93,"12,93 $",true,https://www.canadiantire.ca/fr/pdp/teinture-a-bois-a-base-d-eau-minwax-semi-transparente-946-ml-0480937p.html,https://www.canadiantire.ca/fr/pdp/teinture-a-bois-a-base-d-eau-minwax-semi-transparente-946-ml-0480937p.html,https://media-www.canadiantire.ca/product/fixing/paint/paints/0480939/minwax-water-based-semit-wood-stain-classic-gray-946ml-0461f25e-23c4-4871-b919-097a520832da-jpgrendition.jpg?im=whresize&wid=200&hei=200,https://media-www.canadiantire.ca/product/fixing/paint/paints/0480939/minwax-water-based-semit-wood-stain-classic-gray-946ml-0461f25e-23c4-4871-b919-097a520832da-jpgrendition.jpg?im=whresize&wid=200&hei=200,,0480937,048-0937,Vérifiez la disponibilité#048-0937X,Liquidation◊Mieux notés,56.89,"12,93","29,99"
320,"Rimouski, QC","Barre d’alimentation Globe à 3 prises et 2 ports USB, cordon recouvert de tissu de 5 pi et prise à angle droit, blanc/gris","Barre d’alimentation Globe à 3 prises et 2 ports USB, cordon recouvert de tissu de 5 pi et prise à angle droit, blanc/gris",17.93,"17,93 $",39.99,"Était±  39,99 $prix était 39,99 $",17.93,"17,93 $",17.93,"17,93 $",true,https://www.canadiantire.ca/fr/pdp/barre-d-alimentation-globe-a-3-prises-et-2-ports-usb-cordon-recouvert-de-tissu-de-5-pi-et-prise-a-angle-droit-blanc-gris-0529629p.html,https://www.canadiantire.ca/fr/pdp/barre-d-alimentation-globe-a-3-prises-et-2-ports-usb-cordon-recouvert-de-tissu-de-5-pi-et-prise-a-angle-droit-blanc-gris-0529629p.html,https://media-www.canadiantire.ca/product/fixing/electrical/power-bars-extension-cords-timers/0529629/globe-3-outlet-power-cube-2-usb-5-designer-cord-white-grey-b8ea9deb-a1a3-4f23-bd6c-e8eb57cf30bc-jpgrendition.jpg?im=whresize&wid=200&hei=200,https://media-www.canadiantire.ca/product/fixing/electrical/power-bars-extension-cords-timers/0529629/globe-3-outlet-power-cube-2-usb-5-designer-cord-white-grey-b8ea9deb-a1a3-4f23-bd6c-e8eb57cf30bc-jpgrendition.jpg?im=whresize&wid=200&hei=200,,0529629,052-9629-8,Il n’en reste que 1 #052-9629-8,Liquidation◊Mieux notés,55.16,"17,93","39,99"
320,"Rimouski, QC","Ampoules à DEL intelligentes Bluetooth à intensité variable à culot GU10 Philips Hue, 400 lumens, blanc chaud, paq. 2","Ampoules à DEL intelligentes Bluetooth à intensité variable à culot GU10 Philips Hue, 400 lumens, blanc chaud, paq. 2",19.93,"19,93 $",49.99,"Était±  49,99 $prix était 49,99 $",19.93,"19,93 $",19.93,"19,93 $",true,https://www.canadiantire.ca/fr/pdp/ampoules-a-del-intelligentes-bluetooth-a-intensite-variable-a-culot-gu10-philips-hue-400-lumens-blanc-chaud-paq-2-1522545p.html,https://www.canadiantire.ca/fr/pdp/ampoules-a-del-intelligentes-bluetooth-a-intensite-variable-a-culot-gu10-philips-hue-400-lumens-blanc-chaud-paq-2-1522545p.html,https://media-www.canadiantire.ca/product/fixing/electrical/light-bulbs/1522545/philips-hue-gu10-white-2-pack-e3b0401c-940e-4445-b189-f0b0f4863014-jpgrendition.jpg?im=whresize&wid=200&hei=200,https://media-www.canadiantire.ca/product/fixing/electrical/light-bulbs/1522545/philips-hue-gu10-white-2-pack-e3b0401c-940e-4445-b189-f0b0f4863014-jpgrendition.jpg?im=whresize&wid=200&hei=200,,1522545,152-2545-0,Il n’en reste que 3 #152-2545-0,Liquidation◊Mieux notés,60.13,"19,93","49,99"
320,"Rimouski, QC",Aspirateur-balai sans fil NOMA PWR POD SurfaceElite ProSweep,Aspirateur-balai sans fil NOMA PWR POD SurfaceElite ProSweep,299.93,"299,93 $",599.99,"Était±  599,99 $prix était 599,99 $",299.93,"299,93 $",299.93,"299,93 $",true,https://www.canadiantire.ca/fr/pdp/aspirateur-balai-sans-fil-noma-pwr-pod-surfaceelite-prosweep-0437126p.html,https://www.canadiantire.ca/fr/pdp/aspirateur-balai-sans-fil-noma-pwr-pod-surfaceelite-prosweep-0437126p.html,https://media-www.canadiantire.ca/product/living/cleaning/vacuums-and-floorcare/0437126/noma-pwr-pod-max-cordless-stick-vacuum-0cf84467-e480-4d5b-888c-eaee845a077f-jpgrendition.jpg?im=whresize&wid=200&hei=200,https://media-www.canadiantire.ca/product/living/cleaning/vacuums-and-floorcare/0437126/noma-pwr-pod-max-cordless-stick-vacuum-0cf84467-e480-4d5b-888c-eaee845a077f-jpgrendition.jpg?im=whresize&wid=200&hei=200,,0437126,043-7126-8,Il n’en reste que 1 #043-7126-8,Liquidation◊Mieux notés,50.01,"299,93","599,99"
320,"Rimouski, QC","Miroir rond grossissant CANVAS pour salle de bain/meuble-lavabo, fini nickel","Miroir rond grossissant CANVAS pour salle de bain/meuble-lavabo, fini nickel",17.93,"17,93 $",37.99,"Était±  37,99 $prix était 37,99 $",17.93,"17,93 $",17.93,"17,93 $",true,https://www.canadiantire.ca/fr/pdp/miroir-rond-grossissant-canvas-pour-salle-de-bain-meuble-lavabo-fini-nickel-0636269p.html,https://www.canadiantire.ca/fr/pdp/miroir-rond-grossissant-canvas-pour-salle-de-bain-meuble-lavabo-fini-nickel-0636269p.html,https://media-www.canadiantire.ca/product/living/home-decor/bed-bath-decor/0636269/canvas-storage-vanity-mirror-nickel--6ca21d1e-c176-465f-855b-206e450c8224-jpgrendition.jpg?im=whresize&wid=200&hei=200,https://media-www.canadiantire.ca/product/living/home-decor/bed-bath-decor/0636269/canvas-storage-vanity-mirror-nickel--6ca21d1e-c176-465f-855b-206e450c8224-jpgrendition.jpg?im=whresize&wid=200&hei=200,,0636269,063-6269-6,,Liquidation◊Mieux notés,52.8,"17,93","37,99"
320,"Rimouski, QC","Sorcière debout animée For Living avec piles, lumière à DEL, noir, 6 pi, décoration intérieure activée par le son et la lumière pour l'Halloween","Sorcière debout animée For Living avec piles, lumière à DEL, noir, 6 pi, décoration intérieure activée par le son et la lumière pour l'Halloween",39.93,"39,93 $",79.99,"Était±  79,99 $prix était 79,99 $",39.93,"39,93 $",39.93,"39,93 $",true,https://www.canadiantire.ca/fr/pdp/sorciere-debout-animee-for-living-avec-piles-lumiere-a-del-noir-6-pi-decoration-interieure-activee-par-le-son-et-la-lumiere-pour-l-halloween-1510217p.html,https://www.canadiantire.ca/fr/pdp/sorciere-debout-animee-for-living-avec-piles-lumiere-a-del-noir-6-pi-decoration-interieure-activee-par-le-son-et-la-lumiere-pour-l-halloween-1510217p.html,https://media-www.canadiantire.ca/product/seasonal-gardening/seasonal/halloween-harvest/1510217/6-animated-standing-witch-with-sound-dc297ea0-980b-43b8-8dad-7e456556f4fa-jpgrendition.jpg?im=whresize&wid=200&hei=200,https://media-www.canadiantire.ca/product/seasonal-gardening/seasonal/halloween-harvest/1510217/6-animated-standing-witch-with-sound-dc297ea0-980b-43b8-8dad-7e456556f4fa-jpgrendition.jpg?im=whresize&wid=200&hei=200,,1510217,151-0217-6,17 En Stock#151-0217-6,Liquidation◊Exclusivité,50.08,"39,93","79,99"
320,"Rimouski, QC","Statue solaire d'animal en résine For Living, 4 po, multicolore","Statue solaire d'animal en résine For Living, 4 po, multicolore",4.93,"4,93 $",13.99,"Était±  13,99 $prix était 13,99 $",4.93,"4,93 $",4.93,"4,93 $",true,https://www.canadiantire.ca/fr/pdp/statue-solaire-d-animal-en-resine-for-living-4-po-multicolore-0597329p.html,https://www.canadiantire.ca/fr/pdp/statue-solaire-d-animal-en-resine-for-living-4-po-multicolore-0597329p.html,https://media-www.canadiantire.ca/product/seasonal-gardening/backyard-living/outdoor-living-accessories/0597329/for-living-solar-resin-animals-assorted-56039ad1-86a8-476a-bc9c-796f61d66d7e-jpgrendition.jpg?im=whresize&wid=200&hei=200,https://media-www.canadiantire.ca/product/seasonal-gardening/backyard-living/outdoor-living-accessories/0597329/for-living-solar-resin-animals-assorted-56039ad1-86a8-476a-bc9c-796f61d66d7e-jpgrendition.jpg?im=whresize&wid=200&hei=200,,0597329,059-7329-0,Il n’en reste que 3 #059-7329-0,Liquidation◊Mieux notés,64.76,"4,93","13,99"
320,"Rimouski, QC","Boule d'attelage de remorque interchangeable Reese Towpower, 3 boules","Boule d'attelage de remorque interchangeable Reese Towpower, 3 boules",41.93,"41,93 $",99.99,"Était±  99,99 $prix était 99,99 $",41.93,"41,93 $",41.93,"41,93 $",true,https://www.canadiantire.ca/fr/pdp/boule-d-attelage-de-remorque-interchangeable-reese-towpower-3-boules-0406552p.html,https://www.canadiantire.ca/fr/pdp/boule-d-attelage-de-remorque-interchangeable-reese-towpower-3-boules-0406552p.html,https://media-www.canadiantire.ca/product/automotive/automotive-outdoor-adventure/auto-travel-storage/0406552/57600-2-5-16-adapt-a-ball-hitch-ball-9a732147-e926-4527-849a-e662156636a7-jpgrendition.jpg?im=whresize&wid=200&hei=200,https://media-www.canadiantire.ca/product/automotive/automotive-outdoor-adventure/auto-travel-storage/0406552/57600-2-5-16-adapt-a-ball-hitch-ball-9a732147-e926-4527-849a-e662156636a7-jpgrendition.jpg?im=whresize&wid=200&hei=200,,0406552,040-6552-4,Il n’en reste que 1 #040-6552-4,Liquidation◊Mieux notés,58.07,"41,93","99,99"
320,"Rimouski, QC","Leurre Mister Twister Curly Tail Grub, 6 po","Leurre Mister Twister Curly Tail Grub, 6 po",2.43,"2,43 $",5.99,"5,99 $Était   et+ prix était à partir de 5,99 $",2.43,"2,43 $",2.43,"2,43 $",true,https://www.canadiantire.ca/fr/pdp/leurre-mister-twister-curly-tail-grub-6-po-0783589p.html,https://www.canadiantire.ca/fr/pdp/leurre-mister-twister-curly-tail-grub-6-po-0783589p.html,https://media-www.canadiantire.ca/product/playing/fishing/fishing-lures/0784815/mister-twister-assorted-pack-6--5d004470-5547-4849-bda8-6534149de2fb-jpgrendition.jpg?im=whresize&wid=200&hei=200,https://media-www.canadiantire.ca/product/playing/fishing/fishing-lures/0784815/mister-twister-assorted-pack-6--5d004470-5547-4849-bda8-6534149de2fb-jpgrendition.jpg?im=whresize&wid=200&hei=200,,0783589,078-3589,Vérifiez la disponibilité#078-3589X,Liquidation◊Mieux notés,59.43,"2,43","5,99"
320,"Rimouski, QC","Interrupteur à bascule silencieux unipolaire CA Decorator, 15 A, 120 V, mise à la terre, qualité résidentielle, couleurs variées","Interrupteur à bascule silencieux unipolaire CA Decorator, 15 A, 120 V, mise à la terre, qualité résidentielle, couleurs variées",0.93,"0,93 $",2.29,"2,29 $Était   et+ prix était à partir de 2,29 $",0.93,"0,93 $",0.93,"0,93 $",true,https://www.canadiantire.ca/fr/pdp/interrupteur-a-bascule-silencieux-unipolaire-ca-decorator-15-a-120-v-mise-a-la-terre-qualite-residentielle-couleurs-variees-0528222p.html,https://www.canadiantire.ca/fr/pdp/interrupteur-a-bascule-silencieux-unipolaire-ca-decorator-15-a-120-v-mise-a-la-terre-qualite-residentielle-couleurs-variees-0528222p.html,https://media-www.canadiantire.ca/product/fixing/electrical/rough-electrical/0528352/decora-switch-1-pole-black-c26060b3-be73-4c84-bfd0-55a05b4de038-jpgrendition.jpg?im=whresize&wid=200&hei=200,https://media-www.canadiantire.ca/product/fixing/electrical/rough-electrical/0528352/decora-switch-1-pole-black-c26060b3-be73-4c84-bfd0-55a05b4de038-jpgrendition.jpg?im=whresize&wid=200&hei=200,,0528222,052-8222,Vérifiez la disponibilité#052-8222X,Liquidation◊Mieux notés,59.39,"0,93","2,29"
320,"Rimouski, QC","Arroseur gonflable en forme de dinosaure, vert, 3 pi, 3 ans et plus, pour plage/piscine","Arroseur gonflable en forme de dinosaure, vert, 3 pi, 3 ans et plus, pour plage/piscine",19.93,"19,93 $",54.99,"Était±  54,99 $prix était 54,99 $",19.93,"19,93 $",19.93,"19,93 $",true,https://www.canadiantire.ca/fr/pdp/arroseur-gonflable-en-forme-de-dinosaure-vert-3-pi-3-ans-et-plus-pour-plage-piscine-0508622p.html,https://www.canadiantire.ca/fr/pdp/arroseur-gonflable-en-forme-de-dinosaure-vert-3-pi-3-ans-et-plus-pour-plage-piscine-0508622p.html,https://media-www.canadiantire.ca/product/seasonal-gardening/toys/seasonal-toys/0508622/rock-n-spray-dino-cb10c42f-3a03-48e6-bd86-ba11bf017c49-jpgrendition.jpg?im=whresize&wid=200&hei=200,https://media-www.canadiantire.ca/product/seasonal-gardening/toys/seasonal-toys/0508622/rock-n-spray-dino-cb10c42f-3a03-48e6-bd86-ba11bf017c49-jpgrendition.jpg?im=whresize&wid=200&hei=200,,0508622,050-8622-2,Il n’en reste que 1 #050-8622-2,Liquidation◊Mieux notés,63.76,"19,93","54,99"
320,"Rimouski, QC","Anneaux de rideau de douche durables en plastique antirouille Simplicité, chromé, paq. 12","Anneaux de rideau de douche durables en plastique antirouille Simplicité, chromé, paq. 12",2.93,"2,93 $",6.99,"Était±  6,99 $prix était 6,99 $",2.93,"2,93 $",2.93,"2,93 $",true,https://www.canadiantire.ca/fr/pdp/anneaux-de-rideau-de-douche-durables-en-plastique-antirouille-simplicite-chrome-paq-12-0636058p.html,https://www.canadiantire.ca/fr/pdp/anneaux-de-rideau-de-douche-durables-en-plastique-antirouille-simplicite-chrome-paq-12-0636058p.html,https://media-www.canadiantire.ca/product/living/home-decor/bed-bath-decor/0636058/simplicite-plastic-shower-curtain-rings-chrome-64f30b57-0f22-406b-873c-76e08348a0e1-jpgrendition.jpg?im=whresize&wid=200&hei=200,https://media-www.canadiantire.ca/product/living/home-decor/bed-bath-decor/0636058/simplicite-plastic-shower-curtain-rings-chrome-64f30b57-0f22-406b-873c-76e08348a0e1-jpgrendition.jpg?im=whresize&wid=200&hei=200,,0636058,063-6058-8,Il n’en reste que 1 #063-6058-8,Liquidation◊Exclusivité,58.08,"2,93","6,99"
320,"Rimouski, QC","Bouton-pressoir lumineux hydrofuge sans fil pour sonnette avec montage en surface Globe, plastique noir","Bouton-pressoir lumineux hydrofuge sans fil pour sonnette avec montage en surface Globe, plastique noir",9.93,"9,93 $",19.99,"Était±  19,99 $prix était 19,99 $",9.93,"9,93 $",9.93,"9,93 $",true,https://www.canadiantire.ca/fr/pdp/bouton-pressoir-lumineux-hydrofuge-sans-fil-pour-sonnette-avec-montage-en-surface-globe-plastique-noir-0521744p.html,https://www.canadiantire.ca/fr/pdp/bouton-pressoir-lumineux-hydrofuge-sans-fil-pour-sonnette-avec-montage-en-surface-globe-plastique-noir-0521744p.html,https://media-www.canadiantire.ca/product/fixing/hardware/curb-appeal/0521744/wireless-push-button-black-plastic-lighted-surface-mount-b8a389f9-8140-4707-a7d0-913d2a9f16c1-jpgrendition.jpg?im=whresize&wid=200&hei=200,https://media-www.canadiantire.ca/product/fixing/hardware/curb-appeal/0521744/wireless-push-button-black-plastic-lighted-surface-mount-b8a389f9-8140-4707-a7d0-913d2a9f16c1-jpgrendition.jpg?im=whresize&wid=200&hei=200,,0521744,052-1744-0,Il n’en reste que 1 #052-1744-0,Liquidation◊,50.33,"9,93","19,99"
320,"Rimouski, QC",Lunettes de motocross antibuée Origine Focus pour jeunes,Lunettes de motocross antibuée Origine Focus pour jeunes,17.93,"17,93 $",49.99,"Était±  49,99 $prix était 49,99 $",17.93,"17,93 $",17.93,"17,93 $",true,https://www.canadiantire.ca/fr/pdp/lunettes-de-motocross-antibuee-origine-focus-pour-jeunes-0272537p.html,https://www.canadiantire.ca/fr/pdp/lunettes-de-motocross-antibuee-origine-focus-pour-jeunes-0272537p.html,https://media-www.canadiantire.ca/product/automotive/automotive-outdoor-adventure/powersport/0272537/origine-goggle-youth-72635223-30e8-441f-a7b0-ca38da90edb5-jpgrendition.jpg?im=whresize&wid=200&hei=200,https://media-www.canadiantire.ca/product/automotive/automotive-outdoor-adventure/powersport/0272537/origine-goggle-youth-72635223-30e8-441f-a7b0-ca38da90edb5-jpgrendition.jpg?im=whresize&wid=200&hei=200,,0272537,027-2537-0,Il n’en reste que 1 #027-2537-0,Liquidation◊Exclusivité,64.13,"17,93","49,99"
320,"Rimouski, QC","Accessoires Huntshield, coffre-fort pour armes à feu","Accessoires Huntshield, coffre-fort pour armes à feu",24.93,"24,93 $",49.99,"Était±  49,99 $prix était 49,99 $",24.93,"24,93 $",24.93,"24,93 $",true,https://www.canadiantire.ca/fr/pdp/accessoires-huntshield-coffre-fort-pour-armes-a-feu-0755347p.html,https://www.canadiantire.ca/fr/pdp/accessoires-huntshield-coffre-fort-pour-armes-a-feu-0755347p.html,https://media-www.canadiantire.ca/product/playing/hunting/hunting-equipment/0755347/huntshield-gun-safe-accessory-pack-f6e315ee-7d93-42fc-b5d4-1944760edf8c-jpgrendition.jpg?im=whresize&wid=200&hei=200,https://media-www.canadiantire.ca/product/playing/hunting/hunting-equipment/0755347/huntshield-gun-safe-accessory-pack-f6e315ee-7d93-42fc-b5d4-1944760edf8c-jpgrendition.jpg?im=whresize&wid=200&hei=200,,0755347,075-5347-8,Il n’en reste que 4 #075-5347-8,Liquidation◊Exclusivité,50.13,"24,93","49,99"
320,"Rimouski, QC","Chaise pour table à manger de jardin CANVAS Coventry Hills avec coussin hydrofuge avec protection anti-UV, colombe","Chaise pour table à manger de jardin CANVAS Coventry Hills avec coussin hydrofuge avec protection anti-UV, colombe",69.93,"69,93 $",169.99,"Était±  169,99 $prix était 169,99 $",69.93,"69,93 $",69.93,"69,93 $",true,https://www.canadiantire.ca/fr/pdp/chaise-pour-table-a-manger-de-jardin-canvas-coventry-hills-avec-coussin-hydrofuge-avec-protection-anti-uv-colombe-0882032p.html,https://www.canadiantire.ca/fr/pdp/chaise-pour-table-a-manger-de-jardin-canvas-coventry-hills-avec-coussin-hydrofuge-avec-protection-anti-uv-colombe-0882032p.html,https://media-www.canadiantire.ca/product/seasonal-gardening/backyard-living/outdoor-furniture/0882032/canvas-coventry-hills-cast-dining-chair-dove-313115d3-52d4-49f8-8b8f-9aa55da7e369-jpgrendition.jpg?im=whresize&wid=200&hei=200,https://media-www.canadiantire.ca/product/seasonal-gardening/backyard-living/outdoor-furniture/0882032/canvas-coventry-hills-cast-dining-chair-dove-313115d3-52d4-49f8-8b8f-9aa55da7e369-jpgrendition.jpg?im=whresize&wid=200&hei=200,,0882032,088-2032-4,Il n’en reste que 3 #088-2032-4,Liquidation◊Mieux notés,58.86,"69,93","169,99"
320,"Rimouski, QC",Boule pour coupleur antivol et verrou Rightline Gear,Boule pour coupleur antivol et verrou Rightline Gear,12.93,"12,93 $",29.99,"Était±  29,99 $prix était 29,99 $",12.93,"12,93 $",12.93,"12,93 $",true,https://www.canadiantire.ca/fr/pdp/boule-pour-coupleur-antivol-et-verrou-rightline-gear-0406983p.html,https://www.canadiantire.ca/fr/pdp/boule-pour-coupleur-antivol-et-verrou-rightline-gear-0406983p.html,https://media-www.canadiantire.ca/product/automotive/automotive-outdoor-adventure/auto-travel-storage/0406983/anti-theft-coupler-ball-lock-40555987-9ba2-4d50-b9a0-07559a0b0240-jpgrendition.jpg?im=whresize&wid=200&hei=200,https://media-www.canadiantire.ca/product/automotive/automotive-outdoor-adventure/auto-travel-storage/0406983/anti-theft-coupler-ball-lock-40555987-9ba2-4d50-b9a0-07559a0b0240-jpgrendition.jpg?im=whresize&wid=200&hei=200,,0406983,040-6983-8,Il n’en reste que 6 #040-6983-8,Liquidation◊Mieux notés,56.89,"12,93","29,99"
320,"Rimouski, QC","Gobelet en acier inoxydable isolé Reduce avec couvercle 3-en-1 et paille, 1,1 l, Glacier","Gobelet en acier inoxydable isolé Reduce avec couvercle 3-en-1 et paille, 1,1 l, Glacier",12.93,"12,93 $",39.99,"Était±  39,99 $prix était 39,99 $",12.93,"12,93 $",12.93,"12,93 $",true,https://www.canadiantire.ca/fr/pdp/gobelet-en-acier-inoxydable-isole-reduce-avec-couvercle-3-en-1-et-paille-1-1-l-glacier-1426437p.html,https://www.canadiantire.ca/fr/pdp/gobelet-en-acier-inoxydable-isole-reduce-avec-couvercle-3-en-1-et-paille-1-1-l-glacier-1426437p.html,https://media-www.canadiantire.ca/product/living/kitchen/food-storage/1426437/reduce-3-in-1-tumbler-40oz-glacier-83f49f7b-7ecf-428d-8fa8-8a95d1067fc8-jpgrendition.jpg?im=whresize&wid=200&hei=200,https://media-www.canadiantire.ca/product/living/kitchen/food-storage/1426437/reduce-3-in-1-tumbler-40oz-glacier-83f49f7b-7ecf-428d-8fa8-8a95d1067fc8-jpgrendition.jpg?im=whresize&wid=200&hei=200,,1426437,142-6437-8,Il n’en reste que 4 #142-6437-8,Liquidation◊Mieux notés,67.67,"12,93","39,99"
320,"Rimouski, QC","Naturae Décor Plante artificielle d'intérieur/extérieur Sanseveria dans un pot en terre cuite, 8 pouces","Naturae Décor Plante artificielle d'intérieur/extérieur Sanseveria dans un pot en terre cuite, 8 pouces",6.93,"6,93 $",14.99,"Était±  14,99 $prix était 14,99 $",6.93,"6,93 $",6.93,"6,93 $",true,https://www.canadiantire.ca/fr/pdp/naturae-decor-plante-artificielle-d-interieur-exterieur-sanseveria-dans-un-pot-en-terre-cuite-8-pouces-0595904p.html,https://www.canadiantire.ca/fr/pdp/naturae-decor-plante-artificielle-d-interieur-exterieur-sanseveria-dans-un-pot-en-terre-cuite-8-pouces-0595904p.html,https://media-www.canadiantire.ca/product/automotive/heavy-auto-parts/fuel-engine-repair/1234567/fg1055-fuel-pump-81d106fe-5656-40d9-ada8-e2c25b24a9a6-jpgrendition.jpg?im=whresize&wid=200&hei=200,https://media-www.canadiantire.ca/product/automotive/heavy-auto-parts/fuel-engine-repair/1234567/fg1055-fuel-pump-81d106fe-5656-40d9-ada8-e2c25b24a9a6-jpgrendition.jpg?im=whresize&wid=200&hei=200,,0595904,059-5904-2,Il n’en reste que 4 #059-5904-2,Liquidation◊,53.77,"6,93","14,99"
320,"Rimouski, QC","Porte-clés à 4 crochets en acier inoxydable Peerless, couleurs variées, 9 po","Porte-clés à 4 crochets en acier inoxydable Peerless, couleurs variées, 9 po",4.93,"4,93 $",11.99,"11,99 $Était   et+ prix était à partir de 11,99 $",4.93,"4,93 $",4.93,"4,93 $",true,https://www.canadiantire.ca/fr/pdp/porte-cles-a-4-crochets-en-acier-inoxydable-peerless-couleurs-variees-9-po-0465432p.html,https://www.canadiantire.ca/fr/pdp/porte-cles-a-4-crochets-en-acier-inoxydable-peerless-couleurs-variees-9-po-0465432p.html,https://media-www.canadiantire.ca/product/living/home-decor/decor-accents/0465496/peerless-9-key-tidy-with-4-hooks-black-and-nickel-8ead963e-de49-48ff-8428-2b036a645e53-jpgrendition.jpg?im=whresize&wid=200&hei=200,https://media-www.canadiantire.ca/product/living/home-decor/decor-accents/0465496/peerless-9-key-tidy-with-4-hooks-black-and-nickel-8ead963e-de49-48ff-8428-2b036a645e53-jpgrendition.jpg?im=whresize&wid=200&hei=200,,0465432,046-5432,Vérifiez la disponibilité#046-5432X,Liquidation◊Mieux notés,58.88,"4,93","11,99"
320,"Rimouski, QC","Ensemble de chasse Smith's, 14 pièces","Ensemble de chasse Smith's, 14 pièces",79.93,"79,93 $",199.99,"Était±  199,99 $prix était 199,99 $",79.93,"79,93 $",79.93,"79,93 $",true,https://www.canadiantire.ca/fr/pdp/ensemble-de-chasse-smith-s-14-pieces-0758532p.html,https://www.canadiantire.ca/fr/pdp/ensemble-de-chasse-smith-s-14-pieces-0758532p.html,https://media-www.canadiantire.ca/product/playing/hunting/hunting-equipment/0758532/smith-s-14-pc-ultimate-hunting-kit-4d7bab92-47b2-461f-b837-b184ac85cf69-jpgrendition.jpg?im=whresize&wid=200&hei=200,https://media-www.canadiantire.ca/product/playing/hunting/hunting-equipment/0758532/smith-s-14-pc-ultimate-hunting-kit-4d7bab92-47b2-461f-b837-b184ac85cf69-jpgrendition.jpg?im=whresize&wid=200&hei=200,,0758532,075-8532-8,Il n’en reste que 2 #075-8532-8,Liquidation◊Exclusivité,60.03,"79,93","199,99"
320,"Rimouski, QC",Assortiment de fil enduit de nylon,Assortiment de fil enduit de nylon,2.93,"2,93 $",6.99,"Était±  6,99 $prix était 6,99 $",2.93,"2,93 $",2.93,"2,93 $",true,https://www.canadiantire.ca/fr/pdp/assortiment-de-fil-enduit-de-nylon-0783400p.html,https://www.canadiantire.ca/fr/pdp/assortiment-de-fil-enduit-de-nylon-0783400p.html,https://media-www.canadiantire.ca/product/playing/fishing/fishing-lures/0783400/danielson-leader-wire-assortment-10-pack-57572a0f-1459-4f13-878e-5bb55080a9d4-jpgrendition.jpg?im=whresize&wid=200&hei=200,https://media-www.canadiantire.ca/product/playing/fishing/fishing-lures/0783400/danielson-leader-wire-assortment-10-pack-57572a0f-1459-4f13-878e-5bb55080a9d4-jpgrendition.jpg?im=whresize&wid=200&hei=200,,0783400,078-3400-6,16 En Stock#078-3400-6,Liquidation◊Exclusivité,58.08,"2,93","6,99"
320,"Rimouski, QC","Collier pour chien en chaîne confortable Petco, nylon, tailles variées, noir","Collier pour chien en chaîne confortable Petco, nylon, tailles variées, noir",9.92,"9,92 $",19.99,"19,99 $Était   et+ prix était à partir de 19,99 $",9.92,"9,92 $",9.92,"9,92 $",true,https://www.canadiantire.ca/fr/pdp/collier-pour-chien-en-chaine-confortable-petco-nylon-tailles-variees-noir-1426164p.html,https://www.canadiantire.ca/fr/pdp/collier-pour-chien-en-chaine-confortable-petco-nylon-tailles-variees-noir-1426164p.html,https://media-www.canadiantire.ca/product/living/pet-care/pet-accessories/1426164/petco-black-comfort-chain-20-x3mm-307ae738-f6dd-4d5a-82bd-34bd1f0bb539-jpgrendition.jpg?im=whresize&wid=200&hei=200,https://media-www.canadiantire.ca/product/living/pet-care/pet-accessories/1426164/petco-black-comfort-chain-20-x3mm-307ae738-f6dd-4d5a-82bd-34bd1f0bb539-jpgrendition.jpg?im=whresize&wid=200&hei=200,,1426164,142-6164,Vérifiez la disponibilité#142-6164X,Liquidation◊Exclusivité,50.38,"9,92","19,99"
320,"Rimouski, QC","Flotteur ovale en plastique soudé, rouge","Flotteur ovale en plastique soudé, rouge",2.93,"2,93 $",8.99,"Était±  8,99 $prix était 8,99 $",2.93,"2,93 $",2.93,"2,93 $",true,https://www.canadiantire.ca/fr/pdp/flotteur-ovale-en-plastique-soude-rouge-0797069p.html,https://www.canadiantire.ca/fr/pdp/flotteur-ovale-en-plastique-soude-rouge-0797069p.html,https://media-www.canadiantire.ca/product/playing/seasonal-recreation/marine-water-fun/0797069/ski-tow-rope-float-809a395d-f49c-42a4-8b3b-141e8f0b5e7d-jpgrendition.jpg?im=whresize&wid=200&hei=200,https://media-www.canadiantire.ca/product/playing/seasonal-recreation/marine-water-fun/0797069/ski-tow-rope-float-809a395d-f49c-42a4-8b3b-141e8f0b5e7d-jpgrendition.jpg?im=whresize&wid=200&hei=200,,0797069,079-7069-0,Il n’en reste que 3 #079-7069-0,Liquidation◊,67.41,"2,93","8,99"
320,"Rimouski, QC","Crâne iridescent géométrique Gemmy, 12 pi, décor d'Halloween lumineux, pour intérieur/extérieur","Crâne iridescent géométrique Gemmy, 12 pi, décor d'Halloween lumineux, pour intérieur/extérieur",19.93,"19,93 $",39.99,"Était±  39,99 $prix était 39,99 $",19.93,"19,93 $",19.93,"19,93 $",true,https://www.canadiantire.ca/fr/pdp/crane-iridescent-geometrique-gemmy-12-pi-decor-d-halloween-lumineux-pour-interieur-exterieur-8554844p.html,https://www.canadiantire.ca/fr/pdp/crane-iridescent-geometrique-gemmy-12-pi-decor-d-halloween-lumineux-pour-interieur-exterieur-8554844p.html,https://media-www.canadiantire.ca/product/party-city/party-city-seasonal/party-city-halloween-harvest/8554844/12-foot-geometric-iridescent-skull-eaa5f39b-f69a-401d-92b1-f95ddd7136ee-jpgrendition.jpg?im=whresize&wid=200&hei=200,https://media-www.canadiantire.ca/product/party-city/party-city-seasonal/party-city-halloween-harvest/8554844/12-foot-geometric-iridescent-skull-eaa5f39b-f69a-401d-92b1-f95ddd7136ee-jpgrendition.jpg?im=whresize&wid=200&hei=200,,8554844,855-4844-4,Il n’en reste que 1 #855-4844-4,Liquidation◊,50.16,"19,93","39,99"
320,"Rimouski, QC","Feux de gabarit à DEL à carte Hopkins Towing Solution, paq. 6, rouge","Feux de gabarit à DEL à carte Hopkins Towing Solution, paq. 6, rouge",17.93,"17,93 $",36.99,"Était±  36,99 $prix était 36,99 $",17.93,"17,93 $",17.93,"17,93 $",true,https://www.canadiantire.ca/fr/pdp/feux-de-gabarit-a-del-a-carte-hopkins-towing-solution-paq-6-rouge-0203849p.html,https://www.canadiantire.ca/fr/pdp/feux-de-gabarit-a-del-a-carte-hopkins-towing-solution-paq-6-rouge-0203849p.html,https://media-www.canadiantire.ca/product/automotive/automotive-outdoor-adventure/auto-travel-storage/0203849/6-pc-carded-led-clearance-light-red-fbc45337-d60f-4485-9f50-9d86ae2eb0a3-jpgrendition.jpg?im=whresize&wid=200&hei=200,https://media-www.canadiantire.ca/product/automotive/automotive-outdoor-adventure/auto-travel-storage/0203849/6-pc-carded-led-clearance-light-red-fbc45337-d60f-4485-9f50-9d86ae2eb0a3-jpgrendition.jpg?im=whresize&wid=200&hei=200,,0203849,020-3849-6,Il n’en reste que 1 #020-3849-6,Liquidation◊,51.53,"17,93","36,99"
320,"Rimouski, QC",Nécessaire de mise à la terre de rechange pour remorque Hopkins 49060 Endurance avec fil de calibre 16,Nécessaire de mise à la terre de rechange pour remorque Hopkins 49060 Endurance avec fil de calibre 16,5.93,"5,93 $",12.99,"Était±  12,99 $prix était 12,99 $",5.93,"5,93 $",5.93,"5,93 $",true,https://www.canadiantire.ca/fr/pdp/necessaire-de-mise-a-la-terre-de-rechange-pour-remorque-hopkins-49060-endurance-avec-fil-de-calibre-16-1407216p.html,https://www.canadiantire.ca/fr/pdp/necessaire-de-mise-a-la-terre-de-rechange-pour-remorque-hopkins-49060-endurance-avec-fil-de-calibre-16-1407216p.html,https://media-www.canadiantire.ca/product/automotive/automotive-outdoor-adventure/auto-travel-storage/1407216/hopkins-endurancea-trailer-replacement-ground-kit-16-gage-1d45460b-41a2-45fe-a2a8-d4dfd80e39f3-jpgrendition.jpg?im=whresize&wid=200&hei=200,https://media-www.canadiantire.ca/product/automotive/automotive-outdoor-adventure/auto-travel-storage/1407216/hopkins-endurancea-trailer-replacement-ground-kit-16-gage-1d45460b-41a2-45fe-a2a8-d4dfd80e39f3-jpgrendition.jpg?im=whresize&wid=200&hei=200,,1407216,140-7216-2,Il n’en reste que 2 #140-7216-2,Liquidation◊,54.35,"5,93","12,99"
320,"Rimouski, QC","Lampe de table CANVAS cannelée, 28 po","Lampe de table CANVAS cannelée, 28 po",39.93,"39,93 $",119.99,"Était±  119,99 $prix était 119,99 $",39.93,"39,93 $",39.93,"39,93 $",true,https://www.canadiantire.ca/fr/pdp/lampe-de-table-canvas-cannelee-28-po-0526164p.html,https://www.canadiantire.ca/fr/pdp/lampe-de-table-canvas-cannelee-28-po-0526164p.html,https://media-www.canadiantire.ca/product/living/home-decor/lighting/0526164/canvas-ribbed-table-lamp-8e787e83-e902-4b8d-928e-c4fd5a079b7b-jpgrendition.jpg?im=whresize&wid=200&hei=200,https://media-www.canadiantire.ca/product/living/home-decor/lighting/0526164/canvas-ribbed-table-lamp-8e787e83-e902-4b8d-928e-c4fd5a079b7b-jpgrendition.jpg?im=whresize&wid=200&hei=200,,0526164,052-6164-0,Il n’en reste que 2 #052-6164-0,Liquidation◊Exclusivité,66.72,"39,93","119,99"
320,"Rimouski, QC","Jeu de volleyball-waterpolo de piscine à filet à 4 carrés Banzai pour adultes et famille, portatif, bilingue","Jeu de volleyball-waterpolo de piscine à filet à 4 carrés Banzai pour adultes et famille, portatif, bilingue",19.93,"19,93 $",59.99,"Était±  59,99 $prix était 59,99 $",19.93,"19,93 $",19.93,"19,93 $",true,https://www.canadiantire.ca/fr/pdp/jeu-de-volleyball-waterpolo-de-piscine-a-filet-a-4-carres-banzai-pour-adultes-et-famille-portatif-bilingue-0810225p.html,https://www.canadiantire.ca/fr/pdp/jeu-de-volleyball-waterpolo-de-piscine-a-filet-a-4-carres-banzai-pour-adultes-et-famille-portatif-bilingue-0810225p.html,https://media-www.canadiantire.ca/product/seasonal-gardening/backyard-fun/pool-fun/0810225/banzai-4-square-volleyball-e5468701-7afc-4f41-be59-fa51b3e051f5-jpgrendition.jpg?im=whresize&wid=200&hei=200,https://media-www.canadiantire.ca/product/seasonal-gardening/backyard-fun/pool-fun/0810225/banzai-4-square-volleyball-e5468701-7afc-4f41-be59-fa51b3e051f5-jpgrendition.jpg?im=whresize&wid=200&hei=200,,0810225,081-0225-2,Il n’en reste que 1 #081-0225-2,Liquidation◊,66.78,"19,93","59,99"
320,"Rimouski, QC",Bac à peinture Premier Clean en pâte de papier,Bac à peinture Premier Clean en pâte de papier,6.93,"6,93 $",16.99,"Était±  16,99 $prix était 16,99 $",6.93,"6,93 $",6.93,"6,93 $",true,https://www.canadiantire.ca/fr/pdp/bac-a-peinture-premier-clean-en-pate-de-papier-0492532p.html,https://www.canadiantire.ca/fr/pdp/bac-a-peinture-premier-clean-en-pate-de-papier-0492532p.html,https://media-www.canadiantire.ca/product/fixing/paint/paint-accessories/0492532/premier-clean-paper-pulp-painting-tray-871926d2-0d3b-4656-91e7-a53642a4e1ee-jpgrendition.jpg?im=whresize&wid=200&hei=200,https://media-www.canadiantire.ca/product/fixing/paint/paint-accessories/0492532/premier-clean-paper-pulp-painting-tray-871926d2-0d3b-4656-91e7-a53642a4e1ee-jpgrendition.jpg?im=whresize&wid=200&hei=200,,0492532,049-2532-8,Il n’en reste que 3 #049-2532-8,Liquidation◊Exclusivité,59.21,"6,93","16,99"
320,"Rimouski, QC","Assortiment d'hameçons montés Danielson, paq. 12","Assortiment d'hameçons montés Danielson, paq. 12",2.73,"2,73 $",6.49,"Était±  6,49 $prix était 6,49 $",2.73,"2,73 $",2.73,"2,73 $",true,https://www.canadiantire.ca/fr/pdp/assortiment-d-hamecons-montes-danielson-paq-12-0783244p.html,https://www.canadiantire.ca/fr/pdp/assortiment-d-hamecons-montes-danielson-paq-12-0783244p.html,https://media-www.canadiantire.ca/product/playing/fishing/fishing-lures/0783244/danielson-baitholder-assortment-12-pack-fbcdbda3-53fa-49d3-b114-250a7331a46d-jpgrendition.jpg?im=whresize&wid=200&hei=200,https://media-www.canadiantire.ca/product/playing/fishing/fishing-lures/0783244/danielson-baitholder-assortment-12-pack-fbcdbda3-53fa-49d3-b114-250a7331a46d-jpgrendition.jpg?im=whresize&wid=200&hei=200,,0783244,078-3244-8,Il n’en reste que 3 #078-3244-8,Liquidation◊Mieux notés,57.94,"2,73","6,49"
320,"Rimouski, QC",Ensemble plat 5 fils Hopkins avec connecteurs côté véhicule de 48 po et côté remorque de 12 po,Ensemble plat 5 fils Hopkins avec connecteurs côté véhicule de 48 po et côté remorque de 12 po,12.93,"12,93 $",26.99,"Était±  26,99 $prix était 26,99 $",12.93,"12,93 $",12.93,"12,93 $",true,https://www.canadiantire.ca/fr/pdp/ensemble-plat-5-fils-hopkins-avec-connecteurs-cote-vehicule-de-48-po-et-cote-remorque-de-12-po-1407228p.html,https://www.canadiantire.ca/fr/pdp/ensemble-plat-5-fils-hopkins-avec-connecteurs-cote-vehicule-de-48-po-et-cote-remorque-de-12-po-1407228p.html,https://media-www.canadiantire.ca/product/automotive/automotive-outdoor-adventure/auto-travel-storage/1407228/hopkins-5-flat-set-48-in-vehicle-side-12-in-trailer-side-b4ea79c7-485c-4285-b1d8-ad30069b0c1e-jpgrendition.jpg?im=whresize&wid=200&hei=200,https://media-www.canadiantire.ca/product/automotive/automotive-outdoor-adventure/auto-travel-storage/1407228/hopkins-5-flat-set-48-in-vehicle-side-12-in-trailer-side-b4ea79c7-485c-4285-b1d8-ad30069b0c1e-jpgrendition.jpg?im=whresize&wid=200&hei=200,,1407228,140-7228-4,Il n’en reste que 1 #140-7228-4,Liquidation◊Mieux notés,52.09,"12,93","26,99"
320,"Rimouski, QC","Cartouche de ligne de coupe de service moyen MTD, 2 lignes, pièces d'origine, 0,080 po","Cartouche de ligne de coupe de service moyen MTD, 2 lignes, pièces d'origine, 0,080 po",9.93,"9,93 $",19.99,"Était±  19,99 $prix était 19,99 $",9.93,"9,93 $",9.93,"9,93 $",true,https://www.canadiantire.ca/fr/pdp/cartouche-de-ligne-de-coupe-de-service-moyen-mtd-2-lignes-pieces-d-origine-0-080-po-0602276p.html,https://www.canadiantire.ca/fr/pdp/cartouche-de-ligne-de-coupe-de-service-moyen-mtd-2-lignes-pieces-d-origine-0-080-po-0602276p.html,https://media-www.canadiantire.ca/product/seasonal-gardening/outdoor-tools/ope-parts-accessories/0602276/2-line-trimmer-cartridge-0-80--6a3daae2-2437-4cf9-a423-58bcb47929af-jpgrendition.jpg?im=whresize&wid=200&hei=200,https://media-www.canadiantire.ca/product/seasonal-gardening/outdoor-tools/ope-parts-accessories/0602276/2-line-trimmer-cartridge-0-80--6a3daae2-2437-4cf9-a423-58bcb47929af-jpgrendition.jpg?im=whresize&wid=200&hei=200,,0602276,060-2276-8,Il n’en reste que 1 #060-2276-8,Liquidation◊,50.33,"9,93","19,99"
320,"Rimouski, QC","Bande lumineuse à DEL intelligente Wi-Fi Geeni, 6-5 pi","Bande lumineuse à DEL intelligente Wi-Fi Geeni, 6-5 pi",19.93,"19,93 $",39.99,"Était±  39,99 $prix était 39,99 $",19.93,"19,93 $",19.93,"19,93 $",true,https://www.canadiantire.ca/fr/pdp/bande-lumineuse-a-del-intelligente-wi-fi-geeni-6-5-pi-0522135p.html,https://www.canadiantire.ca/fr/pdp/bande-lumineuse-a-del-intelligente-wi-fi-geeni-6-5-pi-0522135p.html,https://media-www.canadiantire.ca/product/fixing/electrical/lighting/0522135/geeni-2m-smart-light-strip-55c9009e-3ec6-4bf3-9b97-44b0924e1c7b-jpgrendition.jpg?im=whresize&wid=200&hei=200,https://media-www.canadiantire.ca/product/fixing/electrical/lighting/0522135/geeni-2m-smart-light-strip-55c9009e-3ec6-4bf3-9b97-44b0924e1c7b-jpgrendition.jpg?im=whresize&wid=200&hei=200,,0522135,052-2135-4,Il n’en reste que 5 #052-2135-4,Liquidation◊,50.16,"19,93","39,99"
320,"Rimouski, QC","Tampons de rechange pour vadrouille Bissell 31171 SpinWave série 2859, paq. 8","Tampons de rechange pour vadrouille Bissell 31171 SpinWave série 2859, paq. 8",17.93,"17,93 $",36.99,"Était±  36,99 $prix était 36,99 $",17.93,"17,93 $",17.93,"17,93 $",true,https://www.canadiantire.ca/fr/pdp/tampons-de-rechange-pour-vadrouille-bissell-31171-spinwave-serie-2859-paq-8-0439423p.html,https://www.canadiantire.ca/fr/pdp/tampons-de-rechange-pour-vadrouille-bissell-31171-spinwave-serie-2859-paq-8-0439423p.html,https://media-www.canadiantire.ca/product/living/cleaning/vacuums-and-floorcare/0439423/bissell-spinwave-robot-replacement-pads-07693c77-2b76-45fc-8730-2e48ac1485d5-jpgrendition.jpg?im=whresize&wid=200&hei=200,https://media-www.canadiantire.ca/product/living/cleaning/vacuums-and-floorcare/0439423/bissell-spinwave-robot-replacement-pads-07693c77-2b76-45fc-8730-2e48ac1485d5-jpgrendition.jpg?im=whresize&wid=200&hei=200,,0439423,043-9423-8,Il n’en reste que 2 #043-9423-8,Liquidation◊Mieux notés,51.53,"17,93","36,99"
320,"Rimouski, QC","Citrouille lanterne en sisal For Living, lumière à DEL, orange, 16 po, paq. 2, décoration d'intérieur/extérieur pour l'Halloween","Citrouille lanterne en sisal For Living, lumière à DEL, orange, 16 po, paq. 2, décoration d'intérieur/extérieur pour l'Halloween",49.93,"49,93 $",99.99,"Était±  99,99 $prix était 99,99 $",49.93,"49,93 $",49.93,"49,93 $",true,https://www.canadiantire.ca/fr/pdp/citrouille-lanterne-en-sisal-for-living-lumiere-a-del-orange-16-po-paq-2-decoration-d-interieur-exterieur-pour-l-halloween-1519147p.html,https://www.canadiantire.ca/fr/pdp/citrouille-lanterne-en-sisal-for-living-lumiere-a-del-orange-16-po-paq-2-decoration-d-interieur-exterieur-pour-l-halloween-1519147p.html,https://media-www.canadiantire.ca/product/seasonal-gardening/seasonal/halloween-harvest/1519147/2pk-3d-sisial-pumpkin-76d535d7-2f69-44a8-95e7-9b97983df9c2-jpgrendition.jpg?im=whresize&wid=200&hei=200,https://media-www.canadiantire.ca/product/seasonal-gardening/seasonal/halloween-harvest/1519147/2pk-3d-sisial-pumpkin-76d535d7-2f69-44a8-95e7-9b97983df9c2-jpgrendition.jpg?im=whresize&wid=200&hei=200,,1519147,151-9147-8,Il n’en reste que 6 #151-9147-8,Liquidation◊Exclusivité,50.07,"49,93","99,99"
320,"Rimouski, QC",Trousse d'installation de commande de freins Hopkins Towing Solution,Trousse d'installation de commande de freins Hopkins Towing Solution,20.93,"20,93 $",42.99,"Était±  42,99 $prix était 42,99 $",20.93,"20,93 $",20.93,"20,93 $",true,https://www.canadiantire.ca/fr/pdp/trousse-d-installation-de-commande-de-freins-hopkins-towing-solution-0409674p.html,https://www.canadiantire.ca/fr/pdp/trousse-d-installation-de-commande-de-freins-hopkins-towing-solution-0409674p.html,https://media-www.canadiantire.ca/product/automotive/automotive-outdoor-adventure/auto-travel-storage/0409674/brake-control-installation-kit-d710317d-967c-4129-88a0-51154c7edbab-jpgrendition.jpg?im=whresize&wid=200&hei=200,https://media-www.canadiantire.ca/product/automotive/automotive-outdoor-adventure/auto-travel-storage/0409674/brake-control-installation-kit-d710317d-967c-4129-88a0-51154c7edbab-jpgrendition.jpg?im=whresize&wid=200&hei=200,,0409674,040-9674-6,Il n’en reste que 3 #040-9674-6,Liquidation◊,51.31,"20,93","42,99"
320,"Rimouski, QC",Fantôme émergeant du sol gonflable Gemmy,Fantôme émergeant du sol gonflable Gemmy,149.93,"149,93 $",299.99,"Était±  299,99 $prix était 299,99 $",149.93,"149,93 $",149.93,"149,93 $",true,https://www.canadiantire.ca/fr/pdp/fantome-emergeant-du-sol-gonflable-gemmy-1519932p.html,https://www.canadiantire.ca/fr/pdp/fantome-emergeant-du-sol-gonflable-gemmy-1519932p.html,https://media-www.canadiantire.ca/product/party-city/party-city-seasonal/halloween-harvest/1519932/air-blown-ghost-ground-breaker-754f819a-69fc-42f9-adb7-81119f1fbbcb-jpgrendition.jpg?im=whresize&wid=200&hei=200,https://media-www.canadiantire.ca/product/party-city/party-city-seasonal/halloween-harvest/1519932/air-blown-ghost-ground-breaker-754f819a-69fc-42f9-adb7-81119f1fbbcb-jpgrendition.jpg?im=whresize&wid=200&hei=200,,1519932,151-9932-8,Il n’en reste que 3 #151-9932-8,Liquidation◊Mieux notés,50.02,"149,93","299,99"
320,"Rimouski, QC","Accessoire de teckel squelette For Living, blanc, 21 po, décoration intérieure/extérieure pour l'Halloween","Accessoire de teckel squelette For Living, blanc, 21 po, décoration intérieure/extérieure pour l'Halloween",9.93,"9,93 $",24.99,"Était±  24,99 $prix était 24,99 $",9.93,"9,93 $",9.93,"9,93 $",true,https://www.canadiantire.ca/fr/pdp/accessoire-de-teckel-squelette-for-living-blanc-21-po-decoration-interieure-exterieure-pour-l-halloween-1510853p.html,https://www.canadiantire.ca/fr/pdp/accessoire-de-teckel-squelette-for-living-blanc-21-po-decoration-interieure-exterieure-pour-l-halloween-1510853p.html,https://media-www.canadiantire.ca/product/seasonal-gardening/seasonal/halloween-harvest/1510853/21-skeleton-dog-982b6c11-4d4a-45ed-8026-e29dc57f805a-jpgrendition.jpg?im=whresize&wid=200&hei=200,https://media-www.canadiantire.ca/product/seasonal-gardening/seasonal/halloween-harvest/1510853/21-skeleton-dog-982b6c11-4d4a-45ed-8026-e29dc57f805a-jpgrendition.jpg?im=whresize&wid=200&hei=200,,1510853,151-0853-0,Il n’en reste que 2 #151-0853-0,Liquidation◊Mieux notés,60.26,"9,93","24,99"
320,"Rimouski, QC","Connecteur plat 4 fils côté véhicule voyant d'essai à DEL Hopkins, 48 po","Connecteur plat 4 fils côté véhicule voyant d'essai à DEL Hopkins, 48 po",5.93,"5,93 $",12.99,"Était±  12,99 $prix était 12,99 $",5.93,"5,93 $",5.93,"5,93 $",true,https://www.canadiantire.ca/fr/pdp/connecteur-plat-4-fils-cote-vehicule-voyant-d-essai-a-del-hopkins-48-po-1407226p.html,https://www.canadiantire.ca/fr/pdp/connecteur-plat-4-fils-cote-vehicule-voyant-d-essai-a-del-hopkins-48-po-1407226p.html,https://media-www.canadiantire.ca/product/automotive/automotive-outdoor-adventure/auto-travel-storage/1407226/hopkins-led-test-4-flat-vehicle-side-48-in-a5caad82-c304-4956-acc1-ccbb9eb7b4c5-jpgrendition.jpg?im=whresize&wid=200&hei=200,https://media-www.canadiantire.ca/product/automotive/automotive-outdoor-adventure/auto-travel-storage/1407226/hopkins-led-test-4-flat-vehicle-side-48-in-a5caad82-c304-4956-acc1-ccbb9eb7b4c5-jpgrendition.jpg?im=whresize&wid=200&hei=200,,1407226,140-7226-8,Il n’en reste que 1 #140-7226-8,Liquidation◊Mieux notés,54.35,"5,93","12,99"
320,"Rimouski, QC","Plantes artificielles intérieures/extérieures Echevalia artificielles, pot en terre cuite, 6 po","Plantes artificielles intérieures/extérieures Echevalia artificielles, pot en terre cuite, 6 po",6.93,"6,93 $",14.99,"Était±  14,99 $prix était 14,99 $",6.93,"6,93 $",6.93,"6,93 $",true,https://www.canadiantire.ca/fr/pdp/plantes-artificielles-interieures-exterieures-echevalia-artificielles-pot-en-terre-cuite-6-po-0595903p.html,https://www.canadiantire.ca/fr/pdp/plantes-artificielles-interieures-exterieures-echevalia-artificielles-pot-en-terre-cuite-6-po-0595903p.html,https://media-www.canadiantire.ca/product/living/home-decor/decor-accents/0595903/naturae-d-cor-artificial-echeveria-plant-6--554bf989-7232-498a-91ba-43ad99a73d24-jpgrendition.jpg?im=whresize&wid=200&hei=200,https://media-www.canadiantire.ca/product/living/home-decor/decor-accents/0595903/naturae-d-cor-artificial-echeveria-plant-6--554bf989-7232-498a-91ba-43ad99a73d24-jpgrendition.jpg?im=whresize&wid=200&hei=200,,0595903,059-5903-4,,Liquidation◊,53.77,"6,93","14,99"
320,"Rimouski, QC","Barre attelage REESE Towpower, carbone, abaissement de 5 po","Barre attelage REESE Towpower, carbone, abaissement de 5 po",34.93,"34,93 $",72.99,"Était±  72,99 $prix était 72,99 $",34.93,"34,93 $",34.93,"34,93 $",true,https://www.canadiantire.ca/fr/pdp/barre-attelage-reese-towpower-carbone-abaissement-de-5-po-0403011p.html,https://www.canadiantire.ca/fr/pdp/barre-attelage-reese-towpower-carbone-abaissement-de-5-po-0403011p.html,https://media-www.canadiantire.ca/product/automotive/automotive-outdoor-adventure/auto-travel-storage/0403011/classvstandardballmount-ffd8f12c-62fe-411d-9579-6987b2e2db9b-jpgrendition.jpg?im=whresize&wid=200&hei=200,https://media-www.canadiantire.ca/product/automotive/automotive-outdoor-adventure/auto-travel-storage/0403011/classvstandardballmount-ffd8f12c-62fe-411d-9579-6987b2e2db9b-jpgrendition.jpg?im=whresize&wid=200&hei=200,,0403011,040-3011-0,Il n’en reste que 2 #040-3011-0,Liquidation◊Articles à succès,52.14,"34,93","72,99"
320,"Rimouski, QC","Plafonnier à 4 lampes avec abat-jour en cristal NOMA Cora, chrome","Plafonnier à 4 lampes avec abat-jour en cristal NOMA Cora, chrome",59.93,"59,93 $",139.99,"Était±  139,99 $prix était 139,99 $",59.93,"59,93 $",59.93,"59,93 $",true,https://www.canadiantire.ca/fr/pdp/plafonnier-a-4-lampes-avec-abat-jour-en-cristal-noma-cora-chrome-0528001p.html,https://www.canadiantire.ca/fr/pdp/plafonnier-a-4-lampes-avec-abat-jour-en-cristal-noma-cora-chrome-0528001p.html,https://media-www.canadiantire.ca/product/living/home-decor/lighting/0528001/track-4-light-canopy-cora-038278df-36de-44e8-acd6-3a767ca802cd-jpgrendition.jpg?im=whresize&wid=200&hei=200,https://media-www.canadiantire.ca/product/living/home-decor/lighting/0528001/track-4-light-canopy-cora-038278df-36de-44e8-acd6-3a767ca802cd-jpgrendition.jpg?im=whresize&wid=200&hei=200,,0528001,052-8001-6,Il n’en reste que 3 #052-8001-6,Liquidation◊Exclusivité,57.19,"59,93","139,99"
320,"Rimouski, QC","Chaudron avec brumisateur d'Halloween Gemmy, gaze métallique, violet/noir, 16,9 po","Chaudron avec brumisateur d'Halloween Gemmy, gaze métallique, violet/noir, 16,9 po",49.93,"49,93 $",99.99,"Était±  99,99 $prix était 99,99 $",49.93,"49,93 $",49.93,"49,93 $",true,https://www.canadiantire.ca/fr/pdp/chaudron-avec-brumisateur-d-halloween-gemmy-gaze-metallique-violet-noir-16-9-po-1510278p.html,https://www.canadiantire.ca/fr/pdp/chaudron-avec-brumisateur-d-halloween-gemmy-gaze-metallique-violet-noir-16-9-po-1510278p.html,https://media-www.canadiantire.ca/product/seasonal-gardening/seasonal/halloween-harvest/1510278/16-9-misting-cauldron-metallic-purple-black-gauze-039aceed-a7ad-40f0-b157-77ac3137bec4-jpgrendition.jpg?im=whresize&wid=200&hei=200,https://media-www.canadiantire.ca/product/seasonal-gardening/seasonal/halloween-harvest/1510278/16-9-misting-cauldron-metallic-purple-black-gauze-039aceed-a7ad-40f0-b157-77ac3137bec4-jpgrendition.jpg?im=whresize&wid=200&hei=200,,1510278,151-0278-0,Il n’en reste que 6 #151-0278-0,Liquidation◊,50.07,"49,93","99,99"
320,"Rimouski, QC","Support de poignet pour dames Tensor, main gauche","Support de poignet pour dames Tensor, main gauche",17.93,"17,93 $",37.99,"Était±  37,99 $prix était 37,99 $",17.93,"17,93 $",17.93,"17,93 $",true,https://www.canadiantire.ca/fr/pdp/support-de-poignet-pour-dames-tensor-main-gauche-0838858p.html,https://www.canadiantire.ca/fr/pdp/support-de-poignet-pour-dames-tensor-main-gauche-0838858p.html,https://media-www.canadiantire.ca/product/playing/hockey/hockey-accessories/0838858/tensor-womens-wrist-left-d287ede7-5114-4d68-b49c-5fbfbb3e01cd-jpgrendition.jpg?im=whresize&wid=200&hei=200,https://media-www.canadiantire.ca/product/playing/hockey/hockey-accessories/0838858/tensor-womens-wrist-left-d287ede7-5114-4d68-b49c-5fbfbb3e01cd-jpgrendition.jpg?im=whresize&wid=200&hei=200,,0838858,083-8858-4,10 En Stock#083-8858-4,Liquidation◊Mieux notés,52.8,"17,93","37,99"
320,"Rimouski, QC","Rondelles plates Hillman, classe 8, choix de tailles","Rondelles plates Hillman, classe 8, choix de tailles",0.73,"0,73 $",2.49,"2,49 $Était   et+ prix était à partir de 2,49 $",0.73,"0,73 $",0.73,"0,73 $",true,https://www.canadiantire.ca/fr/pdp/rondelles-plates-hillman-classe-8-choix-de-tailles-1610791p.html,https://www.canadiantire.ca/fr/pdp/rondelles-plates-hillman-classe-8-choix-de-tailles-1610791p.html,https://media-www.canadiantire.ca/product/fixing/hardware/general-hardware/1610791/m6-zinc-plated-metric-flat-washer-10-pack-880766-d3fd965c-79b8-4ecf-92b2-c1e4d61669fa-jpgrendition.jpg?im=whresize&wid=200&hei=200,https://media-www.canadiantire.ca/product/fixing/hardware/general-hardware/1610791/m6-zinc-plated-metric-flat-washer-10-pack-880766-d3fd965c-79b8-4ecf-92b2-c1e4d61669fa-jpgrendition.jpg?im=whresize&wid=200&hei=200,,1610791,161-0791,Vérifiez la disponibilité#161-0791X,Liquidation◊Mieux notés,70.68,"0,73","2,49"
320,"Rimouski, QC",Porte-clés avec alarme de sécurité sonore personnalisable et lampe de poche à DEL AutoTrends,Porte-clés avec alarme de sécurité sonore personnalisable et lampe de poche à DEL AutoTrends,2.93,"2,93 $",14.99,"Était±  14,99 $prix était 14,99 $",2.93,"2,93 $",2.93,"2,93 $",true,https://www.canadiantire.ca/fr/pdp/porte-cles-avec-alarme-de-securite-sonore-personnalisable-et-lampe-de-poche-a-del-autotrends-0372964p.html,https://www.canadiantire.ca/fr/pdp/porte-cles-avec-alarme-de-securite-sonore-personnalisable-et-lampe-de-poche-a-del-autotrends-0372964p.html,https://media-www.canadiantire.ca/product/automotive/car-care-accessories/auto-accessories/0372964/autotrends-safety-sound-personable-alarm-eff7774a-9678-44af-8c8b-db20def3e94d-jpgrendition.jpg?im=whresize&wid=200&hei=200,https://media-www.canadiantire.ca/product/automotive/car-care-accessories/auto-accessories/0372964/autotrends-safety-sound-personable-alarm-eff7774a-9678-44af-8c8b-db20def3e94d-jpgrendition.jpg?im=whresize&wid=200&hei=200,,0372964,037-2964-8,Il n’en reste que 2 #037-2964-8,Liquidation◊Exclusivité,80.45,"2,93","14,99"
320,"Rimouski, QC","Lampe de poche porte-clés à pile ion Black Diamond, 40 lumens","Lampe de poche porte-clés à pile ion Black Diamond, 40 lumens",13.49,"13,49 $",26.99,"Était±  26,99 $prix était 26,99 $",13.49,"13,49 $",13.49,"13,49 $",true,https://www.canadiantire.ca/fr/pdp/lampe-de-poche-porte-cles-a-pile-ion-black-diamond-40-lumens-0766150p.html,https://www.canadiantire.ca/fr/pdp/lampe-de-poche-porte-cles-a-pile-ion-black-diamond-40-lumens-0766150p.html,https://media-www.canadiantire.ca/product/playing/camping/camping-living/0766150/black-diamond-keychain-light-b266e47f-3262-4cb6-9e0e-29b349dc4ce9-jpgrendition.jpg?im=whresize&wid=200&hei=200,https://media-www.canadiantire.ca/product/playing/camping/camping-living/0766150/black-diamond-keychain-light-b266e47f-3262-4cb6-9e0e-29b349dc4ce9-jpgrendition.jpg?im=whresize&wid=200&hei=200,,0766150,076-6150-6,Il n’en reste que 1 #076-6150-6,Liquidation◊Mieux notés,50.02,"13,49","26,99"
320,"Rimouski, QC",Poêle et mélange pour pain d'épice Thoughtfully,Poêle et mélange pour pain d'épice Thoughtfully,5.93,"5,93 $",12.99,"Était±  12,99 $prix était 12,99 $",5.93,"5,93 $",5.93,"5,93 $",true,https://www.canadiantire.ca/fr/pdp/poele-et-melange-pour-pain-d-epice-thoughtfully-1519536p.html,https://www.canadiantire.ca/fr/pdp/poele-et-melange-pour-pain-d-epice-thoughtfully-1519536p.html,https://media-www.canadiantire.ca/product/living/food-drink/seasonal-confectionery/1519536/gingerbread-skillet-baking-kit-38d746fc-faef-4efe-91d5-308e67632dd3-jpgrendition.jpg?im=whresize&wid=200&hei=200,https://media-www.canadiantire.ca/product/living/food-drink/seasonal-confectionery/1519536/gingerbread-skillet-baking-kit-38d746fc-faef-4efe-91d5-308e67632dd3-jpgrendition.jpg?im=whresize&wid=200&hei=200,,1519536,151-9536-2,Il n’en reste que 6 #151-9536-2,TaxableLiquidation◊,54.35,"5,93","12,99"
320,"Rimouski, QC","Lumière pour grille ambre ultra-brillante autocollante Custom Accessories Truck Tuff, paq. 3","Lumière pour grille ambre ultra-brillante autocollante Custom Accessories Truck Tuff, paq. 3",19.93,"19,93 $",49.99,"Était±  49,99 $prix était 49,99 $",19.93,"19,93 $",19.93,"19,93 $",true,https://www.canadiantire.ca/fr/pdp/lumiere-pour-grille-ambre-ultra-brillante-autocollante-custom-accessories-truck-tuff-paq-3-0374607p.html,https://www.canadiantire.ca/fr/pdp/lumiere-pour-grille-ambre-ultra-brillante-autocollante-custom-accessories-truck-tuff-paq-3-0374607p.html,https://media-www.canadiantire.ca/product/automotive/car-care-accessories/auto-accessories/0374607/truck-tuff-ultra-bright-amber-grill-lights-3-pack-d3b03aae-c679-47ba-b053-b7e113afc17b-jpgrendition.jpg?im=whresize&wid=200&hei=200,https://media-www.canadiantire.ca/product/automotive/car-care-accessories/auto-accessories/0374607/truck-tuff-ultra-bright-amber-grill-lights-3-pack-d3b03aae-c679-47ba-b053-b7e113afc17b-jpgrendition.jpg?im=whresize&wid=200&hei=200,,0374607,037-4607-8,Il n’en reste que 2 #037-4607-8,Liquidation◊Mieux notés,60.13,"19,93","49,99"
320,"Rimouski, QC",Trousse de changement de couleur pour prise Leviton Renu,Trousse de changement de couleur pour prise Leviton Renu,0.43,"0,43 $",2.39,"2,39 $Était   et+ prix était à partir de 2,39 $",0.43,"0,43 $",0.43,"0,43 $",true,https://www.canadiantire.ca/fr/pdp/trousse-de-changement-de-couleur-pour-prise-leviton-renu-0526983p.html,https://www.canadiantire.ca/fr/pdp/trousse-de-changement-de-couleur-pour-prise-leviton-renu-0526983p.html,https://media-www.canadiantire.ca/product/fixing/electrical/rough-electrical/0526985/renu-colour-change-kit-rich-navy-receptacle-3c86742d-ad8b-43e0-8f3f-285489df2df1-jpgrendition.jpg?im=whresize&wid=200&hei=200,https://media-www.canadiantire.ca/product/fixing/electrical/rough-electrical/0526985/renu-colour-change-kit-rich-navy-receptacle-3c86742d-ad8b-43e0-8f3f-285489df2df1-jpgrendition.jpg?im=whresize&wid=200&hei=200,,0526983,052-6983,Vérifiez la disponibilité#052-6983X,Liquidation◊,82.01,"0,43","2,39"
320,"Rimouski, QC",Cordon élastique pour planche à pagaie et kayak Invincible Marine,Cordon élastique pour planche à pagaie et kayak Invincible Marine,4.93,"4,93 $",11.99,"Était±  11,99 $prix était 11,99 $",4.93,"4,93 $",4.93,"4,93 $",true,https://www.canadiantire.ca/fr/pdp/cordon-elastique-pour-planche-a-pagaie-et-kayak-invincible-marine-0793370p.html,https://www.canadiantire.ca/fr/pdp/cordon-elastique-pour-planche-a-pagaie-et-kayak-invincible-marine-0793370p.html,https://media-www.canadiantire.ca/product/playing/seasonal-recreation/marine-power-boating/0793370/sup-paddle-bung-46d9820b-c8f4-4eb5-92c9-a1449dfbb692-jpgrendition.jpg?im=whresize&wid=200&hei=200,https://media-www.canadiantire.ca/product/playing/seasonal-recreation/marine-power-boating/0793370/sup-paddle-bung-46d9820b-c8f4-4eb5-92c9-a1449dfbb692-jpgrendition.jpg?im=whresize&wid=200&hei=200,,0793370,079-3370-4,Il n’en reste que 4 #079-3370-4,Liquidation◊Mieux notés,58.88,"4,93","11,99"
320,"Rimouski, QC","Ensemble coupleur et cadenas d'attelage REESE Towpower, inox","Ensemble coupleur et cadenas d'attelage REESE Towpower, inox",24.93,"24,93 $",53.99,"Était±  53,99 $prix était 53,99 $",24.93,"24,93 $",24.93,"24,93 $",true,https://www.canadiantire.ca/fr/pdp/ensemble-coupleur-et-cadenas-d-attelage-reese-towpower-inox-0408627p.html,https://www.canadiantire.ca/fr/pdp/ensemble-coupleur-et-cadenas-d-attelage-reese-towpower-inox-0408627p.html,https://media-www.canadiantire.ca/product/automotive/automotive-outdoor-adventure/auto-travel-storage/0408627/reese-towpower-stainless-steel-coupler-receiver-lock-combo-899ad8eb-fcf9-436b-a816-e9209eb6b8e6-jpgrendition.jpg?im=whresize&wid=200&hei=200,https://media-www.canadiantire.ca/product/automotive/automotive-outdoor-adventure/auto-travel-storage/0408627/reese-towpower-stainless-steel-coupler-receiver-lock-combo-899ad8eb-fcf9-436b-a816-e9209eb6b8e6-jpgrendition.jpg?im=whresize&wid=200&hei=200,,0408627,040-8627-6,Il n’en reste que 1 #040-8627-6,Liquidation◊,53.82,"24,93","53,99"
320,"Rimouski, QC","Carreaux de dosseret pierre à peler et coller UltraStone, Quartzite noir galaxie, 3,9 pi2","Carreaux de dosseret pierre à peler et coller UltraStone, Quartzite noir galaxie, 3,9 pi2",22.93,"22,93 $",62.99,"Était±  62,99 $prix était 62,99 $",22.93,"22,93 $",22.93,"22,93 $",true,https://www.canadiantire.ca/fr/pdp/carreaux-de-dosseret-pierre-a-peler-et-coller-ultrastone-quartzite-noir-galaxie-3-9-pi2-0700300p.html,https://www.canadiantire.ca/fr/pdp/carreaux-de-dosseret-pierre-a-peler-et-coller-ultrastone-quartzite-noir-galaxie-3-9-pi2-0700300p.html,https://media-www.canadiantire.ca/product/fixing/paint/paints/0700300/ultrastone-galaxy-black-quartzite-0dcbfdfe-6db5-4501-99a6-9499f938b943-jpgrendition.jpg?im=whresize&wid=200&hei=200,https://media-www.canadiantire.ca/product/fixing/paint/paints/0700300/ultrastone-galaxy-black-quartzite-0dcbfdfe-6db5-4501-99a6-9499f938b943-jpgrendition.jpg?im=whresize&wid=200&hei=200,,0700300,070-0300-8,Il n’en reste que 6 #070-0300-8,Liquidation◊Mieux notés,63.6,"22,93","62,99"
320,"Rimouski, QC",Plaque de montage universelle pour rétroviseur intérieur K-Source,Plaque de montage universelle pour rétroviseur intérieur K-Source,4.93,"4,93 $",9.99,"Était±  9,99 $prix était 9,99 $",4.93,"4,93 $",4.93,"4,93 $",true,https://www.canadiantire.ca/fr/pdp/plaque-de-montage-universelle-pour-retroviseur-interieur-k-source-0361503p.html,https://www.canadiantire.ca/fr/pdp/plaque-de-montage-universelle-pour-retroviseur-interieur-k-source-0361503p.html,https://media-www.canadiantire.ca/product/automotive/car-care-accessories/auto-accessories/0361503/universal-interior-mirror-mounting-plate-with-glue-831882ba-11a1-41f5-a7c7-340d24e1ee1d-jpgrendition.jpg?im=whresize&wid=200&hei=200,https://media-www.canadiantire.ca/product/automotive/car-care-accessories/auto-accessories/0361503/universal-interior-mirror-mounting-plate-with-glue-831882ba-11a1-41f5-a7c7-340d24e1ee1d-jpgrendition.jpg?im=whresize&wid=200&hei=200,,0361503,036-1503-4,Il n’en reste que 3 #036-1503-4,Liquidation◊,50.65,"4,93","9,99"
320,"Rimouski, QC",Sangle de transport réglable de planche à pagaie Invincible Marine avec boucles,Sangle de transport réglable de planche à pagaie Invincible Marine avec boucles,14.93,"14,93 $",39.99,"Était±  39,99 $prix était 39,99 $",14.93,"14,93 $",14.93,"14,93 $",true,https://www.canadiantire.ca/fr/pdp/sangle-de-transport-reglable-de-planche-a-pagaie-invincible-marine-avec-boucles-0793367p.html,https://www.canadiantire.ca/fr/pdp/sangle-de-transport-reglable-de-planche-a-pagaie-invincible-marine-avec-boucles-0793367p.html,https://media-www.canadiantire.ca/product/playing/seasonal-recreation/marine-power-boating/0793367/sup-carry-strap-02cec743-f452-4e80-8b46-7db8e61f49a0-jpgrendition.jpg?im=whresize&wid=200&hei=200,https://media-www.canadiantire.ca/product/playing/seasonal-recreation/marine-power-boating/0793367/sup-carry-strap-02cec743-f452-4e80-8b46-7db8e61f49a0-jpgrendition.jpg?im=whresize&wid=200&hei=200,,0793367,079-3367-4,Il n’en reste que 6 #079-3367-4,Liquidation◊Exclusivité,62.67,"14,93","39,99"
320,"Rimouski, QC","Feux de gabarit à DEL à carte Hopkins Towing Solution, paq. 6, ambre","Feux de gabarit à DEL à carte Hopkins Towing Solution, paq. 6, ambre",17.93,"17,93 $",39.99,"Était±  39,99 $prix était 39,99 $",17.93,"17,93 $",17.93,"17,93 $",true,https://www.canadiantire.ca/fr/pdp/feux-de-gabarit-a-del-a-carte-hopkins-towing-solution-paq-6-ambre-0203848p.html,https://www.canadiantire.ca/fr/pdp/feux-de-gabarit-a-del-a-carte-hopkins-towing-solution-paq-6-ambre-0203848p.html,https://media-www.canadiantire.ca/product/automotive/automotive-outdoor-adventure/auto-travel-storage/0203848/6-pc-carded-led-clearance-light-amber-27504804-3677-4aac-a6d6-7e912a7226f4-jpgrendition.jpg?im=whresize&wid=200&hei=200,https://media-www.canadiantire.ca/product/automotive/automotive-outdoor-adventure/auto-travel-storage/0203848/6-pc-carded-led-clearance-light-amber-27504804-3677-4aac-a6d6-7e912a7226f4-jpgrendition.jpg?im=whresize&wid=200&hei=200,,0203848,020-3848-8,Il n’en reste que 3 #020-3848-8,Liquidation◊,55.16,"17,93","39,99"
320,"Rimouski, QC","Jouet pour chiens Petco, Sanglier en peluche","Jouet pour chiens Petco, Sanglier en peluche",14.92,"14,92 $",29.99,"Était±  29,99 $prix était 29,99 $",14.92,"14,92 $",14.92,"14,92 $",true,https://www.canadiantire.ca/fr/pdp/jouet-pour-chiens-petco-sanglier-en-peluche-1427428p.html,https://www.canadiantire.ca/fr/pdp/jouet-pour-chiens-petco-sanglier-en-peluche-1427428p.html,https://media-www.canadiantire.ca/product/living/pet-care/pet-accessories/1427428/petco-tough-plush-wildebeast-toy-edb95b7e-9535-45ff-af0c-f51b812f9b5f-jpgrendition.jpg?im=whresize&wid=200&hei=200,https://media-www.canadiantire.ca/product/living/pet-care/pet-accessories/1427428/petco-tough-plush-wildebeast-toy-edb95b7e-9535-45ff-af0c-f51b812f9b5f-jpgrendition.jpg?im=whresize&wid=200&hei=200,,1427428,142-7428-4,Il n’en reste que 2 #142-7428-4,Liquidation◊Exclusivité,50.25,"14,92","29,99"
320,"Rimouski, QC","Vis mécaniques métriques à tête cylindrique cruciforme Hillman, choix de tailles","Vis mécaniques métriques à tête cylindrique cruciforme Hillman, choix de tailles",0.33,"0,33 $",1.19,"1,19 $Était   et+ prix était à partir de 1,19 $",0.33,"0,33 $",0.33,"0,33 $",true,https://www.canadiantire.ca/fr/pdp/vis-mecaniques-metriques-a-tete-cylindrique-cruciforme-hillman-choix-de-tailles-1612644p.html,https://www.canadiantire.ca/fr/pdp/vis-mecaniques-metriques-a-tete-cylindrique-cruciforme-hillman-choix-de-tailles-1612644p.html,https://media-www.canadiantire.ca/product/fixing/hardware/general-hardware/1612644/metric-pan-head-machine-screw-m3-x-5-885727-60a8b68a-976e-407f-b12a-2f2f923e1b16-jpgrendition.jpg?im=whresize&wid=200&hei=200,https://media-www.canadiantire.ca/product/fixing/hardware/general-hardware/1612644/metric-pan-head-machine-screw-m3-x-5-885727-60a8b68a-976e-407f-b12a-2f2f923e1b16-jpgrendition.jpg?im=whresize&wid=200&hei=200,,1612644,161-2644,Vérifiez la disponibilité#161-2644X,Liquidation◊Mieux notés,72.27,"0,33","1,19"
320,"Rimouski, QC","Appât en plastique souple Xcalibur Live, méné","Appât en plastique souple Xcalibur Live, méné",4.43,"4,43 $",9.99,"9,99 $Était   et+ prix était à partir de 9,99 $",4.43,"4,43 $",4.43,"4,43 $",true,https://www.canadiantire.ca/fr/pdp/appat-en-plastique-souple-xcalibur-live-mene-0774091p.html,https://www.canadiantire.ca/fr/pdp/appat-en-plastique-souple-xcalibur-live-mene-0774091p.html,https://media-www.canadiantire.ca/product/playing/fishing/fishing-lures/0774091/xcalibur-live-minnow-2--6ce89233-00b7-4b2d-b619-4d774c5272b7-jpgrendition.jpg?im=whresize&wid=200&hei=200,https://media-www.canadiantire.ca/product/playing/fishing/fishing-lures/0774091/xcalibur-live-minnow-2--6ce89233-00b7-4b2d-b619-4d774c5272b7-jpgrendition.jpg?im=whresize&wid=200&hei=200,,0774091,077-4091,Vérifiez la disponibilité#077-4091X,Liquidation◊Mieux notés,55.66,"4,43","9,99"
320,"Rimouski, QC","Goule animée sur pied avec éclairage à DEL, vert, 63 po, décoration intérieure/extérieure activée par le son et la lumière pour Halloween","Goule animée sur pied avec éclairage à DEL, vert, 63 po, décoration intérieure/extérieure activée par le son et la lumière pour Halloween",49.93,"49,93 $",99.99,"Était±  99,99 $prix était 99,99 $",49.93,"49,93 $",49.93,"49,93 $",true,https://www.canadiantire.ca/fr/pdp/goule-animee-sur-pied-avec-eclairage-a-del-vert-63-po-decoration-interieure-exterieure-activee-par-le-son-et-la-lumiere-pour-halloween-1511090p.html,https://www.canadiantire.ca/fr/pdp/goule-animee-sur-pied-avec-eclairage-a-del-vert-63-po-decoration-interieure-exterieure-activee-par-le-son-et-la-lumiere-pour-halloween-1511090p.html,https://media-www.canadiantire.ca/product/seasonal-gardening/seasonal/halloween-harvest/1511090/63a-animated-standing-ghoul-77440345-2397-4ce9-a4b2-c60428642fcf-jpgrendition.jpg?im=whresize&wid=200&hei=200,https://media-www.canadiantire.ca/product/seasonal-gardening/seasonal/halloween-harvest/1511090/63a-animated-standing-ghoul-77440345-2397-4ce9-a4b2-c60428642fcf-jpgrendition.jpg?im=whresize&wid=200&hei=200,,1511090,151-1090-8,Il n’en reste que 1 #151-1090-8,Liquidation◊Mieux notés,50.07,"49,93","99,99"
320,"Rimouski, QC",Rétroviseur d'angle mort côté passager K-Source,Rétroviseur d'angle mort côté passager K-Source,4.93,"4,93 $",29.99,"Était±  29,99 $prix était 29,99 $",4.93,"4,93 $",4.93,"4,93 $",true,https://www.canadiantire.ca/fr/pdp/retroviseur-d-angle-mort-cote-passager-k-source-0379257p.html,https://www.canadiantire.ca/fr/pdp/retroviseur-d-angle-mort-cote-passager-k-source-0379257p.html,https://media-www.canadiantire.ca/product/automotive/car-care-accessories/auto-accessories/0379257/car-passenger-blind-spot-mirror-b-pillar-mirror--a0c5071d-93ec-409a-a0aa-aecec352c1de-jpgrendition.jpg?im=whresize&wid=200&hei=200,https://media-www.canadiantire.ca/product/automotive/car-care-accessories/auto-accessories/0379257/car-passenger-blind-spot-mirror-b-pillar-mirror--a0c5071d-93ec-409a-a0aa-aecec352c1de-jpgrendition.jpg?im=whresize&wid=200&hei=200,,0379257,037-9257-0,Il n’en reste que 2 #037-9257-0,Liquidation◊,83.56,"4,93","29,99"
320,"Rimouski, QC","Chapeau cagoule de chasse en molleton chaud Yukon Gear avec pochettes chauffe-oreilles, orange vif","Chapeau cagoule de chasse en molleton chaud Yukon Gear avec pochettes chauffe-oreilles, orange vif",7.13,"7,13 $",20.99,"Était±  20,99 $prix était 20,99 $",7.13,"7,13 $",7.13,"7,13 $",true,https://www.canadiantire.ca/fr/pdp/chapeau-cagoule-de-chasse-en-molleton-chaud-yukon-gear-avec-pochettes-chauffe-oreilles-orange-vif-3750730p.html,https://www.canadiantire.ca/fr/pdp/chapeau-cagoule-de-chasse-en-molleton-chaud-yukon-gear-avec-pochettes-chauffe-oreilles-orange-vif-3750730p.html,https://media-www.canadiantire.ca/product/playing/hunting/hunting-apparel-footwear/3750730/ct-blaze-fleece-balaclava-23eecd8a-e33f-409f-b447-b904d98ecc08-jpgrendition.jpg?im=whresize&wid=200&hei=200,https://media-www.canadiantire.ca/product/playing/hunting/hunting-apparel-footwear/3750730/ct-blaze-fleece-balaclava-23eecd8a-e33f-409f-b447-b904d98ecc08-jpgrendition.jpg?im=whresize&wid=200&hei=200,,3750730,375-0730-0,Il n’en reste que 2 #375-0730-0,Liquidation◊Exclusivité,66.03,"7,13","20,99"
320,"Rimouski, QC","Serviettes de table en papier jetables Happy Halloween toile d'araignée, noir/blanc, 6-1/2 po, paq. 40, 2 épaisseurs, décoration de table pour l'Halloween","Serviettes de table en papier jetables Happy Halloween toile d'araignée, noir/blanc, 6-1/2 po, paq. 40, 2 épaisseurs, décoration de table pour l'Halloween",4.93,"4,93 $",9.99,"Était±  9,99 $prix était 9,99 $",4.93,"4,93 $",4.93,"4,93 $",true,https://www.canadiantire.ca/fr/pdp/serviettes-de-table-en-papier-jetables-happy-halloween-toile-d-araignee-noir-blanc-6-1-2-po-paq-40-2-epaisseurs-decoration-de-table-pour-l-halloween-8550211p.html,https://www.canadiantire.ca/fr/pdp/serviettes-de-table-en-papier-jetables-happy-halloween-toile-d-araignee-noir-blanc-6-1-2-po-paq-40-2-epaisseurs-decoration-de-table-pour-l-halloween-8550211p.html,https://media-www.canadiantire.ca/product/automotive/party-city-seasonal/party-city-halloween-harvest/8550211/spider-web-night-luncheon-napkins-cbda61f5-9793-48c3-8f60-30de6e1e4b0d-jpgrendition.jpg?im=whresize&wid=200&hei=200,https://media-www.canadiantire.ca/product/automotive/party-city-seasonal/party-city-halloween-harvest/8550211/spider-web-night-luncheon-napkins-cbda61f5-9793-48c3-8f60-30de6e1e4b0d-jpgrendition.jpg?im=whresize&wid=200&hei=200,,8550211,855-0211-4,Il n’en reste que 2 #855-0211-4,Liquidation◊,50.65,"4,93","9,99"
320,"Rimouski, QC","Poignées droite en acier Peerless pour armoires et tiroirs, nickel satiné, 1 5⁄8 po, paq. 10","Poignées droite en acier Peerless pour armoires et tiroirs, nickel satiné, 1 5⁄8 po, paq. 10",17.93,"17,93 $",38.99,"Était±  38,99 $prix était 38,99 $",17.93,"17,93 $",17.93,"17,93 $",true,https://www.canadiantire.ca/fr/pdp/poignees-droite-en-acier-peerless-pour-armoires-et-tiroirs-nickel-satine-1-5-8-po-paq-10-0467402p.html,https://www.canadiantire.ca/fr/pdp/poignees-droite-en-acier-peerless-pour-armoires-et-tiroirs-nickel-satine-1-5-8-po-paq-10-0467402p.html,https://media-www.canadiantire.ca/product/living/home-decor/decor-accents/0467402/peerless-1-5-8-steel-bar-knob-10pk-satin-nickel-9822b683-6f63-46df-aa04-7d6652c2c523-jpgrendition.jpg?im=whresize&wid=200&hei=200,https://media-www.canadiantire.ca/product/living/home-decor/decor-accents/0467402/peerless-1-5-8-steel-bar-knob-10pk-satin-nickel-9822b683-6f63-46df-aa04-7d6652c2c523-jpgrendition.jpg?im=whresize&wid=200&hei=200,,0467402,046-7402-4,Il n’en reste que 1 #046-7402-4,Liquidation◊Mieux notés,54.01,"17,93","38,99"
320,"Rimouski, QC","Peinture de retouche Dupli-Color Scratch Fix All-in-1 Exact-Match pour automobile, or ensoleillé métallisé (BP)","Peinture de retouche Dupli-Color Scratch Fix All-in-1 Exact-Match pour automobile, or ensoleillé métallisé (BP)",4.93,"4,93 $",28.99,"Était±  28,99 $prix était 28,99 $",4.93,"4,93 $",4.93,"4,93 $",true,https://www.canadiantire.ca/fr/pdp/peinture-de-retouche-dupli-color-scratch-fix-all-in-1-exact-match-pour-automobile-or-ensoleille-metallise-bp-0474957p.html,https://www.canadiantire.ca/fr/pdp/peinture-de-retouche-dupli-color-scratch-fix-all-in-1-exact-match-pour-automobile-or-ensoleille-metallise-bp-0474957p.html,https://media-www.canadiantire.ca/product/automotive/car-care-accessories/auto-body-repair/0474957/scratch-fix-ford-sunburst-gold-m-all-in-1-6209a307-6d35-412d-b563-86a29b36018e-jpgrendition.jpg?im=whresize&wid=200&hei=200,https://media-www.canadiantire.ca/product/automotive/car-care-accessories/auto-body-repair/0474957/scratch-fix-ford-sunburst-gold-m-all-in-1-6209a307-6d35-412d-b563-86a29b36018e-jpgrendition.jpg?im=whresize&wid=200&hei=200,,0474957,047-4957-0,Il n’en reste que 1 #047-4957-0,Liquidation◊,82.99,"4,93","28,99"
320,"Rimouski, QC",Interrupteur pour ventilateur de plafond à 3 vitesses Atron Electro Industries FA86 avec chaînette perlée,Interrupteur pour ventilateur de plafond à 3 vitesses Atron Electro Industries FA86 avec chaînette perlée,1.93,"1,93 $",4.79,"Était±  4,79 $prix était 4,79 $",1.93,"1,93 $",1.93,"1,93 $",true,https://www.canadiantire.ca/fr/pdp/interrupteur-pour-ventilateur-de-plafond-a-3-vitesses-atron-electro-industries-fa86-avec-chainette-perlee-0522880p.html,https://www.canadiantire.ca/fr/pdp/interrupteur-pour-ventilateur-de-plafond-a-3-vitesses-atron-electro-industries-fa86-avec-chainette-perlee-0522880p.html,undefined,undefined,,0522880,052-2880-8,Il n’en reste que 4 #052-2880-8,Liquidation◊,59.71,"1,93","4,79"
320,"Rimouski, QC",Connecteur rapide avec faisceau universel Hopkins Towing Solution Endurance,Connecteur rapide avec faisceau universel Hopkins Towing Solution Endurance,24.93,"24,93 $",52.99,"Était±  52,99 $prix était 52,99 $",24.93,"24,93 $",24.93,"24,93 $",true,https://www.canadiantire.ca/fr/pdp/connecteur-rapide-avec-faisceau-universel-hopkins-towing-solution-endurance-0409672p.html,https://www.canadiantire.ca/fr/pdp/connecteur-rapide-avec-faisceau-universel-hopkins-towing-solution-endurance-0409672p.html,https://media-www.canadiantire.ca/product/automotive/automotive-outdoor-adventure/auto-travel-storage/0409672/endurance-quick-install-connector-with-universal-harness-034654b3-d7d0-41df-8520-c8cd40de584a-jpgrendition.jpg?im=whresize&wid=200&hei=200,https://media-www.canadiantire.ca/product/automotive/automotive-outdoor-adventure/auto-travel-storage/0409672/endurance-quick-install-connector-with-universal-harness-034654b3-d7d0-41df-8520-c8cd40de584a-jpgrendition.jpg?im=whresize&wid=200&hei=200,,0409672,040-9672-0,Il n’en reste que 2 #040-9672-0,Liquidation◊Mieux notés,52.95,"24,93","52,99"
320,"Rimouski, QC","Ballon en aluminium satiné, point d'interrogation, choix de couleurs, 16 po, gonflé d'air, pour anniversaire/remise de diplômes/fête prénatale/mariage de finissants","Ballon en aluminium satiné, point d'interrogation, choix de couleurs, 16 po, gonflé d'air, pour anniversaire/remise de diplômes/fête prénatale/mariage de finissants",0.43,"0,43 $",2.99,"2,99 $Était   et+ prix était à partir de 2,99 $",0.43,"0,43 $",0.43,"0,43 $",true,https://www.canadiantire.ca/fr/pdp/ballon-en-aluminium-satine-point-d-interrogation-choix-de-couleurs-16-po-gonfle-d-air-pour-anniversaire-remise-de-diplomes-fete-prenatale-mariage-de-finissants-8424326p.html,https://www.canadiantire.ca/fr/pdp/ballon-en-aluminium-satine-point-d-interrogation-choix-de-couleurs-16-po-gonfle-d-air-pour-anniversaire-remise-de-diplomes-fete-prenatale-mariage-de-finissants-8424326p.html,https://media-www.partycity.ca/product/seasonal-gardening/party-city-everyday/party-city-party-supplies-decor/8424327/blln-air-filled-symbl-gld-0355ff74-96ca-45ad-8f1c-f38e0d425abf-jpgrendition.jpg?im=whresize&wid=200&hei=200,https://media-www.partycity.ca/product/seasonal-gardening/party-city-everyday/party-city-party-supplies-decor/8424327/blln-air-filled-symbl-gld-0355ff74-96ca-45ad-8f1c-f38e0d425abf-jpgrendition.jpg?im=whresize&wid=200&hei=200,,8424326,842-4326,Vérifiez la disponibilité#842-4326X,Liquidation◊Mieux notés,85.62,"0,43","2,99"
320,"Rimouski, QC","Lustre à 5 lampes abat-jour satiné CANVAS Echo, cristal","Lustre à 5 lampes abat-jour satiné CANVAS Echo, cristal",39.93,"39,93 $",204.99,"Était±  204,99 $prix était 204,99 $",39.93,"39,93 $",39.93,"39,93 $",true,https://www.canadiantire.ca/fr/pdp/lustre-a-5-lampes-abat-jour-satine-canvas-echo-cristal-0522683p.html,https://www.canadiantire.ca/fr/pdp/lustre-a-5-lampes-abat-jour-satine-canvas-echo-cristal-0522683p.html,https://media-www.canadiantire.ca/product/living/home-decor/lighting/0522683/canvas-echo-chandelier-36e61bf3-d821-4cba-bef0-4e304a887564-jpgrendition.jpg?im=whresize&wid=200&hei=200,https://media-www.canadiantire.ca/product/living/home-decor/lighting/0522683/canvas-echo-chandelier-36e61bf3-d821-4cba-bef0-4e304a887564-jpgrendition.jpg?im=whresize&wid=200&hei=200,,0522683,052-2683-8,Il n’en reste que 1 #052-2683-8,Liquidation◊Exclusivité,80.52,"39,93","204,99"
320,"Rimouski, QC","Adaptateurs essieu traversant SeaSucker HUSKE, jaune, 15 x 10 mm, paq. 2","Adaptateurs essieu traversant SeaSucker HUSKE, jaune, 15 x 10 mm, paq. 2",5.93,"5,93 $",24.99,"Était±  24,99 $prix était 24,99 $",5.93,"5,93 $",5.93,"5,93 $",true,https://www.canadiantire.ca/fr/pdp/adaptateurs-essieu-traversant-seasucker-huske-jaune-15-x-10-mm-paq-2-0401848p.html,https://www.canadiantire.ca/fr/pdp/adaptateurs-essieu-traversant-seasucker-huske-jaune-15-x-10-mm-paq-2-0401848p.html,https://media-www.canadiantire.ca/product/automotive/automotive-outdoor-adventure/auto-travel-storage/0401848/seasucker-huske-15x110-thru-axle-plugs-boost--30fa596d-509f-419d-aa12-bf1a55170f1f-jpgrendition.jpg?im=whresize&wid=200&hei=200,https://media-www.canadiantire.ca/product/automotive/automotive-outdoor-adventure/auto-travel-storage/0401848/seasucker-huske-15x110-thru-axle-plugs-boost--30fa596d-509f-419d-aa12-bf1a55170f1f-jpgrendition.jpg?im=whresize&wid=200&hei=200,,0401848,040-1848-2,Il n’en reste que 2 #040-1848-2,Liquidation◊Exclusivité,76.27,"5,93","24,99"
320,"Rimouski, QC","Rondelle de finition Hillman, vis à tête plate et ovale, acier inoxydable","Rondelle de finition Hillman, vis à tête plate et ovale, acier inoxydable",0.73,"0,73 $",2.49,"Était±  2,49 $prix était 2,49 $",0.73,"0,73 $",0.73,"0,73 $",true,https://www.canadiantire.ca/fr/pdp/rondelle-de-finition-hillman-vis-a-tete-plate-et-ovale-acier-inoxydable-1613220p.html,https://www.canadiantire.ca/fr/pdp/rondelle-de-finition-hillman-vis-a-tete-plate-et-ovale-acier-inoxydable-1613220p.html,https://media-www.canadiantire.ca/product/fixing/hardware/general-hardware/1613220/stainless-steel-washer-finish-10-5-pack-882068-ca6ed7f9-9190-4ad2-a19b-6fa27ee35553-jpgrendition.jpg?im=whresize&wid=200&hei=200,https://media-www.canadiantire.ca/product/fixing/hardware/general-hardware/1613220/stainless-steel-washer-finish-10-5-pack-882068-ca6ed7f9-9190-4ad2-a19b-6fa27ee35553-jpgrendition.jpg?im=whresize&wid=200&hei=200,,1613220,161-3220-4,Il n’en reste que 6 #161-3220-4,Liquidation◊Mieux notés,70.68,"0,73","2,49"
320,"Rimouski, QC",Citrouille animée parlante Jabberin' Jack ANIMAT3D avec projecteur vidéo intégré et haut-parleur,Citrouille animée parlante Jabberin' Jack ANIMAT3D avec projecteur vidéo intégré et haut-parleur,34.93,"34,93 $",69.99,"Était±  69,99 $prix était 69,99 $",34.93,"34,93 $",34.93,"34,93 $",true,https://www.canadiantire.ca/fr/pdp/citrouille-animee-parlante-jabberin-jack-animat3d-avec-projecteur-video-integre-et-haut-parleur-1519596p.html,https://www.canadiantire.ca/fr/pdp/citrouille-animee-parlante-jabberin-jack-animat3d-avec-projecteur-video-integre-et-haut-parleur-1519596p.html,https://media-www.canadiantire.ca/product/party-city/party-city-seasonal/halloween-harvest/1519596/orange-jabbering-jack-o-lantern-bb443dab-6c6e-4206-bc02-3e643b6ed209-jpgrendition.jpg?im=whresize&wid=200&hei=200,https://media-www.canadiantire.ca/product/party-city/party-city-seasonal/halloween-harvest/1519596/orange-jabbering-jack-o-lantern-bb443dab-6c6e-4206-bc02-3e643b6ed209-jpgrendition.jpg?im=whresize&wid=200&hei=200,,1519596,151-9596-8,,Liquidation◊Mieux notés,50.09,"34,93","69,99"
320,"Rimouski, QC","Garde-boues avant et arrière personnalisés Husky Liners 56796 pour camion Chevrolet Silverado, 2007 à 2013, paquet de 4","Garde-boues avant et arrière personnalisés Husky Liners 56796 pour camion Chevrolet Silverado, 2007 à 2013, paquet de 4",27.93,"27,93 $",119.99,"Était±  119,99 $prix était 119,99 $",27.93,"27,93 $",27.93,"27,93 $",true,https://www.canadiantire.ca/fr/pdp/garde-boues-avant-et-arriere-personnalises-husky-liners-56796-pour-camion-chevrolet-silverado-2007-a-2013-paquet-de-4-0376232p.html,https://www.canadiantire.ca/fr/pdp/garde-boues-avant-et-arriere-personnalises-husky-liners-56796-pour-camion-chevrolet-silverado-2007-a-2013-paquet-de-4-0376232p.html,https://media-www.canadiantire.ca/product/automotive/car-care-accessories/auto-accessories/0376232/husky-custom-fit-mud-flaps-chevy-silverado-07-14-4pc-482698f7-4ed5-4162-b7bb-4b7704990016-jpgrendition.jpg?im=whresize&wid=200&hei=200,https://media-www.canadiantire.ca/product/automotive/car-care-accessories/auto-accessories/0376232/husky-custom-fit-mud-flaps-chevy-silverado-07-14-4pc-482698f7-4ed5-4162-b7bb-4b7704990016-jpgrendition.jpg?im=whresize&wid=200&hei=200,,0376232,037-6232-6,Il n’en reste que 2 #037-6232-6,Liquidation◊,76.72,"27,93","119,99"
320,"Rimouski, QC","Étiquette personnalisée pour chien Qalo TraQ, silicone","Étiquette personnalisée pour chien Qalo TraQ, silicone",24.93,"24,93 $",59.99,"59,99 $Était   et+ prix était à partir de 59,99 $",24.93,"24,93 $",24.93,"24,93 $",true,https://www.canadiantire.ca/fr/pdp/etiquette-personnalisee-pour-chien-qalo-traq-silicone-1427537p.html,https://www.canadiantire.ca/fr/pdp/etiquette-personnalisee-pour-chien-qalo-traq-silicone-1427537p.html,https://media-www.canadiantire.ca/product/living/pet-care/pet-accessories/1427541/qalotraq-classic-navy-silicone-dog-id-tag-8d763508-8e0d-49af-a7b3-5c6e8819f701-jpgrendition.jpg?im=whresize&wid=200&hei=200,https://media-www.canadiantire.ca/product/living/pet-care/pet-accessories/1427541/qalotraq-classic-navy-silicone-dog-id-tag-8d763508-8e0d-49af-a7b3-5c6e8819f701-jpgrendition.jpg?im=whresize&wid=200&hei=200,,1427537,142-7537,Vérifiez la disponibilité#142-7537X,Liquidation◊,58.44,"24,93","59,99"
320,"Rimouski, QC",Ligne à pêche blanche tressée Suffix Ice,Ligne à pêche blanche tressée Suffix Ice,5.93,"5,93 $",11.99,"11,99 $Était   et+ prix était à partir de 11,99 $",5.93,"5,93 $",5.93,"5,93 $",true,https://www.canadiantire.ca/fr/pdp/ligne-a-peche-blanche-tressee-suffix-ice-0788084p.html,https://www.canadiantire.ca/fr/pdp/ligne-a-peche-blanche-tressee-suffix-ice-0788084p.html,https://media-www.canadiantire.ca/product/playing/fishing/ice-fishing/0788084/suffix-ice-braid-6-lb-neon-fire-63a118cd-201e-494c-8da8-2fcd235b3e7f-jpgrendition.jpg?im=whresize&wid=200&hei=200,https://media-www.canadiantire.ca/product/playing/fishing/ice-fishing/0788084/suffix-ice-braid-6-lb-neon-fire-63a118cd-201e-494c-8da8-2fcd235b3e7f-jpgrendition.jpg?im=whresize&wid=200&hei=200,,0788084,078-8084,Vérifiez la disponibilité#078-8084X,Liquidation◊Mieux notés,50.54,"5,93","11,99"
320,"Rimouski, QC","Plaque murale pour interrupteur à bascule en nylon Leviton 00PJ1-755, taille intermédiaire, 1 dispositif, blanc, paq. 10","Plaque murale pour interrupteur à bascule en nylon Leviton 00PJ1-755, taille intermédiaire, 1 dispositif, blanc, paq. 10",4.93,"4,93 $",11.99,"Était±  11,99 $prix était 11,99 $",4.93,"4,93 $",4.93,"4,93 $",true,https://www.canadiantire.ca/fr/pdp/plaque-murale-pour-interrupteur-a-bascule-en-nylon-leviton-00pj1-755-taille-intermediaire-1-dispositif-blanc-paq-10-0522890p.html,https://www.canadiantire.ca/fr/pdp/plaque-murale-pour-interrupteur-a-bascule-en-nylon-leviton-00pj1-755-taille-intermediaire-1-dispositif-blanc-paq-10-0522890p.html,https://media-www.canadiantire.ca/product/fixing/electrical/rough-electrical/0522890/toggle-wallplate-1-gang-white-midway-size-10-pack-df008b35-ee33-4654-9437-6ca5224ee4a8-jpgrendition.jpg?im=whresize&wid=200&hei=200,https://media-www.canadiantire.ca/product/fixing/electrical/rough-electrical/0522890/toggle-wallplate-1-gang-white-midway-size-10-pack-df008b35-ee33-4654-9437-6ca5224ee4a8-jpgrendition.jpg?im=whresize&wid=200&hei=200,,0522890,052-2890-4,Il n’en reste que 1 #052-2890-4,Liquidation◊,58.88,"4,93","11,99"
320,"Rimouski, QC","Visière à lentille double Fulmer pour casque de sports motorisés Cruz, incolore","Visière à lentille double Fulmer pour casque de sports motorisés Cruz, incolore",32.93,"32,93 $",71.99,"Était±  71,99 $prix était 71,99 $",32.93,"32,93 $",32.93,"32,93 $",true,https://www.canadiantire.ca/fr/pdp/visiere-a-lentille-double-fulmer-pour-casque-de-sports-motorises-cruz-incolore-0260545p.html,https://www.canadiantire.ca/fr/pdp/visiere-a-lentille-double-fulmer-pour-casque-de-sports-motorises-cruz-incolore-0260545p.html,https://media-www.canadiantire.ca/product/automotive/automotive-outdoor-adventure/powersport/0260545/fulmer-dual-lens-shield-for-cruz-clear-a8ff5592-fe62-4dfe-aef1-971bafde47ad-jpgrendition.jpg?im=whresize&wid=200&hei=200,https://media-www.canadiantire.ca/product/automotive/automotive-outdoor-adventure/powersport/0260545/fulmer-dual-lens-shield-for-cruz-clear-a8ff5592-fe62-4dfe-aef1-971bafde47ad-jpgrendition.jpg?im=whresize&wid=200&hei=200,,0260545,026-0545-4,Il n’en reste que 1 #026-0545-4,Liquidation◊,54.26,"32,93","71,99"
320,"Rimouski, QC","Bandes lumineuses flexibles de jour, paq. 2","Bandes lumineuses flexibles de jour, paq. 2",12.93,"12,93 $",29.99,"Était±  29,99 $prix était 29,99 $",12.93,"12,93 $",12.93,"12,93 $",true,https://www.canadiantire.ca/fr/pdp/bandes-lumineuses-flexibles-de-jour-paq-2-0372975p.html,https://www.canadiantire.ca/fr/pdp/bandes-lumineuses-flexibles-de-jour-paq-2-0372975p.html,https://media-www.canadiantire.ca/product/automotive/car-care-accessories/auto-accessories/0372975/day-running-light-strips-cea6c9a0-aefd-48c4-8dff-fdb54b32a235-jpgrendition.jpg?im=whresize&wid=200&hei=200,https://media-www.canadiantire.ca/product/automotive/car-care-accessories/auto-accessories/0372975/day-running-light-strips-cea6c9a0-aefd-48c4-8dff-fdb54b32a235-jpgrendition.jpg?im=whresize&wid=200&hei=200,,0372975,037-2975-2,Il n’en reste que 1 #037-2975-2,Liquidation◊Exclusivité,56.89,"12,93","29,99"
320,"Rimouski, QC",Bande DEL intelligente DEL RGB-IC 2 m Monster Illuminessence,Bande DEL intelligente DEL RGB-IC 2 m Monster Illuminessence,14.93,"14,93 $",39.99,"Était±  39,99 $prix était 39,99 $",14.93,"14,93 $",14.93,"14,93 $",true,https://www.canadiantire.ca/fr/pdp/bande-del-intelligente-del-rgb-ic-2-m-monster-illuminessence-0522101p.html,https://www.canadiantire.ca/fr/pdp/bande-del-intelligente-del-rgb-ic-2-m-monster-illuminessence-0522101p.html,https://media-www.canadiantire.ca/product/living/home-decor/lighting/0522101/monster-illuminessence-smart-led-flow-2m-rgb-ic-led-strip-ee8100ca-bdd6-41ed-9654-634d105154ef-jpgrendition.jpg?im=whresize&wid=200&hei=200,https://media-www.canadiantire.ca/product/living/home-decor/lighting/0522101/monster-illuminessence-smart-led-flow-2m-rgb-ic-led-strip-ee8100ca-bdd6-41ed-9654-634d105154ef-jpgrendition.jpg?im=whresize&wid=200&hei=200,,0522101,052-2101-4,Il n’en reste que 1 #052-2101-4,Liquidation◊Mieux notés,62.67,"14,93","39,99"
320,"Rimouski, QC",Tuque en tricot avec doublure rebord à pompon en similifourrure ski et sports d'hiver chaude Woods pour femmes,Tuque en tricot avec doublure rebord à pompon en similifourrure ski et sports d'hiver chaude Woods pour femmes,8.93,"8,93 $",21.99,"Était±  21,99 $prix était 21,99 $",8.93,"8,93 $",8.93,"8,93 $",true,https://www.canadiantire.ca/fr/pdp/tuque-en-tricot-avec-doublure-rebord-a-pompon-en-similifourrure-ski-et-sports-d-hiver-chaude-woods-pour-femmes-1873011p.html,https://www.canadiantire.ca/fr/pdp/tuque-en-tricot-avec-doublure-rebord-a-pompon-en-similifourrure-ski-et-sports-d-hiver-chaude-woods-pour-femmes-1873011p.html,https://media-www.canadiantire.ca/product/playing/footwear-apparel/winter-footwear-apparel/1873011/woods-women-s-faux-fur-pom-pom-toque-o-s-78a705e1-e213-4d8c-90fc-99bf341f619e-jpgrendition.jpg?im=whresize&wid=200&hei=200,https://media-www.canadiantire.ca/product/playing/footwear-apparel/winter-footwear-apparel/1873011/woods-women-s-faux-fur-pom-pom-toque-o-s-78a705e1-e213-4d8c-90fc-99bf341f619e-jpgrendition.jpg?im=whresize&wid=200&hei=200,,1873011,187-3011-2,Il n’en reste que 1 #187-3011-2,Liquidation◊Mieux notés,59.39,"8,93","21,99"
320,"Rimouski, QC",Vis de réglage du mélange de carburant BikeMaster,Vis de réglage du mélange de carburant BikeMaster,3.93,"3,93 $",19.99,"19,99 $Était   et+ prix était à partir de 19,99 $",3.93,"3,93 $",3.93,"3,93 $",true,https://www.canadiantire.ca/fr/pdp/vis-de-reglage-du-melange-de-carburant-bikemaster-1276663p.html,https://www.canadiantire.ca/fr/pdp/vis-de-reglage-du-melange-de-carburant-bikemaster-1276663p.html,https://media-www.canadiantire.ca/product/automotive/automotive-outdoor-adventure/powersport/1276663/150998-fuel-mixture-screw-blk-bm-55a48c72-1b0f-438b-b325-cd69e6563f73-jpgrendition.jpg?im=whresize&wid=200&hei=200,https://media-www.canadiantire.ca/product/automotive/automotive-outdoor-adventure/powersport/1276663/150998-fuel-mixture-screw-blk-bm-55a48c72-1b0f-438b-b325-cd69e6563f73-jpgrendition.jpg?im=whresize&wid=200&hei=200,,1276663,127-6663,Vérifiez la disponibilité#127-6663X,Liquidation◊,80.34,"3,93","19,99"
320,"Rimouski, QC","Hameçon à ver Danielson, taille 3/0, paq. 6","Hameçon à ver Danielson, taille 3/0, paq. 6",0.43,"0,43 $",1.99,"Était±  1,99 $prix était 1,99 $",0.43,"0,43 $",0.43,"0,43 $",true,https://www.canadiantire.ca/fr/pdp/hamecon-a-ver-danielson-taille-3-0-paq-6-0774121p.html,https://www.canadiantire.ca/fr/pdp/hamecon-a-ver-danielson-taille-3-0-paq-6-0774121p.html,https://media-www.canadiantire.ca/product/playing/fishing/fishing-lures/0774121/danielson-worm-hook-3-0-6pk-8402c3b0-d8ac-4640-85a0-e5794e47b1f6-jpgrendition.jpg?im=whresize&wid=200&hei=200,https://media-www.canadiantire.ca/product/playing/fishing/fishing-lures/0774121/danielson-worm-hook-3-0-6pk-8402c3b0-d8ac-4640-85a0-e5794e47b1f6-jpgrendition.jpg?im=whresize&wid=200&hei=200,,0774121,077-4121-6,Il n’en reste que 3 #077-4121-6,Liquidation◊,78.39,"0,43","1,99"
320,"Rimouski, QC","Câble Gibbs Downrigger, 300 pi","Câble Gibbs Downrigger, 300 pi",17.93,"17,93 $",42.99,"Était±  42,99 $prix était 42,99 $",17.93,"17,93 $",17.93,"17,93 $",true,https://www.canadiantire.ca/fr/pdp/cable-gibbs-downrigger-300-pi-0789165p.html,https://www.canadiantire.ca/fr/pdp/cable-gibbs-downrigger-300-pi-0789165p.html,https://media-www.canadiantire.ca/product/playing/fishing/fishing-equipment/0789165/gibbs-delta-downrigger-wire-300--64d7fc1d-3732-4867-b254-2aed56d39e9f-jpgrendition.jpg?im=whresize&wid=200&hei=200,https://media-www.canadiantire.ca/product/playing/fishing/fishing-equipment/0789165/gibbs-delta-downrigger-wire-300--64d7fc1d-3732-4867-b254-2aed56d39e9f-jpgrendition.jpg?im=whresize&wid=200&hei=200,,0789165,078-9165-0,Il n’en reste que 1 #078-9165-0,Liquidation◊,58.29,"17,93","42,99"
320,"Rimouski, QC","Salopette de chasse réversible et imperméable Yukon Gear pour hommes, neige/camouflage Realtree Xtra","Salopette de chasse réversible et imperméable Yukon Gear pour hommes, neige/camouflage Realtree Xtra",84.93,"84,93 $",189.99,"189,99 $Était   et+ prix était à partir de 189,99 $",84.93,"84,93 $",84.93,"84,93 $",true,https://www.canadiantire.ca/fr/pdp/salopette-de-chasse-reversible-et-impermeable-yukon-gear-pour-hommes-neige-camouflage-realtree-xtra-1759624p.html,https://www.canadiantire.ca/fr/pdp/salopette-de-chasse-reversible-et-impermeable-yukon-gear-pour-hommes-neige-camouflage-realtree-xtra-1759624p.html,https://media-www.canadiantire.ca/product/playing/hunting/hunting-apparel-footwear/1759624/yukon-gear-reversible-bib-snow-to-real-tree-m-fe3ccc2f-3788-4fa8-85b0-2feafdf014b9-jpgrendition.jpg?im=whresize&wid=200&hei=200,https://media-www.canadiantire.ca/product/playing/hunting/hunting-apparel-footwear/1759624/yukon-gear-reversible-bib-snow-to-real-tree-m-fe3ccc2f-3788-4fa8-85b0-2feafdf014b9-jpgrendition.jpg?im=whresize&wid=200&hei=200,,1759624,175-9624,Vérifiez la disponibilité#175-9624X,Liquidation◊Mieux notés,55.3,"84,93","189,99"
320,"Rimouski, QC","Bornes coniques mâles et femelles Gardner Bender C14-163P, calibre 16 à 14 AWG, paq. 4","Bornes coniques mâles et femelles Gardner Bender C14-163P, calibre 16 à 14 AWG, paq. 4",0.93,"0,93 $",2.79,"Était±  2,79 $prix était 2,79 $",0.93,"0,93 $",0.93,"0,93 $",true,https://www.canadiantire.ca/fr/pdp/bornes-coniques-males-et-femelles-gardner-bender-c14-163p-calibre-16-a-14-awg-paq-4-0520215p.html,https://www.canadiantire.ca/fr/pdp/bornes-coniques-males-et-femelles-gardner-bender-c14-163p-calibre-16-a-14-awg-paq-4-0520215p.html,https://media-www.canadiantire.ca/product/fixing/electrical/rough-electrical/0520215/bullet-terminals-m-f-pairs-blue-pkg-4-5c3e2a95-1ab3-4c3d-b0a1-548a525a3d92-jpgrendition.jpg?im=whresize&wid=200&hei=200,https://media-www.canadiantire.ca/product/fixing/electrical/rough-electrical/0520215/bullet-terminals-m-f-pairs-blue-pkg-4-5c3e2a95-1ab3-4c3d-b0a1-548a525a3d92-jpgrendition.jpg?im=whresize&wid=200&hei=200,,0520215,052-0215-6,Il n’en reste que 1 #052-0215-6,Liquidation◊Mieux notés,66.67,"0,93","2,79"
320,"Rimouski, QC","Pigment de couleur Varathane Mica, pour époxy à versement épais, noir argenté, 10 g","Pigment de couleur Varathane Mica, pour époxy à versement épais, noir argenté, 10 g",4.93,"4,93 $",11.99,"Était±  11,99 $prix était 11,99 $",4.93,"4,93 $",4.93,"4,93 $",true,https://www.canadiantire.ca/fr/pdp/pigment-de-couleur-varathane-mica-pour-epoxy-a-versement-epais-noir-argente-10-g-0489943p.html,https://www.canadiantire.ca/fr/pdp/pigment-de-couleur-varathane-mica-pour-epoxy-a-versement-epais-noir-argente-10-g-0489943p.html,https://media-www.canadiantire.ca/product/fixing/paint/paints/0489943/varathane-deep-pour-pigment-mica-silver-black-b3a4a6f3-7e8f-4993-8dfb-7cb6afa73e90-jpgrendition.jpg?im=whresize&wid=200&hei=200,https://media-www.canadiantire.ca/product/fixing/paint/paints/0489943/varathane-deep-pour-pigment-mica-silver-black-b3a4a6f3-7e8f-4993-8dfb-7cb6afa73e90-jpgrendition.jpg?im=whresize&wid=200&hei=200,,0489943,048-9943-0,Il n’en reste que 1 #048-9943-0,Liquidation◊,58.88,"4,93","11,99"
320,"Rimouski, QC",Goupille centrale auxiliaire lame VR 7 voies à rond 6 voies Hopkins Towing Solution,Goupille centrale auxiliaire lame VR 7 voies à rond 6 voies Hopkins Towing Solution,9.93,"9,93 $",19.99,"Était±  19,99 $prix était 19,99 $",9.93,"9,93 $",9.93,"9,93 $",true,https://www.canadiantire.ca/fr/pdp/goupille-centrale-auxiliaire-lame-vr-7-voies-a-rond-6-voies-hopkins-towing-solution-0409664p.html,https://www.canadiantire.ca/fr/pdp/goupille-centrale-auxiliaire-lame-vr-7-voies-a-rond-6-voies-hopkins-towing-solution-0409664p.html,https://media-www.canadiantire.ca/product/automotive/automotive-outdoor-adventure/auto-travel-storage/0409664/7-rv-blade-to-6-round-center-pin-auxiliary--ad8cda0a-ec9b-47c8-bd1d-8ef38e5b86fe-jpgrendition.jpg?im=whresize&wid=200&hei=200,https://media-www.canadiantire.ca/product/automotive/automotive-outdoor-adventure/auto-travel-storage/0409664/7-rv-blade-to-6-round-center-pin-auxiliary--ad8cda0a-ec9b-47c8-bd1d-8ef38e5b86fe-jpgrendition.jpg?im=whresize&wid=200&hei=200,,0409664,040-9664-0,Il n’en reste que 3 #040-9664-0,Liquidation◊,50.33,"9,93","19,99"
320,"Rimouski, QC","Buses Graco TrueCoat 360, paq. 2","Buses Graco TrueCoat 360, paq. 2",7.93,"7,93 $",35.99,"Était±  35,99 $prix était 35,99 $",7.93,"7,93 $",7.93,"7,93 $",true,https://www.canadiantire.ca/fr/pdp/buses-graco-truecoat-360-paq-2-0492554p.html,https://www.canadiantire.ca/fr/pdp/buses-graco-truecoat-360-paq-2-0492554p.html,https://media-www.canadiantire.ca/product/fixing/paint/paint-accessories/0492554/truecoat-360-spray-tips-2-pack-4c583f3a-780d-4f29-960e-f760bd5e621f.png?im=whresize&wid=200&hei=200,https://media-www.canadiantire.ca/product/fixing/paint/paint-accessories/0492554/truecoat-360-spray-tips-2-pack-4c583f3a-780d-4f29-960e-f760bd5e621f.png?im=whresize&wid=200&hei=200,,0492554,049-2554-6,Il n’en reste que 3 #049-2554-6,Liquidation◊,77.97,"7,93","35,99"
320,"Rimouski, QC","Jante en alliage RSSW Mayfair, hyper argent (AZZ651MHS)","Jante en alliage RSSW Mayfair, hyper argent (AZZ651MHS)",89.93,"89,93 $",195.99,"195,99 $chaqueÉtait   et+ prix était à partir de 195,99 $",89.93,"89,93 $",89.93,"89,93 $",true,https://www.canadiantire.ca/fr/pdp/jante-en-alliage-rssw-mayfair-hyper-argent-azz651mhs-1411070p.html,https://www.canadiantire.ca/fr/pdp/jante-en-alliage-rssw-mayfair-hyper-argent-azz651mhs-1411070p.html,https://media-www.canadiantire.ca/product/automotive/tires/wheels-and-accessories/1417037/rssw-mayfair-direct-16--6b996eec-c180-4ff9-88e8-5fb0e52d52c9-jpgrendition.jpg?im=whresize&wid=200&hei=200,https://media-www.canadiantire.ca/product/automotive/tires/wheels-and-accessories/1417037/rssw-mayfair-direct-16--6b996eec-c180-4ff9-88e8-5fb0e52d52c9-jpgrendition.jpg?im=whresize&wid=200&hei=200,,1411070,141-1070,Vérifiez la disponibilité#141-1070X,Liquidation◊Mieux notés,54.12,"89,93","195,99"
320,"Rimouski, QC","Rondelles de blocage fendues Hillman, acier inoxydable, choix de tailles","Rondelles de blocage fendues Hillman, acier inoxydable, choix de tailles",0.73,"0,73 $",2.49,"2,49 $Était   et+ prix était à partir de 2,49 $",0.73,"0,73 $",0.73,"0,73 $",true,https://www.canadiantire.ca/fr/pdp/rondelles-de-blocage-fendues-hillman-acier-inoxydable-choix-de-tailles-1612105p.html,https://www.canadiantire.ca/fr/pdp/rondelles-de-blocage-fendues-hillman-acier-inoxydable-choix-de-tailles-1612105p.html,https://media-www.canadiantire.ca/product/fixing/hardware/general-hardware/1612114/stainless-steel-washer-lock-1-4-5-pack-882060-a388539f-f37d-4c5e-8a0c-d9212cd391f0-jpgrendition.jpg?im=whresize&wid=200&hei=200,https://media-www.canadiantire.ca/product/fixing/hardware/general-hardware/1612114/stainless-steel-washer-lock-1-4-5-pack-882060-a388539f-f37d-4c5e-8a0c-d9212cd391f0-jpgrendition.jpg?im=whresize&wid=200&hei=200,,1612105,161-2105,Vérifiez la disponibilité#161-2105X,Liquidation◊Mieux notés,70.68,"0,73","2,49"
320,"Rimouski, QC",Aérateur verseur chromé de luxe Houdini,Aérateur verseur chromé de luxe Houdini,7.93,"7,93 $",15.99,"Était±  15,99 $prix était 15,99 $",7.93,"7,93 $",7.93,"7,93 $",true,https://www.canadiantire.ca/fr/pdp/aerateur-verseur-chrome-de-luxe-houdini-2420077p.html,https://www.canadiantire.ca/fr/pdp/aerateur-verseur-chrome-de-luxe-houdini-2420077p.html,https://media-www.canadiantire.ca/product/living/kitchen/dining-and-entertaining/2420077/houdini-aerator-dc3c69b2-3ddc-4e00-8ddf-4e3de2f0f9e7-jpgrendition.jpg?im=whresize&wid=200&hei=200,https://media-www.canadiantire.ca/product/living/kitchen/dining-and-entertaining/2420077/houdini-aerator-dc3c69b2-3ddc-4e00-8ddf-4e3de2f0f9e7-jpgrendition.jpg?im=whresize&wid=200&hei=200,,2420077,242-0077-2,Il n’en reste que 1 #242-0077-2,Liquidation◊,50.41,"7,93","15,99"
320,"Rimouski, QC",Citrouille orange gonflable animée parlante Jabberin' Jack ANIMAT3D avec projecteur intégré et haut-parleur prêt à l'emploi,Citrouille orange gonflable animée parlante Jabberin' Jack ANIMAT3D avec projecteur intégré et haut-parleur prêt à l'emploi,64.93,"64,93 $",129.99,"Était±  129,99 $prix était 129,99 $",64.93,"64,93 $",64.93,"64,93 $",true,https://www.canadiantire.ca/fr/pdp/citrouille-orange-gonflable-animee-parlante-jabberin-jack-animat3d-avec-projecteur-integre-et-haut-parleur-pret-a-l-emploi-1519595p.html,https://www.canadiantire.ca/fr/pdp/citrouille-orange-gonflable-animee-parlante-jabberin-jack-animat3d-avec-projecteur-integre-et-haut-parleur-pret-a-l-emploi-1519595p.html,https://media-www.canadiantire.ca/product/seasonal-gardening/seasonal/halloween-harvest/1519595/orange-inflatable-jabbering-jack-o-lantern-dd5722f3-e482-4db9-aeae-3eb03c2c0da9-jpgrendition.jpg?im=whresize&wid=200&hei=200,https://media-www.canadiantire.ca/product/seasonal-gardening/seasonal/halloween-harvest/1519595/orange-inflatable-jabbering-jack-o-lantern-dd5722f3-e482-4db9-aeae-3eb03c2c0da9-jpgrendition.jpg?im=whresize&wid=200&hei=200,,1519595,151-9595-0,Il n’en reste que 2 #151-9595-0,Liquidation◊Mieux notés,50.05,"64,93","129,99"
320,"Rimouski, QC","Vis à bois Hillman tête ronde prise carrée, zinc, nsuposup 6 x 1-1/4 po, paq. 10","Vis à bois Hillman tête ronde prise carrée, zinc, nsuposup 6 x 1-1/4 po, paq. 10",1.73,"1,73 $",3.99,"3,99 $Était   et+ prix était à partir de 3,99 $",1.73,"1,73 $",1.73,"1,73 $",true,https://www.canadiantire.ca/fr/pdp/vis-a-bois-hillman-tete-ronde-prise-carree-zinc-n-lt-sup-gt-o-lt-sup-gt-6-x-1-1-4-po-paq-10-1611887p.html,https://www.canadiantire.ca/fr/pdp/vis-a-bois-hillman-tete-ronde-prise-carree-zinc-n-lt-sup-gt-o-lt-sup-gt-6-x-1-1-4-po-paq-10-1611887p.html,https://media-www.canadiantire.ca/product/fixing/hardware/general-hardware/1611887/square-round-head-zinc-wood-screws-6x1-1-4-10-pack-56660b7f-6ef9-425f-b098-c54f92f10256-jpgrendition.jpg?im=whresize&wid=200&hei=200,https://media-www.canadiantire.ca/product/fixing/hardware/general-hardware/1611887/square-round-head-zinc-wood-screws-6x1-1-4-10-pack-56660b7f-6ef9-425f-b098-c54f92f10256-jpgrendition.jpg?im=whresize&wid=200&hei=200,,1611887,161-1887,Vérifiez la disponibilité#161-1887X,Liquidation◊Mieux notés,56.64,"1,73","3,99"
320,"Rimouski, QC","Ensemble de casque-masque de hockey Bauer RE-AKT 75 sénior avec mousse SEVEN+ Technology Foam, noir","Ensemble de casque-masque de hockey Bauer RE-AKT 75 sénior avec mousse SEVEN+ Technology Foam, noir",99.93,"99,93 $",199.99,"199,99 $Était   et+ prix était à partir de 199,99 $",99.93,"99,93 $",99.93,"99,93 $",true,https://www.canadiantire.ca/fr/pdp/ensemble-de-casque-masque-de-hockey-bauer-re-akt-75-senior-avec-mousse-seven-technology-foam-noir-4831855p.html,https://www.canadiantire.ca/fr/pdp/ensemble-de-casque-masque-de-hockey-bauer-re-akt-75-senior-avec-mousse-seven-technology-foam-noir-4831855p.html,https://media-www.canadiantire.ca/product/playing/hockey/hockey-equipment/4831855/bauer-re-akt-helmet-combo-small-6339630a-8f97-4cec-a2d7-b658751ae1da.png?im=whresize&wid=200&hei=200,https://media-www.canadiantire.ca/product/playing/hockey/hockey-equipment/4831855/bauer-re-akt-helmet-combo-small-6339630a-8f97-4cec-a2d7-b658751ae1da.png?im=whresize&wid=200&hei=200,,4831855,483-1855,Vérifiez la disponibilité#483-1855X,Liquidation◊Mieux notés,50.03,"99,93","199,99"
320,"Rimouski, QC","Chaudron bouillonnant Gemmy, multicolore","Chaudron bouillonnant Gemmy, multicolore",29.93,"29,93 $",59.99,"Était±  59,99 $prix était 59,99 $",29.93,"29,93 $",29.93,"29,93 $",true,https://www.canadiantire.ca/fr/pdp/chaudron-bouillonnant-gemmy-multicolore-8554852p.html,https://www.canadiantire.ca/fr/pdp/chaudron-bouillonnant-gemmy-multicolore-8554852p.html,https://media-www.canadiantire.ca/product/party-city/party-city-seasonal/party-city-halloween-harvest/8554852/bubbling-colour-changing-cauldron-263c9300-8ab3-46ef-8743-09f2a5436ad5-jpgrendition.jpg?im=whresize&wid=200&hei=200,https://media-www.canadiantire.ca/product/party-city/party-city-seasonal/party-city-halloween-harvest/8554852/bubbling-colour-changing-cauldron-263c9300-8ab3-46ef-8743-09f2a5436ad5-jpgrendition.jpg?im=whresize&wid=200&hei=200,,8554852,855-4852-4,Il n’en reste que 4 #855-4852-4,Liquidation◊,50.11,"29,93","59,99"
320,"Rimouski, QC",Connecteur Hopkins Towing Solution Endurance Multi-Tow,Connecteur Hopkins Towing Solution Endurance Multi-Tow,20.93,"20,93 $",49.99,"Était±  49,99 $prix était 49,99 $",20.93,"20,93 $",20.93,"20,93 $",true,https://www.canadiantire.ca/fr/pdp/connecteur-hopkins-towing-solution-endurance-multi-tow-0409682p.html,https://www.canadiantire.ca/fr/pdp/connecteur-hopkins-towing-solution-endurance-multi-tow-0409682p.html,https://media-www.canadiantire.ca/product/automotive/automotive-outdoor-adventure/auto-travel-storage/0409682/endurance-multi-tow-connector-62660156-5c84-434a-b8ff-0f8160db725a-jpgrendition.jpg?im=whresize&wid=200&hei=200,https://media-www.canadiantire.ca/product/automotive/automotive-outdoor-adventure/auto-travel-storage/0409682/endurance-multi-tow-connector-62660156-5c84-434a-b8ff-0f8160db725a-jpgrendition.jpg?im=whresize&wid=200&hei=200,,0409682,040-9682-6,Il n’en reste que 3 #040-9682-6,Liquidation◊Mieux notés,58.13,"20,93","49,99"
320,"Rimouski, QC","Vis à bois à tête ronde Hillman, 6 x 5/8, zinc, choix de formats","Vis à bois à tête ronde Hillman, 6 x 5/8, zinc, choix de formats",1.73,"1,73 $",3.99,"3,99 $Était   et+ prix était à partir de 3,99 $",1.73,"1,73 $",1.73,"1,73 $",true,https://www.canadiantire.ca/fr/pdp/vis-a-bois-a-tete-ronde-hillman-6-x-5-8-zinc-choix-de-formats-1617590p.html,https://www.canadiantire.ca/fr/pdp/vis-a-bois-a-tete-ronde-hillman-6-x-5-8-zinc-choix-de-formats-1617590p.html,https://media-www.canadiantire.ca/product/fixing/hardware/general-hardware/1617590/zinc-round-head-wood-screw-6-x-5-8-18-pack-40c35eed-06db-452b-af03-c37079ffa0e2-jpgrendition.jpg?im=whresize&wid=200&hei=200,https://media-www.canadiantire.ca/product/fixing/hardware/general-hardware/1617590/zinc-round-head-wood-screw-6-x-5-8-18-pack-40c35eed-06db-452b-af03-c37079ffa0e2-jpgrendition.jpg?im=whresize&wid=200&hei=200,,1617590,161-7590,Vérifiez la disponibilité#161-7590X,Liquidation◊Mieux notés,56.64,"1,73","3,99"
320,"Rimouski, QC","Lunettes de tir de chasse Beretta Challenge, transparent","Lunettes de tir de chasse Beretta Challenge, transparent",16.43,"16,43 $",36.99,"Était±  36,99 $prix était 36,99 $",16.43,"16,43 $",16.43,"16,43 $",true,https://www.canadiantire.ca/fr/pdp/lunettes-de-tir-de-chasse-beretta-challenge-transparent-1759177p.html,https://www.canadiantire.ca/fr/pdp/lunettes-de-tir-de-chasse-beretta-challenge-transparent-1759177p.html,https://media-www.canadiantire.ca/product/playing/hunting/hunting-accessories/1759177/beretta-challenge-shooting-glasses-clear-eb11cd84-87a9-43ed-bd23-ab5c584e8bca-jpgrendition.jpg?im=whresize&wid=200&hei=200,https://media-www.canadiantire.ca/product/playing/hunting/hunting-accessories/1759177/beretta-challenge-shooting-glasses-clear-eb11cd84-87a9-43ed-bd23-ab5c584e8bca-jpgrendition.jpg?im=whresize&wid=200&hei=200,,1759177,175-9177-0,Il n’en reste que 2 #175-9177-0,Liquidation◊,55.58,"16,43","36,99"
320,"Rimouski, QC","Raccord en PVC Bow pour égout et raccord de drainage, blanc, tailles variées","Raccord en PVC Bow pour égout et raccord de drainage, blanc, tailles variées",0.43,"0,43 $",3.99,"Était±  3,99 $prix était 3,99 $",0.43,"0,43 $",0.43,"0,43 $",true,https://www.canadiantire.ca/fr/pdp/raccord-en-pvc-bow-pour-egout-et-raccord-de-drainage-blanc-tailles-variees-0632619p.html,https://www.canadiantire.ca/fr/pdp/raccord-en-pvc-bow-pour-egout-et-raccord-de-drainage-blanc-tailles-variees-0632619p.html,https://media-www.canadiantire.ca/product/fixing/plumbing/rough-plumbing/0632619/bow-pvc-bushing-3--3c965cc5-7894-4167-b627-2d1945fad1c1-jpgrendition.jpg?im=whresize&wid=200&hei=200,https://media-www.canadiantire.ca/product/fixing/plumbing/rough-plumbing/0632619/bow-pvc-bushing-3--3c965cc5-7894-4167-b627-2d1945fad1c1-jpgrendition.jpg?im=whresize&wid=200&hei=200,,0632619,063-2619-8,Il n’en reste que 3 #063-2619-8,Liquidation◊,89.22,"0,43","3,99"
320,"Rimouski, QC","Manchon de rouleau Wagner Smart, 3/8 x 3 po","Manchon de rouleau Wagner Smart, 3/8 x 3 po",1.93,"1,93 $",9.29,"Était±  9,29 $prix était 9,29 $",1.93,"1,93 $",1.93,"1,93 $",true,https://www.canadiantire.ca/fr/pdp/manchon-de-rouleau-wagner-smart-3-8-x-3-po-0490391p.html,https://www.canadiantire.ca/fr/pdp/manchon-de-rouleau-wagner-smart-3-8-x-3-po-0490391p.html,https://media-www.canadiantire.ca/product/fixing/paint/paint-accessories/0490391/wagner-roller-cover-3-8-x3-for-49-0390-759f29da-b5d6-4bbf-a0e3-bcf3b727effc.png?im=whresize&wid=200&hei=200,https://media-www.canadiantire.ca/product/fixing/paint/paint-accessories/0490391/wagner-roller-cover-3-8-x3-for-49-0390-759f29da-b5d6-4bbf-a0e3-bcf3b727effc.png?im=whresize&wid=200&hei=200,,0490391,049-0391-4,Il n’en reste que 2 #049-0391-4,Liquidation◊,79.22,"1,93","9,29"
320,"Rimouski, QC","Protecteurs à roulements de roue, 1,98 po","Protecteurs à roulements de roue, 1,98 po",16.93,"16,93 $",34.99,"Était±  34,99 $prix était 34,99 $",16.93,"16,93 $",16.93,"16,93 $",true,https://www.canadiantire.ca/fr/pdp/protecteurs-a-roulements-de-roue-1-98-po-0408433p.html,https://www.canadiantire.ca/fr/pdp/protecteurs-a-roulements-de-roue-1-98-po-0408433p.html,https://media-www.canadiantire.ca/product/automotive/automotive-outdoor-adventure/auto-travel-storage/0408420/bearing-protector-c4eaf605-962c-447a-92d9-d8291f7220e4-jpgrendition.jpg?im=whresize&wid=200&hei=200,https://media-www.canadiantire.ca/product/automotive/automotive-outdoor-adventure/auto-travel-storage/0408420/bearing-protector-c4eaf605-962c-447a-92d9-d8291f7220e4-jpgrendition.jpg?im=whresize&wid=200&hei=200,,0408433,040-8433-6,Il n’en reste que 4 #040-8433-6,Liquidation◊,51.61,"16,93","34,99"
320,"Rimouski, QC","Renvoi de douche réglable ABS Watts, plaque en acier inoxydable, 2 po","Renvoi de douche réglable ABS Watts, plaque en acier inoxydable, 2 po",7.93,"7,93 $",16.99,"Était±  16,99 $prix était 16,99 $",7.93,"7,93 $",7.93,"7,93 $",true,https://www.canadiantire.ca/fr/pdp/renvoi-de-douche-reglable-abs-watts-plaque-en-acier-inoxydable-2-po-0632077p.html,https://www.canadiantire.ca/fr/pdp/renvoi-de-douche-reglable-abs-watts-plaque-en-acier-inoxydable-2-po-0632077p.html,https://media-www.canadiantire.ca/product/fixing/plumbing/rough-plumbing/0632077/adjustable-2-square-shower-drain-with-stainless-steel-top-4e1ad581-8a89-4c31-94ee-ac69d81e9a2d-jpgrendition.jpg?im=whresize&wid=200&hei=200,https://media-www.canadiantire.ca/product/fixing/plumbing/rough-plumbing/0632077/adjustable-2-square-shower-drain-with-stainless-steel-top-4e1ad581-8a89-4c31-94ee-ac69d81e9a2d-jpgrendition.jpg?im=whresize&wid=200&hei=200,,0632077,063-2077-6,Il n’en reste que 2 #063-2077-6,Liquidation◊Mieux notés,53.33,"7,93","16,99"
320,"Rimouski, QC","Jante en alliage RSSW Spirit, noir lustré (AZZ651SGB)","Jante en alliage RSSW Spirit, noir lustré (AZZ651SGB)",64.93,"64,93 $",190.99,"190,99 $chaqueÉtait   et+ prix était à partir de 190,99 $",64.93,"64,93 $",64.93,"64,93 $",true,https://www.canadiantire.ca/fr/pdp/jante-en-alliage-rssw-spirit-noir-lustre-azz651sgb-1411044p.html,https://www.canadiantire.ca/fr/pdp/jante-en-alliage-rssw-spirit-noir-lustre-azz651sgb-1411044p.html,https://media-www.canadiantire.ca/product/automotive/tires/wheels-and-accessories/1411044/rssw-spirit-gloss-black-16x6-5-5-114-3-45-67-1-67a6a9c2-93d2-40cf-b7f6-432bdb0ad3cb-jpgrendition.jpg?im=whresize&wid=200&hei=200,https://media-www.canadiantire.ca/product/automotive/tires/wheels-and-accessories/1411044/rssw-spirit-gloss-black-16x6-5-5-114-3-45-67-1-67a6a9c2-93d2-40cf-b7f6-432bdb0ad3cb-jpgrendition.jpg?im=whresize&wid=200&hei=200,,1411044,141-1044-4,0 En Stock#141-1044-4,Liquidation◊,66,"64,93","190,99"
320,"Rimouski, QC",Leurre de pêche blanche Berkley Gulp! Ménés glacé,Leurre de pêche blanche Berkley Gulp! Ménés glacé,0.73,"0,73 $",6.49,"6,49 $Était   et+ prix était à partir de 6,49 $",0.73,"0,73 $",0.73,"0,73 $",true,https://www.canadiantire.ca/fr/pdp/leurre-de-peche-blanche-berkley-gulp-menes-glace-0776925p.html,https://www.canadiantire.ca/fr/pdp/leurre-de-peche-blanche-berkley-gulp-menes-glace-0776925p.html,https://media-www.canadiantire.ca/product/playing/fishing/ice-fishing/0776928/berkley-gulp-ice-minnows-fathead-1--0df8a0b5-b761-4d2e-885c-9a00b113038b-jpgrendition.jpg?im=whresize&wid=200&hei=200,https://media-www.canadiantire.ca/product/playing/fishing/ice-fishing/0776928/berkley-gulp-ice-minnows-fathead-1--0df8a0b5-b761-4d2e-885c-9a00b113038b-jpgrendition.jpg?im=whresize&wid=200&hei=200,,0776925,077-6925,Vérifiez la disponibilité#077-6925X,Liquidation◊Mieux notés,88.75,"0,73","6,49"
320,"Rimouski, QC","Suspension à intensité variable incrustation large d'abat-jour en cristal CANVAS Kasia, chrome","Suspension à intensité variable incrustation large d'abat-jour en cristal CANVAS Kasia, chrome",39.93,"39,93 $",244.99,"Était±  244,99 $prix était 244,99 $",39.93,"39,93 $",39.93,"39,93 $",true,https://www.canadiantire.ca/fr/pdp/suspension-a-intensite-variable-incrustation-large-d-abat-jour-en-cristal-canvas-kasia-chrome-0529221p.html,https://www.canadiantire.ca/fr/pdp/suspension-a-intensite-variable-incrustation-large-d-abat-jour-en-cristal-canvas-kasia-chrome-0529221p.html,https://media-www.canadiantire.ca/product/living/home-decor/lighting/0529221/canvas-kasia-pendant-9a9b8fe7-5f8e-4535-8c7b-98cc3b8e7b08-jpgrendition.jpg?im=whresize&wid=200&hei=200,https://media-www.canadiantire.ca/product/living/home-decor/lighting/0529221/canvas-kasia-pendant-9a9b8fe7-5f8e-4535-8c7b-98cc3b8e7b08-jpgrendition.jpg?im=whresize&wid=200&hei=200,,0529221,052-9221-6,Il n’en reste que 1 #052-9221-6,Liquidation◊Mieux notés,83.7,"39,93","244,99"
320,"Rimouski, QC","Égalisateur et joint de plancher Shur-Trim, chêne non fini, 1,5 po x 3 pi","Égalisateur et joint de plancher Shur-Trim, chêne non fini, 1,5 po x 3 pi",3.93,"3,93 $",9.99,"Était±  9,99 $prix était 9,99 $",3.93,"3,93 $",3.93,"3,93 $",true,https://www.canadiantire.ca/fr/pdp/egalisateur-et-joint-de-plancher-shur-trim-chene-non-fini-1-5-po-x-3-pi-0682857p.html,https://www.canadiantire.ca/fr/pdp/egalisateur-et-joint-de-plancher-shur-trim-chene-non-fini-1-5-po-x-3-pi-0682857p.html,https://media-www.canadiantire.ca/product/living/home-decor/floor-window-decor/0682857/equalizer-1-5-x-3-oak-97b5f91c-d344-4973-9797-0b0e384e7428-jpgrendition.jpg?im=whresize&wid=200&hei=200,https://media-www.canadiantire.ca/product/living/home-decor/floor-window-decor/0682857/equalizer-1-5-x-3-oak-97b5f91c-d344-4973-9797-0b0e384e7428-jpgrendition.jpg?im=whresize&wid=200&hei=200,,0682857,068-2857-0,Il n’en reste que 1 #068-2857-0,Liquidation◊Articles à succès,60.66,"3,93","9,99"
320,"Rimouski, QC",Crochet pour cadre Picture Perfect Hanger,Crochet pour cadre Picture Perfect Hanger,0.93,"0,93 $",8.99,"Était±  8,99 $prix était 8,99 $",0.93,"0,93 $",0.93,"0,93 $",true,https://www.canadiantire.ca/fr/pdp/crochet-pour-cadre-picture-perfect-hanger-0611805p.html,https://www.canadiantire.ca/fr/pdp/crochet-pour-cadre-picture-perfect-hanger-0611805p.html,https://media-www.canadiantire.ca/product/fixing/hardware/general-hardware/0611805/picture-perfect-picture-hanger-f64aa0b2-4e62-47ae-928b-ddb0e355e37d-jpgrendition.jpg?im=whresize&wid=200&hei=200,https://media-www.canadiantire.ca/product/fixing/hardware/general-hardware/0611805/picture-perfect-picture-hanger-f64aa0b2-4e62-47ae-928b-ddb0e355e37d-jpgrendition.jpg?im=whresize&wid=200&hei=200,,0611805,061-1805-4,64 En Stock#061-1805-4,Liquidation◊Mieux notés,89.66,"0,93","8,99"
320,"Rimouski, QC",Crânes d'Halloween empilés et illuminés en céramique For Living,Crânes d'Halloween empilés et illuminés en céramique For Living,14.93,"14,93 $",29.99,"Était±  29,99 $prix était 29,99 $",14.93,"14,93 $",14.93,"14,93 $",true,https://www.canadiantire.ca/fr/pdp/cranes-d-halloween-empiles-et-illumines-en-ceramique-for-living-1511083p.html,https://www.canadiantire.ca/fr/pdp/cranes-d-halloween-empiles-et-illumines-en-ceramique-for-living-1511083p.html,https://media-www.canadiantire.ca/product/seasonal-gardening/seasonal/halloween-harvest/1511083/lighted-ceramic-stacked-skulls-decor-e54f2d86-29e4-42a0-8e54-77140c833963-jpgrendition.jpg?im=whresize&wid=200&hei=200,https://media-www.canadiantire.ca/product/seasonal-gardening/seasonal/halloween-harvest/1511083/lighted-ceramic-stacked-skulls-decor-e54f2d86-29e4-42a0-8e54-77140c833963-jpgrendition.jpg?im=whresize&wid=200&hei=200,,1511083,151-1083-6,Il n’en reste que 1 #151-1083-6,Liquidation◊Exclusivité,50.22,"14,93","29,99"
320,"Rimouski, QC","Affiche de table orange lumineuse BOO For Living, 10 po","Affiche de table orange lumineuse BOO For Living, 10 po",4.93,"4,93 $",14.99,"Était±  14,99 $prix était 14,99 $",4.93,"4,93 $",4.93,"4,93 $",true,https://www.canadiantire.ca/fr/pdp/affiche-de-table-orange-lumineuse-boo-for-living-10-po-1519592p.html,https://www.canadiantire.ca/fr/pdp/affiche-de-table-orange-lumineuse-boo-for-living-10-po-1519592p.html,https://media-www.canadiantire.ca/product/seasonal-gardening/seasonal/halloween-harvest/1519592/10-inch-light-up-orange-boo-table-sign-dfd28620-beb9-4ff8-9729-de00e1c77a24-jpgrendition.jpg?im=whresize&wid=200&hei=200,https://media-www.canadiantire.ca/product/seasonal-gardening/seasonal/halloween-harvest/1519592/10-inch-light-up-orange-boo-table-sign-dfd28620-beb9-4ff8-9729-de00e1c77a24-jpgrendition.jpg?im=whresize&wid=200&hei=200,,1519592,151-9592-6,Il n’en reste que 3 #151-9592-6,Liquidation◊Exclusivité,67.11,"4,93","14,99"
320,"Rimouski, QC","Traverse de lampe Atron Electro Industries LA946 avec trous latéraux, 4 po","Traverse de lampe Atron Electro Industries LA946 avec trous latéraux, 4 po",1.43,"1,43 $",4.29,"Était±  4,29 $prix était 4,29 $",1.43,"1,43 $",1.43,"1,43 $",true,https://www.canadiantire.ca/fr/pdp/traverse-de-lampe-atron-electro-industries-la946-avec-trous-lateraux-4-po-0523022p.html,https://www.canadiantire.ca/fr/pdp/traverse-de-lampe-atron-electro-industries-la946-avec-trous-lateraux-4-po-0523022p.html,https://media-www.canadiantire.ca/product/fixing/electrical/rough-electrical/0523022/crossbar-w-side-holes-cffd4c47-3774-4906-9bac-2c991ccb46e3-jpgrendition.jpg?im=whresize&wid=200&hei=200,https://media-www.canadiantire.ca/product/fixing/electrical/rough-electrical/0523022/crossbar-w-side-holes-cffd4c47-3774-4906-9bac-2c991ccb46e3-jpgrendition.jpg?im=whresize&wid=200&hei=200,,0523022,052-3022-6,Il n’en reste que 4 #052-3022-6,Liquidation◊Mieux notés,66.67,"1,43","4,29"
320,"Rimouski, QC",Enrouleur mobile pour ligne à pêche Berkley,Enrouleur mobile pour ligne à pêche Berkley,5.93,"5,93 $",14.99,"Était±  14,99 $prix était 14,99 $",5.93,"5,93 $",5.93,"5,93 $",true,https://www.canadiantire.ca/fr/pdp/enrouleur-mobile-pour-ligne-a-peche-berkley-0774025p.html,https://www.canadiantire.ca/fr/pdp/enrouleur-mobile-pour-ligne-a-peche-berkley-0774025p.html,https://media-www.canadiantire.ca/product/playing/fishing/fishing-accessories/0774025/berkley-mobile-line-spooler-47cbb8ec-e18b-487a-9e18-80160a3b0c6f-jpgrendition.jpg?im=whresize&wid=200&hei=200,https://media-www.canadiantire.ca/product/playing/fishing/fishing-accessories/0774025/berkley-mobile-line-spooler-47cbb8ec-e18b-487a-9e18-80160a3b0c6f-jpgrendition.jpg?im=whresize&wid=200&hei=200,,0774025,077-4025-6,Il n’en reste que 5 #077-4025-6,Liquidation◊,60.44,"5,93","14,99"
320,"Rimouski, QC","Icônes effrayantes thermiques à rayons X à DEL Gemmy avec piquets et diapositives, noir, 1 pi, décoration intérieure/extérieure à longueur de projection de 10 pi pour l'Halloween","Icônes effrayantes thermiques à rayons X à DEL Gemmy avec piquets et diapositives, noir, 1 pi, décoration intérieure/extérieure à longueur de projection de 10 pi pour l'Halloween",24.93,"24,93 $",49.99,"Était±  49,99 $prix était 49,99 $",24.93,"24,93 $",24.93,"24,93 $",true,https://www.canadiantire.ca/fr/pdp/icones-effrayantes-thermiques-a-rayons-x-a-del-gemmy-avec-piquets-et-diapositives-noir-1-pi-decoration-interieure-exterieure-a-longueur-de-projection-de-10-pi-pour-l-halloween-1519173p.html,https://www.canadiantire.ca/fr/pdp/icones-effrayantes-thermiques-a-rayons-x-a-del-gemmy-avec-piquets-et-diapositives-noir-1-pi-decoration-interieure-exterieure-a-longueur-de-projection-de-10-pi-pour-l-halloween-1519173p.html,https://media-www.canadiantire.ca/product/seasonal-gardening/seasonal/halloween-harvest/1519173/xray-thermal-projection-c6421fd4-9672-47bb-98c0-9c9fe5cddbb1-jpgrendition.jpg?im=whresize&wid=200&hei=200,https://media-www.canadiantire.ca/product/seasonal-gardening/seasonal/halloween-harvest/1519173/xray-thermal-projection-c6421fd4-9672-47bb-98c0-9c9fe5cddbb1-jpgrendition.jpg?im=whresize&wid=200&hei=200,,1519173,151-9173-4,,Liquidation◊,50.13,"24,93","49,99"
