store_id,city,name,title,price,price_raw,regular_price,regular_price_raw,liquidation_price,liquidation_price_raw,sale_price,sale_price_raw,liquidation,url,link,image,image_url,product_id,sku,sku_formatted,availability,badges,discount_percent,price_sale_clean,price_original_clean
169,"Meadowvale, ON","Échelle de piscine en A en acier Bestway Flowclear avec rampe, 42 po","Échelle de piscine en A en acier Bestway Flowclear avec rampe, 42 po",29.93,"29,93 $",99.99,"Était±  99,99 $prix était 99,99 $",29.93,"29,93 $",29.93,"29,93 $",true,https://www.canadiantire.ca/fr/pdp/echelle-de-piscine-en-a-en-acier-bestway-flowclear-avec-rampe-42-po-0813926p.html,https://www.canadiantire.ca/fr/pdp/echelle-de-piscine-en-a-en-acier-bestway-flowclear-avec-rampe-42-po-0813926p.html,https://media-www.canadiantire.ca/product/seasonal-gardening/backyard-fun/pool-maintenance/0813926/42-pool-ladder-1e5af39a-d711-4efc-88d9-7f79508fac9d-jpgrendition.jpg?im=whresize&wid=200&hei=200,https://media-www.canadiantire.ca/product/seasonal-gardening/backyard-fun/pool-maintenance/0813926/42-pool-ladder-1e5af39a-d711-4efc-88d9-7f79508fac9d-jpgrendition.jpg?im=whresize&wid=200&hei=200,,0813926,081-3926-6,Il n’en reste que 4 #081-3926-6,Liquidation◊,70.07,"29,93","99,99"
169,"Meadowvale, ON",Garde-robe à miroir rétractable Canvas,Garde-robe à miroir rétractable Canvas,199.93,"199,93 $",499.99,"Était±  499,99 $prix était 499,99 $",199.93,"199,93 $",199.93,"199,93 $",true,https://www.canadiantire.ca/fr/pdp/garde-robe-a-miroir-retractable-canvas-1680201p.html,https://www.canadiantire.ca/fr/pdp/garde-robe-a-miroir-retractable-canvas-1680201p.html,https://media-www.canadiantire.ca/product/living/home-decor/furniture/1680201/canvas-wardrobe-with-pullout-mirror-22f525bf-93c2-43fc-b5b1-e5ba5516f382-jpgrendition.jpg?im=whresize&wid=200&hei=200,https://media-www.canadiantire.ca/product/living/home-decor/furniture/1680201/canvas-wardrobe-with-pullout-mirror-22f525bf-93c2-43fc-b5b1-e5ba5516f382-jpgrendition.jpg?im=whresize&wid=200&hei=200,,1680201,168-0201-4,Il n’en reste que 2 #168-0201-4,Liquidation◊Exclusivité,60.01,"199,93","499,99"
169,"Meadowvale, ON",Garde-manger polyvalent Canvas Wittmore,Garde-manger polyvalent Canvas Wittmore,199.93,"199,93 $",499.99,"Était±  499,99 $prix était 499,99 $",199.93,"199,93 $",199.93,"199,93 $",true,https://www.canadiantire.ca/fr/pdp/garde-manger-polyvalent-canvas-wittmore-1680200p.html,https://www.canadiantire.ca/fr/pdp/garde-manger-polyvalent-canvas-wittmore-1680200p.html,https://media-www.canadiantire.ca/product/living/home-decor/furniture/1680200/canvas-whittmore-pantry-cabinet-88855d97-fc3c-4726-984c-bc946be0a9b7-jpgrendition.jpg?im=whresize&wid=200&hei=200,https://media-www.canadiantire.ca/product/living/home-decor/furniture/1680200/canvas-whittmore-pantry-cabinet-88855d97-fc3c-4726-984c-bc946be0a9b7-jpgrendition.jpg?im=whresize&wid=200&hei=200,,1680200,168-0200-6,Il n’en reste que 1 #168-0200-6,Liquidation◊Exclusivité,60.01,"199,93","499,99"
169,"Meadowvale, ON","Tasses à mesurer empilables en plastique MASTER Chef, paq. 10","Tasses à mesurer empilables en plastique MASTER Chef, paq. 10",11.99,"11,99 $",24.99,"Était±  24,99 $prix était 24,99 $",11.99,"11,99 $",11.99,"11,99 $",true,https://www.canadiantire.ca/fr/pdp/tasses-a-mesurer-empilables-en-plastique-master-chef-paq-10-1429676p.html,https://www.canadiantire.ca/fr/pdp/tasses-a-mesurer-empilables-en-plastique-master-chef-paq-10-1429676p.html,https://media-www.canadiantire.ca/product/living/kitchen/bakeware-baking-prep/1429676/master-chef-10pc-measuring-cup-set-73c761cb-c28c-42fe-a32e-f57a30c6b9a6-jpgrendition.jpg?im=whresize&wid=200&hei=200,https://media-www.canadiantire.ca/product/living/kitchen/bakeware-baking-prep/1429676/master-chef-10pc-measuring-cup-set-73c761cb-c28c-42fe-a32e-f57a30c6b9a6-jpgrendition.jpg?im=whresize&wid=200&hei=200,,1429676,142-9676-0,10 En Stock#142-9676-0,Liquidation◊Mieux notés,52.02,"11,99","24,99"
169,"Meadowvale, ON","Jouet aquatique gonflable Soak N' Splash & Slide avec gicleur, bleu, 16 pi, 5 ans et plus, pour plage/piscine","Jouet aquatique gonflable Soak N' Splash & Slide avec gicleur, bleu, 16 pi, 5 ans et plus, pour plage/piscine",6.99,"6,99 $",14.99,"Était±  14,99 $prix était 14,99 $",6.99,"6,99 $",6.99,"6,99 $",true,https://www.canadiantire.ca/fr/pdp/jouet-aquatique-gonflable-soak-n-splash-slide-avec-gicleur-bleu-16-pi-5-ans-et-plus-pour-plage-piscine-0504211p.html,https://www.canadiantire.ca/fr/pdp/jouet-aquatique-gonflable-soak-n-splash-slide-avec-gicleur-bleu-16-pi-5-ans-et-plus-pour-plage-piscine-0504211p.html,https://media-www.canadiantire.ca/product/seasonal-gardening/toys/seasonal-toys/0504211/soak-n-splash-water-slide-16--6fa00059-6643-4304-ad97-12a017f202a2-jpgrendition.jpg?im=whresize&wid=200&hei=200,https://media-www.canadiantire.ca/product/seasonal-gardening/toys/seasonal-toys/0504211/soak-n-splash-water-slide-16--6fa00059-6643-4304-ad97-12a017f202a2-jpgrendition.jpg?im=whresize&wid=200&hei=200,,0504211,050-4211-4,22 En Stock#050-4211-4,Liquidation◊,53.37,"6,99","14,99"
169,"Meadowvale, ON","Lit de camp pliant portatif pour chiens Woods DOG-WOOD avec sac de transport, capacité de 70 lb, bleu","Lit de camp pliant portatif pour chiens Woods DOG-WOOD avec sac de transport, capacité de 70 lb, bleu",35.93,"35,93 $",79.99,"Était±  79,99 $prix était 79,99 $",35.93,"35,93 $",35.93,"35,93 $",true,https://www.canadiantire.ca/fr/pdp/lit-de-camp-pliant-portatif-pour-chiens-woods-dog-wood-avec-sac-de-transport-capacite-de-70-lb-bleu-0766424p.html,https://www.canadiantire.ca/fr/pdp/lit-de-camp-pliant-portatif-pour-chiens-woods-dog-wood-avec-sac-de-transport-capacite-de-70-lb-bleu-0766424p.html,https://media-www.canadiantire.ca/product/playing/camping/camping-accessories/0766424/woods-dogwood-quad-fold-pet-cot-fe2e4cef-58fa-4578-93b8-795fe70105e1-jpgrendition.jpg?im=whresize&wid=200&hei=200,https://media-www.canadiantire.ca/product/playing/camping/camping-accessories/0766424/woods-dogwood-quad-fold-pet-cot-fe2e4cef-58fa-4578-93b8-795fe70105e1-jpgrendition.jpg?im=whresize&wid=200&hei=200,,0766424,076-6424-6,Il n’en reste que 1 #076-6424-6,Liquidation◊Mieux notés,55.08,"35,93","79,99"
169,"Meadowvale, ON","Housse de pare-brise 2-en-1 MyRide pour soleil et neige, convient à la plupart des véhicules","Housse de pare-brise 2-en-1 MyRide pour soleil et neige, convient à la plupart des véhicules",12.99,"12,99 $",32.99,"Était±  32,99 $prix était 32,99 $",12.99,"12,99 $",12.99,"12,99 $",true,https://www.canadiantire.ca/fr/pdp/housse-de-pare-brise-2-en-1-myride-pour-soleil-et-neige-convient-a-la-plupart-des-vehicules-0304491p.html,https://www.canadiantire.ca/fr/pdp/housse-de-pare-brise-2-en-1-myride-pour-soleil-et-neige-convient-a-la-plupart-des-vehicules-0304491p.html,https://media-www.canadiantire.ca/product/automotive/car-care-accessories/auto-winter-accessories/0304491/myride-sun-and-snow-windshield-cover-1d0e1f73-cc79-4090-b8a5-bdaefbe970b7-jpgrendition.jpg?im=whresize&wid=200&hei=200,https://media-www.canadiantire.ca/product/automotive/car-care-accessories/auto-winter-accessories/0304491/myride-sun-and-snow-windshield-cover-1d0e1f73-cc79-4090-b8a5-bdaefbe970b7-jpgrendition.jpg?im=whresize&wid=200&hei=200,,0304491,030-4491-4,66 En Stock#030-4491-4,Liquidation◊Articles à succès,60.62,"12,99","32,99"
169,"Meadowvale, ON","Service de vaisselle en porcelaine festonnée CANVAS Odessa, blanc, paq. 12","Service de vaisselle en porcelaine festonnée CANVAS Odessa, blanc, paq. 12",39.93,"39,93 $",79.99,"Était±  79,99 $prix était 79,99 $",39.93,"39,93 $",39.93,"39,93 $",true,https://www.canadiantire.ca/fr/pdp/service-de-vaisselle-en-porcelaine-festonnee-canvas-odessa-blanc-paq-12-2421125p.html,https://www.canadiantire.ca/fr/pdp/service-de-vaisselle-en-porcelaine-festonnee-canvas-odessa-blanc-paq-12-2421125p.html,https://media-www.canadiantire.ca/product/living/kitchen/dining-and-entertaining/2421125/canvas-12-pc-scalloped-porcelain-dinnerware-set-ee9e4e35-9ab4-4375-aacf-2b058a08cc90-jpgrendition.jpg?im=whresize&wid=200&hei=200,https://media-www.canadiantire.ca/product/living/kitchen/dining-and-entertaining/2421125/canvas-12-pc-scalloped-porcelain-dinnerware-set-ee9e4e35-9ab4-4375-aacf-2b058a08cc90-jpgrendition.jpg?im=whresize&wid=200&hei=200,,2421125,242-1125-2,Il n’en reste que 2 #242-1125-2,Liquidation◊Mieux notés,50.08,"39,93","79,99"
169,"Meadowvale, ON","Cintres pivotants compacts en velours Type A avec barre à pantalon, couleurs variées, paq. 40","Cintres pivotants compacts en velours Type A avec barre à pantalon, couleurs variées, paq. 40",12.93,"12,93 $",32.99,"32,99 $Était   et+ prix était à partir de 32,99 $",12.93,"12,93 $",12.93,"12,93 $",true,https://www.canadiantire.ca/fr/pdp/cintres-pivotants-compacts-en-velours-type-a-avec-barre-a-pantalon-couleurs-variees-paq-40-0688307p.html,https://www.canadiantire.ca/fr/pdp/cintres-pivotants-compacts-en-velours-type-a-avec-barre-a-pantalon-couleurs-variees-paq-40-0688307p.html,https://media-www.canadiantire.ca/product/living/home-organization/closet-organization/0688308/type-a-velvet-suit-hanger-black-10pk-4afb3f73-0449-46d6-975c-369ae2760de2-jpgrendition.jpg?im=whresize&wid=200&hei=200,https://media-www.canadiantire.ca/product/living/home-organization/closet-organization/0688308/type-a-velvet-suit-hanger-black-10pk-4afb3f73-0449-46d6-975c-369ae2760de2-jpgrendition.jpg?im=whresize&wid=200&hei=200,,0688307,068-8307,Vérifiez la disponibilité#068-8307X,Liquidation◊Mieux notés,60.81,"12,93","32,99"
169,"Meadowvale, ON","Service de vaisselle coupé en grès MasterChef pour 8 personnes, paq. 24, bleu sodalite","Service de vaisselle coupé en grès MasterChef pour 8 personnes, paq. 24, bleu sodalite",39.93,"39,93 $",99.99,"Était±  99,99 $prix était 99,99 $",39.93,"39,93 $",39.93,"39,93 $",true,https://www.canadiantire.ca/fr/pdp/service-de-vaisselle-coupe-en-gres-masterchef-pour-8-personnes-paq-24-bleu-sodalite-2421196p.html,https://www.canadiantire.ca/fr/pdp/service-de-vaisselle-coupe-en-gres-masterchef-pour-8-personnes-paq-24-bleu-sodalite-2421196p.html,https://media-www.canadiantire.ca/product/living/kitchen/dining-and-entertaining/2421196/master-chef-essential-coupe-24pc-dinnerware-set-blue-c85cb18a-8249-4642-84cd-a5744c25b94f-jpgrendition.jpg?im=whresize&wid=200&hei=200,https://media-www.canadiantire.ca/product/living/kitchen/dining-and-entertaining/2421196/master-chef-essential-coupe-24pc-dinnerware-set-blue-c85cb18a-8249-4642-84cd-a5744c25b94f-jpgrendition.jpg?im=whresize&wid=200&hei=200,,2421196,242-1196-2,Il n’en reste que 1 #242-1196-2,Liquidation◊Exclusivité,60.07,"39,93","99,99"
169,"Meadowvale, ON","Toile pare soleil triangulaire ShelterLogic, 12 pi","Toile pare soleil triangulaire ShelterLogic, 12 pi",24.93,"24,93 $",54.99,"Était±  54,99 $prix était 54,99 $",24.93,"24,93 $",24.93,"24,93 $",true,https://www.canadiantire.ca/fr/pdp/toile-pare-soleil-triangulaire-shelterlogic-12-pi-0882307p.html,https://www.canadiantire.ca/fr/pdp/toile-pare-soleil-triangulaire-shelterlogic-12-pi-0882307p.html,https://media-www.canadiantire.ca/product/seasonal-gardening/backyard-living/outdoor-furniture/0882240/shelter-logic-triangle-shade-sail-12--2c190960-0271-482d-a439-b31dbf8f42e7-jpgrendition.jpg?im=whresize&wid=200&hei=200,https://media-www.canadiantire.ca/product/seasonal-gardening/backyard-living/outdoor-furniture/0882240/shelter-logic-triangle-shade-sail-12--2c190960-0271-482d-a439-b31dbf8f42e7-jpgrendition.jpg?im=whresize&wid=200&hei=200,,0882307,088-2307-2,Il n’en reste que 3 #088-2307-2,Liquidation◊,54.66,"24,93","54,99"
169,"Meadowvale, ON",Aspirateur sans fil de déchets secs/humides tout-en-un et appareil de nettoyage de planchers durs Bissell CrossWave OmniFind Pet Pro,Aspirateur sans fil de déchets secs/humides tout-en-un et appareil de nettoyage de planchers durs Bissell CrossWave OmniFind Pet Pro,179.93,"179,93 $",379.99,"Était±  379,99 $prix était 379,99 $",179.93,"179,93 $",179.93,"179,93 $",true,https://www.canadiantire.ca/fr/pdp/aspirateur-sans-fil-de-dechets-secs-humides-tout-en-un-et-appareil-de-nettoyage-de-planchers-durs-bissell-crosswave-omnifind-pet-pro-0437233p.html,https://www.canadiantire.ca/fr/pdp/aspirateur-sans-fil-de-dechets-secs-humides-tout-en-un-et-appareil-de-nettoyage-de-planchers-durs-bissell-crosswave-omnifind-pet-pro-0437233p.html,https://media-www.canadiantire.ca/product/living/cleaning/vacuums-and-floorcare/0437233/bissell-omnifind-petpro-hard-floor-wet-cleaner-a8a44b1c-d6db-472c-a2a7-50098c512b75-jpgrendition.jpg?im=whresize&wid=200&hei=200,https://media-www.canadiantire.ca/product/living/cleaning/vacuums-and-floorcare/0437233/bissell-omnifind-petpro-hard-floor-wet-cleaner-a8a44b1c-d6db-472c-a2a7-50098c512b75-jpgrendition.jpg?im=whresize&wid=200&hei=200,,0437233,043-7233-2,Il n’en reste que 3 #043-7233-2,Liquidation◊Exclusivité,52.65,"179,93","379,99"
169,"Meadowvale, ON","Bluehive - Ecouteurs boutons sans fil, 22h autonomie et charge rapide","Bluehive - Ecouteurs boutons sans fil, 22h autonomie et charge rapide",19.99,"19,99 $",39.99,"Était±  39,99 $prix était 39,99 $",19.99,"19,99 $",19.99,"19,99 $",true,https://www.canadiantire.ca/fr/pdp/bluehive-ecouteurs-boutons-sans-fil-22h-autonomie-et-charge-rapide-0355551p.html,https://www.canadiantire.ca/fr/pdp/bluehive-ecouteurs-boutons-sans-fil-22h-autonomie-et-charge-rapide-0355551p.html,https://media-www.canadiantire.ca/product/automotive/car-care-accessories/auto-electronics/0355551/bluehive-bluepods-true-wireless-earbuds-d801aae0-977a-4b93-998a-00bad4241385-jpgrendition.jpg?im=whresize&wid=200&hei=200,https://media-www.canadiantire.ca/product/automotive/car-care-accessories/auto-electronics/0355551/bluehive-bluepods-true-wireless-earbuds-d801aae0-977a-4b93-998a-00bad4241385-jpgrendition.jpg?im=whresize&wid=200&hei=200,,0355551,035-5551-6,Il n’en reste que 4 #035-5551-6,Liquidation◊Exclusivité,50.01,"19,99","39,99"
169,"Meadowvale, ON",Huitre à enfourcher flottante gonflable pour lac,Huitre à enfourcher flottante gonflable pour lac,39.93,"39,93 $",99.99,"Était±  99,99 $prix était 99,99 $",39.93,"39,93 $",39.93,"39,93 $",true,https://www.canadiantire.ca/fr/pdp/huitre-a-enfourcher-flottante-gonflable-pour-lac-0791411p.html,https://www.canadiantire.ca/fr/pdp/huitre-a-enfourcher-flottante-gonflable-pour-lac-0791411p.html,https://media-www.canadiantire.ca/product/playing/seasonal-recreation/marine-water-fun/0791411/clamshell-lake-inflatable-84c224b6-f74f-43cb-add7-f18aa0e52402-jpgrendition.jpg?im=whresize&wid=200&hei=200,https://media-www.canadiantire.ca/product/playing/seasonal-recreation/marine-water-fun/0791411/clamshell-lake-inflatable-84c224b6-f74f-43cb-add7-f18aa0e52402-jpgrendition.jpg?im=whresize&wid=200&hei=200,,0791411,079-1411-0,Il n’en reste que 2 #079-1411-0,Liquidation◊,60.07,"39,93","99,99"
169,"Meadowvale, ON","Bibliothèque à cadre en métal à 5 niveaux avec rangement CANVAS Robson, fini chêne","Bibliothèque à cadre en métal à 5 niveaux avec rangement CANVAS Robson, fini chêne",139.93,"139,93 $",349.99,"Était±  349,99 $prix était 349,99 $",139.93,"139,93 $",139.93,"139,93 $",true,https://www.canadiantire.ca/fr/pdp/bibliotheque-a-cadre-en-metal-a-5-niveaux-avec-rangement-canvas-robson-fini-chene-1680047p.html,https://www.canadiantire.ca/fr/pdp/bibliotheque-a-cadre-en-metal-a-5-niveaux-avec-rangement-canvas-robson-fini-chene-1680047p.html,https://media-www.canadiantire.ca/product/living/home-decor/furniture/1680047/canvas-robson-wide-bookcase-cc404526-7e49-447a-b2ad-88a6bd2c5a81-jpgrendition.jpg?im=whresize&wid=200&hei=200,https://media-www.canadiantire.ca/product/living/home-decor/furniture/1680047/canvas-robson-wide-bookcase-cc404526-7e49-447a-b2ad-88a6bd2c5a81-jpgrendition.jpg?im=whresize&wid=200&hei=200,,1680047,168-0047-2,Il n’en reste que 1 #168-0047-2,Liquidation◊Mieux notés,60.02,"139,93","349,99"
169,"Meadowvale, ON","Planche à pagaie pour 1 personne Pelican Flow 106, blanc et vert, 10 pi 6 po","Planche à pagaie pour 1 personne Pelican Flow 106, blanc et vert, 10 pi 6 po",299.93,"299,93 $",599.99,"Était±  599,99 $prix était 599,99 $",299.93,"299,93 $",299.93,"299,93 $",true,https://www.canadiantire.ca/fr/pdp/planche-a-pagaie-pour-1-personne-pelican-flow-106-blanc-et-vert-10-pi-6-po-0792044p.html,https://www.canadiantire.ca/fr/pdp/planche-a-pagaie-pour-1-personne-pelican-flow-106-blanc-et-vert-10-pi-6-po-0792044p.html,https://media-www.canadiantire.ca/product/playing/seasonal-recreation/marine-water-fun/0792044/pelican-flow-106-stand-up-paddle-board-7136f53a-71e5-4f0a-825f-eab92a92ff42-jpgrendition.jpg?im=whresize&wid=200&hei=200,https://media-www.canadiantire.ca/product/playing/seasonal-recreation/marine-water-fun/0792044/pelican-flow-106-stand-up-paddle-board-7136f53a-71e5-4f0a-825f-eab92a92ff42-jpgrendition.jpg?im=whresize&wid=200&hei=200,,0792044,079-2044-8,Il n’en reste que 1 #079-2044-8,Liquidation◊Mieux notés,50.01,"299,93","599,99"
169,"Meadowvale, ON","Lampe à faisceau large à DEL Mastercraft, 1500 lumens, compatible PWR POD","Lampe à faisceau large à DEL Mastercraft, 1500 lumens, compatible PWR POD",31.93,"31,93 $",119.99,"Était±  119,99 $prix était 119,99 $",31.93,"31,93 $",31.93,"31,93 $",true,https://www.canadiantire.ca/fr/pdp/lampe-a-faisceau-large-a-del-mastercraft-1500-lumens-compatible-pwr-pod-0372969p.html,https://www.canadiantire.ca/fr/pdp/lampe-a-faisceau-large-a-del-mastercraft-1500-lumens-compatible-pwr-pod-0372969p.html,https://media-www.canadiantire.ca/product/automotive/car-care-accessories/auto-accessories/0372969/mastercraft-1500-lumens-spotlight-pwr-pod-compatible-363c7083-04a4-4a37-b863-da8214fd1958-jpgrendition.jpg?im=whresize&wid=200&hei=200,https://media-www.canadiantire.ca/product/automotive/car-care-accessories/auto-accessories/0372969/mastercraft-1500-lumens-spotlight-pwr-pod-compatible-363c7083-04a4-4a37-b863-da8214fd1958-jpgrendition.jpg?im=whresize&wid=200&hei=200,,0372969,037-2969-8,Il n’en reste que 2 #037-2969-8,Liquidation◊Mieux notés,73.39,"31,93","119,99"
169,"Meadowvale, ON","Short cargo Outbound pour hommes, grandes poches, havane","Short cargo Outbound pour hommes, grandes poches, havane",9.93,"9,93 $",25.99,"25,99 $Était   et+ prix était à partir de 25,99 $",9.93,"9,93 $",9.93,"9,93 $",true,https://www.canadiantire.ca/fr/pdp/short-cargo-outbound-pour-hommes-grandes-poches-havane-1873520p.html,https://www.canadiantire.ca/fr/pdp/short-cargo-outbound-pour-hommes-grandes-poches-havane-1873520p.html,https://media-www.canadiantire.ca/product/playing/footwear-apparel/summer-footwear-apparel/1873520/outbound-men-s-cargo-shorts-tan-m-c66af4ed-b35b-4c1f-82ee-7afbf190f779-jpgrendition.jpg?im=whresize&wid=200&hei=200,https://media-www.canadiantire.ca/product/playing/footwear-apparel/summer-footwear-apparel/1873520/outbound-men-s-cargo-shorts-tan-m-c66af4ed-b35b-4c1f-82ee-7afbf190f779-jpgrendition.jpg?im=whresize&wid=200&hei=200,,1873520,187-3520,Vérifiez la disponibilité#187-3520X,Liquidation◊Mieux notés,61.79,"9,93","25,99"
169,"Meadowvale, ON","Lit de voyage pour chiens Woods Dogwood, polyester, intérieur, bleu, taille unique","Lit de voyage pour chiens Woods Dogwood, polyester, intérieur, bleu, taille unique",22.43,"22,43 $",49.99,"Était±  49,99 $prix était 49,99 $",22.43,"22,43 $",22.43,"22,43 $",true,https://www.canadiantire.ca/fr/pdp/lit-de-voyage-pour-chiens-woods-dogwood-polyester-interieur-bleu-taille-unique-0766423p.html,https://www.canadiantire.ca/fr/pdp/lit-de-voyage-pour-chiens-woods-dogwood-polyester-interieur-bleu-taille-unique-0766423p.html,https://media-www.canadiantire.ca/product/playing/camping/camping-accessories/0766423/woods-dogwood-dog-bed-204aeb41-a4de-4e9e-8087-c56e21eb53f1-jpgrendition.jpg?im=whresize&wid=200&hei=200,https://media-www.canadiantire.ca/product/playing/camping/camping-accessories/0766423/woods-dogwood-dog-bed-204aeb41-a4de-4e9e-8087-c56e21eb53f1-jpgrendition.jpg?im=whresize&wid=200&hei=200,,0766423,076-6423-8,Il n’en reste que 4 #076-6423-8,Liquidation◊Exclusivité,55.13,"22,43","49,99"
169,"Meadowvale, ON","Vélo électrique Raleigh Dobson Comfort, léger, écran ACL intégré, 700C roues, blanc","Vélo électrique Raleigh Dobson Comfort, léger, écran ACL intégré, 700C roues, blanc",799.93,"799,93 $",1999.99,"Était±  1 999,99 $prix était 1 999,99 $",799.93,"799,93 $",799.93,"799,93 $",true,https://www.canadiantire.ca/fr/pdp/velo-electrique-raleigh-dobson-comfort-leger-ecran-acl-integre-700c-roues-blanc-0712020p.html,https://www.canadiantire.ca/fr/pdp/velo-electrique-raleigh-dobson-comfort-leger-ecran-acl-integre-700c-roues-blanc-0712020p.html,https://media-www.canadiantire.ca/product/seasonal-gardening/cycling/bicycles/0712020/raleigh-dobson-electric-bike-700c-white-46befcab-abaf-4947-ae19-7764447767ed-jpgrendition.jpg?im=whresize&wid=200&hei=200,https://media-www.canadiantire.ca/product/seasonal-gardening/cycling/bicycles/0712020/raleigh-dobson-electric-bike-700c-white-46befcab-abaf-4947-ae19-7764447767ed-jpgrendition.jpg?im=whresize&wid=200&hei=200,,0712020,071-2020-0,Il n’en reste que 1 #071-2020-0,Liquidation◊Exclusivité,60,"799,93","1999,99"
169,"Meadowvale, ON","Pergola modulaire CANVAS Horizon, extérieur et patio, 10 x 10 pi","Pergola modulaire CANVAS Horizon, extérieur et patio, 10 x 10 pi",599.93,"599,93 $",1199.99,"Était±  1 199,99 $prix était 1 199,99 $",599.93,"599,93 $",599.93,"599,93 $",true,https://www.canadiantire.ca/fr/pdp/pergola-modulaire-canvas-horizon-exterieur-et-patio-10-x-10-pi-1880240p.html,https://www.canadiantire.ca/fr/pdp/pergola-modulaire-canvas-horizon-exterieur-et-patio-10-x-10-pi-1880240p.html,https://media-www.canadiantire.ca/product/seasonal-gardening/backyard-living/outdoor-furniture/1880240/canvas-horizon-10-x-10-modular-pergola-036babcc-70d8-48f1-b1f2-73666688de06-jpgrendition.jpg?im=whresize&wid=200&hei=200,https://media-www.canadiantire.ca/product/seasonal-gardening/backyard-living/outdoor-furniture/1880240/canvas-horizon-10-x-10-modular-pergola-036babcc-70d8-48f1-b1f2-73666688de06-jpgrendition.jpg?im=whresize&wid=200&hei=200,,1880240,188-0240-2,Il n’en reste que 2 #188-0240-2,Liquidation◊Exclusivité,50.01,"599,93","1199,99"
169,"Meadowvale, ON","Panier de basketball d'extérieur fixe Spalding U-TURN, 60 po","Panier de basketball d'extérieur fixe Spalding U-TURN, 60 po",499.93,"499,93 $",999.99,"Était±  999,99 $prix était 999,99 $",499.93,"499,93 $",499.93,"499,93 $",true,https://www.canadiantire.ca/fr/pdp/panier-de-basketball-d-exterieur-fixe-spalding-u-turn-60-po-1840808p.html,https://www.canadiantire.ca/fr/pdp/panier-de-basketball-d-exterieur-fixe-spalding-u-turn-60-po-1840808p.html,https://media-www.canadiantire.ca/product/playing/team-sports-and-golf/sports-equipment-accessories/1840808/spalding-60-glass-in-ground-basketball-system-0694c723-1f02-444a-99e6-83123f28c329-jpgrendition.jpg?im=whresize&wid=200&hei=200,https://media-www.canadiantire.ca/product/playing/team-sports-and-golf/sports-equipment-accessories/1840808/spalding-60-glass-in-ground-basketball-system-0694c723-1f02-444a-99e6-83123f28c329-jpgrendition.jpg?im=whresize&wid=200&hei=200,,1840808,184-0808-2,Il n’en reste que 1 #184-0808-2,Liquidation◊Articles à succès,50.01,"499,93","999,99"
169,"Meadowvale, ON",Ensemble d'accessoires pour chariot Woods avec support à glacière pliable et filet,Ensemble d'accessoires pour chariot Woods avec support à glacière pliable et filet,34.93,"34,93 $",69.99,"Était±  69,99 $prix était 69,99 $",34.93,"34,93 $",34.93,"34,93 $",true,https://www.canadiantire.ca/fr/pdp/ensemble-d-accessoires-pour-chariot-woods-avec-support-a-glaciere-pliable-et-filet-0766822p.html,https://www.canadiantire.ca/fr/pdp/ensemble-d-accessoires-pour-chariot-woods-avec-support-a-glaciere-pliable-et-filet-0766822p.html,https://media-www.canadiantire.ca/product/playing/camping/camping-furniture/0766822/wds-wagon-acc-kit-e987721d-a395-4f7b-b807-bea9668847cf-jpgrendition.jpg?im=whresize&wid=200&hei=200,https://media-www.canadiantire.ca/product/playing/camping/camping-furniture/0766822/wds-wagon-acc-kit-e987721d-a395-4f7b-b807-bea9668847cf-jpgrendition.jpg?im=whresize&wid=200&hei=200,,0766822,076-6822-8,Il n’en reste que 2 #076-6822-8,Liquidation◊Mieux notés,50.09,"34,93","69,99"
169,"Meadowvale, ON","Foyer multimédia CANVAS Alma, 72 po","Foyer multimédia CANVAS Alma, 72 po",299.95,"299,95 $",729.99,"Était±  729,99 $prix était 729,99 $",299.95,"299,95 $",299.95,"299,95 $",true,https://www.canadiantire.ca/fr/pdp/foyer-multimedia-canvas-alma-72-po-0644023p.html,https://www.canadiantire.ca/fr/pdp/foyer-multimedia-canvas-alma-72-po-0644023p.html,https://media-www.canadiantire.ca/product/living/home-decor/electric-fireplaces/0644023/canvas-72-alma-media-fireplace-e628d1ac-401e-49a3-9433-090b81178264-jpgrendition.jpg?im=whresize&wid=200&hei=200,https://media-www.canadiantire.ca/product/living/home-decor/electric-fireplaces/0644023/canvas-72-alma-media-fireplace-e628d1ac-401e-49a3-9433-090b81178264-jpgrendition.jpg?im=whresize&wid=200&hei=200,,0644023,064-4023-0,18 En Stock#064-4023-0,Liquidation◊Mieux notés,58.91,"299,95","729,99"
169,"Meadowvale, ON","Île flottante gonflable licorne pour fête avec glacière pour 5 personnes, arc-en-ciel","Île flottante gonflable licorne pour fête avec glacière pour 5 personnes, arc-en-ciel",99.93,"99,93 $",199.99,"Était±  199,99 $prix était 199,99 $",99.93,"99,93 $",99.93,"99,93 $",true,https://www.canadiantire.ca/fr/pdp/ile-flottante-gonflable-licorne-pour-fete-avec-glaciere-pour-5-personnes-arc-en-ciel-0797173p.html,https://www.canadiantire.ca/fr/pdp/ile-flottante-gonflable-licorne-pour-fete-avec-glaciere-pour-5-personnes-arc-en-ciel-0797173p.html,https://media-www.canadiantire.ca/product/playing/seasonal-recreation/marine-water-fun/0797173/unicorn-party-island-eb79d32c-2fc2-4265-a0bc-d9ad9f490225-jpgrendition.jpg?im=whresize&wid=200&hei=200,https://media-www.canadiantire.ca/product/playing/seasonal-recreation/marine-water-fun/0797173/unicorn-party-island-eb79d32c-2fc2-4265-a0bc-d9ad9f490225-jpgrendition.jpg?im=whresize&wid=200&hei=200,,0797173,079-7173-0,Il n’en reste que 1 #079-7173-0,Liquidation◊Exclusivité,50.03,"99,93","199,99"
169,"Meadowvale, ON","Bureau d'écriture à 2 tiroirs Sauder County Line, fini chêne salé","Bureau d'écriture à 2 tiroirs Sauder County Line, fini chêne salé",139.93,"139,93 $",279.99,"Était±  279,99 $prix était 279,99 $",139.93,"139,93 $",139.93,"139,93 $",true,https://www.canadiantire.ca/fr/pdp/bureau-d-ecriture-a-2-tiroirs-sauder-county-line-fini-chene-sale-0687567p.html,https://www.canadiantire.ca/fr/pdp/bureau-d-ecriture-a-2-tiroirs-sauder-county-line-fini-chene-sale-0687567p.html,https://media-www.canadiantire.ca/product/living/home-decor/furniture/0687567/sauder-county-line-writing-desk-af7848e1-0bc1-49cf-8b41-1897f059410b-jpgrendition.jpg?im=whresize&wid=200&hei=200,https://media-www.canadiantire.ca/product/living/home-decor/furniture/0687567/sauder-county-line-writing-desk-af7848e1-0bc1-49cf-8b41-1897f059410b-jpgrendition.jpg?im=whresize&wid=200&hei=200,,0687567,068-7567-0,Il n’en reste que 3 #068-7567-0,Liquidation◊Articles à succès,50.02,"139,93","279,99"
169,"Meadowvale, ON","Système d'organisation latéral de la lessive Type A Linear, blanc","Système d'organisation latéral de la lessive Type A Linear, blanc",34.93,"34,93 $",99.99,"Était±  99,99 $prix était 99,99 $",34.93,"34,93 $",34.93,"34,93 $",true,https://www.canadiantire.ca/fr/pdp/systeme-d-organisation-lateral-de-la-lessive-type-a-linear-blanc-2420004p.html,https://www.canadiantire.ca/fr/pdp/systeme-d-organisation-lateral-de-la-lessive-type-a-linear-blanc-2420004p.html,https://media-www.canadiantire.ca/product/living/home-organization/laundry/2420004/type-a-side-unit-laundry-organization-system-44db3078-e2d8-4d52-bd8b-2f44f616a61e-jpgrendition.jpg?im=whresize&wid=200&hei=200,https://media-www.canadiantire.ca/product/living/home-organization/laundry/2420004/type-a-side-unit-laundry-organization-system-44db3078-e2d8-4d52-bd8b-2f44f616a61e-jpgrendition.jpg?im=whresize&wid=200&hei=200,,2420004,242-0004-6,Il n’en reste que 1 #242-0004-6,Liquidation◊Mieux notés,65.07,"34,93","99,99"
169,"Meadowvale, ON",Bâton de marche rabattable à bouton-poussoir réglable Woods ADAPT en aluminium pour la marche et la randonnée,Bâton de marche rabattable à bouton-poussoir réglable Woods ADAPT en aluminium pour la marche et la randonnée,44.93,"44,93 $",94.99,"Était±  94,99 $prix était 94,99 $",44.93,"44,93 $",44.93,"44,93 $",true,https://www.canadiantire.ca/fr/pdp/baton-de-marche-rabattable-a-bouton-poussoir-reglable-woods-adapt-en-aluminium-pour-la-marche-et-la-randonnee-0766429p.html,https://www.canadiantire.ca/fr/pdp/baton-de-marche-rabattable-a-bouton-poussoir-reglable-woods-adapt-en-aluminium-pour-la-marche-et-la-randonnee-0766429p.html,https://media-www.canadiantire.ca/product/playing/camping/camping-furniture/0766409/woods-o-hara-camp-pad-f9a605c6-5ea4-4c2f-9ac6-194932d14c12-jpgrendition.jpg?im=whresize&wid=200&hei=200,https://media-www.canadiantire.ca/product/playing/camping/camping-furniture/0766409/woods-o-hara-camp-pad-f9a605c6-5ea4-4c2f-9ac6-194932d14c12-jpgrendition.jpg?im=whresize&wid=200&hei=200,,0766429,076-6429-6,Il n’en reste que 2 #076-6429-6,Liquidation◊Mieux notés,52.7,"44,93","94,99"
169,"Meadowvale, ON","Table à dîner d'extérieur/de terrasse CANVAS Belwood en aluminium antirouille, taupe","Table à dîner d'extérieur/de terrasse CANVAS Belwood en aluminium antirouille, taupe",349.93,"349,93 $",699.99,"Était±  699,99 $prix était 699,99 $",349.93,"349,93 $",349.93,"349,93 $",true,https://www.canadiantire.ca/fr/pdp/table-a-diner-d-exterieur-de-terrasse-canvas-belwood-en-aluminium-antirouille-taupe-0880540p.html,https://www.canadiantire.ca/fr/pdp/table-a-diner-d-exterieur-de-terrasse-canvas-belwood-en-aluminium-antirouille-taupe-0880540p.html,https://media-www.canadiantire.ca/product/seasonal-gardening/backyard-living/outdoor-furniture/0880540/canvas-belwood-aluminum-dining-table-51623381-11b1-4422-982a-0dbd26892b1c.png?im=whresize&wid=200&hei=200,https://media-www.canadiantire.ca/product/seasonal-gardening/backyard-living/outdoor-furniture/0880540/canvas-belwood-aluminum-dining-table-51623381-11b1-4422-982a-0dbd26892b1c.png?im=whresize&wid=200&hei=200,,0880540,088-0540-6,Il n’en reste que 1 #088-0540-6,Liquidation◊Exclusivité,50.01,"349,93","699,99"
169,"Meadowvale, ON","Kayak gonflable Outbound, 9 pi","Kayak gonflable Outbound, 9 pi",99.93,"99,93 $",199.99,"Était±  199,99 $prix était 199,99 $",99.93,"99,93 $",99.93,"99,93 $",true,https://www.canadiantire.ca/fr/pdp/kayak-gonflable-outbound-9-pi-0792045p.html,https://www.canadiantire.ca/fr/pdp/kayak-gonflable-outbound-9-pi-0792045p.html,https://media-www.canadiantire.ca/product/playing/seasonal-recreation/marine-water-fun/0792045/outbound-inflatable-kayak-9ft-e6bdc295-09da-450f-add0-782c898e2b7e-jpgrendition.jpg?im=whresize&wid=200&hei=200,https://media-www.canadiantire.ca/product/playing/seasonal-recreation/marine-water-fun/0792045/outbound-inflatable-kayak-9ft-e6bdc295-09da-450f-add0-782c898e2b7e-jpgrendition.jpg?im=whresize&wid=200&hei=200,,0792045,079-2045-6,Il n’en reste que 1 #079-2045-6,Liquidation◊Exclusivité,50.03,"99,93","199,99"
169,"Meadowvale, ON",Aspirateur de déchets secs/humides compact 3-en-1 Simoniz PWR POD avec tuyau et accessoires,Aspirateur de déchets secs/humides compact 3-en-1 Simoniz PWR POD avec tuyau et accessoires,90.93,"90,93 $",189.99,"Était±  189,99 $prix était 189,99 $",90.93,"90,93 $",90.93,"90,93 $",true,https://www.canadiantire.ca/fr/pdp/aspirateur-de-dechets-secs-humides-compact-3-en-1-simoniz-pwr-pod-avec-tuyau-et-accessoires-0398256p.html,https://www.canadiantire.ca/fr/pdp/aspirateur-de-dechets-secs-humides-compact-3-en-1-simoniz-pwr-pod-avec-tuyau-et-accessoires-0398256p.html,https://media-www.canadiantire.ca/product/automotive/car-care-accessories/auto-cleaning-tools/0398256/simoniz-pwr-pod-wet-dry-vac-5f04eace-45c9-4895-9e3d-774df8898131-jpgrendition.jpg?im=whresize&wid=200&hei=200,https://media-www.canadiantire.ca/product/automotive/car-care-accessories/auto-cleaning-tools/0398256/simoniz-pwr-pod-wet-dry-vac-5f04eace-45c9-4895-9e3d-774df8898131-jpgrendition.jpg?im=whresize&wid=200&hei=200,,0398256,039-8256-4,Il n’en reste que 3 #039-8256-4,Liquidation◊Exclusivité,52.14,"90,93","189,99"
169,"Meadowvale, ON","Pantalon Huntshield Sutton No Fly Zone, hommes, gris","Pantalon Huntshield Sutton No Fly Zone, hommes, gris",29.93,"29,93 $",69.99,"69,99 $Était   et+ prix était à partir de 69,99 $",29.93,"29,93 $",29.93,"29,93 $",true,https://www.canadiantire.ca/fr/pdp/pantalon-huntshield-sutton-no-fly-zone-hommes-gris-3751415p.html,https://www.canadiantire.ca/fr/pdp/pantalon-huntshield-sutton-no-fly-zone-hommes-gris-3751415p.html,https://media-www.canadiantire.ca/product/playing/hunting/hunting-apparel-footwear/3751415/mens-sutton-no-fly-zone-pants-m-grey-d6d714cf-1a68-4dfd-a8d1-674b83deb7b6-jpgrendition.jpg?im=whresize&wid=200&hei=200,https://media-www.canadiantire.ca/product/playing/hunting/hunting-apparel-footwear/3751415/mens-sutton-no-fly-zone-pants-m-grey-d6d714cf-1a68-4dfd-a8d1-674b83deb7b6-jpgrendition.jpg?im=whresize&wid=200&hei=200,,3751415,375-1415,Vérifiez la disponibilité#375-1415X,Liquidation◊Mieux notés,57.24,"29,93","69,99"
169,"Meadowvale, ON",Unité de rangement empilable For Living,Unité de rangement empilable For Living,89.93,"89,93 $",179.99,"Était±  179,99 $prix était 179,99 $",89.93,"89,93 $",89.93,"89,93 $",true,https://www.canadiantire.ca/fr/pdp/unite-de-rangement-empilable-for-living-1680172p.html,https://www.canadiantire.ca/fr/pdp/unite-de-rangement-empilable-for-living-1680172p.html,https://media-www.canadiantire.ca/product/living/home-decor/furniture/1680172/for-living-stackable-storage-organizer-eeaf3bcf-5313-4834-af8f-0f80d959dc76-jpgrendition.jpg?im=whresize&wid=200&hei=200,https://media-www.canadiantire.ca/product/living/home-decor/furniture/1680172/for-living-stackable-storage-organizer-eeaf3bcf-5313-4834-af8f-0f80d959dc76-jpgrendition.jpg?im=whresize&wid=200&hei=200,,1680172,168-0172-2,Il n’en reste que 2 #168-0172-2,Liquidation◊Mieux notés,50.04,"89,93","179,99"
169,"Meadowvale, ON","Bouée tractable gonflable pour 2 passagers pompes à air thème de vélo Connelly Nitro 2, jaune","Bouée tractable gonflable pour 2 passagers pompes à air thème de vélo Connelly Nitro 2, jaune",161.93,"161,93 $",449.99,"Était±  449,99 $prix était 449,99 $",161.93,"161,93 $",161.93,"161,93 $",true,https://www.canadiantire.ca/fr/pdp/bouee-tractable-gonflable-pour-2-passagers-pompes-a-air-theme-de-velo-connelly-nitro-2-jaune-0797186p.html,https://www.canadiantire.ca/fr/pdp/bouee-tractable-gonflable-pour-2-passagers-pompes-a-air-theme-de-velo-connelly-nitro-2-jaune-0797186p.html,https://media-www.canadiantire.ca/product/playing/seasonal-recreation/marine-water-fun/0797186/connelly-nitro-2-towable-1a419695-d312-4c70-9a54-b3fc16752502-jpgrendition.jpg?im=whresize&wid=200&hei=200,https://media-www.canadiantire.ca/product/playing/seasonal-recreation/marine-water-fun/0797186/connelly-nitro-2-towable-1a419695-d312-4c70-9a54-b3fc16752502-jpgrendition.jpg?im=whresize&wid=200&hei=200,,0797186,079-7186-0,Il n’en reste que 1 #079-7186-0,Liquidation◊,64.01,"161,93","449,99"
169,"Meadowvale, ON","Armoire de salle de bains For Living Ladder, blanc","Armoire de salle de bains For Living Ladder, blanc",89.93,"89,93 $",184.99,"Était±  184,99 $prix était 184,99 $",89.93,"89,93 $",89.93,"89,93 $",true,https://www.canadiantire.ca/fr/pdp/armoire-de-salle-de-bains-for-living-ladder-blanc-1680133p.html,https://www.canadiantire.ca/fr/pdp/armoire-de-salle-de-bains-for-living-ladder-blanc-1680133p.html,https://media-www.canadiantire.ca/product/living/home-decor/furniture/1680133/for-living-ladder-bathroom-space-saver-a72e0b0e-3a99-49ca-9b93-5c68dc6c9527-jpgrendition.jpg?im=whresize&wid=200&hei=200,https://media-www.canadiantire.ca/product/living/home-decor/furniture/1680133/for-living-ladder-bathroom-space-saver-a72e0b0e-3a99-49ca-9b93-5c68dc6c9527-jpgrendition.jpg?im=whresize&wid=200&hei=200,,1680133,168-0133-6,Il n’en reste que 3 #168-0133-6,Liquidation◊Mieux notés,51.39,"89,93","184,99"
169,"Meadowvale, ON","Trampoline d'extérieur bleu Plum Springsafe avec filet de sécurité et couvercle, 8 pi, 6 ans et plus","Trampoline d'extérieur bleu Plum Springsafe avec filet de sécurité et couvercle, 8 pi, 6 ans et plus",224.93,"224,93 $",499.99,"Était±  499,99 $prix était 499,99 $",224.93,"224,93 $",224.93,"224,93 $",true,https://www.canadiantire.ca/fr/pdp/trampoline-d-exterieur-bleu-plum-springsafe-avec-filet-de-securite-et-couvercle-8-pi-6-ans-et-plus-1841346p.html,https://www.canadiantire.ca/fr/pdp/trampoline-d-exterieur-bleu-plum-springsafe-avec-filet-de-securite-et-couvercle-8-pi-6-ans-et-plus-1841346p.html,https://media-www.canadiantire.ca/product/seasonal-gardening/backyard-fun/backyard-amusement/1841346/plum-8ft-springsafe-colour-trampoline-d00a00d8-d52c-4283-b7e0-fb4a1877f6ee-jpgrendition.jpg?im=whresize&wid=200&hei=200,https://media-www.canadiantire.ca/product/seasonal-gardening/backyard-fun/backyard-amusement/1841346/plum-8ft-springsafe-colour-trampoline-d00a00d8-d52c-4283-b7e0-fb4a1877f6ee-jpgrendition.jpg?im=whresize&wid=200&hei=200,,1841346,184-1346-4,Il n’en reste que 1 #184-1346-4,Liquidation◊Exclusivité,55.01,"224,93","499,99"
169,"Meadowvale, ON","Raboteuse MAXIMUM, 13 po","Raboteuse MAXIMUM, 13 po",349.93,"349,93 $",729.99,"Était±  729,99 $prix était 729,99 $",349.93,"349,93 $",349.93,"349,93 $",true,https://www.canadiantire.ca/fr/pdp/raboteuse-maximum-13-po-0556971p.html,https://www.canadiantire.ca/fr/pdp/raboteuse-maximum-13-po-0556971p.html,https://media-www.canadiantire.ca/product/fixing/tools/stationary-tools/0556971/maximum-13-planer-with-stand-5293d4dd-ad69-44ae-8e0c-58294ed90772-jpgrendition.jpg?im=whresize&wid=200&hei=200,https://media-www.canadiantire.ca/product/fixing/tools/stationary-tools/0556971/maximum-13-planer-with-stand-5293d4dd-ad69-44ae-8e0c-58294ed90772-jpgrendition.jpg?im=whresize&wid=200&hei=200,,0556971,055-6971-2,Il n’en reste que 2 #055-6971-2,Liquidation◊Exclusivité,52.06,"349,93","729,99"
169,"Meadowvale, ON",Aspirateur-robot Dyson 360 Vis Nav,Aspirateur-robot Dyson 360 Vis Nav,699.93,"699,93 $",1499.99,"Était±  1 499,99 $prix était 1 499,99 $",699.93,"699,93 $",699.93,"699,93 $",true,https://www.canadiantire.ca/fr/pdp/aspirateur-robot-dyson-360-vis-nav-0437202p.html,https://www.canadiantire.ca/fr/pdp/aspirateur-robot-dyson-360-vis-nav-0437202p.html,https://media-www.canadiantire.ca/product/living/cleaning/vacuums-and-floorcare/0437202/dyson-robotic-vacuum-ae9118d1-c36f-4a53-bf4c-f53ae74b87d4-jpgrendition.jpg?im=whresize&wid=200&hei=200,https://media-www.canadiantire.ca/product/living/cleaning/vacuums-and-floorcare/0437202/dyson-robotic-vacuum-ae9118d1-c36f-4a53-bf4c-f53ae74b87d4-jpgrendition.jpg?im=whresize&wid=200&hei=200,,0437202,043-7202-6,Il n’en reste que 1 #043-7202-6,Liquidation◊,53.34,"699,93","1499,99"
169,"Meadowvale, ON","Combinaison isotherme en néoprène pour femmes Outbound, noir, tailles variées","Combinaison isotherme en néoprène pour femmes Outbound, noir, tailles variées",19.93,"19,93 $",49.99,"49,99 $Était   et+ prix était à partir de 49,99 $",19.93,"19,93 $",19.93,"19,93 $",true,https://www.canadiantire.ca/fr/pdp/combinaison-isotherme-en-neoprene-pour-femmes-outbound-noir-tailles-variees-0792220p.html,https://www.canadiantire.ca/fr/pdp/combinaison-isotherme-en-neoprene-pour-femmes-outbound-noir-tailles-variees-0792220p.html,https://media-www.canadiantire.ca/product/playing/seasonal-recreation/marine-water-fun/0792220/outbound-women-s-wetsuit-small-5e7a7f6a-36e8-4a00-a830-8864192bfe8e-jpgrendition.jpg?im=whresize&wid=200&hei=200,https://media-www.canadiantire.ca/product/playing/seasonal-recreation/marine-water-fun/0792220/outbound-women-s-wetsuit-small-5e7a7f6a-36e8-4a00-a830-8864192bfe8e-jpgrendition.jpg?im=whresize&wid=200&hei=200,,0792220,079-2220,Vérifiez la disponibilité#079-2220X,Liquidation◊Mieux notés,60.13,"19,93","49,99"
169,"Meadowvale, ON","Table basse d'extérieur/de jardin CANVAS Hunter Circle, brun","Table basse d'extérieur/de jardin CANVAS Hunter Circle, brun",119.93,"119,93 $",279.99,"Était±  279,99 $prix était 279,99 $",119.93,"119,93 $",119.93,"119,93 $",true,https://www.canadiantire.ca/fr/pdp/table-basse-d-exterieur-de-jardin-canvas-hunter-circle-brun-1880276p.html,https://www.canadiantire.ca/fr/pdp/table-basse-d-exterieur-de-jardin-canvas-hunter-circle-brun-1880276p.html,https://media-www.canadiantire.ca/product/seasonal-gardening/backyard-living/outdoor-furniture/1880276/canvas-hunter-coffee-table-491473be-72a0-4025-be82-acb6220fc9a0-jpgrendition.jpg?im=whresize&wid=200&hei=200,https://media-www.canadiantire.ca/product/seasonal-gardening/backyard-living/outdoor-furniture/1880276/canvas-hunter-coffee-table-491473be-72a0-4025-be82-acb6220fc9a0-jpgrendition.jpg?im=whresize&wid=200&hei=200,,1880276,188-0276-8,Il n’en reste que 1 #188-0276-8,Liquidation◊Exclusivité,57.17,"119,93","279,99"
169,"Meadowvale, ON",Panneau de mur végétal CANVAS Horizon,Panneau de mur végétal CANVAS Horizon,129.93,"129,93 $",299.99,"Était±  299,99 $prix était 299,99 $",129.93,"129,93 $",129.93,"129,93 $",true,https://www.canadiantire.ca/fr/pdp/panneau-de-mur-vegetal-canvas-horizon-1881323p.html,https://www.canadiantire.ca/fr/pdp/panneau-de-mur-vegetal-canvas-horizon-1881323p.html,https://media-www.canadiantire.ca/product/seasonal-gardening/backyard-living/outdoor-furniture/1881323/canvas-horizon-living-wall-panel-72679b9b-e8c8-474d-a651-97d97c1f1f8b-jpgrendition.jpg?im=whresize&wid=200&hei=200,https://media-www.canadiantire.ca/product/seasonal-gardening/backyard-living/outdoor-furniture/1881323/canvas-horizon-living-wall-panel-72679b9b-e8c8-474d-a651-97d97c1f1f8b-jpgrendition.jpg?im=whresize&wid=200&hei=200,,1881323,188-1323-0,Il n’en reste que 2 #188-1323-0,Liquidation◊Exclusivité,56.69,"129,93","299,99"
169,"Meadowvale, ON","Contenants en plastique étanche pour aliments LockNLock Easy Match de Starfrit avec couvercle hermétique à pinces, paq. 14","Contenants en plastique étanche pour aliments LockNLock Easy Match de Starfrit avec couvercle hermétique à pinces, paq. 14",19.93,"19,93 $",39.99,"Était±  39,99 $prix était 39,99 $",19.93,"19,93 $",19.93,"19,93 $",true,https://www.canadiantire.ca/fr/pdp/contenants-en-plastique-etanche-pour-aliments-locknlock-easy-match-de-starfrit-avec-couvercle-hermetique-a-pinces-paq-14-2423480p.html,https://www.canadiantire.ca/fr/pdp/contenants-en-plastique-etanche-pour-aliments-locknlock-easy-match-de-starfrit-avec-couvercle-hermetique-a-pinces-paq-14-2423480p.html,https://media-www.canadiantire.ca/product/living/kitchen/food-storage/2423480/starfrit-14-pc-lock-n-lock-easy-match-container-set-ca658e8c-efda-41dc-a2a5-32cad248106a-jpgrendition.jpg?im=whresize&wid=200&hei=200,https://media-www.canadiantire.ca/product/living/kitchen/food-storage/2423480/starfrit-14-pc-lock-n-lock-easy-match-container-set-ca658e8c-efda-41dc-a2a5-32cad248106a-jpgrendition.jpg?im=whresize&wid=200&hei=200,,2423480,242-3480-2,Il n’en reste que 1 #242-3480-2,Liquidation◊,50.16,"19,93","39,99"
169,"Meadowvale, ON","Four et friteuse à air à convection compact 7-en-1 Instant PotMD Vortex Plus, acier inoxydable, 10 pintes","Four et friteuse à air à convection compact 7-en-1 Instant PotMD Vortex Plus, acier inoxydable, 10 pintes",99.93,"99,93 $",199.99,"Était±  199,99 $prix était 199,99 $",99.93,"99,93 $",99.93,"99,93 $",true,https://www.canadiantire.ca/fr/pdp/four-et-friteuse-a-air-a-convection-compact-7-en-1-instant-potmd-vortex-plus-acier-inoxydable-10-pintes-0437055p.html,https://www.canadiantire.ca/fr/pdp/four-et-friteuse-a-air-a-convection-compact-7-en-1-instant-potmd-vortex-plus-acier-inoxydable-10-pintes-0437055p.html,https://media-www.canadiantire.ca/product/living/kitchen/kitchen-appliances/0437055/instant-pot-10-quart-vortex-plus-air-fryer-oven-5881fff5-12fc-4aba-997c-bab71c78cc74-jpgrendition.jpg?im=whresize&wid=200&hei=200,https://media-www.canadiantire.ca/product/living/kitchen/kitchen-appliances/0437055/instant-pot-10-quart-vortex-plus-air-fryer-oven-5881fff5-12fc-4aba-997c-bab71c78cc74-jpgrendition.jpg?im=whresize&wid=200&hei=200,,0437055,043-7055-6,Il n’en reste que 1 #043-7055-6,Liquidation◊Mieux notés,50.03,"99,93","199,99"
169,"Meadowvale, ON","Meuble-lavabo simple Canvas Danville à 1 porte, dessus en pierre, 24 po, chêne doré","Meuble-lavabo simple Canvas Danville à 1 porte, dessus en pierre, 24 po, chêne doré",199.93,"199,93 $",399.99,"Était±  399,99 $prix était 399,99 $",199.93,"199,93 $",199.93,"199,93 $",true,https://www.canadiantire.ca/fr/pdp/meuble-lavabo-simple-canvas-danville-a-1-porte-dessus-en-pierre-24-po-chene-dore-0636377p.html,https://www.canadiantire.ca/fr/pdp/meuble-lavabo-simple-canvas-danville-a-1-porte-dessus-en-pierre-24-po-chene-dore-0636377p.html,https://media-www.canadiantire.ca/product/fixing/plumbing/faucets-fixtures/0636377/canvas-24a-danville-1-door-honey-oak-8e9fcc76-daab-459d-ae81-1bc4f7161516.png?im=whresize&wid=200&hei=200,https://media-www.canadiantire.ca/product/fixing/plumbing/faucets-fixtures/0636377/canvas-24a-danville-1-door-honey-oak-8e9fcc76-daab-459d-ae81-1bc4f7161516.png?im=whresize&wid=200&hei=200,,0636377,063-6377-8,Il n’en reste que 1 #063-6377-8,Liquidation◊Mieux notés,50.02,"199,93","399,99"
169,"Meadowvale, ON","Robinet de lavabo de salle de bains central Danze Reeve à poignée unique et à tirette de vidage, trou unique, 4 po, chrome","Robinet de lavabo de salle de bains central Danze Reeve à poignée unique et à tirette de vidage, trou unique, 4 po, chrome",79.93,"79,93 $",169.99,"Était±  169,99 $prix était 169,99 $",79.93,"79,93 $",79.93,"79,93 $",true,https://www.canadiantire.ca/fr/pdp/robinet-de-lavabo-de-salle-de-bains-central-danze-reeve-a-poignee-unique-et-a-tirette-de-vidage-trou-unique-4-po-chrome-0639934p.html,https://www.canadiantire.ca/fr/pdp/robinet-de-lavabo-de-salle-de-bains-central-danze-reeve-a-poignee-unique-et-a-tirette-de-vidage-trou-unique-4-po-chrome-0639934p.html,https://media-www.canadiantire.ca/product/fixing/plumbing/faucets-fixtures/0639934/danze-reeve-bathroom-faucet-chrome-abe59922-c4d5-4469-8ec1-acde89cb51f7-jpgrendition.jpg?im=whresize&wid=200&hei=200,https://media-www.canadiantire.ca/product/fixing/plumbing/faucets-fixtures/0639934/danze-reeve-bathroom-faucet-chrome-abe59922-c4d5-4469-8ec1-acde89cb51f7-jpgrendition.jpg?im=whresize&wid=200&hei=200,,0639934,063-9934-4,Il n’en reste que 3 #063-9934-4,Liquidation◊Mieux notés,52.98,"79,93","169,99"
169,"Meadowvale, ON","Chaise à dîner CANVAS Windsor, blanc","Chaise à dîner CANVAS Windsor, blanc",84.93,"84,93 $",169.99,"Était±  169,99 $prix était 169,99 $",84.93,"84,93 $",84.93,"84,93 $",true,https://www.canadiantire.ca/fr/pdp/chaise-a-diner-canvas-windsor-blanc-1680126p.html,https://www.canadiantire.ca/fr/pdp/chaise-a-diner-canvas-windsor-blanc-1680126p.html,https://media-www.canadiantire.ca/product/living/home-decor/furniture/1680126/canvas-windsor-white-dining-chair-308adadd-fff5-4b03-9585-49671be60cca-jpgrendition.jpg?im=whresize&wid=200&hei=200,https://media-www.canadiantire.ca/product/living/home-decor/furniture/1680126/canvas-windsor-white-dining-chair-308adadd-fff5-4b03-9585-49671be60cca-jpgrendition.jpg?im=whresize&wid=200&hei=200,,1680126,168-0126-4,Il n’en reste que 5 #168-0126-4,Liquidation◊Articles à succès,50.04,"84,93","169,99"
169,"Meadowvale, ON","Bouilloire en inox PADERNO pour surface de cuisson, 1,9 L, noir","Bouilloire en inox PADERNO pour surface de cuisson, 1,9 L, noir",49.99,"49,99 $",99.99,"Était±  99,99 $prix était 99,99 $",49.99,"49,99 $",49.99,"49,99 $",true,https://www.canadiantire.ca/fr/pdp/bouilloire-en-inox-paderno-pour-surface-de-cuisson-1-9-l-noir-1424934p.html,https://www.canadiantire.ca/fr/pdp/bouilloire-en-inox-paderno-pour-surface-de-cuisson-1-9-l-noir-1424934p.html,https://media-www.canadiantire.ca/product/living/kitchen/dining-and-entertaining/1424894/paderno-polished-stainless-steel-stovetop-kettle-59e69217-5bd7-477c-9a3a-44a5f279d597-jpgrendition.jpg?im=whresize&wid=200&hei=200,https://media-www.canadiantire.ca/product/living/kitchen/dining-and-entertaining/1424894/paderno-polished-stainless-steel-stovetop-kettle-59e69217-5bd7-477c-9a3a-44a5f279d597-jpgrendition.jpg?im=whresize&wid=200&hei=200,,1424934,142-4934-6,Il n’en reste que 3 #142-4934-6,Liquidation◊Mieux notés,50.01,"49,99","99,99"
169,"Meadowvale, ON","Bâton lumineux/lampe de sécurité étanche Outbound, 12 heures, pour le camping, la randonnée et le bateau, paq. 8","Bâton lumineux/lampe de sécurité étanche Outbound, 12 heures, pour le camping, la randonnée et le bateau, paq. 8",5.99,"5,99 $",11.99,"Était±  11,99 $prix était 11,99 $",5.99,"5,99 $",5.99,"5,99 $",true,https://www.canadiantire.ca/fr/pdp/baton-lumineux-lampe-de-securite-etanche-outbound-12-heures-pour-le-camping-la-randonnee-et-le-bateau-paq-8-0765649p.html,https://www.canadiantire.ca/fr/pdp/baton-lumineux-lampe-de-securite-etanche-outbound-12-heures-pour-le-camping-la-randonnee-et-le-bateau-paq-8-0765649p.html,https://media-www.canadiantire.ca/product/playing/camping/camping-accessories/0765649/outbound-glow-sticks-69cd1ed2-f0a4-4ea3-85e9-4b204b01518b-jpgrendition.jpg?im=whresize&wid=200&hei=200,https://media-www.canadiantire.ca/product/playing/camping/camping-accessories/0765649/outbound-glow-sticks-69cd1ed2-f0a4-4ea3-85e9-4b204b01518b-jpgrendition.jpg?im=whresize&wid=200&hei=200,,0765649,076-5649-8,Il n’en reste que 4 #076-5649-8,Liquidation◊Exclusivité,50.04,"5,99","11,99"
169,"Meadowvale, ON","Support sécuritaire robuste pour climatiseur de fenêtre, réglable, acier","Support sécuritaire robuste pour climatiseur de fenêtre, réglable, acier",34.93,"34,93 $",84.99,"Était±  84,99 $prix était 84,99 $",34.93,"34,93 $",34.93,"34,93 $",true,https://www.canadiantire.ca/fr/pdp/support-securitaire-robuste-pour-climatiseur-de-fenetre-reglable-acier-0438290p.html,https://www.canadiantire.ca/fr/pdp/support-securitaire-robuste-pour-climatiseur-de-fenetre-reglable-acier-0438290p.html,https://media-www.canadiantire.ca/product/fixing/home-environment/summer-climate-control/0438290/no-tools-needed-ac-bracket-4f164477-1035-4bc9-b938-ea8aee6e4a2f-jpgrendition.jpg?im=whresize&wid=200&hei=200,https://media-www.canadiantire.ca/product/fixing/home-environment/summer-climate-control/0438290/no-tools-needed-ac-bracket-4f164477-1035-4bc9-b938-ea8aee6e4a2f-jpgrendition.jpg?im=whresize&wid=200&hei=200,,0438290,043-8290-8,Il n’en reste que 1 #043-8290-8,Liquidation◊,58.9,"34,93","84,99"
169,"Meadowvale, ON",Ensemble de rôtisserie robuste Vida by PADERNOMC,Ensemble de rôtisserie robuste Vida by PADERNOMC,44.93,"44,93 $",94.99,"Était±  94,99 $prix était 94,99 $",44.93,"44,93 $",44.93,"44,93 $",true,https://www.canadiantire.ca/fr/pdp/ensemble-de-rotisserie-robuste-vida-by-padernomc-0850011p.html,https://www.canadiantire.ca/fr/pdp/ensemble-de-rotisserie-robuste-vida-by-padernomc-0850011p.html,https://media-www.canadiantire.ca/product/seasonal-gardening/backyard-living/outdoor-cooking-accessories/0850011/vida-rotisserie-kit-fe7718b3-3b94-4026-a549-37b352656333-jpgrendition.jpg?im=whresize&wid=200&hei=200,https://media-www.canadiantire.ca/product/seasonal-gardening/backyard-living/outdoor-cooking-accessories/0850011/vida-rotisserie-kit-fe7718b3-3b94-4026-a549-37b352656333-jpgrendition.jpg?im=whresize&wid=200&hei=200,,0850011,085-0011-2,Il n’en reste que 6 #085-0011-2,Liquidation◊Exclusivité,52.7,"44,93","94,99"
169,"Meadowvale, ON",MASTER Chef Spiedini - Barbecue portatif au charbon de bois,MASTER Chef Spiedini - Barbecue portatif au charbon de bois,74.93,"74,93 $",149.99,"Était±  149,99 $prix était 149,99 $",74.93,"74,93 $",74.93,"74,93 $",true,https://www.canadiantire.ca/fr/pdp/master-chef-spiedini-barbecue-portatif-au-charbon-de-bois-0853192p.html,https://www.canadiantire.ca/fr/pdp/master-chef-spiedini-barbecue-portatif-au-charbon-de-bois-0853192p.html,https://media-www.canadiantire.ca/product/seasonal-gardening/backyard-living/outdoor-cooking/0853192/master-chef-spiedini-portable-charcoal-grill-78851b6a-dde2-4558-b419-f80aadecf3f0-jpgrendition.jpg?im=whresize&wid=200&hei=200,https://media-www.canadiantire.ca/product/seasonal-gardening/backyard-living/outdoor-cooking/0853192/master-chef-spiedini-portable-charcoal-grill-78851b6a-dde2-4558-b419-f80aadecf3f0-jpgrendition.jpg?im=whresize&wid=200&hei=200,,0853192,085-3192-2,Il n’en reste que 2 #085-3192-2,Liquidation◊Exclusivité,50.04,"74,93","149,99"
169,"Meadowvale, ON",Range-tout empilable For Living,Range-tout empilable For Living,89.93,"89,93 $",179.99,"Était±  179,99 $prix était 179,99 $",89.93,"89,93 $",89.93,"89,93 $",true,https://www.canadiantire.ca/fr/pdp/range-tout-empilable-for-living-1680171p.html,https://www.canadiantire.ca/fr/pdp/range-tout-empilable-for-living-1680171p.html,https://media-www.canadiantire.ca/product/living/home-decor/furniture/1680171/for-living-stackable-catch-all-organizer-528fa338-7bfd-4f61-8c63-72b43047ac32-jpgrendition.jpg?im=whresize&wid=200&hei=200,https://media-www.canadiantire.ca/product/living/home-decor/furniture/1680171/for-living-stackable-catch-all-organizer-528fa338-7bfd-4f61-8c63-72b43047ac32-jpgrendition.jpg?im=whresize&wid=200&hei=200,,1680171,168-0171-4,Il n’en reste que 2 #168-0171-4,Liquidation◊Mieux notés,50.04,"89,93","179,99"
169,"Meadowvale, ON",Carte prépayée d'examen de sécurité nautique au Canada,Carte prépayée d'examen de sécurité nautique au Canada,17.93,"17,93 $",52.99,"Était±  52,99 $prix était 52,99 $",17.93,"17,93 $",17.93,"17,93 $",true,https://www.canadiantire.ca/fr/pdp/carte-prepayee-d-examen-de-securite-nautique-au-canada-0799087p.html,https://www.canadiantire.ca/fr/pdp/carte-prepayee-d-examen-de-securite-nautique-au-canada-0799087p.html,https://media-www.canadiantire.ca/product/playing/seasonal-recreation/marine-power-boating/0799087/canada-boat-safety-pcoc-prepaid-exam-card-9adcfb2a-2f97-40c9-8424-4156c5641413-jpgrendition.jpg?im=whresize&wid=200&hei=200,https://media-www.canadiantire.ca/product/playing/seasonal-recreation/marine-power-boating/0799087/canada-boat-safety-pcoc-prepaid-exam-card-9adcfb2a-2f97-40c9-8424-4156c5641413-jpgrendition.jpg?im=whresize&wid=200&hei=200,,0799087,079-9087-4,Il n’en reste que 4 #079-9087-4,Liquidation◊Mieux notés,66.16,"17,93","52,99"
169,"Meadowvale, ON",Sonnette avec fausse caméra sans fil à piles avec montage en surface Globe,Sonnette avec fausse caméra sans fil à piles avec montage en surface Globe,14.93,"14,93 $",29.99,"Était±  29,99 $prix était 29,99 $",14.93,"14,93 $",14.93,"14,93 $",true,https://www.canadiantire.ca/fr/pdp/sonnette-avec-fausse-camera-sans-fil-a-piles-avec-montage-en-surface-globe-0521746p.html,https://www.canadiantire.ca/fr/pdp/sonnette-avec-fausse-camera-sans-fil-a-piles-avec-montage-en-surface-globe-0521746p.html,https://media-www.canadiantire.ca/product/fixing/hardware/curb-appeal/0521746/camera-doorbell-wireless-c2cf4e47-a4d6-4345-8398-0124dfc073ba-jpgrendition.jpg?im=whresize&wid=200&hei=200,https://media-www.canadiantire.ca/product/fixing/hardware/curb-appeal/0521746/camera-doorbell-wireless-c2cf4e47-a4d6-4345-8398-0124dfc073ba-jpgrendition.jpg?im=whresize&wid=200&hei=200,,0521746,052-1746-6,Il n’en reste que 2 #052-1746-6,Liquidation◊,50.22,"14,93","29,99"
169,"Meadowvale, ON","Miroir mural rond CANVAS Devon, doré, 30 po","Miroir mural rond CANVAS Devon, doré, 30 po",64.93,"64,93 $",129.99,"Était±  129,99 $prix était 129,99 $",64.93,"64,93 $",64.93,"64,93 $",true,https://www.canadiantire.ca/fr/pdp/miroir-mural-rond-canvas-devon-dore-30-po-0681701p.html,https://www.canadiantire.ca/fr/pdp/miroir-mural-rond-canvas-devon-dore-30-po-0681701p.html,https://media-www.canadiantire.ca/product/living/home-decor/decor-accents/0681701/canvas-30-devon-gold-round-mirror-18c23bc9-1315-4abc-87a6-bf1d482ecd11-jpgrendition.jpg?im=whresize&wid=200&hei=200,https://media-www.canadiantire.ca/product/living/home-decor/decor-accents/0681701/canvas-30-devon-gold-round-mirror-18c23bc9-1315-4abc-87a6-bf1d482ecd11-jpgrendition.jpg?im=whresize&wid=200&hei=200,,0681701,068-1701-6,Il n’en reste que 5 #068-1701-6,Liquidation◊Mieux notés,50.05,"64,93","129,99"
169,"Meadowvale, ON",Thermomètre à viande numérique sans fil Vermont Castings,Thermomètre à viande numérique sans fil Vermont Castings,59.93,"59,93 $",119.99,"Était±  119,99 $prix était 119,99 $",59.93,"59,93 $",59.93,"59,93 $",true,https://www.canadiantire.ca/fr/pdp/thermometre-a-viande-numerique-sans-fil-vermont-castings-0853780p.html,https://www.canadiantire.ca/fr/pdp/thermometre-a-viande-numerique-sans-fil-vermont-castings-0853780p.html,https://media-www.canadiantire.ca/product/seasonal-gardening/backyard-living/outdoor-cooking-accessories/0853780/vermont-castings-digital-thermometer-d071313c-23d6-4a8e-9c07-7cef9f0e81fd-jpgrendition.jpg?im=whresize&wid=200&hei=200,https://media-www.canadiantire.ca/product/seasonal-gardening/backyard-living/outdoor-cooking-accessories/0853780/vermont-castings-digital-thermometer-d071313c-23d6-4a8e-9c07-7cef9f0e81fd-jpgrendition.jpg?im=whresize&wid=200&hei=200,,0853780,085-3780-2,Il n’en reste que 1 #085-3780-2,Liquidation◊Exclusivité,50.05,"59,93","119,99"
169,"Meadowvale, ON","Lustre à 4 lampes CANVAS, gris/nickel brossé","Lustre à 4 lampes CANVAS, gris/nickel brossé",29.95,"29,95 $",189.99,"Était±  189,99 $prix était 189,99 $",29.95,"29,95 $",29.95,"29,95 $",true,https://www.canadiantire.ca/fr/pdp/lustre-a-4-lampes-canvas-gris-nickel-brosse-1522688p.html,https://www.canadiantire.ca/fr/pdp/lustre-a-4-lampes-canvas-gris-nickel-brosse-1522688p.html,https://media-www.canadiantire.ca/product/fixing/electrical/lighting/1522688/canvas-4-light-chandelier-grey-brushed-nickel-84b4afd6-a26a-4576-8aed-4370b71718da-jpgrendition.jpg?im=whresize&wid=200&hei=200,https://media-www.canadiantire.ca/product/fixing/electrical/lighting/1522688/canvas-4-light-chandelier-grey-brushed-nickel-84b4afd6-a26a-4576-8aed-4370b71718da-jpgrendition.jpg?im=whresize&wid=200&hei=200,,1522688,152-2688-0,23 En Stock#152-2688-0,Liquidation◊Exclusivité,84.24,"29,95","189,99"
169,"Meadowvale, ON","Applique murale à 1 lampe CANVAS Ambleside, fini en bois, noir mat","Applique murale à 1 lampe CANVAS Ambleside, fini en bois, noir mat",49.93,"49,93 $",99.99,"Était±  99,99 $prix était 99,99 $",49.93,"49,93 $",49.93,"49,93 $",true,https://www.canadiantire.ca/fr/pdp/applique-murale-a-1-lampe-canvas-ambleside-fini-en-bois-noir-mat-1522608p.html,https://www.canadiantire.ca/fr/pdp/applique-murale-a-1-lampe-canvas-ambleside-fini-en-bois-noir-mat-1522608p.html,https://media-www.canadiantire.ca/product/living/home-decor/lighting/1522608/canvas-ambleside-wall-sconce-5f161ca9-8f79-4160-8e68-d82720c0005f-jpgrendition.jpg?im=whresize&wid=200&hei=200,https://media-www.canadiantire.ca/product/living/home-decor/lighting/1522608/canvas-ambleside-wall-sconce-5f161ca9-8f79-4160-8e68-d82720c0005f-jpgrendition.jpg?im=whresize&wid=200&hei=200,,1522608,152-2608-2,Il n’en reste que 2 #152-2608-2,Liquidation◊Exclusivité,50.07,"49,93","99,99"
169,"Meadowvale, ON","Cadre de plaque d'immatriculation Jeep de Cruiser Accessories, noir mat, 9 pièces","Cadre de plaque d'immatriculation Jeep de Cruiser Accessories, noir mat, 9 pièces",13.93,"13,93 $",29.99,"Était±  29,99 $prix était 29,99 $",13.93,"13,93 $",13.93,"13,93 $",true,https://www.canadiantire.ca/fr/pdp/cadre-de-plaque-d-immatriculation-jeep-de-cruiser-accessories-noir-mat-9-pieces-0372927p.html,https://www.canadiantire.ca/fr/pdp/cadre-de-plaque-d-immatriculation-jeep-de-cruiser-accessories-noir-mat-9-pieces-0372927p.html,https://media-www.canadiantire.ca/product/automotive/car-care-accessories/auto-accessories/0372927/cruiser-jeep-matte-black-license-plate-frame-ecbbbbcc-ccde-4a67-9d49-34cacd2c866e-jpgrendition.jpg?im=whresize&wid=200&hei=200,https://media-www.canadiantire.ca/product/automotive/car-care-accessories/auto-accessories/0372927/cruiser-jeep-matte-black-license-plate-frame-ecbbbbcc-ccde-4a67-9d49-34cacd2c866e-jpgrendition.jpg?im=whresize&wid=200&hei=200,,0372927,037-2927-8,Il n’en reste que 6 #037-2927-8,Liquidation◊Mieux notés,53.55,"13,93","29,99"
169,"Meadowvale, ON","Plateau de culture écologique rectangulaire Planter’s Pride, recyclable, 20 po","Plateau de culture écologique rectangulaire Planter’s Pride, recyclable, 20 po",1.43,"1,43 $",2.99,"Était±  2,99 $prix était 2,99 $",1.43,"1,43 $",1.43,"1,43 $",true,https://www.canadiantire.ca/fr/pdp/plateau-de-culture-ecologique-rectangulaire-planter-s-pride-recyclable-20-po-1591252p.html,https://www.canadiantire.ca/fr/pdp/plateau-de-culture-ecologique-rectangulaire-planter-s-pride-recyclable-20-po-1591252p.html,https://media-www.canadiantire.ca/product/seasonal-gardening/gardening/gardening-plant-accessories/1591252/eco-grow-tray-20062a78-f3fd-4014-971b-d52a48b64153-jpgrendition.jpg?im=whresize&wid=200&hei=200,https://media-www.canadiantire.ca/product/seasonal-gardening/gardening/gardening-plant-accessories/1591252/eco-grow-tray-20062a78-f3fd-4014-971b-d52a48b64153-jpgrendition.jpg?im=whresize&wid=200&hei=200,,1591252,159-1252-8,Il n’en reste que 4 #159-1252-8,Liquidation◊,52.17,"1,43","2,99"
169,"Meadowvale, ON","Pot de peinture pliable Handy, 0,5 l, rouge","Pot de peinture pliable Handy, 0,5 l, rouge",4.93,"4,93 $",10.99,"Était±  10,99 $prix était 10,99 $",4.93,"4,93 $",4.93,"4,93 $",true,https://www.canadiantire.ca/fr/pdp/pot-de-peinture-pliable-handy-0-5-l-rouge-0492544p.html,https://www.canadiantire.ca/fr/pdp/pot-de-peinture-pliable-handy-0-5-l-rouge-0492544p.html,https://media-www.canadiantire.ca/product/fixing/paint/paint-accessories/0492544/handy-paint-collapsible-snap-cup-7576f265-9312-439f-9ae6-d8021ebac517-jpgrendition.jpg?im=whresize&wid=200&hei=200,https://media-www.canadiantire.ca/product/fixing/paint/paint-accessories/0492544/handy-paint-collapsible-snap-cup-7576f265-9312-439f-9ae6-d8021ebac517-jpgrendition.jpg?im=whresize&wid=200&hei=200,,0492544,049-2544-0,10 En Stock#049-2544-0,Liquidation◊Mieux notés,55.14,"4,93","10,99"
169,"Meadowvale, ON",Réchaud et gril d'extérieur et de camping Outbound,Réchaud et gril d'extérieur et de camping Outbound,79.93,"79,93 $",199.99,"Était±  199,99 $prix était 199,99 $",79.93,"79,93 $",79.93,"79,93 $",true,https://www.canadiantire.ca/fr/pdp/rechaud-et-gril-d-exterieur-et-de-camping-outbound-0765978p.html,https://www.canadiantire.ca/fr/pdp/rechaud-et-gril-d-exterieur-et-de-camping-outbound-0765978p.html,https://media-www.canadiantire.ca/product/playing/camping/camping-living/0765978/otb-campground-cookout-combo-kit-490538e0-b408-41ca-80bd-6f83421198bc.png?im=whresize&wid=200&hei=200,https://media-www.canadiantire.ca/product/playing/camping/camping-living/0765978/otb-campground-cookout-combo-kit-490538e0-b408-41ca-80bd-6f83421198bc.png?im=whresize&wid=200&hei=200,,0765978,076-5978-4,9 En Stock#076-5978-4,Liquidation◊Mieux notés,60.03,"79,93","199,99"
169,"Meadowvale, ON","Housse de siège Dickies Aqua Block, étanche, noir, paq. 2","Housse de siège Dickies Aqua Block, étanche, noir, paq. 2",29.95,"29,95 $",59.99,"Était±  59,99 $prix était 59,99 $",29.95,"29,95 $",29.95,"29,95 $",true,https://www.canadiantire.ca/fr/pdp/housse-de-siege-dickies-aqua-block-etanche-noir-paq-2-0323597p.html,https://www.canadiantire.ca/fr/pdp/housse-de-siege-dickies-aqua-block-etanche-noir-paq-2-0323597p.html,https://media-www.canadiantire.ca/product/automotive/car-care-accessories/auto-comfort/0323597/dickies-aqua-block-water-resistance-seat-cover-set-2-pk-9d3a5ca9-3094-4244-9542-8a98b3ab0659-jpgrendition.jpg?im=whresize&wid=200&hei=200,https://media-www.canadiantire.ca/product/automotive/car-care-accessories/auto-comfort/0323597/dickies-aqua-block-water-resistance-seat-cover-set-2-pk-9d3a5ca9-3094-4244-9542-8a98b3ab0659-jpgrendition.jpg?im=whresize&wid=200&hei=200,,0323597,032-3597-6,51 En Stock#032-3597-6,Liquidation◊,50.08,"29,95","59,99"
169,"Meadowvale, ON",Câblage plat 4 fils vers 7 voies VR et plat 4 voies Hopkins Towing Solution Multi-Tow,Câblage plat 4 fils vers 7 voies VR et plat 4 voies Hopkins Towing Solution Multi-Tow,26.93,"26,93 $",62.99,"Était±  62,99 $prix était 62,99 $",26.93,"26,93 $",26.93,"26,93 $",true,https://www.canadiantire.ca/fr/pdp/cablage-plat-4-fils-vers-7-voies-vr-et-plat-4-voies-hopkins-towing-solution-multi-tow-0409651p.html,https://www.canadiantire.ca/fr/pdp/cablage-plat-4-fils-vers-7-voies-vr-et-plat-4-voies-hopkins-towing-solution-multi-tow-0409651p.html,https://media-www.canadiantire.ca/product/automotive/automotive-outdoor-adventure/auto-travel-storage/0409651/multi-tow-4-wire-flat-to-7rv-and-4-flat-wiring-kit-4a111ff6-7964-4c0c-97f1-8c70ad9c7f67-jpgrendition.jpg?im=whresize&wid=200&hei=200,https://media-www.canadiantire.ca/product/automotive/automotive-outdoor-adventure/auto-travel-storage/0409651/multi-tow-4-wire-flat-to-7rv-and-4-flat-wiring-kit-4a111ff6-7964-4c0c-97f1-8c70ad9c7f67-jpgrendition.jpg?im=whresize&wid=200&hei=200,,0409651,040-9651-0,Il n’en reste que 1 #040-9651-0,Liquidation◊,57.25,"26,93","62,99"
169,"Meadowvale, ON","Entonnoir de mise en conserve en plastique allant au lave-vaisselle Starfrit, pour bocaux Mason à ouverture standard et large","Entonnoir de mise en conserve en plastique allant au lave-vaisselle Starfrit, pour bocaux Mason à ouverture standard et large",3.93,"3,93 $",8.99,"Était±  8,99 $prix était 8,99 $",3.93,"3,93 $",3.93,"3,93 $",true,https://www.canadiantire.ca/fr/pdp/entonnoir-de-mise-en-conserve-en-plastique-allant-au-lave-vaisselle-starfrit-pour-bocaux-mason-a-ouverture-standard-et-large-1421222p.html,https://www.canadiantire.ca/fr/pdp/entonnoir-de-mise-en-conserve-en-plastique-allant-au-lave-vaisselle-starfrit-pour-bocaux-mason-a-ouverture-standard-et-large-1421222p.html,https://media-www.canadiantire.ca/product/living/kitchen/canning/1421222/canningfunnel-60a65b78-75a1-4a8e-9e9b-f9c942088f89-jpgrendition.jpg?im=whresize&wid=200&hei=200,https://media-www.canadiantire.ca/product/living/kitchen/canning/1421222/canningfunnel-60a65b78-75a1-4a8e-9e9b-f9c942088f89-jpgrendition.jpg?im=whresize&wid=200&hei=200,,1421222,142-1222-8,Il n’en reste que 2 #142-1222-8,Liquidation◊Mieux notés,56.28,"3,93","8,99"
169,"Meadowvale, ON","Anneau d’écoulement d’eau pour pagaies de kayak, noir, paq. 2","Anneau d’écoulement d’eau pour pagaies de kayak, noir, paq. 2",2.93,"2,93 $",7.99,"Était±  7,99 $prix était 7,99 $",2.93,"2,93 $",2.93,"2,93 $",true,https://www.canadiantire.ca/fr/pdp/anneau-d-ecoulement-d-eau-pour-pagaies-de-kayak-noir-paq-2-0793339p.html,https://www.canadiantire.ca/fr/pdp/anneau-d-ecoulement-d-eau-pour-pagaies-de-kayak-noir-paq-2-0793339p.html,https://media-www.canadiantire.ca/product/playing/seasonal-recreation/marine-power-boating/0793339/sealectdesigns-1-1-16-kayak-paddle-drip-ring-056ec302-a07a-49d2-b198-86f387386f50-jpgrendition.jpg?im=whresize&wid=200&hei=200,https://media-www.canadiantire.ca/product/playing/seasonal-recreation/marine-power-boating/0793339/sealectdesigns-1-1-16-kayak-paddle-drip-ring-056ec302-a07a-49d2-b198-86f387386f50-jpgrendition.jpg?im=whresize&wid=200&hei=200,,0793339,079-3339-2,Il n’en reste que 2 #079-3339-2,Liquidation◊Exclusivité,63.33,"2,93","7,99"
169,"Meadowvale, ON",Pointage électronique pour tennis de table Eastpoint Sports,Pointage électronique pour tennis de table Eastpoint Sports,20.93,"20,93 $",49.99,"Était±  49,99 $prix était 49,99 $",20.93,"20,93 $",20.93,"20,93 $",true,https://www.canadiantire.ca/fr/pdp/pointage-electronique-pour-tennis-de-table-eastpoint-sports-1841558p.html,https://www.canadiantire.ca/fr/pdp/pointage-electronique-pour-tennis-de-table-eastpoint-sports-1841558p.html,https://media-www.canadiantire.ca/product/playing/team-sports-and-golf/indoor-games/1841558/table-tennis-electronic-scorer-1540f657-b58a-41fa-9d4d-ff3f0cef59cb-jpgrendition.jpg?im=whresize&wid=200&hei=200,https://media-www.canadiantire.ca/product/playing/team-sports-and-golf/indoor-games/1841558/table-tennis-electronic-scorer-1540f657-b58a-41fa-9d4d-ff3f0cef59cb-jpgrendition.jpg?im=whresize&wid=200&hei=200,,1841558,184-1558-0,Il n’en reste que 1 #184-1558-0,Liquidation◊Mieux notés,58.13,"20,93","49,99"
169,"Meadowvale, ON",Récepteur/lecteur de CD à double DIN JVC KW-R950BTS avec Bluetooth et Alexa intégrés,Récepteur/lecteur de CD à double DIN JVC KW-R950BTS avec Bluetooth et Alexa intégrés,83.93,"83,93 $",199.99,"Était±  199,99 $prix était 199,99 $",83.93,"83,93 $",83.93,"83,93 $",true,https://www.canadiantire.ca/fr/pdp/recepteur-lecteur-de-cd-a-double-din-jvc-kw-r950bts-avec-bluetooth-et-alexa-integres-0355525p.html,https://www.canadiantire.ca/fr/pdp/recepteur-lecteur-de-cd-a-double-din-jvc-kw-r950bts-avec-bluetooth-et-alexa-integres-0355525p.html,https://media-www.canadiantire.ca/product/automotive/car-care-accessories/auto-electronics/0355525/jvc-kw-r950bts-double-din-cd-receiver-33f26b7b-7585-4f6f-adb7-7a6ae16ce4c4-jpgrendition.jpg?im=whresize&wid=200&hei=200,https://media-www.canadiantire.ca/product/automotive/car-care-accessories/auto-electronics/0355525/jvc-kw-r950bts-double-din-cd-receiver-33f26b7b-7585-4f6f-adb7-7a6ae16ce4c4-jpgrendition.jpg?im=whresize&wid=200&hei=200,,0355525,035-5525-0,Il n’en reste que 1 #035-5525-0,Liquidation◊,58.03,"83,93","199,99"
169,"Meadowvale, ON","Gaiam - Chaise à ballon exercice d'équilibre classique pour enfant, orange/gris","Gaiam - Chaise à ballon exercice d'équilibre classique pour enfant, orange/gris",39.93,"39,93 $",129.99,"Était±  129,99 $prix était 129,99 $",39.93,"39,93 $",39.93,"39,93 $",true,https://www.canadiantire.ca/fr/pdp/gaiam-chaise-a-ballon-exercice-d-equilibre-classique-pour-enfant-orange-gris-1840917p.html,https://www.canadiantire.ca/fr/pdp/gaiam-chaise-a-ballon-exercice-d-equilibre-classique-pour-enfant-orange-gris-1840917p.html,https://media-www.canadiantire.ca/product/playing/exercise/exercise-accessories/1840917/gaiam-kids-classic-balance-ball-chair-ornggry-6187abf2-5cf8-44b0-9a41-250c9a2f6a6d-jpgrendition.jpg?im=whresize&wid=200&hei=200,https://media-www.canadiantire.ca/product/playing/exercise/exercise-accessories/1840917/gaiam-kids-classic-balance-ball-chair-ornggry-6187abf2-5cf8-44b0-9a41-250c9a2f6a6d-jpgrendition.jpg?im=whresize&wid=200&hei=200,,1840917,184-0917-2,Il n’en reste que 2 #184-0917-2,Liquidation◊,69.28,"39,93","129,99"
169,"Meadowvale, ON",Récepteur BOSS Audio BE10ACP à technologie Bluetooth,Récepteur BOSS Audio BE10ACP à technologie Bluetooth,119.93,"119,93 $",749.99,"Était±  749,99 $prix était 749,99 $",119.93,"119,93 $",119.93,"119,93 $",true,https://www.canadiantire.ca/fr/pdp/recepteur-boss-audio-be10acp-a-technologie-bluetooth-0355592p.html,https://www.canadiantire.ca/fr/pdp/recepteur-boss-audio-be10acp-a-technologie-bluetooth-0355592p.html,https://media-www.canadiantire.ca/product/automotive/electronics/auto-electronics/0355592/bose-audio-10acp-bluetooth-receiver-e6be234f-0ad6-4809-9bbd-f85056ac9f3a-jpgrendition.jpg?im=whresize&wid=200&hei=200,https://media-www.canadiantire.ca/product/automotive/electronics/auto-electronics/0355592/bose-audio-10acp-bluetooth-receiver-e6be234f-0ad6-4809-9bbd-f85056ac9f3a-jpgrendition.jpg?im=whresize&wid=200&hei=200,,0355592,035-5592-8,Il n’en reste que 1 #035-5592-8,Liquidation◊Mieux notés,84.01,"119,93","749,99"
169,"Meadowvale, ON","Casque de moto Origine Alpha, adulte, jaune/noir","Casque de moto Origine Alpha, adulte, jaune/noir",39.99,"39,99 $",114.99,"114,99 $Était   et+ prix était à partir de 114,99 $",39.99,"39,99 $",39.99,"39,99 $",true,https://www.canadiantire.ca/fr/pdp/casque-de-moto-origine-alpha-adulte-jaune-noir-1279388p.html,https://www.canadiantire.ca/fr/pdp/casque-de-moto-origine-alpha-adulte-jaune-noir-1279388p.html,https://media-www.canadiantire.ca/product/automotive/automotive-outdoor-adventure/powersport/1279388/origine-torino-motorcycle-helmet-s-e0ac455b-1d13-4a5e-9365-5668cc917c5b-jpgrendition.jpg?im=whresize&wid=200&hei=200,https://media-www.canadiantire.ca/product/automotive/automotive-outdoor-adventure/powersport/1279388/origine-torino-motorcycle-helmet-s-e0ac455b-1d13-4a5e-9365-5668cc917c5b-jpgrendition.jpg?im=whresize&wid=200&hei=200,,1279388,127-9388,Vérifiez la disponibilité#127-9388X,Liquidation◊Mieux notés,65.22,"39,99","114,99"
169,"Meadowvale, ON","Robinet d'évier évasé Danze Aztek 2 poignées, chrome poli","Robinet d'évier évasé Danze Aztek 2 poignées, chrome poli",79.95,"79,95 $",184.99,"Était±  184,99 $prix était 184,99 $",79.95,"79,95 $",79.95,"79,95 $",true,https://www.canadiantire.ca/fr/pdp/robinet-d-evier-evase-danze-aztek-2-poignees-chrome-poli-0634831p.html,https://www.canadiantire.ca/fr/pdp/robinet-d-evier-evase-danze-aztek-2-poignees-chrome-poli-0634831p.html,https://media-www.canadiantire.ca/product/fixing/plumbing/faucets-fixtures/0634831/danze-aztek-2h-widespread-lavatory-faucet-polished-chrome-72f86cd7-8de2-4a7d-b34b-bf042b29def3-jpgrendition.jpg?im=whresize&wid=200&hei=200,https://media-www.canadiantire.ca/product/fixing/plumbing/faucets-fixtures/0634831/danze-aztek-2h-widespread-lavatory-faucet-polished-chrome-72f86cd7-8de2-4a7d-b34b-bf042b29def3-jpgrendition.jpg?im=whresize&wid=200&hei=200,,0634831,063-4831-8,11 En Stock#063-4831-8,Liquidation◊Exclusivité,56.78,"79,95","184,99"
169,"Meadowvale, ON","Radiateur portatif Remington Heat Hog, 9 000 BTU","Radiateur portatif Remington Heat Hog, 9 000 BTU",99.93,"99,93 $",219.99,"Était±  219,99 $prix était 219,99 $",99.93,"99,93 $",99.93,"99,93 $",true,https://www.canadiantire.ca/fr/pdp/radiateur-portatif-remington-heat-hog-9-000-btu-0766332p.html,https://www.canadiantire.ca/fr/pdp/radiateur-portatif-remington-heat-hog-9-000-btu-0766332p.html,https://media-www.canadiantire.ca/product/playing/camping/camping-living/0766332/heat-hog-9-000-btu-lp-portable-heater-ea3bc3ee-5c9e-44de-8d3c-1e79893573cd-jpgrendition.jpg?im=whresize&wid=200&hei=200,https://media-www.canadiantire.ca/product/playing/camping/camping-living/0766332/heat-hog-9-000-btu-lp-portable-heater-ea3bc3ee-5c9e-44de-8d3c-1e79893573cd-jpgrendition.jpg?im=whresize&wid=200&hei=200,,0766332,076-6332-4,Il n’en reste que 1 #076-6332-4,Liquidation◊Mieux notés,54.58,"99,93","219,99"
169,"Meadowvale, ON","Napperon en silicone à imprimé marbré Petco, moyen","Napperon en silicone à imprimé marbré Petco, moyen",12.92,"12,92 $",25.99,"Était±  25,99 $prix était 25,99 $",12.92,"12,92 $",12.92,"12,92 $",true,https://www.canadiantire.ca/fr/pdp/napperon-en-silicone-a-imprime-marbre-petco-moyen-1427488p.html,https://www.canadiantire.ca/fr/pdp/napperon-en-silicone-a-imprime-marbre-petco-moyen-1427488p.html,https://media-www.canadiantire.ca/product/living/pet-care/pet-accessories/1427488/petco-marble-print-silicone-placemat-medium-854ddc46-cd68-406a-96ce-226fd25f1bfb-jpgrendition.jpg?im=whresize&wid=200&hei=200,https://media-www.canadiantire.ca/product/living/pet-care/pet-accessories/1427488/petco-marble-print-silicone-placemat-medium-854ddc46-cd68-406a-96ce-226fd25f1bfb-jpgrendition.jpg?im=whresize&wid=200&hei=200,,1427488,142-7488-0,8 En Stock#142-7488-0,Liquidation◊Mieux notés,50.29,"12,92","25,99"
169,"Meadowvale, ON","Luminaire suspendu à 4 lampes CANVAS Boyd avec abat-jour en verre opalin, noir","Luminaire suspendu à 4 lampes CANVAS Boyd avec abat-jour en verre opalin, noir",39.95,"39,95 $",169.99,"Était±  169,99 $prix était 169,99 $",39.95,"39,95 $",39.95,"39,95 $",true,https://www.canadiantire.ca/fr/pdp/luminaire-suspendu-a-4-lampes-canvas-boyd-avec-abat-jour-en-verre-opalin-noir-1522658p.html,https://www.canadiantire.ca/fr/pdp/luminaire-suspendu-a-4-lampes-canvas-boyd-avec-abat-jour-en-verre-opalin-noir-1522658p.html,https://media-www.canadiantire.ca/product/living/home-decor/lighting/1522658/canvas-boyd-chandelier-8b49a2cd-bc88-4be4-9e4c-4f65c4753b84-jpgrendition.jpg?im=whresize&wid=200&hei=200,https://media-www.canadiantire.ca/product/living/home-decor/lighting/1522658/canvas-boyd-chandelier-8b49a2cd-bc88-4be4-9e4c-4f65c4753b84-jpgrendition.jpg?im=whresize&wid=200&hei=200,,1522658,152-2658-2,23 En Stock#152-2658-2,Liquidation◊Mieux notés,76.5,"39,95","169,99"
169,"Meadowvale, ON","Assiettes à dessert Ballons d'anniversaire, 7 po, paq. 60","Assiettes à dessert Ballons d'anniversaire, 7 po, paq. 60",3.93,"3,93 $",9.99,"Était±  9,99 $prix était 9,99 $",3.93,"3,93 $",3.93,"3,93 $",true,https://www.canadiantire.ca/fr/pdp/assiettes-a-dessert-ballons-d-anniversaire-7-po-paq-60-8420563p.html,https://www.canadiantire.ca/fr/pdp/assiettes-a-dessert-ballons-d-anniversaire-7-po-paq-60-8420563p.html,https://media-www.partycity.ca/product/seasonal-gardening/party-city-everyday/party-city-party-supplies-decor/8420563/plt-7-bpp-bday-clbrtn-24398a2b-4444-4b93-a053-02dbde20427d-jpgrendition.jpg?im=whresize&wid=200&hei=200,https://media-www.partycity.ca/product/seasonal-gardening/party-city-everyday/party-city-party-supplies-decor/8420563/plt-7-bpp-bday-clbrtn-24398a2b-4444-4b93-a053-02dbde20427d-jpgrendition.jpg?im=whresize&wid=200&hei=200,,8420563,842-0563-6,Il n’en reste que 2 #842-0563-6,Liquidation◊Mieux notés,60.66,"3,93","9,99"
169,"Meadowvale, ON",Veste rafraîchissante hydrofuge aquarelle pour chiens Petco,Veste rafraîchissante hydrofuge aquarelle pour chiens Petco,9.93,"9,93 $",24.99,"24,99 $Était   et+ prix était à partir de 24,99 $",9.93,"9,93 $",9.93,"9,93 $",true,https://www.canadiantire.ca/fr/pdp/veste-rafraichissante-hydrofuge-aquarelle-pour-chiens-petco-1425930p.html,https://www.canadiantire.ca/fr/pdp/veste-rafraichissante-hydrofuge-aquarelle-pour-chiens-petco-1425930p.html,https://media-www.canadiantire.ca/product/living/pet-care/pet-accessories/1425933/petco-watercolor-cooling-vest-for-dogs-med-cb4d5afd-2fd9-4fd4-8101-2d89c3c83243-jpgrendition.jpg?im=whresize&wid=200&hei=200,https://media-www.canadiantire.ca/product/living/pet-care/pet-accessories/1425933/petco-watercolor-cooling-vest-for-dogs-med-cb4d5afd-2fd9-4fd4-8101-2d89c3c83243-jpgrendition.jpg?im=whresize&wid=200&hei=200,,1425930,142-5930,Vérifiez la disponibilité#142-5930X,Liquidation◊Exclusivité,60.26,"9,93","24,99"
169,"Meadowvale, ON","Bande lumineuse à DEL RVB USB avec Bluetooth Merkury, 13 pi","Bande lumineuse à DEL RVB USB avec Bluetooth Merkury, 13 pi",9.93,"9,93 $",19.99,"Était±  19,99 $prix était 19,99 $",9.93,"9,93 $",9.93,"9,93 $",true,https://www.canadiantire.ca/fr/pdp/bande-lumineuse-a-del-rvb-usb-avec-bluetooth-merkury-13-pi-0373143p.html,https://www.canadiantire.ca/fr/pdp/bande-lumineuse-a-del-rvb-usb-avec-bluetooth-merkury-13-pi-0373143p.html,https://media-www.canadiantire.ca/product/automotive/car-care-accessories/auto-accessories/3999455/led-light-strip-4m-bt-df57ae3e-c2bc-47f7-8d42-b86b6a733f1d-jpgrendition.jpg?im=whresize&wid=200&hei=200,https://media-www.canadiantire.ca/product/automotive/car-care-accessories/auto-accessories/3999455/led-light-strip-4m-bt-df57ae3e-c2bc-47f7-8d42-b86b6a733f1d-jpgrendition.jpg?im=whresize&wid=200&hei=200,,0373143,037-3143-6,Il n’en reste que 2 #037-3143-6,Liquidation◊,50.33,"9,93","19,99"
169,"Meadowvale, ON","Porte-papier de toilette Peerless avec porte-revues, 21,5 x 7,5 po","Porte-papier de toilette Peerless avec porte-revues, 21,5 x 7,5 po",19.93,"19,93 $",39.99,"Était±  39,99 $prix était 39,99 $",19.93,"19,93 $",19.93,"19,93 $",true,https://www.canadiantire.ca/fr/pdp/porte-papier-de-toilette-peerless-avec-porte-revues-21-5-x-7-5-po-0635955p.html,https://www.canadiantire.ca/fr/pdp/porte-papier-de-toilette-peerless-avec-porte-revues-21-5-x-7-5-po-0635955p.html,https://media-www.canadiantire.ca/product/living/home-decor/bed-bath-decor/0635955/toilet-paper-magazine-stand-a19da7e0-3fe0-4551-b8cf-3cc61168e32e-jpgrendition.jpg?im=whresize&wid=200&hei=200,https://media-www.canadiantire.ca/product/living/home-decor/bed-bath-decor/0635955/toilet-paper-magazine-stand-a19da7e0-3fe0-4551-b8cf-3cc61168e32e-jpgrendition.jpg?im=whresize&wid=200&hei=200,,0635955,063-5955-8,Il n’en reste que 3 #063-5955-8,Liquidation◊,50.16,"19,93","39,99"
169,"Meadowvale, ON",Sonnette intelligente hydrofuge sans fil Globe,Sonnette intelligente hydrofuge sans fil Globe,24.93,"24,93 $",49.99,"Était±  49,99 $prix était 49,99 $",24.93,"24,93 $",24.93,"24,93 $",true,https://www.canadiantire.ca/fr/pdp/sonnette-intelligente-hydrofuge-sans-fil-globe-0521769p.html,https://www.canadiantire.ca/fr/pdp/sonnette-intelligente-hydrofuge-sans-fil-globe-0521769p.html,https://media-www.canadiantire.ca/product/fixing/hardware/curb-appeal/0521769/smart-wireless-chime-kits-272fbb97-6efb-4d6a-9fc6-7c79a0b68ae2-jpgrendition.jpg?im=whresize&wid=200&hei=200,https://media-www.canadiantire.ca/product/fixing/hardware/curb-appeal/0521769/smart-wireless-chime-kits-272fbb97-6efb-4d6a-9fc6-7c79a0b68ae2-jpgrendition.jpg?im=whresize&wid=200&hei=200,,0521769,052-1769-2,Il n’en reste que 2 #052-1769-2,Liquidation◊,50.13,"24,93","49,99"
169,"Meadowvale, ON","Ventilateur de plafond NOMA Elliot d'intérieur à 8 pales et 6 vitesses avec moteur c.c. et télécommande, 72 po, noir mat","Ventilateur de plafond NOMA Elliot d'intérieur à 8 pales et 6 vitesses avec moteur c.c. et télécommande, 72 po, noir mat",199.93,"199,93 $",399.99,"Était±  399,99 $prix était 399,99 $",199.93,"199,93 $",199.93,"199,93 $",true,https://www.canadiantire.ca/fr/pdp/ventilateur-de-plafond-noma-elliot-d-interieur-a-8-pales-et-6-vitesses-avec-moteur-c-c-et-telecommande-72-po-noir-mat-0529615p.html,https://www.canadiantire.ca/fr/pdp/ventilateur-de-plafond-noma-elliot-d-interieur-a-8-pales-et-6-vitesses-avec-moteur-c-c-et-telecommande-72-po-noir-mat-0529615p.html,https://media-www.canadiantire.ca/product/fixing/electrical/ceiling-fans/0529615/noma-elliot-72-ceiling-fan-30f58d10-0785-4c65-a4fb-c39a2d48937b-jpgrendition.jpg?im=whresize&wid=200&hei=200,https://media-www.canadiantire.ca/product/fixing/electrical/ceiling-fans/0529615/noma-elliot-72-ceiling-fan-30f58d10-0785-4c65-a4fb-c39a2d48937b-jpgrendition.jpg?im=whresize&wid=200&hei=200,,0529615,052-9615-0,Il n’en reste que 3 #052-9615-0,Liquidation◊Exclusivité,50.02,"199,93","399,99"
169,"Meadowvale, ON","Collier pour chien en cuir avec rivets pointus Petco, réglable, tailles variées, noir","Collier pour chien en cuir avec rivets pointus Petco, réglable, tailles variées, noir",19.93,"19,93 $",39.99,"39,99 $Était   et+ prix était à partir de 39,99 $",19.93,"19,93 $",19.93,"19,93 $",true,https://www.canadiantire.ca/fr/pdp/collier-pour-chien-en-cuir-avec-rivets-pointus-petco-reglable-tailles-variees-noir-1429497p.html,https://www.canadiantire.ca/fr/pdp/collier-pour-chien-en-cuir-avec-rivets-pointus-petco-reglable-tailles-variees-noir-1429497p.html,https://media-www.canadiantire.ca/product/living/pet-care/pet-accessories/1429496/petco-leather-black-spike-collar-lg-ff621fbe-9e6f-474c-9905-8ba18a3ed543-jpgrendition.jpg?im=whresize&wid=200&hei=200,https://media-www.canadiantire.ca/product/living/pet-care/pet-accessories/1429496/petco-leather-black-spike-collar-lg-ff621fbe-9e6f-474c-9905-8ba18a3ed543-jpgrendition.jpg?im=whresize&wid=200&hei=200,,1429497,142-9496,Vérifiez la disponibilité#142-9496X,Liquidation◊Mieux notés,50.16,"19,93","39,99"
169,"Meadowvale, ON","Pince assainisseur pour bouche d'aération Arm & Hammer, paq. 2","Pince assainisseur pour bouche d'aération Arm & Hammer, paq. 2",3.93,"3,93 $",8.79,"8,79 $Était   et+ prix était à partir de 8,79 $",3.93,"3,93 $",3.93,"3,93 $",true,https://www.canadiantire.ca/fr/pdp/pince-assainisseur-pour-bouche-d-aeration-arm-hammer-paq-2-0372838p.html,https://www.canadiantire.ca/fr/pdp/pince-assainisseur-pour-bouche-d-aeration-arm-hammer-paq-2-0372838p.html,https://media-www.canadiantire.ca/product/automotive/car-care-accessories/auto-accessories/0372838/arm-and-hammer-2-pack-vent-clip-new-car-4db83275-2388-450a-a50e-5006ab79178a-jpgrendition.jpg?im=whresize&wid=200&hei=200,https://media-www.canadiantire.ca/product/automotive/car-care-accessories/auto-accessories/0372838/arm-and-hammer-2-pack-vent-clip-new-car-4db83275-2388-450a-a50e-5006ab79178a-jpgrendition.jpg?im=whresize&wid=200&hei=200,,0372838,037-2838,Vérifiez la disponibilité#037-2838X,Liquidation◊,55.29,"3,93","8,79"
169,"Meadowvale, ON",Coussin d'accoudoir ergonomique AutoTrends,Coussin d'accoudoir ergonomique AutoTrends,11.93,"11,93 $",25.99,"Était±  25,99 $prix était 25,99 $",11.93,"11,93 $",11.93,"11,93 $",true,https://www.canadiantire.ca/fr/pdp/coussin-d-accoudoir-ergonomique-autotrends-0372413p.html,https://www.canadiantire.ca/fr/pdp/coussin-d-accoudoir-ergonomique-autotrends-0372413p.html,https://media-www.canadiantire.ca/product/automotive/car-care-accessories/auto-accessories/0372413/autotrends-ergonomic-armrest-pad-151b7a10-5ac3-4386-93b9-6e8f1ca01d4b-jpgrendition.jpg?im=whresize&wid=200&hei=200,https://media-www.canadiantire.ca/product/automotive/car-care-accessories/auto-accessories/0372413/autotrends-ergonomic-armrest-pad-151b7a10-5ac3-4386-93b9-6e8f1ca01d4b-jpgrendition.jpg?im=whresize&wid=200&hei=200,,0372413,037-2413-0,9 En Stock#037-2413-0,Liquidation◊Mieux notés,54.1,"11,93","25,99"
169,"Meadowvale, ON","Ensemble de balançoires en métal pour l'extérieur Sportspower Mountain, 2 balançoires, 1 fauteuil coulissant, 1 trampoline et 1 soucoupe","Ensemble de balançoires en métal pour l'extérieur Sportspower Mountain, 2 balançoires, 1 fauteuil coulissant, 1 trampoline et 1 soucoupe",149.99,"149,99 $",579.99,"Était±  579,99 $prix était 579,99 $",149.99,"149,99 $",149.99,"149,99 $",true,https://www.canadiantire.ca/fr/pdp/ensemble-de-balancoires-en-metal-pour-l-exterieur-sportspower-mountain-2-balancoires-1-fauteuil-coulissant-1-trampoline-et-1-soucoupe-1841347p.html,https://www.canadiantire.ca/fr/pdp/ensemble-de-balancoires-en-metal-pour-l-exterieur-sportspower-mountain-2-balancoires-1-fauteuil-coulissant-1-trampoline-et-1-soucoupe-1841347p.html,https://media-www.canadiantire.ca/product/seasonal-gardening/backyard-fun/backyard-amusement/1841347/mountain-metal-swing-set-a275d4ca-4c11-4474-a239-9b813afabcfa-jpgrendition.jpg?im=whresize&wid=200&hei=200,https://media-www.canadiantire.ca/product/seasonal-gardening/backyard-fun/backyard-amusement/1841347/mountain-metal-swing-set-a275d4ca-4c11-4474-a239-9b813afabcfa-jpgrendition.jpg?im=whresize&wid=200&hei=200,,1841347,184-1347-2,8 En Stock#184-1347-2,Liquidation◊,74.14,"149,99","579,99"
169,"Meadowvale, ON","Trousse Huntshield pour gibier, 3 pièces","Trousse Huntshield pour gibier, 3 pièces",22.93,"22,93 $",69.99,"Était±  69,99 $prix était 69,99 $",22.93,"22,93 $",22.93,"22,93 $",true,https://www.canadiantire.ca/fr/pdp/trousse-huntshield-pour-gibier-3-pieces-1759422p.html,https://www.canadiantire.ca/fr/pdp/trousse-huntshield-pour-gibier-3-pieces-1759422p.html,https://media-www.canadiantire.ca/product/playing/hunting/hunting-accessories/1759422/huntshield-big-game-processing-kit-3461b0b9-79ca-4c6a-a2f3-bd70456f65e6-jpgrendition.jpg?im=whresize&wid=200&hei=200,https://media-www.canadiantire.ca/product/playing/hunting/hunting-accessories/1759422/huntshield-big-game-processing-kit-3461b0b9-79ca-4c6a-a2f3-bd70456f65e6-jpgrendition.jpg?im=whresize&wid=200&hei=200,,1759422,175-9422-6,Il n’en reste que 2 #175-9422-6,Liquidation◊Mieux notés,67.24,"22,93","69,99"
169,"Meadowvale, ON","Douche combinée Danze à 8 réglages, 2,5 gal/min, chrome","Douche combinée Danze à 8 réglages, 2,5 gal/min, chrome",34.95,"34,95 $",84.99,"Était±  84,99 $prix était 84,99 $",34.95,"34,95 $",34.95,"34,95 $",true,https://www.canadiantire.ca/fr/pdp/douche-combinee-danze-a-8-reglages-2-5-gal-min-chrome-0631894p.html,https://www.canadiantire.ca/fr/pdp/douche-combinee-danze-a-8-reglages-2-5-gal-min-chrome-0631894p.html,https://media-www.canadiantire.ca/product/fixing/plumbing/faucets-fixtures/0631894/for-living-combo-showerhead-with-pause-1-5gpm-chrome-9d949d2f-6e08-4ef7-8182-32d2f22a5242-jpgrendition.jpg?im=whresize&wid=200&hei=200,https://media-www.canadiantire.ca/product/fixing/plumbing/faucets-fixtures/0631894/for-living-combo-showerhead-with-pause-1-5gpm-chrome-9d949d2f-6e08-4ef7-8182-32d2f22a5242-jpgrendition.jpg?im=whresize&wid=200&hei=200,,0631894,063-1894-6,Il n’en reste que 3 #063-1894-6,Liquidation◊Exclusivité,58.88,"34,95","84,99"
169,"Meadowvale, ON","Carreaux de dosseret pierre à peler et coller UltraStone, Quartzite noir galaxie, 3,9 pi2","Carreaux de dosseret pierre à peler et coller UltraStone, Quartzite noir galaxie, 3,9 pi2",22.93,"22,93 $",62.99,"Était±  62,99 $prix était 62,99 $",22.93,"22,93 $",22.93,"22,93 $",true,https://www.canadiantire.ca/fr/pdp/carreaux-de-dosseret-pierre-a-peler-et-coller-ultrastone-quartzite-noir-galaxie-3-9-pi2-0700300p.html,https://www.canadiantire.ca/fr/pdp/carreaux-de-dosseret-pierre-a-peler-et-coller-ultrastone-quartzite-noir-galaxie-3-9-pi2-0700300p.html,https://media-www.canadiantire.ca/product/fixing/paint/paints/0700300/ultrastone-galaxy-black-quartzite-0dcbfdfe-6db5-4501-99a6-9499f938b943-jpgrendition.jpg?im=whresize&wid=200&hei=200,https://media-www.canadiantire.ca/product/fixing/paint/paints/0700300/ultrastone-galaxy-black-quartzite-0dcbfdfe-6db5-4501-99a6-9499f938b943-jpgrendition.jpg?im=whresize&wid=200&hei=200,,0700300,070-0300-8,Il n’en reste que 1 #070-0300-8,Liquidation◊Mieux notés,63.6,"22,93","62,99"
169,"Meadowvale, ON",Moyeu de remorque Carlisle à 4 boulons,Moyeu de remorque Carlisle à 4 boulons,12.93,"12,93 $",89.99,"Était±  89,99 $prix était 89,99 $",12.93,"12,93 $",12.93,"12,93 $",true,https://www.canadiantire.ca/fr/pdp/moyeu-de-remorque-carlisle-a-4-boulons-0408450p.html,https://www.canadiantire.ca/fr/pdp/moyeu-de-remorque-carlisle-a-4-boulons-0408450p.html,https://media-www.canadiantire.ca/product/automotive/automotive-outdoor-adventure/auto-travel-storage/0408450/carlisle-trailer-hub-4-bolt-ac69d988-3204-48bd-b6de-cd893370fb2f-jpgrendition.jpg?im=whresize&wid=200&hei=200,https://media-www.canadiantire.ca/product/automotive/automotive-outdoor-adventure/auto-travel-storage/0408450/carlisle-trailer-hub-4-bolt-ac69d988-3204-48bd-b6de-cd893370fb2f-jpgrendition.jpg?im=whresize&wid=200&hei=200,,0408450,040-8450-4,Il n’en reste que 2 #040-8450-4,Liquidation◊Mieux notés,85.63,"12,93","89,99"
169,"Meadowvale, ON",Décor mural d'anniversaire Pat'Patrouille avec accessoire pour cabine de photo,Décor mural d'anniversaire Pat'Patrouille avec accessoire pour cabine de photo,4.93,"4,93 $",10.99,"Était±  10,99 $prix était 10,99 $",4.93,"4,93 $",4.93,"4,93 $",true,https://www.canadiantire.ca/fr/pdp/decor-mural-d-anniversaire-pat-patrouille-avec-accessoire-pour-cabine-de-photo-8420537p.html,https://www.canadiantire.ca/fr/pdp/decor-mural-d-anniversaire-pat-patrouille-avec-accessoire-pour-cabine-de-photo-8420537p.html,https://media-www.canadiantire.ca/product/seasonal-gardening/party-city-everyday/party-city-kids-birthday-pinatas/8420537/17pc-scn-sttr-prop-paw-patrol-49416cb4-fa21-4a45-973f-f1a5849862d1-jpgrendition.jpg?im=whresize&wid=200&hei=200,https://media-www.canadiantire.ca/product/seasonal-gardening/party-city-everyday/party-city-kids-birthday-pinatas/8420537/17pc-scn-sttr-prop-paw-patrol-49416cb4-fa21-4a45-973f-f1a5849862d1-jpgrendition.jpg?im=whresize&wid=200&hei=200,,8420537,842-0537-0,Il n’en reste que 2 #842-0537-0,Liquidation◊Mieux notés,55.14,"4,93","10,99"
169,"Meadowvale, ON","Plaque murale pour interrupteur à bascule en nylon Leviton PJ262-741 Decora, taille intermédiaire, 2 dispositifs, ivoire","Plaque murale pour interrupteur à bascule en nylon Leviton PJ262-741 Decora, taille intermédiaire, 2 dispositifs, ivoire",1,"1,00 $",3.99,"Était±  3,99 $prix était 3,99 $",1,"1,00 $",1,"1,00 $",true,https://www.canadiantire.ca/fr/pdp/plaque-murale-pour-interrupteur-a-bascule-en-nylon-leviton-pj262-741-decora-taille-intermediaire-2-dispositifs-ivoire-0523425p.html,https://www.canadiantire.ca/fr/pdp/plaque-murale-pour-interrupteur-a-bascule-en-nylon-leviton-pj262-741-decora-taille-intermediaire-2-dispositifs-ivoire-0523425p.html,https://media-www.canadiantire.ca/product/fixing/electrical/rough-electrical/0523425/decora-wallplate-2-gang-ivory-midway-size-5f09071e-b8f7-4240-b59c-85c2679f82bc-jpgrendition.jpg?im=whresize&wid=200&hei=200,https://media-www.canadiantire.ca/product/fixing/electrical/rough-electrical/0523425/decora-wallplate-2-gang-ivory-midway-size-5f09071e-b8f7-4240-b59c-85c2679f82bc-jpgrendition.jpg?im=whresize&wid=200&hei=200,,0523425,052-3425-8,Il n’en reste que 4 #052-3425-8,Liquidation◊Mieux notés,74.94,"1,00","3,99"
169,"Meadowvale, ON","Boule de lave requin Goofy Foot, pour l'intérieur et l'extérieur, 3 ans et plus","Boule de lave requin Goofy Foot, pour l'intérieur et l'extérieur, 3 ans et plus",3.93,"3,93 $",9.99,"Était±  9,99 $prix était 9,99 $",3.93,"3,93 $",3.93,"3,93 $",true,https://www.canadiantire.ca/fr/pdp/boule-de-lave-requin-goofy-foot-pour-l-interieur-et-l-exterieur-3-ans-et-plus-0509737p.html,https://www.canadiantire.ca/fr/pdp/boule-de-lave-requin-goofy-foot-pour-l-interieur-et-l-exterieur-3-ans-et-plus-0509737p.html,https://media-www.canadiantire.ca/product/seasonal-gardening/toys/seasonal-toys/0509737/shark-lava-ball-b417b47f-a51b-4d1a-b8b6-4bd4e60eeef9-jpgrendition.jpg?im=whresize&wid=200&hei=200,https://media-www.canadiantire.ca/product/seasonal-gardening/toys/seasonal-toys/0509737/shark-lava-ball-b417b47f-a51b-4d1a-b8b6-4bd4e60eeef9-jpgrendition.jpg?im=whresize&wid=200&hei=200,,0509737,050-9737-4,Il n’en reste que 5 #050-9737-4,Liquidation◊Mieux notés,60.66,"3,93","9,99"
169,"Meadowvale, ON","Feuilles de ponçage de précision en maille Mastercraft, paq. 30","Feuilles de ponçage de précision en maille Mastercraft, paq. 30",14.93,"14,93 $",44.99,"Était±  44,99 $prix était 44,99 $",14.93,"14,93 $",14.93,"14,93 $",true,https://www.canadiantire.ca/fr/pdp/feuilles-de-poncage-de-precision-en-maille-mastercraft-paq-30-0542213p.html,https://www.canadiantire.ca/fr/pdp/feuilles-de-poncage-de-precision-en-maille-mastercraft-paq-30-0542213p.html,https://media-www.canadiantire.ca/product/fixing/tools/power-tool-accessories/0542213/mc-30-pc-mesh-detailed-sanding-sheets-c1851ce3-d5c1-4569-ba5c-ca9a45b3326e-jpgrendition.jpg?im=whresize&wid=200&hei=200,https://media-www.canadiantire.ca/product/fixing/tools/power-tool-accessories/0542213/mc-30-pc-mesh-detailed-sanding-sheets-c1851ce3-d5c1-4569-ba5c-ca9a45b3326e-jpgrendition.jpg?im=whresize&wid=200&hei=200,,0542213,054-2213-4,Il n’en reste que 3 #054-2213-4,Liquidation◊Exclusivité,66.81,"14,93","44,99"
169,"Meadowvale, ON","Rallonge plate à 4 fils à DEL Hopkins Endurance Easy-Pull, 12 po","Rallonge plate à 4 fils à DEL Hopkins Endurance Easy-Pull, 12 po",9.93,"9,93 $",19.99,"Était±  19,99 $prix était 19,99 $",9.93,"9,93 $",9.93,"9,93 $",true,https://www.canadiantire.ca/fr/pdp/rallonge-plate-a-4-fils-a-del-hopkins-endurance-easy-pull-12-po-1407223p.html,https://www.canadiantire.ca/fr/pdp/rallonge-plate-a-4-fils-a-del-hopkins-endurance-easy-pull-12-po-1407223p.html,https://media-www.canadiantire.ca/product/automotive/automotive-outdoor-adventure/auto-travel-storage/1407223/hopkins-endurancea-easy-pulla-led-4-flat-extension-12-in-d0c79e9d-1835-4b3c-a9f2-37a9864a5881-jpgrendition.jpg?im=whresize&wid=200&hei=200,https://media-www.canadiantire.ca/product/automotive/automotive-outdoor-adventure/auto-travel-storage/1407223/hopkins-endurancea-easy-pulla-led-4-flat-extension-12-in-d0c79e9d-1835-4b3c-a9f2-37a9864a5881-jpgrendition.jpg?im=whresize&wid=200&hei=200,,1407223,140-7223-4,Il n’en reste que 3 #140-7223-4,Liquidation◊Mieux notés,50.33,"9,93","19,99"
169,"Meadowvale, ON","Interrupteur unipolaire à montage en surface Leviton 05231-742, blanc","Interrupteur unipolaire à montage en surface Leviton 05231-742, blanc",4.93,"4,93 $",13.99,"Était±  13,99 $prix était 13,99 $",4.93,"4,93 $",4.93,"4,93 $",true,https://www.canadiantire.ca/fr/pdp/interrupteur-unipolaire-a-montage-en-surface-leviton-05231-742-blanc-0528260p.html,https://www.canadiantire.ca/fr/pdp/interrupteur-unipolaire-a-montage-en-surface-leviton-05231-742-blanc-0528260p.html,https://media-www.canadiantire.ca/product/fixing/electrical/rough-electrical/0528260/white-switch-single-pole-lev-o-let-3902a7f0-ac84-4bc6-86c9-283e04ea992c-jpgrendition.jpg?im=whresize&wid=200&hei=200,https://media-www.canadiantire.ca/product/fixing/electrical/rough-electrical/0528260/white-switch-single-pole-lev-o-let-3902a7f0-ac84-4bc6-86c9-283e04ea992c-jpgrendition.jpg?im=whresize&wid=200&hei=200,,0528260,052-8260-8,Il n’en reste que 4 #052-8260-8,Liquidation◊Mieux notés,64.76,"4,93","13,99"
169,"Meadowvale, ON","Phare stroboscopique à DEL Alpena prime, 2 couleurs, blanc, ambre","Phare stroboscopique à DEL Alpena prime, 2 couleurs, blanc, ambre",6.93,"6,93 $",24.99,"Était±  24,99 $prix était 24,99 $",6.93,"6,93 $",6.93,"6,93 $",true,https://www.canadiantire.ca/fr/pdp/phare-stroboscopique-a-del-alpena-prime-2-couleurs-blanc-ambre-0203383p.html,https://www.canadiantire.ca/fr/pdp/phare-stroboscopique-a-del-alpena-prime-2-couleurs-blanc-ambre-0203383p.html,https://media-www.canadiantire.ca/product/automotive/automotive-outdoor-adventure/auto-travel-storage/0203383/alpena-stealth-led-strobe-f5cd19e2-9148-4786-8a34-dc03966d9429-jpgrendition.jpg?im=whresize&wid=200&hei=200,https://media-www.canadiantire.ca/product/automotive/automotive-outdoor-adventure/auto-travel-storage/0203383/alpena-stealth-led-strobe-f5cd19e2-9148-4786-8a34-dc03966d9429-jpgrendition.jpg?im=whresize&wid=200&hei=200,,0203383,020-3383-2,Il n’en reste que 3 #020-3383-2,Liquidation◊,72.27,"6,93","24,99"
169,"Meadowvale, ON",Luge rapide H2O Spider avec direction et freins,Luge rapide H2O Spider avec direction et freins,39.93,"39,93 $",99.99,"Était±  99,99 $prix était 99,99 $",39.93,"39,93 $",39.93,"39,93 $",true,https://www.canadiantire.ca/fr/pdp/luge-rapide-h2o-spider-avec-direction-et-freins-0821088p.html,https://www.canadiantire.ca/fr/pdp/luge-rapide-h2o-spider-avec-direction-et-freins-0821088p.html,https://media-www.canadiantire.ca/product/playing/seasonal-recreation/winter-recreation/0821088/spider-snow-bike-e7a5d494-3744-4104-9151-337a07902637-jpgrendition.jpg?im=whresize&wid=200&hei=200,https://media-www.canadiantire.ca/product/playing/seasonal-recreation/winter-recreation/0821088/spider-snow-bike-e7a5d494-3744-4104-9151-337a07902637-jpgrendition.jpg?im=whresize&wid=200&hei=200,,0821088,082-1088-0,Il n’en reste que 3 #082-1088-0,Liquidation◊Exclusivité,60.07,"39,93","99,99"
169,"Meadowvale, ON",Ensemble d'épissure submersibles Burcam 150152,Ensemble d'épissure submersibles Burcam 150152,0.5,"0,50 $",13.99,"Était±  13,99 $prix était 13,99 $",0.5,"0,50 $",0.5,"0,50 $",true,https://www.canadiantire.ca/fr/pdp/ensemble-d-epissure-submersibles-burcam-150152-0624115p.html,https://www.canadiantire.ca/fr/pdp/ensemble-d-epissure-submersibles-burcam-150152-0624115p.html,https://media-www.canadiantire.ca/product/fixing/plumbing/water-management/0624115/splice-kit-submersibles-6c18c980-7808-4e7a-b8fa-b16e31e5afb5-jpgrendition.jpg?im=whresize&wid=200&hei=200,https://media-www.canadiantire.ca/product/fixing/plumbing/water-management/0624115/splice-kit-submersibles-6c18c980-7808-4e7a-b8fa-b16e31e5afb5-jpgrendition.jpg?im=whresize&wid=200&hei=200,,0624115,062-4115-6,11 En Stock#062-4115-6,Liquidation◊Mieux notés,96.43,"0,50","13,99"
169,"Meadowvale, ON","Bulbes Bulbs Are Easy, dhalia décoratif Dazzling Sun","Bulbes Bulbs Are Easy, dhalia décoratif Dazzling Sun",4.99,"4,99 $",9.99,"Était±  9,99 $prix était 9,99 $",4.99,"4,99 $",4.99,"4,99 $",true,https://www.canadiantire.ca/fr/pdp/bulbes-bulbs-are-easy-dhalia-decoratif-dazzling-sun-1591511p.html,https://www.canadiantire.ca/fr/pdp/bulbes-bulbs-are-easy-dhalia-decoratif-dazzling-sun-1591511p.html,https://media-www.canadiantire.ca/product/seasonal-gardening/gardening/dormant-goods/0591165/dahlia-dazzling-bulbs-34125f56-65f3-4815-93d5-f7ff34803e51-jpgrendition.jpg?im=whresize&wid=200&hei=200,https://media-www.canadiantire.ca/product/seasonal-gardening/gardening/dormant-goods/0591165/dahlia-dazzling-bulbs-34125f56-65f3-4815-93d5-f7ff34803e51-jpgrendition.jpg?im=whresize&wid=200&hei=200,,1591511,159-1511-2,Il n’en reste que 2 #159-1511-2,Liquidation◊,50.05,"4,99","9,99"
169,"Meadowvale, ON",Sangle de transport réglable de planche à pagaie Invincible Marine avec boucles,Sangle de transport réglable de planche à pagaie Invincible Marine avec boucles,14.93,"14,93 $",39.99,"Était±  39,99 $prix était 39,99 $",14.93,"14,93 $",14.93,"14,93 $",true,https://www.canadiantire.ca/fr/pdp/sangle-de-transport-reglable-de-planche-a-pagaie-invincible-marine-avec-boucles-0793367p.html,https://www.canadiantire.ca/fr/pdp/sangle-de-transport-reglable-de-planche-a-pagaie-invincible-marine-avec-boucles-0793367p.html,https://media-www.canadiantire.ca/product/playing/seasonal-recreation/marine-power-boating/0793367/sup-carry-strap-02cec743-f452-4e80-8b46-7db8e61f49a0-jpgrendition.jpg?im=whresize&wid=200&hei=200,https://media-www.canadiantire.ca/product/playing/seasonal-recreation/marine-power-boating/0793367/sup-carry-strap-02cec743-f452-4e80-8b46-7db8e61f49a0-jpgrendition.jpg?im=whresize&wid=200&hei=200,,0793367,079-3367-4,Il n’en reste que 1 #079-3367-4,Liquidation◊Exclusivité,62.67,"14,93","39,99"
169,"Meadowvale, ON","Ampoule incandescente givrée à intensité variable à culot E26 NOMA T10, 480 lumens, blanc chaud, 60 W","Ampoule incandescente givrée à intensité variable à culot E26 NOMA T10, 480 lumens, blanc chaud, 60 W",3.93,"3,93 $",8.99,"Était±  8,99 $prix était 8,99 $",3.93,"3,93 $",3.93,"3,93 $",true,https://www.canadiantire.ca/fr/pdp/ampoule-incandescente-givree-a-intensite-variable-a-culot-e26-noma-t10-480-lumens-blanc-chaud-60-w-0525525p.html,https://www.canadiantire.ca/fr/pdp/ampoule-incandescente-givree-a-intensite-variable-a-culot-e26-noma-t10-480-lumens-blanc-chaud-60-w-0525525p.html,https://media-www.canadiantire.ca/product/fixing/electrical/light-bulbs/0525525/noma-incandescent-t10-60w-soft-white-bulb-413250d2-b496-44d4-a2c0-2c88cc4f56d0-jpgrendition.jpg?im=whresize&wid=200&hei=200,https://media-www.canadiantire.ca/product/fixing/electrical/light-bulbs/0525525/noma-incandescent-t10-60w-soft-white-bulb-413250d2-b496-44d4-a2c0-2c88cc4f56d0-jpgrendition.jpg?im=whresize&wid=200&hei=200,,0525525,052-5525-8,Il n’en reste que 2 #052-5525-8,Liquidation◊Exclusivité,56.28,"3,93","8,99"
169,"Meadowvale, ON","Feux de gabarit à DEL à carte Hopkins Towing Solution, paq. 6, ambre","Feux de gabarit à DEL à carte Hopkins Towing Solution, paq. 6, ambre",17.93,"17,93 $",39.99,"Était±  39,99 $prix était 39,99 $",17.93,"17,93 $",17.93,"17,93 $",true,https://www.canadiantire.ca/fr/pdp/feux-de-gabarit-a-del-a-carte-hopkins-towing-solution-paq-6-ambre-0203848p.html,https://www.canadiantire.ca/fr/pdp/feux-de-gabarit-a-del-a-carte-hopkins-towing-solution-paq-6-ambre-0203848p.html,https://media-www.canadiantire.ca/product/automotive/automotive-outdoor-adventure/auto-travel-storage/0203848/6-pc-carded-led-clearance-light-amber-27504804-3677-4aac-a6d6-7e912a7226f4-jpgrendition.jpg?im=whresize&wid=200&hei=200,https://media-www.canadiantire.ca/product/automotive/automotive-outdoor-adventure/auto-travel-storage/0203848/6-pc-carded-led-clearance-light-amber-27504804-3677-4aac-a6d6-7e912a7226f4-jpgrendition.jpg?im=whresize&wid=200&hei=200,,0203848,020-3848-8,Il n’en reste que 2 #020-3848-8,Liquidation◊,55.16,"17,93","39,99"
169,"Meadowvale, ON","Jouet pour chiens Petco, Sanglier en peluche","Jouet pour chiens Petco, Sanglier en peluche",14.92,"14,92 $",29.99,"Était±  29,99 $prix était 29,99 $",14.92,"14,92 $",14.92,"14,92 $",true,https://www.canadiantire.ca/fr/pdp/jouet-pour-chiens-petco-sanglier-en-peluche-1427428p.html,https://www.canadiantire.ca/fr/pdp/jouet-pour-chiens-petco-sanglier-en-peluche-1427428p.html,https://media-www.canadiantire.ca/product/living/pet-care/pet-accessories/1427428/petco-tough-plush-wildebeast-toy-edb95b7e-9535-45ff-af0c-f51b812f9b5f-jpgrendition.jpg?im=whresize&wid=200&hei=200,https://media-www.canadiantire.ca/product/living/pet-care/pet-accessories/1427428/petco-tough-plush-wildebeast-toy-edb95b7e-9535-45ff-af0c-f51b812f9b5f-jpgrendition.jpg?im=whresize&wid=200&hei=200,,1427428,142-7428-4,Il n’en reste que 1 #142-7428-4,Liquidation◊Exclusivité,50.25,"14,92","29,99"
169,"Meadowvale, ON","Peinture de retouche Scratch Fix All-in-1, Toréro foncé (M) (51WA203c,WA334d,WA257C)","Peinture de retouche Scratch Fix All-in-1, Toréro foncé (M) (51WA203c,WA334d,WA257C)",4.93,"4,93 $",28.99,"Était±  28,99 $prix était 28,99 $",4.93,"4,93 $",4.93,"4,93 $",true,https://www.canadiantire.ca/fr/pdp/peinture-de-retouche-scratch-fix-all-in-1-torero-fonce-m-51wa203c-wa334d-wa257c-0475116p.html,https://www.canadiantire.ca/fr/pdp/peinture-de-retouche-scratch-fix-all-in-1-torero-fonce-m-51wa203c-wa334d-wa257c-0475116p.html,https://media-www.canadiantire.ca/product/automotive/car-care-accessories/auto-body-repair/0475116/scratch-fix-general-motors-dark-toreador-m-all-in-1-3976d149-e805-45e6-94aa-7d45961187a9.png?im=whresize&wid=200&hei=200,https://media-www.canadiantire.ca/product/automotive/car-care-accessories/auto-body-repair/0475116/scratch-fix-general-motors-dark-toreador-m-all-in-1-3976d149-e805-45e6-94aa-7d45961187a9.png?im=whresize&wid=200&hei=200,,0475116,047-5116-6,Il n’en reste que 1 #047-5116-6,Liquidation◊Mieux notés,82.99,"4,93","28,99"
169,"Meadowvale, ON","Bol repliable pour chiens Petco, confetti, 3 tasses","Bol repliable pour chiens Petco, confetti, 3 tasses",8.92,"8,92 $",17.99,"Était±  17,99 $prix était 17,99 $",8.92,"8,92 $",8.92,"8,92 $",true,https://www.canadiantire.ca/fr/pdp/bol-repliable-pour-chiens-petco-confetti-3-tasses-1427483p.html,https://www.canadiantire.ca/fr/pdp/bol-repliable-pour-chiens-petco-confetti-3-tasses-1427483p.html,https://media-www.canadiantire.ca/product/living/pet-care/pet-accessories/1427483/petco-confetti-collapsible-dog-bowl-3-cups-3fe1bd2a-ee4b-44c9-818e-84f7f810cf50-jpgrendition.jpg?im=whresize&wid=200&hei=200,https://media-www.canadiantire.ca/product/living/pet-care/pet-accessories/1427483/petco-confetti-collapsible-dog-bowl-3-cups-3fe1bd2a-ee4b-44c9-818e-84f7f810cf50-jpgrendition.jpg?im=whresize&wid=200&hei=200,,1427483,142-7483-0,Il n’en reste que 1 #142-7483-0,Liquidation◊Exclusivité,50.42,"8,92","17,99"
169,"Meadowvale, ON","Feu de freinage et clignotant Alpena Moto Tail, 12 V, 5 W DEL RVB, étanche","Feu de freinage et clignotant Alpena Moto Tail, 12 V, 5 W DEL RVB, étanche",7.93,"7,93 $",49.99,"Était±  49,99 $prix était 49,99 $",7.93,"7,93 $",7.93,"7,93 $",true,https://www.canadiantire.ca/fr/pdp/feu-de-freinage-et-clignotant-alpena-moto-tail-12-v-5-w-del-rvb-etanche-0203356p.html,https://www.canadiantire.ca/fr/pdp/feu-de-freinage-et-clignotant-alpena-moto-tail-12-v-5-w-del-rvb-etanche-0203356p.html,https://media-www.canadiantire.ca/product/automotive/automotive-outdoor-adventure/auto-travel-storage/0203356/alpena-moto-tail-led-e00193ad-bca5-4922-83a5-e8c8c57d6005-jpgrendition.jpg?im=whresize&wid=200&hei=200,https://media-www.canadiantire.ca/product/automotive/automotive-outdoor-adventure/auto-travel-storage/0203356/alpena-moto-tail-led-e00193ad-bca5-4922-83a5-e8c8c57d6005-jpgrendition.jpg?im=whresize&wid=200&hei=200,,0203356,020-3356-8,Il n’en reste que 2 #020-3356-8,Liquidation◊,84.14,"7,93","49,99"
169,"Meadowvale, ON","Affiche de pelouse Happy Birthday pour fête d'anniversaire, 12 po","Affiche de pelouse Happy Birthday pour fête d'anniversaire, 12 po",4.93,"4,93 $",14.99,"Était±  14,99 $prix était 14,99 $",4.93,"4,93 $",4.93,"4,93 $",true,https://www.canadiantire.ca/fr/pdp/affiche-de-pelouse-happy-birthday-pour-fete-d-anniversaire-12-po-8535174p.html,https://www.canadiantire.ca/fr/pdp/affiche-de-pelouse-happy-birthday-pour-fete-d-anniversaire-12-po-8535174p.html,https://media-www.partycity.ca/product/seasonal-gardening/party-city-everyday/party-city-party-supplies-decor/8535174/12in-rnbw-yard-sgn-6055ad96-b11a-41a6-a038-3710e39e9c9f-jpgrendition.jpg?im=whresize&wid=200&hei=200,https://media-www.partycity.ca/product/seasonal-gardening/party-city-everyday/party-city-party-supplies-decor/8535174/12in-rnbw-yard-sgn-6055ad96-b11a-41a6-a038-3710e39e9c9f-jpgrendition.jpg?im=whresize&wid=200&hei=200,,8535174,853-5174-6,Il n’en reste que 2 #853-5174-6,Liquidation◊,67.11,"4,93","14,99"
169,"Meadowvale, ON",Adaptateur auxiliaire pour cassette audio pour l’auto de Bluehive,Adaptateur auxiliaire pour cassette audio pour l’auto de Bluehive,3.93,"3,93 $",19.99,"Était±  19,99 $prix était 19,99 $",3.93,"3,93 $",3.93,"3,93 $",true,https://www.canadiantire.ca/fr/pdp/adaptateur-auxiliaire-pour-cassette-audio-pour-l-auto-de-bluehive-0357154p.html,https://www.canadiantire.ca/fr/pdp/adaptateur-auxiliaire-pour-cassette-audio-pour-l-auto-de-bluehive-0357154p.html,https://media-www.canadiantire.ca/product/automotive/car-care-accessories/auto-electronics/0357154/bluehive-cassette-adaptor-7938cd9a-de44-423d-b124-e46af61fa063-jpgrendition.jpg?im=whresize&wid=200&hei=200,https://media-www.canadiantire.ca/product/automotive/car-care-accessories/auto-electronics/0357154/bluehive-cassette-adaptor-7938cd9a-de44-423d-b124-e46af61fa063-jpgrendition.jpg?im=whresize&wid=200&hei=200,,0357154,035-7154-0,Il n’en reste que 1 #035-7154-0,Liquidation◊Exclusivité,80.34,"3,93","19,99"
169,"Meadowvale, ON",Goupille centrale frein électrique lame VR 7 voies à rond 6 voies Hopkins Towing Solution,Goupille centrale frein électrique lame VR 7 voies à rond 6 voies Hopkins Towing Solution,9.93,"9,93 $",19.99,"Était±  19,99 $prix était 19,99 $",9.93,"9,93 $",9.93,"9,93 $",true,https://www.canadiantire.ca/fr/pdp/goupille-centrale-frein-electrique-lame-vr-7-voies-a-rond-6-voies-hopkins-towing-solution-0409663p.html,https://www.canadiantire.ca/fr/pdp/goupille-centrale-frein-electrique-lame-vr-7-voies-a-rond-6-voies-hopkins-towing-solution-0409663p.html,https://media-www.canadiantire.ca/product/automotive/automotive-outdoor-adventure/auto-travel-storage/0409663/7-rv-blade-to-6-round-center-pin-electric-brake--1179c2b2-014c-49ee-9967-b505e9e6464c-jpgrendition.jpg?im=whresize&wid=200&hei=200,https://media-www.canadiantire.ca/product/automotive/automotive-outdoor-adventure/auto-travel-storage/0409663/7-rv-blade-to-6-round-center-pin-electric-brake--1179c2b2-014c-49ee-9967-b505e9e6464c-jpgrendition.jpg?im=whresize&wid=200&hei=200,,0409663,040-9663-2,Il n’en reste que 2 #040-9663-2,Liquidation◊,50.33,"9,93","19,99"
169,"Meadowvale, ON","Tampons de rechange pour vadrouille à vapeur Bissell Symphony, paq. 2","Tampons de rechange pour vadrouille à vapeur Bissell Symphony, paq. 2",17.93,"17,93 $",36.99,"Était±  36,99 $prix était 36,99 $",17.93,"17,93 $",17.93,"17,93 $",true,https://www.canadiantire.ca/fr/pdp/tampons-de-rechange-pour-vadrouille-a-vapeur-bissell-symphony-paq-2-0436955p.html,https://www.canadiantire.ca/fr/pdp/tampons-de-rechange-pour-vadrouille-a-vapeur-bissell-symphony-paq-2-0436955p.html,https://media-www.canadiantire.ca/product/living/cleaning/vacuums-and-floorcare/0436955/bissell-symphony-replacement-pads-0d4e473f-8b95-46fd-a564-6d55afcde7db-jpgrendition.jpg?im=whresize&wid=200&hei=200,https://media-www.canadiantire.ca/product/living/cleaning/vacuums-and-floorcare/0436955/bissell-symphony-replacement-pads-0d4e473f-8b95-46fd-a564-6d55afcde7db-jpgrendition.jpg?im=whresize&wid=200&hei=200,,0436955,043-6955-0,Il n’en reste que 1 #043-6955-0,Liquidation◊Mieux notés,51.53,"17,93","36,99"
169,"Meadowvale, ON","Carillon de porte avec fil Globe Heath Zenith, fini métallique","Carillon de porte avec fil Globe Heath Zenith, fini métallique",9.93,"9,93 $",19.99,"Était±  19,99 $prix était 19,99 $",9.93,"9,93 $",9.93,"9,93 $",true,https://www.canadiantire.ca/fr/pdp/carillon-de-porte-avec-fil-globe-heath-zenith-fini-metallique-0521745p.html,https://www.canadiantire.ca/fr/pdp/carillon-de-porte-avec-fil-globe-heath-zenith-fini-metallique-0521745p.html,https://media-www.canadiantire.ca/product/fixing/hardware/curb-appeal/0521745/wired-buzzer-metal-719f587d-4a0a-48aa-b5e8-df76639e53a5-jpgrendition.jpg?im=whresize&wid=200&hei=200,https://media-www.canadiantire.ca/product/fixing/hardware/curb-appeal/0521745/wired-buzzer-metal-719f587d-4a0a-48aa-b5e8-df76639e53a5-jpgrendition.jpg?im=whresize&wid=200&hei=200,,0521745,052-1745-8,Il n’en reste que 2 #052-1745-8,Liquidation◊,50.33,"9,93","19,99"
169,"Meadowvale, ON",Support de plaque d'immatriculation pour repérage de véhicule AutoTrends,Support de plaque d'immatriculation pour repérage de véhicule AutoTrends,8.93,"8,93 $",19.99,"Était±  19,99 $prix était 19,99 $",8.93,"8,93 $",8.93,"8,93 $",true,https://www.canadiantire.ca/fr/pdp/support-de-plaque-d-immatriculation-pour-reperage-de-vehicule-autotrends-0372925p.html,https://www.canadiantire.ca/fr/pdp/support-de-plaque-d-immatriculation-pour-reperage-de-vehicule-autotrends-0372925p.html,https://media-www.canadiantire.ca/product/automotive/car-care-accessories/auto-accessories/0372925/autotrends-find-my-auto-license-plate-frame-41d8c2a3-7d2a-4373-8046-7d337eb238a9-jpgrendition.jpg?im=whresize&wid=200&hei=200,https://media-www.canadiantire.ca/product/automotive/car-care-accessories/auto-accessories/0372925/autotrends-find-my-auto-license-plate-frame-41d8c2a3-7d2a-4373-8046-7d337eb238a9-jpgrendition.jpg?im=whresize&wid=200&hei=200,,0372925,037-2925-2,8 En Stock#037-2925-2,Liquidation◊Exclusivité,55.33,"8,93","19,99"
169,"Meadowvale, ON","Décalcomanie en vinyle Chevy Chroma robuste, paq. 2","Décalcomanie en vinyle Chevy Chroma robuste, paq. 2",6.93,"6,93 $",13.99,"Était±  13,99 $prix était 13,99 $",6.93,"6,93 $",6.93,"6,93 $",true,https://www.canadiantire.ca/fr/pdp/decalcomanie-en-vinyle-chevy-chroma-robuste-paq-2-0371968p.html,https://www.canadiantire.ca/fr/pdp/decalcomanie-en-vinyle-chevy-chroma-robuste-paq-2-0371968p.html,https://media-www.canadiantire.ca/product/automotive/car-care-accessories/auto-accessories/0371968/rugged-chevy-blackout-vinyl-decal-01f32159-1088-4f48-ab8b-d24f9111ec6b-jpgrendition.jpg?im=whresize&wid=200&hei=200,https://media-www.canadiantire.ca/product/automotive/car-care-accessories/auto-accessories/0371968/rugged-chevy-blackout-vinyl-decal-01f32159-1088-4f48-ab8b-d24f9111ec6b-jpgrendition.jpg?im=whresize&wid=200&hei=200,,0371968,037-1968-6,Il n’en reste que 2 #037-1968-6,Liquidation◊,50.46,"6,93","13,99"
169,"Meadowvale, ON","Cosses à anneau Gardner Bender C14-104, calibre 16 à 14 AWG, calibre de goujon 8 à 10 po, paq. 7","Cosses à anneau Gardner Bender C14-104, calibre 16 à 14 AWG, calibre de goujon 8 à 10 po, paq. 7",0.5,"0,50 $",2.29,"Était±  2,29 $prix était 2,29 $",0.5,"0,50 $",0.5,"0,50 $",true,https://www.canadiantire.ca/fr/pdp/cosses-a-anneau-gardner-bender-c14-104-calibre-16-a-14-awg-calibre-de-goujon-8-a-10-po-paq-7-0520200p.html,https://www.canadiantire.ca/fr/pdp/cosses-a-anneau-gardner-bender-c14-104-calibre-16-a-14-awg-calibre-de-goujon-8-a-10-po-paq-7-0520200p.html,https://media-www.canadiantire.ca/product/fixing/electrical/rough-electrical/0520200/ring-terminals-8-10-stud-blue-pkg-7-78304a27-67f0-4472-b301-a70fc78e1613-jpgrendition.jpg?im=whresize&wid=200&hei=200,https://media-www.canadiantire.ca/product/fixing/electrical/rough-electrical/0520200/ring-terminals-8-10-stud-blue-pkg-7-78304a27-67f0-4472-b301-a70fc78e1613-jpgrendition.jpg?im=whresize&wid=200&hei=200,,0520200,052-0200-0,8 En Stock#052-0200-0,Liquidation◊Mieux notés,78.17,"0,50","2,29"
169,"Meadowvale, ON","Kit d'éclairage extérieur intelligent Type S, 72 po","Kit d'éclairage extérieur intelligent Type S, 72 po",69.93,"69,93 $",154.99,"Était±  154,99 $prix était 154,99 $",69.93,"69,93 $",69.93,"69,93 $",true,https://www.canadiantire.ca/fr/pdp/kit-d-eclairage-exterieur-intelligent-type-s-72-po-0378011p.html,https://www.canadiantire.ca/fr/pdp/kit-d-eclairage-exterieur-intelligent-type-s-72-po-0378011p.html,https://media-www.canadiantire.ca/product/automotive/car-care-accessories/auto-accessories/0378011/types-smart-72-exterior-led-kit-eb8da8eb-2c9b-40d6-81c5-88376166b279-jpgrendition.jpg?im=whresize&wid=200&hei=200,https://media-www.canadiantire.ca/product/automotive/car-care-accessories/auto-accessories/0378011/types-smart-72-exterior-led-kit-eb8da8eb-2c9b-40d6-81c5-88376166b279-jpgrendition.jpg?im=whresize&wid=200&hei=200,,0378011,037-8011-0,Il n’en reste que 1 #037-8011-0,Liquidation◊,54.88,"69,93","154,99"
169,"Meadowvale, ON","Luge Airhead SportsStuff Snow Rider Pro, 130 cm","Luge Airhead SportsStuff Snow Rider Pro, 130 cm",49.93,"49,93 $",99.99,"Était±  99,99 $prix était 99,99 $",49.93,"49,93 $",49.93,"49,93 $",true,https://www.canadiantire.ca/fr/pdp/luge-airhead-sportsstuff-snow-rider-pro-130-cm-0821119p.html,https://www.canadiantire.ca/fr/pdp/luge-airhead-sportsstuff-snow-rider-pro-130-cm-0821119p.html,https://media-www.canadiantire.ca/product/playing/seasonal-recreation/winter-recreation/0821119/sportsstuff-snow-rider-pro-130cm-9a68bb17-f48a-46e2-ad6f-03f706166e87-jpgrendition.jpg?im=whresize&wid=200&hei=200,https://media-www.canadiantire.ca/product/playing/seasonal-recreation/winter-recreation/0821119/sportsstuff-snow-rider-pro-130cm-9a68bb17-f48a-46e2-ad6f-03f706166e87-jpgrendition.jpg?im=whresize&wid=200&hei=200,,0821119,082-1119-8,Il n’en reste que 4 #082-1119-8,Liquidation◊,50.07,"49,93","99,99"
169,"Meadowvale, ON","Bande lumineuse intelligente DEL extérieure Monster Illuminessence, 10 m","Bande lumineuse intelligente DEL extérieure Monster Illuminessence, 10 m",29.93,"29,93 $",79.99,"Était±  79,99 $prix était 79,99 $",29.93,"29,93 $",29.93,"29,93 $",true,https://www.canadiantire.ca/fr/pdp/bande-lumineuse-intelligente-del-exterieure-monster-illuminessence-10-m-0522102p.html,https://www.canadiantire.ca/fr/pdp/bande-lumineuse-intelligente-del-exterieure-monster-illuminessence-10-m-0522102p.html,https://media-www.canadiantire.ca/product/living/home-decor/lighting/0522102/monster-illuminessence-smart-led-10m-outdoor-light-strip-31c4d446-1c6d-408a-9904-7702d07904ab-jpgrendition.jpg?im=whresize&wid=200&hei=200,https://media-www.canadiantire.ca/product/living/home-decor/lighting/0522102/monster-illuminessence-smart-led-10m-outdoor-light-strip-31c4d446-1c6d-408a-9904-7702d07904ab-jpgrendition.jpg?im=whresize&wid=200&hei=200,,0522102,052-2102-2,Il n’en reste que 1 #052-2102-2,Liquidation◊,62.58,"29,93","79,99"
169,"Meadowvale, ON","Lumières NOMA Advanced C9 à DEL de qualité commerciale, multicolore","Lumières NOMA Advanced C9 à DEL de qualité commerciale, multicolore",19.93,"19,93 $",59.99,"Était±  59,99 $prix était 59,99 $",19.93,"19,93 $",19.93,"19,93 $",true,https://www.canadiantire.ca/fr/pdp/lumieres-noma-advanced-c9-a-del-de-qualite-commerciale-multicolore-2511046p.html,https://www.canadiantire.ca/fr/pdp/lumieres-noma-advanced-c9-a-del-de-qualite-commerciale-multicolore-2511046p.html,https://media-www.canadiantire.ca/product/seasonal-gardening/seasonal/christmas-lights-outdoor-decor/2511046/noma-advanced-commercial-grade-c9-led-25-multi-colour-b07baf37-673a-457a-a81b-ba42f12ca235-jpgrendition.jpg?im=whresize&wid=200&hei=200,https://media-www.canadiantire.ca/product/seasonal-gardening/seasonal/christmas-lights-outdoor-decor/2511046/noma-advanced-commercial-grade-c9-led-25-multi-colour-b07baf37-673a-457a-a81b-ba42f12ca235-jpgrendition.jpg?im=whresize&wid=200&hei=200,,2511046,251-1046-8,Il n’en reste que 6 #251-1046-8,Liquidation◊Mieux notés,66.78,"19,93","59,99"
169,"Meadowvale, ON","Scène d'Halloween gonflable de Jack et Zero de L'étrange Noël de Monsieur Jack de Disney, 5 pi","Scène d'Halloween gonflable de Jack et Zero de L'étrange Noël de Monsieur Jack de Disney, 5 pi",49.93,"49,93 $",99.99,"Était±  99,99 $prix était 99,99 $",49.93,"49,93 $",49.93,"49,93 $",true,https://www.canadiantire.ca/fr/pdp/scene-d-halloween-gonflable-de-jack-et-zero-de-l-etrange-noel-de-monsieur-jack-de-disney-5-pi-1519578p.html,https://www.canadiantire.ca/fr/pdp/scene-d-halloween-gonflable-de-jack-et-zero-de-l-etrange-noel-de-monsieur-jack-de-disney-5-pi-1519578p.html,https://media-www.canadiantire.ca/product/party-city/party-city-seasonal/halloween-harvest/1519578/inflatable-disney-s-jack-zero-scene-df9b3c3b-98e9-4e78-b508-1b5e1ebed413-jpgrendition.jpg?im=whresize&wid=200&hei=200,https://media-www.canadiantire.ca/product/party-city/party-city-seasonal/halloween-harvest/1519578/inflatable-disney-s-jack-zero-scene-df9b3c3b-98e9-4e78-b508-1b5e1ebed413-jpgrendition.jpg?im=whresize&wid=200&hei=200,,1519578,151-9578-2,Il n’en reste que 1 #151-9578-2,Liquidation◊Mieux notés,50.07,"49,93","99,99"
169,"Meadowvale, ON","Feux à DEL ronds tout terrain Blazer C3067K, 12V","Feux à DEL ronds tout terrain Blazer C3067K, 12V",20.93,"20,93 $",49.99,"Était±  49,99 $prix était 49,99 $",20.93,"20,93 $",20.93,"20,93 $",true,https://www.canadiantire.ca/fr/pdp/feux-a-del-ronds-tout-terrain-blazer-c3067k-12v-0203780p.html,https://www.canadiantire.ca/fr/pdp/feux-a-del-ronds-tout-terrain-blazer-c3067k-12v-0203780p.html,https://media-www.canadiantire.ca/product/automotive/automotive-outdoor-adventure/auto-travel-storage/0203780/led-3-round-light-d76df1ca-28bd-4734-a648-4e309facfe4d-jpgrendition.jpg?im=whresize&wid=200&hei=200,https://media-www.canadiantire.ca/product/automotive/automotive-outdoor-adventure/auto-travel-storage/0203780/led-3-round-light-d76df1ca-28bd-4734-a648-4e309facfe4d-jpgrendition.jpg?im=whresize&wid=200&hei=200,,0203780,020-3780-6,Il n’en reste que 3 #020-3780-6,Liquidation◊,58.13,"20,93","49,99"
169,"Meadowvale, ON","Jardinière Bloem Saturn avec soucoupe, rond, résine, vert menthe, 7 po","Jardinière Bloem Saturn avec soucoupe, rond, résine, vert menthe, 7 po",2.93,"2,93 $",6.99,"Était±  6,99 $prix était 6,99 $",2.93,"2,93 $",2.93,"2,93 $",true,https://www.canadiantire.ca/fr/pdp/jardiniere-bloem-saturn-avec-soucoupe-rond-resine-vert-menthe-7-po-1592631p.html,https://www.canadiantire.ca/fr/pdp/jardiniere-bloem-saturn-avec-soucoupe-rond-resine-vert-menthe-7-po-1592631p.html,https://media-www.canadiantire.ca/product/seasonal-gardening/gardening/gardening-plant-accessories/1592631/7-saturn-in-mint-green-4b82edf8-2218-4858-bc44-094b47f42f5d-jpgrendition.jpg?im=whresize&wid=200&hei=200,https://media-www.canadiantire.ca/product/seasonal-gardening/gardening/gardening-plant-accessories/1592631/7-saturn-in-mint-green-4b82edf8-2218-4858-bc44-094b47f42f5d-jpgrendition.jpg?im=whresize&wid=200&hei=200,,1592631,159-2631-0,Il n’en reste que 5 #159-2631-0,Liquidation◊Mieux notés,58.08,"2,93","6,99"
169,"Meadowvale, ON",Adaptateur Hymair pour peinture,Adaptateur Hymair pour peinture,7.93,"7,93 $",15.99,"Était±  15,99 $prix était 15,99 $",7.93,"7,93 $",7.93,"7,93 $",true,https://www.canadiantire.ca/fr/pdp/adaptateur-hymair-pour-peinture-0581960p.html,https://www.canadiantire.ca/fr/pdp/adaptateur-hymair-pour-peinture-0581960p.html,https://media-www.canadiantire.ca/product/fixing/tools/air-tools-accessories/0581960/hymiar-paint-adaptor-2ede0503-35a6-449b-b84a-87b52f7fc5cb-jpgrendition.jpg?im=whresize&wid=200&hei=200,https://media-www.canadiantire.ca/product/fixing/tools/air-tools-accessories/0581960/hymiar-paint-adaptor-2ede0503-35a6-449b-b84a-87b52f7fc5cb-jpgrendition.jpg?im=whresize&wid=200&hei=200,,0581960,058-1960-2,8 En Stock#058-1960-2,Liquidation◊,50.41,"7,93","15,99"
169,"Meadowvale, ON","Ballon en aluminium satiné rond Happy New Year, or/noir, 18 po, ruban et gonflage hélium compris, pour veille du jour de l'An","Ballon en aluminium satiné rond Happy New Year, or/noir, 18 po, ruban et gonflage hélium compris, pour veille du jour de l'An",2.93,"2,93 $",6.99,"Était±  6,99 $prix était 6,99 $",2.93,"2,93 $",2.93,"2,93 $",true,https://www.canadiantire.ca/fr/pdp/ballon-en-aluminium-satine-rond-happy-new-year-or-noir-18-po-ruban-et-gonflage-helium-compris-pour-veille-du-jour-de-l-an-8432237p.html,https://www.canadiantire.ca/fr/pdp/ballon-en-aluminium-satine-rond-happy-new-year-or-noir-18-po-ruban-et-gonflage-helium-compris-pour-veille-du-jour-de-l-an-8432237p.html,https://media-www.partycity.ca/product/seasonal-gardening/party-city-everyday/party-city-party-supplies-decor/8432237/new-years-vintage-satin-balloon-f8a27cab-cc51-403a-991b-b33f5ac7afa2-jpgrendition.jpg?im=whresize&wid=200&hei=200,https://media-www.partycity.ca/product/seasonal-gardening/party-city-everyday/party-city-party-supplies-decor/8432237/new-years-vintage-satin-balloon-f8a27cab-cc51-403a-991b-b33f5ac7afa2-jpgrendition.jpg?im=whresize&wid=200&hei=200,,8432237,843-2237-0,Il n’en reste que 5 #843-2237-0,Liquidation◊Hélium compris,58.08,"2,93","6,99"
169,"Meadowvale, ON","Hache à fendre Garant Pro-Series Super, 36 po","Hache à fendre Garant Pro-Series Super, 36 po",42.93,"42,93 $",89.99,"Était±  89,99 $prix était 89,99 $",42.93,"42,93 $",42.93,"42,93 $",true,https://www.canadiantire.ca/fr/pdp/hache-a-fendre-garant-pro-series-super-36-po-0571200p.html,https://www.canadiantire.ca/fr/pdp/hache-a-fendre-garant-pro-series-super-36-po-0571200p.html,https://media-www.canadiantire.ca/product/seasonal-gardening/outdoor-tools/manual-outdoor-cutting-tools/0571200/super-splitter-4-lbs-36-handle-558824dd-1045-4aae-9060-cbc06c8df4f2-jpgrendition.jpg?im=whresize&wid=200&hei=200,https://media-www.canadiantire.ca/product/seasonal-gardening/outdoor-tools/manual-outdoor-cutting-tools/0571200/super-splitter-4-lbs-36-handle-558824dd-1045-4aae-9060-cbc06c8df4f2-jpgrendition.jpg?im=whresize&wid=200&hei=200,,0571200,057-1200-4,Il n’en reste que 1 #057-1200-4,Liquidation◊Mieux notés,52.29,"42,93","89,99"
169,"Meadowvale, ON","CANVAS - Plateau de service à 3 étages, blanc avec bordure noire","CANVAS - Plateau de service à 3 étages, blanc avec bordure noire",29.93,"29,93 $",59.99,"Était±  59,99 $prix était 59,99 $",29.93,"29,93 $",29.93,"29,93 $",true,https://www.canadiantire.ca/fr/pdp/canvas-plateau-de-service-a-3-etages-blanc-avec-bordure-noire-1519285p.html,https://www.canadiantire.ca/fr/pdp/canvas-plateau-de-service-a-3-etages-blanc-avec-bordure-noire-1519285p.html,https://media-www.canadiantire.ca/product/seasonal-gardening/seasonal/seasonal-decor/1519285/3-tier-serving-tray-white-with-black-trim-f19f0ede-ef33-49cb-91d1-32ea1bc842d1-jpgrendition.jpg?im=whresize&wid=200&hei=200,https://media-www.canadiantire.ca/product/seasonal-gardening/seasonal/seasonal-decor/1519285/3-tier-serving-tray-white-with-black-trim-f19f0ede-ef33-49cb-91d1-32ea1bc842d1-jpgrendition.jpg?im=whresize&wid=200&hei=200,,1519285,151-9285-8,Il n’en reste que 3 #151-9285-8,Liquidation◊Mieux notés,50.11,"29,93","59,99"
169,"Meadowvale, ON","Sapin dans un pot martelé doré CANVAS, 4,5 po","Sapin dans un pot martelé doré CANVAS, 4,5 po",89.93,"89,93 $",179.99,"Était±  179,99 $prix était 179,99 $",89.93,"89,93 $",89.93,"89,93 $",true,https://www.canadiantire.ca/fr/pdp/sapin-dans-un-pot-martele-dore-canvas-4-5-po-0515319p.html,https://www.canadiantire.ca/fr/pdp/sapin-dans-un-pot-martele-dore-canvas-4-5-po-0515319p.html,https://media-www.canadiantire.ca/product/seasonal-gardening/seasonal/christmas-trees-greenery/0515319/canvas-4-5-pre-lit-fir-potted-tree-ii-769ee47a-53b6-4747-aad6-ea4f326468cd-jpgrendition.jpg?im=whresize&wid=200&hei=200,https://media-www.canadiantire.ca/product/seasonal-gardening/seasonal/christmas-trees-greenery/0515319/canvas-4-5-pre-lit-fir-potted-tree-ii-769ee47a-53b6-4747-aad6-ea4f326468cd-jpgrendition.jpg?im=whresize&wid=200&hei=200,,0515319,051-5319-2,Il n’en reste que 1 #051-5319-2,Liquidation◊Mieux notés,50.04,"89,93","179,99"
169,"Meadowvale, ON","Bol à salade écologique CANVAS en bambou et noix de coco, 12 po","Bol à salade écologique CANVAS en bambou et noix de coco, 12 po",7.93,"7,93 $",19.99,"Était±  19,99 $prix était 19,99 $",7.93,"7,93 $",7.93,"7,93 $",true,https://www.canadiantire.ca/fr/pdp/bol-a-salade-ecologique-canvas-en-bambou-et-noix-de-coco-12-po-1427239p.html,https://www.canadiantire.ca/fr/pdp/bol-a-salade-ecologique-canvas-en-bambou-et-noix-de-coco-12-po-1427239p.html,https://media-www.canadiantire.ca/product/living/kitchen/dining-and-entertaining/1427239/canvas-12-eco-salad-bowl-2c7d7dc5-6f0a-4adb-ad5f-a8712d3fad0e-jpgrendition.jpg?im=whresize&wid=200&hei=200,https://media-www.canadiantire.ca/product/living/kitchen/dining-and-entertaining/1427239/canvas-12-eco-salad-bowl-2c7d7dc5-6f0a-4adb-ad5f-a8712d3fad0e-jpgrendition.jpg?im=whresize&wid=200&hei=200,,1427239,142-7239-4,Il n’en reste que 3 #142-7239-4,Liquidation◊Exclusivité,60.33,"7,93","19,99"
169,"Meadowvale, ON","Ballons en latex ronds célébration étincelante 50 Happy Birthday, noir/or/argent, à pois, 12 po, paq. 15, pour fête d'anniversaire","Ballons en latex ronds célébration étincelante 50 Happy Birthday, noir/or/argent, à pois, 12 po, paq. 15, pour fête d'anniversaire",2.99,"2,99 $",5.99,"5,99 $Était   et+ prix était à partir de 5,99 $",2.99,"2,99 $",2.99,"2,99 $",true,https://www.canadiantire.ca/fr/pdp/ballons-en-latex-ronds-celebration-etincelante-50-happy-birthday-noir-or-argent-a-pois-12-po-paq-15-pour-fete-d-anniversaire-8420179p.html,https://www.canadiantire.ca/fr/pdp/ballons-en-latex-ronds-celebration-etincelante-50-happy-birthday-noir-or-argent-a-pois-12-po-paq-15-pour-fete-d-anniversaire-8420179p.html,https://media-www.partycity.ca/product/seasonal-gardening/party-city-everyday/party-city-party-supplies-decor/8420179/50th-birthday-balloons-15ct-sparkling-celebration-1f158f40-ebbc-4afc-9504-6abbb9a45eae-jpgrendition.jpg?im=whresize&wid=200&hei=200,https://media-www.partycity.ca/product/seasonal-gardening/party-city-everyday/party-city-party-supplies-decor/8420179/50th-birthday-balloons-15ct-sparkling-celebration-1f158f40-ebbc-4afc-9504-6abbb9a45eae-jpgrendition.jpg?im=whresize&wid=200&hei=200,,8420179,842-0179-2,Il n’en reste que 3 #842-0179-2,Liquidation◊,50.08,"2,99","5,99"
169,"Meadowvale, ON","Accessoires de squelette en posture de yoga For Living, 7 po, blanc, décorations d'intérieur et d'extérieur pour l'Halloween","Accessoires de squelette en posture de yoga For Living, 7 po, blanc, décorations d'intérieur et d'extérieur pour l'Halloween",4.93,"4,93 $",14.99,"Était±  14,99 $prix était 14,99 $",4.93,"4,93 $",4.93,"4,93 $",true,https://www.canadiantire.ca/fr/pdp/accessoires-de-squelette-en-posture-de-yoga-for-living-7-po-blanc-decorations-d-interieur-et-d-exterieur-pour-l-halloween-1510846p.html,https://www.canadiantire.ca/fr/pdp/accessoires-de-squelette-en-posture-de-yoga-for-living-7-po-blanc-decorations-d-interieur-et-d-exterieur-pour-l-halloween-1510846p.html,https://media-www.canadiantire.ca/product/seasonal-gardening/seasonal/halloween-harvest/1510846/yoga-skeleton-assorted-0a8413fa-83b1-4686-8a66-7211d01e48f9-jpgrendition.jpg?im=whresize&wid=200&hei=200,https://media-www.canadiantire.ca/product/seasonal-gardening/seasonal/halloween-harvest/1510846/yoga-skeleton-assorted-0a8413fa-83b1-4686-8a66-7211d01e48f9-jpgrendition.jpg?im=whresize&wid=200&hei=200,,1510846,151-0846-8,,Liquidation◊Mieux notés,67.11,"4,93","14,99"
169,"Meadowvale, ON",Support pour rallonge Zerostart,Support pour rallonge Zerostart,2,"2,00 $",14.98,"Était±  14,98 $prix était 14,98 $",2,"2,00 $",2,"2,00 $",true,https://www.canadiantire.ca/fr/pdp/support-pour-rallonge-zerostart-0300020p.html,https://www.canadiantire.ca/fr/pdp/support-pour-rallonge-zerostart-0300020p.html,https://media-www.canadiantire.ca/product/automotive/heavy-auto-parts/auto-heating-cooling-parts/0300020/extension-cord-holder-c0e280d8-843b-49e9-b21c-7c59e7ea5f3c-jpgrendition.jpg?im=whresize&wid=200&hei=200,https://media-www.canadiantire.ca/product/automotive/heavy-auto-parts/auto-heating-cooling-parts/0300020/extension-cord-holder-c0e280d8-843b-49e9-b21c-7c59e7ea5f3c-jpgrendition.jpg?im=whresize&wid=200&hei=200,,0300020,030-0020-0,Il n’en reste que 6 #030-0020-0,Liquidation◊Mieux notés,86.65,"2,00","14,98"
169,"Meadowvale, ON","Guirlande artificielle de houx panaché de Noël avec baies For Living CANVAS, 6 pi","Guirlande artificielle de houx panaché de Noël avec baies For Living CANVAS, 6 pi",19.93,"19,93 $",39.99,"Était±  39,99 $prix était 39,99 $",19.93,"19,93 $",19.93,"19,93 $",true,https://www.canadiantire.ca/fr/pdp/guirlande-artificielle-de-houx-panache-de-noel-avec-baies-for-living-canvas-6-pi-0515310p.html,https://www.canadiantire.ca/fr/pdp/guirlande-artificielle-de-houx-panache-de-noel-avec-baies-for-living-canvas-6-pi-0515310p.html,https://media-www.canadiantire.ca/product/seasonal-gardening/seasonal/christmas-indoor-decor/0515310/6-winter-ivey-garland-with-berries-48640021-a82f-4c6f-a68c-ab13e2b08cfd-jpgrendition.jpg?im=whresize&wid=200&hei=200,https://media-www.canadiantire.ca/product/seasonal-gardening/seasonal/christmas-indoor-decor/0515310/6-winter-ivey-garland-with-berries-48640021-a82f-4c6f-a68c-ab13e2b08cfd-jpgrendition.jpg?im=whresize&wid=200&hei=200,,0515310,051-5310-0,Il n’en reste que 5 #051-5310-0,Liquidation◊Mieux notés,50.16,"19,93","39,99"
169,"Meadowvale, ON","Sac d'oeufs d'araignée suspendu à DEL, paq. 2","Sac d'oeufs d'araignée suspendu à DEL, paq. 2",9.93,"9,93 $",19.99,"Était±  19,99 $prix était 19,99 $",9.93,"9,93 $",9.93,"9,93 $",true,https://www.canadiantire.ca/fr/pdp/sac-d-oeufs-d-araignee-suspendu-a-del-paq-2-1519694p.html,https://www.canadiantire.ca/fr/pdp/sac-d-oeufs-d-araignee-suspendu-a-del-paq-2-1519694p.html,https://media-www.canadiantire.ca/product/party-city/party-city-seasonal/halloween-harvest/1519694/hanging-led-spider-egg-sack-2pk-bf334d9d-dd1d-4154-b9a1-f39901449e3b-jpgrendition.jpg?im=whresize&wid=200&hei=200,https://media-www.canadiantire.ca/product/party-city/party-city-seasonal/halloween-harvest/1519694/hanging-led-spider-egg-sack-2pk-bf334d9d-dd1d-4154-b9a1-f39901449e3b-jpgrendition.jpg?im=whresize&wid=200&hei=200,,1519694,151-9694-4,Il n’en reste que 4 #151-9694-4,Liquidation◊Mieux notés,50.33,"9,93","19,99"
169,"Meadowvale, ON","Crochets utilitaires pour mur à lamelles/rails Mastercraft, paq. 4","Crochets utilitaires pour mur à lamelles/rails Mastercraft, paq. 4",14.93,"14,93 $",54.99,"Était±  54,99 $prix était 54,99 $",14.93,"14,93 $",14.93,"14,93 $",true,https://www.canadiantire.ca/fr/pdp/crochets-utilitaires-pour-mur-a-lamelles-rails-mastercraft-paq-4-0468697p.html,https://www.canadiantire.ca/fr/pdp/crochets-utilitaires-pour-mur-a-lamelles-rails-mastercraft-paq-4-0468697p.html,https://media-www.canadiantire.ca/product/fixing/tools/garage-organization/0468697/mastercraft-slat-wall-utility-kit-4-hooks--34ff2061-439f-41dc-a11a-c99f11ce946c-jpgrendition.jpg?im=whresize&wid=200&hei=200,https://media-www.canadiantire.ca/product/fixing/tools/garage-organization/0468697/mastercraft-slat-wall-utility-kit-4-hooks--34ff2061-439f-41dc-a11a-c99f11ce946c-jpgrendition.jpg?im=whresize&wid=200&hei=200,,0468697,046-8697-6,Il n’en reste que 2 #046-8697-6,Liquidation◊Mieux notés,72.85,"14,93","54,99"
169,"Meadowvale, ON","Bouton-pressoir lumineux hydrofuge à fil pour sonnette avec montage encastré Globe, métal blanc","Bouton-pressoir lumineux hydrofuge à fil pour sonnette avec montage encastré Globe, métal blanc",7.93,"7,93 $",15.99,"Était±  15,99 $prix était 15,99 $",7.93,"7,93 $",7.93,"7,93 $",true,https://www.canadiantire.ca/fr/pdp/bouton-pressoir-lumineux-hydrofuge-a-fil-pour-sonnette-avec-montage-encastre-globe-metal-blanc-0521741p.html,https://www.canadiantire.ca/fr/pdp/bouton-pressoir-lumineux-hydrofuge-a-fil-pour-sonnette-avec-montage-encastre-globe-metal-blanc-0521741p.html,https://media-www.canadiantire.ca/product/fixing/hardware/curb-appeal/0521741/wired-push-button-white-metal-lighted-recess-mount-ea476911-5c41-4a2e-b60d-d249e1381e3f-jpgrendition.jpg?im=whresize&wid=200&hei=200,https://media-www.canadiantire.ca/product/fixing/hardware/curb-appeal/0521741/wired-push-button-white-metal-lighted-recess-mount-ea476911-5c41-4a2e-b60d-d249e1381e3f-jpgrendition.jpg?im=whresize&wid=200&hei=200,,0521741,052-1741-6,Il n’en reste que 3 #052-1741-6,Liquidation◊,50.41,"7,93","15,99"
169,"Meadowvale, ON","Collier pour chiens ajustable Perri's, camouflage vert, choix de tailles","Collier pour chiens ajustable Perri's, camouflage vert, choix de tailles",7.93,"7,93 $",17.99,"17,99 $Était   et+ prix était à partir de 17,99 $",7.93,"7,93 $",7.93,"7,93 $",true,https://www.canadiantire.ca/fr/pdp/collier-pour-chiens-ajustable-perri-s-camouflage-vert-choix-de-tailles-2420737p.html,https://www.canadiantire.ca/fr/pdp/collier-pour-chiens-ajustable-perri-s-camouflage-vert-choix-de-tailles-2420737p.html,https://media-www.canadiantire.ca/product/living/pet-care/pet-accessories/2420737/perri-s-camo-green-dog-collar-small-281b1e66-f5f7-40e0-9e5a-049be2434acc-jpgrendition.jpg?im=whresize&wid=200&hei=200,https://media-www.canadiantire.ca/product/living/pet-care/pet-accessories/2420737/perri-s-camo-green-dog-collar-small-281b1e66-f5f7-40e0-9e5a-049be2434acc-jpgrendition.jpg?im=whresize&wid=200&hei=200,,2420737,242-0737,Vérifiez la disponibilité#242-0737X,Liquidation◊Exclusivité,55.92,"7,93","17,99"
169,"Meadowvale, ON","Aérateur à pointes tractable Precision pour tondeuse à siège avec pneus, 40 po","Aérateur à pointes tractable Precision pour tondeuse à siège avec pneus, 40 po",99.93,"99,93 $",229.99,"Était±  229,99 $prix était 229,99 $",99.93,"99,93 $",99.93,"99,93 $",true,https://www.canadiantire.ca/fr/pdp/aerateur-a-pointes-tractable-precision-pour-tondeuse-a-siege-avec-pneus-40-po-0600197p.html,https://www.canadiantire.ca/fr/pdp/aerateur-a-pointes-tractable-precision-pour-tondeuse-a-siege-avec-pneus-40-po-0600197p.html,https://media-www.canadiantire.ca/product/seasonal-gardening/outdoor-tools/ope-parts-accessories/0600197/certified-spike-aerator-d7f37506-3517-4df7-89cd-60771d0f3b70-jpgrendition.jpg?im=whresize&wid=200&hei=200,https://media-www.canadiantire.ca/product/seasonal-gardening/outdoor-tools/ope-parts-accessories/0600197/certified-spike-aerator-d7f37506-3517-4df7-89cd-60771d0f3b70-jpgrendition.jpg?im=whresize&wid=200&hei=200,,0600197,060-0197-8,Il n’en reste que 2 #060-0197-8,Liquidation◊,56.55,"99,93","229,99"
169,"Meadowvale, ON","Plaque murale sans vis Legrand RWP263NICC6 Radiant, 3 dispositifs, nickel","Plaque murale sans vis Legrand RWP263NICC6 Radiant, 3 dispositifs, nickel",7.93,"7,93 $",18.99,"Était±  18,99 $prix était 18,99 $",7.93,"7,93 $",7.93,"7,93 $",true,https://www.canadiantire.ca/fr/pdp/plaque-murale-sans-vis-legrand-rwp263nicc6-radiant-3-dispositifs-nickel-0529160p.html,https://www.canadiantire.ca/fr/pdp/plaque-murale-sans-vis-legrand-rwp263nicc6-radiant-3-dispositifs-nickel-0529160p.html,https://media-www.canadiantire.ca/product/fixing/electrical/rough-electrical/0529160/3-gang-screwless-plate-nickel-0308d264-d33d-4015-b8ad-86c0358cd08d-jpgrendition.jpg?im=whresize&wid=200&hei=200,https://media-www.canadiantire.ca/product/fixing/electrical/rough-electrical/0529160/3-gang-screwless-plate-nickel-0308d264-d33d-4015-b8ad-86c0358cd08d-jpgrendition.jpg?im=whresize&wid=200&hei=200,,0529160,052-9160-0,Il n’en reste que 1 #052-9160-0,Liquidation◊Mieux notés,58.24,"7,93","18,99"
169,"Meadowvale, ON","Trousse d'éclairage de Type S Hyper Bright, 24 po","Trousse d'éclairage de Type S Hyper Bright, 24 po",9.93,"9,93 $",39.99,"39,99 $Était   et+ prix était à partir de 39,99 $",9.93,"9,93 $",9.93,"9,93 $",true,https://www.canadiantire.ca/fr/pdp/trousse-d-eclairage-de-type-s-hyper-bright-24-po-0373251p.html,https://www.canadiantire.ca/fr/pdp/trousse-d-eclairage-de-type-s-hyper-bright-24-po-0373251p.html,https://media-www.canadiantire.ca/product/automotive/car-care-accessories/auto-accessories/0373251/24-hyper-bright-blue-lighting-kit-f68adc81-7c75-4e1e-a1e3-c289ac3700b9-jpgrendition.jpg?im=whresize&wid=200&hei=200,https://media-www.canadiantire.ca/product/automotive/car-care-accessories/auto-accessories/0373251/24-hyper-bright-blue-lighting-kit-f68adc81-7c75-4e1e-a1e3-c289ac3700b9-jpgrendition.jpg?im=whresize&wid=200&hei=200,,0373251,037-3251,Vérifiez la disponibilité#037-3251X,Liquidation◊Mieux notés,75.17,"9,93","39,99"
169,"Meadowvale, ON",Pince à capot Kimpex en caoutchouc pour motoneiges Ski-Doo,Pince à capot Kimpex en caoutchouc pour motoneiges Ski-Doo,2.93,"2,93 $",7.49,"Était±  7,49 $prix était 7,49 $",2.93,"2,93 $",2.93,"2,93 $",true,https://www.canadiantire.ca/fr/pdp/pince-a-capot-kimpex-en-caoutchouc-pour-motoneiges-ski-doo-0269184p.html,https://www.canadiantire.ca/fr/pdp/pince-a-capot-kimpex-en-caoutchouc-pour-motoneiges-ski-doo-0269184p.html,https://media-www.canadiantire.ca/product/automotive/automotive-outdoor-adventure/powersport/0269184/kimpex-hood-clamp-085591df-11f6-4a05-8b00-fb5e5c736fed-jpgrendition.jpg?im=whresize&wid=200&hei=200,https://media-www.canadiantire.ca/product/automotive/automotive-outdoor-adventure/powersport/0269184/kimpex-hood-clamp-085591df-11f6-4a05-8b00-fb5e5c736fed-jpgrendition.jpg?im=whresize&wid=200&hei=200,,0269184,026-9184-8,Il n’en reste que 2 #026-9184-8,Liquidation◊,60.88,"2,93","7,49"
169,"Meadowvale, ON","Feu de hayon à DEL Hopkins Towing Solution, 48 à 60 po","Feu de hayon à DEL Hopkins Towing Solution, 48 à 60 po",48.93,"48,93 $",99.99,"Était±  99,99 $prix était 99,99 $",48.93,"48,93 $",48.93,"48,93 $",true,https://www.canadiantire.ca/fr/pdp/feu-de-hayon-a-del-hopkins-towing-solution-48-a-60-po-0203851p.html,https://www.canadiantire.ca/fr/pdp/feu-de-hayon-a-del-hopkins-towing-solution-48-a-60-po-0203851p.html,https://media-www.canadiantire.ca/product/automotive/automotive-outdoor-adventure/auto-travel-storage/0203851/tailgate-led-light-48-60--5c1404ac-955b-457d-b3c3-23bf3b42bbd9-jpgrendition.jpg?im=whresize&wid=200&hei=200,https://media-www.canadiantire.ca/product/automotive/automotive-outdoor-adventure/auto-travel-storage/0203851/tailgate-led-light-48-60--5c1404ac-955b-457d-b3c3-23bf3b42bbd9-jpgrendition.jpg?im=whresize&wid=200&hei=200,,0203851,020-3851-8,Il n’en reste que 1 #020-3851-8,Liquidation◊,51.07,"48,93","99,99"
