store_id,city,name,title,price,price_raw,regular_price,regular_price_raw,liquidation_price,liquidation_price_raw,sale_price,sale_price_raw,liquidation,url,link,image,image_url,product_id,sku,sku_formatted,availability,badges,discount_percent,price_sale_clean,price_original_clean
694,"Kingston Division St., ON","Bouteille d'eau Woods, 650 ml, acier inoxydable, étanche, noire","Bouteille d'eau Woods, 650 ml, acier inoxydable, étanche, noire",9.93,"9,93 $",24.99,"24,99 $Était   et+ prix était à partir de 24,99 $",9.93,"9,93 $",9.93,"9,93 $",true,https://www.canadiantire.ca/fr/pdp/bouteille-d-eau-woods-650-ml-acier-inoxydable-etanche-noire-0761301p.html,https://www.canadiantire.ca/fr/pdp/bouteille-d-eau-woods-650-ml-acier-inoxydable-etanche-noire-0761301p.html,https://media-www.canadiantire.ca/product/playing/camping/camping-living/0761303/woods-water-bottle-medium-black-2b72db9e-5b04-46c0-8136-97dc000522cb-jpgrendition.jpg?im=whresize&wid=200&hei=200,https://media-www.canadiantire.ca/product/playing/camping/camping-living/0761303/woods-water-bottle-medium-black-2b72db9e-5b04-46c0-8136-97dc000522cb-jpgrendition.jpg?im=whresize&wid=200&hei=200,,0761301,076-1301,Vérifiez la disponibilité#076-1301X,Liquidation◊Mieux notés,60.26,"9,93","24,99"
694,"Kingston Division St., ON","Service de vaisselle coupé en grès MasterChef pour 8 personnes, paq. 24, bleu sodalite","Service de vaisselle coupé en grès MasterChef pour 8 personnes, paq. 24, bleu sodalite",39.93,"39,93 $",99.99,"Était±  99,99 $prix était 99,99 $",39.93,"39,93 $",39.93,"39,93 $",true,https://www.canadiantire.ca/fr/pdp/service-de-vaisselle-coupe-en-gres-masterchef-pour-8-personnes-paq-24-bleu-sodalite-2421196p.html,https://www.canadiantire.ca/fr/pdp/service-de-vaisselle-coupe-en-gres-masterchef-pour-8-personnes-paq-24-bleu-sodalite-2421196p.html,https://media-www.canadiantire.ca/product/living/kitchen/dining-and-entertaining/2421196/master-chef-essential-coupe-24pc-dinnerware-set-blue-c85cb18a-8249-4642-84cd-a5744c25b94f-jpgrendition.jpg?im=whresize&wid=200&hei=200,https://media-www.canadiantire.ca/product/living/kitchen/dining-and-entertaining/2421196/master-chef-essential-coupe-24pc-dinnerware-set-blue-c85cb18a-8249-4642-84cd-a5744c25b94f-jpgrendition.jpg?im=whresize&wid=200&hei=200,,2421196,242-1196-2,Il n’en reste que 2 #242-1196-2,Liquidation◊Exclusivité,60.07,"39,93","99,99"
694,"Kingston Division St., ON",Support d'entraînement à vélo d'intérieur Raleigh,Support d'entraînement à vélo d'intérieur Raleigh,39.92,"39,92 $",219.99,"Était±  219,99 $prix était 219,99 $",39.92,"39,92 $",39.92,"39,92 $",true,https://www.canadiantire.ca/fr/pdp/support-d-entrainement-a-velo-d-interieur-raleigh-0730584p.html,https://www.canadiantire.ca/fr/pdp/support-d-entrainement-a-velo-d-interieur-raleigh-0730584p.html,https://media-www.canadiantire.ca/product/playing/cycling/bicycle-accessories/0730584/raleigh-bike-trainer-e2630b61-37b1-4963-ba4f-de2eb849f90f-jpgrendition.jpg?im=whresize&wid=200&hei=200,https://media-www.canadiantire.ca/product/playing/cycling/bicycle-accessories/0730584/raleigh-bike-trainer-e2630b61-37b1-4963-ba4f-de2eb849f90f-jpgrendition.jpg?im=whresize&wid=200&hei=200,,0730584,073-0584-6,30 En Stock#073-0584-6,Liquidation◊Mieux notés,81.85,"39,92","219,99"
694,"Kingston Division St., ON","Raquette et balle de tennis léger Matrix de taille officielle, paq. 5","Raquette et balle de tennis léger Matrix de taille officielle, paq. 5",59.92,"59,92 $",129.99,"Était±  129,99 $prix était 129,99 $",59.92,"59,92 $",59.92,"59,92 $",true,https://www.canadiantire.ca/fr/pdp/raquette-et-balle-de-tennis-leger-matrix-de-taille-officielle-paq-5-0844797p.html,https://www.canadiantire.ca/fr/pdp/raquette-et-balle-de-tennis-leger-matrix-de-taille-officielle-paq-5-0844797p.html,https://media-www.canadiantire.ca/product/playing/team-sports-and-golf/court-sports/0844797/matrix-recreational-official-size-pickleball-set-4c8d6609-d474-46cc-9de3-b502e8b563d3-jpgrendition.jpg?im=whresize&wid=200&hei=200,https://media-www.canadiantire.ca/product/playing/team-sports-and-golf/court-sports/0844797/matrix-recreational-official-size-pickleball-set-4c8d6609-d474-46cc-9de3-b502e8b563d3-jpgrendition.jpg?im=whresize&wid=200&hei=200,,0844797,084-4797-0,43 En Stock#084-4797-0,Liquidation◊Articles à succès,53.9,"59,92","129,99"
694,"Kingston Division St., ON","Tasse de voyage à double paroi avec poignée Bubba Keg Classic, 20 oz, choix de couleurs","Tasse de voyage à double paroi avec poignée Bubba Keg Classic, 20 oz, choix de couleurs",9.93,"9,93 $",24.99,"24,99 $Était   et+ prix était à partir de 24,99 $",9.93,"9,93 $",9.93,"9,93 $",true,https://www.canadiantire.ca/fr/pdp/tasse-de-voyage-a-double-paroi-avec-poignee-bubba-keg-classic-20-oz-choix-de-couleurs-2425153p.html,https://www.canadiantire.ca/fr/pdp/tasse-de-voyage-a-double-paroi-avec-poignee-bubba-keg-classic-20-oz-choix-de-couleurs-2425153p.html,https://media-www.canadiantire.ca/product/living/kitchen/food-storage/2425154/bubba-20-oz-keg-mug-magenta-0effc0af-c6a5-482f-b1fb-0de772f237a0-jpgrendition.jpg?im=whresize&wid=200&hei=200,https://media-www.canadiantire.ca/product/living/kitchen/food-storage/2425154/bubba-20-oz-keg-mug-magenta-0effc0af-c6a5-482f-b1fb-0de772f237a0-jpgrendition.jpg?im=whresize&wid=200&hei=200,,2425153,242-5153,Vérifiez la disponibilité#242-5153X,Liquidation◊Mieux notés,60.26,"9,93","24,99"
694,"Kingston Division St., ON",Aspirateur sans fil de déchets secs/humides tout-en-un et appareil de nettoyage de planchers durs Bissell CrossWave OmniFind Pet Pro,Aspirateur sans fil de déchets secs/humides tout-en-un et appareil de nettoyage de planchers durs Bissell CrossWave OmniFind Pet Pro,179.93,"179,93 $",379.99,"Était±  379,99 $prix était 379,99 $",179.93,"179,93 $",179.93,"179,93 $",true,https://www.canadiantire.ca/fr/pdp/aspirateur-sans-fil-de-dechets-secs-humides-tout-en-un-et-appareil-de-nettoyage-de-planchers-durs-bissell-crosswave-omnifind-pet-pro-0437233p.html,https://www.canadiantire.ca/fr/pdp/aspirateur-sans-fil-de-dechets-secs-humides-tout-en-un-et-appareil-de-nettoyage-de-planchers-durs-bissell-crosswave-omnifind-pet-pro-0437233p.html,https://media-www.canadiantire.ca/product/living/cleaning/vacuums-and-floorcare/0437233/bissell-omnifind-petpro-hard-floor-wet-cleaner-a8a44b1c-d6db-472c-a2a7-50098c512b75-jpgrendition.jpg?im=whresize&wid=200&hei=200,https://media-www.canadiantire.ca/product/living/cleaning/vacuums-and-floorcare/0437233/bissell-omnifind-petpro-hard-floor-wet-cleaner-a8a44b1c-d6db-472c-a2a7-50098c512b75-jpgrendition.jpg?im=whresize&wid=200&hei=200,,0437233,043-7233-2,Il n’en reste que 1 #043-7233-2,Liquidation◊Exclusivité,52.65,"179,93","379,99"
694,"Kingston Division St., ON","Sac de couchage double isotherme pour temps froid Coleman Flatlands avec sac de rangement, 10 °C","Sac de couchage double isotherme pour temps froid Coleman Flatlands avec sac de rangement, 10 °C",44.93,"44,93 $",99.99,"Était±  99,99 $prix était 99,99 $",44.93,"44,93 $",44.93,"44,93 $",true,https://www.canadiantire.ca/fr/pdp/sac-de-couchage-double-isotherme-pour-temps-froid-coleman-flatlands-avec-sac-de-rangement-10-c-0766638p.html,https://www.canadiantire.ca/fr/pdp/sac-de-couchage-double-isotherme-pour-temps-froid-coleman-flatlands-avec-sac-de-rangement-10-c-0766638p.html,https://media-www.canadiantire.ca/product/playing/camping/camping-furniture/0766638/coleman-flatlands-10c-sleeping-bag-cda9afb3-1271-4c50-9ed4-56d12c8e2b36-jpgrendition.jpg?im=whresize&wid=200&hei=200,https://media-www.canadiantire.ca/product/playing/camping/camping-furniture/0766638/coleman-flatlands-10c-sleeping-bag-cda9afb3-1271-4c50-9ed4-56d12c8e2b36-jpgrendition.jpg?im=whresize&wid=200&hei=200,,0766638,076-6638-8,Il n’en reste que 1 #076-6638-8,Liquidation◊Mieux notés,55.07,"44,93","99,99"
694,"Kingston Division St., ON","Fauteuil de salle à manger de jardin/d'extérieur en osier CANVAS Jasper, toute saison, paq. 2","Fauteuil de salle à manger de jardin/d'extérieur en osier CANVAS Jasper, toute saison, paq. 2",179.93,"179,93 $",499.99,"Était±  499,99 $prix était 499,99 $",179.93,"179,93 $",179.93,"179,93 $",true,https://www.canadiantire.ca/fr/pdp/fauteuil-de-salle-a-manger-de-jardin-d-exterieur-en-osier-canvas-jasper-toute-saison-paq-2-1880272p.html,https://www.canadiantire.ca/fr/pdp/fauteuil-de-salle-a-manger-de-jardin-d-exterieur-en-osier-canvas-jasper-toute-saison-paq-2-1880272p.html,https://media-www.canadiantire.ca/product/seasonal-gardening/backyard-living/outdoor-furniture/1880272/canvas-jasper-dining-chair-2pk-2a5479fd-5f27-4f3d-85e2-8b4b9fa230c9-jpgrendition.jpg?im=whresize&wid=200&hei=200,https://media-www.canadiantire.ca/product/seasonal-gardening/backyard-living/outdoor-furniture/1880272/canvas-jasper-dining-chair-2pk-2a5479fd-5f27-4f3d-85e2-8b4b9fa230c9-jpgrendition.jpg?im=whresize&wid=200&hei=200,,1880272,188-0272-6,Il n’en reste que 1 #188-0272-6,Liquidation◊Exclusivité,64.01,"179,93","499,99"
694,"Kingston Division St., ON",Nettoyant pour plancher dur humide Dyson WashG1,Nettoyant pour plancher dur humide Dyson WashG1,299.93,"299,93 $",899.99,"Était±  899,99 $prix était 899,99 $",299.93,"299,93 $",299.93,"299,93 $",true,https://www.canadiantire.ca/fr/pdp/nettoyant-pour-plancher-dur-humide-dyson-washg1-0437203p.html,https://www.canadiantire.ca/fr/pdp/nettoyant-pour-plancher-dur-humide-dyson-washg1-0437203p.html,https://media-www.canadiantire.ca/product/living/cleaning/vacuums-and-floorcare/0437203/dyson-washg1a-is-the-latest-wet-cleaning-technology--78d707ef-8aa9-4cfb-9da1-6723242c10bc-jpgrendition.jpg?im=whresize&wid=200&hei=200,https://media-www.canadiantire.ca/product/living/cleaning/vacuums-and-floorcare/0437203/dyson-washg1a-is-the-latest-wet-cleaning-technology--78d707ef-8aa9-4cfb-9da1-6723242c10bc-jpgrendition.jpg?im=whresize&wid=200&hei=200,,0437203,043-7203-4,Il n’en reste que 1 #043-7203-4,Liquidation◊,66.67,"299,93","899,99"
694,"Kingston Division St., ON","Ensemble de détente For Living Avenue, 4 pièces","Ensemble de détente For Living Avenue, 4 pièces",349.93,"349,93 $",699.99,"Était±  699,99 $prix était 699,99 $",349.93,"349,93 $",349.93,"349,93 $",true,https://www.canadiantire.ca/fr/pdp/ensemble-de-detente-for-living-avenue-4-pieces-1881372p.html,https://www.canadiantire.ca/fr/pdp/ensemble-de-detente-for-living-avenue-4-pieces-1881372p.html,https://media-www.canadiantire.ca/product/seasonal-gardening/backyard-living/outdoor-furniture/1881372/for-living-avenue-4-pc-conversation-set-3f6194c7-af31-4b20-8c68-e15c8926954d-jpgrendition.jpg?im=whresize&wid=200&hei=200,https://media-www.canadiantire.ca/product/seasonal-gardening/backyard-living/outdoor-furniture/1881372/for-living-avenue-4-pc-conversation-set-3f6194c7-af31-4b20-8c68-e15c8926954d-jpgrendition.jpg?im=whresize&wid=200&hei=200,,1881372,188-1372-2,Il n’en reste que 1 #188-1372-2,Liquidation◊Exclusivité,50.01,"349,93","699,99"
694,"Kingston Division St., ON","Support à pneus à tablette réglable MotoMaster, capacité de 300 lb","Support à pneus à tablette réglable MotoMaster, capacité de 300 lb",33.93,"33,93 $",74.99,"Était±  74,99 $prix était 74,99 $",33.93,"33,93 $",33.93,"33,93 $",true,https://www.canadiantire.ca/fr/pdp/support-a-pneus-a-tablette-reglable-motomaster-capacite-de-300-lb-0091537p.html,https://www.canadiantire.ca/fr/pdp/support-a-pneus-a-tablette-reglable-motomaster-capacite-de-300-lb-0091537p.html,https://media-www.canadiantire.ca/product/automotive/auto-maintenance/auto-shop-equipment-supplies/0091537/motomaster-adjustable-tire-storage-shelves-797f8bda-21ae-4374-ab65-dfc1341fe0c4-jpgrendition.jpg?im=whresize&wid=200&hei=200,https://media-www.canadiantire.ca/product/automotive/auto-maintenance/auto-shop-equipment-supplies/0091537/motomaster-adjustable-tire-storage-shelves-797f8bda-21ae-4374-ab65-dfc1341fe0c4-jpgrendition.jpg?im=whresize&wid=200&hei=200,,0091537,009-1537-0,Il n’en reste que 3 #009-1537-0,Liquidation◊Exclusivité,54.75,"33,93","74,99"
694,"Kingston Division St., ON","Étagère de rangement saisonnier Mastercraft avec chariot plateforme roulant, noir, 166,37 x 90,17 x 172,72 cm(65,5 x 35,5 x 68 po)","Étagère de rangement saisonnier Mastercraft avec chariot plateforme roulant, noir, 166,37 x 90,17 x 172,72 cm(65,5 x 35,5 x 68 po)",149.93,"149,93 $",299.99,"Était±  299,99 $prix était 299,99 $",149.93,"149,93 $",149.93,"149,93 $",true,https://www.canadiantire.ca/fr/pdp/etagere-de-rangement-saisonnier-mastercraft-avec-chariot-plateforme-roulant-noir-166-37-x-90-17-x-172-72-cm-65-5-x-35-5-x-68-po-0681822p.html,https://www.canadiantire.ca/fr/pdp/etagere-de-rangement-saisonnier-mastercraft-avec-chariot-plateforme-roulant-noir-166-37-x-90-17-x-172-72-cm-65-5-x-35-5-x-68-po-0681822p.html,https://media-www.canadiantire.ca/product/fixing/tools/garage-organization/0681822/mastercraft-seasonal-storage-rack-4657eb31-2d51-419f-a388-3dcc3e45f853-jpgrendition.jpg?im=whresize&wid=200&hei=200,https://media-www.canadiantire.ca/product/fixing/tools/garage-organization/0681822/mastercraft-seasonal-storage-rack-4657eb31-2d51-419f-a388-3dcc3e45f853-jpgrendition.jpg?im=whresize&wid=200&hei=200,,0681822,068-1822-8,Il n’en reste que 1 #068-1822-8,Liquidation◊Mieux notés,50.02,"149,93","299,99"
694,"Kingston Division St., ON","Bibliothèque étroite à cadre en métal à 4 niveaux avec porte de rangement CANVAS Robson, fini chêne","Bibliothèque étroite à cadre en métal à 4 niveaux avec porte de rangement CANVAS Robson, fini chêne",119.93,"119,93 $",299.99,"Était±  299,99 $prix était 299,99 $",119.93,"119,93 $",119.93,"119,93 $",true,https://www.canadiantire.ca/fr/pdp/bibliotheque-etroite-a-cadre-en-metal-a-4-niveaux-avec-porte-de-rangement-canvas-robson-fini-chene-1680046p.html,https://www.canadiantire.ca/fr/pdp/bibliotheque-etroite-a-cadre-en-metal-a-4-niveaux-avec-porte-de-rangement-canvas-robson-fini-chene-1680046p.html,https://media-www.canadiantire.ca/product/living/home-decor/furniture/1680046/canvas-robson-narrow-bookcase-e1615183-0b8a-49f9-8dc3-0a09bf7290ad-jpgrendition.jpg?im=whresize&wid=200&hei=200,https://media-www.canadiantire.ca/product/living/home-decor/furniture/1680046/canvas-robson-narrow-bookcase-e1615183-0b8a-49f9-8dc3-0a09bf7290ad-jpgrendition.jpg?im=whresize&wid=200&hei=200,,1680046,168-0046-4,Il n’en reste que 2 #168-0046-4,Liquidation◊Articles à succès,60.02,"119,93","299,99"
694,"Kingston Division St., ON","Sac banane/Sac de taille pour hanche/épaule Outbound avec sangle ajustable, choix varié, 2 l","Sac banane/Sac de taille pour hanche/épaule Outbound avec sangle ajustable, choix varié, 2 l",4.93,"4,93 $",9.99,"Était±  9,99 $prix était 9,99 $",4.93,"4,93 $",4.93,"4,93 $",true,https://www.canadiantire.ca/fr/pdp/sac-banane-sac-de-taille-pour-hanche-epaule-outbound-avec-sangle-ajustable-choix-varie-2-l-0766195p.html,https://www.canadiantire.ca/fr/pdp/sac-banane-sac-de-taille-pour-hanche-epaule-outbound-avec-sangle-ajustable-choix-varie-2-l-0766195p.html,https://media-www.canadiantire.ca/product/playing/camping/backpacks-luggage-accessories/0766195/outbound-hip-pack-27a2088e-6a32-45e0-ab5f-bf6f9f92e327-jpgrendition.jpg?im=whresize&wid=200&hei=200,https://media-www.canadiantire.ca/product/playing/camping/backpacks-luggage-accessories/0766195/outbound-hip-pack-27a2088e-6a32-45e0-ab5f-bf6f9f92e327-jpgrendition.jpg?im=whresize&wid=200&hei=200,,0766195,076-6195-0,Il n’en reste que 7 #076-6195-0,Liquidation◊Mieux notés,50.65,"4,93","9,99"
694,"Kingston Division St., ON",Auvent de piscine Swimways pour piscines de 14 à 16 pi,Auvent de piscine Swimways pour piscines de 14 à 16 pi,19.92,"19,92 $",129.99,"Était±  129,99 $prix était 129,99 $",19.92,"19,92 $",19.92,"19,92 $",true,https://www.canadiantire.ca/fr/pdp/auvent-de-piscine-swimways-pour-piscines-de-14-a-16-pi-0813966p.html,https://www.canadiantire.ca/fr/pdp/auvent-de-piscine-swimways-pour-piscines-de-14-a-16-pi-0813966p.html,https://media-www.canadiantire.ca/product/seasonal-gardening/backyard-fun/pool-maintenance/0813966/swimways-pool-canopy-14-16ft-pools-a133b43e-5c2b-41b5-b17a-4fc6ba302c17-jpgrendition.jpg?im=whresize&wid=200&hei=200,https://media-www.canadiantire.ca/product/seasonal-gardening/backyard-fun/pool-maintenance/0813966/swimways-pool-canopy-14-16ft-pools-a133b43e-5c2b-41b5-b17a-4fc6ba302c17-jpgrendition.jpg?im=whresize&wid=200&hei=200,,0813966,081-3966-0,64 En Stock#081-3966-0,Liquidation◊,84.68,"19,92","129,99"
694,"Kingston Division St., ON","Gant de baseball Matrix, noir/chameau, 12 po, main gauche","Gant de baseball Matrix, noir/chameau, 12 po, main gauche",14.92,"14,92 $",49.99,"Était±  49,99 $prix était 49,99 $",14.92,"14,92 $",14.92,"14,92 $",true,https://www.canadiantire.ca/fr/pdp/gant-de-baseball-matrix-noir-chameau-12-po-main-gauche-0803079p.html,https://www.canadiantire.ca/fr/pdp/gant-de-baseball-matrix-noir-chameau-12-po-main-gauche-0803079p.html,https://media-www.canadiantire.ca/product/playing/team-sports-and-golf/field-sports/0803079/matrix-fielding-glove-black-camel-12-left-hand-catch-fb9b9edc-d7ff-486d-b3e9-5cefef60f36b-jpgrendition.jpg?im=whresize&wid=200&hei=200,https://media-www.canadiantire.ca/product/playing/team-sports-and-golf/field-sports/0803079/matrix-fielding-glove-black-camel-12-left-hand-catch-fb9b9edc-d7ff-486d-b3e9-5cefef60f36b-jpgrendition.jpg?im=whresize&wid=200&hei=200,,0803079,080-3079-4,Il n’en reste que 1 #080-3079-4,Liquidation◊Mieux notés,70.15,"14,92","49,99"
694,"Kingston Division St., ON","Planche à pagaie pour 1 personne junior Pelican Vibe 80, lime, 8 pi","Planche à pagaie pour 1 personne junior Pelican Vibe 80, lime, 8 pi",149.93,"149,93 $",299.99,"Était±  299,99 $prix était 299,99 $",149.93,"149,93 $",149.93,"149,93 $",true,https://www.canadiantire.ca/fr/pdp/planche-a-pagaie-pour-1-personne-junior-pelican-vibe-80-lime-8-pi-0798536p.html,https://www.canadiantire.ca/fr/pdp/planche-a-pagaie-pour-1-personne-junior-pelican-vibe-80-lime-8-pi-0798536p.html,https://media-www.canadiantire.ca/product/playing/seasonal-recreation/marine-water-fun/0798536/sup-pelican-junior-vibe-80-908d32af-d15f-46f4-92d9-e57b6ad88a8f-jpgrendition.jpg?im=whresize&wid=200&hei=200,https://media-www.canadiantire.ca/product/playing/seasonal-recreation/marine-water-fun/0798536/sup-pelican-junior-vibe-80-908d32af-d15f-46f4-92d9-e57b6ad88a8f-jpgrendition.jpg?im=whresize&wid=200&hei=200,,0798536,079-8536-2,Il n’en reste que 1 #079-8536-2,Liquidation◊,50.02,"149,93","299,99"
694,"Kingston Division St., ON","Décanteur et verres whisky en verre Trudeau, 5 pièces","Décanteur et verres whisky en verre Trudeau, 5 pièces",19.93,"19,93 $",39.99,"Était±  39,99 $prix était 39,99 $",19.93,"19,93 $",19.93,"19,93 $",true,https://www.canadiantire.ca/fr/pdp/decanteur-et-verres-whisky-en-verre-trudeau-5-pieces-1426174p.html,https://www.canadiantire.ca/fr/pdp/decanteur-et-verres-whisky-en-verre-trudeau-5-pieces-1426174p.html,https://media-www.canadiantire.ca/product/living/kitchen/dining-and-entertaining/1426174/trudeau-whiskey-set-5-pc-19b99451-15bf-4b77-b69f-9d77f38abab3-jpgrendition.jpg?im=whresize&wid=200&hei=200,https://media-www.canadiantire.ca/product/living/kitchen/dining-and-entertaining/1426174/trudeau-whiskey-set-5-pc-19b99451-15bf-4b77-b69f-9d77f38abab3-jpgrendition.jpg?im=whresize&wid=200&hei=200,,1426174,142-6174-2,Il n’en reste que 1 #142-6174-2,Liquidation◊,50.16,"19,93","39,99"
694,"Kingston Division St., ON","Vélo électrique tout-terrain Raleigh Getaway 36 V, 700C roues, noir","Vélo électrique tout-terrain Raleigh Getaway 36 V, 700C roues, noir",999.92,"999,92 $",2799.99,"Était±  2 799,99 $prix était 2 799,99 $",999.92,"999,92 $",999.92,"999,92 $",true,https://www.canadiantire.ca/fr/pdp/velo-electrique-tout-terrain-raleigh-getaway-36-v-700c-roues-noir-0711931p.html,https://www.canadiantire.ca/fr/pdp/velo-electrique-tout-terrain-raleigh-getaway-36-v-700c-roues-noir-0711931p.html,https://media-www.canadiantire.ca/product/playing/cycling/bicycles/0711931/raleigh-getaway-men-s-electric-bike-700c-e4b77c61-6dc1-49c0-b6d7-114a1fe93cc4-jpgrendition.jpg?im=whresize&wid=200&hei=200,https://media-www.canadiantire.ca/product/playing/cycling/bicycles/0711931/raleigh-getaway-men-s-electric-bike-700c-e4b77c61-6dc1-49c0-b6d7-114a1fe93cc4-jpgrendition.jpg?im=whresize&wid=200&hei=200,,0711931,071-1931-8,Il n’en reste que 3 #071-1931-8,Liquidation◊Articles à succès,64.29,"999,92","2799,99"
694,"Kingston Division St., ON","Chaussures de soccer Adidas Goletto II, FG, homme","Chaussures de soccer Adidas Goletto II, FG, homme",29.92,"29,92 $",74.99,"74,99 $Était   et+ prix était à partir de 74,99 $",29.92,"29,92 $",29.92,"29,92 $",true,https://www.canadiantire.ca/fr/pdp/chaussures-de-soccer-adidas-goletto-ii-fg-homme-0898050p.html,https://www.canadiantire.ca/fr/pdp/chaussures-de-soccer-adidas-goletto-ii-fg-homme-0898050p.html,https://media-www.canadiantire.ca/product/playing/team-sports-and-golf/field-sports/0898050/adidas-goletto-ii-fg-soccer-shoes-mens-size-7-62a196be-6596-41df-bb24-da370528899d-jpgrendition.jpg?im=whresize&wid=200&hei=200,https://media-www.canadiantire.ca/product/playing/team-sports-and-golf/field-sports/0898050/adidas-goletto-ii-fg-soccer-shoes-mens-size-7-62a196be-6596-41df-bb24-da370528899d-jpgrendition.jpg?im=whresize&wid=200&hei=200,,0898050,089-8050,Vérifiez la disponibilité#089-8050X,Liquidation◊Mieux notés,60.1,"29,92","74,99"
694,"Kingston Division St., ON",CANVAS Bala - Table à manger de jardin en osier à plateau en similibois pour toutes les conditions,CANVAS Bala - Table à manger de jardin en osier à plateau en similibois pour toutes les conditions,199.93,"199,93 $",399.99,"Était±  399,99 $prix était 399,99 $",199.93,"199,93 $",199.93,"199,93 $",true,https://www.canadiantire.ca/fr/pdp/canvas-bala-table-a-manger-de-jardin-en-osier-a-plateau-en-similibois-pour-toutes-les-conditions-0881695p.html,https://www.canadiantire.ca/fr/pdp/canvas-bala-table-a-manger-de-jardin-en-osier-a-plateau-en-similibois-pour-toutes-les-conditions-0881695p.html,https://media-www.canadiantire.ca/product/seasonal-gardening/backyard-living/outdoor-furniture/0881695/canvas-bala-casual-dining-table-5ca88d41-582d-4068-957c-ddee4d89cc49-jpgrendition.jpg?im=whresize&wid=200&hei=200,https://media-www.canadiantire.ca/product/seasonal-gardening/backyard-living/outdoor-furniture/0881695/canvas-bala-casual-dining-table-5ca88d41-582d-4068-957c-ddee4d89cc49-jpgrendition.jpg?im=whresize&wid=200&hei=200,,0881695,088-1695-2,Il n’en reste que 2 #088-1695-2,Liquidation◊Exclusivité,50.02,"199,93","399,99"
694,"Kingston Division St., ON","Meuble pour téléviseur avec foyer électrique multimédia CANVAS Hanover, 58 po, 1 400 W, télécommande comprise, brun","Meuble pour téléviseur avec foyer électrique multimédia CANVAS Hanover, 58 po, 1 400 W, télécommande comprise, brun",349.93,"349,93 $",699.99,"Était±  699,99 $prix était 699,99 $",349.93,"349,93 $",349.93,"349,93 $",true,https://www.canadiantire.ca/fr/pdp/meuble-pour-televiseur-avec-foyer-electrique-multimedia-canvas-hanover-58-po-1-400-w-telecommande-comprise-brun-0644016p.html,https://www.canadiantire.ca/fr/pdp/meuble-pour-televiseur-avec-foyer-electrique-multimedia-canvas-hanover-58-po-1-400-w-telecommande-comprise-brun-0644016p.html,https://media-www.canadiantire.ca/product/living/home-decor/electric-fireplaces/0644016/58-hanover-media-fireplace-09797aee-7b1b-4dab-a0b5-b7fdd10b96e8-jpgrendition.jpg?im=whresize&wid=200&hei=200,https://media-www.canadiantire.ca/product/living/home-decor/electric-fireplaces/0644016/58-hanover-media-fireplace-09797aee-7b1b-4dab-a0b5-b7fdd10b96e8-jpgrendition.jpg?im=whresize&wid=200&hei=200,,0644016,064-4016-8,Il n’en reste que 1 #064-4016-8,Liquidation◊Mieux notés,50.01,"349,93","699,99"
694,"Kingston Division St., ON","Vélo électrique tout-terrain Raleigh Getaway 36 V, 700C roues, bleu","Vélo électrique tout-terrain Raleigh Getaway 36 V, 700C roues, bleu",999.92,"999,92 $",2799.99,"Était±  2 799,99 $prix était 2 799,99 $",999.92,"999,92 $",999.92,"999,92 $",true,https://www.canadiantire.ca/fr/pdp/velo-electrique-tout-terrain-raleigh-getaway-36-v-700c-roues-bleu-0711932p.html,https://www.canadiantire.ca/fr/pdp/velo-electrique-tout-terrain-raleigh-getaway-36-v-700c-roues-bleu-0711932p.html,https://media-www.canadiantire.ca/product/playing/cycling/bicycles/0711932/raleigh-getaway-women-s-electric-bike-700c-8dc09e7f-a9b4-4e61-aa08-2b9e38d895c6-jpgrendition.jpg?im=whresize&wid=200&hei=200,https://media-www.canadiantire.ca/product/playing/cycling/bicycles/0711932/raleigh-getaway-women-s-electric-bike-700c-8dc09e7f-a9b4-4e61-aa08-2b9e38d895c6-jpgrendition.jpg?im=whresize&wid=200&hei=200,,0711932,071-1932-6,Il n’en reste que 3 #071-1932-6,Liquidation◊Mieux notés,64.29,"999,92","2799,99"
694,"Kingston Division St., ON","Foyer électrique à montage mural Napoleon avec Bluetooth, 50 po, 1 500 W, télécommande comprise, noir","Foyer électrique à montage mural Napoleon avec Bluetooth, 50 po, 1 500 W, télécommande comprise, noir",299.93,"299,93 $",599.99,"Était±  599,99 $prix était 599,99 $",299.93,"299,93 $",299.93,"299,93 $",true,https://www.canadiantire.ca/fr/pdp/foyer-electrique-a-montage-mural-napoleon-avec-bluetooth-50-po-1-500-w-telecommande-comprise-noir-0644019p.html,https://www.canadiantire.ca/fr/pdp/foyer-electrique-a-montage-mural-napoleon-avec-bluetooth-50-po-1-500-w-telecommande-comprise-noir-0644019p.html,https://media-www.canadiantire.ca/product/living/home-decor/electric-fireplaces/0644019/napoleon-50-wall-mount-fireplace-with-bluetooth-7f341207-ab4a-41d0-a2fc-4c086c913816-jpgrendition.jpg?im=whresize&wid=200&hei=200,https://media-www.canadiantire.ca/product/living/home-decor/electric-fireplaces/0644019/napoleon-50-wall-mount-fireplace-with-bluetooth-7f341207-ab4a-41d0-a2fc-4c086c913816-jpgrendition.jpg?im=whresize&wid=200&hei=200,,0644019,064-4019-2,Il n’en reste que 2 #064-4019-2,Liquidation◊,50.01,"299,93","599,99"
694,"Kingston Division St., ON","Barre d'attelage réglable MotoMaster, 2 po, 5 000 lb","Barre d'attelage réglable MotoMaster, 2 po, 5 000 lb",24.93,"24,93 $",49.99,"Était±  49,99 $prix était 49,99 $",24.93,"24,93 $",24.93,"24,93 $",true,https://www.canadiantire.ca/fr/pdp/barre-d-attelage-reglable-motomaster-2-po-5-000-lb-0406575p.html,https://www.canadiantire.ca/fr/pdp/barre-d-attelage-reglable-motomaster-2-po-5-000-lb-0406575p.html,https://media-www.canadiantire.ca/product/automotive/automotive-outdoor-adventure/auto-travel-storage/0406575/reese-towpower-adjustable-ball-mount-ce57ec66-3694-489a-8c97-36bc3fa161e8-jpgrendition.jpg?im=whresize&wid=200&hei=200,https://media-www.canadiantire.ca/product/automotive/automotive-outdoor-adventure/auto-travel-storage/0406575/reese-towpower-adjustable-ball-mount-ce57ec66-3694-489a-8c97-36bc3fa161e8-jpgrendition.jpg?im=whresize&wid=200&hei=200,,0406575,040-6575-0,Il n’en reste que 2 #040-6575-0,Liquidation◊Mieux notés,50.13,"24,93","49,99"
694,"Kingston Division St., ON","Machine à café et espresso automatique avec buse à vapeur à lait Smeg, pompe de 19 bars, noir","Machine à café et espresso automatique avec buse à vapeur à lait Smeg, pompe de 19 bars, noir",499.93,"499,93 $",999.99,"Était±  999,99 $prix était 999,99 $",499.93,"499,93 $",499.93,"499,93 $",true,https://www.canadiantire.ca/fr/pdp/machine-a-cafe-et-espresso-automatique-avec-buse-a-vapeur-a-lait-smeg-pompe-de-19-bars-noir-0430368p.html,https://www.canadiantire.ca/fr/pdp/machine-a-cafe-et-espresso-automatique-avec-buse-a-vapeur-a-lait-smeg-pompe-de-19-bars-noir-0430368p.html,https://media-www.canadiantire.ca/product/living/kitchen/kitchen-appliances/0430368/smeg-fully-automatic-espresso-maker-w-milk-wand-57ea23ee-5b49-4f4a-9035-1ccedfae5311-jpgrendition.jpg?im=whresize&wid=200&hei=200,https://media-www.canadiantire.ca/product/living/kitchen/kitchen-appliances/0430368/smeg-fully-automatic-espresso-maker-w-milk-wand-57ea23ee-5b49-4f4a-9035-1ccedfae5311-jpgrendition.jpg?im=whresize&wid=200&hei=200,,0430368,043-0368-4,Il n’en reste que 3 #043-0368-4,Liquidation◊Exclusivité,50.01,"499,93","999,99"
694,"Kingston Division St., ON","Panier de basketball d'extérieur fixe Spalding U-TURN, 60 po","Panier de basketball d'extérieur fixe Spalding U-TURN, 60 po",499.93,"499,93 $",999.99,"Était±  999,99 $prix était 999,99 $",499.93,"499,93 $",499.93,"499,93 $",true,https://www.canadiantire.ca/fr/pdp/panier-de-basketball-d-exterieur-fixe-spalding-u-turn-60-po-1840808p.html,https://www.canadiantire.ca/fr/pdp/panier-de-basketball-d-exterieur-fixe-spalding-u-turn-60-po-1840808p.html,https://media-www.canadiantire.ca/product/playing/team-sports-and-golf/sports-equipment-accessories/1840808/spalding-60-glass-in-ground-basketball-system-0694c723-1f02-444a-99e6-83123f28c329-jpgrendition.jpg?im=whresize&wid=200&hei=200,https://media-www.canadiantire.ca/product/playing/team-sports-and-golf/sports-equipment-accessories/1840808/spalding-60-glass-in-ground-basketball-system-0694c723-1f02-444a-99e6-83123f28c329-jpgrendition.jpg?im=whresize&wid=200&hei=200,,1840808,184-0808-2,Il n’en reste que 2 #184-0808-2,Liquidation◊Articles à succès,50.01,"499,93","999,99"
694,"Kingston Division St., ON","Pistolet mousse sans fil SIMONIZ, outil seul, compatible PWRPOD","Pistolet mousse sans fil SIMONIZ, outil seul, compatible PWRPOD",19.93,"19,93 $",79.99,"Était±  79,99 $prix était 79,99 $",19.93,"19,93 $",19.93,"19,93 $",true,https://www.canadiantire.ca/fr/pdp/pistolet-mousse-sans-fil-simoniz-outil-seul-compatible-pwrpod-0393650p.html,https://www.canadiantire.ca/fr/pdp/pistolet-mousse-sans-fil-simoniz-outil-seul-compatible-pwrpod-0393650p.html,https://media-www.canadiantire.ca/product/automotive/car-care-accessories/auto-cleaning-tools/0393650/simoniz-cordless-foam-gun-bare-tool--d9e374cc-260e-4071-806a-f16d2d580548-jpgrendition.jpg?im=whresize&wid=200&hei=200,https://media-www.canadiantire.ca/product/automotive/car-care-accessories/auto-cleaning-tools/0393650/simoniz-cordless-foam-gun-bare-tool--d9e374cc-260e-4071-806a-f16d2d580548-jpgrendition.jpg?im=whresize&wid=200&hei=200,,0393650,039-3650-4,Il n’en reste que 4 #039-3650-4,Liquidation◊Exclusivité,75.08,"19,93","79,99"
694,"Kingston Division St., ON","Peluche GUND Pat'Patrouille, 6 po, varié","Peluche GUND Pat'Patrouille, 6 po, varié",5.92,"5,92 $",15.99,"Était±  15,99 $prix était 15,99 $",5.92,"5,92 $",5.92,"5,92 $",true,https://www.canadiantire.ca/fr/pdp/peluche-gund-pat-patrouille-6-po-varie-1501050p.html,https://www.canadiantire.ca/fr/pdp/peluche-gund-pat-patrouille-6-po-varie-1501050p.html,https://media-www.canadiantire.ca/product/seasonal-gardening/toys/preschool-toys-activities/1501050/gund-paw-patrol-6-inch-assorted-32-pack-8d6ddc5e-aac8-4c3e-804a-ea27c4b7090f-jpgrendition.jpg?im=whresize&wid=200&hei=200,https://media-www.canadiantire.ca/product/seasonal-gardening/toys/preschool-toys-activities/1501050/gund-paw-patrol-6-inch-assorted-32-pack-8d6ddc5e-aac8-4c3e-804a-ea27c4b7090f-jpgrendition.jpg?im=whresize&wid=200&hei=200,,1501050,150-1050-6,Il n’en reste que 4 #150-1050-6,Liquidation◊Mieux notés,62.98,"5,92","15,99"
694,"Kingston Division St., ON","Système d'organisation latéral de la lessive Type A Linear, blanc","Système d'organisation latéral de la lessive Type A Linear, blanc",34.93,"34,93 $",99.99,"Était±  99,99 $prix était 99,99 $",34.93,"34,93 $",34.93,"34,93 $",true,https://www.canadiantire.ca/fr/pdp/systeme-d-organisation-lateral-de-la-lessive-type-a-linear-blanc-2420004p.html,https://www.canadiantire.ca/fr/pdp/systeme-d-organisation-lateral-de-la-lessive-type-a-linear-blanc-2420004p.html,https://media-www.canadiantire.ca/product/living/home-organization/laundry/2420004/type-a-side-unit-laundry-organization-system-44db3078-e2d8-4d52-bd8b-2f44f616a61e-jpgrendition.jpg?im=whresize&wid=200&hei=200,https://media-www.canadiantire.ca/product/living/home-organization/laundry/2420004/type-a-side-unit-laundry-organization-system-44db3078-e2d8-4d52-bd8b-2f44f616a61e-jpgrendition.jpg?im=whresize&wid=200&hei=200,,2420004,242-0004-6,Il n’en reste que 2 #242-0004-6,Liquidation◊Mieux notés,65.07,"34,93","99,99"
694,"Kingston Division St., ON","Cafetière à infusion à froid PADERNO en verre, 6 tasses, va au lave-vaisselle","Cafetière à infusion à froid PADERNO en verre, 6 tasses, va au lave-vaisselle",19.93,"19,93 $",39.99,"Était±  39,99 $prix était 39,99 $",19.93,"19,93 $",19.93,"19,93 $",true,https://www.canadiantire.ca/fr/pdp/cafetiere-a-infusion-a-froid-paderno-en-verre-6-tasses-va-au-lave-vaisselle-1429874p.html,https://www.canadiantire.ca/fr/pdp/cafetiere-a-infusion-a-froid-paderno-en-verre-6-tasses-va-au-lave-vaisselle-1429874p.html,https://media-www.canadiantire.ca/product/living/kitchen/dining-and-entertaining/1429874/paderno-precision-cold-brew-coffee-maker-be0b37ba-c771-452d-a07c-d9ddb75c463b-jpgrendition.jpg?im=whresize&wid=200&hei=200,https://media-www.canadiantire.ca/product/living/kitchen/dining-and-entertaining/1429874/paderno-precision-cold-brew-coffee-maker-be0b37ba-c771-452d-a07c-d9ddb75c463b-jpgrendition.jpg?im=whresize&wid=200&hei=200,,1429874,142-9874-8,Il n’en reste que 2 #142-9874-8,Liquidation◊Mieux notés,50.16,"19,93","39,99"
694,"Kingston Division St., ON","For Living Bluebay - Table à manger de jardin rectangulaire en acier avec carreaux de céramique, 64 x 41 x 28 po","For Living Bluebay - Table à manger de jardin rectangulaire en acier avec carreaux de céramique, 64 x 41 x 28 po",99.93,"99,93 $",199.99,"Était±  199,99 $prix était 199,99 $",99.93,"99,93 $",99.93,"99,93 $",true,https://www.canadiantire.ca/fr/pdp/for-living-bluebay-table-a-manger-de-jardin-rectangulaire-en-acier-avec-carreaux-de-ceramique-64-x-41-x-28-po-0881648p.html,https://www.canadiantire.ca/fr/pdp/for-living-bluebay-table-a-manger-de-jardin-rectangulaire-en-acier-avec-carreaux-de-ceramique-64-x-41-x-28-po-0881648p.html,https://media-www.canadiantire.ca/product/seasonal-gardening/backyard-living/outdoor-furniture/0881648/for-living-bluebay-tile-table-7cccd5bd-1a27-4d77-abc0-9fd004963332-jpgrendition.jpg?im=whresize&wid=200&hei=200,https://media-www.canadiantire.ca/product/seasonal-gardening/backyard-living/outdoor-furniture/0881648/for-living-bluebay-tile-table-7cccd5bd-1a27-4d77-abc0-9fd004963332-jpgrendition.jpg?im=whresize&wid=200&hei=200,,0881648,088-1648-6,,Liquidation◊Mieux notés,50.03,"99,93","199,99"
694,"Kingston Division St., ON","Applique d'extérieur intégrée à DEL NOMA, noir mat, 13,2 po","Applique d'extérieur intégrée à DEL NOMA, noir mat, 13,2 po",39.93,"39,93 $",89.99,"Était±  89,99 $prix était 89,99 $",39.93,"39,93 $",39.93,"39,93 $",true,https://www.canadiantire.ca/fr/pdp/applique-d-exterieur-integree-a-del-noma-noir-mat-13-2-po-1522768p.html,https://www.canadiantire.ca/fr/pdp/applique-d-exterieur-integree-a-del-noma-noir-mat-13-2-po-1522768p.html,https://media-www.canadiantire.ca/product/fixing/electrical/lighting/1522768/noma-13-2-integrated-led-outdoor-wall-sconce-8979a633-f230-4404-8f55-f2844f1e0dd2-jpgrendition.jpg?im=whresize&wid=200&hei=200,https://media-www.canadiantire.ca/product/fixing/electrical/lighting/1522768/noma-13-2-integrated-led-outdoor-wall-sconce-8979a633-f230-4404-8f55-f2844f1e0dd2-jpgrendition.jpg?im=whresize&wid=200&hei=200,,1522768,152-2768-0,,Liquidation◊Mieux notés,55.63,"39,93","89,99"
694,"Kingston Division St., ON","Décoration de jardin For Living, maison de gnomes enchantée","Décoration de jardin For Living, maison de gnomes enchantée",14.93,"14,93 $",37.99,"Était±  37,99 $prix était 37,99 $",14.93,"14,93 $",14.93,"14,93 $",true,https://www.canadiantire.ca/fr/pdp/decoration-de-jardin-for-living-maison-de-gnomes-enchantee-0597870p.html,https://www.canadiantire.ca/fr/pdp/decoration-de-jardin-for-living-maison-de-gnomes-enchantee-0597870p.html,https://media-www.canadiantire.ca/product/seasonal-gardening/backyard-living/outdoor-living-accessories/0597870/for-living-enchanted-gnome-cabin-kit-05083210-f13f-41f8-b2b1-c7d784eb461e-jpgrendition.jpg?im=whresize&wid=200&hei=200,https://media-www.canadiantire.ca/product/seasonal-gardening/backyard-living/outdoor-living-accessories/0597870/for-living-enchanted-gnome-cabin-kit-05083210-f13f-41f8-b2b1-c7d784eb461e-jpgrendition.jpg?im=whresize&wid=200&hei=200,,0597870,059-7870-8,,Liquidation◊Mieux notés,60.7,"14,93","37,99"
694,"Kingston Division St., ON","CANVAS Waterton - Abri de jardin pour spa à toit rigide, bois et acier, 11 x 11 pi","CANVAS Waterton - Abri de jardin pour spa à toit rigide, bois et acier, 11 x 11 pi",1499.99,"1 499,99 $",2999.99,"Était±  2 999,99 $prix était 2 999,99 $",1499.99,"1 499,99 $",1499.99,"1 499,99 $",true,https://www.canadiantire.ca/fr/pdp/canvas-waterton-abri-de-jardin-pour-spa-a-toit-rigide-bois-et-acier-11-x-11-pi-0882281p.html,https://www.canadiantire.ca/fr/pdp/canvas-waterton-abri-de-jardin-pour-spa-a-toit-rigide-bois-et-acier-11-x-11-pi-0882281p.html,https://media-www.canadiantire.ca/product/seasonal-gardening/backyard-living/outdoor-furniture/0882281/canvas-waterton-privacy-panel-gazebo-10x10--d3bce29c-e103-470b-8352-d3fda6af47b7-jpgrendition.jpg?im=whresize&wid=200&hei=200,https://media-www.canadiantire.ca/product/seasonal-gardening/backyard-living/outdoor-furniture/0882281/canvas-waterton-privacy-panel-gazebo-10x10--d3bce29c-e103-470b-8352-d3fda6af47b7-jpgrendition.jpg?im=whresize&wid=200&hei=200,,0882281,088-2281-0,Il n’en reste que 1 #088-2281-0,Liquidation◊Exclusivité,50,"1499,99","2999,99"
694,"Kingston Division St., ON","Miroir pour mise en forme ProForm Vue avec écran tactile capacitif, technologie iFit","Miroir pour mise en forme ProForm Vue avec écran tactile capacitif, technologie iFit",299.93,"299,93 $",1999.99,"Était±  1 999,99 $prix était 1 999,99 $",299.93,"299,93 $",299.93,"299,93 $",true,https://www.canadiantire.ca/fr/pdp/miroir-pour-mise-en-forme-proform-vue-avec-ecran-tactile-capacitif-technologie-ifit-1840978p.html,https://www.canadiantire.ca/fr/pdp/miroir-pour-mise-en-forme-proform-vue-avec-ecran-tactile-capacitif-technologie-ifit-1840978p.html,https://media-www.canadiantire.ca/product/playing/exercise/exercise-equipment/1840978/proform-vue-fitness-mirror-a393fb91-aa15-4e8e-a746-5003f9e3798b-jpgrendition.jpg?im=whresize&wid=200&hei=200,https://media-www.canadiantire.ca/product/playing/exercise/exercise-equipment/1840978/proform-vue-fitness-mirror-a393fb91-aa15-4e8e-a746-5003f9e3798b-jpgrendition.jpg?im=whresize&wid=200&hei=200,,1840978,184-0978-6,Il n’en reste que 1 #184-0978-6,Liquidation◊,85,"299,93","1999,99"
694,"Kingston Division St., ON","Scie d'établi Mastercraft, 20 Vx2, 8 1/4 po","Scie d'établi Mastercraft, 20 Vx2, 8 1/4 po",299.93,"299,93 $",599.99,"Était±  599,99 $prix était 599,99 $",299.93,"299,93 $",299.93,"299,93 $",true,https://www.canadiantire.ca/fr/pdp/scie-d-etabli-mastercraft-20-vx2-8-1-4-po-0547595p.html,https://www.canadiantire.ca/fr/pdp/scie-d-etabli-mastercraft-20-vx2-8-1-4-po-0547595p.html,https://media-www.canadiantire.ca/product/fixing/tools/stationary-tools/0547595/mastercraft-20v-8-1-4-table-saw-bcc363c6-4866-498b-87e3-f9c33e564cf6-jpgrendition.jpg?im=whresize&wid=200&hei=200,https://media-www.canadiantire.ca/product/fixing/tools/stationary-tools/0547595/mastercraft-20v-8-1-4-table-saw-bcc363c6-4866-498b-87e3-f9c33e564cf6-jpgrendition.jpg?im=whresize&wid=200&hei=200,,0547595,054-7595-4,Il n’en reste que 2 #054-7595-4,Liquidation◊Mieux notés,50.01,"299,93","599,99"
694,"Kingston Division St., ON","Tapis de jeu rond rempli d’eau Banzai JR Wiggle n Waves, 44 po, 12 mois et plus","Tapis de jeu rond rempli d’eau Banzai JR Wiggle n Waves, 44 po, 12 mois et plus",9.93,"9,93 $",24.99,"Était±  24,99 $prix était 24,99 $",9.93,"9,93 $",9.93,"9,93 $",true,https://www.canadiantire.ca/fr/pdp/tapis-de-jeu-rond-rempli-d-eau-banzai-jr-wiggle-n-waves-44-po-12-mois-et-plus-0813922p.html,https://www.canadiantire.ca/fr/pdp/tapis-de-jeu-rond-rempli-d-eau-banzai-jr-wiggle-n-waves-44-po-12-mois-et-plus-0813922p.html,https://media-www.canadiantire.ca/product/seasonal-gardening/backyard-fun/pools-spas/0813922/wiggle-n-waves-sprinkling-mat-e1a1b4c7-2c51-4810-a285-974dae65cf39-jpgrendition.jpg?im=whresize&wid=200&hei=200,https://media-www.canadiantire.ca/product/seasonal-gardening/backyard-fun/pools-spas/0813922/wiggle-n-waves-sprinkling-mat-e1a1b4c7-2c51-4810-a285-974dae65cf39-jpgrendition.jpg?im=whresize&wid=200&hei=200,,0813922,081-3922-4,Il n’en reste que 1 #081-3922-4,Liquidation◊,60.26,"9,93","24,99"
694,"Kingston Division St., ON","Pagaie de kayak en aluminium Pelican Vesta, 230 cm (90,5 po), bleu","Pagaie de kayak en aluminium Pelican Vesta, 230 cm (90,5 po), bleu",39.93,"39,93 $",99.99,"Était±  99,99 $prix était 99,99 $",39.93,"39,93 $",39.93,"39,93 $",true,https://www.canadiantire.ca/fr/pdp/pagaie-de-kayak-en-aluminium-pelican-vesta-230-cm-90-5-po-bleu-0792070p.html,https://www.canadiantire.ca/fr/pdp/pagaie-de-kayak-en-aluminium-pelican-vesta-230-cm-90-5-po-bleu-0792070p.html,https://media-www.canadiantire.ca/product/playing/seasonal-recreation/marine-power-boating/0792070/pelican-vesta-kayak-paddle-blue-1542ddac-af1f-4086-b76d-d41499e42e53-jpgrendition.jpg?im=whresize&wid=200&hei=200,https://media-www.canadiantire.ca/product/playing/seasonal-recreation/marine-power-boating/0792070/pelican-vesta-kayak-paddle-blue-1542ddac-af1f-4086-b76d-d41499e42e53-jpgrendition.jpg?im=whresize&wid=200&hei=200,,0792070,079-2070-4,,Liquidation◊Mieux notés,60.07,"39,93","99,99"
694,"Kingston Division St., ON","Lanterne CANVAS Lumière, bougie à DEL sans flamme avec minuterie, jaune, 12,6 po","Lanterne CANVAS Lumière, bougie à DEL sans flamme avec minuterie, jaune, 12,6 po",9.93,"9,93 $",19.99,"Était±  19,99 $prix était 19,99 $",9.93,"9,93 $",9.93,"9,93 $",true,https://www.canadiantire.ca/fr/pdp/lanterne-canvas-lumiere-bougie-a-del-sans-flamme-avec-minuterie-jaune-12-6-po-1592485p.html,https://www.canadiantire.ca/fr/pdp/lanterne-canvas-lumiere-bougie-a-del-sans-flamme-avec-minuterie-jaune-12-6-po-1592485p.html,https://media-www.canadiantire.ca/product/seasonal-gardening/backyard-living/outdoor-living-accessories/1592485/canvas-lumiere-lantern-a9115e80-e651-42c5-b379-a7e2f9440579-jpgrendition.jpg?im=whresize&wid=200&hei=200,https://media-www.canadiantire.ca/product/seasonal-gardening/backyard-living/outdoor-living-accessories/1592485/canvas-lumiere-lantern-a9115e80-e651-42c5-b379-a7e2f9440579-jpgrendition.jpg?im=whresize&wid=200&hei=200,,1592485,159-2485-8,Il n’en reste que 1 #159-2485-8,Liquidation◊Mieux notés,50.33,"9,93","19,99"
694,"Kingston Division St., ON","Range-tout profond The Home Edit par iDesign, grand","Range-tout profond The Home Edit par iDesign, grand",9.93,"9,93 $",19.99,"Était±  19,99 $prix était 19,99 $",9.93,"9,93 $",9.93,"9,93 $",true,https://www.canadiantire.ca/fr/pdp/range-tout-profond-the-home-edit-par-idesign-grand-0636317p.html,https://www.canadiantire.ca/fr/pdp/range-tout-profond-the-home-edit-par-idesign-grand-0636317p.html,https://media-www.canadiantire.ca/product/living/home-decor/bed-bath-decor/0636334/the-home-edit-tall-bin-divider-3aa2b3a8-6073-4152-829e-b0ed3b456fee-jpgrendition.jpg?im=whresize&wid=200&hei=200,https://media-www.canadiantire.ca/product/living/home-decor/bed-bath-decor/0636334/the-home-edit-tall-bin-divider-3aa2b3a8-6073-4152-829e-b0ed3b456fee-jpgrendition.jpg?im=whresize&wid=200&hei=200,,0636317,063-6317-2,Il n’en reste que 2 #063-6317-2,Liquidation◊Articles à succès,50.33,"9,93","19,99"
694,"Kingston Division St., ON","Raboteuse MAXIMUM, 13 po","Raboteuse MAXIMUM, 13 po",349.93,"349,93 $",729.99,"Était±  729,99 $prix était 729,99 $",349.93,"349,93 $",349.93,"349,93 $",true,https://www.canadiantire.ca/fr/pdp/raboteuse-maximum-13-po-0556971p.html,https://www.canadiantire.ca/fr/pdp/raboteuse-maximum-13-po-0556971p.html,https://media-www.canadiantire.ca/product/fixing/tools/stationary-tools/0556971/maximum-13-planer-with-stand-5293d4dd-ad69-44ae-8e0c-58294ed90772-jpgrendition.jpg?im=whresize&wid=200&hei=200,https://media-www.canadiantire.ca/product/fixing/tools/stationary-tools/0556971/maximum-13-planer-with-stand-5293d4dd-ad69-44ae-8e0c-58294ed90772-jpgrendition.jpg?im=whresize&wid=200&hei=200,,0556971,055-6971-2,Il n’en reste que 1 #055-6971-2,Liquidation◊Exclusivité,52.06,"349,93","729,99"
694,"Kingston Division St., ON","Vélo de route Raleigh Sprint, 700C, sable/noir","Vélo de route Raleigh Sprint, 700C, sable/noir",379.93,"379,93 $",779.99,"Était±  779,99 $prix était 779,99 $",379.93,"379,93 $",379.93,"379,93 $",true,https://www.canadiantire.ca/fr/pdp/velo-de-route-raleigh-sprint-700c-sable-noir-0711952p.html,https://www.canadiantire.ca/fr/pdp/velo-de-route-raleigh-sprint-700c-sable-noir-0711952p.html,https://media-www.canadiantire.ca/product/playing/cycling/bicycles/0711952/raleigh-sprint-road-bike-700c-6fb5ad25-7d2a-45bf-a92d-bc1739a8937e-jpgrendition.jpg?im=whresize&wid=200&hei=200,https://media-www.canadiantire.ca/product/playing/cycling/bicycles/0711952/raleigh-sprint-road-bike-700c-6fb5ad25-7d2a-45bf-a92d-bc1739a8937e-jpgrendition.jpg?im=whresize&wid=200&hei=200,,0711952,071-1952-8,15 En Stock#071-1952-8,Liquidation◊Exclusivité,51.29,"379,93","779,99"
694,"Kingston Division St., ON","Chaise de salle à manger CANVAS Cornwall, ivoire","Chaise de salle à manger CANVAS Cornwall, ivoire",44.93,"44,93 $",109.99,"Était±  109,99 $prix était 109,99 $",44.93,"44,93 $",44.93,"44,93 $",true,https://www.canadiantire.ca/fr/pdp/chaise-de-salle-a-manger-canvas-cornwall-ivoire-1680104p.html,https://www.canadiantire.ca/fr/pdp/chaise-de-salle-a-manger-canvas-cornwall-ivoire-1680104p.html,https://media-www.canadiantire.ca/product/living/home-decor/furniture/1680104/canvas-cornwall-dining-chair-ivory-2c97dfa3-c816-4459-9fdd-5621ad0b4aba-jpgrendition.jpg?im=whresize&wid=200&hei=200,https://media-www.canadiantire.ca/product/living/home-decor/furniture/1680104/canvas-cornwall-dining-chair-ivory-2c97dfa3-c816-4459-9fdd-5621ad0b4aba-jpgrendition.jpg?im=whresize&wid=200&hei=200,,1680104,168-0104-6,Il n’en reste que 2 #168-0104-6,Liquidation◊Exclusivité,59.15,"44,93","109,99"
694,"Kingston Division St., ON","Veste de travail imperméable Dry Core Forcefield à capuchon amovible, hommes, noir","Veste de travail imperméable Dry Core Forcefield à capuchon amovible, hommes, noir",44.93,"44,93 $",89.99,"89,99 $Était   et+ prix était à partir de 89,99 $",44.93,"44,93 $",44.93,"44,93 $",true,https://www.canadiantire.ca/fr/pdp/veste-de-travail-impermeable-dry-core-forcefield-a-capuchon-amovible-hommes-noir-0891623p.html,https://www.canadiantire.ca/fr/pdp/veste-de-travail-impermeable-dry-core-forcefield-a-capuchon-amovible-hommes-noir-0891623p.html,https://media-www.canadiantire.ca/product/playing/footwear-apparel/work-footwear-apparel/0891623/forcefield-men-s-dry-core-industrial-rain-jacket-m-e21838f4-2caa-43c8-a1eb-c0143ae09dc5-jpgrendition.jpg?im=whresize&wid=200&hei=200,https://media-www.canadiantire.ca/product/playing/footwear-apparel/work-footwear-apparel/0891623/forcefield-men-s-dry-core-industrial-rain-jacket-m-e21838f4-2caa-43c8-a1eb-c0143ae09dc5-jpgrendition.jpg?im=whresize&wid=200&hei=200,,0891623,089-1623,Vérifiez la disponibilité#089-1623X,Liquidation◊Articles à succès,50.07,"44,93","89,99"
694,"Kingston Division St., ON","Support à plateforme sur attelage pour 4 vélos SportRack SR2414 Ridge 4, attelages de 2 po, gris granite","Support à plateforme sur attelage pour 4 vélos SportRack SR2414 Ridge 4, attelages de 2 po, gris granite",69.93,"69,93 $",249.99,"Était±  249,99 $prix était 249,99 $",69.93,"69,93 $",69.93,"69,93 $",true,https://www.canadiantire.ca/fr/pdp/support-a-plateforme-sur-attelage-pour-4-velos-sportrack-sr2414-ridge-4-attelages-de-2-po-gris-granite-0401012p.html,https://www.canadiantire.ca/fr/pdp/support-a-plateforme-sur-attelage-pour-4-velos-sportrack-sr2414-ridge-4-attelages-de-2-po-gris-granite-0401012p.html,https://media-www.canadiantire.ca/product/automotive/automotive-outdoor-adventure/auto-travel-storage/0401012/sportrack-ridge-4-towing-bike-carrier-5e4d8ecc-1077-45b8-a6ea-6135c08baf3f-jpgrendition.jpg?im=whresize&wid=200&hei=200,https://media-www.canadiantire.ca/product/automotive/automotive-outdoor-adventure/auto-travel-storage/0401012/sportrack-ridge-4-towing-bike-carrier-5e4d8ecc-1077-45b8-a6ea-6135c08baf3f-jpgrendition.jpg?im=whresize&wid=200&hei=200,,0401012,040-1012-0,Il n’en reste que 2 #040-1012-0,Liquidation◊,72.03,"69,93","249,99"
694,"Kingston Division St., ON","Étagère Ziva à 3 tablettes, support de poids pour haltères, haltères russes","Étagère Ziva à 3 tablettes, support de poids pour haltères, haltères russes",179.93,"179,93 $",399.99,"Était±  399,99 $prix était 399,99 $",179.93,"179,93 $",179.93,"179,93 $",true,https://www.canadiantire.ca/fr/pdp/etagere-ziva-a-3-tablettes-support-de-poids-pour-halteres-halteres-russes-1841869p.html,https://www.canadiantire.ca/fr/pdp/etagere-ziva-a-3-tablettes-support-de-poids-pour-halteres-halteres-russes-1841869p.html,https://media-www.canadiantire.ca/product/playing/exercise/strength/1841869/ziva-3-tier-storage-rack-cb9baf50-3c80-4ca8-bddf-98bd5c49a1a5-jpgrendition.jpg?im=whresize&wid=200&hei=200,https://media-www.canadiantire.ca/product/playing/exercise/strength/1841869/ziva-3-tier-storage-rack-cb9baf50-3c80-4ca8-bddf-98bd5c49a1a5-jpgrendition.jpg?im=whresize&wid=200&hei=200,,1841869,184-1869-0,Il n’en reste que 2 #184-1869-0,Liquidation◊,55.02,"179,93","399,99"
694,"Kingston Division St., ON","Nettoyant rapide SIMONIZ pour tableaux de bord, non parfumé","Nettoyant rapide SIMONIZ pour tableaux de bord, non parfumé",3.93,"3,93 $",8.99,"Était±  8,99 $prix était 8,99 $",3.93,"3,93 $",3.93,"3,93 $",true,https://www.canadiantire.ca/fr/pdp/nettoyant-rapide-simoniz-pour-tableaux-de-bord-non-parfume-0393633p.html,https://www.canadiantire.ca/fr/pdp/nettoyant-rapide-simoniz-pour-tableaux-de-bord-non-parfume-0393633p.html,https://media-www.canadiantire.ca/product/automotive/car-care-accessories/auto-cleaning-chemicals/0393633/simoniz-dashboard-protectant-6351e878-3b35-4ac0-9fb6-41b8fa566016-jpgrendition.jpg?im=whresize&wid=200&hei=200,https://media-www.canadiantire.ca/product/automotive/car-care-accessories/auto-cleaning-chemicals/0393633/simoniz-dashboard-protectant-6351e878-3b35-4ac0-9fb6-41b8fa566016-jpgrendition.jpg?im=whresize&wid=200&hei=200,,0393633,039-3633-6,Il n’en reste que 6 #039-3633-6,Liquidation◊Exclusivité,56.28,"3,93","8,99"
694,"Kingston Division St., ON","Pochette à porte-clés à blocage de signal RFID AutoTrends, petit","Pochette à porte-clés à blocage de signal RFID AutoTrends, petit",3.93,"3,93 $",9.99,"Était±  9,99 $prix était 9,99 $",3.93,"3,93 $",3.93,"3,93 $",true,https://www.canadiantire.ca/fr/pdp/pochette-a-porte-cles-a-blocage-de-signal-rfid-autotrends-petit-0379852p.html,https://www.canadiantire.ca/fr/pdp/pochette-a-porte-cles-a-blocage-de-signal-rfid-autotrends-petit-0379852p.html,https://media-www.canadiantire.ca/product/automotive/car-care-accessories/auto-accessories/0379852/rfid-signal-blocking-keychain-small-ae7c6861-f7e1-4f5d-ad4a-ab6a36f04732-jpgrendition.jpg?im=whresize&wid=200&hei=200,https://media-www.canadiantire.ca/product/automotive/car-care-accessories/auto-accessories/0379852/rfid-signal-blocking-keychain-small-ae7c6861-f7e1-4f5d-ad4a-ab6a36f04732-jpgrendition.jpg?im=whresize&wid=200&hei=200,,0379852,037-9852-2,,Liquidation◊Exclusivité,60.66,"3,93","9,99"
694,"Kingston Division St., ON",Verrou de volant universel en forme de T Certified,Verrou de volant universel en forme de T Certified,17.93,"17,93 $",37.99,"Était±  37,99 $prix était 37,99 $",17.93,"17,93 $",17.93,"17,93 $",true,https://www.canadiantire.ca/fr/pdp/verrou-de-volant-universel-en-forme-de-t-certified-0372977p.html,https://www.canadiantire.ca/fr/pdp/verrou-de-volant-universel-en-forme-de-t-certified-0372977p.html,https://media-www.canadiantire.ca/product/automotive/car-care-accessories/auto-accessories/0372977/certified-universal-steering-wheel-lock-c09a6d0d-b5e9-4201-82b6-5cf88b4f0bd8-jpgrendition.jpg?im=whresize&wid=200&hei=200,https://media-www.canadiantire.ca/product/automotive/car-care-accessories/auto-accessories/0372977/certified-universal-steering-wheel-lock-c09a6d0d-b5e9-4201-82b6-5cf88b4f0bd8-jpgrendition.jpg?im=whresize&wid=200&hei=200,,0372977,037-2977-8,Il n’en reste que 2 #037-2977-8,Liquidation◊Exclusivité,52.8,"17,93","37,99"
694,"Kingston Division St., ON",Applique d'extérieur Sunforce à technologie amorphe,Applique d'extérieur Sunforce à technologie amorphe,39.93,"39,93 $",99.99,"Était±  99,99 $prix était 99,99 $",39.93,"39,93 $",39.93,"39,93 $",true,https://www.canadiantire.ca/fr/pdp/applique-d-exterieur-sunforce-a-technologie-amorphe-0529887p.html,https://www.canadiantire.ca/fr/pdp/applique-d-exterieur-sunforce-a-technologie-amorphe-0529887p.html,https://media-www.canadiantire.ca/product/living/home-decor/lighting/0529887/sunforce-amorphous-outdoor-wall-sconce-2fdb3862-f20b-41a7-b382-093184e6904d-jpgrendition.jpg?im=whresize&wid=200&hei=200,https://media-www.canadiantire.ca/product/living/home-decor/lighting/0529887/sunforce-amorphous-outdoor-wall-sconce-2fdb3862-f20b-41a7-b382-093184e6904d-jpgrendition.jpg?im=whresize&wid=200&hei=200,,0529887,052-9887-2,Il n’en reste que 2 #052-9887-2,Liquidation◊Exclusivité,60.07,"39,93","99,99"
694,"Kingston Division St., ON",Plomb pour ver,Plomb pour ver,1.23,"1,23 $",3.49,"3,49 $Était   et+ prix était à partir de 3,49 $",1.23,"1,23 $",1.23,"1,23 $",true,https://www.canadiantire.ca/fr/pdp/plomb-pour-ver-0784909p.html,https://www.canadiantire.ca/fr/pdp/plomb-pour-ver-0784909p.html,https://media-www.canadiantire.ca/product/playing/fishing/fishing-lures/0784909/danielson-sinker-worm-size-3-1-4-oz-fe6683f5-60ca-40ca-a054-84638f38a614-jpgrendition.jpg?im=whresize&wid=200&hei=200,https://media-www.canadiantire.ca/product/playing/fishing/fishing-lures/0784909/danielson-sinker-worm-size-3-1-4-oz-fe6683f5-60ca-40ca-a054-84638f38a614-jpgrendition.jpg?im=whresize&wid=200&hei=200,,0784909,078-4909,Vérifiez la disponibilité#078-4909X,Liquidation◊Exclusivité,64.76,"1,23","3,49"
694,"Kingston Division St., ON",Plombs amovibles ronds à fente,Plombs amovibles ronds à fente,0.73,"0,73 $",2.49,"2,49 $Était   et+ prix était à partir de 2,49 $",0.73,"0,73 $",0.73,"0,73 $",true,https://www.canadiantire.ca/fr/pdp/plombs-amovibles-ronds-a-fente-0784973p.html,https://www.canadiantire.ca/fr/pdp/plombs-amovibles-ronds-a-fente-0784973p.html,https://media-www.canadiantire.ca/product/playing/fishing/fishing-lures/0784973/danielson-sinker-remove-split-shot-size-bb-f892218a-9e58-4a3a-9ada-5fdd56a75c23-jpgrendition.jpg?im=whresize&wid=200&hei=200,https://media-www.canadiantire.ca/product/playing/fishing/fishing-lures/0784973/danielson-sinker-remove-split-shot-size-bb-f892218a-9e58-4a3a-9ada-5fdd56a75c23-jpgrendition.jpg?im=whresize&wid=200&hei=200,,0784973,078-4973,Vérifiez la disponibilité#078-4973X,Liquidation◊Mieux notés,70.68,"0,73","2,49"
694,"Kingston Division St., ON","Ampoules à filament à DEL à intensité variable à culot E26 NOMA B10, blanc chaud, 40 W","Ampoules à filament à DEL à intensité variable à culot E26 NOMA B10, blanc chaud, 40 W",4.93,"4,93 $",10.99,"Était±  10,99 $prix était 10,99 $",4.93,"4,93 $",4.93,"4,93 $",true,https://www.canadiantire.ca/fr/pdp/ampoules-a-filament-a-del-a-intensite-variable-a-culot-e26-noma-b10-blanc-chaud-40-w-0529611p.html,https://www.canadiantire.ca/fr/pdp/ampoules-a-filament-a-del-a-intensite-variable-a-culot-e26-noma-b10-blanc-chaud-40-w-0529611p.html,https://media-www.canadiantire.ca/product/fixing/electrical/light-bulbs/0529611/noma-40w-b10-warm-white-led-bulbs-2-pack-d8ccbe5a-899c-490e-b5f8-348c1c9af633-jpgrendition.jpg?im=whresize&wid=200&hei=200,https://media-www.canadiantire.ca/product/fixing/electrical/light-bulbs/0529611/noma-40w-b10-warm-white-led-bulbs-2-pack-d8ccbe5a-899c-490e-b5f8-348c1c9af633-jpgrendition.jpg?im=whresize&wid=200&hei=200,,0529611,052-9611-8,76 En Stock#052-9611-8,Liquidation◊Mieux notés,55.14,"4,93","10,99"
694,"Kingston Division St., ON","Flotteur à bouton-pressoir, 2 po, paq. 2","Flotteur à bouton-pressoir, 2 po, paq. 2",0.43,"0,43 $",1.99,"Était±  1,99 $prix était 1,99 $",0.43,"0,43 $",0.43,"0,43 $",true,https://www.canadiantire.ca/fr/pdp/flotteur-a-bouton-pressoir-2-po-paq-2-0782930p.html,https://www.canadiantire.ca/fr/pdp/flotteur-a-bouton-pressoir-2-po-paq-2-0782930p.html,https://media-www.canadiantire.ca/product/playing/fishing/fishing-lures/0782930/danielson-snap-on-float-red-white-2-2-pack-ff12dadb-f964-4406-89a3-9f0f93b54529-jpgrendition.jpg?im=whresize&wid=200&hei=200,https://media-www.canadiantire.ca/product/playing/fishing/fishing-lures/0782930/danielson-snap-on-float-red-white-2-2-pack-ff12dadb-f964-4406-89a3-9f0f93b54529-jpgrendition.jpg?im=whresize&wid=200&hei=200,,0782930,078-2930-0,,Liquidation◊Exclusivité,78.39,"0,43","1,99"
694,"Kingston Division St., ON","For Living Acadia - Rideaux et moustiquaire pour gazebo, 155 x 132 x 85 po","For Living Acadia - Rideaux et moustiquaire pour gazebo, 155 x 132 x 85 po",177.93,"177,93 $",379.99,"Était±  379,99 $prix était 379,99 $",177.93,"177,93 $",177.93,"177,93 $",true,https://www.canadiantire.ca/fr/pdp/for-living-acadia-rideaux-et-moustiquaire-pour-gazebo-155-x-132-x-85-po-0881701p.html,https://www.canadiantire.ca/fr/pdp/for-living-acadia-rideaux-et-moustiquaire-pour-gazebo-155-x-132-x-85-po-0881701p.html,https://media-www.canadiantire.ca/product/seasonal-gardening/backyard-living/outdoor-furniture/0881701/for-living-wall-netting-for-acadia-gazebo-0881609-57c85a61-0e40-4823-ac61-0c6333970324-jpgrendition.jpg?im=whresize&wid=200&hei=200,https://media-www.canadiantire.ca/product/seasonal-gardening/backyard-living/outdoor-furniture/0881701/for-living-wall-netting-for-acadia-gazebo-0881609-57c85a61-0e40-4823-ac61-0c6333970324-jpgrendition.jpg?im=whresize&wid=200&hei=200,,0881701,088-1701-8,,Liquidation◊Exclusivité,53.18,"177,93","379,99"
694,"Kingston Division St., ON","Organisateur pour 2 tiroirs tout usage The Home Edit par iDesign, mini","Organisateur pour 2 tiroirs tout usage The Home Edit par iDesign, mini",4.93,"4,93 $",10.99,"Était±  10,99 $prix était 10,99 $",4.93,"4,93 $",4.93,"4,93 $",true,https://www.canadiantire.ca/fr/pdp/organisateur-pour-2-tiroirs-tout-usage-the-home-edit-par-idesign-mini-0636333p.html,https://www.canadiantire.ca/fr/pdp/organisateur-pour-2-tiroirs-tout-usage-the-home-edit-par-idesign-mini-0636333p.html,https://media-www.canadiantire.ca/product/living/home-decor/bed-bath-decor/0636334/the-home-edit-tall-bin-divider-a7541a25-2705-4591-b80d-92db7d3af6ee-jpgrendition.jpg?im=whresize&wid=200&hei=200,https://media-www.canadiantire.ca/product/living/home-decor/bed-bath-decor/0636334/the-home-edit-tall-bin-divider-a7541a25-2705-4591-b80d-92db7d3af6ee-jpgrendition.jpg?im=whresize&wid=200&hei=200,,0636333,063-6333-2,Il n’en reste que 4 #063-6333-2,Liquidation◊Mieux notés,55.14,"4,93","10,99"
694,"Kingston Division St., ON",Plomb ovale,Plomb ovale,1.23,"1,23 $",3.49,"3,49 $Était   et+ prix était à partir de 3,49 $",1.23,"1,23 $",1.23,"1,23 $",true,https://www.canadiantire.ca/fr/pdp/plomb-ovale-0784981p.html,https://www.canadiantire.ca/fr/pdp/plomb-ovale-0784981p.html,https://media-www.canadiantire.ca/product/playing/fishing/fishing-lures/0784981/danielson-sinker-egg-size-10-1-8-oz-9f7546cc-f4ae-47f3-9ab5-abbf9a12ecbf-jpgrendition.jpg?im=whresize&wid=200&hei=200,https://media-www.canadiantire.ca/product/playing/fishing/fishing-lures/0784981/danielson-sinker-egg-size-10-1-8-oz-9f7546cc-f4ae-47f3-9ab5-abbf9a12ecbf-jpgrendition.jpg?im=whresize&wid=200&hei=200,,0784981,078-4981,Vérifiez la disponibilité#078-4981X,Liquidation◊Mieux notés,64.76,"1,23","3,49"
694,"Kingston Division St., ON","Gant de baseball Matrix, noir/chameau, 13 po, main gauche","Gant de baseball Matrix, noir/chameau, 13 po, main gauche",24.92,"24,92 $",59.99,"Était±  59,99 $prix était 59,99 $",24.92,"24,92 $",24.92,"24,92 $",true,https://www.canadiantire.ca/fr/pdp/gant-de-baseball-matrix-noir-chameau-13-po-main-gauche-0803081p.html,https://www.canadiantire.ca/fr/pdp/gant-de-baseball-matrix-noir-chameau-13-po-main-gauche-0803081p.html,https://media-www.canadiantire.ca/product/playing/team-sports-and-golf/field-sports/0803081/matrix-fielding-glove-black-camel-13-left-hand-catch-db08cc24-be7e-4050-bc98-47365614fe0c-jpgrendition.jpg?im=whresize&wid=200&hei=200,https://media-www.canadiantire.ca/product/playing/team-sports-and-golf/field-sports/0803081/matrix-fielding-glove-black-camel-13-left-hand-catch-db08cc24-be7e-4050-bc98-47365614fe0c-jpgrendition.jpg?im=whresize&wid=200&hei=200,,0803081,080-3081-6,Il n’en reste que 2 #080-3081-6,Liquidation◊Mieux notés,58.46,"24,92","59,99"
694,"Kingston Division St., ON","Embouts de tournevis cruciformes Mastercraft en carbure, pour métal, plastique, maçonnerie, 1 po, paq. 5","Embouts de tournevis cruciformes Mastercraft en carbure, pour métal, plastique, maçonnerie, 1 po, paq. 5",2.93,"2,93 $",6.79,"6,79 $Était   et+ prix était à partir de 6,79 $",2.93,"2,93 $",2.93,"2,93 $",true,https://www.canadiantire.ca/fr/pdp/embouts-de-tournevis-cruciformes-mastercraft-en-carbure-pour-metal-plastique-maconnerie-1-po-paq-5-0540783p.html,https://www.canadiantire.ca/fr/pdp/embouts-de-tournevis-cruciformes-mastercraft-en-carbure-pour-metal-plastique-maconnerie-1-po-paq-5-0540783p.html,https://media-www.canadiantire.ca/product/fixing/tools/power-tool-accessories/0540783/mastercraft-1-ph1-screwdriver-bit-5-pk-a97ae680-ecb9-4939-8bb1-f96b7b0e554a-jpgrendition.jpg?im=whresize&wid=200&hei=200,https://media-www.canadiantire.ca/product/fixing/tools/power-tool-accessories/0540783/mastercraft-1-ph1-screwdriver-bit-5-pk-a97ae680-ecb9-4939-8bb1-f96b7b0e554a-jpgrendition.jpg?im=whresize&wid=200&hei=200,,0540783,054-0783,Vérifiez la disponibilité#054-0783X,Liquidation◊Mieux notés,56.85,"2,93","6,79"
694,"Kingston Division St., ON","Jeu de forets au titane à 7 arêtes MAXIMUM Precision Point, pour bois, métal, plastique, paq. 84","Jeu de forets au titane à 7 arêtes MAXIMUM Precision Point, pour bois, métal, plastique, paq. 84",49.93,"49,93 $",129.99,"Était±  129,99 $prix était 129,99 $",49.93,"49,93 $",49.93,"49,93 $",true,https://www.canadiantire.ca/fr/pdp/jeu-de-forets-au-titane-a-7-aretes-maximum-precision-point-pour-bois-metal-plastique-paq-84-0540288p.html,https://www.canadiantire.ca/fr/pdp/jeu-de-forets-au-titane-a-7-aretes-maximum-precision-point-pour-bois-metal-plastique-paq-84-0540288p.html,https://media-www.canadiantire.ca/product/fixing/tools/power-tool-accessories/0540288/maximum-84-piece-7-edge-titanium-drill-bit-set-dccb93d4-9e7d-4b2f-ba2b-8a293ddadffd-jpgrendition.jpg?im=whresize&wid=200&hei=200,https://media-www.canadiantire.ca/product/fixing/tools/power-tool-accessories/0540288/maximum-84-piece-7-edge-titanium-drill-bit-set-dccb93d4-9e7d-4b2f-ba2b-8a293ddadffd-jpgrendition.jpg?im=whresize&wid=200&hei=200,,0540288,054-0288-8,Il n’en reste que 2 #054-0288-8,Liquidation◊Mieux notés,61.59,"49,93","129,99"
694,"Kingston Division St., ON","Balai à neige en EVA antirayure Garant avec grattoir, 36 po","Balai à neige en EVA antirayure Garant avec grattoir, 36 po",6.93,"6,93 $",31.99,"Était±  31,99 $prix était 31,99 $",6.93,"6,93 $",6.93,"6,93 $",true,https://www.canadiantire.ca/fr/pdp/balai-a-neige-en-eva-antirayure-garant-avec-grattoir-36-po-0304458p.html,https://www.canadiantire.ca/fr/pdp/balai-a-neige-en-eva-antirayure-garant-avec-grattoir-36-po-0304458p.html,https://media-www.canadiantire.ca/product/automotive/car-care-accessories/auto-winter-accessories/0304458/36-garant-eva-snowbrush-858a05fb-d3b5-4803-850a-f6eaf32ce244-jpgrendition.jpg?im=whresize&wid=200&hei=200,https://media-www.canadiantire.ca/product/automotive/car-care-accessories/auto-winter-accessories/0304458/36-garant-eva-snowbrush-858a05fb-d3b5-4803-850a-f6eaf32ce244-jpgrendition.jpg?im=whresize&wid=200&hei=200,,0304458,030-4458-6,,Liquidation◊Mieux notés,78.34,"6,93","31,99"
694,"Kingston Division St., ON","Désinfectant Microban 24 Hour en vaporisateur, parfums variés, 354 g","Désinfectant Microban 24 Hour en vaporisateur, parfums variés, 354 g",2.93,"2,93 $",5.99,"5,99 $Était   et+ prix était à partir de 5,99 $",2.93,"2,93 $",2.93,"2,93 $",true,https://www.canadiantire.ca/fr/pdp/desinfectant-microban-24-hour-en-vaporisateur-parfums-varies-354-g-1531372p.html,https://www.canadiantire.ca/fr/pdp/desinfectant-microban-24-hour-en-vaporisateur-parfums-varies-354-g-1531372p.html,https://media-www.canadiantire.ca/product/living/cleaning/household-cleaning-solutions/1531372/microban-24-disinfecting-sanitizing-spray-citrus-354g-e8b244ea-fc8d-49cb-a873-899c47ecdfe9-jpgrendition.jpg?im=whresize&wid=200&hei=200,https://media-www.canadiantire.ca/product/living/cleaning/household-cleaning-solutions/1531372/microban-24-disinfecting-sanitizing-spray-citrus-354g-e8b244ea-fc8d-49cb-a873-899c47ecdfe9-jpgrendition.jpg?im=whresize&wid=200&hei=200,,1531372,153-1372,Vérifiez la disponibilité#153-1372X,Liquidation◊Mieux notés,51.09,"2,93","5,99"
694,"Kingston Division St., ON","Plaque verticale pour prise double extérieure Thomas & Betts 37128-722, joint d'étanchéité et vis inclus, gris","Plaque verticale pour prise double extérieure Thomas & Betts 37128-722, joint d'étanchéité et vis inclus, gris",4.93,"4,93 $",12.99,"Était±  12,99 $prix était 12,99 $",4.93,"4,93 $",4.93,"4,93 $",true,https://www.canadiantire.ca/fr/pdp/plaque-verticale-pour-prise-double-exterieure-thomas-betts-37128-722-joint-d-etancheite-et-vis-inclus-gris-0521822p.html,https://www.canadiantire.ca/fr/pdp/plaque-verticale-pour-prise-double-exterieure-thomas-betts-37128-722-joint-d-etancheite-et-vis-inclus-gris-0521822p.html,https://media-www.canadiantire.ca/product/fixing/electrical/rough-electrical/0521822/duplex-vertical-receptacle-cover-silver-06bc8e63-2b22-4dc4-b1ba-f0c829a8bb14-jpgrendition.jpg?im=whresize&wid=200&hei=200,https://media-www.canadiantire.ca/product/fixing/electrical/rough-electrical/0521822/duplex-vertical-receptacle-cover-silver-06bc8e63-2b22-4dc4-b1ba-f0c829a8bb14-jpgrendition.jpg?im=whresize&wid=200&hei=200,,0521822,052-1822-4,Il n’en reste que 3 #052-1822-4,Liquidation◊,62.05,"4,93","12,99"
694,"Kingston Division St., ON","Leurre doré jaune Xcalibur Hunter, 1/4 once","Leurre doré jaune Xcalibur Hunter, 1/4 once",2.73,"2,73 $",6.49,"6,49 $Était   et+ prix était à partir de 6,49 $",2.73,"2,73 $",2.73,"2,73 $",true,https://www.canadiantire.ca/fr/pdp/leurre-dore-jaune-xcalibur-hunter-1-4-once-0778945p.html,https://www.canadiantire.ca/fr/pdp/leurre-dore-jaune-xcalibur-hunter-1-4-once-0778945p.html,https://media-www.canadiantire.ca/product/playing/fishing/fishing-lures/0778945/xcalibur-walleye-hunter-jig-1-4-oz-chartreuse-5dcbd17b-6c42-45bb-979e-1504148e84c5-jpgrendition.jpg?im=whresize&wid=200&hei=200,https://media-www.canadiantire.ca/product/playing/fishing/fishing-lures/0778945/xcalibur-walleye-hunter-jig-1-4-oz-chartreuse-5dcbd17b-6c42-45bb-979e-1504148e84c5-jpgrendition.jpg?im=whresize&wid=200&hei=200,,0778945,077-8945,Vérifiez la disponibilité#077-8945X,Liquidation◊Mieux notés,57.94,"2,73","6,49"
694,"Kingston Division St., ON",Dragon à enfourcher flottant gonflable pour lac,Dragon à enfourcher flottant gonflable pour lac,24.93,"24,93 $",79.99,"Était±  79,99 $prix était 79,99 $",24.93,"24,93 $",24.93,"24,93 $",true,https://www.canadiantire.ca/fr/pdp/dragon-a-enfourcher-flottant-gonflable-pour-lac-0791414p.html,https://www.canadiantire.ca/fr/pdp/dragon-a-enfourcher-flottant-gonflable-pour-lac-0791414p.html,https://media-www.canadiantire.ca/product/playing/seasonal-recreation/marine-water-fun/0791414/dragon-lake-inflatable-c485ebfa-6358-4493-a581-dbc0c4755c39-jpgrendition.jpg?im=whresize&wid=200&hei=200,https://media-www.canadiantire.ca/product/playing/seasonal-recreation/marine-water-fun/0791414/dragon-lake-inflatable-c485ebfa-6358-4493-a581-dbc0c4755c39-jpgrendition.jpg?im=whresize&wid=200&hei=200,,0791414,079-1414-4,,Liquidation◊Exclusivité,68.83,"24,93","79,99"
694,"Kingston Division St., ON","Barre à 3 crochets CANVAS Voisin, acier inoxydable, gris silex, 18 po","Barre à 3 crochets CANVAS Voisin, acier inoxydable, gris silex, 18 po",19.93,"19,93 $",39.99,"Était±  39,99 $prix était 39,99 $",19.93,"19,93 $",19.93,"19,93 $",true,https://www.canadiantire.ca/fr/pdp/barre-a-3-crochets-canvas-voisin-acier-inoxydable-gris-silex-18-po-0465503p.html,https://www.canadiantire.ca/fr/pdp/barre-a-3-crochets-canvas-voisin-acier-inoxydable-gris-silex-18-po-0465503p.html,https://media-www.canadiantire.ca/product/living/home-decor/decor-accents/0465503/canvas-18-voisin-hook-rail-flint-grey--c7c85ebc-cecc-4918-a64e-edc9c7b7d9cf-jpgrendition.jpg?im=whresize&wid=200&hei=200,https://media-www.canadiantire.ca/product/living/home-decor/decor-accents/0465503/canvas-18-voisin-hook-rail-flint-grey--c7c85ebc-cecc-4918-a64e-edc9c7b7d9cf-jpgrendition.jpg?im=whresize&wid=200&hei=200,,0465503,046-5503-6,Il n’en reste que 2 #046-5503-6,Liquidation◊Mieux notés,50.16,"19,93","39,99"
694,"Kingston Division St., ON",Bac à peinture Premier Clean en pâte de papier,Bac à peinture Premier Clean en pâte de papier,6.93,"6,93 $",16.99,"Était±  16,99 $prix était 16,99 $",6.93,"6,93 $",6.93,"6,93 $",true,https://www.canadiantire.ca/fr/pdp/bac-a-peinture-premier-clean-en-pate-de-papier-0492532p.html,https://www.canadiantire.ca/fr/pdp/bac-a-peinture-premier-clean-en-pate-de-papier-0492532p.html,https://media-www.canadiantire.ca/product/fixing/paint/paint-accessories/0492532/premier-clean-paper-pulp-painting-tray-871926d2-0d3b-4656-91e7-a53642a4e1ee-jpgrendition.jpg?im=whresize&wid=200&hei=200,https://media-www.canadiantire.ca/product/fixing/paint/paint-accessories/0492532/premier-clean-paper-pulp-painting-tray-871926d2-0d3b-4656-91e7-a53642a4e1ee-jpgrendition.jpg?im=whresize&wid=200&hei=200,,0492532,049-2532-8,Il n’en reste que 2 #049-2532-8,Liquidation◊Exclusivité,59.21,"6,93","16,99"
694,"Kingston Division St., ON","Prise électrique DDFT inviolable avec autovérification Legrand 1597TRNICC4 Radiant, 15 A, 125 V, nickel","Prise électrique DDFT inviolable avec autovérification Legrand 1597TRNICC4 Radiant, 15 A, 125 V, nickel",14.93,"14,93 $",37.99,"Était±  37,99 $prix était 37,99 $",14.93,"14,93 $",14.93,"14,93 $",true,https://www.canadiantire.ca/fr/pdp/prise-electrique-ddft-inviolable-avec-autoverification-legrand-1597trnicc4-radiant-15-a-125-v-nickel-0529166p.html,https://www.canadiantire.ca/fr/pdp/prise-electrique-ddft-inviolable-avec-autoverification-legrand-1597trnicc4-radiant-15-a-125-v-nickel-0529166p.html,https://media-www.canadiantire.ca/product/fixing/electrical/rough-electrical/0529166/15a-125v-self-test-gfci-nickel-11d5d388-e0c4-401d-8e4a-65d7ae26e58e-jpgrendition.jpg?im=whresize&wid=200&hei=200,https://media-www.canadiantire.ca/product/fixing/electrical/rough-electrical/0529166/15a-125v-self-test-gfci-nickel-11d5d388-e0c4-401d-8e4a-65d7ae26e58e-jpgrendition.jpg?im=whresize&wid=200&hei=200,,0529166,052-9166-8,,Liquidation◊Mieux notés,60.7,"14,93","37,99"
694,"Kingston Division St., ON","Cartouche de ligne de coupe de service moyen MTD, 2 lignes, pièces d'origine, 0,080 po","Cartouche de ligne de coupe de service moyen MTD, 2 lignes, pièces d'origine, 0,080 po",9.93,"9,93 $",19.99,"Était±  19,99 $prix était 19,99 $",9.93,"9,93 $",9.93,"9,93 $",true,https://www.canadiantire.ca/fr/pdp/cartouche-de-ligne-de-coupe-de-service-moyen-mtd-2-lignes-pieces-d-origine-0-080-po-0602276p.html,https://www.canadiantire.ca/fr/pdp/cartouche-de-ligne-de-coupe-de-service-moyen-mtd-2-lignes-pieces-d-origine-0-080-po-0602276p.html,https://media-www.canadiantire.ca/product/seasonal-gardening/outdoor-tools/ope-parts-accessories/0602276/2-line-trimmer-cartridge-0-80--6a3daae2-2437-4cf9-a423-58bcb47929af-jpgrendition.jpg?im=whresize&wid=200&hei=200,https://media-www.canadiantire.ca/product/seasonal-gardening/outdoor-tools/ope-parts-accessories/0602276/2-line-trimmer-cartridge-0-80--6a3daae2-2437-4cf9-a423-58bcb47929af-jpgrendition.jpg?im=whresize&wid=200&hei=200,,0602276,060-2276-8,Il n’en reste que 3 #060-2276-8,Liquidation◊,50.33,"9,93","19,99"
694,"Kingston Division St., ON","Napperons rectangulaires en vinyle CANVAS Estero, 13 x 19 po, paq. 4","Napperons rectangulaires en vinyle CANVAS Estero, 13 x 19 po, paq. 4",7.93,"7,93 $",19.99,"Était±  19,99 $prix était 19,99 $",7.93,"7,93 $",7.93,"7,93 $",true,https://www.canadiantire.ca/fr/pdp/napperons-rectangulaires-en-vinyle-canvas-estero-13-x-19-po-paq-4-1424814p.html,https://www.canadiantire.ca/fr/pdp/napperons-rectangulaires-en-vinyle-canvas-estero-13-x-19-po-paq-4-1424814p.html,https://media-www.canadiantire.ca/product/living/kitchen/dining-and-entertaining/1424814/canvas-estero-placemat-4-pk-33f212c7-2e74-4f5a-86b2-1976de58a2c6-jpgrendition.jpg?im=whresize&wid=200&hei=200,https://media-www.canadiantire.ca/product/living/kitchen/dining-and-entertaining/1424814/canvas-estero-placemat-4-pk-33f212c7-2e74-4f5a-86b2-1976de58a2c6-jpgrendition.jpg?im=whresize&wid=200&hei=200,,1424814,142-4814-2,Il n’en reste que 2 #142-4814-2,Liquidation◊Exclusivité,60.33,"7,93","19,99"
694,"Kingston Division St., ON","Mousqueton à bateau Ben-Mor, acier inoxydable, choix de tailles","Mousqueton à bateau Ben-Mor, acier inoxydable, choix de tailles",4.97,"4,97 $",13.49,"13,49 $Était   et+ prix était à partir de 13,49 $",4.97,"4,97 $",4.97,"4,97 $",true,https://www.canadiantire.ca/fr/pdp/mousqueton-a-bateau-ben-mor-acier-inoxydable-choix-de-tailles-0618920p.html,https://www.canadiantire.ca/fr/pdp/mousqueton-a-bateau-ben-mor-acier-inoxydable-choix-de-tailles-0618920p.html,https://media-www.canadiantire.ca/product/fixing/hardware/general-hardware/0618921/snap-boat-3-3-4-stainless-steel-c51dcc38-2e6f-4b1f-9af2-9ced37e02173-jpgrendition.jpg?im=whresize&wid=200&hei=200,https://media-www.canadiantire.ca/product/fixing/hardware/general-hardware/0618921/snap-boat-3-3-4-stainless-steel-c51dcc38-2e6f-4b1f-9af2-9ced37e02173-jpgrendition.jpg?im=whresize&wid=200&hei=200,,0618920,061-8920,Vérifiez la disponibilité#061-8920X,Liquidation◊,63.16,"4,97","13,49"
694,"Kingston Division St., ON","Casque de motoneige Origine Novelus, jeunes, choix de tailles","Casque de motoneige Origine Novelus, jeunes, choix de tailles",63.93,"63,93 $",154.99,"154,99 $Était   et+ prix était à partir de 154,99 $",63.93,"63,93 $",63.93,"63,93 $",true,https://www.canadiantire.ca/fr/pdp/casque-de-motoneige-origine-novelus-jeunes-choix-de-tailles-0261220p.html,https://www.canadiantire.ca/fr/pdp/casque-de-motoneige-origine-novelus-jeunes-choix-de-tailles-0261220p.html,https://media-www.canadiantire.ca/product/automotive/automotive-outdoor-adventure/powersport/0261220/origine-novelus-youth-helmet-small-a03f1098-eddd-453c-901a-bbd1acb09436-jpgrendition.jpg?im=whresize&wid=200&hei=200,https://media-www.canadiantire.ca/product/automotive/automotive-outdoor-adventure/powersport/0261220/origine-novelus-youth-helmet-small-a03f1098-eddd-453c-901a-bbd1acb09436-jpgrendition.jpg?im=whresize&wid=200&hei=200,,0261220,026-1220,Vérifiez la disponibilité#026-1220X,Liquidation◊Exclusivité,58.75,"63,93","154,99"
694,"Kingston Division St., ON","Chat noir lumineux à DEL à couleurs changeantes For Living, motifs de lune, 10 1/4 po, décoration pour l'intérieur/extérieur pour l'Halloween","Chat noir lumineux à DEL à couleurs changeantes For Living, motifs de lune, 10 1/4 po, décoration pour l'intérieur/extérieur pour l'Halloween",9.93,"9,93 $",19.99,"Était±  19,99 $prix était 19,99 $",9.93,"9,93 $",9.93,"9,93 $",true,https://www.canadiantire.ca/fr/pdp/chat-noir-lumineux-a-del-a-couleurs-changeantes-for-living-motifs-de-lune-10-1-4-po-decoration-pour-l-interieur-exterieur-pour-l-halloween-1519212p.html,https://www.canadiantire.ca/fr/pdp/chat-noir-lumineux-a-del-a-couleurs-changeantes-for-living-motifs-de-lune-10-1-4-po-decoration-pour-l-interieur-exterieur-pour-l-halloween-1519212p.html,https://media-www.canadiantire.ca/product/seasonal-gardening/seasonal/halloween-harvest/1519212/10-25-light-up-black-cat-4c61e2e6-ef53-41da-bf62-5a67811035c1-jpgrendition.jpg?im=whresize&wid=200&hei=200,https://media-www.canadiantire.ca/product/seasonal-gardening/seasonal/halloween-harvest/1519212/10-25-light-up-black-cat-4c61e2e6-ef53-41da-bf62-5a67811035c1-jpgrendition.jpg?im=whresize&wid=200&hei=200,,1519212,151-9212-2,Il n’en reste que 3 #151-9212-2,Liquidation◊Exclusivité,50.33,"9,93","19,99"
694,"Kingston Division St., ON",Adaptateur REESE Towpower 3 po vers 2 1/2 po,Adaptateur REESE Towpower 3 po vers 2 1/2 po,20.93,"20,93 $",42.99,"Était±  42,99 $prix était 42,99 $",20.93,"20,93 $",20.93,"20,93 $",true,https://www.canadiantire.ca/fr/pdp/adaptateur-reese-towpower-3-po-vers-2-1-2-po-0406058p.html,https://www.canadiantire.ca/fr/pdp/adaptateur-reese-towpower-3-po-vers-2-1-2-po-0406058p.html,https://media-www.canadiantire.ca/product/automotive/automotive-outdoor-adventure/auto-travel-storage/0408602/reese-towpower-3-to-2-1-2-adapter--70a5bc74-80a2-4c05-b08c-144b84f93610-jpgrendition.jpg?im=whresize&wid=200&hei=200,https://media-www.canadiantire.ca/product/automotive/automotive-outdoor-adventure/auto-travel-storage/0408602/reese-towpower-3-to-2-1-2-adapter--70a5bc74-80a2-4c05-b08c-144b84f93610-jpgrendition.jpg?im=whresize&wid=200&hei=200,,0406058,040-8602-4,Il n’en reste que 1 #040-8602-4,Liquidation◊,51.31,"20,93","42,99"
694,"Kingston Division St., ON",Spatule à récipient en acier inoxydable PADERNO avec tête en silicone résistante à la chaleur,Spatule à récipient en acier inoxydable PADERNO avec tête en silicone résistante à la chaleur,7.93,"7,93 $",19.99,"Était±  19,99 $prix était 19,99 $",7.93,"7,93 $",7.93,"7,93 $",true,https://www.canadiantire.ca/fr/pdp/spatule-a-recipient-en-acier-inoxydable-paderno-avec-tete-en-silicone-resistante-a-la-chaleur-1422295p.html,https://www.canadiantire.ca/fr/pdp/spatule-a-recipient-en-acier-inoxydable-paderno-avec-tete-en-silicone-resistante-a-la-chaleur-1422295p.html,https://media-www.canadiantire.ca/product/living/kitchen/kitchen-tools-thermometers/1422295/paderno-jar-spatula-ff39d8f8-97da-4928-aa20-4037c3f04962.png?im=whresize&wid=200&hei=200,https://media-www.canadiantire.ca/product/living/kitchen/kitchen-tools-thermometers/1422295/paderno-jar-spatula-ff39d8f8-97da-4928-aa20-4037c3f04962.png?im=whresize&wid=200&hei=200,,1422295,142-2295-8,Il n’en reste que 1 #142-2295-8,Liquidation◊Mieux notés,60.33,"7,93","19,99"
694,"Kingston Division St., ON","Prise double inviolable Decorator, 15 A, 125 V, couleurs variées","Prise double inviolable Decorator, 15 A, 125 V, couleurs variées",0.93,"0,93 $",1.99,"1,99 $Était   et+ prix était à partir de 1,99 $",0.93,"0,93 $",0.93,"0,93 $",true,https://www.canadiantire.ca/fr/pdp/prise-double-inviolable-decorator-15-a-125-v-couleurs-variees-0527112p.html,https://www.canadiantire.ca/fr/pdp/prise-double-inviolable-decorator-15-a-125-v-couleurs-variees-0527112p.html,https://media-www.canadiantire.ca/product/fixing/electrical/rough-electrical/0527114/almond-tamper-resistant-decora-receptacle-15-amp-125-v-73c6280d-08a6-4ce6-8c99-ee29b394ff15-jpgrendition.jpg?im=whresize&wid=200&hei=200,https://media-www.canadiantire.ca/product/fixing/electrical/rough-electrical/0527114/almond-tamper-resistant-decora-receptacle-15-amp-125-v-73c6280d-08a6-4ce6-8c99-ee29b394ff15-jpgrendition.jpg?im=whresize&wid=200&hei=200,,0527112,052-7112,Vérifiez la disponibilité#052-7112X,Liquidation◊Mieux notés,53.27,"0,93","1,99"
694,"Kingston Division St., ON","Boule de lave requin Goofy Foot, pour l'intérieur et l'extérieur, 3 ans et plus","Boule de lave requin Goofy Foot, pour l'intérieur et l'extérieur, 3 ans et plus",3.93,"3,93 $",9.99,"Était±  9,99 $prix était 9,99 $",3.93,"3,93 $",3.93,"3,93 $",true,https://www.canadiantire.ca/fr/pdp/boule-de-lave-requin-goofy-foot-pour-l-interieur-et-l-exterieur-3-ans-et-plus-0509737p.html,https://www.canadiantire.ca/fr/pdp/boule-de-lave-requin-goofy-foot-pour-l-interieur-et-l-exterieur-3-ans-et-plus-0509737p.html,https://media-www.canadiantire.ca/product/seasonal-gardening/toys/seasonal-toys/0509737/shark-lava-ball-b417b47f-a51b-4d1a-b8b6-4bd4e60eeef9-jpgrendition.jpg?im=whresize&wid=200&hei=200,https://media-www.canadiantire.ca/product/seasonal-gardening/toys/seasonal-toys/0509737/shark-lava-ball-b417b47f-a51b-4d1a-b8b6-4bd4e60eeef9-jpgrendition.jpg?im=whresize&wid=200&hei=200,,0509737,050-9737-4,Il n’en reste que 1 #050-9737-4,Liquidation◊Mieux notés,60.66,"3,93","9,99"
694,"Kingston Division St., ON","Citrouilles et pommes de pin CANVAS, multicolores, 5-1/2 po, paq. 10, choix variés, décorations d'intérieur pour l'automne","Citrouilles et pommes de pin CANVAS, multicolores, 5-1/2 po, paq. 10, choix variés, décorations d'intérieur pour l'automne",2.71,"2,71 $",7.99,"Était±  7,99 $prix était 7,99 $",2.71,"2,71 $",2.71,"2,71 $",true,https://www.canadiantire.ca/fr/pdp/citrouilles-et-pommes-de-pin-canvas-multicolores-5-1-2-po-paq-10-choix-varies-decorations-d-interieur-pour-l-automne-1516319p.html,https://www.canadiantire.ca/fr/pdp/citrouilles-et-pommes-de-pin-canvas-multicolores-5-1-2-po-paq-10-choix-varies-decorations-d-interieur-pour-l-automne-1516319p.html,https://media-www.canadiantire.ca/product/seasonal-gardening/seasonal/halloween-harvest/1516319/canvas-mesh-bag-pumpkin-pinecone-16e49ebe-9b08-4ab6-b0b3-9bc729d7d223-jpgrendition.jpg?im=whresize&wid=200&hei=200,https://media-www.canadiantire.ca/product/seasonal-gardening/seasonal/halloween-harvest/1516319/canvas-mesh-bag-pumpkin-pinecone-16e49ebe-9b08-4ab6-b0b3-9bc729d7d223-jpgrendition.jpg?im=whresize&wid=200&hei=200,,1516319,151-6319-8,,Liquidation◊Mieux notés,66.08,"2,71","7,99"
694,"Kingston Division St., ON","Décoration de 3 citrouilles lanternes empilées en bois For Living, orange, 3 pi, décorations d'intérieur et d'extérieur pour l'Halloween","Décoration de 3 citrouilles lanternes empilées en bois For Living, orange, 3 pi, décorations d'intérieur et d'extérieur pour l'Halloween",17.43,"17,43 $",34.99,"Était±  34,99 $prix était 34,99 $",17.43,"17,43 $",17.43,"17,43 $",true,https://www.canadiantire.ca/fr/pdp/decoration-de-3-citrouilles-lanternes-empilees-en-bois-for-living-orange-3-pi-decorations-d-interieur-et-d-exterieur-pour-l-halloween-1510858p.html,https://www.canadiantire.ca/fr/pdp/decoration-de-3-citrouilles-lanternes-empilees-en-bois-for-living-orange-3-pi-decorations-d-interieur-et-d-exterieur-pour-l-halloween-1510858p.html,https://media-www.canadiantire.ca/product/seasonal-gardening/seasonal/halloween-harvest/1510858/3-stack-pumpkin-decor-77ec1042-aad7-4495-8461-11c8e0665519-jpgrendition.jpg?im=whresize&wid=200&hei=200,https://media-www.canadiantire.ca/product/seasonal-gardening/seasonal/halloween-harvest/1510858/3-stack-pumpkin-decor-77ec1042-aad7-4495-8461-11c8e0665519-jpgrendition.jpg?im=whresize&wid=200&hei=200,,1510858,151-0858-0,Il n’en reste que 7 #151-0858-0,Liquidation◊Mieux notés,50.19,"17,43","34,99"
694,"Kingston Division St., ON","Sifflet d'entraînement à la chasse Browning 120-DB pour chien, orange","Sifflet d'entraînement à la chasse Browning 120-DB pour chien, orange",6.93,"6,93 $",14.99,"Était±  14,99 $prix était 14,99 $",6.93,"6,93 $",6.93,"6,93 $",true,https://www.canadiantire.ca/fr/pdp/sifflet-d-entrainement-a-la-chasse-browning-120-db-pour-chien-orange-3750582p.html,https://www.canadiantire.ca/fr/pdp/sifflet-d-entrainement-a-la-chasse-browning-120-db-pour-chien-orange-3750582p.html,https://media-www.canadiantire.ca/product/playing/hunting/hunting-accessories/3750582/browning-training-whistle-orange-6856375b-5da4-4148-b616-7c27968508d0-jpgrendition.jpg?im=whresize&wid=200&hei=200,https://media-www.canadiantire.ca/product/playing/hunting/hunting-accessories/3750582/browning-training-whistle-orange-6856375b-5da4-4148-b616-7c27968508d0-jpgrendition.jpg?im=whresize&wid=200&hei=200,,3750582,375-0582-2,,Liquidation◊Exclusivité,53.77,"6,93","14,99"
694,"Kingston Division St., ON","Roue de remorque MotoMaster Bias ASM205/75/D15, 5 écrous","Roue de remorque MotoMaster Bias ASM205/75/D15, 5 écrous",39.93,"39,93 $",159.99,"Était±  159,99 $prix était 159,99 $",39.93,"39,93 $",39.93,"39,93 $",true,https://www.canadiantire.ca/fr/pdp/roue-de-remorque-motomaster-bias-asm205-75-d15-5-ecrous-0403173p.html,https://www.canadiantire.ca/fr/pdp/roue-de-remorque-motomaster-bias-asm205-75-d15-5-ecrous-0403173p.html,https://media-www.canadiantire.ca/product/automotive/automotive-outdoor-adventure/auto-travel-storage/0403175/motomaster-bias-trailer-tire-st530-x-12-lr-c-tire-only-fed60885-3f31-40fd-8ff3-4c51c0ebc8d0-jpgrendition.jpg?im=whresize&wid=200&hei=200,https://media-www.canadiantire.ca/product/automotive/automotive-outdoor-adventure/auto-travel-storage/0403175/motomaster-bias-trailer-tire-st530-x-12-lr-c-tire-only-fed60885-3f31-40fd-8ff3-4c51c0ebc8d0-jpgrendition.jpg?im=whresize&wid=200&hei=200,,0403173,040-3173-4,,Liquidation◊Exclusivité,75.04,"39,93","159,99"
694,"Kingston Division St., ON","Fille sur vélo animée For Living avec piles, lumière à DEL, rouge/blanc, 12 1/2 po, décoration intérieure/extérieure activée par le son et la lumière pour l'Halloween","Fille sur vélo animée For Living avec piles, lumière à DEL, rouge/blanc, 12 1/2 po, décoration intérieure/extérieure activée par le son et la lumière pour l'Halloween",4.93,"4,93 $",29.99,"Était±  29,99 $prix était 29,99 $",4.93,"4,93 $",4.93,"4,93 $",true,https://www.canadiantire.ca/fr/pdp/fille-sur-velo-animee-for-living-avec-piles-lumiere-a-del-rouge-blanc-12-1-2-po-decoration-interieure-exterieure-activee-par-le-son-et-la-lumiere-pour-l-halloween-1519198p.html,https://www.canadiantire.ca/fr/pdp/fille-sur-velo-animee-for-living-avec-piles-lumiere-a-del-rouge-blanc-12-1-2-po-decoration-interieure-exterieure-activee-par-le-son-et-la-lumiere-pour-l-halloween-1519198p.html,https://media-www.canadiantire.ca/product/seasonal-gardening/seasonal/halloween-harvest/1519198/11-8-animated-girl-on-bike-59d00703-ab47-4de7-ba9f-60d70e5b3802-jpgrendition.jpg?im=whresize&wid=200&hei=200,https://media-www.canadiantire.ca/product/seasonal-gardening/seasonal/halloween-harvest/1519198/11-8-animated-girl-on-bike-59d00703-ab47-4de7-ba9f-60d70e5b3802-jpgrendition.jpg?im=whresize&wid=200&hei=200,,1519198,151-9198-6,,Liquidation◊Exclusivité,83.56,"4,93","29,99"
694,"Kingston Division St., ON","Verres Libbey Impressions, allant au lave-vaisselle, 8 x 12 oz et 8 x 17 oz, paq. 16","Verres Libbey Impressions, allant au lave-vaisselle, 8 x 12 oz et 8 x 17 oz, paq. 16",9.93,"9,93 $",19.99,"Était±  19,99 $prix était 19,99 $",9.93,"9,93 $",9.93,"9,93 $",true,https://www.canadiantire.ca/fr/pdp/verres-libbey-impressions-allant-au-lave-vaisselle-8-x-12-oz-et-8-x-17-oz-paq-16-1421530p.html,https://www.canadiantire.ca/fr/pdp/verres-libbey-impressions-allant-au-lave-vaisselle-8-x-12-oz-et-8-x-17-oz-paq-16-1421530p.html,https://media-www.canadiantire.ca/product/living/kitchen/dining-and-entertaining/1421530/libbey-16pc-impressions-tumbler-set-6d67312c-6577-43d0-bb86-888719a8d8ac-jpgrendition.jpg?im=whresize&wid=200&hei=200,https://media-www.canadiantire.ca/product/living/kitchen/dining-and-entertaining/1421530/libbey-16pc-impressions-tumbler-set-6d67312c-6577-43d0-bb86-888719a8d8ac-jpgrendition.jpg?im=whresize&wid=200&hei=200,,1421530,142-1530-4,,Liquidation◊Mieux notés,50.33,"9,93","19,99"
694,"Kingston Division St., ON","Fantôme enchaîné suspendu For Living avec piles, lumière à DEL, blanc, 31 po, décoration intérieure/extérieure pour l'Halloween","Fantôme enchaîné suspendu For Living avec piles, lumière à DEL, blanc, 31 po, décoration intérieure/extérieure pour l'Halloween",7.43,"7,43 $",14.99,"Était±  14,99 $prix était 14,99 $",7.43,"7,43 $",7.43,"7,43 $",true,https://www.canadiantire.ca/fr/pdp/fantome-enchaine-suspendu-for-living-avec-piles-lumiere-a-del-blanc-31-po-decoration-interieure-exterieure-pour-l-halloween-1518451p.html,https://www.canadiantire.ca/fr/pdp/fantome-enchaine-suspendu-for-living-avec-piles-lumiere-a-del-blanc-31-po-decoration-interieure-exterieure-pour-l-halloween-1518451p.html,https://media-www.canadiantire.ca/product/seasonal-gardening/seasonal/halloween-harvest/1518451/31-light-up-hanging-ghost-ba61dd9a-515e-40b3-9a7e-a8b79f2dfb2f-jpgrendition.jpg?im=whresize&wid=200&hei=200,https://media-www.canadiantire.ca/product/seasonal-gardening/seasonal/halloween-harvest/1518451/31-light-up-hanging-ghost-ba61dd9a-515e-40b3-9a7e-a8b79f2dfb2f-jpgrendition.jpg?im=whresize&wid=200&hei=200,,1518451,151-8451-8,Il n’en reste que 2 #151-8451-8,Liquidation◊Mieux notés,50.43,"7,43","14,99"
694,"Kingston Division St., ON","Affiche de table orange lumineuse BOO For Living, 10 po","Affiche de table orange lumineuse BOO For Living, 10 po",4.93,"4,93 $",14.99,"Était±  14,99 $prix était 14,99 $",4.93,"4,93 $",4.93,"4,93 $",true,https://www.canadiantire.ca/fr/pdp/affiche-de-table-orange-lumineuse-boo-for-living-10-po-1519592p.html,https://www.canadiantire.ca/fr/pdp/affiche-de-table-orange-lumineuse-boo-for-living-10-po-1519592p.html,https://media-www.canadiantire.ca/product/seasonal-gardening/seasonal/halloween-harvest/1519592/10-inch-light-up-orange-boo-table-sign-dfd28620-beb9-4ff8-9729-de00e1c77a24-jpgrendition.jpg?im=whresize&wid=200&hei=200,https://media-www.canadiantire.ca/product/seasonal-gardening/seasonal/halloween-harvest/1519592/10-inch-light-up-orange-boo-table-sign-dfd28620-beb9-4ff8-9729-de00e1c77a24-jpgrendition.jpg?im=whresize&wid=200&hei=200,,1519592,151-9592-6,Il n’en reste que 1 #151-9592-6,Liquidation◊Exclusivité,67.11,"4,93","14,99"
694,"Kingston Division St., ON","Gants de travail haute performance Mechanix Wear Original, noir/rouge, tailles variées","Gants de travail haute performance Mechanix Wear Original, noir/rouge, tailles variées",6.93,"6,93 $",29.99,"29,99 $Était   et+ prix était à partir de 29,99 $",6.93,"6,93 $",6.93,"6,93 $",true,https://www.canadiantire.ca/fr/pdp/gants-de-travail-haute-performance-mechanix-wear-original-noir-rouge-tailles-variees-0257014p.html,https://www.canadiantire.ca/fr/pdp/gants-de-travail-haute-performance-mechanix-wear-original-noir-rouge-tailles-variees-0257014p.html,https://media-www.canadiantire.ca/product/automotive/auto-maintenance/oil-change-and-fuel-accessories/0257014/mechanix-glove-red-medium-24df404d-7dc1-406e-8efa-50398df14abb-jpgrendition.jpg?im=whresize&wid=200&hei=200,https://media-www.canadiantire.ca/product/automotive/auto-maintenance/oil-change-and-fuel-accessories/0257014/mechanix-glove-red-medium-24df404d-7dc1-406e-8efa-50398df14abb-jpgrendition.jpg?im=whresize&wid=200&hei=200,,0257014,025-7014,Vérifiez la disponibilité#025-7014X,Liquidation◊Mieux notés,76.89,"6,93","29,99"
694,"Kingston Division St., ON","Manchon de compression pour le bras Tensor Sport, bleu, choix de tailles","Manchon de compression pour le bras Tensor Sport, bleu, choix de tailles",9.93,"9,93 $",22.99,"22,99 $Était   et+ prix était à partir de 22,99 $",9.93,"9,93 $",9.93,"9,93 $",true,https://www.canadiantire.ca/fr/pdp/manchon-de-compression-pour-le-bras-tensor-sport-bleu-choix-de-tailles-0839182p.html,https://www.canadiantire.ca/fr/pdp/manchon-de-compression-pour-le-bras-tensor-sport-bleu-choix-de-tailles-0839182p.html,https://media-www.canadiantire.ca/product/playing/hockey/hockey-accessories/0839182/tensor-sport-compression-arm-sleeve-s-m-52e8420f-f211-4e62-9c1d-c3dd486ed643-jpgrendition.jpg?im=whresize&wid=200&hei=200,https://media-www.canadiantire.ca/product/playing/hockey/hockey-accessories/0839182/tensor-sport-compression-arm-sleeve-s-m-52e8420f-f211-4e62-9c1d-c3dd486ed643-jpgrendition.jpg?im=whresize&wid=200&hei=200,,0839182,083-9182,Vérifiez la disponibilité#083-9182X,Liquidation◊Mieux notés,56.81,"9,93","22,99"
694,"Kingston Division St., ON",Hyperice HyperVolt Go - Pistolet de massage à percussion,Hyperice HyperVolt Go - Pistolet de massage à percussion,87.93,"87,93 $",199.99,"Était±  199,99 $prix était 199,99 $",87.93,"87,93 $",87.93,"87,93 $",true,https://www.canadiantire.ca/fr/pdp/hyperice-hypervolt-go-pistolet-de-massage-a-percussion-1841266p.html,https://www.canadiantire.ca/fr/pdp/hyperice-hypervolt-go-pistolet-de-massage-a-percussion-1841266p.html,https://media-www.canadiantire.ca/product/playing/exercise/exercise-accessories/1841266/hypervolt-go-percussion-massage-gun-796a98a0-d1b2-4870-8e03-3f498c20b342-jpgrendition.jpg?im=whresize&wid=200&hei=200,https://media-www.canadiantire.ca/product/playing/exercise/exercise-accessories/1841266/hypervolt-go-percussion-massage-gun-796a98a0-d1b2-4870-8e03-3f498c20b342-jpgrendition.jpg?im=whresize&wid=200&hei=200,,1841266,184-1266-4,,Liquidation◊Mieux notés,56.03,"87,93","199,99"
694,"Kingston Division St., ON","Ampoule incandescente givrée à intensité variable à culot E26 NOMA T10, 480 lumens, blanc chaud, 60 W","Ampoule incandescente givrée à intensité variable à culot E26 NOMA T10, 480 lumens, blanc chaud, 60 W",3.93,"3,93 $",8.99,"Était±  8,99 $prix était 8,99 $",3.93,"3,93 $",3.93,"3,93 $",true,https://www.canadiantire.ca/fr/pdp/ampoule-incandescente-givree-a-intensite-variable-a-culot-e26-noma-t10-480-lumens-blanc-chaud-60-w-0525525p.html,https://www.canadiantire.ca/fr/pdp/ampoule-incandescente-givree-a-intensite-variable-a-culot-e26-noma-t10-480-lumens-blanc-chaud-60-w-0525525p.html,https://media-www.canadiantire.ca/product/fixing/electrical/light-bulbs/0525525/noma-incandescent-t10-60w-soft-white-bulb-413250d2-b496-44d4-a2c0-2c88cc4f56d0-jpgrendition.jpg?im=whresize&wid=200&hei=200,https://media-www.canadiantire.ca/product/fixing/electrical/light-bulbs/0525525/noma-incandescent-t10-60w-soft-white-bulb-413250d2-b496-44d4-a2c0-2c88cc4f56d0-jpgrendition.jpg?im=whresize&wid=200&hei=200,,0525525,052-5525-8,Il n’en reste que 4 #052-5525-8,Liquidation◊Exclusivité,56.28,"3,93","8,99"
694,"Kingston Division St., ON","Élément de surface Laser 62475 pour cuisinière, cosses, 2 400 W, 240 V, 8 po","Élément de surface Laser 62475 pour cuisinière, cosses, 2 400 W, 240 V, 8 po",19.93,"19,93 $",40.99,"Était±  40,99 $prix était 40,99 $",19.93,"19,93 $",19.93,"19,93 $",true,https://www.canadiantire.ca/fr/pdp/element-de-surface-laser-62475-pour-cuisiniere-cosses-2-400-w-240-v-8-po-0522506p.html,https://www.canadiantire.ca/fr/pdp/element-de-surface-laser-62475-pour-cuisiniere-cosses-2-400-w-240-v-8-po-0522506p.html,https://media-www.canadiantire.ca/product/fixing/electrical/rough-electrical/0522506/spade-surface-element-8--6f0a796c-9816-4805-9554-c1470746057a-jpgrendition.jpg?im=whresize&wid=200&hei=200,https://media-www.canadiantire.ca/product/fixing/electrical/rough-electrical/0522506/spade-surface-element-8--6f0a796c-9816-4805-9554-c1470746057a-jpgrendition.jpg?im=whresize&wid=200&hei=200,,0522506,052-2506-2,Il n’en reste que 7 #052-2506-2,Liquidation◊Mieux notés,51.38,"19,93","40,99"
694,"Kingston Division St., ON","Interrupteur unipolaire à montage en surface Leviton 05231-742, blanc","Interrupteur unipolaire à montage en surface Leviton 05231-742, blanc",4.93,"4,93 $",13.99,"Était±  13,99 $prix était 13,99 $",4.93,"4,93 $",4.93,"4,93 $",true,https://www.canadiantire.ca/fr/pdp/interrupteur-unipolaire-a-montage-en-surface-leviton-05231-742-blanc-0528260p.html,https://www.canadiantire.ca/fr/pdp/interrupteur-unipolaire-a-montage-en-surface-leviton-05231-742-blanc-0528260p.html,https://media-www.canadiantire.ca/product/fixing/electrical/rough-electrical/0528260/white-switch-single-pole-lev-o-let-3902a7f0-ac84-4bc6-86c9-283e04ea992c-jpgrendition.jpg?im=whresize&wid=200&hei=200,https://media-www.canadiantire.ca/product/fixing/electrical/rough-electrical/0528260/white-switch-single-pole-lev-o-let-3902a7f0-ac84-4bc6-86c9-283e04ea992c-jpgrendition.jpg?im=whresize&wid=200&hei=200,,0528260,052-8260-8,,Liquidation◊Mieux notés,64.76,"4,93","13,99"
694,"Kingston Division St., ON","Poignées droite en acier Peerless pour armoires et tiroirs, nickel satiné, 1 5⁄8 po, paq. 10","Poignées droite en acier Peerless pour armoires et tiroirs, nickel satiné, 1 5⁄8 po, paq. 10",17.93,"17,93 $",38.99,"Était±  38,99 $prix était 38,99 $",17.93,"17,93 $",17.93,"17,93 $",true,https://www.canadiantire.ca/fr/pdp/poignees-droite-en-acier-peerless-pour-armoires-et-tiroirs-nickel-satine-1-5-8-po-paq-10-0467402p.html,https://www.canadiantire.ca/fr/pdp/poignees-droite-en-acier-peerless-pour-armoires-et-tiroirs-nickel-satine-1-5-8-po-paq-10-0467402p.html,https://media-www.canadiantire.ca/product/living/home-decor/decor-accents/0467402/peerless-1-5-8-steel-bar-knob-10pk-satin-nickel-9822b683-6f63-46df-aa04-7d6652c2c523-jpgrendition.jpg?im=whresize&wid=200&hei=200,https://media-www.canadiantire.ca/product/living/home-decor/decor-accents/0467402/peerless-1-5-8-steel-bar-knob-10pk-satin-nickel-9822b683-6f63-46df-aa04-7d6652c2c523-jpgrendition.jpg?im=whresize&wid=200&hei=200,,0467402,046-7402-4,Il n’en reste que 2 #046-7402-4,Liquidation◊Mieux notés,54.01,"17,93","38,99"
694,"Kingston Division St., ON","Bornes coniques isolées Gardner Bender C14-161P, calibre 22 à 18 AWG, paq. 4","Bornes coniques isolées Gardner Bender C14-161P, calibre 22 à 18 AWG, paq. 4",0.93,"0,93 $",2.79,"Était±  2,79 $prix était 2,79 $",0.93,"0,93 $",0.93,"0,93 $",true,https://www.canadiantire.ca/fr/pdp/bornes-coniques-isolees-gardner-bender-c14-161p-calibre-22-a-18-awg-paq-4-0520214p.html,https://www.canadiantire.ca/fr/pdp/bornes-coniques-isolees-gardner-bender-c14-161p-calibre-22-a-18-awg-paq-4-0520214p.html,https://media-www.canadiantire.ca/product/fixing/electrical/rough-electrical/0520214/bullet-terminals-m-f-pairs-red-pkg-4-52182616-0df8-492e-af92-c652cf66cde2-jpgrendition.jpg?im=whresize&wid=200&hei=200,https://media-www.canadiantire.ca/product/fixing/electrical/rough-electrical/0520214/bullet-terminals-m-f-pairs-red-pkg-4-52182616-0df8-492e-af92-c652cf66cde2-jpgrendition.jpg?im=whresize&wid=200&hei=200,,0520214,052-0214-8,,Liquidation◊Mieux notés,66.67,"0,93","2,79"
694,"Kingston Division St., ON","Gants de moto de route Origine GP Midnight Air, femmes","Gants de moto de route Origine GP Midnight Air, femmes",7.93,"7,93 $",54.99,"54,99 $Était   et+ prix était à partir de 54,99 $",7.93,"7,93 $",7.93,"7,93 $",true,https://www.canadiantire.ca/fr/pdp/gants-de-moto-de-route-origine-gp-midnight-air-femmes-0274145p.html,https://www.canadiantire.ca/fr/pdp/gants-de-moto-de-route-origine-gp-midnight-air-femmes-0274145p.html,https://media-www.canadiantire.ca/product/automotive/automotive-outdoor-adventure/powersport/0274145/origine-glove-midnight-air-woman-s-s-ae5a7687-dfd2-4465-b1ff-e9873c41d32c-jpgrendition.jpg?im=whresize&wid=200&hei=200,https://media-www.canadiantire.ca/product/automotive/automotive-outdoor-adventure/powersport/0274145/origine-glove-midnight-air-woman-s-s-ae5a7687-dfd2-4465-b1ff-e9873c41d32c-jpgrendition.jpg?im=whresize&wid=200&hei=200,,0274145,027-4145,Vérifiez la disponibilité#027-4145X,Liquidation◊Mieux notés,85.58,"7,93","54,99"
694,"Kingston Division St., ON","Ramasse-poussière mince CAMCO 43945 avec époussette, bleu/violet","Ramasse-poussière mince CAMCO 43945 avec époussette, bleu/violet",2.93,"2,93 $",13.99,"Était±  13,99 $prix était 13,99 $",2.93,"2,93 $",2.93,"2,93 $",true,https://www.canadiantire.ca/fr/pdp/ramasse-poussiere-mince-camco-43945-avec-epoussette-bleu-violet-0408809p.html,https://www.canadiantire.ca/fr/pdp/ramasse-poussiere-mince-camco-43945-avec-epoussette-bleu-violet-0408809p.html,https://media-www.canadiantire.ca/product/automotive/automotive-outdoor-adventure/auto-travel-storage/0408809/slim-dust-pan-with-whisk-0461f9f2-efd2-48fb-b8d2-48f22a1a9941-jpgrendition.jpg?im=whresize&wid=200&hei=200,https://media-www.canadiantire.ca/product/automotive/automotive-outdoor-adventure/auto-travel-storage/0408809/slim-dust-pan-with-whisk-0461f9f2-efd2-48fb-b8d2-48f22a1a9941-jpgrendition.jpg?im=whresize&wid=200&hei=200,,0408809,040-8809-4,,Liquidation◊,79.06,"2,93","13,99"
694,"Kingston Division St., ON","Cuillère Danielson Renegade, 1/2 oz","Cuillère Danielson Renegade, 1/2 oz",2.73,"2,73 $",5.49,"5,49 $Était   et+ prix était à partir de 5,49 $",2.73,"2,73 $",2.73,"2,73 $",true,https://www.canadiantire.ca/fr/pdp/cuillere-danielson-renegade-1-2-oz-0782227p.html,https://www.canadiantire.ca/fr/pdp/cuillere-danielson-renegade-1-2-oz-0782227p.html,https://media-www.canadiantire.ca/product/playing/fishing/fishing-lures/0782229/danielson-renegade-spoon-nickel-blue-1-2oz-701018c1-ef5c-4c16-aa69-12055a8b8e37-jpgrendition.jpg?im=whresize&wid=200&hei=200,https://media-www.canadiantire.ca/product/playing/fishing/fishing-lures/0782229/danielson-renegade-spoon-nickel-blue-1-2oz-701018c1-ef5c-4c16-aa69-12055a8b8e37-jpgrendition.jpg?im=whresize&wid=200&hei=200,,0782227,078-2227,Vérifiez la disponibilité#078-2227X,Liquidation◊Exclusivité,50.27,"2,73","5,49"
694,"Kingston Division St., ON","Cahier d'autocollants Sonic le hérisson Stickerland, mini, 6 pages, 120 pièces, enfants âgés de 3 ans et plus","Cahier d'autocollants Sonic le hérisson Stickerland, mini, 6 pages, 120 pièces, enfants âgés de 3 ans et plus",0.93,"0,93 $",2.49,"Était±  2,49 $prix était 2,49 $",0.93,"0,93 $",0.93,"0,93 $",true,https://www.canadiantire.ca/fr/pdp/cahier-d-autocollants-sonic-le-herisson-stickerland-mini-6-pages-120-pieces-enfants-ages-de-3-ans-et-plus-8539880p.html,https://www.canadiantire.ca/fr/pdp/cahier-d-autocollants-sonic-le-herisson-stickerland-mini-6-pages-120-pieces-enfants-ages-de-3-ans-et-plus-8539880p.html,https://media-www.canadiantire.ca/product/automotive/party-city-everyday/party-city-fun/8539880/sonic-mini-stickerland-pad-6-page-38549268-0816-4df7-80c6-9d7134068f5f-jpgrendition.jpg?im=whresize&wid=200&hei=200,https://media-www.canadiantire.ca/product/automotive/party-city-everyday/party-city-fun/8539880/sonic-mini-stickerland-pad-6-page-38549268-0816-4df7-80c6-9d7134068f5f-jpgrendition.jpg?im=whresize&wid=200&hei=200,,8539880,853-9880-0,Il n’en reste que 1 #853-9880-0,Liquidation◊Mieux notés,62.65,"0,93","2,49"
694,"Kingston Division St., ON","Interrupteur à 3 voies Legrand TM873NICC10 Radiant, 15 A, nickel","Interrupteur à 3 voies Legrand TM873NICC10 Radiant, 15 A, nickel",3.93,"3,93 $",9.79,"Était±  9,79 $prix était 9,79 $",3.93,"3,93 $",3.93,"3,93 $",true,https://www.canadiantire.ca/fr/pdp/interrupteur-a-3-voies-legrand-tm873nicc10-radiant-15-a-nickel-0529164p.html,https://www.canadiantire.ca/fr/pdp/interrupteur-a-3-voies-legrand-tm873nicc10-radiant-15-a-nickel-0529164p.html,https://media-www.canadiantire.ca/product/fixing/electrical/rough-electrical/0529164/15a-3-way-switch-nickel-61f3807e-38f4-470f-9a1b-1270becd3be5-jpgrendition.jpg?im=whresize&wid=200&hei=200,https://media-www.canadiantire.ca/product/fixing/electrical/rough-electrical/0529164/15a-3-way-switch-nickel-61f3807e-38f4-470f-9a1b-1270becd3be5-jpgrendition.jpg?im=whresize&wid=200&hei=200,,0529164,052-9164-2,,Liquidation◊Mieux notés,59.86,"3,93","9,79"
694,"Kingston Division St., ON","Lame oscillante bimétallique de coupe en plongée Rockwell RW8966 Sonicrafter, pour bois, polyvalente, 1 3⁄16 po","Lame oscillante bimétallique de coupe en plongée Rockwell RW8966 Sonicrafter, pour bois, polyvalente, 1 3⁄16 po",7.93,"7,93 $",16.99,"Était±  16,99 $prix était 16,99 $",7.93,"7,93 $",7.93,"7,93 $",true,https://www.canadiantire.ca/fr/pdp/lame-oscillante-bimetallique-de-coupe-en-plongee-rockwell-rw8966-sonicrafter-pour-bois-polyvalente-1-3-16-po-0545552p.html,https://www.canadiantire.ca/fr/pdp/lame-oscillante-bimetallique-de-coupe-en-plongee-rockwell-rw8966-sonicrafter-pour-bois-polyvalente-1-3-16-po-0545552p.html,https://media-www.canadiantire.ca/product/fixing/tools/portable-power-tools/0545552/rockwell-1-3-16a-bi-metal-wood-plunge-cut-blade-a2bd7aa3-d09c-4978-9ef8-224ec9769f79-jpgrendition.jpg?im=whresize&wid=200&hei=200,https://media-www.canadiantire.ca/product/fixing/tools/portable-power-tools/0545552/rockwell-1-3-16a-bi-metal-wood-plunge-cut-blade-a2bd7aa3-d09c-4978-9ef8-224ec9769f79-jpgrendition.jpg?im=whresize&wid=200&hei=200,,0545552,054-5552-8,,Liquidation◊,53.33,"7,93","16,99"
694,"Kingston Division St., ON",Lampe à DEL pour porte-gobelet avec télécommande,Lampe à DEL pour porte-gobelet avec télécommande,11.93,"11,93 $",23.99,"Était±  23,99 $prix était 23,99 $",11.93,"11,93 $",11.93,"11,93 $",true,https://www.canadiantire.ca/fr/pdp/lampe-a-del-pour-porte-gobelet-avec-telecommande-0370728p.html,https://www.canadiantire.ca/fr/pdp/lampe-a-del-pour-porte-gobelet-avec-telecommande-0370728p.html,https://media-www.canadiantire.ca/product/automotive/car-care-accessories/auto-accessories/0370728/multi-color-led-ultra-bright-cup-holder-with-remote-c6b4f083-c225-4b87-a725-fa203b8c129b-jpgrendition.jpg?im=whresize&wid=200&hei=200,https://media-www.canadiantire.ca/product/automotive/car-care-accessories/auto-accessories/0370728/multi-color-led-ultra-bright-cup-holder-with-remote-c6b4f083-c225-4b87-a725-fa203b8c129b-jpgrendition.jpg?im=whresize&wid=200&hei=200,,0370728,037-0728-4,Il n’en reste que 1 #037-0728-4,Liquidation◊,50.27,"11,93","23,99"
694,"Kingston Division St., ON","Cache-prise extérieur rond résistant aux intempéries Hubbell 5193-0, prises filetées de 1/2 po, gris","Cache-prise extérieur rond résistant aux intempéries Hubbell 5193-0, prises filetées de 1/2 po, gris",2.93,"2,93 $",7.29,"Était±  7,29 $prix était 7,29 $",2.93,"2,93 $",2.93,"2,93 $",true,https://www.canadiantire.ca/fr/pdp/cache-prise-exterieur-rond-resistant-aux-intemperies-hubbell-5193-0-prises-filetees-de-1-2-po-gris-0524246p.html,https://www.canadiantire.ca/fr/pdp/cache-prise-exterieur-rond-resistant-aux-intemperies-hubbell-5193-0-prises-filetees-de-1-2-po-gris-0524246p.html,https://media-www.canadiantire.ca/product/fixing/electrical/rough-electrical/0524246/cover-outlet-box-weather-proof-round-1-hole-grey-edf2fa71-1898-4bb2-8d3f-18a90e074f06-jpgrendition.jpg?im=whresize&wid=200&hei=200,https://media-www.canadiantire.ca/product/fixing/electrical/rough-electrical/0524246/cover-outlet-box-weather-proof-round-1-hole-grey-edf2fa71-1898-4bb2-8d3f-18a90e074f06-jpgrendition.jpg?im=whresize&wid=200&hei=200,,0524246,052-4246-8,Il n’en reste que 1 #052-4246-8,Liquidation◊Mieux notés,59.81,"2,93","7,29"
694,"Kingston Division St., ON","Poêle à frire Heritage The Rock Diamond, choix de formats","Poêle à frire Heritage The Rock Diamond, choix de formats",19.93,"19,93 $",44.99,"44,99 $Était   et+ prix était à partir de 44,99 $",19.93,"19,93 $",19.93,"19,93 $",true,https://www.canadiantire.ca/fr/pdp/poele-a-frire-heritage-the-rock-diamond-choix-de-formats-1424991p.html,https://www.canadiantire.ca/fr/pdp/poele-a-frire-heritage-the-rock-diamond-choix-de-formats-1424991p.html,https://media-www.canadiantire.ca/product/living/kitchen/cookware/1429421/20cm-rock-diamond-frypan-d9e66f79-e6b1-40f0-b99f-42131c3f8f52-jpgrendition.jpg?im=whresize&wid=200&hei=200,https://media-www.canadiantire.ca/product/living/kitchen/cookware/1429421/20cm-rock-diamond-frypan-d9e66f79-e6b1-40f0-b99f-42131c3f8f52-jpgrendition.jpg?im=whresize&wid=200&hei=200,,1424991,142-4991,Vérifiez la disponibilité#142-4991X,Liquidation◊Mieux notés,55.7,"19,93","44,99"
694,"Kingston Division St., ON","Panier de rangement emboîtable Type A, 12 L","Panier de rangement emboîtable Type A, 12 L",4.93,"4,93 $",9.99,"Était±  9,99 $prix était 9,99 $",4.93,"4,93 $",4.93,"4,93 $",true,https://www.canadiantire.ca/fr/pdp/panier-de-rangement-emboitable-type-a-12-l-1427606p.html,https://www.canadiantire.ca/fr/pdp/panier-de-rangement-emboitable-type-a-12-l-1427606p.html,https://media-www.canadiantire.ca/product/living/home-organization/storage-solutions/1427606/type-a-12l-storage-basket-940d6777-358e-4e9f-b603-1258a32051d4-jpgrendition.jpg?im=whresize&wid=200&hei=200,https://media-www.canadiantire.ca/product/living/home-organization/storage-solutions/1427606/type-a-12l-storage-basket-940d6777-358e-4e9f-b603-1258a32051d4-jpgrendition.jpg?im=whresize&wid=200&hei=200,,1427606,142-7606-0,8 En Stock#142-7606-0,Liquidation◊Mieux notés,50.65,"4,93","9,99"
694,"Kingston Division St., ON","Pinces à tête en nylon Lagostina, 12 po","Pinces à tête en nylon Lagostina, 12 po",7.93,"7,93 $",16.99,"Était±  16,99 $prix était 16,99 $",7.93,"7,93 $",7.93,"7,93 $",true,https://www.canadiantire.ca/fr/pdp/pinces-a-tete-en-nylon-lagostina-12-po-1421300p.html,https://www.canadiantire.ca/fr/pdp/pinces-a-tete-en-nylon-lagostina-12-po-1421300p.html,https://media-www.canadiantire.ca/product/living/kitchen/kitchen-tools-thermometers/1421300/lagostina-12-tongs-with-silicone-head-e2a62b27-b2a4-4e70-9752-87441a143a03-jpgrendition.jpg?im=whresize&wid=200&hei=200,https://media-www.canadiantire.ca/product/living/kitchen/kitchen-tools-thermometers/1421300/lagostina-12-tongs-with-silicone-head-e2a62b27-b2a4-4e70-9752-87441a143a03-jpgrendition.jpg?im=whresize&wid=200&hei=200,,1421300,142-1300-2,Il n’en reste que 1 #142-1300-2,Liquidation◊,53.33,"7,93","16,99"
694,"Kingston Division St., ON","Jardinière Bloem Saturn avec soucoupe, rond, résine, mangue, 7 po","Jardinière Bloem Saturn avec soucoupe, rond, résine, mangue, 7 po",2.93,"2,93 $",6.99,"Était±  6,99 $prix était 6,99 $",2.93,"2,93 $",2.93,"2,93 $",true,https://www.canadiantire.ca/fr/pdp/jardiniere-bloem-saturn-avec-soucoupe-rond-resine-mangue-7-po-1592632p.html,https://www.canadiantire.ca/fr/pdp/jardiniere-bloem-saturn-avec-soucoupe-rond-resine-mangue-7-po-1592632p.html,https://media-www.canadiantire.ca/product/seasonal-gardening/gardening/gardening-plant-accessories/1592632/7-saturn-in-mango-561bf9ae-d1b1-47d6-b97f-415171f11880-jpgrendition.jpg?im=whresize&wid=200&hei=200,https://media-www.canadiantire.ca/product/seasonal-gardening/gardening/gardening-plant-accessories/1592632/7-saturn-in-mango-561bf9ae-d1b1-47d6-b97f-415171f11880-jpgrendition.jpg?im=whresize&wid=200&hei=200,,1592632,159-2632-8,,Liquidation◊,58.08,"2,93","6,99"
694,"Kingston Division St., ON","Chandail à capuchon en molleton mélange de coton tricot en jersey Outbound Jamison pour hommes, noir","Chandail à capuchon en molleton mélange de coton tricot en jersey Outbound Jamison pour hommes, noir",8.93,"8,93 $",29.99,"29,99 $Était   et+ prix était à partir de 29,99 $",8.93,"8,93 $",8.93,"8,93 $",true,https://www.canadiantire.ca/fr/pdp/chandail-a-capuchon-en-molleton-melange-de-coton-tricot-en-jersey-outbound-jamison-pour-hommes-noir-1872305p.html,https://www.canadiantire.ca/fr/pdp/chandail-a-capuchon-en-molleton-melange-de-coton-tricot-en-jersey-outbound-jamison-pour-hommes-noir-1872305p.html,https://media-www.canadiantire.ca/product/playing/footwear-apparel/winter-footwear-apparel/1872305/outbound-men-s-jamison-hoody-black-s-a983a4bb-8641-4e07-bfcb-09e6f7a77c4a-jpgrendition.jpg?im=whresize&wid=200&hei=200,https://media-www.canadiantire.ca/product/playing/footwear-apparel/winter-footwear-apparel/1872305/outbound-men-s-jamison-hoody-black-s-a983a4bb-8641-4e07-bfcb-09e6f7a77c4a-jpgrendition.jpg?im=whresize&wid=200&hei=200,,1872305,187-2305,Vérifiez la disponibilité#187-2305X,Liquidation◊Mieux notés,70.22,"8,93","29,99"
694,"Kingston Division St., ON","Pointe filtrante Burcam 750770, 1 1/4 po, 60 gal","Pointe filtrante Burcam 750770, 1 1/4 po, 60 gal",19.93,"19,93 $",129.99,"Était±  129,99 $prix était 129,99 $",19.93,"19,93 $",19.93,"19,93 $",true,https://www.canadiantire.ca/fr/pdp/pointe-filtrante-burcam-750770-1-1-4-po-60-gal-0621003p.html,https://www.canadiantire.ca/fr/pdp/pointe-filtrante-burcam-750770-1-1-4-po-60-gal-0621003p.html,https://media-www.canadiantire.ca/product/fixing/plumbing/water-management/0621003/well-point-1-1-4-60-gallon-65f9f9bb-e6f2-4d6f-9f09-934b70eea34a-jpgrendition.jpg?im=whresize&wid=200&hei=200,https://media-www.canadiantire.ca/product/fixing/plumbing/water-management/0621003/well-point-1-1-4-60-gallon-65f9f9bb-e6f2-4d6f-9f09-934b70eea34a-jpgrendition.jpg?im=whresize&wid=200&hei=200,,0621003,062-1003-0,Il n’en reste que 1 #062-1003-0,Liquidation◊Mieux notés,84.67,"19,93","129,99"
694,"Kingston Division St., ON","Boutons à épingler Team Boy ou Team Girl, rose/bleu, taille unique, paq. 10, accessoires portables pour fête prénatale/dévoilement du sexe de bébé","Boutons à épingler Team Boy ou Team Girl, rose/bleu, taille unique, paq. 10, accessoires portables pour fête prénatale/dévoilement du sexe de bébé",1.69,"1,69 $",4.99,"Était±  4,99 $prix était 4,99 $",1.69,"1,69 $",1.69,"1,69 $",true,https://www.canadiantire.ca/fr/pdp/boutons-a-epingler-team-boy-ou-team-girl-rose-bleu-taille-unique-paq-10-accessoires-portables-pour-fete-prenatale-devoilement-du-sexe-de-bebe-8420373p.html,https://www.canadiantire.ca/fr/pdp/boutons-a-epingler-team-boy-ou-team-girl-rose-bleu-taille-unique-paq-10-accessoires-portables-pour-fete-prenatale-devoilement-du-sexe-de-bebe-8420373p.html,https://media-www.partycity.ca/product/seasonal-gardening/party-city-everyday/party-city-party-supplies-decor/8420373/girl-or-boy-gender-reveal-buttons-10ct-6ed35c2f-66ec-4f26-8bd9-590952da09c5-jpgrendition.jpg?im=whresize&wid=200&hei=200,https://media-www.partycity.ca/product/seasonal-gardening/party-city-everyday/party-city-party-supplies-decor/8420373/girl-or-boy-gender-reveal-buttons-10ct-6ed35c2f-66ec-4f26-8bd9-590952da09c5-jpgrendition.jpg?im=whresize&wid=200&hei=200,,8420373,842-0373-8,Il n’en reste que 1 #842-0373-8,Liquidation◊Mieux notés,66.13,"1,69","4,99"
694,"Kingston Division St., ON",Écharpe étape 40e anniversaire,Écharpe étape 40e anniversaire,2.97,"2,97 $",7.49,"Était±  7,49 $prix était 7,49 $",2.97,"2,97 $",2.97,"2,97 $",true,https://www.canadiantire.ca/fr/pdp/echarpe-etape-40e-anniversaire-8422193p.html,https://www.canadiantire.ca/fr/pdp/echarpe-etape-40e-anniversaire-8422193p.html,https://media-www.partycity.ca/product/seasonal-gardening/party-city-everyday/party-city-party-supplies-decor/8422193/fabric-sash-40th-bday-1f7dab2c-f338-425b-b640-bdc787979622-jpgrendition.jpg?im=whresize&wid=200&hei=200,https://media-www.partycity.ca/product/seasonal-gardening/party-city-everyday/party-city-party-supplies-decor/8422193/fabric-sash-40th-bday-1f7dab2c-f338-425b-b640-bdc787979622-jpgrendition.jpg?im=whresize&wid=200&hei=200,,8422193,842-2193-4,Il n’en reste que 1 #842-2193-4,Liquidation◊Mieux notés,60.35,"2,97","7,49"
694,"Kingston Division St., ON",Foyer multimédia For Living,Foyer multimédia For Living,179.93,"179,93 $",449.99,"Était±  449,99 $prix était 449,99 $",179.93,"179,93 $",179.93,"179,93 $",true,https://www.canadiantire.ca/fr/pdp/foyer-multimedia-for-living-0644025p.html,https://www.canadiantire.ca/fr/pdp/foyer-multimedia-for-living-0644025p.html,https://media-www.canadiantire.ca/product/living/home-decor/electric-fireplaces/0644025/for-living-media-fireplace-b1acfaac-1a4b-4d28-b854-d5e194e8f8a1-jpgrendition.jpg?im=whresize&wid=200&hei=200,https://media-www.canadiantire.ca/product/living/home-decor/electric-fireplaces/0644025/for-living-media-fireplace-b1acfaac-1a4b-4d28-b854-d5e194e8f8a1-jpgrendition.jpg?im=whresize&wid=200&hei=200,,0644025,064-4025-6,Il n’en reste que 1 #064-4025-6,Liquidation◊Mieux notés,60.01,"179,93","449,99"
694,"Kingston Division St., ON","Lunettes de ski/planche à neige pour hommes/femmes Decibel, lentilles antibuée et protection anti-UV, blanc, très grand","Lunettes de ski/planche à neige pour hommes/femmes Decibel, lentilles antibuée et protection anti-UV, blanc, très grand",24.93,"24,93 $",54.99,"Était±  54,99 $prix était 54,99 $",24.93,"24,93 $",24.93,"24,93 $",true,https://www.canadiantire.ca/fr/pdp/lunettes-de-ski-planche-a-neige-pour-hommes-femmes-decibel-lentilles-antibuee-et-protection-anti-uv-blanc-tres-grand-0821105p.html,https://www.canadiantire.ca/fr/pdp/lunettes-de-ski-planche-a-neige-pour-hommes-femmes-decibel-lentilles-antibuee-et-protection-anti-uv-blanc-tres-grand-0821105p.html,https://media-www.canadiantire.ca/product/playing/seasonal-recreation/winter-recreation/0821105/decibel-adult-goggle-5ab86c23-0ad1-4418-9ba0-b2e69db11180-jpgrendition.jpg?im=whresize&wid=200&hei=200,https://media-www.canadiantire.ca/product/playing/seasonal-recreation/winter-recreation/0821105/decibel-adult-goggle-5ab86c23-0ad1-4418-9ba0-b2e69db11180-jpgrendition.jpg?im=whresize&wid=200&hei=200,,0821105,082-1105-0,,Liquidation◊Mieux notés,54.66,"24,93","54,99"
694,"Kingston Division St., ON",Sac Yardworks pour 60-1525,Sac Yardworks pour 60-1525,9.97,"9,97 $",23.99,"Était±  23,99 $prix était 23,99 $",9.97,"9,97 $",9.97,"9,97 $",true,https://www.canadiantire.ca/fr/pdp/sac-yardworks-pour-60-1525-0601531p.html,https://www.canadiantire.ca/fr/pdp/sac-yardworks-pour-60-1525-0601531p.html,https://media-www.canadiantire.ca/product/seasonal-gardening/outdoor-tools/tractor-lawn-mower-snowthrower-parts/0601531/yardworks-14-grass-catcher-6b1568e0-cfd6-42e5-9fc0-6d0a55d7efd7-jpgrendition.jpg?im=whresize&wid=200&hei=200,https://media-www.canadiantire.ca/product/seasonal-gardening/outdoor-tools/tractor-lawn-mower-snowthrower-parts/0601531/yardworks-14-grass-catcher-6b1568e0-cfd6-42e5-9fc0-6d0a55d7efd7-jpgrendition.jpg?im=whresize&wid=200&hei=200,,0601531,060-1531-6,Il n’en reste que 3 #060-1531-6,Liquidation◊,58.44,"9,97","23,99"
694,"Kingston Division St., ON","Jeu de crème glacée Peppa Pig, 3 ans et plus","Jeu de crème glacée Peppa Pig, 3 ans et plus",5.97,"5,97 $",22.99,"Était±  22,99 $prix était 22,99 $",5.97,"5,97 $",5.97,"5,97 $",true,https://www.canadiantire.ca/fr/pdp/jeu-de-creme-glacee-peppa-pig-3-ans-et-plus-0508851p.html,https://www.canadiantire.ca/fr/pdp/jeu-de-creme-glacee-peppa-pig-3-ans-et-plus-0508851p.html,https://media-www.canadiantire.ca/product/seasonal-gardening/toys/preschool-toys-activities/0508851/peppa-ice-cream-fun-03df143f-1123-4fe9-85cb-19b0927f4776-jpgrendition.jpg?im=whresize&wid=200&hei=200,https://media-www.canadiantire.ca/product/seasonal-gardening/toys/preschool-toys-activities/0508851/peppa-ice-cream-fun-03df143f-1123-4fe9-85cb-19b0927f4776-jpgrendition.jpg?im=whresize&wid=200&hei=200,,0508851,050-8851-6,,Liquidation◊Mieux notés,74.03,"5,97","22,99"
694,"Kingston Division St., ON","Tampon pour filtre à eau de rechange pour humidificateur pour toute la maison BestAir A12W-PDQ-6 pour humidificateurs Aprilaire, blanc, paq. 1","Tampon pour filtre à eau de rechange pour humidificateur pour toute la maison BestAir A12W-PDQ-6 pour humidificateurs Aprilaire, blanc, paq. 1",7.93,"7,93 $",29.99,"Était±  29,99 $prix était 29,99 $",7.93,"7,93 $",7.93,"7,93 $",true,https://www.canadiantire.ca/fr/pdp/tampon-pour-filtre-a-eau-de-rechange-pour-humidificateur-pour-toute-la-maison-bestair-a12w-pdq-6-pour-humidificateurs-aprilaire-blanc-paq-1-0641708p.html,https://www.canadiantire.ca/fr/pdp/tampon-pour-filtre-a-eau-de-rechange-pour-humidificateur-pour-toute-la-maison-bestair-a12w-pdq-6-pour-humidificateurs-aprilaire-blanc-paq-1-0641708p.html,https://media-www.canadiantire.ca/product/fixing/home-environment/home-air-quality-accessories/0641708/aprilaire-white-waterpad-12-aeda1379-23ac-4853-b8ab-6eb44096fdc8-jpgrendition.jpg?im=whresize&wid=200&hei=200,https://media-www.canadiantire.ca/product/fixing/home-environment/home-air-quality-accessories/0641708/aprilaire-white-waterpad-12-aeda1379-23ac-4853-b8ab-6eb44096fdc8-jpgrendition.jpg?im=whresize&wid=200&hei=200,,0641708,064-1708-0,Il n’en reste que 1 #064-1708-0,Liquidation◊,73.56,"7,93","29,99"
694,"Kingston Division St., ON","L.O.L. Surprise Bubble Surprise ensemble de luxe, 3 ans et plus","L.O.L. Surprise Bubble Surprise ensemble de luxe, 3 ans et plus",12.93,"12,93 $",44.99,"Était±  44,99 $prix était 44,99 $",12.93,"12,93 $",12.93,"12,93 $",true,https://www.canadiantire.ca/fr/pdp/l-o-l-surprise-bubble-surprise-ensemble-de-luxe-3-ans-et-plus-1500339p.html,https://www.canadiantire.ca/fr/pdp/l-o-l-surprise-bubble-surprise-ensemble-de-luxe-3-ans-et-plus-1500339p.html,https://media-www.canadiantire.ca/product/seasonal-gardening/toys/toys-games/1500339/l-o-l-surprise-bubble-surprise-deluxe-1249368c-bb50-4a1f-8bd3-b13cd00325ca-jpgrendition.jpg?im=whresize&wid=200&hei=200,https://media-www.canadiantire.ca/product/seasonal-gardening/toys/toys-games/1500339/l-o-l-surprise-bubble-surprise-deluxe-1249368c-bb50-4a1f-8bd3-b13cd00325ca-jpgrendition.jpg?im=whresize&wid=200&hei=200,,1500339,150-0339-8,,Liquidation◊Mieux notés,71.26,"12,93","44,99"
694,"Kingston Division St., ON",Ceinture-poignée PowerMadd,Ceinture-poignée PowerMadd,24.97,"24,97 $",64.99,"Était±  64,99 $prix était 64,99 $",24.97,"24,97 $",24.97,"24,97 $",true,https://www.canadiantire.ca/fr/pdp/ceinture-poignee-powermadd-0260599p.html,https://www.canadiantire.ca/fr/pdp/ceinture-poignee-powermadd-0260599p.html,https://media-www.canadiantire.ca/product/automotive/automotive-outdoor-adventure/powersport/0260599/powermadd-rider-hold-tight-77f9d876-5b8e-41b2-adba-89edf2fa3316-jpgrendition.jpg?im=whresize&wid=200&hei=200,https://media-www.canadiantire.ca/product/automotive/automotive-outdoor-adventure/powersport/0260599/powermadd-rider-hold-tight-77f9d876-5b8e-41b2-adba-89edf2fa3316-jpgrendition.jpg?im=whresize&wid=200&hei=200,,0260599,026-0599-6,Il n’en reste que 2 #026-0599-6,Liquidation◊Mieux notés,61.58,"24,97","64,99"
694,"Kingston Division St., ON",Rétroviseur de rechange de type drapeau K-Source pour motoneige avec base de montage universelle,Rétroviseur de rechange de type drapeau K-Source pour motoneige avec base de montage universelle,3.93,"3,93 $",22.99,"Était±  22,99 $prix était 22,99 $",3.93,"3,93 $",3.93,"3,93 $",true,https://www.canadiantire.ca/fr/pdp/retroviseur-de-rechange-de-type-drapeau-k-source-pour-motoneige-avec-base-de-montage-universelle-0269168p.html,https://www.canadiantire.ca/fr/pdp/retroviseur-de-rechange-de-type-drapeau-k-source-pour-motoneige-avec-base-de-montage-universelle-0269168p.html,https://media-www.canadiantire.ca/product/automotive/automotive-outdoor-adventure/powersport/0269168/flag-style-replacement-mirror-for-snowmobile-single-a446e176-bc69-43c1-9bac-f7a2c2591e05-jpgrendition.jpg?im=whresize&wid=200&hei=200,https://media-www.canadiantire.ca/product/automotive/automotive-outdoor-adventure/powersport/0269168/flag-style-replacement-mirror-for-snowmobile-single-a446e176-bc69-43c1-9bac-f7a2c2591e05-jpgrendition.jpg?im=whresize&wid=200&hei=200,,0269168,026-9168-8,Il n’en reste que 1 #026-9168-8,Liquidation◊Mieux notés,82.91,"3,93","22,99"
694,"Kingston Division St., ON","Adaptateur d'attelage Reese Towpower 3 po vers 2 po, 4 po","Adaptateur d'attelage Reese Towpower 3 po vers 2 po, 4 po",41.93,"41,93 $",99.99,"Était±  99,99 $prix était 99,99 $",41.93,"41,93 $",41.93,"41,93 $",true,https://www.canadiantire.ca/fr/pdp/adaptateur-d-attelage-reese-towpower-3-po-vers-2-po-4-po-0406057p.html,https://www.canadiantire.ca/fr/pdp/adaptateur-d-attelage-reese-towpower-3-po-vers-2-po-4-po-0406057p.html,https://media-www.canadiantire.ca/product/automotive/automotive-outdoor-adventure/auto-travel-storage/0408601/reese-towpower-3-to-2-adapter--d1220170-1807-439d-b485-ef06ba138ae7-jpgrendition.jpg?im=whresize&wid=200&hei=200,https://media-www.canadiantire.ca/product/automotive/automotive-outdoor-adventure/auto-travel-storage/0408601/reese-towpower-3-to-2-adapter--d1220170-1807-439d-b485-ef06ba138ae7-jpgrendition.jpg?im=whresize&wid=200&hei=200,,0406057,040-8601-6,Il n’en reste que 1 #040-8601-6,Liquidation◊,58.07,"41,93","99,99"
694,"Kingston Division St., ON","Embout de tournevis à percussion MAXIMUM PH1, 2 po, paq. 1","Embout de tournevis à percussion MAXIMUM PH1, 2 po, paq. 1",2.43,"2,43 $",5.49,"Était±  5,49 $prix était 5,49 $",2.43,"2,43 $",2.43,"2,43 $",true,https://www.canadiantire.ca/fr/pdp/embout-de-tournevis-a-percussion-maximum-ph1-2-po-paq-1-0544088p.html,https://www.canadiantire.ca/fr/pdp/embout-de-tournevis-a-percussion-maximum-ph1-2-po-paq-1-0544088p.html,https://media-www.canadiantire.ca/product/fixing/tools/power-tool-accessories/0544089/1pc-2-ph2-impact-bit-maximum-bcd6dde0-d975-4709-8515-67e5d3dd2b6a-jpgrendition.jpg?im=whresize&wid=200&hei=200,https://media-www.canadiantire.ca/product/fixing/tools/power-tool-accessories/0544089/1pc-2-ph2-impact-bit-maximum-bcd6dde0-d975-4709-8515-67e5d3dd2b6a-jpgrendition.jpg?im=whresize&wid=200&hei=200,,0544088,054-4088-0,,Liquidation◊Exclusivité,55.74,"2,43","5,49"
694,"Kingston Division St., ON","Support de coffre à outils tout usage Rampage Trail Can, rouge","Support de coffre à outils tout usage Rampage Trail Can, rouge",29.97,"29,97 $",74.99,"Était±  74,99 $prix était 74,99 $",29.97,"29,97 $",29.97,"29,97 $",true,https://www.canadiantire.ca/fr/pdp/support-de-coffre-a-outils-tout-usage-rampage-trail-can-rouge-0340181p.html,https://www.canadiantire.ca/fr/pdp/support-de-coffre-a-outils-tout-usage-rampage-trail-can-rouge-0340181p.html,https://media-www.canadiantire.ca/product/automotive/light-auto-parts/truck-accessories/0340181/trail-can-mount-a79b4744-71de-4d33-a095-0a601cd07e95.png?im=whresize&wid=200&hei=200,https://media-www.canadiantire.ca/product/automotive/light-auto-parts/truck-accessories/0340181/trail-can-mount-a79b4744-71de-4d33-a095-0a601cd07e95.png?im=whresize&wid=200&hei=200,,0340181,034-0181-8,,Liquidation◊,60.03,"29,97","74,99"
694,"Kingston Division St., ON","Peinture de retouche Scratch Fix All-in-1, Vert JASPE (M) (56 WA329D)","Peinture de retouche Scratch Fix All-in-1, Vert JASPE (M) (56 WA329D)",1.73,"1,73 $",20.99,"Était±  20,99 $prix était 20,99 $",1.73,"1,73 $",1.73,"1,73 $",true,https://www.canadiantire.ca/fr/pdp/peinture-de-retouche-scratch-fix-all-in-1-vert-jaspe-m-56-wa329d-0475107p.html,https://www.canadiantire.ca/fr/pdp/peinture-de-retouche-scratch-fix-all-in-1-vert-jaspe-m-56-wa329d-0475107p.html,https://media-www.canadiantire.ca/product/automotive/car-care-accessories/auto-body-repair/0475107/scratch-fix-general-motors-jasper-green-m-all-in-1-589c1f82-9340-4407-a3cf-4c1d4fd0bda4.png?im=whresize&wid=200&hei=200,https://media-www.canadiantire.ca/product/automotive/car-care-accessories/auto-body-repair/0475107/scratch-fix-general-motors-jasper-green-m-all-in-1-589c1f82-9340-4407-a3cf-4c1d4fd0bda4.png?im=whresize&wid=200&hei=200,,0475107,047-5107-8,,Liquidation◊,91.76,"1,73","20,99"
694,"Kingston Division St., ON","Boutons pour cuisinière au gaz/électrique Laser 62651/2, blanc, paq. 5","Boutons pour cuisinière au gaz/électrique Laser 62651/2, blanc, paq. 5",7.93,"7,93 $",18.49,"Était±  18,49 $prix était 18,49 $",7.93,"7,93 $",7.93,"7,93 $",true,https://www.canadiantire.ca/fr/pdp/boutons-pour-cuisiniere-au-gaz-electrique-laser-62651-2-blanc-paq-5-0522633p.html,https://www.canadiantire.ca/fr/pdp/boutons-pour-cuisiniere-au-gaz-electrique-laser-62651-2-blanc-paq-5-0522633p.html,https://media-www.canadiantire.ca/product/fixing/electrical/rough-electrical/0522633/white-stove-dial-kit-5pc-d0531eb4-b92a-4187-bedf-dadd6ae089e1-jpgrendition.jpg?im=whresize&wid=200&hei=200,https://media-www.canadiantire.ca/product/fixing/electrical/rough-electrical/0522633/white-stove-dial-kit-5pc-d0531eb4-b92a-4187-bedf-dadd6ae089e1-jpgrendition.jpg?im=whresize&wid=200&hei=200,,0522633,052-2633-8,Il n’en reste que 3 #052-2633-8,Liquidation◊,57.11,"7,93","18,49"
694,"Kingston Division St., ON","Douilles de lampe double à culot moyen Thomas & Betts 37149-728, 75 W, 125 V, noir","Douilles de lampe double à culot moyen Thomas & Betts 37149-728, 75 W, 125 V, noir",14.93,"14,93 $",34.99,"Était±  34,99 $prix était 34,99 $",14.93,"14,93 $",14.93,"14,93 $",true,https://www.canadiantire.ca/fr/pdp/douilles-de-lampe-double-a-culot-moyen-thomas-betts-37149-728-75-w-125-v-noir-0524237p.html,https://www.canadiantire.ca/fr/pdp/douilles-de-lampe-double-a-culot-moyen-thomas-betts-37149-728-75-w-125-v-noir-0524237p.html,https://media-www.canadiantire.ca/product/fixing/electrical/rough-electrical/0524237/lampholder-kit-round-grey-ea236ce0-031f-48fc-814a-d69acf999c3d-jpgrendition.jpg?im=whresize&wid=200&hei=200,https://media-www.canadiantire.ca/product/fixing/electrical/rough-electrical/0524237/lampholder-kit-round-grey-ea236ce0-031f-48fc-814a-d69acf999c3d-jpgrendition.jpg?im=whresize&wid=200&hei=200,,0524237,052-4237-0,Il n’en reste que 1 #052-4237-0,Liquidation◊Mieux notés,57.33,"14,93","34,99"
694,"Kingston Division St., ON","Miroir hanté For Living, noir","Miroir hanté For Living, noir",2.93,"2,93 $",19.99,"Était±  19,99 $prix était 19,99 $",2.93,"2,93 $",2.93,"2,93 $",true,https://www.canadiantire.ca/fr/pdp/miroir-hante-for-living-noir-1517957p.html,https://www.canadiantire.ca/fr/pdp/miroir-hante-for-living-noir-1517957p.html,undefined,undefined,,1517957,151-7957-2,,Liquidation◊Exclusivité,85.34,"2,93","19,99"
694,"Kingston Division St., ON","Jouet pour chiens Petco, Dinosaure en peluche","Jouet pour chiens Petco, Dinosaure en peluche",14.92,"14,92 $",29.99,"Était±  29,99 $prix était 29,99 $",14.92,"14,92 $",14.92,"14,92 $",true,https://www.canadiantire.ca/fr/pdp/jouet-pour-chiens-petco-dinosaure-en-peluche-1429447p.html,https://www.canadiantire.ca/fr/pdp/jouet-pour-chiens-petco-dinosaure-en-peluche-1429447p.html,https://media-www.canadiantire.ca/product/living/pet-care/pet-accessories/1429447/petco-dino-tough-plush-9--380f08af-db30-4897-be7d-e6b13ae50190-jpgrendition.jpg?im=whresize&wid=200&hei=200,https://media-www.canadiantire.ca/product/living/pet-care/pet-accessories/1429447/petco-dino-tough-plush-9--380f08af-db30-4897-be7d-e6b13ae50190-jpgrendition.jpg?im=whresize&wid=200&hei=200,,1429447,142-9447-6,Il n’en reste que 1 #142-9447-6,Liquidation◊Exclusivité,50.25,"14,92","29,99"
694,"Kingston Division St., ON","Manteau matelassé d'hiver à capuchon en nylon isolé comprimable Outbound Paxton pour jeunes, bleu","Manteau matelassé d'hiver à capuchon en nylon isolé comprimable Outbound Paxton pour jeunes, bleu",19.93,"19,93 $",69.99,"69,99 $Était   et+ prix était à partir de 69,99 $",19.93,"19,93 $",19.93,"19,93 $",true,https://www.canadiantire.ca/fr/pdp/manteau-matelasse-d-hiver-a-capuchon-en-nylon-isole-comprimable-outbound-paxton-pour-jeunes-bleu-1873021p.html,https://www.canadiantire.ca/fr/pdp/manteau-matelasse-d-hiver-a-capuchon-en-nylon-isole-comprimable-outbound-paxton-pour-jeunes-bleu-1873021p.html,https://media-www.canadiantire.ca/product/playing/footwear-apparel/winter-footwear-apparel/1873021/outbound-youth-paxton-puffy-jacket-blue-m-3a4009ea-5ef7-49d3-88d3-15a045f8a450-jpgrendition.jpg?im=whresize&wid=200&hei=200,https://media-www.canadiantire.ca/product/playing/footwear-apparel/winter-footwear-apparel/1873021/outbound-youth-paxton-puffy-jacket-blue-m-3a4009ea-5ef7-49d3-88d3-15a045f8a450-jpgrendition.jpg?im=whresize&wid=200&hei=200,,1873021,187-3021,Vérifiez la disponibilité#187-3021X,Liquidation◊Exclusivité,71.52,"19,93","69,99"
694,"Kingston Division St., ON","Carrousel à épices carré Trudeau, 12 bouteilles","Carrousel à épices carré Trudeau, 12 bouteilles",19.93,"19,93 $",44.99,"Était±  44,99 $prix était 44,99 $",19.93,"19,93 $",19.93,"19,93 $",true,https://www.canadiantire.ca/fr/pdp/carrousel-a-epices-carre-trudeau-12-bouteilles-1427247p.html,https://www.canadiantire.ca/fr/pdp/carrousel-a-epices-carre-trudeau-12-bouteilles-1427247p.html,https://media-www.canadiantire.ca/product/living/kitchen/dining-and-entertaining/1427247/12-bottle-square-spice-carousel-cf09931c-10ad-4eba-8780-ceaa99dd5e94-jpgrendition.jpg?im=whresize&wid=200&hei=200,https://media-www.canadiantire.ca/product/living/kitchen/dining-and-entertaining/1427247/12-bottle-square-spice-carousel-cf09931c-10ad-4eba-8780-ceaa99dd5e94-jpgrendition.jpg?im=whresize&wid=200&hei=200,,1427247,142-7247-4,Il n’en reste que 2 #142-7247-4,Liquidation◊,55.7,"19,93","44,99"
694,"Kingston Division St., ON","Bague pour moteur d'essuie-glace de pare-brise Dorman HELP, paq. 3","Bague pour moteur d'essuie-glace de pare-brise Dorman HELP, paq. 3",2.37,"2,37 $",6.99,"Était±  6,99 $prix était 6,99 $",2.37,"2,37 $",2.37,"2,37 $",true,https://www.canadiantire.ca/fr/pdp/bague-pour-moteur-d-essuie-glace-de-pare-brise-dorman-help-paq-3-0245029p.html,https://www.canadiantire.ca/fr/pdp/bague-pour-moteur-d-essuie-glace-de-pare-brise-dorman-help-paq-3-0245029p.html,https://media-www.canadiantire.ca/product/automotive/light-auto-parts/general-auto-repair/0245029/49450-wiper-motor-bushing-ad754d10-6606-4104-8853-56ba8943fbc6.png?im=whresize&wid=200&hei=200,https://media-www.canadiantire.ca/product/automotive/light-auto-parts/general-auto-repair/0245029/49450-wiper-motor-bushing-ad754d10-6606-4104-8853-56ba8943fbc6.png?im=whresize&wid=200&hei=200,,0245029,024-5029-8,Il n’en reste que 1 #024-5029-8,Liquidation◊,66.09,"2,37","6,99"
694,"Kingston Division St., ON","Casque de motoneige Origine Galica, dames, rose, choix de tailles","Casque de motoneige Origine Galica, dames, rose, choix de tailles",39.93,"39,93 $",189.99,"189,99 $Était   et+ prix était à partir de 189,99 $",39.93,"39,93 $",39.93,"39,93 $",true,https://www.canadiantire.ca/fr/pdp/casque-de-motoneige-origine-galica-dames-rose-choix-de-tailles-0261204p.html,https://www.canadiantire.ca/fr/pdp/casque-de-motoneige-origine-galica-dames-rose-choix-de-tailles-0261204p.html,https://media-www.canadiantire.ca/product/automotive/automotive-outdoor-adventure/powersport/0261204/origine-galica-helmet-pink-small-95aafd5a-6f8a-4456-bbee-9ef05f330247-jpgrendition.jpg?im=whresize&wid=200&hei=200,https://media-www.canadiantire.ca/product/automotive/automotive-outdoor-adventure/powersport/0261204/origine-galica-helmet-pink-small-95aafd5a-6f8a-4456-bbee-9ef05f330247-jpgrendition.jpg?im=whresize&wid=200&hei=200,,0261204,026-1204,Vérifiez la disponibilité#026-1204X,Liquidation◊Exclusivité,78.98,"39,93","189,99"
694,"Kingston Division St., ON","Sangle à cliquet service intense MotoMaster, résistance à la rupture de 3 000 lb, à l'épreuve des intempéries, 1,25 po x 14 pi, paq. 2","Sangle à cliquet service intense MotoMaster, résistance à la rupture de 3 000 lb, à l'épreuve des intempéries, 1,25 po x 14 pi, paq. 2",12.93,"12,93 $",40.99,"Était±  40,99 $prix était 40,99 $",12.93,"12,93 $",12.93,"12,93 $",true,https://www.canadiantire.ca/fr/pdp/sangle-a-cliquet-service-intense-motomaster-resistance-a-la-rupture-de-3-000-lb-a-l-epreuve-des-intemperies-1-25-po-x-14-pi-paq-2-0402737p.html,https://www.canadiantire.ca/fr/pdp/sangle-a-cliquet-service-intense-motomaster-resistance-a-la-rupture-de-3-000-lb-a-l-epreuve-des-intemperies-1-25-po-x-14-pi-paq-2-0402737p.html,https://media-www.canadiantire.ca/product/automotive/automotive-outdoor-adventure/tarps-cords/0402737/10ft-3-000lb-carbonx-ratchet-tie-downs-2pk-dc840377-7337-4b51-b9d5-c344c752bb09-jpgrendition.jpg?im=whresize&wid=200&hei=200,https://media-www.canadiantire.ca/product/automotive/automotive-outdoor-adventure/tarps-cords/0402737/10ft-3-000lb-carbonx-ratchet-tie-downs-2pk-dc840377-7337-4b51-b9d5-c344c752bb09-jpgrendition.jpg?im=whresize&wid=200&hei=200,,0402737,040-2737-0,Il n’en reste que 1 #040-2737-0,Liquidation◊Exclusivité,68.46,"12,93","40,99"
694,"Kingston Division St., ON","Assainisseur d'air pour voiture à suspendre California Scents Palms, paq. 4","Assainisseur d'air pour voiture à suspendre California Scents Palms, paq. 4",1.93,"1,93 $",4.29,"4,29 $Était   et+ prix était à partir de 4,29 $",1.93,"1,93 $",1.93,"1,93 $",true,https://www.canadiantire.ca/fr/pdp/assainisseur-d-air-pour-voiture-a-suspendre-california-scents-palms-paq-4-0372893p.html,https://www.canadiantire.ca/fr/pdp/assainisseur-d-air-pour-voiture-a-suspendre-california-scents-palms-paq-4-0372893p.html,https://media-www.canadiantire.ca/product/automotive/car-care-accessories/auto-accessories/0372893/california-scents-palms-4-pack-hanging-coronado-cherry-d3097289-ac5f-4769-b693-2cd48364a642-jpgrendition.jpg?im=whresize&wid=200&hei=200,https://media-www.canadiantire.ca/product/automotive/car-care-accessories/auto-accessories/0372893/california-scents-palms-4-pack-hanging-coronado-cherry-d3097289-ac5f-4769-b693-2cd48364a642-jpgrendition.jpg?im=whresize&wid=200&hei=200,,0372893,037-2893,Vérifiez la disponibilité#037-2893X,Liquidation◊Mieux notés,55.01,"1,93","4,29"
694,"Kingston Division St., ON","Aérateur à pointes tractable Precision pour tondeuse à siège avec pneus, 40 po","Aérateur à pointes tractable Precision pour tondeuse à siège avec pneus, 40 po",99.93,"99,93 $",229.99,"Était±  229,99 $prix était 229,99 $",99.93,"99,93 $",99.93,"99,93 $",true,https://www.canadiantire.ca/fr/pdp/aerateur-a-pointes-tractable-precision-pour-tondeuse-a-siege-avec-pneus-40-po-0600197p.html,https://www.canadiantire.ca/fr/pdp/aerateur-a-pointes-tractable-precision-pour-tondeuse-a-siege-avec-pneus-40-po-0600197p.html,https://media-www.canadiantire.ca/product/seasonal-gardening/outdoor-tools/ope-parts-accessories/0600197/certified-spike-aerator-d7f37506-3517-4df7-89cd-60771d0f3b70-jpgrendition.jpg?im=whresize&wid=200&hei=200,https://media-www.canadiantire.ca/product/seasonal-gardening/outdoor-tools/ope-parts-accessories/0600197/certified-spike-aerator-d7f37506-3517-4df7-89cd-60771d0f3b70-jpgrendition.jpg?im=whresize&wid=200&hei=200,,0600197,060-0197-8,Il n’en reste que 1 #060-0197-8,Liquidation◊,56.55,"99,93","229,99"
694,"Kingston Division St., ON","Fantôme animé suspendu For Living avec piles, lumière à DEL, blanc, 48 pi, décoration intérieure/extérieure activée par le son et la lumière pour l'Halloween","Fantôme animé suspendu For Living avec piles, lumière à DEL, blanc, 48 pi, décoration intérieure/extérieure activée par le son et la lumière pour l'Halloween",29.93,"29,93 $",59.99,"Était±  59,99 $prix était 59,99 $",29.93,"29,93 $",29.93,"29,93 $",true,https://www.canadiantire.ca/fr/pdp/fantome-anime-suspendu-for-living-avec-piles-lumiere-a-del-blanc-48-pi-decoration-interieure-exterieure-activee-par-le-son-et-la-lumiere-pour-l-halloween-1516292p.html,https://www.canadiantire.ca/fr/pdp/fantome-anime-suspendu-for-living-avec-piles-lumiere-a-del-blanc-48-pi-decoration-interieure-exterieure-activee-par-le-son-et-la-lumiere-pour-l-halloween-1516292p.html,https://media-www.canadiantire.ca/product/seasonal-gardening/seasonal/halloween-harvest/1516292/48-animated-floating-ghost-dcb75426-84f0-44fa-9b57-9c9ed5fc0183-jpgrendition.jpg?im=whresize&wid=200&hei=200,https://media-www.canadiantire.ca/product/seasonal-gardening/seasonal/halloween-harvest/1516292/48-animated-floating-ghost-dcb75426-84f0-44fa-9b57-9c9ed5fc0183-jpgrendition.jpg?im=whresize&wid=200&hei=200,,1516292,151-6292-8,,Liquidation◊Exclusivité,50.11,"29,93","59,99"
694,"Kingston Division St., ON","Anneau jouet dentaire à mâcher Petco, jaune, très petit","Anneau jouet dentaire à mâcher Petco, jaune, très petit",7.93,"7,93 $",17.99,"Était±  17,99 $prix était 17,99 $",7.93,"7,93 $",7.93,"7,93 $",true,https://www.canadiantire.ca/fr/pdp/anneau-jouet-dentaire-a-macher-petco-jaune-tres-petit-1427441p.html,https://www.canadiantire.ca/fr/pdp/anneau-jouet-dentaire-a-macher-petco-jaune-tres-petit-1427441p.html,https://media-www.canadiantire.ca/product/living/pet-care/pet-accessories/1427441/petco-yellow-ring-dental-dog-chew-toy-extra-small-5936d3db-6067-4c7a-8e1e-a6d24e4dfa36-jpgrendition.jpg?im=whresize&wid=200&hei=200,https://media-www.canadiantire.ca/product/living/pet-care/pet-accessories/1427441/petco-yellow-ring-dental-dog-chew-toy-extra-small-5936d3db-6067-4c7a-8e1e-a6d24e4dfa36-jpgrendition.jpg?im=whresize&wid=200&hei=200,,1427441,142-7441-0,Il n’en reste que 1 #142-7441-0,Liquidation◊Exclusivité,55.92,"7,93","17,99"
694,"Kingston Division St., ON","Pierre de rechange à grains moyens, 3 pièces, 3/4 po","Pierre de rechange à grains moyens, 3 pièces, 3/4 po",1.43,"1,43 $",6.99,"Était±  6,99 $prix était 6,99 $",1.43,"1,43 $",1.43,"1,43 $",true,https://www.canadiantire.ca/fr/pdp/pierre-de-rechange-a-grains-moyens-3-pieces-3-4-po-0250035p.html,https://www.canadiantire.ca/fr/pdp/pierre-de-rechange-a-grains-moyens-3-pieces-3-4-po-0250035p.html,https://media-www.canadiantire.ca/product/automotive/auto-maintenance/oil-change-and-fuel-accessories/0250035/3-4-replacement-stone-medium-grit-a1ff7248-5f87-426c-892d-03d04164d690-jpgrendition.jpg?im=whresize&wid=200&hei=200,https://media-www.canadiantire.ca/product/automotive/auto-maintenance/oil-change-and-fuel-accessories/0250035/3-4-replacement-stone-medium-grit-a1ff7248-5f87-426c-892d-03d04164d690-jpgrendition.jpg?im=whresize&wid=200&hei=200,,0250035,025-0035-0,Il n’en reste que 3 #025-0035-0,Liquidation◊,79.54,"1,43","6,99"
694,"Kingston Division St., ON","Foudroyeurs Laser X Evolution, paq. 4, 6 ans et plus","Foudroyeurs Laser X Evolution, paq. 4, 6 ans et plus",32.97,"32,97 $",99.99,"Était±  99,99 $prix était 99,99 $",32.97,"32,97 $",32.97,"32,97 $",true,https://www.canadiantire.ca/fr/pdp/foudroyeurs-laser-x-evolution-paq-4-6-ans-et-plus-0508378p.html,https://www.canadiantire.ca/fr/pdp/foudroyeurs-laser-x-evolution-paq-4-6-ans-et-plus-0508378p.html,https://media-www.canadiantire.ca/product/seasonal-gardening/toys/toys-games/0508378/laser-x-micro-evolution-4-pack-85cd9617-cfd3-4bf2-9ccc-448f9e8a8ed5-jpgrendition.jpg?im=whresize&wid=200&hei=200,https://media-www.canadiantire.ca/product/seasonal-gardening/toys/toys-games/0508378/laser-x-micro-evolution-4-pack-85cd9617-cfd3-4bf2-9ccc-448f9e8a8ed5-jpgrendition.jpg?im=whresize&wid=200&hei=200,,0508378,050-8378-4,,Liquidation◊,67.03,"32,97","99,99"
694,"Kingston Division St., ON","Caméra de recul de type S avec écran de 5 po, HD 720 p","Caméra de recul de type S avec écran de 5 po, HD 720 p",48.93,"48,93 $",259.99,"Était±  259,99 $prix était 259,99 $",48.93,"48,93 $",48.93,"48,93 $",true,https://www.canadiantire.ca/fr/pdp/camera-de-recul-de-type-s-avec-ecran-de-5-po-hd-720-p-0350727p.html,https://www.canadiantire.ca/fr/pdp/camera-de-recul-de-type-s-avec-ecran-de-5-po-hd-720-p-0350727p.html,https://media-www.canadiantire.ca/product/automotive/electronics/auto-electronics/0350727/type-s-hd-backup-camera-c3cac790-bf53-4b36-a9ba-7a0b92704249-jpgrendition.jpg?im=whresize&wid=200&hei=200,https://media-www.canadiantire.ca/product/automotive/electronics/auto-electronics/0350727/type-s-hd-backup-camera-c3cac790-bf53-4b36-a9ba-7a0b92704249-jpgrendition.jpg?im=whresize&wid=200&hei=200,,0350727,035-0727-0,Il n’en reste que 1 #035-0727-0,Liquidation◊,81.18,"48,93","259,99"
694,"Kingston Division St., ON","Caméra de tableau de bord HD 1080 p 47 de Garmin avec champ de vision de 140 degrés, comprend une carte mémoire","Caméra de tableau de bord HD 1080 p 47 de Garmin avec champ de vision de 140 degrés, comprend une carte mémoire",78.19,"78,19 $",229.99,"Était±  229,99 $prix était 229,99 $",78.19,"78,19 $",78.19,"78,19 $",true,https://www.canadiantire.ca/fr/pdp/camera-de-tableau-de-bord-hd-1080-p-47-de-garmin-avec-champ-de-vision-de-140-degres-comprend-une-carte-memoire-0350731p.html,https://www.canadiantire.ca/fr/pdp/camera-de-tableau-de-bord-hd-1080-p-47-de-garmin-avec-champ-de-vision-de-140-degres-comprend-une-carte-memoire-0350731p.html,https://media-www.canadiantire.ca/product/automotive/car-care-accessories/auto-electronics/0350731/garmin-dash-cam-47-a249936a-ad35-4f18-b978-4bf0a10752e7-jpgrendition.jpg?im=whresize&wid=200&hei=200,https://media-www.canadiantire.ca/product/automotive/car-care-accessories/auto-electronics/0350731/garmin-dash-cam-47-a249936a-ad35-4f18-b978-4bf0a10752e7-jpgrendition.jpg?im=whresize&wid=200&hei=200,,0350731,035-0731-8,,Liquidation◊Mieux notés,66,"78,19","229,99"
694,"Kingston Division St., ON",Brumisateur en forme de citrouille lanterne à DEL For Living,Brumisateur en forme de citrouille lanterne à DEL For Living,24.93,"24,93 $",49.99,"Était±  49,99 $prix était 49,99 $",24.93,"24,93 $",24.93,"24,93 $",true,https://www.canadiantire.ca/fr/pdp/brumisateur-en-forme-de-citrouille-lanterne-a-del-for-living-1519571p.html,https://www.canadiantire.ca/fr/pdp/brumisateur-en-forme-de-citrouille-lanterne-a-del-for-living-1519571p.html,https://media-www.canadiantire.ca/product/seasonal-gardening/seasonal/halloween-harvest/1519571/jack-o-lantern-led-misting-machine-084b469a-c42d-48d6-bd80-de5ab8c5824b-jpgrendition.jpg?im=whresize&wid=200&hei=200,https://media-www.canadiantire.ca/product/seasonal-gardening/seasonal/halloween-harvest/1519571/jack-o-lantern-led-misting-machine-084b469a-c42d-48d6-bd80-de5ab8c5824b-jpgrendition.jpg?im=whresize&wid=200&hei=200,,1519571,151-9571-6,Il n’en reste que 4 #151-9571-6,Liquidation◊Exclusivité,50.13,"24,93","49,99"
694,"Kingston Division St., ON","Couronne de blé CANVAS, 24 po","Couronne de blé CANVAS, 24 po",20.39,"20,39 $",59.99,"Était±  59,99 $prix était 59,99 $",20.39,"20,39 $",20.39,"20,39 $",true,https://www.canadiantire.ca/fr/pdp/couronne-de-ble-canvas-24-po-1519708p.html,https://www.canadiantire.ca/fr/pdp/couronne-de-ble-canvas-24-po-1519708p.html,https://media-www.canadiantire.ca/product/seasonal-gardening/seasonal/halloween-harvest/1519708/24-wheat-wreath-85e39cae-d988-43fe-b493-a059f5f60b44-jpgrendition.jpg?im=whresize&wid=200&hei=200,https://media-www.canadiantire.ca/product/seasonal-gardening/seasonal/halloween-harvest/1519708/24-wheat-wreath-85e39cae-d988-43fe-b493-a059f5f60b44-jpgrendition.jpg?im=whresize&wid=200&hei=200,,1519708,151-9708-4,,Liquidation◊Exclusivité,66.01,"20,39","59,99"
694,"Kingston Division St., ON","Solution de nettoyant à tapis Tineco pour aspirateur vertical Tineco Carpet One et Tineco iCarpet, 500 mL","Solution de nettoyant à tapis Tineco pour aspirateur vertical Tineco Carpet One et Tineco iCarpet, 500 mL",9.93,"9,93 $",24.99,"Était±  24,99 $prix était 24,99 $",9.93,"9,93 $",9.93,"9,93 $",true,https://www.canadiantire.ca/fr/pdp/solution-de-nettoyant-a-tapis-tineco-pour-aspirateur-vertical-tineco-carpet-one-et-tineco-icarpet-500-ml-1531886p.html,https://www.canadiantire.ca/fr/pdp/solution-de-nettoyant-a-tapis-tineco-pour-aspirateur-vertical-tineco-carpet-one-et-tineco-icarpet-500-ml-1531886p.html,https://media-www.canadiantire.ca/product/living/cleaning/household-cleaning-solutions/1531886/tineco-carpet-cleaner-solution-501ml-65d3821c-af79-464a-ab23-f23853d46120-jpgrendition.jpg?im=whresize&wid=200&hei=200,https://media-www.canadiantire.ca/product/living/cleaning/household-cleaning-solutions/1531886/tineco-carpet-cleaner-solution-501ml-65d3821c-af79-464a-ab23-f23853d46120-jpgrendition.jpg?im=whresize&wid=200&hei=200,,1531886,153-1886-2,,Liquidation◊Mieux notés,60.26,"9,93","24,99"
694,"Kingston Division St., ON","Pelle à neige pour enfants, princesse, plastique, 10 po","Pelle à neige pour enfants, princesse, plastique, 10 po",3.93,"3,93 $",14.99,"Était±  14,99 $prix était 14,99 $",3.93,"3,93 $",3.93,"3,93 $",true,https://www.canadiantire.ca/fr/pdp/pelle-a-neige-pour-enfants-princesse-plastique-10-po-1591453p.html,https://www.canadiantire.ca/fr/pdp/pelle-a-neige-pour-enfants-princesse-plastique-10-po-1591453p.html,https://media-www.canadiantire.ca/product/seasonal-gardening/outdoor-tools/snow-shovels/1591453/kids-snow-shovel-princess-10-in-433930ea-bb27-4f3f-b2f3-4376aaa29af9-jpgrendition.jpg?im=whresize&wid=200&hei=200,https://media-www.canadiantire.ca/product/seasonal-gardening/outdoor-tools/snow-shovels/1591453/kids-snow-shovel-princess-10-in-433930ea-bb27-4f3f-b2f3-4376aaa29af9-jpgrendition.jpg?im=whresize&wid=200&hei=200,,1591453,159-1453-0,,Liquidation◊Mieux notés,73.78,"3,93","14,99"
694,"Kingston Division St., ON","Adaptateur pour raccord fileté mâle Bow, 1/2 x 1/4 po","Adaptateur pour raccord fileté mâle Bow, 1/2 x 1/4 po",1.27,"1,27 $",2.79,"Était±  2,79 $prix était 2,79 $",1.27,"1,27 $",1.27,"1,27 $",true,https://www.canadiantire.ca/fr/pdp/adaptateur-pour-raccord-filete-male-bow-1-2-x-1-4-po-0631122p.html,https://www.canadiantire.ca/fr/pdp/adaptateur-pour-raccord-filete-male-bow-1-2-x-1-4-po-0631122p.html,https://media-www.canadiantire.ca/product/fixing/plumbing/rough-plumbing/0631122/adapter-1-2-1-4-mpt-5ec10eed-c9ec-4e87-9690-6cd2710ce5b0-jpgrendition.jpg?im=whresize&wid=200&hei=200,https://media-www.canadiantire.ca/product/fixing/plumbing/rough-plumbing/0631122/adapter-1-2-1-4-mpt-5ec10eed-c9ec-4e87-9690-6cd2710ce5b0-jpgrendition.jpg?im=whresize&wid=200&hei=200,,0631122,063-1122-4,Il n’en reste que 4 #063-1122-4,Liquidation◊,54.48,"1,27","2,79"
694,"Kingston Division St., ON","Manchon de rouleau Wagner Smart, 3/8 x 3 po","Manchon de rouleau Wagner Smart, 3/8 x 3 po",1.93,"1,93 $",9.29,"Était±  9,29 $prix était 9,29 $",1.93,"1,93 $",1.93,"1,93 $",true,https://www.canadiantire.ca/fr/pdp/manchon-de-rouleau-wagner-smart-3-8-x-3-po-0490391p.html,https://www.canadiantire.ca/fr/pdp/manchon-de-rouleau-wagner-smart-3-8-x-3-po-0490391p.html,https://media-www.canadiantire.ca/product/fixing/paint/paint-accessories/0490391/wagner-roller-cover-3-8-x3-for-49-0390-759f29da-b5d6-4bbf-a0e3-bcf3b727effc.png?im=whresize&wid=200&hei=200,https://media-www.canadiantire.ca/product/fixing/paint/paint-accessories/0490391/wagner-roller-cover-3-8-x3-for-49-0390-759f29da-b5d6-4bbf-a0e3-bcf3b727effc.png?im=whresize&wid=200&hei=200,,0490391,049-0391-4,Il n’en reste que 3 #049-0391-4,Liquidation◊,79.22,"1,93","9,29"
694,"Kingston Division St., ON","Gilet de chasse de luxe Yukon Gear, orange vif","Gilet de chasse de luxe Yukon Gear, orange vif",19.93,"19,93 $",44.99,"44,99 $Était   et+ prix était à partir de 44,99 $",19.93,"19,93 $",19.93,"19,93 $",true,https://www.canadiantire.ca/fr/pdp/gilet-de-chasse-de-luxe-yukon-gear-orange-vif-0753614p.html,https://www.canadiantire.ca/fr/pdp/gilet-de-chasse-de-luxe-yukon-gear-orange-vif-0753614p.html,https://media-www.canadiantire.ca/product/playing/hunting/hunting-apparel-footwear/0753614/yukon-gear-deluxe-vest-large-16e04a66-e8ff-4ea6-b77a-770526b79cb2-jpgrendition.jpg?im=whresize&wid=200&hei=200,https://media-www.canadiantire.ca/product/playing/hunting/hunting-apparel-footwear/0753614/yukon-gear-deluxe-vest-large-16e04a66-e8ff-4ea6-b77a-770526b79cb2-jpgrendition.jpg?im=whresize&wid=200&hei=200,,0753614,075-3614,Vérifiez la disponibilité#075-3614X,Liquidation◊Mieux notés,55.7,"19,93","44,99"
694,"Kingston Division St., ON","Plafonnier semi-affleurant For Living, 3 douilles","Plafonnier semi-affleurant For Living, 3 douilles",99.97,"99,97 $",229.99,"Était±  229,99 $prix était 229,99 $",99.97,"99,97 $",99.97,"99,97 $",true,https://www.canadiantire.ca/fr/pdp/plafonnier-semi-affleurant-for-living-3-douilles-0521158p.html,https://www.canadiantire.ca/fr/pdp/plafonnier-semi-affleurant-for-living-3-douilles-0521158p.html,https://media-www.canadiantire.ca/product/living/home-decor/lighting/0521158/elmhurst-18-semi-flush-mount-d672ebea-205a-4d81-bffa-d1667454b167.png?im=whresize&wid=200&hei=200,https://media-www.canadiantire.ca/product/living/home-decor/lighting/0521158/elmhurst-18-semi-flush-mount-d672ebea-205a-4d81-bffa-d1667454b167.png?im=whresize&wid=200&hei=200,,0521158,052-1158-6,Il n’en reste que 1 #052-1158-6,Liquidation◊Mieux notés,56.53,"99,97","229,99"
694,"Kingston Division St., ON",Plaque universelle à bornes Laser 62201,Plaque universelle à bornes Laser 62201,3.93,"3,93 $",12.99,"Était±  12,99 $prix était 12,99 $",3.93,"3,93 $",3.93,"3,93 $",true,https://www.canadiantire.ca/fr/pdp/plaque-universelle-a-bornes-laser-62201-0522517p.html,https://www.canadiantire.ca/fr/pdp/plaque-universelle-a-bornes-laser-62201-0522517p.html,https://media-www.canadiantire.ca/product/fixing/electrical/rough-electrical/0522517/terminal-block-kit-keyhole-4c039614-6472-4b15-beff-6585b16bcaf3-jpgrendition.jpg?im=whresize&wid=200&hei=200,https://media-www.canadiantire.ca/product/fixing/electrical/rough-electrical/0522517/terminal-block-kit-keyhole-4c039614-6472-4b15-beff-6585b16bcaf3-jpgrendition.jpg?im=whresize&wid=200&hei=200,,0522517,052-2517-6,35 En Stock#052-2517-6,Liquidation◊,69.75,"3,93","12,99"
694,"Kingston Division St., ON","Nettoyant à vitres en vaporisateur Dry Shine Car, 500 mL","Nettoyant à vitres en vaporisateur Dry Shine Car, 500 mL",4.75,"4,75 $",13.99,"Était±  13,99 $prix était 13,99 $",4.75,"4,75 $",4.75,"4,75 $",true,https://www.canadiantire.ca/fr/pdp/nettoyant-a-vitres-en-vaporisateur-dry-shine-car-500-ml-0392792p.html,https://www.canadiantire.ca/fr/pdp/nettoyant-a-vitres-en-vaporisateur-dry-shine-car-500-ml-0392792p.html,https://media-www.canadiantire.ca/product/automotive/car-care-accessories/auto-cleaning-chemicals/0392792/dryshine-gel-glass-cleaner-6d8da736-0222-4a3b-a328-21db8d1fd4eb-jpgrendition.jpg?im=whresize&wid=200&hei=200,https://media-www.canadiantire.ca/product/automotive/car-care-accessories/auto-cleaning-chemicals/0392792/dryshine-gel-glass-cleaner-6d8da736-0222-4a3b-a328-21db8d1fd4eb-jpgrendition.jpg?im=whresize&wid=200&hei=200,,0392792,039-2792-2,,Liquidation◊Mieux notés,66.05,"4,75","13,99"
694,"Kingston Division St., ON","Coffre pour camion multisegment à profil bas BetterBuilt avec rails, 175 cm (69 po), noir mat texturé","Coffre pour camion multisegment à profil bas BetterBuilt avec rails, 175 cm (69 po), noir mat texturé",205.93,"205,93 $",819.99,"Était±  819,99 $prix était 819,99 $",205.93,"205,93 $",205.93,"205,93 $",true,https://www.canadiantire.ca/fr/pdp/coffre-pour-camion-multisegment-a-profil-bas-betterbuilt-avec-rails-175-cm-69-po-noir-mat-texture-0417275p.html,https://www.canadiantire.ca/fr/pdp/coffre-pour-camion-multisegment-a-profil-bas-betterbuilt-avec-rails-175-cm-69-po-noir-mat-texture-0417275p.html,https://media-www.canadiantire.ca/product/automotive/light-auto-parts/truck-accessories/0417275/79211116-truck-box-w-rails-b0b4994e-2aa9-4f22-9788-bae92c6616aa-jpgrendition.jpg?im=whresize&wid=200&hei=200,https://media-www.canadiantire.ca/product/automotive/light-auto-parts/truck-accessories/0417275/79211116-truck-box-w-rails-b0b4994e-2aa9-4f22-9788-bae92c6616aa-jpgrendition.jpg?im=whresize&wid=200&hei=200,,0417275,041-7275-6,Il n’en reste que 1 #041-7275-6,Liquidation◊,74.89,"205,93","819,99"
694,"Kingston Division St., ON","Assiettes à dessert prismatiques pour fête d'anniversaire, Mon petit poney Aventures/Amitié, 7 po, paq. 8","Assiettes à dessert prismatiques pour fête d'anniversaire, Mon petit poney Aventures/Amitié, 7 po, paq. 8",0.97,"0,97 $",2.99,"Était±  2,99 $prix était 2,99 $",0.97,"0,97 $",0.97,"0,97 $",true,https://www.canadiantire.ca/fr/pdp/assiettes-a-dessert-prismatiques-pour-fete-d-anniversaire-mon-petit-poney-aventures-amitie-7-po-paq-8-8423313p.html,https://www.canadiantire.ca/fr/pdp/assiettes-a-dessert-prismatiques-pour-fete-d-anniversaire-mon-petit-poney-aventures-amitie-7-po-paq-8-8423313p.html,https://media-www.partycity.ca/product/seasonal-gardening/party-city-everyday/party-city-party-supplies-decor/8423313/8ct-7in-fl-pl-mlp-adventure-78d4eed4-6a20-4c65-962c-16d5cd56406a-jpgrendition.jpg?im=whresize&wid=200&hei=200,https://media-www.partycity.ca/product/seasonal-gardening/party-city-everyday/party-city-party-supplies-decor/8423313/8ct-7in-fl-pl-mlp-adventure-78d4eed4-6a20-4c65-962c-16d5cd56406a-jpgrendition.jpg?im=whresize&wid=200&hei=200,,8423313,842-3313-4,Il n’en reste que 1 #842-3313-4,Liquidation◊,67.56,"0,97","2,99"
694,"Kingston Division St., ON","Étampes pour cadeaux-surprises pour fête d'anniversaire, Licorne magique, paq. 6","Étampes pour cadeaux-surprises pour fête d'anniversaire, Licorne magique, paq. 6",1.24,"1,24 $",2.49,"Était±  2,49 $prix était 2,49 $",1.24,"1,24 $",1.24,"1,24 $",true,https://www.canadiantire.ca/fr/pdp/etampes-pour-cadeaux-surprises-pour-fete-d-anniversaire-licorne-magique-paq-6-8420389p.html,https://www.canadiantire.ca/fr/pdp/etampes-pour-cadeaux-surprises-pour-fete-d-anniversaire-licorne-magique-paq-6-8420389p.html,https://media-www.partycity.ca/product/seasonal-gardening/party-city-everyday/party-city-party-supplies-decor/8420389/magical-unicorn-stampers-6ct-50e03200-cf6b-4a33-bf48-02f5297c5f12-jpgrendition.jpg?im=whresize&wid=200&hei=200,https://media-www.partycity.ca/product/seasonal-gardening/party-city-everyday/party-city-party-supplies-decor/8420389/magical-unicorn-stampers-6ct-50e03200-cf6b-4a33-bf48-02f5297c5f12-jpgrendition.jpg?im=whresize&wid=200&hei=200,,8420389,842-0389-2,Il n’en reste que 1 #842-0389-2,Liquidation◊,50.2,"1,24","2,49"
694,"Kingston Division St., ON","Cuillers Len Thompson Platinum, Siwash, 5 pces","Cuillers Len Thompson Platinum, Siwash, 5 pces",13.43,"13,43 $",29.99,"Était±  29,99 $prix était 29,99 $",13.43,"13,43 $",13.43,"13,43 $",true,https://www.canadiantire.ca/fr/pdp/cuillers-len-thompson-platinum-siwash-5-pces-1783641p.html,https://www.canadiantire.ca/fr/pdp/cuillers-len-thompson-platinum-siwash-5-pces-1783641p.html,https://media-www.canadiantire.ca/product/playing/fishing/fishing-lures/1783641/len-thompson-platinum-spoon-kit-siwash-5-piece-cd6f9fca-0112-42e3-af6f-a03978a5d6e3-jpgrendition.jpg?im=whresize&wid=200&hei=200,https://media-www.canadiantire.ca/product/playing/fishing/fishing-lures/1783641/len-thompson-platinum-spoon-kit-siwash-5-piece-cd6f9fca-0112-42e3-af6f-a03978a5d6e3-jpgrendition.jpg?im=whresize&wid=200&hei=200,,1783641,178-3641-4,,Liquidation◊,55.22,"13,43","29,99"
694,"Kingston Division St., ON","Guirlande lumineuse à DEL en forme de crâne For Living, argent métallisé, 82 po, paq. 10, décorations d'intérieur et d'extérieur pour l'Halloween","Guirlande lumineuse à DEL en forme de crâne For Living, argent métallisé, 82 po, paq. 10, décorations d'intérieur et d'extérieur pour l'Halloween",3.93,"3,93 $",8.99,"Était±  8,99 $prix était 8,99 $",3.93,"3,93 $",3.93,"3,93 $",true,https://www.canadiantire.ca/fr/pdp/guirlande-lumineuse-a-del-en-forme-de-crane-for-living-argent-metallise-82-po-paq-10-decorations-d-interieur-et-d-exterieur-pour-l-halloween-1518448p.html,https://www.canadiantire.ca/fr/pdp/guirlande-lumineuse-a-del-en-forme-de-crane-for-living-argent-metallise-82-po-paq-10-decorations-d-interieur-et-d-exterieur-pour-l-halloween-1518448p.html,https://media-www.canadiantire.ca/product/seasonal-gardening/seasonal/halloween-harvest/1518448/10-led-battery-operated-silver-skulls-string-lights-bba1a38e-ab61-4134-892c-c624771ab9d8-jpgrendition.jpg?im=whresize&wid=200&hei=200,https://media-www.canadiantire.ca/product/seasonal-gardening/seasonal/halloween-harvest/1518448/10-led-battery-operated-silver-skulls-string-lights-bba1a38e-ab61-4134-892c-c624771ab9d8-jpgrendition.jpg?im=whresize&wid=200&hei=200,,1518448,151-8448-8,8 En Stock#151-8448-8,Liquidation◊Exclusivité,56.28,"3,93","8,99"
694,"Kingston Division St., ON","Lames de scie brutes à découper Bosch, en acier, 9 dents par pouce, 5 po, paq. 4","Lames de scie brutes à découper Bosch, en acier, 9 dents par pouce, 5 po, paq. 4",0.93,"0,93 $",10.49,"Était±  10,49 $prix était 10,49 $",0.93,"0,93 $",0.93,"0,93 $",true,https://www.canadiantire.ca/fr/pdp/lames-de-scie-brutes-a-decouper-bosch-en-acier-9-dents-par-pouce-5-po-paq-4-0550852p.html,https://www.canadiantire.ca/fr/pdp/lames-de-scie-brutes-a-decouper-bosch-en-acier-9-dents-par-pouce-5-po-paq-4-0550852p.html,https://media-www.canadiantire.ca/product/fixing/tools/power-tool-accessories/0550852/scroll-saw-blade-10-tooth-general-purpose-medium-46f2debe-b229-42d2-beb4-af4a1ff87247-jpgrendition.jpg?im=whresize&wid=200&hei=200,https://media-www.canadiantire.ca/product/fixing/tools/power-tool-accessories/0550852/scroll-saw-blade-10-tooth-general-purpose-medium-46f2debe-b229-42d2-beb4-af4a1ff87247-jpgrendition.jpg?im=whresize&wid=200&hei=200,,0550852,055-0852-2,,Liquidation◊,91.13,"0,93","10,49"
694,"Kingston Division St., ON","Réceptacle NEMA 5-20R à câblage latéral/arrière inviolable Leviton RER20-744 Renu, 20 A, 125 V, blanc","Réceptacle NEMA 5-20R à câblage latéral/arrière inviolable Leviton RER20-744 Renu, 20 A, 125 V, blanc",3.93,"3,93 $",8.29,"Était±  8,29 $prix était 8,29 $",3.93,"3,93 $",3.93,"3,93 $",true,https://www.canadiantire.ca/fr/pdp/receptacle-nema-5-20r-a-cablage-lateral-arriere-inviolable-leviton-rer20-744-renu-20-a-125-v-blanc-0527507p.html,https://www.canadiantire.ca/fr/pdp/receptacle-nema-5-20r-a-cablage-lateral-arriere-inviolable-leviton-rer20-744-renu-20-a-125-v-blanc-0527507p.html,https://media-www.canadiantire.ca/product/fixing/electrical/rough-electrical/0527507/renu-white-tamper-resistant-receptacle-20a-91d082c3-52af-4663-9e0d-2edb380ad363-jpgrendition.jpg?im=whresize&wid=200&hei=200,https://media-www.canadiantire.ca/product/fixing/electrical/rough-electrical/0527507/renu-white-tamper-resistant-receptacle-20a-91d082c3-52af-4663-9e0d-2edb380ad363-jpgrendition.jpg?im=whresize&wid=200&hei=200,,0527507,052-7507-0,25 En Stock#052-7507-0,Liquidation◊,52.59,"3,93","8,29"
694,"Kingston Division St., ON","Lames de scie alternative bimétalliques MAXIMUM avec étui réutilisable, pour bois et métal, paq. 25","Lames de scie alternative bimétalliques MAXIMUM avec étui réutilisable, pour bois et métal, paq. 25",34.93,"34,93 $",86.99,"86,99 $Était   et+ prix était à partir de 86,99 $",34.93,"34,93 $",34.93,"34,93 $",true,https://www.canadiantire.ca/fr/pdp/lames-de-scie-alternative-bimetalliques-maximum-avec-etui-reutilisable-pour-bois-et-metal-paq-25-0541891p.html,https://www.canadiantire.ca/fr/pdp/lames-de-scie-alternative-bimetalliques-maximum-avec-etui-reutilisable-pour-bois-et-metal-paq-25-0541891p.html,https://media-www.canadiantire.ca/product/fixing/tools/power-tool-accessories/0541891/maximum-6-reciprocating-blades-25-piece-8696a1f0-bbb6-4a69-8942-0260dd59318b-jpgrendition.jpg?im=whresize&wid=200&hei=200,https://media-www.canadiantire.ca/product/fixing/tools/power-tool-accessories/0541891/maximum-6-reciprocating-blades-25-piece-8696a1f0-bbb6-4a69-8942-0260dd59318b-jpgrendition.jpg?im=whresize&wid=200&hei=200,,0541891,054-1891,Vérifiez la disponibilité#054-1891X,Liquidation◊Mieux notés,59.85,"34,93","86,99"
694,"Kingston Division St., ON","Charnière continue Hardware Essentials, plaqué laiton, 36 x 1 1⁄2 po","Charnière continue Hardware Essentials, plaqué laiton, 36 x 1 1⁄2 po",4.97,"4,97 $",11.99,"Était±  11,99 $prix était 11,99 $",4.97,"4,97 $",4.97,"4,97 $",true,https://www.canadiantire.ca/fr/pdp/charniere-continue-hardware-essentials-plaque-laiton-36-x-1-1-2-po-0462097p.html,https://www.canadiantire.ca/fr/pdp/charniere-continue-hardware-essentials-plaque-laiton-36-x-1-1-2-po-0462097p.html,https://media-www.canadiantire.ca/product/fixing/hardware/general-hardware/0462097/36x1-1-2-continuous-hinge-brass-plated-47c79dc1-8cd4-4d67-a23b-227c37ef6bf1-jpgrendition.jpg?im=whresize&wid=200&hei=200,https://media-www.canadiantire.ca/product/fixing/hardware/general-hardware/0462097/36x1-1-2-continuous-hinge-brass-plated-47c79dc1-8cd4-4d67-a23b-227c37ef6bf1-jpgrendition.jpg?im=whresize&wid=200&hei=200,,0462097,046-2097-0,Il n’en reste que 5 #046-2097-0,Liquidation◊,58.55,"4,97","11,99"
694,"Kingston Division St., ON",Filtre pour aspirateur Bissell Clean View Deluxe Pet,Filtre pour aspirateur Bissell Clean View Deluxe Pet,0.97,"0,97 $",17.99,"Était±  17,99 $prix était 17,99 $",0.97,"0,97 $",0.97,"0,97 $",true,https://www.canadiantire.ca/fr/pdp/filtre-pour-aspirateur-bissell-clean-view-deluxe-pet-0436927p.html,https://www.canadiantire.ca/fr/pdp/filtre-pour-aspirateur-bissell-clean-view-deluxe-pet-0436927p.html,https://media-www.canadiantire.ca/product/living/cleaning/vacuums-and-floorcare/0436927/vac-bissell-cleanview-deluxe-pet-filter-ed66fee0-98f4-4dbe-9b71-a1affc39e777-jpgrendition.jpg?im=whresize&wid=200&hei=200,https://media-www.canadiantire.ca/product/living/cleaning/vacuums-and-floorcare/0436927/vac-bissell-cleanview-deluxe-pet-filter-ed66fee0-98f4-4dbe-9b71-a1affc39e777-jpgrendition.jpg?im=whresize&wid=200&hei=200,,0436927,043-6927-8,,Liquidation◊,94.61,"0,97","17,99"
694,"Kingston Division St., ON","Trousse de connexion de batterie de radiateurs Remington, Black & Decker/Porter Cable","Trousse de connexion de batterie de radiateurs Remington, Black & Decker/Porter Cable",8.93,"8,93 $",37.99,"Était±  37,99 $prix était 37,99 $",8.93,"8,93 $",8.93,"8,93 $",true,https://www.canadiantire.ca/fr/pdp/trousse-de-connexion-de-batterie-de-radiateurs-remington-black-decker-porter-cable-0766329p.html,https://www.canadiantire.ca/fr/pdp/trousse-de-connexion-de-batterie-de-radiateurs-remington-black-decker-porter-cable-0766329p.html,https://media-www.canadiantire.ca/product/playing/camping/camping-living/0766329/battery-connection-kit-black-decker-and-porter-cable-42bdabad-dc30-47c2-9191-9443e7f3077a-jpgrendition.jpg?im=whresize&wid=200&hei=200,https://media-www.canadiantire.ca/product/playing/camping/camping-living/0766329/battery-connection-kit-black-decker-and-porter-cable-42bdabad-dc30-47c2-9191-9443e7f3077a-jpgrendition.jpg?im=whresize&wid=200&hei=200,,0766329,076-6329-4,Il n’en reste que 4 #076-6329-4,Liquidation◊Exclusivité,76.49,"8,93","37,99"
694,"Kingston Division St., ON","Gros camion de sable/véhicules Agglo pour enfants, jouet plage/bac à sable pour l’extérieur, âge 2 ans et plus, choix varié","Gros camion de sable/véhicules Agglo pour enfants, jouet plage/bac à sable pour l’extérieur, âge 2 ans et plus, choix varié",0.73,"0,73 $",4.49,"Était±  4,49 $prix était 4,49 $",0.73,"0,73 $",0.73,"0,73 $",true,https://www.canadiantire.ca/fr/pdp/gros-camion-de-sable-vehicules-agglo-pour-enfants-jouet-plage-bac-a-sable-pour-l-exterieur-age-2-ans-et-plus-choix-varie-0509170p.html,https://www.canadiantire.ca/fr/pdp/gros-camion-de-sable-vehicules-agglo-pour-enfants-jouet-plage-bac-a-sable-pour-l-exterieur-age-2-ans-et-plus-choix-varie-0509170p.html,https://media-www.canadiantire.ca/product/seasonal-gardening/toys/seasonal-toys/0509170/chunky-sand-trucks-single-assorted-styles-c43e9b88-27dd-43e4-bb37-818e653a12d1-jpgrendition.jpg?im=whresize&wid=200&hei=200,https://media-www.canadiantire.ca/product/seasonal-gardening/toys/seasonal-toys/0509170/chunky-sand-trucks-single-assorted-styles-c43e9b88-27dd-43e4-bb37-818e653a12d1-jpgrendition.jpg?im=whresize&wid=200&hei=200,,0509170,050-9170-0,,Liquidation◊,83.74,"0,73","4,49"
694,"Kingston Division St., ON","Papier d'emballage robuste Ranpak Nature Wrap, 30 pi","Papier d'emballage robuste Ranpak Nature Wrap, 30 pi",4.93,"4,93 $",19.99,"Était±  19,99 $prix était 19,99 $",4.93,"4,93 $",4.93,"4,93 $",true,https://www.canadiantire.ca/fr/pdp/papier-d-emballage-robuste-ranpak-nature-wrap-30-pi-0676084p.html,https://www.canadiantire.ca/fr/pdp/papier-d-emballage-robuste-ranpak-nature-wrap-30-pi-0676084p.html,https://media-www.canadiantire.ca/product/fixing/paint/surface-prep-maintenance/0676084/ranpak-nature-wrap-heavy-duty-30--48efbe96-a090-4346-a100-1be7309aed8e-jpgrendition.jpg?im=whresize&wid=200&hei=200,https://media-www.canadiantire.ca/product/fixing/paint/surface-prep-maintenance/0676084/ranpak-nature-wrap-heavy-duty-30--48efbe96-a090-4346-a100-1be7309aed8e-jpgrendition.jpg?im=whresize&wid=200&hei=200,,0676084,067-6084-6,Il n’en reste que 1 #067-6084-6,Liquidation◊,75.34,"4,93","19,99"
694,"Kingston Division St., ON","Ballon en aluminium lapins mignons Happy Easter, 18 po","Ballon en aluminium lapins mignons Happy Easter, 18 po",2.93,"2,93 $",6.99,"Était±  6,99 $prix était 6,99 $",2.93,"2,93 $",2.93,"2,93 $",true,https://www.canadiantire.ca/fr/pdp/ballon-en-aluminium-lapins-mignons-happy-easter-18-po-8542334p.html,https://www.canadiantire.ca/fr/pdp/ballon-en-aluminium-lapins-mignons-happy-easter-18-po-8542334p.html,https://media-www.canadiantire.ca/product/seasonal-gardening/party-city-everyday/party-city-balloons-accessories/8542334/happy-easter-cute-bunnies-18--3fc97fec-408a-496f-ada6-d08dc54a935d-jpgrendition.jpg?im=whresize&wid=200&hei=200,https://media-www.canadiantire.ca/product/seasonal-gardening/party-city-everyday/party-city-balloons-accessories/8542334/happy-easter-cute-bunnies-18--3fc97fec-408a-496f-ada6-d08dc54a935d-jpgrendition.jpg?im=whresize&wid=200&hei=200,,8542334,854-2334-2,Il n’en reste que 5 #854-2334-2,Liquidation◊Hélium compris,58.08,"2,93","6,99"
694,"Kingston Division St., ON",Trousse Wilton de biscuits au chocolat de Pâques prête à assembler avec glaçage et mélange à saupoudrer,Trousse Wilton de biscuits au chocolat de Pâques prête à assembler avec glaçage et mélange à saupoudrer,9.97,"9,97 $",19.99,"Était±  19,99 $prix était 19,99 $",9.97,"9,97 $",9.97,"9,97 $",true,https://www.canadiantire.ca/fr/pdp/trousse-wilton-de-biscuits-au-chocolat-de-paques-prete-a-assembler-avec-glacage-et-melange-a-saupoudrer-1515221p.html,https://www.canadiantire.ca/fr/pdp/trousse-wilton-de-biscuits-au-chocolat-de-paques-prete-a-assembler-avec-glacage-et-melange-a-saupoudrer-1515221p.html,https://media-www.canadiantire.ca/product/living/food-drink/seasonal-confectionery/1515221/wilton-easter-house-cookie-kit-8b9263f4-e924-412b-b117-18cdc044c7ae-jpgrendition.jpg?im=whresize&wid=200&hei=200,https://media-www.canadiantire.ca/product/living/food-drink/seasonal-confectionery/1515221/wilton-easter-house-cookie-kit-8b9263f4-e924-412b-b117-18cdc044c7ae-jpgrendition.jpg?im=whresize&wid=200&hei=200,,1515221,151-5221-4,,Liquidation◊Mieux notés,50.13,"9,97","19,99"
694,"Kingston Division St., ON","Couronne récolte CANVAS avec tournesols/feuilles d'érable/baies, rouge, 24 po, décoration intérieure pour l'automne","Couronne récolte CANVAS avec tournesols/feuilles d'érable/baies, rouge, 24 po, décoration intérieure pour l'automne",16.99,"16,99 $",49.99,"Était±  49,99 $prix était 49,99 $",16.99,"16,99 $",16.99,"16,99 $",true,https://www.canadiantire.ca/fr/pdp/couronne-recolte-canvas-avec-tournesols-feuilles-d-erable-baies-rouge-24-po-decoration-interieure-pour-l-automne-1519206p.html,https://www.canadiantire.ca/fr/pdp/couronne-recolte-canvas-avec-tournesols-feuilles-d-erable-baies-rouge-24-po-decoration-interieure-pour-l-automne-1519206p.html,https://media-www.canadiantire.ca/product/seasonal-gardening/seasonal/halloween-harvest/1519206/24-sunflower-wreath-7d83d11a-ee6a-4a84-8569-fe3fe29b523b-jpgrendition.jpg?im=whresize&wid=200&hei=200,https://media-www.canadiantire.ca/product/seasonal-gardening/seasonal/halloween-harvest/1519206/24-sunflower-wreath-7d83d11a-ee6a-4a84-8569-fe3fe29b523b-jpgrendition.jpg?im=whresize&wid=200&hei=200,,1519206,151-9206-8,,Liquidation◊Mieux notés,66.01,"16,99","49,99"
694,"Kingston Division St., ON",Coleman Cookout Mister,Coleman Cookout Mister,7.93,"7,93 $",16.99,"Était±  16,99 $prix était 16,99 $",7.93,"7,93 $",7.93,"7,93 $",true,https://www.canadiantire.ca/fr/pdp/coleman-cookout-mister-0850022p.html,https://www.canadiantire.ca/fr/pdp/coleman-cookout-mister-0850022p.html,https://media-www.canadiantire.ca/product/seasonal-gardening/backyard-living/outdoor-cooking-accessories/0850022/clm-mister-2a135af0-d60a-4d0c-a5ae-c88b0751eb79-jpgrendition.jpg?im=whresize&wid=200&hei=200,https://media-www.canadiantire.ca/product/seasonal-gardening/backyard-living/outdoor-cooking-accessories/0850022/clm-mister-2a135af0-d60a-4d0c-a5ae-c88b0751eb79-jpgrendition.jpg?im=whresize&wid=200&hei=200,,0850022,085-0022-6,Il n’en reste que 1 #085-0022-6,Liquidation◊Exclusivité,53.33,"7,93","16,99"
694,"Kingston Division St., ON","Lunettes de tir de chasse Beretta Challenge, jaune","Lunettes de tir de chasse Beretta Challenge, jaune",16.43,"16,43 $",36.99,"Était±  36,99 $prix était 36,99 $",16.43,"16,43 $",16.43,"16,43 $",true,https://www.canadiantire.ca/fr/pdp/lunettes-de-tir-de-chasse-beretta-challenge-jaune-1759178p.html,https://www.canadiantire.ca/fr/pdp/lunettes-de-tir-de-chasse-beretta-challenge-jaune-1759178p.html,https://media-www.canadiantire.ca/product/playing/hunting/hunting-accessories/1759178/beretta-challenge-shooting-glasses-yellow-2e27c8b2-b777-4fc9-905e-d23309e870bb-jpgrendition.jpg?im=whresize&wid=200&hei=200,https://media-www.canadiantire.ca/product/playing/hunting/hunting-accessories/1759178/beretta-challenge-shooting-glasses-yellow-2e27c8b2-b777-4fc9-905e-d23309e870bb-jpgrendition.jpg?im=whresize&wid=200&hei=200,,1759178,175-9178-8,,Liquidation◊Mieux notés,55.58,"16,43","36,99"
694,"Kingston Division St., ON","Ballon en aluminium satiné, point d'interrogation, choix de couleurs, 16 po, gonflé d'air, pour anniversaire/remise de diplômes/fête prénatale/mariage de finissants","Ballon en aluminium satiné, point d'interrogation, choix de couleurs, 16 po, gonflé d'air, pour anniversaire/remise de diplômes/fête prénatale/mariage de finissants",0.43,"0,43 $",2.99,"2,99 $Était   et+ prix était à partir de 2,99 $",0.43,"0,43 $",0.43,"0,43 $",true,https://www.canadiantire.ca/fr/pdp/ballon-en-aluminium-satine-point-d-interrogation-choix-de-couleurs-16-po-gonfle-d-air-pour-anniversaire-remise-de-diplomes-fete-prenatale-mariage-de-finissants-8424326p.html,https://www.canadiantire.ca/fr/pdp/ballon-en-aluminium-satine-point-d-interrogation-choix-de-couleurs-16-po-gonfle-d-air-pour-anniversaire-remise-de-diplomes-fete-prenatale-mariage-de-finissants-8424326p.html,https://media-www.partycity.ca/product/seasonal-gardening/party-city-everyday/party-city-party-supplies-decor/8424327/blln-air-filled-symbl-gld-0355ff74-96ca-45ad-8f1c-f38e0d425abf-jpgrendition.jpg?im=whresize&wid=200&hei=200,https://media-www.partycity.ca/product/seasonal-gardening/party-city-everyday/party-city-party-supplies-decor/8424327/blln-air-filled-symbl-gld-0355ff74-96ca-45ad-8f1c-f38e0d425abf-jpgrendition.jpg?im=whresize&wid=200&hei=200,,8424326,842-4326,Vérifiez la disponibilité#842-4326X,Liquidation◊Mieux notés,85.62,"0,43","2,99"
694,"Kingston Division St., ON",Connecteur à 4 voies REESE Towpower pour remorque et véhicule,Connecteur à 4 voies REESE Towpower pour remorque et véhicule,2.93,"2,93 $",23.99,"Était±  23,99 $prix était 23,99 $",2.93,"2,93 $",2.93,"2,93 $",true,https://www.canadiantire.ca/fr/pdp/connecteur-a-4-voies-reese-towpower-pour-remorque-et-vehicule-0408215p.html,https://www.canadiantire.ca/fr/pdp/connecteur-a-4-voies-reese-towpower-pour-remorque-et-vehicule-0408215p.html,https://media-www.canadiantire.ca/product/automotive/automotive-outdoor-adventure/auto-travel-storage/0408215/4-way-car-and-trailer-end-connector-2f61892b-c327-4c08-bf20-ddff56779001-jpgrendition.jpg?im=whresize&wid=200&hei=200,https://media-www.canadiantire.ca/product/automotive/automotive-outdoor-adventure/auto-travel-storage/0408215/4-way-car-and-trailer-end-connector-2f61892b-c327-4c08-bf20-ddff56779001-jpgrendition.jpg?im=whresize&wid=200&hei=200,,0408215,040-8215-6,Il n’en reste que 3 #040-8215-6,Liquidation◊,87.79,"2,93","23,99"
694,"Kingston Division St., ON","Ressorts et sièges PlumbShop Galt, paq. 6","Ressorts et sièges PlumbShop Galt, paq. 6",0.43,"0,43 $",3.99,"Était±  3,99 $prix était 3,99 $",0.43,"0,43 $",0.43,"0,43 $",true,https://www.canadiantire.ca/fr/pdp/ressorts-et-sieges-plumbshop-galt-paq-6-0630659p.html,https://www.canadiantire.ca/fr/pdp/ressorts-et-sieges-plumbshop-galt-paq-6-0630659p.html,https://media-www.canadiantire.ca/product/fixing/plumbing/rough-plumbing/0630659/seals-and-springs-galt-cd95ce96-5047-4e25-b8b7-de911b817af7-jpgrendition.jpg?im=whresize&wid=200&hei=200,https://media-www.canadiantire.ca/product/fixing/plumbing/rough-plumbing/0630659/seals-and-springs-galt-cd95ce96-5047-4e25-b8b7-de911b817af7-jpgrendition.jpg?im=whresize&wid=200&hei=200,,0630659,063-0659-4,Il n’en reste que 2 #063-0659-4,Liquidation◊Mieux notés,89.22,"0,43","3,99"
694,"Kingston Division St., ON","Cuiller pour pêche blanche Northland Glo-Shot, 44565 oz","Cuiller pour pêche blanche Northland Glo-Shot, 44565 oz",4.43,"4,43 $",9.99,"9,99 $Était   et+ prix était à partir de 9,99 $",4.43,"4,43 $",4.43,"4,43 $",true,https://www.canadiantire.ca/fr/pdp/cuiller-pour-peche-blanche-northland-glo-shot-44565-oz-0777879p.html,https://www.canadiantire.ca/fr/pdp/cuiller-pour-peche-blanche-northland-glo-shot-44565-oz-0777879p.html,https://media-www.canadiantire.ca/product/playing/fishing/ice-fishing/0777879/northland-glo-shot-spoon-uv-glo-perch-1-4-oz-9c8c65b7-449c-4356-87ff-fb34b0fd2e27-jpgrendition.jpg?im=whresize&wid=200&hei=200,https://media-www.canadiantire.ca/product/playing/fishing/ice-fishing/0777879/northland-glo-shot-spoon-uv-glo-perch-1-4-oz-9c8c65b7-449c-4356-87ff-fb34b0fd2e27-jpgrendition.jpg?im=whresize&wid=200&hei=200,,0777879,077-7879,Vérifiez la disponibilité#077-7879X,Liquidation◊Mieux notés,55.66,"4,43","9,99"
694,"Kingston Division St., ON","Barre d'attelage Reese Towpower, classe V, abaissement de 3 po; noir","Barre d'attelage Reese Towpower, classe V, abaissement de 3 po; noir",27.93,"27,93 $",59.99,"Était±  59,99 $prix était 59,99 $",27.93,"27,93 $",27.93,"27,93 $",true,https://www.canadiantire.ca/fr/pdp/barre-d-attelage-reese-towpower-classe-v-abaissement-de-3-po-noir-0403010p.html,https://www.canadiantire.ca/fr/pdp/barre-d-attelage-reese-towpower-classe-v-abaissement-de-3-po-noir-0403010p.html,https://media-www.canadiantire.ca/product/automotive/automotive-outdoor-adventure/auto-travel-storage/0403010/classvstandardballmount-970268cd-5ca2-41df-83f6-2c071ab77469-jpgrendition.jpg?im=whresize&wid=200&hei=200,https://media-www.canadiantire.ca/product/automotive/automotive-outdoor-adventure/auto-travel-storage/0403010/classvstandardballmount-970268cd-5ca2-41df-83f6-2c071ab77469-jpgrendition.jpg?im=whresize&wid=200&hei=200,,0403010,040-3010-2,Il n’en reste que 1 #040-3010-2,Liquidation◊Mieux notés,53.44,"27,93","59,99"
694,"Kingston Division St., ON","Vélo de promenade CCM Weekender, jeunes, vitesse unique","Vélo de promenade CCM Weekender, jeunes, vitesse unique",199.99,"199,99 $",399.99,"Était±  399,99 $prix était 399,99 $",199.99,"199,99 $",199.99,"199,99 $",true,https://www.canadiantire.ca/fr/pdp/velo-de-promenade-ccm-weekender-jeunes-vitesse-unique-0711778p.html,https://www.canadiantire.ca/fr/pdp/velo-de-promenade-ccm-weekender-jeunes-vitesse-unique-0711778p.html,https://media-www.canadiantire.ca/product/playing/cycling/bicycles/0711778/ccm-weekender-youth-cruiser-bike-24-in-6c17f4f8-b7e7-4363-8236-748579d5f61f-jpgrendition.jpg?im=whresize&wid=200&hei=200,https://media-www.canadiantire.ca/product/playing/cycling/bicycles/0711778/ccm-weekender-youth-cruiser-bike-24-in-6c17f4f8-b7e7-4363-8236-748579d5f61f-jpgrendition.jpg?im=whresize&wid=200&hei=200,,0711778,071-1778-4,,Liquidation◊Mieux notés,50,"199,99","399,99"
694,"Kingston Division St., ON","Bordure de jardin Ultra-Flexi, pierre, 3,5 po x 4 pi","Bordure de jardin Ultra-Flexi, pierre, 3,5 po x 4 pi",6.93,"6,93 $",16.99,"Était±  16,99 $prix était 16,99 $",6.93,"6,93 $",6.93,"6,93 $",true,https://www.canadiantire.ca/fr/pdp/bordure-de-jardin-ultra-flexi-pierre-3-5-po-x-4-pi-0591982p.html,https://www.canadiantire.ca/fr/pdp/bordure-de-jardin-ultra-flexi-pierre-3-5-po-x-4-pi-0591982p.html,https://media-www.canadiantire.ca/product/seasonal-gardening/gardening/lawn-plant-care/0591982/stone-motif-garden-border-3-5-x-4--621defa8-28bf-406c-b3a7-05c9c1283c03-jpgrendition.jpg?im=whresize&wid=200&hei=200,https://media-www.canadiantire.ca/product/seasonal-gardening/gardening/lawn-plant-care/0591982/stone-motif-garden-border-3-5-x-4--621defa8-28bf-406c-b3a7-05c9c1283c03-jpgrendition.jpg?im=whresize&wid=200&hei=200,,0591982,059-1982-8,,Liquidation◊Mieux notés,59.21,"6,93","16,99"
694,"Kingston Division St., ON","Mousqueton à émerillon pivotant en acier inoxydable, zingué, 2-7/8 po","Mousqueton à émerillon pivotant en acier inoxydable, zingué, 2-7/8 po",1.47,"1,47 $",3.19,"Était±  3,19 $prix était 3,19 $",1.47,"1,47 $",1.47,"1,47 $",true,https://www.canadiantire.ca/fr/pdp/mousqueton-a-emerillon-pivotant-en-acier-inoxydable-zingue-2-7-8-po-0618829p.html,https://www.canadiantire.ca/fr/pdp/mousqueton-a-emerillon-pivotant-en-acier-inoxydable-zingue-2-7-8-po-0618829p.html,https://media-www.canadiantire.ca/product/fixing/hardware/general-hardware/0618829/snap-rope-2-7-8--391efdeb-5da9-4358-a45d-dd8d052e7a6b-jpgrendition.jpg?im=whresize&wid=200&hei=200,https://media-www.canadiantire.ca/product/fixing/hardware/general-hardware/0618829/snap-rope-2-7-8--391efdeb-5da9-4358-a45d-dd8d052e7a6b-jpgrendition.jpg?im=whresize&wid=200&hei=200,,0618829,061-8829-6,Il n’en reste que 2 #061-8829-6,Liquidation◊,53.92,"1,47","3,19"
694,"Kingston Division St., ON","Bain d’oiseaux en forme de fillette For Living, 33,46 po, gris","Bain d’oiseaux en forme de fillette For Living, 33,46 po, gris",62.93,"62,93 $",129.99,"Était±  129,99 $prix était 129,99 $",62.93,"62,93 $",62.93,"62,93 $",true,https://www.canadiantire.ca/fr/pdp/bain-d-oiseaux-en-forme-de-fillette-for-living-33-46-po-gris-0597376p.html,https://www.canadiantire.ca/fr/pdp/bain-d-oiseaux-en-forme-de-fillette-for-living-33-46-po-gris-0597376p.html,https://media-www.canadiantire.ca/product/seasonal-gardening/backyard-living/outdoor-living-accessories/0597376/for-living-girl-birdbath-c06a288f-9827-4664-b04b-e60b8436400a-jpgrendition.jpg?im=whresize&wid=200&hei=200,https://media-www.canadiantire.ca/product/seasonal-gardening/backyard-living/outdoor-living-accessories/0597376/for-living-girl-birdbath-c06a288f-9827-4664-b04b-e60b8436400a-jpgrendition.jpg?im=whresize&wid=200&hei=200,,0597376,059-7376-6,Il n’en reste que 3 #059-7376-6,Liquidation◊Exclusivité,51.59,"62,93","129,99"
694,"Kingston Division St., ON","Décoration murale de manoir gothique avec crâne, gris/rouge, 20 pi, paq. 2, décoration intérieure pour l'Halloween","Décoration murale de manoir gothique avec crâne, gris/rouge, 20 pi, paq. 2, décoration intérieure pour l'Halloween",9.93,"9,93 $",21.99,"Était±  21,99 $prix était 21,99 $",9.93,"9,93 $",9.93,"9,93 $",true,https://www.canadiantire.ca/fr/pdp/decoration-murale-de-manoir-gothique-avec-crane-gris-rouge-20-pi-paq-2-decoration-interieure-pour-l-halloween-8510001p.html,https://www.canadiantire.ca/fr/pdp/decoration-murale-de-manoir-gothique-avec-crane-gris-rouge-20-pi-paq-2-decoration-interieure-pour-l-halloween-8510001p.html,https://media-www.canadiantire.ca/product/seasonal-gardening/party-city-seasonal/party-city-halloween-and-fall-decor/8510001/pc-room-roll-gothic-mansion-d22c73e1-b285-4ad1-bfe6-581cf484f2b0-jpgrendition.jpg?im=whresize&wid=200&hei=200,https://media-www.canadiantire.ca/product/seasonal-gardening/party-city-seasonal/party-city-halloween-and-fall-decor/8510001/pc-room-roll-gothic-mansion-d22c73e1-b285-4ad1-bfe6-581cf484f2b0-jpgrendition.jpg?im=whresize&wid=200&hei=200,,8510001,851-0001-2,Il n’en reste que 6 #851-0001-2,Liquidation◊,54.84,"9,93","21,99"
694,"Kingston Division St., ON","Lunettes personnalisées et chiffres It's My Birthday, célébrations étincelantes, noir/doré, taille unique, paq. 25, accessoires portables pour anniversaires","Lunettes personnalisées et chiffres It's My Birthday, célébrations étincelantes, noir/doré, taille unique, paq. 25, accessoires portables pour anniversaires",3.93,"3,93 $",8.99,"Était±  8,99 $prix était 8,99 $",3.93,"3,93 $",3.93,"3,93 $",true,https://www.canadiantire.ca/fr/pdp/lunettes-personnalisees-et-chiffres-it-s-my-birthday-celebrations-etincelantes-noir-dore-taille-unique-paq-25-accessoires-portables-pour-anniversaires-8420296p.html,https://www.canadiantire.ca/fr/pdp/lunettes-personnalisees-et-chiffres-it-s-my-birthday-celebrations-etincelantes-noir-dore-taille-unique-paq-25-accessoires-portables-pour-anniversaires-8420296p.html,https://media-www.partycity.ca/product/seasonal-gardening/party-city-everyday/party-city-party-supplies-decor/8420296/sparkling-celebration-birthday-sunglasses-kit-1e97d4b0-da08-4ea5-a31d-2d294d6e3d0a-jpgrendition.jpg?im=whresize&wid=200&hei=200,https://media-www.partycity.ca/product/seasonal-gardening/party-city-everyday/party-city-party-supplies-decor/8420296/sparkling-celebration-birthday-sunglasses-kit-1e97d4b0-da08-4ea5-a31d-2d294d6e3d0a-jpgrendition.jpg?im=whresize&wid=200&hei=200,,8420296,842-0296-2,Il n’en reste que 2 #842-0296-2,Liquidation◊Mieux notés,56.28,"3,93","8,99"
694,"Kingston Division St., ON",Passoire à cocktail en acier inoxydable Houdini,Passoire à cocktail en acier inoxydable Houdini,7.93,"7,93 $",19.99,"Était±  19,99 $prix était 19,99 $",7.93,"7,93 $",7.93,"7,93 $",true,https://www.canadiantire.ca/fr/pdp/passoire-a-cocktail-en-acier-inoxydable-houdini-2420080p.html,https://www.canadiantire.ca/fr/pdp/passoire-a-cocktail-en-acier-inoxydable-houdini-2420080p.html,https://media-www.canadiantire.ca/product/living/kitchen/dining-and-entertaining/2420080/houdini-strainer-281d3542-cf96-4f0b-ac95-1f29d63f58ad-jpgrendition.jpg?im=whresize&wid=200&hei=200,https://media-www.canadiantire.ca/product/living/kitchen/dining-and-entertaining/2420080/houdini-strainer-281d3542-cf96-4f0b-ac95-1f29d63f58ad-jpgrendition.jpg?im=whresize&wid=200&hei=200,,2420080,242-0080-2,Il n’en reste que 5 #242-0080-2,Liquidation◊,60.33,"7,93","19,99"
694,"Kingston Division St., ON","Robinet d'évier à bec rétractable et à poignée simple Danze Cavell, nickel brossé","Robinet d'évier à bec rétractable et à poignée simple Danze Cavell, nickel brossé",49.97,"49,97 $",199.99,"Était±  199,99 $prix était 199,99 $",49.97,"49,97 $",49.97,"49,97 $",true,https://www.canadiantire.ca/fr/pdp/robinet-d-evier-a-bec-retractable-et-a-poignee-simple-danze-cavell-nickel-brosse-0639918p.html,https://www.canadiantire.ca/fr/pdp/robinet-d-evier-a-bec-retractable-et-a-poignee-simple-danze-cavell-nickel-brosse-0639918p.html,https://media-www.canadiantire.ca/product/fixing/plumbing/faucets-fixtures/0639918/danze-cavell-kitchen-faucet-brushed-nickle-d19212a6-3446-41d7-83ea-033f9a98c497-jpgrendition.jpg?im=whresize&wid=200&hei=200,https://media-www.canadiantire.ca/product/fixing/plumbing/faucets-fixtures/0639918/danze-cavell-kitchen-faucet-brushed-nickle-d19212a6-3446-41d7-83ea-033f9a98c497-jpgrendition.jpg?im=whresize&wid=200&hei=200,,0639918,063-9918-4,Il n’en reste que 1 #063-9918-4,Liquidation◊Mieux notés,75.01,"49,97","199,99"
694,"Kingston Division St., ON","Bâton de hockey en composite Sherwood Rekker XT, sénior, rigidité de 75","Bâton de hockey en composite Sherwood Rekker XT, sénior, rigidité de 75",32.49,"32,49 $",64.99,"64,99 $Était   et+ prix était à partir de 64,99 $",32.49,"32,49 $",32.49,"32,49 $",true,https://www.canadiantire.ca/fr/pdp/baton-de-hockey-en-composite-sherwood-rekker-xt-senior-rigidite-de-75-0839582p.html,https://www.canadiantire.ca/fr/pdp/baton-de-hockey-en-composite-sherwood-rekker-xt-senior-rigidite-de-75-0839582p.html,https://media-www.canadiantire.ca/product/playing/hockey/hockey-sticks/0839582/sherwood-rekker-xt-stick-sr-75-flex-pp92-left-9fa0b2d8-f64a-4c24-9508-59b6d5e313e6-jpgrendition.jpg?im=whresize&wid=200&hei=200,https://media-www.canadiantire.ca/product/playing/hockey/hockey-sticks/0839582/sherwood-rekker-xt-stick-sr-75-flex-pp92-left-9fa0b2d8-f64a-4c24-9508-59b6d5e313e6-jpgrendition.jpg?im=whresize&wid=200&hei=200,,0839582,083-9582,Vérifiez la disponibilité#083-9582X,Liquidation◊Mieux notés,50.01,"32,49","64,99"
694,"Kingston Division St., ON",Balise d'extérieur à télécommande Muddy FLEX,Balise d'extérieur à télécommande Muddy FLEX,34.97,"34,97 $",99.99,"Était±  99,99 $prix était 99,99 $",34.97,"34,97 $",34.97,"34,97 $",true,https://www.canadiantire.ca/fr/pdp/balise-d-exterieur-a-telecommande-muddy-flex-3750885p.html,https://www.canadiantire.ca/fr/pdp/balise-d-exterieur-a-telecommande-muddy-flex-3750885p.html,https://media-www.canadiantire.ca/product/playing/hunting/hunting-accessories/3750885/muddy-flex-remote-beacon-illuminator-c7a6dd4f-6b41-48cf-a9c4-5d1ef9f37d86-jpgrendition.jpg?im=whresize&wid=200&hei=200,https://media-www.canadiantire.ca/product/playing/hunting/hunting-accessories/3750885/muddy-flex-remote-beacon-illuminator-c7a6dd4f-6b41-48cf-a9c4-5d1ef9f37d86-jpgrendition.jpg?im=whresize&wid=200&hei=200,,3750885,375-0885-2,Il n’en reste que 1 #375-0885-2,Liquidation◊Mieux notés,65.03,"34,97","99,99"
694,"Kingston Division St., ON","Pince assainisseur pour bouche d'aération Axe Dark Temp, paq. 2","Pince assainisseur pour bouche d'aération Axe Dark Temp, paq. 2",4.93,"4,93 $",9.99,"Était±  9,99 $prix était 9,99 $",4.93,"4,93 $",4.93,"4,93 $",true,https://www.canadiantire.ca/fr/pdp/pince-assainisseur-pour-bouche-d-aeration-axe-dark-temp-paq-2-0372198p.html,https://www.canadiantire.ca/fr/pdp/pince-assainisseur-pour-bouche-d-aeration-axe-dark-temp-paq-2-0372198p.html,https://media-www.canadiantire.ca/product/automotive/car-care-accessories/auto-accessories/0372198/axe-dark-temp-vent-clip-2pk-fc0bec1e-41d6-4f91-8143-5e0d4f4832c6-jpgrendition.jpg?im=whresize&wid=200&hei=200,https://media-www.canadiantire.ca/product/automotive/car-care-accessories/auto-accessories/0372198/axe-dark-temp-vent-clip-2pk-fc0bec1e-41d6-4f91-8143-5e0d4f4832c6-jpgrendition.jpg?im=whresize&wid=200&hei=200,,0372198,037-2198-2,Il n’en reste que 5 #037-2198-2,Liquidation◊,50.65,"4,93","9,99"
694,"Kingston Division St., ON","Balles de golf TaylorMade Project S, blanc, paq. 12","Balles de golf TaylorMade Project S, blanc, paq. 12",14.93,"14,93 $",39.99,"Était±  39,99 $prix était 39,99 $",14.93,"14,93 $",14.93,"14,93 $",true,https://www.canadiantire.ca/fr/pdp/balles-de-golf-taylormade-project-s-blanc-paq-12-0860272p.html,https://www.canadiantire.ca/fr/pdp/balles-de-golf-taylormade-project-s-blanc-paq-12-0860272p.html,https://media-www.canadiantire.ca/product/playing/team-sports-and-golf/golf/0860272/taylormade-project-s-golf-balls-12-pack-610f0c6d-f274-471e-ba4d-1dcaab657272-jpgrendition.jpg?im=whresize&wid=200&hei=200,https://media-www.canadiantire.ca/product/playing/team-sports-and-golf/golf/0860272/taylormade-project-s-golf-balls-12-pack-610f0c6d-f274-471e-ba4d-1dcaab657272-jpgrendition.jpg?im=whresize&wid=200&hei=200,,0860272,086-0272-8,,Liquidation◊Mieux notés,62.67,"14,93","39,99"
694,"Kingston Division St., ON","Cuiller pour pêche blanche VMC Rocker, 5 oz, 16 oz","Cuiller pour pêche blanche VMC Rocker, 5 oz, 16 oz",5.93,"5,93 $",11.99,"11,99 $Était   et+ prix était à partir de 11,99 $",5.93,"5,93 $",5.93,"5,93 $",true,https://www.canadiantire.ca/fr/pdp/cuiller-pour-peche-blanche-vmc-rocker-5-oz-16-oz-0778543p.html,https://www.canadiantire.ca/fr/pdp/cuiller-pour-peche-blanche-vmc-rocker-5-oz-16-oz-0778543p.html,https://media-www.canadiantire.ca/product/playing/fishing/ice-fishing/0778543/vmc-rocker-spoon-glow-green-fire-uv-5-16oz-22437076-726f-4a79-a02e-956a47bec2eb-jpgrendition.jpg?im=whresize&wid=200&hei=200,https://media-www.canadiantire.ca/product/playing/fishing/ice-fishing/0778543/vmc-rocker-spoon-glow-green-fire-uv-5-16oz-22437076-726f-4a79-a02e-956a47bec2eb-jpgrendition.jpg?im=whresize&wid=200&hei=200,,0778543,077-8543,Vérifiez la disponibilité#077-8543X,Liquidation◊,50.54,"5,93","11,99"
694,"Kingston Division St., ON","Ballon en aluminium satiné rond et étoiles Happy New Year, or/noir, 30 po, gonflement à l'hélium et ruban inclus, pour veille du jour de l'An","Ballon en aluminium satiné rond et étoiles Happy New Year, or/noir, 30 po, gonflement à l'hélium et ruban inclus, pour veille du jour de l'An",4.93,"4,93 $",19.99,"Était±  19,99 $prix était 19,99 $",4.93,"4,93 $",4.93,"4,93 $",true,https://www.canadiantire.ca/fr/pdp/ballon-en-aluminium-satine-rond-et-etoiles-happy-new-year-or-noir-30-po-gonflement-a-l-helium-et-ruban-inclus-pour-veille-du-jour-de-l-an-8431628p.html,https://www.canadiantire.ca/fr/pdp/ballon-en-aluminium-satine-rond-et-etoiles-happy-new-year-or-noir-30-po-gonflement-a-l-helium-et-ruban-inclus-pour-veille-du-jour-de-l-an-8431628p.html,https://media-www.partycity.ca/product/seasonal-gardening/party-city-everyday/party-city-party-supplies-decor/8431628/new-years-infused-balloon-3e7aa255-c21b-4b6f-abe0-030a23cf237c-jpgrendition.jpg?im=whresize&wid=200&hei=200,https://media-www.partycity.ca/product/seasonal-gardening/party-city-everyday/party-city-party-supplies-decor/8431628/new-years-infused-balloon-3e7aa255-c21b-4b6f-abe0-030a23cf237c-jpgrendition.jpg?im=whresize&wid=200&hei=200,,8431628,843-1628-6,,Liquidation◊Hélium compris,75.34,"4,93","19,99"
694,"Kingston Division St., ON",Rideau décoratif pour porte Célébration Bonne retraite,Rideau décoratif pour porte Célébration Bonne retraite,6.49,"6,49 $",12.99,"Était±  12,99 $prix était 12,99 $",6.49,"6,49 $",6.49,"6,49 $",true,https://www.canadiantire.ca/fr/pdp/rideau-decoratif-pour-porte-celebration-bonne-retraite-8421872p.html,https://www.canadiantire.ca/fr/pdp/rideau-decoratif-pour-porte-celebration-bonne-retraite-8421872p.html,https://media-www.partycity.ca/product/seasonal-gardening/party-city-everyday/party-city-party-supplies-decor/8421872/39x77in-doorwy-curtain-retired-1dbe5718-53e8-4cc0-a6d0-65662661a412-jpgrendition.jpg?im=whresize&wid=200&hei=200,https://media-www.partycity.ca/product/seasonal-gardening/party-city-everyday/party-city-party-supplies-decor/8421872/39x77in-doorwy-curtain-retired-1dbe5718-53e8-4cc0-a6d0-65662661a412-jpgrendition.jpg?im=whresize&wid=200&hei=200,,8421872,842-1872-4,Il n’en reste que 3 #842-1872-4,Liquidation◊,50.04,"6,49","12,99"
694,"Kingston Division St., ON","Poignées de guidon de vélo en alliage Raleigh Lock-On, noir, 130 mm","Poignées de guidon de vélo en alliage Raleigh Lock-On, noir, 130 mm",6.93,"6,93 $",15.99,"Était±  15,99 $prix était 15,99 $",6.93,"6,93 $",6.93,"6,93 $",true,https://www.canadiantire.ca/fr/pdp/poignees-de-guidon-de-velo-en-alliage-raleigh-lock-on-noir-130-mm-0733034p.html,https://www.canadiantire.ca/fr/pdp/poignees-de-guidon-de-velo-en-alliage-raleigh-lock-on-noir-130-mm-0733034p.html,https://media-www.canadiantire.ca/product/playing/cycling/bicycle-accessories/0733034/raleigh-lock-on-grip-e30407e0-c6b7-4be0-8f53-9e673295684e-jpgrendition.jpg?im=whresize&wid=200&hei=200,https://media-www.canadiantire.ca/product/playing/cycling/bicycle-accessories/0733034/raleigh-lock-on-grip-e30407e0-c6b7-4be0-8f53-9e673295684e-jpgrendition.jpg?im=whresize&wid=200&hei=200,,0733034,073-3034-8,,Liquidation◊Exclusivité,56.66,"6,93","15,99"
694,"Kingston Division St., ON","Ruban autocollant non marquant Invincible Marine, noir, 2 po x 10 pi","Ruban autocollant non marquant Invincible Marine, noir, 2 po x 10 pi",8.93,"8,93 $",17.99,"Était±  17,99 $prix était 17,99 $",8.93,"8,93 $",8.93,"8,93 $",true,https://www.canadiantire.ca/fr/pdp/ruban-autocollant-non-marquant-invincible-marine-noir-2-po-x-10-pi-0790408p.html,https://www.canadiantire.ca/fr/pdp/ruban-autocollant-non-marquant-invincible-marine-noir-2-po-x-10-pi-0790408p.html,https://media-www.canadiantire.ca/product/playing/seasonal-recreation/marine-power-boating/0790408/nonskid-tape-2-x10-black-74900f5f-e8e2-44d5-b3f1-d3182c41a6a4-jpgrendition.jpg?im=whresize&wid=200&hei=200,https://media-www.canadiantire.ca/product/playing/seasonal-recreation/marine-power-boating/0790408/nonskid-tape-2-x10-black-74900f5f-e8e2-44d5-b3f1-d3182c41a6a4-jpgrendition.jpg?im=whresize&wid=200&hei=200,,0790408,079-0408-6,,Liquidation◊Mieux notés,50.36,"8,93","17,99"
694,"Kingston Division St., ON","Ampoules à DEL d’intérieur Alpena 1156, blanc, paq. 2","Ampoules à DEL d’intérieur Alpena 1156, blanc, paq. 2",2.93,"2,93 $",29.99,"Était±  29,99 $prix était 29,99 $",2.93,"2,93 $",2.93,"2,93 $",true,https://www.canadiantire.ca/fr/pdp/ampoules-a-del-d-interieur-alpena-1156-blanc-paq-2-0203372p.html,https://www.canadiantire.ca/fr/pdp/ampoules-a-del-d-interieur-alpena-1156-blanc-paq-2-0203372p.html,https://media-www.canadiantire.ca/product/automotive/automotive-outdoor-adventure/auto-travel-storage/0203372/alpena-led-blub-1156-white-1b785543-20ba-4e3f-a2d2-e0c644521560-jpgrendition.jpg?im=whresize&wid=200&hei=200,https://media-www.canadiantire.ca/product/automotive/automotive-outdoor-adventure/auto-travel-storage/0203372/alpena-led-blub-1156-white-1b785543-20ba-4e3f-a2d2-e0c644521560-jpgrendition.jpg?im=whresize&wid=200&hei=200,,0203372,020-3372-8,Il n’en reste que 1 #020-3372-8,Liquidation◊Mieux notés,90.23,"2,93","29,99"
694,"Kingston Division St., ON","Casque de motoneige modulaire Origine Corsa avec visière électrique, adultes, choix de tailles","Casque de motoneige modulaire Origine Corsa avec visière électrique, adultes, choix de tailles",79.93,"79,93 $",269.99,"269,99 $Était   et+ prix était à partir de 269,99 $",79.93,"79,93 $",79.93,"79,93 $",true,https://www.canadiantire.ca/fr/pdp/casque-de-motoneige-modulaire-origine-corsa-avec-visiere-electrique-adultes-choix-de-tailles-0261166p.html,https://www.canadiantire.ca/fr/pdp/casque-de-motoneige-modulaire-origine-corsa-avec-visiere-electrique-adultes-choix-de-tailles-0261166p.html,https://media-www.canadiantire.ca/product/automotive/automotive-outdoor-adventure/powersport/0261166/origine-corsa-modular-helmet-with-electric-shield-small-179b1e87-6aab-433d-ac7c-9fb659dbb53a-jpgrendition.jpg?im=whresize&wid=200&hei=200,https://media-www.canadiantire.ca/product/automotive/automotive-outdoor-adventure/powersport/0261166/origine-corsa-modular-helmet-with-electric-shield-small-179b1e87-6aab-433d-ac7c-9fb659dbb53a-jpgrendition.jpg?im=whresize&wid=200&hei=200,,0261166,026-1166,Vérifiez la disponibilité#026-1166X,Liquidation◊Exclusivité,70.4,"79,93","269,99"
694,"Kingston Division St., ON","Garde-boues avant et arrière personnalisés Husky Liners 58266 pour camion Chevrolet Silverado 1500, 2019 à 2021, paquet de 4","Garde-boues avant et arrière personnalisés Husky Liners 58266 pour camion Chevrolet Silverado 1500, 2019 à 2021, paquet de 4",31.93,"31,93 $",139.99,"Était±  139,99 $prix était 139,99 $",31.93,"31,93 $",31.93,"31,93 $",true,https://www.canadiantire.ca/fr/pdp/garde-boues-avant-et-arriere-personnalises-husky-liners-58266-pour-camion-chevrolet-silverado-1500-2019-a-2021-paquet-de-4-0372676p.html,https://www.canadiantire.ca/fr/pdp/garde-boues-avant-et-arriere-personnalises-husky-liners-58266-pour-camion-chevrolet-silverado-1500-2019-a-2021-paquet-de-4-0372676p.html,https://media-www.canadiantire.ca/product/automotive/car-care-accessories/auto-accessories/0372676/husky-mud-flaps-2019-2021-chevrolet-silverado-1500-c9293249-2831-4822-920d-42c116813c8e-jpgrendition.jpg?im=whresize&wid=200&hei=200,https://media-www.canadiantire.ca/product/automotive/car-care-accessories/auto-accessories/0372676/husky-mud-flaps-2019-2021-chevrolet-silverado-1500-c9293249-2831-4822-920d-42c116813c8e-jpgrendition.jpg?im=whresize&wid=200&hei=200,,0372676,037-2676-4,Il n’en reste que 1 #037-2676-4,Liquidation◊,77.19,"31,93","139,99"
694,"Kingston Division St., ON",Adaptateur 7 voies vers 6 voies plat REESE pour remorque,Adaptateur 7 voies vers 6 voies plat REESE pour remorque,3.93,"3,93 $",29.99,"Était±  29,99 $prix était 29,99 $",3.93,"3,93 $",3.93,"3,93 $",true,https://www.canadiantire.ca/fr/pdp/adaptateur-7-voies-vers-6-voies-plat-reese-pour-remorque-0408254p.html,https://www.canadiantire.ca/fr/pdp/adaptateur-7-voies-vers-6-voies-plat-reese-pour-remorque-0408254p.html,https://media-www.canadiantire.ca/product/automotive/automotive-outdoor-adventure/auto-travel-storage/0408254/7-to-6-way-trailer-adapter-20b1e3dc-d41e-4283-ac7e-60cc16434916-jpgrendition.jpg?im=whresize&wid=200&hei=200,https://media-www.canadiantire.ca/product/automotive/automotive-outdoor-adventure/auto-travel-storage/0408254/7-to-6-way-trailer-adapter-20b1e3dc-d41e-4283-ac7e-60cc16434916-jpgrendition.jpg?im=whresize&wid=200&hei=200,,0408254,040-8254-2,Il n’en reste que 1 #040-8254-2,Liquidation◊,86.9,"3,93","29,99"
694,"Kingston Division St., ON","Laque en aérosol Testors, 85 g","Laque en aérosol Testors, 85 g",3.97,"3,97 $",9.59,"9,59 $Était   et+ prix était à partir de 9,59 $",3.97,"3,97 $",3.97,"3,97 $",true,https://www.canadiantire.ca/fr/pdp/laque-en-aerosol-testors-85-g-0488025p.html,https://www.canadiantire.ca/fr/pdp/laque-en-aerosol-testors-85-g-0488025p.html,https://media-www.canadiantire.ca/product/fixing/paint/paints/0488025/testors-lacquer-sprays-gloss-deja-blue-3-oz-85g--c93af82b-9695-407f-9cbe-bddba55a8713-jpgrendition.jpg?im=whresize&wid=200&hei=200,https://media-www.canadiantire.ca/product/fixing/paint/paints/0488025/testors-lacquer-sprays-gloss-deja-blue-3-oz-85g--c93af82b-9695-407f-9cbe-bddba55a8713-jpgrendition.jpg?im=whresize&wid=200&hei=200,,0488025,048-8020,Vérifiez la disponibilité#048-8020X,Liquidation◊,58.6,"3,97","9,59"
694,"Kingston Division St., ON","PopGrip MagSafe, noir","PopGrip MagSafe, noir",9.93,"9,93 $",49.99,"Était±  49,99 $prix était 49,99 $",9.93,"9,93 $",9.93,"9,93 $",true,https://www.canadiantire.ca/fr/pdp/popgrip-magsafe-noir-0355479p.html,https://www.canadiantire.ca/fr/pdp/popgrip-magsafe-noir-0355479p.html,https://media-www.canadiantire.ca/product/automotive/electronics/mobile-electronics/0355479/magsafe-black-popgrip-4acc45d7-94ad-42ac-8137-88836ff8cee7-jpgrendition.jpg?im=whresize&wid=200&hei=200,https://media-www.canadiantire.ca/product/automotive/electronics/mobile-electronics/0355479/magsafe-black-popgrip-4acc45d7-94ad-42ac-8137-88836ff8cee7-jpgrendition.jpg?im=whresize&wid=200&hei=200,,0355479,035-5479-0,,Liquidation◊,80.14,"9,93","49,99"
694,"Kingston Division St., ON","Ensemble de sculpture de citrouille avec 6 pochoirs, orange, paq. 10, décorations d'intérieur et d'extérieur pour l'Halloween","Ensemble de sculpture de citrouille avec 6 pochoirs, orange, paq. 10, décorations d'intérieur et d'extérieur pour l'Halloween",4.93,"4,93 $",9.99,"Était±  9,99 $prix était 9,99 $",4.93,"4,93 $",4.93,"4,93 $",true,https://www.canadiantire.ca/fr/pdp/ensemble-de-sculpture-de-citrouille-avec-6-pochoirs-orange-paq-10-decorations-d-interieur-et-d-exterieur-pour-l-halloween-8513135p.html,https://www.canadiantire.ca/fr/pdp/ensemble-de-sculpture-de-citrouille-avec-6-pochoirs-orange-paq-10-decorations-d-interieur-et-d-exterieur-pour-l-halloween-8513135p.html,https://media-www.partycity.ca/product/seasonal-gardening/party-city-seasonal/party-city-halloween-and-fall-decor/8513135/10-count-pumpkin-carving-kit-eb4b115b-7418-472f-81a6-9c2d8a1756c5-jpgrendition.jpg?im=whresize&wid=200&hei=200,https://media-www.partycity.ca/product/seasonal-gardening/party-city-seasonal/party-city-halloween-and-fall-decor/8513135/10-count-pumpkin-carving-kit-eb4b115b-7418-472f-81a6-9c2d8a1756c5-jpgrendition.jpg?im=whresize&wid=200&hei=200,,8513135,851-3135-6,Il n’en reste que 6 #851-3135-6,Liquidation◊,50.65,"4,93","9,99"
694,"Kingston Division St., ON","Ampoules à DEL d’intérieur Alpena 3156, ambre, paq. 2","Ampoules à DEL d’intérieur Alpena 3156, ambre, paq. 2",2.93,"2,93 $",30.99,"Était±  30,99 $prix était 30,99 $",2.93,"2,93 $",2.93,"2,93 $",true,https://www.canadiantire.ca/fr/pdp/ampoules-a-del-d-interieur-alpena-3156-ambre-paq-2-0203373p.html,https://www.canadiantire.ca/fr/pdp/ampoules-a-del-d-interieur-alpena-3156-ambre-paq-2-0203373p.html,https://media-www.canadiantire.ca/product/automotive/automotive-outdoor-adventure/auto-travel-storage/0203374/alpena-led-bulb-3156-white-3b897c14-b113-4419-b630-1f4d923dcee4-jpgrendition.jpg?im=whresize&wid=200&hei=200,https://media-www.canadiantire.ca/product/automotive/automotive-outdoor-adventure/auto-travel-storage/0203374/alpena-led-bulb-3156-white-3b897c14-b113-4419-b630-1f4d923dcee4-jpgrendition.jpg?im=whresize&wid=200&hei=200,,0203373,020-3373-6,Il n’en reste que 1 #020-3373-6,Liquidation◊,90.55,"2,93","30,99"
694,"Kingston Division St., ON","Projection de fantôme avec lumière à DEL Gemmy sur trépied, noir, 1 pi, décoration intérieure/extérieure pour l'Halloween","Projection de fantôme avec lumière à DEL Gemmy sur trépied, noir, 1 pi, décoration intérieure/extérieure pour l'Halloween",19.93,"19,93 $",39.99,"Était±  39,99 $prix était 39,99 $",19.93,"19,93 $",19.93,"19,93 $",true,https://www.canadiantire.ca/fr/pdp/projection-de-fantome-avec-lumiere-a-del-gemmy-sur-trepied-noir-1-pi-decoration-interieure-exterieure-pour-l-halloween-1519174p.html,https://www.canadiantire.ca/fr/pdp/projection-de-fantome-avec-lumiere-a-del-gemmy-sur-trepied-noir-1-pi-decoration-interieure-exterieure-pour-l-halloween-1519174p.html,https://media-www.canadiantire.ca/product/seasonal-gardening/seasonal/halloween-harvest/1519174/shutter-flasher-female-projection-f5fc20fd-7e55-4e0c-9ca6-1e7f38bfa5d9-jpgrendition.jpg?im=whresize&wid=200&hei=200,https://media-www.canadiantire.ca/product/seasonal-gardening/seasonal/halloween-harvest/1519174/shutter-flasher-female-projection-f5fc20fd-7e55-4e0c-9ca6-1e7f38bfa5d9-jpgrendition.jpg?im=whresize&wid=200&hei=200,,1519174,151-9174-2,Il n’en reste que 2 #151-9174-2,Liquidation◊,50.16,"19,93","39,99"
694,"Kingston Division St., ON","Trousse de banderoles, L.O.L. Surprise, Happy Birthday, paq. 2","Trousse de banderoles, L.O.L. Surprise, Happy Birthday, paq. 2",2.97,"2,97 $",7.99,"Était±  7,99 $prix était 7,99 $",2.97,"2,97 $",2.97,"2,97 $",true,https://www.canadiantire.ca/fr/pdp/trousse-de-banderoles-l-o-l-surprise-happy-birthday-paq-2-8421563p.html,https://www.canadiantire.ca/fr/pdp/trousse-de-banderoles-l-o-l-surprise-happy-birthday-paq-2-8421563p.html,https://media-www.canadiantire.ca/product/seasonal-gardening/party-city-everyday/party-city-kids-birthday-pinatas/8421563/10ft-add-age-bnr-lol-surprise-1621e074-9e88-440b-a264-5597403e5e1f-jpgrendition.jpg?im=whresize&wid=200&hei=200,https://media-www.canadiantire.ca/product/seasonal-gardening/party-city-everyday/party-city-kids-birthday-pinatas/8421563/10ft-add-age-bnr-lol-surprise-1621e074-9e88-440b-a264-5597403e5e1f-jpgrendition.jpg?im=whresize&wid=200&hei=200,,8421563,842-1563-0,Il n’en reste que 4 #842-1563-0,Liquidation◊,62.83,"2,97","7,99"
694,"Kingston Division St., ON","Sac à dos de tee-ball Rawlings Savage, bleu","Sac à dos de tee-ball Rawlings Savage, bleu",14.93,"14,93 $",29.99,"Était±  29,99 $prix était 29,99 $",14.93,"14,93 $",14.93,"14,93 $",true,https://www.canadiantire.ca/fr/pdp/sac-a-dos-de-tee-ball-rawlings-savage-bleu-0809919p.html,https://www.canadiantire.ca/fr/pdp/sac-a-dos-de-tee-ball-rawlings-savage-bleu-0809919p.html,https://media-www.canadiantire.ca/product/playing/team-sports-and-golf/field-sports/0809919/rawlings-savage-t-ball-backpack-blue-05444093-1697-453f-b3d0-9d92abcb49ed-jpgrendition.jpg?im=whresize&wid=200&hei=200,https://media-www.canadiantire.ca/product/playing/team-sports-and-golf/field-sports/0809919/rawlings-savage-t-ball-backpack-blue-05444093-1697-453f-b3d0-9d92abcb49ed-jpgrendition.jpg?im=whresize&wid=200&hei=200,,0809919,080-9919-0,,Liquidation◊,50.22,"14,93","29,99"
694,"Kingston Division St., ON","Bottes de chasse imperméables Huntshield Eastern Tracker pour hommes avec tige en cuir/toile, camouflage","Bottes de chasse imperméables Huntshield Eastern Tracker pour hommes avec tige en cuir/toile, camouflage",97.93,"97,93 $",199.99,"199,99 $Était   et+ prix était à partir de 199,99 $",97.93,"97,93 $",97.93,"97,93 $",true,https://www.canadiantire.ca/fr/pdp/bottes-de-chasse-impermeables-huntshield-eastern-tracker-pour-hommes-avec-tige-en-cuir-toile-camouflage-3750308p.html,https://www.canadiantire.ca/fr/pdp/bottes-de-chasse-impermeables-huntshield-eastern-tracker-pour-hommes-avec-tige-en-cuir-toile-camouflage-3750308p.html,https://media-www.canadiantire.ca/product/playing/hunting/hunting-apparel-footwear/3750308/huntshield-eastern-tracker-men-s-field-boot-rt-edge-9-519f380f-c7b7-4c50-bcb6-755396b7339f-jpgrendition.jpg?im=whresize&wid=200&hei=200,https://media-www.canadiantire.ca/product/playing/hunting/hunting-apparel-footwear/3750308/huntshield-eastern-tracker-men-s-field-boot-rt-edge-9-519f380f-c7b7-4c50-bcb6-755396b7339f-jpgrendition.jpg?im=whresize&wid=200&hei=200,,3750308,375-0308,Vérifiez la disponibilité#375-0308X,Liquidation◊Exclusivité,51.03,"97,93","199,99"
694,"Kingston Division St., ON","Tés de golf en plastique Pride avec imprimé de ruban de sensibilisation au cancer du sein, 3 1/4 po, paq. 30, rose","Tés de golf en plastique Pride avec imprimé de ruban de sensibilisation au cancer du sein, 3 1/4 po, paq. 30, rose",3.43,"3,43 $",12.99,"Était±  12,99 $prix était 12,99 $",3.43,"3,43 $",3.43,"3,43 $",true,https://www.canadiantire.ca/fr/pdp/tes-de-golf-en-plastique-pride-avec-imprime-de-ruban-de-sensibilisation-au-cancer-du-sein-3-1-4-po-paq-30-rose-0860208p.html,https://www.canadiantire.ca/fr/pdp/tes-de-golf-en-plastique-pride-avec-imprime-de-ruban-de-sensibilisation-au-cancer-du-sein-3-1-4-po-paq-30-rose-0860208p.html,https://media-www.canadiantire.ca/product/playing/team-sports-and-golf/golf/0860208/pride-sports-3-1-4-golf-tees-pink-30-pack-f73a1842-bfc0-4d7d-84b6-4673b95ee539-jpgrendition.jpg?im=whresize&wid=200&hei=200,https://media-www.canadiantire.ca/product/playing/team-sports-and-golf/golf/0860208/pride-sports-3-1-4-golf-tees-pink-30-pack-f73a1842-bfc0-4d7d-84b6-4673b95ee539-jpgrendition.jpg?im=whresize&wid=200&hei=200,,0860208,086-0208-4,,Liquidation◊Mieux notés,73.6,"3,43","12,99"
694,"Kingston Division St., ON","Araignée suspendue avec pattes scintillantes, noir, 19-1/4 po, décoration d'intérieur pour l'Halloween","Araignée suspendue avec pattes scintillantes, noir, 19-1/4 po, décoration d'intérieur pour l'Halloween",4.93,"4,93 $",14.99,"Était±  14,99 $prix était 14,99 $",4.93,"4,93 $",4.93,"4,93 $",true,https://www.canadiantire.ca/fr/pdp/araignee-suspendue-avec-pattes-scintillantes-noir-19-1-4-po-decoration-d-interieur-pour-l-halloween-8550208p.html,https://www.canadiantire.ca/fr/pdp/araignee-suspendue-avec-pattes-scintillantes-noir-19-1-4-po-decoration-d-interieur-pour-l-halloween-8550208p.html,https://media-www.canadiantire.ca/product/seasonal-gardening/party-city-seasonal/party-city-halloween-and-fall-decor/8550208/spider-all-in-one-party-hanging-decorations-bf1b6a49-41ad-43a5-bd1a-336b0f4b698e-jpgrendition.jpg?im=whresize&wid=200&hei=200,https://media-www.canadiantire.ca/product/seasonal-gardening/party-city-seasonal/party-city-halloween-and-fall-decor/8550208/spider-all-in-one-party-hanging-decorations-bf1b6a49-41ad-43a5-bd1a-336b0f4b698e-jpgrendition.jpg?im=whresize&wid=200&hei=200,,8550208,855-0208-4,Il n’en reste que 4 #855-0208-4,Liquidation◊Mieux notés,67.11,"4,93","14,99"
694,"Kingston Division St., ON","Ballon en aluminium satiné, perluète, choix de couleurs, 11 x 14 po, gonflé d'air, pour anniversaire/remise de diplômes/fête prénatale/mariage de finissants","Ballon en aluminium satiné, perluète, choix de couleurs, 11 x 14 po, gonflé d'air, pour anniversaire/remise de diplômes/fête prénatale/mariage de finissants",0.43,"0,43 $",2.99,"2,99 $Était   et+ prix était à partir de 2,99 $",0.43,"0,43 $",0.43,"0,43 $",true,https://www.canadiantire.ca/fr/pdp/ballon-en-aluminium-satine-perluete-choix-de-couleurs-11-x-14-po-gonfle-d-air-pour-anniversaire-remise-de-diplomes-fete-prenatale-mariage-de-finissants-8423768p.html,https://www.canadiantire.ca/fr/pdp/ballon-en-aluminium-satine-perluete-choix-de-couleurs-11-x-14-po-gonfle-d-air-pour-anniversaire-remise-de-diplomes-fete-prenatale-mariage-de-finissants-8423768p.html,https://media-www.canadiantire.ca/product/seasonal-gardening/party-city-everyday/party-city-party-supplies-decor/8423768/gld-blln-a-f-a-1427563c-4a8c-40a9-80e5-738dea6ac968-jpgrendition.jpg?im=whresize&wid=200&hei=200,https://media-www.canadiantire.ca/product/seasonal-gardening/party-city-everyday/party-city-party-supplies-decor/8423768/gld-blln-a-f-a-1427563c-4a8c-40a9-80e5-738dea6ac968-jpgrendition.jpg?im=whresize&wid=200&hei=200,,8423768,842-3768,Vérifiez la disponibilité#842-3768X,Liquidation◊,85.62,"0,43","2,99"
694,"Kingston Division St., ON",Connecteur de remorque rond à 4 pôles Hopkins,Connecteur de remorque rond à 4 pôles Hopkins,4.93,"4,93 $",25.99,"Était±  25,99 $prix était 25,99 $",4.93,"4,93 $",4.93,"4,93 $",true,https://www.canadiantire.ca/fr/pdp/connecteur-de-remorque-rond-a-4-poles-hopkins-1407221p.html,https://www.canadiantire.ca/fr/pdp/connecteur-de-remorque-rond-a-4-poles-hopkins-1407221p.html,https://media-www.canadiantire.ca/product/automotive/automotive-outdoor-adventure/auto-travel-storage/1407221/hopkins-4-round-set-trailer-wiring-77a1e197-e206-4232-9176-a19d1fa566cd-jpgrendition.jpg?im=whresize&wid=200&hei=200,https://media-www.canadiantire.ca/product/automotive/automotive-outdoor-adventure/auto-travel-storage/1407221/hopkins-4-round-set-trailer-wiring-77a1e197-e206-4232-9176-a19d1fa566cd-jpgrendition.jpg?im=whresize&wid=200&hei=200,,1407221,140-7221-8,Il n’en reste que 3 #140-7221-8,Liquidation◊,81.03,"4,93","25,99"
694,"Kingston Division St., ON","Faucheuse animée For Living suspendue avec piles, lumière à DEL, noir/blanc, 4 pi, décoration intérieure/extérieure activée par le son et la lumière pour l'Halloween","Faucheuse animée For Living suspendue avec piles, lumière à DEL, noir/blanc, 4 pi, décoration intérieure/extérieure activée par le son et la lumière pour l'Halloween",17.43,"17,43 $",34.99,"Était±  34,99 $prix était 34,99 $",17.43,"17,43 $",17.43,"17,43 $",true,https://www.canadiantire.ca/fr/pdp/faucheuse-animee-for-living-suspendue-avec-piles-lumiere-a-del-noir-blanc-4-pi-decoration-interieure-exterieure-activee-par-le-son-et-la-lumiere-pour-l-halloween-1519202p.html,https://www.canadiantire.ca/fr/pdp/faucheuse-animee-for-living-suspendue-avec-piles-lumiere-a-del-noir-blanc-4-pi-decoration-interieure-exterieure-activee-par-le-son-et-la-lumiere-pour-l-halloween-1519202p.html,https://media-www.canadiantire.ca/product/seasonal-gardening/seasonal/halloween-harvest/1519202/48-light-up-hanging-faceless-reaper-8076a05e-6c8d-463c-98e0-075d8b846f11-jpgrendition.jpg?im=whresize&wid=200&hei=200,https://media-www.canadiantire.ca/product/seasonal-gardening/seasonal/halloween-harvest/1519202/48-light-up-hanging-faceless-reaper-8076a05e-6c8d-463c-98e0-075d8b846f11-jpgrendition.jpg?im=whresize&wid=200&hei=200,,1519202,151-9202-6,Il n’en reste que 4 #151-9202-6,Liquidation◊Exclusivité,50.19,"17,43","34,99"
694,"Kingston Division St., ON","Pince de bouche d'air combattant les odeurs Febreze LIGHT Lavande, 2 mL, paq. 2","Pince de bouche d'air combattant les odeurs Febreze LIGHT Lavande, 2 mL, paq. 2",2.47,"2,47 $",6.79,"Était±  6,79 $prix était 6,79 $",2.47,"2,47 $",2.47,"2,47 $",true,https://www.canadiantire.ca/fr/pdp/pince-de-bouche-d-air-combattant-les-odeurs-febreze-light-lavande-2-ml-paq-2-0373093p.html,https://www.canadiantire.ca/fr/pdp/pince-de-bouche-d-air-combattant-les-odeurs-febreze-light-lavande-2-ml-paq-2-0373093p.html,https://media-www.canadiantire.ca/product/automotive/car-care-accessories/auto-accessories/0373093/febreze-car-light-2-pack-vent-clip-air-freshener-lavender-8ba9ccab-a697-4bab-abf8-a22ca159a643-jpgrendition.jpg?im=whresize&wid=200&hei=200,https://media-www.canadiantire.ca/product/automotive/car-care-accessories/auto-accessories/0373093/febreze-car-light-2-pack-vent-clip-air-freshener-lavender-8ba9ccab-a697-4bab-abf8-a22ca159a643-jpgrendition.jpg?im=whresize&wid=200&hei=200,,0373093,037-3093-4,,Liquidation◊Mieux notés,63.62,"2,47","6,79"
694,"Kingston Division St., ON","Balle jouet OgoSport avec élastique miniature Koosh pour enfants à utiliser avec une raquette Ogo Disk/Ogo, 6 ans et plus, paq. 2","Balle jouet OgoSport avec élastique miniature Koosh pour enfants à utiliser avec une raquette Ogo Disk/Ogo, 6 ans et plus, paq. 2",0.63,"0,63 $",5.99,"Était±  5,99 $prix était 5,99 $",0.63,"0,63 $",0.63,"0,63 $",true,https://www.canadiantire.ca/fr/pdp/balle-jouet-ogosport-avec-elastique-miniature-koosh-pour-enfants-a-utiliser-avec-une-raquette-ogo-disk-ogo-6-ans-et-plus-paq-2-0509153p.html,https://www.canadiantire.ca/fr/pdp/balle-jouet-ogosport-avec-elastique-miniature-koosh-pour-enfants-a-utiliser-avec-une-raquette-ogo-disk-ogo-6-ans-et-plus-paq-2-0509153p.html,https://media-www.canadiantire.ca/product/seasonal-gardening/toys/seasonal-toys/0509153/ogo-mini-koosh-2pk-8482261e-639d-48f8-8341-8a27972cdb04-jpgrendition.jpg?im=whresize&wid=200&hei=200,https://media-www.canadiantire.ca/product/seasonal-gardening/toys/seasonal-toys/0509153/ogo-mini-koosh-2pk-8482261e-639d-48f8-8341-8a27972cdb04-jpgrendition.jpg?im=whresize&wid=200&hei=200,,0509153,050-9153-2,,Liquidation◊Mieux notés,89.48,"0,63","5,99"
694,"Kingston Division St., ON","Prise décorative double inviolable Legrand 885TRNICC12, 15 A, 125 V, nickel","Prise décorative double inviolable Legrand 885TRNICC12, 15 A, 125 V, nickel",1.93,"1,93 $",5.29,"Était±  5,29 $prix était 5,29 $",1.93,"1,93 $",1.93,"1,93 $",true,https://www.canadiantire.ca/fr/pdp/prise-decorative-double-inviolable-legrand-885trnicc12-15-a-125-v-nickel-0529165p.html,https://www.canadiantire.ca/fr/pdp/prise-decorative-double-inviolable-legrand-885trnicc12-15-a-125-v-nickel-0529165p.html,https://media-www.canadiantire.ca/product/fixing/electrical/rough-electrical/0529165/15a-decorator-outlet-nickel-836d8e8f-23dd-416a-b948-fca09886115f-jpgrendition.jpg?im=whresize&wid=200&hei=200,https://media-www.canadiantire.ca/product/fixing/electrical/rough-electrical/0529165/15a-decorator-outlet-nickel-836d8e8f-23dd-416a-b948-fca09886115f-jpgrendition.jpg?im=whresize&wid=200&hei=200,,0529165,052-9165-0,14 En Stock#052-9165-0,Liquidation◊Mieux notés,63.52,"1,93","5,29"
694,"Kingston Division St., ON","Aimants automobiles découpés Realtree, noir, paq. 2","Aimants automobiles découpés Realtree, noir, paq. 2",4.97,"4,97 $",10.79,"Était±  10,79 $prix était 10,79 $",4.97,"4,97 $",4.97,"4,97 $",true,https://www.canadiantire.ca/fr/pdp/aimants-automobiles-decoupes-realtree-noir-paq-2-1752541p.html,https://www.canadiantire.ca/fr/pdp/aimants-automobiles-decoupes-realtree-noir-paq-2-1752541p.html,https://media-www.canadiantire.ca/product/playing/hunting/hunting-accessories/1752541/realtree-magnets-large-small-magnet-black-b63b0e41-9e6e-404c-b853-c507c58be082-jpgrendition.jpg?im=whresize&wid=200&hei=200,https://media-www.canadiantire.ca/product/playing/hunting/hunting-accessories/1752541/realtree-magnets-large-small-magnet-black-b63b0e41-9e6e-404c-b853-c507c58be082-jpgrendition.jpg?im=whresize&wid=200&hei=200,,1752541,175-2541-4,Il n’en reste que 4 #175-2541-4,Liquidation◊,53.94,"4,97","10,79"
694,"Kingston Division St., ON","Pièces de bout pour carreaux Eco Shantex, ardoise, paq. 4","Pièces de bout pour carreaux Eco Shantex, ardoise, paq. 4",2.43,"2,43 $",16.99,"Était±  16,99 $prix était 16,99 $",2.43,"2,43 $",2.43,"2,43 $",true,https://www.canadiantire.ca/fr/pdp/pieces-de-bout-pour-carreaux-eco-shantex-ardoise-paq-4-0686317p.html,https://www.canadiantire.ca/fr/pdp/pieces-de-bout-pour-carreaux-eco-shantex-ardoise-paq-4-0686317p.html,https://media-www.canadiantire.ca/product/seasonal-gardening/gardening/lawn-plant-care/0686317/eco-tile-slate-end-piece-4-pack-d0f303cd-1d3f-44e4-971c-273a40cc2272.png?im=whresize&wid=200&hei=200,https://media-www.canadiantire.ca/product/seasonal-gardening/gardening/lawn-plant-care/0686317/eco-tile-slate-end-piece-4-pack-d0f303cd-1d3f-44e4-971c-273a40cc2272.png?im=whresize&wid=200&hei=200,,0686317,068-6317-2,Il n’en reste que 2 #068-6317-2,Liquidation◊,85.7,"2,43","16,99"
694,"Kingston Division St., ON","Ballon en aluminium satiné rond arc-en-ciel prismatique 60, blanc/argent, 26 po, gonflement à l'hélium et ruban inclus, pour fête d'anniversaire","Ballon en aluminium satiné rond arc-en-ciel prismatique 60, blanc/argent, 26 po, gonflement à l'hélium et ruban inclus, pour fête d'anniversaire",5.43,"5,43 $",15.99,"Était±  15,99 $prix était 15,99 $",5.43,"5,43 $",5.43,"5,43 $",true,https://www.canadiantire.ca/fr/pdp/ballon-en-aluminium-satine-rond-arc-en-ciel-prismatique-60-blanc-argent-26-po-gonflement-a-l-helium-et-ruban-inclus-pour-fete-d-anniversaire-8424202p.html,https://www.canadiantire.ca/fr/pdp/ballon-en-aluminium-satine-rond-arc-en-ciel-prismatique-60-blanc-argent-26-po-gonflement-a-l-helium-et-ruban-inclus-pour-fete-d-anniversaire-8424202p.html,https://media-www.partycity.ca/product/seasonal-gardening/party-city-everyday/party-city-party-supplies-decor/8424202/296-ss-blln-here-your-bday-60-c65482a2-0a06-404c-97f0-da57d93ca1ad-jpgrendition.jpg?im=whresize&wid=200&hei=200,https://media-www.partycity.ca/product/seasonal-gardening/party-city-everyday/party-city-party-supplies-decor/8424202/296-ss-blln-here-your-bday-60-c65482a2-0a06-404c-97f0-da57d93ca1ad-jpgrendition.jpg?im=whresize&wid=200&hei=200,,8424202,842-4202-2,,Liquidation◊Mieux notés,66.04,"5,43","15,99"
694,"Kingston Division St., ON","Boo! Gobelets en plastique réutilisables, transparent/noir, 16 oz, paq. 10, décoration de table pour l'Halloween","Boo! Gobelets en plastique réutilisables, transparent/noir, 16 oz, paq. 10, décoration de table pour l'Halloween",3.93,"3,93 $",7.99,"Était±  7,99 $prix était 7,99 $",3.93,"3,93 $",3.93,"3,93 $",true,https://www.canadiantire.ca/fr/pdp/boo-gobelets-en-plastique-reutilisables-transparent-noir-16-oz-paq-10-decoration-de-table-pour-l-halloween-8549534p.html,https://www.canadiantire.ca/fr/pdp/boo-gobelets-en-plastique-reutilisables-transparent-noir-16-oz-paq-10-decoration-de-table-pour-l-halloween-8549534p.html,https://media-www.canadiantire.ca/product/seasonal-gardening/party-city-seasonal/party-city-halloween-and-fall-decor/8549534/classic-black-and-white-printed-tumblers-assorted-20-ct-b52f05c1-e4f1-46e0-9395-4aa3accb9f20-jpgrendition.jpg?im=whresize&wid=200&hei=200,https://media-www.canadiantire.ca/product/seasonal-gardening/party-city-seasonal/party-city-halloween-and-fall-decor/8549534/classic-black-and-white-printed-tumblers-assorted-20-ct-b52f05c1-e4f1-46e0-9395-4aa3accb9f20-jpgrendition.jpg?im=whresize&wid=200&hei=200,,8549534,854-9534-4,,Liquidation◊,50.81,"3,93","7,99"
694,"Kingston Division St., ON","Chaussures imperméables Outbound pour hommes avec tige hydrofuge et semelle d'usure durable, noir/beige","Chaussures imperméables Outbound pour hommes avec tige hydrofuge et semelle d'usure durable, noir/beige",11.93,"11,93 $",47.99,"47,99 $Était   et+ prix était à partir de 47,99 $",11.93,"11,93 $",11.93,"11,93 $",true,https://www.canadiantire.ca/fr/pdp/chaussures-impermeables-outbound-pour-hommes-avec-tige-hydrofuge-et-semelle-d-usure-durable-noir-beige-1870225p.html,https://www.canadiantire.ca/fr/pdp/chaussures-impermeables-outbound-pour-hommes-avec-tige-hydrofuge-et-semelle-d-usure-durable-noir-beige-1870225p.html,https://media-www.canadiantire.ca/product/playing/footwear-apparel/summer-footwear-apparel/1870227/otb-men-s-duck-shoe-m10-35e063cb-43bf-4390-9f78-6a2454a394c9-jpgrendition.jpg?im=whresize&wid=200&hei=200,https://media-www.canadiantire.ca/product/playing/footwear-apparel/summer-footwear-apparel/1870227/otb-men-s-duck-shoe-m10-35e063cb-43bf-4390-9f78-6a2454a394c9-jpgrendition.jpg?im=whresize&wid=200&hei=200,,1870225,187-0225,Vérifiez la disponibilité#187-0225X,Liquidation◊Exclusivité,75.14,"11,93","47,99"
694,"Kingston Division St., ON","Dragon gonflable animé extérieur d'Halloween For Living, 13,5 pi","Dragon gonflable animé extérieur d'Halloween For Living, 13,5 pi",124.93,"124,93 $",249.99,"Était±  249,99 $prix était 249,99 $",124.93,"124,93 $",124.93,"124,93 $",true,https://www.canadiantire.ca/fr/pdp/dragon-gonflable-anime-exterieur-d-halloween-for-living-13-5-pi-1519560p.html,https://www.canadiantire.ca/fr/pdp/dragon-gonflable-anime-exterieur-d-halloween-for-living-13-5-pi-1519560p.html,https://media-www.canadiantire.ca/product/party-city/party-city-seasonal/halloween-harvest/1519560/13-5-foot-animated-inflatable-dragon-062a8077-092e-4c44-a76e-7fa8e3e501fb-jpgrendition.jpg?im=whresize&wid=200&hei=200,https://media-www.canadiantire.ca/product/party-city/party-city-seasonal/halloween-harvest/1519560/13-5-foot-animated-inflatable-dragon-062a8077-092e-4c44-a76e-7fa8e3e501fb-jpgrendition.jpg?im=whresize&wid=200&hei=200,,1519560,151-9560-2,Il n’en reste que 4 #151-9560-2,Liquidation◊Exclusivité,50.03,"124,93","249,99"
694,"Kingston Division St., ON","Cosses à anneau Gardner Bender C14-105, calibre 16 à 14 AWG, calibre de goujon 12 à 1/4 po, paq. 6","Cosses à anneau Gardner Bender C14-105, calibre 16 à 14 AWG, calibre de goujon 12 à 1/4 po, paq. 6",0.93,"0,93 $",2.29,"Était±  2,29 $prix était 2,29 $",0.93,"0,93 $",0.93,"0,93 $",true,https://www.canadiantire.ca/fr/pdp/cosses-a-anneau-gardner-bender-c14-105-calibre-16-a-14-awg-calibre-de-goujon-12-a-1-4-po-paq-6-0520201p.html,https://www.canadiantire.ca/fr/pdp/cosses-a-anneau-gardner-bender-c14-105-calibre-16-a-14-awg-calibre-de-goujon-12-a-1-4-po-paq-6-0520201p.html,https://media-www.canadiantire.ca/product/fixing/electrical/rough-electrical/0520201/ring-terminals-12-1-4-stud-blue-pkg-6-17dc8a98-fc7c-4ff6-a617-88be6f510fe6-jpgrendition.jpg?im=whresize&wid=200&hei=200,https://media-www.canadiantire.ca/product/fixing/electrical/rough-electrical/0520201/ring-terminals-12-1-4-stud-blue-pkg-6-17dc8a98-fc7c-4ff6-a617-88be6f510fe6-jpgrendition.jpg?im=whresize&wid=200&hei=200,,0520201,052-0201-8,,Liquidation◊Mieux notés,59.39,"0,93","2,29"
694,"Kingston Division St., ON","Douille phénolique Atron Electro Industries LA1155 avec chaînette et anneau, 600 W, 250 V, noir","Douille phénolique Atron Electro Industries LA1155 avec chaînette et anneau, 600 W, 250 V, noir",2.93,"2,93 $",5.99,"Était±  5,99 $prix était 5,99 $",2.93,"2,93 $",2.93,"2,93 $",true,https://www.canadiantire.ca/fr/pdp/douille-phenolique-atron-electro-industries-la1155-avec-chainette-et-anneau-600-w-250-v-noir-0522845p.html,https://www.canadiantire.ca/fr/pdp/douille-phenolique-atron-electro-industries-la1155-avec-chainette-et-anneau-600-w-250-v-noir-0522845p.html,https://media-www.canadiantire.ca/product/fixing/electrical/rough-electrical/0522845/socket-phenolic-with-pull-chain-and-ring-7e8f852f-6674-429c-9147-7ed2867d7bdc-jpgrendition.jpg?im=whresize&wid=200&hei=200,https://media-www.canadiantire.ca/product/fixing/electrical/rough-electrical/0522845/socket-phenolic-with-pull-chain-and-ring-7e8f852f-6674-429c-9147-7ed2867d7bdc-jpgrendition.jpg?im=whresize&wid=200&hei=200,,0522845,052-2845-4,Il n’en reste que 3 #052-2845-4,Liquidation◊Mieux notés,51.09,"2,93","5,99"
694,"Kingston Division St., ON","Guirlande à pampilles d'anniversaire, licorne magique, sarcelle et rose","Guirlande à pampilles d'anniversaire, licorne magique, sarcelle et rose",3.97,"3,97 $",9.99,"Était±  9,99 $prix était 9,99 $",3.97,"3,97 $",3.97,"3,97 $",true,https://www.canadiantire.ca/fr/pdp/guirlande-a-pampilles-d-anniversaire-licorne-magique-sarcelle-et-rose-8420279p.html,https://www.canadiantire.ca/fr/pdp/guirlande-a-pampilles-d-anniversaire-licorne-magique-sarcelle-et-rose-8420279p.html,https://media-www.partycity.ca/product/seasonal-gardening/party-city-everyday/party-city-party-supplies-decor/8420279/magical-unicorn-tassel-garland-d4282799-e044-4465-a443-dd8e5d3a8478-jpgrendition.jpg?im=whresize&wid=200&hei=200,https://media-www.partycity.ca/product/seasonal-gardening/party-city-everyday/party-city-party-supplies-decor/8420279/magical-unicorn-tassel-garland-d4282799-e044-4465-a443-dd8e5d3a8478-jpgrendition.jpg?im=whresize&wid=200&hei=200,,8420279,842-0279-4,10 En Stock#842-0279-4,Liquidation◊Mieux notés,60.26,"3,97","9,99"
694,"Kingston Division St., ON","Guirlandes de crâne animé Gemmy, lumière à DEL, multicolore, à couleur changeante, 8-1/2 pi, paq. 8, décoration intérieure/extérieure pour l'Halloween","Guirlandes de crâne animé Gemmy, lumière à DEL, multicolore, à couleur changeante, 8-1/2 pi, paq. 8, décoration intérieure/extérieure pour l'Halloween",9.93,"9,93 $",34.99,"Était±  34,99 $prix était 34,99 $",9.93,"9,93 $",9.93,"9,93 $",true,https://www.canadiantire.ca/fr/pdp/guirlandes-de-crane-anime-gemmy-lumiere-a-del-multicolore-a-couleur-changeante-8-1-2-pi-paq-8-decoration-interieure-exterieure-pour-l-halloween-1518437p.html,https://www.canadiantire.ca/fr/pdp/guirlandes-de-crane-anime-gemmy-lumiere-a-del-multicolore-a-couleur-changeante-8-1-2-pi-paq-8-decoration-interieure-exterieure-pour-l-halloween-1518437p.html,https://media-www.canadiantire.ca/product/seasonal-gardening/seasonal/halloween-harvest/1518437/8-colour-motion-black-skulls-light-string-37f40107-9001-481b-993a-67dd73b902a3-jpgrendition.jpg?im=whresize&wid=200&hei=200,https://media-www.canadiantire.ca/product/seasonal-gardening/seasonal/halloween-harvest/1518437/8-colour-motion-black-skulls-light-string-37f40107-9001-481b-993a-67dd73b902a3-jpgrendition.jpg?im=whresize&wid=200&hei=200,,1518437,151-8437-4,,Liquidation◊Mieux notés,71.62,"9,93","34,99"
