store_id,city,name,title,price,price_raw,regular_price,regular_price_raw,liquidation_price,liquidation_price_raw,sale_price,sale_price_raw,liquidation,url,link,image,image_url,product_id,sku,sku_formatted,availability,badges,discount_percent,price_sale_clean,price_original_clean
456,"Gaspe, QC","Échelle de piscine en A en acier Bestway Flowclear avec rampe, 42 po","Échelle de piscine en A en acier Bestway Flowclear avec rampe, 42 po",29.95,"29,95 $",99.99,"Était±  99,99 $prix était 99,99 $",29.95,"29,95 $",29.95,"29,95 $",true,https://www.canadiantire.ca/fr/pdp/echelle-de-piscine-en-a-en-acier-bestway-flowclear-avec-rampe-42-po-0813926p.html,https://www.canadiantire.ca/fr/pdp/echelle-de-piscine-en-a-en-acier-bestway-flowclear-avec-rampe-42-po-0813926p.html,https://media-www.canadiantire.ca/product/seasonal-gardening/backyard-fun/pool-maintenance/0813926/42-pool-ladder-1e5af39a-d711-4efc-88d9-7f79508fac9d-jpgrendition.jpg?im=whresize&wid=200&hei=200,https://media-www.canadiantire.ca/product/seasonal-gardening/backyard-fun/pool-maintenance/0813926/42-pool-ladder-1e5af39a-d711-4efc-88d9-7f79508fac9d-jpgrendition.jpg?im=whresize&wid=200&hei=200,,0813926,081-3926-6,20 En Stock#081-3926-6,Liquidation◊,70.05,"29,95","99,99"
456,"Gaspe, QC","Tasses à mesurer empilables en plastique MASTER Chef, paq. 10","Tasses à mesurer empilables en plastique MASTER Chef, paq. 10",8.93,"8,93 $",24.99,"Était±  24,99 $prix était 24,99 $",8.93,"8,93 $",8.93,"8,93 $",true,https://www.canadiantire.ca/fr/pdp/tasses-a-mesurer-empilables-en-plastique-master-chef-paq-10-1429676p.html,https://www.canadiantire.ca/fr/pdp/tasses-a-mesurer-empilables-en-plastique-master-chef-paq-10-1429676p.html,https://media-www.canadiantire.ca/product/living/kitchen/bakeware-baking-prep/1429676/master-chef-10pc-measuring-cup-set-73c761cb-c28c-42fe-a32e-f57a30c6b9a6-jpgrendition.jpg?im=whresize&wid=200&hei=200,https://media-www.canadiantire.ca/product/living/kitchen/bakeware-baking-prep/1429676/master-chef-10pc-measuring-cup-set-73c761cb-c28c-42fe-a32e-f57a30c6b9a6-jpgrendition.jpg?im=whresize&wid=200&hei=200,,1429676,142-9676-0,Il n’en reste que 4 #142-9676-0,Liquidation◊Mieux notés,64.27,"8,93","24,99"
456,"Gaspe, QC","Lit de camp pliant portatif pour chiens Woods DOG-WOOD avec sac de transport, capacité de 70 lb, bleu","Lit de camp pliant portatif pour chiens Woods DOG-WOOD avec sac de transport, capacité de 70 lb, bleu",35.93,"35,93 $",79.99,"Était±  79,99 $prix était 79,99 $",35.93,"35,93 $",35.93,"35,93 $",true,https://www.canadiantire.ca/fr/pdp/lit-de-camp-pliant-portatif-pour-chiens-woods-dog-wood-avec-sac-de-transport-capacite-de-70-lb-bleu-0766424p.html,https://www.canadiantire.ca/fr/pdp/lit-de-camp-pliant-portatif-pour-chiens-woods-dog-wood-avec-sac-de-transport-capacite-de-70-lb-bleu-0766424p.html,https://media-www.canadiantire.ca/product/playing/camping/camping-accessories/0766424/woods-dogwood-quad-fold-pet-cot-fe2e4cef-58fa-4578-93b8-795fe70105e1-jpgrendition.jpg?im=whresize&wid=200&hei=200,https://media-www.canadiantire.ca/product/playing/camping/camping-accessories/0766424/woods-dogwood-quad-fold-pet-cot-fe2e4cef-58fa-4578-93b8-795fe70105e1-jpgrendition.jpg?im=whresize&wid=200&hei=200,,0766424,076-6424-6,Il n’en reste que 1 #076-6424-6,Liquidation◊Mieux notés,55.08,"35,93","79,99"
456,"Gaspe, QC","Service de vaisselle en porcelaine festonnée CANVAS Odessa, blanc, paq. 12","Service de vaisselle en porcelaine festonnée CANVAS Odessa, blanc, paq. 12",39.93,"39,93 $",79.99,"Était±  79,99 $prix était 79,99 $",39.93,"39,93 $",39.93,"39,93 $",true,https://www.canadiantire.ca/fr/pdp/service-de-vaisselle-en-porcelaine-festonnee-canvas-odessa-blanc-paq-12-2421125p.html,https://www.canadiantire.ca/fr/pdp/service-de-vaisselle-en-porcelaine-festonnee-canvas-odessa-blanc-paq-12-2421125p.html,https://media-www.canadiantire.ca/product/living/kitchen/dining-and-entertaining/2421125/canvas-12-pc-scalloped-porcelain-dinnerware-set-ee9e4e35-9ab4-4375-aacf-2b058a08cc90-jpgrendition.jpg?im=whresize&wid=200&hei=200,https://media-www.canadiantire.ca/product/living/kitchen/dining-and-entertaining/2421125/canvas-12-pc-scalloped-porcelain-dinnerware-set-ee9e4e35-9ab4-4375-aacf-2b058a08cc90-jpgrendition.jpg?im=whresize&wid=200&hei=200,,2421125,242-1125-2,Il n’en reste que 2 #242-1125-2,Liquidation◊Mieux notés,50.08,"39,93","79,99"
456,"Gaspe, QC","Housse de pare-brise 2-en-1 MyRide pour soleil et neige, convient à la plupart des véhicules","Housse de pare-brise 2-en-1 MyRide pour soleil et neige, convient à la plupart des véhicules",9.93,"9,93 $",32.99,"Était±  32,99 $prix était 32,99 $",9.93,"9,93 $",9.93,"9,93 $",true,https://www.canadiantire.ca/fr/pdp/housse-de-pare-brise-2-en-1-myride-pour-soleil-et-neige-convient-a-la-plupart-des-vehicules-0304491p.html,https://www.canadiantire.ca/fr/pdp/housse-de-pare-brise-2-en-1-myride-pour-soleil-et-neige-convient-a-la-plupart-des-vehicules-0304491p.html,https://media-www.canadiantire.ca/product/automotive/car-care-accessories/auto-winter-accessories/0304491/myride-sun-and-snow-windshield-cover-1d0e1f73-cc79-4090-b8a5-bdaefbe970b7-jpgrendition.jpg?im=whresize&wid=200&hei=200,https://media-www.canadiantire.ca/product/automotive/car-care-accessories/auto-winter-accessories/0304491/myride-sun-and-snow-windshield-cover-1d0e1f73-cc79-4090-b8a5-bdaefbe970b7-jpgrendition.jpg?im=whresize&wid=200&hei=200,,0304491,030-4491-4,Il n’en reste que 3 #030-4491-4,Liquidation◊Articles à succès,69.9,"9,93","32,99"
456,"Gaspe, QC","Cintres pivotants compacts en velours Type A avec barre à pantalon, couleurs variées, paq. 40","Cintres pivotants compacts en velours Type A avec barre à pantalon, couleurs variées, paq. 40",12.93,"12,93 $",32.99,"32,99 $Était   et+ prix était à partir de 32,99 $",12.93,"12,93 $",12.93,"12,93 $",true,https://www.canadiantire.ca/fr/pdp/cintres-pivotants-compacts-en-velours-type-a-avec-barre-a-pantalon-couleurs-variees-paq-40-0688307p.html,https://www.canadiantire.ca/fr/pdp/cintres-pivotants-compacts-en-velours-type-a-avec-barre-a-pantalon-couleurs-variees-paq-40-0688307p.html,https://media-www.canadiantire.ca/product/living/home-organization/closet-organization/0688308/type-a-velvet-suit-hanger-black-10pk-4afb3f73-0449-46d6-975c-369ae2760de2-jpgrendition.jpg?im=whresize&wid=200&hei=200,https://media-www.canadiantire.ca/product/living/home-organization/closet-organization/0688308/type-a-velvet-suit-hanger-black-10pk-4afb3f73-0449-46d6-975c-369ae2760de2-jpgrendition.jpg?im=whresize&wid=200&hei=200,,0688307,068-8307,Vérifiez la disponibilité#068-8307X,Liquidation◊Mieux notés,60.81,"12,93","32,99"
456,"Gaspe, QC",Trousse de départ pour conservation et entreposage d'aliments Fresh & Save de Zwilling avec pompe à dépression portative,Trousse de départ pour conservation et entreposage d'aliments Fresh & Save de Zwilling avec pompe à dépression portative,49.93,"49,93 $",189.99,"Était±  189,99 $prix était 189,99 $",49.93,"49,93 $",49.93,"49,93 $",true,https://www.canadiantire.ca/fr/pdp/trousse-de-depart-pour-conservation-et-entreposage-d-aliments-fresh-save-de-zwilling-avec-pompe-a-depression-portative-0430335p.html,https://www.canadiantire.ca/fr/pdp/trousse-de-depart-pour-conservation-et-entreposage-d-aliments-fresh-save-de-zwilling-avec-pompe-a-depression-portative-0430335p.html,https://media-www.canadiantire.ca/product/living/kitchen/kitchen-appliances/0430335/zwilling-food-storage-starter-kit-8pc-ee27a980-a5f6-4ca9-860b-310987524806-jpgrendition.jpg?im=whresize&wid=200&hei=200,https://media-www.canadiantire.ca/product/living/kitchen/kitchen-appliances/0430335/zwilling-food-storage-starter-kit-8pc-ee27a980-a5f6-4ca9-860b-310987524806-jpgrendition.jpg?im=whresize&wid=200&hei=200,,0430335,043-0335-2,Il n’en reste que 5 #043-0335-2,Liquidation◊Mieux notés,73.72,"49,93","189,99"
456,"Gaspe, QC","Toupie à base fixe et table à toupie Mastercraft, 9,5 A, 1-3/4 HP","Toupie à base fixe et table à toupie Mastercraft, 9,5 A, 1-3/4 HP",99.95,"99,95 $",279.99,"Était±  279,99 $prix était 279,99 $",99.95,"99,95 $",99.95,"99,95 $",true,https://www.canadiantire.ca/fr/pdp/toupie-a-base-fixe-et-table-a-toupie-mastercraft-9-5-a-1-3-4-hp-0547059p.html,https://www.canadiantire.ca/fr/pdp/toupie-a-base-fixe-et-table-a-toupie-mastercraft-9-5-a-1-3-4-hp-0547059p.html,https://media-www.canadiantire.ca/product/fixing/tools/portable-power-tools/0547059/mastercraft-fixed-base-router-and-router-table-combo-kit-8b61baf7-ebdd-41b7-8444-77b12db654b8-jpgrendition.jpg?im=whresize&wid=200&hei=200,https://media-www.canadiantire.ca/product/fixing/tools/portable-power-tools/0547059/mastercraft-fixed-base-router-and-router-table-combo-kit-8b61baf7-ebdd-41b7-8444-77b12db654b8-jpgrendition.jpg?im=whresize&wid=200&hei=200,,0547059,054-7059-2,Il n’en reste que 2 #054-7059-2,Liquidation◊Exclusivité,64.3,"99,95","279,99"
456,"Gaspe, QC","Ponceuse à courroie sans balais Mastercraft 20 V sans fil, outil seulement, compatibilité PWR POD","Ponceuse à courroie sans balais Mastercraft 20 V sans fil, outil seulement, compatibilité PWR POD",49.95,"49,95 $",134.99,"Était±  134,99 $prix était 134,99 $",49.95,"49,95 $",49.95,"49,95 $",true,https://www.canadiantire.ca/fr/pdp/ponceuse-a-courroie-sans-balais-mastercraft-20-v-sans-fil-outil-seulement-compatibilite-pwr-pod-0547577p.html,https://www.canadiantire.ca/fr/pdp/ponceuse-a-courroie-sans-balais-mastercraft-20-v-sans-fil-outil-seulement-compatibilite-pwr-pod-0547577p.html,https://media-www.canadiantire.ca/product/fixing/tools/portable-power-tools/0547577/mastercraft-20v-belt-sander-29b77927-3d92-4f92-b246-28781e24ea2d-jpgrendition.jpg?im=whresize&wid=200&hei=200,https://media-www.canadiantire.ca/product/fixing/tools/portable-power-tools/0547577/mastercraft-20v-belt-sander-29b77927-3d92-4f92-b246-28781e24ea2d-jpgrendition.jpg?im=whresize&wid=200&hei=200,,0547577,054-7577-8,28 En Stock#054-7577-8,Liquidation◊Mieux notés,63,"49,95","134,99"
456,"Gaspe, QC","Tasse de voyage à double paroi avec poignée Bubba Keg Classic, 20 oz, choix de couleurs","Tasse de voyage à double paroi avec poignée Bubba Keg Classic, 20 oz, choix de couleurs",9.93,"9,93 $",24.99,"24,99 $Était   et+ prix était à partir de 24,99 $",9.93,"9,93 $",9.93,"9,93 $",true,https://www.canadiantire.ca/fr/pdp/tasse-de-voyage-a-double-paroi-avec-poignee-bubba-keg-classic-20-oz-choix-de-couleurs-2425153p.html,https://www.canadiantire.ca/fr/pdp/tasse-de-voyage-a-double-paroi-avec-poignee-bubba-keg-classic-20-oz-choix-de-couleurs-2425153p.html,https://media-www.canadiantire.ca/product/living/kitchen/food-storage/2425154/bubba-20-oz-keg-mug-magenta-0effc0af-c6a5-482f-b1fb-0de772f237a0-jpgrendition.jpg?im=whresize&wid=200&hei=200,https://media-www.canadiantire.ca/product/living/kitchen/food-storage/2425154/bubba-20-oz-keg-mug-magenta-0effc0af-c6a5-482f-b1fb-0de772f237a0-jpgrendition.jpg?im=whresize&wid=200&hei=200,,2425153,242-5153,Vérifiez la disponibilité#242-5153X,Liquidation◊Mieux notés,60.26,"9,93","24,99"
456,"Gaspe, QC",Abri soleil Outbound Haven à système de 2 moyeux,Abri soleil Outbound Haven à système de 2 moyeux,39.93,"39,93 $",79.99,"Était±  79,99 $prix était 79,99 $",39.93,"39,93 $",39.93,"39,93 $",true,https://www.canadiantire.ca/fr/pdp/abri-soleil-outbound-haven-a-systeme-de-2-moyeux-0766442p.html,https://www.canadiantire.ca/fr/pdp/abri-soleil-outbound-haven-a-systeme-de-2-moyeux-0766442p.html,https://media-www.canadiantire.ca/product/playing/camping/tents-shelters/0766442/outbound-haven-2hub-sun-shelter-dd9ff823-d50f-4269-a2f3-7cb00e9450a9-jpgrendition.jpg?im=whresize&wid=200&hei=200,https://media-www.canadiantire.ca/product/playing/camping/tents-shelters/0766442/outbound-haven-2hub-sun-shelter-dd9ff823-d50f-4269-a2f3-7cb00e9450a9-jpgrendition.jpg?im=whresize&wid=200&hei=200,,0766442,076-6442-2,,Liquidation◊Mieux notés,50.08,"39,93","79,99"
456,"Gaspe, QC","Bouteille d'eau isotherme en acier inoxydable à rotation Owala FreeSip, sans BPA, choix de couleurs, 24 oz","Bouteille d'eau isotherme en acier inoxydable à rotation Owala FreeSip, sans BPA, choix de couleurs, 24 oz",19.93,"19,93 $",41.99,"41,99 $Était   et+ prix était à partir de 41,99 $",19.93,"19,93 $",19.93,"19,93 $",true,https://www.canadiantire.ca/fr/pdp/bouteille-d-eau-isotherme-en-acier-inoxydable-a-rotation-owala-freesip-sans-bpa-choix-de-couleurs-24-oz-2425435p.html,https://www.canadiantire.ca/fr/pdp/bouteille-d-eau-isotherme-en-acier-inoxydable-a-rotation-owala-freesip-sans-bpa-choix-de-couleurs-24-oz-2425435p.html,https://media-www.canadiantire.ca/product/living/kitchen/food-storage/2425436/owala-24oz-freesip-twist-water-bottle-sleepy-lavender-5af8f9a9-6c8d-4f41-bcba-abcafe8f1759-jpgrendition.jpg?im=whresize&wid=200&hei=200,https://media-www.canadiantire.ca/product/living/kitchen/food-storage/2425436/owala-24oz-freesip-twist-water-bottle-sleepy-lavender-5af8f9a9-6c8d-4f41-bcba-abcafe8f1759-jpgrendition.jpg?im=whresize&wid=200&hei=200,,2425435,242-5435,Vérifiez la disponibilité#242-5435X,Liquidation◊Mieux notés,52.54,"19,93","41,99"
456,"Gaspe, QC","Ampoules à DEL à intensité variable à culot E12 NOMA B10, 2700K, 350 lumens, blanc chaud, 40 W, paq. 2","Ampoules à DEL à intensité variable à culot E12 NOMA B10, 2700K, 350 lumens, blanc chaud, 40 W, paq. 2",4.95,"4,95 $",12.99,"Était±  12,99 $prix était 12,99 $",4.95,"4,95 $",4.95,"4,95 $",true,https://www.canadiantire.ca/fr/pdp/ampoules-a-del-a-intensite-variable-a-culot-e12-noma-b10-2700k-350-lumens-blanc-chaud-40-w-paq-2-0529347p.html,https://www.canadiantire.ca/fr/pdp/ampoules-a-del-a-intensite-variable-a-culot-e12-noma-b10-2700k-350-lumens-blanc-chaud-40-w-paq-2-0529347p.html,https://media-www.canadiantire.ca/product/fixing/electrical/light-bulbs/0529347/noma-2-pack-40w-e12-soft-white-led-lightbulbs-2abc2edf-7b69-449d-b49f-8024c6332e19-jpgrendition.jpg?im=whresize&wid=200&hei=200,https://media-www.canadiantire.ca/product/fixing/electrical/light-bulbs/0529347/noma-2-pack-40w-e12-soft-white-led-lightbulbs-2abc2edf-7b69-449d-b49f-8024c6332e19-jpgrendition.jpg?im=whresize&wid=200&hei=200,,0529347,052-9347-8,25 En Stock#052-9347-8,Liquidation◊Exclusivité,61.89,"4,95","12,99"
456,"Gaspe, QC",Aspirateur sans fil de déchets secs/humides tout-en-un et appareil de nettoyage de planchers durs Bissell CrossWave OmniFind Pet Pro,Aspirateur sans fil de déchets secs/humides tout-en-un et appareil de nettoyage de planchers durs Bissell CrossWave OmniFind Pet Pro,179.93,"179,93 $",379.99,"Était±  379,99 $prix était 379,99 $",179.93,"179,93 $",179.93,"179,93 $",true,https://www.canadiantire.ca/fr/pdp/aspirateur-sans-fil-de-dechets-secs-humides-tout-en-un-et-appareil-de-nettoyage-de-planchers-durs-bissell-crosswave-omnifind-pet-pro-0437233p.html,https://www.canadiantire.ca/fr/pdp/aspirateur-sans-fil-de-dechets-secs-humides-tout-en-un-et-appareil-de-nettoyage-de-planchers-durs-bissell-crosswave-omnifind-pet-pro-0437233p.html,https://media-www.canadiantire.ca/product/living/cleaning/vacuums-and-floorcare/0437233/bissell-omnifind-petpro-hard-floor-wet-cleaner-a8a44b1c-d6db-472c-a2a7-50098c512b75-jpgrendition.jpg?im=whresize&wid=200&hei=200,https://media-www.canadiantire.ca/product/living/cleaning/vacuums-and-floorcare/0437233/bissell-omnifind-petpro-hard-floor-wet-cleaner-a8a44b1c-d6db-472c-a2a7-50098c512b75-jpgrendition.jpg?im=whresize&wid=200&hei=200,,0437233,043-7233-2,Il n’en reste que 2 #043-7233-2,Liquidation◊Exclusivité,52.65,"179,93","379,99"
456,"Gaspe, QC",Affûteur de couteaux et de ciseaux facile à utiliser en 3 étapes MASTER Chef,Affûteur de couteaux et de ciseaux facile à utiliser en 3 étapes MASTER Chef,4.95,"4,95 $",18.99,"Était±  18,99 $prix était 18,99 $",4.95,"4,95 $",4.95,"4,95 $",true,https://www.canadiantire.ca/fr/pdp/affuteur-de-couteaux-et-de-ciseaux-facile-a-utiliser-en-3-etapes-master-chef-2421029p.html,https://www.canadiantire.ca/fr/pdp/affuteur-de-couteaux-et-de-ciseaux-facile-a-utiliser-en-3-etapes-master-chef-2421029p.html,https://media-www.canadiantire.ca/product/living/kitchen/cutlery/2421029/master-chef-3stage-knife-sharpener-b9ab2767-c8c0-473e-a296-6cb70527856a-jpgrendition.jpg?im=whresize&wid=200&hei=200,https://media-www.canadiantire.ca/product/living/kitchen/cutlery/2421029/master-chef-3stage-knife-sharpener-b9ab2767-c8c0-473e-a296-6cb70527856a-jpgrendition.jpg?im=whresize&wid=200&hei=200,,2421029,242-1029-2,Il n’en reste que 1 #242-1029-2,Liquidation◊Exclusivité,73.93,"4,95","18,99"
456,"Gaspe, QC","Fauteuil de salle à manger de jardin/d'extérieur en osier CANVAS Jasper, toute saison, paq. 2","Fauteuil de salle à manger de jardin/d'extérieur en osier CANVAS Jasper, toute saison, paq. 2",249.95,"249,95 $",499.99,"Était±  499,99 $prix était 499,99 $",249.95,"249,95 $",249.95,"249,95 $",true,https://www.canadiantire.ca/fr/pdp/fauteuil-de-salle-a-manger-de-jardin-d-exterieur-en-osier-canvas-jasper-toute-saison-paq-2-1880272p.html,https://www.canadiantire.ca/fr/pdp/fauteuil-de-salle-a-manger-de-jardin-d-exterieur-en-osier-canvas-jasper-toute-saison-paq-2-1880272p.html,https://media-www.canadiantire.ca/product/seasonal-gardening/backyard-living/outdoor-furniture/1880272/canvas-jasper-dining-chair-2pk-2a5479fd-5f27-4f3d-85e2-8b4b9fa230c9-jpgrendition.jpg?im=whresize&wid=200&hei=200,https://media-www.canadiantire.ca/product/seasonal-gardening/backyard-living/outdoor-furniture/1880272/canvas-jasper-dining-chair-2pk-2a5479fd-5f27-4f3d-85e2-8b4b9fa230c9-jpgrendition.jpg?im=whresize&wid=200&hei=200,,1880272,188-0272-6,Il n’en reste que 3 #188-0272-6,Liquidation◊Exclusivité,50.01,"249,95","499,99"
456,"Gaspe, QC","Friteuse à air chaud à deux zones T-Fal Easy Fry, 8,3 L/8,7 ptes","Friteuse à air chaud à deux zones T-Fal Easy Fry, 8,3 L/8,7 ptes",99.95,"99,95 $",199.99,"Était±  199,99 $prix était 199,99 $",99.95,"99,95 $",99.95,"99,95 $",true,https://www.canadiantire.ca/fr/pdp/friteuse-a-air-chaud-a-deux-zones-t-fal-easy-fry-8-3-l-8-7-ptes-0430340p.html,https://www.canadiantire.ca/fr/pdp/friteuse-a-air-chaud-a-deux-zones-t-fal-easy-fry-8-3-l-8-7-ptes-0430340p.html,https://media-www.canadiantire.ca/product/living/kitchen/kitchen-appliances/0430340/t-fal-dual-zone-air-fryer-f30f9c50-9b02-4977-a8b9-2e9b9249a74e-jpgrendition.jpg?im=whresize&wid=200&hei=200,https://media-www.canadiantire.ca/product/living/kitchen/kitchen-appliances/0430340/t-fal-dual-zone-air-fryer-f30f9c50-9b02-4977-a8b9-2e9b9249a74e-jpgrendition.jpg?im=whresize&wid=200&hei=200,,0430340,043-0340-8,61 En Stock#043-0340-8,Liquidation◊Mieux notés,50.02,"99,95","199,99"
456,"Gaspe, QC",Huitre à enfourcher flottante gonflable pour lac,Huitre à enfourcher flottante gonflable pour lac,39.93,"39,93 $",99.99,"Était±  99,99 $prix était 99,99 $",39.93,"39,93 $",39.93,"39,93 $",true,https://www.canadiantire.ca/fr/pdp/huitre-a-enfourcher-flottante-gonflable-pour-lac-0791411p.html,https://www.canadiantire.ca/fr/pdp/huitre-a-enfourcher-flottante-gonflable-pour-lac-0791411p.html,https://media-www.canadiantire.ca/product/playing/seasonal-recreation/marine-water-fun/0791411/clamshell-lake-inflatable-84c224b6-f74f-43cb-add7-f18aa0e52402-jpgrendition.jpg?im=whresize&wid=200&hei=200,https://media-www.canadiantire.ca/product/playing/seasonal-recreation/marine-water-fun/0791411/clamshell-lake-inflatable-84c224b6-f74f-43cb-add7-f18aa0e52402-jpgrendition.jpg?im=whresize&wid=200&hei=200,,0791411,079-1411-0,Il n’en reste que 2 #079-1411-0,Liquidation◊,60.07,"39,93","99,99"
456,"Gaspe, QC","Fauteuil de salle à manger d'extérieur/de terrasse CANVAS Belwood en aluminium et osier, paq. 2","Fauteuil de salle à manger d'extérieur/de terrasse CANVAS Belwood en aluminium et osier, paq. 2",249.93,"249,93 $",499.99,"Était±  499,99 $prix était 499,99 $",249.93,"249,93 $",249.93,"249,93 $",true,https://www.canadiantire.ca/fr/pdp/fauteuil-de-salle-a-manger-d-exterieur-de-terrasse-canvas-belwood-en-aluminium-et-osier-paq-2-0880541p.html,https://www.canadiantire.ca/fr/pdp/fauteuil-de-salle-a-manger-d-exterieur-de-terrasse-canvas-belwood-en-aluminium-et-osier-paq-2-0880541p.html,https://media-www.canadiantire.ca/product/seasonal-gardening/backyard-living/outdoor-furniture/0880541/canvas-belwood-aluminum-dining-chair-2-pack-de38f891-c44a-49df-a4e2-897c643e77fb-jpgrendition.jpg?im=whresize&wid=200&hei=200,https://media-www.canadiantire.ca/product/seasonal-gardening/backyard-living/outdoor-furniture/0880541/canvas-belwood-aluminum-dining-chair-2-pack-de38f891-c44a-49df-a4e2-897c643e77fb-jpgrendition.jpg?im=whresize&wid=200&hei=200,,0880541,088-0541-4,Il n’en reste que 2 #088-0541-4,Liquidation◊Mieux notés,50.01,"249,93","499,99"
456,"Gaspe, QC","Planche à pagaie pour 1 personne junior Pelican Vibe 80, lime, 8 pi","Planche à pagaie pour 1 personne junior Pelican Vibe 80, lime, 8 pi",149.93,"149,93 $",299.99,"Était±  299,99 $prix était 299,99 $",149.93,"149,93 $",149.93,"149,93 $",true,https://www.canadiantire.ca/fr/pdp/planche-a-pagaie-pour-1-personne-junior-pelican-vibe-80-lime-8-pi-0798536p.html,https://www.canadiantire.ca/fr/pdp/planche-a-pagaie-pour-1-personne-junior-pelican-vibe-80-lime-8-pi-0798536p.html,https://media-www.canadiantire.ca/product/playing/seasonal-recreation/marine-water-fun/0798536/sup-pelican-junior-vibe-80-908d32af-d15f-46f4-92d9-e57b6ad88a8f-jpgrendition.jpg?im=whresize&wid=200&hei=200,https://media-www.canadiantire.ca/product/playing/seasonal-recreation/marine-water-fun/0798536/sup-pelican-junior-vibe-80-908d32af-d15f-46f4-92d9-e57b6ad88a8f-jpgrendition.jpg?im=whresize&wid=200&hei=200,,0798536,079-8536-2,Il n’en reste que 1 #079-8536-2,Liquidation◊,50.02,"149,93","299,99"
456,"Gaspe, QC","Raboteuse sans balais MAXIMUM 20 V, outil seul","Raboteuse sans balais MAXIMUM 20 V, outil seul",69.95,"69,95 $",179.99,"Était±  179,99 $prix était 179,99 $",69.95,"69,95 $",69.95,"69,95 $",true,https://www.canadiantire.ca/fr/pdp/raboteuse-sans-balais-maximum-20-v-outil-seul-0547982p.html,https://www.canadiantire.ca/fr/pdp/raboteuse-sans-balais-maximum-20-v-outil-seul-0547982p.html,https://media-www.canadiantire.ca/product/fixing/tools/portable-power-tools/0547982/maximum-20v-bl-planer-tool-only-bdf36fb9-1c04-4a12-93c7-55fd2c432e06-jpgrendition.jpg?im=whresize&wid=200&hei=200,https://media-www.canadiantire.ca/product/fixing/tools/portable-power-tools/0547982/maximum-20v-bl-planer-tool-only-bdf36fb9-1c04-4a12-93c7-55fd2c432e06-jpgrendition.jpg?im=whresize&wid=200&hei=200,,0547982,054-7982-2,21 En Stock#054-7982-2,Liquidation◊Mieux notés,61.14,"69,95","179,99"
456,"Gaspe, QC",Poussette familiale tout-terrain Evenflo Pivot XPLORE,Poussette familiale tout-terrain Evenflo Pivot XPLORE,279.93,"279,93 $",599.99,"Était±  599,99 $prix était 599,99 $",279.93,"279,93 $",279.93,"279,93 $",true,https://www.canadiantire.ca/fr/pdp/poussette-familiale-tout-terrain-evenflo-pivot-xplore-1461131p.html,https://www.canadiantire.ca/fr/pdp/poussette-familiale-tout-terrain-evenflo-pivot-xplore-1461131p.html,https://media-www.canadiantire.ca/product/automotive/car-care-accessories/child-travel-baby/1461131/evenflo-pivot-xplore-wagon-4b2160a2-d71c-4bc6-aeee-e6376539535d-jpgrendition.jpg?im=whresize&wid=200&hei=200,https://media-www.canadiantire.ca/product/automotive/car-care-accessories/child-travel-baby/1461131/evenflo-pivot-xplore-wagon-4b2160a2-d71c-4bc6-aeee-e6376539535d-jpgrendition.jpg?im=whresize&wid=200&hei=200,,1461131,146-1131-6,Il n’en reste que 1 #146-1131-6,Liquidation◊Mieux notés,53.34,"279,93","599,99"
456,"Gaspe, QC","Lampe à faisceau large à DEL Mastercraft, 1500 lumens, compatible PWR POD","Lampe à faisceau large à DEL Mastercraft, 1500 lumens, compatible PWR POD",31.93,"31,93 $",119.99,"Était±  119,99 $prix était 119,99 $",31.93,"31,93 $",31.93,"31,93 $",true,https://www.canadiantire.ca/fr/pdp/lampe-a-faisceau-large-a-del-mastercraft-1500-lumens-compatible-pwr-pod-0372969p.html,https://www.canadiantire.ca/fr/pdp/lampe-a-faisceau-large-a-del-mastercraft-1500-lumens-compatible-pwr-pod-0372969p.html,https://media-www.canadiantire.ca/product/automotive/car-care-accessories/auto-accessories/0372969/mastercraft-1500-lumens-spotlight-pwr-pod-compatible-363c7083-04a4-4a37-b863-da8214fd1958-jpgrendition.jpg?im=whresize&wid=200&hei=200,https://media-www.canadiantire.ca/product/automotive/car-care-accessories/auto-accessories/0372969/mastercraft-1500-lumens-spotlight-pwr-pod-compatible-363c7083-04a4-4a37-b863-da8214fd1958-jpgrendition.jpg?im=whresize&wid=200&hei=200,,0372969,037-2969-8,Il n’en reste que 2 #037-2969-8,Liquidation◊Mieux notés,73.39,"31,93","119,99"
456,"Gaspe, QC","CANVAS Mercier - Table à dîner de terrasse rectangulaire en acier à plateau en verre, noir","CANVAS Mercier - Table à dîner de terrasse rectangulaire en acier à plateau en verre, noir",149.93,"149,93 $",299.99,"Était±  299,99 $prix était 299,99 $",149.93,"149,93 $",149.93,"149,93 $",true,https://www.canadiantire.ca/fr/pdp/canvas-mercier-table-a-diner-de-terrasse-rectangulaire-en-acier-a-plateau-en-verre-noir-0882029p.html,https://www.canadiantire.ca/fr/pdp/canvas-mercier-table-a-diner-de-terrasse-rectangulaire-en-acier-a-plateau-en-verre-noir-0882029p.html,https://media-www.canadiantire.ca/product/seasonal-gardening/backyard-living/outdoor-furniture/0882029/canvas-mercier-dining-table-1ab27b9c-d50f-4a17-9d15-124e2a4f2a96-jpgrendition.jpg?im=whresize&wid=200&hei=200,https://media-www.canadiantire.ca/product/seasonal-gardening/backyard-living/outdoor-furniture/0882029/canvas-mercier-dining-table-1ab27b9c-d50f-4a17-9d15-124e2a4f2a96-jpgrendition.jpg?im=whresize&wid=200&hei=200,,0882029,088-2029-4,Il n’en reste que 3 #088-2029-4,Liquidation◊Exclusivité,50.02,"149,93","299,99"
456,"Gaspe, QC","Foyer électrique à montage mural Napoleon avec Bluetooth, 50 po, 1 500 W, télécommande comprise, noir","Foyer électrique à montage mural Napoleon avec Bluetooth, 50 po, 1 500 W, télécommande comprise, noir",299.95,"299,95 $",599.99,"Était±  599,99 $prix était 599,99 $",299.95,"299,95 $",299.95,"299,95 $",true,https://www.canadiantire.ca/fr/pdp/foyer-electrique-a-montage-mural-napoleon-avec-bluetooth-50-po-1-500-w-telecommande-comprise-noir-0644019p.html,https://www.canadiantire.ca/fr/pdp/foyer-electrique-a-montage-mural-napoleon-avec-bluetooth-50-po-1-500-w-telecommande-comprise-noir-0644019p.html,https://media-www.canadiantire.ca/product/living/home-decor/electric-fireplaces/0644019/napoleon-50-wall-mount-fireplace-with-bluetooth-7f341207-ab4a-41d0-a2fc-4c086c913816-jpgrendition.jpg?im=whresize&wid=200&hei=200,https://media-www.canadiantire.ca/product/living/home-decor/electric-fireplaces/0644019/napoleon-50-wall-mount-fireplace-with-bluetooth-7f341207-ab4a-41d0-a2fc-4c086c913816-jpgrendition.jpg?im=whresize&wid=200&hei=200,,0644019,064-4019-2,Il n’en reste que 2 #064-4019-2,Liquidation◊,50.01,"299,95","599,99"
456,"Gaspe, QC","Machine à eau gazéifiée Ninja Thirsti, machine à soda, station de boissons gazeuses et plates, cylindre de CO2 de 60 L et gouttes d'eau aromatisées, noir","Machine à eau gazéifiée Ninja Thirsti, machine à soda, station de boissons gazeuses et plates, cylindre de CO2 de 60 L et gouttes d'eau aromatisées, noir",89.93,"89,93 $",249.99,"Était±  249,99 $prix était 249,99 $",89.93,"89,93 $",89.93,"89,93 $",true,https://www.canadiantire.ca/fr/pdp/machine-a-eau-gazeifiee-ninja-thirsti-machine-a-soda-station-de-boissons-gazeuses-et-plates-cylindre-de-co2-de-60-l-et-gouttes-d-eau-aromatisees-noir-0431546p.html,https://www.canadiantire.ca/fr/pdp/machine-a-eau-gazeifiee-ninja-thirsti-machine-a-soda-station-de-boissons-gazeuses-et-plates-cylindre-de-co2-de-60-l-et-gouttes-d-eau-aromatisees-noir-0431546p.html,https://media-www.canadiantire.ca/product/living/kitchen/kitchen-appliances/0431546/ninja-thirsti-carbonated-water-maker-3fdc8f98-1cc8-4a22-8746-d8c0178035f9-jpgrendition.jpg?im=whresize&wid=200&hei=200,https://media-www.canadiantire.ca/product/living/kitchen/kitchen-appliances/0431546/ninja-thirsti-carbonated-water-maker-3fdc8f98-1cc8-4a22-8746-d8c0178035f9-jpgrendition.jpg?im=whresize&wid=200&hei=200,,0431546,043-1546-4,Il n’en reste que 1 #043-1546-4,Liquidation◊Mieux notés,64.03,"89,93","249,99"
456,"Gaspe, QC","Centre de jeu de cuisine J'Adore avec lumières et sons, 3 ans et +","Centre de jeu de cuisine J'Adore avec lumières et sons, 3 ans et +",124.93,"124,93 $",249.99,"Était±  249,99 $prix était 249,99 $",124.93,"124,93 $",124.93,"124,93 $",true,https://www.canadiantire.ca/fr/pdp/centre-de-jeu-de-cuisine-j-adore-avec-lumieres-et-sons-3-ans-et-1501118p.html,https://www.canadiantire.ca/fr/pdp/centre-de-jeu-de-cuisine-j-adore-avec-lumieres-et-sons-3-ans-et-1501118p.html,https://media-www.canadiantire.ca/product/seasonal-gardening/toys/preschool-toys-activities/1501118/j-adore-deluxe-corner-kitchen-9fc8fee3-c347-4fb0-8f2a-bd4de0056a32-jpgrendition.jpg?im=whresize&wid=200&hei=200,https://media-www.canadiantire.ca/product/seasonal-gardening/toys/preschool-toys-activities/1501118/j-adore-deluxe-corner-kitchen-9fc8fee3-c347-4fb0-8f2a-bd4de0056a32-jpgrendition.jpg?im=whresize&wid=200&hei=200,,1501118,150-1118-8,Il n’en reste que 4 #150-1118-8,Liquidation◊Mieux notés,50.03,"124,93","249,99"
456,"Gaspe, QC","Foyer multimédia CANVAS Alma, 72 po","Foyer multimédia CANVAS Alma, 72 po",349.93,"349,93 $",729.99,"Était±  729,99 $prix était 729,99 $",349.93,"349,93 $",349.93,"349,93 $",true,https://www.canadiantire.ca/fr/pdp/foyer-multimedia-canvas-alma-72-po-0644023p.html,https://www.canadiantire.ca/fr/pdp/foyer-multimedia-canvas-alma-72-po-0644023p.html,https://media-www.canadiantire.ca/product/living/home-decor/electric-fireplaces/0644023/canvas-72-alma-media-fireplace-e628d1ac-401e-49a3-9433-090b81178264-jpgrendition.jpg?im=whresize&wid=200&hei=200,https://media-www.canadiantire.ca/product/living/home-decor/electric-fireplaces/0644023/canvas-72-alma-media-fireplace-e628d1ac-401e-49a3-9433-090b81178264-jpgrendition.jpg?im=whresize&wid=200&hei=200,,0644023,064-4023-0,Il n’en reste que 1 #064-4023-0,Liquidation◊Mieux notés,52.06,"349,93","729,99"
456,"Gaspe, QC",Aspirateur-balai sans fil à 2 moteurs Kenmore CSV,Aspirateur-balai sans fil à 2 moteurs Kenmore CSV,129.93,"129,93 $",269.99,"Était±  269,99 $prix était 269,99 $",129.93,"129,93 $",129.93,"129,93 $",true,https://www.canadiantire.ca/fr/pdp/aspirateur-balai-sans-fil-a-2-moteurs-kenmore-csv-0437195p.html,https://www.canadiantire.ca/fr/pdp/aspirateur-balai-sans-fil-a-2-moteurs-kenmore-csv-0437195p.html,https://media-www.canadiantire.ca/product/living/cleaning/vacuums-and-floorcare/0437195/kenmore-csv-cordless-stick-vacuum-5305dd9e-78aa-427b-8168-777cfc70e06c-jpgrendition.jpg?im=whresize&wid=200&hei=200,https://media-www.canadiantire.ca/product/living/cleaning/vacuums-and-floorcare/0437195/kenmore-csv-cordless-stick-vacuum-5305dd9e-78aa-427b-8168-777cfc70e06c-jpgrendition.jpg?im=whresize&wid=200&hei=200,,0437195,043-7195-2,Il n’en reste que 2 #043-7195-2,Liquidation◊,51.88,"129,93","269,99"
456,"Gaspe, QC","Bols pour chiens Woods pliants étanches PAW-THORN, camping et voyage, paq. 2, 2 L chacun","Bols pour chiens Woods pliants étanches PAW-THORN, camping et voyage, paq. 2, 2 L chacun",8.93,"8,93 $",19.99,"Était±  19,99 $prix était 19,99 $",8.93,"8,93 $",8.93,"8,93 $",true,https://www.canadiantire.ca/fr/pdp/bols-pour-chiens-woods-pliants-etanches-paw-thorn-camping-et-voyage-paq-2-2-l-chacun-0766426p.html,https://www.canadiantire.ca/fr/pdp/bols-pour-chiens-woods-pliants-etanches-paw-thorn-camping-et-voyage-paq-2-2-l-chacun-0766426p.html,https://media-www.canadiantire.ca/product/playing/camping/camping-accessories/0766426/woods-pawthorn-pet-bowls-10c337e6-6f18-495f-a5d6-0f0ef4d7ab3b-jpgrendition.jpg?im=whresize&wid=200&hei=200,https://media-www.canadiantire.ca/product/playing/camping/camping-accessories/0766426/woods-pawthorn-pet-bowls-10c337e6-6f18-495f-a5d6-0f0ef4d7ab3b-jpgrendition.jpg?im=whresize&wid=200&hei=200,,0766426,076-6426-2,Il n’en reste que 2 #076-6426-2,Liquidation◊Mieux notés,55.33,"8,93","19,99"
456,"Gaspe, QC","Ensemble de détente CANVAS Meridian, filet, 4 pièces","Ensemble de détente CANVAS Meridian, filet, 4 pièces",269.95,"269,95 $",799.99,"Était±  799,99 $prix était 799,99 $",269.95,"269,95 $",269.95,"269,95 $",true,https://www.canadiantire.ca/fr/pdp/ensemble-de-detente-canvas-meridian-filet-4-pieces-1881374p.html,https://www.canadiantire.ca/fr/pdp/ensemble-de-detente-canvas-meridian-filet-4-pieces-1881374p.html,https://media-www.canadiantire.ca/product/seasonal-gardening/backyard-living/outdoor-furniture/1881374/canvas-meridian-mesh-conversation-set-850cea28-97ab-4a8f-b6df-b3de52a806d5-jpgrendition.jpg?im=whresize&wid=200&hei=200,https://media-www.canadiantire.ca/product/seasonal-gardening/backyard-living/outdoor-furniture/1881374/canvas-meridian-mesh-conversation-set-850cea28-97ab-4a8f-b6df-b3de52a806d5-jpgrendition.jpg?im=whresize&wid=200&hei=200,,1881374,188-1374-8,Il n’en reste que 1 #188-1374-8,Liquidation◊Exclusivité,66.26,"269,95","799,99"
456,"Gaspe, QC",Fauteuil en aluminium empilable CANVAS Hastings,Fauteuil en aluminium empilable CANVAS Hastings,49.93,"49,93 $",99.99,"Était±  99,99 $prix était 99,99 $",49.93,"49,93 $",49.93,"49,93 $",true,https://www.canadiantire.ca/fr/pdp/fauteuil-en-aluminium-empilable-canvas-hastings-1881375p.html,https://www.canadiantire.ca/fr/pdp/fauteuil-en-aluminium-empilable-canvas-hastings-1881375p.html,https://media-www.canadiantire.ca/product/seasonal-gardening/backyard-living/outdoor-furniture/1881375/canvas-hastings-stacking-aluminum-chair-618a8055-0d90-40fa-b420-6e2ee713fb52-jpgrendition.jpg?im=whresize&wid=200&hei=200,https://media-www.canadiantire.ca/product/seasonal-gardening/backyard-living/outdoor-furniture/1881375/canvas-hastings-stacking-aluminum-chair-618a8055-0d90-40fa-b420-6e2ee713fb52-jpgrendition.jpg?im=whresize&wid=200&hei=200,,1881375,188-1375-6,Il n’en reste que 6 #188-1375-6,Liquidation◊Mieux notés,50.07,"49,93","99,99"
456,"Gaspe, QC",Chaise longue empilable en toile CANVAS Bernier,Chaise longue empilable en toile CANVAS Bernier,99.93,"99,93 $",299.99,"Était±  299,99 $prix était 299,99 $",99.93,"99,93 $",99.93,"99,93 $",true,https://www.canadiantire.ca/fr/pdp/chaise-longue-empilable-en-toile-canvas-bernier-1881388p.html,https://www.canadiantire.ca/fr/pdp/chaise-longue-empilable-en-toile-canvas-bernier-1881388p.html,https://media-www.canadiantire.ca/product/seasonal-gardening/backyard-living/outdoor-furniture/1881388/canvas-bernier-stackable-sling-lounger-f97edf76-92f0-4a57-843c-a3587e777bc0-jpgrendition.jpg?im=whresize&wid=200&hei=200,https://media-www.canadiantire.ca/product/seasonal-gardening/backyard-living/outdoor-furniture/1881388/canvas-bernier-stackable-sling-lounger-f97edf76-92f0-4a57-843c-a3587e777bc0-jpgrendition.jpg?im=whresize&wid=200&hei=200,,1881388,188-1388-6,Il n’en reste que 1 #188-1388-6,Liquidation◊Exclusivité,66.69,"99,93","299,99"
456,"Gaspe, QC","Lampe de travail COB Motomaster, pile sèche","Lampe de travail COB Motomaster, pile sèche",6.99,"6,99 $",22.99,"Était±  22,99 $prix était 22,99 $",6.99,"6,99 $",6.99,"6,99 $",true,https://www.canadiantire.ca/fr/pdp/lampe-de-travail-cob-motomaster-pile-seche-0378076p.html,https://www.canadiantire.ca/fr/pdp/lampe-de-travail-cob-motomaster-pile-seche-0378076p.html,https://media-www.canadiantire.ca/product/automotive/car-care-accessories/auto-accessories/0378076/motomaster-cob-dry-battery-worklight-79121987-169f-468e-ac18-5d54166c93e6-jpgrendition.jpg?im=whresize&wid=200&hei=200,https://media-www.canadiantire.ca/product/automotive/car-care-accessories/auto-accessories/0378076/motomaster-cob-dry-battery-worklight-79121987-169f-468e-ac18-5d54166c93e6-jpgrendition.jpg?im=whresize&wid=200&hei=200,,0378076,037-8076-6,Il n’en reste que 1 #037-8076-6,Liquidation◊Exclusivité,69.6,"6,99","22,99"
456,"Gaspe, QC","Cafetière à infusion à froid PADERNO en verre, 6 tasses, va au lave-vaisselle","Cafetière à infusion à froid PADERNO en verre, 6 tasses, va au lave-vaisselle",19.93,"19,93 $",39.99,"Était±  39,99 $prix était 39,99 $",19.93,"19,93 $",19.93,"19,93 $",true,https://www.canadiantire.ca/fr/pdp/cafetiere-a-infusion-a-froid-paderno-en-verre-6-tasses-va-au-lave-vaisselle-1429874p.html,https://www.canadiantire.ca/fr/pdp/cafetiere-a-infusion-a-froid-paderno-en-verre-6-tasses-va-au-lave-vaisselle-1429874p.html,https://media-www.canadiantire.ca/product/living/kitchen/dining-and-entertaining/1429874/paderno-precision-cold-brew-coffee-maker-be0b37ba-c771-452d-a07c-d9ddb75c463b-jpgrendition.jpg?im=whresize&wid=200&hei=200,https://media-www.canadiantire.ca/product/living/kitchen/dining-and-entertaining/1429874/paderno-precision-cold-brew-coffee-maker-be0b37ba-c771-452d-a07c-d9ddb75c463b-jpgrendition.jpg?im=whresize&wid=200&hei=200,,1429874,142-9874-8,Il n’en reste que 2 #142-9874-8,Liquidation◊Mieux notés,50.16,"19,93","39,99"
456,"Gaspe, QC",Console escamotable CANVAS Nelson,Console escamotable CANVAS Nelson,124.93,"124,93 $",249.99,"Était±  249,99 $prix était 249,99 $",124.93,"124,93 $",124.93,"124,93 $",true,https://www.canadiantire.ca/fr/pdp/console-escamotable-canvas-nelson-1680098p.html,https://www.canadiantire.ca/fr/pdp/console-escamotable-canvas-nelson-1680098p.html,https://media-www.canadiantire.ca/product/living/home-decor/furniture/1680098/canvas-nelson-extending-console-desk-75ec90a9-b17e-4e01-b2a5-010b27fda019-jpgrendition.jpg?im=whresize&wid=200&hei=200,https://media-www.canadiantire.ca/product/living/home-decor/furniture/1680098/canvas-nelson-extending-console-desk-75ec90a9-b17e-4e01-b2a5-010b27fda019-jpgrendition.jpg?im=whresize&wid=200&hei=200,,1680098,168-0098-0,Il n’en reste que 1 #168-0098-0,Liquidation◊Articles à succès,50.03,"124,93","249,99"
456,"Gaspe, QC","Diviseur/organisateur de tiroir à 8 compartiments The Home Edit par iDesign, petit","Diviseur/organisateur de tiroir à 8 compartiments The Home Edit par iDesign, petit",2.93,"2,93 $",5.99,"Était±  5,99 $prix était 5,99 $",2.93,"2,93 $",2.93,"2,93 $",true,https://www.canadiantire.ca/fr/pdp/diviseur-organisateur-de-tiroir-a-8-compartiments-the-home-edit-par-idesign-petit-0636331p.html,https://www.canadiantire.ca/fr/pdp/diviseur-organisateur-de-tiroir-a-8-compartiments-the-home-edit-par-idesign-petit-0636331p.html,https://media-www.canadiantire.ca/product/living/home-decor/bed-bath-decor/0636334/the-home-edit-tall-bin-divider-8e5e3f00-23ce-4d18-af35-0f209d41fc55-jpgrendition.jpg?im=whresize&wid=200&hei=200,https://media-www.canadiantire.ca/product/living/home-decor/bed-bath-decor/0636334/the-home-edit-tall-bin-divider-8e5e3f00-23ce-4d18-af35-0f209d41fc55-jpgrendition.jpg?im=whresize&wid=200&hei=200,,0636331,063-6331-6,Il n’en reste que 4 #063-6331-6,Liquidation◊Exclusivité,51.09,"2,93","5,99"
456,"Gaspe, QC","Bureau d'écriture à 2 tiroirs avec pattes en bois CANVAS Copenhagen, blanc","Bureau d'écriture à 2 tiroirs avec pattes en bois CANVAS Copenhagen, blanc",124.93,"124,93 $",249.99,"Était±  249,99 $prix était 249,99 $",124.93,"124,93 $",124.93,"124,93 $",true,https://www.canadiantire.ca/fr/pdp/bureau-d-ecriture-a-2-tiroirs-avec-pattes-en-bois-canvas-copenhagen-blanc-1680001p.html,https://www.canadiantire.ca/fr/pdp/bureau-d-ecriture-a-2-tiroirs-avec-pattes-en-bois-canvas-copenhagen-blanc-1680001p.html,https://media-www.canadiantire.ca/product/living/home-decor/furniture/1680001/canvas-copenhagen-desk-white-65504d37-b163-413f-8c21-d7b38602a9a3-jpgrendition.jpg?im=whresize&wid=200&hei=200,https://media-www.canadiantire.ca/product/living/home-decor/furniture/1680001/canvas-copenhagen-desk-white-65504d37-b163-413f-8c21-d7b38602a9a3-jpgrendition.jpg?im=whresize&wid=200&hei=200,,1680001,168-0001-0,Il n’en reste que 1 #168-0001-0,Liquidation◊Exclusivité,50.03,"124,93","249,99"
456,"Gaspe, QC","Chaise longue empilable For Living, bleu","Chaise longue empilable For Living, bleu",39.93,"39,93 $",79.99,"Était±  79,99 $prix était 79,99 $",39.93,"39,93 $",39.93,"39,93 $",true,https://www.canadiantire.ca/fr/pdp/chaise-longue-empilable-for-living-bleu-1881311p.html,https://www.canadiantire.ca/fr/pdp/chaise-longue-empilable-for-living-bleu-1881311p.html,https://media-www.canadiantire.ca/product/seasonal-gardening/backyard-living/outdoor-furniture/1881311/for-living-stacking-lounge-chair-blue-ffdc524a-12aa-4b4a-9bd0-c3d4eb89e7dd-jpgrendition.jpg?im=whresize&wid=200&hei=200,https://media-www.canadiantire.ca/product/seasonal-gardening/backyard-living/outdoor-furniture/1881311/for-living-stacking-lounge-chair-blue-ffdc524a-12aa-4b4a-9bd0-c3d4eb89e7dd-jpgrendition.jpg?im=whresize&wid=200&hei=200,,1881311,188-1311-8,Il n’en reste que 1 #188-1311-8,Liquidation◊Exclusivité,50.08,"39,93","79,99"
456,"Gaspe, QC","Banc d'extérieur/de jardin en osier à cadre en acier CANVAS Chambly, résistant aux intempéries","Banc d'extérieur/de jardin en osier à cadre en acier CANVAS Chambly, résistant aux intempéries",149.93,"149,93 $",299.99,"Était±  299,99 $prix était 299,99 $",149.93,"149,93 $",149.93,"149,93 $",true,https://www.canadiantire.ca/fr/pdp/banc-d-exterieur-de-jardin-en-osier-a-cadre-en-acier-canvas-chambly-resistant-aux-intemperies-1880277p.html,https://www.canadiantire.ca/fr/pdp/banc-d-exterieur-de-jardin-en-osier-a-cadre-en-acier-canvas-chambly-resistant-aux-intemperies-1880277p.html,https://media-www.canadiantire.ca/product/seasonal-gardening/backyard-living/outdoor-furniture/1880277/canvas-chambly-bench-cdc7c163-4422-4c33-96f2-bc18b4d43c9d-jpgrendition.jpg?im=whresize&wid=200&hei=200,https://media-www.canadiantire.ca/product/seasonal-gardening/backyard-living/outdoor-furniture/1880277/canvas-chambly-bench-cdc7c163-4422-4c33-96f2-bc18b4d43c9d-jpgrendition.jpg?im=whresize&wid=200&hei=200,,1880277,188-0277-6,Il n’en reste que 1 #188-0277-6,Liquidation◊Mieux notés,50.02,"149,93","299,99"
456,"Gaspe, QC","Cap Barbell - Barre longue de musculation 30 lb, 7 pi","Cap Barbell - Barre longue de musculation 30 lb, 7 pi",159.93,"159,93 $",319.99,"Était±  319,99 $prix était 319,99 $",159.93,"159,93 $",159.93,"159,93 $",true,https://www.canadiantire.ca/fr/pdp/cap-barbell-barre-longue-de-musculation-30-lb-7-pi-0840937p.html,https://www.canadiantire.ca/fr/pdp/cap-barbell-barre-longue-de-musculation-30-lb-7-pi-0840937p.html,https://media-www.canadiantire.ca/product/playing/exercise/strength/0840937/110lb-olympic-weight-set-1b6b38df-49f9-4575-afa2-bcf4a64ab384-jpgrendition.jpg?im=whresize&wid=200&hei=200,https://media-www.canadiantire.ca/product/playing/exercise/strength/0840937/110lb-olympic-weight-set-1b6b38df-49f9-4575-afa2-bcf4a64ab384-jpgrendition.jpg?im=whresize&wid=200&hei=200,,0840937,084-0937-2,Il n’en reste que 1 #084-0937-2,Liquidation◊,50.02,"159,93","319,99"
456,"Gaspe, QC","Cache-maillot à FPS Outbound, femmes, bleu","Cache-maillot à FPS Outbound, femmes, bleu",12.93,"12,93 $",32.99,"32,99 $Était   et+ prix était à partir de 32,99 $",12.93,"12,93 $",12.93,"12,93 $",true,https://www.canadiantire.ca/fr/pdp/cache-maillot-a-fps-outbound-femmes-bleu-1873987p.html,https://www.canadiantire.ca/fr/pdp/cache-maillot-a-fps-outbound-femmes-bleu-1873987p.html,https://media-www.canadiantire.ca/product/playing/footwear-apparel/summer-footwear-apparel/1874005/outbound-upf-kids-rashguard-top-youth-size-7-67896ae5-4060-4016-b0d8-d49d7fc21597-jpgrendition.jpg?im=whresize&wid=200&hei=200,https://media-www.canadiantire.ca/product/playing/footwear-apparel/summer-footwear-apparel/1874005/outbound-upf-kids-rashguard-top-youth-size-7-67896ae5-4060-4016-b0d8-d49d7fc21597-jpgrendition.jpg?im=whresize&wid=200&hei=200,,1873987,187-3987,Vérifiez la disponibilité#187-3987X,Liquidation◊Mieux notés,60.81,"12,93","32,99"
456,"Gaspe, QC","Gobelet isotherme à double paroi en acier inoxydable Sip Me Baby avec paille The Bird's Papaya x Manna, 24 oz","Gobelet isotherme à double paroi en acier inoxydable Sip Me Baby avec paille The Bird's Papaya x Manna, 24 oz",8.93,"8,93 $",24.99,"24,99 $Était   et+ prix était à partir de 24,99 $",8.93,"8,93 $",8.93,"8,93 $",true,https://www.canadiantire.ca/fr/pdp/gobelet-isotherme-a-double-paroi-en-acier-inoxydable-sip-me-baby-avec-paille-the-bird-s-papaya-x-manna-24-oz-2421053p.html,https://www.canadiantire.ca/fr/pdp/gobelet-isotherme-a-double-paroi-en-acier-inoxydable-sip-me-baby-avec-paille-the-bird-s-papaya-x-manna-24-oz-2421053p.html,https://media-www.canadiantire.ca/product/living/kitchen/food-storage/2421053/bird-s-papaya-24oz-pearl-white-fc22b9b4-e7ca-40c0-a78e-a45428750b71-jpgrendition.jpg?im=whresize&wid=200&hei=200,https://media-www.canadiantire.ca/product/living/kitchen/food-storage/2421053/bird-s-papaya-24oz-pearl-white-fc22b9b4-e7ca-40c0-a78e-a45428750b71-jpgrendition.jpg?im=whresize&wid=200&hei=200,,2421053,242-1053,Vérifiez la disponibilité#242-1053X,Liquidation◊Mieux notés,64.27,"8,93","24,99"
456,"Gaspe, QC","Système de chasse-neige Kolpin Switchblade 17-5000 pour VUTT, 60 à 72 po","Système de chasse-neige Kolpin Switchblade 17-5000 pour VUTT, 60 à 72 po",299.93,"299,93 $",639.99,"Était±  639,99 $prix était 639,99 $",299.93,"299,93 $",299.93,"299,93 $",true,https://www.canadiantire.ca/fr/pdp/systeme-de-chasse-neige-kolpin-switchblade-17-5000-pour-vutt-60-a-72-po-0278191p.html,https://www.canadiantire.ca/fr/pdp/systeme-de-chasse-neige-kolpin-switchblade-17-5000-pour-vutt-60-a-72-po-0278191p.html,https://media-www.canadiantire.ca/product/automotive/automotive-outdoor-adventure/powersport/0278191/kolpin-switchblade-utv-snow-plow-6be414a4-436b-41c4-be93-3a4d7abf7be6-jpgrendition.jpg?im=whresize&wid=200&hei=200,https://media-www.canadiantire.ca/product/automotive/automotive-outdoor-adventure/powersport/0278191/kolpin-switchblade-utv-snow-plow-6be414a4-436b-41c4-be93-3a4d7abf7be6-jpgrendition.jpg?im=whresize&wid=200&hei=200,,0278191,027-8191-4,Il n’en reste que 2 #027-8191-4,Liquidation◊,53.14,"299,93","639,99"
456,"Gaspe, QC","Boîtier à blocage de signal AutoTrends RFID, grand","Boîtier à blocage de signal AutoTrends RFID, grand",16.93,"16,93 $",34.99,"Était±  34,99 $prix était 34,99 $",16.93,"16,93 $",16.93,"16,93 $",true,https://www.canadiantire.ca/fr/pdp/boitier-a-blocage-de-signal-autotrends-rfid-grand-0379851p.html,https://www.canadiantire.ca/fr/pdp/boitier-a-blocage-de-signal-autotrends-rfid-grand-0379851p.html,https://media-www.canadiantire.ca/product/automotive/car-care-accessories/auto-accessories/0379851/rfid-signal-blocking-box-large-e22fbcf5-fa89-47c7-82b4-dab723e0f15c-jpgrendition.jpg?im=whresize&wid=200&hei=200,https://media-www.canadiantire.ca/product/automotive/car-care-accessories/auto-accessories/0379851/rfid-signal-blocking-box-large-e22fbcf5-fa89-47c7-82b4-dab723e0f15c-jpgrendition.jpg?im=whresize&wid=200&hei=200,,0379851,037-9851-4,Il n’en reste que 3 #037-9851-4,Liquidation◊Exclusivité,51.61,"16,93","34,99"
456,"Gaspe, QC","Tabouret de bar métal et bois CANVAS Union, paq. 2, brun","Tabouret de bar métal et bois CANVAS Union, paq. 2, brun",74.93,"74,93 $",229.99,"Était±  229,99 $prix était 229,99 $",74.93,"74,93 $",74.93,"74,93 $",true,https://www.canadiantire.ca/fr/pdp/tabouret-de-bar-metal-et-bois-canvas-union-paq-2-brun-0687563p.html,https://www.canadiantire.ca/fr/pdp/tabouret-de-bar-metal-et-bois-canvas-union-paq-2-brun-0687563p.html,https://media-www.canadiantire.ca/product/living/home-decor/furniture/0687563/canvas-union-stool-2-pk-29ecf7e3-3af9-4631-ab03-ba8946104db3-jpgrendition.jpg?im=whresize&wid=200&hei=200,https://media-www.canadiantire.ca/product/living/home-decor/furniture/0687563/canvas-union-stool-2-pk-29ecf7e3-3af9-4631-ab03-ba8946104db3-jpgrendition.jpg?im=whresize&wid=200&hei=200,,0687563,068-7563-8,Il n’en reste que 3 #068-7563-8,Liquidation◊Mieux notés,67.42,"74,93","229,99"
456,"Gaspe, QC",Shark HyperAIR IQ - Sèche-cheveux ionique à séchage rapide avec concentrateur 2-en-1,Shark HyperAIR IQ - Sèche-cheveux ionique à séchage rapide avec concentrateur 2-en-1,99.93,"99,93 $",249.99,"Était±  249,99 $prix était 249,99 $",99.93,"99,93 $",99.93,"99,93 $",true,https://www.canadiantire.ca/fr/pdp/shark-hyperair-iq-seche-cheveux-ionique-a-sechage-rapide-avec-concentrateur-2-en-1-0438670p.html,https://www.canadiantire.ca/fr/pdp/shark-hyperair-iq-seche-cheveux-ionique-a-sechage-rapide-avec-concentrateur-2-en-1-0438670p.html,https://media-www.canadiantire.ca/product/living/personal-garment-care/personal-care/0438670/shark-hyperair-fast-drying-ionic-hair-dryer-9754f838-add4-4a69-ac79-92451a52ad69-jpgrendition.jpg?im=whresize&wid=200&hei=200,https://media-www.canadiantire.ca/product/living/personal-garment-care/personal-care/0438670/shark-hyperair-fast-drying-ionic-hair-dryer-9754f838-add4-4a69-ac79-92451a52ad69-jpgrendition.jpg?im=whresize&wid=200&hei=200,,0438670,043-8670-4,8 En Stock#043-8670-4,Liquidation◊,60.03,"99,93","249,99"
456,"Gaspe, QC","Détecteur de montants de base à DEL Mastercraft, 3/4 po","Détecteur de montants de base à DEL Mastercraft, 3/4 po",9.93,"9,93 $",19.99,"Était±  19,99 $prix était 19,99 $",9.93,"9,93 $",9.93,"9,93 $",true,https://www.canadiantire.ca/fr/pdp/detecteur-de-montants-de-base-a-del-mastercraft-3-4-po-0574657p.html,https://www.canadiantire.ca/fr/pdp/detecteur-de-montants-de-base-a-del-mastercraft-3-4-po-0574657p.html,https://media-www.canadiantire.ca/product/fixing/tools/cutting-measuring/0574657/mastercraft-basic-stud-finder-64e0c55e-9e7f-435f-a8a8-a053de98684d-jpgrendition.jpg?im=whresize&wid=200&hei=200,https://media-www.canadiantire.ca/product/fixing/tools/cutting-measuring/0574657/mastercraft-basic-stud-finder-64e0c55e-9e7f-435f-a8a8-a053de98684d-jpgrendition.jpg?im=whresize&wid=200&hei=200,,0574657,057-4657-0,Il n’en reste que 4 #057-4657-0,Liquidation◊Exclusivité,50.33,"9,93","19,99"
456,"Gaspe, QC","Applique murale d'extérieur NOMA Dusk to Dawn, 13 po","Applique murale d'extérieur NOMA Dusk to Dawn, 13 po",39.95,"39,95 $",89.99,"Était±  89,99 $prix était 89,99 $",39.95,"39,95 $",39.95,"39,95 $",true,https://www.canadiantire.ca/fr/pdp/applique-murale-d-exterieur-noma-dusk-to-dawn-13-po-1522792p.html,https://www.canadiantire.ca/fr/pdp/applique-murale-d-exterieur-noma-dusk-to-dawn-13-po-1522792p.html,https://media-www.canadiantire.ca/product/fixing/electrical/lighting/1522792/noma-dusk-to-dawn-13a-outdoor-wall-sconce-523c1a7b-8575-4e83-a368-e2a01e78270a-jpgrendition.jpg?im=whresize&wid=200&hei=200,https://media-www.canadiantire.ca/product/fixing/electrical/lighting/1522792/noma-dusk-to-dawn-13a-outdoor-wall-sconce-523c1a7b-8575-4e83-a368-e2a01e78270a-jpgrendition.jpg?im=whresize&wid=200&hei=200,,1522792,152-2792-0,Il n’en reste que 2 #152-2792-0,Liquidation◊Mieux notés,55.61,"39,95","89,99"
456,"Gaspe, QC","Sac-repas isotherme S'well Gourmet To Go avec poignée, noir","Sac-repas isotherme S'well Gourmet To Go avec poignée, noir",9.93,"9,93 $",19.99,"Était±  19,99 $prix était 19,99 $",9.93,"9,93 $",9.93,"9,93 $",true,https://www.canadiantire.ca/fr/pdp/sac-repas-isotherme-s-well-gourmet-to-go-avec-poignee-noir-2425518p.html,https://www.canadiantire.ca/fr/pdp/sac-repas-isotherme-s-well-gourmet-to-go-avec-poignee-noir-2425518p.html,https://media-www.canadiantire.ca/product/living/kitchen/food-storage/2425518/built-gourmet-to-go-lunch-tote-black-3943c5cb-fb76-4d2f-8c2a-f01f3fb05ca4-jpgrendition.jpg?im=whresize&wid=200&hei=200,https://media-www.canadiantire.ca/product/living/kitchen/food-storage/2425518/built-gourmet-to-go-lunch-tote-black-3943c5cb-fb76-4d2f-8c2a-f01f3fb05ca4-jpgrendition.jpg?im=whresize&wid=200&hei=200,,2425518,242-5518-4,Il n’en reste que 5 #242-5518-4,Liquidation◊Mieux notés,50.33,"9,93","19,99"
456,"Gaspe, QC","Teintures à bois d'intérieur à base d'huile Varathane Ultimate, couverture en une couche, 236 mL/0,25 pte","Teintures à bois d'intérieur à base d'huile Varathane Ultimate, couverture en une couche, 236 mL/0,25 pte",7.93,"7,93 $",18.99,"18,99 $Était   et+ prix était à partir de 18,99 $",7.93,"7,93 $",7.93,"7,93 $",true,https://www.canadiantire.ca/fr/pdp/teintures-a-bois-d-interieur-a-base-d-huile-varathane-ultimate-couverture-en-une-couche-236-ml-0-25-pte-0489924p.html,https://www.canadiantire.ca/fr/pdp/teintures-a-bois-d-interieur-a-base-d-huile-varathane-ultimate-couverture-en-une-couche-236-ml-0-25-pte-0489924p.html,https://media-www.canadiantire.ca/product/fixing/paint/paints/0489929/varathane-ultimate-stain-236ml-america-walnut-0a678f71-587d-46d9-ba7b-6c1805456ec2.png?im=whresize&wid=200&hei=200,https://media-www.canadiantire.ca/product/fixing/paint/paints/0489929/varathane-ultimate-stain-236ml-america-walnut-0a678f71-587d-46d9-ba7b-6c1805456ec2.png?im=whresize&wid=200&hei=200,,0489924,048-9924,Vérifiez la disponibilité#048-9924X,Liquidation◊Mieux notés,58.24,"7,93","18,99"
456,"Gaspe, QC","Matelas flottant pour 2 personnes Stella et Finn, bleu, 85 1/2 x 72 po","Matelas flottant pour 2 personnes Stella et Finn, bleu, 85 1/2 x 72 po",19.93,"19,93 $",59.99,"Était±  59,99 $prix était 59,99 $",19.93,"19,93 $",19.93,"19,93 $",true,https://www.canadiantire.ca/fr/pdp/matelas-flottant-pour-2-personnes-stella-et-finn-bleu-85-1-2-x-72-po-0813952p.html,https://www.canadiantire.ca/fr/pdp/matelas-flottant-pour-2-personnes-stella-et-finn-bleu-85-1-2-x-72-po-0813952p.html,https://media-www.canadiantire.ca/product/seasonal-gardening/backyard-fun/pool-fun/0813952/stella-finn-2-person-wave-mat-e8e13bc0-71bb-4b7c-9c0a-6fd1cbbd2046-jpgrendition.jpg?im=whresize&wid=200&hei=200,https://media-www.canadiantire.ca/product/seasonal-gardening/backyard-fun/pool-fun/0813952/stella-finn-2-person-wave-mat-e8e13bc0-71bb-4b7c-9c0a-6fd1cbbd2046-jpgrendition.jpg?im=whresize&wid=200&hei=200,,0813952,081-3952-2,Il n’en reste que 1 #081-3952-2,Liquidation◊Exclusivité,66.78,"19,93","59,99"
456,"Gaspe, QC","Aspirateur-shampouineuse compact Simoniz PWR POD pour traitement localisé des tapis et tissus, outil seulement","Aspirateur-shampouineuse compact Simoniz PWR POD pour traitement localisé des tapis et tissus, outil seulement",62.93,"62,93 $",129.99,"Était±  129,99 $prix était 129,99 $",62.93,"62,93 $",62.93,"62,93 $",true,https://www.canadiantire.ca/fr/pdp/aspirateur-shampouineuse-compact-simoniz-pwr-pod-pour-traitement-localise-des-tapis-et-tissus-outil-seulement-0398251p.html,https://www.canadiantire.ca/fr/pdp/aspirateur-shampouineuse-compact-simoniz-pwr-pod-pour-traitement-localise-des-tapis-et-tissus-outil-seulement-0398251p.html,https://media-www.canadiantire.ca/product/automotive/car-care-accessories/auto-cleaning-tools/0398251/simoniz-pwr-pod-spot-cleaner-b3cd04e3-64cb-4fa9-b749-9ef34bbf2e9d-jpgrendition.jpg?im=whresize&wid=200&hei=200,https://media-www.canadiantire.ca/product/automotive/car-care-accessories/auto-cleaning-tools/0398251/simoniz-pwr-pod-spot-cleaner-b3cd04e3-64cb-4fa9-b749-9ef34bbf2e9d-jpgrendition.jpg?im=whresize&wid=200&hei=200,,0398251,039-8251-4,Il n’en reste que 2 #039-8251-4,Liquidation◊Exclusivité,51.59,"62,93","129,99"
456,"Gaspe, QC","Casque Origine Delta modulaire, visière électrique, noir/titane","Casque Origine Delta modulaire, visière électrique, noir/titane",139.93,"139,93 $",289.99,"289,99 $Était   et+ prix était à partir de 289,99 $",139.93,"139,93 $",139.93,"139,93 $",true,https://www.canadiantire.ca/fr/pdp/casque-origine-delta-modulaire-visiere-electrique-noir-titane-0262826p.html,https://www.canadiantire.ca/fr/pdp/casque-origine-delta-modulaire-visiere-electrique-noir-titane-0262826p.html,https://media-www.canadiantire.ca/product/automotive/automotive-outdoor-adventure/powersport/0262826/origine-delta-modular-snow-w-elec-shield-black-titanium-s-27d3e06d-7103-4ee1-8c9c-394c946451d7-jpgrendition.jpg?im=whresize&wid=200&hei=200,https://media-www.canadiantire.ca/product/automotive/automotive-outdoor-adventure/powersport/0262826/origine-delta-modular-snow-w-elec-shield-black-titanium-s-27d3e06d-7103-4ee1-8c9c-394c946451d7-jpgrendition.jpg?im=whresize&wid=200&hei=200,,0262826,026-2826,Vérifiez la disponibilité#026-2826X,Liquidation◊Mieux notés,51.75,"139,93","289,99"
456,"Gaspe, QC","Coffre à outils portatif à plusieurs niveaux DEWALT Triangle avec prise de courant intégrée, 36 po","Coffre à outils portatif à plusieurs niveaux DEWALT Triangle avec prise de courant intégrée, 36 po",399.93,"399,93 $",799.99,"Était±  799,99 $prix était 799,99 $",399.93,"399,93 $",399.93,"399,93 $",true,https://www.canadiantire.ca/fr/pdp/coffre-a-outils-portatif-a-plusieurs-niveaux-dewalt-triangle-avec-prise-de-courant-integree-36-po-0580124p.html,https://www.canadiantire.ca/fr/pdp/coffre-a-outils-portatif-a-plusieurs-niveaux-dewalt-triangle-avec-prise-de-courant-integree-36-po-0580124p.html,https://media-www.canadiantire.ca/product/fixing/tools/tool-storage/0580124/dewalt-36-triangle-tool-box-dc3e82d5-2404-40c2-96eb-db1ef6bec8d8-jpgrendition.jpg?im=whresize&wid=200&hei=200,https://media-www.canadiantire.ca/product/fixing/tools/tool-storage/0580124/dewalt-36-triangle-tool-box-dc3e82d5-2404-40c2-96eb-db1ef6bec8d8-jpgrendition.jpg?im=whresize&wid=200&hei=200,,0580124,058-0124-0,Il n’en reste que 2 #058-0124-0,Liquidation◊Mieux notés,50.01,"399,93","799,99"
456,"Gaspe, QC",Fauteuil moelleux coeur rose pour enfant,Fauteuil moelleux coeur rose pour enfant,39.93,"39,93 $",79.99,"Était±  79,99 $prix était 79,99 $",39.93,"39,93 $",39.93,"39,93 $",true,https://www.canadiantire.ca/fr/pdp/fauteuil-moelleux-coeur-rose-pour-enfant-1501106p.html,https://www.canadiantire.ca/fr/pdp/fauteuil-moelleux-coeur-rose-pour-enfant-1501106p.html,https://media-www.canadiantire.ca/product/seasonal-gardening/toys/preschool-toys-activities/1501106/plush-soft-seat-pink-heart-edb7ff3a-0175-416c-8f15-76b7fa894ea8-jpgrendition.jpg?im=whresize&wid=200&hei=200,https://media-www.canadiantire.ca/product/seasonal-gardening/toys/preschool-toys-activities/1501106/plush-soft-seat-pink-heart-edb7ff3a-0175-416c-8f15-76b7fa894ea8-jpgrendition.jpg?im=whresize&wid=200&hei=200,,1501106,150-1106-6,Il n’en reste que 1 #150-1106-6,Liquidation◊Mieux notés,50.08,"39,93","79,99"
456,"Gaspe, QC","Piquet de jardin à mini ampoules à DEL For Living Lily, 32,68 po, choix varié","Piquet de jardin à mini ampoules à DEL For Living Lily, 32,68 po, choix varié",16.95,"16,95 $",34.99,"Était±  34,99 $prix était 34,99 $",16.95,"16,95 $",16.95,"16,95 $",true,https://www.canadiantire.ca/fr/pdp/piquet-de-jardin-a-mini-ampoules-a-del-for-living-lily-32-68-po-choix-varie-0591388p.html,https://www.canadiantire.ca/fr/pdp/piquet-de-jardin-a-mini-ampoules-a-del-for-living-lily-32-68-po-choix-varie-0591388p.html,https://media-www.canadiantire.ca/product/seasonal-gardening/backyard-living/outdoor-living-accessories/0591388/for-living-solar-lily-stake-microdot-led-24dec55c-bdd2-4666-9bf5-db5053a84047-jpgrendition.jpg?im=whresize&wid=200&hei=200,https://media-www.canadiantire.ca/product/seasonal-gardening/backyard-living/outdoor-living-accessories/0591388/for-living-solar-lily-stake-microdot-led-24dec55c-bdd2-4666-9bf5-db5053a84047-jpgrendition.jpg?im=whresize&wid=200&hei=200,,0591388,059-1388-4,Il n’en reste que 1 #059-1388-4,Liquidation◊Mieux notés,51.56,"16,95","34,99"
456,"Gaspe, QC","Canapé d'extérieur/de jardin CANVAS Jasper en aluminium et en osier résistant aux intempéries, coussins résistants à l'eau et aux rayons UV","Canapé d'extérieur/de jardin CANVAS Jasper en aluminium et en osier résistant aux intempéries, coussins résistants à l'eau et aux rayons UV",399.93,"399,93 $",999.99,"Était±  999,99 $prix était 999,99 $",399.93,"399,93 $",399.93,"399,93 $",true,https://www.canadiantire.ca/fr/pdp/canape-d-exterieur-de-jardin-canvas-jasper-en-aluminium-et-en-osier-resistant-aux-intemperies-coussins-resistants-a-l-eau-et-aux-rayons-uv-1880274p.html,https://www.canadiantire.ca/fr/pdp/canape-d-exterieur-de-jardin-canvas-jasper-en-aluminium-et-en-osier-resistant-aux-intemperies-coussins-resistants-a-l-eau-et-aux-rayons-uv-1880274p.html,https://media-www.canadiantire.ca/product/seasonal-gardening/backyard-living/outdoor-furniture/1880274/canvas-jasper-couch-03b491ef-13a4-414d-adfc-189c90374e2d.png?im=whresize&wid=200&hei=200,https://media-www.canadiantire.ca/product/seasonal-gardening/backyard-living/outdoor-furniture/1880274/canvas-jasper-couch-03b491ef-13a4-414d-adfc-189c90374e2d.png?im=whresize&wid=200&hei=200,,1880274,188-0274-2,Il n’en reste que 1 #188-0274-2,Liquidation◊Mieux notés,60.01,"399,93","999,99"
456,"Gaspe, QC","Sacs réutilisables pour barbecue COOKINA PAKS, 100 % antiadhésif, paq. 2","Sacs réutilisables pour barbecue COOKINA PAKS, 100 % antiadhésif, paq. 2",1.93,"1,93 $",14.99,"Était±  14,99 $prix était 14,99 $",1.93,"1,93 $",1.93,"1,93 $",true,https://www.canadiantire.ca/fr/pdp/sacs-reutilisables-pour-barbecue-cookina-paks-100-antiadhesif-paq-2-0852238p.html,https://www.canadiantire.ca/fr/pdp/sacs-reutilisables-pour-barbecue-cookina-paks-100-antiadhesif-paq-2-0852238p.html,https://media-www.canadiantire.ca/product/seasonal-gardening/backyard-living/outdoor-cooking-accessories/0852238/cookina-bbq-pocket-96916823-dc93-4f53-b17c-ff70804f3bfe-jpgrendition.jpg?im=whresize&wid=200&hei=200,https://media-www.canadiantire.ca/product/seasonal-gardening/backyard-living/outdoor-cooking-accessories/0852238/cookina-bbq-pocket-96916823-dc93-4f53-b17c-ff70804f3bfe-jpgrendition.jpg?im=whresize&wid=200&hei=200,,0852238,085-2238-2,22 En Stock#085-2238-2,Liquidation◊,87.12,"1,93","14,99"
456,"Gaspe, QC","Tapis d'intérieur et d'extérieur CANVAS Vels Elora, 8 x 10 pi","Tapis d'intérieur et d'extérieur CANVAS Vels Elora, 8 x 10 pi",99.95,"99,95 $",239.99,"Était±  239,99 $prix était 239,99 $",99.95,"99,95 $",99.95,"99,95 $",true,https://www.canadiantire.ca/fr/pdp/tapis-d-interieur-et-d-exterieur-canvas-vels-elora-8-x-10-pi-0680040p.html,https://www.canadiantire.ca/fr/pdp/tapis-d-interieur-et-d-exterieur-canvas-vels-elora-8-x-10-pi-0680040p.html,https://media-www.canadiantire.ca/product/living/home-decor/floor-window-decor/0680040/vels-indoor-outdoor-rug-818885c7-156c-4fc3-b598-3c31269d50eb-jpgrendition.jpg?im=whresize&wid=200&hei=200,https://media-www.canadiantire.ca/product/living/home-decor/floor-window-decor/0680040/vels-indoor-outdoor-rug-818885c7-156c-4fc3-b598-3c31269d50eb-jpgrendition.jpg?im=whresize&wid=200&hei=200,,0680040,068-0040-4,Il n’en reste que 1 #068-0040-4,Liquidation◊Mieux notés,58.35,"99,95","239,99"
456,"Gaspe, QC","Range-tout profond The Home Edit par iDesign, grand","Range-tout profond The Home Edit par iDesign, grand",9.93,"9,93 $",19.99,"Était±  19,99 $prix était 19,99 $",9.93,"9,93 $",9.93,"9,93 $",true,https://www.canadiantire.ca/fr/pdp/range-tout-profond-the-home-edit-par-idesign-grand-0636317p.html,https://www.canadiantire.ca/fr/pdp/range-tout-profond-the-home-edit-par-idesign-grand-0636317p.html,https://media-www.canadiantire.ca/product/living/home-decor/bed-bath-decor/0636334/the-home-edit-tall-bin-divider-3aa2b3a8-6073-4152-829e-b0ed3b456fee-jpgrendition.jpg?im=whresize&wid=200&hei=200,https://media-www.canadiantire.ca/product/living/home-decor/bed-bath-decor/0636334/the-home-edit-tall-bin-divider-3aa2b3a8-6073-4152-829e-b0ed3b456fee-jpgrendition.jpg?im=whresize&wid=200&hei=200,,0636317,063-6317-2,Il n’en reste que 2 #063-6317-2,Liquidation◊Articles à succès,50.33,"9,93","19,99"
456,"Gaspe, QC","Tapis de salle de bains en mousse viscoélastique For Living, 20 x 34 po","Tapis de salle de bains en mousse viscoélastique For Living, 20 x 34 po",9.93,"9,93 $",19.99,"19,99 $Était   et+ prix était à partir de 19,99 $",9.93,"9,93 $",9.93,"9,93 $",true,https://www.canadiantire.ca/fr/pdp/tapis-de-salle-de-bains-en-mousse-viscoelastique-for-living-20-x-34-po-0632716p.html,https://www.canadiantire.ca/fr/pdp/tapis-de-salle-de-bains-en-mousse-viscoelastique-for-living-20-x-34-po-0632716p.html,https://media-www.canadiantire.ca/product/living/home-decor/bed-bath-decor/0632716/grey-memory-foam-bathroom-mat-20x34-113377ca-3b86-4ef6-b896-8244d52d7afd-jpgrendition.jpg?im=whresize&wid=200&hei=200,https://media-www.canadiantire.ca/product/living/home-decor/bed-bath-decor/0632716/grey-memory-foam-bathroom-mat-20x34-113377ca-3b86-4ef6-b896-8244d52d7afd-jpgrendition.jpg?im=whresize&wid=200&hei=200,,0632716,063-2716,Vérifiez la disponibilité#063-2716X,Liquidation◊Exclusivité,50.33,"9,93","19,99"
456,"Gaspe, QC",Montre d’activité intelligente Sech Fusion avec écran tactile couleur,Montre d’activité intelligente Sech Fusion avec écran tactile couleur,25.88,"25,88 $",69.99,"Était±  69,99 $prix était 69,99 $",25.88,"25,88 $",25.88,"25,88 $",true,https://www.canadiantire.ca/fr/pdp/montre-d-activite-intelligente-sech-fusion-avec-ecran-tactile-couleur-0356235p.html,https://www.canadiantire.ca/fr/pdp/montre-d-activite-intelligente-sech-fusion-avec-ecran-tactile-couleur-0356235p.html,https://media-www.canadiantire.ca/product/automotive/car-care-accessories/auto-electronics/0356235/sech-fusion-smart-watch-1d020c43-5e7f-4869-b241-5bcb75be795c-jpgrendition.jpg?im=whresize&wid=200&hei=200,https://media-www.canadiantire.ca/product/automotive/car-care-accessories/auto-electronics/0356235/sech-fusion-smart-watch-1d020c43-5e7f-4869-b241-5bcb75be795c-jpgrendition.jpg?im=whresize&wid=200&hei=200,,0356235,035-6235-4,,Liquidation◊Exclusivité,63.02,"25,88","69,99"
456,"Gaspe, QC","Veste de travail imperméable Dry Core Forcefield à capuchon amovible, hommes, noir","Veste de travail imperméable Dry Core Forcefield à capuchon amovible, hommes, noir",44.93,"44,93 $",89.99,"89,99 $Était   et+ prix était à partir de 89,99 $",44.93,"44,93 $",44.93,"44,93 $",true,https://www.canadiantire.ca/fr/pdp/veste-de-travail-impermeable-dry-core-forcefield-a-capuchon-amovible-hommes-noir-0891623p.html,https://www.canadiantire.ca/fr/pdp/veste-de-travail-impermeable-dry-core-forcefield-a-capuchon-amovible-hommes-noir-0891623p.html,https://media-www.canadiantire.ca/product/playing/footwear-apparel/work-footwear-apparel/0891623/forcefield-men-s-dry-core-industrial-rain-jacket-m-e21838f4-2caa-43c8-a1eb-c0143ae09dc5-jpgrendition.jpg?im=whresize&wid=200&hei=200,https://media-www.canadiantire.ca/product/playing/footwear-apparel/work-footwear-apparel/0891623/forcefield-men-s-dry-core-industrial-rain-jacket-m-e21838f4-2caa-43c8-a1eb-c0143ae09dc5-jpgrendition.jpg?im=whresize&wid=200&hei=200,,0891623,089-1623,Vérifiez la disponibilité#089-1623X,Liquidation◊Articles à succès,50.07,"44,93","89,99"
456,"Gaspe, QC","Étagère Ziva à 3 tablettes, support de poids pour haltères, haltères russes","Étagère Ziva à 3 tablettes, support de poids pour haltères, haltères russes",179.93,"179,93 $",399.99,"Était±  399,99 $prix était 399,99 $",179.93,"179,93 $",179.93,"179,93 $",true,https://www.canadiantire.ca/fr/pdp/etagere-ziva-a-3-tablettes-support-de-poids-pour-halteres-halteres-russes-1841869p.html,https://www.canadiantire.ca/fr/pdp/etagere-ziva-a-3-tablettes-support-de-poids-pour-halteres-halteres-russes-1841869p.html,https://media-www.canadiantire.ca/product/playing/exercise/strength/1841869/ziva-3-tier-storage-rack-cb9baf50-3c80-4ca8-bddf-98bd5c49a1a5-jpgrendition.jpg?im=whresize&wid=200&hei=200,https://media-www.canadiantire.ca/product/playing/exercise/strength/1841869/ziva-3-tier-storage-rack-cb9baf50-3c80-4ca8-bddf-98bd5c49a1a5-jpgrendition.jpg?im=whresize&wid=200&hei=200,,1841869,184-1869-0,Il n’en reste que 3 #184-1869-0,Liquidation◊,55.02,"179,93","399,99"
456,"Gaspe, QC","Table de soccer de table Ambassador, fini bois, 48 po","Table de soccer de table Ambassador, fini bois, 48 po",69.93,"69,93 $",169.99,"Était±  169,99 $prix était 169,99 $",69.93,"69,93 $",69.93,"69,93 $",true,https://www.canadiantire.ca/fr/pdp/table-de-soccer-de-table-ambassador-fini-bois-48-po-1840106p.html,https://www.canadiantire.ca/fr/pdp/table-de-soccer-de-table-ambassador-fini-bois-48-po-1840106p.html,https://media-www.canadiantire.ca/product/playing/team-sports-and-golf/sports-equipment-accessories/1840106/-48-foosball--7b2776e4-d562-4d02-bb52-ff449d124dde-jpgrendition.jpg?im=whresize&wid=200&hei=200,https://media-www.canadiantire.ca/product/playing/team-sports-and-golf/sports-equipment-accessories/1840106/-48-foosball--7b2776e4-d562-4d02-bb52-ff449d124dde-jpgrendition.jpg?im=whresize&wid=200&hei=200,,1840106,184-0106-2,Il n’en reste que 2 #184-0106-2,Liquidation◊,58.86,"69,93","169,99"
456,"Gaspe, QC",Sonnette avec fausse caméra sans fil à piles avec montage en surface Globe,Sonnette avec fausse caméra sans fil à piles avec montage en surface Globe,14.93,"14,93 $",29.99,"Était±  29,99 $prix était 29,99 $",14.93,"14,93 $",14.93,"14,93 $",true,https://www.canadiantire.ca/fr/pdp/sonnette-avec-fausse-camera-sans-fil-a-piles-avec-montage-en-surface-globe-0521746p.html,https://www.canadiantire.ca/fr/pdp/sonnette-avec-fausse-camera-sans-fil-a-piles-avec-montage-en-surface-globe-0521746p.html,https://media-www.canadiantire.ca/product/fixing/hardware/curb-appeal/0521746/camera-doorbell-wireless-c2cf4e47-a4d6-4345-8398-0124dfc073ba-jpgrendition.jpg?im=whresize&wid=200&hei=200,https://media-www.canadiantire.ca/product/fixing/hardware/curb-appeal/0521746/camera-doorbell-wireless-c2cf4e47-a4d6-4345-8398-0124dfc073ba-jpgrendition.jpg?im=whresize&wid=200&hei=200,,0521746,052-1746-6,Il n’en reste que 2 #052-1746-6,Liquidation◊,50.22,"14,93","29,99"
456,"Gaspe, QC",Cours en ligne prépayé et carte d’accès pour examen d’embarcation de plaisance BOATsmart!MD,Cours en ligne prépayé et carte d’accès pour examen d’embarcation de plaisance BOATsmart!MD,12.93,"12,93 $",39.99,"Était±  39,99 $prix était 39,99 $",12.93,"12,93 $",12.93,"12,93 $",true,https://www.canadiantire.ca/fr/pdp/cours-en-ligne-prepaye-et-carte-d-acces-pour-examen-d-embarcation-de-plaisance-boatsmart-md-0790093p.html,https://www.canadiantire.ca/fr/pdp/cours-en-ligne-prepaye-et-carte-d-acces-pour-examen-d-embarcation-de-plaisance-boatsmart-md-0790093p.html,https://media-www.canadiantire.ca/product/playing/seasonal-recreation/marine-power-boating/0790093/boat-smart-pcoc-prepaid-exam-card-e896fc16-08f3-4431-94b3-4b27b2160728-jpgrendition.jpg?im=whresize&wid=200&hei=200,https://media-www.canadiantire.ca/product/playing/seasonal-recreation/marine-power-boating/0790093/boat-smart-pcoc-prepaid-exam-card-e896fc16-08f3-4431-94b3-4b27b2160728-jpgrendition.jpg?im=whresize&wid=200&hei=200,,0790093,079-0093-2,Il n’en reste que 1 #079-0093-2,Liquidation◊Mieux notés,67.67,"12,93","39,99"
456,"Gaspe, QC","Robinet d'évier de cuisine rétractable Danze Smartsense, acier inoxydable","Robinet d'évier de cuisine rétractable Danze Smartsense, acier inoxydable",169.95,"169,95 $",339.99,"Était±  339,99 $prix était 339,99 $",169.95,"169,95 $",169.95,"169,95 $",true,https://www.canadiantire.ca/fr/pdp/robinet-d-evier-de-cuisine-retractable-danze-smartsense-acier-inoxydable-0634826p.html,https://www.canadiantire.ca/fr/pdp/robinet-d-evier-de-cuisine-retractable-danze-smartsense-acier-inoxydable-0634826p.html,https://media-www.canadiantire.ca/product/fixing/plumbing/faucets-fixtures/0634826/danze-smartsense-1h-kitchen-pull-down-faucet-stainless-steel-d22462dc-b7db-475f-a0b2-dbe4ec318ffe-jpgrendition.jpg?im=whresize&wid=200&hei=200,https://media-www.canadiantire.ca/product/fixing/plumbing/faucets-fixtures/0634826/danze-smartsense-1h-kitchen-pull-down-faucet-stainless-steel-d22462dc-b7db-475f-a0b2-dbe4ec318ffe-jpgrendition.jpg?im=whresize&wid=200&hei=200,,0634826,063-4826-2,13 En Stock#063-4826-2,Liquidation◊Exclusivité,50.01,"169,95","339,99"
456,"Gaspe, QC","Applique de salle de bain à 3 lampes avec abat-jour en verre blanc opale CANVAS Essence, nickel brossé","Applique de salle de bain à 3 lampes avec abat-jour en verre blanc opale CANVAS Essence, nickel brossé",49.93,"49,93 $",119.99,"Était±  119,99 $prix était 119,99 $",49.93,"49,93 $",49.93,"49,93 $",true,https://www.canadiantire.ca/fr/pdp/applique-de-salle-de-bain-a-3-lampes-avec-abat-jour-en-verre-blanc-opale-canvas-essence-nickel-brosse-0523602p.html,https://www.canadiantire.ca/fr/pdp/applique-de-salle-de-bain-a-3-lampes-avec-abat-jour-en-verre-blanc-opale-canvas-essence-nickel-brosse-0523602p.html,https://media-www.canadiantire.ca/product/living/home-decor/lighting/0523602/canvas-vanity-3-light-essence-04a5f34c-a07f-4d50-acf6-40e062cd9d1d-jpgrendition.jpg?im=whresize&wid=200&hei=200,https://media-www.canadiantire.ca/product/living/home-decor/lighting/0523602/canvas-vanity-3-light-essence-04a5f34c-a07f-4d50-acf6-40e062cd9d1d-jpgrendition.jpg?im=whresize&wid=200&hei=200,,0523602,052-3602-6,Il n’en reste que 1 #052-3602-6,Liquidation◊Mieux notés,58.39,"49,93","119,99"
456,"Gaspe, QC","Vermont Castings Woodland - Barbecue à granules, 750 po2","Vermont Castings Woodland - Barbecue à granules, 750 po2",499.93,"499,93 $",1099.99,"Était±  1 099,99 $prix était 1 099,99 $",499.93,"499,93 $",499.93,"499,93 $",true,https://www.canadiantire.ca/fr/pdp/vermont-castings-woodland-barbecue-a-granules-750-po2-0853172p.html,https://www.canadiantire.ca/fr/pdp/vermont-castings-woodland-barbecue-a-granules-750-po2-0853172p.html,https://media-www.canadiantire.ca/product/seasonal-gardening/backyard-living/outdoor-cooking/0853172/vermont-castings-750-sq-in-pellet-grill-051dbc41-66b7-4c1f-a767-bce664c8ff7f-jpgrendition.jpg?im=whresize&wid=200&hei=200,https://media-www.canadiantire.ca/product/seasonal-gardening/backyard-living/outdoor-cooking/0853172/vermont-castings-750-sq-in-pellet-grill-051dbc41-66b7-4c1f-a767-bce664c8ff7f-jpgrendition.jpg?im=whresize&wid=200&hei=200,,0853172,085-3172-0,Il n’en reste que 2 #085-3172-0,Liquidation◊Exclusivité,54.55,"499,93","1099,99"
456,"Gaspe, QC","Disques volants portatifs pour l'extérieur Kan Jam, jaune/noir, 8 ans et plus, pour activités de jeu de pelouse","Disques volants portatifs pour l'extérieur Kan Jam, jaune/noir, 8 ans et plus, pour activités de jeu de pelouse",44.93,"44,93 $",89.99,"Était±  89,99 $prix était 89,99 $",44.93,"44,93 $",44.93,"44,93 $",true,https://www.canadiantire.ca/fr/pdp/disques-volants-portatifs-pour-l-exterieur-kan-jam-jaune-noir-8-ans-et-plus-pour-activites-de-jeu-de-pelouse-1840761p.html,https://www.canadiantire.ca/fr/pdp/disques-volants-portatifs-pour-l-exterieur-kan-jam-jaune-noir-8-ans-et-plus-pour-activites-de-jeu-de-pelouse-1840761p.html,https://media-www.canadiantire.ca/product/seasonal-gardening/backyard-fun/backyard-amusement/1840761/kan-jam-97e5a4da-da13-43a1-b181-6757efec4cb0-jpgrendition.jpg?im=whresize&wid=200&hei=200,https://media-www.canadiantire.ca/product/seasonal-gardening/backyard-fun/backyard-amusement/1840761/kan-jam-97e5a4da-da13-43a1-b181-6757efec4cb0-jpgrendition.jpg?im=whresize&wid=200&hei=200,,1840761,184-0761-0,Il n’en reste que 1 #184-0761-0,Liquidation◊,50.07,"44,93","89,99"
456,"Gaspe, QC","Mon premier centre de jeux en bois Plum, 18 mois et plus","Mon premier centre de jeux en bois Plum, 18 mois et plus",149.95,"149,95 $",399.99,"Était±  399,99 $prix était 399,99 $",149.95,"149,95 $",149.95,"149,95 $",true,https://www.canadiantire.ca/fr/pdp/mon-premier-centre-de-jeux-en-bois-plum-18-mois-et-plus-1840753p.html,https://www.canadiantire.ca/fr/pdp/mon-premier-centre-de-jeux-en-bois-plum-18-mois-et-plus-1840753p.html,https://media-www.canadiantire.ca/product/seasonal-gardening/backyard-fun/backyard-amusement/1840753/plum-my-first-play-center-f3419400-b8a0-45c1-8f53-95186f8f84d1-jpgrendition.jpg?im=whresize&wid=200&hei=200,https://media-www.canadiantire.ca/product/seasonal-gardening/backyard-fun/backyard-amusement/1840753/plum-my-first-play-center-f3419400-b8a0-45c1-8f53-95186f8f84d1-jpgrendition.jpg?im=whresize&wid=200&hei=200,,1840753,184-0753-0,Il n’en reste que 1 #184-0753-0,Liquidation◊,62.51,"149,95","399,99"
456,"Gaspe, QC","Haut antifrottements Outbound à manches longues, coupe décontractée, protection UV, hommes, bleu","Haut antifrottements Outbound à manches longues, coupe décontractée, protection UV, hommes, bleu",9.93,"9,93 $",27.99,"27,99 $Était   et+ prix était à partir de 27,99 $",9.93,"9,93 $",9.93,"9,93 $",true,https://www.canadiantire.ca/fr/pdp/haut-antifrottements-outbound-a-manches-longues-coupe-decontractee-protection-uv-hommes-bleu-1873384p.html,https://www.canadiantire.ca/fr/pdp/haut-antifrottements-outbound-a-manches-longues-coupe-decontractee-protection-uv-hommes-bleu-1873384p.html,https://media-www.canadiantire.ca/product/playing/footwear-apparel/summer-footwear-apparel/1873384/outbound-upf-long-sleeve-rashguard-men-size-m-46da2a91-f345-4e70-89b8-a336851a961a-jpgrendition.jpg?im=whresize&wid=200&hei=200,https://media-www.canadiantire.ca/product/playing/footwear-apparel/summer-footwear-apparel/1873384/outbound-upf-long-sleeve-rashguard-men-size-m-46da2a91-f345-4e70-89b8-a336851a961a-jpgrendition.jpg?im=whresize&wid=200&hei=200,,1873384,187-3384,Vérifiez la disponibilité#187-3384X,Liquidation◊Mieux notés,64.52,"9,93","27,99"
456,"Gaspe, QC",Cap Barbell - Support de rangement noir pour disque de musculation,Cap Barbell - Support de rangement noir pour disque de musculation,34.95,"34,95 $",89.99,"Était±  89,99 $prix était 89,99 $",34.95,"34,95 $",34.95,"34,95 $",true,https://www.canadiantire.ca/fr/pdp/cap-barbell-support-de-rangement-noir-pour-disque-de-musculation-1840928p.html,https://www.canadiantire.ca/fr/pdp/cap-barbell-support-de-rangement-noir-pour-disque-de-musculation-1840928p.html,https://media-www.canadiantire.ca/product/playing/exercise/exercise-accessories/1840928/cap-1-plate-tree-black-b506b40f-eea5-4a1a-aba2-36b19ee6ac28-jpgrendition.jpg?im=whresize&wid=200&hei=200,https://media-www.canadiantire.ca/product/playing/exercise/exercise-accessories/1840928/cap-1-plate-tree-black-b506b40f-eea5-4a1a-aba2-36b19ee6ac28-jpgrendition.jpg?im=whresize&wid=200&hei=200,,1840928,184-0928-6,Il n’en reste que 1 #184-0928-6,Liquidation◊Mieux notés,61.16,"34,95","89,99"
456,"Gaspe, QC","Trousse de marquage pour terrain de tennis léger Matrix, extérieur et intérieur","Trousse de marquage pour terrain de tennis léger Matrix, extérieur et intérieur",17.93,"17,93 $",37.99,"Était±  37,99 $prix était 37,99 $",17.93,"17,93 $",17.93,"17,93 $",true,https://www.canadiantire.ca/fr/pdp/trousse-de-marquage-pour-terrain-de-tennis-leger-matrix-exterieur-et-interieur-1841582p.html,https://www.canadiantire.ca/fr/pdp/trousse-de-marquage-pour-terrain-de-tennis-leger-matrix-exterieur-et-interieur-1841582p.html,https://media-www.canadiantire.ca/product/playing/team-sports-and-golf/court-sports/1841582/matrix-pickleball-court-marking-kit-86d4bf9f-f745-4404-99de-d2cc4f33c786-jpgrendition.jpg?im=whresize&wid=200&hei=200,https://media-www.canadiantire.ca/product/playing/team-sports-and-golf/court-sports/1841582/matrix-pickleball-court-marking-kit-86d4bf9f-f745-4404-99de-d2cc4f33c786-jpgrendition.jpg?im=whresize&wid=200&hei=200,,1841582,184-1582-0,Il n’en reste que 2 #184-1582-0,Liquidation◊Mieux notés,52.8,"17,93","37,99"
456,"Gaspe, QC","Lampe de travail à DEL portative à pince MotoMaster, 500 lumens","Lampe de travail à DEL portative à pince MotoMaster, 500 lumens",24.93,"24,93 $",62.99,"Était±  62,99 $prix était 62,99 $",24.93,"24,93 $",24.93,"24,93 $",true,https://www.canadiantire.ca/fr/pdp/lampe-de-travail-a-del-portative-a-pince-motomaster-500-lumens-0376391p.html,https://www.canadiantire.ca/fr/pdp/lampe-de-travail-a-del-portative-a-pince-motomaster-500-lumens-0376391p.html,https://media-www.canadiantire.ca/product/automotive/car-care-accessories/auto-accessories/0376391/motomaster-clamping-handheld-led-worklight-13968ef0-0250-4a75-b085-f9ef351d7415-jpgrendition.jpg?im=whresize&wid=200&hei=200,https://media-www.canadiantire.ca/product/automotive/car-care-accessories/auto-accessories/0376391/motomaster-clamping-handheld-led-worklight-13968ef0-0250-4a75-b085-f9ef351d7415-jpgrendition.jpg?im=whresize&wid=200&hei=200,,0376391,037-6391-6,Il n’en reste que 3 #037-6391-6,Liquidation◊Mieux notés,60.42,"24,93","62,99"
456,"Gaspe, QC","Embouts de tournevis cruciformes Mastercraft en carbure, pour métal, plastique, maçonnerie, 1 po, paq. 5","Embouts de tournevis cruciformes Mastercraft en carbure, pour métal, plastique, maçonnerie, 1 po, paq. 5",2.93,"2,93 $",6.79,"6,79 $Était   et+ prix était à partir de 6,79 $",2.93,"2,93 $",2.93,"2,93 $",true,https://www.canadiantire.ca/fr/pdp/embouts-de-tournevis-cruciformes-mastercraft-en-carbure-pour-metal-plastique-maconnerie-1-po-paq-5-0540783p.html,https://www.canadiantire.ca/fr/pdp/embouts-de-tournevis-cruciformes-mastercraft-en-carbure-pour-metal-plastique-maconnerie-1-po-paq-5-0540783p.html,https://media-www.canadiantire.ca/product/fixing/tools/power-tool-accessories/0540783/mastercraft-1-ph1-screwdriver-bit-5-pk-a97ae680-ecb9-4939-8bb1-f96b7b0e554a-jpgrendition.jpg?im=whresize&wid=200&hei=200,https://media-www.canadiantire.ca/product/fixing/tools/power-tool-accessories/0540783/mastercraft-1-ph1-screwdriver-bit-5-pk-a97ae680-ecb9-4939-8bb1-f96b7b0e554a-jpgrendition.jpg?im=whresize&wid=200&hei=200,,0540783,054-0783,Vérifiez la disponibilité#054-0783X,Liquidation◊Mieux notés,56.85,"2,93","6,79"
456,"Gaspe, QC","Déflecteur de fenêtre AVS, gris fumée","Déflecteur de fenêtre AVS, gris fumée",8.93,"8,93 $",39.98,"39,98 $Était   et+ prix était à partir de 39,98 $",8.93,"8,93 $",8.93,"8,93 $",true,https://www.canadiantire.ca/fr/pdp/deflecteur-de-fenetre-avs-gris-fumee-0411801p.html,https://www.canadiantire.ca/fr/pdp/deflecteur-de-fenetre-avs-gris-fumee-0411801p.html,https://media-www.canadiantire.ca/product/automotive/light-auto-parts/truck-accessories/0411801/77001-avs-windflector-smoke-aa482f0b-1f6e-4f67-97a4-110370fdaedb-jpgrendition.jpg?im=whresize&wid=200&hei=200,https://media-www.canadiantire.ca/product/automotive/light-auto-parts/truck-accessories/0411801/77001-avs-windflector-smoke-aa482f0b-1f6e-4f67-97a4-110370fdaedb-jpgrendition.jpg?im=whresize&wid=200&hei=200,,0411801,041-1801,Vérifiez la disponibilité#041-1801X,Liquidation◊,77.66,"8,93","39,98"
456,"Gaspe, QC","Lustre doré à 10 lampes CANVAS Marlene, or brossé","Lustre doré à 10 lampes CANVAS Marlene, or brossé",89.93,"89,93 $",249.99,"Était±  249,99 $prix était 249,99 $",89.93,"89,93 $",89.93,"89,93 $",true,https://www.canadiantire.ca/fr/pdp/lustre-dore-a-10-lampes-canvas-marlene-or-brosse-1522611p.html,https://www.canadiantire.ca/fr/pdp/lustre-dore-a-10-lampes-canvas-marlene-or-brosse-1522611p.html,https://media-www.canadiantire.ca/product/living/home-decor/lighting/1522611/canvas-wilton-chandelier-e74d26bf-c6d4-4a18-a36d-c8dcdb26b92e-jpgrendition.jpg?im=whresize&wid=200&hei=200,https://media-www.canadiantire.ca/product/living/home-decor/lighting/1522611/canvas-wilton-chandelier-e74d26bf-c6d4-4a18-a36d-c8dcdb26b92e-jpgrendition.jpg?im=whresize&wid=200&hei=200,,1522611,152-2611-2,Il n’en reste que 1 #152-2611-2,Liquidation◊Mieux notés,64.03,"89,93","249,99"
456,"Gaspe, QC","Doublure de rideau de douche Simplicité en CAV/E, poids léger, couleurs variées, 70 x 72 po","Doublure de rideau de douche Simplicité en CAV/E, poids léger, couleurs variées, 70 x 72 po",2.93,"2,93 $",5.99,"5,99 $Était   et+ prix était à partir de 5,99 $",2.93,"2,93 $",2.93,"2,93 $",true,https://www.canadiantire.ca/fr/pdp/doublure-de-rideau-de-douche-simplicite-en-cav-e-poids-leger-couleurs-variees-70-x-72-po-0632418p.html,https://www.canadiantire.ca/fr/pdp/doublure-de-rideau-de-douche-simplicite-en-cav-e-poids-leger-couleurs-variees-70-x-72-po-0632418p.html,https://media-www.canadiantire.ca/product/living/home-decor/bed-bath-decor/0632419/simplicite-light-weight-peva-liner-clear-b7d1d300-794d-4706-9784-4a091b2799c4-jpgrendition.jpg?im=whresize&wid=200&hei=200,https://media-www.canadiantire.ca/product/living/home-decor/bed-bath-decor/0632419/simplicite-light-weight-peva-liner-clear-b7d1d300-794d-4706-9784-4a091b2799c4-jpgrendition.jpg?im=whresize&wid=200&hei=200,,0632418,063-2418,Vérifiez la disponibilité#063-2418X,Liquidation◊Exclusivité,51.09,"2,93","5,99"
456,"Gaspe, QC","Collier pour chien en chaîne confortable Petco, nylon, tailles variées, noir","Collier pour chien en chaîne confortable Petco, nylon, tailles variées, noir",9.92,"9,92 $",19.99,"19,99 $Était   et+ prix était à partir de 19,99 $",9.92,"9,92 $",9.92,"9,92 $",true,https://www.canadiantire.ca/fr/pdp/collier-pour-chien-en-chaine-confortable-petco-nylon-tailles-variees-noir-1426164p.html,https://www.canadiantire.ca/fr/pdp/collier-pour-chien-en-chaine-confortable-petco-nylon-tailles-variees-noir-1426164p.html,https://media-www.canadiantire.ca/product/living/pet-care/pet-accessories/1426164/petco-black-comfort-chain-20-x3mm-307ae738-f6dd-4d5a-82bd-34bd1f0bb539-jpgrendition.jpg?im=whresize&wid=200&hei=200,https://media-www.canadiantire.ca/product/living/pet-care/pet-accessories/1426164/petco-black-comfort-chain-20-x3mm-307ae738-f6dd-4d5a-82bd-34bd1f0bb539-jpgrendition.jpg?im=whresize&wid=200&hei=200,,1426164,142-6164,Vérifiez la disponibilité#142-6164X,Liquidation◊Exclusivité,50.38,"9,92","19,99"
456,"Gaspe, QC",Barre lumineuse intelligente avec technologies RGB IC et Sound Reactive Monster Illuminessence,Barre lumineuse intelligente avec technologies RGB IC et Sound Reactive Monster Illuminessence,19.93,"19,93 $",49.99,"Était±  49,99 $prix était 49,99 $",19.93,"19,93 $",19.93,"19,93 $",true,https://www.canadiantire.ca/fr/pdp/barre-lumineuse-intelligente-avec-technologies-rgb-ic-et-sound-reactive-monster-illuminessence-0522104p.html,https://www.canadiantire.ca/fr/pdp/barre-lumineuse-intelligente-avec-technologies-rgb-ic-et-sound-reactive-monster-illuminessence-0522104p.html,https://media-www.canadiantire.ca/product/fixing/electrical/lighting/0522104/monster-illuminessence-light-bar-smart-light-95b1aa15-3445-47f0-8458-bb4723629226-jpgrendition.jpg?im=whresize&wid=200&hei=200,https://media-www.canadiantire.ca/product/fixing/electrical/lighting/0522104/monster-illuminessence-light-bar-smart-light-95b1aa15-3445-47f0-8458-bb4723629226-jpgrendition.jpg?im=whresize&wid=200&hei=200,,0522104,052-2104-8,Il n’en reste que 2 #052-2104-8,Liquidation◊Mieux notés,60.13,"19,93","49,99"
456,"Gaspe, QC","Couche de base pour revêtement de plancher intérieur Rust-Oleum HOME, gris vapeur, 3,78 L/1 gallon","Couche de base pour revêtement de plancher intérieur Rust-Oleum HOME, gris vapeur, 3,78 L/1 gallon",64.93,"64,93 $",164.99,"Était±  164,99 $prix était 164,99 $",64.93,"64,93 $",64.93,"64,93 $",true,https://www.canadiantire.ca/fr/pdp/couche-de-base-pour-revetement-de-plancher-interieur-rust-oleum-home-gris-vapeur-3-78-l-1-gallon-0489018p.html,https://www.canadiantire.ca/fr/pdp/couche-de-base-pour-revetement-de-plancher-interieur-rust-oleum-home-gris-vapeur-3-78-l-1-gallon-0489018p.html,https://media-www.canadiantire.ca/product/fixing/paint/paints/0489018/rustoleum-home-steam-grey-pretint-30c718b4-f1d3-4057-931e-8d308135ba59-jpgrendition.jpg?im=whresize&wid=200&hei=200,https://media-www.canadiantire.ca/product/fixing/paint/paints/0489018/rustoleum-home-steam-grey-pretint-30c718b4-f1d3-4057-931e-8d308135ba59-jpgrendition.jpg?im=whresize&wid=200&hei=200,,0489018,048-9018-4,Il n’en reste que 1 #048-9018-4,Liquidation◊Mieux notés,60.65,"64,93","164,99"
456,"Gaspe, QC","Réservoir Reliance AquaTank, 30 L","Réservoir Reliance AquaTank, 30 L",40.43,"40,43 $",84.99,"Était±  84,99 $prix était 84,99 $",40.43,"40,43 $",40.43,"40,43 $",true,https://www.canadiantire.ca/fr/pdp/reservoir-reliance-aquatank-30-l-0852192p.html,https://www.canadiantire.ca/fr/pdp/reservoir-reliance-aquatank-30-l-0852192p.html,https://media-www.canadiantire.ca/product/playing/camping/hydration-coolers/0852192/reliance-aquatank-30-l-0370ca42-0705-484d-8cd1-8184298cec42-jpgrendition.jpg?im=whresize&wid=200&hei=200,https://media-www.canadiantire.ca/product/playing/camping/hydration-coolers/0852192/reliance-aquatank-30-l-0370ca42-0705-484d-8cd1-8184298cec42-jpgrendition.jpg?im=whresize&wid=200&hei=200,,0852192,085-2192-8,Il n’en reste que 1 #085-2192-8,Liquidation◊,52.43,"40,43","84,99"
456,"Gaspe, QC","Ustensiles en acier inoxydable de barbecue Vida par PADERNO, paq. 10","Ustensiles en acier inoxydable de barbecue Vida par PADERNO, paq. 10",29.93,"29,93 $",59.99,"Était±  59,99 $prix était 59,99 $",29.93,"29,93 $",29.93,"29,93 $",true,https://www.canadiantire.ca/fr/pdp/ustensiles-en-acier-inoxydable-de-barbecue-vida-par-paderno-paq-10-0850009p.html,https://www.canadiantire.ca/fr/pdp/ustensiles-en-acier-inoxydable-de-barbecue-vida-par-paderno-paq-10-0850009p.html,https://media-www.canadiantire.ca/product/seasonal-gardening/backyard-living/outdoor-cooking-accessories/0850009/vida-10-pc-tool-set-dded168e-5365-4fad-9c6e-c82f8d022f4e-jpgrendition.jpg?im=whresize&wid=200&hei=200,https://media-www.canadiantire.ca/product/seasonal-gardening/backyard-living/outdoor-cooking-accessories/0850009/vida-10-pc-tool-set-dded168e-5365-4fad-9c6e-c82f8d022f4e-jpgrendition.jpg?im=whresize&wid=200&hei=200,,0850009,085-0009-0,Il n’en reste que 3 #085-0009-0,Liquidation◊Mieux notés,50.11,"29,93","59,99"
456,"Gaspe, QC","Sac de golf sur pied PowerBilt TPS à 5 divisions, noir/rouge","Sac de golf sur pied PowerBilt TPS à 5 divisions, noir/rouge",99.95,"99,95 $",199.99,"Était±  199,99 $prix était 199,99 $",99.95,"99,95 $",99.95,"99,95 $",true,https://www.canadiantire.ca/fr/pdp/sac-de-golf-sur-pied-powerbilt-tps-a-5-divisions-noir-rouge-0860297p.html,https://www.canadiantire.ca/fr/pdp/sac-de-golf-sur-pied-powerbilt-tps-a-5-divisions-noir-rouge-0860297p.html,https://media-www.canadiantire.ca/product/playing/team-sports-and-golf/golf/0860297/powerbilt-hydrolite-6-0-stand-bag-black-89703a79-c3ae-4e58-87c2-369192b1d60f-jpgrendition.jpg?im=whresize&wid=200&hei=200,https://media-www.canadiantire.ca/product/playing/team-sports-and-golf/golf/0860297/powerbilt-hydrolite-6-0-stand-bag-black-89703a79-c3ae-4e58-87c2-369192b1d60f-jpgrendition.jpg?im=whresize&wid=200&hei=200,,0860297,086-0297-0,Il n’en reste que 6 #086-0297-0,Liquidation◊,50.02,"99,95","199,99"
456,"Gaspe, QC","Collier pour chien en cuir avec rivets pointus Petco, réglable, tailles variées, noir","Collier pour chien en cuir avec rivets pointus Petco, réglable, tailles variées, noir",19.93,"19,93 $",39.99,"39,99 $Était   et+ prix était à partir de 39,99 $",19.93,"19,93 $",19.93,"19,93 $",true,https://www.canadiantire.ca/fr/pdp/collier-pour-chien-en-cuir-avec-rivets-pointus-petco-reglable-tailles-variees-noir-1429497p.html,https://www.canadiantire.ca/fr/pdp/collier-pour-chien-en-cuir-avec-rivets-pointus-petco-reglable-tailles-variees-noir-1429497p.html,https://media-www.canadiantire.ca/product/living/pet-care/pet-accessories/1429496/petco-leather-black-spike-collar-lg-ff621fbe-9e6f-474c-9905-8ba18a3ed543-jpgrendition.jpg?im=whresize&wid=200&hei=200,https://media-www.canadiantire.ca/product/living/pet-care/pet-accessories/1429496/petco-leather-black-spike-collar-lg-ff621fbe-9e6f-474c-9905-8ba18a3ed543-jpgrendition.jpg?im=whresize&wid=200&hei=200,,1429497,142-9496,Vérifiez la disponibilité#142-9496X,Liquidation◊Mieux notés,50.16,"19,93","39,99"
456,"Gaspe, QC","Ensemble de départ à chargement frontal NERF Elite Ultimate, junior","Ensemble de départ à chargement frontal NERF Elite Ultimate, junior",9.93,"9,93 $",29.99,"Était±  29,99 $prix était 29,99 $",9.93,"9,93 $",9.93,"9,93 $",true,https://www.canadiantire.ca/fr/pdp/ensemble-de-depart-a-chargement-frontal-nerf-elite-ultimate-junior-1501978p.html,https://www.canadiantire.ca/fr/pdp/ensemble-de-depart-a-chargement-frontal-nerf-elite-ultimate-junior-1501978p.html,https://media-www.canadiantire.ca/product/seasonal-gardening/toys/toys-games/1501978/nerf-ultimate-starter-set-0118ff73-e545-4bdb-ac63-e11280ba8a42-jpgrendition.jpg?im=whresize&wid=200&hei=200,https://media-www.canadiantire.ca/product/seasonal-gardening/toys/toys-games/1501978/nerf-ultimate-starter-set-0118ff73-e545-4bdb-ac63-e11280ba8a42-jpgrendition.jpg?im=whresize&wid=200&hei=200,,1501978,150-1978-0,Il n’en reste que 1 #150-1978-0,Liquidation◊Mieux notés,66.89,"9,93","29,99"
456,"Gaspe, QC",Jeu de 3 flotteurs encliquetables,Jeu de 3 flotteurs encliquetables,0.73,"0,73 $",2.49,"Était±  2,49 $prix était 2,49 $",0.73,"0,73 $",0.73,"0,73 $",true,https://www.canadiantire.ca/fr/pdp/jeu-de-3-flotteurs-encliquetables-0782905p.html,https://www.canadiantire.ca/fr/pdp/jeu-de-3-flotteurs-encliquetables-0782905p.html,https://media-www.canadiantire.ca/product/playing/fishing/fishing-lures/0782905/danielson-snap-on-float-red-white-1-3-pack-4244b524-2234-418a-9e28-df0f3d79f177-jpgrendition.jpg?im=whresize&wid=200&hei=200,https://media-www.canadiantire.ca/product/playing/fishing/fishing-lures/0782905/danielson-snap-on-float-red-white-1-3-pack-4244b524-2234-418a-9e28-df0f3d79f177-jpgrendition.jpg?im=whresize&wid=200&hei=200,,0782905,078-2905-2,Il n’en reste que 1 #078-2905-2,Liquidation◊Exclusivité,70.68,"0,73","2,49"
456,"Gaspe, QC","Napperons rectangulaires en vinyle CANVAS Estero, 13 x 19 po, paq. 4","Napperons rectangulaires en vinyle CANVAS Estero, 13 x 19 po, paq. 4",7.93,"7,93 $",19.99,"Était±  19,99 $prix était 19,99 $",7.93,"7,93 $",7.93,"7,93 $",true,https://www.canadiantire.ca/fr/pdp/napperons-rectangulaires-en-vinyle-canvas-estero-13-x-19-po-paq-4-1424814p.html,https://www.canadiantire.ca/fr/pdp/napperons-rectangulaires-en-vinyle-canvas-estero-13-x-19-po-paq-4-1424814p.html,https://media-www.canadiantire.ca/product/living/kitchen/dining-and-entertaining/1424814/canvas-estero-placemat-4-pk-33f212c7-2e74-4f5a-86b2-1976de58a2c6-jpgrendition.jpg?im=whresize&wid=200&hei=200,https://media-www.canadiantire.ca/product/living/kitchen/dining-and-entertaining/1424814/canvas-estero-placemat-4-pk-33f212c7-2e74-4f5a-86b2-1976de58a2c6-jpgrendition.jpg?im=whresize&wid=200&hei=200,,1424814,142-4814-2,Il n’en reste que 1 #142-4814-2,Liquidation◊Exclusivité,60.33,"7,93","19,99"
456,"Gaspe, QC","Peinture antirouille à base d'eau Black & Decker, 3,7 L/1 gallon","Peinture antirouille à base d'eau Black & Decker, 3,7 L/1 gallon",29.93,"29,93 $",70.99,"70,99 $Était   et+ prix était à partir de 70,99 $",29.93,"29,93 $",29.93,"29,93 $",true,https://www.canadiantire.ca/fr/pdp/peinture-antirouille-a-base-d-eau-black-decker-3-7-l-1-gallon-0489545p.html,https://www.canadiantire.ca/fr/pdp/peinture-antirouille-a-base-d-eau-black-decker-3-7-l-1-gallon-0489545p.html,https://media-www.canadiantire.ca/product/fixing/paint/paints/0489545/black-and-decker-water-based-flat-black-gallon-eae0d0e2-87a5-4c58-a549-53ab6a595232-jpgrendition.jpg?im=whresize&wid=200&hei=200,https://media-www.canadiantire.ca/product/fixing/paint/paints/0489545/black-and-decker-water-based-flat-black-gallon-eae0d0e2-87a5-4c58-a549-53ab6a595232-jpgrendition.jpg?im=whresize&wid=200&hei=200,,0489545,048-9545,Vérifiez la disponibilité#048-9545X,Liquidation◊Exclusivité,57.84,"29,93","70,99"
456,"Gaspe, QC","Peinture de retouche Dupli-Color Scratch Fix All-in-1 Exact-Match pour automobile, brume argentée (KT3)","Peinture de retouche Dupli-Color Scratch Fix All-in-1 Exact-Match pour automobile, brume argentée (KT3)",4.93,"4,93 $",28.99,"Était±  28,99 $prix était 28,99 $",4.93,"4,93 $",4.93,"4,93 $",true,https://www.canadiantire.ca/fr/pdp/peinture-de-retouche-dupli-color-scratch-fix-all-in-1-exact-match-pour-automobile-brume-argentee-kt3-0475137p.html,https://www.canadiantire.ca/fr/pdp/peinture-de-retouche-dupli-color-scratch-fix-all-in-1-exact-match-pour-automobile-brume-argentee-kt3-0475137p.html,https://media-www.canadiantire.ca/product/automotive/car-care-accessories/auto-body-repair/0475137/scratch-fix-nissan-sterling-mist-all-in-1-e3bb888d-989f-473a-a51f-82acb0a0b30d-jpgrendition.jpg?im=whresize&wid=200&hei=200,https://media-www.canadiantire.ca/product/automotive/car-care-accessories/auto-body-repair/0475137/scratch-fix-nissan-sterling-mist-all-in-1-e3bb888d-989f-473a-a51f-82acb0a0b30d-jpgrendition.jpg?im=whresize&wid=200&hei=200,,0475137,047-5137-6,Il n’en reste que 2 #047-5137-6,Liquidation◊Mieux notés,82.99,"4,93","28,99"
456,"Gaspe, QC","Enduit d'allumage MotoMaster, 170 g","Enduit d'allumage MotoMaster, 170 g",3.93,"3,93 $",9.99,"Était±  9,99 $prix était 9,99 $",3.93,"3,93 $",3.93,"3,93 $",true,https://www.canadiantire.ca/fr/pdp/enduit-d-allumage-motomaster-170-g-0383806p.html,https://www.canadiantire.ca/fr/pdp/enduit-d-allumage-motomaster-170-g-0383806p.html,https://media-www.canadiantire.ca/product/automotive/auto-maintenance/auto-fluids/0383806/motomaster-ignition-protector-170g-b1f9ec2d-ae4e-4d14-a9e5-1e787996294e-jpgrendition.jpg?im=whresize&wid=200&hei=200,https://media-www.canadiantire.ca/product/automotive/auto-maintenance/auto-fluids/0383806/motomaster-ignition-protector-170g-b1f9ec2d-ae4e-4d14-a9e5-1e787996294e-jpgrendition.jpg?im=whresize&wid=200&hei=200,,0383806,038-3806-8,Il n’en reste que 3 #038-3806-8,Liquidation◊Mieux notés,60.66,"3,93","9,99"
456,"Gaspe, QC","Lunettes de natation pour enfants et adultes à protection UV antibuées Speedo Hydrofusion, choix varié","Lunettes de natation pour enfants et adultes à protection UV antibuées Speedo Hydrofusion, choix varié",7.93,"7,93 $",15.99,"Était±  15,99 $prix était 15,99 $",7.93,"7,93 $",7.93,"7,93 $",true,https://www.canadiantire.ca/fr/pdp/lunettes-de-natation-pour-enfants-et-adultes-a-protection-uv-antibuees-speedo-hydrofusion-choix-varie-0811148p.html,https://www.canadiantire.ca/fr/pdp/lunettes-de-natation-pour-enfants-et-adultes-a-protection-uv-antibuees-speedo-hydrofusion-choix-varie-0811148p.html,https://media-www.canadiantire.ca/product/seasonal-gardening/backyard-fun/pool-fun/0811148/speedo-adult-hydrofusion-goggle-b98900d9-b8a7-476a-b4c0-955cad8dae16-jpgrendition.jpg?im=whresize&wid=200&hei=200,https://media-www.canadiantire.ca/product/seasonal-gardening/backyard-fun/pool-fun/0811148/speedo-adult-hydrofusion-goggle-b98900d9-b8a7-476a-b4c0-955cad8dae16-jpgrendition.jpg?im=whresize&wid=200&hei=200,,0811148,081-1148-0,Il n’en reste que 2 #081-1148-0,Liquidation◊Mieux notés,50.41,"7,93","15,99"
456,"Gaspe, QC","Laisse réfléchissante pour chiens Petco, 5 pi, rose","Laisse réfléchissante pour chiens Petco, 5 pi, rose",14.92,"14,92 $",29.99,"Était±  29,99 $prix était 29,99 $",14.92,"14,92 $",14.92,"14,92 $",true,https://www.canadiantire.ca/fr/pdp/laisse-reflechissante-pour-chiens-petco-5-pi-rose-1427531p.html,https://www.canadiantire.ca/fr/pdp/laisse-reflechissante-pour-chiens-petco-5-pi-rose-1427531p.html,https://media-www.canadiantire.ca/product/living/pet-care/pet-accessories/1427531/petco-5-16-pk-reflective-dog-leash-5-ft--ec2c959a-d460-4bba-81d7-b5f99d53b7fa-jpgrendition.jpg?im=whresize&wid=200&hei=200,https://media-www.canadiantire.ca/product/living/pet-care/pet-accessories/1427531/petco-5-16-pk-reflective-dog-leash-5-ft--ec2c959a-d460-4bba-81d7-b5f99d53b7fa-jpgrendition.jpg?im=whresize&wid=200&hei=200,,1427531,142-7531-6,Il n’en reste que 1 #142-7531-6,Liquidation◊Mieux notés,50.25,"14,92","29,99"
456,"Gaspe, QC",Grattoir pour barbecue en bois Vermont Castings avec poignée facile à saisir,Grattoir pour barbecue en bois Vermont Castings avec poignée facile à saisir,14.93,"14,93 $",31.99,"Était±  31,99 $prix était 31,99 $",14.93,"14,93 $",14.93,"14,93 $",true,https://www.canadiantire.ca/fr/pdp/grattoir-pour-barbecue-en-bois-vermont-castings-avec-poignee-facile-a-saisir-0852152p.html,https://www.canadiantire.ca/fr/pdp/grattoir-pour-barbecue-en-bois-vermont-castings-avec-poignee-facile-a-saisir-0852152p.html,https://media-www.canadiantire.ca/product/seasonal-gardening/backyard-living/outdoor-cooking-accessories/0852152/vermont-castings-wood-grill-scrape-84a8887a-91b4-4249-be4d-18fba0f790fa-jpgrendition.jpg?im=whresize&wid=200&hei=200,https://media-www.canadiantire.ca/product/seasonal-gardening/backyard-living/outdoor-cooking-accessories/0852152/vermont-castings-wood-grill-scrape-84a8887a-91b4-4249-be4d-18fba0f790fa-jpgrendition.jpg?im=whresize&wid=200&hei=200,,0852152,085-2152-4,Il n’en reste que 3 #085-2152-4,Liquidation◊Exclusivité,53.33,"14,93","31,99"
456,"Gaspe, QC",Connecteur 7 voies VR vers rond 6 voies et plat 4 et 5 fils Hopkins Towing Solution Endurance Multi-Tow,Connecteur 7 voies VR vers rond 6 voies et plat 4 et 5 fils Hopkins Towing Solution Endurance Multi-Tow,19.93,"19,93 $",42.99,"Était±  42,99 $prix était 42,99 $",19.93,"19,93 $",19.93,"19,93 $",true,https://www.canadiantire.ca/fr/pdp/connecteur-7-voies-vr-vers-rond-6-voies-et-plat-4-et-5-fils-hopkins-towing-solution-endurance-multi-tow-0409679p.html,https://www.canadiantire.ca/fr/pdp/connecteur-7-voies-vr-vers-rond-6-voies-et-plat-4-et-5-fils-hopkins-towing-solution-endurance-multi-tow-0409679p.html,https://media-www.canadiantire.ca/product/automotive/automotive-outdoor-adventure/auto-travel-storage/0409679/endurance-multi-tow-7-rv-to-6-round-4-and-5-wire-flat-16fbcd7a-1e3c-461a-8663-603a7ed77f74-jpgrendition.jpg?im=whresize&wid=200&hei=200,https://media-www.canadiantire.ca/product/automotive/automotive-outdoor-adventure/auto-travel-storage/0409679/endurance-multi-tow-7-rv-to-6-round-4-and-5-wire-flat-16fbcd7a-1e3c-461a-8663-603a7ed77f74-jpgrendition.jpg?im=whresize&wid=200&hei=200,,0409679,040-9679-6,Il n’en reste que 1 #040-9679-6,Liquidation◊Mieux notés,53.64,"19,93","42,99"
456,"Gaspe, QC",Affûteuse à forets et à couteaux Drill Doctor,Affûteuse à forets et à couteaux Drill Doctor,79.95,"79,95 $",199.99,"Était±  199,99 $prix était 199,99 $",79.95,"79,95 $",79.95,"79,95 $",true,https://www.canadiantire.ca/fr/pdp/affuteuse-a-forets-et-a-couteaux-drill-doctor-0540567p.html,https://www.canadiantire.ca/fr/pdp/affuteuse-a-forets-et-a-couteaux-drill-doctor-0540567p.html,https://media-www.canadiantire.ca/product/fixing/tools/power-tool-accessories/0540567/drill-doctor-multi-functional-sharpener-0cd2f0c3-f95f-4855-a3a5-94b4a927be62-jpgrendition.jpg?im=whresize&wid=200&hei=200,https://media-www.canadiantire.ca/product/fixing/tools/power-tool-accessories/0540567/drill-doctor-multi-functional-sharpener-0cd2f0c3-f95f-4855-a3a5-94b4a927be62-jpgrendition.jpg?im=whresize&wid=200&hei=200,,0540567,054-0567-4,Il n’en reste que 2 #054-0567-4,Liquidation◊Mieux notés,60.02,"79,95","199,99"
456,"Gaspe, QC",Poêle et mélange pour pain d'épice Thoughtfully,Poêle et mélange pour pain d'épice Thoughtfully,5.93,"5,93 $",12.99,"Était±  12,99 $prix était 12,99 $",5.93,"5,93 $",5.93,"5,93 $",true,https://www.canadiantire.ca/fr/pdp/poele-et-melange-pour-pain-d-epice-thoughtfully-1519536p.html,https://www.canadiantire.ca/fr/pdp/poele-et-melange-pour-pain-d-epice-thoughtfully-1519536p.html,https://media-www.canadiantire.ca/product/living/food-drink/seasonal-confectionery/1519536/gingerbread-skillet-baking-kit-38d746fc-faef-4efe-91d5-308e67632dd3-jpgrendition.jpg?im=whresize&wid=200&hei=200,https://media-www.canadiantire.ca/product/living/food-drink/seasonal-confectionery/1519536/gingerbread-skillet-baking-kit-38d746fc-faef-4efe-91d5-308e67632dd3-jpgrendition.jpg?im=whresize&wid=200&hei=200,,1519536,151-9536-2,,TaxableLiquidation◊,54.35,"5,93","12,99"
456,"Gaspe, QC","Revêtement hydrofuge multisurface Seal-Krete, usage intérieur/extérieur, transparent, 3,78 L","Revêtement hydrofuge multisurface Seal-Krete, usage intérieur/extérieur, transparent, 3,78 L",39.93,"39,93 $",89.99,"Était±  89,99 $prix était 89,99 $",39.93,"39,93 $",39.93,"39,93 $",true,https://www.canadiantire.ca/fr/pdp/revetement-hydrofuge-multisurface-seal-krete-usage-interieur-exterieur-transparent-3-78-l-0641581p.html,https://www.canadiantire.ca/fr/pdp/revetement-hydrofuge-multisurface-seal-krete-usage-interieur-exterieur-transparent-3-78-l-0641581p.html,https://media-www.canadiantire.ca/product/fixing/paint/surface-prep-maintenance/0641581/sealkrete-3-78l-multi-surface-water-repellant-00925979-a39c-45a6-a9d0-0056a40d4a7c-jpgrendition.jpg?im=whresize&wid=200&hei=200,https://media-www.canadiantire.ca/product/fixing/paint/surface-prep-maintenance/0641581/sealkrete-3-78l-multi-surface-water-repellant-00925979-a39c-45a6-a9d0-0056a40d4a7c-jpgrendition.jpg?im=whresize&wid=200&hei=200,,0641581,064-1581-8,Il n’en reste que 1 #064-1581-8,Liquidation◊,55.63,"39,93","89,99"
456,"Gaspe, QC","Sacs à provisions réutilisables en polyester Joie pour fruits et légumes, paq. 5","Sacs à provisions réutilisables en polyester Joie pour fruits et légumes, paq. 5",4.93,"4,93 $",9.99,"Était±  9,99 $prix était 9,99 $",4.93,"4,93 $",4.93,"4,93 $",true,https://www.canadiantire.ca/fr/pdp/sacs-a-provisions-reutilisables-en-polyester-joie-pour-fruits-et-legumes-paq-5-1429246p.html,https://www.canadiantire.ca/fr/pdp/sacs-a-provisions-reutilisables-en-polyester-joie-pour-fruits-et-legumes-paq-5-1429246p.html,https://media-www.canadiantire.ca/product/living/kitchen/food-storage/1429246/joie-5-pack-produce-bags-075b3ce5-01c0-403b-a6f4-3f113bea64d4-jpgrendition.jpg?im=whresize&wid=200&hei=200,https://media-www.canadiantire.ca/product/living/kitchen/food-storage/1429246/joie-5-pack-produce-bags-075b3ce5-01c0-403b-a6f4-3f113bea64d4-jpgrendition.jpg?im=whresize&wid=200&hei=200,,1429246,142-9246-4,Il n’en reste que 2 #142-9246-4,Liquidation◊Mieux notés,50.65,"4,93","9,99"
456,"Gaspe, QC","Ruban double-face tout usage Duck, résistant aux intempéries, bleu, 1,4 po x 12 vg","Ruban double-face tout usage Duck, résistant aux intempéries, bleu, 1,4 po x 12 vg",4.93,"4,93 $",11.49,"Était±  11,49 $prix était 11,49 $",4.93,"4,93 $",4.93,"4,93 $",true,https://www.canadiantire.ca/fr/pdp/ruban-double-face-tout-usage-duck-resistant-aux-intemperies-bleu-1-4-po-x-12-vg-0676152p.html,https://www.canadiantire.ca/fr/pdp/ruban-double-face-tout-usage-duck-resistant-aux-intemperies-bleu-1-4-po-x-12-vg-0676152p.html,https://media-www.canadiantire.ca/product/fixing/paint/surface-prep-maintenance/0676152/double-sided-duck-tape-43218eeb-4298-4ffe-ba02-b891cc2070b9-jpgrendition.jpg?im=whresize&wid=200&hei=200,https://media-www.canadiantire.ca/product/fixing/paint/surface-prep-maintenance/0676152/double-sided-duck-tape-43218eeb-4298-4ffe-ba02-b891cc2070b9-jpgrendition.jpg?im=whresize&wid=200&hei=200,,0676152,067-6152-4,Il n’en reste que 1 #067-6152-4,Liquidation◊,57.09,"4,93","11,49"
456,"Gaspe, QC","Plaque murale sans vis Legrand RWP26NICC6 Radiant, 1 dispositif, nickel","Plaque murale sans vis Legrand RWP26NICC6 Radiant, 1 dispositif, nickel",3.93,"3,93 $",8.79,"Était±  8,79 $prix était 8,79 $",3.93,"3,93 $",3.93,"3,93 $",true,https://www.canadiantire.ca/fr/pdp/plaque-murale-sans-vis-legrand-rwp26nicc6-radiant-1-dispositif-nickel-0529162p.html,https://www.canadiantire.ca/fr/pdp/plaque-murale-sans-vis-legrand-rwp26nicc6-radiant-1-dispositif-nickel-0529162p.html,https://media-www.canadiantire.ca/product/fixing/electrical/rough-electrical/0529162/1-gang-screwless-plate-nickel-b1159c4a-e3c5-44eb-a9dc-28ec7abcc7c7-jpgrendition.jpg?im=whresize&wid=200&hei=200,https://media-www.canadiantire.ca/product/fixing/electrical/rough-electrical/0529162/1-gang-screwless-plate-nickel-b1159c4a-e3c5-44eb-a9dc-28ec7abcc7c7-jpgrendition.jpg?im=whresize&wid=200&hei=200,,0529162,052-9162-6,Il n’en reste que 5 #052-9162-6,Liquidation◊Mieux notés,55.29,"3,93","8,79"
456,"Gaspe, QC","Ballon en aluminium satiné Baby en lettres attachées, choix de couleurs, 39 x 33 po, gonflé à l'air, pour fête prénatale ou de dévoilement du sexe","Ballon en aluminium satiné Baby en lettres attachées, choix de couleurs, 39 x 33 po, gonflé à l'air, pour fête prénatale ou de dévoilement du sexe",1.93,"1,93 $",8.99,"8,99 $Était   et+ prix était à partir de 8,99 $",1.93,"1,93 $",1.93,"1,93 $",true,https://www.canadiantire.ca/fr/pdp/ballon-en-aluminium-satine-baby-en-lettres-attachees-choix-de-couleurs-39-x-33-po-gonfle-a-l-air-pour-fete-prenatale-ou-de-devoilement-du-sexe-8423775p.html,https://www.canadiantire.ca/fr/pdp/ballon-en-aluminium-satine-baby-en-lettres-attachees-choix-de-couleurs-39-x-33-po-gonfle-a-l-air-pour-fete-prenatale-ou-de-devoilement-du-sexe-8423775p.html,https://media-www.canadiantire.ca/product/seasonal-gardening/party-city-everyday/party-city-party-supplies-decor/8423776/mini-gld-fl-bln-a-f-scrpt-baby-cfeac9f6-bf0f-4c81-9208-352380614bad-jpgrendition.jpg?im=whresize&wid=200&hei=200,https://media-www.canadiantire.ca/product/seasonal-gardening/party-city-everyday/party-city-party-supplies-decor/8423776/mini-gld-fl-bln-a-f-scrpt-baby-cfeac9f6-bf0f-4c81-9208-352380614bad-jpgrendition.jpg?im=whresize&wid=200&hei=200,,8423775,842-3775,Vérifiez la disponibilité#842-3775X,Liquidation◊Mieux notés,78.53,"1,93","8,99"
456,"Gaspe, QC",Protège-roulements de roue,Protège-roulements de roue,16.93,"16,93 $",34.99,"Était±  34,99 $prix était 34,99 $",16.93,"16,93 $",16.93,"16,93 $",true,https://www.canadiantire.ca/fr/pdp/protege-roulements-de-roue-0408420p.html,https://www.canadiantire.ca/fr/pdp/protege-roulements-de-roue-0408420p.html,https://media-www.canadiantire.ca/product/automotive/automotive-outdoor-adventure/auto-travel-storage/0408420/bearing-protector-c4eaf605-962c-447a-92d9-d8291f7220e4-jpgrendition.jpg?im=whresize&wid=200&hei=200,https://media-www.canadiantire.ca/product/automotive/automotive-outdoor-adventure/auto-travel-storage/0408420/bearing-protector-c4eaf605-962c-447a-92d9-d8291f7220e4-jpgrendition.jpg?im=whresize&wid=200&hei=200,,0408420,040-8420-6,Il n’en reste que 2 #040-8420-6,Liquidation◊,51.61,"16,93","34,99"
456,"Gaspe, QC","Ballon en aluminium satiné lettres Baby, choix de couleurs, 26 x 9 po, gonflé d'air, pour fête prénatale/dévoilement du sexe","Ballon en aluminium satiné lettres Baby, choix de couleurs, 26 x 9 po, gonflé d'air, pour fête prénatale/dévoilement du sexe",1.93,"1,93 $",8.99,"8,99 $Était   et+ prix était à partir de 8,99 $",1.93,"1,93 $",1.93,"1,93 $",true,https://www.canadiantire.ca/fr/pdp/ballon-en-aluminium-satine-lettres-baby-choix-de-couleurs-26-x-9-po-gonfle-d-air-pour-fete-prenatale-devoilement-du-sexe-8420829p.html,https://www.canadiantire.ca/fr/pdp/ballon-en-aluminium-satine-lettres-baby-choix-de-couleurs-26-x-9-po-gonfle-d-air-pour-fete-prenatale-devoilement-du-sexe-8420829p.html,https://media-www.partycity.ca/product/seasonal-gardening/party-city-everyday/party-city-party-supplies-decor/8420834/mini-gld-air-filled-blln-baby-a7f25de3-18c4-450f-a09f-1e612cb39e36-jpgrendition.jpg?im=whresize&wid=200&hei=200,https://media-www.partycity.ca/product/seasonal-gardening/party-city-everyday/party-city-party-supplies-decor/8420834/mini-gld-air-filled-blln-baby-a7f25de3-18c4-450f-a09f-1e612cb39e36-jpgrendition.jpg?im=whresize&wid=200&hei=200,,8420829,842-0829,Vérifiez la disponibilité#842-0829X,Liquidation◊Mieux notés,78.53,"1,93","8,99"
456,"Gaspe, QC","Récepteur stéréo numérique pour l'auto de Sondpex, Bluetooth, radio AM/FM, entrées auxiliaires","Récepteur stéréo numérique pour l'auto de Sondpex, Bluetooth, radio AM/FM, entrées auxiliaires",31.68,"31,68 $",159.99,"Était±  159,99 $prix était 159,99 $",31.68,"31,68 $",31.68,"31,68 $",true,https://www.canadiantire.ca/fr/pdp/recepteur-stereo-numerique-pour-l-auto-de-sondpex-bluetooth-radio-am-fm-entrees-auxiliaires-0355400p.html,https://www.canadiantire.ca/fr/pdp/recepteur-stereo-numerique-pour-l-auto-de-sondpex-bluetooth-radio-am-fm-entrees-auxiliaires-0355400p.html,https://media-www.canadiantire.ca/product/automotive/car-care-accessories/auto-electronics/0355400/sondpex-car-stereo-bundle-f539f524-6166-4d59-84f4-016fa124be54-jpgrendition.jpg?im=whresize&wid=200&hei=200,https://media-www.canadiantire.ca/product/automotive/car-care-accessories/auto-electronics/0355400/sondpex-car-stereo-bundle-f539f524-6166-4d59-84f4-016fa124be54-jpgrendition.jpg?im=whresize&wid=200&hei=200,,0355400,035-5400-6,Il n’en reste que 1 #035-5400-6,Liquidation◊,80.2,"31,68","159,99"
456,"Gaspe, QC","Charnière carrée Hillman, résidentiel, blanc, 4 po","Charnière carrée Hillman, résidentiel, blanc, 4 po",1.93,"1,93 $",7.79,"Était±  7,79 $prix était 7,79 $",1.93,"1,93 $",1.93,"1,93 $",true,https://www.canadiantire.ca/fr/pdp/charniere-carree-hillman-residentiel-blanc-4-po-0462720p.html,https://www.canadiantire.ca/fr/pdp/charniere-carree-hillman-residentiel-blanc-4-po-0462720p.html,https://media-www.canadiantire.ca/product/fixing/hardware/general-hardware/0462720/4-white-residential-door-hinge-484161fc-4865-43e0-969c-39fc1c9f2a28-jpgrendition.jpg?im=whresize&wid=200&hei=200,https://media-www.canadiantire.ca/product/fixing/hardware/general-hardware/0462720/4-white-residential-door-hinge-484161fc-4865-43e0-969c-39fc1c9f2a28-jpgrendition.jpg?im=whresize&wid=200&hei=200,,0462720,046-2720-6,Il n’en reste que 1 #046-2720-6,Liquidation◊,75.22,"1,93","7,79"
456,"Gaspe, QC","Ensemble de lumières Rock Innovation à DEL RVB Custom Accessories, ens. 4","Ensemble de lumières Rock Innovation à DEL RVB Custom Accessories, ens. 4",69.93,"69,93 $",149.99,"Était±  149,99 $prix était 149,99 $",69.93,"69,93 $",69.93,"69,93 $",true,https://www.canadiantire.ca/fr/pdp/ensemble-de-lumieres-rock-innovation-a-del-rvb-custom-accessories-ens-4-0372962p.html,https://www.canadiantire.ca/fr/pdp/ensemble-de-lumieres-rock-innovation-a-del-rvb-custom-accessories-ens-4-0372962p.html,https://media-www.canadiantire.ca/product/automotive/car-care-accessories/auto-accessories/0372962/led-innovation-4pod-rgb-exterior-rock-light-kit-80bbb68a-e415-4d3e-b027-f9a477547dde-jpgrendition.jpg?im=whresize&wid=200&hei=200,https://media-www.canadiantire.ca/product/automotive/car-care-accessories/auto-accessories/0372962/led-innovation-4pod-rgb-exterior-rock-light-kit-80bbb68a-e415-4d3e-b027-f9a477547dde-jpgrendition.jpg?im=whresize&wid=200&hei=200,,0372962,037-2962-2,Il n’en reste que 2 #037-2962-2,Liquidation◊,53.38,"69,93","149,99"
456,"Gaspe, QC",Fontaine de jardin de table d'extérieur fleur For Living,Fontaine de jardin de table d'extérieur fleur For Living,49.93,"49,93 $",99.99,"Était±  99,99 $prix était 99,99 $",49.93,"49,93 $",49.93,"49,93 $",true,https://www.canadiantire.ca/fr/pdp/fontaine-de-jardin-de-table-d-exterieur-fleur-for-living-1590070p.html,https://www.canadiantire.ca/fr/pdp/fontaine-de-jardin-de-table-d-exterieur-fleur-for-living-1590070p.html,https://media-www.canadiantire.ca/product/seasonal-gardening/backyard-living/outdoor-living-accessories/1590070/for-living-flower-tabletop-fountain-8cb57a21-e33f-4e14-9028-bc83b3315e3f-jpgrendition.jpg?im=whresize&wid=200&hei=200,https://media-www.canadiantire.ca/product/seasonal-gardening/backyard-living/outdoor-living-accessories/1590070/for-living-flower-tabletop-fountain-8cb57a21-e33f-4e14-9028-bc83b3315e3f-jpgrendition.jpg?im=whresize&wid=200&hei=200,,1590070,159-0070-6,Il n’en reste que 1 #159-0070-6,Liquidation◊Exclusivité,50.07,"49,93","99,99"
456,"Gaspe, QC","Scellant époxyde pour filetage DAP Tank Bond, support antivibration pour vis et boulons, 6 mL","Scellant époxyde pour filetage DAP Tank Bond, support antivibration pour vis et boulons, 6 mL",2.93,"2,93 $",10.99,"Était±  10,99 $prix était 10,99 $",2.93,"2,93 $",2.93,"2,93 $",true,https://www.canadiantire.ca/fr/pdp/scellant-epoxyde-pour-filetage-dap-tank-bond-support-antivibration-pour-vis-et-boulons-6-ml-0670056p.html,https://www.canadiantire.ca/fr/pdp/scellant-epoxyde-pour-filetage-dap-tank-bond-support-antivibration-pour-vis-et-boulons-6-ml-0670056p.html,https://media-www.canadiantire.ca/product/fixing/paint/surface-prep-maintenance/0670056/dap-tank-bond-thread-stopper-f2c55eee-fb7c-4a1c-8e0b-4c08511ca8b1-jpgrendition.jpg?im=whresize&wid=200&hei=200,https://media-www.canadiantire.ca/product/fixing/paint/surface-prep-maintenance/0670056/dap-tank-bond-thread-stopper-f2c55eee-fb7c-4a1c-8e0b-4c08511ca8b1-jpgrendition.jpg?im=whresize&wid=200&hei=200,,0670056,067-0056-0,Il n’en reste que 1 #067-0056-0,Liquidation◊,73.34,"2,93","10,99"
456,"Gaspe, QC","Laisse pour chien Petco à imprimé camouflage, 6 pi","Laisse pour chien Petco à imprimé camouflage, 6 pi",4.95,"4,95 $",29.99,"Était±  29,99 $prix était 29,99 $",4.95,"4,95 $",4.95,"4,95 $",true,https://www.canadiantire.ca/fr/pdp/laisse-pour-chien-petco-a-imprime-camouflage-6-pi-1427534p.html,https://www.canadiantire.ca/fr/pdp/laisse-pour-chien-petco-a-imprime-camouflage-6-pi-1427534p.html,https://media-www.canadiantire.ca/product/living/pet-care/pet-accessories/1427534/petco-camo-print-dog-leash-6-ft--adc3335d-6555-4cb5-b008-d58fc024f1b2-jpgrendition.jpg?im=whresize&wid=200&hei=200,https://media-www.canadiantire.ca/product/living/pet-care/pet-accessories/1427534/petco-camo-print-dog-leash-6-ft--adc3335d-6555-4cb5-b008-d58fc024f1b2-jpgrendition.jpg?im=whresize&wid=200&hei=200,,1427534,142-7534-0,Il n’en reste que 7 #142-7534-0,Liquidation◊Mieux notés,83.49,"4,95","29,99"
456,"Gaspe, QC","Fontaine sphérique sur pied CANVAS Della, 31,10 po","Fontaine sphérique sur pied CANVAS Della, 31,10 po",99.93,"99,93 $",199.99,"Était±  199,99 $prix était 199,99 $",99.93,"99,93 $",99.93,"99,93 $",true,https://www.canadiantire.ca/fr/pdp/fontaine-spherique-sur-pied-canvas-della-31-10-po-0597857p.html,https://www.canadiantire.ca/fr/pdp/fontaine-spherique-sur-pied-canvas-della-31-10-po-0597857p.html,https://media-www.canadiantire.ca/product/seasonal-gardening/backyard-living/outdoor-living-accessories/0597857/canvas-della-pedestal-sphere-fountain-ce761c6e-7e15-45f0-9994-449af29b990a-jpgrendition.jpg?im=whresize&wid=200&hei=200,https://media-www.canadiantire.ca/product/seasonal-gardening/backyard-living/outdoor-living-accessories/0597857/canvas-della-pedestal-sphere-fountain-ce761c6e-7e15-45f0-9994-449af29b990a-jpgrendition.jpg?im=whresize&wid=200&hei=200,,0597857,059-7857-2,Il n’en reste que 1 #059-7857-2,Liquidation◊Exclusivité,50.03,"99,93","199,99"
456,"Gaspe, QC",Cache de chasse Ameristep Caretaker Run & Gun,Cache de chasse Ameristep Caretaker Run & Gun,119.93,"119,93 $",239.99,"Était±  239,99 $prix était 239,99 $",119.93,"119,93 $",119.93,"119,93 $",true,https://www.canadiantire.ca/fr/pdp/cache-de-chasse-ameristep-caretaker-run-gun-3750838p.html,https://www.canadiantire.ca/fr/pdp/cache-de-chasse-ameristep-caretaker-run-gun-3750838p.html,https://media-www.canadiantire.ca/product/playing/hunting/hunting-equipment/3750838/aneristep-caretaker-run-gun-4371ecb5-a719-42e4-a1c7-a1454d0b204c-jpgrendition.jpg?im=whresize&wid=200&hei=200,https://media-www.canadiantire.ca/product/playing/hunting/hunting-equipment/3750838/aneristep-caretaker-run-gun-4371ecb5-a719-42e4-a1c7-a1454d0b204c-jpgrendition.jpg?im=whresize&wid=200&hei=200,,3750838,375-0838-6,,Liquidation◊,50.03,"119,93","239,99"
456,"Gaspe, QC","Collier réfléchissant pour chiens Perri's Pet Products, mini citrouilles, choix de tailles","Collier réfléchissant pour chiens Perri's Pet Products, mini citrouilles, choix de tailles",7.43,"7,43 $",14.99,"14,99 $Était   et+ prix était à partir de 14,99 $",7.43,"7,43 $",7.43,"7,43 $",true,https://www.canadiantire.ca/fr/pdp/collier-reflechissant-pour-chiens-perri-s-pet-products-mini-citrouilles-choix-de-tailles-2420529p.html,https://www.canadiantire.ca/fr/pdp/collier-reflechissant-pour-chiens-perri-s-pet-products-mini-citrouilles-choix-de-tailles-2420529p.html,https://media-www.canadiantire.ca/product/living/pet-care/pet-accessories/2420529/perri-s-reflective-mini-pumpkins-dog-collar-small-c5ff5390-2022-45cf-b8d3-c4a6c89a1803-jpgrendition.jpg?im=whresize&wid=200&hei=200,https://media-www.canadiantire.ca/product/living/pet-care/pet-accessories/2420529/perri-s-reflective-mini-pumpkins-dog-collar-small-c5ff5390-2022-45cf-b8d3-c4a6c89a1803-jpgrendition.jpg?im=whresize&wid=200&hei=200,,2420529,242-0529,Vérifiez la disponibilité#242-0529X,Liquidation◊Exclusivité,50.43,"7,43","14,99"
456,"Gaspe, QC","Brosse de nettoyage pour canon de fusil Hoppe's Tornado Hunting, calibre 12 et 20","Brosse de nettoyage pour canon de fusil Hoppe's Tornado Hunting, calibre 12 et 20",3.43,"3,43 $",6.99,"Était±  6,99 $prix était 6,99 $",3.43,"3,43 $",3.43,"3,43 $",true,https://www.canadiantire.ca/fr/pdp/brosse-de-nettoyage-pour-canon-de-fusil-hoppe-s-tornado-hunting-calibre-12-et-20-1754409p.html,https://www.canadiantire.ca/fr/pdp/brosse-de-nettoyage-pour-canon-de-fusil-hoppe-s-tornado-hunting-calibre-12-et-20-1754409p.html,https://media-www.canadiantire.ca/product/playing/hunting/hunting-accessories/1754409/hoppe-s-tornado-brush-12ga-shotgun-1b10bafd-5ae3-48bf-9d47-b64f32ee72a2-jpgrendition.jpg?im=whresize&wid=200&hei=200,https://media-www.canadiantire.ca/product/playing/hunting/hunting-accessories/1754409/hoppe-s-tornado-brush-12ga-shotgun-1b10bafd-5ae3-48bf-9d47-b64f32ee72a2-jpgrendition.jpg?im=whresize&wid=200&hei=200,,1754409,175-4409-0,Il n’en reste que 7 #175-4409-0,Liquidation◊,50.93,"3,43","6,99"
456,"Gaspe, QC","Verre à whisky nervuré bleu CANVAS, sans BPA, 15 oz","Verre à whisky nervuré bleu CANVAS, sans BPA, 15 oz",2.43,"2,43 $",4.99,"Était±  4,99 $prix était 4,99 $",2.43,"2,43 $",2.43,"2,43 $",true,https://www.canadiantire.ca/fr/pdp/verre-a-whisky-nervure-bleu-canvas-sans-bpa-15-oz-1590047p.html,https://www.canadiantire.ca/fr/pdp/verre-a-whisky-nervure-bleu-canvas-sans-bpa-15-oz-1590047p.html,https://media-www.canadiantire.ca/product/seasonal-gardening/backyard-living/outdoor-living-accessories/1590047/canvas-blue-ribbed-low-ball-15oz-glass-7d4b0458-3159-4403-9834-df6727803c10-jpgrendition.jpg?im=whresize&wid=200&hei=200,https://media-www.canadiantire.ca/product/seasonal-gardening/backyard-living/outdoor-living-accessories/1590047/canvas-blue-ribbed-low-ball-15oz-glass-7d4b0458-3159-4403-9834-df6727803c10-jpgrendition.jpg?im=whresize&wid=200&hei=200,,1590047,159-0047-4,Il n’en reste que 1 #159-0047-4,Liquidation◊Articles à succès,51.3,"2,43","4,99"
456,"Gaspe, QC","Base de lunette de visée en aluminium Weaver 423M, pour Benelli Nova, paq. 1","Base de lunette de visée en aluminium Weaver 423M, pour Benelli Nova, paq. 1",3.93,"3,93 $",11.29,"Était±  11,29 $prix était 11,29 $",3.93,"3,93 $",3.93,"3,93 $",true,https://www.canadiantire.ca/fr/pdp/base-de-lunette-de-visee-en-aluminium-weaver-423m-pour-benelli-nova-paq-1-1754481p.html,https://www.canadiantire.ca/fr/pdp/base-de-lunette-de-visee-en-aluminium-weaver-423m-pour-benelli-nova-paq-1-1754481p.html,https://media-www.canadiantire.ca/product/playing/hunting/hunting-equipment/1754481/weaver-top-mount-base-ben-nova-423m-matte-958ddf95-8399-48ae-97a9-7fef49e066da-jpgrendition.jpg?im=whresize&wid=200&hei=200,https://media-www.canadiantire.ca/product/playing/hunting/hunting-equipment/1754481/weaver-top-mount-base-ben-nova-423m-matte-958ddf95-8399-48ae-97a9-7fef49e066da-jpgrendition.jpg?im=whresize&wid=200&hei=200,,1754481,175-4481-4,Il n’en reste que 1 #175-4481-4,Liquidation◊,65.19,"3,93","11,29"
456,"Gaspe, QC","Serre-tête d'hiver et de chasse en molleton Yukon Gear pour femmes, rose/noir","Serre-tête d'hiver et de chasse en molleton Yukon Gear pour femmes, rose/noir",4.93,"4,93 $",9.99,"Était±  9,99 $prix était 9,99 $",4.93,"4,93 $",4.93,"4,93 $",true,https://www.canadiantire.ca/fr/pdp/serre-tete-d-hiver-et-de-chasse-en-molleton-yukon-gear-pour-femmes-rose-noir-3750788p.html,https://www.canadiantire.ca/fr/pdp/serre-tete-d-hiver-et-de-chasse-en-molleton-yukon-gear-pour-femmes-rose-noir-3750788p.html,https://media-www.canadiantire.ca/product/playing/hunting/hunting-apparel-footwear/3750788/women-fleece-headband-0f149853-35aa-40d6-8c2c-f7f6b2ba34d4-jpgrendition.jpg?im=whresize&wid=200&hei=200,https://media-www.canadiantire.ca/product/playing/hunting/hunting-apparel-footwear/3750788/women-fleece-headband-0f149853-35aa-40d6-8c2c-f7f6b2ba34d4-jpgrendition.jpg?im=whresize&wid=200&hei=200,,3750788,375-0788-4,Il n’en reste que 2 #375-0788-4,Liquidation◊,50.65,"4,93","9,99"
456,"Gaspe, QC","Adaptateur Hopkins avec test DEL, rond 6 fils à plat 4 fils","Adaptateur Hopkins avec test DEL, rond 6 fils à plat 4 fils",4.93,"4,93 $",24.99,"Était±  24,99 $prix était 24,99 $",4.93,"4,93 $",4.93,"4,93 $",true,https://www.canadiantire.ca/fr/pdp/adaptateur-hopkins-avec-test-del-rond-6-fils-a-plat-4-fils-1407231p.html,https://www.canadiantire.ca/fr/pdp/adaptateur-hopkins-avec-test-del-rond-6-fils-a-plat-4-fils-1407231p.html,https://media-www.canadiantire.ca/product/automotive/automotive-outdoor-adventure/auto-travel-storage/1407231/hopkins-led-test-6-round-to-4-flat-adapter-ad872c7c-526f-42ac-ba71-3bc6d8b17cf7-jpgrendition.jpg?im=whresize&wid=200&hei=200,https://media-www.canadiantire.ca/product/automotive/automotive-outdoor-adventure/auto-travel-storage/1407231/hopkins-led-test-6-round-to-4-flat-adapter-ad872c7c-526f-42ac-ba71-3bc6d8b17cf7-jpgrendition.jpg?im=whresize&wid=200&hei=200,,1407231,140-7231-4,Il n’en reste que 2 #140-7231-4,Liquidation◊,80.27,"4,93","24,99"
456,"Gaspe, QC","Sangle à mousqueton réfléchissante MotoMaster, 1 po","Sangle à mousqueton réfléchissante MotoMaster, 1 po",2.93,"2,93 $",6.49,"Était±  6,49 $prix était 6,49 $",2.93,"2,93 $",2.93,"2,93 $",true,https://www.canadiantire.ca/fr/pdp/sangle-a-mousqueton-reflechissante-motomaster-1-po-0405118p.html,https://www.canadiantire.ca/fr/pdp/sangle-a-mousqueton-reflechissante-motomaster-1-po-0405118p.html,https://media-www.canadiantire.ca/product/automotive/automotive-outdoor-adventure/tarps-cords/0405118/reflective-carabiner-1-in--b0c32928-d905-433e-b1da-5b359d5c020a-jpgrendition.jpg?im=whresize&wid=200&hei=200,https://media-www.canadiantire.ca/product/automotive/automotive-outdoor-adventure/tarps-cords/0405118/reflective-carabiner-1-in--b0c32928-d905-433e-b1da-5b359d5c020a-jpgrendition.jpg?im=whresize&wid=200&hei=200,,0405118,040-5118-6,Il n’en reste que 1 #040-5118-6,Liquidation◊Mieux notés,54.85,"2,93","6,49"
456,"Gaspe, QC","Ampoule halogène de motoneige Kimpex, pièce d'origine 901167, type H4 P43T, 100/80 W","Ampoule halogène de motoneige Kimpex, pièce d'origine 901167, type H4 P43T, 100/80 W",2.93,"2,93 $",11.99,"Était±  11,99 $prix était 11,99 $",2.93,"2,93 $",2.93,"2,93 $",true,https://www.canadiantire.ca/fr/pdp/ampoule-halogene-de-motoneige-kimpex-piece-d-origine-901167-type-h4-p43t-100-80-w-0262000p.html,https://www.canadiantire.ca/fr/pdp/ampoule-halogene-de-motoneige-kimpex-piece-d-origine-901167-type-h4-p43t-100-80-w-0262000p.html,https://media-www.canadiantire.ca/product/automotive/automotive-outdoor-adventure/powersport/0262000/halogen-bulb-type-h4-p43t-100-80w-213c2407-f730-4d53-9ecc-378af01ab8be-jpgrendition.jpg?im=whresize&wid=200&hei=200,https://media-www.canadiantire.ca/product/automotive/automotive-outdoor-adventure/powersport/0262000/halogen-bulb-type-h4-p43t-100-80w-213c2407-f730-4d53-9ecc-378af01ab8be-jpgrendition.jpg?im=whresize&wid=200&hei=200,,0262000,026-2000-8,Il n’en reste que 1 #026-2000-8,Liquidation◊Mieux notés,75.56,"2,93","11,99"
456,"Gaspe, QC","Ballon en aluminium lapins mignons Happy Easter, 18 po","Ballon en aluminium lapins mignons Happy Easter, 18 po",2.93,"2,93 $",6.99,"Était±  6,99 $prix était 6,99 $",2.93,"2,93 $",2.93,"2,93 $",true,https://www.canadiantire.ca/fr/pdp/ballon-en-aluminium-lapins-mignons-happy-easter-18-po-8542334p.html,https://www.canadiantire.ca/fr/pdp/ballon-en-aluminium-lapins-mignons-happy-easter-18-po-8542334p.html,https://media-www.canadiantire.ca/product/seasonal-gardening/party-city-everyday/party-city-balloons-accessories/8542334/happy-easter-cute-bunnies-18--3fc97fec-408a-496f-ada6-d08dc54a935d-jpgrendition.jpg?im=whresize&wid=200&hei=200,https://media-www.canadiantire.ca/product/seasonal-gardening/party-city-everyday/party-city-balloons-accessories/8542334/happy-easter-cute-bunnies-18--3fc97fec-408a-496f-ada6-d08dc54a935d-jpgrendition.jpg?im=whresize&wid=200&hei=200,,8542334,854-2334-2,Il n’en reste que 1 #854-2334-2,Liquidation◊Hélium compris,58.08,"2,93","6,99"
456,"Gaspe, QC",Bottes dʼhiver isolées Outbound Snowfall pour dames,Bottes dʼhiver isolées Outbound Snowfall pour dames,44.93,"44,93 $",99.99,"99,99 $Était   et+ prix était à partir de 99,99 $",44.93,"44,93 $",44.93,"44,93 $",true,https://www.canadiantire.ca/fr/pdp/bottes-d-hiver-isolees-outbound-snowfall-pour-dames-1873621p.html,https://www.canadiantire.ca/fr/pdp/bottes-d-hiver-isolees-outbound-snowfall-pour-dames-1873621p.html,https://media-www.canadiantire.ca/product/playing/footwear-apparel/winter-footwear-apparel/1873621/women-s-snowfall-insulated-winter-boot-6-bd92a426-ced5-40b5-a104-e7adb8f24c58-jpgrendition.jpg?im=whresize&wid=200&hei=200,https://media-www.canadiantire.ca/product/playing/footwear-apparel/winter-footwear-apparel/1873621/women-s-snowfall-insulated-winter-boot-6-bd92a426-ced5-40b5-a104-e7adb8f24c58-jpgrendition.jpg?im=whresize&wid=200&hei=200,,1873621,187-3621,Vérifiez la disponibilité#187-3621X,Liquidation◊Exclusivité,55.07,"44,93","99,99"
456,"Gaspe, QC","Ballon en aluminium satiné, point d'interrogation, choix de couleurs, 16 po, gonflé d'air, pour anniversaire/remise de diplômes/fête prénatale/mariage de finissants","Ballon en aluminium satiné, point d'interrogation, choix de couleurs, 16 po, gonflé d'air, pour anniversaire/remise de diplômes/fête prénatale/mariage de finissants",0.43,"0,43 $",2.99,"2,99 $Était   et+ prix était à partir de 2,99 $",0.43,"0,43 $",0.43,"0,43 $",true,https://www.canadiantire.ca/fr/pdp/ballon-en-aluminium-satine-point-d-interrogation-choix-de-couleurs-16-po-gonfle-d-air-pour-anniversaire-remise-de-diplomes-fete-prenatale-mariage-de-finissants-8424326p.html,https://www.canadiantire.ca/fr/pdp/ballon-en-aluminium-satine-point-d-interrogation-choix-de-couleurs-16-po-gonfle-d-air-pour-anniversaire-remise-de-diplomes-fete-prenatale-mariage-de-finissants-8424326p.html,https://media-www.partycity.ca/product/seasonal-gardening/party-city-everyday/party-city-party-supplies-decor/8424327/blln-air-filled-symbl-gld-0355ff74-96ca-45ad-8f1c-f38e0d425abf-jpgrendition.jpg?im=whresize&wid=200&hei=200,https://media-www.partycity.ca/product/seasonal-gardening/party-city-everyday/party-city-party-supplies-decor/8424327/blln-air-filled-symbl-gld-0355ff74-96ca-45ad-8f1c-f38e0d425abf-jpgrendition.jpg?im=whresize&wid=200&hei=200,,8424326,842-4326,Vérifiez la disponibilité#842-4326X,Liquidation◊Mieux notés,85.62,"0,43","2,99"
456,"Gaspe, QC","Garde-boues avant et arrière personnalisés Husky Liners 58176 pour camion Dodge Ram, 2009 à 2018, paquet de 4","Garde-boues avant et arrière personnalisés Husky Liners 58176 pour camion Dodge Ram, 2009 à 2018, paquet de 4",59.93,"59,93 $",134.99,"Était±  134,99 $prix était 134,99 $",59.93,"59,93 $",59.93,"59,93 $",true,https://www.canadiantire.ca/fr/pdp/garde-boues-avant-et-arriere-personnalises-husky-liners-58176-pour-camion-dodge-ram-2009-a-2018-paquet-de-4-0376237p.html,https://www.canadiantire.ca/fr/pdp/garde-boues-avant-et-arriere-personnalises-husky-liners-58176-pour-camion-dodge-ram-2009-a-2018-paquet-de-4-0376237p.html,https://media-www.canadiantire.ca/product/automotive/car-care-accessories/auto-accessories/0376237/husky-custom-fit-mud-flaps-dodge-ram-09-18-4pc-391e7949-326e-45e9-a4df-5934463bcad4-jpgrendition.jpg?im=whresize&wid=200&hei=200,https://media-www.canadiantire.ca/product/automotive/car-care-accessories/auto-accessories/0376237/husky-custom-fit-mud-flaps-dodge-ram-09-18-4pc-391e7949-326e-45e9-a4df-5934463bcad4-jpgrendition.jpg?im=whresize&wid=200&hei=200,,0376237,037-6237-6,Il n’en reste que 1 #037-6237-6,Liquidation◊,55.6,"59,93","134,99"
456,"Gaspe, QC","Cadenas pour vélo pour enfants en acier Supercycle avec combinaison de cadran à 3 chiffres, rose, 3,3 po","Cadenas pour vélo pour enfants en acier Supercycle avec combinaison de cadran à 3 chiffres, rose, 3,3 po",4.93,"4,93 $",15.99,"Était±  15,99 $prix était 15,99 $",4.93,"4,93 $",4.93,"4,93 $",true,https://www.canadiantire.ca/fr/pdp/cadenas-pour-velo-pour-enfants-en-acier-supercycle-avec-combinaison-de-cadran-a-3-chiffres-rose-3-3-po-0730085p.html,https://www.canadiantire.ca/fr/pdp/cadenas-pour-velo-pour-enfants-en-acier-supercycle-avec-combinaison-de-cadran-a-3-chiffres-rose-3-3-po-0730085p.html,https://media-www.canadiantire.ca/product/playing/cycling/bicycle-accessories/0730085/supercycle-kids-combo-cable-lock-pink-2348d3a7-1d8f-4183-a16c-dbb91cd035ba-jpgrendition.jpg?im=whresize&wid=200&hei=200,https://media-www.canadiantire.ca/product/playing/cycling/bicycle-accessories/0730085/supercycle-kids-combo-cable-lock-pink-2348d3a7-1d8f-4183-a16c-dbb91cd035ba-jpgrendition.jpg?im=whresize&wid=200&hei=200,,0730085,073-0085-4,8 En Stock#073-0085-4,Liquidation◊Mieux notés,69.17,"4,93","15,99"
456,"Gaspe, QC","Câble de chargement Micro USB métallique DE SMART Accessories pour téléphones intelligents Android et plus encore, 3 pi","Câble de chargement Micro USB métallique DE SMART Accessories pour téléphones intelligents Android et plus encore, 3 pi",2.93,"2,93 $",6.99,"Était±  6,99 $prix était 6,99 $",2.93,"2,93 $",2.93,"2,93 $",true,https://www.canadiantire.ca/fr/pdp/cable-de-chargement-micro-usb-metallique-de-smart-accessories-pour-telephones-intelligents-android-et-plus-encore-3-pi-0356172p.html,https://www.canadiantire.ca/fr/pdp/cable-de-chargement-micro-usb-metallique-de-smart-accessories-pour-telephones-intelligents-android-et-plus-encore-3-pi-0356172p.html,https://media-www.canadiantire.ca/product/automotive/car-care-accessories/auto-electronics/0356172/smart-accessories-braided-micro-usb-cable-3--f5832959-1525-4787-9701-a984c101ba03-jpgrendition.jpg?im=whresize&wid=200&hei=200,https://media-www.canadiantire.ca/product/automotive/car-care-accessories/auto-electronics/0356172/smart-accessories-braided-micro-usb-cable-3--f5832959-1525-4787-9701-a984c101ba03-jpgrendition.jpg?im=whresize&wid=200&hei=200,,0356172,035-6172-2,20 En Stock#035-6172-2,Liquidation◊Mieux notés,58.08,"2,93","6,99"
456,"Gaspe, QC","Affiche Appartement à louer auto-adhésive Hillman, français, 8 x 12 po, noir/rouge/blanc","Affiche Appartement à louer auto-adhésive Hillman, français, 8 x 12 po, noir/rouge/blanc",1.43,"1,43 $",2.99,"Était±  2,99 $prix était 2,99 $",1.43,"1,43 $",1.43,"1,43 $",true,https://www.canadiantire.ca/fr/pdp/affiche-appartement-a-louer-auto-adhesive-hillman-francais-8-x-12-po-noir-rouge-blanc-0462927p.html,https://www.canadiantire.ca/fr/pdp/affiche-appartement-a-louer-auto-adhesive-hillman-francais-8-x-12-po-noir-rouge-blanc-0462927p.html,https://media-www.canadiantire.ca/product/fixing/hardware/curb-appeal/0462927/sign-logement-lo-8-x-12--2568b699-f3d1-4fad-9e4f-7e7d1291e011-jpgrendition.jpg?im=whresize&wid=200&hei=200,https://media-www.canadiantire.ca/product/fixing/hardware/curb-appeal/0462927/sign-logement-lo-8-x-12--2568b699-f3d1-4fad-9e4f-7e7d1291e011-jpgrendition.jpg?im=whresize&wid=200&hei=200,,0462927,046-2927-6,13 En Stock#046-2927-6,Liquidation◊Mieux notés,52.17,"1,43","2,99"
456,"Gaspe, QC","Manuel de réparation automobile Haynes, camionnettes VW Rabbit Golf, Jetta, Scirocco 1975 à 1992, 96016","Manuel de réparation automobile Haynes, camionnettes VW Rabbit Golf, Jetta, Scirocco 1975 à 1992, 96016",0.93,"0,93 $",32.99,"Était±  32,99 $prix était 32,99 $",0.93,"0,93 $",0.93,"0,93 $",true,https://www.canadiantire.ca/fr/pdp/manuel-de-reparation-automobile-haynes-camionnettes-vw-rabbit-golf-jetta-scirocco-1975-a-1992-96016-0259065p.html,https://www.canadiantire.ca/fr/pdp/manuel-de-reparation-automobile-haynes-camionnettes-vw-rabbit-golf-jetta-scirocco-1975-a-1992-96016-0259065p.html,https://media-www.canadiantire.ca/product/automotive/auto-maintenance/auto-shop-equipment-supplies/0259065/96016-vw-rabbit-jetta-gas-75-92-04964d3a-1d50-4bdf-94fd-aa5fedc6b721-jpgrendition.jpg?im=whresize&wid=200&hei=200,https://media-www.canadiantire.ca/product/automotive/auto-maintenance/auto-shop-equipment-supplies/0259065/96016-vw-rabbit-jetta-gas-75-92-04964d3a-1d50-4bdf-94fd-aa5fedc6b721-jpgrendition.jpg?im=whresize&wid=200&hei=200,,0259065,025-9065-4,Il n’en reste que 1 #025-9065-4,Liquidation◊,97.18,"0,93","32,99"
456,"Gaspe, QC","Salopette de chasse réversible et imperméable Yukon Gear pour hommes, neige/camouflage Realtree Xtra","Salopette de chasse réversible et imperméable Yukon Gear pour hommes, neige/camouflage Realtree Xtra",84.93,"84,93 $",189.99,"189,99 $Était   et+ prix était à partir de 189,99 $",84.93,"84,93 $",84.93,"84,93 $",true,https://www.canadiantire.ca/fr/pdp/salopette-de-chasse-reversible-et-impermeable-yukon-gear-pour-hommes-neige-camouflage-realtree-xtra-1759624p.html,https://www.canadiantire.ca/fr/pdp/salopette-de-chasse-reversible-et-impermeable-yukon-gear-pour-hommes-neige-camouflage-realtree-xtra-1759624p.html,https://media-www.canadiantire.ca/product/playing/hunting/hunting-apparel-footwear/1759624/yukon-gear-reversible-bib-snow-to-real-tree-m-fe3ccc2f-3788-4fa8-85b0-2feafdf014b9-jpgrendition.jpg?im=whresize&wid=200&hei=200,https://media-www.canadiantire.ca/product/playing/hunting/hunting-apparel-footwear/1759624/yukon-gear-reversible-bib-snow-to-real-tree-m-fe3ccc2f-3788-4fa8-85b0-2feafdf014b9-jpgrendition.jpg?im=whresize&wid=200&hei=200,,1759624,175-9624,Vérifiez la disponibilité#175-9624X,Liquidation◊Mieux notés,55.3,"84,93","189,99"
456,"Gaspe, QC",Coffret-cadeau mélange cocktail bourbon Thoughtfully,Coffret-cadeau mélange cocktail bourbon Thoughtfully,16.93,"16,93 $",34.99,"Était±  34,99 $prix était 34,99 $",16.93,"16,93 $",16.93,"16,93 $",true,https://www.canadiantire.ca/fr/pdp/coffret-cadeau-melange-cocktail-bourbon-thoughtfully-1519541p.html,https://www.canadiantire.ca/fr/pdp/coffret-cadeau-melange-cocktail-bourbon-thoughtfully-1519541p.html,https://media-www.canadiantire.ca/product/living/food-drink/seasonal-confectionery/1519541/bourbon-cocktail-mix-gift-set-9b2e05fb-e850-47a7-a1e3-0830598f7624-jpgrendition.jpg?im=whresize&wid=200&hei=200,https://media-www.canadiantire.ca/product/living/food-drink/seasonal-confectionery/1519541/bourbon-cocktail-mix-gift-set-9b2e05fb-e850-47a7-a1e3-0830598f7624-jpgrendition.jpg?im=whresize&wid=200&hei=200,,1519541,151-9541-8,,TaxableLiquidation◊,51.61,"16,93","34,99"
456,"Gaspe, QC",Adaptateur Hymair pour peinture,Adaptateur Hymair pour peinture,7.93,"7,93 $",15.99,"Était±  15,99 $prix était 15,99 $",7.93,"7,93 $",7.93,"7,93 $",true,https://www.canadiantire.ca/fr/pdp/adaptateur-hymair-pour-peinture-0581960p.html,https://www.canadiantire.ca/fr/pdp/adaptateur-hymair-pour-peinture-0581960p.html,https://media-www.canadiantire.ca/product/fixing/tools/air-tools-accessories/0581960/hymiar-paint-adaptor-2ede0503-35a6-449b-b84a-87b52f7fc5cb-jpgrendition.jpg?im=whresize&wid=200&hei=200,https://media-www.canadiantire.ca/product/fixing/tools/air-tools-accessories/0581960/hymiar-paint-adaptor-2ede0503-35a6-449b-b84a-87b52f7fc5cb-jpgrendition.jpg?im=whresize&wid=200&hei=200,,0581960,058-1960-2,Il n’en reste que 6 #058-1960-2,Liquidation◊,50.41,"7,93","15,99"
456,"Gaspe, QC","Peinture de retouche Dupli-Color Scratch Fix All-in-1 Exact-Match pour automobile, brun automne (B4)","Peinture de retouche Dupli-Color Scratch Fix All-in-1 Exact-Match pour automobile, brun automne (B4)",4.93,"4,93 $",28.99,"Était±  28,99 $prix était 28,99 $",4.93,"4,93 $",4.93,"4,93 $",true,https://www.canadiantire.ca/fr/pdp/peinture-de-retouche-dupli-color-scratch-fix-all-in-1-exact-match-pour-automobile-brun-automne-b4-0475187p.html,https://www.canadiantire.ca/fr/pdp/peinture-de-retouche-dupli-color-scratch-fix-all-in-1-exact-match-pour-automobile-brun-automne-b4-0475187p.html,https://media-www.canadiantire.ca/product/automotive/car-care-accessories/auto-body-repair/0475187/scratch-fix-autumn-brown-all-in-1-7edcd82f-bc1f-4774-872a-648b35ac17e2-jpgrendition.jpg?im=whresize&wid=200&hei=200,https://media-www.canadiantire.ca/product/automotive/car-care-accessories/auto-body-repair/0475187/scratch-fix-autumn-brown-all-in-1-7edcd82f-bc1f-4774-872a-648b35ac17e2-jpgrendition.jpg?im=whresize&wid=200&hei=200,,0475187,047-5187-6,Il n’en reste que 3 #047-5187-6,Liquidation◊,82.99,"4,93","28,99"
456,"Gaspe, QC","Sacs pour cadeaux-surprises La Reine des neiges 2, paq. 8","Sacs pour cadeaux-surprises La Reine des neiges 2, paq. 8",2.93,"2,93 $",8.99,"Était±  8,99 $prix était 8,99 $",2.93,"2,93 $",2.93,"2,93 $",true,https://www.canadiantire.ca/fr/pdp/sacs-pour-cadeaux-surprises-la-reine-des-neiges-2-paq-8-8420233p.html,https://www.canadiantire.ca/fr/pdp/sacs-pour-cadeaux-surprises-la-reine-des-neiges-2-paq-8-8420233p.html,https://media-www.partycity.ca/product/seasonal-gardening/party-city-everyday/party-city-party-supplies-decor/8420233/frozen-2-favour-bags-8ct-83513744-dd34-4e89-b6c1-5475e9ff9c65-jpgrendition.jpg?im=whresize&wid=200&hei=200,https://media-www.partycity.ca/product/seasonal-gardening/party-city-everyday/party-city-party-supplies-decor/8420233/frozen-2-favour-bags-8ct-83513744-dd34-4e89-b6c1-5475e9ff9c65-jpgrendition.jpg?im=whresize&wid=200&hei=200,,8420233,842-0233-2,Il n’en reste que 3 #842-0233-2,Liquidation◊,67.41,"2,93","8,99"
456,"Gaspe, QC","Bols doubles en grès surélevés pour chien Reddy, 3,75 tasses","Bols doubles en grès surélevés pour chien Reddy, 3,75 tasses",34.95,"34,95 $",69.99,"Était±  69,99 $prix était 69,99 $",34.95,"34,95 $",34.95,"34,95 $",true,https://www.canadiantire.ca/fr/pdp/bols-doubles-en-gres-sureleves-pour-chien-reddy-3-75-tasses-2425701p.html,https://www.canadiantire.ca/fr/pdp/bols-doubles-en-gres-sureleves-pour-chien-reddy-3-75-tasses-2425701p.html,https://media-www.canadiantire.ca/product/living/pet-care/pet-accessories/2425701/reddy-green-elevated-double-diner-dog-bowls-3-75-cups-21379ddb-fc4f-433a-aa6a-7dfa50d346e5-jpgrendition.jpg?im=whresize&wid=200&hei=200,https://media-www.canadiantire.ca/product/living/pet-care/pet-accessories/2425701/reddy-green-elevated-double-diner-dog-bowls-3-75-cups-21379ddb-fc4f-433a-aa6a-7dfa50d346e5-jpgrendition.jpg?im=whresize&wid=200&hei=200,,2425701,242-5701-6,Il n’en reste que 2 #242-5701-6,Liquidation◊Exclusivité,50.06,"34,95","69,99"
456,"Gaspe, QC","Poignée de tirage pour contre-porte Ideal Security, brun","Poignée de tirage pour contre-porte Ideal Security, brun",2.93,"2,93 $",25.99,"Était±  25,99 $prix était 25,99 $",2.93,"2,93 $",2.93,"2,93 $",true,https://www.canadiantire.ca/fr/pdp/poignee-de-tirage-pour-contre-porte-ideal-security-brun-0468400p.html,https://www.canadiantire.ca/fr/pdp/poignee-de-tirage-pour-contre-porte-ideal-security-brun-0468400p.html,https://media-www.canadiantire.ca/product/fixing/hardware/curb-appeal/0468400/brown-pull-handle-set-360724ec-06c7-4928-9e47-d54576634281-jpgrendition.jpg?im=whresize&wid=200&hei=200,https://media-www.canadiantire.ca/product/fixing/hardware/curb-appeal/0468400/brown-pull-handle-set-360724ec-06c7-4928-9e47-d54576634281-jpgrendition.jpg?im=whresize&wid=200&hei=200,,0468400,046-8400-2,Il n’en reste que 1 #046-8400-2,Liquidation◊Mieux notés,88.73,"2,93","25,99"
456,"Gaspe, QC","Plaque murale pour prise de 1,406 po en nylon Leviton 00PJ7-741, taille intermédiaire, 1 dispositif, ivoire","Plaque murale pour prise de 1,406 po en nylon Leviton 00PJ7-741, taille intermédiaire, 1 dispositif, ivoire",1.43,"1,43 $",3.99,"Était±  3,99 $prix était 3,99 $",1.43,"1,43 $",1.43,"1,43 $",true,https://www.canadiantire.ca/fr/pdp/plaque-murale-pour-prise-de-1-406-po-en-nylon-leviton-00pj7-741-taille-intermediaire-1-dispositif-ivoire-0528429p.html,https://www.canadiantire.ca/fr/pdp/plaque-murale-pour-prise-de-1-406-po-en-nylon-leviton-00pj7-741-taille-intermediaire-1-dispositif-ivoire-0528429p.html,https://media-www.canadiantire.ca/product/fixing/electrical/rough-electrical/0528429/1-406-inch-hole-device-wallplate-1-gang-ivory-midway-893c9c70-f2a8-4317-952f-540f91c21754-jpgrendition.jpg?im=whresize&wid=200&hei=200,https://media-www.canadiantire.ca/product/fixing/electrical/rough-electrical/0528429/1-406-inch-hole-device-wallplate-1-gang-ivory-midway-893c9c70-f2a8-4317-952f-540f91c21754-jpgrendition.jpg?im=whresize&wid=200&hei=200,,0528429,052-8429-0,Il n’en reste que 2 #052-8429-0,Liquidation◊,64.16,"1,43","3,99"
456,"Gaspe, QC","Ampoule halogène de longue durée MotoMaster 9006, paq. 2","Ampoule halogène de longue durée MotoMaster 9006, paq. 2",5.93,"5,93 $",44.99,"Était±  44,99 $prix était 44,99 $",5.93,"5,93 $",5.93,"5,93 $",true,https://www.canadiantire.ca/fr/pdp/ampoule-halogene-de-longue-duree-motomaster-9006-paq-2-1202242p.html,https://www.canadiantire.ca/fr/pdp/ampoule-halogene-de-longue-duree-motomaster-9006-paq-2-1202242p.html,https://media-www.canadiantire.ca/product/automotive/auto-maintenance/auto-lighting/1202242/9006mm-bp2-motomaster-long-lasting-halogen-bulbs-68b0b3a0-c6cd-4155-b38f-cdac58c75c57-jpgrendition.jpg?im=whresize&wid=200&hei=200,https://media-www.canadiantire.ca/product/automotive/auto-maintenance/auto-lighting/1202242/9006mm-bp2-motomaster-long-lasting-halogen-bulbs-68b0b3a0-c6cd-4155-b38f-cdac58c75c57-jpgrendition.jpg?im=whresize&wid=200&hei=200,,1202242,120-2242-6,Il n’en reste que 1 #120-2242-6,Liquidation◊Articles à succès,86.82,"5,93","44,99"
456,"Gaspe, QC",Cabane de protection d’hiver pour rosier Quest Out-of-the-Blue,Cabane de protection d’hiver pour rosier Quest Out-of-the-Blue,3.23,"3,23 $",6.99,"Était±  6,99 $prix était 6,99 $",3.23,"3,23 $",3.23,"3,23 $",true,https://www.canadiantire.ca/fr/pdp/cabane-de-protection-d-hiver-pour-rosier-quest-out-of-the-blue-0591952p.html,https://www.canadiantire.ca/fr/pdp/cabane-de-protection-d-hiver-pour-rosier-quest-out-of-the-blue-0591952p.html,https://media-www.canadiantire.ca/product/seasonal-gardening/gardening/lawn-plant-care/0591952/pulp-rose-hut-8dc24a36-2e55-4074-b229-d3238d823212-jpgrendition.jpg?im=whresize&wid=200&hei=200,https://media-www.canadiantire.ca/product/seasonal-gardening/gardening/lawn-plant-care/0591952/pulp-rose-hut-8dc24a36-2e55-4074-b229-d3238d823212-jpgrendition.jpg?im=whresize&wid=200&hei=200,,0591952,059-1952-0,9 En Stock#059-1952-0,Liquidation◊Mieux notés,53.79,"3,23","6,99"
456,"Gaspe, QC",Mèche pour radiateur,Mèche pour radiateur,4.43,"4,43 $",29.99,"Était±  29,99 $prix était 29,99 $",4.43,"4,43 $",4.43,"4,43 $",true,https://www.canadiantire.ca/fr/pdp/meche-pour-radiateur-0762913p.html,https://www.canadiantire.ca/fr/pdp/meche-pour-radiateur-0762913p.html,https://media-www.canadiantire.ca/product/playing/camping/camping-living/0762913/wick-for-radiant-heater-8f32bade-461f-47af-8a38-400327693396-jpgrendition.jpg?im=whresize&wid=200&hei=200,https://media-www.canadiantire.ca/product/playing/camping/camping-living/0762913/wick-for-radiant-heater-8f32bade-461f-47af-8a38-400327693396-jpgrendition.jpg?im=whresize&wid=200&hei=200,,0762913,076-2913-6,Il n’en reste que 1 #076-2913-6,Liquidation◊,85.23,"4,43","29,99"
456,"Gaspe, QC",Support pour rallonge Zerostart,Support pour rallonge Zerostart,4.93,"4,93 $",14.98,"Était±  14,98 $prix était 14,98 $",4.93,"4,93 $",4.93,"4,93 $",true,https://www.canadiantire.ca/fr/pdp/support-pour-rallonge-zerostart-0300020p.html,https://www.canadiantire.ca/fr/pdp/support-pour-rallonge-zerostart-0300020p.html,https://media-www.canadiantire.ca/product/automotive/heavy-auto-parts/auto-heating-cooling-parts/0300020/extension-cord-holder-c0e280d8-843b-49e9-b21c-7c59e7ea5f3c-jpgrendition.jpg?im=whresize&wid=200&hei=200,https://media-www.canadiantire.ca/product/automotive/heavy-auto-parts/auto-heating-cooling-parts/0300020/extension-cord-holder-c0e280d8-843b-49e9-b21c-7c59e7ea5f3c-jpgrendition.jpg?im=whresize&wid=200&hei=200,,0300020,030-0020-0,Il n’en reste que 3 #030-0020-0,Liquidation◊Mieux notés,67.09,"4,93","14,98"
456,"Gaspe, QC","Ballon en aluminium satiné rond et étoiles Happy New Year, or/noir, 30 po, gonflement à l'hélium et ruban inclus, pour veille du jour de l'An","Ballon en aluminium satiné rond et étoiles Happy New Year, or/noir, 30 po, gonflement à l'hélium et ruban inclus, pour veille du jour de l'An",4.93,"4,93 $",19.99,"Était±  19,99 $prix était 19,99 $",4.93,"4,93 $",4.93,"4,93 $",true,https://www.canadiantire.ca/fr/pdp/ballon-en-aluminium-satine-rond-et-etoiles-happy-new-year-or-noir-30-po-gonflement-a-l-helium-et-ruban-inclus-pour-veille-du-jour-de-l-an-8431628p.html,https://www.canadiantire.ca/fr/pdp/ballon-en-aluminium-satine-rond-et-etoiles-happy-new-year-or-noir-30-po-gonflement-a-l-helium-et-ruban-inclus-pour-veille-du-jour-de-l-an-8431628p.html,https://media-www.partycity.ca/product/seasonal-gardening/party-city-everyday/party-city-party-supplies-decor/8431628/new-years-infused-balloon-3e7aa255-c21b-4b6f-abe0-030a23cf237c-jpgrendition.jpg?im=whresize&wid=200&hei=200,https://media-www.partycity.ca/product/seasonal-gardening/party-city-everyday/party-city-party-supplies-decor/8431628/new-years-infused-balloon-3e7aa255-c21b-4b6f-abe0-030a23cf237c-jpgrendition.jpg?im=whresize&wid=200&hei=200,,8431628,843-1628-6,Il n’en reste que 4 #843-1628-6,Liquidation◊Hélium compris,75.34,"4,93","19,99"
