store_id,city,name,title,price,price_raw,regular_price,regular_price_raw,liquidation_price,liquidation_price_raw,sale_price,sale_price_raw,liquidation,url,link,image,image_url,product_id,sku,sku_formatted,availability,badges,discount_percent,price_sale_clean,price_original_clean
346,"Miss.Mavis & Dundas, ON",Garde-manger polyvalent Canvas Wittmore,Garde-manger polyvalent Canvas Wittmore,199.93,"199,93 $",499.99,"Était±  499,99 $prix était 499,99 $",199.93,"199,93 $",199.93,"199,93 $",true,https://www.canadiantire.ca/fr/pdp/garde-manger-polyvalent-canvas-wittmore-1680200p.html,https://www.canadiantire.ca/fr/pdp/garde-manger-polyvalent-canvas-wittmore-1680200p.html,https://media-www.canadiantire.ca/product/living/home-decor/furniture/1680200/canvas-whittmore-pantry-cabinet-88855d97-fc3c-4726-984c-bc946be0a9b7-jpgrendition.jpg?im=whresize&wid=200&hei=200,https://media-www.canadiantire.ca/product/living/home-decor/furniture/1680200/canvas-whittmore-pantry-cabinet-88855d97-fc3c-4726-984c-bc946be0a9b7-jpgrendition.jpg?im=whresize&wid=200&hei=200,,1680200,168-0200-6,Il n’en reste que 1 #168-0200-6,Liquidation◊Exclusivité,60.01,"199,93","499,99"
346,"Miss.Mavis & Dundas, ON","Tasses à mesurer empilables en plastique MASTER Chef, paq. 10","Tasses à mesurer empilables en plastique MASTER Chef, paq. 10",8.93,"8,93 $",24.99,"Était±  24,99 $prix était 24,99 $",8.93,"8,93 $",8.93,"8,93 $",true,https://www.canadiantire.ca/fr/pdp/tasses-a-mesurer-empilables-en-plastique-master-chef-paq-10-1429676p.html,https://www.canadiantire.ca/fr/pdp/tasses-a-mesurer-empilables-en-plastique-master-chef-paq-10-1429676p.html,https://media-www.canadiantire.ca/product/living/kitchen/bakeware-baking-prep/1429676/master-chef-10pc-measuring-cup-set-73c761cb-c28c-42fe-a32e-f57a30c6b9a6-jpgrendition.jpg?im=whresize&wid=200&hei=200,https://media-www.canadiantire.ca/product/living/kitchen/bakeware-baking-prep/1429676/master-chef-10pc-measuring-cup-set-73c761cb-c28c-42fe-a32e-f57a30c6b9a6-jpgrendition.jpg?im=whresize&wid=200&hei=200,,1429676,142-9676-0,Il n’en reste que 4 #142-9676-0,Liquidation◊Mieux notés,64.27,"8,93","24,99"
346,"Miss.Mavis & Dundas, ON","Bluehive - Ecouteurs boutons sans fil, 22h autonomie et charge rapide","Bluehive - Ecouteurs boutons sans fil, 22h autonomie et charge rapide",14.93,"14,93 $",39.99,"Était±  39,99 $prix était 39,99 $",14.93,"14,93 $",14.93,"14,93 $",true,https://www.canadiantire.ca/fr/pdp/bluehive-ecouteurs-boutons-sans-fil-22h-autonomie-et-charge-rapide-0355551p.html,https://www.canadiantire.ca/fr/pdp/bluehive-ecouteurs-boutons-sans-fil-22h-autonomie-et-charge-rapide-0355551p.html,https://media-www.canadiantire.ca/product/automotive/car-care-accessories/auto-electronics/0355551/bluehive-bluepods-true-wireless-earbuds-d801aae0-977a-4b93-998a-00bad4241385-jpgrendition.jpg?im=whresize&wid=200&hei=200,https://media-www.canadiantire.ca/product/automotive/car-care-accessories/auto-electronics/0355551/bluehive-bluepods-true-wireless-earbuds-d801aae0-977a-4b93-998a-00bad4241385-jpgrendition.jpg?im=whresize&wid=200&hei=200,,0355551,035-5551-6,Il n’en reste que 4 #035-5551-6,Liquidation◊Exclusivité,62.67,"14,93","39,99"
346,"Miss.Mavis & Dundas, ON","Ampoules à DEL à intensité variable à culot E12 NOMA B10, 2700K, 350 lumens, blanc chaud, 40 W, paq. 2","Ampoules à DEL à intensité variable à culot E12 NOMA B10, 2700K, 350 lumens, blanc chaud, 40 W, paq. 2",1.93,"1,93 $",12.99,"Était±  12,99 $prix était 12,99 $",1.93,"1,93 $",1.93,"1,93 $",true,https://www.canadiantire.ca/fr/pdp/ampoules-a-del-a-intensite-variable-a-culot-e12-noma-b10-2700k-350-lumens-blanc-chaud-40-w-paq-2-0529347p.html,https://www.canadiantire.ca/fr/pdp/ampoules-a-del-a-intensite-variable-a-culot-e12-noma-b10-2700k-350-lumens-blanc-chaud-40-w-paq-2-0529347p.html,https://media-www.canadiantire.ca/product/fixing/electrical/light-bulbs/0529347/noma-2-pack-40w-e12-soft-white-led-lightbulbs-2abc2edf-7b69-449d-b49f-8024c6332e19-jpgrendition.jpg?im=whresize&wid=200&hei=200,https://media-www.canadiantire.ca/product/fixing/electrical/light-bulbs/0529347/noma-2-pack-40w-e12-soft-white-led-lightbulbs-2abc2edf-7b69-449d-b49f-8024c6332e19-jpgrendition.jpg?im=whresize&wid=200&hei=200,,0529347,052-9347-8,196 En Stock#052-9347-8,Liquidation◊Exclusivité,85.14,"1,93","12,99"
346,"Miss.Mavis & Dundas, ON",Aspirateur-robot Shark Navigator Spot Lidar,Aspirateur-robot Shark Navigator Spot Lidar,199.93,"199,93 $",399.99,"Était±  399,99 $prix était 399,99 $",199.93,"199,93 $",199.93,"199,93 $",true,https://www.canadiantire.ca/fr/pdp/aspirateur-robot-shark-navigator-spot-lidar-0439617p.html,https://www.canadiantire.ca/fr/pdp/aspirateur-robot-shark-navigator-spot-lidar-0439617p.html,https://media-www.canadiantire.ca/product/living/cleaning/vacuums-and-floorcare/0439617/shark-navigator-spot-lidar-robotic-vac-0da3fe11-906d-4be8-9ef1-35c7a6f4dccf-jpgrendition.jpg?im=whresize&wid=200&hei=200,https://media-www.canadiantire.ca/product/living/cleaning/vacuums-and-floorcare/0439617/shark-navigator-spot-lidar-robotic-vac-0da3fe11-906d-4be8-9ef1-35c7a6f4dccf-jpgrendition.jpg?im=whresize&wid=200&hei=200,,0439617,043-9617-8,Il n’en reste que 2 #043-9617-8,Liquidation◊Mieux notés,50.02,"199,93","399,99"
346,"Miss.Mavis & Dundas, ON","Système de chasse-neige Kolpin Switchblade 17-0000 pour VTT, 48 à 60 po","Système de chasse-neige Kolpin Switchblade 17-0000 pour VTT, 48 à 60 po",259.93,"259,93 $",539.99,"Était±  539,99 $prix était 539,99 $",259.93,"259,93 $",259.93,"259,93 $",true,https://www.canadiantire.ca/fr/pdp/systeme-de-chasse-neige-kolpin-switchblade-17-0000-pour-vtt-48-a-60-po-0278190p.html,https://www.canadiantire.ca/fr/pdp/systeme-de-chasse-neige-kolpin-switchblade-17-0000-pour-vtt-48-a-60-po-0278190p.html,https://media-www.canadiantire.ca/product/automotive/automotive-outdoor-adventure/powersport/0278190/kolpin-switchblade-atv-snow-plow-52354734-5dda-4ae2-b6c8-873c986b6c5e-jpgrendition.jpg?im=whresize&wid=200&hei=200,https://media-www.canadiantire.ca/product/automotive/automotive-outdoor-adventure/powersport/0278190/kolpin-switchblade-atv-snow-plow-52354734-5dda-4ae2-b6c8-873c986b6c5e-jpgrendition.jpg?im=whresize&wid=200&hei=200,,0278190,027-8190-6,Il n’en reste que 1 #027-8190-6,Liquidation◊Mieux notés,51.86,"259,93","539,99"
346,"Miss.Mavis & Dundas, ON","Bibliothèque à cadre en métal à 5 niveaux avec rangement CANVAS Robson, fini chêne","Bibliothèque à cadre en métal à 5 niveaux avec rangement CANVAS Robson, fini chêne",139.93,"139,93 $",349.99,"Était±  349,99 $prix était 349,99 $",139.93,"139,93 $",139.93,"139,93 $",true,https://www.canadiantire.ca/fr/pdp/bibliotheque-a-cadre-en-metal-a-5-niveaux-avec-rangement-canvas-robson-fini-chene-1680047p.html,https://www.canadiantire.ca/fr/pdp/bibliotheque-a-cadre-en-metal-a-5-niveaux-avec-rangement-canvas-robson-fini-chene-1680047p.html,https://media-www.canadiantire.ca/product/living/home-decor/furniture/1680047/canvas-robson-wide-bookcase-cc404526-7e49-447a-b2ad-88a6bd2c5a81-jpgrendition.jpg?im=whresize&wid=200&hei=200,https://media-www.canadiantire.ca/product/living/home-decor/furniture/1680047/canvas-robson-wide-bookcase-cc404526-7e49-447a-b2ad-88a6bd2c5a81-jpgrendition.jpg?im=whresize&wid=200&hei=200,,1680047,168-0047-2,Il n’en reste que 2 #168-0047-2,Liquidation◊Mieux notés,60.02,"139,93","349,99"
346,"Miss.Mavis & Dundas, ON","Île flottante gonflable pour 6 personnes pour rivière/lac avec pare-soleil HydroForce Sunny Lounge, vert/jaune","Île flottante gonflable pour 6 personnes pour rivière/lac avec pare-soleil HydroForce Sunny Lounge, vert/jaune",119.93,"119,93 $",299.99,"Était±  299,99 $prix était 299,99 $",119.93,"119,93 $",119.93,"119,93 $",true,https://www.canadiantire.ca/fr/pdp/ile-flottante-gonflable-pour-6-personnes-pour-riviere-lac-avec-pare-soleil-hydroforce-sunny-lounge-vert-jaune-0797165p.html,https://www.canadiantire.ca/fr/pdp/ile-flottante-gonflable-pour-6-personnes-pour-riviere-lac-avec-pare-soleil-hydroforce-sunny-lounge-vert-jaune-0797165p.html,https://media-www.canadiantire.ca/product/playing/seasonal-recreation/marine-water-fun/0797165/hydroforce-sunny-lounge-party-island-6-person-1d5f89f0-aee0-4c82-87ee-388e48abc1ee-jpgrendition.jpg?im=whresize&wid=200&hei=200,https://media-www.canadiantire.ca/product/playing/seasonal-recreation/marine-water-fun/0797165/hydroforce-sunny-lounge-party-island-6-person-1d5f89f0-aee0-4c82-87ee-388e48abc1ee-jpgrendition.jpg?im=whresize&wid=200&hei=200,,0797165,079-7165-0,Il n’en reste que 6 #079-7165-0,Liquidation◊Exclusivité,60.02,"119,93","299,99"
346,"Miss.Mavis & Dundas, ON","Lit de voyage pour chiens Woods Dogwood, polyester, intérieur, bleu, taille unique","Lit de voyage pour chiens Woods Dogwood, polyester, intérieur, bleu, taille unique",22.43,"22,43 $",49.99,"Était±  49,99 $prix était 49,99 $",22.43,"22,43 $",22.43,"22,43 $",true,https://www.canadiantire.ca/fr/pdp/lit-de-voyage-pour-chiens-woods-dogwood-polyester-interieur-bleu-taille-unique-0766423p.html,https://www.canadiantire.ca/fr/pdp/lit-de-voyage-pour-chiens-woods-dogwood-polyester-interieur-bleu-taille-unique-0766423p.html,https://media-www.canadiantire.ca/product/playing/camping/camping-accessories/0766423/woods-dogwood-dog-bed-204aeb41-a4de-4e9e-8087-c56e21eb53f1-jpgrendition.jpg?im=whresize&wid=200&hei=200,https://media-www.canadiantire.ca/product/playing/camping/camping-accessories/0766423/woods-dogwood-dog-bed-204aeb41-a4de-4e9e-8087-c56e21eb53f1-jpgrendition.jpg?im=whresize&wid=200&hei=200,,0766423,076-6423-8,Il n’en reste que 1 #076-6423-8,Liquidation◊Exclusivité,55.13,"22,43","49,99"
346,"Miss.Mavis & Dundas, ON","Meuble pour téléviseur avec foyer électrique multimédia CANVAS Lotus, 67 po, 1 500 W, télécommande comprise, brun","Meuble pour téléviseur avec foyer électrique multimédia CANVAS Lotus, 67 po, 1 500 W, télécommande comprise, brun",274.93,"274,93 $",549.99,"Était±  549,99 $prix était 549,99 $",274.93,"274,93 $",274.93,"274,93 $",true,https://www.canadiantire.ca/fr/pdp/meuble-pour-televiseur-avec-foyer-electrique-multimedia-canvas-lotus-67-po-1-500-w-telecommande-comprise-brun-0643590p.html,https://www.canadiantire.ca/fr/pdp/meuble-pour-televiseur-avec-foyer-electrique-multimedia-canvas-lotus-67-po-1-500-w-telecommande-comprise-brun-0643590p.html,https://media-www.canadiantire.ca/product/living/home-decor/electric-fireplaces/0643590/masterflame-lotus-fireplace-aa87f256-c025-40e6-b060-d1a987f18559-jpgrendition.jpg?im=whresize&wid=200&hei=200,https://media-www.canadiantire.ca/product/living/home-decor/electric-fireplaces/0643590/masterflame-lotus-fireplace-aa87f256-c025-40e6-b060-d1a987f18559-jpgrendition.jpg?im=whresize&wid=200&hei=200,,0643590,064-3590-4,Il n’en reste que 3 #064-3590-4,Liquidation◊Exclusivité,50.01,"274,93","549,99"
346,"Miss.Mavis & Dundas, ON","Gants de cuisine en silicone à prise antidérapante MASTER Chef, rouge, paq. 2","Gants de cuisine en silicone à prise antidérapante MASTER Chef, rouge, paq. 2",7.93,"7,93 $",17.99,"Était±  17,99 $prix était 17,99 $",7.93,"7,93 $",7.93,"7,93 $",true,https://www.canadiantire.ca/fr/pdp/gants-de-cuisine-en-silicone-a-prise-antiderapante-master-chef-rouge-paq-2-1424819p.html,https://www.canadiantire.ca/fr/pdp/gants-de-cuisine-en-silicone-a-prise-antiderapante-master-chef-rouge-paq-2-1424819p.html,https://media-www.canadiantire.ca/product/living/kitchen/dining-and-entertaining/1424819/masterchef-2-pack-silicone-oven-mitt-b89ae6ab-2ac5-45f8-b10e-5c3836792b55-jpgrendition.jpg?im=whresize&wid=200&hei=200,https://media-www.canadiantire.ca/product/living/kitchen/dining-and-entertaining/1424819/masterchef-2-pack-silicone-oven-mitt-b89ae6ab-2ac5-45f8-b10e-5c3836792b55-jpgrendition.jpg?im=whresize&wid=200&hei=200,,1424819,142-4819-2,9 En Stock#142-4819-2,Liquidation◊Articles à succès,55.92,"7,93","17,99"
346,"Miss.Mavis & Dundas, ON","Pergola modulaire CANVAS Horizon, extérieur et patio, 10 x 10 pi","Pergola modulaire CANVAS Horizon, extérieur et patio, 10 x 10 pi",599.93,"599,93 $",1199.99,"Était±  1 199,99 $prix était 1 199,99 $",599.93,"599,93 $",599.93,"599,93 $",true,https://www.canadiantire.ca/fr/pdp/pergola-modulaire-canvas-horizon-exterieur-et-patio-10-x-10-pi-1880240p.html,https://www.canadiantire.ca/fr/pdp/pergola-modulaire-canvas-horizon-exterieur-et-patio-10-x-10-pi-1880240p.html,https://media-www.canadiantire.ca/product/seasonal-gardening/backyard-living/outdoor-furniture/1880240/canvas-horizon-10-x-10-modular-pergola-036babcc-70d8-48f1-b1f2-73666688de06-jpgrendition.jpg?im=whresize&wid=200&hei=200,https://media-www.canadiantire.ca/product/seasonal-gardening/backyard-living/outdoor-furniture/1880240/canvas-horizon-10-x-10-modular-pergola-036babcc-70d8-48f1-b1f2-73666688de06-jpgrendition.jpg?im=whresize&wid=200&hei=200,,1880240,188-0240-2,Il n’en reste que 3 #188-0240-2,Liquidation◊Exclusivité,50.01,"599,93","1199,99"
346,"Miss.Mavis & Dundas, ON","Vélo électrique Raleigh Dobson Comfort, léger, écran ACL intégré, 700C roues, blanc","Vélo électrique Raleigh Dobson Comfort, léger, écran ACL intégré, 700C roues, blanc",799.93,"799,93 $",1999.99,"Était±  1 999,99 $prix était 1 999,99 $",799.93,"799,93 $",799.93,"799,93 $",true,https://www.canadiantire.ca/fr/pdp/velo-electrique-raleigh-dobson-comfort-leger-ecran-acl-integre-700c-roues-blanc-0712020p.html,https://www.canadiantire.ca/fr/pdp/velo-electrique-raleigh-dobson-comfort-leger-ecran-acl-integre-700c-roues-blanc-0712020p.html,https://media-www.canadiantire.ca/product/seasonal-gardening/cycling/bicycles/0712020/raleigh-dobson-electric-bike-700c-white-46befcab-abaf-4947-ae19-7764447767ed-jpgrendition.jpg?im=whresize&wid=200&hei=200,https://media-www.canadiantire.ca/product/seasonal-gardening/cycling/bicycles/0712020/raleigh-dobson-electric-bike-700c-white-46befcab-abaf-4947-ae19-7764447767ed-jpgrendition.jpg?im=whresize&wid=200&hei=200,,0712020,071-2020-0,Il n’en reste que 2 #071-2020-0,Liquidation◊Exclusivité,60,"799,93","1999,99"
346,"Miss.Mavis & Dundas, ON","Foyer électrique CANVAS Marseille, 54 po, 1 400 W, comprend une télécommande, blanc","Foyer électrique CANVAS Marseille, 54 po, 1 400 W, comprend une télécommande, blanc",349.93,"349,93 $",699.99,"Était±  699,99 $prix était 699,99 $",349.93,"349,93 $",349.93,"349,93 $",true,https://www.canadiantire.ca/fr/pdp/foyer-electrique-canvas-marseille-54-po-1-400-w-comprend-une-telecommande-blanc-0643176p.html,https://www.canadiantire.ca/fr/pdp/foyer-electrique-canvas-marseille-54-po-1-400-w-comprend-une-telecommande-blanc-0643176p.html,https://media-www.canadiantire.ca/product/living/home-decor/electric-fireplaces/0643176/canvas-marseille-fireplace-fedce335-a386-471e-87b0-b3ad50097466-jpgrendition.jpg?im=whresize&wid=200&hei=200,https://media-www.canadiantire.ca/product/living/home-decor/electric-fireplaces/0643176/canvas-marseille-fireplace-fedce335-a386-471e-87b0-b3ad50097466-jpgrendition.jpg?im=whresize&wid=200&hei=200,,0643176,064-3176-2,Il n’en reste que 1 #064-3176-2,Liquidation◊Mieux notés,50.01,"349,93","699,99"
346,"Miss.Mavis & Dundas, ON","Dôme d'escalade métallique Plum de 8,5 pi avec glissière de 10 pi, 3 ans et plus","Dôme d'escalade métallique Plum de 8,5 pi avec glissière de 10 pi, 3 ans et plus",254.93,"254,93 $",699.99,"Était±  699,99 $prix était 699,99 $",254.93,"254,93 $",254.93,"254,93 $",true,https://www.canadiantire.ca/fr/pdp/dome-d-escalade-metallique-plum-de-8-5-pi-avec-glissiere-de-10-pi-3-ans-et-plus-1841061p.html,https://www.canadiantire.ca/fr/pdp/dome-d-escalade-metallique-plum-de-8-5-pi-avec-glissiere-de-10-pi-3-ans-et-plus-1841061p.html,https://media-www.canadiantire.ca/product/seasonal-gardening/backyard-fun/backyard-amusement/1841061/plum-metal-climbing-dome-with-slide-53564def-8e22-4ad0-9169-b747db0e5be1-jpgrendition.jpg?im=whresize&wid=200&hei=200,https://media-www.canadiantire.ca/product/seasonal-gardening/backyard-fun/backyard-amusement/1841061/plum-metal-climbing-dome-with-slide-53564def-8e22-4ad0-9169-b747db0e5be1-jpgrendition.jpg?im=whresize&wid=200&hei=200,,1841061,184-1061-0,9 En Stock#184-1061-0,Liquidation◊,63.58,"254,93","699,99"
346,"Miss.Mavis & Dundas, ON","Lampes de table d’extérieur à DEL CANVAS Raven, noir mat, paq. 2","Lampes de table d’extérieur à DEL CANVAS Raven, noir mat, paq. 2",34.93,"34,93 $",69.99,"Était±  69,99 $prix était 69,99 $",34.93,"34,93 $",34.93,"34,93 $",true,https://www.canadiantire.ca/fr/pdp/lampes-de-table-d-exterieur-a-del-canvas-raven-noir-mat-paq-2-0525990p.html,https://www.canadiantire.ca/fr/pdp/lampes-de-table-d-exterieur-a-del-canvas-raven-noir-mat-paq-2-0525990p.html,https://media-www.canadiantire.ca/product/seasonal-gardening/backyard-living/outdoor-lighting/0525990/canvas-raven-led-outdoor-table-lamp-set-2pk-ed896a16-9154-446d-8dd9-c5170905bed9-jpgrendition.jpg?im=whresize&wid=200&hei=200,https://media-www.canadiantire.ca/product/seasonal-gardening/backyard-living/outdoor-lighting/0525990/canvas-raven-led-outdoor-table-lamp-set-2pk-ed896a16-9154-446d-8dd9-c5170905bed9-jpgrendition.jpg?im=whresize&wid=200&hei=200,,0525990,052-5990-8,Il n’en reste que 4 #052-5990-8,Liquidation◊Exclusivité,50.09,"34,93","69,99"
346,"Miss.Mavis & Dundas, ON","Meuble pour téléviseur avec foyer électrique multimédia CANVAS Hanover, 58 po, 1 400 W, télécommande comprise, brun","Meuble pour téléviseur avec foyer électrique multimédia CANVAS Hanover, 58 po, 1 400 W, télécommande comprise, brun",349.93,"349,93 $",699.99,"Était±  699,99 $prix était 699,99 $",349.93,"349,93 $",349.93,"349,93 $",true,https://www.canadiantire.ca/fr/pdp/meuble-pour-televiseur-avec-foyer-electrique-multimedia-canvas-hanover-58-po-1-400-w-telecommande-comprise-brun-0644016p.html,https://www.canadiantire.ca/fr/pdp/meuble-pour-televiseur-avec-foyer-electrique-multimedia-canvas-hanover-58-po-1-400-w-telecommande-comprise-brun-0644016p.html,https://media-www.canadiantire.ca/product/living/home-decor/electric-fireplaces/0644016/58-hanover-media-fireplace-09797aee-7b1b-4dab-a0b5-b7fdd10b96e8-jpgrendition.jpg?im=whresize&wid=200&hei=200,https://media-www.canadiantire.ca/product/living/home-decor/electric-fireplaces/0644016/58-hanover-media-fireplace-09797aee-7b1b-4dab-a0b5-b7fdd10b96e8-jpgrendition.jpg?im=whresize&wid=200&hei=200,,0644016,064-4016-8,Il n’en reste que 2 #064-4016-8,Liquidation◊Mieux notés,50.01,"349,93","699,99"
346,"Miss.Mavis & Dundas, ON","Panier de basketball d'extérieur fixe Spalding U-TURN, 60 po","Panier de basketball d'extérieur fixe Spalding U-TURN, 60 po",499.93,"499,93 $",999.99,"Était±  999,99 $prix était 999,99 $",499.93,"499,93 $",499.93,"499,93 $",true,https://www.canadiantire.ca/fr/pdp/panier-de-basketball-d-exterieur-fixe-spalding-u-turn-60-po-1840808p.html,https://www.canadiantire.ca/fr/pdp/panier-de-basketball-d-exterieur-fixe-spalding-u-turn-60-po-1840808p.html,https://media-www.canadiantire.ca/product/playing/team-sports-and-golf/sports-equipment-accessories/1840808/spalding-60-glass-in-ground-basketball-system-0694c723-1f02-444a-99e6-83123f28c329-jpgrendition.jpg?im=whresize&wid=200&hei=200,https://media-www.canadiantire.ca/product/playing/team-sports-and-golf/sports-equipment-accessories/1840808/spalding-60-glass-in-ground-basketball-system-0694c723-1f02-444a-99e6-83123f28c329-jpgrendition.jpg?im=whresize&wid=200&hei=200,,1840808,184-0808-2,,Liquidation◊Articles à succès,50.01,"499,93","999,99"
346,"Miss.Mavis & Dundas, ON","Haut antifrottements Outbound à manches courtes, extensible, protection UV, dames, bleu marine","Haut antifrottements Outbound à manches courtes, extensible, protection UV, dames, bleu marine",7.93,"7,93 $",19.99,"19,99 $Était   et+ prix était à partir de 19,99 $",7.93,"7,93 $",7.93,"7,93 $",true,https://www.canadiantire.ca/fr/pdp/haut-antifrottements-outbound-a-manches-courtes-extensible-protection-uv-dames-bleu-marine-1873372p.html,https://www.canadiantire.ca/fr/pdp/haut-antifrottements-outbound-a-manches-courtes-extensible-protection-uv-dames-bleu-marine-1873372p.html,https://media-www.canadiantire.ca/product/playing/footwear-apparel/summer-footwear-apparel/1873372/outbound-upf-short-sleeve-rashguard-women-size-s-cb7e966b-b160-470f-b118-3af8f5c11fa1-jpgrendition.jpg?im=whresize&wid=200&hei=200,https://media-www.canadiantire.ca/product/playing/footwear-apparel/summer-footwear-apparel/1873372/outbound-upf-short-sleeve-rashguard-women-size-s-cb7e966b-b160-470f-b118-3af8f5c11fa1-jpgrendition.jpg?im=whresize&wid=200&hei=200,,1873372,187-3372,Vérifiez la disponibilité#187-3372X,Liquidation◊Exclusivité,60.33,"7,93","19,99"
346,"Miss.Mavis & Dundas, ON","Centre de jeu de cuisine J'Adore avec lumières et sons, 3 ans et +","Centre de jeu de cuisine J'Adore avec lumières et sons, 3 ans et +",124.93,"124,93 $",249.99,"Était±  249,99 $prix était 249,99 $",124.93,"124,93 $",124.93,"124,93 $",true,https://www.canadiantire.ca/fr/pdp/centre-de-jeu-de-cuisine-j-adore-avec-lumieres-et-sons-3-ans-et-1501118p.html,https://www.canadiantire.ca/fr/pdp/centre-de-jeu-de-cuisine-j-adore-avec-lumieres-et-sons-3-ans-et-1501118p.html,https://media-www.canadiantire.ca/product/seasonal-gardening/toys/preschool-toys-activities/1501118/j-adore-deluxe-corner-kitchen-9fc8fee3-c347-4fb0-8f2a-bd4de0056a32-jpgrendition.jpg?im=whresize&wid=200&hei=200,https://media-www.canadiantire.ca/product/seasonal-gardening/toys/preschool-toys-activities/1501118/j-adore-deluxe-corner-kitchen-9fc8fee3-c347-4fb0-8f2a-bd4de0056a32-jpgrendition.jpg?im=whresize&wid=200&hei=200,,1501118,150-1118-8,Il n’en reste que 1 #150-1118-8,Liquidation◊Mieux notés,50.03,"124,93","249,99"
346,"Miss.Mavis & Dundas, ON","Table à dîner haute d'extérieur/de jardin CANVAS Mercier avec dessus en verre trempé, noir","Table à dîner haute d'extérieur/de jardin CANVAS Mercier avec dessus en verre trempé, noir",99.93,"99,93 $",249.99,"Était±  249,99 $prix était 249,99 $",99.93,"99,93 $",99.93,"99,93 $",true,https://www.canadiantire.ca/fr/pdp/table-a-diner-haute-d-exterieur-de-jardin-canvas-mercier-avec-dessus-en-verre-trempe-noir-1880294p.html,https://www.canadiantire.ca/fr/pdp/table-a-diner-haute-d-exterieur-de-jardin-canvas-mercier-avec-dessus-en-verre-trempe-noir-1880294p.html,https://media-www.canadiantire.ca/product/seasonal-gardening/backyard-living/outdoor-furniture/1880294/canvas-mercier-high-dining-table-a1e4ede4-bd3b-4e48-b361-73188e8df24d-jpgrendition.jpg?im=whresize&wid=200&hei=200,https://media-www.canadiantire.ca/product/seasonal-gardening/backyard-living/outdoor-furniture/1880294/canvas-mercier-high-dining-table-a1e4ede4-bd3b-4e48-b361-73188e8df24d-jpgrendition.jpg?im=whresize&wid=200&hei=200,,1880294,188-0294-4,Il n’en reste que 2 #188-0294-4,Liquidation◊Exclusivité,60.03,"99,93","249,99"
346,"Miss.Mavis & Dundas, ON","Machine à café et espresso automatique avec buse à vapeur à lait Smeg, pompe de 19 bars, noir","Machine à café et espresso automatique avec buse à vapeur à lait Smeg, pompe de 19 bars, noir",499.93,"499,93 $",999.99,"Était±  999,99 $prix était 999,99 $",499.93,"499,93 $",499.93,"499,93 $",true,https://www.canadiantire.ca/fr/pdp/machine-a-cafe-et-espresso-automatique-avec-buse-a-vapeur-a-lait-smeg-pompe-de-19-bars-noir-0430368p.html,https://www.canadiantire.ca/fr/pdp/machine-a-cafe-et-espresso-automatique-avec-buse-a-vapeur-a-lait-smeg-pompe-de-19-bars-noir-0430368p.html,https://media-www.canadiantire.ca/product/living/kitchen/kitchen-appliances/0430368/smeg-fully-automatic-espresso-maker-w-milk-wand-57ea23ee-5b49-4f4a-9035-1ccedfae5311-jpgrendition.jpg?im=whresize&wid=200&hei=200,https://media-www.canadiantire.ca/product/living/kitchen/kitchen-appliances/0430368/smeg-fully-automatic-espresso-maker-w-milk-wand-57ea23ee-5b49-4f4a-9035-1ccedfae5311-jpgrendition.jpg?im=whresize&wid=200&hei=200,,0430368,043-0368-4,Il n’en reste que 2 #043-0368-4,Liquidation◊Exclusivité,50.01,"499,93","999,99"
346,"Miss.Mavis & Dundas, ON",Machine à espresso semi-automatique à un toucher avec mousseur à lait Mr. Coffee,Machine à espresso semi-automatique à un toucher avec mousseur à lait Mr. Coffee,129.93,"129,93 $",439.99,"Était±  439,99 $prix était 439,99 $",129.93,"129,93 $",129.93,"129,93 $",true,https://www.canadiantire.ca/fr/pdp/machine-a-espresso-semi-automatique-a-un-toucher-avec-mousseur-a-lait-mr-coffee-0430385p.html,https://www.canadiantire.ca/fr/pdp/machine-a-espresso-semi-automatique-a-un-toucher-avec-mousseur-a-lait-mr-coffee-0430385p.html,https://media-www.canadiantire.ca/product/living/kitchen/kitchen-appliances/0430385/mr-coffee-semi-automatic-espresso-machine-w-milk-frother-482b518b-cfa5-4d80-bb51-f3dc6d06036e-jpgrendition.jpg?im=whresize&wid=200&hei=200,https://media-www.canadiantire.ca/product/living/kitchen/kitchen-appliances/0430385/mr-coffee-semi-automatic-espresso-machine-w-milk-frother-482b518b-cfa5-4d80-bb51-f3dc6d06036e-jpgrendition.jpg?im=whresize&wid=200&hei=200,,0430385,043-0385-2,Il n’en reste que 2 #043-0385-2,Liquidation◊Mieux notés,70.47,"129,93","439,99"
346,"Miss.Mavis & Dundas, ON","Chandail Huntshield Brome No Fly Zone, hommes, gris","Chandail Huntshield Brome No Fly Zone, hommes, gris",29.93,"29,93 $",69.99,"69,99 $Était   et+ prix était à partir de 69,99 $",29.93,"29,93 $",29.93,"29,93 $",true,https://www.canadiantire.ca/fr/pdp/chandail-huntshield-brome-no-fly-zone-hommes-gris-3751411p.html,https://www.canadiantire.ca/fr/pdp/chandail-huntshield-brome-no-fly-zone-hommes-gris-3751411p.html,https://media-www.canadiantire.ca/product/playing/hunting/hunting-apparel-footwear/3751411/mens-brome-no-fly-zone-shirt-m-grey-421aa9a4-0769-4460-b7a2-0de01a1a2957-jpgrendition.jpg?im=whresize&wid=200&hei=200,https://media-www.canadiantire.ca/product/playing/hunting/hunting-apparel-footwear/3751411/mens-brome-no-fly-zone-shirt-m-grey-421aa9a4-0769-4460-b7a2-0de01a1a2957-jpgrendition.jpg?im=whresize&wid=200&hei=200,,3751411,375-1411,Vérifiez la disponibilité#375-1411X,Liquidation◊Mieux notés,57.24,"29,93","69,99"
346,"Miss.Mavis & Dundas, ON","Pagaie 2-en-1 pour kayak ou planche à pagaie Outbound, réglable, 85 po","Pagaie 2-en-1 pour kayak ou planche à pagaie Outbound, réglable, 85 po",29.93,"29,93 $",74.99,"Était±  74,99 $prix était 74,99 $",29.93,"29,93 $",29.93,"29,93 $",true,https://www.canadiantire.ca/fr/pdp/pagaie-2-en-1-pour-kayak-ou-planche-a-pagaie-outbound-reglable-85-po-0792067p.html,https://www.canadiantire.ca/fr/pdp/pagaie-2-en-1-pour-kayak-ou-planche-a-pagaie-outbound-reglable-85-po-0792067p.html,https://media-www.canadiantire.ca/product/playing/seasonal-recreation/marine-power-boating/0792067/outbound-2-in-1-kayak-sup-paddle-d4eb97d2-7846-423b-9b2d-8b7e6efd9d90-jpgrendition.jpg?im=whresize&wid=200&hei=200,https://media-www.canadiantire.ca/product/playing/seasonal-recreation/marine-power-boating/0792067/outbound-2-in-1-kayak-sup-paddle-d4eb97d2-7846-423b-9b2d-8b7e6efd9d90-jpgrendition.jpg?im=whresize&wid=200&hei=200,,0792067,079-2067-4,Il n’en reste que 3 #079-2067-4,Liquidation◊Exclusivité,60.09,"29,93","74,99"
346,"Miss.Mavis & Dundas, ON","Contenants en plastique étanche pour aliments LockNLock Easy Match de Starfrit avec couvercle hermétique à pinces, paq. 30","Contenants en plastique étanche pour aliments LockNLock Easy Match de Starfrit avec couvercle hermétique à pinces, paq. 30",34.93,"34,93 $",69.99,"Était±  69,99 $prix était 69,99 $",34.93,"34,93 $",34.93,"34,93 $",true,https://www.canadiantire.ca/fr/pdp/contenants-en-plastique-etanche-pour-aliments-locknlock-easy-match-de-starfrit-avec-couvercle-hermetique-a-pinces-paq-30-2423479p.html,https://www.canadiantire.ca/fr/pdp/contenants-en-plastique-etanche-pour-aliments-locknlock-easy-match-de-starfrit-avec-couvercle-hermetique-a-pinces-paq-30-2423479p.html,https://media-www.canadiantire.ca/product/living/kitchen/food-storage/2423479/30-pc-lock-n-lock-easy-match-container-set-7bc5f682-0269-47d7-9f83-cbb05e80b766-jpgrendition.jpg?im=whresize&wid=200&hei=200,https://media-www.canadiantire.ca/product/living/kitchen/food-storage/2423479/30-pc-lock-n-lock-easy-match-container-set-7bc5f682-0269-47d7-9f83-cbb05e80b766-jpgrendition.jpg?im=whresize&wid=200&hei=200,,2423479,242-3479-8,Il n’en reste que 3 #242-3479-8,Liquidation◊Mieux notés,50.09,"34,93","69,99"
346,"Miss.Mavis & Dundas, ON","Meuble pour téléviseur avec console multimédia et foyer électrique CANVAS Ashcroft, 60 po, 1 400 W, télécommande comprise, blanc","Meuble pour téléviseur avec console multimédia et foyer électrique CANVAS Ashcroft, 60 po, 1 400 W, télécommande comprise, blanc",324.93,"324,93 $",649.99,"Était±  649,99 $prix était 649,99 $",324.93,"324,93 $",324.93,"324,93 $",true,https://www.canadiantire.ca/fr/pdp/meuble-pour-televiseur-avec-console-multimedia-et-foyer-electrique-canvas-ashcroft-60-po-1-400-w-telecommande-comprise-blanc-0644017p.html,https://www.canadiantire.ca/fr/pdp/meuble-pour-televiseur-avec-console-multimedia-et-foyer-electrique-canvas-ashcroft-60-po-1-400-w-telecommande-comprise-blanc-0644017p.html,https://media-www.canadiantire.ca/product/living/home-decor/electric-fireplaces/0644017/60-ashcroft-media-fireplace-05ccb2a8-d411-4b2b-8cb0-a1a0275ddcc0-jpgrendition.jpg?im=whresize&wid=200&hei=200,https://media-www.canadiantire.ca/product/living/home-decor/electric-fireplaces/0644017/60-ashcroft-media-fireplace-05ccb2a8-d411-4b2b-8cb0-a1a0275ddcc0-jpgrendition.jpg?im=whresize&wid=200&hei=200,,0644017,064-4017-6,Il n’en reste que 1 #064-4017-6,Liquidation◊Mieux notés,50.01,"324,93","649,99"
346,"Miss.Mavis & Dundas, ON","Craies d'extérieur aux couleurs vives et audacieuses pour trottoir Crayola Superchalk, lavables, 4 ans et plus","Craies d'extérieur aux couleurs vives et audacieuses pour trottoir Crayola Superchalk, lavables, 4 ans et plus",0.43,"0,43 $",1.99,"Était±  1,99 $prix était 1,99 $",0.43,"0,43 $",0.43,"0,43 $",true,https://www.canadiantire.ca/fr/pdp/craies-d-exterieur-aux-couleurs-vives-et-audacieuses-pour-trottoir-crayola-superchalk-lavables-4-ans-et-plus-0509725p.html,https://www.canadiantire.ca/fr/pdp/craies-d-exterieur-aux-couleurs-vives-et-audacieuses-pour-trottoir-crayola-superchalk-lavables-4-ans-et-plus-0509725p.html,https://media-www.canadiantire.ca/product/seasonal-gardening/toys/seasonal-toys/0509725/crayola-superchalk-55b77fce-a226-4f82-8438-cf57fc64801c-jpgrendition.jpg?im=whresize&wid=200&hei=200,https://media-www.canadiantire.ca/product/seasonal-gardening/toys/seasonal-toys/0509725/crayola-superchalk-55b77fce-a226-4f82-8438-cf57fc64801c-jpgrendition.jpg?im=whresize&wid=200&hei=200,,0509725,050-9725-2,Il n’en reste que 1 #050-9725-2,Liquidation◊Mieux notés,78.39,"0,43","1,99"
346,"Miss.Mavis & Dundas, ON",Système d’élimination déchets de cuisine écologique Sepura,Système d’élimination déchets de cuisine écologique Sepura,99.93,"99,93 $",749.99,"Était±  749,99 $prix était 749,99 $",99.93,"99,93 $",99.93,"99,93 $",true,https://www.canadiantire.ca/fr/pdp/systeme-d-elimination-dechets-de-cuisine-ecologique-sepura-0633486p.html,https://www.canadiantire.ca/fr/pdp/systeme-d-elimination-dechets-de-cuisine-ecologique-sepura-0633486p.html,https://media-www.canadiantire.ca/product/fixing/plumbing/rough-plumbing/0633486/sepura-in-sink-food-waste-separator-and-collector-9742ff37-21c0-40c1-babb-e09184b6c6bc-jpgrendition.jpg?im=whresize&wid=200&hei=200,https://media-www.canadiantire.ca/product/fixing/plumbing/rough-plumbing/0633486/sepura-in-sink-food-waste-separator-and-collector-9742ff37-21c0-40c1-babb-e09184b6c6bc-jpgrendition.jpg?im=whresize&wid=200&hei=200,,0633486,063-3486-6,Il n’en reste que 1 #063-3486-6,Liquidation◊Exclusivité,86.68,"99,93","749,99"
346,"Miss.Mavis & Dundas, ON","Rainbow Blobz de Bestway avec aire de jeux d’eau, 3 ans et plus","Rainbow Blobz de Bestway avec aire de jeux d’eau, 3 ans et plus",19.93,"19,93 $",54.99,"Était±  54,99 $prix était 54,99 $",19.93,"19,93 $",19.93,"19,93 $",true,https://www.canadiantire.ca/fr/pdp/rainbow-blobz-de-bestway-avec-aire-de-jeux-d-eau-3-ans-et-plus-0509163p.html,https://www.canadiantire.ca/fr/pdp/rainbow-blobz-de-bestway-avec-aire-de-jeux-d-eau-3-ans-et-plus-0509163p.html,https://media-www.canadiantire.ca/product/seasonal-gardening/backyard-fun/seasonal-toys/0509163/rainbow-blobz-f27f5662-28f9-4cea-95c7-57c9e63376d0-jpgrendition.jpg?im=whresize&wid=200&hei=200,https://media-www.canadiantire.ca/product/seasonal-gardening/backyard-fun/seasonal-toys/0509163/rainbow-blobz-f27f5662-28f9-4cea-95c7-57c9e63376d0-jpgrendition.jpg?im=whresize&wid=200&hei=200,,0509163,050-9163-8,Il n’en reste que 1 #050-9163-8,Liquidation◊,63.76,"19,93","54,99"
346,"Miss.Mavis & Dundas, ON",Console escamotable CANVAS Nelson,Console escamotable CANVAS Nelson,124.93,"124,93 $",249.99,"Était±  249,99 $prix était 249,99 $",124.93,"124,93 $",124.93,"124,93 $",true,https://www.canadiantire.ca/fr/pdp/console-escamotable-canvas-nelson-1680098p.html,https://www.canadiantire.ca/fr/pdp/console-escamotable-canvas-nelson-1680098p.html,https://media-www.canadiantire.ca/product/living/home-decor/furniture/1680098/canvas-nelson-extending-console-desk-75ec90a9-b17e-4e01-b2a5-010b27fda019-jpgrendition.jpg?im=whresize&wid=200&hei=200,https://media-www.canadiantire.ca/product/living/home-decor/furniture/1680098/canvas-nelson-extending-console-desk-75ec90a9-b17e-4e01-b2a5-010b27fda019-jpgrendition.jpg?im=whresize&wid=200&hei=200,,1680098,168-0098-0,Il n’en reste que 7 #168-0098-0,Liquidation◊Articles à succès,50.03,"124,93","249,99"
346,"Miss.Mavis & Dundas, ON","Portemines à pression Merangue 0,7 mm, avec gomme et mines de rechange, paq. 5","Portemines à pression Merangue 0,7 mm, avec gomme et mines de rechange, paq. 5",1.93,"1,93 $",3.99,"Était±  3,99 $prix était 3,99 $",1.93,"1,93 $",1.93,"1,93 $",true,https://www.canadiantire.ca/fr/pdp/portemines-a-pression-merangue-0-7-mm-avec-gomme-et-mines-de-rechange-paq-5-1428920p.html,https://www.canadiantire.ca/fr/pdp/portemines-a-pression-merangue-0-7-mm-avec-gomme-et-mines-de-rechange-paq-5-1428920p.html,https://media-www.canadiantire.ca/product/seasonal-gardening/toys/home-office-supplies/1428920/5-pack-grip-click-combo-pencil-74c3b6d2-0c0a-4097-9ccd-1514c835ba40-jpgrendition.jpg?im=whresize&wid=200&hei=200,https://media-www.canadiantire.ca/product/seasonal-gardening/toys/home-office-supplies/1428920/5-pack-grip-click-combo-pencil-74c3b6d2-0c0a-4097-9ccd-1514c835ba40-jpgrendition.jpg?im=whresize&wid=200&hei=200,,1428920,142-8920-4,Il n’en reste que 5 #142-8920-4,Liquidation◊Mieux notés,51.63,"1,93","3,99"
346,"Miss.Mavis & Dundas, ON","Revêtement caoutchouté en aérosol polyvalent Performix Plasti Dip, 311 g","Revêtement caoutchouté en aérosol polyvalent Performix Plasti Dip, 311 g",10.93,"10,93 $",25.99,"25,99 $Était   et+ prix était à partir de 25,99 $",10.93,"10,93 $",10.93,"10,93 $",true,https://www.canadiantire.ca/fr/pdp/revetement-caoutchoute-en-aerosol-polyvalent-performix-plasti-dip-311-g-0482222p.html,https://www.canadiantire.ca/fr/pdp/revetement-caoutchoute-en-aerosol-polyvalent-performix-plasti-dip-311-g-0482222p.html,https://media-www.canadiantire.ca/product/fixing/paint/paints/0482225/plasti-dip-blue-11-oz--36b5bc97-d1d9-4a27-a84f-e7c2ad4d22e3.png?im=whresize&wid=200&hei=200,https://media-www.canadiantire.ca/product/fixing/paint/paints/0482225/plasti-dip-blue-11-oz--36b5bc97-d1d9-4a27-a84f-e7c2ad4d22e3.png?im=whresize&wid=200&hei=200,,0482222,048-2222,Vérifiez la disponibilité#048-2222X,Liquidation◊Mieux notés,57.95,"10,93","25,99"
346,"Miss.Mavis & Dundas, ON","Bureau d'écriture à 2 tiroirs avec pattes en bois CANVAS Copenhagen, blanc","Bureau d'écriture à 2 tiroirs avec pattes en bois CANVAS Copenhagen, blanc",124.93,"124,93 $",249.99,"Était±  249,99 $prix était 249,99 $",124.93,"124,93 $",124.93,"124,93 $",true,https://www.canadiantire.ca/fr/pdp/bureau-d-ecriture-a-2-tiroirs-avec-pattes-en-bois-canvas-copenhagen-blanc-1680001p.html,https://www.canadiantire.ca/fr/pdp/bureau-d-ecriture-a-2-tiroirs-avec-pattes-en-bois-canvas-copenhagen-blanc-1680001p.html,https://media-www.canadiantire.ca/product/living/home-decor/furniture/1680001/canvas-copenhagen-desk-white-65504d37-b163-413f-8c21-d7b38602a9a3-jpgrendition.jpg?im=whresize&wid=200&hei=200,https://media-www.canadiantire.ca/product/living/home-decor/furniture/1680001/canvas-copenhagen-desk-white-65504d37-b163-413f-8c21-d7b38602a9a3-jpgrendition.jpg?im=whresize&wid=200&hei=200,,1680001,168-0001-0,Il n’en reste que 3 #168-0001-0,Liquidation◊Exclusivité,50.03,"124,93","249,99"
346,"Miss.Mavis & Dundas, ON",Applique murale ou de terrasse solaire à DEL d'extérieur NOMA,Applique murale ou de terrasse solaire à DEL d'extérieur NOMA,24.93,"24,93 $",49.99,"Était±  49,99 $prix était 49,99 $",24.93,"24,93 $",24.93,"24,93 $",true,https://www.canadiantire.ca/fr/pdp/applique-murale-ou-de-terrasse-solaire-a-del-d-exterieur-noma-0521733p.html,https://www.canadiantire.ca/fr/pdp/applique-murale-ou-de-terrasse-solaire-a-del-d-exterieur-noma-0521733p.html,https://media-www.canadiantire.ca/product/seasonal-gardening/backyard-living/outdoor-lighting/0521733/noma-deck-wall-sconce-bda39a12-6af3-4399-ae25-8170920ca104-jpgrendition.jpg?im=whresize&wid=200&hei=200,https://media-www.canadiantire.ca/product/seasonal-gardening/backyard-living/outdoor-lighting/0521733/noma-deck-wall-sconce-bda39a12-6af3-4399-ae25-8170920ca104-jpgrendition.jpg?im=whresize&wid=200&hei=200,,0521733,052-1733-6,Il n’en reste que 5 #052-1733-6,Liquidation◊Mieux notés,50.13,"24,93","49,99"
346,"Miss.Mavis & Dundas, ON","Bouée tractable gonflable pour 2 passagers pompes à air thème de vélo Connelly Nitro 2, jaune","Bouée tractable gonflable pour 2 passagers pompes à air thème de vélo Connelly Nitro 2, jaune",161.93,"161,93 $",449.99,"Était±  449,99 $prix était 449,99 $",161.93,"161,93 $",161.93,"161,93 $",true,https://www.canadiantire.ca/fr/pdp/bouee-tractable-gonflable-pour-2-passagers-pompes-a-air-theme-de-velo-connelly-nitro-2-jaune-0797186p.html,https://www.canadiantire.ca/fr/pdp/bouee-tractable-gonflable-pour-2-passagers-pompes-a-air-theme-de-velo-connelly-nitro-2-jaune-0797186p.html,https://media-www.canadiantire.ca/product/playing/seasonal-recreation/marine-water-fun/0797186/connelly-nitro-2-towable-1a419695-d312-4c70-9a54-b3fc16752502-jpgrendition.jpg?im=whresize&wid=200&hei=200,https://media-www.canadiantire.ca/product/playing/seasonal-recreation/marine-water-fun/0797186/connelly-nitro-2-towable-1a419695-d312-4c70-9a54-b3fc16752502-jpgrendition.jpg?im=whresize&wid=200&hei=200,,0797186,079-7186-0,Il n’en reste que 1 #079-7186-0,Liquidation◊,64.01,"161,93","449,99"
346,"Miss.Mavis & Dundas, ON","Coussin décoratif réversible For Living collection estivale, nageurs, 16 x 16 po","Coussin décoratif réversible For Living collection estivale, nageurs, 16 x 16 po",9.93,"9,93 $",19.99,"Était±  19,99 $prix était 19,99 $",9.93,"9,93 $",9.93,"9,93 $",true,https://www.canadiantire.ca/fr/pdp/coussin-decoratif-reversible-for-living-collection-estivale-nageurs-16-x-16-po-1881331p.html,https://www.canadiantire.ca/fr/pdp/coussin-decoratif-reversible-for-living-collection-estivale-nageurs-16-x-16-po-1881331p.html,https://media-www.canadiantire.ca/product/seasonal-gardening/backyard-living/outdoor-living-accessories/1881331/for-living-summer-series-toss-cushions-swimmers-1855176e-1b0f-4840-819b-f34aecac6353-jpgrendition.jpg?im=whresize&wid=200&hei=200,https://media-www.canadiantire.ca/product/seasonal-gardening/backyard-living/outdoor-living-accessories/1881331/for-living-summer-series-toss-cushions-swimmers-1855176e-1b0f-4840-819b-f34aecac6353-jpgrendition.jpg?im=whresize&wid=200&hei=200,,1881331,188-1331-0,17 En Stock#188-1331-0,Liquidation◊Exclusivité,50.33,"9,93","19,99"
346,"Miss.Mavis & Dundas, ON","Bureau d'ordinateur en coin en L Sauder North Avenue, fini chêne fumé","Bureau d'ordinateur en coin en L Sauder North Avenue, fini chêne fumé",134.93,"134,93 $",269.99,"Était±  269,99 $prix était 269,99 $",134.93,"134,93 $",134.93,"134,93 $",true,https://www.canadiantire.ca/fr/pdp/bureau-d-ordinateur-en-coin-en-l-sauder-north-avenue-fini-chene-fume-1680088p.html,https://www.canadiantire.ca/fr/pdp/bureau-d-ordinateur-en-coin-en-l-sauder-north-avenue-fini-chene-fume-1680088p.html,https://media-www.canadiantire.ca/product/living/home-decor/furniture/1680088/sauder-north-avenue-l-shaped-desk-9be9836f-4dba-4df2-9ef2-baf4b028174a-jpgrendition.jpg?im=whresize&wid=200&hei=200,https://media-www.canadiantire.ca/product/living/home-decor/furniture/1680088/sauder-north-avenue-l-shaped-desk-9be9836f-4dba-4df2-9ef2-baf4b028174a-jpgrendition.jpg?im=whresize&wid=200&hei=200,,1680088,168-0088-4,Il n’en reste que 3 #168-0088-4,Liquidation◊Mieux notés,50.02,"134,93","269,99"
346,"Miss.Mavis & Dundas, ON","Batterie de cuisine en cuivre Lagostina Artiste-Clad allant au four, paq. 12","Batterie de cuisine en cuivre Lagostina Artiste-Clad allant au four, paq. 12",299.93,"299,93 $",599.99,"Était±  599,99 $prix était 599,99 $",299.93,"299,93 $",299.93,"299,93 $",true,https://www.canadiantire.ca/fr/pdp/batterie-de-cuisine-en-cuivre-lagostina-artiste-clad-allant-au-four-paq-12-1422641p.html,https://www.canadiantire.ca/fr/pdp/batterie-de-cuisine-en-cuivre-lagostina-artiste-clad-allant-au-four-paq-12-1422641p.html,https://media-www.canadiantire.ca/product/living/kitchen/cookware/1422641/lagostina-12-piece-copper-hand-hammered-cookware-set-8efd56aa-f4d9-43a3-830a-345e63def203-jpgrendition.jpg?im=whresize&wid=200&hei=200,https://media-www.canadiantire.ca/product/living/kitchen/cookware/1422641/lagostina-12-piece-copper-hand-hammered-cookware-set-8efd56aa-f4d9-43a3-830a-345e63def203-jpgrendition.jpg?im=whresize&wid=200&hei=200,,1422641,142-2641-4,Il n’en reste que 1 #142-2641-4,Liquidation◊Mieux notés,50.01,"299,93","599,99"
346,"Miss.Mavis & Dundas, ON","Ensemble à dîner CANVAS Trent, 5 pièces","Ensemble à dîner CANVAS Trent, 5 pièces",549.93,"549,93 $",1299.99,"Était±  1 299,99 $prix était 1 299,99 $",549.93,"549,93 $",549.93,"549,93 $",true,https://www.canadiantire.ca/fr/pdp/ensemble-a-diner-canvas-trent-5-pieces-1881392p.html,https://www.canadiantire.ca/fr/pdp/ensemble-a-diner-canvas-trent-5-pieces-1881392p.html,https://media-www.canadiantire.ca/product/seasonal-gardening/backyard-living/outdoor-furniture/1881392/canvas-trent-5-piece-dining-set-d43da3f4-a4da-4a5a-af72-5569b2bb5eee-jpgrendition.jpg?im=whresize&wid=200&hei=200,https://media-www.canadiantire.ca/product/seasonal-gardening/backyard-living/outdoor-furniture/1881392/canvas-trent-5-piece-dining-set-d43da3f4-a4da-4a5a-af72-5569b2bb5eee-jpgrendition.jpg?im=whresize&wid=200&hei=200,,1881392,188-1392-4,Il n’en reste que 3 #188-1392-4,Liquidation◊Mieux notés,57.7,"549,93","1299,99"
346,"Miss.Mavis & Dundas, ON","Humidificateur d'air ultrasonique à brume fraîche et diffuseur d'huile essentielle Crane EE-5951AD avec lampe, léger, très silencieux, blanc, 0,8 L","Humidificateur d'air ultrasonique à brume fraîche et diffuseur d'huile essentielle Crane EE-5951AD avec lampe, léger, très silencieux, blanc, 0,8 L",24.93,"24,93 $",63.99,"Était±  63,99 $prix était 63,99 $",24.93,"24,93 $",24.93,"24,93 $",true,https://www.canadiantire.ca/fr/pdp/humidificateur-d-air-ultrasonique-a-brume-fraiche-et-diffuseur-d-huile-essentielle-crane-ee-5951ad-avec-lampe-leger-tres-silencieux-blanc-0-8-l-0430700p.html,https://www.canadiantire.ca/fr/pdp/humidificateur-d-air-ultrasonique-a-brume-fraiche-et-diffuseur-d-huile-essentielle-crane-ee-5951ad-avec-lampe-leger-tres-silencieux-blanc-0-8-l-0430700p.html,https://media-www.canadiantire.ca/product/living/home-environment/home-air-quality-appliances/0430700/crane-ultrasonic-cool-mist-humidifier-diffuser-95c3bc13-c9f0-4d3a-aab6-08011ec6a9db-jpgrendition.jpg?im=whresize&wid=200&hei=200,https://media-www.canadiantire.ca/product/living/home-environment/home-air-quality-appliances/0430700/crane-ultrasonic-cool-mist-humidifier-diffuser-95c3bc13-c9f0-4d3a-aab6-08011ec6a9db-jpgrendition.jpg?im=whresize&wid=200&hei=200,,0430700,043-0700-2,Il n’en reste que 2 #043-0700-2,Liquidation◊Mieux notés,61.04,"24,93","63,99"
346,"Miss.Mavis & Dundas, ON","Sac à dos résistant à l’eau léger Woods Chilkoot pour randonnée/camping/voyage, 40 l","Sac à dos résistant à l’eau léger Woods Chilkoot pour randonnée/camping/voyage, 40 l",69.93,"69,93 $",139.99,"Était±  139,99 $prix était 139,99 $",69.93,"69,93 $",69.93,"69,93 $",true,https://www.canadiantire.ca/fr/pdp/sac-a-dos-resistant-a-l-eau-leger-woods-chilkoot-pour-randonnee-camping-voyage-40-l-0766178p.html,https://www.canadiantire.ca/fr/pdp/sac-a-dos-resistant-a-l-eau-leger-woods-chilkoot-pour-randonnee-camping-voyage-40-l-0766178p.html,https://media-www.canadiantire.ca/product/playing/camping/backpacks-luggage-accessories/0766178/woods-chilkoot-40l-591d1df4-4ef6-4546-88c9-f7d47662ef0a-jpgrendition.jpg?im=whresize&wid=200&hei=200,https://media-www.canadiantire.ca/product/playing/camping/backpacks-luggage-accessories/0766178/woods-chilkoot-40l-591d1df4-4ef6-4546-88c9-f7d47662ef0a-jpgrendition.jpg?im=whresize&wid=200&hei=200,,0766178,076-6178-2,Il n’en reste que 1 #076-6178-2,Liquidation◊Mieux notés,50.05,"69,93","139,99"
346,"Miss.Mavis & Dundas, ON","Banc pliant à dossier Outbound pour 4 personnes, gris","Banc pliant à dossier Outbound pour 4 personnes, gris",54.93,"54,93 $",109.99,"Était±  109,99 $prix était 109,99 $",54.93,"54,93 $",54.93,"54,93 $",true,https://www.canadiantire.ca/fr/pdp/banc-pliant-a-dossier-outbound-pour-4-personnes-gris-0766407p.html,https://www.canadiantire.ca/fr/pdp/banc-pliant-a-dossier-outbound-pour-4-personnes-gris-0766407p.html,https://media-www.canadiantire.ca/product/playing/camping/camping-furniture/0766407/outbound-4-person-quad-fold-bench-with-backrest-4756bfb5-0d11-4262-a4eb-7b34a2c6f5d0-jpgrendition.jpg?im=whresize&wid=200&hei=200,https://media-www.canadiantire.ca/product/playing/camping/camping-furniture/0766407/outbound-4-person-quad-fold-bench-with-backrest-4756bfb5-0d11-4262-a4eb-7b34a2c6f5d0-jpgrendition.jpg?im=whresize&wid=200&hei=200,,0766407,076-6407-8,Il n’en reste que 1 #076-6407-8,Liquidation◊Mieux notés,50.06,"54,93","109,99"
346,"Miss.Mavis & Dundas, ON","Coffre à outils portatif à plusieurs niveaux DEWALT Triangle avec prise de courant intégrée, 36 po","Coffre à outils portatif à plusieurs niveaux DEWALT Triangle avec prise de courant intégrée, 36 po",399.93,"399,93 $",799.99,"Était±  799,99 $prix était 799,99 $",399.93,"399,93 $",399.93,"399,93 $",true,https://www.canadiantire.ca/fr/pdp/coffre-a-outils-portatif-a-plusieurs-niveaux-dewalt-triangle-avec-prise-de-courant-integree-36-po-0580124p.html,https://www.canadiantire.ca/fr/pdp/coffre-a-outils-portatif-a-plusieurs-niveaux-dewalt-triangle-avec-prise-de-courant-integree-36-po-0580124p.html,https://media-www.canadiantire.ca/product/fixing/tools/tool-storage/0580124/dewalt-36-triangle-tool-box-dc3e82d5-2404-40c2-96eb-db1ef6bec8d8-jpgrendition.jpg?im=whresize&wid=200&hei=200,https://media-www.canadiantire.ca/product/fixing/tools/tool-storage/0580124/dewalt-36-triangle-tool-box-dc3e82d5-2404-40c2-96eb-db1ef6bec8d8-jpgrendition.jpg?im=whresize&wid=200&hei=200,,0580124,058-0124-0,Il n’en reste que 1 #058-0124-0,Liquidation◊Mieux notés,50.01,"399,93","799,99"
346,"Miss.Mavis & Dundas, ON",Fauteuil moelleux coeur rose pour enfant,Fauteuil moelleux coeur rose pour enfant,39.93,"39,93 $",79.99,"Était±  79,99 $prix était 79,99 $",39.93,"39,93 $",39.93,"39,93 $",true,https://www.canadiantire.ca/fr/pdp/fauteuil-moelleux-coeur-rose-pour-enfant-1501106p.html,https://www.canadiantire.ca/fr/pdp/fauteuil-moelleux-coeur-rose-pour-enfant-1501106p.html,https://media-www.canadiantire.ca/product/seasonal-gardening/toys/preschool-toys-activities/1501106/plush-soft-seat-pink-heart-edb7ff3a-0175-416c-8f15-76b7fa894ea8-jpgrendition.jpg?im=whresize&wid=200&hei=200,https://media-www.canadiantire.ca/product/seasonal-gardening/toys/preschool-toys-activities/1501106/plush-soft-seat-pink-heart-edb7ff3a-0175-416c-8f15-76b7fa894ea8-jpgrendition.jpg?im=whresize&wid=200&hei=200,,1501106,150-1106-6,8 En Stock#150-1106-6,Liquidation◊Mieux notés,50.08,"39,93","79,99"
346,"Miss.Mavis & Dundas, ON","Tapis d'intérieur et d'extérieur CANVAS Fresco Tofino, 243,84 x 304,8 cm (8 x 10 pi)","Tapis d'intérieur et d'extérieur CANVAS Fresco Tofino, 243,84 x 304,8 cm (8 x 10 pi)",99.93,"99,93 $",199.99,"Était±  199,99 $prix était 199,99 $",99.93,"99,93 $",99.93,"99,93 $",true,https://www.canadiantire.ca/fr/pdp/tapis-d-interieur-et-d-exterieur-canvas-fresco-tofino-243-84-x-304-8-cm-8-x-10-pi-0680038p.html,https://www.canadiantire.ca/fr/pdp/tapis-d-interieur-et-d-exterieur-canvas-fresco-tofino-243-84-x-304-8-cm-8-x-10-pi-0680038p.html,https://media-www.canadiantire.ca/product/living/home-decor/floor-window-decor/0680038/marven-indoor-outdoor-rug-f51c7cd9-ed84-43e2-8599-b714280d7a6c-jpgrendition.jpg?im=whresize&wid=200&hei=200,https://media-www.canadiantire.ca/product/living/home-decor/floor-window-decor/0680038/marven-indoor-outdoor-rug-f51c7cd9-ed84-43e2-8599-b714280d7a6c-jpgrendition.jpg?im=whresize&wid=200&hei=200,,0680038,068-0038-2,Il n’en reste que 1 #068-0038-2,Liquidation◊Mieux notés,50.03,"99,93","199,99"
346,"Miss.Mavis & Dundas, ON","Ventilateur de plafond d'extérieur NOMA Nova à 3 pales, éclairage à DEL et télécommande, 60 po, noir mat","Ventilateur de plafond d'extérieur NOMA Nova à 3 pales, éclairage à DEL et télécommande, 60 po, noir mat",199.93,"199,93 $",429.99,"Était±  429,99 $prix était 429,99 $",199.93,"199,93 $",199.93,"199,93 $",true,https://www.canadiantire.ca/fr/pdp/ventilateur-de-plafond-d-exterieur-noma-nova-a-3-pales-eclairage-a-del-et-telecommande-60-po-noir-mat-0529604p.html,https://www.canadiantire.ca/fr/pdp/ventilateur-de-plafond-d-exterieur-noma-nova-a-3-pales-eclairage-a-del-et-telecommande-60-po-noir-mat-0529604p.html,https://media-www.canadiantire.ca/product/living/home-decor/ceiling-fans/0529604/noma-nova-60-ceiling-fan-dc66e8f5-bf6d-48ca-8ff5-d640e66582e1-jpgrendition.jpg?im=whresize&wid=200&hei=200,https://media-www.canadiantire.ca/product/living/home-decor/ceiling-fans/0529604/noma-nova-60-ceiling-fan-dc66e8f5-bf6d-48ca-8ff5-d640e66582e1-jpgrendition.jpg?im=whresize&wid=200&hei=200,,0529604,052-9604-6,Il n’en reste que 1 #052-9604-6,Liquidation◊Exclusivité,53.5,"199,93","429,99"
346,"Miss.Mavis & Dundas, ON","Armoire de rangement For Living à 2 tablettes et 4 tiroirs, blanc","Armoire de rangement For Living à 2 tablettes et 4 tiroirs, blanc",149.93,"149,93 $",399.99,"Était±  399,99 $prix était 399,99 $",149.93,"149,93 $",149.93,"149,93 $",true,https://www.canadiantire.ca/fr/pdp/armoire-de-rangement-for-living-a-2-tablettes-et-4-tiroirs-blanc-1680123p.html,https://www.canadiantire.ca/fr/pdp/armoire-de-rangement-for-living-a-2-tablettes-et-4-tiroirs-blanc-1680123p.html,https://media-www.canadiantire.ca/product/living/home-decor/furniture/1680123/for-living-4-drawer-2-shelf-storage-cabinet-white-8a1d018c-62e5-4394-8f1f-791671deadda-jpgrendition.jpg?im=whresize&wid=200&hei=200,https://media-www.canadiantire.ca/product/living/home-decor/furniture/1680123/for-living-4-drawer-2-shelf-storage-cabinet-white-8a1d018c-62e5-4394-8f1f-791671deadda-jpgrendition.jpg?im=whresize&wid=200&hei=200,,1680123,168-0123-0,Il n’en reste que 2 #168-0123-0,Liquidation◊Exclusivité,62.52,"149,93","399,99"
346,"Miss.Mavis & Dundas, ON","Piquet de jardin à mini ampoules à DEL For Living Lily, 32,68 po, choix varié","Piquet de jardin à mini ampoules à DEL For Living Lily, 32,68 po, choix varié",14.93,"14,93 $",34.99,"Était±  34,99 $prix était 34,99 $",14.93,"14,93 $",14.93,"14,93 $",true,https://www.canadiantire.ca/fr/pdp/piquet-de-jardin-a-mini-ampoules-a-del-for-living-lily-32-68-po-choix-varie-0591388p.html,https://www.canadiantire.ca/fr/pdp/piquet-de-jardin-a-mini-ampoules-a-del-for-living-lily-32-68-po-choix-varie-0591388p.html,https://media-www.canadiantire.ca/product/seasonal-gardening/backyard-living/outdoor-living-accessories/0591388/for-living-solar-lily-stake-microdot-led-24dec55c-bdd2-4666-9bf5-db5053a84047-jpgrendition.jpg?im=whresize&wid=200&hei=200,https://media-www.canadiantire.ca/product/seasonal-gardening/backyard-living/outdoor-living-accessories/0591388/for-living-solar-lily-stake-microdot-led-24dec55c-bdd2-4666-9bf5-db5053a84047-jpgrendition.jpg?im=whresize&wid=200&hei=200,,0591388,059-1388-4,Il n’en reste que 5 #059-1388-4,Liquidation◊Mieux notés,57.33,"14,93","34,99"
346,"Miss.Mavis & Dundas, ON","Boîte pour collation régulière divisée melii, contenant de rangement pour aliments avec 12 compartiments, sauge","Boîte pour collation régulière divisée melii, contenant de rangement pour aliments avec 12 compartiments, sauge",7.43,"7,43 $",14.99,"Était±  14,99 $prix était 14,99 $",7.43,"7,43 $",7.43,"7,43 $",true,https://www.canadiantire.ca/fr/pdp/boite-pour-collation-reguliere-divisee-melii-contenant-de-rangement-pour-aliments-avec-12-compartiments-sauge-2425408p.html,https://www.canadiantire.ca/fr/pdp/boite-pour-collation-reguliere-divisee-melii-contenant-de-rangement-pour-aliments-avec-12-compartiments-sauge-2425408p.html,https://media-www.canadiantire.ca/product/living/kitchen/food-storage/2425408/melii-regular-12-compartment-snackle-box-sage-ada3502e-0c7c-4fc8-affb-3aff881ec051-jpgrendition.jpg?im=whresize&wid=200&hei=200,https://media-www.canadiantire.ca/product/living/kitchen/food-storage/2425408/melii-regular-12-compartment-snackle-box-sage-ada3502e-0c7c-4fc8-affb-3aff881ec051-jpgrendition.jpg?im=whresize&wid=200&hei=200,,2425408,242-5408-6,Il n’en reste que 2 #242-5408-6,Liquidation◊Mieux notés,50.43,"7,43","14,99"
346,"Miss.Mavis & Dundas, ON","Système d'organisation de la lessive Type A Linear à 2 unités, blanc","Système d'organisation de la lessive Type A Linear à 2 unités, blanc",49.93,"49,93 $",129.99,"Était±  129,99 $prix était 129,99 $",49.93,"49,93 $",49.93,"49,93 $",true,https://www.canadiantire.ca/fr/pdp/systeme-d-organisation-de-la-lessive-type-a-linear-a-2-unites-blanc-2420002p.html,https://www.canadiantire.ca/fr/pdp/systeme-d-organisation-de-la-lessive-type-a-linear-a-2-unites-blanc-2420002p.html,https://media-www.canadiantire.ca/product/living/home-organization/laundry/2420002/type-a-dual-unit-laundry-organization-system-39845bdd-0b07-43f6-868c-c7c39708d8bb-jpgrendition.jpg?im=whresize&wid=200&hei=200,https://media-www.canadiantire.ca/product/living/home-organization/laundry/2420002/type-a-dual-unit-laundry-organization-system-39845bdd-0b07-43f6-868c-c7c39708d8bb-jpgrendition.jpg?im=whresize&wid=200&hei=200,,2420002,242-0002-0,Il n’en reste que 2 #242-0002-0,Liquidation◊Mieux notés,61.59,"49,93","129,99"
346,"Miss.Mavis & Dundas, ON",Aspirateur-robot Dyson 360 Vis Nav,Aspirateur-robot Dyson 360 Vis Nav,699.93,"699,93 $",1499.99,"Était±  1 499,99 $prix était 1 499,99 $",699.93,"699,93 $",699.93,"699,93 $",true,https://www.canadiantire.ca/fr/pdp/aspirateur-robot-dyson-360-vis-nav-0437202p.html,https://www.canadiantire.ca/fr/pdp/aspirateur-robot-dyson-360-vis-nav-0437202p.html,https://media-www.canadiantire.ca/product/living/cleaning/vacuums-and-floorcare/0437202/dyson-robotic-vacuum-ae9118d1-c36f-4a53-bf4c-f53ae74b87d4-jpgrendition.jpg?im=whresize&wid=200&hei=200,https://media-www.canadiantire.ca/product/living/cleaning/vacuums-and-floorcare/0437202/dyson-robotic-vacuum-ae9118d1-c36f-4a53-bf4c-f53ae74b87d4-jpgrendition.jpg?im=whresize&wid=200&hei=200,,0437202,043-7202-6,Il n’en reste que 1 #043-7202-6,Liquidation◊,53.34,"699,93","1499,99"
346,"Miss.Mavis & Dundas, ON","Meuble pour téléviseur avec foyer électrique CANVAS Eastwood, 60 po, 1 500 W, télécommande comprise, brun","Meuble pour téléviseur avec foyer électrique CANVAS Eastwood, 60 po, 1 500 W, télécommande comprise, brun",299.93,"299,93 $",699.99,"Était±  699,99 $prix était 699,99 $",299.93,"299,93 $",299.93,"299,93 $",true,https://www.canadiantire.ca/fr/pdp/meuble-pour-televiseur-avec-foyer-electrique-canvas-eastwood-60-po-1-500-w-telecommande-comprise-brun-0643180p.html,https://www.canadiantire.ca/fr/pdp/meuble-pour-televiseur-avec-foyer-electrique-canvas-eastwood-60-po-1-500-w-telecommande-comprise-brun-0643180p.html,https://media-www.canadiantire.ca/product/living/home-decor/electric-fireplaces/0643180/eastwood-electric-fireplace-4cb80f5d-976f-4962-ab76-3e7615a4c1fb-jpgrendition.jpg?im=whresize&wid=200&hei=200,https://media-www.canadiantire.ca/product/living/home-decor/electric-fireplaces/0643180/eastwood-electric-fireplace-4cb80f5d-976f-4962-ab76-3e7615a4c1fb-jpgrendition.jpg?im=whresize&wid=200&hei=200,,0643180,064-3180-0,Il n’en reste que 1 #064-3180-0,Liquidation◊Mieux notés,57.15,"299,93","699,99"
346,"Miss.Mavis & Dundas, ON","Décoration de jardin For Living, maison de gnomes enchantée","Décoration de jardin For Living, maison de gnomes enchantée",14.93,"14,93 $",37.99,"Était±  37,99 $prix était 37,99 $",14.93,"14,93 $",14.93,"14,93 $",true,https://www.canadiantire.ca/fr/pdp/decoration-de-jardin-for-living-maison-de-gnomes-enchantee-0597870p.html,https://www.canadiantire.ca/fr/pdp/decoration-de-jardin-for-living-maison-de-gnomes-enchantee-0597870p.html,https://media-www.canadiantire.ca/product/seasonal-gardening/backyard-living/outdoor-living-accessories/0597870/for-living-enchanted-gnome-cabin-kit-05083210-f13f-41f8-b2b1-c7d784eb461e-jpgrendition.jpg?im=whresize&wid=200&hei=200,https://media-www.canadiantire.ca/product/seasonal-gardening/backyard-living/outdoor-living-accessories/0597870/for-living-enchanted-gnome-cabin-kit-05083210-f13f-41f8-b2b1-c7d784eb461e-jpgrendition.jpg?im=whresize&wid=200&hei=200,,0597870,059-7870-8,Il n’en reste que 1 #059-7870-8,Liquidation◊Mieux notés,60.7,"14,93","37,99"
346,"Miss.Mavis & Dundas, ON","Bureau d'ordinateur pour étudiant/petits espaces avec cadre en métal For Living, fini grain de bois","Bureau d'ordinateur pour étudiant/petits espaces avec cadre en métal For Living, fini grain de bois",69.93,"69,93 $",144.99,"Était±  144,99 $prix était 144,99 $",69.93,"69,93 $",69.93,"69,93 $",true,https://www.canadiantire.ca/fr/pdp/bureau-d-ordinateur-pour-etudiant-petits-espaces-avec-cadre-en-metal-for-living-fini-grain-de-bois-0687857p.html,https://www.canadiantire.ca/fr/pdp/bureau-d-ordinateur-pour-etudiant-petits-espaces-avec-cadre-en-metal-for-living-fini-grain-de-bois-0687857p.html,https://media-www.canadiantire.ca/product/living/home-decor/furniture/0687857/for-living-student-desk-wood-grain-56f75598-5117-40f0-95a8-6fade2514e27-jpgrendition.jpg?im=whresize&wid=200&hei=200,https://media-www.canadiantire.ca/product/living/home-decor/furniture/0687857/for-living-student-desk-wood-grain-56f75598-5117-40f0-95a8-6fade2514e27-jpgrendition.jpg?im=whresize&wid=200&hei=200,,0687857,068-7857-0,Il n’en reste que 3 #068-7857-0,Liquidation◊Mieux notés,51.77,"69,93","144,99"
346,"Miss.Mavis & Dundas, ON","Meuble-lavabo simple CANVAS Brooks à 2 portes, dessus en pierre, 24 po, blanc","Meuble-lavabo simple CANVAS Brooks à 2 portes, dessus en pierre, 24 po, blanc",199.93,"199,93 $",419.99,"Était±  419,99 $prix était 419,99 $",199.93,"199,93 $",199.93,"199,93 $",true,https://www.canadiantire.ca/fr/pdp/meuble-lavabo-simple-canvas-brooks-a-2-portes-dessus-en-pierre-24-po-blanc-0636347p.html,https://www.canadiantire.ca/fr/pdp/meuble-lavabo-simple-canvas-brooks-a-2-portes-dessus-en-pierre-24-po-blanc-0636347p.html,https://media-www.canadiantire.ca/product/fixing/plumbing/faucets-fixtures/0636347/canvas-brooks-24-chevron-style-vanity-double-doors-white-2da9c522-7f30-4654-9764-a202f9dd74c3-jpgrendition.jpg?im=whresize&wid=200&hei=200,https://media-www.canadiantire.ca/product/fixing/plumbing/faucets-fixtures/0636347/canvas-brooks-24-chevron-style-vanity-double-doors-white-2da9c522-7f30-4654-9764-a202f9dd74c3-jpgrendition.jpg?im=whresize&wid=200&hei=200,,0636347,063-6347-0,Il n’en reste que 1 #063-6347-0,Liquidation◊Exclusivité,52.4,"199,93","419,99"
346,"Miss.Mavis & Dundas, ON","Short de randonnée en nylon et élasthanne Outbound, femmes, gris","Short de randonnée en nylon et élasthanne Outbound, femmes, gris",9.93,"9,93 $",25.99,"25,99 $Était   et+ prix était à partir de 25,99 $",9.93,"9,93 $",9.93,"9,93 $",true,https://www.canadiantire.ca/fr/pdp/short-de-randonnee-en-nylon-et-elasthanne-outbound-femmes-gris-1873983p.html,https://www.canadiantire.ca/fr/pdp/short-de-randonnee-en-nylon-et-elasthanne-outbound-femmes-gris-1873983p.html,https://media-www.canadiantire.ca/product/playing/footwear-apparel/summer-footwear-apparel/1873983/outbound-nylon-spandex-women-s-shorts-size-s-0d9780b6-6583-4cea-9707-2cad0f0ccab5-jpgrendition.jpg?im=whresize&wid=200&hei=200,https://media-www.canadiantire.ca/product/playing/footwear-apparel/summer-footwear-apparel/1873983/outbound-nylon-spandex-women-s-shorts-size-s-0d9780b6-6583-4cea-9707-2cad0f0ccab5-jpgrendition.jpg?im=whresize&wid=200&hei=200,,1873983,187-3983,Vérifiez la disponibilité#187-3983X,Liquidation◊Exclusivité,61.79,"9,93","25,99"
346,"Miss.Mavis & Dundas, ON","Tube Lunkerhunt, 3 po","Tube Lunkerhunt, 3 po",3.43,"3,43 $",7.99,"7,99 $Était   et+ prix était à partir de 7,99 $",3.43,"3,43 $",3.43,"3,43 $",true,https://www.canadiantire.ca/fr/pdp/tube-lunkerhunt-3-po-0776966p.html,https://www.canadiantire.ca/fr/pdp/tube-lunkerhunt-3-po-0776966p.html,https://media-www.canadiantire.ca/product/playing/fishing/fishing-lures/0776970/lunkerhunt-unsalted-tube-pumpkinseed-8-pack-3--5049c485-a542-4322-8682-16a8d221a00c-jpgrendition.jpg?im=whresize&wid=200&hei=200,https://media-www.canadiantire.ca/product/playing/fishing/fishing-lures/0776970/lunkerhunt-unsalted-tube-pumpkinseed-8-pack-3--5049c485-a542-4322-8682-16a8d221a00c-jpgrendition.jpg?im=whresize&wid=200&hei=200,,0776966,077-6966,Vérifiez la disponibilité#077-6966X,Liquidation◊Mieux notés,57.07,"3,43","7,99"
346,"Miss.Mavis & Dundas, ON","Scie d'établi Mastercraft, 20 Vx2, 8 1/4 po","Scie d'établi Mastercraft, 20 Vx2, 8 1/4 po",299.93,"299,93 $",599.99,"Était±  599,99 $prix était 599,99 $",299.93,"299,93 $",299.93,"299,93 $",true,https://www.canadiantire.ca/fr/pdp/scie-d-etabli-mastercraft-20-vx2-8-1-4-po-0547595p.html,https://www.canadiantire.ca/fr/pdp/scie-d-etabli-mastercraft-20-vx2-8-1-4-po-0547595p.html,https://media-www.canadiantire.ca/product/fixing/tools/stationary-tools/0547595/mastercraft-20v-8-1-4-table-saw-bcc363c6-4866-498b-87e3-f9c33e564cf6-jpgrendition.jpg?im=whresize&wid=200&hei=200,https://media-www.canadiantire.ca/product/fixing/tools/stationary-tools/0547595/mastercraft-20v-8-1-4-table-saw-bcc363c6-4866-498b-87e3-f9c33e564cf6-jpgrendition.jpg?im=whresize&wid=200&hei=200,,0547595,054-7595-4,Il n’en reste que 1 #054-7595-4,Liquidation◊Mieux notés,50.01,"299,93","599,99"
346,"Miss.Mavis & Dundas, ON",Outil de correspondance des couleurs Swipe par Premier,Outil de correspondance des couleurs Swipe par Premier,9.93,"9,93 $",59.99,"Était±  59,99 $prix était 59,99 $",9.93,"9,93 $",9.93,"9,93 $",true,https://www.canadiantire.ca/fr/pdp/outil-de-correspondance-des-couleurs-swipe-par-premier-0495853p.html,https://www.canadiantire.ca/fr/pdp/outil-de-correspondance-des-couleurs-swipe-par-premier-0495853p.html,https://media-www.canadiantire.ca/product/fixing/paint/paint-accessories/0495853/swipe-by-premier-colour-match-tool-aad8521c-81ac-49e2-8d18-d62133b49727-jpgrendition.jpg?im=whresize&wid=200&hei=200,https://media-www.canadiantire.ca/product/fixing/paint/paint-accessories/0495853/swipe-by-premier-colour-match-tool-aad8521c-81ac-49e2-8d18-d62133b49727-jpgrendition.jpg?im=whresize&wid=200&hei=200,,0495853,049-5853-6,Il n’en reste que 1 #049-5853-6,Liquidation◊Exclusivité,83.45,"9,93","59,99"
346,"Miss.Mavis & Dundas, ON","Arroseur gonflable géant en dinosaure, vert, 7 pi, 5 ans et plus, pour plage/piscine","Arroseur gonflable géant en dinosaure, vert, 7 pi, 5 ans et plus, pour plage/piscine",24.93,"24,93 $",74.99,"Était±  74,99 $prix était 74,99 $",24.93,"24,93 $",24.93,"24,93 $",true,https://www.canadiantire.ca/fr/pdp/arroseur-gonflable-geant-en-dinosaure-vert-7-pi-5-ans-et-plus-pour-plage-piscine-0509161p.html,https://www.canadiantire.ca/fr/pdp/arroseur-gonflable-geant-en-dinosaure-vert-7-pi-5-ans-et-plus-pour-plage-piscine-0509161p.html,https://media-www.canadiantire.ca/product/seasonal-gardening/toys/seasonal-toys/0509161/giant-dino-sprinkler-45284f5d-a3c2-42fb-86b1-c681dcad34ee-jpgrendition.jpg?im=whresize&wid=200&hei=200,https://media-www.canadiantire.ca/product/seasonal-gardening/toys/seasonal-toys/0509161/giant-dino-sprinkler-45284f5d-a3c2-42fb-86b1-c681dcad34ee-jpgrendition.jpg?im=whresize&wid=200&hei=200,,0509161,050-9161-2,Il n’en reste que 6 #050-9161-2,Liquidation◊Exclusivité,66.76,"24,93","74,99"
346,"Miss.Mavis & Dundas, ON","Virevent paon For Living, 47,64 po","Virevent paon For Living, 47,64 po",14.93,"14,93 $",37.99,"Était±  37,99 $prix était 37,99 $",14.93,"14,93 $",14.93,"14,93 $",true,https://www.canadiantire.ca/fr/pdp/virevent-paon-for-living-47-64-po-0597831p.html,https://www.canadiantire.ca/fr/pdp/virevent-paon-for-living-47-64-po-0597831p.html,https://media-www.canadiantire.ca/product/seasonal-gardening/backyard-living/outdoor-living-accessories/0597831/for-living-peacock-wind-spinner-garden-stake-5be5905c-4337-4511-a0d5-bb03ffa2088b-jpgrendition.jpg?im=whresize&wid=200&hei=200,https://media-www.canadiantire.ca/product/seasonal-gardening/backyard-living/outdoor-living-accessories/0597831/for-living-peacock-wind-spinner-garden-stake-5be5905c-4337-4511-a0d5-bb03ffa2088b-jpgrendition.jpg?im=whresize&wid=200&hei=200,,0597831,059-7831-2,,Liquidation◊Exclusivité,60.7,"14,93","37,99"
346,"Miss.Mavis & Dundas, ON","Mini-quad/VTT porteur électrique Huffy Boltz 6 V, rouge/bleu, 18 mois à 3 ans","Mini-quad/VTT porteur électrique Huffy Boltz 6 V, rouge/bleu, 18 mois à 3 ans",99.93,"99,93 $",219.99,"Était±  219,99 $prix était 219,99 $",99.93,"99,93 $",99.93,"99,93 $",true,https://www.canadiantire.ca/fr/pdp/mini-quad-vtt-porteur-electrique-huffy-boltz-6-v-rouge-bleu-18-mois-a-3-ans-1840678p.html,https://www.canadiantire.ca/fr/pdp/mini-quad-vtt-porteur-electrique-huffy-boltz-6-v-rouge-bleu-18-mois-a-3-ans-1840678p.html,https://media-www.canadiantire.ca/product/playing/cycling/wheeled-goods/1840678/6v-boltz-electric-ride-on-66667b95-eb65-4da2-9576-fe421594655b-jpgrendition.jpg?im=whresize&wid=200&hei=200,https://media-www.canadiantire.ca/product/playing/cycling/wheeled-goods/1840678/6v-boltz-electric-ride-on-66667b95-eb65-4da2-9576-fe421594655b-jpgrendition.jpg?im=whresize&wid=200&hei=200,,1840678,184-0678-0,Il n’en reste que 3 #184-0678-0,Liquidation◊,54.58,"99,93","219,99"
346,"Miss.Mavis & Dundas, ON","Trampoline d'eau gonflable Pathfinder, 9,2 pi","Trampoline d'eau gonflable Pathfinder, 9,2 pi",199.93,"199,93 $",499.99,"Était±  499,99 $prix était 499,99 $",199.93,"199,93 $",199.93,"199,93 $",true,https://www.canadiantire.ca/fr/pdp/trampoline-d-eau-gonflable-pathfinder-9-2-pi-0791421p.html,https://www.canadiantire.ca/fr/pdp/trampoline-d-eau-gonflable-pathfinder-9-2-pi-0791421p.html,https://media-www.canadiantire.ca/product/playing/seasonal-recreation/marine-water-fun/0791421/pathfinder-water-trampoline-6b774c44-c405-4169-90f9-01a872145868-jpgrendition.jpg?im=whresize&wid=200&hei=200,https://media-www.canadiantire.ca/product/playing/seasonal-recreation/marine-water-fun/0791421/pathfinder-water-trampoline-6b774c44-c405-4169-90f9-01a872145868-jpgrendition.jpg?im=whresize&wid=200&hei=200,,0791421,079-1421-6,Il n’en reste que 1 #079-1421-6,Liquidation◊Exclusivité,60.01,"199,93","499,99"
346,"Miss.Mavis & Dundas, ON","Revêtement antidérapant DAP Tank Bond Liquid Grip pour fixations, vis et boulons, 6 mL","Revêtement antidérapant DAP Tank Bond Liquid Grip pour fixations, vis et boulons, 6 mL",2.93,"2,93 $",13.99,"Était±  13,99 $prix était 13,99 $",2.93,"2,93 $",2.93,"2,93 $",true,https://www.canadiantire.ca/fr/pdp/revetement-antiderapant-dap-tank-bond-liquid-grip-pour-fixations-vis-et-boulons-6-ml-0670057p.html,https://www.canadiantire.ca/fr/pdp/revetement-antiderapant-dap-tank-bond-liquid-grip-pour-fixations-vis-et-boulons-6-ml-0670057p.html,https://media-www.canadiantire.ca/product/fixing/paint/surface-prep-maintenance/0670057/dap-tank-bond-liquid-grip-74962919-e563-41c7-a786-f07ef6736345-jpgrendition.jpg?im=whresize&wid=200&hei=200,https://media-www.canadiantire.ca/product/fixing/paint/surface-prep-maintenance/0670057/dap-tank-bond-liquid-grip-74962919-e563-41c7-a786-f07ef6736345-jpgrendition.jpg?im=whresize&wid=200&hei=200,,0670057,067-0057-8,11 En Stock#067-0057-8,Liquidation◊,79.06,"2,93","13,99"
346,"Miss.Mavis & Dundas, ON","Contenants en plastique étanche pour aliments LockNLock Easy Match de Starfrit avec couvercle hermétique à pinces, paq. 14","Contenants en plastique étanche pour aliments LockNLock Easy Match de Starfrit avec couvercle hermétique à pinces, paq. 14",19.93,"19,93 $",39.99,"Était±  39,99 $prix était 39,99 $",19.93,"19,93 $",19.93,"19,93 $",true,https://www.canadiantire.ca/fr/pdp/contenants-en-plastique-etanche-pour-aliments-locknlock-easy-match-de-starfrit-avec-couvercle-hermetique-a-pinces-paq-14-2423480p.html,https://www.canadiantire.ca/fr/pdp/contenants-en-plastique-etanche-pour-aliments-locknlock-easy-match-de-starfrit-avec-couvercle-hermetique-a-pinces-paq-14-2423480p.html,https://media-www.canadiantire.ca/product/living/kitchen/food-storage/2423480/starfrit-14-pc-lock-n-lock-easy-match-container-set-ca658e8c-efda-41dc-a2a5-32cad248106a-jpgrendition.jpg?im=whresize&wid=200&hei=200,https://media-www.canadiantire.ca/product/living/kitchen/food-storage/2423480/starfrit-14-pc-lock-n-lock-easy-match-container-set-ca658e8c-efda-41dc-a2a5-32cad248106a-jpgrendition.jpg?im=whresize&wid=200&hei=200,,2423480,242-3480-2,Il n’en reste que 2 #242-3480-2,Liquidation◊,50.16,"19,93","39,99"
346,"Miss.Mavis & Dundas, ON","Treuil Champion Power Equipment à montage rapide, 11 000 lb","Treuil Champion Power Equipment à montage rapide, 11 000 lb",335.93,"335,93 $",829.99,"Était±  829,99 $prix était 829,99 $",335.93,"335,93 $",335.93,"335,93 $",true,https://www.canadiantire.ca/fr/pdp/treuil-champion-power-equipment-a-montage-rapide-11-000-lb-1400001p.html,https://www.canadiantire.ca/fr/pdp/treuil-champion-power-equipment-a-montage-rapide-11-000-lb-1400001p.html,https://media-www.canadiantire.ca/product/automotive/automotive-outdoor-adventure/powersport/1400001/champion-11-000lb-winch-with-speed-mount-18a88158-6269-478b-8686-0efc46bd16e1-jpgrendition.jpg?im=whresize&wid=200&hei=200,https://media-www.canadiantire.ca/product/automotive/automotive-outdoor-adventure/powersport/1400001/champion-11-000lb-winch-with-speed-mount-18a88158-6269-478b-8686-0efc46bd16e1-jpgrendition.jpg?im=whresize&wid=200&hei=200,,1400001,140-0001-4,Il n’en reste que 1 #140-0001-4,Liquidation◊Mieux notés,59.53,"335,93","829,99"
346,"Miss.Mavis & Dundas, ON","Tapis de bain recyclé, gris, 20 x 34 po","Tapis de bain recyclé, gris, 20 x 34 po",14.93,"14,93 $",29.99,"Était±  29,99 $prix était 29,99 $",14.93,"14,93 $",14.93,"14,93 $",true,https://www.canadiantire.ca/fr/pdp/tapis-de-bain-recycle-gris-20-x-34-po-0632700p.html,https://www.canadiantire.ca/fr/pdp/tapis-de-bain-recycle-gris-20-x-34-po-0632700p.html,https://media-www.canadiantire.ca/product/living/home-decor/bed-bath-decor/0632700/grey-recycled-bath-mat-20x34-956daa41-c59b-493a-91fb-011df43afdd4-jpgrendition.jpg?im=whresize&wid=200&hei=200,https://media-www.canadiantire.ca/product/living/home-decor/bed-bath-decor/0632700/grey-recycled-bath-mat-20x34-956daa41-c59b-493a-91fb-011df43afdd4-jpgrendition.jpg?im=whresize&wid=200&hei=200,,0632700,063-2700-2,,Liquidation◊Mieux notés,50.22,"14,93","29,99"
346,"Miss.Mavis & Dundas, ON","Coussinet en mousse pour ceinture de sécurité, Type S","Coussinet en mousse pour ceinture de sécurité, Type S",6.93,"6,93 $",13.99,"Était±  13,99 $prix était 13,99 $",6.93,"6,93 $",6.93,"6,93 $",true,https://www.canadiantire.ca/fr/pdp/coussinet-en-mousse-pour-ceinture-de-securite-type-s-0375083p.html,https://www.canadiantire.ca/fr/pdp/coussinet-en-mousse-pour-ceinture-de-securite-type-s-0375083p.html,https://media-www.canadiantire.ca/product/automotive/car-care-accessories/auto-accessories/0375083/type-s-grey-memory-foam-seatbelt-pad-3ae456b9-3d74-482a-a50a-ad12863fb0fa-jpgrendition.jpg?im=whresize&wid=200&hei=200,https://media-www.canadiantire.ca/product/automotive/car-care-accessories/auto-accessories/0375083/type-s-grey-memory-foam-seatbelt-pad-3ae456b9-3d74-482a-a50a-ad12863fb0fa-jpgrendition.jpg?im=whresize&wid=200&hei=200,,0375083,037-5083-6,Il n’en reste que 1 #037-5083-6,Liquidation◊Mieux notés,50.46,"6,93","13,99"
346,"Miss.Mavis & Dundas, ON",Hameçon à ver à très grande ouverture Xcalibur,Hameçon à ver à très grande ouverture Xcalibur,1.93,"1,93 $",5.49,"5,49 $Était   et+ prix était à partir de 5,49 $",1.93,"1,93 $",1.93,"1,93 $",true,https://www.canadiantire.ca/fr/pdp/hamecon-a-ver-a-tres-grande-ouverture-xcalibur-0770371p.html,https://www.canadiantire.ca/fr/pdp/hamecon-a-ver-a-tres-grande-ouverture-xcalibur-0770371p.html,undefined,undefined,,0770371,077-0371,Vérifiez la disponibilité#077-0371X,Liquidation◊Mieux notés,64.85,"1,93","5,49"
346,"Miss.Mavis & Dundas, ON","Mon premier centre de jeux en bois Plum, 18 mois et plus","Mon premier centre de jeux en bois Plum, 18 mois et plus",161.93,"161,93 $",399.99,"Était±  399,99 $prix était 399,99 $",161.93,"161,93 $",161.93,"161,93 $",true,https://www.canadiantire.ca/fr/pdp/mon-premier-centre-de-jeux-en-bois-plum-18-mois-et-plus-1840753p.html,https://www.canadiantire.ca/fr/pdp/mon-premier-centre-de-jeux-en-bois-plum-18-mois-et-plus-1840753p.html,https://media-www.canadiantire.ca/product/seasonal-gardening/backyard-fun/backyard-amusement/1840753/plum-my-first-play-center-f3419400-b8a0-45c1-8f53-95186f8f84d1-jpgrendition.jpg?im=whresize&wid=200&hei=200,https://media-www.canadiantire.ca/product/seasonal-gardening/backyard-fun/backyard-amusement/1840753/plum-my-first-play-center-f3419400-b8a0-45c1-8f53-95186f8f84d1-jpgrendition.jpg?im=whresize&wid=200&hei=200,,1840753,184-0753-0,Il n’en reste que 3 #184-0753-0,Liquidation◊,59.52,"161,93","399,99"
346,"Miss.Mavis & Dundas, ON","Fauteuil à personnages pour tout-petits, 2 ans et plus, choix de modèles","Fauteuil à personnages pour tout-petits, 2 ans et plus, choix de modèles",19.93,"19,93 $",49.99,"Était±  49,99 $prix était 49,99 $",19.93,"19,93 $",19.93,"19,93 $",true,https://www.canadiantire.ca/fr/pdp/fauteuil-a-personnages-pour-tout-petits-2-ans-et-plus-choix-de-modeles-1501510p.html,https://www.canadiantire.ca/fr/pdp/fauteuil-a-personnages-pour-tout-petits-2-ans-et-plus-choix-de-modeles-1501510p.html,https://media-www.canadiantire.ca/product/seasonal-gardening/toys/preschool-toys-activities/1501510/toddler-assorted-character-chairs-abb152c3-6ee4-4a7f-bdcf-ec4e5dda1671-jpgrendition.jpg?im=whresize&wid=200&hei=200,https://media-www.canadiantire.ca/product/seasonal-gardening/toys/preschool-toys-activities/1501510/toddler-assorted-character-chairs-abb152c3-6ee4-4a7f-bdcf-ec4e5dda1671-jpgrendition.jpg?im=whresize&wid=200&hei=200,,1501510,150-1510-2,Il n’en reste que 2 #150-1510-2,Liquidation◊Mieux notés,60.13,"19,93","49,99"
346,"Miss.Mavis & Dundas, ON","Ampoules à filament à DEL à intensité variable à culot E26 NOMA B10, blanc chaud, 40 W","Ampoules à filament à DEL à intensité variable à culot E26 NOMA B10, blanc chaud, 40 W",4.93,"4,93 $",10.99,"Était±  10,99 $prix était 10,99 $",4.93,"4,93 $",4.93,"4,93 $",true,https://www.canadiantire.ca/fr/pdp/ampoules-a-filament-a-del-a-intensite-variable-a-culot-e26-noma-b10-blanc-chaud-40-w-0529611p.html,https://www.canadiantire.ca/fr/pdp/ampoules-a-filament-a-del-a-intensite-variable-a-culot-e26-noma-b10-blanc-chaud-40-w-0529611p.html,https://media-www.canadiantire.ca/product/fixing/electrical/light-bulbs/0529611/noma-40w-b10-warm-white-led-bulbs-2-pack-d8ccbe5a-899c-490e-b5f8-348c1c9af633-jpgrendition.jpg?im=whresize&wid=200&hei=200,https://media-www.canadiantire.ca/product/fixing/electrical/light-bulbs/0529611/noma-40w-b10-warm-white-led-bulbs-2-pack-d8ccbe5a-899c-490e-b5f8-348c1c9af633-jpgrendition.jpg?im=whresize&wid=200&hei=200,,0529611,052-9611-8,68 En Stock#052-9611-8,Liquidation◊Mieux notés,55.14,"4,93","10,99"
346,"Miss.Mavis & Dundas, ON",Allume-feu Vermont Castings PWR POD (outil seulement),Allume-feu Vermont Castings PWR POD (outil seulement),49.93,"49,93 $",99.99,"Était±  99,99 $prix était 99,99 $",49.93,"49,93 $",49.93,"49,93 $",true,https://www.canadiantire.ca/fr/pdp/allume-feu-vermont-castings-pwr-pod-outil-seulement-0850200p.html,https://www.canadiantire.ca/fr/pdp/allume-feu-vermont-castings-pwr-pod-outil-seulement-0850200p.html,https://media-www.canadiantire.ca/product/seasonal-gardening/backyard-living/outdoor-cooking-fuels-flavours/0850200/vermont-castings-pwr-pod-charcoal-igniter-13e51890-ecea-462a-a3d0-cf8469353367-jpgrendition.jpg?im=whresize&wid=200&hei=200,https://media-www.canadiantire.ca/product/seasonal-gardening/backyard-living/outdoor-cooking-fuels-flavours/0850200/vermont-castings-pwr-pod-charcoal-igniter-13e51890-ecea-462a-a3d0-cf8469353367-jpgrendition.jpg?im=whresize&wid=200&hei=200,,0850200,085-0200-2,Il n’en reste que 2 #085-0200-2,Liquidation◊Mieux notés,50.07,"49,93","99,99"
346,"Miss.Mavis & Dundas, ON",Récepteur Bluetooth à DIN simple Boss Audio Systems Elite BE7ACP-SD,Récepteur Bluetooth à DIN simple Boss Audio Systems Elite BE7ACP-SD,209.93,"209,93 $",524.99,"Était±  524,99 $prix était 524,99 $",209.93,"209,93 $",209.93,"209,93 $",true,https://www.canadiantire.ca/fr/pdp/recepteur-bluetooth-a-din-simple-boss-audio-systems-elite-be7acp-sd-0355582p.html,https://www.canadiantire.ca/fr/pdp/recepteur-bluetooth-a-din-simple-boss-audio-systems-elite-be7acp-sd-0355582p.html,https://media-www.canadiantire.ca/product/automotive/electronics/auto-electronics/0355582/boss-elite-be7acp-sd-single-din-bluetooth-receiver-5040f446-4bf6-45f1-bcfc-83c65b1222d6-jpgrendition.jpg?im=whresize&wid=200&hei=200,https://media-www.canadiantire.ca/product/automotive/electronics/auto-electronics/0355582/boss-elite-be7acp-sd-single-din-bluetooth-receiver-5040f446-4bf6-45f1-bcfc-83c65b1222d6-jpgrendition.jpg?im=whresize&wid=200&hei=200,,0355582,035-5582-2,Il n’en reste que 1 #035-5582-2,Liquidation◊,60.01,"209,93","524,99"
346,"Miss.Mavis & Dundas, ON","Couvercles de rangement en bambou à pression Masontops Timber pour pots Mason, paq. 3","Couvercles de rangement en bambou à pression Masontops Timber pour pots Mason, paq. 3",6.93,"6,93 $",16.99,"Était±  16,99 $prix était 16,99 $",6.93,"6,93 $",6.93,"6,93 $",true,https://www.canadiantire.ca/fr/pdp/couvercles-de-rangement-en-bambou-a-pression-masontops-timber-pour-pots-mason-paq-3-1426448p.html,https://www.canadiantire.ca/fr/pdp/couvercles-de-rangement-en-bambou-a-pression-masontops-timber-pour-pots-mason-paq-3-1426448p.html,https://media-www.canadiantire.ca/product/living/kitchen/canning/1426448/masontops-timber-top-bamboo-storage-lids-3pk-aefc19d6-ed27-4c7b-8a80-657b683af7d3-jpgrendition.jpg?im=whresize&wid=200&hei=200,https://media-www.canadiantire.ca/product/living/kitchen/canning/1426448/masontops-timber-top-bamboo-storage-lids-3pk-aefc19d6-ed27-4c7b-8a80-657b683af7d3-jpgrendition.jpg?im=whresize&wid=200&hei=200,,1426448,142-6448-2,29 En Stock#142-6448-2,Liquidation◊Mieux notés,59.21,"6,93","16,99"
346,"Miss.Mavis & Dundas, ON",Cales de roues,Cales de roues,5.93,"5,93 $",24.99,"Était±  24,99 $prix était 24,99 $",5.93,"5,93 $",5.93,"5,93 $",true,https://www.canadiantire.ca/fr/pdp/cales-de-roues-0409091p.html,https://www.canadiantire.ca/fr/pdp/cales-de-roues-0409091p.html,https://media-www.canadiantire.ca/product/automotive/automotive-outdoor-adventure/auto-travel-storage/0409091/wheel-chock-wedge-c86956e7-4229-49a6-8551-2377988d0bb0-jpgrendition.jpg?im=whresize&wid=200&hei=200,https://media-www.canadiantire.ca/product/automotive/automotive-outdoor-adventure/auto-travel-storage/0409091/wheel-chock-wedge-c86956e7-4229-49a6-8551-2377988d0bb0-jpgrendition.jpg?im=whresize&wid=200&hei=200,,0409091,040-9091-2,Il n’en reste que 2 #040-9091-2,Liquidation◊,76.27,"5,93","24,99"
346,"Miss.Mavis & Dundas, ON","Range-accessoires de douche en métal 3M Command résistant à la rouille, nickel satiné","Range-accessoires de douche en métal 3M Command résistant à la rouille, nickel satiné",12.93,"12,93 $",27.99,"Était±  27,99 $prix était 27,99 $",12.93,"12,93 $",12.93,"12,93 $",true,https://www.canadiantire.ca/fr/pdp/range-accessoires-de-douche-en-metal-3m-command-resistant-a-la-rouille-nickel-satine-0635788p.html,https://www.canadiantire.ca/fr/pdp/range-accessoires-de-douche-en-metal-3m-command-resistant-a-la-rouille-nickel-satine-0635788p.html,https://media-www.canadiantire.ca/product/living/home-decor/bed-bath-decor/0635788/3m-command-metal-bath-caddy-0c2e4911-82b4-4839-bf6d-32e2b9cf763c-jpgrendition.jpg?im=whresize&wid=200&hei=200,https://media-www.canadiantire.ca/product/living/home-decor/bed-bath-decor/0635788/3m-command-metal-bath-caddy-0c2e4911-82b4-4839-bf6d-32e2b9cf763c-jpgrendition.jpg?im=whresize&wid=200&hei=200,,0635788,063-5788-6,Il n’en reste que 2 #063-5788-6,Liquidation◊Mieux notés,53.8,"12,93","27,99"
346,"Miss.Mavis & Dundas, ON",Gobelet de retouche de peinture Premier,Gobelet de retouche de peinture Premier,2.93,"2,93 $",7.99,"7,99 $Était   et+ prix était à partir de 7,99 $",2.93,"2,93 $",2.93,"2,93 $",true,https://www.canadiantire.ca/fr/pdp/gobelet-de-retouche-de-peinture-premier-0495850p.html,https://www.canadiantire.ca/fr/pdp/gobelet-de-retouche-de-peinture-premier-0495850p.html,https://media-www.canadiantire.ca/product/fixing/paint/paint-accessories/0495850/premier-single-touch-up-cup-51899b96-1e87-439b-b0fa-b3ec674c0e97-jpgrendition.jpg?im=whresize&wid=200&hei=200,https://media-www.canadiantire.ca/product/fixing/paint/paint-accessories/0495850/premier-single-touch-up-cup-51899b96-1e87-439b-b0fa-b3ec674c0e97-jpgrendition.jpg?im=whresize&wid=200&hei=200,,0495850,049-5850,Vérifiez la disponibilité#049-5850X,Liquidation◊Mieux notés,63.33,"2,93","7,99"
346,"Miss.Mavis & Dundas, ON",Abris instantané pour chiens Petco,Abris instantané pour chiens Petco,14.93,"14,93 $",42.99,"Était±  42,99 $prix était 42,99 $",14.93,"14,93 $",14.93,"14,93 $",true,https://www.canadiantire.ca/fr/pdp/abris-instantane-pour-chiens-petco-2426010p.html,https://www.canadiantire.ca/fr/pdp/abris-instantane-pour-chiens-petco-2426010p.html,https://media-www.canadiantire.ca/product/living/pet-care/pet-accessories/2426010/petco-pop-up-shade-tent-f4f67141-5057-4b5a-b8b0-bba0bc7964b3-jpgrendition.jpg?im=whresize&wid=200&hei=200,https://media-www.canadiantire.ca/product/living/pet-care/pet-accessories/2426010/petco-pop-up-shade-tent-f4f67141-5057-4b5a-b8b0-bba0bc7964b3-jpgrendition.jpg?im=whresize&wid=200&hei=200,,2426010,242-6010-4,Il n’en reste que 2 #242-6010-4,Liquidation◊Mieux notés,65.27,"14,93","42,99"
346,"Miss.Mavis & Dundas, ON","Contenants transparents Clearlock avec base TritanMC, emboîtables, 6 pièces","Contenants transparents Clearlock avec base TritanMC, emboîtables, 6 pièces",17.93,"17,93 $",37.99,"Était±  37,99 $prix était 37,99 $",17.93,"17,93 $",17.93,"17,93 $",true,https://www.canadiantire.ca/fr/pdp/contenants-transparents-clearlock-avec-base-tritan-sup-mc-sup-emboitables-6-pieces-2421066p.html,https://www.canadiantire.ca/fr/pdp/contenants-transparents-clearlock-avec-base-tritan-sup-mc-sup-emboitables-6-pieces-2421066p.html,https://media-www.canadiantire.ca/product/living/kitchen/food-storage/2421066/clearlock-6-pc-set-f2aae91f-ae59-4671-8c8f-58cf5c7ad994-jpgrendition.jpg?im=whresize&wid=200&hei=200,https://media-www.canadiantire.ca/product/living/kitchen/food-storage/2421066/clearlock-6-pc-set-f2aae91f-ae59-4671-8c8f-58cf5c7ad994-jpgrendition.jpg?im=whresize&wid=200&hei=200,,2421066,242-1066-2,Il n’en reste que 4 #242-1066-2,Liquidation◊,52.8,"17,93","37,99"
346,"Miss.Mavis & Dundas, ON","Barre à 3 crochets CANVAS Galena, acier inoxydable, blanc, 16 po","Barre à 3 crochets CANVAS Galena, acier inoxydable, blanc, 16 po",19.93,"19,93 $",39.99,"Était±  39,99 $prix était 39,99 $",19.93,"19,93 $",19.93,"19,93 $",true,https://www.canadiantire.ca/fr/pdp/barre-a-3-crochets-canvas-galena-acier-inoxydable-blanc-16-po-0465424p.html,https://www.canadiantire.ca/fr/pdp/barre-a-3-crochets-canvas-galena-acier-inoxydable-blanc-16-po-0465424p.html,https://media-www.canadiantire.ca/product/living/home-decor/decor-accents/0465424/canvas-16-galena-rail-white-77f997de-a363-4fe6-aaba-d50353ed14c6-jpgrendition.jpg?im=whresize&wid=200&hei=200,https://media-www.canadiantire.ca/product/living/home-decor/decor-accents/0465424/canvas-16-galena-rail-white-77f997de-a363-4fe6-aaba-d50353ed14c6-jpgrendition.jpg?im=whresize&wid=200&hei=200,,0465424,046-5424-4,Il n’en reste que 3 #046-5424-4,Liquidation◊Mieux notés,50.16,"19,93","39,99"
346,"Miss.Mavis & Dundas, ON","Support de jardinière For Living, oiseau, 8 po, multicolore","Support de jardinière For Living, oiseau, 8 po, multicolore",1.93,"1,93 $",4.49,"Était±  4,49 $prix était 4,49 $",1.93,"1,93 $",1.93,"1,93 $",true,https://www.canadiantire.ca/fr/pdp/support-de-jardiniere-for-living-oiseau-8-po-multicolore-0597804p.html,https://www.canadiantire.ca/fr/pdp/support-de-jardiniere-for-living-oiseau-8-po-multicolore-0597804p.html,https://media-www.canadiantire.ca/product/seasonal-gardening/backyard-living/outdoor-living-accessories/0597804/for-living-bird-pot-stakes-a069abd0-e4e0-43de-b79e-0a99d9ba9615-jpgrendition.jpg?im=whresize&wid=200&hei=200,https://media-www.canadiantire.ca/product/seasonal-gardening/backyard-living/outdoor-living-accessories/0597804/for-living-bird-pot-stakes-a069abd0-e4e0-43de-b79e-0a99d9ba9615-jpgrendition.jpg?im=whresize&wid=200&hei=200,,0597804,059-7804-8,,Liquidation◊Mieux notés,57.02,"1,93","4,49"
346,"Miss.Mavis & Dundas, ON","Sac à dos pour aventure de plusieurs jours pour la randonnée, le camping et les voyages Woods TUZO, pour femmes, 70 L","Sac à dos pour aventure de plusieurs jours pour la randonnée, le camping et les voyages Woods TUZO, pour femmes, 70 L",99.93,"99,93 $",199.99,"Était±  199,99 $prix était 199,99 $",99.93,"99,93 $",99.93,"99,93 $",true,https://www.canadiantire.ca/fr/pdp/sac-a-dos-pour-aventure-de-plusieurs-jours-pour-la-randonnee-le-camping-et-les-voyages-woods-tuzo-pour-femmes-70-l-0766805p.html,https://www.canadiantire.ca/fr/pdp/sac-a-dos-pour-aventure-de-plusieurs-jours-pour-la-randonnee-le-camping-et-les-voyages-woods-tuzo-pour-femmes-70-l-0766805p.html,https://media-www.canadiantire.ca/product/playing/camping/camping-accessories/0766805/woods-tuzo-70l-women-s-backpack-048195e2-66b7-4db1-ac44-a1a779f2441f-jpgrendition.jpg?im=whresize&wid=200&hei=200,https://media-www.canadiantire.ca/product/playing/camping/camping-accessories/0766805/woods-tuzo-70l-women-s-backpack-048195e2-66b7-4db1-ac44-a1a779f2441f-jpgrendition.jpg?im=whresize&wid=200&hei=200,,0766805,076-6805-0,Il n’en reste que 1 #076-6805-0,Liquidation◊Mieux notés,50.03,"99,93","199,99"
346,"Miss.Mavis & Dundas, ON",Détecteur de métal étanche Bounty Hunter Fisher F22,Détecteur de métal étanche Bounty Hunter Fisher F22,179.93,"179,93 $",409.99,"Était±  409,99 $prix était 409,99 $",179.93,"179,93 $",179.93,"179,93 $",true,https://www.canadiantire.ca/fr/pdp/detecteur-de-metal-etanche-bounty-hunter-fisher-f22-0792236p.html,https://www.canadiantire.ca/fr/pdp/detecteur-de-metal-etanche-bounty-hunter-fisher-f22-0792236p.html,https://media-www.canadiantire.ca/product/playing/camping/camping-living/0792236/fisher-f22-weatherproof-metal-detector-0e9268de-9109-4b78-a402-447c85071309-jpgrendition.jpg?im=whresize&wid=200&hei=200,https://media-www.canadiantire.ca/product/playing/camping/camping-living/0792236/fisher-f22-weatherproof-metal-detector-0e9268de-9109-4b78-a402-447c85071309-jpgrendition.jpg?im=whresize&wid=200&hei=200,,0792236,079-2236-2,Il n’en reste que 1 #079-2236-2,Liquidation◊Mieux notés,56.11,"179,93","409,99"
346,"Miss.Mavis & Dundas, ON","Jouet en caoutchouc durable en forme d'haltère pour chiens NerfDog, grand, vert","Jouet en caoutchouc durable en forme d'haltère pour chiens NerfDog, grand, vert",8.92,"8,92 $",17.99,"Était±  17,99 $prix était 17,99 $",8.92,"8,92 $",8.92,"8,92 $",true,https://www.canadiantire.ca/fr/pdp/jouet-en-caoutchouc-durable-en-forme-d-haltere-pour-chiens-nerfdog-grand-vert-1421126p.html,https://www.canadiantire.ca/fr/pdp/jouet-en-caoutchouc-durable-en-forme-d-haltere-pour-chiens-nerfdog-grand-vert-1421126p.html,https://media-www.canadiantire.ca/product/living/pet-care/pet-accessories/1421126/nerf-barbell-77fc8641-0916-4cf0-8b62-23882904cf98-jpgrendition.jpg?im=whresize&wid=200&hei=200,https://media-www.canadiantire.ca/product/living/pet-care/pet-accessories/1421126/nerf-barbell-77fc8641-0916-4cf0-8b62-23882904cf98-jpgrendition.jpg?im=whresize&wid=200&hei=200,,1421126,142-1126-8,Il n’en reste que 2 #142-1126-8,Liquidation◊Mieux notés,50.42,"8,92","17,99"
346,"Miss.Mavis & Dundas, ON","Embouts pour vissage à percussion CA2 MAXIMUM, boîte de Tic-Tac, 1 po, paq. 16","Embouts pour vissage à percussion CA2 MAXIMUM, boîte de Tic-Tac, 1 po, paq. 16",7.93,"7,93 $",18.99,"Était±  18,99 $prix était 18,99 $",7.93,"7,93 $",7.93,"7,93 $",true,https://www.canadiantire.ca/fr/pdp/embouts-pour-vissage-a-percussion-ca2-maximum-boite-de-tic-tac-1-po-paq-16-0540521p.html,https://www.canadiantire.ca/fr/pdp/embouts-pour-vissage-a-percussion-ca2-maximum-boite-de-tic-tac-1-po-paq-16-0540521p.html,https://media-www.canadiantire.ca/product/fixing/tools/power-tool-accessories/0540521/maximum-1-sq2-impact-ready-tic-tac-with-holder-16pk-1aaa6f12-d6f1-4f2a-9d1e-e38b030cf3e0-jpgrendition.jpg?im=whresize&wid=200&hei=200,https://media-www.canadiantire.ca/product/fixing/tools/power-tool-accessories/0540521/maximum-1-sq2-impact-ready-tic-tac-with-holder-16pk-1aaa6f12-d6f1-4f2a-9d1e-e38b030cf3e0-jpgrendition.jpg?im=whresize&wid=200&hei=200,,0540521,054-0521-2,Il n’en reste que 5 #054-0521-2,Liquidation◊Mieux notés,58.24,"7,93","18,99"
346,"Miss.Mavis & Dundas, ON","Petites assiettes en faux marbre CANVAS, paq. 1","Petites assiettes en faux marbre CANVAS, paq. 1",2.43,"2,43 $",6.99,"Était±  6,99 $prix était 6,99 $",2.43,"2,43 $",2.43,"2,43 $",true,https://www.canadiantire.ca/fr/pdp/petites-assiettes-en-faux-marbre-canvas-paq-1-0597205p.html,https://www.canadiantire.ca/fr/pdp/petites-assiettes-en-faux-marbre-canvas-paq-1-0597205p.html,https://media-www.canadiantire.ca/product/seasonal-gardening/backyard-living/outdoor-living-accessories/0597343/canvas-palm-breeze-dinner-plate-b8f56df6-2442-42df-b960-87f421f48764-jpgrendition.jpg?im=whresize&wid=200&hei=200,https://media-www.canadiantire.ca/product/seasonal-gardening/backyard-living/outdoor-living-accessories/0597343/canvas-palm-breeze-dinner-plate-b8f56df6-2442-42df-b960-87f421f48764-jpgrendition.jpg?im=whresize&wid=200&hei=200,,0597205,059-7205-4,Il n’en reste que 3 #059-7205-4,Liquidation◊Mieux notés,65.24,"2,43","6,99"
346,"Miss.Mavis & Dundas, ON","Girouette en acier galvanisé For Living, 44.88 po","Girouette en acier galvanisé For Living, 44.88 po",12.93,"12,93 $",25.99,"Était±  25,99 $prix était 25,99 $",12.93,"12,93 $",12.93,"12,93 $",true,https://www.canadiantire.ca/fr/pdp/girouette-en-acier-galvanise-for-living-44-88-po-0597381p.html,https://www.canadiantire.ca/fr/pdp/girouette-en-acier-galvanise-for-living-44-88-po-0597381p.html,https://media-www.canadiantire.ca/product/seasonal-gardening/backyard-living/outdoor-living-accessories/0597381/for-living-galvanized-weather-vein-72570710-164a-490e-bf30-68aba5bdfe30-jpgrendition.jpg?im=whresize&wid=200&hei=200,https://media-www.canadiantire.ca/product/seasonal-gardening/backyard-living/outdoor-living-accessories/0597381/for-living-galvanized-weather-vein-72570710-164a-490e-bf30-68aba5bdfe30-jpgrendition.jpg?im=whresize&wid=200&hei=200,,0597381,059-7381-2,Il n’en reste que 4 #059-7381-2,Liquidation◊Exclusivité,50.25,"12,93","25,99"
346,"Miss.Mavis & Dundas, ON",Lampe à DEL pour barbecue Vermont Castings avec capteur de mouvement,Lampe à DEL pour barbecue Vermont Castings avec capteur de mouvement,14.93,"14,93 $",32.99,"Était±  32,99 $prix était 32,99 $",14.93,"14,93 $",14.93,"14,93 $",true,https://www.canadiantire.ca/fr/pdp/lampe-a-del-pour-barbecue-vermont-castings-avec-capteur-de-mouvement-0852358p.html,https://www.canadiantire.ca/fr/pdp/lampe-a-del-pour-barbecue-vermont-castings-avec-capteur-de-mouvement-0852358p.html,https://media-www.canadiantire.ca/product/seasonal-gardening/backyard-living/outdoor-cooking-accessories/0852358/vermont-castings-bbq-light-c7109fb7-85b6-45ee-af98-8ffd7d7c90ac-jpgrendition.jpg?im=whresize&wid=200&hei=200,https://media-www.canadiantire.ca/product/seasonal-gardening/backyard-living/outdoor-cooking-accessories/0852358/vermont-castings-bbq-light-c7109fb7-85b6-45ee-af98-8ffd7d7c90ac-jpgrendition.jpg?im=whresize&wid=200&hei=200,,0852358,085-2358-6,Il n’en reste que 1 #085-2358-6,Liquidation◊Mieux notés,54.74,"14,93","32,99"
346,"Miss.Mavis & Dundas, ON","Boule d'attelage de remorque interchangeable Reese Towpower, 3 boules","Boule d'attelage de remorque interchangeable Reese Towpower, 3 boules",41.93,"41,93 $",99.99,"Était±  99,99 $prix était 99,99 $",41.93,"41,93 $",41.93,"41,93 $",true,https://www.canadiantire.ca/fr/pdp/boule-d-attelage-de-remorque-interchangeable-reese-towpower-3-boules-0406552p.html,https://www.canadiantire.ca/fr/pdp/boule-d-attelage-de-remorque-interchangeable-reese-towpower-3-boules-0406552p.html,https://media-www.canadiantire.ca/product/automotive/automotive-outdoor-adventure/auto-travel-storage/0406552/57600-2-5-16-adapt-a-ball-hitch-ball-9a732147-e926-4527-849a-e662156636a7-jpgrendition.jpg?im=whresize&wid=200&hei=200,https://media-www.canadiantire.ca/product/automotive/automotive-outdoor-adventure/auto-travel-storage/0406552/57600-2-5-16-adapt-a-ball-hitch-ball-9a732147-e926-4527-849a-e662156636a7-jpgrendition.jpg?im=whresize&wid=200&hei=200,,0406552,040-6552-4,Il n’en reste que 3 #040-6552-4,Liquidation◊Mieux notés,58.07,"41,93","99,99"
346,"Miss.Mavis & Dundas, ON","Patins à roues alignées de hockey VIC, sénior, choix de tailles","Patins à roues alignées de hockey VIC, sénior, choix de tailles",39.93,"39,93 $",149.99,"149,99 $Était   et+ prix était à partir de 149,99 $",39.93,"39,93 $",39.93,"39,93 $",true,https://www.canadiantire.ca/fr/pdp/patins-a-roues-alignees-de-hockey-vic-senior-choix-de-tailles-1840840p.html,https://www.canadiantire.ca/fr/pdp/patins-a-roues-alignees-de-hockey-vic-senior-choix-de-tailles-1840840p.html,https://media-www.canadiantire.ca/product/playing/hockey/hockey-accessories/1840840/vic-inline-senior-skate-size-6-91a1c0fc-40d4-4ba8-8cd3-a86d6099b6e3-jpgrendition.jpg?im=whresize&wid=200&hei=200,https://media-www.canadiantire.ca/product/playing/hockey/hockey-accessories/1840840/vic-inline-senior-skate-size-6-91a1c0fc-40d4-4ba8-8cd3-a86d6099b6e3-jpgrendition.jpg?im=whresize&wid=200&hei=200,,1840840,184-0840,Vérifiez la disponibilité#184-0840X,Liquidation◊Exclusivité,73.38,"39,93","149,99"
346,"Miss.Mavis & Dundas, ON","Piquet pour pot de fleurs For Living, 5 po, choix varié","Piquet pour pot de fleurs For Living, 5 po, choix varié",1.93,"1,93 $",4.49,"Était±  4,49 $prix était 4,49 $",1.93,"1,93 $",1.93,"1,93 $",true,https://www.canadiantire.ca/fr/pdp/piquet-pour-pot-de-fleurs-for-living-5-po-choix-varie-0597306p.html,https://www.canadiantire.ca/fr/pdp/piquet-pour-pot-de-fleurs-for-living-5-po-choix-varie-0597306p.html,https://media-www.canadiantire.ca/product/seasonal-gardening/backyard-living/outdoor-living-accessories/0597306/for-living-pot-stakes-assorted-69a22e75-bd39-4d8f-a16b-2aca5624aead-jpgrendition.jpg?im=whresize&wid=200&hei=200,https://media-www.canadiantire.ca/product/seasonal-gardening/backyard-living/outdoor-living-accessories/0597306/for-living-pot-stakes-assorted-69a22e75-bd39-4d8f-a16b-2aca5624aead-jpgrendition.jpg?im=whresize&wid=200&hei=200,,0597306,059-7306-4,,Liquidation◊Mieux notés,57.02,"1,93","4,49"
346,"Miss.Mavis & Dundas, ON","Surligneurs BIC Brite Liner Grip à pointe biseautée, couleurs variées, paq. 5","Surligneurs BIC Brite Liner Grip à pointe biseautée, couleurs variées, paq. 5",2.93,"2,93 $",5.99,"Était±  5,99 $prix était 5,99 $",2.93,"2,93 $",2.93,"2,93 $",true,https://www.canadiantire.ca/fr/pdp/surligneurs-bic-brite-liner-grip-a-pointe-biseautee-couleurs-variees-paq-5-2420351p.html,https://www.canadiantire.ca/fr/pdp/surligneurs-bic-brite-liner-grip-a-pointe-biseautee-couleurs-variees-paq-5-2420351p.html,https://media-www.canadiantire.ca/product/seasonal-gardening/toys/home-office-supplies/2420351/bic-brite-liner-grip-chisel-point-5pk-ast-f0278621-4955-4f66-bea7-60b6e3bc3e6f-jpgrendition.jpg?im=whresize&wid=200&hei=200,https://media-www.canadiantire.ca/product/seasonal-gardening/toys/home-office-supplies/2420351/bic-brite-liner-grip-chisel-point-5pk-ast-f0278621-4955-4f66-bea7-60b6e3bc3e6f-jpgrendition.jpg?im=whresize&wid=200&hei=200,,2420351,242-0351-8,Il n’en reste que 6 #242-0351-8,Liquidation◊Mieux notés,51.09,"2,93","5,99"
346,"Miss.Mavis & Dundas, ON","Gobelet en acier inoxydable isolé Reduce avec couvercle 3-en-1 et paille, 1,1 l, blanc","Gobelet en acier inoxydable isolé Reduce avec couvercle 3-en-1 et paille, 1,1 l, blanc",12.93,"12,93 $",39.99,"Était±  39,99 $prix était 39,99 $",12.93,"12,93 $",12.93,"12,93 $",true,https://www.canadiantire.ca/fr/pdp/gobelet-en-acier-inoxydable-isole-reduce-avec-couvercle-3-en-1-et-paille-1-1-l-blanc-1426436p.html,https://www.canadiantire.ca/fr/pdp/gobelet-en-acier-inoxydable-isole-reduce-avec-couvercle-3-en-1-et-paille-1-1-l-blanc-1426436p.html,https://media-www.canadiantire.ca/product/living/kitchen/food-storage/1426436/reduce-3-in-1-tumbler-40oz-white-8ee42dc4-a9a2-464d-80d4-12b761774d00-jpgrendition.jpg?im=whresize&wid=200&hei=200,https://media-www.canadiantire.ca/product/living/kitchen/food-storage/1426436/reduce-3-in-1-tumbler-40oz-white-8ee42dc4-a9a2-464d-80d4-12b761774d00-jpgrendition.jpg?im=whresize&wid=200&hei=200,,1426436,142-6436-0,Il n’en reste que 1 #142-6436-0,Liquidation◊Mieux notés,67.67,"12,93","39,99"
346,"Miss.Mavis & Dundas, ON","Chaussures tout-aller à enfiler légères Excalibur Outbound pour femmes, gris/rose","Chaussures tout-aller à enfiler légères Excalibur Outbound pour femmes, gris/rose",13.43,"13,43 $",29.99,"29,99 $Était   et+ prix était à partir de 29,99 $",13.43,"13,43 $",13.43,"13,43 $",true,https://www.canadiantire.ca/fr/pdp/chaussures-tout-aller-a-enfiler-legeres-excalibur-outbound-pour-femmes-gris-rose-1871418p.html,https://www.canadiantire.ca/fr/pdp/chaussures-tout-aller-a-enfiler-legeres-excalibur-outbound-pour-femmes-gris-rose-1871418p.html,https://media-www.canadiantire.ca/product/playing/footwear-apparel/summer-footwear-apparel/1871412/outbound-women-s-athleisure-sandal-print-w5-c4da8071-df7b-43d9-93b2-9e7c9a03fc00-jpgrendition.jpg?im=whresize&wid=200&hei=200,https://media-www.canadiantire.ca/product/playing/footwear-apparel/summer-footwear-apparel/1871412/outbound-women-s-athleisure-sandal-print-w5-c4da8071-df7b-43d9-93b2-9e7c9a03fc00-jpgrendition.jpg?im=whresize&wid=200&hei=200,,1871418,187-1418,Vérifiez la disponibilité#187-1418X,Liquidation◊Mieux notés,55.22,"13,43","29,99"
346,"Miss.Mavis & Dundas, ON","Foret à découper à haute vitesse pour cloison sèche Dremel 560 avec tige en acier pour outil rotatif, 1/8 po","Foret à découper à haute vitesse pour cloison sèche Dremel 560 avec tige en acier pour outil rotatif, 1/8 po",4.93,"4,93 $",10.99,"Était±  10,99 $prix était 10,99 $",4.93,"4,93 $",4.93,"4,93 $",true,https://www.canadiantire.ca/fr/pdp/foret-a-decouper-a-haute-vitesse-pour-cloison-seche-dremel-560-avec-tige-en-acier-pour-outil-rotatif-1-8-po-0544722p.html,https://www.canadiantire.ca/fr/pdp/foret-a-decouper-a-haute-vitesse-pour-cloison-seche-dremel-560-avec-tige-en-acier-pour-outil-rotatif-1-8-po-0544722p.html,https://media-www.canadiantire.ca/product/fixing/tools/portable-power-tools/0544722/bit-drywall-cutting-dremel-af2ba486-bf9d-44a1-8428-ca18342aa481-jpgrendition.jpg?im=whresize&wid=200&hei=200,https://media-www.canadiantire.ca/product/fixing/tools/portable-power-tools/0544722/bit-drywall-cutting-dremel-af2ba486-bf9d-44a1-8428-ca18342aa481-jpgrendition.jpg?im=whresize&wid=200&hei=200,,0544722,054-4722-0,Il n’en reste que 3 #054-4722-0,Liquidation◊Mieux notés,55.14,"4,93","10,99"
346,"Miss.Mavis & Dundas, ON","Lubrifiant antigrippant à usage unique Permatex, 4 g","Lubrifiant antigrippant à usage unique Permatex, 4 g",1.93,"1,93 $",3.99,"Était±  3,99 $prix était 3,99 $",1.93,"1,93 $",1.93,"1,93 $",true,https://www.canadiantire.ca/fr/pdp/lubrifiant-antigrippant-a-usage-unique-permatex-4-g-0383728p.html,https://www.canadiantire.ca/fr/pdp/lubrifiant-antigrippant-a-usage-unique-permatex-4-g-0383728p.html,https://media-www.canadiantire.ca/product/automotive/auto-maintenance/auto-fluids/0383728/anti-seize-lubricant-silver-e75b46cf-a1bf-4420-a0f8-ce00b5c38fe5-jpgrendition.jpg?im=whresize&wid=200&hei=200,https://media-www.canadiantire.ca/product/automotive/auto-maintenance/auto-fluids/0383728/anti-seize-lubricant-silver-e75b46cf-a1bf-4420-a0f8-ce00b5c38fe5-jpgrendition.jpg?im=whresize&wid=200&hei=200,,0383728,038-3728-4,94 En Stock#038-3728-4,Liquidation◊Mieux notés,51.63,"1,93","3,99"
346,"Miss.Mavis & Dundas, ON","Couvre-réceptacle de remorque REESE Towpower, 1 1/4 po","Couvre-réceptacle de remorque REESE Towpower, 1 1/4 po",4.93,"4,93 $",10.99,"Était±  10,99 $prix était 10,99 $",4.93,"4,93 $",4.93,"4,93 $",true,https://www.canadiantire.ca/fr/pdp/couvre-receptacle-de-remorque-reese-towpower-1-1-4-po-0406052p.html,https://www.canadiantire.ca/fr/pdp/couvre-receptacle-de-remorque-reese-towpower-1-1-4-po-0406052p.html,https://media-www.canadiantire.ca/product/automotive/automotive-outdoor-adventure/auto-travel-storage/0408608/reese-towpower-1-1-4-hitch-cover--afb2e1b5-dbdb-4f14-a91c-0c718e21b4f2-jpgrendition.jpg?im=whresize&wid=200&hei=200,https://media-www.canadiantire.ca/product/automotive/automotive-outdoor-adventure/auto-travel-storage/0408608/reese-towpower-1-1-4-hitch-cover--afb2e1b5-dbdb-4f14-a91c-0c718e21b4f2-jpgrendition.jpg?im=whresize&wid=200&hei=200,,0406052,040-8608-2,Il n’en reste que 3 #040-8608-2,Liquidation◊Mieux notés,55.14,"4,93","10,99"
346,"Miss.Mavis & Dundas, ON","Sachets nettoyants pour tapis Hoover, nett.prof/animaux, paq. 14","Sachets nettoyants pour tapis Hoover, nett.prof/animaux, paq. 14",9.93,"9,93 $",19.99,"Était±  19,99 $prix était 19,99 $",9.93,"9,93 $",9.93,"9,93 $",true,https://www.canadiantire.ca/fr/pdp/sachets-nettoyants-pour-tapis-hoover-nett-prof-animaux-paq-14-1531872p.html,https://www.canadiantire.ca/fr/pdp/sachets-nettoyants-pour-tapis-hoover-nett-prof-animaux-paq-14-1531872p.html,https://media-www.canadiantire.ca/product/living/cleaning/household-cleaning-solutions/1531872/hoover-oxy-permanent-stain-removal-clean-pack-14-count-6483f862-06c3-4f95-8f7e-80ecf7f85294-jpgrendition.jpg?im=whresize&wid=200&hei=200,https://media-www.canadiantire.ca/product/living/cleaning/household-cleaning-solutions/1531872/hoover-oxy-permanent-stain-removal-clean-pack-14-count-6483f862-06c3-4f95-8f7e-80ecf7f85294-jpgrendition.jpg?im=whresize&wid=200&hei=200,,1531872,153-1872-4,10 En Stock#153-1872-4,Liquidation◊Mieux notés,50.33,"9,93","19,99"
346,"Miss.Mavis & Dundas, ON","Soudeuse à onduleur MIG 180i Mastercraft, 115 V / 230 V","Soudeuse à onduleur MIG 180i Mastercraft, 115 V / 230 V",289.93,"289,93 $",799.99,"Était±  799,99 $prix était 799,99 $",289.93,"289,93 $",289.93,"289,93 $",true,https://www.canadiantire.ca/fr/pdp/soudeuse-a-onduleur-mig-180i-mastercraft-115-v-230-v-0581927p.html,https://www.canadiantire.ca/fr/pdp/soudeuse-a-onduleur-mig-180i-mastercraft-115-v-230-v-0581927p.html,https://media-www.canadiantire.ca/product/fixing/tools/welding-soldering/0581927/mastercraft-mig-180i-welder-9829792e-f357-4348-8914-4a08f4f08c55-jpgrendition.jpg?im=whresize&wid=200&hei=200,https://media-www.canadiantire.ca/product/fixing/tools/welding-soldering/0581927/mastercraft-mig-180i-welder-9829792e-f357-4348-8914-4a08f4f08c55-jpgrendition.jpg?im=whresize&wid=200&hei=200,,0581927,058-1927-4,Il n’en reste que 3 #058-1927-4,Liquidation◊Exclusivité,63.76,"289,93","799,99"
346,"Miss.Mavis & Dundas, ON","Vélo hybride Raleigh Encounter, 700C, rose","Vélo hybride Raleigh Encounter, 700C, rose",329.93,"329,93 $",669.99,"Était±  669,99 $prix était 669,99 $",329.93,"329,93 $",329.93,"329,93 $",true,https://www.canadiantire.ca/fr/pdp/velo-hybride-raleigh-encounter-700c-rose-0711984p.html,https://www.canadiantire.ca/fr/pdp/velo-hybride-raleigh-encounter-700c-rose-0711984p.html,https://media-www.canadiantire.ca/product/playing/cycling/bicycles/0711984/raleigh-encounter-women-s-hybrid-bike-700c-4789feae-e7de-4bb3-9430-619296ac075b-jpgrendition.jpg?im=whresize&wid=200&hei=200,https://media-www.canadiantire.ca/product/playing/cycling/bicycles/0711984/raleigh-encounter-women-s-hybrid-bike-700c-4789feae-e7de-4bb3-9430-619296ac075b-jpgrendition.jpg?im=whresize&wid=200&hei=200,,0711984,071-1984-2,Il n’en reste que 2 #071-1984-2,Liquidation◊Exclusivité,50.76,"329,93","669,99"
346,"Miss.Mavis & Dundas, ON","Panneau solaire cristallin Coleman, 150 W, 12 V","Panneau solaire cristallin Coleman, 150 W, 12 V",129.43,"129,43 $",399.99,"Était±  399,99 $prix était 399,99 $",129.43,"129,43 $",129.43,"129,43 $",true,https://www.canadiantire.ca/fr/pdp/panneau-solaire-cristallin-coleman-150-w-12-v-0112055p.html,https://www.canadiantire.ca/fr/pdp/panneau-solaire-cristallin-coleman-150-w-12-v-0112055p.html,https://media-www.canadiantire.ca/product/seasonal-gardening/outdoor-tools/power-creation/0112055/coleman-150-watt-crystalline-solar-panel-282c5372-ad3d-41eb-9252-dcaefd07416f-jpgrendition.jpg?im=whresize&wid=200&hei=200,https://media-www.canadiantire.ca/product/seasonal-gardening/outdoor-tools/power-creation/0112055/coleman-150-watt-crystalline-solar-panel-282c5372-ad3d-41eb-9252-dcaefd07416f-jpgrendition.jpg?im=whresize&wid=200&hei=200,,0112055,011-2055-2,Il n’en reste que 2 #011-2055-2,Liquidation◊Articles à succès,67.64,"129,43","399,99"
346,"Miss.Mavis & Dundas, ON",VFI/gilet de sauvetage de pêche confortable Stearns,VFI/gilet de sauvetage de pêche confortable Stearns,51.93,"51,93 $",129.99,"129,99 $Était   et+ prix était à partir de 129,99 $",51.93,"51,93 $",51.93,"51,93 $",true,https://www.canadiantire.ca/fr/pdp/vfi-gilet-de-sauvetage-de-peche-confortable-stearns-0792202p.html,https://www.canadiantire.ca/fr/pdp/vfi-gilet-de-sauvetage-de-peche-confortable-stearns-0792202p.html,https://media-www.canadiantire.ca/product/playing/seasonal-recreation/marine-water-fun/0792203/stearns-fishing-paddling-vest-large-36c4cfc1-8b98-40b1-bd66-a13026037fe5-jpgrendition.jpg?im=whresize&wid=200&hei=200,https://media-www.canadiantire.ca/product/playing/seasonal-recreation/marine-water-fun/0792203/stearns-fishing-paddling-vest-large-36c4cfc1-8b98-40b1-bd66-a13026037fe5-jpgrendition.jpg?im=whresize&wid=200&hei=200,,0792202,079-2202,Vérifiez la disponibilité#079-2202X,Liquidation◊Mieux notés,60.05,"51,93","129,99"
346,"Miss.Mavis & Dundas, ON","Armoire inférieure de salle de lavage à 2 portes For Living, 27 po, blanc","Armoire inférieure de salle de lavage à 2 portes For Living, 27 po, blanc",89.93,"89,93 $",259.99,"Était±  259,99 $prix était 259,99 $",89.93,"89,93 $",89.93,"89,93 $",true,https://www.canadiantire.ca/fr/pdp/armoire-inferieure-de-salle-de-lavage-a-2-portes-for-living-27-po-blanc-1680138p.html,https://www.canadiantire.ca/fr/pdp/armoire-inferieure-de-salle-de-lavage-a-2-portes-for-living-27-po-blanc-1680138p.html,https://media-www.canadiantire.ca/product/living/home-decor/furniture/1680138/for-living-2-door-base-laundry-cabinet-27-in-dbda9378-753a-43b2-bc62-7172304659ec-jpgrendition.jpg?im=whresize&wid=200&hei=200,https://media-www.canadiantire.ca/product/living/home-decor/furniture/1680138/for-living-2-door-base-laundry-cabinet-27-in-dbda9378-753a-43b2-bc62-7172304659ec-jpgrendition.jpg?im=whresize&wid=200&hei=200,,1680138,168-0138-6,Il n’en reste que 1 #168-0138-6,Liquidation◊Exclusivité,65.41,"89,93","259,99"
346,"Miss.Mavis & Dundas, ON","Tampons de rechange pour vadrouille à vapeur Hoover TwinTank, paq. 2","Tampons de rechange pour vadrouille à vapeur Hoover TwinTank, paq. 2",17.93,"17,93 $",36.99,"Était±  36,99 $prix était 36,99 $",17.93,"17,93 $",17.93,"17,93 $",true,https://www.canadiantire.ca/fr/pdp/tampons-de-rechange-pour-vadrouille-a-vapeur-hoover-twintank-paq-2-0437804p.html,https://www.canadiantire.ca/fr/pdp/tampons-de-rechange-pour-vadrouille-a-vapeur-hoover-twintank-paq-2-0437804p.html,https://media-www.canadiantire.ca/product/living/cleaning/vacuums-and-floorcare/0437804/hoover-twin-tank-steam-mop-pads-14469a65-baaa-4983-bcdc-a306bfde2dbb-jpgrendition.jpg?im=whresize&wid=200&hei=200,https://media-www.canadiantire.ca/product/living/cleaning/vacuums-and-floorcare/0437804/hoover-twin-tank-steam-mop-pads-14469a65-baaa-4983-bcdc-a306bfde2dbb-jpgrendition.jpg?im=whresize&wid=200&hei=200,,0437804,043-7804-4,Il n’en reste que 4 #043-7804-4,Liquidation◊Mieux notés,51.53,"17,93","36,99"
346,"Miss.Mavis & Dundas, ON","Haut antifrottements Outbound à manches courtes, extensible, protection UV, hommes, gris/bleu","Haut antifrottements Outbound à manches courtes, extensible, protection UV, hommes, gris/bleu",7.93,"7,93 $",19.99,"19,99 $Était   et+ prix était à partir de 19,99 $",7.93,"7,93 $",7.93,"7,93 $",true,https://www.canadiantire.ca/fr/pdp/haut-antifrottements-outbound-a-manches-courtes-extensible-protection-uv-hommes-gris-bleu-1873376p.html,https://www.canadiantire.ca/fr/pdp/haut-antifrottements-outbound-a-manches-courtes-extensible-protection-uv-hommes-gris-bleu-1873376p.html,https://media-www.canadiantire.ca/product/playing/footwear-apparel/summer-footwear-apparel/1873376/outbound-upf-short-sleeve-rashguard-grey-blue-men-size-m-b844f5df-b543-4fe2-9b1f-74a342ec71e6-jpgrendition.jpg?im=whresize&wid=200&hei=200,https://media-www.canadiantire.ca/product/playing/footwear-apparel/summer-footwear-apparel/1873376/outbound-upf-short-sleeve-rashguard-grey-blue-men-size-m-b844f5df-b543-4fe2-9b1f-74a342ec71e6-jpgrendition.jpg?im=whresize&wid=200&hei=200,,1873376,187-3376,Vérifiez la disponibilité#187-3376X,Liquidation◊Mieux notés,60.33,"7,93","19,99"
346,"Miss.Mavis & Dundas, ON","Range-tout universel pour véhicule AutoTrends, noir","Range-tout universel pour véhicule AutoTrends, noir",11.93,"11,93 $",34.99,"Était±  34,99 $prix était 34,99 $",11.93,"11,93 $",11.93,"11,93 $",true,https://www.canadiantire.ca/fr/pdp/range-tout-universel-pour-vehicule-autotrends-noir-0372981p.html,https://www.canadiantire.ca/fr/pdp/range-tout-universel-pour-vehicule-autotrends-noir-0372981p.html,https://media-www.canadiantire.ca/product/automotive/car-care-accessories/auto-accessories/0372981/car-seat-organizer-514db0a1-4873-40d8-883c-016bed5a6e0a-jpgrendition.jpg?im=whresize&wid=200&hei=200,https://media-www.canadiantire.ca/product/automotive/car-care-accessories/auto-accessories/0372981/car-seat-organizer-514db0a1-4873-40d8-883c-016bed5a6e0a-jpgrendition.jpg?im=whresize&wid=200&hei=200,,0372981,037-2981-6,Il n’en reste que 2 #037-2981-6,Liquidation◊Exclusivité,65.9,"11,93","34,99"
346,"Miss.Mavis & Dundas, ON","Bande lumineuse RVB à DEL avec télécommande Merkury, 4 m","Bande lumineuse RVB à DEL avec télécommande Merkury, 4 m",9.93,"9,93 $",19.99,"Était±  19,99 $prix était 19,99 $",9.93,"9,93 $",9.93,"9,93 $",true,https://www.canadiantire.ca/fr/pdp/bande-lumineuse-rvb-a-del-avec-telecommande-merkury-4-m-0373142p.html,https://www.canadiantire.ca/fr/pdp/bande-lumineuse-rvb-a-del-avec-telecommande-merkury-4-m-0373142p.html,https://media-www.canadiantire.ca/product/automotive/car-care-accessories/auto-accessories/0373142/merkury-rgb-usb-led-strip-light-4m-with-remote-d69d963f-c94d-4f43-8f72-d869a571313b-jpgrendition.jpg?im=whresize&wid=200&hei=200,https://media-www.canadiantire.ca/product/automotive/car-care-accessories/auto-accessories/0373142/merkury-rgb-usb-led-strip-light-4m-with-remote-d69d963f-c94d-4f43-8f72-d869a571313b-jpgrendition.jpg?im=whresize&wid=200&hei=200,,0373142,037-3142-8,Il n’en reste que 5 #037-3142-8,Liquidation◊,50.33,"9,93","19,99"
346,"Miss.Mavis & Dundas, ON","Service de vaisselle fruits d'été avec panier For Living, paq. 9","Service de vaisselle fruits d'été avec panier For Living, paq. 9",24.93,"24,93 $",49.99,"Était±  49,99 $prix était 49,99 $",24.93,"24,93 $",24.93,"24,93 $",true,https://www.canadiantire.ca/fr/pdp/service-de-vaisselle-fruits-d-ete-avec-panier-for-living-paq-9-1592511p.html,https://www.canadiantire.ca/fr/pdp/service-de-vaisselle-fruits-d-ete-avec-panier-for-living-paq-9-1592511p.html,https://media-www.canadiantire.ca/product/seasonal-gardening/backyard-living/outdoor-living-accessories/1592511/for-living-summer-fruit-dinnerware-set-with-basket-4eb470b1-55dc-455b-9317-3e08251f8d77-jpgrendition.jpg?im=whresize&wid=200&hei=200,https://media-www.canadiantire.ca/product/seasonal-gardening/backyard-living/outdoor-living-accessories/1592511/for-living-summer-fruit-dinnerware-set-with-basket-4eb470b1-55dc-455b-9317-3e08251f8d77-jpgrendition.jpg?im=whresize&wid=200&hei=200,,1592511,159-2511-6,Il n’en reste que 3 #159-2511-6,Liquidation◊Exclusivité,50.13,"24,93","49,99"
346,"Miss.Mavis & Dundas, ON","Panier en bois rectangulaire CANVAS Sanford, noir, 15,7 x 13 x 10,6 po","Panier en bois rectangulaire CANVAS Sanford, noir, 15,7 x 13 x 10,6 po",4.93,"4,93 $",19.99,"Était±  19,99 $prix était 19,99 $",4.93,"4,93 $",4.93,"4,93 $",true,https://www.canadiantire.ca/fr/pdp/panier-en-bois-rectangulaire-canvas-sanford-noir-15-7-x-13-x-10-6-po-1429040p.html,https://www.canadiantire.ca/fr/pdp/panier-en-bois-rectangulaire-canvas-sanford-noir-15-7-x-13-x-10-6-po-1429040p.html,https://media-www.canadiantire.ca/product/living/home-decor/decor-accents/1429040/canvas-sanford-black-basket-aca436aa-94ca-42f2-b08c-189810a6ce33-jpgrendition.jpg?im=whresize&wid=200&hei=200,https://media-www.canadiantire.ca/product/living/home-decor/decor-accents/1429040/canvas-sanford-black-basket-aca436aa-94ca-42f2-b08c-189810a6ce33-jpgrendition.jpg?im=whresize&wid=200&hei=200,,1429040,142-9040-2,Il n’en reste que 3 #142-9040-2,Liquidation◊Exclusivité,75.34,"4,93","19,99"
346,"Miss.Mavis & Dundas, ON","Peinture antirouille à base d'eau Black & Decker, 3,7 L/1 gallon","Peinture antirouille à base d'eau Black & Decker, 3,7 L/1 gallon",29.93,"29,93 $",77.99,"77,99 $Était   et+ prix était à partir de 77,99 $",29.93,"29,93 $",29.93,"29,93 $",true,https://www.canadiantire.ca/fr/pdp/peinture-antirouille-a-base-d-eau-black-decker-3-7-l-1-gallon-0489545p.html,https://www.canadiantire.ca/fr/pdp/peinture-antirouille-a-base-d-eau-black-decker-3-7-l-1-gallon-0489545p.html,https://media-www.canadiantire.ca/product/fixing/paint/paints/0489545/black-and-decker-water-based-flat-black-gallon-eae0d0e2-87a5-4c58-a549-53ab6a595232-jpgrendition.jpg?im=whresize&wid=200&hei=200,https://media-www.canadiantire.ca/product/fixing/paint/paints/0489545/black-and-decker-water-based-flat-black-gallon-eae0d0e2-87a5-4c58-a549-53ab6a595232-jpgrendition.jpg?im=whresize&wid=200&hei=200,,0489545,048-9545,Vérifiez la disponibilité#048-9545X,Liquidation◊Exclusivité,61.62,"29,93","77,99"
346,"Miss.Mavis & Dundas, ON","Baguette à bulles et solution pour enfants, multicolore, 7 oz, choix variés, 3 ans et plus, pour activités estivales/jeu de pelouse","Baguette à bulles et solution pour enfants, multicolore, 7 oz, choix variés, 3 ans et plus, pour activités estivales/jeu de pelouse",0.43,"0,43 $",2.49,"Était±  2,49 $prix était 2,49 $",0.43,"0,43 $",0.43,"0,43 $",true,https://www.canadiantire.ca/fr/pdp/baguette-a-bulles-et-solution-pour-enfants-multicolore-7-oz-choix-varies-3-ans-et-plus-pour-activites-estivales-jeu-de-pelouse-0506078p.html,https://www.canadiantire.ca/fr/pdp/baguette-a-bulles-et-solution-pour-enfants-multicolore-7-oz-choix-varies-3-ans-et-plus-pour-activites-estivales-jeu-de-pelouse-0506078p.html,https://media-www.canadiantire.ca/product/seasonal-gardening/toys/seasonal-toys/0506078/7oz-bubble-wand-5e33143a-fc41-4b02-a1a2-2972fe7b2426-jpgrendition.jpg?im=whresize&wid=200&hei=200,https://media-www.canadiantire.ca/product/seasonal-gardening/toys/seasonal-toys/0506078/7oz-bubble-wand-5e33143a-fc41-4b02-a1a2-2972fe7b2426-jpgrendition.jpg?im=whresize&wid=200&hei=200,,0506078,050-6078-0,,Liquidation◊Mieux notés,82.73,"0,43","2,49"
346,"Miss.Mavis & Dundas, ON",Mini compresseur et pistolet souffleur Mastercraft,Mini compresseur et pistolet souffleur Mastercraft,49.93,"49,93 $",99.99,"Était±  99,99 $prix était 99,99 $",49.93,"49,93 $",49.93,"49,93 $",true,https://www.canadiantire.ca/fr/pdp/mini-compresseur-et-pistolet-souffleur-mastercraft-0581976p.html,https://www.canadiantire.ca/fr/pdp/mini-compresseur-et-pistolet-souffleur-mastercraft-0581976p.html,https://media-www.canadiantire.ca/product/fixing/tools/air-tools-accessories/0581976/mc-mini-air-brush-compressor-kit-0a3acdc4-3bea-4cf8-a91b-3f901acf9aa5-jpgrendition.jpg?im=whresize&wid=200&hei=200,https://media-www.canadiantire.ca/product/fixing/tools/air-tools-accessories/0581976/mc-mini-air-brush-compressor-kit-0a3acdc4-3bea-4cf8-a91b-3f901acf9aa5-jpgrendition.jpg?im=whresize&wid=200&hei=200,,0581976,058-1976-6,Il n’en reste que 2 #058-1976-6,Liquidation◊Exclusivité,50.07,"49,93","99,99"
346,"Miss.Mavis & Dundas, ON","Housses de peinture légères Handy, compactes, emballage multiple","Housses de peinture légères Handy, compactes, emballage multiple",3.93,"3,93 $",8.99,"Était±  8,99 $prix était 8,99 $",3.93,"3,93 $",3.93,"3,93 $",true,https://www.canadiantire.ca/fr/pdp/housses-de-peinture-legeres-handy-compactes-emballage-multiple-0496510p.html,https://www.canadiantire.ca/fr/pdp/housses-de-peinture-legeres-handy-compactes-emballage-multiple-0496510p.html,https://media-www.canadiantire.ca/product/fixing/paint/paint-accessories/0496510/handy-paint-covers-multi-pack-bc09d967-5bd4-45de-9dc4-d434908f136e-jpgrendition.jpg?im=whresize&wid=200&hei=200,https://media-www.canadiantire.ca/product/fixing/paint/paint-accessories/0496510/handy-paint-covers-multi-pack-bc09d967-5bd4-45de-9dc4-d434908f136e-jpgrendition.jpg?im=whresize&wid=200&hei=200,,0496510,049-6510-6,Il n’en reste que 3 #049-6510-6,Liquidation◊Mieux notés,56.28,"3,93","8,99"
346,"Miss.Mavis & Dundas, ON",Veste rafraîchissante hydrofuge aquarelle pour chiens Petco,Veste rafraîchissante hydrofuge aquarelle pour chiens Petco,9.93,"9,93 $",24.99,"24,99 $Était   et+ prix était à partir de 24,99 $",9.93,"9,93 $",9.93,"9,93 $",true,https://www.canadiantire.ca/fr/pdp/veste-rafraichissante-hydrofuge-aquarelle-pour-chiens-petco-1425930p.html,https://www.canadiantire.ca/fr/pdp/veste-rafraichissante-hydrofuge-aquarelle-pour-chiens-petco-1425930p.html,https://media-www.canadiantire.ca/product/living/pet-care/pet-accessories/1425933/petco-watercolor-cooling-vest-for-dogs-med-cb4d5afd-2fd9-4fd4-8101-2d89c3c83243-jpgrendition.jpg?im=whresize&wid=200&hei=200,https://media-www.canadiantire.ca/product/living/pet-care/pet-accessories/1425933/petco-watercolor-cooling-vest-for-dogs-med-cb4d5afd-2fd9-4fd4-8101-2d89c3c83243-jpgrendition.jpg?im=whresize&wid=200&hei=200,,1425930,142-5930,Vérifiez la disponibilité#142-5930X,Liquidation◊Exclusivité,60.26,"9,93","24,99"
346,"Miss.Mavis & Dundas, ON","Feux de gabarit à DEL à carte Hopkins Towing Solution, paq. 6, rouge","Feux de gabarit à DEL à carte Hopkins Towing Solution, paq. 6, rouge",17.93,"17,93 $",36.99,"Était±  36,99 $prix était 36,99 $",17.93,"17,93 $",17.93,"17,93 $",true,https://www.canadiantire.ca/fr/pdp/feux-de-gabarit-a-del-a-carte-hopkins-towing-solution-paq-6-rouge-0203849p.html,https://www.canadiantire.ca/fr/pdp/feux-de-gabarit-a-del-a-carte-hopkins-towing-solution-paq-6-rouge-0203849p.html,https://media-www.canadiantire.ca/product/automotive/automotive-outdoor-adventure/auto-travel-storage/0203849/6-pc-carded-led-clearance-light-red-fbc45337-d60f-4485-9f50-9d86ae2eb0a3-jpgrendition.jpg?im=whresize&wid=200&hei=200,https://media-www.canadiantire.ca/product/automotive/automotive-outdoor-adventure/auto-travel-storage/0203849/6-pc-carded-led-clearance-light-red-fbc45337-d60f-4485-9f50-9d86ae2eb0a3-jpgrendition.jpg?im=whresize&wid=200&hei=200,,0203849,020-3849-6,Il n’en reste que 2 #020-3849-6,Liquidation◊,51.53,"17,93","36,99"
346,"Miss.Mavis & Dundas, ON","Bol repliable pour chiens Petco, confetti, 3 tasses","Bol repliable pour chiens Petco, confetti, 3 tasses",8.92,"8,92 $",17.99,"Était±  17,99 $prix était 17,99 $",8.92,"8,92 $",8.92,"8,92 $",true,https://www.canadiantire.ca/fr/pdp/bol-repliable-pour-chiens-petco-confetti-3-tasses-1427483p.html,https://www.canadiantire.ca/fr/pdp/bol-repliable-pour-chiens-petco-confetti-3-tasses-1427483p.html,https://media-www.canadiantire.ca/product/living/pet-care/pet-accessories/1427483/petco-confetti-collapsible-dog-bowl-3-cups-3fe1bd2a-ee4b-44c9-818e-84f7f810cf50-jpgrendition.jpg?im=whresize&wid=200&hei=200,https://media-www.canadiantire.ca/product/living/pet-care/pet-accessories/1427483/petco-confetti-collapsible-dog-bowl-3-cups-3fe1bd2a-ee4b-44c9-818e-84f7f810cf50-jpgrendition.jpg?im=whresize&wid=200&hei=200,,1427483,142-7483-0,Il n’en reste que 1 #142-7483-0,Liquidation◊Exclusivité,50.42,"8,92","17,99"
346,"Miss.Mavis & Dundas, ON",Bouée tractable Airhead Mabel pour 1 passager,Bouée tractable Airhead Mabel pour 1 passager,119.93,"119,93 $",299.99,"Était±  299,99 $prix était 299,99 $",119.93,"119,93 $",119.93,"119,93 $",true,https://www.canadiantire.ca/fr/pdp/bouee-tractable-airhead-mabel-pour-1-passager-0797204p.html,https://www.canadiantire.ca/fr/pdp/bouee-tractable-airhead-mabel-pour-1-passager-0797204p.html,https://media-www.canadiantire.ca/product/playing/seasonal-recreation/marine-water-fun/0797204/airhead-1-person-mabel-towable-d733a432-7a54-4388-8b80-9307f6eb5d0d-jpgrendition.jpg?im=whresize&wid=200&hei=200,https://media-www.canadiantire.ca/product/playing/seasonal-recreation/marine-water-fun/0797204/airhead-1-person-mabel-towable-d733a432-7a54-4388-8b80-9307f6eb5d0d-jpgrendition.jpg?im=whresize&wid=200&hei=200,,0797204,079-7204-8,Il n’en reste que 2 #079-7204-8,Liquidation◊,60.02,"119,93","299,99"
346,"Miss.Mavis & Dundas, ON","Barre à 3 crochets CANVAS Voisin, acier inoxydable, gris silex, 18 po","Barre à 3 crochets CANVAS Voisin, acier inoxydable, gris silex, 18 po",19.93,"19,93 $",39.99,"Était±  39,99 $prix était 39,99 $",19.93,"19,93 $",19.93,"19,93 $",true,https://www.canadiantire.ca/fr/pdp/barre-a-3-crochets-canvas-voisin-acier-inoxydable-gris-silex-18-po-0465503p.html,https://www.canadiantire.ca/fr/pdp/barre-a-3-crochets-canvas-voisin-acier-inoxydable-gris-silex-18-po-0465503p.html,https://media-www.canadiantire.ca/product/living/home-decor/decor-accents/0465503/canvas-18-voisin-hook-rail-flint-grey--c7c85ebc-cecc-4918-a64e-edc9c7b7d9cf-jpgrendition.jpg?im=whresize&wid=200&hei=200,https://media-www.canadiantire.ca/product/living/home-decor/decor-accents/0465503/canvas-18-voisin-hook-rail-flint-grey--c7c85ebc-cecc-4918-a64e-edc9c7b7d9cf-jpgrendition.jpg?im=whresize&wid=200&hei=200,,0465503,046-5503-6,Il n’en reste que 1 #046-5503-6,Liquidation◊Mieux notés,50.16,"19,93","39,99"
346,"Miss.Mavis & Dundas, ON",Lampe à disque solaire à DEL réglable sur piquet d'extérieur pour jardin et allée NOMA,Lampe à disque solaire à DEL réglable sur piquet d'extérieur pour jardin et allée NOMA,9.93,"9,93 $",19.99,"Était±  19,99 $prix était 19,99 $",9.93,"9,93 $",9.93,"9,93 $",true,https://www.canadiantire.ca/fr/pdp/lampe-a-disque-solaire-a-del-reglable-sur-piquet-d-exterieur-pour-jardin-et-allee-noma-0521731p.html,https://www.canadiantire.ca/fr/pdp/lampe-a-disque-solaire-a-del-reglable-sur-piquet-d-exterieur-pour-jardin-et-allee-noma-0521731p.html,https://media-www.canadiantire.ca/product/seasonal-gardening/backyard-living/outdoor-lighting/0521731/noma-adjustable-disk-stake-light-03cf8418-472f-4720-98f1-dd4409ee1845-jpgrendition.jpg?im=whresize&wid=200&hei=200,https://media-www.canadiantire.ca/product/seasonal-gardening/backyard-living/outdoor-lighting/0521731/noma-adjustable-disk-stake-light-03cf8418-472f-4720-98f1-dd4409ee1845-jpgrendition.jpg?im=whresize&wid=200&hei=200,,0521731,052-1731-0,,Liquidation◊Mieux notés,50.33,"9,93","19,99"
346,"Miss.Mavis & Dundas, ON",Tournebroche universel pour barbecue MASTER Chef,Tournebroche universel pour barbecue MASTER Chef,34.93,"34,93 $",74.99,"Était±  74,99 $prix était 74,99 $",34.93,"34,93 $",34.93,"34,93 $",true,https://www.canadiantire.ca/fr/pdp/tournebroche-universel-pour-barbecue-master-chef-0852228p.html,https://www.canadiantire.ca/fr/pdp/tournebroche-universel-pour-barbecue-master-chef-0852228p.html,https://media-www.canadiantire.ca/product/seasonal-gardening/backyard-living/outdoor-cooking-accessories/0852228/master-chef-rotisserie-69650bd9-9170-4689-9dcb-c61a36aa2c25-jpgrendition.jpg?im=whresize&wid=200&hei=200,https://media-www.canadiantire.ca/product/seasonal-gardening/backyard-living/outdoor-cooking-accessories/0852228/master-chef-rotisserie-69650bd9-9170-4689-9dcb-c61a36aa2c25-jpgrendition.jpg?im=whresize&wid=200&hei=200,,0852228,085-2228-6,Il n’en reste que 1 #085-2228-6,Liquidation◊Exclusivité,53.42,"34,93","74,99"
346,"Miss.Mavis & Dundas, ON","Teinture à bois à base d'eau Minwax, semi-transparente, 946 mL","Teinture à bois à base d'eau Minwax, semi-transparente, 946 mL",12.93,"12,93 $",29.99,"29,99 $Était   et+ prix était à partir de 29,99 $",12.93,"12,93 $",12.93,"12,93 $",true,https://www.canadiantire.ca/fr/pdp/teinture-a-bois-a-base-d-eau-minwax-semi-transparente-946-ml-0480937p.html,https://www.canadiantire.ca/fr/pdp/teinture-a-bois-a-base-d-eau-minwax-semi-transparente-946-ml-0480937p.html,https://media-www.canadiantire.ca/product/fixing/paint/paints/0480939/minwax-water-based-semit-wood-stain-classic-gray-946ml-0461f25e-23c4-4871-b919-097a520832da-jpgrendition.jpg?im=whresize&wid=200&hei=200,https://media-www.canadiantire.ca/product/fixing/paint/paints/0480939/minwax-water-based-semit-wood-stain-classic-gray-946ml-0461f25e-23c4-4871-b919-097a520832da-jpgrendition.jpg?im=whresize&wid=200&hei=200,,0480937,048-0937,Vérifiez la disponibilité#048-0937X,Liquidation◊Mieux notés,56.89,"12,93","29,99"
346,"Miss.Mavis & Dundas, ON","La voiture de course de Spider-Man et le Bouffon vert venomisé LEGO Marvel, ensemble de jouets à assembler 227","La voiture de course de Spider-Man et le Bouffon vert venomisé LEGO Marvel, ensemble de jouets à assembler 227",19.93,"19,93 $",44.99,"Était±  44,99 $prix était 44,99 $",19.93,"19,93 $",19.93,"19,93 $",true,https://www.canadiantire.ca/fr/pdp/la-voiture-de-course-de-spider-man-et-le-bouffon-vert-venomise-lego-marvel-ensemble-de-jouets-a-assembler-227-1500877p.html,https://www.canadiantire.ca/fr/pdp/la-voiture-de-course-de-spider-man-et-le-bouffon-vert-venomise-lego-marvel-ensemble-de-jouets-a-assembler-227-1500877p.html,https://media-www.canadiantire.ca/product/seasonal-gardening/toys/preschool-toys-activities/1500877/lego-tbd-sh-2024-marvel-5-51d7b795-5e29-4699-b4dc-e0c0f46e095a-jpgrendition.jpg?im=whresize&wid=200&hei=200,https://media-www.canadiantire.ca/product/seasonal-gardening/toys/preschool-toys-activities/1500877/lego-tbd-sh-2024-marvel-5-51d7b795-5e29-4699-b4dc-e0c0f46e095a-jpgrendition.jpg?im=whresize&wid=200&hei=200,,1500877,150-0877-6,,Liquidation◊Mieux notés,55.7,"19,93","44,99"
346,"Miss.Mavis & Dundas, ON","Chargeur d'entretien de batterie MotoMaster série simple, 2 blocs, 2 A","Chargeur d'entretien de batterie MotoMaster série simple, 2 blocs, 2 A",46.93,"46,93 $",119.99,"Était±  119,99 $prix était 119,99 $",46.93,"46,93 $",46.93,"46,93 $",true,https://www.canadiantire.ca/fr/pdp/chargeur-d-entretien-de-batterie-motomaster-serie-simple-2-blocs-2-a-0111987p.html,https://www.canadiantire.ca/fr/pdp/chargeur-d-entretien-de-batterie-motomaster-serie-simple-2-blocs-2-a-0111987p.html,https://media-www.canadiantire.ca/product/automotive/light-auto-parts/auto-battery-accessories/0111987/motomaster-simple-series-2-bank-2a-battery-charger-5dc76e8c-66f9-4b51-8ffb-d9c023bac6f0-jpgrendition.jpg?im=whresize&wid=200&hei=200,https://media-www.canadiantire.ca/product/automotive/light-auto-parts/auto-battery-accessories/0111987/motomaster-simple-series-2-bank-2a-battery-charger-5dc76e8c-66f9-4b51-8ffb-d9c023bac6f0-jpgrendition.jpg?im=whresize&wid=200&hei=200,,0111987,011-1987-0,Il n’en reste que 2 #011-1987-0,Liquidation◊Mieux notés,60.89,"46,93","119,99"
346,"Miss.Mavis & Dundas, ON",Contenant de 8 tasses en résine biodégradable avec couvercle en bois Rosanna Pansino,Contenant de 8 tasses en résine biodégradable avec couvercle en bois Rosanna Pansino,7.93,"7,93 $",21.99,"Était±  21,99 $prix était 21,99 $",7.93,"7,93 $",7.93,"7,93 $",true,https://www.canadiantire.ca/fr/pdp/contenant-de-8-tasses-en-resine-biodegradable-avec-couvercle-en-bois-rosanna-pansino-1427725p.html,https://www.canadiantire.ca/fr/pdp/contenant-de-8-tasses-en-resine-biodegradable-avec-couvercle-en-bois-rosanna-pansino-1427725p.html,https://media-www.canadiantire.ca/product/living/home-organization/kitchen-organization/1427725/rosanna-pansino-bio-resin-8-cup-canister-ccfc00ce-094b-41a5-8a61-6343c1020514-jpgrendition.jpg?im=whresize&wid=200&hei=200,https://media-www.canadiantire.ca/product/living/home-organization/kitchen-organization/1427725/rosanna-pansino-bio-resin-8-cup-canister-ccfc00ce-094b-41a5-8a61-6343c1020514-jpgrendition.jpg?im=whresize&wid=200&hei=200,,1427725,142-7725-6,17 En Stock#142-7725-6,Liquidation◊Mieux notés,63.94,"7,93","21,99"
346,"Miss.Mavis & Dundas, ON","Plafonnier suspendu à 5 lampes abat-jour en verre transparent CANVAS Sienna, métal bronze","Plafonnier suspendu à 5 lampes abat-jour en verre transparent CANVAS Sienna, métal bronze",49.93,"49,93 $",289.99,"Était±  289,99 $prix était 289,99 $",49.93,"49,93 $",49.93,"49,93 $",true,https://www.canadiantire.ca/fr/pdp/plafonnier-suspendu-a-5-lampes-abat-jour-en-verre-transparent-canvas-sienna-metal-bronze-0521419p.html,https://www.canadiantire.ca/fr/pdp/plafonnier-suspendu-a-5-lampes-abat-jour-en-verre-transparent-canvas-sienna-metal-bronze-0521419p.html,https://media-www.canadiantire.ca/product/living/home-decor/lighting/0521419/canvas-sienna-pendant-093355c1-775c-4e56-89eb-d416a187a71d-jpgrendition.jpg?im=whresize&wid=200&hei=200,https://media-www.canadiantire.ca/product/living/home-decor/lighting/0521419/canvas-sienna-pendant-093355c1-775c-4e56-89eb-d416a187a71d-jpgrendition.jpg?im=whresize&wid=200&hei=200,,0521419,052-1419-6,Il n’en reste que 1 #052-1419-6,Liquidation◊Exclusivité,82.78,"49,93","289,99"
346,"Miss.Mavis & Dundas, ON","Balle de tir truqué super rebondissante Aerobie Sonic, pour jouer à l'extérieur, 8 ans et plus","Balle de tir truqué super rebondissante Aerobie Sonic, pour jouer à l'extérieur, 8 ans et plus",4.93,"4,93 $",11.99,"Était±  11,99 $prix était 11,99 $",4.93,"4,93 $",4.93,"4,93 $",true,https://www.canadiantire.ca/fr/pdp/balle-de-tir-truque-super-rebondissante-aerobie-sonic-pour-jouer-a-l-exterieur-8-ans-et-plus-0509710p.html,https://www.canadiantire.ca/fr/pdp/balle-de-tir-truque-super-rebondissante-aerobie-sonic-pour-jouer-a-l-exterieur-8-ans-et-plus-0509710p.html,https://media-www.canadiantire.ca/product/seasonal-gardening/toys/seasonal-toys/0509710/aerobie-super-bounce-ball-0577bffd-1c36-4536-adb6-e671364c3cc9-jpgrendition.jpg?im=whresize&wid=200&hei=200,https://media-www.canadiantire.ca/product/seasonal-gardening/toys/seasonal-toys/0509710/aerobie-super-bounce-ball-0577bffd-1c36-4536-adb6-e671364c3cc9-jpgrendition.jpg?im=whresize&wid=200&hei=200,,0509710,050-9710-6,,Liquidation◊Mieux notés,58.88,"4,93","11,99"
346,"Miss.Mavis & Dundas, ON","Coupes de champagne réutilisables en plastique, paq. de fête, transparent, 4 oz, paq. 32, pour Noël/Action de grâces/réveillon/fête d'anniversaire","Coupes de champagne réutilisables en plastique, paq. de fête, transparent, 4 oz, paq. 32, pour Noël/Action de grâces/réveillon/fête d'anniversaire",6.93,"6,93 $",16.99,"Était±  16,99 $prix était 16,99 $",6.93,"6,93 $",6.93,"6,93 $",true,https://www.canadiantire.ca/fr/pdp/coupes-de-champagne-reutilisables-en-plastique-paq-de-fete-transparent-4-oz-paq-32-pour-noel-action-de-graces-reveillon-fete-d-anniversaire-8422344p.html,https://www.canadiantire.ca/fr/pdp/coupes-de-champagne-reutilisables-en-plastique-paq-de-fete-transparent-4-oz-paq-32-pour-noel-action-de-graces-reveillon-fete-d-anniversaire-8422344p.html,https://media-www.partycity.ca/product/seasonal-gardening/party-city-everyday/party-city-dining-entertaining/8422344/32ct-4oz-clr-champagne-plstc-183fbd0c-a2df-42e5-a6ef-3980d9092ec9-jpgrendition.jpg?im=whresize&wid=200&hei=200,https://media-www.partycity.ca/product/seasonal-gardening/party-city-everyday/party-city-dining-entertaining/8422344/32ct-4oz-clr-champagne-plstc-183fbd0c-a2df-42e5-a6ef-3980d9092ec9-jpgrendition.jpg?im=whresize&wid=200&hei=200,,8422344,842-2344-6,8 En Stock#842-2344-6,Liquidation◊Mieux notés,59.21,"6,93","16,99"
346,"Miss.Mavis & Dundas, ON","Laisse réfléchissante pour chiens Petco, 5 pi, rose","Laisse réfléchissante pour chiens Petco, 5 pi, rose",14.92,"14,92 $",29.99,"Était±  29,99 $prix était 29,99 $",14.92,"14,92 $",14.92,"14,92 $",true,https://www.canadiantire.ca/fr/pdp/laisse-reflechissante-pour-chiens-petco-5-pi-rose-1427531p.html,https://www.canadiantire.ca/fr/pdp/laisse-reflechissante-pour-chiens-petco-5-pi-rose-1427531p.html,https://media-www.canadiantire.ca/product/living/pet-care/pet-accessories/1427531/petco-5-16-pk-reflective-dog-leash-5-ft--ec2c959a-d460-4bba-81d7-b5f99d53b7fa-jpgrendition.jpg?im=whresize&wid=200&hei=200,https://media-www.canadiantire.ca/product/living/pet-care/pet-accessories/1427531/petco-5-16-pk-reflective-dog-leash-5-ft--ec2c959a-d460-4bba-81d7-b5f99d53b7fa-jpgrendition.jpg?im=whresize&wid=200&hei=200,,1427531,142-7531-6,Il n’en reste que 1 #142-7531-6,Liquidation◊Mieux notés,50.25,"14,92","29,99"
346,"Miss.Mavis & Dundas, ON","Tuba, masque et ailette Speedo pour adulte","Tuba, masque et ailette Speedo pour adulte",44.93,"44,93 $",89.99,"Était±  89,99 $prix était 89,99 $",44.93,"44,93 $",44.93,"44,93 $",true,https://www.canadiantire.ca/fr/pdp/tuba-masque-et-ailette-speedo-pour-adulte-0810217p.html,https://www.canadiantire.ca/fr/pdp/tuba-masque-et-ailette-speedo-pour-adulte-0810217p.html,https://media-www.canadiantire.ca/product/seasonal-gardening/backyard-fun/pool-fun/0810217/speedo-adult-mask-snorkel-fin-combo-set-4ab8fe48-b2ed-46aa-b988-2eaf6fb94553-jpgrendition.jpg?im=whresize&wid=200&hei=200,https://media-www.canadiantire.ca/product/seasonal-gardening/backyard-fun/pool-fun/0810217/speedo-adult-mask-snorkel-fin-combo-set-4ab8fe48-b2ed-46aa-b988-2eaf6fb94553-jpgrendition.jpg?im=whresize&wid=200&hei=200,,0810217,081-0217-2,Il n’en reste que 1 #081-0217-2,Liquidation◊Exclusivité,50.07,"44,93","89,99"
346,"Miss.Mavis & Dundas, ON","iRobot® Roomba® i1+ - Aspirateur robot, avec décharge automatique, Wi-Fi","iRobot® Roomba® i1+ - Aspirateur robot, avec décharge automatique, Wi-Fi",299.93,"299,93 $",599.99,"Était±  599,99 $prix était 599,99 $",299.93,"299,93 $",299.93,"299,93 $",true,https://www.canadiantire.ca/fr/pdp/irobot-roomba-i1-aspirateur-robot-avec-decharge-automatique-wi-fi-0438800p.html,https://www.canadiantire.ca/fr/pdp/irobot-roomba-i1-aspirateur-robot-avec-decharge-automatique-wi-fi-0438800p.html,https://media-www.canadiantire.ca/product/living/cleaning/vacuums-and-floorcare/0438800/irobot-roomba-i1-robot-vacuum-with-dirt-disposal-wi-fi-5b6f0bf3-6473-405a-851f-a4ad26167cb5-jpgrendition.jpg?im=whresize&wid=200&hei=200,https://media-www.canadiantire.ca/product/living/cleaning/vacuums-and-floorcare/0438800/irobot-roomba-i1-robot-vacuum-with-dirt-disposal-wi-fi-5b6f0bf3-6473-405a-851f-a4ad26167cb5-jpgrendition.jpg?im=whresize&wid=200&hei=200,,0438800,043-8800-6,Il n’en reste que 1 #043-8800-6,Liquidation◊,50.01,"299,93","599,99"
346,"Miss.Mavis & Dundas, ON","Cuillers tournantes pour grosses prises Danielson, paq. 6","Cuillers tournantes pour grosses prises Danielson, paq. 6",8.93,"8,93 $",19.99,"Était±  19,99 $prix était 19,99 $",8.93,"8,93 $",8.93,"8,93 $",true,https://www.canadiantire.ca/fr/pdp/cuillers-tournantes-pour-grosses-prises-danielson-paq-6-0784135p.html,https://www.canadiantire.ca/fr/pdp/cuillers-tournantes-pour-grosses-prises-danielson-paq-6-0784135p.html,https://media-www.canadiantire.ca/product/playing/fishing/fishing-lures/0784135/danielson-big-game-spinner-kit-6-pack-1651d406-da47-4946-9e54-dfa4e02dfeed-jpgrendition.jpg?im=whresize&wid=200&hei=200,https://media-www.canadiantire.ca/product/playing/fishing/fishing-lures/0784135/danielson-big-game-spinner-kit-6-pack-1651d406-da47-4946-9e54-dfa4e02dfeed-jpgrendition.jpg?im=whresize&wid=200&hei=200,,0784135,078-4135-2,Il n’en reste que 1 #078-4135-2,Liquidation◊Articles à succès,55.33,"8,93","19,99"
346,"Miss.Mavis & Dundas, ON","Camionnette de collection Liberty Classics 2025 CTC Studebaker 1916, 14 ans et plus","Camionnette de collection Liberty Classics 2025 CTC Studebaker 1916, 14 ans et plus",19.93,"19,93 $",39.99,"Était±  39,99 $prix était 39,99 $",19.93,"19,93 $",19.93,"19,93 $",true,https://www.canadiantire.ca/fr/pdp/camionnette-de-collection-liberty-classics-2025-ctc-studebaker-1916-14-ans-et-plus-1502342p.html,https://www.canadiantire.ca/fr/pdp/camionnette-de-collection-liberty-classics-2025-ctc-studebaker-1916-14-ans-et-plus-1502342p.html,https://media-www.canadiantire.ca/product/seasonal-gardening/toys/toys-games/1502342/2025-ctc-collector-vehicle-dc7b0f36-8468-454c-954a-60bff754de37-jpgrendition.jpg?im=whresize&wid=200&hei=200,https://media-www.canadiantire.ca/product/seasonal-gardening/toys/toys-games/1502342/2025-ctc-collector-vehicle-dc7b0f36-8468-454c-954a-60bff754de37-jpgrendition.jpg?im=whresize&wid=200&hei=200,,1502342,150-2342-6,,Liquidation◊Mieux notés,50.16,"19,93","39,99"
346,"Miss.Mavis & Dundas, ON","Casque de motoneige Origine Novelus, jeunes, choix de tailles","Casque de motoneige Origine Novelus, jeunes, choix de tailles",63.93,"63,93 $",154.99,"154,99 $Était   et+ prix était à partir de 154,99 $",63.93,"63,93 $",63.93,"63,93 $",true,https://www.canadiantire.ca/fr/pdp/casque-de-motoneige-origine-novelus-jeunes-choix-de-tailles-0261220p.html,https://www.canadiantire.ca/fr/pdp/casque-de-motoneige-origine-novelus-jeunes-choix-de-tailles-0261220p.html,https://media-www.canadiantire.ca/product/automotive/automotive-outdoor-adventure/powersport/0261220/origine-novelus-youth-helmet-small-a03f1098-eddd-453c-901a-bbd1acb09436-jpgrendition.jpg?im=whresize&wid=200&hei=200,https://media-www.canadiantire.ca/product/automotive/automotive-outdoor-adventure/powersport/0261220/origine-novelus-youth-helmet-small-a03f1098-eddd-453c-901a-bbd1acb09436-jpgrendition.jpg?im=whresize&wid=200&hei=200,,0261220,026-1220,Vérifiez la disponibilité#026-1220X,Liquidation◊Exclusivité,58.75,"63,93","154,99"
346,"Miss.Mavis & Dundas, ON","Emballage multiple de fournitures alimentaires d'urgence Wise Company, 60 portions","Emballage multiple de fournitures alimentaires d'urgence Wise Company, 60 portions",134.93,"134,93 $",399.99,"Était±  399,99 $prix était 399,99 $",134.93,"134,93 $",134.93,"134,93 $",true,https://www.canadiantire.ca/fr/pdp/emballage-multiple-de-fournitures-alimentaires-d-urgence-wise-company-60-portions-0763614p.html,https://www.canadiantire.ca/fr/pdp/emballage-multiple-de-fournitures-alimentaires-d-urgence-wise-company-60-portions-0763614p.html,https://media-www.canadiantire.ca/product/playing/camping/camping-living/0763614/wise-60-serving-survival-bucket-d14d5f4a-6ffe-46f4-9407-1b362a082ca6-jpgrendition.jpg?im=whresize&wid=200&hei=200,https://media-www.canadiantire.ca/product/playing/camping/camping-living/0763614/wise-60-serving-survival-bucket-d14d5f4a-6ffe-46f4-9407-1b362a082ca6-jpgrendition.jpg?im=whresize&wid=200&hei=200,,0763614,076-3614-2,Il n’en reste que 1 #076-3614-2,Liquidation◊,66.27,"134,93","399,99"
346,"Miss.Mavis & Dundas, ON",Barre d'identification à DEL Optronics pour remorques larges,Barre d'identification à DEL Optronics pour remorques larges,16.93,"16,93 $",34.99,"Était±  34,99 $prix était 34,99 $",16.93,"16,93 $",16.93,"16,93 $",true,https://www.canadiantire.ca/fr/pdp/barre-d-identification-a-del-optronics-pour-remorques-larges-0203426p.html,https://www.canadiantire.ca/fr/pdp/barre-d-identification-a-del-optronics-pour-remorques-larges-0203426p.html,https://media-www.canadiantire.ca/product/automotive/automotive-outdoor-adventure/auto-travel-storage/0203426/led-id-bar-over-under-80-red-79947496-af18-4ecc-9282-f2c394271a26-jpgrendition.jpg?im=whresize&wid=200&hei=200,https://media-www.canadiantire.ca/product/automotive/automotive-outdoor-adventure/auto-travel-storage/0203426/led-id-bar-over-under-80-red-79947496-af18-4ecc-9282-f2c394271a26-jpgrendition.jpg?im=whresize&wid=200&hei=200,,0203426,020-3426-2,Il n’en reste que 2 #020-3426-2,Liquidation◊Mieux notés,51.61,"16,93","34,99"
346,"Miss.Mavis & Dundas, ON","Balle distributrice de gâteries Petco, choix de couleurs","Balle distributrice de gâteries Petco, choix de couleurs",4.93,"4,93 $",9.99,"Était±  9,99 $prix était 9,99 $",4.93,"4,93 $",4.93,"4,93 $",true,https://www.canadiantire.ca/fr/pdp/balle-distributrice-de-gateries-petco-choix-de-couleurs-2420946p.html,https://www.canadiantire.ca/fr/pdp/balle-distributrice-de-gateries-petco-choix-de-couleurs-2420946p.html,https://media-www.canadiantire.ca/product/living/pet-care/pet-accessories/2420946/petco-treat-dispensing-ball-assorted-colors-e927ef2d-30a9-40ba-a399-d690d75802da-jpgrendition.jpg?im=whresize&wid=200&hei=200,https://media-www.canadiantire.ca/product/living/pet-care/pet-accessories/2420946/petco-treat-dispensing-ball-assorted-colors-e927ef2d-30a9-40ba-a399-d690d75802da-jpgrendition.jpg?im=whresize&wid=200&hei=200,,2420946,242-0946-4,,Liquidation◊Mieux notés,50.65,"4,93","9,99"
346,"Miss.Mavis & Dundas, ON","Moule à pain antiadhésif Lagostina Diamond, 9 po","Moule à pain antiadhésif Lagostina Diamond, 9 po",16.93,"16,93 $",37.99,"Était±  37,99 $prix était 37,99 $",16.93,"16,93 $",16.93,"16,93 $",true,https://www.canadiantire.ca/fr/pdp/moule-a-pain-antiadhesif-lagostina-diamond-9-po-1422648p.html,https://www.canadiantire.ca/fr/pdp/moule-a-pain-antiadhesif-lagostina-diamond-9-po-1422648p.html,https://media-www.canadiantire.ca/product/living/kitchen/bakeware-baking-prep/1422648/lagostina-9-diamond-loaf-pan-5b1c9a18-d817-4dc2-839c-2b9632571d64-jpgrendition.jpg?im=whresize&wid=200&hei=200,https://media-www.canadiantire.ca/product/living/kitchen/bakeware-baking-prep/1422648/lagostina-9-diamond-loaf-pan-5b1c9a18-d817-4dc2-839c-2b9632571d64-jpgrendition.jpg?im=whresize&wid=200&hei=200,,1422648,142-2648-0,,Liquidation◊Mieux notés,55.44,"16,93","37,99"
346,"Miss.Mavis & Dundas, ON","Prise simple à boîtier étroit Leviton 05029-751 NEMA 6-15R, 15 A, 250 V, mise à la terre, qualité commerciale, ivoire","Prise simple à boîtier étroit Leviton 05029-751 NEMA 6-15R, 15 A, 250 V, mise à la terre, qualité commerciale, ivoire",3.93,"3,93 $",9.99,"Était±  9,99 $prix était 9,99 $",3.93,"3,93 $",3.93,"3,93 $",true,https://www.canadiantire.ca/fr/pdp/prise-simple-a-boitier-etroit-leviton-05029-751-nema-6-15r-15-a-250-v-mise-a-la-terre-qualite-commerciale-ivoire-0527239p.html,https://www.canadiantire.ca/fr/pdp/prise-simple-a-boitier-etroit-leviton-05029-751-nema-6-15r-15-a-250-v-mise-a-la-terre-qualite-commerciale-ivoire-0527239p.html,https://media-www.canadiantire.ca/product/fixing/electrical/rough-electrical/0527239/receptacle-special-grade-15a-b-d6972ff1-8cb2-4898-a411-2d13210a533b-jpgrendition.jpg?im=whresize&wid=200&hei=200,https://media-www.canadiantire.ca/product/fixing/electrical/rough-electrical/0527239/receptacle-special-grade-15a-b-d6972ff1-8cb2-4898-a411-2d13210a533b-jpgrendition.jpg?im=whresize&wid=200&hei=200,,0527239,052-7239-8,Il n’en reste que 3 #052-7239-8,Liquidation◊,60.66,"3,93","9,99"
346,"Miss.Mavis & Dundas, ON","Cuiller Danielson Hypocrite, 3/4 oz","Cuiller Danielson Hypocrite, 3/4 oz",2.23,"2,23 $",4.49,"4,49 $Était   et+ prix était à partir de 4,49 $",2.23,"2,23 $",2.23,"2,23 $",true,https://www.canadiantire.ca/fr/pdp/cuiller-danielson-hypocrite-3-4-oz-0786318p.html,https://www.canadiantire.ca/fr/pdp/cuiller-danielson-hypocrite-3-4-oz-0786318p.html,https://media-www.canadiantire.ca/product/playing/fishing/fishing-lures/0786318/danielson-hyprocrite-spoon-canadian-flag-3-4oz-4cdb9e42-7e46-4979-87ae-49e7d4e3525f-jpgrendition.jpg?im=whresize&wid=200&hei=200,https://media-www.canadiantire.ca/product/playing/fishing/fishing-lures/0786318/danielson-hyprocrite-spoon-canadian-flag-3-4oz-4cdb9e42-7e46-4979-87ae-49e7d4e3525f-jpgrendition.jpg?im=whresize&wid=200&hei=200,,0786318,078-2103,Vérifiez la disponibilité#078-2103X,Liquidation◊Exclusivité,50.33,"2,23","4,49"
346,"Miss.Mavis & Dundas, ON","Leurre rigide sans bavette Xcalibur, 2,5 po","Leurre rigide sans bavette Xcalibur, 2,5 po",3.93,"3,93 $",7.99,"7,99 $Était   et+ prix était à partir de 7,99 $",3.93,"3,93 $",3.93,"3,93 $",true,https://www.canadiantire.ca/fr/pdp/leurre-rigide-sans-bavette-xcalibur-2-5-po-0771245p.html,https://www.canadiantire.ca/fr/pdp/leurre-rigide-sans-bavette-xcalibur-2-5-po-0771245p.html,https://media-www.canadiantire.ca/product/playing/fishing/fishing-lures/0771250/xcalibur-xtr-lipless-crankbait-baby-bass-1-2-oz-02d4cb9e-55b7-4837-b4c0-8facf1a6d7e0-jpgrendition.jpg?im=whresize&wid=200&hei=200,https://media-www.canadiantire.ca/product/playing/fishing/fishing-lures/0771250/xcalibur-xtr-lipless-crankbait-baby-bass-1-2-oz-02d4cb9e-55b7-4837-b4c0-8facf1a6d7e0-jpgrendition.jpg?im=whresize&wid=200&hei=200,,0771245,077-1245,Vérifiez la disponibilité#077-1245X,Liquidation◊Mieux notés,50.81,"3,93","7,99"
346,"Miss.Mavis & Dundas, ON","Essuie-tout réutilisables WypAll X80 ultra robustes, bleu, paq. 160","Essuie-tout réutilisables WypAll X80 ultra robustes, bleu, paq. 160",9.93,"9,93 $",57.99,"Était±  57,99 $prix était 57,99 $",9.93,"9,93 $",9.93,"9,93 $",true,https://www.canadiantire.ca/fr/pdp/essuie-tout-reutilisables-wypall-x80-ultra-robustes-bleu-paq-160-0397042p.html,https://www.canadiantire.ca/fr/pdp/essuie-tout-reutilisables-wypall-x80-ultra-robustes-bleu-paq-160-0397042p.html,https://media-www.canadiantire.ca/product/automotive/car-care-accessories/auto-cleaning-tools/0397042/wypall-x80-maximum-duty-reusable-cloth-160pc-a9631424-6a9e-47b3-a1c4-41bb418cfafc-jpgrendition.jpg?im=whresize&wid=200&hei=200,https://media-www.canadiantire.ca/product/automotive/car-care-accessories/auto-cleaning-tools/0397042/wypall-x80-maximum-duty-reusable-cloth-160pc-a9631424-6a9e-47b3-a1c4-41bb418cfafc-jpgrendition.jpg?im=whresize&wid=200&hei=200,,0397042,039-7042-8,,Liquidation◊Mieux notés,82.88,"9,93","57,99"
346,"Miss.Mavis & Dundas, ON","Miroir de salle de bain/meuble-lavabo rond, See Me One-Side Umbra, avec effet grossissant","Miroir de salle de bain/meuble-lavabo rond, See Me One-Side Umbra, avec effet grossissant",14.93,"14,93 $",32.99,"Était±  32,99 $prix était 32,99 $",14.93,"14,93 $",14.93,"14,93 $",true,https://www.canadiantire.ca/fr/pdp/miroir-de-salle-de-bain-meuble-lavabo-rond-see-me-one-side-umbra-avec-effet-grossissant-0636279p.html,https://www.canadiantire.ca/fr/pdp/miroir-de-salle-de-bain-meuble-lavabo-rond-see-me-one-side-umbra-avec-effet-grossissant-0636279p.html,https://media-www.canadiantire.ca/product/living/home-decor/bed-bath-decor/0636279/umbra-see-me-mirror-white-1442f57d-c97c-4f20-880a-613201e6275a-jpgrendition.jpg?im=whresize&wid=200&hei=200,https://media-www.canadiantire.ca/product/living/home-decor/bed-bath-decor/0636279/umbra-see-me-mirror-white-1442f57d-c97c-4f20-880a-613201e6275a-jpgrendition.jpg?im=whresize&wid=200&hei=200,,0636279,063-6279-2,Il n’en reste que 1 #063-6279-2,Liquidation◊Mieux notés,54.74,"14,93","32,99"
346,"Miss.Mavis & Dundas, ON","Barre lumineuse et projecteur à DEL Alpena TREKTECMC D22P, 6 300 lumens","Barre lumineuse et projecteur à DEL Alpena TREKTECMC D22P, 6 300 lumens",54.93,"54,93 $",199.99,"Était±  199,99 $prix était 199,99 $",54.93,"54,93 $",54.93,"54,93 $",true,https://www.canadiantire.ca/fr/pdp/barre-lumineuse-et-projecteur-a-del-alpena-trektec-sup-mc-sup-d22p-6-300-lumens-0203535p.html,https://www.canadiantire.ca/fr/pdp/barre-lumineuse-et-projecteur-a-del-alpena-trektec-sup-mc-sup-d22p-6-300-lumens-0203535p.html,https://media-www.canadiantire.ca/product/automotive/automotive-outdoor-adventure/auto-travel-storage/0203535/alpena-trektec-d22p-led-light-bar-8000-lumens-ecc19f5a-e30d-4a87-8e83-0cdade367b06-jpgrendition.jpg?im=whresize&wid=200&hei=200,https://media-www.canadiantire.ca/product/automotive/automotive-outdoor-adventure/auto-travel-storage/0203535/alpena-trektec-d22p-led-light-bar-8000-lumens-ecc19f5a-e30d-4a87-8e83-0cdade367b06-jpgrendition.jpg?im=whresize&wid=200&hei=200,,0203535,020-3535-2,Il n’en reste que 1 #020-3535-2,Liquidation◊Mieux notés,72.53,"54,93","199,99"
346,"Miss.Mavis & Dundas, ON","Forets pour perceuse-tournevis plaqués au titane Mastercraft, paq. 304","Forets pour perceuse-tournevis plaqués au titane Mastercraft, paq. 304",99.93,"99,93 $",199.99,"Était±  199,99 $prix était 199,99 $",99.93,"99,93 $",99.93,"99,93 $",true,https://www.canadiantire.ca/fr/pdp/forets-pour-perceuse-tournevis-plaques-au-titane-mastercraft-paq-304-0542375p.html,https://www.canadiantire.ca/fr/pdp/forets-pour-perceuse-tournevis-plaques-au-titane-mastercraft-paq-304-0542375p.html,https://media-www.canadiantire.ca/product/fixing/tools/power-tool-accessories/0542375/mastercraft-304-piece-drill-drive-bit-set-18bc491c-53ad-4527-bd4f-af93162fffb3-jpgrendition.jpg?im=whresize&wid=200&hei=200,https://media-www.canadiantire.ca/product/fixing/tools/power-tool-accessories/0542375/mastercraft-304-piece-drill-drive-bit-set-18bc491c-53ad-4527-bd4f-af93162fffb3-jpgrendition.jpg?im=whresize&wid=200&hei=200,,0542375,054-2375-8,17 En Stock#054-2375-8,Liquidation◊Mieux notés,50.03,"99,93","199,99"
346,"Miss.Mavis & Dundas, ON","Ballon en aluminium satiné, mot-clic, choix de couleurs, 11 x 13 po, gonflé d'air, pour anniversaire/remise de diplômes/fête prénatale/mariage de finissants","Ballon en aluminium satiné, mot-clic, choix de couleurs, 11 x 13 po, gonflé d'air, pour anniversaire/remise de diplômes/fête prénatale/mariage de finissants",0.43,"0,43 $",2.99,"2,99 $Était   et+ prix était à partir de 2,99 $",0.43,"0,43 $",0.43,"0,43 $",true,https://www.canadiantire.ca/fr/pdp/ballon-en-aluminium-satine-mot-clic-choix-de-couleurs-11-x-13-po-gonfle-d-air-pour-anniversaire-remise-de-diplomes-fete-prenatale-mariage-de-finissants-8423769p.html,https://www.canadiantire.ca/fr/pdp/ballon-en-aluminium-satine-mot-clic-choix-de-couleurs-11-x-13-po-gonfle-d-air-pour-anniversaire-remise-de-diplomes-fete-prenatale-mariage-de-finissants-8423769p.html,https://media-www.partycity.ca/product/seasonal-gardening/party-city-everyday/party-city-party-supplies-decor/8423769/gld-blln-a-f-h-33e504c5-7490-49a3-8ce8-85ae031223a3-jpgrendition.jpg?im=whresize&wid=200&hei=200,https://media-www.partycity.ca/product/seasonal-gardening/party-city-everyday/party-city-party-supplies-decor/8423769/gld-blln-a-f-h-33e504c5-7490-49a3-8ce8-85ae031223a3-jpgrendition.jpg?im=whresize&wid=200&hei=200,,8423769,842-3769,Vérifiez la disponibilité#842-3769X,Liquidation◊,85.62,"0,43","2,99"
346,"Miss.Mavis & Dundas, ON",Interrupteur pour ventilateur de plafond à 3 vitesses Atron Electro Industries FA86 avec chaînette perlée,Interrupteur pour ventilateur de plafond à 3 vitesses Atron Electro Industries FA86 avec chaînette perlée,1.93,"1,93 $",4.79,"Était±  4,79 $prix était 4,79 $",1.93,"1,93 $",1.93,"1,93 $",true,https://www.canadiantire.ca/fr/pdp/interrupteur-pour-ventilateur-de-plafond-a-3-vitesses-atron-electro-industries-fa86-avec-chainette-perlee-0522880p.html,https://www.canadiantire.ca/fr/pdp/interrupteur-pour-ventilateur-de-plafond-a-3-vitesses-atron-electro-industries-fa86-avec-chainette-perlee-0522880p.html,undefined,undefined,,0522880,052-2880-8,Il n’en reste que 2 #052-2880-8,Liquidation◊,59.71,"1,93","4,79"
346,"Miss.Mavis & Dundas, ON","Câble de calibre 16/18 à 4 fils collés Hopkins Towing Solution, 25 pi","Câble de calibre 16/18 à 4 fils collés Hopkins Towing Solution, 25 pi",12.93,"12,93 $",28.99,"Était±  28,99 $prix était 28,99 $",12.93,"12,93 $",12.93,"12,93 $",true,https://www.canadiantire.ca/fr/pdp/cable-de-calibre-16-18-a-4-fils-colles-hopkins-towing-solution-25-pi-0409688p.html,https://www.canadiantire.ca/fr/pdp/cable-de-calibre-16-18-a-4-fils-colles-hopkins-towing-solution-25-pi-0409688p.html,https://media-www.canadiantire.ca/product/automotive/automotive-outdoor-adventure/auto-travel-storage/0409688/16-18-gauge-4-wire-bonded-25-feet--28069adb-8aeb-493a-b752-07c156b5dd49-jpgrendition.jpg?im=whresize&wid=200&hei=200,https://media-www.canadiantire.ca/product/automotive/automotive-outdoor-adventure/auto-travel-storage/0409688/16-18-gauge-4-wire-bonded-25-feet--28069adb-8aeb-493a-b752-07c156b5dd49-jpgrendition.jpg?im=whresize&wid=200&hei=200,,0409688,040-9688-4,Il n’en reste que 1 #040-9688-4,Liquidation◊Mieux notés,55.4,"12,93","28,99"
346,"Miss.Mavis & Dundas, ON","Ballon en aluminium satiné lettres attachées Celebrate, arc-en-ciel, 59 x 20 po, gonflé d'air, pour fiançailles/mariage/anniversaire","Ballon en aluminium satiné lettres attachées Celebrate, arc-en-ciel, 59 x 20 po, gonflé d'air, pour fiançailles/mariage/anniversaire",6.93,"6,93 $",13.99,"13,99 $Était   et+ prix était à partir de 13,99 $",6.93,"6,93 $",6.93,"6,93 $",true,https://www.canadiantire.ca/fr/pdp/ballon-en-aluminium-satine-lettres-attachees-celebrate-arc-en-ciel-59-x-20-po-gonfle-d-air-pour-fiancailles-mariage-anniversaire-8423834p.html,https://www.canadiantire.ca/fr/pdp/ballon-en-aluminium-satine-lettres-attachees-celebrate-arc-en-ciel-59-x-20-po-gonfle-d-air-pour-fiancailles-mariage-anniversaire-8423834p.html,https://media-www.partycity.ca/product/seasonal-gardening/party-city-everyday/party-city-party-supplies-decor/8423834/rnbw-splash-blln-block-celbrt-c721fccc-bb91-4106-9474-b5fb109a1347-jpgrendition.jpg?im=whresize&wid=200&hei=200,https://media-www.partycity.ca/product/seasonal-gardening/party-city-everyday/party-city-party-supplies-decor/8423834/rnbw-splash-blln-block-celbrt-c721fccc-bb91-4106-9474-b5fb109a1347-jpgrendition.jpg?im=whresize&wid=200&hei=200,,8423834,842-3834-4,Il n’en reste que 4 #842-3834-4,Liquidation◊,50.46,"6,93","13,99"
346,"Miss.Mavis & Dundas, ON","Banderole de célébration, Happy Birthday, étincelante en plastique","Banderole de célébration, Happy Birthday, étincelante en plastique",4.93,"4,93 $",14.99,"Était±  14,99 $prix était 14,99 $",4.93,"4,93 $",4.93,"4,93 $",true,https://www.canadiantire.ca/fr/pdp/banderole-de-celebration-happy-birthday-etincelante-en-plastique-8420200p.html,https://www.canadiantire.ca/fr/pdp/banderole-de-celebration-happy-birthday-etincelante-en-plastique-8420200p.html,https://media-www.partycity.ca/product/seasonal-gardening/party-city-everyday/party-city-party-supplies-decor/8420200/sparkling-celebration-happy-birthday-banner-kit-5130318b-9e12-485c-84e4-31be5f4a923e-jpgrendition.jpg?im=whresize&wid=200&hei=200,https://media-www.partycity.ca/product/seasonal-gardening/party-city-everyday/party-city-party-supplies-decor/8420200/sparkling-celebration-happy-birthday-banner-kit-5130318b-9e12-485c-84e4-31be5f4a923e-jpgrendition.jpg?im=whresize&wid=200&hei=200,,8420200,842-0200-0,Il n’en reste que 7 #842-0200-0,Liquidation◊Mieux notés,67.11,"4,93","14,99"
346,"Miss.Mavis & Dundas, ON","Gobelets en plastique farouche, sans faille et fabuleuse, rose, 9 oz, paq. 30","Gobelets en plastique farouche, sans faille et fabuleuse, rose, 9 oz, paq. 30",4.93,"4,93 $",13.99,"Était±  13,99 $prix était 13,99 $",4.93,"4,93 $",4.93,"4,93 $",true,https://www.canadiantire.ca/fr/pdp/gobelets-en-plastique-farouche-sans-faille-et-fabuleuse-rose-9-oz-paq-30-8420323p.html,https://www.canadiantire.ca/fr/pdp/gobelets-en-plastique-farouche-sans-faille-et-fabuleuse-rose-9-oz-paq-30-8420323p.html,https://media-www.partycity.ca/product/seasonal-gardening/party-city-everyday/party-city-party-supplies-decor/8420323/fierce-fabulous-pink-plastic-cups-30ct-f76eefbe-7e98-4487-b9ca-d07fee8c7b16-jpgrendition.jpg?im=whresize&wid=200&hei=200,https://media-www.partycity.ca/product/seasonal-gardening/party-city-everyday/party-city-party-supplies-decor/8420323/fierce-fabulous-pink-plastic-cups-30ct-f76eefbe-7e98-4487-b9ca-d07fee8c7b16-jpgrendition.jpg?im=whresize&wid=200&hei=200,,8420323,842-0323-8,Il n’en reste que 4 #842-0323-8,Liquidation◊Mieux notés,64.76,"4,93","13,99"
346,"Miss.Mavis & Dundas, ON","Tiges de siège pour bateau en aluminium brossé Lock ’N-Pin, avec poteau de siège, 11 po","Tiges de siège pour bateau en aluminium brossé Lock ’N-Pin, avec poteau de siège, 11 po",10.43,"10,43 $",29.99,"Était±  29,99 $prix était 29,99 $",10.43,"10,43 $",10.43,"10,43 $",true,https://www.canadiantire.ca/fr/pdp/tiges-de-siege-pour-bateau-en-aluminium-brosse-lock-n-pin-avec-poteau-de-siege-11-po-0794406p.html,https://www.canadiantire.ca/fr/pdp/tiges-de-siege-pour-bateau-en-aluminium-brosse-lock-n-pin-avec-poteau-de-siege-11-po-0794406p.html,https://media-www.canadiantire.ca/product/playing/seasonal-recreation/marine-power-boating/0794406/seat-post-889a9bb6-1fba-49b5-ad32-53f39a3d3565-jpgrendition.jpg?im=whresize&wid=200&hei=200,https://media-www.canadiantire.ca/product/playing/seasonal-recreation/marine-power-boating/0794406/seat-post-889a9bb6-1fba-49b5-ad32-53f39a3d3565-jpgrendition.jpg?im=whresize&wid=200&hei=200,,0794406,079-4406-6,Il n’en reste que 1 #079-4406-6,Liquidation◊Exclusivité,65.22,"10,43","29,99"
346,"Miss.Mavis & Dundas, ON","Récepteur stéréo numérique pour l'auto de Sondpex, Bluetooth, radio AM/FM, entrées auxiliaires","Récepteur stéréo numérique pour l'auto de Sondpex, Bluetooth, radio AM/FM, entrées auxiliaires",27.93,"27,93 $",159.99,"Était±  159,99 $prix était 159,99 $",27.93,"27,93 $",27.93,"27,93 $",true,https://www.canadiantire.ca/fr/pdp/recepteur-stereo-numerique-pour-l-auto-de-sondpex-bluetooth-radio-am-fm-entrees-auxiliaires-0355400p.html,https://www.canadiantire.ca/fr/pdp/recepteur-stereo-numerique-pour-l-auto-de-sondpex-bluetooth-radio-am-fm-entrees-auxiliaires-0355400p.html,https://media-www.canadiantire.ca/product/automotive/car-care-accessories/auto-electronics/0355400/sondpex-car-stereo-bundle-f539f524-6166-4d59-84f4-016fa124be54-jpgrendition.jpg?im=whresize&wid=200&hei=200,https://media-www.canadiantire.ca/product/automotive/car-care-accessories/auto-electronics/0355400/sondpex-car-stereo-bundle-f539f524-6166-4d59-84f4-016fa124be54-jpgrendition.jpg?im=whresize&wid=200&hei=200,,0355400,035-5400-6,Il n’en reste que 3 #035-5400-6,Liquidation◊,82.54,"27,93","159,99"
346,"Miss.Mavis & Dundas, ON","Ballon en aluminium satiné lettres Baby, choix de couleurs, 26 x 9 po, gonflé d'air, pour fête prénatale/dévoilement du sexe","Ballon en aluminium satiné lettres Baby, choix de couleurs, 26 x 9 po, gonflé d'air, pour fête prénatale/dévoilement du sexe",1.93,"1,93 $",8.99,"8,99 $Était   et+ prix était à partir de 8,99 $",1.93,"1,93 $",1.93,"1,93 $",true,https://www.canadiantire.ca/fr/pdp/ballon-en-aluminium-satine-lettres-baby-choix-de-couleurs-26-x-9-po-gonfle-d-air-pour-fete-prenatale-devoilement-du-sexe-8420829p.html,https://www.canadiantire.ca/fr/pdp/ballon-en-aluminium-satine-lettres-baby-choix-de-couleurs-26-x-9-po-gonfle-d-air-pour-fete-prenatale-devoilement-du-sexe-8420829p.html,https://media-www.partycity.ca/product/seasonal-gardening/party-city-everyday/party-city-party-supplies-decor/8420834/mini-gld-air-filled-blln-baby-a7f25de3-18c4-450f-a09f-1e612cb39e36-jpgrendition.jpg?im=whresize&wid=200&hei=200,https://media-www.partycity.ca/product/seasonal-gardening/party-city-everyday/party-city-party-supplies-decor/8420834/mini-gld-air-filled-blln-baby-a7f25de3-18c4-450f-a09f-1e612cb39e36-jpgrendition.jpg?im=whresize&wid=200&hei=200,,8420829,842-0829,Vérifiez la disponibilité#842-0829X,Liquidation◊Mieux notés,78.53,"1,93","8,99"
346,"Miss.Mavis & Dundas, ON",Filtre de rechange pour purificateur d’air Germ Guardian,Filtre de rechange pour purificateur d’air Germ Guardian,49.93,"49,93 $",99.99,"Était±  99,99 $prix était 99,99 $",49.93,"49,93 $",49.93,"49,93 $",true,https://www.canadiantire.ca/fr/pdp/filtre-de-rechange-pour-purificateur-d-air-germ-guardian-0430175p.html,https://www.canadiantire.ca/fr/pdp/filtre-de-rechange-pour-purificateur-d-air-germ-guardian-0430175p.html,https://media-www.canadiantire.ca/product/fixing/home-environment/home-air-quality-accessories/0430175/air-purifier-replacement-filter-449fba7b-d8ec-4d95-91f0-124aca87cc8b-jpgrendition.jpg?im=whresize&wid=200&hei=200,https://media-www.canadiantire.ca/product/fixing/home-environment/home-air-quality-accessories/0430175/air-purifier-replacement-filter-449fba7b-d8ec-4d95-91f0-124aca87cc8b-jpgrendition.jpg?im=whresize&wid=200&hei=200,,0430175,043-0175-2,Il n’en reste que 2 #043-0175-2,Liquidation◊Mieux notés,50.07,"49,93","99,99"
346,"Miss.Mavis & Dundas, ON","Luminaires encastrés à DEL CCT Trenz Lighting, 4 po, paq. 8","Luminaires encastrés à DEL CCT Trenz Lighting, 4 po, paq. 8",149.93,"149,93 $",339.99,"Était±  339,99 $prix était 339,99 $",149.93,"149,93 $",149.93,"149,93 $",true,https://www.canadiantire.ca/fr/pdp/luminaires-encastres-a-del-cct-trenz-lighting-4-po-paq-8-0528459p.html,https://www.canadiantire.ca/fr/pdp/luminaires-encastres-a-del-cct-trenz-lighting-4-po-paq-8-0528459p.html,https://media-www.canadiantire.ca/product/living/home-decor/lighting/0528459/trenz-4-led-cct-8-pack-recessed-lights-c2bcdbe3-374a-4c7b-8b28-334700bea4fb-jpgrendition.jpg?im=whresize&wid=200&hei=200,https://media-www.canadiantire.ca/product/living/home-decor/lighting/0528459/trenz-4-led-cct-8-pack-recessed-lights-c2bcdbe3-374a-4c7b-8b28-334700bea4fb-jpgrendition.jpg?im=whresize&wid=200&hei=200,,0528459,052-8459-8,Il n’en reste que 1 #052-8459-8,Liquidation◊,55.9,"149,93","339,99"
346,"Miss.Mavis & Dundas, ON","Ballon en aluminium satiné lettres Party, choix de couleurs, 33 x 9 po, gonflé d'air, pour remise de diplôme/fiançailles/anniversaire/retraite","Ballon en aluminium satiné lettres Party, choix de couleurs, 33 x 9 po, gonflé d'air, pour remise de diplôme/fiançailles/anniversaire/retraite",1.93,"1,93 $",8.99,"8,99 $Était   et+ prix était à partir de 8,99 $",1.93,"1,93 $",1.93,"1,93 $",true,https://www.canadiantire.ca/fr/pdp/ballon-en-aluminium-satine-lettres-party-choix-de-couleurs-33-x-9-po-gonfle-d-air-pour-remise-de-diplome-fiancailles-anniversaire-retraite-8420825p.html,https://www.canadiantire.ca/fr/pdp/ballon-en-aluminium-satine-lettres-party-choix-de-couleurs-33-x-9-po-gonfle-d-air-pour-remise-de-diplome-fiancailles-anniversaire-retraite-8420825p.html,https://media-www.partycity.ca/product/seasonal-gardening/party-city-everyday/party-city-party-supplies-decor/8423772/mini-gld-af-bn-p-a1859d84-05a9-4025-a1c4-cd1cd8b30680-jpgrendition.jpg?im=whresize&wid=200&hei=200,https://media-www.partycity.ca/product/seasonal-gardening/party-city-everyday/party-city-party-supplies-decor/8423772/mini-gld-af-bn-p-a1859d84-05a9-4025-a1c4-cd1cd8b30680-jpgrendition.jpg?im=whresize&wid=200&hei=200,,8420825,842-0825,Vérifiez la disponibilité#842-0825X,Liquidation◊,78.53,"1,93","8,99"
346,"Miss.Mavis & Dundas, ON","Socle de recharge sans fil Bluehive 15 W, paille, blanc","Socle de recharge sans fil Bluehive 15 W, paille, blanc",9.93,"9,93 $",49.99,"Était±  49,99 $prix était 49,99 $",9.93,"9,93 $",9.93,"9,93 $",true,https://www.canadiantire.ca/fr/pdp/socle-de-recharge-sans-fil-bluehive-15-w-paille-blanc-0355466p.html,https://www.canadiantire.ca/fr/pdp/socle-de-recharge-sans-fil-bluehive-15-w-paille-blanc-0355466p.html,https://media-www.canadiantire.ca/product/automotive/car-care-accessories/auto-electronics/0355466/bluehive-15w-wheat-straw-wireless-charging-stand-8db955af-4a34-448b-8a74-968b03784d2b-jpgrendition.jpg?im=whresize&wid=200&hei=200,https://media-www.canadiantire.ca/product/automotive/car-care-accessories/auto-electronics/0355466/bluehive-15w-wheat-straw-wireless-charging-stand-8db955af-4a34-448b-8a74-968b03784d2b-jpgrendition.jpg?im=whresize&wid=200&hei=200,,0355466,035-5466-0,Il n’en reste que 3 #035-5466-0,Liquidation◊Exclusivité,80.14,"9,93","49,99"
346,"Miss.Mavis & Dundas, ON",Leurre crapet-soleil Live Target,Leurre crapet-soleil Live Target,7.43,"7,43 $",16.99,"Était±  16,99 $prix était 16,99 $",7.43,"7,43 $",7.43,"7,43 $",true,https://www.canadiantire.ca/fr/pdp/leurre-crapet-soleil-live-target-0770120p.html,https://www.canadiantire.ca/fr/pdp/leurre-crapet-soleil-live-target-0770120p.html,undefined,undefined,,0770120,077-0120-2,Il n’en reste que 2 #077-0120-2,Liquidation◊Mieux notés,56.27,"7,43","16,99"
346,"Miss.Mavis & Dundas, ON","Lampe pour barbecue à DEL étanche flexible Coleman pour intérieur et extérieur, 24 po","Lampe pour barbecue à DEL étanche flexible Coleman pour intérieur et extérieur, 24 po",14.93,"14,93 $",37.99,"Était±  37,99 $prix était 37,99 $",14.93,"14,93 $",14.93,"14,93 $",true,https://www.canadiantire.ca/fr/pdp/lampe-pour-barbecue-a-del-etanche-flexible-coleman-pour-interieur-et-exterieur-24-po-0850104p.html,https://www.canadiantire.ca/fr/pdp/lampe-pour-barbecue-a-del-etanche-flexible-coleman-pour-interieur-et-exterieur-24-po-0850104p.html,https://media-www.canadiantire.ca/product/seasonal-gardening/backyard-living/outdoor-cooking-accessories/0850104/coleman-led-grill-light-82696736-2f18-4855-b741-82cae9c58a51-jpgrendition.jpg?im=whresize&wid=200&hei=200,https://media-www.canadiantire.ca/product/seasonal-gardening/backyard-living/outdoor-cooking-accessories/0850104/coleman-led-grill-light-82696736-2f18-4855-b741-82cae9c58a51-jpgrendition.jpg?im=whresize&wid=200&hei=200,,0850104,085-0104-2,103 En Stock#085-0104-2,Liquidation◊Mieux notés,60.7,"14,93","37,99"
346,"Miss.Mavis & Dundas, ON","Crochet/support pour jardinière murale en bambou Panacea, 12 po, havane","Crochet/support pour jardinière murale en bambou Panacea, 12 po, havane",6.93,"6,93 $",14.99,"Était±  14,99 $prix était 14,99 $",6.93,"6,93 $",6.93,"6,93 $",true,https://www.canadiantire.ca/fr/pdp/crochet-support-pour-jardiniere-murale-en-bambou-panacea-12-po-havane-1591652p.html,https://www.canadiantire.ca/fr/pdp/crochet-support-pour-jardiniere-murale-en-bambou-panacea-12-po-havane-1591652p.html,https://media-www.canadiantire.ca/product/seasonal-gardening/gardening/gardening-plant-accessories/1591652/12-bentwood-bamboo-bracket-c3809e11-1df8-437c-83ef-13e435fd8f46-jpgrendition.jpg?im=whresize&wid=200&hei=200,https://media-www.canadiantire.ca/product/seasonal-gardening/gardening/gardening-plant-accessories/1591652/12-bentwood-bamboo-bracket-c3809e11-1df8-437c-83ef-13e435fd8f46-jpgrendition.jpg?im=whresize&wid=200&hei=200,,1591652,159-1652-6,Il n’en reste que 1 #159-1652-6,Liquidation◊Mieux notés,53.77,"6,93","14,99"
346,"Miss.Mavis & Dundas, ON","Bande lumineuse DEL multizone intérieure/extérieure Monster Illuminessence Neon Flow, multicolore, 16,4 pi","Bande lumineuse DEL multizone intérieure/extérieure Monster Illuminessence Neon Flow, multicolore, 16,4 pi",39.93,"39,93 $",99.99,"Était±  99,99 $prix était 99,99 $",39.93,"39,93 $",39.93,"39,93 $",true,https://www.canadiantire.ca/fr/pdp/bande-lumineuse-del-multizone-interieure-exterieure-monster-illuminessence-neon-flow-multicolore-16-4-pi-0522108p.html,https://www.canadiantire.ca/fr/pdp/bande-lumineuse-del-multizone-interieure-exterieure-monster-illuminessence-neon-flow-multicolore-16-4-pi-0522108p.html,https://media-www.canadiantire.ca/product/fixing/electrical/lighting/0522108/monster-illuminessence-neon-flow-16-4ft-5m-led-light-strip-544d3f5e-715c-4295-af37-676ec98f0f91-jpgrendition.jpg?im=whresize&wid=200&hei=200,https://media-www.canadiantire.ca/product/fixing/electrical/lighting/0522108/monster-illuminessence-neon-flow-16-4ft-5m-led-light-strip-544d3f5e-715c-4295-af37-676ec98f0f91-jpgrendition.jpg?im=whresize&wid=200&hei=200,,0522108,052-2108-0,Il n’en reste que 3 #052-2108-0,Liquidation◊Mieux notés,60.07,"39,93","99,99"
346,"Miss.Mavis & Dundas, ON","Barre attelage REESE Towpower, carbone, abaissement de 5 po","Barre attelage REESE Towpower, carbone, abaissement de 5 po",34.93,"34,93 $",72.99,"Était±  72,99 $prix était 72,99 $",34.93,"34,93 $",34.93,"34,93 $",true,https://www.canadiantire.ca/fr/pdp/barre-attelage-reese-towpower-carbone-abaissement-de-5-po-0403011p.html,https://www.canadiantire.ca/fr/pdp/barre-attelage-reese-towpower-carbone-abaissement-de-5-po-0403011p.html,https://media-www.canadiantire.ca/product/automotive/automotive-outdoor-adventure/auto-travel-storage/0403011/classvstandardballmount-ffd8f12c-62fe-411d-9579-6987b2e2db9b-jpgrendition.jpg?im=whresize&wid=200&hei=200,https://media-www.canadiantire.ca/product/automotive/automotive-outdoor-adventure/auto-travel-storage/0403011/classvstandardballmount-ffd8f12c-62fe-411d-9579-6987b2e2db9b-jpgrendition.jpg?im=whresize&wid=200&hei=200,,0403011,040-3011-0,Il n’en reste que 4 #040-3011-0,Liquidation◊Articles à succès,52.14,"34,93","72,99"
346,"Miss.Mavis & Dundas, ON","Interrupteur unipolaire Legrand TM870NICC10 Radiant, 15 A, nickel","Interrupteur unipolaire Legrand TM870NICC10 Radiant, 15 A, nickel",2.93,"2,93 $",6.79,"Était±  6,79 $prix était 6,79 $",2.93,"2,93 $",2.93,"2,93 $",true,https://www.canadiantire.ca/fr/pdp/interrupteur-unipolaire-legrand-tm870nicc10-radiant-15-a-nickel-0529163p.html,https://www.canadiantire.ca/fr/pdp/interrupteur-unipolaire-legrand-tm870nicc10-radiant-15-a-nickel-0529163p.html,https://media-www.canadiantire.ca/product/fixing/electrical/rough-electrical/0529163/15a-single-pole-switch-nickel-bc974007-f1f2-4aeb-a529-0256cbeb2835-jpgrendition.jpg?im=whresize&wid=200&hei=200,https://media-www.canadiantire.ca/product/fixing/electrical/rough-electrical/0529163/15a-single-pole-switch-nickel-bc974007-f1f2-4aeb-a529-0256cbeb2835-jpgrendition.jpg?im=whresize&wid=200&hei=200,,0529163,052-9163-4,Il n’en reste que 5 #052-9163-4,Liquidation◊Mieux notés,56.85,"2,93","6,79"
346,"Miss.Mavis & Dundas, ON",Lampadaire à trépied CANVAS,Lampadaire à trépied CANVAS,99.93,"99,93 $",289.99,"Était±  289,99 $prix était 289,99 $",99.93,"99,93 $",99.93,"99,93 $",true,https://www.canadiantire.ca/fr/pdp/lampadaire-a-trepied-canvas-0526170p.html,https://www.canadiantire.ca/fr/pdp/lampadaire-a-trepied-canvas-0526170p.html,https://media-www.canadiantire.ca/product/living/home-decor/lighting/0526170/canvas-tripod-floor-lamp-582c1c23-8236-4c24-9908-5a07a1b2c686-jpgrendition.jpg?im=whresize&wid=200&hei=200,https://media-www.canadiantire.ca/product/living/home-decor/lighting/0526170/canvas-tripod-floor-lamp-582c1c23-8236-4c24-9908-5a07a1b2c686-jpgrendition.jpg?im=whresize&wid=200&hei=200,,0526170,052-6170-4,Il n’en reste que 1 #052-6170-4,Liquidation◊Mieux notés,65.54,"99,93","289,99"
346,"Miss.Mavis & Dundas, ON","Tasse de voyage portative isotherme double paroi en acier inoxydable Contigo Streeterville avec couvercle multifonction, couleurs variées, 40 oz","Tasse de voyage portative isotherme double paroi en acier inoxydable Contigo Streeterville avec couvercle multifonction, couleurs variées, 40 oz",19.93,"19,93 $",46.99,"46,99 $Était   et+ prix était à partir de 46,99 $",19.93,"19,93 $",19.93,"19,93 $",true,https://www.canadiantire.ca/fr/pdp/tasse-de-voyage-portative-isotherme-double-paroi-en-acier-inoxydable-contigo-streeterville-avec-couvercle-multifonction-couleurs-variees-40-oz-2421069p.html,https://www.canadiantire.ca/fr/pdp/tasse-de-voyage-portative-isotherme-double-paroi-en-acier-inoxydable-contigo-streeterville-avec-couvercle-multifonction-couleurs-variees-40-oz-2421069p.html,https://media-www.canadiantire.ca/product/living/kitchen/food-storage/2421070/contigo-streeterville-40oz-tumbler-glacier-5bbb0438-6ff4-4bc4-8b5c-10d2fecc4c8b-jpgrendition.jpg?im=whresize&wid=200&hei=200,https://media-www.canadiantire.ca/product/living/kitchen/food-storage/2421070/contigo-streeterville-40oz-tumbler-glacier-5bbb0438-6ff4-4bc4-8b5c-10d2fecc4c8b-jpgrendition.jpg?im=whresize&wid=200&hei=200,,2421069,242-1069,Vérifiez la disponibilité#242-1069X,Liquidation◊Mieux notés,57.59,"19,93","46,99"
346,"Miss.Mavis & Dundas, ON","Parasol de style marché CANVAS Fabris, rouge-brun, 9 pi","Parasol de style marché CANVAS Fabris, rouge-brun, 9 pi",49.93,"49,93 $",99.99,"Était±  99,99 $prix était 99,99 $",49.93,"49,93 $",49.93,"49,93 $",true,https://www.canadiantire.ca/fr/pdp/parasol-de-style-marche-canvas-fabris-rouge-brun-9-pi-0882502p.html,https://www.canadiantire.ca/fr/pdp/parasol-de-style-marche-canvas-fabris-rouge-brun-9-pi-0882502p.html,https://media-www.canadiantire.ca/product/seasonal-gardening/backyard-living/outdoor-furniture/0881388/steel-wood-park-bench-0e276529-d786-463a-8b9b-d5b5077d0098-jpgrendition.jpg?im=whresize&wid=200&hei=200,https://media-www.canadiantire.ca/product/seasonal-gardening/backyard-living/outdoor-furniture/0881388/steel-wood-park-bench-0e276529-d786-463a-8b9b-d5b5077d0098-jpgrendition.jpg?im=whresize&wid=200&hei=200,,0882502,088-2502-6,Il n’en reste que 2 #088-2502-6,Liquidation◊Mieux notés,50.07,"49,93","99,99"
346,"Miss.Mavis & Dundas, ON","Ballon en aluminium satiné lettres attachées Celebrate, argenté prismatique, 59 x 20 po, gonflé d'air, pour fiançailles/mariage/anniversaire","Ballon en aluminium satiné lettres attachées Celebrate, argenté prismatique, 59 x 20 po, gonflé d'air, pour fiançailles/mariage/anniversaire",6.93,"6,93 $",13.99,"13,99 $Était   et+ prix était à partir de 13,99 $",6.93,"6,93 $",6.93,"6,93 $",true,https://www.canadiantire.ca/fr/pdp/ballon-en-aluminium-satine-lettres-attachees-celebrate-argente-prismatique-59-x-20-po-gonfle-d-air-pour-fiancailles-mariage-anniversaire-8423831p.html,https://www.canadiantire.ca/fr/pdp/ballon-en-aluminium-satine-lettres-attachees-celebrate-argente-prismatique-59-x-20-po-gonfle-d-air-pour-fiancailles-mariage-anniversaire-8423831p.html,https://media-www.partycity.ca/product/seasonal-gardening/party-city-everyday/party-city-party-supplies-decor/8423831/holo-blln-script-celbrt-4e6580c6-477d-4638-a8d5-dbff97100745-jpgrendition.jpg?im=whresize&wid=200&hei=200,https://media-www.partycity.ca/product/seasonal-gardening/party-city-everyday/party-city-party-supplies-decor/8423831/holo-blln-script-celbrt-4e6580c6-477d-4638-a8d5-dbff97100745-jpgrendition.jpg?im=whresize&wid=200&hei=200,,8423831,842-3831-0,,Liquidation◊,50.46,"6,93","13,99"
346,"Miss.Mavis & Dundas, ON","Collier réglable à carreaux pour chiens Petco, petit","Collier réglable à carreaux pour chiens Petco, petit",9.93,"9,93 $",19.99,"Était±  19,99 $prix était 19,99 $",9.93,"9,93 $",9.93,"9,93 $",true,https://www.canadiantire.ca/fr/pdp/collier-reglable-a-carreaux-pour-chiens-petco-petit-1424429p.html,https://www.canadiantire.ca/fr/pdp/collier-reglable-a-carreaux-pour-chiens-petco-petit-1424429p.html,https://media-www.canadiantire.ca/product/living/pet-care/pet-accessories/1424429/petco-buffalo-check-dog-collar-12-15-small-0da3e21c-7a54-40bd-b87c-dc8e7f02e7cd-jpgrendition.jpg?im=whresize&wid=200&hei=200,https://media-www.canadiantire.ca/product/living/pet-care/pet-accessories/1424429/petco-buffalo-check-dog-collar-12-15-small-0da3e21c-7a54-40bd-b87c-dc8e7f02e7cd-jpgrendition.jpg?im=whresize&wid=200&hei=200,,1424429,142-4429-0,Il n’en reste que 2 #142-4429-0,Liquidation◊Mieux notés,50.33,"9,93","19,99"
346,"Miss.Mavis & Dundas, ON","Jardinière d'extérieur surélevée à arrosage automatique Frame It All avec couvercle de serre, moyenne","Jardinière d'extérieur surélevée à arrosage automatique Frame It All avec couvercle de serre, moyenne",44.93,"44,93 $",149.99,"Était±  149,99 $prix était 149,99 $",44.93,"44,93 $",44.93,"44,93 $",true,https://www.canadiantire.ca/fr/pdp/jardiniere-d-exterieur-surelevee-a-arrosage-automatique-frame-it-all-avec-couvercle-de-serre-moyenne-1591927p.html,https://www.canadiantire.ca/fr/pdp/jardiniere-d-exterieur-surelevee-a-arrosage-automatique-frame-it-all-avec-couvercle-de-serre-moyenne-1591927p.html,https://media-www.canadiantire.ca/product/seasonal-gardening/gardening/gardening-plant-accessories/1591927/frame-it-all-patio-planter-with-trellis-greenhouse-cover-m-e599e1e6-a919-4784-aeab-e605d2453382-jpgrendition.jpg?im=whresize&wid=200&hei=200,https://media-www.canadiantire.ca/product/seasonal-gardening/gardening/gardening-plant-accessories/1591927/frame-it-all-patio-planter-with-trellis-greenhouse-cover-m-e599e1e6-a919-4784-aeab-e605d2453382-jpgrendition.jpg?im=whresize&wid=200&hei=200,,1591927,159-1927-4,,Liquidation◊Mieux notés,70.04,"44,93","149,99"
346,"Miss.Mavis & Dundas, ON","Collier pour chiens ajustable Perri's en jacquard, lotus bleu, choix de tailles","Collier pour chiens ajustable Perri's en jacquard, lotus bleu, choix de tailles",9.93,"9,93 $",19.99,"19,99 $Était   et+ prix était à partir de 19,99 $",9.93,"9,93 $",9.93,"9,93 $",true,https://www.canadiantire.ca/fr/pdp/collier-pour-chiens-ajustable-perri-s-en-jacquard-lotus-bleu-choix-de-tailles-2420741p.html,https://www.canadiantire.ca/fr/pdp/collier-pour-chiens-ajustable-perri-s-en-jacquard-lotus-bleu-choix-de-tailles-2420741p.html,https://media-www.canadiantire.ca/product/living/pet-care/pet-accessories/2420741/blue-lotus-jacquard-dog-collar-small-eb058a9c-afd0-4901-8e7a-6d6d8a943392-jpgrendition.jpg?im=whresize&wid=200&hei=200,https://media-www.canadiantire.ca/product/living/pet-care/pet-accessories/2420741/blue-lotus-jacquard-dog-collar-small-eb058a9c-afd0-4901-8e7a-6d6d8a943392-jpgrendition.jpg?im=whresize&wid=200&hei=200,,2420741,242-0741,Vérifiez la disponibilité#242-0741X,Liquidation◊Mieux notés,50.33,"9,93","19,99"
346,"Miss.Mavis & Dundas, ON","Cuiller Lunkerhunt Impact Slash 6S, 4,3 po","Cuiller Lunkerhunt Impact Slash 6S, 4,3 po",4.93,"4,93 $",9.99,"9,99 $Était   et+ prix était à partir de 9,99 $",4.93,"4,93 $",4.93,"4,93 $",true,https://www.canadiantire.ca/fr/pdp/cuiller-lunkerhunt-impact-slash-6s-4-3-po-0772876p.html,https://www.canadiantire.ca/fr/pdp/cuiller-lunkerhunt-impact-slash-6s-4-3-po-0772876p.html,https://media-www.canadiantire.ca/product/playing/fishing/fishing-lures/0772878/lunkerhunt-impact-slash-6s-4-3-jumbo-9baad446-c9f0-4c92-af55-a3339c7f5dc4-jpgrendition.jpg?im=whresize&wid=200&hei=200,https://media-www.canadiantire.ca/product/playing/fishing/fishing-lures/0772878/lunkerhunt-impact-slash-6s-4-3-jumbo-9baad446-c9f0-4c92-af55-a3339c7f5dc4-jpgrendition.jpg?im=whresize&wid=200&hei=200,,0772876,077-2876,Vérifiez la disponibilité#077-2876X,Liquidation◊,50.65,"4,93","9,99"
346,"Miss.Mavis & Dundas, ON","Anneau en D de service moyen MotoMaster, 1 200 lb, montage encastré","Anneau en D de service moyen MotoMaster, 1 200 lb, montage encastré",2.93,"2,93 $",6.99,"Était±  6,99 $prix était 6,99 $",2.93,"2,93 $",2.93,"2,93 $",true,https://www.canadiantire.ca/fr/pdp/anneau-en-d-de-service-moyen-motomaster-1-200-lb-montage-encastre-0402771p.html,https://www.canadiantire.ca/fr/pdp/anneau-en-d-de-service-moyen-motomaster-1-200-lb-montage-encastre-0402771p.html,https://media-www.canadiantire.ca/product/automotive/automotive-outdoor-adventure/tarps-cords/0402771/1200lb-recess-mount-d-ring-1pk-a72d249f-4d99-4923-8daf-cc1535d06dc0-jpgrendition.jpg?im=whresize&wid=200&hei=200,https://media-www.canadiantire.ca/product/automotive/automotive-outdoor-adventure/tarps-cords/0402771/1200lb-recess-mount-d-ring-1pk-a72d249f-4d99-4923-8daf-cc1535d06dc0-jpgrendition.jpg?im=whresize&wid=200&hei=200,,0402771,040-2771-6,Il n’en reste que 4 #040-2771-6,Liquidation◊Mieux notés,58.08,"2,93","6,99"
346,"Miss.Mavis & Dundas, ON",Barre de feux arrière de remorque multifonction 3-en-1 Hendo,Barre de feux arrière de remorque multifonction 3-en-1 Hendo,20.93,"20,93 $",49.99,"Était±  49,99 $prix était 49,99 $",20.93,"20,93 $",20.93,"20,93 $",true,https://www.canadiantire.ca/fr/pdp/barre-de-feux-arriere-de-remorque-multifonction-3-en-1-hendo-0203822p.html,https://www.canadiantire.ca/fr/pdp/barre-de-feux-arriere-de-remorque-multifonction-3-en-1-hendo-0203822p.html,https://media-www.canadiantire.ca/product/automotive/automotive-outdoor-adventure/auto-travel-storage/0203822/hendo-3-in-1-multifunctional-trailer-tail-light-bar-5f483a58-68e6-4d7f-bcb5-158bc1cf1b8d-jpgrendition.jpg?im=whresize&wid=200&hei=200,https://media-www.canadiantire.ca/product/automotive/automotive-outdoor-adventure/auto-travel-storage/0203822/hendo-3-in-1-multifunctional-trailer-tail-light-bar-5f483a58-68e6-4d7f-bcb5-158bc1cf1b8d-jpgrendition.jpg?im=whresize&wid=200&hei=200,,0203822,020-3822-8,Il n’en reste que 2 #020-3822-8,Liquidation◊Exclusivité,58.13,"20,93","49,99"
346,"Miss.Mavis & Dundas, ON","Sac-banc rembourré Allen 1851, brun","Sac-banc rembourré Allen 1851, brun",32.93,"32,93 $",69.99,"Était±  69,99 $prix était 69,99 $",32.93,"32,93 $",32.93,"32,93 $",true,https://www.canadiantire.ca/fr/pdp/sac-banc-rembourre-allen-1851-brun-1758706p.html,https://www.canadiantire.ca/fr/pdp/sac-banc-rembourre-allen-1851-brun-1758706p.html,https://media-www.canadiantire.ca/product/playing/hunting/hunting-accessories/1758706/allen-1851-filled-bench-bag-23b7229e-b2f3-4f71-b8ba-c19dc4720e3d-jpgrendition.jpg?im=whresize&wid=200&hei=200,https://media-www.canadiantire.ca/product/playing/hunting/hunting-accessories/1758706/allen-1851-filled-bench-bag-23b7229e-b2f3-4f71-b8ba-c19dc4720e3d-jpgrendition.jpg?im=whresize&wid=200&hei=200,,1758706,175-8706-8,,Liquidation◊Mieux notés,52.95,"32,93","69,99"
346,"Miss.Mavis & Dundas, ON",Cache de chasse Ameristep Caretaker Run & Gun,Cache de chasse Ameristep Caretaker Run & Gun,119.93,"119,93 $",239.99,"Était±  239,99 $prix était 239,99 $",119.93,"119,93 $",119.93,"119,93 $",true,https://www.canadiantire.ca/fr/pdp/cache-de-chasse-ameristep-caretaker-run-gun-3750838p.html,https://www.canadiantire.ca/fr/pdp/cache-de-chasse-ameristep-caretaker-run-gun-3750838p.html,https://media-www.canadiantire.ca/product/playing/hunting/hunting-equipment/3750838/aneristep-caretaker-run-gun-4371ecb5-a719-42e4-a1c7-a1454d0b204c-jpgrendition.jpg?im=whresize&wid=200&hei=200,https://media-www.canadiantire.ca/product/playing/hunting/hunting-equipment/3750838/aneristep-caretaker-run-gun-4371ecb5-a719-42e4-a1c7-a1454d0b204c-jpgrendition.jpg?im=whresize&wid=200&hei=200,,3750838,375-0838-6,Il n’en reste que 1 #375-0838-6,Liquidation◊,50.03,"119,93","239,99"
346,"Miss.Mavis & Dundas, ON","Cuillère Danielson Renegade, 1/8 oz","Cuillère Danielson Renegade, 1/8 oz",1.73,"1,73 $",3.49,"3,49 $Était   et+ prix était à partir de 3,49 $",1.73,"1,73 $",1.73,"1,73 $",true,https://www.canadiantire.ca/fr/pdp/cuillere-danielson-renegade-1-8-oz-0782361p.html,https://www.canadiantire.ca/fr/pdp/cuillere-danielson-renegade-1-8-oz-0782361p.html,https://media-www.canadiantire.ca/product/playing/fishing/fishing-lures/0786302/danielson-renegade-spoon-nickel-blue-1-8oz-2c7616e9-fd28-446a-b256-a660da96ba0b-jpgrendition.jpg?im=whresize&wid=200&hei=200,https://media-www.canadiantire.ca/product/playing/fishing/fishing-lures/0786302/danielson-renegade-spoon-nickel-blue-1-8oz-2c7616e9-fd28-446a-b256-a660da96ba0b-jpgrendition.jpg?im=whresize&wid=200&hei=200,,0782361,078-2361,Vérifiez la disponibilité#078-2361X,Liquidation◊Mieux notés,50.43,"1,73","3,49"
346,"Miss.Mavis & Dundas, ON","Décoration de jardin et statue de jardin ange commémoratif For Living, blanc/naturel","Décoration de jardin et statue de jardin ange commémoratif For Living, blanc/naturel",39.93,"39,93 $",99.99,"Était±  99,99 $prix était 99,99 $",39.93,"39,93 $",39.93,"39,93 $",true,https://www.canadiantire.ca/fr/pdp/decoration-de-jardin-et-statue-de-jardin-ange-commemoratif-for-living-blanc-naturel-1590034p.html,https://www.canadiantire.ca/fr/pdp/decoration-de-jardin-et-statue-de-jardin-ange-commemoratif-for-living-blanc-naturel-1590034p.html,https://media-www.canadiantire.ca/product/seasonal-gardening/backyard-living/outdoor-living-accessories/1590034/for-living-memorial-angel-statue-bf4e9f1e-d781-4699-a2bf-24ef75529d6b-jpgrendition.jpg?im=whresize&wid=200&hei=200,https://media-www.canadiantire.ca/product/seasonal-gardening/backyard-living/outdoor-living-accessories/1590034/for-living-memorial-angel-statue-bf4e9f1e-d781-4699-a2bf-24ef75529d6b-jpgrendition.jpg?im=whresize&wid=200&hei=200,,1590034,159-0034-4,,Liquidation◊Mieux notés,60.07,"39,93","99,99"
346,"Miss.Mavis & Dundas, ON",Savon lave-auto moussant céramique et graphène SansZo Si02,Savon lave-auto moussant céramique et graphène SansZo Si02,9.93,"9,93 $",29.99,"Était±  29,99 $prix était 29,99 $",9.93,"9,93 $",9.93,"9,93 $",true,https://www.canadiantire.ca/fr/pdp/savon-lave-auto-moussant-ceramique-et-graphene-sanszo-si02-0390850p.html,https://www.canadiantire.ca/fr/pdp/savon-lave-auto-moussant-ceramique-et-graphene-sanszo-si02-0390850p.html,https://media-www.canadiantire.ca/product/automotive/car-care-accessories/auto-cleaning-chemicals/0390850/sanszo-si02-foamer-ceramic-graphene-foaming-soap-5bf4b82b-5855-4cc6-9fc0-dee5234b9504-jpgrendition.jpg?im=whresize&wid=200&hei=200,https://media-www.canadiantire.ca/product/automotive/car-care-accessories/auto-cleaning-chemicals/0390850/sanszo-si02-foamer-ceramic-graphene-foaming-soap-5bf4b82b-5855-4cc6-9fc0-dee5234b9504-jpgrendition.jpg?im=whresize&wid=200&hei=200,,0390850,039-0850-6,Il n’en reste que 6 #039-0850-6,Liquidation◊,66.89,"9,93","29,99"
346,"Miss.Mavis & Dundas, ON","Barre d’alimentation de voyage NOMA à 2 prises et 2 ports USB avec limiteur de surtension, cordon de 1 pi, 306 joules, blanc","Barre d’alimentation de voyage NOMA à 2 prises et 2 ports USB avec limiteur de surtension, cordon de 1 pi, 306 joules, blanc",12.93,"12,93 $",29.99,"Était±  29,99 $prix était 29,99 $",12.93,"12,93 $",12.93,"12,93 $",true,https://www.canadiantire.ca/fr/pdp/barre-d-alimentation-de-voyage-noma-a-2-prises-et-2-ports-usb-avec-limiteur-de-surtension-cordon-de-1-pi-306-joules-blanc-0529667p.html,https://www.canadiantire.ca/fr/pdp/barre-d-alimentation-de-voyage-noma-a-2-prises-et-2-ports-usb-avec-limiteur-de-surtension-cordon-de-1-pi-306-joules-blanc-0529667p.html,https://media-www.canadiantire.ca/product/fixing/electrical/power-bars-extension-cords-timers/0529667/noma-travel-power-blocksb-2332bc1e-fcce-4d7a-9f7c-acdf36d1d4be-jpgrendition.jpg?im=whresize&wid=200&hei=200,https://media-www.canadiantire.ca/product/fixing/electrical/power-bars-extension-cords-timers/0529667/noma-travel-power-blocksb-2332bc1e-fcce-4d7a-9f7c-acdf36d1d4be-jpgrendition.jpg?im=whresize&wid=200&hei=200,,0529667,052-9667-6,Il n’en reste que 1 #052-9667-6,Liquidation◊Exclusivité,56.89,"12,93","29,99"
346,"Miss.Mavis & Dundas, ON","Anneau en D de service intense MotoMaster, 5 000 lb, montable encastré","Anneau en D de service intense MotoMaster, 5 000 lb, montable encastré",2.93,"2,93 $",11.99,"Était±  11,99 $prix était 11,99 $",2.93,"2,93 $",2.93,"2,93 $",true,https://www.canadiantire.ca/fr/pdp/anneau-en-d-de-service-intense-motomaster-5-000-lb-montable-encastre-0402772p.html,https://www.canadiantire.ca/fr/pdp/anneau-en-d-de-service-intense-motomaster-5-000-lb-montable-encastre-0402772p.html,https://media-www.canadiantire.ca/product/automotive/automotive-outdoor-adventure/tarps-cords/0402772/5000lb-recessed-mount-d-ring-1pk-e5797e6e-47fc-4786-bb8e-d558492c12dd-jpgrendition.jpg?im=whresize&wid=200&hei=200,https://media-www.canadiantire.ca/product/automotive/automotive-outdoor-adventure/tarps-cords/0402772/5000lb-recessed-mount-d-ring-1pk-e5797e6e-47fc-4786-bb8e-d558492c12dd-jpgrendition.jpg?im=whresize&wid=200&hei=200,,0402772,040-2772-4,Il n’en reste que 3 #040-2772-4,Liquidation◊Mieux notés,75.56,"2,93","11,99"
346,"Miss.Mavis & Dundas, ON","Appât en plastique souple Xcalibur Live, méné","Appât en plastique souple Xcalibur Live, méné",4.43,"4,43 $",9.99,"9,99 $Était   et+ prix était à partir de 9,99 $",4.43,"4,43 $",4.43,"4,43 $",true,https://www.canadiantire.ca/fr/pdp/appat-en-plastique-souple-xcalibur-live-mene-0774091p.html,https://www.canadiantire.ca/fr/pdp/appat-en-plastique-souple-xcalibur-live-mene-0774091p.html,https://media-www.canadiantire.ca/product/playing/fishing/fishing-lures/0774091/xcalibur-live-minnow-2--6ce89233-00b7-4b2d-b619-4d774c5272b7-jpgrendition.jpg?im=whresize&wid=200&hei=200,https://media-www.canadiantire.ca/product/playing/fishing/fishing-lures/0774091/xcalibur-live-minnow-2--6ce89233-00b7-4b2d-b619-4d774c5272b7-jpgrendition.jpg?im=whresize&wid=200&hei=200,,0774091,077-4091,Vérifiez la disponibilité#077-4091X,Liquidation◊Mieux notés,55.66,"4,43","9,99"
346,"Miss.Mavis & Dundas, ON",C.E. Marchepied de remorque Smith,C.E. Marchepied de remorque Smith,22.93,"22,93 $",129.99,"Était±  129,99 $prix était 129,99 $",22.93,"22,93 $",22.93,"22,93 $",true,https://www.canadiantire.ca/fr/pdp/c-e-marchepied-de-remorque-smith-0409618p.html,https://www.canadiantire.ca/fr/pdp/c-e-marchepied-de-remorque-smith-0409618p.html,https://media-www.canadiantire.ca/product/automotive/automotive-outdoor-adventure/auto-travel-storage/0409618/trailer-step-pad-cee7bf5f-4846-4af9-a159-df6c6645b7fb-jpgrendition.jpg?im=whresize&wid=200&hei=200,https://media-www.canadiantire.ca/product/automotive/automotive-outdoor-adventure/auto-travel-storage/0409618/trailer-step-pad-cee7bf5f-4846-4af9-a159-df6c6645b7fb-jpgrendition.jpg?im=whresize&wid=200&hei=200,,0409618,040-9618-2,Il n’en reste que 1 #040-9618-2,Liquidation◊,82.36,"22,93","129,99"
346,"Miss.Mavis & Dundas, ON","Lunettes de natation antibuée à protection UV pour enfants/jeunes Speedo, couleurs variées","Lunettes de natation antibuée à protection UV pour enfants/jeunes Speedo, couleurs variées",4.93,"4,93 $",10.99,"Était±  10,99 $prix était 10,99 $",4.93,"4,93 $",4.93,"4,93 $",true,https://www.canadiantire.ca/fr/pdp/lunettes-de-natation-antibuee-a-protection-uv-pour-enfants-jeunes-speedo-couleurs-variees-0813961p.html,https://www.canadiantire.ca/fr/pdp/lunettes-de-natation-antibuee-a-protection-uv-pour-enfants-jeunes-speedo-couleurs-variees-0813961p.html,https://media-www.canadiantire.ca/product/seasonal-gardening/backyard-fun/pool-fun/0813961/speedo-junior-goggle-80967682-28a9-4ef9-a434-b74dd2a181e5-jpgrendition.jpg?im=whresize&wid=200&hei=200,https://media-www.canadiantire.ca/product/seasonal-gardening/backyard-fun/pool-fun/0813961/speedo-junior-goggle-80967682-28a9-4ef9-a434-b74dd2a181e5-jpgrendition.jpg?im=whresize&wid=200&hei=200,,0813961,081-3961-0,,Liquidation◊Exclusivité,55.14,"4,93","10,99"
346,"Miss.Mavis & Dundas, ON","Câble robuste Scosche StrikelineMC USB-A à Lightning, certifié MFi Apple, vitesses de transfert de données rapides, noir, 10 pi","Câble robuste Scosche StrikelineMC USB-A à Lightning, certifié MFi Apple, vitesses de transfert de données rapides, noir, 10 pi",11.93,"11,93 $",34.99,"Était±  34,99 $prix était 34,99 $",11.93,"11,93 $",11.93,"11,93 $",true,https://www.canadiantire.ca/fr/pdp/cable-robuste-scosche-strikelinemc-usb-a-a-lightning-certifie-mfi-apple-vitesses-de-transfert-de-donnees-rapides-noir-10-pi-0355557p.html,https://www.canadiantire.ca/fr/pdp/cable-robuste-scosche-strikelinemc-usb-a-a-lightning-certifie-mfi-apple-vitesses-de-transfert-de-donnees-rapides-noir-10-pi-0355557p.html,https://media-www.canadiantire.ca/product/automotive/car-care-accessories/auto-electronics/0355557/scosche-strikeline-heavy-duty-usb-a-to-lighting-cable-10-ft-6d0e58d8-5d16-4f8e-8fe3-647ad51b4689-jpgrendition.jpg?im=whresize&wid=200&hei=200,https://media-www.canadiantire.ca/product/automotive/car-care-accessories/auto-electronics/0355557/scosche-strikeline-heavy-duty-usb-a-to-lighting-cable-10-ft-6d0e58d8-5d16-4f8e-8fe3-647ad51b4689-jpgrendition.jpg?im=whresize&wid=200&hei=200,,0355557,035-5557-4,Il n’en reste que 1 #035-5557-4,Liquidation◊Mieux notés,65.9,"11,93","34,99"
346,"Miss.Mavis & Dundas, ON","Laisse réfléchissante pour chiens Petco, 5 pi, noir/orange","Laisse réfléchissante pour chiens Petco, 5 pi, noir/orange",14.92,"14,92 $",29.99,"Était±  29,99 $prix était 29,99 $",14.92,"14,92 $",14.92,"14,92 $",true,https://www.canadiantire.ca/fr/pdp/laisse-reflechissante-pour-chiens-petco-5-pi-noir-orange-1427533p.html,https://www.canadiantire.ca/fr/pdp/laisse-reflechissante-pour-chiens-petco-5-pi-noir-orange-1427533p.html,https://media-www.canadiantire.ca/product/living/pet-care/pet-accessories/1427533/petco-5-16-blck-orng-reflective-dog-leash-5-ft-5243effe-7a35-4936-81d1-62d6531014fb-jpgrendition.jpg?im=whresize&wid=200&hei=200,https://media-www.canadiantire.ca/product/living/pet-care/pet-accessories/1427533/petco-5-16-blck-orng-reflective-dog-leash-5-ft-5243effe-7a35-4936-81d1-62d6531014fb-jpgrendition.jpg?im=whresize&wid=200&hei=200,,1427533,142-7533-2,Il n’en reste que 1 #142-7533-2,Liquidation◊Exclusivité,50.25,"14,92","29,99"
346,"Miss.Mavis & Dundas, ON",Bougie d'anniversaire Jurassic Into the Wild,Bougie d'anniversaire Jurassic Into the Wild,1.93,"1,93 $",3.99,"Était±  3,99 $prix était 3,99 $",1.93,"1,93 $",1.93,"1,93 $",true,https://www.canadiantire.ca/fr/pdp/bougie-d-anniversaire-jurassic-into-the-wild-8543122p.html,https://www.canadiantire.ca/fr/pdp/bougie-d-anniversaire-jurassic-into-the-wild-8543122p.html,https://media-www.canadiantire.ca/product/seasonal-gardening/party-city-everyday/party-city-kids-birthday-pinatas/8543122/jurassic-into-the-wild-birthday-candle-f537a5c5-ffb7-42f5-8a55-dbed4014d5e7-jpgrendition.jpg?im=whresize&wid=200&hei=200,https://media-www.canadiantire.ca/product/seasonal-gardening/party-city-everyday/party-city-kids-birthday-pinatas/8543122/jurassic-into-the-wild-birthday-candle-f537a5c5-ffb7-42f5-8a55-dbed4014d5e7-jpgrendition.jpg?im=whresize&wid=200&hei=200,,8543122,854-3122-0,Il n’en reste que 5 #854-3122-0,Liquidation◊,51.63,"1,93","3,99"
346,"Miss.Mavis & Dundas, ON","Récepteur Bluetooth à double DIN Boss Audio Systems Elite BE7ACP, 7 po","Récepteur Bluetooth à double DIN Boss Audio Systems Elite BE7ACP, 7 po",146.93,"146,93 $",499.99,"Était±  499,99 $prix était 499,99 $",146.93,"146,93 $",146.93,"146,93 $",true,https://www.canadiantire.ca/fr/pdp/recepteur-bluetooth-a-double-din-boss-audio-systems-elite-be7acp-7-po-0355581p.html,https://www.canadiantire.ca/fr/pdp/recepteur-bluetooth-a-double-din-boss-audio-systems-elite-be7acp-7-po-0355581p.html,https://media-www.canadiantire.ca/product/automotive/electronics/auto-electronics/0355581/boss-elite-be7acp-double-din-bluetooth-receiver-a758df3c-801a-4acb-b8d4-bbee6403babc-jpgrendition.jpg?im=whresize&wid=200&hei=200,https://media-www.canadiantire.ca/product/automotive/electronics/auto-electronics/0355581/boss-elite-be7acp-double-din-bluetooth-receiver-a758df3c-801a-4acb-b8d4-bbee6403babc-jpgrendition.jpg?im=whresize&wid=200&hei=200,,0355581,035-5581-4,Il n’en reste que 1 #035-5581-4,Liquidation◊,70.61,"146,93","499,99"
346,"Miss.Mavis & Dundas, ON","Plafonnier encastré à 2 lampes avec abat-jour en cage en cristal CANVAS Chelsea, fini chromé","Plafonnier encastré à 2 lampes avec abat-jour en cage en cristal CANVAS Chelsea, fini chromé",44.93,"44,93 $",109.99,"Était±  109,99 $prix était 109,99 $",44.93,"44,93 $",44.93,"44,93 $",true,https://www.canadiantire.ca/fr/pdp/plafonnier-encastre-a-2-lampes-avec-abat-jour-en-cage-en-cristal-canvas-chelsea-fini-chrome-0522676p.html,https://www.canadiantire.ca/fr/pdp/plafonnier-encastre-a-2-lampes-avec-abat-jour-en-cage-en-cristal-canvas-chelsea-fini-chrome-0522676p.html,https://media-www.canadiantire.ca/product/living/home-decor/lighting/0522676/canvas-chelsea-flushmount-3010b916-4944-4a77-ada8-c0619734f3a3-jpgrendition.jpg?im=whresize&wid=200&hei=200,https://media-www.canadiantire.ca/product/living/home-decor/lighting/0522676/canvas-chelsea-flushmount-3010b916-4944-4a77-ada8-c0619734f3a3-jpgrendition.jpg?im=whresize&wid=200&hei=200,,0522676,052-2676-6,Il n’en reste que 1 #052-2676-6,Liquidation◊Mieux notés,59.15,"44,93","109,99"
346,"Miss.Mavis & Dundas, ON","CANVAS - Moustiquaire pour parasol de jardin rond, noir, 7 à 9 pi","CANVAS - Moustiquaire pour parasol de jardin rond, noir, 7 à 9 pi",24.93,"24,93 $",84.99,"Était±  84,99 $prix était 84,99 $",24.93,"24,93 $",24.93,"24,93 $",true,https://www.canadiantire.ca/fr/pdp/canvas-moustiquaire-pour-parasol-de-jardin-rond-noir-7-a-9-pi-0881742p.html,https://www.canadiantire.ca/fr/pdp/canvas-moustiquaire-pour-parasol-de-jardin-rond-noir-7-a-9-pi-0881742p.html,https://media-www.canadiantire.ca/product/seasonal-gardening/backyard-living/outdoor-furniture/0881742/canvas-umbrella-netting-7-9--cd40f24b-9d15-4c4e-93fb-40ca0087692b-jpgrendition.jpg?im=whresize&wid=200&hei=200,https://media-www.canadiantire.ca/product/seasonal-gardening/backyard-living/outdoor-furniture/0881742/canvas-umbrella-netting-7-9--cd40f24b-9d15-4c4e-93fb-40ca0087692b-jpgrendition.jpg?im=whresize&wid=200&hei=200,,0881742,088-1742-0,Il n’en reste que 4 #088-1742-0,Liquidation◊Exclusivité,70.67,"24,93","84,99"
346,"Miss.Mavis & Dundas, ON","Chatière intérieure PetSafe, porte verrouillable","Chatière intérieure PetSafe, porte verrouillable",7.93,"7,93 $",24.99,"Était±  24,99 $prix était 24,99 $",7.93,"7,93 $",7.93,"7,93 $",true,https://www.canadiantire.ca/fr/pdp/chatiere-interieure-petsafe-porte-verrouillable-0425189p.html,https://www.canadiantire.ca/fr/pdp/chatiere-interieure-petsafe-porte-verrouillable-0425189p.html,https://media-www.canadiantire.ca/product/living/pet-care/pet-accessories/0425189/cat-flap-pet-door-444d685a-8ca2-4b0b-904b-b89910783fad-jpgrendition.jpg?im=whresize&wid=200&hei=200,https://media-www.canadiantire.ca/product/living/pet-care/pet-accessories/0425189/cat-flap-pet-door-444d685a-8ca2-4b0b-904b-b89910783fad-jpgrendition.jpg?im=whresize&wid=200&hei=200,,0425189,042-5189-2,Il n’en reste que 2 #042-5189-2,Liquidation◊Articles à succès,68.27,"7,93","24,99"
346,"Miss.Mavis & Dundas, ON","Cintres en bois de noyer Type A, paq. 18","Cintres en bois de noyer Type A, paq. 18",9.93,"9,93 $",19.99,"Était±  19,99 $prix était 19,99 $",9.93,"9,93 $",9.93,"9,93 $",true,https://www.canadiantire.ca/fr/pdp/cintres-en-bois-de-noyer-type-a-paq-18-0687064p.html,https://www.canadiantire.ca/fr/pdp/cintres-en-bois-de-noyer-type-a-paq-18-0687064p.html,https://media-www.canadiantire.ca/product/living/home-organization/closet-organization/0687064/type-a-18-pack-walnut-wood-hanger-6f571cd7-a636-499d-91ea-4dd384597513-jpgrendition.jpg?im=whresize&wid=200&hei=200,https://media-www.canadiantire.ca/product/living/home-organization/closet-organization/0687064/type-a-18-pack-walnut-wood-hanger-6f571cd7-a636-499d-91ea-4dd384597513-jpgrendition.jpg?im=whresize&wid=200&hei=200,,0687064,068-7064-6,Il n’en reste que 1 #068-7064-6,Liquidation◊Mieux notés,50.33,"9,93","19,99"
346,"Miss.Mavis & Dundas, ON",Support à échelle Erickson,Support à échelle Erickson,78.93,"78,93 $",209.99,"Était±  209,99 $prix était 209,99 $",78.93,"78,93 $",78.93,"78,93 $",true,https://www.canadiantire.ca/fr/pdp/support-a-echelle-erickson-0342111p.html,https://www.canadiantire.ca/fr/pdp/support-a-echelle-erickson-0342111p.html,https://media-www.canadiantire.ca/product/automotive/light-auto-parts/truck-accessories/0342111/erickson-ladder-rack-90f7fc42-5b57-4a18-a796-4eb43a99866e-jpgrendition.jpg?im=whresize&wid=200&hei=200,https://media-www.canadiantire.ca/product/automotive/light-auto-parts/truck-accessories/0342111/erickson-ladder-rack-90f7fc42-5b57-4a18-a796-4eb43a99866e-jpgrendition.jpg?im=whresize&wid=200&hei=200,,0342111,034-2111-4,Il n’en reste que 1 #034-2111-4,Liquidation◊,62.41,"78,93","209,99"
346,"Miss.Mavis & Dundas, ON","Lumières activées par le mouvement West & Arrow Merkury, 6,6 pi, blanc chaud","Lumières activées par le mouvement West & Arrow Merkury, 6,6 pi, blanc chaud",6.93,"6,93 $",16.99,"Était±  16,99 $prix était 16,99 $",6.93,"6,93 $",6.93,"6,93 $",true,https://www.canadiantire.ca/fr/pdp/lumieres-activees-par-le-mouvement-west-arrow-merkury-6-6-pi-blanc-chaud-0526192p.html,https://www.canadiantire.ca/fr/pdp/lumieres-activees-par-le-mouvement-west-arrow-merkury-6-6-pi-blanc-chaud-0526192p.html,https://media-www.canadiantire.ca/product/fixing/electrical/lighting/0526192/merkury-6-6ft-warm-white-lights-motion-activated-707e0360-fe30-41a0-94a9-86bdfb712046-jpgrendition.jpg?im=whresize&wid=200&hei=200,https://media-www.canadiantire.ca/product/fixing/electrical/lighting/0526192/merkury-6-6ft-warm-white-lights-motion-activated-707e0360-fe30-41a0-94a9-86bdfb712046-jpgrendition.jpg?im=whresize&wid=200&hei=200,,0526192,052-6192-2,Il n’en reste que 1 #052-6192-2,Liquidation◊,59.21,"6,93","16,99"
346,"Miss.Mavis & Dundas, ON",MASTER Chef - Hotte de cuisine pyramide,MASTER Chef - Hotte de cuisine pyramide,149.93,"149,93 $",339.99,"Était±  339,99 $prix était 339,99 $",149.93,"149,93 $",149.93,"149,93 $",true,https://www.canadiantire.ca/fr/pdp/master-chef-hotte-de-cuisine-pyramide-1425866p.html,https://www.canadiantire.ca/fr/pdp/master-chef-hotte-de-cuisine-pyramide-1425866p.html,https://media-www.canadiantire.ca/product/living/kitchen/white-goods/1425866/master-chef-pyramid-range-hood-72f9c9ec-6378-409d-8629-86959eea95b5-jpgrendition.jpg?im=whresize&wid=200&hei=200,https://media-www.canadiantire.ca/product/living/kitchen/white-goods/1425866/master-chef-pyramid-range-hood-72f9c9ec-6378-409d-8629-86959eea95b5-jpgrendition.jpg?im=whresize&wid=200&hei=200,,1425866,142-5866-2,Il n’en reste que 1 #142-5866-2,Liquidation◊Exclusivité,55.9,"149,93","339,99"
346,"Miss.Mavis & Dundas, ON","Calibre de forme/de contour verrouillable Mastercraft, SAE/métrique, 10 po","Calibre de forme/de contour verrouillable Mastercraft, SAE/métrique, 10 po",9.93,"9,93 $",19.99,"Était±  19,99 $prix était 19,99 $",9.93,"9,93 $",9.93,"9,93 $",true,https://www.canadiantire.ca/fr/pdp/calibre-de-forme-de-contour-verrouillable-mastercraft-sae-metrique-10-po-0581659p.html,https://www.canadiantire.ca/fr/pdp/calibre-de-forme-de-contour-verrouillable-mastercraft-sae-metrique-10-po-0581659p.html,https://media-www.canadiantire.ca/product/fixing/tools/metal-working/0581659/mastercraft-10-locking-contour-gauge-10454602-8071-4497-b950-d3b23ca5da6a-jpgrendition.jpg?im=whresize&wid=200&hei=200,https://media-www.canadiantire.ca/product/fixing/tools/metal-working/0581659/mastercraft-10-locking-contour-gauge-10454602-8071-4497-b950-d3b23ca5da6a-jpgrendition.jpg?im=whresize&wid=200&hei=200,,0581659,058-1659-2,Il n’en reste que 4 #058-1659-2,Liquidation◊Mieux notés,50.33,"9,93","19,99"
346,"Miss.Mavis & Dundas, ON","Manchon de rouleau Wagner Smart, 3/8 x 6 po","Manchon de rouleau Wagner Smart, 3/8 x 6 po",1.93,"1,93 $",8.79,"Était±  8,79 $prix était 8,79 $",1.93,"1,93 $",1.93,"1,93 $",true,https://www.canadiantire.ca/fr/pdp/manchon-de-rouleau-wagner-smart-3-8-x-6-po-0490393p.html,https://www.canadiantire.ca/fr/pdp/manchon-de-rouleau-wagner-smart-3-8-x-6-po-0490393p.html,https://media-www.canadiantire.ca/product/fixing/paint/paint-accessories/0490393/wagner-roller-cover-3-8-x6-for-49-0392-0ae0ad21-2e20-43aa-a38c-a2c5740517ee-jpgrendition.jpg?im=whresize&wid=200&hei=200,https://media-www.canadiantire.ca/product/fixing/paint/paint-accessories/0490393/wagner-roller-cover-3-8-x6-for-49-0392-0ae0ad21-2e20-43aa-a38c-a2c5740517ee-jpgrendition.jpg?im=whresize&wid=200&hei=200,,0490393,049-0393-0,Il n’en reste que 2 #049-0393-0,Liquidation◊Mieux notés,78.04,"1,93","8,79"
346,"Miss.Mavis & Dundas, ON","Bouche-pneu de pneus injection dans la valve Victor avec technologie Nano avancée, tailles variées","Bouche-pneu de pneus injection dans la valve Victor avec technologie Nano avancée, tailles variées",4.93,"4,93 $",14.99,"14,99 $Était   et+ prix était à partir de 14,99 $",4.93,"4,93 $",4.93,"4,93 $",true,https://www.canadiantire.ca/fr/pdp/bouche-pneu-de-pneus-injection-dans-la-valve-victor-avec-technologie-nano-avancee-tailles-variees-0095095p.html,https://www.canadiantire.ca/fr/pdp/bouche-pneu-de-pneus-injection-dans-la-valve-victor-avec-technologie-nano-avancee-tailles-variees-0095095p.html,https://media-www.canadiantire.ca/product/automotive/auto-maintenance/auto-shop-equipment-supplies/0095095/victor-valve-through-16oz-tubeless-sealant-ca827f6a-9815-4d92-8c58-94188d662c51-jpgrendition.jpg?im=whresize&wid=200&hei=200,https://media-www.canadiantire.ca/product/automotive/auto-maintenance/auto-shop-equipment-supplies/0095095/victor-valve-through-16oz-tubeless-sealant-ca827f6a-9815-4d92-8c58-94188d662c51-jpgrendition.jpg?im=whresize&wid=200&hei=200,,0095095,009-5095,Vérifiez la disponibilité#009-5095X,Liquidation◊,67.11,"4,93","14,99"
346,"Miss.Mavis & Dundas, ON","Bouche-toit incolore Rust-Oleum LeakSeal, intérieur/extérieur, scellant résistant à l'eau et aux intempéries, 946 mL","Bouche-toit incolore Rust-Oleum LeakSeal, intérieur/extérieur, scellant résistant à l'eau et aux intempéries, 946 mL",17.93,"17,93 $",48.99,"Était±  48,99 $prix était 48,99 $",17.93,"17,93 $",17.93,"17,93 $",true,https://www.canadiantire.ca/fr/pdp/bouche-toit-incolore-rust-oleum-leakseal-interieur-exterieur-scellant-resistant-a-l-eau-et-aux-intemperies-946-ml-0641570p.html,https://www.canadiantire.ca/fr/pdp/bouche-toit-incolore-rust-oleum-leakseal-interieur-exterieur-scellant-resistant-a-l-eau-et-aux-intemperies-946-ml-0641570p.html,https://media-www.canadiantire.ca/product/fixing/paint/surface-prep-maintenance/0641570/clear-roof-patch-946-ml-104767ac-428b-4e84-90b8-2619ef352249-jpgrendition.jpg?im=whresize&wid=200&hei=200,https://media-www.canadiantire.ca/product/fixing/paint/surface-prep-maintenance/0641570/clear-roof-patch-946-ml-104767ac-428b-4e84-90b8-2619ef352249-jpgrendition.jpg?im=whresize&wid=200&hei=200,,0641570,064-1570-4,Il n’en reste que 1 #064-1570-4,Liquidation◊,63.4,"17,93","48,99"
346,"Miss.Mavis & Dundas, ON","Animal en peluche familier Ty Beanie Boos, choix varié, 3 ans et plus","Animal en peluche familier Ty Beanie Boos, choix varié, 3 ans et plus",2.43,"2,43 $",7.99,"Était±  7,99 $prix était 7,99 $",2.43,"2,43 $",2.43,"2,43 $",true,https://www.canadiantire.ca/fr/pdp/animal-en-peluche-familier-ty-beanie-boos-choix-varie-3-ans-et-plus-0502184p.html,https://www.canadiantire.ca/fr/pdp/animal-en-peluche-familier-ty-beanie-boos-choix-varie-3-ans-et-plus-0502184p.html,https://media-www.canadiantire.ca/product/seasonal-gardening/toys/preschool-toys-activities/0502184/ty-giselle-leopard-multi-squish-10--a530ab3d-e6a4-4a9f-b822-19e5dcec028b-jpgrendition.jpg?im=whresize&wid=200&hei=200,https://media-www.canadiantire.ca/product/seasonal-gardening/toys/preschool-toys-activities/0502184/ty-giselle-leopard-multi-squish-10--a530ab3d-e6a4-4a9f-b822-19e5dcec028b-jpgrendition.jpg?im=whresize&wid=200&hei=200,,0502184,050-2184-0,,Liquidation◊Mieux notés,69.59,"2,43","7,99"
346,"Miss.Mavis & Dundas, ON","Cosses à anneau Gardner Bender C14-104, calibre 16 à 14 AWG, calibre de goujon 8 à 10 po, paq. 7","Cosses à anneau Gardner Bender C14-104, calibre 16 à 14 AWG, calibre de goujon 8 à 10 po, paq. 7",0.93,"0,93 $",2.29,"Était±  2,29 $prix était 2,29 $",0.93,"0,93 $",0.93,"0,93 $",true,https://www.canadiantire.ca/fr/pdp/cosses-a-anneau-gardner-bender-c14-104-calibre-16-a-14-awg-calibre-de-goujon-8-a-10-po-paq-7-0520200p.html,https://www.canadiantire.ca/fr/pdp/cosses-a-anneau-gardner-bender-c14-104-calibre-16-a-14-awg-calibre-de-goujon-8-a-10-po-paq-7-0520200p.html,https://media-www.canadiantire.ca/product/fixing/electrical/rough-electrical/0520200/ring-terminals-8-10-stud-blue-pkg-7-78304a27-67f0-4472-b301-a70fc78e1613-jpgrendition.jpg?im=whresize&wid=200&hei=200,https://media-www.canadiantire.ca/product/fixing/electrical/rough-electrical/0520200/ring-terminals-8-10-stud-blue-pkg-7-78304a27-67f0-4472-b301-a70fc78e1613-jpgrendition.jpg?im=whresize&wid=200&hei=200,,0520200,052-0200-0,Il n’en reste que 4 #052-0200-0,Liquidation◊Mieux notés,59.39,"0,93","2,29"
346,"Miss.Mavis & Dundas, ON","Arroseur en forme de coccinelle mignonne Goofy Foot pour jouer à l'extérieur, vaporisateur d'eau, 3 ans et plus","Arroseur en forme de coccinelle mignonne Goofy Foot pour jouer à l'extérieur, vaporisateur d'eau, 3 ans et plus",4.93,"4,93 $",12.99,"Était±  12,99 $prix était 12,99 $",4.93,"4,93 $",4.93,"4,93 $",true,https://www.canadiantire.ca/fr/pdp/arroseur-en-forme-de-coccinelle-mignonne-goofy-foot-pour-jouer-a-l-exterieur-vaporisateur-d-eau-3-ans-et-plus-0509723p.html,https://www.canadiantire.ca/fr/pdp/arroseur-en-forme-de-coccinelle-mignonne-goofy-foot-pour-jouer-a-l-exterieur-vaporisateur-d-eau-3-ans-et-plus-0509723p.html,https://media-www.canadiantire.ca/product/seasonal-gardening/toys/seasonal-toys/0509723/lady-bug-sprinkler-118eb4aa-efdb-468e-9d0e-a7eef4385fff-jpgrendition.jpg?im=whresize&wid=200&hei=200,https://media-www.canadiantire.ca/product/seasonal-gardening/toys/seasonal-toys/0509723/lady-bug-sprinkler-118eb4aa-efdb-468e-9d0e-a7eef4385fff-jpgrendition.jpg?im=whresize&wid=200&hei=200,,0509723,050-9723-6,14 En Stock#050-9723-6,Liquidation◊,62.05,"4,93","12,99"
346,"Miss.Mavis & Dundas, ON",Connecteur rond 6 pôles en métal côté véhicule Hopkins Towing Solution Endurance,Connecteur rond 6 pôles en métal côté véhicule Hopkins Towing Solution Endurance,4.93,"4,93 $",24.99,"Était±  24,99 $prix était 24,99 $",4.93,"4,93 $",4.93,"4,93 $",true,https://www.canadiantire.ca/fr/pdp/connecteur-rond-6-poles-en-metal-cote-vehicule-hopkins-towing-solution-endurance-0409680p.html,https://www.canadiantire.ca/fr/pdp/connecteur-rond-6-poles-en-metal-cote-vehicule-hopkins-towing-solution-endurance-0409680p.html,https://media-www.canadiantire.ca/product/automotive/automotive-outdoor-adventure/auto-travel-storage/0409680/endurance-6-pole-round-vehicle-end-metal--206f47b2-dbb0-4b2a-b2f9-d6d4022185c6-jpgrendition.jpg?im=whresize&wid=200&hei=200,https://media-www.canadiantire.ca/product/automotive/automotive-outdoor-adventure/auto-travel-storage/0409680/endurance-6-pole-round-vehicle-end-metal--206f47b2-dbb0-4b2a-b2f9-d6d4022185c6-jpgrendition.jpg?im=whresize&wid=200&hei=200,,0409680,040-9680-0,Il n’en reste que 2 #040-9680-0,Liquidation◊Mieux notés,80.27,"4,93","24,99"
346,"Miss.Mavis & Dundas, ON","Trousse d'embout de pulvérisation de teinture Graco TrueCoat 360, limite la surpulvérisation","Trousse d'embout de pulvérisation de teinture Graco TrueCoat 360, limite la surpulvérisation",12.93,"12,93 $",33.99,"Était±  33,99 $prix était 33,99 $",12.93,"12,93 $",12.93,"12,93 $",true,https://www.canadiantire.ca/fr/pdp/trousse-d-embout-de-pulverisation-de-teinture-graco-truecoat-360-limite-la-surpulverisation-0492570p.html,https://www.canadiantire.ca/fr/pdp/trousse-d-embout-de-pulverisation-de-teinture-graco-truecoat-360-limite-la-surpulverisation-0492570p.html,https://media-www.canadiantire.ca/product/fixing/paint/paint-accessories/0492570/truecoat-360-stain-tip-kit-dc06ac2d-09d2-48f1-a15d-5d0c4750ea82-jpgrendition.jpg?im=whresize&wid=200&hei=200,https://media-www.canadiantire.ca/product/fixing/paint/paint-accessories/0492570/truecoat-360-stain-tip-kit-dc06ac2d-09d2-48f1-a15d-5d0c4750ea82-jpgrendition.jpg?im=whresize&wid=200&hei=200,,0492570,049-2570-6,Il n’en reste que 1 #049-2570-6,Liquidation◊,61.96,"12,93","33,99"
346,"Miss.Mavis & Dundas, ON","Cache-cou Outbound, tricot torsadé, pour femmes","Cache-cou Outbound, tricot torsadé, pour femmes",9.93,"9,93 $",24.99,"Était±  24,99 $prix était 24,99 $",9.93,"9,93 $",9.93,"9,93 $",true,https://www.canadiantire.ca/fr/pdp/cache-cou-outbound-tricot-torsade-pour-femmes-1873337p.html,https://www.canadiantire.ca/fr/pdp/cache-cou-outbound-tricot-torsade-pour-femmes-1873337p.html,https://media-www.canadiantire.ca/product/playing/footwear-apparel/winter-footwear-apparel/1873337/outbound-ladies-blend-cable-neck-warmer-one-size-6c72d1ee-f748-4585-8f92-41b4ad18cd4e-jpgrendition.jpg?im=whresize&wid=200&hei=200,https://media-www.canadiantire.ca/product/playing/footwear-apparel/winter-footwear-apparel/1873337/outbound-ladies-blend-cable-neck-warmer-one-size-6c72d1ee-f748-4585-8f92-41b4ad18cd4e-jpgrendition.jpg?im=whresize&wid=200&hei=200,,1873337,187-3337-8,,Liquidation◊Exclusivité,60.26,"9,93","24,99"
346,"Miss.Mavis & Dundas, ON","Embout de vaporisateur Graco TrueAirless 211, noir/argenté","Embout de vaporisateur Graco TrueAirless 211, noir/argenté",24.93,"24,93 $",59.99,"Était±  59,99 $prix était 59,99 $",24.93,"24,93 $",24.93,"24,93 $",true,https://www.canadiantire.ca/fr/pdp/embout-de-vaporisateur-graco-trueairless-211-noir-argente-0492550p.html,https://www.canadiantire.ca/fr/pdp/embout-de-vaporisateur-graco-trueairless-211-noir-argente-0492550p.html,https://media-www.canadiantire.ca/product/fixing/paint/paint-accessories/0492550/trueairless-211-spray-tip-06eceb0d-d65e-4b23-9264-8f429158fcbf-jpgrendition.jpg?im=whresize&wid=200&hei=200,https://media-www.canadiantire.ca/product/fixing/paint/paint-accessories/0492550/trueairless-211-spray-tip-06eceb0d-d65e-4b23-9264-8f429158fcbf-jpgrendition.jpg?im=whresize&wid=200&hei=200,,0492550,049-2550-4,Il n’en reste que 2 #049-2550-4,Liquidation◊Mieux notés,58.44,"24,93","59,99"
346,"Miss.Mavis & Dundas, ON","Veste utilitaire ajustable NERF N-Strike Elite avec rangement pour chargeurs et fléchettes, 8 ans et plus","Veste utilitaire ajustable NERF N-Strike Elite avec rangement pour chargeurs et fléchettes, 8 ans et plus",17.93,"17,93 $",39.99,"Était±  39,99 $prix était 39,99 $",17.93,"17,93 $",17.93,"17,93 $",true,https://www.canadiantire.ca/fr/pdp/veste-utilitaire-ajustable-nerf-n-strike-elite-avec-rangement-pour-chargeurs-et-flechettes-8-ans-et-plus-0504961p.html,https://www.canadiantire.ca/fr/pdp/veste-utilitaire-ajustable-nerf-n-strike-elite-avec-rangement-pour-chargeurs-et-flechettes-8-ans-et-plus-0504961p.html,https://media-www.canadiantire.ca/product/seasonal-gardening/toys/toys-games/0504961/nerf-elite-vest-e06e8d83-1304-465f-89ce-5ea7a091bee6-jpgrendition.jpg?im=whresize&wid=200&hei=200,https://media-www.canadiantire.ca/product/seasonal-gardening/toys/toys-games/0504961/nerf-elite-vest-e06e8d83-1304-465f-89ce-5ea7a091bee6-jpgrendition.jpg?im=whresize&wid=200&hei=200,,0504961,050-4961-8,Il n’en reste que 3 #050-4961-8,Liquidation◊,55.16,"17,93","39,99"
346,"Miss.Mavis & Dundas, ON",Appeau Primos Mouse Squeeze,Appeau Primos Mouse Squeeze,1.93,"1,93 $",15.49,"Était±  15,49 $prix était 15,49 $",1.93,"1,93 $",1.93,"1,93 $",true,https://www.canadiantire.ca/fr/pdp/appeau-primos-mouse-squeeze-1755892p.html,https://www.canadiantire.ca/fr/pdp/appeau-primos-mouse-squeeze-1755892p.html,https://media-www.canadiantire.ca/product/playing/hunting/hunting-accessories/1755892/tasco-1x30-3-moa-red-dot-sight-with-hi-lo-mount-8b911990-2db1-486e-a0e7-ea4412899f65.png?im=whresize&wid=200&hei=200,https://media-www.canadiantire.ca/product/playing/hunting/hunting-accessories/1755892/tasco-1x30-3-moa-red-dot-sight-with-hi-lo-mount-8b911990-2db1-486e-a0e7-ea4412899f65.png?im=whresize&wid=200&hei=200,,1755892,175-5892-0,,Liquidation◊Mieux notés,87.54,"1,93","15,49"
346,"Miss.Mavis & Dundas, ON",Filtre de rechange pour aspirateur Hoover ONEPWR Evolve,Filtre de rechange pour aspirateur Hoover ONEPWR Evolve,4.93,"4,93 $",21.99,"Était±  21,99 $prix était 21,99 $",4.93,"4,93 $",4.93,"4,93 $",true,https://www.canadiantire.ca/fr/pdp/filtre-de-rechange-pour-aspirateur-hoover-onepwr-evolve-0439450p.html,https://www.canadiantire.ca/fr/pdp/filtre-de-rechange-pour-aspirateur-hoover-onepwr-evolve-0439450p.html,https://media-www.canadiantire.ca/product/living/cleaning/vacuums-and-floorcare/0439450/hoover-onepwr-evolve-vacuum-filter-20d9da65-2fc3-4540-ac74-50d717d43b28-jpgrendition.jpg?im=whresize&wid=200&hei=200,https://media-www.canadiantire.ca/product/living/cleaning/vacuums-and-floorcare/0439450/hoover-onepwr-evolve-vacuum-filter-20d9da65-2fc3-4540-ac74-50d717d43b28-jpgrendition.jpg?im=whresize&wid=200&hei=200,,0439450,043-9450-2,Il n’en reste que 1 #043-9450-2,Liquidation◊Mieux notés,77.58,"4,93","21,99"
346,"Miss.Mavis & Dundas, ON","Bande lumineuse à DEL Alpena, blanc pur / blanc doux","Bande lumineuse à DEL Alpena, blanc pur / blanc doux",30.93,"30,93 $",89.99,"Était±  89,99 $prix était 89,99 $",30.93,"30,93 $",30.93,"30,93 $",true,https://www.canadiantire.ca/fr/pdp/bande-lumineuse-a-del-alpena-blanc-pur-blanc-doux-0411682p.html,https://www.canadiantire.ca/fr/pdp/bande-lumineuse-a-del-alpena-blanc-pur-blanc-doux-0411682p.html,https://media-www.canadiantire.ca/product/automotive/automotive-outdoor-adventure/auto-travel-storage/0411682/pure-white-soft-white-led-strip-lighting--84c663bd-0525-4aea-bdfd-b085a278a7f3.png?im=whresize&wid=200&hei=200,https://media-www.canadiantire.ca/product/automotive/automotive-outdoor-adventure/auto-travel-storage/0411682/pure-white-soft-white-led-strip-lighting--84c663bd-0525-4aea-bdfd-b085a278a7f3.png?im=whresize&wid=200&hei=200,,0411682,041-1682-2,Il n’en reste que 1 #041-1682-2,Liquidation◊Mieux notés,65.63,"30,93","89,99"
346,"Miss.Mavis & Dundas, ON",Accessoire turbo motorisé pour poils d'animaux Hoover OnePWR,Accessoire turbo motorisé pour poils d'animaux Hoover OnePWR,24.93,"24,93 $",79.99,"Était±  79,99 $prix était 79,99 $",24.93,"24,93 $",24.93,"24,93 $",true,https://www.canadiantire.ca/fr/pdp/accessoire-turbo-motorise-pour-poils-d-animaux-hoover-onepwr-0438265p.html,https://www.canadiantire.ca/fr/pdp/accessoire-turbo-motorise-pour-poils-d-animaux-hoover-onepwr-0438265p.html,https://media-www.canadiantire.ca/product/living/cleaning/vacuums-and-floorcare/0438265/hoover-onepwr-blade-motorized-pet-turbo-tool-428aedde-61cd-4390-804e-a012d17d22f1-jpgrendition.jpg?im=whresize&wid=200&hei=200,https://media-www.canadiantire.ca/product/living/cleaning/vacuums-and-floorcare/0438265/hoover-onepwr-blade-motorized-pet-turbo-tool-428aedde-61cd-4390-804e-a012d17d22f1-jpgrendition.jpg?im=whresize&wid=200&hei=200,,0438265,043-8265-0,Il n’en reste que 1 #043-8265-0,Liquidation◊,68.83,"24,93","79,99"
346,"Miss.Mavis & Dundas, ON","Moules à sable en petits gâteaux en plastique, multicolore, 2 ans et plus, pour activités estivales/plage, paq. 12","Moules à sable en petits gâteaux en plastique, multicolore, 2 ans et plus, pour activités estivales/plage, paq. 12",2.93,"2,93 $",8.99,"Était±  8,99 $prix était 8,99 $",2.93,"2,93 $",2.93,"2,93 $",true,https://www.canadiantire.ca/fr/pdp/moules-a-sable-en-petits-gateaux-en-plastique-multicolore-2-ans-et-plus-pour-activites-estivales-plage-paq-12-0509125p.html,https://www.canadiantire.ca/fr/pdp/moules-a-sable-en-petits-gateaux-en-plastique-multicolore-2-ans-et-plus-pour-activites-estivales-plage-paq-12-0509125p.html,https://media-www.canadiantire.ca/product/seasonal-gardening/toys/seasonal-toys/0509125/8-piece-cupcake-beach-set-9c825c22-a3ba-49b2-9998-0914a2774156-jpgrendition.jpg?im=whresize&wid=200&hei=200,https://media-www.canadiantire.ca/product/seasonal-gardening/toys/seasonal-toys/0509125/8-piece-cupcake-beach-set-9c825c22-a3ba-49b2-9998-0914a2774156-jpgrendition.jpg?im=whresize&wid=200&hei=200,,0509125,050-9125-0,,Liquidation◊Mieux notés,67.41,"2,93","8,99"
346,"Miss.Mavis & Dundas, ON","Barre d'attelage Reese Towpower, classe V, abaissement de 3 po; noir","Barre d'attelage Reese Towpower, classe V, abaissement de 3 po; noir",27.93,"27,93 $",59.99,"Était±  59,99 $prix était 59,99 $",27.93,"27,93 $",27.93,"27,93 $",true,https://www.canadiantire.ca/fr/pdp/barre-d-attelage-reese-towpower-classe-v-abaissement-de-3-po-noir-0403010p.html,https://www.canadiantire.ca/fr/pdp/barre-d-attelage-reese-towpower-classe-v-abaissement-de-3-po-noir-0403010p.html,https://media-www.canadiantire.ca/product/automotive/automotive-outdoor-adventure/auto-travel-storage/0403010/classvstandardballmount-970268cd-5ca2-41df-83f6-2c071ab77469-jpgrendition.jpg?im=whresize&wid=200&hei=200,https://media-www.canadiantire.ca/product/automotive/automotive-outdoor-adventure/auto-travel-storage/0403010/classvstandardballmount-970268cd-5ca2-41df-83f6-2c071ab77469-jpgrendition.jpg?im=whresize&wid=200&hei=200,,0403010,040-3010-2,Il n’en reste que 3 #040-3010-2,Liquidation◊Mieux notés,53.44,"27,93","59,99"
346,"Miss.Mavis & Dundas, ON",AFG 7.3 AR - Vélo stationnaire incliné,AFG 7.3 AR - Vélo stationnaire incliné,499.93,"499,93 $",1699.99,"Était±  1 699,99 $prix était 1 699,99 $",499.93,"499,93 $",499.93,"499,93 $",true,https://www.canadiantire.ca/fr/pdp/afg-7-3-ar-velo-stationnaire-incline-0844932p.html,https://www.canadiantire.ca/fr/pdp/afg-7-3-ar-velo-stationnaire-incline-0844932p.html,https://media-www.canadiantire.ca/product/playing/exercise/exercise-equipment/0844932/afg-7-3ar-recumbent-bike-96f49cc1-93ec-4457-aef0-ca130ad5dea1-jpgrendition.jpg?im=whresize&wid=200&hei=200,https://media-www.canadiantire.ca/product/playing/exercise/exercise-equipment/0844932/afg-7-3ar-recumbent-bike-96f49cc1-93ec-4457-aef0-ca130ad5dea1-jpgrendition.jpg?im=whresize&wid=200&hei=200,,0844932,084-4932-8,Il n’en reste que 1 #084-4932-8,Liquidation◊,70.59,"499,93","1699,99"
346,"Miss.Mavis & Dundas, ON",Écumoire en métal pour pêche blanche Rapala avec brise-glace,Écumoire en métal pour pêche blanche Rapala avec brise-glace,8.93,"8,93 $",17.99,"Était±  17,99 $prix était 17,99 $",8.93,"8,93 $",8.93,"8,93 $",true,https://www.canadiantire.ca/fr/pdp/ecumoire-en-metal-pour-peche-blanche-rapala-avec-brise-glace-0788104p.html,https://www.canadiantire.ca/fr/pdp/ecumoire-en-metal-pour-peche-blanche-rapala-avec-brise-glace-0788104p.html,https://media-www.canadiantire.ca/product/playing/fishing/ice-fishing/0788104/rapala-metal-ice-skimmer-with-ice-chipper-20--17bcae29-e590-4981-87a7-9bc51c5327c3-jpgrendition.jpg?im=whresize&wid=200&hei=200,https://media-www.canadiantire.ca/product/playing/fishing/ice-fishing/0788104/rapala-metal-ice-skimmer-with-ice-chipper-20--17bcae29-e590-4981-87a7-9bc51c5327c3-jpgrendition.jpg?im=whresize&wid=200&hei=200,,0788104,078-8104-2,,Liquidation◊Mieux notés,50.36,"8,93","17,99"
346,"Miss.Mavis & Dundas, ON","Véhicule New Bright Snakebite à l'échelle 1:10 avec vapeur, 6 ans et plus","Véhicule New Bright Snakebite à l'échelle 1:10 avec vapeur, 6 ans et plus",64.73,"64,73 $",129.99,"Était±  129,99 $prix était 129,99 $",64.73,"64,73 $",64.73,"64,73 $",true,https://www.canadiantire.ca/fr/pdp/vehicule-new-bright-snakebite-a-l-echelle-1-10-avec-vapeur-6-ans-et-plus-0509561p.html,https://www.canadiantire.ca/fr/pdp/vehicule-new-bright-snakebite-a-l-echelle-1-10-avec-vapeur-6-ans-et-plus-0509561p.html,https://media-www.canadiantire.ca/product/seasonal-gardening/toys/toys-games/0509561/new-bright-1-10-snakebite-with-vapour-03010759-af41-4e94-8140-13bd69e8a65b-jpgrendition.jpg?im=whresize&wid=200&hei=200,https://media-www.canadiantire.ca/product/seasonal-gardening/toys/toys-games/0509561/new-bright-1-10-snakebite-with-vapour-03010759-af41-4e94-8140-13bd69e8a65b-jpgrendition.jpg?im=whresize&wid=200&hei=200,,0509561,050-9561-0,Il n’en reste que 1 #050-9561-0,Liquidation◊Exclusivité,50.2,"64,73","129,99"
346,"Miss.Mavis & Dundas, ON","Relais Pilot PL-RY2, 40 A","Relais Pilot PL-RY2, 40 A",2.93,"2,93 $",6.99,"Était±  6,99 $prix était 6,99 $",2.93,"2,93 $",2.93,"2,93 $",true,https://www.canadiantire.ca/fr/pdp/relais-pilot-pl-ry2-40-a-0203760p.html,https://www.canadiantire.ca/fr/pdp/relais-pilot-pl-ry2-40-a-0203760p.html,https://media-www.canadiantire.ca/product/automotive/automotive-outdoor-adventure/auto-travel-storage/0203760/pilot-automotive-40-amp-relay-fe591282-cd0b-4417-95bb-ec5bea73c715-jpgrendition.jpg?im=whresize&wid=200&hei=200,https://media-www.canadiantire.ca/product/automotive/automotive-outdoor-adventure/auto-travel-storage/0203760/pilot-automotive-40-amp-relay-fe591282-cd0b-4417-95bb-ec5bea73c715-jpgrendition.jpg?im=whresize&wid=200&hei=200,,0203760,020-3760-4,Il n’en reste que 1 #020-3760-4,Liquidation◊Mieux notés,58.08,"2,93","6,99"
346,"Miss.Mavis & Dundas, ON","Crépines en filet Bennett prévenant l’obstruction des pulvérisateurs, paq. 4","Crépines en filet Bennett prévenant l’obstruction des pulvérisateurs, paq. 4",0.93,"0,93 $",4.29,"Était±  4,29 $prix était 4,29 $",0.93,"0,93 $",0.93,"0,93 $",true,https://www.canadiantire.ca/fr/pdp/crepines-en-filet-bennett-prevenant-l-obstruction-des-pulverisateurs-paq-4-0492618p.html,https://www.canadiantire.ca/fr/pdp/crepines-en-filet-bennett-prevenant-l-obstruction-des-pulverisateurs-paq-4-0492618p.html,https://media-www.canadiantire.ca/product/fixing/paint/paint-accessories/0492618/paint-strainer-4-pack-6243a281-34bb-4a66-ba3c-801ddb376e7e-jpgrendition.jpg?im=whresize&wid=200&hei=200,https://media-www.canadiantire.ca/product/fixing/paint/paint-accessories/0492618/paint-strainer-4-pack-6243a281-34bb-4a66-ba3c-801ddb376e7e-jpgrendition.jpg?im=whresize&wid=200&hei=200,,0492618,049-2618-6,79 En Stock#049-2618-6,Liquidation◊Exclusivité,78.32,"0,93","4,29"
346,"Miss.Mavis & Dundas, ON","Bouton-pressoir lumineux hydrofuge à fil pour sonnette avec montage encastré Globe, métal blanc","Bouton-pressoir lumineux hydrofuge à fil pour sonnette avec montage encastré Globe, métal blanc",7.93,"7,93 $",15.99,"Était±  15,99 $prix était 15,99 $",7.93,"7,93 $",7.93,"7,93 $",true,https://www.canadiantire.ca/fr/pdp/bouton-pressoir-lumineux-hydrofuge-a-fil-pour-sonnette-avec-montage-encastre-globe-metal-blanc-0521741p.html,https://www.canadiantire.ca/fr/pdp/bouton-pressoir-lumineux-hydrofuge-a-fil-pour-sonnette-avec-montage-encastre-globe-metal-blanc-0521741p.html,https://media-www.canadiantire.ca/product/fixing/hardware/curb-appeal/0521741/wired-push-button-white-metal-lighted-recess-mount-ea476911-5c41-4a2e-b60d-d249e1381e3f-jpgrendition.jpg?im=whresize&wid=200&hei=200,https://media-www.canadiantire.ca/product/fixing/hardware/curb-appeal/0521741/wired-push-button-white-metal-lighted-recess-mount-ea476911-5c41-4a2e-b60d-d249e1381e3f-jpgrendition.jpg?im=whresize&wid=200&hei=200,,0521741,052-1741-6,Il n’en reste que 2 #052-1741-6,Liquidation◊,50.41,"7,93","15,99"
346,"Miss.Mavis & Dundas, ON",Luminaire suspendu à 3 lumières Artika Crystal Nest,Luminaire suspendu à 3 lumières Artika Crystal Nest,79.93,"79,93 $",199.99,"Était±  199,99 $prix était 199,99 $",79.93,"79,93 $",79.93,"79,93 $",true,https://www.canadiantire.ca/fr/pdp/luminaire-suspendu-a-3-lumieres-artika-crystal-nest-0521708p.html,https://www.canadiantire.ca/fr/pdp/luminaire-suspendu-a-3-lumieres-artika-crystal-nest-0521708p.html,https://media-www.canadiantire.ca/product/fixing/electrical/lighting/0521708/artika-crystal-nest-pendant-68eecc32-b600-4988-b52b-61e2a26c2c2c-jpgrendition.jpg?im=whresize&wid=200&hei=200,https://media-www.canadiantire.ca/product/fixing/electrical/lighting/0521708/artika-crystal-nest-pendant-68eecc32-b600-4988-b52b-61e2a26c2c2c-jpgrendition.jpg?im=whresize&wid=200&hei=200,,0521708,052-1708-8,Il n’en reste que 1 #052-1708-8,Liquidation◊Mieux notés,60.03,"79,93","199,99"
346,"Miss.Mavis & Dundas, ON","Plafonnier à DEL très vives Custom Accessories LED Innovations, multicolore","Plafonnier à DEL très vives Custom Accessories LED Innovations, multicolore",13.93,"13,93 $",29.99,"Était±  29,99 $prix était 29,99 $",13.93,"13,93 $",13.93,"13,93 $",true,https://www.canadiantire.ca/fr/pdp/plafonnier-a-del-tres-vives-custom-accessories-led-innovations-multicolore-0374577p.html,https://www.canadiantire.ca/fr/pdp/plafonnier-a-del-tres-vives-custom-accessories-led-innovations-multicolore-0374577p.html,https://media-www.canadiantire.ca/product/automotive/car-care-accessories/auto-accessories/0374577/led-innovation-ultra-bright-dome-light-multi-colour-810d9ead-c87e-4a06-a65c-cf7bf31fdc4d-jpgrendition.jpg?im=whresize&wid=200&hei=200,https://media-www.canadiantire.ca/product/automotive/car-care-accessories/auto-accessories/0374577/led-innovation-ultra-bright-dome-light-multi-colour-810d9ead-c87e-4a06-a65c-cf7bf31fdc4d-jpgrendition.jpg?im=whresize&wid=200&hei=200,,0374577,037-4577-8,Il n’en reste que 5 #037-4577-8,Liquidation◊Mieux notés,53.55,"13,93","29,99"
346,"Miss.Mavis & Dundas, ON","Oeufs de Pâques remplissables, paq. 48","Oeufs de Pâques remplissables, paq. 48",4.93,"4,93 $",9.99,"Était±  9,99 $prix était 9,99 $",4.93,"4,93 $",4.93,"4,93 $",true,https://www.canadiantire.ca/fr/pdp/oeufs-de-paques-remplissables-paq-48-8532136p.html,https://www.canadiantire.ca/fr/pdp/oeufs-de-paques-remplissables-paq-48-8532136p.html,https://media-www.partycity.ca/product/seasonal-gardening/party-city-seasonal/party-city-micro-season-decor/8532136/fillable-easter-eggs-48ct-acf89dfb-95a0-4224-92c3-affc0c002533-jpgrendition.jpg?im=whresize&wid=200&hei=200,https://media-www.partycity.ca/product/seasonal-gardening/party-city-seasonal/party-city-micro-season-decor/8532136/fillable-easter-eggs-48ct-acf89dfb-95a0-4224-92c3-affc0c002533-jpgrendition.jpg?im=whresize&wid=200&hei=200,,8532136,853-2136-6,,Liquidation◊Mieux notés,50.65,"4,93","9,99"
346,"Miss.Mavis & Dundas, ON","Égaliseur de plancher Shur-Trim, argent, 1,5 po x 3 pi","Égaliseur de plancher Shur-Trim, argent, 1,5 po x 3 pi",3.93,"3,93 $",8.99,"Était±  8,99 $prix était 8,99 $",3.93,"3,93 $",3.93,"3,93 $",true,https://www.canadiantire.ca/fr/pdp/egaliseur-de-plancher-shur-trim-argent-1-5-po-x-3-pi-0682813p.html,https://www.canadiantire.ca/fr/pdp/egaliseur-de-plancher-shur-trim-argent-1-5-po-x-3-pi-0682813p.html,https://media-www.canadiantire.ca/product/living/home-decor/floor-window-decor/0682813/1-5x3-foot-equalizer-058129a6-1a51-45a7-9070-d77c38b247c0-jpgrendition.jpg?im=whresize&wid=200&hei=200,https://media-www.canadiantire.ca/product/living/home-decor/floor-window-decor/0682813/1-5x3-foot-equalizer-058129a6-1a51-45a7-9070-d77c38b247c0-jpgrendition.jpg?im=whresize&wid=200&hei=200,,0682813,068-2813-4,Il n’en reste que 3 #068-2813-4,Liquidation◊Mieux notés,56.28,"3,93","8,99"
346,"Miss.Mavis & Dundas, ON","Jouet pour chats SmartKat Chitter Critter Electronic Sound Kicker, alimenté par piles","Jouet pour chats SmartKat Chitter Critter Electronic Sound Kicker, alimenté par piles",4.93,"4,93 $",9.99,"Était±  9,99 $prix était 9,99 $",4.93,"4,93 $",4.93,"4,93 $",true,https://www.canadiantire.ca/fr/pdp/jouet-pour-chats-smartkat-chitter-critter-electronic-sound-kicker-alimente-par-piles-1426153p.html,https://www.canadiantire.ca/fr/pdp/jouet-pour-chats-smartkat-chitter-critter-electronic-sound-kicker-alimente-par-piles-1426153p.html,https://media-www.canadiantire.ca/product/living/pet-care/pet-accessories/1426153/smartykat-chitter-critter-e463ce65-41cf-43b6-a49c-3a94ad30fbad-jpgrendition.jpg?im=whresize&wid=200&hei=200,https://media-www.canadiantire.ca/product/living/pet-care/pet-accessories/1426153/smartykat-chitter-critter-e463ce65-41cf-43b6-a49c-3a94ad30fbad-jpgrendition.jpg?im=whresize&wid=200&hei=200,,1426153,142-6153-2,Il n’en reste que 1 #142-6153-2,Liquidation◊Mieux notés,50.65,"4,93","9,99"
346,"Miss.Mavis & Dundas, ON","Marqueur de neige géant à deux pointes géant pour enfants Snow Fun, jouet d'artiste d'hiver extérieur, bleu/rouge, 5 ans et plus","Marqueur de neige géant à deux pointes géant pour enfants Snow Fun, jouet d'artiste d'hiver extérieur, bleu/rouge, 5 ans et plus",3.43,"3,43 $",8.29,"Était±  8,29 $prix était 8,29 $",3.43,"3,43 $",3.43,"3,43 $",true,https://www.canadiantire.ca/fr/pdp/marqueur-de-neige-geant-a-deux-pointes-geant-pour-enfants-snow-fun-jouet-d-artiste-d-hiver-exterieur-bleu-rouge-5-ans-et-plus-0821092p.html,https://www.canadiantire.ca/fr/pdp/marqueur-de-neige-geant-a-deux-pointes-geant-pour-enfants-snow-fun-jouet-d-artiste-d-hiver-exterieur-bleu-rouge-5-ans-et-plus-0821092p.html,https://media-www.canadiantire.ca/product/playing/seasonal-recreation/winter-recreation/0821092/jumbo-sno-marker-18200921-4b5e-44b7-9c68-3bf82f31fd5f-jpgrendition.jpg?im=whresize&wid=200&hei=200,https://media-www.canadiantire.ca/product/playing/seasonal-recreation/winter-recreation/0821092/jumbo-sno-marker-18200921-4b5e-44b7-9c68-3bf82f31fd5f-jpgrendition.jpg?im=whresize&wid=200&hei=200,,0821092,082-1092-8,,Liquidation◊,58.62,"3,43","8,29"
346,"Miss.Mavis & Dundas, ON","Manchon de rouleau Wagner Smart, 3/8 x 3 po","Manchon de rouleau Wagner Smart, 3/8 x 3 po",1.93,"1,93 $",9.29,"Était±  9,29 $prix était 9,29 $",1.93,"1,93 $",1.93,"1,93 $",true,https://www.canadiantire.ca/fr/pdp/manchon-de-rouleau-wagner-smart-3-8-x-3-po-0490391p.html,https://www.canadiantire.ca/fr/pdp/manchon-de-rouleau-wagner-smart-3-8-x-3-po-0490391p.html,https://media-www.canadiantire.ca/product/fixing/paint/paint-accessories/0490391/wagner-roller-cover-3-8-x3-for-49-0390-759f29da-b5d6-4bbf-a0e3-bcf3b727effc.png?im=whresize&wid=200&hei=200,https://media-www.canadiantire.ca/product/fixing/paint/paint-accessories/0490391/wagner-roller-cover-3-8-x3-for-49-0390-759f29da-b5d6-4bbf-a0e3-bcf3b727effc.png?im=whresize&wid=200&hei=200,,0490391,049-0391-4,Il n’en reste que 2 #049-0391-4,Liquidation◊,79.22,"1,93","9,29"
346,"Miss.Mavis & Dundas, ON","Câble robuste Scosche StrikelineMC USB-C à USB-C, certifié USB Type-C, câble robuste, noir, 4 pi","Câble robuste Scosche StrikelineMC USB-C à USB-C, certifié USB Type-C, câble robuste, noir, 4 pi",9.93,"9,93 $",25.99,"Était±  25,99 $prix était 25,99 $",9.93,"9,93 $",9.93,"9,93 $",true,https://www.canadiantire.ca/fr/pdp/cable-robuste-scosche-strikelinemc-usb-c-a-usb-c-certifie-usb-type-c-cable-robuste-noir-4-pi-0355560p.html,https://www.canadiantire.ca/fr/pdp/cable-robuste-scosche-strikelinemc-usb-c-a-usb-c-certifie-usb-type-c-cable-robuste-noir-4-pi-0355560p.html,https://media-www.canadiantire.ca/product/automotive/car-care-accessories/auto-electronics/0355560/scosche-strikeline-heavy-duty-usb-c-to-usb-c-cable-4ft-b45270c0-4949-4c58-b752-c76bb5a097b2-jpgrendition.jpg?im=whresize&wid=200&hei=200,https://media-www.canadiantire.ca/product/automotive/car-care-accessories/auto-electronics/0355560/scosche-strikeline-heavy-duty-usb-c-to-usb-c-cable-4ft-b45270c0-4949-4c58-b752-c76bb5a097b2-jpgrendition.jpg?im=whresize&wid=200&hei=200,,0355560,035-5560-4,Il n’en reste que 3 #035-5560-4,Liquidation◊Mieux notés,61.79,"9,93","25,99"
346,"Miss.Mavis & Dundas, ON","Microlumières de tableau de bord Custom Accessories LED Innovations, paq. 4","Microlumières de tableau de bord Custom Accessories LED Innovations, paq. 4",6.93,"6,93 $",14.99,"14,99 $Était   et+ prix était à partir de 14,99 $",6.93,"6,93 $",6.93,"6,93 $",true,https://www.canadiantire.ca/fr/pdp/microlumieres-de-tableau-de-bord-custom-accessories-led-innovations-paq-4-0374575p.html,https://www.canadiantire.ca/fr/pdp/microlumieres-de-tableau-de-bord-custom-accessories-led-innovations-paq-4-0374575p.html,https://media-www.canadiantire.ca/product/automotive/car-care-accessories/auto-accessories/0374575/led-innovations-micro-dash-light-red-4pc--029dc191-2774-4940-9c05-44f1334a2b7e-jpgrendition.jpg?im=whresize&wid=200&hei=200,https://media-www.canadiantire.ca/product/automotive/car-care-accessories/auto-accessories/0374575/led-innovations-micro-dash-light-red-4pc--029dc191-2774-4940-9c05-44f1334a2b7e-jpgrendition.jpg?im=whresize&wid=200&hei=200,,0374575,037-4575,Vérifiez la disponibilité#037-4575X,Liquidation◊,53.77,"6,93","14,99"
346,"Miss.Mavis & Dundas, ON","Chapeau de sorcière fluorescent à DEL Gemmy, vert","Chapeau de sorcière fluorescent à DEL Gemmy, vert",14.93,"14,93 $",29.99,"Était±  29,99 $prix était 29,99 $",14.93,"14,93 $",14.93,"14,93 $",true,https://www.canadiantire.ca/fr/pdp/chapeau-de-sorciere-fluorescent-a-del-gemmy-vert-8554850p.html,https://www.canadiantire.ca/fr/pdp/chapeau-de-sorciere-fluorescent-a-del-gemmy-vert-8554850p.html,https://media-www.canadiantire.ca/product/party-city/party-city-seasonal/party-city-halloween-harvest/8554850/led-neon-witch-hat-green-221b8287-180c-4246-9767-e4486d476a12-jpgrendition.jpg?im=whresize&wid=200&hei=200,https://media-www.canadiantire.ca/product/party-city/party-city-seasonal/party-city-halloween-harvest/8554850/led-neon-witch-hat-green-221b8287-180c-4246-9767-e4486d476a12-jpgrendition.jpg?im=whresize&wid=200&hei=200,,8554850,855-4850-8,Il n’en reste que 1 #855-4850-8,Liquidation◊Mieux notés,50.22,"14,93","29,99"
346,"Miss.Mavis & Dundas, ON",Harnais à boucle en Y Huntshield pour jumelles,Harnais à boucle en Y Huntshield pour jumelles,11.93,"11,93 $",25.99,"Était±  25,99 $prix était 25,99 $",11.93,"11,93 $",11.93,"11,93 $",true,https://www.canadiantire.ca/fr/pdp/harnais-a-boucle-en-y-huntshield-pour-jumelles-3750852p.html,https://www.canadiantire.ca/fr/pdp/harnais-a-boucle-en-y-huntshield-pour-jumelles-3750852p.html,https://media-www.canadiantire.ca/product/playing/hunting/hunting-accessories/3750852/hutnshield-beta-harness-f7041ecc-1d51-4691-be66-2d9275871370-jpgrendition.jpg?im=whresize&wid=200&hei=200,https://media-www.canadiantire.ca/product/playing/hunting/hunting-accessories/3750852/hutnshield-beta-harness-f7041ecc-1d51-4691-be66-2d9275871370-jpgrendition.jpg?im=whresize&wid=200&hei=200,,3750852,375-0852-0,Il n’en reste que 1 #375-0852-0,Liquidation◊Mieux notés,54.1,"11,93","25,99"
346,"Miss.Mavis & Dundas, ON","Feux à DEL ronds tout terrain Blazer C3067K, 12V","Feux à DEL ronds tout terrain Blazer C3067K, 12V",20.93,"20,93 $",49.99,"Était±  49,99 $prix était 49,99 $",20.93,"20,93 $",20.93,"20,93 $",true,https://www.canadiantire.ca/fr/pdp/feux-a-del-ronds-tout-terrain-blazer-c3067k-12v-0203780p.html,https://www.canadiantire.ca/fr/pdp/feux-a-del-ronds-tout-terrain-blazer-c3067k-12v-0203780p.html,https://media-www.canadiantire.ca/product/automotive/automotive-outdoor-adventure/auto-travel-storage/0203780/led-3-round-light-d76df1ca-28bd-4734-a648-4e309facfe4d-jpgrendition.jpg?im=whresize&wid=200&hei=200,https://media-www.canadiantire.ca/product/automotive/automotive-outdoor-adventure/auto-travel-storage/0203780/led-3-round-light-d76df1ca-28bd-4734-a648-4e309facfe4d-jpgrendition.jpg?im=whresize&wid=200&hei=200,,0203780,020-3780-6,Il n’en reste que 1 #020-3780-6,Liquidation◊,58.13,"20,93","49,99"
346,"Miss.Mavis & Dundas, ON","Lumière de tableau de bord Hercules ambre à DEL 12 V Alpena PROStrobe, étanche, blanc","Lumière de tableau de bord Hercules ambre à DEL 12 V Alpena PROStrobe, étanche, blanc",25.73,"25,73 $",63.99,"Était±  63,99 $prix était 63,99 $",25.73,"25,73 $",25.73,"25,73 $",true,https://www.canadiantire.ca/fr/pdp/lumiere-de-tableau-de-bord-hercules-ambre-a-del-12-v-alpena-prostrobe-etanche-blanc-0416240p.html,https://www.canadiantire.ca/fr/pdp/lumiere-de-tableau-de-bord-hercules-ambre-a-del-12-v-alpena-prostrobe-etanche-blanc-0416240p.html,https://media-www.canadiantire.ca/product/automotive/automotive-outdoor-adventure/auto-travel-storage/0416240/hercules-led-dash-light-6f7a314a-af12-4b89-9968-741030dbe03d-jpgrendition.jpg?im=whresize&wid=200&hei=200,https://media-www.canadiantire.ca/product/automotive/automotive-outdoor-adventure/auto-travel-storage/0416240/hercules-led-dash-light-6f7a314a-af12-4b89-9968-741030dbe03d-jpgrendition.jpg?im=whresize&wid=200&hei=200,,0416240,041-6240-4,Il n’en reste que 1 #041-6240-4,Liquidation◊,59.79,"25,73","63,99"
346,"Miss.Mavis & Dundas, ON","Housse de siège de luxe universelle pour VTT Classic Accessories QuadGear, noir","Housse de siège de luxe universelle pour VTT Classic Accessories QuadGear, noir",10.93,"10,93 $",74.99,"Était±  74,99 $prix était 74,99 $",10.93,"10,93 $",10.93,"10,93 $",true,https://www.canadiantire.ca/fr/pdp/housse-de-siege-de-luxe-universelle-pour-vtt-classic-accessories-quadgear-noir-0278105p.html,https://www.canadiantire.ca/fr/pdp/housse-de-siege-de-luxe-universelle-pour-vtt-classic-accessories-quadgear-noir-0278105p.html,https://media-www.canadiantire.ca/product/automotive/automotive-outdoor-adventure/powersport/0278105/deluxe-seat-cover-black-6d881f9c-3c7b-4356-986f-455f2f48f8f2-jpgrendition.jpg?im=whresize&wid=200&hei=200,https://media-www.canadiantire.ca/product/automotive/automotive-outdoor-adventure/powersport/0278105/deluxe-seat-cover-black-6d881f9c-3c7b-4356-986f-455f2f48f8f2-jpgrendition.jpg?im=whresize&wid=200&hei=200,,0278105,027-8105-2,Il n’en reste que 1 #027-8105-2,Liquidation◊,85.42,"10,93","74,99"
346,"Miss.Mavis & Dundas, ON","Bougie d’allumage de rechange FirstFire pour petit moteur, par E3, FF-18","Bougie d’allumage de rechange FirstFire pour petit moteur, par E3, FF-18",1.43,"1,43 $",6.79,"Était±  6,79 $prix était 6,79 $",1.43,"1,43 $",1.43,"1,43 $",true,https://www.canadiantire.ca/fr/pdp/bougie-d-allumage-de-rechange-firstfire-pour-petit-moteur-par-e3-ff-18-0607534p.html,https://www.canadiantire.ca/fr/pdp/bougie-d-allumage-de-rechange-firstfire-pour-petit-moteur-par-e3-ff-18-0607534p.html,https://media-www.canadiantire.ca/product/seasonal-gardening/outdoor-tools/tractor-lawn-mower-snowthrower-parts/0607534/first-fire-ff-18-spark-plug-4b4cf867-91bf-4520-9db9-fdb3ca1079b4-jpgrendition.jpg?im=whresize&wid=200&hei=200,https://media-www.canadiantire.ca/product/seasonal-gardening/outdoor-tools/tractor-lawn-mower-snowthrower-parts/0607534/first-fire-ff-18-spark-plug-4b4cf867-91bf-4520-9db9-fdb3ca1079b4-jpgrendition.jpg?im=whresize&wid=200&hei=200,,0607534,060-7534-4,Il n’en reste que 1 #060-7534-4,Liquidation◊Mieux notés,78.94,"1,43","6,79"
346,"Miss.Mavis & Dundas, ON","Contenant à gâteries Petco Reddy en acier inoxydable, 8,5 tasses","Contenant à gâteries Petco Reddy en acier inoxydable, 8,5 tasses",12.93,"12,93 $",32.99,"Était±  32,99 $prix était 32,99 $",12.93,"12,93 $",12.93,"12,93 $",true,https://www.canadiantire.ca/fr/pdp/contenant-a-gateries-petco-reddy-en-acier-inoxydable-8-5-tasses-1426903p.html,https://www.canadiantire.ca/fr/pdp/contenant-a-gateries-petco-reddy-en-acier-inoxydable-8-5-tasses-1426903p.html,https://media-www.canadiantire.ca/product/living/pet-care/pet-accessories/1426903/reddy-stainless-steel-treat-jar-8-5-cups-e60d6c22-a42f-4965-81f5-e428b62dec8e-jpgrendition.jpg?im=whresize&wid=200&hei=200,https://media-www.canadiantire.ca/product/living/pet-care/pet-accessories/1426903/reddy-stainless-steel-treat-jar-8-5-cups-e60d6c22-a42f-4965-81f5-e428b62dec8e-jpgrendition.jpg?im=whresize&wid=200&hei=200,,1426903,142-6903-8,Il n’en reste que 1 #142-6903-8,Liquidation◊Exclusivité,60.81,"12,93","32,99"
346,"Miss.Mavis & Dundas, ON","Housse de traîneau Shappell Jet, TG","Housse de traîneau Shappell Jet, TG",29.93,"29,93 $",59.99,"Était±  59,99 $prix était 59,99 $",29.93,"29,93 $",29.93,"29,93 $",true,https://www.canadiantire.ca/fr/pdp/housse-de-traineau-shappell-jet-tg-0771873p.html,https://www.canadiantire.ca/fr/pdp/housse-de-traineau-shappell-jet-tg-0771873p.html,https://media-www.canadiantire.ca/product/playing/fishing/ice-fishing/0771873/shappell-jet-sled-cover-xl-ea4bcf53-bb47-4893-b403-c4cffe9827ab-jpgrendition.jpg?im=whresize&wid=200&hei=200,https://media-www.canadiantire.ca/product/playing/fishing/ice-fishing/0771873/shappell-jet-sled-cover-xl-ea4bcf53-bb47-4893-b403-c4cffe9827ab-jpgrendition.jpg?im=whresize&wid=200&hei=200,,0771873,077-1873-4,,Liquidation◊,50.11,"29,93","59,99"
346,"Miss.Mavis & Dundas, ON","Bâton de gardien de but en composite CCM R2,5, rigidité de 85","Bâton de gardien de but en composite CCM R2,5, rigidité de 85",49.93,"49,93 $",119.99,"119,99 $Était   et+ prix était à partir de 119,99 $",49.93,"49,93 $",49.93,"49,93 $",true,https://www.canadiantire.ca/fr/pdp/baton-de-gardien-de-but-en-composite-ccm-r2-5-rigidite-de-85-0838457p.html,https://www.canadiantire.ca/fr/pdp/baton-de-gardien-de-but-en-composite-ccm-r2-5-rigidite-de-85-0838457p.html,https://media-www.canadiantire.ca/product/playing/hockey/hockey-sticks/0838444/ccm-r2-5-goalie-stick-junior-left-1245e9e3-4010-4956-9d0d-3fb02986c46c-jpgrendition.jpg?im=whresize&wid=200&hei=200,https://media-www.canadiantire.ca/product/playing/hockey/hockey-sticks/0838444/ccm-r2-5-goalie-stick-junior-left-1245e9e3-4010-4956-9d0d-3fb02986c46c-jpgrendition.jpg?im=whresize&wid=200&hei=200,,0838457,083-8457,Vérifiez la disponibilité#083-8457X,Liquidation◊Mieux notés,58.39,"49,93","119,99"
346,"Miss.Mavis & Dundas, ON","Luge Airhead SportsStuff Snow Rider Pro, 130 cm","Luge Airhead SportsStuff Snow Rider Pro, 130 cm",49.93,"49,93 $",99.99,"Était±  99,99 $prix était 99,99 $",49.93,"49,93 $",49.93,"49,93 $",true,https://www.canadiantire.ca/fr/pdp/luge-airhead-sportsstuff-snow-rider-pro-130-cm-0821119p.html,https://www.canadiantire.ca/fr/pdp/luge-airhead-sportsstuff-snow-rider-pro-130-cm-0821119p.html,https://media-www.canadiantire.ca/product/playing/seasonal-recreation/winter-recreation/0821119/sportsstuff-snow-rider-pro-130cm-9a68bb17-f48a-46e2-ad6f-03f706166e87-jpgrendition.jpg?im=whresize&wid=200&hei=200,https://media-www.canadiantire.ca/product/playing/seasonal-recreation/winter-recreation/0821119/sportsstuff-snow-rider-pro-130cm-9a68bb17-f48a-46e2-ad6f-03f706166e87-jpgrendition.jpg?im=whresize&wid=200&hei=200,,0821119,082-1119-8,Il n’en reste que 1 #082-1119-8,Liquidation◊,50.07,"49,93","99,99"
346,"Miss.Mavis & Dundas, ON","Assiettes rondes Achievement is Key, 9 po","Assiettes rondes Achievement is Key, 9 po",4.93,"4,93 $",11.99,"Était±  11,99 $prix était 11,99 $",4.93,"4,93 $",4.93,"4,93 $",true,https://www.canadiantire.ca/fr/pdp/assiettes-rondes-achievement-is-key-9-po-8549449p.html,https://www.canadiantire.ca/fr/pdp/assiettes-rondes-achievement-is-key-9-po-8549449p.html,https://media-www.partycity.ca/product/seasonal-gardening/party-city-seasonal/party-city-micro-season-decor/8549449/9-achievement-is-key-round-plate-7c4a3b05-486d-48bb-a2c8-0ed6de0d0c7c-jpgrendition.jpg?im=whresize&wid=200&hei=200,https://media-www.partycity.ca/product/seasonal-gardening/party-city-seasonal/party-city-micro-season-decor/8549449/9-achievement-is-key-round-plate-7c4a3b05-486d-48bb-a2c8-0ed6de0d0c7c-jpgrendition.jpg?im=whresize&wid=200&hei=200,,8549449,854-9449-8,Il n’en reste que 1 #854-9449-8,Liquidation◊Mieux notés,58.88,"4,93","11,99"
346,"Miss.Mavis & Dundas, ON","Parka et manteau de chasse imperméable et perméable à l'air 3-en-1 Huntshield pour hommes avec capuchon, camouflage","Parka et manteau de chasse imperméable et perméable à l'air 3-en-1 Huntshield pour hommes avec capuchon, camouflage",87.93,"87,93 $",219.99,"219,99 $Était   et+ prix était à partir de 219,99 $",87.93,"87,93 $",87.93,"87,93 $",true,https://www.canadiantire.ca/fr/pdp/parka-et-manteau-de-chasse-impermeable-et-permeable-a-l-air-3-en-1-huntshield-pour-hommes-avec-capuchon-camouflage-3750171p.html,https://www.canadiantire.ca/fr/pdp/parka-et-manteau-de-chasse-impermeable-et-permeable-a-l-air-3-en-1-huntshield-pour-hommes-avec-capuchon-camouflage-3750171p.html,https://media-www.canadiantire.ca/product/playing/hunting/hunting-apparel-footwear/3750171/huntshield-3-in-1-parka-men-s-size-medium-f4d747ad-7320-4e2b-a52b-f32ff6253ea3-jpgrendition.jpg?im=whresize&wid=200&hei=200,https://media-www.canadiantire.ca/product/playing/hunting/hunting-apparel-footwear/3750171/huntshield-3-in-1-parka-men-s-size-medium-f4d747ad-7320-4e2b-a52b-f32ff6253ea3-jpgrendition.jpg?im=whresize&wid=200&hei=200,,3750171,375-0171,Vérifiez la disponibilité#375-0171X,Liquidation◊Mieux notés,60.03,"87,93","219,99"
346,"Miss.Mavis & Dundas, ON","Embout de tournevis cruciforme MAXIMUM PH1, 3 1/2 po, paq. 1","Embout de tournevis cruciforme MAXIMUM PH1, 3 1/2 po, paq. 1",2.93,"2,93 $",6.29,"Était±  6,29 $prix était 6,29 $",2.93,"2,93 $",2.93,"2,93 $",true,https://www.canadiantire.ca/fr/pdp/embout-de-tournevis-cruciforme-maximum-ph1-3-1-2-po-paq-1-0540794p.html,https://www.canadiantire.ca/fr/pdp/embout-de-tournevis-cruciforme-maximum-ph1-3-1-2-po-paq-1-0540794p.html,https://media-www.canadiantire.ca/product/fixing/tools/power-tool-accessories/0540794/maximum-3-1-2-ph1-screwdriver-bit-1-pk-fc92e41e-a252-4977-95a9-2fe1d3af36e3-jpgrendition.jpg?im=whresize&wid=200&hei=200,https://media-www.canadiantire.ca/product/fixing/tools/power-tool-accessories/0540794/maximum-3-1-2-ph1-screwdriver-bit-1-pk-fc92e41e-a252-4977-95a9-2fe1d3af36e3-jpgrendition.jpg?im=whresize&wid=200&hei=200,,0540794,054-0794-2,Il n’en reste que 1 #054-0794-2,Liquidation◊Mieux notés,53.42,"2,93","6,29"
346,"Miss.Mavis & Dundas, ON","Pistolet motorisé NERF Mega Motostryke, 10 fléchettes Mega, chargeur à 10 fléchettes, 8 ans et plus","Pistolet motorisé NERF Mega Motostryke, 10 fléchettes Mega, chargeur à 10 fléchettes, 8 ans et plus",17.93,"17,93 $",44.99,"Était±  44,99 $prix était 44,99 $",17.93,"17,93 $",17.93,"17,93 $",true,https://www.canadiantire.ca/fr/pdp/pistolet-motorise-nerf-mega-motostryke-10-flechettes-mega-chargeur-a-10-flechettes-8-ans-et-plus-0508074p.html,https://www.canadiantire.ca/fr/pdp/pistolet-motorise-nerf-mega-motostryke-10-flechettes-mega-chargeur-a-10-flechettes-8-ans-et-plus-0508074p.html,https://media-www.canadiantire.ca/product/seasonal-gardening/toys/toys-games/0508074/-nerf-mega-motostryke-527b9617-49da-4004-b225-a71c375e1418-jpgrendition.jpg?im=whresize&wid=200&hei=200,https://media-www.canadiantire.ca/product/seasonal-gardening/toys/toys-games/0508074/-nerf-mega-motostryke-527b9617-49da-4004-b225-a71c375e1418-jpgrendition.jpg?im=whresize&wid=200&hei=200,,0508074,050-8074-6,,Liquidation◊Mieux notés,60.15,"17,93","44,99"
346,"Miss.Mavis & Dundas, ON",Ampoule de projecteur à DEL avec caméra de sécurité HD sans fil Sengled Snap,Ampoule de projecteur à DEL avec caméra de sécurité HD sans fil Sengled Snap,49.93,"49,93 $",149.99,"Était±  149,99 $prix était 149,99 $",49.93,"49,93 $",49.93,"49,93 $",true,https://www.canadiantire.ca/fr/pdp/ampoule-de-projecteur-a-del-avec-camera-de-securite-hd-sans-fil-sengled-snap-0520977p.html,https://www.canadiantire.ca/fr/pdp/ampoule-de-projecteur-a-del-avec-camera-de-securite-hd-sans-fil-sengled-snap-0520977p.html,https://media-www.canadiantire.ca/product/fixing/electrical/light-bulbs/0520977/sengled-snap-floodlight-with-wireless-hd-security-camera-a73e464f-8851-43ae-8f78-41ff5431703c-jpgrendition.jpg?im=whresize&wid=200&hei=200,https://media-www.canadiantire.ca/product/fixing/electrical/light-bulbs/0520977/sengled-snap-floodlight-with-wireless-hd-security-camera-a73e464f-8851-43ae-8f78-41ff5431703c-jpgrendition.jpg?im=whresize&wid=200&hei=200,,0520977,052-0977-2,Il n’en reste que 1 #052-0977-2,Liquidation◊,66.71,"49,93","149,99"
346,"Miss.Mavis & Dundas, ON","Clapet antiretour pour pompe de puisard Burcam 350362, 1 1/4 po","Clapet antiretour pour pompe de puisard Burcam 350362, 1 1/4 po",2.93,"2,93 $",24.99,"Était±  24,99 $prix était 24,99 $",2.93,"2,93 $",2.93,"2,93 $",true,https://www.canadiantire.ca/fr/pdp/clapet-antiretour-pour-pompe-de-puisard-burcam-350362-1-1-4-po-0624008p.html,https://www.canadiantire.ca/fr/pdp/clapet-antiretour-pour-pompe-de-puisard-burcam-350362-1-1-4-po-0624008p.html,https://media-www.canadiantire.ca/product/fixing/plumbing/water-management/0624008/sump-pump-check-valbe-11-4-11-2--39e12c7d-68ad-480f-a9f1-3dc2db94715f-jpgrendition.jpg?im=whresize&wid=200&hei=200,https://media-www.canadiantire.ca/product/fixing/plumbing/water-management/0624008/sump-pump-check-valbe-11-4-11-2--39e12c7d-68ad-480f-a9f1-3dc2db94715f-jpgrendition.jpg?im=whresize&wid=200&hei=200,,0624008,062-4008-2,,Liquidation◊,88.28,"2,93","24,99"
346,"Miss.Mavis & Dundas, ON","Bande lumineuse flexible à DEL Stallion, vert, 24 po","Bande lumineuse flexible à DEL Stallion, vert, 24 po",9.93,"9,93 $",19.99,"Était±  19,99 $prix était 19,99 $",9.93,"9,93 $",9.93,"9,93 $",true,https://www.canadiantire.ca/fr/pdp/bande-lumineuse-flexible-a-del-stallion-vert-24-po-0373129p.html,https://www.canadiantire.ca/fr/pdp/bande-lumineuse-flexible-a-del-stallion-vert-24-po-0373129p.html,https://media-www.canadiantire.ca/product/automotive/car-care-accessories/auto-accessories/0373129/stallion-24-2x12-flexible-led-strip-green-18aed314-a034-4a95-a674-1418052122ee-jpgrendition.jpg?im=whresize&wid=200&hei=200,https://media-www.canadiantire.ca/product/automotive/car-care-accessories/auto-accessories/0373129/stallion-24-2x12-flexible-led-strip-green-18aed314-a034-4a95-a674-1418052122ee-jpgrendition.jpg?im=whresize&wid=200&hei=200,,0373129,037-3129-2,Il n’en reste que 2 #037-3129-2,Liquidation◊,50.33,"9,93","19,99"
346,"Miss.Mavis & Dundas, ON","Plafonnier à 3 lampes à têtes pivotantes réglables NOMA, blanc lustré","Plafonnier à 3 lampes à têtes pivotantes réglables NOMA, blanc lustré",29.93,"29,93 $",69.99,"Était±  69,99 $prix était 69,99 $",29.93,"29,93 $",29.93,"29,93 $",true,https://www.canadiantire.ca/fr/pdp/plafonnier-a-3-lampes-a-tetes-pivotantes-reglables-noma-blanc-lustre-0529503p.html,https://www.canadiantire.ca/fr/pdp/plafonnier-a-3-lampes-a-tetes-pivotantes-reglables-noma-blanc-lustre-0529503p.html,https://media-www.canadiantire.ca/product/living/home-decor/lighting/0529503/noma-3-light-summerhill-canopy-light-24c19f17-fe6a-4943-a8cd-efc760484c88-jpgrendition.jpg?im=whresize&wid=200&hei=200,https://media-www.canadiantire.ca/product/living/home-decor/lighting/0529503/noma-3-light-summerhill-canopy-light-24c19f17-fe6a-4943-a8cd-efc760484c88-jpgrendition.jpg?im=whresize&wid=200&hei=200,,0529503,052-9503-6,Il n’en reste que 1 #052-9503-6,Liquidation◊Articles à succès,57.24,"29,93","69,99"
346,"Miss.Mavis & Dundas, ON","Poignées en acrylique pour ventilateur de plafond Atron Electro Industries FA134, choix varié, 12 po","Poignées en acrylique pour ventilateur de plafond Atron Electro Industries FA134, choix varié, 12 po",2.93,"2,93 $",6.29,"Était±  6,29 $prix était 6,29 $",2.93,"2,93 $",2.93,"2,93 $",true,https://www.canadiantire.ca/fr/pdp/poignees-en-acrylique-pour-ventilateur-de-plafond-atron-electro-industries-fa134-choix-varie-12-po-0522035p.html,https://www.canadiantire.ca/fr/pdp/poignees-en-acrylique-pour-ventilateur-de-plafond-atron-electro-industries-fa134-choix-varie-12-po-0522035p.html,https://media-www.canadiantire.ca/product/fixing/electrical/rough-electrical/0522035/3-pack-assorted-colours-critter-fan-pulls-a9143663-315e-4dc3-a01f-84de367c51ab-jpgrendition.jpg?im=whresize&wid=200&hei=200,https://media-www.canadiantire.ca/product/fixing/electrical/rough-electrical/0522035/3-pack-assorted-colours-critter-fan-pulls-a9143663-315e-4dc3-a01f-84de367c51ab-jpgrendition.jpg?im=whresize&wid=200&hei=200,,0522035,052-2035-2,Il n’en reste que 1 #052-2035-2,Liquidation◊Mieux notés,53.42,"2,93","6,29"
346,"Miss.Mavis & Dundas, ON","Poignée pour couloir et garde-robe Schlage Bowery, garantie à vie, noir mat","Poignée pour couloir et garde-robe Schlage Bowery, garantie à vie, noir mat",9.93,"9,93 $",36.99,"Était±  36,99 $prix était 36,99 $",9.93,"9,93 $",9.93,"9,93 $",true,https://www.canadiantire.ca/fr/pdp/poignee-pour-couloir-et-garde-robe-schlage-bowery-garantie-a-vie-noir-mat-0463439p.html,https://www.canadiantire.ca/fr/pdp/poignee-pour-couloir-et-garde-robe-schlage-bowery-garantie-a-vie-noir-mat-0463439p.html,https://media-www.canadiantire.ca/product/fixing/hardware/curb-appeal/0463439/schlage-bowery-passage-knob-lockset-matte-black-29c407bd-709d-4eed-b373-af3624b1a49b-jpgrendition.jpg?im=whresize&wid=200&hei=200,https://media-www.canadiantire.ca/product/fixing/hardware/curb-appeal/0463439/schlage-bowery-passage-knob-lockset-matte-black-29c407bd-709d-4eed-b373-af3624b1a49b-jpgrendition.jpg?im=whresize&wid=200&hei=200,,0463439,046-3439-2,Il n’en reste que 3 #046-3439-2,Liquidation◊Mieux notés,73.15,"9,93","36,99"
346,"Miss.Mavis & Dundas, ON","Prise décorative double inviolable Legrand 885TRNICC12, 15 A, 125 V, nickel","Prise décorative double inviolable Legrand 885TRNICC12, 15 A, 125 V, nickel",1.93,"1,93 $",5.29,"Était±  5,29 $prix était 5,29 $",1.93,"1,93 $",1.93,"1,93 $",true,https://www.canadiantire.ca/fr/pdp/prise-decorative-double-inviolable-legrand-885trnicc12-15-a-125-v-nickel-0529165p.html,https://www.canadiantire.ca/fr/pdp/prise-decorative-double-inviolable-legrand-885trnicc12-15-a-125-v-nickel-0529165p.html,https://media-www.canadiantire.ca/product/fixing/electrical/rough-electrical/0529165/15a-decorator-outlet-nickel-836d8e8f-23dd-416a-b948-fca09886115f-jpgrendition.jpg?im=whresize&wid=200&hei=200,https://media-www.canadiantire.ca/product/fixing/electrical/rough-electrical/0529165/15a-decorator-outlet-nickel-836d8e8f-23dd-416a-b948-fca09886115f-jpgrendition.jpg?im=whresize&wid=200&hei=200,,0529165,052-9165-0,Il n’en reste que 1 #052-9165-0,Liquidation◊Mieux notés,63.52,"1,93","5,29"
346,"Miss.Mavis & Dundas, ON","Bottes de pluie mi-hauteur imperméables en caoutchouc Outbound pour femmes avec sangle, anthracite","Bottes de pluie mi-hauteur imperméables en caoutchouc Outbound pour femmes avec sangle, anthracite",14.93,"14,93 $",44.99,"44,99 $Était   et+ prix était à partir de 44,99 $",14.93,"14,93 $",14.93,"14,93 $",true,https://www.canadiantire.ca/fr/pdp/bottes-de-pluie-mi-hauteur-impermeables-en-caoutchouc-outbound-pour-femmes-avec-sangle-anthracite-1871749p.html,https://www.canadiantire.ca/fr/pdp/bottes-de-pluie-mi-hauteur-impermeables-en-caoutchouc-outbound-pour-femmes-avec-sangle-anthracite-1871749p.html,https://media-www.canadiantire.ca/product/playing/footwear-apparel/summer-footwear-apparel/1871749/outbound-strap-mid-boot-charcoal-w6-1bf0d02c-668f-4342-8350-5568e2392239-jpgrendition.jpg?im=whresize&wid=200&hei=200,https://media-www.canadiantire.ca/product/playing/footwear-apparel/summer-footwear-apparel/1871749/outbound-strap-mid-boot-charcoal-w6-1bf0d02c-668f-4342-8350-5568e2392239-jpgrendition.jpg?im=whresize&wid=200&hei=200,,1871749,187-1749,Vérifiez la disponibilité#187-1749X,Liquidation◊Mieux notés,66.81,"14,93","44,99"
346,"Miss.Mavis & Dundas, ON","Trousse de connexion de batteries de radiateurs Remington, batteries DeWalt/Milwaukee","Trousse de connexion de batteries de radiateurs Remington, batteries DeWalt/Milwaukee",19.93,"19,93 $",39.99,"Était±  39,99 $prix était 39,99 $",19.93,"19,93 $",19.93,"19,93 $",true,https://www.canadiantire.ca/fr/pdp/trousse-de-connexion-de-batteries-de-radiateurs-remington-batteries-dewalt-milwaukee-0766330p.html,https://www.canadiantire.ca/fr/pdp/trousse-de-connexion-de-batteries-de-radiateurs-remington-batteries-dewalt-milwaukee-0766330p.html,https://media-www.canadiantire.ca/product/playing/camping/camping-living/0766329/battery-connection-kit-black-decker-and-porter-cable-42bdabad-dc30-47c2-9191-9443e7f3077a-jpgrendition.jpg?im=whresize&wid=200&hei=200,https://media-www.canadiantire.ca/product/playing/camping/camping-living/0766329/battery-connection-kit-black-decker-and-porter-cable-42bdabad-dc30-47c2-9191-9443e7f3077a-jpgrendition.jpg?im=whresize&wid=200&hei=200,,0766330,076-6330-8,Il n’en reste que 2 #076-6330-8,Liquidation◊Mieux notés,50.16,"19,93","39,99"
346,"Miss.Mavis & Dundas, ON","Plafonnier à 3 lampes NOMA Dundas, bronze huilé","Plafonnier à 3 lampes NOMA Dundas, bronze huilé",29.93,"29,93 $",74.99,"Était±  74,99 $prix était 74,99 $",29.93,"29,93 $",29.93,"29,93 $",true,https://www.canadiantire.ca/fr/pdp/plafonnier-a-3-lampes-noma-dundas-bronze-huile-0529501p.html,https://www.canadiantire.ca/fr/pdp/plafonnier-a-3-lampes-noma-dundas-bronze-huile-0529501p.html,https://media-www.canadiantire.ca/product/living/home-decor/lighting/0529501/noma-3-light-dundas-canopy-light-d34bca37-c29a-4a8c-ae31-8d3d454e400f-jpgrendition.jpg?im=whresize&wid=200&hei=200,https://media-www.canadiantire.ca/product/living/home-decor/lighting/0529501/noma-3-light-dundas-canopy-light-d34bca37-c29a-4a8c-ae31-8d3d454e400f-jpgrendition.jpg?im=whresize&wid=200&hei=200,,0529501,052-9501-0,Il n’en reste que 1 #052-9501-0,Liquidation◊Mieux notés,60.09,"29,93","74,99"
346,"Miss.Mavis & Dundas, ON","Roue et jante en alliage RSSW Faith, noir lustré (AZZ758FMB)","Roue et jante en alliage RSSW Faith, noir lustré (AZZ758FMB)",99.93,"99,93 $",218.99,"218,99 $chaqueÉtait   et+ prix était à partir de 218,99 $",99.93,"99,93 $",99.93,"99,93 $",true,https://www.canadiantire.ca/fr/pdp/roue-et-jante-en-alliage-rssw-faith-noir-lustre-azz758fmb-1411249p.html,https://www.canadiantire.ca/fr/pdp/roue-et-jante-en-alliage-rssw-faith-noir-lustre-azz758fmb-1411249p.html,https://media-www.canadiantire.ca/product/automotive/tires/wheels-and-accessories/1411249/rssw-faith-matte-black-17x7-5-5-110-40-65-1-23dc9bb3-2f9f-4932-af03-71c7f8dcb50e-jpgrendition.jpg?im=whresize&wid=200&hei=200,https://media-www.canadiantire.ca/product/automotive/tires/wheels-and-accessories/1411249/rssw-faith-matte-black-17x7-5-5-110-40-65-1-23dc9bb3-2f9f-4932-af03-71c7f8dcb50e-jpgrendition.jpg?im=whresize&wid=200&hei=200,,1411249,141-1249,Vérifiez la disponibilité#141-1249X,Liquidation◊Exclusivité,54.37,"99,93","218,99"
346,"Miss.Mavis & Dundas, ON","Peinture de retouche Scratch Fix All-in-1, Lapis (M) (KE)","Peinture de retouche Scratch Fix All-in-1, Lapis (M) (KE)",0.93,"0,93 $",14.99,"Était±  14,99 $prix était 14,99 $",0.93,"0,93 $",0.93,"0,93 $",true,https://www.canadiantire.ca/fr/pdp/peinture-de-retouche-scratch-fix-all-in-1-lapis-m-ke-0474961p.html,https://www.canadiantire.ca/fr/pdp/peinture-de-retouche-scratch-fix-all-in-1-lapis-m-ke-0474961p.html,https://media-www.canadiantire.ca/product/automotive/car-care-accessories/auto-body-repair/0474961/scratch-fix-ford-lapis-m-all-in-1-1f9e6037-cdcd-40de-a7e0-0e2e56d66649-jpgrendition.jpg?im=whresize&wid=200&hei=200,https://media-www.canadiantire.ca/product/automotive/car-care-accessories/auto-body-repair/0474961/scratch-fix-ford-lapis-m-all-in-1-1f9e6037-cdcd-40de-a7e0-0e2e56d66649-jpgrendition.jpg?im=whresize&wid=200&hei=200,,0474961,047-4961-8,,Liquidation◊,93.8,"0,93","14,99"
346,"Miss.Mavis & Dundas, ON","Animal en peluche familier Ty Beanie Boos, Heather l'uni-chat arc-en-ciel à corne, 3 ans et plus","Animal en peluche familier Ty Beanie Boos, Heather l'uni-chat arc-en-ciel à corne, 3 ans et plus",2.43,"2,43 $",7.99,"Était±  7,99 $prix était 7,99 $",2.43,"2,43 $",2.43,"2,43 $",true,https://www.canadiantire.ca/fr/pdp/animal-en-peluche-familier-ty-beanie-boos-heather-l-uni-chat-arc-en-ciel-a-corne-3-ans-et-plus-0506494p.html,https://www.canadiantire.ca/fr/pdp/animal-en-peluche-familier-ty-beanie-boos-heather-l-uni-chat-arc-en-ciel-a-corne-3-ans-et-plus-0506494p.html,https://media-www.canadiantire.ca/product/seasonal-gardening/toys/preschool-toys-activities/0506494/ty-med-plsh-pixy-unicorn-5e2c79ce-915a-41c0-94d9-355d3f7adaba-jpgrendition.jpg?im=whresize&wid=200&hei=200,https://media-www.canadiantire.ca/product/seasonal-gardening/toys/preschool-toys-activities/0506494/ty-med-plsh-pixy-unicorn-5e2c79ce-915a-41c0-94d9-355d3f7adaba-jpgrendition.jpg?im=whresize&wid=200&hei=200,,0506494,050-6494-8,,Liquidation◊Mieux notés,69.59,"2,43","7,99"
346,"Miss.Mavis & Dundas, ON","Connecteur thermorétrécissable abouté Gardner Bender GBX-TK, paq.24","Connecteur thermorétrécissable abouté Gardner Bender GBX-TK, paq.24",7.93,"7,93 $",19.49,"Était±  19,49 $prix était 19,49 $",7.93,"7,93 $",7.93,"7,93 $",true,https://www.canadiantire.ca/fr/pdp/connecteur-thermoretrecissable-aboute-gardner-bender-gbx-tk-paq-24-0521884p.html,https://www.canadiantire.ca/fr/pdp/connecteur-thermoretrecissable-aboute-gardner-bender-gbx-tk-paq-24-0521884p.html,https://media-www.canadiantire.ca/product/fixing/electrical/rough-electrical/0521884/assorted-heat-shrink-butt-splice-kit-22-10-awg-24-pack-29b48b96-2398-4c7e-b847-3a6a652a5f19-jpgrendition.jpg?im=whresize&wid=200&hei=200,https://media-www.canadiantire.ca/product/fixing/electrical/rough-electrical/0521884/assorted-heat-shrink-butt-splice-kit-22-10-awg-24-pack-29b48b96-2398-4c7e-b847-3a6a652a5f19-jpgrendition.jpg?im=whresize&wid=200&hei=200,,0521884,052-1884-6,Il n’en reste que 2 #052-1884-6,Liquidation◊Mieux notés,59.31,"7,93","19,49"
346,"Miss.Mavis & Dundas, ON",Porte-canne en fil métallique pour pêche blanche HT,Porte-canne en fil métallique pour pêche blanche HT,1.43,"1,43 $",4.99,"Était±  4,99 $prix était 4,99 $",1.43,"1,43 $",1.43,"1,43 $",true,https://www.canadiantire.ca/fr/pdp/porte-canne-en-fil-metallique-pour-peche-blanche-ht-0784747p.html,https://www.canadiantire.ca/fr/pdp/porte-canne-en-fil-metallique-pour-peche-blanche-ht-0784747p.html,https://media-www.canadiantire.ca/product/playing/fishing/ice-fishing/0784747/ht-pail-wire-rod-holder-red-coated-d1132191-abaf-4af0-86fb-0d6eb1a75921-jpgrendition.jpg?im=whresize&wid=200&hei=200,https://media-www.canadiantire.ca/product/playing/fishing/ice-fishing/0784747/ht-pail-wire-rod-holder-red-coated-d1132191-abaf-4af0-86fb-0d6eb1a75921-jpgrendition.jpg?im=whresize&wid=200&hei=200,,0784747,078-4747-6,Il n’en reste que 4 #078-4747-6,Liquidation◊Mieux notés,71.34,"1,43","4,99"
346,"Miss.Mavis & Dundas, ON","Bâton de hockey en composite CCM Ribcor Prime, flexion 55, intermédiaire, rose","Bâton de hockey en composite CCM Ribcor Prime, flexion 55, intermédiaire, rose",20.93,"20,93 $",69.99,"69,99 $Était   et+ prix était à partir de 69,99 $",20.93,"20,93 $",20.93,"20,93 $",true,https://www.canadiantire.ca/fr/pdp/baton-de-hockey-en-composite-ccm-ribcor-prime-flexion-55-intermediaire-rose-0834719p.html,https://www.canadiantire.ca/fr/pdp/baton-de-hockey-en-composite-ccm-ribcor-prime-flexion-55-intermediaire-rose-0834719p.html,https://media-www.canadiantire.ca/product/playing/hockey/hockey-sticks/0834719/ccm-ribcor-prime-hockey-stick-int-55-flex-pink-left-8d756502-4ed6-428e-b0d5-b3c790af844f-jpgrendition.jpg?im=whresize&wid=200&hei=200,https://media-www.canadiantire.ca/product/playing/hockey/hockey-sticks/0834719/ccm-ribcor-prime-hockey-stick-int-55-flex-pink-left-8d756502-4ed6-428e-b0d5-b3c790af844f-jpgrendition.jpg?im=whresize&wid=200&hei=200,,0834719,083-4719,Vérifiez la disponibilité#083-4719X,Liquidation◊Mieux notés,70.1,"20,93","69,99"
346,"Miss.Mavis & Dundas, ON",Filtre à maille Graco Gun 60 pour les pistolets à peinture Graco,Filtre à maille Graco Gun 60 pour les pistolets à peinture Graco,9.93,"9,93 $",19.99,"Était±  19,99 $prix était 19,99 $",9.93,"9,93 $",9.93,"9,93 $",true,https://www.canadiantire.ca/fr/pdp/filtre-a-maille-graco-gun-60-pour-les-pistolets-a-peinture-graco-0492558p.html,https://www.canadiantire.ca/fr/pdp/filtre-a-maille-graco-gun-60-pour-les-pistolets-a-peinture-graco-0492558p.html,https://media-www.canadiantire.ca/product/fixing/paint/paint-accessories/0492558/gun-60-mesh-filter-1-pk--46a5c449-ced7-4292-ad73-6d7ed5e11b8c-jpgrendition.jpg?im=whresize&wid=200&hei=200,https://media-www.canadiantire.ca/product/fixing/paint/paint-accessories/0492558/gun-60-mesh-filter-1-pk--46a5c449-ced7-4292-ad73-6d7ed5e11b8c-jpgrendition.jpg?im=whresize&wid=200&hei=200,,0492558,049-2558-8,Il n’en reste que 2 #049-2558-8,Liquidation◊Mieux notés,50.33,"9,93","19,99"
346,"Miss.Mavis & Dundas, ON","Adaptateur d'attelage Reese Towpower 3 po vers 2 po, 4 po","Adaptateur d'attelage Reese Towpower 3 po vers 2 po, 4 po",41.93,"41,93 $",99.99,"Était±  99,99 $prix était 99,99 $",41.93,"41,93 $",41.93,"41,93 $",true,https://www.canadiantire.ca/fr/pdp/adaptateur-d-attelage-reese-towpower-3-po-vers-2-po-4-po-0406057p.html,https://www.canadiantire.ca/fr/pdp/adaptateur-d-attelage-reese-towpower-3-po-vers-2-po-4-po-0406057p.html,https://media-www.canadiantire.ca/product/automotive/automotive-outdoor-adventure/auto-travel-storage/0408601/reese-towpower-3-to-2-adapter--d1220170-1807-439d-b485-ef06ba138ae7-jpgrendition.jpg?im=whresize&wid=200&hei=200,https://media-www.canadiantire.ca/product/automotive/automotive-outdoor-adventure/auto-travel-storage/0408601/reese-towpower-3-to-2-adapter--d1220170-1807-439d-b485-ef06ba138ae7-jpgrendition.jpg?im=whresize&wid=200&hei=200,,0406057,040-8601-6,Il n’en reste que 3 #040-8601-6,Liquidation◊,58.07,"41,93","99,99"
346,"Miss.Mavis & Dundas, ON",Barre lumineuse de frein à DEL Hendo pour remorques,Barre lumineuse de frein à DEL Hendo pour remorques,17.93,"17,93 $",39.99,"Était±  39,99 $prix était 39,99 $",17.93,"17,93 $",17.93,"17,93 $",true,https://www.canadiantire.ca/fr/pdp/barre-lumineuse-de-frein-a-del-hendo-pour-remorques-0203894p.html,https://www.canadiantire.ca/fr/pdp/barre-lumineuse-de-frein-a-del-hendo-pour-remorques-0203894p.html,https://media-www.canadiantire.ca/product/automotive/automotive-outdoor-adventure/auto-travel-storage/0203894/hendo-led-trailer-brake-light-bar-9e15af38-1066-4e22-b208-1b9f215dfde3-jpgrendition.jpg?im=whresize&wid=200&hei=200,https://media-www.canadiantire.ca/product/automotive/automotive-outdoor-adventure/auto-travel-storage/0203894/hendo-led-trailer-brake-light-bar-9e15af38-1066-4e22-b208-1b9f215dfde3-jpgrendition.jpg?im=whresize&wid=200&hei=200,,0203894,020-3894-6,Il n’en reste que 1 #020-3894-6,Liquidation◊Exclusivité,55.16,"17,93","39,99"
