store_id,city,name,title,price,price_raw,regular_price,regular_price_raw,liquidation_price,liquidation_price_raw,sale_price,sale_price_raw,liquidation,url,link,image,image_url,product_id,sku,sku_formatted,availability,badges,discount_percent,price_sale_clean,price_original_clean
104,"Strathroy, ON",Garde-robe à miroir rétractable Canvas,Garde-robe à miroir rétractable Canvas,199.93,"199,93 $",499.99,"Était±  499,99 $prix était 499,99 $",199.93,"199,93 $",199.93,"199,93 $",true,https://www.canadiantire.ca/fr/pdp/garde-robe-a-miroir-retractable-canvas-1680201p.html,https://www.canadiantire.ca/fr/pdp/garde-robe-a-miroir-retractable-canvas-1680201p.html,https://media-www.canadiantire.ca/product/living/home-decor/furniture/1680201/canvas-wardrobe-with-pullout-mirror-22f525bf-93c2-43fc-b5b1-e5ba5516f382-jpgrendition.jpg?im=whresize&wid=200&hei=200,https://media-www.canadiantire.ca/product/living/home-decor/furniture/1680201/canvas-wardrobe-with-pullout-mirror-22f525bf-93c2-43fc-b5b1-e5ba5516f382-jpgrendition.jpg?im=whresize&wid=200&hei=200,,1680201,168-0201-4,Il n’en reste que 1 #168-0201-4,Liquidation◊Exclusivité,60.01,"199,93","499,99"
104,"Strathroy, ON","Échelle de piscine en A en acier Bestway Flowclear avec rampe, 42 po","Échelle de piscine en A en acier Bestway Flowclear avec rampe, 42 po",19.88,"19,88 $",99.99,"Était±  99,99 $prix était 99,99 $",19.88,"19,88 $",19.88,"19,88 $",true,https://www.canadiantire.ca/fr/pdp/echelle-de-piscine-en-a-en-acier-bestway-flowclear-avec-rampe-42-po-0813926p.html,https://www.canadiantire.ca/fr/pdp/echelle-de-piscine-en-a-en-acier-bestway-flowclear-avec-rampe-42-po-0813926p.html,https://media-www.canadiantire.ca/product/seasonal-gardening/backyard-fun/pool-maintenance/0813926/42-pool-ladder-1e5af39a-d711-4efc-88d9-7f79508fac9d-jpgrendition.jpg?im=whresize&wid=200&hei=200,https://media-www.canadiantire.ca/product/seasonal-gardening/backyard-fun/pool-maintenance/0813926/42-pool-ladder-1e5af39a-d711-4efc-88d9-7f79508fac9d-jpgrendition.jpg?im=whresize&wid=200&hei=200,,0813926,081-3926-6,14 En Stock#081-3926-6,Liquidation◊,80.12,"19,88","99,99"
104,"Strathroy, ON","Dispositif de géolocalisation Bluetooth Bluehive, paq. 2","Dispositif de géolocalisation Bluetooth Bluehive, paq. 2",16.93,"16,93 $",37.99,"Était±  37,99 $prix était 37,99 $",16.93,"16,93 $",16.93,"16,93 $",true,https://www.canadiantire.ca/fr/pdp/dispositif-de-geolocalisation-bluetooth-bluehive-paq-2-0355475p.html,https://www.canadiantire.ca/fr/pdp/dispositif-de-geolocalisation-bluetooth-bluehive-paq-2-0355475p.html,https://media-www.canadiantire.ca/product/automotive/electronics/mobile-electronics/0355475/bluetooth-item-tracker-2-pack-86e73bc6-6622-4979-abea-6a9516c11a63-jpgrendition.jpg?im=whresize&wid=200&hei=200,https://media-www.canadiantire.ca/product/automotive/electronics/mobile-electronics/0355475/bluetooth-item-tracker-2-pack-86e73bc6-6622-4979-abea-6a9516c11a63-jpgrendition.jpg?im=whresize&wid=200&hei=200,,0355475,035-5475-8,13 En Stock#035-5475-8,Liquidation◊Mieux notés,55.44,"16,93","37,99"
104,"Strathroy, ON","Sac de couchage double isotherme pour temps froid Coleman Flatlands avec sac de rangement, 10 °C","Sac de couchage double isotherme pour temps froid Coleman Flatlands avec sac de rangement, 10 °C",44.93,"44,93 $",99.99,"Était±  99,99 $prix était 99,99 $",44.93,"44,93 $",44.93,"44,93 $",true,https://www.canadiantire.ca/fr/pdp/sac-de-couchage-double-isotherme-pour-temps-froid-coleman-flatlands-avec-sac-de-rangement-10-c-0766638p.html,https://www.canadiantire.ca/fr/pdp/sac-de-couchage-double-isotherme-pour-temps-froid-coleman-flatlands-avec-sac-de-rangement-10-c-0766638p.html,https://media-www.canadiantire.ca/product/playing/camping/camping-furniture/0766638/coleman-flatlands-10c-sleeping-bag-cda9afb3-1271-4c50-9ed4-56d12c8e2b36-jpgrendition.jpg?im=whresize&wid=200&hei=200,https://media-www.canadiantire.ca/product/playing/camping/camping-furniture/0766638/coleman-flatlands-10c-sleeping-bag-cda9afb3-1271-4c50-9ed4-56d12c8e2b36-jpgrendition.jpg?im=whresize&wid=200&hei=200,,0766638,076-6638-8,Il n’en reste que 1 #076-6638-8,Liquidation◊Mieux notés,55.07,"44,93","99,99"
104,"Strathroy, ON","Ampoules à DEL à intensité variable à culot E12 NOMA B10, 2700K, 350 lumens, blanc chaud, 40 W, paq. 2","Ampoules à DEL à intensité variable à culot E12 NOMA B10, 2700K, 350 lumens, blanc chaud, 40 W, paq. 2",1.93,"1,93 $",12.99,"Était±  12,99 $prix était 12,99 $",1.93,"1,93 $",1.93,"1,93 $",true,https://www.canadiantire.ca/fr/pdp/ampoules-a-del-a-intensite-variable-a-culot-e12-noma-b10-2700k-350-lumens-blanc-chaud-40-w-paq-2-0529347p.html,https://www.canadiantire.ca/fr/pdp/ampoules-a-del-a-intensite-variable-a-culot-e12-noma-b10-2700k-350-lumens-blanc-chaud-40-w-paq-2-0529347p.html,https://media-www.canadiantire.ca/product/fixing/electrical/light-bulbs/0529347/noma-2-pack-40w-e12-soft-white-led-lightbulbs-2abc2edf-7b69-449d-b49f-8024c6332e19-jpgrendition.jpg?im=whresize&wid=200&hei=200,https://media-www.canadiantire.ca/product/fixing/electrical/light-bulbs/0529347/noma-2-pack-40w-e12-soft-white-led-lightbulbs-2abc2edf-7b69-449d-b49f-8024c6332e19-jpgrendition.jpg?im=whresize&wid=200&hei=200,,0529347,052-9347-8,9 En Stock#052-9347-8,Liquidation◊Exclusivité,85.14,"1,93","12,99"
104,"Strathroy, ON",Aspirateur sans fil de déchets secs/humides tout-en-un et appareil de nettoyage de planchers durs Bissell CrossWave OmniFind Pet Pro,Aspirateur sans fil de déchets secs/humides tout-en-un et appareil de nettoyage de planchers durs Bissell CrossWave OmniFind Pet Pro,179.93,"179,93 $",379.99,"Était±  379,99 $prix était 379,99 $",179.93,"179,93 $",179.93,"179,93 $",true,https://www.canadiantire.ca/fr/pdp/aspirateur-sans-fil-de-dechets-secs-humides-tout-en-un-et-appareil-de-nettoyage-de-planchers-durs-bissell-crosswave-omnifind-pet-pro-0437233p.html,https://www.canadiantire.ca/fr/pdp/aspirateur-sans-fil-de-dechets-secs-humides-tout-en-un-et-appareil-de-nettoyage-de-planchers-durs-bissell-crosswave-omnifind-pet-pro-0437233p.html,https://media-www.canadiantire.ca/product/living/cleaning/vacuums-and-floorcare/0437233/bissell-omnifind-petpro-hard-floor-wet-cleaner-a8a44b1c-d6db-472c-a2a7-50098c512b75-jpgrendition.jpg?im=whresize&wid=200&hei=200,https://media-www.canadiantire.ca/product/living/cleaning/vacuums-and-floorcare/0437233/bissell-omnifind-petpro-hard-floor-wet-cleaner-a8a44b1c-d6db-472c-a2a7-50098c512b75-jpgrendition.jpg?im=whresize&wid=200&hei=200,,0437233,043-7233-2,Il n’en reste que 1 #043-7233-2,Liquidation◊Exclusivité,52.65,"179,93","379,99"
104,"Strathroy, ON","Vélo électrique tout-terrain Raleigh Getaway 36 V, 700C roues, noir","Vélo électrique tout-terrain Raleigh Getaway 36 V, 700C roues, noir",999.93,"999,93 $",2799.99,"Était±  2 799,99 $prix était 2 799,99 $",999.93,"999,93 $",999.93,"999,93 $",true,https://www.canadiantire.ca/fr/pdp/velo-electrique-tout-terrain-raleigh-getaway-36-v-700c-roues-noir-0711931p.html,https://www.canadiantire.ca/fr/pdp/velo-electrique-tout-terrain-raleigh-getaway-36-v-700c-roues-noir-0711931p.html,https://media-www.canadiantire.ca/product/playing/cycling/bicycles/0711931/raleigh-getaway-men-s-electric-bike-700c-e4b77c61-6dc1-49c0-b6d7-114a1fe93cc4-jpgrendition.jpg?im=whresize&wid=200&hei=200,https://media-www.canadiantire.ca/product/playing/cycling/bicycles/0711931/raleigh-getaway-men-s-electric-bike-700c-e4b77c61-6dc1-49c0-b6d7-114a1fe93cc4-jpgrendition.jpg?im=whresize&wid=200&hei=200,,0711931,071-1931-8,Il n’en reste que 1 #071-1931-8,Liquidation◊Articles à succès,64.29,"999,93","2799,99"
104,"Strathroy, ON","Décanteur et verres whisky en verre Trudeau, 5 pièces","Décanteur et verres whisky en verre Trudeau, 5 pièces",19.93,"19,93 $",39.99,"Était±  39,99 $prix était 39,99 $",19.93,"19,93 $",19.93,"19,93 $",true,https://www.canadiantire.ca/fr/pdp/decanteur-et-verres-whisky-en-verre-trudeau-5-pieces-1426174p.html,https://www.canadiantire.ca/fr/pdp/decanteur-et-verres-whisky-en-verre-trudeau-5-pieces-1426174p.html,https://media-www.canadiantire.ca/product/living/kitchen/dining-and-entertaining/1426174/trudeau-whiskey-set-5-pc-19b99451-15bf-4b77-b69f-9d77f38abab3-jpgrendition.jpg?im=whresize&wid=200&hei=200,https://media-www.canadiantire.ca/product/living/kitchen/dining-and-entertaining/1426174/trudeau-whiskey-set-5-pc-19b99451-15bf-4b77-b69f-9d77f38abab3-jpgrendition.jpg?im=whresize&wid=200&hei=200,,1426174,142-6174-2,Il n’en reste que 1 #142-6174-2,Liquidation◊,50.16,"19,93","39,99"
104,"Strathroy, ON","Vélo de montagne semi-rigide Raleigh Rogue, pneus surdimensionnés, roue de 26 po, rouge","Vélo de montagne semi-rigide Raleigh Rogue, pneus surdimensionnés, roue de 26 po, rouge",399.93,"399,93 $",849.99,"Était±  849,99 $prix était 849,99 $",399.93,"399,93 $",399.93,"399,93 $",true,https://www.canadiantire.ca/fr/pdp/velo-de-montagne-semi-rigide-raleigh-rogue-pneus-surdimensionnes-roue-de-26-po-rouge-0711974p.html,https://www.canadiantire.ca/fr/pdp/velo-de-montagne-semi-rigide-raleigh-rogue-pneus-surdimensionnes-roue-de-26-po-rouge-0711974p.html,https://media-www.canadiantire.ca/product/playing/cycling/bicycles/0711974/raleigh-rogue-4-0-fat-tire-hardtail-mountain-bike-26-in-9d6902e1-33ed-4939-aa46-03c0ee34c9bd-jpgrendition.jpg?im=whresize&wid=200&hei=200,https://media-www.canadiantire.ca/product/playing/cycling/bicycles/0711974/raleigh-rogue-4-0-fat-tire-hardtail-mountain-bike-26-in-9d6902e1-33ed-4939-aa46-03c0ee34c9bd-jpgrendition.jpg?im=whresize&wid=200&hei=200,,0711974,071-1974-6,Il n’en reste que 1 #071-1974-6,Liquidation◊Exclusivité,52.95,"399,93","849,99"
104,"Strathroy, ON","Gobelet en acier inoxydable ISOLÉ Woods, 900 mL","Gobelet en acier inoxydable ISOLÉ Woods, 900 mL",7.88,"7,88 $",24.99,"24,99 $Était   et+ prix était à partir de 24,99 $",7.88,"7,88 $",7.88,"7,88 $",true,https://www.canadiantire.ca/fr/pdp/gobelet-en-acier-inoxydable-isole-woods-900-ml-0761316p.html,https://www.canadiantire.ca/fr/pdp/gobelet-en-acier-inoxydable-isole-woods-900-ml-0761316p.html,https://media-www.canadiantire.ca/product/playing/camping/camping-living/0761318/woods-tumbler-large-black-c5b94128-2d63-4e48-88b0-d14b8cac3307-jpgrendition.jpg?im=whresize&wid=200&hei=200,https://media-www.canadiantire.ca/product/playing/camping/camping-living/0761318/woods-tumbler-large-black-c5b94128-2d63-4e48-88b0-d14b8cac3307-jpgrendition.jpg?im=whresize&wid=200&hei=200,,0761316,076-1316,Vérifiez la disponibilité#076-1316X,Liquidation◊Exclusivité,68.47,"7,88","24,99"
104,"Strathroy, ON",Unité de rangement empilable For Living,Unité de rangement empilable For Living,89.93,"89,93 $",179.99,"Était±  179,99 $prix était 179,99 $",89.93,"89,93 $",89.93,"89,93 $",true,https://www.canadiantire.ca/fr/pdp/unite-de-rangement-empilable-for-living-1680172p.html,https://www.canadiantire.ca/fr/pdp/unite-de-rangement-empilable-for-living-1680172p.html,https://media-www.canadiantire.ca/product/living/home-decor/furniture/1680172/for-living-stackable-storage-organizer-eeaf3bcf-5313-4834-af8f-0f80d959dc76-jpgrendition.jpg?im=whresize&wid=200&hei=200,https://media-www.canadiantire.ca/product/living/home-decor/furniture/1680172/for-living-stackable-storage-organizer-eeaf3bcf-5313-4834-af8f-0f80d959dc76-jpgrendition.jpg?im=whresize&wid=200&hei=200,,1680172,168-0172-2,Il n’en reste que 1 #168-0172-2,Liquidation◊Mieux notés,50.04,"89,93","179,99"
104,"Strathroy, ON","Applique murale à 1 lampe CANVAS Fuller avec abat-jour en verre transparent, nickel poli","Applique murale à 1 lampe CANVAS Fuller avec abat-jour en verre transparent, nickel poli",29.93,"29,93 $",77.99,"Était±  77,99 $prix était 77,99 $",29.93,"29,93 $",29.93,"29,93 $",true,https://www.canadiantire.ca/fr/pdp/applique-murale-a-1-lampe-canvas-fuller-avec-abat-jour-en-verre-transparent-nickel-poli-1522615p.html,https://www.canadiantire.ca/fr/pdp/applique-murale-a-1-lampe-canvas-fuller-avec-abat-jour-en-verre-transparent-nickel-poli-1522615p.html,https://media-www.canadiantire.ca/product/living/home-decor/lighting/1522615/canvas-fuller-wall-sconce-34a366a1-1afd-4801-8a29-801898d6b2f7-jpgrendition.jpg?im=whresize&wid=200&hei=200,https://media-www.canadiantire.ca/product/living/home-decor/lighting/1522615/canvas-fuller-wall-sconce-34a366a1-1afd-4801-8a29-801898d6b2f7-jpgrendition.jpg?im=whresize&wid=200&hei=200,,1522615,152-2615-4,Il n’en reste que 2 #152-2615-4,Liquidation◊Exclusivité,61.62,"29,93","77,99"
104,"Strathroy, ON","Casque Origine Delta modulaire, visière électrique, noir/titane","Casque Origine Delta modulaire, visière électrique, noir/titane",139.93,"139,93 $",289.99,"289,99 $Était   et+ prix était à partir de 289,99 $",139.93,"139,93 $",139.93,"139,93 $",true,https://www.canadiantire.ca/fr/pdp/casque-origine-delta-modulaire-visiere-electrique-noir-titane-0262826p.html,https://www.canadiantire.ca/fr/pdp/casque-origine-delta-modulaire-visiere-electrique-noir-titane-0262826p.html,https://media-www.canadiantire.ca/product/automotive/automotive-outdoor-adventure/powersport/0262826/origine-delta-modular-snow-w-elec-shield-black-titanium-s-27d3e06d-7103-4ee1-8c9c-394c946451d7-jpgrendition.jpg?im=whresize&wid=200&hei=200,https://media-www.canadiantire.ca/product/automotive/automotive-outdoor-adventure/powersport/0262826/origine-delta-modular-snow-w-elec-shield-black-titanium-s-27d3e06d-7103-4ee1-8c9c-394c946451d7-jpgrendition.jpg?im=whresize&wid=200&hei=200,,0262826,026-2826,Vérifiez la disponibilité#026-2826X,Liquidation◊Mieux notés,51.75,"139,93","289,99"
104,"Strathroy, ON","Gant de baseball Matrix, noir/chameau, 11 po, main gauche","Gant de baseball Matrix, noir/chameau, 11 po, main gauche",14.88,"14,88 $",39.99,"Était±  39,99 $prix était 39,99 $",14.88,"14,88 $",14.88,"14,88 $",true,https://www.canadiantire.ca/fr/pdp/gant-de-baseball-matrix-noir-chameau-11-po-main-gauche-0803077p.html,https://www.canadiantire.ca/fr/pdp/gant-de-baseball-matrix-noir-chameau-11-po-main-gauche-0803077p.html,https://media-www.canadiantire.ca/product/playing/team-sports-and-golf/field-sports/0803077/matrix-fielding-glove-black-camel-11-left-hand-catch-cb3cde19-2b3f-446a-842b-fab92a47b56e-jpgrendition.jpg?im=whresize&wid=200&hei=200,https://media-www.canadiantire.ca/product/playing/team-sports-and-golf/field-sports/0803077/matrix-fielding-glove-black-camel-11-left-hand-catch-cb3cde19-2b3f-446a-842b-fab92a47b56e-jpgrendition.jpg?im=whresize&wid=200&hei=200,,0803077,080-3077-8,13 En Stock#080-3077-8,Liquidation◊Mieux notés,62.79,"14,88","39,99"
104,"Strathroy, ON","Chaise haute d'extérieur CANVAS Mercier, cadre en acier, noir","Chaise haute d'extérieur CANVAS Mercier, cadre en acier, noir",59.93,"59,93 $",119.99,"Était±  119,99 $prix était 119,99 $",59.93,"59,93 $",59.93,"59,93 $",true,https://www.canadiantire.ca/fr/pdp/chaise-haute-d-exterieur-canvas-mercier-cadre-en-acier-noir-1880295p.html,https://www.canadiantire.ca/fr/pdp/chaise-haute-d-exterieur-canvas-mercier-cadre-en-acier-noir-1880295p.html,https://media-www.canadiantire.ca/product/seasonal-gardening/backyard-living/outdoor-furniture/1880295/canvas-mercier-high-dining-chair-b64fb3b2-0103-4328-ba64-8121ce4b07d4-jpgrendition.jpg?im=whresize&wid=200&hei=200,https://media-www.canadiantire.ca/product/seasonal-gardening/backyard-living/outdoor-furniture/1880295/canvas-mercier-high-dining-chair-b64fb3b2-0103-4328-ba64-8121ce4b07d4-jpgrendition.jpg?im=whresize&wid=200&hei=200,,1880295,188-0295-2,Il n’en reste que 4 #188-0295-2,Liquidation◊Articles à succès,50.05,"59,93","119,99"
104,"Strathroy, ON","Ventilateur de plafond d'extérieur NOMA Nova à 3 pales, éclairage à DEL et télécommande, 60 po, noir mat","Ventilateur de plafond d'extérieur NOMA Nova à 3 pales, éclairage à DEL et télécommande, 60 po, noir mat",179.93,"179,93 $",429.99,"Était±  429,99 $prix était 429,99 $",179.93,"179,93 $",179.93,"179,93 $",true,https://www.canadiantire.ca/fr/pdp/ventilateur-de-plafond-d-exterieur-noma-nova-a-3-pales-eclairage-a-del-et-telecommande-60-po-noir-mat-0529604p.html,https://www.canadiantire.ca/fr/pdp/ventilateur-de-plafond-d-exterieur-noma-nova-a-3-pales-eclairage-a-del-et-telecommande-60-po-noir-mat-0529604p.html,https://media-www.canadiantire.ca/product/living/home-decor/ceiling-fans/0529604/noma-nova-60-ceiling-fan-dc66e8f5-bf6d-48ca-8ff5-d640e66582e1-jpgrendition.jpg?im=whresize&wid=200&hei=200,https://media-www.canadiantire.ca/product/living/home-decor/ceiling-fans/0529604/noma-nova-60-ceiling-fan-dc66e8f5-bf6d-48ca-8ff5-d640e66582e1-jpgrendition.jpg?im=whresize&wid=200&hei=200,,0529604,052-9604-6,,Liquidation◊Exclusivité,58.15,"179,93","429,99"
104,"Strathroy, ON",Dispositif de géolocalisation Bluetooth Bluehive,Dispositif de géolocalisation Bluetooth Bluehive,12.93,"12,93 $",27.99,"Était±  27,99 $prix était 27,99 $",12.93,"12,93 $",12.93,"12,93 $",true,https://www.canadiantire.ca/fr/pdp/dispositif-de-geolocalisation-bluetooth-bluehive-0355474p.html,https://www.canadiantire.ca/fr/pdp/dispositif-de-geolocalisation-bluetooth-bluehive-0355474p.html,https://media-www.canadiantire.ca/product/automotive/electronics/mobile-electronics/0355474/bluehive-bluetooth-item-tracker-30a44d53-e1c9-4757-a18b-35d4808719fa-jpgrendition.jpg?im=whresize&wid=200&hei=200,https://media-www.canadiantire.ca/product/automotive/electronics/mobile-electronics/0355474/bluehive-bluetooth-item-tracker-30a44d53-e1c9-4757-a18b-35d4808719fa-jpgrendition.jpg?im=whresize&wid=200&hei=200,,0355474,035-5474-0,Il n’en reste que 6 #035-5474-0,Liquidation◊Exclusivité,53.8,"12,93","27,99"
104,"Strathroy, ON","Stylos à bille rétractable Paper Mate InkJoy 300RT, pointe moyenne (1,0 mm), couleurs variées, paq. 8","Stylos à bille rétractable Paper Mate InkJoy 300RT, pointe moyenne (1,0 mm), couleurs variées, paq. 8",3.43,"3,43 $",6.99,"Était±  6,99 $prix était 6,99 $",3.43,"3,43 $",3.43,"3,43 $",true,https://www.canadiantire.ca/fr/pdp/stylos-a-bille-retractable-paper-mate-inkjoy-300rt-pointe-moyenne-1-0-mm-couleurs-variees-paq-8-1424126p.html,https://www.canadiantire.ca/fr/pdp/stylos-a-bille-retractable-paper-mate-inkjoy-300rt-pointe-moyenne-1-0-mm-couleurs-variees-paq-8-1424126p.html,https://media-www.canadiantire.ca/product/seasonal-gardening/toys/home-office-supplies/1424126/inkjoy-300rt-8-count-fasn-038b39f4-577a-4cdc-813e-38423483f11a-jpgrendition.jpg?im=whresize&wid=200&hei=200,https://media-www.canadiantire.ca/product/seasonal-gardening/toys/home-office-supplies/1424126/inkjoy-300rt-8-count-fasn-038b39f4-577a-4cdc-813e-38423483f11a-jpgrendition.jpg?im=whresize&wid=200&hei=200,,1424126,142-4126-0,Il n’en reste que 1 #142-4126-0,Liquidation◊Mieux notés,50.93,"3,43","6,99"
104,"Strathroy, ON",Montre d’activité intelligente Sech Fusion avec écran tactile couleur,Montre d’activité intelligente Sech Fusion avec écran tactile couleur,24.93,"24,93 $",69.99,"Était±  69,99 $prix était 69,99 $",24.93,"24,93 $",24.93,"24,93 $",true,https://www.canadiantire.ca/fr/pdp/montre-d-activite-intelligente-sech-fusion-avec-ecran-tactile-couleur-0356235p.html,https://www.canadiantire.ca/fr/pdp/montre-d-activite-intelligente-sech-fusion-avec-ecran-tactile-couleur-0356235p.html,https://media-www.canadiantire.ca/product/automotive/car-care-accessories/auto-electronics/0356235/sech-fusion-smart-watch-1d020c43-5e7f-4869-b241-5bcb75be795c-jpgrendition.jpg?im=whresize&wid=200&hei=200,https://media-www.canadiantire.ca/product/automotive/car-care-accessories/auto-electronics/0356235/sech-fusion-smart-watch-1d020c43-5e7f-4869-b241-5bcb75be795c-jpgrendition.jpg?im=whresize&wid=200&hei=200,,0356235,035-6235-4,8 En Stock#035-6235-4,Liquidation◊Exclusivité,64.38,"24,93","69,99"
104,"Strathroy, ON","Meuble-lavabo simple Canvas Danville à 1 porte, dessus en pierre, 24 po, chêne doré","Meuble-lavabo simple Canvas Danville à 1 porte, dessus en pierre, 24 po, chêne doré",179.93,"179,93 $",399.99,"Était±  399,99 $prix était 399,99 $",179.93,"179,93 $",179.93,"179,93 $",true,https://www.canadiantire.ca/fr/pdp/meuble-lavabo-simple-canvas-danville-a-1-porte-dessus-en-pierre-24-po-chene-dore-0636377p.html,https://www.canadiantire.ca/fr/pdp/meuble-lavabo-simple-canvas-danville-a-1-porte-dessus-en-pierre-24-po-chene-dore-0636377p.html,https://media-www.canadiantire.ca/product/fixing/plumbing/faucets-fixtures/0636377/canvas-24a-danville-1-door-honey-oak-8e9fcc76-daab-459d-ae81-1bc4f7161516.png?im=whresize&wid=200&hei=200,https://media-www.canadiantire.ca/product/fixing/plumbing/faucets-fixtures/0636377/canvas-24a-danville-1-door-honey-oak-8e9fcc76-daab-459d-ae81-1bc4f7161516.png?im=whresize&wid=200&hei=200,,0636377,063-6377-8,Il n’en reste que 2 #063-6377-8,Liquidation◊Mieux notés,55.02,"179,93","399,99"
104,"Strathroy, ON","CANVAS Minden - Fauteuil Adirondack empilable rembourré, gris","CANVAS Minden - Fauteuil Adirondack empilable rembourré, gris",59.93,"59,93 $",129.99,"Était±  129,99 $prix était 129,99 $",59.93,"59,93 $",59.93,"59,93 $",true,https://www.canadiantire.ca/fr/pdp/canvas-minden-fauteuil-adirondack-empilable-rembourre-gris-0882190p.html,https://www.canadiantire.ca/fr/pdp/canvas-minden-fauteuil-adirondack-empilable-rembourre-gris-0882190p.html,https://media-www.canadiantire.ca/product/seasonal-gardening/backyard-living/outdoor-furniture/0882190/canvas-minden-padded-sling-adirondack-chair-22bfb86d-0e5b-4775-9dbb-b82e723cafcd-jpgrendition.jpg?im=whresize&wid=200&hei=200,https://media-www.canadiantire.ca/product/seasonal-gardening/backyard-living/outdoor-furniture/0882190/canvas-minden-padded-sling-adirondack-chair-22bfb86d-0e5b-4775-9dbb-b82e723cafcd-jpgrendition.jpg?im=whresize&wid=200&hei=200,,0882190,088-2190-6,Il n’en reste que 1 #088-2190-6,Liquidation◊Mieux notés,53.9,"59,93","129,99"
104,"Strathroy, ON","Polisseuse orbitale sans fil à 1 vitesse au lithium-ion 20 V Max Mastercraft, avec tampons, 7 po, outil seulement, compatible avec batterie PWR POD","Polisseuse orbitale sans fil à 1 vitesse au lithium-ion 20 V Max Mastercraft, avec tampons, 7 po, outil seulement, compatible avec batterie PWR POD",49.93,"49,93 $",99.99,"Était±  99,99 $prix était 99,99 $",49.93,"49,93 $",49.93,"49,93 $",true,https://www.canadiantire.ca/fr/pdp/polisseuse-orbitale-sans-fil-a-1-vitesse-au-lithium-ion-20-v-max-mastercraft-avec-tampons-7-po-outil-seulement-compatible-avec-batterie-pwr-pod-0547285p.html,https://www.canadiantire.ca/fr/pdp/polisseuse-orbitale-sans-fil-a-1-vitesse-au-lithium-ion-20-v-max-mastercraft-avec-tampons-7-po-outil-seulement-compatible-avec-batterie-pwr-pod-0547285p.html,https://media-www.canadiantire.ca/product/fixing/tools/portable-power-tools/0547285/mastercraft-20v-li-ion-7-buffer-polisher-bare-tool-38d172fe-8874-4974-9581-d1146f87c51d-jpgrendition.jpg?im=whresize&wid=200&hei=200,https://media-www.canadiantire.ca/product/fixing/tools/portable-power-tools/0547285/mastercraft-20v-li-ion-7-buffer-polisher-bare-tool-38d172fe-8874-4974-9581-d1146f87c51d-jpgrendition.jpg?im=whresize&wid=200&hei=200,,0547285,054-7285-2,Il n’en reste que 2 #054-7285-2,Liquidation◊Exclusivité,50.07,"49,93","99,99"
104,"Strathroy, ON",Everlast Powercore - Sac de frappe sur pied,Everlast Powercore - Sac de frappe sur pied,129.93,"129,93 $",329.99,"Était±  329,99 $prix était 329,99 $",129.93,"129,93 $",129.93,"129,93 $",true,https://www.canadiantire.ca/fr/pdp/everlast-powercore-sac-de-frappe-sur-pied-1840501p.html,https://www.canadiantire.ca/fr/pdp/everlast-powercore-sac-de-frappe-sur-pied-1840501p.html,https://media-www.canadiantire.ca/product/playing/exercise/exercise-accessories/1840501/everlast-powercore-freestanding-bag-be591a5f-7573-43c7-913c-02740ae51204-jpgrendition.jpg?im=whresize&wid=200&hei=200,https://media-www.canadiantire.ca/product/playing/exercise/exercise-accessories/1840501/everlast-powercore-freestanding-bag-be591a5f-7573-43c7-913c-02740ae51204-jpgrendition.jpg?im=whresize&wid=200&hei=200,,1840501,184-0501-0,Il n’en reste que 1 #184-0501-0,Liquidation◊,60.63,"129,93","329,99"
104,"Strathroy, ON","Meuble-lavabo simple CANVAS Creston à 1 porte, dessus en porcelaine vitrifiée, 20 po, noir","Meuble-lavabo simple CANVAS Creston à 1 porte, dessus en porcelaine vitrifiée, 20 po, noir",139.93,"139,93 $",299.99,"Était±  299,99 $prix était 299,99 $",139.93,"139,93 $",139.93,"139,93 $",true,https://www.canadiantire.ca/fr/pdp/meuble-lavabo-simple-canvas-creston-a-1-porte-dessus-en-porcelaine-vitrifiee-20-po-noir-0636374p.html,https://www.canadiantire.ca/fr/pdp/meuble-lavabo-simple-canvas-creston-a-1-porte-dessus-en-porcelaine-vitrifiee-20-po-noir-0636374p.html,https://media-www.canadiantire.ca/product/fixing/plumbing/faucets-fixtures/0636374/canvas-20a-creston-1-door-black-08058f48-d96e-4bca-b53b-a0634e072aae-jpgrendition.jpg?im=whresize&wid=200&hei=200,https://media-www.canadiantire.ca/product/fixing/plumbing/faucets-fixtures/0636374/canvas-20a-creston-1-door-black-08058f48-d96e-4bca-b53b-a0634e072aae-jpgrendition.jpg?im=whresize&wid=200&hei=200,,0636374,063-6374-4,Il n’en reste que 2 #063-6374-4,Liquidation◊Exclusivité,53.36,"139,93","299,99"
104,"Strathroy, ON",Thermomètre à viande numérique sans fil Vermont Castings,Thermomètre à viande numérique sans fil Vermont Castings,59.93,"59,93 $",119.99,"Était±  119,99 $prix était 119,99 $",59.93,"59,93 $",59.93,"59,93 $",true,https://www.canadiantire.ca/fr/pdp/thermometre-a-viande-numerique-sans-fil-vermont-castings-0853780p.html,https://www.canadiantire.ca/fr/pdp/thermometre-a-viande-numerique-sans-fil-vermont-castings-0853780p.html,https://media-www.canadiantire.ca/product/seasonal-gardening/backyard-living/outdoor-cooking-accessories/0853780/vermont-castings-digital-thermometer-d071313c-23d6-4a8e-9c07-7cef9f0e81fd-jpgrendition.jpg?im=whresize&wid=200&hei=200,https://media-www.canadiantire.ca/product/seasonal-gardening/backyard-living/outdoor-cooking-accessories/0853780/vermont-castings-digital-thermometer-d071313c-23d6-4a8e-9c07-7cef9f0e81fd-jpgrendition.jpg?im=whresize&wid=200&hei=200,,0853780,085-3780-2,Il n’en reste que 1 #085-3780-2,Liquidation◊Exclusivité,50.05,"59,93","119,99"
104,"Strathroy, ON","Raquette de tennis en alliage léger Wilson US Open, junior, bleu, 21 po","Raquette de tennis en alliage léger Wilson US Open, junior, bleu, 21 po",14.93,"14,93 $",29.99,"Était±  29,99 $prix était 29,99 $",14.93,"14,93 $",14.93,"14,93 $",true,https://www.canadiantire.ca/fr/pdp/raquette-de-tennis-en-alliage-leger-wilson-us-open-junior-bleu-21-po-1841583p.html,https://www.canadiantire.ca/fr/pdp/raquette-de-tennis-en-alliage-leger-wilson-us-open-junior-bleu-21-po-1841583p.html,https://media-www.canadiantire.ca/product/playing/team-sports-and-golf/court-sports/1841583/u-s-open-21-jr-rkt-8896edd2-30e8-47cd-bb61-67a54d7df6aa-jpgrendition.jpg?im=whresize&wid=200&hei=200,https://media-www.canadiantire.ca/product/playing/team-sports-and-golf/court-sports/1841583/u-s-open-21-jr-rkt-8896edd2-30e8-47cd-bb61-67a54d7df6aa-jpgrendition.jpg?im=whresize&wid=200&hei=200,,1841583,184-1583-8,Il n’en reste que 2 #184-1583-8,Liquidation◊Mieux notés,50.22,"14,93","29,99"
104,"Strathroy, ON","Mini ruban correcteur BIC Wite-Out, paq. 1","Mini ruban correcteur BIC Wite-Out, paq. 1",1.93,"1,93 $",3.99,"Était±  3,99 $prix était 3,99 $",1.93,"1,93 $",1.93,"1,93 $",true,https://www.canadiantire.ca/fr/pdp/mini-ruban-correcteur-bic-wite-out-paq-1-2420362p.html,https://www.canadiantire.ca/fr/pdp/mini-ruban-correcteur-bic-wite-out-paq-1-2420362p.html,https://media-www.canadiantire.ca/product/seasonal-gardening/toys/home-office-supplies/2420362/bic-micro-correction-film-blister-1-pk-f322ca26-3453-4fe4-8ca2-9e89f6feb055-jpgrendition.jpg?im=whresize&wid=200&hei=200,https://media-www.canadiantire.ca/product/seasonal-gardening/toys/home-office-supplies/2420362/bic-micro-correction-film-blister-1-pk-f322ca26-3453-4fe4-8ca2-9e89f6feb055-jpgrendition.jpg?im=whresize&wid=200&hei=200,,2420362,242-0362-2,Il n’en reste que 3 #242-0362-2,Liquidation◊,51.63,"1,93","3,99"
104,"Strathroy, ON","Woods™ - Accessoire de rangement pour lits de camping, bleu","Woods™ - Accessoire de rangement pour lits de camping, bleu",8.93,"8,93 $",19.99,"Était±  19,99 $prix était 19,99 $",8.93,"8,93 $",8.93,"8,93 $",true,https://www.canadiantire.ca/fr/pdp/woodstm-accessoire-de-rangement-pour-lits-de-camping-bleu-0763721p.html,https://www.canadiantire.ca/fr/pdp/woodstm-accessoire-de-rangement-pour-lits-de-camping-bleu-0763721p.html,https://media-www.canadiantire.ca/product/playing/camping/camping-furniture/0763721/woods-cot-organizer-accessory-aa13e71e-f352-4d02-8f8b-609701ff1e54-jpgrendition.jpg?im=whresize&wid=200&hei=200,https://media-www.canadiantire.ca/product/playing/camping/camping-furniture/0763721/woods-cot-organizer-accessory-aa13e71e-f352-4d02-8f8b-609701ff1e54-jpgrendition.jpg?im=whresize&wid=200&hei=200,,0763721,076-3721-6,Il n’en reste que 4 #076-3721-6,Liquidation◊Exclusivité,55.33,"8,93","19,99"
104,"Strathroy, ON","Bottes de randonnée de sécurité CSA Altra, hommes, coupe basse","Bottes de randonnée de sécurité CSA Altra, hommes, coupe basse",49.93,"49,93 $",109.99,"109,99 $Était   et+ prix était à partir de 109,99 $",49.93,"49,93 $",49.93,"49,93 $",true,https://www.canadiantire.ca/fr/pdp/bottes-de-randonnee-de-securite-csa-altra-hommes-coupe-basse-1871804p.html,https://www.canadiantire.ca/fr/pdp/bottes-de-randonnee-de-securite-csa-altra-hommes-coupe-basse-1871804p.html,https://media-www.canadiantire.ca/product/playing/footwear-apparel/work-footwear-apparel/1871804/altra-men-s-low-cut-csa-hiker-size-7-8ae84625-753c-41db-bd49-4b1be1339da1-jpgrendition.jpg?im=whresize&wid=200&hei=200,https://media-www.canadiantire.ca/product/playing/footwear-apparel/work-footwear-apparel/1871804/altra-men-s-low-cut-csa-hiker-size-7-8ae84625-753c-41db-bd49-4b1be1339da1-jpgrendition.jpg?im=whresize&wid=200&hei=200,,1871804,187-1804,Vérifiez la disponibilité#187-1804X,Liquidation◊Exclusivité,54.6,"49,93","109,99"
104,"Strathroy, ON","Nettoyant rapide SIMONIZ pour tableaux de bord, non parfumé","Nettoyant rapide SIMONIZ pour tableaux de bord, non parfumé",3.93,"3,93 $",8.99,"Était±  8,99 $prix était 8,99 $",3.93,"3,93 $",3.93,"3,93 $",true,https://www.canadiantire.ca/fr/pdp/nettoyant-rapide-simoniz-pour-tableaux-de-bord-non-parfume-0393633p.html,https://www.canadiantire.ca/fr/pdp/nettoyant-rapide-simoniz-pour-tableaux-de-bord-non-parfume-0393633p.html,https://media-www.canadiantire.ca/product/automotive/car-care-accessories/auto-cleaning-chemicals/0393633/simoniz-dashboard-protectant-6351e878-3b35-4ac0-9fb6-41b8fa566016-jpgrendition.jpg?im=whresize&wid=200&hei=200,https://media-www.canadiantire.ca/product/automotive/car-care-accessories/auto-cleaning-chemicals/0393633/simoniz-dashboard-protectant-6351e878-3b35-4ac0-9fb6-41b8fa566016-jpgrendition.jpg?im=whresize&wid=200&hei=200,,0393633,039-3633-6,Il n’en reste que 4 #039-3633-6,Liquidation◊Exclusivité,56.28,"3,93","8,99"
104,"Strathroy, ON","Contenants alimentaires rectangulaires Clearlock avec base TritanMC, emboîtable, 4 pièces","Contenants alimentaires rectangulaires Clearlock avec base TritanMC, emboîtable, 4 pièces",8.93,"8,93 $",18.99,"Était±  18,99 $prix était 18,99 $",8.93,"8,93 $",8.93,"8,93 $",true,https://www.canadiantire.ca/fr/pdp/contenants-alimentaires-rectangulaires-clearlock-avec-base-tritan-sup-mc-sup-emboitable-4-pieces-2421068p.html,https://www.canadiantire.ca/fr/pdp/contenants-alimentaires-rectangulaires-clearlock-avec-base-tritan-sup-mc-sup-emboitable-4-pieces-2421068p.html,https://media-www.canadiantire.ca/product/living/kitchen/food-storage/2421068/clearlock-4-pc-set-rectangle-91219bfb-09b2-42eb-9ef8-8d3db1209131-jpgrendition.jpg?im=whresize&wid=200&hei=200,https://media-www.canadiantire.ca/product/living/kitchen/food-storage/2421068/clearlock-4-pc-set-rectangle-91219bfb-09b2-42eb-9ef8-8d3db1209131-jpgrendition.jpg?im=whresize&wid=200&hei=200,,2421068,242-1068-8,Il n’en reste que 1 #242-1068-8,Liquidation◊Mieux notés,52.98,"8,93","18,99"
104,"Strathroy, ON","Table de soccer de table Ambassador, fini bois, 48 po","Table de soccer de table Ambassador, fini bois, 48 po",69.93,"69,93 $",169.99,"Était±  169,99 $prix était 169,99 $",69.93,"69,93 $",69.93,"69,93 $",true,https://www.canadiantire.ca/fr/pdp/table-de-soccer-de-table-ambassador-fini-bois-48-po-1840106p.html,https://www.canadiantire.ca/fr/pdp/table-de-soccer-de-table-ambassador-fini-bois-48-po-1840106p.html,https://media-www.canadiantire.ca/product/playing/team-sports-and-golf/sports-equipment-accessories/1840106/-48-foosball--7b2776e4-d562-4d02-bb52-ff449d124dde-jpgrendition.jpg?im=whresize&wid=200&hei=200,https://media-www.canadiantire.ca/product/playing/team-sports-and-golf/sports-equipment-accessories/1840106/-48-foosball--7b2776e4-d562-4d02-bb52-ff449d124dde-jpgrendition.jpg?im=whresize&wid=200&hei=200,,1840106,184-0106-2,Il n’en reste que 4 #184-0106-2,Liquidation◊,58.86,"69,93","169,99"
104,"Strathroy, ON","Robinet d'évier de cuisine rétractable Danze Smartsense, noir mat","Robinet d'évier de cuisine rétractable Danze Smartsense, noir mat",159.93,"159,93 $",349.99,"Était±  349,99 $prix était 349,99 $",159.93,"159,93 $",159.93,"159,93 $",true,https://www.canadiantire.ca/fr/pdp/robinet-d-evier-de-cuisine-retractable-danze-smartsense-noir-mat-0634827p.html,https://www.canadiantire.ca/fr/pdp/robinet-d-evier-de-cuisine-retractable-danze-smartsense-noir-mat-0634827p.html,https://media-www.canadiantire.ca/product/fixing/plumbing/faucets-fixtures/0634827/danze-smartsense-1h-kitchen-pull-down-faucet-matte-black-4b62e466-333b-4162-aa92-9e22131316e9-jpgrendition.jpg?im=whresize&wid=200&hei=200,https://media-www.canadiantire.ca/product/fixing/plumbing/faucets-fixtures/0634827/danze-smartsense-1h-kitchen-pull-down-faucet-matte-black-4b62e466-333b-4162-aa92-9e22131316e9-jpgrendition.jpg?im=whresize&wid=200&hei=200,,0634827,063-4827-0,Il n’en reste que 2 #063-4827-0,Liquidation◊Exclusivité,54.3,"159,93","349,99"
104,"Strathroy, ON","Robinet de lavabo de salle de bains Peerless Precept, à poignée simple et trou unique, certifié WaterSense, chrome","Robinet de lavabo de salle de bains Peerless Precept, à poignée simple et trou unique, certifié WaterSense, chrome",94.93,"94,93 $",189.99,"Était±  189,99 $prix était 189,99 $",94.93,"94,93 $",94.93,"94,93 $",true,https://www.canadiantire.ca/fr/pdp/robinet-de-lavabo-de-salle-de-bains-peerless-precept-a-poignee-simple-et-trou-unique-certifie-watersense-chrome-0639944p.html,https://www.canadiantire.ca/fr/pdp/robinet-de-lavabo-de-salle-de-bains-peerless-precept-a-poignee-simple-et-trou-unique-certifie-watersense-chrome-0639944p.html,https://media-www.canadiantire.ca/product/fixing/plumbing/faucets-fixtures/0639944/peerless-precept-1-handle-lavatory-faucet-chrome-cad24aa7-e4ba-4e31-86be-970fb7183158-jpgrendition.jpg?im=whresize&wid=200&hei=200,https://media-www.canadiantire.ca/product/fixing/plumbing/faucets-fixtures/0639944/peerless-precept-1-handle-lavatory-faucet-chrome-cad24aa7-e4ba-4e31-86be-970fb7183158-jpgrendition.jpg?im=whresize&wid=200&hei=200,,0639944,063-9944-0,Il n’en reste que 2 #063-9944-0,Liquidation◊Mieux notés,50.03,"94,93","189,99"
104,"Strathroy, ON","Crochet en J pour rangement de garage NOMA, 3,5 po, paq. 4","Crochet en J pour rangement de garage NOMA, 3,5 po, paq. 4",2.93,"2,93 $",7.49,"Était±  7,49 $prix était 7,49 $",2.93,"2,93 $",2.93,"2,93 $",true,https://www.canadiantire.ca/fr/pdp/crochet-en-j-pour-rangement-de-garage-noma-3-5-po-paq-4-0521437p.html,https://www.canadiantire.ca/fr/pdp/crochet-en-j-pour-rangement-de-garage-noma-3-5-po-paq-4-0521437p.html,https://media-www.canadiantire.ca/product/fixing/electrical/power-bars-extension-cords-timers/0521437/noma-j-hook-extension-cord-holder-88mm-6c5d8d89-21df-40de-82c7-c7d29b631092-jpgrendition.jpg?im=whresize&wid=200&hei=200,https://media-www.canadiantire.ca/product/fixing/electrical/power-bars-extension-cords-timers/0521437/noma-j-hook-extension-cord-holder-88mm-6c5d8d89-21df-40de-82c7-c7d29b631092-jpgrendition.jpg?im=whresize&wid=200&hei=200,,0521437,052-1437-2,Il n’en reste que 1 #052-1437-2,Liquidation◊Mieux notés,60.88,"2,93","7,49"
104,"Strathroy, ON","Stylos à pointe en feutre Papermate Flair Bold, couleurs variées, paq. 6","Stylos à pointe en feutre Papermate Flair Bold, couleurs variées, paq. 6",4.93,"4,93 $",10.99,"Était±  10,99 $prix était 10,99 $",4.93,"4,93 $",4.93,"4,93 $",true,https://www.canadiantire.ca/fr/pdp/stylos-a-pointe-en-feutre-papermate-flair-bold-couleurs-variees-paq-6-2420369p.html,https://www.canadiantire.ca/fr/pdp/stylos-a-pointe-en-feutre-papermate-flair-bold-couleurs-variees-paq-6-2420369p.html,https://media-www.canadiantire.ca/product/seasonal-gardening/toys/home-office-supplies/2420369/papermate-flair-bold-6ct-asst-41d68083-58ba-4f3b-a8cd-a52d05284c54-jpgrendition.jpg?im=whresize&wid=200&hei=200,https://media-www.canadiantire.ca/product/seasonal-gardening/toys/home-office-supplies/2420369/papermate-flair-bold-6ct-asst-41d68083-58ba-4f3b-a8cd-a52d05284c54-jpgrendition.jpg?im=whresize&wid=200&hei=200,,2420369,242-0369-8,Il n’en reste que 2 #242-0369-8,Liquidation◊Mieux notés,55.14,"4,93","10,99"
104,"Strathroy, ON","CANVAS Mercier - Chaise rembourrée pour table à manger de jardin en acier, noir","CANVAS Mercier - Chaise rembourrée pour table à manger de jardin en acier, noir",39.93,"39,93 $",79.99,"Était±  79,99 $prix était 79,99 $",39.93,"39,93 $",39.93,"39,93 $",true,https://www.canadiantire.ca/fr/pdp/canvas-mercier-chaise-rembourree-pour-table-a-manger-de-jardin-en-acier-noir-0882028p.html,https://www.canadiantire.ca/fr/pdp/canvas-mercier-chaise-rembourree-pour-table-a-manger-de-jardin-en-acier-noir-0882028p.html,https://media-www.canadiantire.ca/product/seasonal-gardening/backyard-living/outdoor-furniture/0882028/canvas-mercier-dining-chair-b3317fa3-2f8e-47d3-932c-03493582ea86-jpgrendition.jpg?im=whresize&wid=200&hei=200,https://media-www.canadiantire.ca/product/seasonal-gardening/backyard-living/outdoor-furniture/0882028/canvas-mercier-dining-chair-b3317fa3-2f8e-47d3-932c-03493582ea86-jpgrendition.jpg?im=whresize&wid=200&hei=200,,0882028,088-2028-6,Il n’en reste que 1 #088-2028-6,Liquidation◊Exclusivité,50.08,"39,93","79,99"
104,"Strathroy, ON","Range-accessoires de douche en métal 3M Command résistant à la rouille, nickel satiné","Range-accessoires de douche en métal 3M Command résistant à la rouille, nickel satiné",12.93,"12,93 $",27.99,"Était±  27,99 $prix était 27,99 $",12.93,"12,93 $",12.93,"12,93 $",true,https://www.canadiantire.ca/fr/pdp/range-accessoires-de-douche-en-metal-3m-command-resistant-a-la-rouille-nickel-satine-0635788p.html,https://www.canadiantire.ca/fr/pdp/range-accessoires-de-douche-en-metal-3m-command-resistant-a-la-rouille-nickel-satine-0635788p.html,https://media-www.canadiantire.ca/product/living/home-decor/bed-bath-decor/0635788/3m-command-metal-bath-caddy-0c2e4911-82b4-4839-bf6d-32e2b9cf763c-jpgrendition.jpg?im=whresize&wid=200&hei=200,https://media-www.canadiantire.ca/product/living/home-decor/bed-bath-decor/0635788/3m-command-metal-bath-caddy-0c2e4911-82b4-4839-bf6d-32e2b9cf763c-jpgrendition.jpg?im=whresize&wid=200&hei=200,,0635788,063-5788-6,Il n’en reste que 1 #063-5788-6,Liquidation◊Mieux notés,53.8,"12,93","27,99"
104,"Strathroy, ON","Poli à métal de VR Simoniz, 500 mL","Poli à métal de VR Simoniz, 500 mL",4.93,"4,93 $",16.99,"Était±  16,99 $prix était 16,99 $",4.93,"4,93 $",4.93,"4,93 $",true,https://www.canadiantire.ca/fr/pdp/poli-a-metal-de-vr-simoniz-500-ml-0409614p.html,https://www.canadiantire.ca/fr/pdp/poli-a-metal-de-vr-simoniz-500-ml-0409614p.html,https://media-www.canadiantire.ca/product/automotive/automotive-outdoor-adventure/auto-travel-storage/0409614/simoniz-metal-polish-500ml-af57ba2e-9bed-4496-9d2b-dea7b7e6436f-jpgrendition.jpg?im=whresize&wid=200&hei=200,https://media-www.canadiantire.ca/product/automotive/automotive-outdoor-adventure/auto-travel-storage/0409614/simoniz-metal-polish-500ml-af57ba2e-9bed-4496-9d2b-dea7b7e6436f-jpgrendition.jpg?im=whresize&wid=200&hei=200,,0409614,040-9614-0,Il n’en reste que 5 #040-9614-0,Liquidation◊Mieux notés,70.98,"4,93","16,99"
104,"Strathroy, ON","Lustre à 5 lampes CANVAS Tavio, hauteur réglable, noir mat","Lustre à 5 lampes CANVAS Tavio, hauteur réglable, noir mat",79.93,"79,93 $",174.99,"Était±  174,99 $prix était 174,99 $",79.93,"79,93 $",79.93,"79,93 $",true,https://www.canadiantire.ca/fr/pdp/lustre-a-5-lampes-canvas-tavio-hauteur-reglable-noir-mat-1522643p.html,https://www.canadiantire.ca/fr/pdp/lustre-a-5-lampes-canvas-tavio-hauteur-reglable-noir-mat-1522643p.html,https://media-www.canadiantire.ca/product/living/home-decor/lighting/1522643/canvas-tavio-chandelier-e97146c2-76cd-4478-ae5a-9d534d336030-jpgrendition.jpg?im=whresize&wid=200&hei=200,https://media-www.canadiantire.ca/product/living/home-decor/lighting/1522643/canvas-tavio-chandelier-e97146c2-76cd-4478-ae5a-9d534d336030-jpgrendition.jpg?im=whresize&wid=200&hei=200,,1522643,152-2643-6,Il n’en reste que 1 #152-2643-6,Liquidation◊Mieux notés,54.32,"79,93","174,99"
104,"Strathroy, ON","Manteau imperméable coupe-vent léger Yukon Gear pour femmes pour la chasse et la pêche, camouflage","Manteau imperméable coupe-vent léger Yukon Gear pour femmes pour la chasse et la pêche, camouflage",49.93,"49,93 $",154.99,"154,99 $Était   et+ prix était à partir de 154,99 $",49.93,"49,93 $",49.93,"49,93 $",true,https://www.canadiantire.ca/fr/pdp/manteau-impermeable-coupe-vent-leger-yukon-gear-pour-femmes-pour-la-chasse-et-la-peche-camouflage-1759656p.html,https://www.canadiantire.ca/fr/pdp/manteau-impermeable-coupe-vent-leger-yukon-gear-pour-femmes-pour-la-chasse-et-la-peche-camouflage-1759656p.html,https://media-www.canadiantire.ca/product/playing/hunting/hunting-apparel-footwear/1759656/ladies-lightweight-jacket-m-87e6dfb9-59d8-43d9-acc0-65f9156babac-jpgrendition.jpg?im=whresize&wid=200&hei=200,https://media-www.canadiantire.ca/product/playing/hunting/hunting-apparel-footwear/1759656/ladies-lightweight-jacket-m-87e6dfb9-59d8-43d9-acc0-65f9156babac-jpgrendition.jpg?im=whresize&wid=200&hei=200,,1759656,175-9656,Vérifiez la disponibilité#175-9656X,Liquidation◊Mieux notés,67.79,"49,93","154,99"
104,"Strathroy, ON","Lingettes désodorisantes et hypoallergènes Well & Good, non parfumées, paq. 100","Lingettes désodorisantes et hypoallergènes Well & Good, non parfumées, paq. 100",7.92,"7,92 $",15.99,"Était±  15,99 $prix était 15,99 $",7.92,"7,92 $",7.92,"7,92 $",true,https://www.canadiantire.ca/fr/pdp/lingettes-desodorisantes-et-hypoallergenes-well-good-non-parfumees-paq-100-1423994p.html,https://www.canadiantire.ca/fr/pdp/lingettes-desodorisantes-et-hypoallergenes-well-good-non-parfumees-paq-100-1423994p.html,https://media-www.canadiantire.ca/product/living/pet-care/pet-accessories/1423994/petco-hypoallergenic-dog-wipes-100-count-ee441ee1-ea0a-4740-8792-99e6bfa8ca34-jpgrendition.jpg?im=whresize&wid=200&hei=200,https://media-www.canadiantire.ca/product/living/pet-care/pet-accessories/1423994/petco-hypoallergenic-dog-wipes-100-count-ee441ee1-ea0a-4740-8792-99e6bfa8ca34-jpgrendition.jpg?im=whresize&wid=200&hei=200,,1423994,142-3994-8,Il n’en reste que 2 #142-3994-8,Liquidation◊Mieux notés,50.47,"7,92","15,99"
104,"Strathroy, ON","Foret à découper à haute vitesse pour cloison sèche Dremel 560 avec tige en acier pour outil rotatif, 1/8 po","Foret à découper à haute vitesse pour cloison sèche Dremel 560 avec tige en acier pour outil rotatif, 1/8 po",4.93,"4,93 $",10.99,"Était±  10,99 $prix était 10,99 $",4.93,"4,93 $",4.93,"4,93 $",true,https://www.canadiantire.ca/fr/pdp/foret-a-decouper-a-haute-vitesse-pour-cloison-seche-dremel-560-avec-tige-en-acier-pour-outil-rotatif-1-8-po-0544722p.html,https://www.canadiantire.ca/fr/pdp/foret-a-decouper-a-haute-vitesse-pour-cloison-seche-dremel-560-avec-tige-en-acier-pour-outil-rotatif-1-8-po-0544722p.html,https://media-www.canadiantire.ca/product/fixing/tools/portable-power-tools/0544722/bit-drywall-cutting-dremel-af2ba486-bf9d-44a1-8428-ca18342aa481-jpgrendition.jpg?im=whresize&wid=200&hei=200,https://media-www.canadiantire.ca/product/fixing/tools/portable-power-tools/0544722/bit-drywall-cutting-dremel-af2ba486-bf9d-44a1-8428-ca18342aa481-jpgrendition.jpg?im=whresize&wid=200&hei=200,,0544722,054-4722-0,Il n’en reste que 1 #054-4722-0,Liquidation◊Mieux notés,55.14,"4,93","10,99"
104,"Strathroy, ON",Tournebroche universel pour barbecue MASTER Chef,Tournebroche universel pour barbecue MASTER Chef,34.93,"34,93 $",74.99,"Était±  74,99 $prix était 74,99 $",34.93,"34,93 $",34.93,"34,93 $",true,https://www.canadiantire.ca/fr/pdp/tournebroche-universel-pour-barbecue-master-chef-0852228p.html,https://www.canadiantire.ca/fr/pdp/tournebroche-universel-pour-barbecue-master-chef-0852228p.html,https://media-www.canadiantire.ca/product/seasonal-gardening/backyard-living/outdoor-cooking-accessories/0852228/master-chef-rotisserie-69650bd9-9170-4689-9dcb-c61a36aa2c25-jpgrendition.jpg?im=whresize&wid=200&hei=200,https://media-www.canadiantire.ca/product/seasonal-gardening/backyard-living/outdoor-cooking-accessories/0852228/master-chef-rotisserie-69650bd9-9170-4689-9dcb-c61a36aa2c25-jpgrendition.jpg?im=whresize&wid=200&hei=200,,0852228,085-2228-6,Il n’en reste que 1 #085-2228-6,Liquidation◊Exclusivité,53.42,"34,93","74,99"
104,"Strathroy, ON",Station de recharge sans fil bluehive,Station de recharge sans fil bluehive,14.93,"14,93 $",49.99,"Était±  49,99 $prix était 49,99 $",14.93,"14,93 $",14.93,"14,93 $",true,https://www.canadiantire.ca/fr/pdp/station-de-recharge-sans-fil-bluehive-0351596p.html,https://www.canadiantire.ca/fr/pdp/station-de-recharge-sans-fil-bluehive-0351596p.html,https://media-www.canadiantire.ca/product/automotive/car-care-accessories/auto-electronics/0351596/bluehive-wireless-charging-dock-2ce0fb18-8296-4597-b9e3-2bd6b9d59968-jpgrendition.jpg?im=whresize&wid=200&hei=200,https://media-www.canadiantire.ca/product/automotive/car-care-accessories/auto-electronics/0351596/bluehive-wireless-charging-dock-2ce0fb18-8296-4597-b9e3-2bd6b9d59968-jpgrendition.jpg?im=whresize&wid=200&hei=200,,0351596,035-1596-4,11 En Stock#035-1596-4,Liquidation◊Exclusivité,70.13,"14,93","49,99"
104,"Strathroy, ON",Caméra Web USB HD Jlab Go Cam,Caméra Web USB HD Jlab Go Cam,34.93,"34,93 $",74.99,"Était±  74,99 $prix était 74,99 $",34.93,"34,93 $",34.93,"34,93 $",true,https://www.canadiantire.ca/fr/pdp/camera-web-usb-hd-jlab-go-cam-0694795p.html,https://www.canadiantire.ca/fr/pdp/camera-web-usb-hd-jlab-go-cam-0694795p.html,https://media-www.canadiantire.ca/product/automotive/electronics/home-electronics/0694795/jlab-go-cam-usb-hd-webcam-5f59a4e3-c256-4da2-ab77-060a03d1ba0a-jpgrendition.jpg?im=whresize&wid=200&hei=200,https://media-www.canadiantire.ca/product/automotive/electronics/home-electronics/0694795/jlab-go-cam-usb-hd-webcam-5f59a4e3-c256-4da2-ab77-060a03d1ba0a-jpgrendition.jpg?im=whresize&wid=200&hei=200,,0694795,069-4795-2,Il n’en reste que 1 #069-4795-2,Liquidation◊Mieux notés,53.42,"34,93","74,99"
104,"Strathroy, ON","Sac de golf sur pied PowerBilt TPS à 5 divisions, noir/rouge","Sac de golf sur pied PowerBilt TPS à 5 divisions, noir/rouge",99.93,"99,93 $",199.99,"Était±  199,99 $prix était 199,99 $",99.93,"99,93 $",99.93,"99,93 $",true,https://www.canadiantire.ca/fr/pdp/sac-de-golf-sur-pied-powerbilt-tps-a-5-divisions-noir-rouge-0860297p.html,https://www.canadiantire.ca/fr/pdp/sac-de-golf-sur-pied-powerbilt-tps-a-5-divisions-noir-rouge-0860297p.html,https://media-www.canadiantire.ca/product/playing/team-sports-and-golf/golf/0860297/powerbilt-hydrolite-6-0-stand-bag-black-89703a79-c3ae-4e58-87c2-369192b1d60f-jpgrendition.jpg?im=whresize&wid=200&hei=200,https://media-www.canadiantire.ca/product/playing/team-sports-and-golf/golf/0860297/powerbilt-hydrolite-6-0-stand-bag-black-89703a79-c3ae-4e58-87c2-369192b1d60f-jpgrendition.jpg?im=whresize&wid=200&hei=200,,0860297,086-0297-0,Il n’en reste que 3 #086-0297-0,Liquidation◊,50.03,"99,93","199,99"
104,"Strathroy, ON","Batterie de remorque rechargeable Hopkins, 12 V","Batterie de remorque rechargeable Hopkins, 12 V",19.93,"19,93 $",44.99,"Était±  44,99 $prix était 44,99 $",19.93,"19,93 $",19.93,"19,93 $",true,https://www.canadiantire.ca/fr/pdp/batterie-de-remorque-rechargeable-hopkins-12-v-1407240p.html,https://www.canadiantire.ca/fr/pdp/batterie-de-remorque-rechargeable-hopkins-12-v-1407240p.html,https://media-www.canadiantire.ca/product/automotive/automotive-outdoor-adventure/auto-travel-storage/1407240/hopkins-12-volt-battery-fc8555fb-8a4d-4c19-b415-ae531ae88cf9-jpgrendition.jpg?im=whresize&wid=200&hei=200,https://media-www.canadiantire.ca/product/automotive/automotive-outdoor-adventure/auto-travel-storage/1407240/hopkins-12-volt-battery-fc8555fb-8a4d-4c19-b415-ae531ae88cf9-jpgrendition.jpg?im=whresize&wid=200&hei=200,,1407240,140-7240-2,Il n’en reste que 1 #140-7240-2,Liquidation◊,55.7,"19,93","44,99"
104,"Strathroy, ON","Porte-clés à 4 crochets en acier inoxydable Peerless, couleurs variées, 9 po","Porte-clés à 4 crochets en acier inoxydable Peerless, couleurs variées, 9 po",4.93,"4,93 $",11.99,"11,99 $Était   et+ prix était à partir de 11,99 $",4.93,"4,93 $",4.93,"4,93 $",true,https://www.canadiantire.ca/fr/pdp/porte-cles-a-4-crochets-en-acier-inoxydable-peerless-couleurs-variees-9-po-0465432p.html,https://www.canadiantire.ca/fr/pdp/porte-cles-a-4-crochets-en-acier-inoxydable-peerless-couleurs-variees-9-po-0465432p.html,https://media-www.canadiantire.ca/product/living/home-decor/decor-accents/0465496/peerless-9-key-tidy-with-4-hooks-black-and-nickel-8ead963e-de49-48ff-8428-2b036a645e53-jpgrendition.jpg?im=whresize&wid=200&hei=200,https://media-www.canadiantire.ca/product/living/home-decor/decor-accents/0465496/peerless-9-key-tidy-with-4-hooks-black-and-nickel-8ead963e-de49-48ff-8428-2b036a645e53-jpgrendition.jpg?im=whresize&wid=200&hei=200,,0465432,046-5432,Vérifiez la disponibilité#046-5432X,Liquidation◊Mieux notés,58.88,"4,93","11,99"
104,"Strathroy, ON","Anneau adaptateur Leviton REA00-722 Renu, blanc","Anneau adaptateur Leviton REA00-722 Renu, blanc",0.33,"0,33 $",0.99,"Était±  0,99 $prix était 0,99 $",0.33,"0,33 $",0.33,"0,33 $",true,https://www.canadiantire.ca/fr/pdp/anneau-adaptateur-leviton-rea00-722-renu-blanc-0528277p.html,https://www.canadiantire.ca/fr/pdp/anneau-adaptateur-leviton-rea00-722-renu-blanc-0528277p.html,https://media-www.canadiantire.ca/product/fixing/electrical/rough-electrical/0528277/renu-white-adapter-ring-fdc61859-7fe1-48ea-b79b-c8e7471aea0d-jpgrendition.jpg?im=whresize&wid=200&hei=200,https://media-www.canadiantire.ca/product/fixing/electrical/rough-electrical/0528277/renu-white-adapter-ring-fdc61859-7fe1-48ea-b79b-c8e7471aea0d-jpgrendition.jpg?im=whresize&wid=200&hei=200,,0528277,052-8277-0,Il n’en reste que 1 #052-8277-0,Liquidation◊,66.67,"0,33","0,99"
104,"Strathroy, ON","Dandinette ronde Xcalibur, perruche, 1/2 oz","Dandinette ronde Xcalibur, perruche, 1/2 oz",2.88,"2,88 $",5.99,"Était±  5,99 $prix était 5,99 $",2.88,"2,88 $",2.88,"2,88 $",true,https://www.canadiantire.ca/fr/pdp/dandinette-ronde-xcalibur-perruche-1-2-oz-0773786p.html,https://www.canadiantire.ca/fr/pdp/dandinette-ronde-xcalibur-perruche-1-2-oz-0773786p.html,https://media-www.canadiantire.ca/product/playing/fishing/fishing-lures/0773786/matzuo-round-jig-parakeet-1-2-2c5eec28-d363-4e97-860f-14038b2e56ee-jpgrendition.jpg?im=whresize&wid=200&hei=200,https://media-www.canadiantire.ca/product/playing/fishing/fishing-lures/0773786/matzuo-round-jig-parakeet-1-2-2c5eec28-d363-4e97-860f-14038b2e56ee-jpgrendition.jpg?im=whresize&wid=200&hei=200,,0773786,077-3786-0,22 En Stock#077-3786-0,Liquidation◊Exclusivité,51.92,"2,88","5,99"
104,"Strathroy, ON",Bulbes d'hémérocalle Stella d'Oro Bulbs Are Easy,Bulbes d'hémérocalle Stella d'Oro Bulbs Are Easy,5.99,"5,99 $",11.99,"Était±  11,99 $prix était 11,99 $",5.99,"5,99 $",5.99,"5,99 $",true,https://www.canadiantire.ca/fr/pdp/bulbes-d-hemerocalle-stella-d-oro-bulbs-are-easy-1592845p.html,https://www.canadiantire.ca/fr/pdp/bulbes-d-hemerocalle-stella-d-oro-bulbs-are-easy-1592845p.html,https://media-www.canadiantire.ca/product/seasonal-gardening/gardening/dormant-goods/1592338/hemerocallis-assorted-bulbs-22baed7a-3917-4de6-8d9e-58c7dbe83de0-jpgrendition.jpg?im=whresize&wid=200&hei=200,https://media-www.canadiantire.ca/product/seasonal-gardening/gardening/dormant-goods/1592338/hemerocallis-assorted-bulbs-22baed7a-3917-4de6-8d9e-58c7dbe83de0-jpgrendition.jpg?im=whresize&wid=200&hei=200,,1592845,159-2845-2,Il n’en reste que 2 #159-2845-2,Liquidation◊,50.04,"5,99","11,99"
104,"Strathroy, ON","Peinture de retouche Dupli-Color Scratch Fix All-in-1 Exact-Match pour automobile, brume argentée (KT3)","Peinture de retouche Dupli-Color Scratch Fix All-in-1 Exact-Match pour automobile, brume argentée (KT3)",4.93,"4,93 $",28.99,"Était±  28,99 $prix était 28,99 $",4.93,"4,93 $",4.93,"4,93 $",true,https://www.canadiantire.ca/fr/pdp/peinture-de-retouche-dupli-color-scratch-fix-all-in-1-exact-match-pour-automobile-brume-argentee-kt3-0475137p.html,https://www.canadiantire.ca/fr/pdp/peinture-de-retouche-dupli-color-scratch-fix-all-in-1-exact-match-pour-automobile-brume-argentee-kt3-0475137p.html,https://media-www.canadiantire.ca/product/automotive/car-care-accessories/auto-body-repair/0475137/scratch-fix-nissan-sterling-mist-all-in-1-e3bb888d-989f-473a-a51f-82acb0a0b30d-jpgrendition.jpg?im=whresize&wid=200&hei=200,https://media-www.canadiantire.ca/product/automotive/car-care-accessories/auto-body-repair/0475137/scratch-fix-nissan-sterling-mist-all-in-1-e3bb888d-989f-473a-a51f-82acb0a0b30d-jpgrendition.jpg?im=whresize&wid=200&hei=200,,0475137,047-5137-6,Il n’en reste que 1 #047-5137-6,Liquidation◊Mieux notés,82.99,"4,93","28,99"
104,"Strathroy, ON","Distributeur de lotion en ABS, gris","Distributeur de lotion en ABS, gris",2.93,"2,93 $",5.99,"Était±  5,99 $prix était 5,99 $",2.93,"2,93 $",2.93,"2,93 $",true,https://www.canadiantire.ca/fr/pdp/distributeur-de-lotion-en-abs-gris-0632720p.html,https://www.canadiantire.ca/fr/pdp/distributeur-de-lotion-en-abs-gris-0632720p.html,https://media-www.canadiantire.ca/product/living/home-decor/bed-bath-decor/0632720/abs-lotion-dispenser-grey-90482d04-71a7-4d8c-8863-4a34ef62584e-jpgrendition.jpg?im=whresize&wid=200&hei=200,https://media-www.canadiantire.ca/product/living/home-decor/bed-bath-decor/0632720/abs-lotion-dispenser-grey-90482d04-71a7-4d8c-8863-4a34ef62584e-jpgrendition.jpg?im=whresize&wid=200&hei=200,,0632720,063-2720-4,Il n’en reste que 7 #063-2720-4,Liquidation◊Mieux notés,51.09,"2,93","5,99"
104,"Strathroy, ON","Peinture de retouche Scratch Fix All-in-1, Ocre des prairies pâle (M) (BA)","Peinture de retouche Scratch Fix All-in-1, Ocre des prairies pâle (M) (BA)",4.93,"4,93 $",28.99,"Était±  28,99 $prix était 28,99 $",4.93,"4,93 $",4.93,"4,93 $",true,https://www.canadiantire.ca/fr/pdp/peinture-de-retouche-scratch-fix-all-in-1-ocre-des-prairies-pale-m-ba-0474970p.html,https://www.canadiantire.ca/fr/pdp/peinture-de-retouche-scratch-fix-all-in-1-ocre-des-prairies-pale-m-ba-0474970p.html,https://media-www.canadiantire.ca/product/automotive/car-care-accessories/auto-body-repair/0474970/scratch-fix-ford-lt-prairie-tan-m-all-in-1-98164696-3789-4c44-bd6e-c894bc264f76.png?im=whresize&wid=200&hei=200,https://media-www.canadiantire.ca/product/automotive/car-care-accessories/auto-body-repair/0474970/scratch-fix-ford-lt-prairie-tan-m-all-in-1-98164696-3789-4c44-bd6e-c894bc264f76.png?im=whresize&wid=200&hei=200,,0474970,047-4970-6,Il n’en reste que 1 #047-4970-6,Liquidation◊Mieux notés,82.99,"4,93","28,99"
104,"Strathroy, ON",Étui pour téléphone sans fil 3-en-1 Bluehive,Étui pour téléphone sans fil 3-en-1 Bluehive,34.93,"34,93 $",74.99,"Était±  74,99 $prix était 74,99 $",34.93,"34,93 $",34.93,"34,93 $",true,https://www.canadiantire.ca/fr/pdp/etui-pour-telephone-sans-fil-3-en-1-bluehive-0358099p.html,https://www.canadiantire.ca/fr/pdp/etui-pour-telephone-sans-fil-3-en-1-bluehive-0358099p.html,https://media-www.canadiantire.ca/product/automotive/electronics/mobile-electronics/0358099/bluehive-3-in-1-wireless-phone-holder-6063eaa1-d226-46cf-869f-b822d22aa7c4-jpgrendition.jpg?im=whresize&wid=200&hei=200,https://media-www.canadiantire.ca/product/automotive/electronics/mobile-electronics/0358099/bluehive-3-in-1-wireless-phone-holder-6063eaa1-d226-46cf-869f-b822d22aa7c4-jpgrendition.jpg?im=whresize&wid=200&hei=200,,0358099,035-8099-6,Il n’en reste que 2 #035-8099-6,Liquidation◊Exclusivité,53.42,"34,93","74,99"
104,"Strathroy, ON","Vaporisateur de protection contre les inondations Flex Seal, résistant aux fissures, 10 oz","Vaporisateur de protection contre les inondations Flex Seal, résistant aux fissures, 10 oz",14.93,"14,93 $",29.99,"Était±  29,99 $prix était 29,99 $",14.93,"14,93 $",14.93,"14,93 $",true,https://www.canadiantire.ca/fr/pdp/vaporisateur-de-protection-contre-les-inondations-flex-seal-resistant-aux-fissures-10-oz-0641545p.html,https://www.canadiantire.ca/fr/pdp/vaporisateur-de-protection-contre-les-inondations-flex-seal-resistant-aux-fissures-10-oz-0641545p.html,https://media-www.canadiantire.ca/product/fixing/paint/surface-prep-maintenance/0641545/flex-seal-spray-flood-protection-10-oz--477548fd-41c1-4141-822a-ed0ff7960f68-jpgrendition.jpg?im=whresize&wid=200&hei=200,https://media-www.canadiantire.ca/product/fixing/paint/surface-prep-maintenance/0641545/flex-seal-spray-flood-protection-10-oz--477548fd-41c1-4141-822a-ed0ff7960f68-jpgrendition.jpg?im=whresize&wid=200&hei=200,,0641545,064-1545-6,Il n’en reste que 4 #064-1545-6,Liquidation◊,50.22,"14,93","29,99"
104,"Strathroy, ON","Barre lumineuse COB Custom Accessories, blanc, 12 V, 4 po, paq. 2","Barre lumineuse COB Custom Accessories, blanc, 12 V, 4 po, paq. 2",12.93,"12,93 $",32.99,"Était±  32,99 $prix était 32,99 $",12.93,"12,93 $",12.93,"12,93 $",true,https://www.canadiantire.ca/fr/pdp/barre-lumineuse-cob-custom-accessories-blanc-12-v-4-po-paq-2-0374606p.html,https://www.canadiantire.ca/fr/pdp/barre-lumineuse-cob-custom-accessories-blanc-12-v-4-po-paq-2-0374606p.html,https://media-www.canadiantire.ca/product/automotive/car-care-accessories/auto-accessories/0374606/truck-tuff-4-white-cob-light-bar-2-pack-3d974a47-1783-479b-ba78-77efa1cc2f1c-jpgrendition.jpg?im=whresize&wid=200&hei=200,https://media-www.canadiantire.ca/product/automotive/car-care-accessories/auto-accessories/0374606/truck-tuff-4-white-cob-light-bar-2-pack-3d974a47-1783-479b-ba78-77efa1cc2f1c-jpgrendition.jpg?im=whresize&wid=200&hei=200,,0374606,037-4606-0,Il n’en reste que 1 #037-4606-0,Liquidation◊Mieux notés,60.81,"12,93","32,99"
104,"Strathroy, ON","Gobelet en plastique ABS, gris","Gobelet en plastique ABS, gris",2.93,"2,93 $",5.99,"Était±  5,99 $prix était 5,99 $",2.93,"2,93 $",2.93,"2,93 $",true,https://www.canadiantire.ca/fr/pdp/gobelet-en-plastique-abs-gris-0632721p.html,https://www.canadiantire.ca/fr/pdp/gobelet-en-plastique-abs-gris-0632721p.html,https://media-www.canadiantire.ca/product/living/home-decor/bed-bath-decor/0632721/abs-tumbler-plastic-grey-24cca735-6762-4603-abc8-8aa684518b87-jpgrendition.jpg?im=whresize&wid=200&hei=200,https://media-www.canadiantire.ca/product/living/home-decor/bed-bath-decor/0632721/abs-tumbler-plastic-grey-24cca735-6762-4603-abc8-8aa684518b87-jpgrendition.jpg?im=whresize&wid=200&hei=200,,0632721,063-2721-2,Il n’en reste que 1 #063-2721-2,Liquidation◊,51.09,"2,93","5,99"
104,"Strathroy, ON","Porte-savon en plastique ABS, gris","Porte-savon en plastique ABS, gris",2.93,"2,93 $",5.99,"Était±  5,99 $prix était 5,99 $",2.93,"2,93 $",2.93,"2,93 $",true,https://www.canadiantire.ca/fr/pdp/porte-savon-en-plastique-abs-gris-0634857p.html,https://www.canadiantire.ca/fr/pdp/porte-savon-en-plastique-abs-gris-0634857p.html,https://media-www.canadiantire.ca/product/living/home-decor/bed-bath-decor/0634857/abs-soap-dish-plastic-grey-b448e1b0-0d6f-47fd-9627-2d0db7106ec2-jpgrendition.jpg?im=whresize&wid=200&hei=200,https://media-www.canadiantire.ca/product/living/home-decor/bed-bath-decor/0634857/abs-soap-dish-plastic-grey-b448e1b0-0d6f-47fd-9627-2d0db7106ec2-jpgrendition.jpg?im=whresize&wid=200&hei=200,,0634857,063-4857-8,Il n’en reste que 1 #063-4857-8,Liquidation◊Mieux notés,51.09,"2,93","5,99"
104,"Strathroy, ON","Armoire de rangement à 2 portes avec façade en verre et 2 tiroirs CANVAS Loft, fini chêne de montagne","Armoire de rangement à 2 portes avec façade en verre et 2 tiroirs CANVAS Loft, fini chêne de montagne",200,"200,00 $",425.99,"Était±  425,99 $prix était 425,99 $",200,"200,00 $",200,"200,00 $",true,https://www.canadiantire.ca/fr/pdp/armoire-de-rangement-a-2-portes-avec-facade-en-verre-et-2-tiroirs-canvas-loft-fini-chene-de-montagne-0687870p.html,https://www.canadiantire.ca/fr/pdp/armoire-de-rangement-a-2-portes-avec-facade-en-verre-et-2-tiroirs-canvas-loft-fini-chene-de-montagne-0687870p.html,https://media-www.canadiantire.ca/product/living/home-decor/furniture/0687870/canvas-loft-cabinet-f4eb6d6e-8e3e-4eda-b964-66376ffc2e02-jpgrendition.jpg?im=whresize&wid=200&hei=200,https://media-www.canadiantire.ca/product/living/home-decor/furniture/0687870/canvas-loft-cabinet-f4eb6d6e-8e3e-4eda-b964-66376ffc2e02-jpgrendition.jpg?im=whresize&wid=200&hei=200,,0687870,068-7870-6,Il n’en reste que 1 #068-7870-6,Liquidation◊Exclusivité,53.05,"200,00","425,99"
104,"Strathroy, ON",Adaptateur REESE Towpower 3 po vers 2 1/2 po,Adaptateur REESE Towpower 3 po vers 2 1/2 po,20.93,"20,93 $",42.99,"Était±  42,99 $prix était 42,99 $",20.93,"20,93 $",20.93,"20,93 $",true,https://www.canadiantire.ca/fr/pdp/adaptateur-reese-towpower-3-po-vers-2-1-2-po-0406058p.html,https://www.canadiantire.ca/fr/pdp/adaptateur-reese-towpower-3-po-vers-2-1-2-po-0406058p.html,https://media-www.canadiantire.ca/product/automotive/automotive-outdoor-adventure/auto-travel-storage/0408602/reese-towpower-3-to-2-1-2-adapter--70a5bc74-80a2-4c05-b08c-144b84f93610-jpgrendition.jpg?im=whresize&wid=200&hei=200,https://media-www.canadiantire.ca/product/automotive/automotive-outdoor-adventure/auto-travel-storage/0408602/reese-towpower-3-to-2-1-2-adapter--70a5bc74-80a2-4c05-b08c-144b84f93610-jpgrendition.jpg?im=whresize&wid=200&hei=200,,0406058,040-8602-4,Il n’en reste que 1 #040-8602-4,Liquidation◊,51.31,"20,93","42,99"
104,"Strathroy, ON",Coffret de jeu gâteau Madera Cakeville,Coffret de jeu gâteau Madera Cakeville,17.93,"17,93 $",39.99,"Était±  39,99 $prix était 39,99 $",17.93,"17,93 $",17.93,"17,93 $",true,https://www.canadiantire.ca/fr/pdp/coffret-de-jeu-gateau-madera-cakeville-1501135p.html,https://www.canadiantire.ca/fr/pdp/coffret-de-jeu-gateau-madera-cakeville-1501135p.html,https://media-www.canadiantire.ca/product/seasonal-gardening/toys/preschool-toys-activities/1501135/madera-cake-bb498fa5-6396-4e84-933b-26ad765bae29-jpgrendition.jpg?im=whresize&wid=200&hei=200,https://media-www.canadiantire.ca/product/seasonal-gardening/toys/preschool-toys-activities/1501135/madera-cake-bb498fa5-6396-4e84-933b-26ad765bae29-jpgrendition.jpg?im=whresize&wid=200&hei=200,,1501135,150-1135-6,Il n’en reste que 1 #150-1135-6,Liquidation◊,55.16,"17,93","39,99"
104,"Strathroy, ON","Haut-parleurs de jeu pour ordinateur ENHANCE SL2 avec USB et DEL rouge, noir","Haut-parleurs de jeu pour ordinateur ENHANCE SL2 avec USB et DEL rouge, noir",6.93,"6,93 $",41.99,"Était±  41,99 $prix était 41,99 $",6.93,"6,93 $",6.93,"6,93 $",true,https://www.canadiantire.ca/fr/pdp/haut-parleurs-de-jeu-pour-ordinateur-enhance-sl2-avec-usb-et-del-rouge-noir-0451207p.html,https://www.canadiantire.ca/fr/pdp/haut-parleurs-de-jeu-pour-ordinateur-enhance-sl2-avec-usb-et-del-rouge-noir-0451207p.html,https://media-www.canadiantire.ca/product/living/electronics/home-entertainment-accessories/0451207/enhance-usb-led-gaming-speakers-f72e30a5-70c8-4ce1-952e-7f5e8f9ad7e8-jpgrendition.jpg?im=whresize&wid=200&hei=200,https://media-www.canadiantire.ca/product/living/electronics/home-entertainment-accessories/0451207/enhance-usb-led-gaming-speakers-f72e30a5-70c8-4ce1-952e-7f5e8f9ad7e8-jpgrendition.jpg?im=whresize&wid=200&hei=200,,0451207,045-1207-8,Il n’en reste que 1 #045-1207-8,Liquidation◊Articles à succès,83.5,"6,93","41,99"
104,"Strathroy, ON","Câbles d'appoint/de démarrage professionnels Energizer avec connecteur à raccord rapide, calibre 1, 9,1 m (30 pi)","Câbles d'appoint/de démarrage professionnels Energizer avec connecteur à raccord rapide, calibre 1, 9,1 m (30 pi)",62.93,"62,93 $",139.99,"Était±  139,99 $prix était 139,99 $",62.93,"62,93 $",62.93,"62,93 $",true,https://www.canadiantire.ca/fr/pdp/cables-d-appoint-de-demarrage-professionnels-energizer-avec-connecteur-a-raccord-rapide-calibre-1-9-1-m-30-pi-0111232p.html,https://www.canadiantire.ca/fr/pdp/cables-d-appoint-de-demarrage-professionnels-energizer-avec-connecteur-a-raccord-rapide-calibre-1-9-1-m-30-pi-0111232p.html,https://media-www.canadiantire.ca/product/automotive/light-auto-parts/auto-battery-accessories/0111232/energizer-1-gauge-30ft-booster-cables-with-quick-connect-05e025a0-48f5-4ed2-b62c-f8fb47e47234-jpgrendition.jpg?im=whresize&wid=200&hei=200,https://media-www.canadiantire.ca/product/automotive/light-auto-parts/auto-battery-accessories/0111232/energizer-1-gauge-30ft-booster-cables-with-quick-connect-05e025a0-48f5-4ed2-b62c-f8fb47e47234-jpgrendition.jpg?im=whresize&wid=200&hei=200,,0111232,011-1232-6,Il n’en reste que 1 #011-1232-6,Liquidation◊Mieux notés,55.05,"62,93","139,99"
104,"Strathroy, ON","Barre lumineuse et projecteur à DEL Alpena TREKTECMC D22P, 6 300 lumens","Barre lumineuse et projecteur à DEL Alpena TREKTECMC D22P, 6 300 lumens",54.93,"54,93 $",199.99,"Était±  199,99 $prix était 199,99 $",54.93,"54,93 $",54.93,"54,93 $",true,https://www.canadiantire.ca/fr/pdp/barre-lumineuse-et-projecteur-a-del-alpena-trektec-sup-mc-sup-d22p-6-300-lumens-0203535p.html,https://www.canadiantire.ca/fr/pdp/barre-lumineuse-et-projecteur-a-del-alpena-trektec-sup-mc-sup-d22p-6-300-lumens-0203535p.html,https://media-www.canadiantire.ca/product/automotive/automotive-outdoor-adventure/auto-travel-storage/0203535/alpena-trektec-d22p-led-light-bar-8000-lumens-ecc19f5a-e30d-4a87-8e83-0cdade367b06-jpgrendition.jpg?im=whresize&wid=200&hei=200,https://media-www.canadiantire.ca/product/automotive/automotive-outdoor-adventure/auto-travel-storage/0203535/alpena-trektec-d22p-led-light-bar-8000-lumens-ecc19f5a-e30d-4a87-8e83-0cdade367b06-jpgrendition.jpg?im=whresize&wid=200&hei=200,,0203535,020-3535-2,Il n’en reste que 2 #020-3535-2,Liquidation◊Mieux notés,72.53,"54,93","199,99"
104,"Strathroy, ON",Housse de pare-brise Mallory Artic,Housse de pare-brise Mallory Artic,9.93,"9,93 $",19.99,"Était±  19,99 $prix était 19,99 $",9.93,"9,93 $",9.93,"9,93 $",true,https://www.canadiantire.ca/fr/pdp/housse-de-pare-brise-mallory-artic-0304231p.html,https://www.canadiantire.ca/fr/pdp/housse-de-pare-brise-mallory-artic-0304231p.html,https://media-www.canadiantire.ca/product/automotive/car-care-accessories/auto-winter-accessories/0304231/mallory-artic-windshield-cover-011618a4-6e16-4b05-acca-39665bdfee0b-jpgrendition.jpg?im=whresize&wid=200&hei=200,https://media-www.canadiantire.ca/product/automotive/car-care-accessories/auto-winter-accessories/0304231/mallory-artic-windshield-cover-011618a4-6e16-4b05-acca-39665bdfee0b-jpgrendition.jpg?im=whresize&wid=200&hei=200,,0304231,030-4231-4,Il n’en reste que 3 #030-4231-4,Liquidation◊,50.33,"9,93","19,99"
104,"Strathroy, ON","Peinture de retouche Dupli-Color Scratch Fix All-in-1 Exact-Match pour automobile, or ensoleillé métallisé (BP)","Peinture de retouche Dupli-Color Scratch Fix All-in-1 Exact-Match pour automobile, or ensoleillé métallisé (BP)",4.93,"4,93 $",28.99,"Était±  28,99 $prix était 28,99 $",4.93,"4,93 $",4.93,"4,93 $",true,https://www.canadiantire.ca/fr/pdp/peinture-de-retouche-dupli-color-scratch-fix-all-in-1-exact-match-pour-automobile-or-ensoleille-metallise-bp-0474957p.html,https://www.canadiantire.ca/fr/pdp/peinture-de-retouche-dupli-color-scratch-fix-all-in-1-exact-match-pour-automobile-or-ensoleille-metallise-bp-0474957p.html,https://media-www.canadiantire.ca/product/automotive/car-care-accessories/auto-body-repair/0474957/scratch-fix-ford-sunburst-gold-m-all-in-1-6209a307-6d35-412d-b563-86a29b36018e-jpgrendition.jpg?im=whresize&wid=200&hei=200,https://media-www.canadiantire.ca/product/automotive/car-care-accessories/auto-body-repair/0474957/scratch-fix-ford-sunburst-gold-m-all-in-1-6209a307-6d35-412d-b563-86a29b36018e-jpgrendition.jpg?im=whresize&wid=200&hei=200,,0474957,047-4957-0,Il n’en reste que 2 #047-4957-0,Liquidation◊,82.99,"4,93","28,99"
104,"Strathroy, ON",Pantoufles chaussettes de maison à carreaux doublure en molleton doux rembourré en mousse antipatinage Outbound pour femmes,Pantoufles chaussettes de maison à carreaux doublure en molleton doux rembourré en mousse antipatinage Outbound pour femmes,1.93,"1,93 $",9.99,"9,99 $Était   et+ prix était à partir de 9,99 $",1.93,"1,93 $",1.93,"1,93 $",true,https://www.canadiantire.ca/fr/pdp/pantoufles-chaussettes-de-maison-a-carreaux-doublure-en-molleton-doux-rembourre-en-mousse-antipatinage-outbound-pour-femmes-1872340p.html,https://www.canadiantire.ca/fr/pdp/pantoufles-chaussettes-de-maison-a-carreaux-doublure-en-molleton-doux-rembourre-en-mousse-antipatinage-outbound-pour-femmes-1872340p.html,https://media-www.canadiantire.ca/product/playing/footwear-apparel/winter-footwear-apparel/1872340/outbound-women-s-buffalo-plaid-slippers-5-6-cc8ba730-2122-41e2-bb2b-3300c8e81402-jpgrendition.jpg?im=whresize&wid=200&hei=200,https://media-www.canadiantire.ca/product/playing/footwear-apparel/winter-footwear-apparel/1872340/outbound-women-s-buffalo-plaid-slippers-5-6-cc8ba730-2122-41e2-bb2b-3300c8e81402-jpgrendition.jpg?im=whresize&wid=200&hei=200,,1872340,187-2340,Vérifiez la disponibilité#187-2340X,Liquidation◊Mieux notés,80.68,"1,93","9,99"
104,"Strathroy, ON","Pavillon de plafond Atron Electro Industries LA618, chrome, 5 po","Pavillon de plafond Atron Electro Industries LA618, chrome, 5 po",0.93,"0,93 $",4.29,"Était±  4,29 $prix était 4,29 $",0.93,"0,93 $",0.93,"0,93 $",true,https://www.canadiantire.ca/fr/pdp/pavillon-de-plafond-atron-electro-industries-la618-chrome-5-po-0523575p.html,https://www.canadiantire.ca/fr/pdp/pavillon-de-plafond-atron-electro-industries-la618-chrome-5-po-0523575p.html,https://media-www.canadiantire.ca/product/fixing/electrical/rough-electrical/0523575/chrome-canopy-f8597991-eb9a-4ee6-a430-d3530416555f-jpgrendition.jpg?im=whresize&wid=200&hei=200,https://media-www.canadiantire.ca/product/fixing/electrical/rough-electrical/0523575/chrome-canopy-f8597991-eb9a-4ee6-a430-d3530416555f-jpgrendition.jpg?im=whresize&wid=200&hei=200,,0523575,052-3575-0,Il n’en reste que 1 #052-3575-0,Liquidation◊Mieux notés,78.32,"0,93","4,29"
104,"Strathroy, ON","Lumière à DEL décorative blanche ultra-brillante à boulonner Custom Accessories Truck Tuff, 12 V","Lumière à DEL décorative blanche ultra-brillante à boulonner Custom Accessories Truck Tuff, 12 V",9.93,"9,93 $",19.99,"Était±  19,99 $prix était 19,99 $",9.93,"9,93 $",9.93,"9,93 $",true,https://www.canadiantire.ca/fr/pdp/lumiere-a-del-decorative-blanche-ultra-brillante-a-boulonner-custom-accessories-truck-tuff-12-v-0374604p.html,https://www.canadiantire.ca/fr/pdp/lumiere-a-del-decorative-blanche-ultra-brillante-a-boulonner-custom-accessories-truck-tuff-12-v-0374604p.html,https://media-www.canadiantire.ca/product/automotive/car-care-accessories/auto-accessories/0374604/truck-tuff-bolt-on-ultra-white-led-lights-8ddacb01-f6ae-48ce-b33f-dc62f81cc235-jpgrendition.jpg?im=whresize&wid=200&hei=200,https://media-www.canadiantire.ca/product/automotive/car-care-accessories/auto-accessories/0374604/truck-tuff-bolt-on-ultra-white-led-lights-8ddacb01-f6ae-48ce-b33f-dc62f81cc235-jpgrendition.jpg?im=whresize&wid=200&hei=200,,0374604,037-4604-4,Il n’en reste que 1 #037-4604-4,Liquidation◊,50.33,"9,93","19,99"
104,"Strathroy, ON",Fontaine de jardin d’extérieur prince grenouille For Living,Fontaine de jardin d’extérieur prince grenouille For Living,49.93,"49,93 $",99.99,"Était±  99,99 $prix était 99,99 $",49.93,"49,93 $",49.93,"49,93 $",true,https://www.canadiantire.ca/fr/pdp/fontaine-de-jardin-d-exterieur-prince-grenouille-for-living-1590071p.html,https://www.canadiantire.ca/fr/pdp/fontaine-de-jardin-d-exterieur-prince-grenouille-for-living-1590071p.html,https://media-www.canadiantire.ca/product/seasonal-gardening/backyard-living/outdoor-living-accessories/1590071/for-living-frog-prince-fountain-05597899-04be-49ac-b62d-723ad57fbb1f-jpgrendition.jpg?im=whresize&wid=200&hei=200,https://media-www.canadiantire.ca/product/seasonal-gardening/backyard-living/outdoor-living-accessories/1590071/for-living-frog-prince-fountain-05597899-04be-49ac-b62d-723ad57fbb1f-jpgrendition.jpg?im=whresize&wid=200&hei=200,,1590071,159-0071-4,Il n’en reste que 1 #159-0071-4,Liquidation◊Exclusivité,50.07,"49,93","99,99"
104,"Strathroy, ON",Hameçon en faucille Xcalibur Octopus,Hameçon en faucille Xcalibur Octopus,1.88,"1,88 $",3.99,"3,99 $Était   et+ prix était à partir de 3,99 $",1.88,"1,88 $",1.88,"1,88 $",true,https://www.canadiantire.ca/fr/pdp/hamecon-en-faucille-xcalibur-octopus-0770366p.html,https://www.canadiantire.ca/fr/pdp/hamecon-en-faucille-xcalibur-octopus-0770366p.html,https://media-www.canadiantire.ca/product/playing/fishing/fishing-lures/0770366/matzuo-octopus-sickle-size-6-7ef44089-7bd0-4794-a1f8-2f0cdbbdac95-jpgrendition.jpg?im=whresize&wid=200&hei=200,https://media-www.canadiantire.ca/product/playing/fishing/fishing-lures/0770366/matzuo-octopus-sickle-size-6-7ef44089-7bd0-4794-a1f8-2f0cdbbdac95-jpgrendition.jpg?im=whresize&wid=200&hei=200,,0770366,077-0366,Vérifiez la disponibilité#077-0366X,Liquidation◊Mieux notés,52.88,"1,88","3,99"
104,"Strathroy, ON",Lame de rechange de tondeuse GreenWorks fonctionnant avec les tondeuses GreenWorks ayant un châssis de 19 po,Lame de rechange de tondeuse GreenWorks fonctionnant avec les tondeuses GreenWorks ayant un châssis de 19 po,13.93,"13,93 $",27.99,"Était±  27,99 $prix était 27,99 $",13.93,"13,93 $",13.93,"13,93 $",true,https://www.canadiantire.ca/fr/pdp/lame-de-rechange-de-tondeuse-greenworks-fonctionnant-avec-les-tondeuses-greenworks-ayant-un-chassis-de-19-po-0607269p.html,https://www.canadiantire.ca/fr/pdp/lame-de-rechange-de-tondeuse-greenworks-fonctionnant-avec-les-tondeuses-greenworks-ayant-un-chassis-de-19-po-0607269p.html,https://media-www.canadiantire.ca/product/seasonal-gardening/outdoor-tools/tractor-lawn-mower-snowthrower-parts/0607269/greenworks-19-replacement-mower-blade-a0b85556-01dd-41d4-b721-b92a3fb44b04-jpgrendition.jpg?im=whresize&wid=200&hei=200,https://media-www.canadiantire.ca/product/seasonal-gardening/outdoor-tools/tractor-lawn-mower-snowthrower-parts/0607269/greenworks-19-replacement-mower-blade-a0b85556-01dd-41d4-b721-b92a3fb44b04-jpgrendition.jpg?im=whresize&wid=200&hei=200,,0607269,060-7269-6,Il n’en reste que 1 #060-7269-6,Liquidation◊,50.23,"13,93","27,99"
104,"Strathroy, ON",Tapis de vidange d’huile robuste STP,Tapis de vidange d’huile robuste STP,9.93,"9,93 $",25.99,"Était±  25,99 $prix était 25,99 $",9.93,"9,93 $",9.93,"9,93 $",true,https://www.canadiantire.ca/fr/pdp/tapis-de-vidange-d-huile-robuste-stp-0380080p.html,https://www.canadiantire.ca/fr/pdp/tapis-de-vidange-d-huile-robuste-stp-0380080p.html,https://media-www.canadiantire.ca/product/automotive/auto-maintenance/oil-change-and-fuel-accessories/0380080/stp-oil-change-mat-7fdc0717-0b64-4775-aad0-34f273826e40-jpgrendition.jpg?im=whresize&wid=200&hei=200,https://media-www.canadiantire.ca/product/automotive/auto-maintenance/oil-change-and-fuel-accessories/0380080/stp-oil-change-mat-7fdc0717-0b64-4775-aad0-34f273826e40-jpgrendition.jpg?im=whresize&wid=200&hei=200,,0380080,038-0080-0,Il n’en reste que 3 #038-0080-0,Liquidation◊,61.79,"9,93","25,99"
104,"Strathroy, ON","Carreaux muraux pour dosseret pour bricoleur à peler et coller Murella, perle/argent","Carreaux muraux pour dosseret pour bricoleur à peler et coller Murella, perle/argent",0.93,"0,93 $",14.99,"Était±  14,99 $prix était 14,99 $",0.93,"0,93 $",0.93,"0,93 $",true,https://www.canadiantire.ca/fr/pdp/carreaux-muraux-pour-dosseret-pour-bricoleur-a-peler-et-coller-murella-perle-argent-0702253p.html,https://www.canadiantire.ca/fr/pdp/carreaux-muraux-pour-dosseret-pour-bricoleur-a-peler-et-coller-murella-perle-argent-0702253p.html,https://media-www.canadiantire.ca/product/fixing/paint/paints/0702253/murella-peel-and-stick-blue-pearl-and-silver-wall-tile-6ed73658-6fc6-4630-8740-8fd3219bf90c-jpgrendition.jpg?im=whresize&wid=200&hei=200,https://media-www.canadiantire.ca/product/fixing/paint/paints/0702253/murella-peel-and-stick-blue-pearl-and-silver-wall-tile-6ed73658-6fc6-4630-8740-8fd3219bf90c-jpgrendition.jpg?im=whresize&wid=200&hei=200,,0702253,070-2253-8,Il n’en reste que 1 #070-2253-8,Liquidation◊Mieux notés,93.8,"0,93","14,99"
104,"Strathroy, ON","Phare stroboscopique à DEL Alpena prime, 2 couleurs, blanc, ambre","Phare stroboscopique à DEL Alpena prime, 2 couleurs, blanc, ambre",6.93,"6,93 $",24.99,"Était±  24,99 $prix était 24,99 $",6.93,"6,93 $",6.93,"6,93 $",true,https://www.canadiantire.ca/fr/pdp/phare-stroboscopique-a-del-alpena-prime-2-couleurs-blanc-ambre-0203383p.html,https://www.canadiantire.ca/fr/pdp/phare-stroboscopique-a-del-alpena-prime-2-couleurs-blanc-ambre-0203383p.html,https://media-www.canadiantire.ca/product/automotive/automotive-outdoor-adventure/auto-travel-storage/0203383/alpena-stealth-led-strobe-f5cd19e2-9148-4786-8a34-dc03966d9429-jpgrendition.jpg?im=whresize&wid=200&hei=200,https://media-www.canadiantire.ca/product/automotive/automotive-outdoor-adventure/auto-travel-storage/0203383/alpena-stealth-led-strobe-f5cd19e2-9148-4786-8a34-dc03966d9429-jpgrendition.jpg?im=whresize&wid=200&hei=200,,0203383,020-3383-2,Il n’en reste que 4 #020-3383-2,Liquidation◊,72.27,"6,93","24,99"
104,"Strathroy, ON","Ballon en aluminium satiné lettres Baby, choix de couleurs, 26 x 9 po, gonflé d'air, pour fête prénatale/dévoilement du sexe","Ballon en aluminium satiné lettres Baby, choix de couleurs, 26 x 9 po, gonflé d'air, pour fête prénatale/dévoilement du sexe",1.93,"1,93 $",8.99,"8,99 $Était   et+ prix était à partir de 8,99 $",1.93,"1,93 $",1.93,"1,93 $",true,https://www.canadiantire.ca/fr/pdp/ballon-en-aluminium-satine-lettres-baby-choix-de-couleurs-26-x-9-po-gonfle-d-air-pour-fete-prenatale-devoilement-du-sexe-8420829p.html,https://www.canadiantire.ca/fr/pdp/ballon-en-aluminium-satine-lettres-baby-choix-de-couleurs-26-x-9-po-gonfle-d-air-pour-fete-prenatale-devoilement-du-sexe-8420829p.html,https://media-www.partycity.ca/product/seasonal-gardening/party-city-everyday/party-city-party-supplies-decor/8420834/mini-gld-air-filled-blln-baby-a7f25de3-18c4-450f-a09f-1e612cb39e36-jpgrendition.jpg?im=whresize&wid=200&hei=200,https://media-www.partycity.ca/product/seasonal-gardening/party-city-everyday/party-city-party-supplies-decor/8420834/mini-gld-air-filled-blln-baby-a7f25de3-18c4-450f-a09f-1e612cb39e36-jpgrendition.jpg?im=whresize&wid=200&hei=200,,8420829,842-0829,Vérifiez la disponibilité#842-0829X,Liquidation◊Mieux notés,78.53,"1,93","8,99"
104,"Strathroy, ON","Élément de grillage universel Laser 62500/2, 3 000 W, 240 V, 30 po","Élément de grillage universel Laser 62500/2, 3 000 W, 240 V, 30 po",12.93,"12,93 $",40.99,"Était±  40,99 $prix était 40,99 $",12.93,"12,93 $",12.93,"12,93 $",true,https://www.canadiantire.ca/fr/pdp/element-de-grillage-universel-laser-62500-2-3-000-w-240-v-30-po-0522512p.html,https://www.canadiantire.ca/fr/pdp/element-de-grillage-universel-laser-62500-2-3-000-w-240-v-30-po-0522512p.html,https://media-www.canadiantire.ca/product/fixing/electrical/rough-electrical/0522512/3000w-broil-element-24--403fe8fb-6a90-4dd9-910c-d841314292cf-jpgrendition.jpg?im=whresize&wid=200&hei=200,https://media-www.canadiantire.ca/product/fixing/electrical/rough-electrical/0522512/3000w-broil-element-24--403fe8fb-6a90-4dd9-910c-d841314292cf-jpgrendition.jpg?im=whresize&wid=200&hei=200,,0522512,052-2512-6,Il n’en reste que 3 #052-2512-6,Liquidation◊Mieux notés,68.46,"12,93","40,99"
104,"Strathroy, ON","Bouton-pressoir lumineux hydrofuge à fil pour sonnette avec montage encastré Globe, métal noir","Bouton-pressoir lumineux hydrofuge à fil pour sonnette avec montage encastré Globe, métal noir",7.93,"7,93 $",15.99,"Était±  15,99 $prix était 15,99 $",7.93,"7,93 $",7.93,"7,93 $",true,https://www.canadiantire.ca/fr/pdp/bouton-pressoir-lumineux-hydrofuge-a-fil-pour-sonnette-avec-montage-encastre-globe-metal-noir-0521742p.html,https://www.canadiantire.ca/fr/pdp/bouton-pressoir-lumineux-hydrofuge-a-fil-pour-sonnette-avec-montage-encastre-globe-metal-noir-0521742p.html,https://media-www.canadiantire.ca/product/fixing/hardware/curb-appeal/0521742/wired-push-button-black-metal-lighted-recess-mount-abe2aa6b-52c2-4778-b59a-fafc7fa53625-jpgrendition.jpg?im=whresize&wid=200&hei=200,https://media-www.canadiantire.ca/product/fixing/hardware/curb-appeal/0521742/wired-push-button-black-metal-lighted-recess-mount-abe2aa6b-52c2-4778-b59a-fafc7fa53625-jpgrendition.jpg?im=whresize&wid=200&hei=200,,0521742,052-1742-4,Il n’en reste que 1 #052-1742-4,Liquidation◊,50.41,"7,93","15,99"
104,"Strathroy, ON","Pince assainisseur pour bouche d'aération Axe Dark Temp, paq. 2","Pince assainisseur pour bouche d'aération Axe Dark Temp, paq. 2",4.93,"4,93 $",9.99,"Était±  9,99 $prix était 9,99 $",4.93,"4,93 $",4.93,"4,93 $",true,https://www.canadiantire.ca/fr/pdp/pince-assainisseur-pour-bouche-d-aeration-axe-dark-temp-paq-2-0372198p.html,https://www.canadiantire.ca/fr/pdp/pince-assainisseur-pour-bouche-d-aeration-axe-dark-temp-paq-2-0372198p.html,https://media-www.canadiantire.ca/product/automotive/car-care-accessories/auto-accessories/0372198/axe-dark-temp-vent-clip-2pk-fc0bec1e-41d6-4f91-8143-5e0d4f4832c6-jpgrendition.jpg?im=whresize&wid=200&hei=200,https://media-www.canadiantire.ca/product/automotive/car-care-accessories/auto-accessories/0372198/axe-dark-temp-vent-clip-2pk-fc0bec1e-41d6-4f91-8143-5e0d4f4832c6-jpgrendition.jpg?im=whresize&wid=200&hei=200,,0372198,037-2198-2,Il n’en reste que 1 #037-2198-2,Liquidation◊,50.65,"4,93","9,99"
104,"Strathroy, ON","Nappe en plastique réutilisable toile d'araignée, noir/blanc, 52 x 90 po, décoration de table pour l'Halloween","Nappe en plastique réutilisable toile d'araignée, noir/blanc, 52 x 90 po, décoration de table pour l'Halloween",6.43,"6,43 $",12.99,"Était±  12,99 $prix était 12,99 $",6.43,"6,43 $",6.43,"6,43 $",true,https://www.canadiantire.ca/fr/pdp/nappe-en-plastique-reutilisable-toile-d-araignee-noir-blanc-52-x-90-po-decoration-de-table-pour-l-halloween-8550205p.html,https://www.canadiantire.ca/fr/pdp/nappe-en-plastique-reutilisable-toile-d-araignee-noir-blanc-52-x-90-po-decoration-de-table-pour-l-halloween-8550205p.html,https://media-www.canadiantire.ca/product/automotive/party-city-seasonal/party-city-halloween-harvest/8550205/spider-web-night-52x90-flannel-tablecover-bfe8e65e-b4a4-46ee-9234-a55e3fd8d4a2-jpgrendition.jpg?im=whresize&wid=200&hei=200,https://media-www.canadiantire.ca/product/automotive/party-city-seasonal/party-city-halloween-harvest/8550205/spider-web-night-52x90-flannel-tablecover-bfe8e65e-b4a4-46ee-9234-a55e3fd8d4a2-jpgrendition.jpg?im=whresize&wid=200&hei=200,,8550205,855-0205-0,,Liquidation◊Mieux notés,50.5,"6,43","12,99"
104,"Strathroy, ON","Salopette de chasse réversible et imperméable Yukon Gear pour hommes, vif/camouflage Realtree Xtra","Salopette de chasse réversible et imperméable Yukon Gear pour hommes, vif/camouflage Realtree Xtra",50,"50,00 $",189.99,"189,99 $Était   et+ prix était à partir de 189,99 $",50,"50,00 $",50,"50,00 $",true,https://www.canadiantire.ca/fr/pdp/salopette-de-chasse-reversible-et-impermeable-yukon-gear-pour-hommes-vif-camouflage-realtree-xtra-1759640p.html,https://www.canadiantire.ca/fr/pdp/salopette-de-chasse-reversible-et-impermeable-yukon-gear-pour-hommes-vif-camouflage-realtree-xtra-1759640p.html,https://media-www.canadiantire.ca/product/playing/hunting/hunting-apparel-footwear/1759640/reversible-bib-overalls-real-tree-blaze-to-blaze-m-1e3582c1-e55d-4034-ab37-752fc1bfa8bf.png?im=whresize&wid=200&hei=200,https://media-www.canadiantire.ca/product/playing/hunting/hunting-apparel-footwear/1759640/reversible-bib-overalls-real-tree-blaze-to-blaze-m-1e3582c1-e55d-4034-ab37-752fc1bfa8bf.png?im=whresize&wid=200&hei=200,,1759640,175-9640,Vérifiez la disponibilité#175-9640X,Liquidation◊Mieux notés,73.68,"50,00","189,99"
104,"Strathroy, ON","Décoration de 3 citrouilles lanternes empilées en bois For Living, orange, 3 pi, décorations d'intérieur et d'extérieur pour l'Halloween","Décoration de 3 citrouilles lanternes empilées en bois For Living, orange, 3 pi, décorations d'intérieur et d'extérieur pour l'Halloween",17.43,"17,43 $",34.99,"Était±  34,99 $prix était 34,99 $",17.43,"17,43 $",17.43,"17,43 $",true,https://www.canadiantire.ca/fr/pdp/decoration-de-3-citrouilles-lanternes-empilees-en-bois-for-living-orange-3-pi-decorations-d-interieur-et-d-exterieur-pour-l-halloween-1510858p.html,https://www.canadiantire.ca/fr/pdp/decoration-de-3-citrouilles-lanternes-empilees-en-bois-for-living-orange-3-pi-decorations-d-interieur-et-d-exterieur-pour-l-halloween-1510858p.html,https://media-www.canadiantire.ca/product/seasonal-gardening/seasonal/halloween-harvest/1510858/3-stack-pumpkin-decor-77ec1042-aad7-4495-8461-11c8e0665519-jpgrendition.jpg?im=whresize&wid=200&hei=200,https://media-www.canadiantire.ca/product/seasonal-gardening/seasonal/halloween-harvest/1510858/3-stack-pumpkin-decor-77ec1042-aad7-4495-8461-11c8e0665519-jpgrendition.jpg?im=whresize&wid=200&hei=200,,1510858,151-0858-0,,Liquidation◊Mieux notés,50.19,"17,43","34,99"
104,"Strathroy, ON",Huileur pour outil pneumatique intégré Mastercraft,Huileur pour outil pneumatique intégré Mastercraft,4.93,"4,93 $",9.99,"Était±  9,99 $prix était 9,99 $",4.93,"4,93 $",4.93,"4,93 $",true,https://www.canadiantire.ca/fr/pdp/huileur-pour-outil-pneumatique-integre-mastercraft-0587729p.html,https://www.canadiantire.ca/fr/pdp/huileur-pour-outil-pneumatique-integre-mastercraft-0587729p.html,https://media-www.canadiantire.ca/product/fixing/tools/air-tools-accessories/0587729/mastercraft-air-inline-oiler-9277948a-4a76-4ab7-a48a-58acd90cbb79-jpgrendition.jpg?im=whresize&wid=200&hei=200,https://media-www.canadiantire.ca/product/fixing/tools/air-tools-accessories/0587729/mastercraft-air-inline-oiler-9277948a-4a76-4ab7-a48a-58acd90cbb79-jpgrendition.jpg?im=whresize&wid=200&hei=200,,0587729,058-7729-0,Il n’en reste que 1 #058-7729-0,Liquidation◊Exclusivité,50.65,"4,93","9,99"
104,"Strathroy, ON","Ballon en aluminium satiné, perluète, choix de couleurs, 11 x 14 po, gonflé d'air, pour anniversaire/remise de diplômes/fête prénatale/mariage de finissants","Ballon en aluminium satiné, perluète, choix de couleurs, 11 x 14 po, gonflé d'air, pour anniversaire/remise de diplômes/fête prénatale/mariage de finissants",0.43,"0,43 $",2.99,"2,99 $Était   et+ prix était à partir de 2,99 $",0.43,"0,43 $",0.43,"0,43 $",true,https://www.canadiantire.ca/fr/pdp/ballon-en-aluminium-satine-perluete-choix-de-couleurs-11-x-14-po-gonfle-d-air-pour-anniversaire-remise-de-diplomes-fete-prenatale-mariage-de-finissants-8423770p.html,https://www.canadiantire.ca/fr/pdp/ballon-en-aluminium-satine-perluete-choix-de-couleurs-11-x-14-po-gonfle-d-air-pour-anniversaire-remise-de-diplomes-fete-prenatale-mariage-de-finissants-8423770p.html,https://media-www.partycity.ca/product/seasonal-gardening/party-city-everyday/party-city-party-supplies-decor/8423771/gld-blln-a-f-a-92be138f-0e28-4a35-bed3-8cd983ad4759-jpgrendition.jpg?im=whresize&wid=200&hei=200,https://media-www.partycity.ca/product/seasonal-gardening/party-city-everyday/party-city-party-supplies-decor/8423771/gld-blln-a-f-a-92be138f-0e28-4a35-bed3-8cd983ad4759-jpgrendition.jpg?im=whresize&wid=200&hei=200,,8423770,842-3770,Vérifiez la disponibilité#842-3770X,Liquidation◊Mieux notés,85.62,"0,43","2,99"
104,"Strathroy, ON","Ensemble de lumières Rock Innovation à DEL RVB Custom Accessories, ens. 4","Ensemble de lumières Rock Innovation à DEL RVB Custom Accessories, ens. 4",69.93,"69,93 $",149.99,"Était±  149,99 $prix était 149,99 $",69.93,"69,93 $",69.93,"69,93 $",true,https://www.canadiantire.ca/fr/pdp/ensemble-de-lumieres-rock-innovation-a-del-rvb-custom-accessories-ens-4-0372962p.html,https://www.canadiantire.ca/fr/pdp/ensemble-de-lumieres-rock-innovation-a-del-rvb-custom-accessories-ens-4-0372962p.html,https://media-www.canadiantire.ca/product/automotive/car-care-accessories/auto-accessories/0372962/led-innovation-4pod-rgb-exterior-rock-light-kit-80bbb68a-e415-4d3e-b027-f9a477547dde-jpgrendition.jpg?im=whresize&wid=200&hei=200,https://media-www.canadiantire.ca/product/automotive/car-care-accessories/auto-accessories/0372962/led-innovation-4pod-rgb-exterior-rock-light-kit-80bbb68a-e415-4d3e-b027-f9a477547dde-jpgrendition.jpg?im=whresize&wid=200&hei=200,,0372962,037-2962-2,Il n’en reste que 1 #037-2962-2,Liquidation◊,53.38,"69,93","149,99"
104,"Strathroy, ON","Rail d'éclairage à 3 lampes NOMA, bronze huilé","Rail d'éclairage à 3 lampes NOMA, bronze huilé",39.93,"39,93 $",99.99,"Était±  99,99 $prix était 99,99 $",39.93,"39,93 $",39.93,"39,93 $",true,https://www.canadiantire.ca/fr/pdp/rail-d-eclairage-a-3-lampes-noma-bronze-huile-0529723p.html,https://www.canadiantire.ca/fr/pdp/rail-d-eclairage-a-3-lampes-noma-bronze-huile-0529723p.html,https://media-www.canadiantire.ca/product/living/home-decor/lighting/0529723/canvas-3-lt-oil-rubbed-bronze-track-light-30e33adc-d9ab-43dd-9bd2-571d0acec503-jpgrendition.jpg?im=whresize&wid=200&hei=200,https://media-www.canadiantire.ca/product/living/home-decor/lighting/0529723/canvas-3-lt-oil-rubbed-bronze-track-light-30e33adc-d9ab-43dd-9bd2-571d0acec503-jpgrendition.jpg?im=whresize&wid=200&hei=200,,0529723,052-9723-2,,Liquidation◊Articles à succès,60.07,"39,93","99,99"
104,"Strathroy, ON","Détachant Moneysworth & Best pour le sel, 300 g","Détachant Moneysworth & Best pour le sel, 300 g",5.73,"5,73 $",12.99,"Était±  12,99 $prix était 12,99 $",5.73,"5,73 $",5.73,"5,73 $",true,https://www.canadiantire.ca/fr/pdp/detachant-moneysworth-best-pour-le-sel-300-g-0897100p.html,https://www.canadiantire.ca/fr/pdp/detachant-moneysworth-best-pour-le-sel-300-g-0897100p.html,https://media-www.canadiantire.ca/product/playing/footwear-apparel/footwear-apparel-accessories/0897100/moneysworth-best-salt-stain-remover-300g--12afd65b-d089-4bac-b7c6-4e677b6b44c4-jpgrendition.jpg?im=whresize&wid=200&hei=200,https://media-www.canadiantire.ca/product/playing/footwear-apparel/footwear-apparel-accessories/0897100/moneysworth-best-salt-stain-remover-300g--12afd65b-d089-4bac-b7c6-4e677b6b44c4-jpgrendition.jpg?im=whresize&wid=200&hei=200,,0897100,089-7100-0,Il n’en reste que 4 #089-7100-0,Liquidation◊,55.89,"5,73","12,99"
104,"Strathroy, ON",Couteau de chasse Uncle Henry Golden Spike avec étui en cuir,Couteau de chasse Uncle Henry Golden Spike avec étui en cuir,29.93,"29,93 $",59.99,"Était±  59,99 $prix était 59,99 $",29.93,"29,93 $",29.93,"29,93 $",true,https://www.canadiantire.ca/fr/pdp/couteau-de-chasse-uncle-henry-golden-spike-avec-etui-en-cuir-0755268p.html,https://www.canadiantire.ca/fr/pdp/couteau-de-chasse-uncle-henry-golden-spike-avec-etui-en-cuir-0755268p.html,https://media-www.canadiantire.ca/product/playing/hunting/hunting-equipment/0755268/schrade-uncle-henry-golden-spike-fixed-blade-knife-a36e9dae-51e8-40d3-addc-b788e17ffe1a-jpgrendition.jpg?im=whresize&wid=200&hei=200,https://media-www.canadiantire.ca/product/playing/hunting/hunting-equipment/0755268/schrade-uncle-henry-golden-spike-fixed-blade-knife-a36e9dae-51e8-40d3-addc-b788e17ffe1a-jpgrendition.jpg?im=whresize&wid=200&hei=200,,0755268,075-5268-6,,Liquidation◊Mieux notés,50.11,"29,93","59,99"
104,"Strathroy, ON","Lampe de tracteur Blazer avec trousse d’installation, transparent, 12V","Lampe de tracteur Blazer avec trousse d’installation, transparent, 12V",9.93,"9,93 $",20.99,"Était±  20,99 $prix était 20,99 $",9.93,"9,93 $",9.93,"9,93 $",true,https://www.canadiantire.ca/fr/pdp/lampe-de-tracteur-blazer-avec-trousse-d-installation-transparent-12v-0203946p.html,https://www.canadiantire.ca/fr/pdp/lampe-de-tracteur-blazer-avec-trousse-d-installation-transparent-12v-0203946p.html,https://media-www.canadiantire.ca/product/automotive/automotive-outdoor-adventure/auto-travel-storage/0203961/12-volt-tractor-lamp-white-27ac9d3a-41ef-4a3f-a5db-a824d1d7467d-jpgrendition.jpg?im=whresize&wid=200&hei=200,https://media-www.canadiantire.ca/product/automotive/automotive-outdoor-adventure/auto-travel-storage/0203961/12-volt-tractor-lamp-white-27ac9d3a-41ef-4a3f-a5db-a824d1d7467d-jpgrendition.jpg?im=whresize&wid=200&hei=200,,0203946,020-3961-6,Il n’en reste que 1 #020-3961-6,Liquidation◊,52.69,"9,93","20,99"
104,"Strathroy, ON","Interrupteur unipolaire à montage en surface Leviton 05231-742, blanc","Interrupteur unipolaire à montage en surface Leviton 05231-742, blanc",4.93,"4,93 $",13.99,"Était±  13,99 $prix était 13,99 $",4.93,"4,93 $",4.93,"4,93 $",true,https://www.canadiantire.ca/fr/pdp/interrupteur-unipolaire-a-montage-en-surface-leviton-05231-742-blanc-0528260p.html,https://www.canadiantire.ca/fr/pdp/interrupteur-unipolaire-a-montage-en-surface-leviton-05231-742-blanc-0528260p.html,https://media-www.canadiantire.ca/product/fixing/electrical/rough-electrical/0528260/white-switch-single-pole-lev-o-let-3902a7f0-ac84-4bc6-86c9-283e04ea992c-jpgrendition.jpg?im=whresize&wid=200&hei=200,https://media-www.canadiantire.ca/product/fixing/electrical/rough-electrical/0528260/white-switch-single-pole-lev-o-let-3902a7f0-ac84-4bc6-86c9-283e04ea992c-jpgrendition.jpg?im=whresize&wid=200&hei=200,,0528260,052-8260-8,Il n’en reste que 1 #052-8260-8,Liquidation◊Mieux notés,64.76,"4,93","13,99"
104,"Strathroy, ON",C.E. Marchepied de remorque Smith,C.E. Marchepied de remorque Smith,22.93,"22,93 $",129.99,"Était±  129,99 $prix était 129,99 $",22.93,"22,93 $",22.93,"22,93 $",true,https://www.canadiantire.ca/fr/pdp/c-e-marchepied-de-remorque-smith-0409618p.html,https://www.canadiantire.ca/fr/pdp/c-e-marchepied-de-remorque-smith-0409618p.html,https://media-www.canadiantire.ca/product/automotive/automotive-outdoor-adventure/auto-travel-storage/0409618/trailer-step-pad-cee7bf5f-4846-4af9-a159-df6c6645b7fb-jpgrendition.jpg?im=whresize&wid=200&hei=200,https://media-www.canadiantire.ca/product/automotive/automotive-outdoor-adventure/auto-travel-storage/0409618/trailer-step-pad-cee7bf5f-4846-4af9-a159-df6c6645b7fb-jpgrendition.jpg?im=whresize&wid=200&hei=200,,0409618,040-9618-2,Il n’en reste que 2 #040-9618-2,Liquidation◊,82.36,"22,93","129,99"
104,"Strathroy, ON","Plomb pyramide South Bend, gris, 2 oz","Plomb pyramide South Bend, gris, 2 oz",0.93,"0,93 $",3.49,"Était±  3,49 $prix était 3,49 $",0.93,"0,93 $",0.93,"0,93 $",true,https://www.canadiantire.ca/fr/pdp/plomb-pyramide-south-bend-gris-2-oz-0779445p.html,https://www.canadiantire.ca/fr/pdp/plomb-pyramide-south-bend-gris-2-oz-0779445p.html,https://media-www.canadiantire.ca/product/playing/fishing/fishing-lures/0779445/south-bend-pyramid-sinker-2-oz-edbb6bda-426e-4540-943e-dec64e95d42c-jpgrendition.jpg?im=whresize&wid=200&hei=200,https://media-www.canadiantire.ca/product/playing/fishing/fishing-lures/0779445/south-bend-pyramid-sinker-2-oz-edbb6bda-426e-4540-943e-dec64e95d42c-jpgrendition.jpg?im=whresize&wid=200&hei=200,,0779445,077-9445-6,Il n’en reste que 5 #077-9445-6,Liquidation◊Mieux notés,73.35,"0,93","3,49"
104,"Strathroy, ON",Rétroviseur grand-angle à montage au rétroviseur intérieur K-Source,Rétroviseur grand-angle à montage au rétroviseur intérieur K-Source,6.93,"6,93 $",13.99,"Était±  13,99 $prix était 13,99 $",6.93,"6,93 $",6.93,"6,93 $",true,https://www.canadiantire.ca/fr/pdp/retroviseur-grand-angle-a-montage-au-retroviseur-interieur-k-source-0371991p.html,https://www.canadiantire.ca/fr/pdp/retroviseur-grand-angle-a-montage-au-retroviseur-interieur-k-source-0371991p.html,https://media-www.canadiantire.ca/product/automotive/car-care-accessories/auto-accessories/0371991/interior-mirror-mount-blind-spot-mirror-36737456-aee9-4c86-a7b4-ef4225869865-jpgrendition.jpg?im=whresize&wid=200&hei=200,https://media-www.canadiantire.ca/product/automotive/car-care-accessories/auto-accessories/0371991/interior-mirror-mount-blind-spot-mirror-36737456-aee9-4c86-a7b4-ef4225869865-jpgrendition.jpg?im=whresize&wid=200&hei=200,,0371991,037-1991-8,Il n’en reste que 7 #037-1991-8,Liquidation◊,50.46,"6,93","13,99"
104,"Strathroy, ON","Trousse de conversion pour cuve à lessive Technoform , noir","Trousse de conversion pour cuve à lessive Technoform , noir",1,"1,00 $",28.99,"Était±  28,99 $prix était 28,99 $",1,"1,00 $",1,"1,00 $",true,https://www.canadiantire.ca/fr/pdp/trousse-de-conversion-pour-cuve-a-lessive-technoform-noir-0639885p.html,https://www.canadiantire.ca/fr/pdp/trousse-de-conversion-pour-cuve-a-lessive-technoform-noir-0639885p.html,https://media-www.canadiantire.ca/product/fixing/plumbing/water-management/0639885/laundry-tub-conversion-kit-1b708c77-3db5-4c38-8204-28da3549d6ee.png?im=whresize&wid=200&hei=200,https://media-www.canadiantire.ca/product/fixing/plumbing/water-management/0639885/laundry-tub-conversion-kit-1b708c77-3db5-4c38-8204-28da3549d6ee.png?im=whresize&wid=200&hei=200,,0639885,063-9885-0,,Liquidation◊,96.55,"1,00","28,99"
104,"Strathroy, ON","Serviettes à boissons Ballons de célébration d'anniversaire, paq. 125","Serviettes à boissons Ballons de célébration d'anniversaire, paq. 125",4.93,"4,93 $",12.99,"Était±  12,99 $prix était 12,99 $",4.93,"4,93 $",4.93,"4,93 $",true,https://www.canadiantire.ca/fr/pdp/serviettes-a-boissons-ballons-de-celebration-d-anniversaire-paq-125-8420559p.html,https://www.canadiantire.ca/fr/pdp/serviettes-a-boissons-ballons-de-celebration-d-anniversaire-paq-125-8420559p.html,https://media-www.canadiantire.ca/product/seasonal-gardening/party-city-everyday/party-city-party-supplies-decor/8420559/bn-bpp-bday-clbrtn-622913fc-add9-4eef-b12a-bdfc94db8dd4-jpgrendition.jpg?im=whresize&wid=200&hei=200,https://media-www.canadiantire.ca/product/seasonal-gardening/party-city-everyday/party-city-party-supplies-decor/8420559/bn-bpp-bday-clbrtn-622913fc-add9-4eef-b12a-bdfc94db8dd4-jpgrendition.jpg?im=whresize&wid=200&hei=200,,8420559,842-0559-8,Il n’en reste que 1 #842-0559-8,Liquidation◊Mieux notés,62.05,"4,93","12,99"
104,"Strathroy, ON","Écrou de raccord de soupape de remplissage PlumbShop pour robinet à flotteur, en plastique","Écrou de raccord de soupape de remplissage PlumbShop pour robinet à flotteur, en plastique",0.3,"0,30 $",3.49,"Était±  3,49 $prix était 3,49 $",0.3,"0,30 $",0.3,"0,30 $",true,https://www.canadiantire.ca/fr/pdp/ecrou-de-raccord-de-soupape-de-remplissage-plumbshop-pour-robinet-a-flotteur-en-plastique-0632963p.html,https://www.canadiantire.ca/fr/pdp/ecrou-de-raccord-de-soupape-de-remplissage-plumbshop-pour-robinet-a-flotteur-en-plastique-0632963p.html,https://media-www.canadiantire.ca/product/fixing/plumbing/rough-plumbing/0632963/plumbshop-ballcock-coupling-nut-plastic-a69408a1-6b02-49f5-a51c-b1d6dadfa3ba-jpgrendition.jpg?im=whresize&wid=200&hei=200,https://media-www.canadiantire.ca/product/fixing/plumbing/rough-plumbing/0632963/plumbshop-ballcock-coupling-nut-plastic-a69408a1-6b02-49f5-a51c-b1d6dadfa3ba-jpgrendition.jpg?im=whresize&wid=200&hei=200,,0632963,063-2963-6,Il n’en reste que 1 #063-2963-6,Liquidation◊,91.4,"0,30","3,49"
104,"Strathroy, ON",Tampons de rechange de vadrouille vapeur Hoover,Tampons de rechange de vadrouille vapeur Hoover,14.93,"14,93 $",32.99,"Était±  32,99 $prix était 32,99 $",14.93,"14,93 $",14.93,"14,93 $",true,https://www.canadiantire.ca/fr/pdp/tampons-de-rechange-de-vadrouille-vapeur-hoover-0439460p.html,https://www.canadiantire.ca/fr/pdp/tampons-de-rechange-de-vadrouille-vapeur-hoover-0439460p.html,https://media-www.canadiantire.ca/product/living/cleaning/vacuums-and-floorcare/0439460/hoover-steam-mop-replacement-pads-3296a971-aafd-4807-81e8-dd484f56a704-jpgrendition.jpg?im=whresize&wid=200&hei=200,https://media-www.canadiantire.ca/product/living/cleaning/vacuums-and-floorcare/0439460/hoover-steam-mop-replacement-pads-3296a971-aafd-4807-81e8-dd484f56a704-jpgrendition.jpg?im=whresize&wid=200&hei=200,,0439460,043-9460-8,Il n’en reste que 1 #043-9460-8,Liquidation◊,54.74,"14,93","32,99"
104,"Strathroy, ON","Tarière 33 cm3 pour pêche blanche Rapala Cyclone, 8 po","Tarière 33 cm3 pour pêche blanche Rapala Cyclone, 8 po",299.93,"299,93 $",599.99,"Était±  599,99 $prix était 599,99 $",299.93,"299,93 $",299.93,"299,93 $",true,https://www.canadiantire.ca/fr/pdp/tariere-33-cm3-pour-peche-blanche-rapala-cyclone-8-po-0773851p.html,https://www.canadiantire.ca/fr/pdp/tariere-33-cm3-pour-peche-blanche-rapala-cyclone-8-po-0773851p.html,https://media-www.canadiantire.ca/product/playing/fishing/ice-fishing/0773851/rapala-cyclone-33cc-ice-auger-8-diameter-2cf3c6f5-3682-4467-8803-fc468bfd8666-jpgrendition.jpg?im=whresize&wid=200&hei=200,https://media-www.canadiantire.ca/product/playing/fishing/ice-fishing/0773851/rapala-cyclone-33cc-ice-auger-8-diameter-2cf3c6f5-3682-4467-8803-fc468bfd8666-jpgrendition.jpg?im=whresize&wid=200&hei=200,,0773851,077-3851-4,,Liquidation◊Mieux notés,50.01,"299,93","599,99"
104,"Strathroy, ON","Peinture de retouche Scratch Fix All-in-1, Vert émeraude perlé (PGF, QGf)","Peinture de retouche Scratch Fix All-in-1, Vert émeraude perlé (PGF, QGf)",2,"2,00 $",28.99,"Était±  28,99 $prix était 28,99 $",2,"2,00 $",2,"2,00 $",true,https://www.canadiantire.ca/fr/pdp/peinture-de-retouche-scratch-fix-all-in-1-vert-emeraude-perle-pgf-qgf-0474948p.html,https://www.canadiantire.ca/fr/pdp/peinture-de-retouche-scratch-fix-all-in-1-vert-emeraude-perle-pgf-qgf-0474948p.html,https://media-www.canadiantire.ca/product/automotive/car-care-accessories/auto-body-repair/0474948/scratch-fix-chrysler-emerald-grn-prl-all-in-1-9d8188e9-27ad-43f9-a27e-7fc01f12688b-jpgrendition.jpg?im=whresize&wid=200&hei=200,https://media-www.canadiantire.ca/product/automotive/car-care-accessories/auto-body-repair/0474948/scratch-fix-chrysler-emerald-grn-prl-all-in-1-9d8188e9-27ad-43f9-a27e-7fc01f12688b-jpgrendition.jpg?im=whresize&wid=200&hei=200,,0474948,047-4948-2,Il n’en reste que 2 #047-4948-2,Liquidation◊,93.1,"2,00","28,99"
104,"Strathroy, ON","Ballon en aluminium satiné, fantôme, blanc irisé, 28 po, gonflement à l'hélium et ruban inclus, pour l'Halloween","Ballon en aluminium satiné, fantôme, blanc irisé, 28 po, gonflement à l'hélium et ruban inclus, pour l'Halloween",6.93,"6,93 $",16.99,"Était±  16,99 $prix était 16,99 $",6.93,"6,93 $",6.93,"6,93 $",true,https://www.canadiantire.ca/fr/pdp/ballon-en-aluminium-satine-fantome-blanc-irise-28-po-gonflement-a-l-helium-et-ruban-inclus-pour-l-halloween-8431610p.html,https://www.canadiantire.ca/fr/pdp/ballon-en-aluminium-satine-fantome-blanc-irise-28-po-gonflement-a-l-helium-et-ruban-inclus-pour-l-halloween-8431610p.html,https://media-www.canadiantire.ca/product/automotive/party-city-everyday/party-city-balloons-accessories/8431610/giant-iridescent-ghost-supershape-balloon-1b6712c3-1e8d-413e-84e7-f6c25dc8eaa9-jpgrendition.jpg?im=whresize&wid=200&hei=200,https://media-www.canadiantire.ca/product/automotive/party-city-everyday/party-city-balloons-accessories/8431610/giant-iridescent-ghost-supershape-balloon-1b6712c3-1e8d-413e-84e7-f6c25dc8eaa9-jpgrendition.jpg?im=whresize&wid=200&hei=200,,8431610,843-1610-6,Il n’en reste que 1 #843-1610-6,Liquidation◊Mieux notés,59.21,"6,93","16,99"
104,"Strathroy, ON","Manteau matelassé isotherme piqué en nylon pare-vent comprimable Outbound Cole pour hommes, noir","Manteau matelassé isotherme piqué en nylon pare-vent comprimable Outbound Cole pour hommes, noir",19.93,"19,93 $",49.99,"49,99 $Était   et+ prix était à partir de 49,99 $",19.93,"19,93 $",19.93,"19,93 $",true,https://www.canadiantire.ca/fr/pdp/manteau-matelasse-isotherme-pique-en-nylon-pare-vent-comprimable-outbound-cole-pour-hommes-noir-1872327p.html,https://www.canadiantire.ca/fr/pdp/manteau-matelasse-isotherme-pique-en-nylon-pare-vent-comprimable-outbound-cole-pour-hommes-noir-1872327p.html,https://media-www.canadiantire.ca/product/playing/footwear-apparel/winter-footwear-apparel/1872327/outbound-men-s-cole-vest-black-s-f402b2d9-d2a8-4dff-a75f-40a1b9cfd817-jpgrendition.jpg?im=whresize&wid=200&hei=200,https://media-www.canadiantire.ca/product/playing/footwear-apparel/winter-footwear-apparel/1872327/outbound-men-s-cole-vest-black-s-f402b2d9-d2a8-4dff-a75f-40a1b9cfd817-jpgrendition.jpg?im=whresize&wid=200&hei=200,,1872327,187-2327,Vérifiez la disponibilité#187-2327X,Liquidation◊Mieux notés,60.13,"19,93","49,99"
104,"Strathroy, ON","Kit d'éclairage extérieur intelligent Type S, 72 po","Kit d'éclairage extérieur intelligent Type S, 72 po",69.93,"69,93 $",154.99,"Était±  154,99 $prix était 154,99 $",69.93,"69,93 $",69.93,"69,93 $",true,https://www.canadiantire.ca/fr/pdp/kit-d-eclairage-exterieur-intelligent-type-s-72-po-0378011p.html,https://www.canadiantire.ca/fr/pdp/kit-d-eclairage-exterieur-intelligent-type-s-72-po-0378011p.html,https://media-www.canadiantire.ca/product/automotive/car-care-accessories/auto-accessories/0378011/types-smart-72-exterior-led-kit-eb8da8eb-2c9b-40d6-81c5-88376166b279-jpgrendition.jpg?im=whresize&wid=200&hei=200,https://media-www.canadiantire.ca/product/automotive/car-care-accessories/auto-accessories/0378011/types-smart-72-exterior-led-kit-eb8da8eb-2c9b-40d6-81c5-88376166b279-jpgrendition.jpg?im=whresize&wid=200&hei=200,,0378011,037-8011-0,Il n’en reste que 1 #037-8011-0,Liquidation◊,54.88,"69,93","154,99"
104,"Strathroy, ON",Filtre rinçable primaire Hoover,Filtre rinçable primaire Hoover,12.93,"12,93 $",27.99,"Était±  27,99 $prix était 27,99 $",12.93,"12,93 $",12.93,"12,93 $",true,https://www.canadiantire.ca/fr/pdp/filtre-rincable-primaire-hoover-0439458p.html,https://www.canadiantire.ca/fr/pdp/filtre-rincable-primaire-hoover-0439458p.html,https://media-www.canadiantire.ca/product/living/cleaning/vacuums-and-floorcare/0439458/hoover-reusable-upright-pre-motor-filter-6f7e61a6-e08e-406a-986c-562bf9504271-jpgrendition.jpg?im=whresize&wid=200&hei=200,https://media-www.canadiantire.ca/product/living/cleaning/vacuums-and-floorcare/0439458/hoover-reusable-upright-pre-motor-filter-6f7e61a6-e08e-406a-986c-562bf9504271-jpgrendition.jpg?im=whresize&wid=200&hei=200,,0439458,043-9458-6,Il n’en reste que 3 #043-9458-6,Liquidation◊Mieux notés,53.8,"12,93","27,99"
104,"Strathroy, ON","Écouteurs-boutons Bluepods Elite, suppress. active du bruit avec appels mains libres, noirs","Écouteurs-boutons Bluepods Elite, suppress. active du bruit avec appels mains libres, noirs",13.93,"13,93 $",89.99,"Était±  89,99 $prix était 89,99 $",13.93,"13,93 $",13.93,"13,93 $",true,https://www.canadiantire.ca/fr/pdp/ecouteurs-boutons-bluepods-elite-suppress-active-du-bruit-avec-appels-mains-libres-noirs-0358074p.html,https://www.canadiantire.ca/fr/pdp/ecouteurs-boutons-bluepods-elite-suppress-active-du-bruit-avec-appels-mains-libres-noirs-0358074p.html,https://media-www.canadiantire.ca/product/automotive/car-care-accessories/auto-electronics/0358074/bluepods-elite-active-noise-cancelling-earbuds-9cf7b3c7-0287-4392-af9c-bb977f796d2a-jpgrendition.jpg?im=whresize&wid=200&hei=200,https://media-www.canadiantire.ca/product/automotive/car-care-accessories/auto-electronics/0358074/bluepods-elite-active-noise-cancelling-earbuds-9cf7b3c7-0287-4392-af9c-bb977f796d2a-jpgrendition.jpg?im=whresize&wid=200&hei=200,,0358074,035-8074-4,,Liquidation◊Articles à succès,84.52,"13,93","89,99"
104,"Strathroy, ON","Garde-boues avant et arrière personnalisés Husky Liners 58263 pour camion Chevrolet Colorado, 2015 à 2021, paquet de 4","Garde-boues avant et arrière personnalisés Husky Liners 58263 pour camion Chevrolet Colorado, 2015 à 2021, paquet de 4",27.93,"27,93 $",119.99,"Était±  119,99 $prix était 119,99 $",27.93,"27,93 $",27.93,"27,93 $",true,https://www.canadiantire.ca/fr/pdp/garde-boues-avant-et-arriere-personnalises-husky-liners-58263-pour-camion-chevrolet-colorado-2015-a-2021-paquet-de-4-0376239p.html,https://www.canadiantire.ca/fr/pdp/garde-boues-avant-et-arriere-personnalises-husky-liners-58263-pour-camion-chevrolet-colorado-2015-a-2021-paquet-de-4-0376239p.html,https://media-www.canadiantire.ca/product/automotive/car-care-accessories/auto-accessories/0376239/husky-custom-fit-mud-flaps-chevy-colorado-15-21-4pc-c6f628f7-4589-4045-9c68-eb8e4e803227-jpgrendition.jpg?im=whresize&wid=200&hei=200,https://media-www.canadiantire.ca/product/automotive/car-care-accessories/auto-accessories/0376239/husky-custom-fit-mud-flaps-chevy-colorado-15-21-4pc-c6f628f7-4589-4045-9c68-eb8e4e803227-jpgrendition.jpg?im=whresize&wid=200&hei=200,,0376239,037-6239-2,Il n’en reste que 1 #037-6239-2,Liquidation◊Mieux notés,76.72,"27,93","119,99"
104,"Strathroy, ON","Verre à whisky nervuré bleu CANVAS, sans BPA, 15 oz","Verre à whisky nervuré bleu CANVAS, sans BPA, 15 oz",2.43,"2,43 $",4.99,"Était±  4,99 $prix était 4,99 $",2.43,"2,43 $",2.43,"2,43 $",true,https://www.canadiantire.ca/fr/pdp/verre-a-whisky-nervure-bleu-canvas-sans-bpa-15-oz-1590047p.html,https://www.canadiantire.ca/fr/pdp/verre-a-whisky-nervure-bleu-canvas-sans-bpa-15-oz-1590047p.html,https://media-www.canadiantire.ca/product/seasonal-gardening/backyard-living/outdoor-living-accessories/1590047/canvas-blue-ribbed-low-ball-15oz-glass-7d4b0458-3159-4403-9834-df6727803c10-jpgrendition.jpg?im=whresize&wid=200&hei=200,https://media-www.canadiantire.ca/product/seasonal-gardening/backyard-living/outdoor-living-accessories/1590047/canvas-blue-ribbed-low-ball-15oz-glass-7d4b0458-3159-4403-9834-df6727803c10-jpgrendition.jpg?im=whresize&wid=200&hei=200,,1590047,159-0047-4,Il n’en reste que 1 #159-0047-4,Liquidation◊Articles à succès,51.3,"2,43","4,99"
104,"Strathroy, ON",Pantoufles chaussettes de maison tricot doublure en molleton doux rembourré en mousse antipatinage Outbound pour femmes,Pantoufles chaussettes de maison tricot doublure en molleton doux rembourré en mousse antipatinage Outbound pour femmes,1.93,"1,93 $",9.99,"9,99 $Était   et+ prix était à partir de 9,99 $",1.93,"1,93 $",1.93,"1,93 $",true,https://www.canadiantire.ca/fr/pdp/pantoufles-chaussettes-de-maison-tricot-doublure-en-molleton-doux-rembourre-en-mousse-antipatinage-outbound-pour-femmes-1872337p.html,https://www.canadiantire.ca/fr/pdp/pantoufles-chaussettes-de-maison-tricot-doublure-en-molleton-doux-rembourre-en-mousse-antipatinage-outbound-pour-femmes-1872337p.html,https://media-www.canadiantire.ca/product/playing/footwear-apparel/winter-footwear-apparel/1872337/outbound-women-s-cozy-knit-slippers-5-6-a09e8532-803f-4d7a-b751-6633208c2f4d-jpgrendition.jpg?im=whresize&wid=200&hei=200,https://media-www.canadiantire.ca/product/playing/footwear-apparel/winter-footwear-apparel/1872337/outbound-women-s-cozy-knit-slippers-5-6-a09e8532-803f-4d7a-b751-6633208c2f4d-jpgrendition.jpg?im=whresize&wid=200&hei=200,,1872337,187-2337,Vérifiez la disponibilité#187-2337X,Liquidation◊Mieux notés,80.68,"1,93","9,99"
104,"Strathroy, ON","Chaussures tout-aller à enfiler en toile Outbound Jane pour femmes avec semelle intérieure confortable, bleu marine","Chaussures tout-aller à enfiler en toile Outbound Jane pour femmes avec semelle intérieure confortable, bleu marine",4,"4,00 $",29.99,"29,99 $Était   et+ prix était à partir de 29,99 $",4,"4,00 $",4,"4,00 $",true,https://www.canadiantire.ca/fr/pdp/chaussures-tout-aller-a-enfiler-en-toile-outbound-jane-pour-femmes-avec-semelle-interieure-confortable-bleu-marine-1872046p.html,https://www.canadiantire.ca/fr/pdp/chaussures-tout-aller-a-enfiler-en-toile-outbound-jane-pour-femmes-avec-semelle-interieure-confortable-bleu-marine-1872046p.html,https://media-www.canadiantire.ca/product/playing/footwear-apparel/summer-footwear-apparel/1872046/outbound-women-s-jane-shoe-navy-5-862ebb2f-7557-4bb4-942e-da8633ddd2d3-jpgrendition.jpg?im=whresize&wid=200&hei=200,https://media-www.canadiantire.ca/product/playing/footwear-apparel/summer-footwear-apparel/1872046/outbound-women-s-jane-shoe-navy-5-862ebb2f-7557-4bb4-942e-da8633ddd2d3-jpgrendition.jpg?im=whresize&wid=200&hei=200,,1872046,187-2046,Vérifiez la disponibilité#187-2046X,Liquidation◊Mieux notés,86.66,"4,00","29,99"
104,"Strathroy, ON",Raccord de gril au gaz Vision Grills Kamado avec 3 réglages de chaleur,Raccord de gril au gaz Vision Grills Kamado avec 3 réglages de chaleur,149.93,"149,93 $",399.99,"Était±  399,99 $prix était 399,99 $",149.93,"149,93 $",149.93,"149,93 $",true,https://www.canadiantire.ca/fr/pdp/raccord-de-gril-au-gaz-vision-grills-kamado-avec-3-reglages-de-chaleur-0852308p.html,https://www.canadiantire.ca/fr/pdp/raccord-de-gril-au-gaz-vision-grills-kamado-avec-3-reglages-de-chaleur-0852308p.html,https://media-www.canadiantire.ca/product/seasonal-gardening/backyard-living/outdoor-cooking-accessories/0852308/vision-grills-kamado-gas-insert-c02f3e30-088d-404e-95ea-25b99b943660-jpgrendition.jpg?im=whresize&wid=200&hei=200,https://media-www.canadiantire.ca/product/seasonal-gardening/backyard-living/outdoor-cooking-accessories/0852308/vision-grills-kamado-gas-insert-c02f3e30-088d-404e-95ea-25b99b943660-jpgrendition.jpg?im=whresize&wid=200&hei=200,,0852308,085-2308-6,Il n’en reste que 1 #085-2308-6,Liquidation◊,62.52,"149,93","399,99"
104,"Strathroy, ON",Courroies abrasives de rechange Work Sharp pour affûteur électrique pour couteau et outil Work Sharp,Courroies abrasives de rechange Work Sharp pour affûteur électrique pour couteau et outil Work Sharp,14.93,"14,93 $",29.99,"Était±  29,99 $prix était 29,99 $",14.93,"14,93 $",14.93,"14,93 $",true,https://www.canadiantire.ca/fr/pdp/courroies-abrasives-de-rechange-work-sharp-pour-affuteur-electrique-pour-couteau-et-outil-work-sharp-3751453p.html,https://www.canadiantire.ca/fr/pdp/courroies-abrasives-de-rechange-work-sharp-pour-affuteur-electrique-pour-couteau-et-outil-work-sharp-3751453p.html,https://media-www.canadiantire.ca/product/playing/hunting/hunting-equipment/3751453/worksharp-rep-belt-kit-for-electric-knife-and-tool-sharpener-d70b6331-f833-43a9-ae87-a5ea89a6517b-jpgrendition.jpg?im=whresize&wid=200&hei=200,https://media-www.canadiantire.ca/product/playing/hunting/hunting-equipment/3751453/worksharp-rep-belt-kit-for-electric-knife-and-tool-sharpener-d70b6331-f833-43a9-ae87-a5ea89a6517b-jpgrendition.jpg?im=whresize&wid=200&hei=200,,3751453,375-1453-4,,Liquidation◊,50.22,"14,93","29,99"
104,"Strathroy, ON","Jambières de hockey CCM JetSpeed FT6, sénior, noir/blanc/rouge, choix de tailles","Jambières de hockey CCM JetSpeed FT6, sénior, noir/blanc/rouge, choix de tailles",57.79,"57,79 $",169.99,"169,99 $Était   et+ prix était à partir de 169,99 $",57.79,"57,79 $",57.79,"57,79 $",true,https://www.canadiantire.ca/fr/pdp/jambieres-de-hockey-ccm-jetspeed-ft6-senior-noir-blanc-rouge-choix-de-tailles-4835328p.html,https://www.canadiantire.ca/fr/pdp/jambieres-de-hockey-ccm-jetspeed-ft6-senior-noir-blanc-rouge-choix-de-tailles-4835328p.html,https://media-www.canadiantire.ca/product/playing/hockey/hockey-equipment/4835328/ccm-jetspeed-ft6-shin-guards-senior-14--f8f38195-3356-4371-914d-eca954fd96a0-jpgrendition.jpg?im=whresize&wid=200&hei=200,https://media-www.canadiantire.ca/product/playing/hockey/hockey-equipment/4835328/ccm-jetspeed-ft6-shin-guards-senior-14--f8f38195-3356-4371-914d-eca954fd96a0-jpgrendition.jpg?im=whresize&wid=200&hei=200,,4835328,483-5328,Vérifiez la disponibilité#483-5328X,Liquidation◊,66,"57,79","169,99"
104,"Strathroy, ON",Gants de sport d'hiver cyclisme course tout-aller extensibles pour écran tactile Outbound pour femmes,Gants de sport d'hiver cyclisme course tout-aller extensibles pour écran tactile Outbound pour femmes,9.93,"9,93 $",27.99,"27,99 $Était   et+ prix était à partir de 27,99 $",9.93,"9,93 $",9.93,"9,93 $",true,https://www.canadiantire.ca/fr/pdp/gants-de-sport-d-hiver-cyclisme-course-tout-aller-extensibles-pour-ecran-tactile-outbound-pour-femmes-1871561p.html,https://www.canadiantire.ca/fr/pdp/gants-de-sport-d-hiver-cyclisme-course-tout-aller-extensibles-pour-ecran-tactile-outbound-pour-femmes-1871561p.html,https://media-www.canadiantire.ca/product/playing/footwear-apparel/winter-footwear-apparel/1871561/outbound-women-s-touch-gloves-s-m-657ca1ab-1e38-4dfd-b1ce-7cdbad0051c0-jpgrendition.jpg?im=whresize&wid=200&hei=200,https://media-www.canadiantire.ca/product/playing/footwear-apparel/winter-footwear-apparel/1871561/outbound-women-s-touch-gloves-s-m-657ca1ab-1e38-4dfd-b1ce-7cdbad0051c0-jpgrendition.jpg?im=whresize&wid=200&hei=200,,1871561,187-1561,Vérifiez la disponibilité#187-1561X,Liquidation◊Exclusivité,64.52,"9,93","27,99"
104,"Strathroy, ON","Base supérieure en aluminium pour lunette de visée Weaver 48429, no 402M, paq. 1","Base supérieure en aluminium pour lunette de visée Weaver 48429, no 402M, paq. 1",2.93,"2,93 $",6.99,"Était±  6,99 $prix était 6,99 $",2.93,"2,93 $",2.93,"2,93 $",true,https://www.canadiantire.ca/fr/pdp/base-superieure-en-aluminium-pour-lunette-de-visee-weaver-48429-no-402m-paq-1-0762203p.html,https://www.canadiantire.ca/fr/pdp/base-superieure-en-aluminium-pour-lunette-de-visee-weaver-48429-no-402m-paq-1-0762203p.html,https://media-www.canadiantire.ca/product/playing/hunting/hunting-equipment/0762203/weaver-top-mount-base-high-std-marlin-455-mr7-402m-black-ac85f1d4-8d7c-4d73-ba60-827f5bc966d9-jpgrendition.jpg?im=whresize&wid=200&hei=200,https://media-www.canadiantire.ca/product/playing/hunting/hunting-equipment/0762203/weaver-top-mount-base-high-std-marlin-455-mr7-402m-black-ac85f1d4-8d7c-4d73-ba60-827f5bc966d9-jpgrendition.jpg?im=whresize&wid=200&hei=200,,0762203,076-2203-6,Il n’en reste que 1 #076-2203-6,Liquidation◊Mieux notés,58.08,"2,93","6,99"
104,"Strathroy, ON","Coudières CCM JetSpeed FT4, sénior","Coudières CCM JetSpeed FT4, sénior",50,"50,00 $",119.99,"119,99 $Était   et+ prix était à partir de 119,99 $",50,"50,00 $",50,"50,00 $",true,https://www.canadiantire.ca/fr/pdp/coudieres-ccm-jetspeed-ft4-senior-4834051p.html,https://www.canadiantire.ca/fr/pdp/coudieres-ccm-jetspeed-ft4-senior-4834051p.html,https://media-www.canadiantire.ca/product/playing/hockey/hockey-equipment/4834031/ccm-jetspeed-ft4-elbow-pads-junior-large-b68f4b08-8d20-4989-8525-593e8f86c423-jpgrendition.jpg?im=whresize&wid=200&hei=200,https://media-www.canadiantire.ca/product/playing/hockey/hockey-equipment/4834031/ccm-jetspeed-ft4-elbow-pads-junior-large-b68f4b08-8d20-4989-8525-593e8f86c423-jpgrendition.jpg?im=whresize&wid=200&hei=200,,4834051,483-4049,Vérifiez la disponibilité#483-4049X,Liquidation◊Mieux notés,58.33,"50,00","119,99"
104,"Strathroy, ON","Casque de hockey Bauer RE-AKT 85, bleu marine","Casque de hockey Bauer RE-AKT 85, bleu marine",54.39,"54,39 $",159.99,"159,99 $Était   et+ prix était à partir de 159,99 $",54.39,"54,39 $",54.39,"54,39 $",true,https://www.canadiantire.ca/fr/pdp/casque-de-hockey-bauer-re-akt-85-bleu-marine-4834277p.html,https://www.canadiantire.ca/fr/pdp/casque-de-hockey-bauer-re-akt-85-bleu-marine-4834277p.html,https://media-www.canadiantire.ca/product/playing/hockey/hockey-equipment/4834276/bauer-re-akt-85-hockey-helmet-navy-large-84b96b2c-af04-4f43-8ed8-ae4e08d72500-jpgrendition.jpg?im=whresize&wid=200&hei=200,https://media-www.canadiantire.ca/product/playing/hockey/hockey-equipment/4834276/bauer-re-akt-85-hockey-helmet-navy-large-84b96b2c-af04-4f43-8ed8-ae4e08d72500-jpgrendition.jpg?im=whresize&wid=200&hei=200,,4834277,483-4276,Vérifiez la disponibilité#483-4276X,Liquidation◊,66,"54,39","159,99"
104,"Strathroy, ON","Douille inférieure rotative en phénolique Atron Electro Industries LA958, noir, 2 po","Douille inférieure rotative en phénolique Atron Electro Industries LA958, noir, 2 po",0.93,"0,93 $",4.79,"Était±  4,79 $prix était 4,79 $",0.93,"0,93 $",0.93,"0,93 $",true,https://www.canadiantire.ca/fr/pdp/douille-inferieure-rotative-en-phenolique-atron-electro-industries-la958-noir-2-po-0523170p.html,https://www.canadiantire.ca/fr/pdp/douille-inferieure-rotative-en-phenolique-atron-electro-industries-la958-noir-2-po-0523170p.html,https://media-www.canadiantire.ca/product/fixing/electrical/rough-electrical/0523170/socket-bottom-turn-1b87a93a-9c56-4cc6-852e-608999e6e827-jpgrendition.jpg?im=whresize&wid=200&hei=200,https://media-www.canadiantire.ca/product/fixing/electrical/rough-electrical/0523170/socket-bottom-turn-1b87a93a-9c56-4cc6-852e-608999e6e827-jpgrendition.jpg?im=whresize&wid=200&hei=200,,0523170,052-3170-2,Il n’en reste que 2 #052-3170-2,Liquidation◊Mieux notés,80.58,"0,93","4,79"
104,"Strathroy, ON","Plaque d’interrupteur à bascule double Atron Electro Industries 2163RBR, 2 dispositifs, bronze","Plaque d’interrupteur à bascule double Atron Electro Industries 2163RBR, 2 dispositifs, bronze",1.43,"1,43 $",5.99,"Était±  5,99 $prix était 5,99 $",1.43,"1,43 $",1.43,"1,43 $",true,https://www.canadiantire.ca/fr/pdp/plaque-d-interrupteur-a-bascule-double-atron-electro-industries-2163rbr-2-dispositifs-bronze-0522734p.html,https://www.canadiantire.ca/fr/pdp/plaque-d-interrupteur-a-bascule-double-atron-electro-industries-2163rbr-2-dispositifs-bronze-0522734p.html,https://media-www.canadiantire.ca/product/fixing/electrical/rough-electrical/0522734/traditional-brass-double-toggle-e6bf7054-1839-4fba-ac14-90ed9f6a3d8f-jpgrendition.jpg?im=whresize&wid=200&hei=200,https://media-www.canadiantire.ca/product/fixing/electrical/rough-electrical/0522734/traditional-brass-double-toggle-e6bf7054-1839-4fba-ac14-90ed9f6a3d8f-jpgrendition.jpg?im=whresize&wid=200&hei=200,,0522734,052-2734-8,Il n’en reste que 2 #052-2734-8,Liquidation◊,76.13,"1,43","5,99"
104,"Strathroy, ON",Bottes d'hiver avec doublure en feutre isolées en nylon et caoutchouc à double Velcro enfants Outbound pour garçons,Bottes d'hiver avec doublure en feutre isolées en nylon et caoutchouc à double Velcro enfants Outbound pour garçons,17.93,"17,93 $",44.99,"44,99 $Était   et+ prix était à partir de 44,99 $",17.93,"17,93 $",17.93,"17,93 $",true,https://www.canadiantire.ca/fr/pdp/bottes-d-hiver-avec-doublure-en-feutre-isolees-en-nylon-et-caoutchouc-a-double-velcro-enfants-outbound-pour-garcons-1870951p.html,https://www.canadiantire.ca/fr/pdp/bottes-d-hiver-avec-doublure-en-feutre-isolees-en-nylon-et-caoutchouc-a-double-velcro-enfants-outbound-pour-garcons-1870951p.html,https://media-www.canadiantire.ca/product/playing/footwear-apparel/winter-footwear-apparel/1870951/boy-s-nylon-boot-11-d1790236-9c0b-41a3-b6e3-bf78f88c192c-jpgrendition.jpg?im=whresize&wid=200&hei=200,https://media-www.canadiantire.ca/product/playing/footwear-apparel/winter-footwear-apparel/1870951/boy-s-nylon-boot-11-d1790236-9c0b-41a3-b6e3-bf78f88c192c-jpgrendition.jpg?im=whresize&wid=200&hei=200,,1870951,187-0951,Vérifiez la disponibilité#187-0951X,Liquidation◊Exclusivité,60.15,"17,93","44,99"
104,"Strathroy, ON","Boîte à bento pliable antiadhésive en silicone MASTER chef, 1,10 L","Boîte à bento pliable antiadhésive en silicone MASTER chef, 1,10 L",4.93,"4,93 $",14.99,"Était±  14,99 $prix était 14,99 $",4.93,"4,93 $",4.93,"4,93 $",true,https://www.canadiantire.ca/fr/pdp/boite-a-bento-pliable-antiadhesive-en-silicone-master-chef-1-10-l-1429297p.html,https://www.canadiantire.ca/fr/pdp/boite-a-bento-pliable-antiadhesive-en-silicone-master-chef-1-10-l-1429297p.html,https://media-www.canadiantire.ca/product/living/kitchen/food-storage/1429297/masterchef-silicone-collapsible-bento-box-7cd3681b-6826-431d-a925-1b957e0c071a-jpgrendition.jpg?im=whresize&wid=200&hei=200,https://media-www.canadiantire.ca/product/living/kitchen/food-storage/1429297/masterchef-silicone-collapsible-bento-box-7cd3681b-6826-431d-a925-1b957e0c071a-jpgrendition.jpg?im=whresize&wid=200&hei=200,,1429297,142-9297-2,Il n’en reste que 1 #142-9297-2,Liquidation◊Mieux notés,67.11,"4,93","14,99"
104,"Strathroy, ON","Ensemble de plaquettes de frein à disque pour vélo Supercycle J5, métal","Ensemble de plaquettes de frein à disque pour vélo Supercycle J5, métal",2.93,"2,93 $",15.99,"Était±  15,99 $prix était 15,99 $",2.93,"2,93 $",2.93,"2,93 $",true,https://www.canadiantire.ca/fr/pdp/ensemble-de-plaquettes-de-frein-a-disque-pour-velo-supercycle-j5-metal-0737465p.html,https://www.canadiantire.ca/fr/pdp/ensemble-de-plaquettes-de-frein-a-disque-pour-velo-supercycle-j5-metal-0737465p.html,https://media-www.canadiantire.ca/product/playing/cycling/bicycle-accessories/0737465/supercycle-j5-disc-brake-pads-70ff1ecc-31ca-4915-9d35-846a0ddda520-jpgrendition.jpg?im=whresize&wid=200&hei=200,https://media-www.canadiantire.ca/product/playing/cycling/bicycle-accessories/0737465/supercycle-j5-disc-brake-pads-70ff1ecc-31ca-4915-9d35-846a0ddda520-jpgrendition.jpg?im=whresize&wid=200&hei=200,,0737465,073-7465-8,Il n’en reste que 1 #073-7465-8,Liquidation◊Exclusivité,81.68,"2,93","15,99"
104,"Strathroy, ON","Peinture de retouche Scratch Fix All-in-1, Vert trèfle perlé (G95P)","Peinture de retouche Scratch Fix All-in-1, Vert trèfle perlé (G95P)",4.93,"4,93 $",28.99,"Était±  28,99 $prix était 28,99 $",4.93,"4,93 $",4.93,"4,93 $",true,https://www.canadiantire.ca/fr/pdp/peinture-de-retouche-scratch-fix-all-in-1-vert-trefle-perle-g95p-0475138p.html,https://www.canadiantire.ca/fr/pdp/peinture-de-retouche-scratch-fix-all-in-1-vert-trefle-perle-g95p-0475138p.html,https://media-www.canadiantire.ca/product/automotive/car-care-accessories/auto-body-repair/0475138/scratch-fix-honda-clover-green-prl-all-in-1-cc44caf4-7646-4897-a196-b7ec2970a88e.png?im=whresize&wid=200&hei=200,https://media-www.canadiantire.ca/product/automotive/car-care-accessories/auto-body-repair/0475138/scratch-fix-honda-clover-green-prl-all-in-1-cc44caf4-7646-4897-a196-b7ec2970a88e.png?im=whresize&wid=200&hei=200,,0475138,047-5138-4,Il n’en reste que 2 #047-5138-4,Liquidation◊,82.99,"4,93","28,99"
104,"Strathroy, ON","Ballon d’anniversaire en aluminium personnalisé Hello Kitty en forme de cœur, gonflage à l’hélium compris, 32 po","Ballon d’anniversaire en aluminium personnalisé Hello Kitty en forme de cœur, gonflage à l’hélium compris, 32 po",2,"2,00 $",19.99,"Était±  19,99 $prix était 19,99 $",2,"2,00 $",2,"2,00 $",true,https://www.canadiantire.ca/fr/pdp/ballon-d-anniversaire-en-aluminium-personnalise-hello-kitty-en-forme-de-c-ur-gonflage-a-l-helium-compris-32-po-8424383p.html,https://www.canadiantire.ca/fr/pdp/ballon-d-anniversaire-en-aluminium-personnalise-hello-kitty-en-forme-de-c-ur-gonflage-a-l-helium-compris-32-po-8424383p.html,https://media-www.partycity.ca/product/seasonal-gardening/party-city-everyday/party-city-party-supplies-decor/8424383/271-ss-hello-kitty-prsnlzd-p-ead59ee5-0b98-4383-9684-7806088e3cf4-jpgrendition.jpg?im=whresize&wid=200&hei=200,https://media-www.partycity.ca/product/seasonal-gardening/party-city-everyday/party-city-party-supplies-decor/8424383/271-ss-hello-kitty-prsnlzd-p-ead59ee5-0b98-4383-9684-7806088e3cf4-jpgrendition.jpg?im=whresize&wid=200&hei=200,,8424383,842-4383-0,,Liquidation◊Mieux notés,89.99,"2,00","19,99"
104,"Strathroy, ON","Bouquet de ballons en aluminium satiné étoile Happy New Year, noir/or, paq. 5, gonflement à l'hélium et ruban inclus, pour veille du jour de l'An","Bouquet de ballons en aluminium satiné étoile Happy New Year, noir/or, paq. 5, gonflement à l'hélium et ruban inclus, pour veille du jour de l'An",8.93,"8,93 $",33.99,"Était±  33,99 $prix était 33,99 $",8.93,"8,93 $",8.93,"8,93 $",true,https://www.canadiantire.ca/fr/pdp/bouquet-de-ballons-en-aluminium-satine-etoile-happy-new-year-noir-or-paq-5-gonflement-a-l-helium-et-ruban-inclus-pour-veille-du-jour-de-l-an-8548813p.html,https://www.canadiantire.ca/fr/pdp/bouquet-de-ballons-en-aluminium-satine-etoile-happy-new-year-noir-or-paq-5-gonflement-a-l-helium-et-ruban-inclus-pour-veille-du-jour-de-l-an-8548813p.html,https://media-www.canadiantire.ca/product/seasonal-gardening/party-city-everyday/party-city-balloons-accessories/8548813/midnight-hour-balloon-bouquet-03bf832b-1036-44d0-860c-980ef7824d13-jpgrendition.jpg?im=whresize&wid=200&hei=200,https://media-www.canadiantire.ca/product/seasonal-gardening/party-city-everyday/party-city-balloons-accessories/8548813/midnight-hour-balloon-bouquet-03bf832b-1036-44d0-860c-980ef7824d13-jpgrendition.jpg?im=whresize&wid=200&hei=200,,8548813,854-8813-6,Il n’en reste que 7 #854-8813-6,Liquidation◊Mieux notés,73.73,"8,93","33,99"
104,"Strathroy, ON","Boyau guides de tuyau d'auto Sans-Zo Detail Guard, 4-pq","Boyau guides de tuyau d'auto Sans-Zo Detail Guard, 4-pq",4.93,"4,93 $",29.99,"Était±  29,99 $prix était 29,99 $",4.93,"4,93 $",4.93,"4,93 $",true,https://www.canadiantire.ca/fr/pdp/boyau-guides-de-tuyau-d-auto-sans-zo-detail-guard-4-pq-0397059p.html,https://www.canadiantire.ca/fr/pdp/boyau-guides-de-tuyau-d-auto-sans-zo-detail-guard-4-pq-0397059p.html,https://media-www.canadiantire.ca/product/automotive/car-care-accessories/auto-cleaning-tools/0397059/sanszo-detail-guard-hose-guides-2ac417d3-3b32-4f38-8d8d-05c89cf81a75-jpgrendition.jpg?im=whresize&wid=200&hei=200,https://media-www.canadiantire.ca/product/automotive/car-care-accessories/auto-cleaning-tools/0397059/sanszo-detail-guard-hose-guides-2ac417d3-3b32-4f38-8d8d-05c89cf81a75-jpgrendition.jpg?im=whresize&wid=200&hei=200,,0397059,039-7059-0,Il n’en reste que 2 #039-7059-0,Liquidation◊,83.56,"4,93","29,99"
104,"Strathroy, ON",Connecteur à 4 voies REESE Towpower pour remorque et véhicule,Connecteur à 4 voies REESE Towpower pour remorque et véhicule,2.93,"2,93 $",23.99,"Était±  23,99 $prix était 23,99 $",2.93,"2,93 $",2.93,"2,93 $",true,https://www.canadiantire.ca/fr/pdp/connecteur-a-4-voies-reese-towpower-pour-remorque-et-vehicule-0408215p.html,https://www.canadiantire.ca/fr/pdp/connecteur-a-4-voies-reese-towpower-pour-remorque-et-vehicule-0408215p.html,https://media-www.canadiantire.ca/product/automotive/automotive-outdoor-adventure/auto-travel-storage/0408215/4-way-car-and-trailer-end-connector-2f61892b-c327-4c08-bf20-ddff56779001-jpgrendition.jpg?im=whresize&wid=200&hei=200,https://media-www.canadiantire.ca/product/automotive/automotive-outdoor-adventure/auto-travel-storage/0408215/4-way-car-and-trailer-end-connector-2f61892b-c327-4c08-bf20-ddff56779001-jpgrendition.jpg?im=whresize&wid=200&hei=200,,0408215,040-8215-6,Il n’en reste que 1 #040-8215-6,Liquidation◊,87.79,"2,93","23,99"
104,"Strathroy, ON","Marqueurs permanents Sharpie PRO, très grande pointe biseautée, noir, paq. 1","Marqueurs permanents Sharpie PRO, très grande pointe biseautée, noir, paq. 1",1.93,"1,93 $",5.99,"Était±  5,99 $prix était 5,99 $",1.93,"1,93 $",1.93,"1,93 $",true,https://www.canadiantire.ca/fr/pdp/marqueurs-permanents-sharpie-pro-tres-grande-pointe-biseautee-noir-paq-1-0575819p.html,https://www.canadiantire.ca/fr/pdp/marqueurs-permanents-sharpie-pro-tres-grande-pointe-biseautee-noir-paq-1-0575819p.html,https://media-www.canadiantire.ca/product/fixing/tools/cutting-measuring/0575819/sharpie-pro-xl-chisel-tip-marker-82476344-d88c-4970-8ae4-8604f8dae21a-jpgrendition.jpg?im=whresize&wid=200&hei=200,https://media-www.canadiantire.ca/product/fixing/tools/cutting-measuring/0575819/sharpie-pro-xl-chisel-tip-marker-82476344-d88c-4970-8ae4-8604f8dae21a-jpgrendition.jpg?im=whresize&wid=200&hei=200,,0575819,057-5819-0,Il n’en reste que 1 #057-5819-0,Liquidation◊Mieux notés,67.78,"1,93","5,99"
104,"Strathroy, ON","Chandail de la LNH, Crosby Penguins de Pittsburgh, adulte","Chandail de la LNH, Crosby Penguins de Pittsburgh, adulte",11.93,"11,93 $",24.99,"24,99 $Était   et+ prix était à partir de 24,99 $",11.93,"11,93 $",11.93,"11,93 $",true,https://www.canadiantire.ca/fr/pdp/chandail-de-la-lnh-crosby-penguins-de-pittsburgh-adulte-0837727p.html,https://www.canadiantire.ca/fr/pdp/chandail-de-la-lnh-crosby-penguins-de-pittsburgh-adulte-0837727p.html,https://media-www.canadiantire.ca/product/playing/hockey/hockey-accessories/0837727/pitsburgh-penguins-name-and-number-tee-crosby-small-2c687db6-388b-4577-8905-97c9afa31288-jpgrendition.jpg?im=whresize&wid=200&hei=200,https://media-www.canadiantire.ca/product/playing/hockey/hockey-accessories/0837727/pitsburgh-penguins-name-and-number-tee-crosby-small-2c687db6-388b-4577-8905-97c9afa31288-jpgrendition.jpg?im=whresize&wid=200&hei=200,,0837727,083-7727,Vérifiez la disponibilité#083-7727X,Liquidation◊,52.26,"11,93","24,99"
104,"Strathroy, ON",Connecteur rond 6 pôles en métal côté véhicule Hopkins Towing Solution Endurance,Connecteur rond 6 pôles en métal côté véhicule Hopkins Towing Solution Endurance,4.93,"4,93 $",24.99,"Était±  24,99 $prix était 24,99 $",4.93,"4,93 $",4.93,"4,93 $",true,https://www.canadiantire.ca/fr/pdp/connecteur-rond-6-poles-en-metal-cote-vehicule-hopkins-towing-solution-endurance-0409680p.html,https://www.canadiantire.ca/fr/pdp/connecteur-rond-6-poles-en-metal-cote-vehicule-hopkins-towing-solution-endurance-0409680p.html,https://media-www.canadiantire.ca/product/automotive/automotive-outdoor-adventure/auto-travel-storage/0409680/endurance-6-pole-round-vehicle-end-metal--206f47b2-dbb0-4b2a-b2f9-d6d4022185c6-jpgrendition.jpg?im=whresize&wid=200&hei=200,https://media-www.canadiantire.ca/product/automotive/automotive-outdoor-adventure/auto-travel-storage/0409680/endurance-6-pole-round-vehicle-end-metal--206f47b2-dbb0-4b2a-b2f9-d6d4022185c6-jpgrendition.jpg?im=whresize&wid=200&hei=200,,0409680,040-9680-0,Il n’en reste que 1 #040-9680-0,Liquidation◊Mieux notés,80.27,"4,93","24,99"
104,"Strathroy, ON","Icônes effrayantes thermiques à rayons X à DEL Gemmy avec piquets et diapositives, noir, 1 pi, décoration intérieure/extérieure à longueur de projection de 10 pi pour l'Halloween","Icônes effrayantes thermiques à rayons X à DEL Gemmy avec piquets et diapositives, noir, 1 pi, décoration intérieure/extérieure à longueur de projection de 10 pi pour l'Halloween",24.93,"24,93 $",49.99,"Était±  49,99 $prix était 49,99 $",24.93,"24,93 $",24.93,"24,93 $",true,https://www.canadiantire.ca/fr/pdp/icones-effrayantes-thermiques-a-rayons-x-a-del-gemmy-avec-piquets-et-diapositives-noir-1-pi-decoration-interieure-exterieure-a-longueur-de-projection-de-10-pi-pour-l-halloween-1519173p.html,https://www.canadiantire.ca/fr/pdp/icones-effrayantes-thermiques-a-rayons-x-a-del-gemmy-avec-piquets-et-diapositives-noir-1-pi-decoration-interieure-exterieure-a-longueur-de-projection-de-10-pi-pour-l-halloween-1519173p.html,https://media-www.canadiantire.ca/product/seasonal-gardening/seasonal/halloween-harvest/1519173/xray-thermal-projection-c6421fd4-9672-47bb-98c0-9c9fe5cddbb1-jpgrendition.jpg?im=whresize&wid=200&hei=200,https://media-www.canadiantire.ca/product/seasonal-gardening/seasonal/halloween-harvest/1519173/xray-thermal-projection-c6421fd4-9672-47bb-98c0-9c9fe5cddbb1-jpgrendition.jpg?im=whresize&wid=200&hei=200,,1519173,151-9173-4,,Liquidation◊,50.13,"24,93","49,99"
104,"Strathroy, ON","Lampe stroboscopique courbée imperméable de Hendo, blanc et ambre","Lampe stroboscopique courbée imperméable de Hendo, blanc et ambre",19.93,"19,93 $",69.99,"Était±  69,99 $prix était 69,99 $",19.93,"19,93 $",19.93,"19,93 $",true,https://www.canadiantire.ca/fr/pdp/lampe-stroboscopique-courbee-impermeable-de-hendo-blanc-et-ambre-0203809p.html,https://www.canadiantire.ca/fr/pdp/lampe-stroboscopique-courbee-impermeable-de-hendo-blanc-et-ambre-0203809p.html,https://media-www.canadiantire.ca/product/automotive/automotive-outdoor-adventure/auto-travel-storage/0203809/hendo-curved-white-and-amber-strobe-light-0b705f05-fd5a-4b01-9b00-cccbccce93ba-jpgrendition.jpg?im=whresize&wid=200&hei=200,https://media-www.canadiantire.ca/product/automotive/automotive-outdoor-adventure/auto-travel-storage/0203809/hendo-curved-white-and-amber-strobe-light-0b705f05-fd5a-4b01-9b00-cccbccce93ba-jpgrendition.jpg?im=whresize&wid=200&hei=200,,0203809,020-3809-2,Il n’en reste que 2 #020-3809-2,Liquidation◊Exclusivité,71.52,"19,93","69,99"
104,"Strathroy, ON",Adaptateur Hymair pour peinture,Adaptateur Hymair pour peinture,7.93,"7,93 $",15.99,"Était±  15,99 $prix était 15,99 $",7.93,"7,93 $",7.93,"7,93 $",true,https://www.canadiantire.ca/fr/pdp/adaptateur-hymair-pour-peinture-0581960p.html,https://www.canadiantire.ca/fr/pdp/adaptateur-hymair-pour-peinture-0581960p.html,https://media-www.canadiantire.ca/product/fixing/tools/air-tools-accessories/0581960/hymiar-paint-adaptor-2ede0503-35a6-449b-b84a-87b52f7fc5cb-jpgrendition.jpg?im=whresize&wid=200&hei=200,https://media-www.canadiantire.ca/product/fixing/tools/air-tools-accessories/0581960/hymiar-paint-adaptor-2ede0503-35a6-449b-b84a-87b52f7fc5cb-jpgrendition.jpg?im=whresize&wid=200&hei=200,,0581960,058-1960-2,Il n’en reste que 4 #058-1960-2,Liquidation◊,50.41,"7,93","15,99"
104,"Strathroy, ON","Peinture de retouche Scratch Fix All-in-1, Platine vif (M) (PS4, MS4)","Peinture de retouche Scratch Fix All-in-1, Platine vif (M) (PS4, MS4)",4.93,"4,93 $",28.99,"Était±  28,99 $prix était 28,99 $",4.93,"4,93 $",4.93,"4,93 $",true,https://www.canadiantire.ca/fr/pdp/peinture-de-retouche-scratch-fix-all-in-1-platine-vif-m-ps4-ms4-0474939p.html,https://www.canadiantire.ca/fr/pdp/peinture-de-retouche-scratch-fix-all-in-1-platine-vif-m-ps4-ms4-0474939p.html,https://media-www.canadiantire.ca/product/automotive/car-care-accessories/auto-body-repair/0474939/scratch-fix-chrysler-bright-platinum-all-in-1-d30af41e-d058-4198-869e-345a7039977c.png?im=whresize&wid=200&hei=200,https://media-www.canadiantire.ca/product/automotive/car-care-accessories/auto-body-repair/0474939/scratch-fix-chrysler-bright-platinum-all-in-1-d30af41e-d058-4198-869e-345a7039977c.png?im=whresize&wid=200&hei=200,,0474939,047-4939-4,Il n’en reste que 1 #047-4939-4,Liquidation◊,82.99,"4,93","28,99"
104,"Strathroy, ON","Contenant hermétique rectangulaire pour aliments Vida par Paderno, 2 L","Contenant hermétique rectangulaire pour aliments Vida par Paderno, 2 L",2.93,"2,93 $",12.99,"Était±  12,99 $prix était 12,99 $",2.93,"2,93 $",2.93,"2,93 $",true,https://www.canadiantire.ca/fr/pdp/contenant-hermetique-rectangulaire-pour-aliments-vida-par-paderno-2-l-1425095p.html,https://www.canadiantire.ca/fr/pdp/contenant-hermetique-rectangulaire-pour-aliments-vida-par-paderno-2-l-1425095p.html,https://media-www.canadiantire.ca/product/living/kitchen/food-storage/1425095/clearlock-3300ml-rect-c294550c-26a6-42b5-ab79-974b76cf75e8-jpgrendition.jpg?im=whresize&wid=200&hei=200,https://media-www.canadiantire.ca/product/living/kitchen/food-storage/1425095/clearlock-3300ml-rect-c294550c-26a6-42b5-ab79-974b76cf75e8-jpgrendition.jpg?im=whresize&wid=200&hei=200,,1425095,142-5095-6,,Liquidation◊Exclusivité,77.44,"2,93","12,99"
104,"Strathroy, ON","Taille-haie électrique WORX WG217 4,5 A avec tête rotative de 24 po","Taille-haie électrique WORX WG217 4,5 A avec tête rotative de 24 po",72.93,"72,93 $",169.99,"Était±  169,99 $prix était 169,99 $",72.93,"72,93 $",72.93,"72,93 $",true,https://www.canadiantire.ca/fr/pdp/taille-haie-electrique-worx-wg217-4-5-a-avec-tete-rotative-de-24-po-0602338p.html,https://www.canadiantire.ca/fr/pdp/taille-haie-electrique-worx-wg217-4-5-a-avec-tete-rotative-de-24-po-0602338p.html,https://media-www.canadiantire.ca/product/seasonal-gardening/outdoor-tools/hand-held-outdoor-power-tools/0602338/worx-4-5a-electric-hedge-trimmer-75be0a6a-f915-496d-b4ec-7332514430a4-jpgrendition.jpg?im=whresize&wid=200&hei=200,https://media-www.canadiantire.ca/product/seasonal-gardening/outdoor-tools/hand-held-outdoor-power-tools/0602338/worx-4-5a-electric-hedge-trimmer-75be0a6a-f915-496d-b4ec-7332514430a4-jpgrendition.jpg?im=whresize&wid=200&hei=200,,0602338,060-2338-2,Il n’en reste que 3 #060-2338-2,Liquidation◊Mieux notés,57.1,"72,93","169,99"
104,"Strathroy, ON","Pantalon cargo imperméable passe-partout Huntshield Cedar pour hommes pour la chasse et la randonnée, brun","Pantalon cargo imperméable passe-partout Huntshield Cedar pour hommes pour la chasse et la randonnée, brun",20.39,"20,39 $",59.99,"59,99 $Était   et+ prix était à partir de 59,99 $",20.39,"20,39 $",20.39,"20,39 $",true,https://www.canadiantire.ca/fr/pdp/pantalon-cargo-impermeable-passe-partout-huntshield-cedar-pour-hommes-pour-la-chasse-et-la-randonnee-brun-3750550p.html,https://www.canadiantire.ca/fr/pdp/pantalon-cargo-impermeable-passe-partout-huntshield-cedar-pour-hommes-pour-la-chasse-et-la-randonnee-brun-3750550p.html,https://media-www.canadiantire.ca/product/playing/hunting/hunting-apparel-footwear/3750549/huntshield-men-ever-pants-m-341f338e-cf00-4af3-b5dd-e44a72896f21-jpgrendition.jpg?im=whresize&wid=200&hei=200,https://media-www.canadiantire.ca/product/playing/hunting/hunting-apparel-footwear/3750549/huntshield-men-ever-pants-m-341f338e-cf00-4af3-b5dd-e44a72896f21-jpgrendition.jpg?im=whresize&wid=200&hei=200,,3750550,375-0549,Vérifiez la disponibilité#375-0549X,Liquidation◊Mieux notés,66.01,"20,39","59,99"
104,"Strathroy, ON","Trio de crânes illuminés gonflable Gemmy, décoration extérieure pour la cour, moyenne, blanc","Trio de crânes illuminés gonflable Gemmy, décoration extérieure pour la cour, moyenne, blanc",39.93,"39,93 $",79.99,"Était±  79,99 $prix était 79,99 $",39.93,"39,93 $",39.93,"39,93 $",true,https://www.canadiantire.ca/fr/pdp/trio-de-cranes-illumines-gonflable-gemmy-decoration-exterieure-pour-la-cour-moyenne-blanc-1511043p.html,https://www.canadiantire.ca/fr/pdp/trio-de-cranes-illumines-gonflable-gemmy-decoration-exterieure-pour-la-cour-moyenne-blanc-1511043p.html,https://media-www.canadiantire.ca/product/seasonal-gardening/seasonal/halloween-harvest/1511043/airblown-flashing-skull-trio-md-scene-white--eaf010a6-2cb6-449f-9420-c0c82fb91962-jpgrendition.jpg?im=whresize&wid=200&hei=200,https://media-www.canadiantire.ca/product/seasonal-gardening/seasonal/halloween-harvest/1511043/airblown-flashing-skull-trio-md-scene-white--eaf010a6-2cb6-449f-9420-c0c82fb91962-jpgrendition.jpg?im=whresize&wid=200&hei=200,,1511043,151-1043-2,Il n’en reste que 1 #151-1043-2,Liquidation◊,50.08,"39,93","79,99"
104,"Strathroy, ON","Adaptateur d'attelage Reese Towpower 3 po vers 2 po, 4 po","Adaptateur d'attelage Reese Towpower 3 po vers 2 po, 4 po",41.93,"41,93 $",99.99,"Était±  99,99 $prix était 99,99 $",41.93,"41,93 $",41.93,"41,93 $",true,https://www.canadiantire.ca/fr/pdp/adaptateur-d-attelage-reese-towpower-3-po-vers-2-po-4-po-0406057p.html,https://www.canadiantire.ca/fr/pdp/adaptateur-d-attelage-reese-towpower-3-po-vers-2-po-4-po-0406057p.html,https://media-www.canadiantire.ca/product/automotive/automotive-outdoor-adventure/auto-travel-storage/0408601/reese-towpower-3-to-2-adapter--d1220170-1807-439d-b485-ef06ba138ae7-jpgrendition.jpg?im=whresize&wid=200&hei=200,https://media-www.canadiantire.ca/product/automotive/automotive-outdoor-adventure/auto-travel-storage/0408601/reese-towpower-3-to-2-adapter--d1220170-1807-439d-b485-ef06ba138ae7-jpgrendition.jpg?im=whresize&wid=200&hei=200,,0406057,040-8601-6,Il n’en reste que 1 #040-8601-6,Liquidation◊,58.07,"41,93","99,99"
104,"Strathroy, ON","Assiettes de présentation CANVAS, argent, paq. 4","Assiettes de présentation CANVAS, argent, paq. 4",4.93,"4,93 $",14.99,"Était±  14,99 $prix était 14,99 $",4.93,"4,93 $",4.93,"4,93 $",true,https://www.canadiantire.ca/fr/pdp/assiettes-de-presentation-canvas-argent-paq-4-1427228p.html,https://www.canadiantire.ca/fr/pdp/assiettes-de-presentation-canvas-argent-paq-4-1427228p.html,https://media-www.canadiantire.ca/product/living/kitchen/dining-and-entertaining/1427228/canvas-silver-charger-plates-4-pk-ddb0ce3e-ee53-4c49-8ad0-1d4ac47e0d96-jpgrendition.jpg?im=whresize&wid=200&hei=200,https://media-www.canadiantire.ca/product/living/kitchen/dining-and-entertaining/1427228/canvas-silver-charger-plates-4-pk-ddb0ce3e-ee53-4c49-8ad0-1d4ac47e0d96-jpgrendition.jpg?im=whresize&wid=200&hei=200,,1427228,142-7228-0,,Liquidation◊Mieux notés,67.11,"4,93","14,99"
104,"Strathroy, ON","T-shirt en coton Browning Buckmark pour la chasse, le camping et la randonnée, gris/camouflage Realtree Edge","T-shirt en coton Browning Buckmark pour la chasse, le camping et la randonnée, gris/camouflage Realtree Edge",6.79,"6,79 $",19.99,"19,99 $Était   et+ prix était à partir de 19,99 $",6.79,"6,79 $",6.79,"6,79 $",true,https://www.canadiantire.ca/fr/pdp/t-shirt-en-coton-browning-buckmark-pour-la-chasse-le-camping-et-la-randonnee-gris-camouflage-realtree-edge-1759548p.html,https://www.canadiantire.ca/fr/pdp/t-shirt-en-coton-browning-buckmark-pour-la-chasse-le-camping-et-la-randonnee-gris-camouflage-realtree-edge-1759548p.html,https://media-www.canadiantire.ca/product/playing/hunting/hunting-apparel-footwear/1759548/browning-realtree-edge-buckmark-tee-sport-grey-l-b26de4ab-c186-49c3-84e6-1babd7ad8e8f-jpgrendition.jpg?im=whresize&wid=200&hei=200,https://media-www.canadiantire.ca/product/playing/hunting/hunting-apparel-footwear/1759548/browning-realtree-edge-buckmark-tee-sport-grey-l-b26de4ab-c186-49c3-84e6-1babd7ad8e8f-jpgrendition.jpg?im=whresize&wid=200&hei=200,,1759548,175-9548,Vérifiez la disponibilité#175-9548X,Liquidation◊Exclusivité,66.03,"6,79","19,99"
