store_id,city,name,title,price,price_raw,regular_price,regular_price_raw,liquidation_price,liquidation_price_raw,sale_price,sale_price_raw,liquidation,url,link,image,image_url,product_id,sku,sku_formatted,availability,badges,discount_percent,price_sale_clean,price_original_clean
624,"St. Romuald, QC","Échelle de piscine en A en acier Bestway Flowclear avec rampe, 42 po","Échelle de piscine en A en acier Bestway Flowclear avec rampe, 42 po",19.95,"19,95 $",99.99,"Était±  99,99 $prix était 99,99 $",19.95,"19,95 $",19.95,"19,95 $",true,https://www.canadiantire.ca/fr/pdp/echelle-de-piscine-en-a-en-acier-bestway-flowclear-avec-rampe-42-po-0813926p.html,https://www.canadiantire.ca/fr/pdp/echelle-de-piscine-en-a-en-acier-bestway-flowclear-avec-rampe-42-po-0813926p.html,https://media-www.canadiantire.ca/product/seasonal-gardening/backyard-fun/pool-maintenance/0813926/42-pool-ladder-1e5af39a-d711-4efc-88d9-7f79508fac9d-jpgrendition.jpg?im=whresize&wid=200&hei=200,https://media-www.canadiantire.ca/product/seasonal-gardening/backyard-fun/pool-maintenance/0813926/42-pool-ladder-1e5af39a-d711-4efc-88d9-7f79508fac9d-jpgrendition.jpg?im=whresize&wid=200&hei=200,,0813926,081-3926-6,12 En Stock#081-3926-6,Liquidation◊,80.05,"19,95","99,99"
624,"St. Romuald, QC",Garde-robe à miroir rétractable Canvas,Garde-robe à miroir rétractable Canvas,199.93,"199,93 $",499.99,"Était±  499,99 $prix était 499,99 $",199.93,"199,93 $",199.93,"199,93 $",true,https://www.canadiantire.ca/fr/pdp/garde-robe-a-miroir-retractable-canvas-1680201p.html,https://www.canadiantire.ca/fr/pdp/garde-robe-a-miroir-retractable-canvas-1680201p.html,https://media-www.canadiantire.ca/product/living/home-decor/furniture/1680201/canvas-wardrobe-with-pullout-mirror-22f525bf-93c2-43fc-b5b1-e5ba5516f382-jpgrendition.jpg?im=whresize&wid=200&hei=200,https://media-www.canadiantire.ca/product/living/home-decor/furniture/1680201/canvas-wardrobe-with-pullout-mirror-22f525bf-93c2-43fc-b5b1-e5ba5516f382-jpgrendition.jpg?im=whresize&wid=200&hei=200,,1680201,168-0201-4,Il n’en reste que 2 #168-0201-4,Liquidation◊Exclusivité,60.01,"199,93","499,99"
624,"St. Romuald, QC",Garde-manger polyvalent Canvas Wittmore,Garde-manger polyvalent Canvas Wittmore,199.93,"199,93 $",499.99,"Était±  499,99 $prix était 499,99 $",199.93,"199,93 $",199.93,"199,93 $",true,https://www.canadiantire.ca/fr/pdp/garde-manger-polyvalent-canvas-wittmore-1680200p.html,https://www.canadiantire.ca/fr/pdp/garde-manger-polyvalent-canvas-wittmore-1680200p.html,https://media-www.canadiantire.ca/product/living/home-decor/furniture/1680200/canvas-whittmore-pantry-cabinet-88855d97-fc3c-4726-984c-bc946be0a9b7-jpgrendition.jpg?im=whresize&wid=200&hei=200,https://media-www.canadiantire.ca/product/living/home-decor/furniture/1680200/canvas-whittmore-pantry-cabinet-88855d97-fc3c-4726-984c-bc946be0a9b7-jpgrendition.jpg?im=whresize&wid=200&hei=200,,1680200,168-0200-6,Il n’en reste que 1 #168-0200-6,Liquidation◊Exclusivité,60.01,"199,93","499,99"
624,"St. Romuald, QC","Tasses à mesurer empilables en plastique MASTER Chef, paq. 10","Tasses à mesurer empilables en plastique MASTER Chef, paq. 10",8.93,"8,93 $",24.99,"Était±  24,99 $prix était 24,99 $",8.93,"8,93 $",8.93,"8,93 $",true,https://www.canadiantire.ca/fr/pdp/tasses-a-mesurer-empilables-en-plastique-master-chef-paq-10-1429676p.html,https://www.canadiantire.ca/fr/pdp/tasses-a-mesurer-empilables-en-plastique-master-chef-paq-10-1429676p.html,https://media-www.canadiantire.ca/product/living/kitchen/bakeware-baking-prep/1429676/master-chef-10pc-measuring-cup-set-73c761cb-c28c-42fe-a32e-f57a30c6b9a6-jpgrendition.jpg?im=whresize&wid=200&hei=200,https://media-www.canadiantire.ca/product/living/kitchen/bakeware-baking-prep/1429676/master-chef-10pc-measuring-cup-set-73c761cb-c28c-42fe-a32e-f57a30c6b9a6-jpgrendition.jpg?im=whresize&wid=200&hei=200,,1429676,142-9676-0,92 En Stock#142-9676-0,Liquidation◊Mieux notés,64.27,"8,93","24,99"
624,"St. Romuald, QC","Jouet aquatique gonflable Soak N' Splash & Slide avec gicleur, bleu, 16 pi, 5 ans et plus, pour plage/piscine","Jouet aquatique gonflable Soak N' Splash & Slide avec gicleur, bleu, 16 pi, 5 ans et plus, pour plage/piscine",4.95,"4,95 $",14.99,"Était±  14,99 $prix était 14,99 $",4.95,"4,95 $",4.95,"4,95 $",true,https://www.canadiantire.ca/fr/pdp/jouet-aquatique-gonflable-soak-n-splash-slide-avec-gicleur-bleu-16-pi-5-ans-et-plus-pour-plage-piscine-0504211p.html,https://www.canadiantire.ca/fr/pdp/jouet-aquatique-gonflable-soak-n-splash-slide-avec-gicleur-bleu-16-pi-5-ans-et-plus-pour-plage-piscine-0504211p.html,https://media-www.canadiantire.ca/product/seasonal-gardening/toys/seasonal-toys/0504211/soak-n-splash-water-slide-16--6fa00059-6643-4304-ad97-12a017f202a2-jpgrendition.jpg?im=whresize&wid=200&hei=200,https://media-www.canadiantire.ca/product/seasonal-gardening/toys/seasonal-toys/0504211/soak-n-splash-water-slide-16--6fa00059-6643-4304-ad97-12a017f202a2-jpgrendition.jpg?im=whresize&wid=200&hei=200,,0504211,050-4211-4,92 En Stock#050-4211-4,Liquidation◊,66.98,"4,95","14,99"
624,"St. Romuald, QC","Tasse de voyage à double paroi avec poignée Bubba Keg Classic, 20 oz, choix de couleurs","Tasse de voyage à double paroi avec poignée Bubba Keg Classic, 20 oz, choix de couleurs",9.93,"9,93 $",24.99,"24,99 $Était   et+ prix était à partir de 24,99 $",9.93,"9,93 $",9.93,"9,93 $",true,https://www.canadiantire.ca/fr/pdp/tasse-de-voyage-a-double-paroi-avec-poignee-bubba-keg-classic-20-oz-choix-de-couleurs-2425153p.html,https://www.canadiantire.ca/fr/pdp/tasse-de-voyage-a-double-paroi-avec-poignee-bubba-keg-classic-20-oz-choix-de-couleurs-2425153p.html,https://media-www.canadiantire.ca/product/living/kitchen/food-storage/2425154/bubba-20-oz-keg-mug-magenta-0effc0af-c6a5-482f-b1fb-0de772f237a0-jpgrendition.jpg?im=whresize&wid=200&hei=200,https://media-www.canadiantire.ca/product/living/kitchen/food-storage/2425154/bubba-20-oz-keg-mug-magenta-0effc0af-c6a5-482f-b1fb-0de772f237a0-jpgrendition.jpg?im=whresize&wid=200&hei=200,,2425153,242-5153,Vérifiez la disponibilité#242-5153X,Liquidation◊Mieux notés,60.26,"9,93","24,99"
624,"St. Romuald, QC","Bluehive - Ecouteurs boutons sans fil, 22h autonomie et charge rapide","Bluehive - Ecouteurs boutons sans fil, 22h autonomie et charge rapide",15.88,"15,88 $",39.99,"Était±  39,99 $prix était 39,99 $",15.88,"15,88 $",15.88,"15,88 $",true,https://www.canadiantire.ca/fr/pdp/bluehive-ecouteurs-boutons-sans-fil-22h-autonomie-et-charge-rapide-0355551p.html,https://www.canadiantire.ca/fr/pdp/bluehive-ecouteurs-boutons-sans-fil-22h-autonomie-et-charge-rapide-0355551p.html,https://media-www.canadiantire.ca/product/automotive/car-care-accessories/auto-electronics/0355551/bluehive-bluepods-true-wireless-earbuds-d801aae0-977a-4b93-998a-00bad4241385-jpgrendition.jpg?im=whresize&wid=200&hei=200,https://media-www.canadiantire.ca/product/automotive/car-care-accessories/auto-electronics/0355551/bluehive-bluepods-true-wireless-earbuds-d801aae0-977a-4b93-998a-00bad4241385-jpgrendition.jpg?im=whresize&wid=200&hei=200,,0355551,035-5551-6,Il n’en reste que 2 #035-5551-6,Liquidation◊Exclusivité,60.29,"15,88","39,99"
624,"St. Romuald, QC","Fauteuil de salle à manger de jardin/d'extérieur en osier CANVAS Jasper, toute saison, paq. 2","Fauteuil de salle à manger de jardin/d'extérieur en osier CANVAS Jasper, toute saison, paq. 2",179.93,"179,93 $",499.99,"Était±  499,99 $prix était 499,99 $",179.93,"179,93 $",179.93,"179,93 $",true,https://www.canadiantire.ca/fr/pdp/fauteuil-de-salle-a-manger-de-jardin-d-exterieur-en-osier-canvas-jasper-toute-saison-paq-2-1880272p.html,https://www.canadiantire.ca/fr/pdp/fauteuil-de-salle-a-manger-de-jardin-d-exterieur-en-osier-canvas-jasper-toute-saison-paq-2-1880272p.html,https://media-www.canadiantire.ca/product/seasonal-gardening/backyard-living/outdoor-furniture/1880272/canvas-jasper-dining-chair-2pk-2a5479fd-5f27-4f3d-85e2-8b4b9fa230c9-jpgrendition.jpg?im=whresize&wid=200&hei=200,https://media-www.canadiantire.ca/product/seasonal-gardening/backyard-living/outdoor-furniture/1880272/canvas-jasper-dining-chair-2pk-2a5479fd-5f27-4f3d-85e2-8b4b9fa230c9-jpgrendition.jpg?im=whresize&wid=200&hei=200,,1880272,188-0272-6,Il n’en reste que 1 #188-0272-6,Liquidation◊Exclusivité,64.01,"179,93","499,99"
624,"St. Romuald, QC",Nettoyant pour plancher dur humide Dyson WashG1,Nettoyant pour plancher dur humide Dyson WashG1,299.93,"299,93 $",899.99,"Était±  899,99 $prix était 899,99 $",299.93,"299,93 $",299.93,"299,93 $",true,https://www.canadiantire.ca/fr/pdp/nettoyant-pour-plancher-dur-humide-dyson-washg1-0437203p.html,https://www.canadiantire.ca/fr/pdp/nettoyant-pour-plancher-dur-humide-dyson-washg1-0437203p.html,https://media-www.canadiantire.ca/product/living/cleaning/vacuums-and-floorcare/0437203/dyson-washg1a-is-the-latest-wet-cleaning-technology--78d707ef-8aa9-4cfb-9da1-6723242c10bc-jpgrendition.jpg?im=whresize&wid=200&hei=200,https://media-www.canadiantire.ca/product/living/cleaning/vacuums-and-floorcare/0437203/dyson-washg1a-is-the-latest-wet-cleaning-technology--78d707ef-8aa9-4cfb-9da1-6723242c10bc-jpgrendition.jpg?im=whresize&wid=200&hei=200,,0437203,043-7203-4,Il n’en reste que 2 #043-7203-4,Liquidation◊,66.67,"299,93","899,99"
624,"St. Romuald, QC","Sac banane/Sac de taille pour hanche/épaule Outbound avec sangle ajustable, choix varié, 2 l","Sac banane/Sac de taille pour hanche/épaule Outbound avec sangle ajustable, choix varié, 2 l",4.93,"4,93 $",9.99,"Était±  9,99 $prix était 9,99 $",4.93,"4,93 $",4.93,"4,93 $",true,https://www.canadiantire.ca/fr/pdp/sac-banane-sac-de-taille-pour-hanche-epaule-outbound-avec-sangle-ajustable-choix-varie-2-l-0766195p.html,https://www.canadiantire.ca/fr/pdp/sac-banane-sac-de-taille-pour-hanche-epaule-outbound-avec-sangle-ajustable-choix-varie-2-l-0766195p.html,https://media-www.canadiantire.ca/product/playing/camping/backpacks-luggage-accessories/0766195/outbound-hip-pack-27a2088e-6a32-45e0-ab5f-bf6f9f92e327-jpgrendition.jpg?im=whresize&wid=200&hei=200,https://media-www.canadiantire.ca/product/playing/camping/backpacks-luggage-accessories/0766195/outbound-hip-pack-27a2088e-6a32-45e0-ab5f-bf6f9f92e327-jpgrendition.jpg?im=whresize&wid=200&hei=200,,0766195,076-6195-0,Il n’en reste que 5 #076-6195-0,Liquidation◊Mieux notés,50.65,"4,93","9,99"
624,"St. Romuald, QC","Rallonge d'extérieur NOMA, calibre 16/2, 3 prises, vert","Rallonge d'extérieur NOMA, calibre 16/2, 3 prises, vert",2.95,"2,95 $",8.99,"8,99 $Était   et+ prix était à partir de 8,99 $",2.95,"2,95 $",2.95,"2,95 $",true,https://www.canadiantire.ca/fr/pdp/rallonge-d-exterieur-noma-calibre-16-2-3-prises-vert-0522424p.html,https://www.canadiantire.ca/fr/pdp/rallonge-d-exterieur-noma-calibre-16-2-3-prises-vert-0522424p.html,https://media-www.canadiantire.ca/product/fixing/electrical/power-bars-extension-cords-timers/0522424/noma-green-9-10-3m-outdoor-cord-3-tap-54e9bfe5-512b-46f6-802f-ca181e3e5e1f-jpgrendition.jpg?im=whresize&wid=200&hei=200,https://media-www.canadiantire.ca/product/fixing/electrical/power-bars-extension-cords-timers/0522424/noma-green-9-10-3m-outdoor-cord-3-tap-54e9bfe5-512b-46f6-802f-ca181e3e5e1f-jpgrendition.jpg?im=whresize&wid=200&hei=200,,0522424,052-2424,Vérifiez la disponibilité#052-2424X,Liquidation◊Mieux notés,67.19,"2,95","8,99"
624,"St. Romuald, QC","Barre d'attelage réglable MotoMaster, 2 po, 5 000 lb","Barre d'attelage réglable MotoMaster, 2 po, 5 000 lb",24.95,"24,95 $",49.99,"Était±  49,99 $prix était 49,99 $",24.95,"24,95 $",24.95,"24,95 $",true,https://www.canadiantire.ca/fr/pdp/barre-d-attelage-reglable-motomaster-2-po-5-000-lb-0406575p.html,https://www.canadiantire.ca/fr/pdp/barre-d-attelage-reglable-motomaster-2-po-5-000-lb-0406575p.html,https://media-www.canadiantire.ca/product/automotive/automotive-outdoor-adventure/auto-travel-storage/0406575/reese-towpower-adjustable-ball-mount-ce57ec66-3694-489a-8c97-36bc3fa161e8-jpgrendition.jpg?im=whresize&wid=200&hei=200,https://media-www.canadiantire.ca/product/automotive/automotive-outdoor-adventure/auto-travel-storage/0406575/reese-towpower-adjustable-ball-mount-ce57ec66-3694-489a-8c97-36bc3fa161e8-jpgrendition.jpg?im=whresize&wid=200&hei=200,,0406575,040-6575-0,28 En Stock#040-6575-0,Liquidation◊Mieux notés,50.09,"24,95","49,99"
624,"St. Romuald, QC",Caméra de tableau de bord myGEKOgear Orbit 951,Caméra de tableau de bord myGEKOgear Orbit 951,103.68,"103,68 $",239.99,"Était±  239,99 $prix était 239,99 $",103.68,"103,68 $",103.68,"103,68 $",true,https://www.canadiantire.ca/fr/pdp/camera-de-tableau-de-bord-mygekogear-orbit-951-0350757p.html,https://www.canadiantire.ca/fr/pdp/camera-de-tableau-de-bord-mygekogear-orbit-951-0350757p.html,https://media-www.canadiantire.ca/product/automotive/electronics/auto-electronics/0350757/orbit-951-dash-camera-d65c6ca4-8e12-4d10-b27f-b6a020a4bd9b-jpgrendition.jpg?im=whresize&wid=200&hei=200,https://media-www.canadiantire.ca/product/automotive/electronics/auto-electronics/0350757/orbit-951-dash-camera-d65c6ca4-8e12-4d10-b27f-b6a020a4bd9b-jpgrendition.jpg?im=whresize&wid=200&hei=200,,0350757,035-0757-8,Il n’en reste que 2 #035-0757-8,Liquidation◊,56.8,"103,68","239,99"
624,"St. Romuald, QC","Portemines à pression Merangue 0,7 mm, avec gomme et mines de rechange, paq. 5","Portemines à pression Merangue 0,7 mm, avec gomme et mines de rechange, paq. 5",1.93,"1,93 $",3.99,"Était±  3,99 $prix était 3,99 $",1.93,"1,93 $",1.93,"1,93 $",true,https://www.canadiantire.ca/fr/pdp/portemines-a-pression-merangue-0-7-mm-avec-gomme-et-mines-de-rechange-paq-5-1428920p.html,https://www.canadiantire.ca/fr/pdp/portemines-a-pression-merangue-0-7-mm-avec-gomme-et-mines-de-rechange-paq-5-1428920p.html,https://media-www.canadiantire.ca/product/seasonal-gardening/toys/home-office-supplies/1428920/5-pack-grip-click-combo-pencil-74c3b6d2-0c0a-4097-9ccd-1514c835ba40-jpgrendition.jpg?im=whresize&wid=200&hei=200,https://media-www.canadiantire.ca/product/seasonal-gardening/toys/home-office-supplies/1428920/5-pack-grip-click-combo-pencil-74c3b6d2-0c0a-4097-9ccd-1514c835ba40-jpgrendition.jpg?im=whresize&wid=200&hei=200,,1428920,142-8920-4,Il n’en reste que 2 #142-8920-4,Liquidation◊Mieux notés,51.63,"1,93","3,99"
624,"St. Romuald, QC","Humidificateur à brume froide ultrasonique AIRCARE AUV20AWHTCN avec lampe, blanc, 3,78 L","Humidificateur à brume froide ultrasonique AIRCARE AUV20AWHTCN avec lampe, blanc, 3,78 L",39.95,"39,95 $",84.99,"Était±  84,99 $prix était 84,99 $",39.95,"39,95 $",39.95,"39,95 $",true,https://www.canadiantire.ca/fr/pdp/humidificateur-a-brume-froide-ultrasonique-aircare-auv20awhtcn-avec-lampe-blanc-3-78-l-0435159p.html,https://www.canadiantire.ca/fr/pdp/humidificateur-a-brume-froide-ultrasonique-aircare-auv20awhtcn-avec-lampe-blanc-3-78-l-0435159p.html,https://media-www.canadiantire.ca/product/fixing/home-environment/home-air-quality-appliances/0435159/aurora-ultrasonic-cm-multi-led-aroma-5e2c66c7-6992-4716-9f21-753195f88202-jpgrendition.jpg?im=whresize&wid=200&hei=200,https://media-www.canadiantire.ca/product/fixing/home-environment/home-air-quality-appliances/0435159/aurora-ultrasonic-cm-multi-led-aroma-5e2c66c7-6992-4716-9f21-753195f88202-jpgrendition.jpg?im=whresize&wid=200&hei=200,,0435159,043-5159-2,Il n’en reste que 5 #043-5159-2,Liquidation◊Mieux notés,52.99,"39,95","84,99"
624,"St. Romuald, QC","Tasse en grès CANVAS, abstrait, 13 oz","Tasse en grès CANVAS, abstrait, 13 oz",1.95,"1,95 $",5.49,"Était±  5,49 $prix était 5,49 $",1.95,"1,95 $",1.95,"1,95 $",true,https://www.canadiantire.ca/fr/pdp/tasse-en-gres-canvas-abstrait-13-oz-1427928p.html,https://www.canadiantire.ca/fr/pdp/tasse-en-gres-canvas-abstrait-13-oz-1427928p.html,https://media-www.canadiantire.ca/product/living/kitchen/kitchen-appliances/1427928/canvas-abstract-mug-c89639ea-6e4b-4efc-8b52-bad19ed8c438-jpgrendition.jpg?im=whresize&wid=200&hei=200,https://media-www.canadiantire.ca/product/living/kitchen/kitchen-appliances/1427928/canvas-abstract-mug-c89639ea-6e4b-4efc-8b52-bad19ed8c438-jpgrendition.jpg?im=whresize&wid=200&hei=200,,1427928,142-7928-4,43 En Stock#142-7928-4,Liquidation◊Mieux notés,64.48,"1,95","5,49"
624,"St. Romuald, QC","Coussin de siège profond hydrofuge résistant aux taches CANVAS, bleu","Coussin de siège profond hydrofuge résistant aux taches CANVAS, bleu",69.93,"69,93 $",139.99,"Était±  139,99 $prix était 139,99 $",69.93,"69,93 $",69.93,"69,93 $",true,https://www.canadiantire.ca/fr/pdp/coussin-de-siege-profond-hydrofuge-resistant-aux-taches-canvas-bleu-0882125p.html,https://www.canadiantire.ca/fr/pdp/coussin-de-siege-profond-hydrofuge-resistant-aux-taches-canvas-bleu-0882125p.html,https://media-www.canadiantire.ca/product/seasonal-gardening/backyard-living/outdoor-living-accessories/0882125/canvas-deep-seat-chair-cushion-blue-27c8ec33-9c35-4fa3-b07d-4c393699e04a-jpgrendition.jpg?im=whresize&wid=200&hei=200,https://media-www.canadiantire.ca/product/seasonal-gardening/backyard-living/outdoor-living-accessories/0882125/canvas-deep-seat-chair-cushion-blue-27c8ec33-9c35-4fa3-b07d-4c393699e04a-jpgrendition.jpg?im=whresize&wid=200&hei=200,,0882125,088-2125-4,Il n’en reste que 2 #088-2125-4,Liquidation◊Exclusivité,50.05,"69,93","139,99"
624,"St. Romuald, QC","Lustre à 5 lampes CANVAS Carlaw, hauteur réglable, noir mat","Lustre à 5 lampes CANVAS Carlaw, hauteur réglable, noir mat",99.93,"99,93 $",249.99,"Était±  249,99 $prix était 249,99 $",99.93,"99,93 $",99.93,"99,93 $",true,https://www.canadiantire.ca/fr/pdp/lustre-a-5-lampes-canvas-carlaw-hauteur-reglable-noir-mat-1522603p.html,https://www.canadiantire.ca/fr/pdp/lustre-a-5-lampes-canvas-carlaw-hauteur-reglable-noir-mat-1522603p.html,https://media-www.canadiantire.ca/product/living/home-decor/lighting/1522603/canvas-carlaw-chandelier-ef5bf9bd-067d-4da3-a17e-a6a58e40ec10-jpgrendition.jpg?im=whresize&wid=200&hei=200,https://media-www.canadiantire.ca/product/living/home-decor/lighting/1522603/canvas-carlaw-chandelier-ef5bf9bd-067d-4da3-a17e-a6a58e40ec10-jpgrendition.jpg?im=whresize&wid=200&hei=200,,1522603,152-2603-2,Il n’en reste que 1 #152-2603-2,Liquidation◊Mieux notés,60.03,"99,93","249,99"
624,"St. Romuald, QC","Liquide de transmission automatique OEM à faible viscosité pour véhicules multiples, Euro, 946 mL","Liquide de transmission automatique OEM à faible viscosité pour véhicules multiples, Euro, 946 mL",6.93,"6,93 $",23.99,"Était±  23,99 $prix était 23,99 $",6.93,"6,93 $",6.93,"6,93 $",true,https://www.canadiantire.ca/fr/pdp/liquide-de-transmission-automatique-oem-a-faible-viscosite-pour-vehicules-multiples-euro-946-ml-0281596p.html,https://www.canadiantire.ca/fr/pdp/liquide-de-transmission-automatique-oem-a-faible-viscosite-pour-vehicules-multiples-euro-946-ml-0281596p.html,https://media-www.canadiantire.ca/product/automotive/auto-maintenance/auto-fluids/0281596/oem-euro-atf-mv-946ml-964921f3-866a-483f-9bc3-4f6f23af7a17-jpgrendition.jpg?im=whresize&wid=200&hei=200,https://media-www.canadiantire.ca/product/automotive/auto-maintenance/auto-fluids/0281596/oem-euro-atf-mv-946ml-964921f3-866a-483f-9bc3-4f6f23af7a17-jpgrendition.jpg?im=whresize&wid=200&hei=200,,0281596,028-1596-2,,Liquidation◊Exclusivité,71.11,"6,93","23,99"
624,"St. Romuald, QC","Coussin lombaire quadrillé CANVAS, résistant à l'eau, aux taches et à la décoloration, 12 x 20 po","Coussin lombaire quadrillé CANVAS, résistant à l'eau, aux taches et à la décoloration, 12 x 20 po",9.93,"9,93 $",24.99,"Était±  24,99 $prix était 24,99 $",9.93,"9,93 $",9.93,"9,93 $",true,https://www.canadiantire.ca/fr/pdp/coussin-lombaire-quadrille-canvas-resistant-a-l-eau-aux-taches-et-a-la-decoloration-12-x-20-po-0882399p.html,https://www.canadiantire.ca/fr/pdp/coussin-lombaire-quadrille-canvas-resistant-a-l-eau-aux-taches-et-a-la-decoloration-12-x-20-po-0882399p.html,https://media-www.canadiantire.ca/product/seasonal-gardening/backyard-living/outdoor-living-accessories/0882399/canvas-grid-12-x20-lumbar-cushion-4060c439-9c63-4d2b-8553-b82eaf78466b-jpgrendition.jpg?im=whresize&wid=200&hei=200,https://media-www.canadiantire.ca/product/seasonal-gardening/backyard-living/outdoor-living-accessories/0882399/canvas-grid-12-x20-lumbar-cushion-4060c439-9c63-4d2b-8553-b82eaf78466b-jpgrendition.jpg?im=whresize&wid=200&hei=200,,0882399,088-2399-2,Il n’en reste que 3 #088-2399-2,Liquidation◊Mieux notés,60.26,"9,93","24,99"
624,"St. Romuald, QC","Housse/étui de protection pour rasoir Outbound, pour le camping, les randonnées et les voyages, convient aux rasoirs standard","Housse/étui de protection pour rasoir Outbound, pour le camping, les randonnées et les voyages, convient aux rasoirs standard",0.73,"0,73 $",1.99,"Était±  1,99 $prix était 1,99 $",0.73,"0,73 $",0.73,"0,73 $",true,https://www.canadiantire.ca/fr/pdp/housse-etui-de-protection-pour-rasoir-outbound-pour-le-camping-les-randonnees-et-les-voyages-convient-aux-rasoirs-standard-0763292p.html,https://www.canadiantire.ca/fr/pdp/housse-etui-de-protection-pour-rasoir-outbound-pour-le-camping-les-randonnees-et-les-voyages-convient-aux-rasoirs-standard-0763292p.html,https://media-www.canadiantire.ca/product/playing/camping/camping-accessories/0763292/outbound-razor-cover-b88ada25-215a-480e-b8c2-267d37bd09bd-jpgrendition.jpg?im=whresize&wid=200&hei=200,https://media-www.canadiantire.ca/product/playing/camping/camping-accessories/0763292/outbound-razor-cover-b88ada25-215a-480e-b8c2-267d37bd09bd-jpgrendition.jpg?im=whresize&wid=200&hei=200,,0763292,076-3292-6,Il n’en reste que 3 #076-3292-6,Liquidation◊Exclusivité,63.32,"0,73","1,99"
624,"St. Romuald, QC","Chaussures de randonnée de sécurité à coupe basse Stanley CSA pour hommes, tailles variées","Chaussures de randonnée de sécurité à coupe basse Stanley CSA pour hommes, tailles variées",56.93,"56,93 $",119.99,"119,99 $Était   et+ prix était à partir de 119,99 $",56.93,"56,93 $",56.93,"56,93 $",true,https://www.canadiantire.ca/fr/pdp/chaussures-de-randonnee-de-securite-a-coupe-basse-stanley-csa-pour-hommes-tailles-variees-1871797p.html,https://www.canadiantire.ca/fr/pdp/chaussures-de-randonnee-de-securite-a-coupe-basse-stanley-csa-pour-hommes-tailles-variees-1871797p.html,https://media-www.canadiantire.ca/product/playing/footwear-apparel/work-footwear-apparel/1871797/stanley-men-s-low-cut-csa-hiker-size-7-bebdb36c-7d5f-4bb3-baa0-4ad3368adc08-jpgrendition.jpg?im=whresize&wid=200&hei=200,https://media-www.canadiantire.ca/product/playing/footwear-apparel/work-footwear-apparel/1871797/stanley-men-s-low-cut-csa-hiker-size-7-bebdb36c-7d5f-4bb3-baa0-4ad3368adc08-jpgrendition.jpg?im=whresize&wid=200&hei=200,,1871797,187-1797,Vérifiez la disponibilité#187-1797X,Liquidation◊Mieux notés,52.55,"56,93","119,99"
624,"St. Romuald, QC","Piquets en filet For Living, colorés, choix variés","Piquets en filet For Living, colorés, choix variés",7.93,"7,93 $",19.99,"Était±  19,99 $prix était 19,99 $",7.93,"7,93 $",7.93,"7,93 $",true,https://www.canadiantire.ca/fr/pdp/piquets-en-filet-for-living-colores-choix-varies-1592462p.html,https://www.canadiantire.ca/fr/pdp/piquets-en-filet-for-living-colores-choix-varies-1592462p.html,https://media-www.canadiantire.ca/product/seasonal-gardening/backyard-living/outdoor-living-accessories/1592462/for-living-colourful-mesh-stakes-assorted-52832330-5d10-4a22-ac2e-0c32422764c7-jpgrendition.jpg?im=whresize&wid=200&hei=200,https://media-www.canadiantire.ca/product/seasonal-gardening/backyard-living/outdoor-living-accessories/1592462/for-living-colourful-mesh-stakes-assorted-52832330-5d10-4a22-ac2e-0c32422764c7-jpgrendition.jpg?im=whresize&wid=200&hei=200,,1592462,159-2462-2,Il n’en reste que 1 #159-2462-2,Liquidation◊Exclusivité,60.33,"7,93","19,99"
624,"St. Romuald, QC","Tapis de bain recyclé, blanc, 20 x 34 po","Tapis de bain recyclé, blanc, 20 x 34 po",14.93,"14,93 $",29.99,"Était±  29,99 $prix était 29,99 $",14.93,"14,93 $",14.93,"14,93 $",true,https://www.canadiantire.ca/fr/pdp/tapis-de-bain-recycle-blanc-20-x-34-po-0632703p.html,https://www.canadiantire.ca/fr/pdp/tapis-de-bain-recycle-blanc-20-x-34-po-0632703p.html,https://media-www.canadiantire.ca/product/living/home-decor/bed-bath-decor/0632703/white-recycled-bath-mat-20x34-086456bb-6362-4be8-ae79-a96bab9fffd6-jpgrendition.jpg?im=whresize&wid=200&hei=200,https://media-www.canadiantire.ca/product/living/home-decor/bed-bath-decor/0632703/white-recycled-bath-mat-20x34-086456bb-6362-4be8-ae79-a96bab9fffd6-jpgrendition.jpg?im=whresize&wid=200&hei=200,,0632703,063-2703-6,Il n’en reste que 1 #063-2703-6,Liquidation◊Mieux notés,50.22,"14,93","29,99"
624,"St. Romuald, QC","Ampoules à DEL à intensité variable globe à culot E26 NOMA G25, 350 lumens, blanc chaud, 40 W, paq. 2","Ampoules à DEL à intensité variable globe à culot E26 NOMA G25, 350 lumens, blanc chaud, 40 W, paq. 2",6.95,"6,95 $",18.99,"Était±  18,99 $prix était 18,99 $",6.95,"6,95 $",6.95,"6,95 $",true,https://www.canadiantire.ca/fr/pdp/ampoules-a-del-a-intensite-variable-globe-a-culot-e26-noma-g25-350-lumens-blanc-chaud-40-w-paq-2-0529899p.html,https://www.canadiantire.ca/fr/pdp/ampoules-a-del-a-intensite-variable-globe-a-culot-e26-noma-g25-350-lumens-blanc-chaud-40-w-paq-2-0529899p.html,https://media-www.canadiantire.ca/product/fixing/electrical/light-bulbs/0529899/noma-40w-g25-clear-warm-white-2-pack-led-bulbs-db97b8fa-1061-4bd6-a9b4-72d1a5c1b328-jpgrendition.jpg?im=whresize&wid=200&hei=200,https://media-www.canadiantire.ca/product/fixing/electrical/light-bulbs/0529899/noma-40w-g25-clear-warm-white-2-pack-led-bulbs-db97b8fa-1061-4bd6-a9b4-72d1a5c1b328-jpgrendition.jpg?im=whresize&wid=200&hei=200,,0529899,052-9899-4,22 En Stock#052-9899-4,Liquidation◊Exclusivité,63.4,"6,95","18,99"
624,"St. Romuald, QC","Liquide de protection contre les inondations Flex Seal, protection imperméable contre les inondations, 10 oz","Liquide de protection contre les inondations Flex Seal, protection imperméable contre les inondations, 10 oz",12.93,"12,93 $",29.99,"Était±  29,99 $prix était 29,99 $",12.93,"12,93 $",12.93,"12,93 $",true,https://www.canadiantire.ca/fr/pdp/liquide-de-protection-contre-les-inondations-flex-seal-protection-impermeable-contre-les-inondations-10-oz-0641544p.html,https://www.canadiantire.ca/fr/pdp/liquide-de-protection-contre-les-inondations-flex-seal-protection-impermeable-contre-les-inondations-10-oz-0641544p.html,https://media-www.canadiantire.ca/product/fixing/paint/surface-prep-maintenance/0641544/flex-seal-liquid-flood-protection-10-oz--0a8f5961-b8b0-48e7-89d3-3f0dbe9d2aef-jpgrendition.jpg?im=whresize&wid=200&hei=200,https://media-www.canadiantire.ca/product/fixing/paint/surface-prep-maintenance/0641544/flex-seal-liquid-flood-protection-10-oz--0a8f5961-b8b0-48e7-89d3-3f0dbe9d2aef-jpgrendition.jpg?im=whresize&wid=200&hei=200,,0641544,064-1544-8,Il n’en reste que 2 #064-1544-8,Liquidation◊,56.89,"12,93","29,99"
624,"St. Romuald, QC","Couvercles de rangement en bambou à pression Masontops Timber pour pots Mason, paq. 3","Couvercles de rangement en bambou à pression Masontops Timber pour pots Mason, paq. 3",6.93,"6,93 $",16.99,"Était±  16,99 $prix était 16,99 $",6.93,"6,93 $",6.93,"6,93 $",true,https://www.canadiantire.ca/fr/pdp/couvercles-de-rangement-en-bambou-a-pression-masontops-timber-pour-pots-mason-paq-3-1426448p.html,https://www.canadiantire.ca/fr/pdp/couvercles-de-rangement-en-bambou-a-pression-masontops-timber-pour-pots-mason-paq-3-1426448p.html,https://media-www.canadiantire.ca/product/living/kitchen/canning/1426448/masontops-timber-top-bamboo-storage-lids-3pk-aefc19d6-ed27-4c7b-8a80-657b683af7d3-jpgrendition.jpg?im=whresize&wid=200&hei=200,https://media-www.canadiantire.ca/product/living/kitchen/canning/1426448/masontops-timber-top-bamboo-storage-lids-3pk-aefc19d6-ed27-4c7b-8a80-657b683af7d3-jpgrendition.jpg?im=whresize&wid=200&hei=200,,1426448,142-6448-2,Il n’en reste que 2 #142-6448-2,Liquidation◊Mieux notés,59.21,"6,93","16,99"
624,"St. Romuald, QC","Sangle à cliquet MotoMaster Tire Bonnet, résistance à la rupture de 10 000 lb, 2 po","Sangle à cliquet MotoMaster Tire Bonnet, résistance à la rupture de 10 000 lb, 2 po",24.93,"24,93 $",52.99,"Était±  52,99 $prix était 52,99 $",24.93,"24,93 $",24.93,"24,93 $",true,https://www.canadiantire.ca/fr/pdp/sangle-a-cliquet-motomaster-tire-bonnet-resistance-a-la-rupture-de-10-000-lb-2-po-0403059p.html,https://www.canadiantire.ca/fr/pdp/sangle-a-cliquet-motomaster-tire-bonnet-resistance-a-la-rupture-de-10-000-lb-2-po-0403059p.html,https://media-www.canadiantire.ca/product/automotive/automotive-outdoor-adventure/tarps-cords/0403059/10-000lb-tire-bonnet-ratchet-tie-down-1-pk-486469da-61b4-4ac6-b835-7eed7496afde-jpgrendition.jpg?im=whresize&wid=200&hei=200,https://media-www.canadiantire.ca/product/automotive/automotive-outdoor-adventure/tarps-cords/0403059/10-000lb-tire-bonnet-ratchet-tie-down-1-pk-486469da-61b4-4ac6-b835-7eed7496afde-jpgrendition.jpg?im=whresize&wid=200&hei=200,,0403059,040-3059-8,Il n’en reste que 1 #040-3059-8,Liquidation◊Exclusivité,52.95,"24,93","52,99"
624,"St. Romuald, QC",Trousse de coiffure Snap 'N Glam,Trousse de coiffure Snap 'N Glam,14.93,"14,93 $",29.99,"Était±  29,99 $prix était 29,99 $",14.93,"14,93 $",14.93,"14,93 $",true,https://www.canadiantire.ca/fr/pdp/trousse-de-coiffure-snap-n-glam-1501158p.html,https://www.canadiantire.ca/fr/pdp/trousse-de-coiffure-snap-n-glam-1501158p.html,https://media-www.canadiantire.ca/product/seasonal-gardening/toys/preschool-toys-activities/1501158/snap-n-glam-hair-styiling-set-921ee3ea-12ed-4b7a-8201-fa6b07389062-jpgrendition.jpg?im=whresize&wid=200&hei=200,https://media-www.canadiantire.ca/product/seasonal-gardening/toys/preschool-toys-activities/1501158/snap-n-glam-hair-styiling-set-921ee3ea-12ed-4b7a-8201-fa6b07389062-jpgrendition.jpg?im=whresize&wid=200&hei=200,,1501158,150-1158-2,Il n’en reste que 2 #150-1158-2,Liquidation◊,50.22,"14,93","29,99"
624,"St. Romuald, QC","Bouchons de dalot pour kayak Invincible Marine, paq. 2, bleu","Bouchons de dalot pour kayak Invincible Marine, paq. 2, bleu",4.93,"4,93 $",15.99,"Était±  15,99 $prix était 15,99 $",4.93,"4,93 $",4.93,"4,93 $",true,https://www.canadiantire.ca/fr/pdp/bouchons-de-dalot-pour-kayak-invincible-marine-paq-2-bleu-0793358p.html,https://www.canadiantire.ca/fr/pdp/bouchons-de-dalot-pour-kayak-invincible-marine-paq-2-bleu-0793358p.html,https://media-www.canadiantire.ca/product/playing/seasonal-recreation/marine-power-boating/0793358/kayak-scupper-plugs-753e7c37-5523-4783-9dea-e3cc829a6cd3-jpgrendition.jpg?im=whresize&wid=200&hei=200,https://media-www.canadiantire.ca/product/playing/seasonal-recreation/marine-power-boating/0793358/kayak-scupper-plugs-753e7c37-5523-4783-9dea-e3cc829a6cd3-jpgrendition.jpg?im=whresize&wid=200&hei=200,,0793358,079-3358-6,Il n’en reste que 3 #079-3358-6,Liquidation◊Exclusivité,69.17,"4,93","15,99"
624,"St. Romuald, QC",Chargeur de batterie au lithium-ion Yardworks de 40 V,Chargeur de batterie au lithium-ion Yardworks de 40 V,44.93,"44,93 $",89.99,"Était±  89,99 $prix était 89,99 $",44.93,"44,93 $",44.93,"44,93 $",true,https://www.canadiantire.ca/fr/pdp/chargeur-de-batterie-au-lithium-ion-yardworks-de-40-v-0607541p.html,https://www.canadiantire.ca/fr/pdp/chargeur-de-batterie-au-lithium-ion-yardworks-de-40-v-0607541p.html,https://media-www.canadiantire.ca/product/seasonal-gardening/outdoor-tools/tractor-lawn-mower-snowthrower-parts/0607541/yardworks-40-volt-battery-charger-8e7c0e92-8bdb-4bc8-aafc-6cf8b48bf638-jpgrendition.jpg?im=whresize&wid=200&hei=200,https://media-www.canadiantire.ca/product/seasonal-gardening/outdoor-tools/tractor-lawn-mower-snowthrower-parts/0607541/yardworks-40-volt-battery-charger-8e7c0e92-8bdb-4bc8-aafc-6cf8b48bf638-jpgrendition.jpg?im=whresize&wid=200&hei=200,,0607541,060-7541-6,Il n’en reste que 1 #060-7541-6,Liquidation◊Exclusivité,50.07,"44,93","89,99"
624,"St. Romuald, QC",Caméra Web USB HD Jlab Go Cam,Caméra Web USB HD Jlab Go Cam,35.88,"35,88 $",74.99,"Était±  74,99 $prix était 74,99 $",35.88,"35,88 $",35.88,"35,88 $",true,https://www.canadiantire.ca/fr/pdp/camera-web-usb-hd-jlab-go-cam-0694795p.html,https://www.canadiantire.ca/fr/pdp/camera-web-usb-hd-jlab-go-cam-0694795p.html,https://media-www.canadiantire.ca/product/automotive/electronics/home-electronics/0694795/jlab-go-cam-usb-hd-webcam-5f59a4e3-c256-4da2-ab77-060a03d1ba0a-jpgrendition.jpg?im=whresize&wid=200&hei=200,https://media-www.canadiantire.ca/product/automotive/electronics/home-electronics/0694795/jlab-go-cam-usb-hd-webcam-5f59a4e3-c256-4da2-ab77-060a03d1ba0a-jpgrendition.jpg?im=whresize&wid=200&hei=200,,0694795,069-4795-2,Il n’en reste que 1 #069-4795-2,Liquidation◊Mieux notés,52.15,"35,88","74,99"
624,"St. Romuald, QC","Veste de protection antifrottements hydrofuge pour chiens Petco, bleu et vert","Veste de protection antifrottements hydrofuge pour chiens Petco, bleu et vert",9.93,"9,93 $",24.99,"24,99 $Était   et+ prix était à partir de 24,99 $",9.93,"9,93 $",9.93,"9,93 $",true,https://www.canadiantire.ca/fr/pdp/veste-de-protection-antifrottements-hydrofuge-pour-chiens-petco-bleu-et-vert-1425984p.html,https://www.canadiantire.ca/fr/pdp/veste-de-protection-antifrottements-hydrofuge-pour-chiens-petco-bleu-et-vert-1425984p.html,https://media-www.canadiantire.ca/product/living/pet-care/pet-accessories/1425986/petco-blue-cooling-rashguard-for-dogs-medium-db219857-0e45-4af5-b487-5a03d8b6e952-jpgrendition.jpg?im=whresize&wid=200&hei=200,https://media-www.canadiantire.ca/product/living/pet-care/pet-accessories/1425986/petco-blue-cooling-rashguard-for-dogs-medium-db219857-0e45-4af5-b487-5a03d8b6e952-jpgrendition.jpg?im=whresize&wid=200&hei=200,,1425984,142-5984,Vérifiez la disponibilité#142-5984X,Liquidation◊Mieux notés,60.26,"9,93","24,99"
624,"St. Romuald, QC","Manteau imperméable coupe-vent léger Yukon Gear pour femmes pour la chasse et la pêche, camouflage","Manteau imperméable coupe-vent léger Yukon Gear pour femmes pour la chasse et la pêche, camouflage",69.93,"69,93 $",154.99,"154,99 $Était   et+ prix était à partir de 154,99 $",69.93,"69,93 $",69.93,"69,93 $",true,https://www.canadiantire.ca/fr/pdp/manteau-impermeable-coupe-vent-leger-yukon-gear-pour-femmes-pour-la-chasse-et-la-peche-camouflage-1759656p.html,https://www.canadiantire.ca/fr/pdp/manteau-impermeable-coupe-vent-leger-yukon-gear-pour-femmes-pour-la-chasse-et-la-peche-camouflage-1759656p.html,https://media-www.canadiantire.ca/product/playing/hunting/hunting-apparel-footwear/1759656/ladies-lightweight-jacket-m-87e6dfb9-59d8-43d9-acc0-65f9156babac-jpgrendition.jpg?im=whresize&wid=200&hei=200,https://media-www.canadiantire.ca/product/playing/hunting/hunting-apparel-footwear/1759656/ladies-lightweight-jacket-m-87e6dfb9-59d8-43d9-acc0-65f9156babac-jpgrendition.jpg?im=whresize&wid=200&hei=200,,1759656,175-9656,Vérifiez la disponibilité#175-9656X,Liquidation◊Mieux notés,54.88,"69,93","154,99"
624,"St. Romuald, QC","Applique de salle de bain ronde à 2 lampes abat-jour en verre blanc givré CANVAS Serenity, chrome","Applique de salle de bain ronde à 2 lampes abat-jour en verre blanc givré CANVAS Serenity, chrome",24.93,"24,93 $",90.99,"Était±  90,99 $prix était 90,99 $",24.93,"24,93 $",24.93,"24,93 $",true,https://www.canadiantire.ca/fr/pdp/applique-de-salle-de-bain-ronde-a-2-lampes-abat-jour-en-verre-blanc-givre-canvas-serenity-chrome-0523623p.html,https://www.canadiantire.ca/fr/pdp/applique-de-salle-de-bain-ronde-a-2-lampes-abat-jour-en-verre-blanc-givre-canvas-serenity-chrome-0523623p.html,https://media-www.canadiantire.ca/product/living/home-decor/lighting/0523623/canvas-vanity-serenity-2-light-18351845-e225-4112-9c43-65b7ba2e3178-jpgrendition.jpg?im=whresize&wid=200&hei=200,https://media-www.canadiantire.ca/product/living/home-decor/lighting/0523623/canvas-vanity-serenity-2-light-18351845-e225-4112-9c43-65b7ba2e3178-jpgrendition.jpg?im=whresize&wid=200&hei=200,,0523623,052-3623-6,,Liquidation◊Mieux notés,72.6,"24,93","90,99"
624,"St. Romuald, QC",Anneaux diviseurs,Anneaux diviseurs,0.93,"0,93 $",2.99,"2,99 $Était   et+ prix était à partir de 2,99 $",0.93,"0,93 $",0.93,"0,93 $",true,https://www.canadiantire.ca/fr/pdp/anneaux-diviseurs-0785004p.html,https://www.canadiantire.ca/fr/pdp/anneaux-diviseurs-0785004p.html,https://media-www.canadiantire.ca/product/playing/fishing/fishing-lures/0785004/danielson-split-ring-size-4-74882971-9134-4f97-9dbb-6c21bb3e3c7e-jpgrendition.jpg?im=whresize&wid=200&hei=200,https://media-www.canadiantire.ca/product/playing/fishing/fishing-lures/0785004/danielson-split-ring-size-4-74882971-9134-4f97-9dbb-6c21bb3e3c7e-jpgrendition.jpg?im=whresize&wid=200&hei=200,,0785004,078-5004,Vérifiez la disponibilité#078-5004X,Liquidation◊Mieux notés,68.9,"0,93","2,99"
624,"St. Romuald, QC","Teinture à bois à base d'eau Minwax, semi-transparente, 946 mL","Teinture à bois à base d'eau Minwax, semi-transparente, 946 mL",12.93,"12,93 $",29.99,"29,99 $Était   et+ prix était à partir de 29,99 $",12.93,"12,93 $",12.93,"12,93 $",true,https://www.canadiantire.ca/fr/pdp/teinture-a-bois-a-base-d-eau-minwax-semi-transparente-946-ml-0480937p.html,https://www.canadiantire.ca/fr/pdp/teinture-a-bois-a-base-d-eau-minwax-semi-transparente-946-ml-0480937p.html,https://media-www.canadiantire.ca/product/fixing/paint/paints/0480939/minwax-water-based-semit-wood-stain-classic-gray-946ml-0461f25e-23c4-4871-b919-097a520832da-jpgrendition.jpg?im=whresize&wid=200&hei=200,https://media-www.canadiantire.ca/product/fixing/paint/paints/0480939/minwax-water-based-semit-wood-stain-classic-gray-946ml-0461f25e-23c4-4871-b919-097a520832da-jpgrendition.jpg?im=whresize&wid=200&hei=200,,0480937,048-0937,Vérifiez la disponibilité#048-0937X,Liquidation◊Mieux notés,56.89,"12,93","29,99"
624,"St. Romuald, QC",Adaptateur 6 voies vers 4 voies plat pour remorque REESE Towpower avec multimètre à DEL,Adaptateur 6 voies vers 4 voies plat pour remorque REESE Towpower avec multimètre à DEL,3.93,"3,93 $",29.99,"Était±  29,99 $prix était 29,99 $",3.93,"3,93 $",3.93,"3,93 $",true,https://www.canadiantire.ca/fr/pdp/adaptateur-6-voies-vers-4-voies-plat-pour-remorque-reese-towpower-avec-multimetre-a-del-0406844p.html,https://www.canadiantire.ca/fr/pdp/adaptateur-6-voies-vers-4-voies-plat-pour-remorque-reese-towpower-avec-multimetre-a-del-0406844p.html,https://media-www.canadiantire.ca/product/automotive/automotive-outdoor-adventure/auto-travel-storage/0406844/adapter6to4wledtester-472c624b-c367-4021-a5a3-f7a62f8854fc-jpgrendition.jpg?im=whresize&wid=200&hei=200,https://media-www.canadiantire.ca/product/automotive/automotive-outdoor-adventure/auto-travel-storage/0406844/adapter6to4wledtester-472c624b-c367-4021-a5a3-f7a62f8854fc-jpgrendition.jpg?im=whresize&wid=200&hei=200,,0406844,040-6844-0,Il n’en reste que 2 #040-6844-0,Liquidation◊,86.9,"3,93","29,99"
624,"St. Romuald, QC","Collier pour chien réfléchissant tissé Petco, ajustable, rose, tailles variées","Collier pour chien réfléchissant tissé Petco, ajustable, rose, tailles variées",11.93,"11,93 $",24.99,"24,99 $Était   et+ prix était à partir de 24,99 $",11.93,"11,93 $",11.93,"11,93 $",true,https://www.canadiantire.ca/fr/pdp/collier-pour-chien-reflechissant-tisse-petco-ajustable-rose-tailles-variees-1427516p.html,https://www.canadiantire.ca/fr/pdp/collier-pour-chien-reflechissant-tisse-petco-ajustable-rose-tailles-variees-1427516p.html,https://media-www.canadiantire.ca/product/living/pet-care/pet-accessories/1427518/petco-pink-reflective-dog-collar-small-c3df1428-d4d2-4166-af08-2ebb0889632c-jpgrendition.jpg?im=whresize&wid=200&hei=200,https://media-www.canadiantire.ca/product/living/pet-care/pet-accessories/1427518/petco-pink-reflective-dog-collar-small-c3df1428-d4d2-4166-af08-2ebb0889632c-jpgrendition.jpg?im=whresize&wid=200&hei=200,,1427516,142-7516,Vérifiez la disponibilité#142-7516X,Liquidation◊Mieux notés,52.26,"11,93","24,99"
624,"St. Romuald, QC",Bac à peinture Premier Clean en pâte de papier,Bac à peinture Premier Clean en pâte de papier,6.93,"6,93 $",16.99,"Était±  16,99 $prix était 16,99 $",6.93,"6,93 $",6.93,"6,93 $",true,https://www.canadiantire.ca/fr/pdp/bac-a-peinture-premier-clean-en-pate-de-papier-0492532p.html,https://www.canadiantire.ca/fr/pdp/bac-a-peinture-premier-clean-en-pate-de-papier-0492532p.html,https://media-www.canadiantire.ca/product/fixing/paint/paint-accessories/0492532/premier-clean-paper-pulp-painting-tray-871926d2-0d3b-4656-91e7-a53642a4e1ee-jpgrendition.jpg?im=whresize&wid=200&hei=200,https://media-www.canadiantire.ca/product/fixing/paint/paint-accessories/0492532/premier-clean-paper-pulp-painting-tray-871926d2-0d3b-4656-91e7-a53642a4e1ee-jpgrendition.jpg?im=whresize&wid=200&hei=200,,0492532,049-2532-8,Il n’en reste que 6 #049-2532-8,Liquidation◊Exclusivité,59.21,"6,93","16,99"
624,"St. Romuald, QC","Garde-boues avant et arrière personnalisés Husky Liners 58446 pour camion Ford F-150, 2015 à 2020, paquet de 4","Garde-boues avant et arrière personnalisés Husky Liners 58446 pour camion Ford F-150, 2015 à 2020, paquet de 4",59.93,"59,93 $",134.99,"Était±  134,99 $prix était 134,99 $",59.93,"59,93 $",59.93,"59,93 $",true,https://www.canadiantire.ca/fr/pdp/garde-boues-avant-et-arriere-personnalises-husky-liners-58446-pour-camion-ford-f-150-2015-a-2020-paquet-de-4-0376240p.html,https://www.canadiantire.ca/fr/pdp/garde-boues-avant-et-arriere-personnalises-husky-liners-58446-pour-camion-ford-f-150-2015-a-2020-paquet-de-4-0376240p.html,https://media-www.canadiantire.ca/product/automotive/car-care-accessories/auto-accessories/0376240/husky-custom-fit-mud-flaps-ford-f150-15-20-4pc-c95ebce1-5ce1-4435-8eb1-b43d34517bb8-jpgrendition.jpg?im=whresize&wid=200&hei=200,https://media-www.canadiantire.ca/product/automotive/car-care-accessories/auto-accessories/0376240/husky-custom-fit-mud-flaps-ford-f150-15-20-4pc-c95ebce1-5ce1-4435-8eb1-b43d34517bb8-jpgrendition.jpg?im=whresize&wid=200&hei=200,,0376240,037-6240-6,Il n’en reste que 1 #037-6240-6,Liquidation◊Mieux notés,55.6,"59,93","134,99"
624,"St. Romuald, QC","Applique murale d'extérieur à 1 lampe abat-jour verre martelé transparent NOMA, noir mat","Applique murale d'extérieur à 1 lampe abat-jour verre martelé transparent NOMA, noir mat",27.93,"27,93 $",79.99,"Était±  79,99 $prix était 79,99 $",27.93,"27,93 $",27.93,"27,93 $",true,https://www.canadiantire.ca/fr/pdp/applique-murale-d-exterieur-a-1-lampe-abat-jour-verre-martele-transparent-noma-noir-mat-0526124p.html,https://www.canadiantire.ca/fr/pdp/applique-murale-d-exterieur-a-1-lampe-abat-jour-verre-martele-transparent-noma-noir-mat-0526124p.html,https://media-www.canadiantire.ca/product/living/home-decor/lighting/0526124/noma-waverly-outdoor-down-light-5d7d3e67-293a-4dbe-9a54-8814f9b77331-jpgrendition.jpg?im=whresize&wid=200&hei=200,https://media-www.canadiantire.ca/product/living/home-decor/lighting/0526124/noma-waverly-outdoor-down-light-5d7d3e67-293a-4dbe-9a54-8814f9b77331-jpgrendition.jpg?im=whresize&wid=200&hei=200,,0526124,052-6124-6,,Liquidation◊Mieux notés,65.08,"27,93","79,99"
624,"St. Romuald, QC","Boulon de roue Tekonsha pour pneu de remorque, paq. 5","Boulon de roue Tekonsha pour pneu de remorque, paq. 5",12.93,"12,93 $",25.99,"Était±  25,99 $prix était 25,99 $",12.93,"12,93 $",12.93,"12,93 $",true,https://www.canadiantire.ca/fr/pdp/boulon-de-roue-tekonsha-pour-pneu-de-remorque-paq-5-0408437p.html,https://www.canadiantire.ca/fr/pdp/boulon-de-roue-tekonsha-pour-pneu-de-remorque-paq-5-0408437p.html,https://media-www.canadiantire.ca/product/automotive/automotive-outdoor-adventure/auto-travel-storage/0408437/trailer-wheel-bolts-587007-63d37856-50f0-44a7-a984-78892298b48f-jpgrendition.jpg?im=whresize&wid=200&hei=200,https://media-www.canadiantire.ca/product/automotive/automotive-outdoor-adventure/auto-travel-storage/0408437/trailer-wheel-bolts-587007-63d37856-50f0-44a7-a984-78892298b48f-jpgrendition.jpg?im=whresize&wid=200&hei=200,,0408437,040-8437-8,Il n’en reste que 1 #040-8437-8,Liquidation◊Mieux notés,50.25,"12,93","25,99"
624,"St. Romuald, QC",Hameçon Danielson monté pour truites,Hameçon Danielson monté pour truites,2.73,"2,73 $",6.49,"Était±  6,49 $prix était 6,49 $",2.73,"2,73 $",2.73,"2,73 $",true,https://www.canadiantire.ca/fr/pdp/hamecon-danielson-monte-pour-truites-0783221p.html,https://www.canadiantire.ca/fr/pdp/hamecon-danielson-monte-pour-truites-0783221p.html,https://media-www.canadiantire.ca/product/playing/fishing/fishing-lures/0783221/danielson-snelled-hooks-trout-12-pack-4d6bae67-56da-4c74-abe0-b12c083cd40a-jpgrendition.jpg?im=whresize&wid=200&hei=200,https://media-www.canadiantire.ca/product/playing/fishing/fishing-lures/0783221/danielson-snelled-hooks-trout-12-pack-4d6bae67-56da-4c74-abe0-b12c083cd40a-jpgrendition.jpg?im=whresize&wid=200&hei=200,,0783221,078-3221-2,Il n’en reste que 2 #078-3221-2,Liquidation◊Mieux notés,57.94,"2,73","6,49"
624,"St. Romuald, QC","Bande lumineuse à DEL pour garage Alpena 77045 450 LM, adhésif avec interrupteur en ligne, blanc froid","Bande lumineuse à DEL pour garage Alpena 77045 450 LM, adhésif avec interrupteur en ligne, blanc froid",34.93,"34,93 $",69.99,"Était±  69,99 $prix était 69,99 $",34.93,"34,93 $",34.93,"34,93 $",true,https://www.canadiantire.ca/fr/pdp/bande-lumineuse-a-del-pour-garage-alpena-77045-450-lm-adhesif-avec-interrupteur-en-ligne-blanc-froid-0203442p.html,https://www.canadiantire.ca/fr/pdp/bande-lumineuse-a-del-pour-garage-alpena-77045-450-lm-adhesif-avec-interrupteur-en-ligne-blanc-froid-0203442p.html,https://media-www.canadiantire.ca/product/automotive/car-care-accessories/auto-accessories/0203442/alpena-garage-led-kit-4cc42edd-6251-4216-96d2-d7a83d59129f-jpgrendition.jpg?im=whresize&wid=200&hei=200,https://media-www.canadiantire.ca/product/automotive/car-care-accessories/auto-accessories/0203442/alpena-garage-led-kit-4cc42edd-6251-4216-96d2-d7a83d59129f-jpgrendition.jpg?im=whresize&wid=200&hei=200,,0203442,020-3442-2,Il n’en reste que 2 #020-3442-2,Liquidation◊Mieux notés,50.09,"34,93","69,99"
624,"St. Romuald, QC","Assiettes à dessert étincelantes iridescentes Célébration 40e anniversaire, paq. 8","Assiettes à dessert étincelantes iridescentes Célébration 40e anniversaire, paq. 8",1.93,"1,93 $",3.99,"Était±  3,99 $prix était 3,99 $",1.93,"1,93 $",1.93,"1,93 $",true,https://www.canadiantire.ca/fr/pdp/assiettes-a-dessert-etincelantes-iridescentes-celebration-40e-anniversaire-paq-8-8420468p.html,https://www.canadiantire.ca/fr/pdp/assiettes-a-dessert-etincelantes-iridescentes-celebration-40e-anniversaire-paq-8-8420468p.html,https://media-www.partycity.ca/product/seasonal-gardening/party-city-everyday/party-city-party-supplies-decor/8420468/8ct-7in-pr-pl-sprkl-clbrtn-40-b7f540f0-a484-4f75-bc17-b9be8ed247e2-jpgrendition.jpg?im=whresize&wid=200&hei=200,https://media-www.partycity.ca/product/seasonal-gardening/party-city-everyday/party-city-party-supplies-decor/8420468/8ct-7in-pr-pl-sprkl-clbrtn-40-b7f540f0-a484-4f75-bc17-b9be8ed247e2-jpgrendition.jpg?im=whresize&wid=200&hei=200,,8420468,842-0468-4,,Liquidation◊Mieux notés,51.63,"1,93","3,99"
624,"St. Romuald, QC","Tuba, masque et ailette Speedo pour adulte","Tuba, masque et ailette Speedo pour adulte",44.93,"44,93 $",89.99,"Était±  89,99 $prix était 89,99 $",44.93,"44,93 $",44.93,"44,93 $",true,https://www.canadiantire.ca/fr/pdp/tuba-masque-et-ailette-speedo-pour-adulte-0810217p.html,https://www.canadiantire.ca/fr/pdp/tuba-masque-et-ailette-speedo-pour-adulte-0810217p.html,https://media-www.canadiantire.ca/product/seasonal-gardening/backyard-fun/pool-fun/0810217/speedo-adult-mask-snorkel-fin-combo-set-4ab8fe48-b2ed-46aa-b988-2eaf6fb94553-jpgrendition.jpg?im=whresize&wid=200&hei=200,https://media-www.canadiantire.ca/product/seasonal-gardening/backyard-fun/pool-fun/0810217/speedo-adult-mask-snorkel-fin-combo-set-4ab8fe48-b2ed-46aa-b988-2eaf6fb94553-jpgrendition.jpg?im=whresize&wid=200&hei=200,,0810217,081-0217-2,Il n’en reste que 2 #081-0217-2,Liquidation◊Exclusivité,50.07,"44,93","89,99"
624,"St. Romuald, QC",Pinceau à badigeonner en tissu Vermont Castings avec anneau en cuir,Pinceau à badigeonner en tissu Vermont Castings avec anneau en cuir,9.93,"9,93 $",21.99,"Était±  21,99 $prix était 21,99 $",9.93,"9,93 $",9.93,"9,93 $",true,https://www.canadiantire.ca/fr/pdp/pinceau-a-badigeonner-en-tissu-vermont-castings-avec-anneau-en-cuir-0852157p.html,https://www.canadiantire.ca/fr/pdp/pinceau-a-badigeonner-en-tissu-vermont-castings-avec-anneau-en-cuir-0852157p.html,https://media-www.canadiantire.ca/product/seasonal-gardening/backyard-living/outdoor-cooking-accessories/0852157/vermont-castings-sauce-mop-c3400c13-5240-4244-926d-099929ac008d-jpgrendition.jpg?im=whresize&wid=200&hei=200,https://media-www.canadiantire.ca/product/seasonal-gardening/backyard-living/outdoor-cooking-accessories/0852157/vermont-castings-sauce-mop-c3400c13-5240-4244-926d-099929ac008d-jpgrendition.jpg?im=whresize&wid=200&hei=200,,0852157,085-2157-4,Il n’en reste que 2 #085-2157-4,Liquidation◊Exclusivité,54.84,"9,93","21,99"
624,"St. Romuald, QC","Cadre en métal facile à connecter à un range-placard mural Type A Aise, 16 x 16 x 70,5 po","Cadre en métal facile à connecter à un range-placard mural Type A Aise, 16 x 16 x 70,5 po",69.93,"69,93 $",139.99,"Était±  139,99 $prix était 139,99 $",69.93,"69,93 $",69.93,"69,93 $",true,https://www.canadiantire.ca/fr/pdp/cadre-en-metal-facile-a-connecter-a-un-range-placard-mural-type-a-aise-16-x-16-x-70-5-po-0687168p.html,https://www.canadiantire.ca/fr/pdp/cadre-en-metal-facile-a-connecter-a-un-range-placard-mural-type-a-aise-16-x-16-x-70-5-po-0687168p.html,https://media-www.canadiantire.ca/product/living/home-organization/closet-organization/0687168/type-a-ease-closet-kit-e558ee01-719d-4d90-af3f-5bca6eb4ca02-jpgrendition.jpg?im=whresize&wid=200&hei=200,https://media-www.canadiantire.ca/product/living/home-organization/closet-organization/0687168/type-a-ease-closet-kit-e558ee01-719d-4d90-af3f-5bca6eb4ca02-jpgrendition.jpg?im=whresize&wid=200&hei=200,,0687168,068-7168-0,Il n’en reste que 1 #068-7168-0,Liquidation◊Mieux notés,50.05,"69,93","139,99"
624,"St. Romuald, QC",Plateau rond d'extérieur en fibre de bambou CANVAS Summer Palm,Plateau rond d'extérieur en fibre de bambou CANVAS Summer Palm,12.93,"12,93 $",27.99,"Était±  27,99 $prix était 27,99 $",12.93,"12,93 $",12.93,"12,93 $",true,https://www.canadiantire.ca/fr/pdp/plateau-rond-d-exterieur-en-fibre-de-bambou-canvas-summer-palm-1590045p.html,https://www.canadiantire.ca/fr/pdp/plateau-rond-d-exterieur-en-fibre-de-bambou-canvas-summer-palm-1590045p.html,https://media-www.canadiantire.ca/product/seasonal-gardening/backyard-living/outdoor-living-accessories/1590045/canvas-bamboo-summer-palm-circular-tray-b3e0ab18-be12-4d05-8498-e2cd5b1d6fc1-jpgrendition.jpg?im=whresize&wid=200&hei=200,https://media-www.canadiantire.ca/product/seasonal-gardening/backyard-living/outdoor-living-accessories/1590045/canvas-bamboo-summer-palm-circular-tray-b3e0ab18-be12-4d05-8498-e2cd5b1d6fc1-jpgrendition.jpg?im=whresize&wid=200&hei=200,,1590045,159-0045-8,Il n’en reste que 6 #159-0045-8,Liquidation◊Mieux notés,53.8,"12,93","27,99"
624,"St. Romuald, QC","Balai à neige monopièce novateur Garant en mousse EVA anti-égratignures avec grattoir, 26 po","Balai à neige monopièce novateur Garant en mousse EVA anti-égratignures avec grattoir, 26 po",4.93,"4,93 $",11.99,"Était±  11,99 $prix était 11,99 $",4.93,"4,93 $",4.93,"4,93 $",true,https://www.canadiantire.ca/fr/pdp/balai-a-neige-monopiece-novateur-garant-en-mousse-eva-anti-egratignures-avec-grattoir-26-po-0304499p.html,https://www.canadiantire.ca/fr/pdp/balai-a-neige-monopiece-novateur-garant-en-mousse-eva-anti-egratignures-avec-grattoir-26-po-0304499p.html,https://media-www.canadiantire.ca/product/automotive/car-care-accessories/auto-winter-accessories/0304499/garant-26-eva-snowbrush-8b7f00da-98f6-4211-94aa-34b90551d96e-jpgrendition.jpg?im=whresize&wid=200&hei=200,https://media-www.canadiantire.ca/product/automotive/car-care-accessories/auto-winter-accessories/0304499/garant-26-eva-snowbrush-8b7f00da-98f6-4211-94aa-34b90551d96e-jpgrendition.jpg?im=whresize&wid=200&hei=200,,0304499,030-4499-8,,Liquidation◊Mieux notés,58.88,"4,93","11,99"
624,"St. Romuald, QC",Barre d'identification à DEL Optronics pour remorques larges,Barre d'identification à DEL Optronics pour remorques larges,16.93,"16,93 $",34.99,"Était±  34,99 $prix était 34,99 $",16.93,"16,93 $",16.93,"16,93 $",true,https://www.canadiantire.ca/fr/pdp/barre-d-identification-a-del-optronics-pour-remorques-larges-0203426p.html,https://www.canadiantire.ca/fr/pdp/barre-d-identification-a-del-optronics-pour-remorques-larges-0203426p.html,https://media-www.canadiantire.ca/product/automotive/automotive-outdoor-adventure/auto-travel-storage/0203426/led-id-bar-over-under-80-red-79947496-af18-4ecc-9282-f2c394271a26-jpgrendition.jpg?im=whresize&wid=200&hei=200,https://media-www.canadiantire.ca/product/automotive/automotive-outdoor-adventure/auto-travel-storage/0203426/led-id-bar-over-under-80-red-79947496-af18-4ecc-9282-f2c394271a26-jpgrendition.jpg?im=whresize&wid=200&hei=200,,0203426,020-3426-2,Il n’en reste que 3 #020-3426-2,Liquidation◊Mieux notés,51.61,"16,93","34,99"
624,"St. Romuald, QC","Prise simple à boîtier étroit Leviton 05029-751 NEMA 6-15R, 15 A, 250 V, mise à la terre, qualité commerciale, ivoire","Prise simple à boîtier étroit Leviton 05029-751 NEMA 6-15R, 15 A, 250 V, mise à la terre, qualité commerciale, ivoire",3.93,"3,93 $",9.99,"Était±  9,99 $prix était 9,99 $",3.93,"3,93 $",3.93,"3,93 $",true,https://www.canadiantire.ca/fr/pdp/prise-simple-a-boitier-etroit-leviton-05029-751-nema-6-15r-15-a-250-v-mise-a-la-terre-qualite-commerciale-ivoire-0527239p.html,https://www.canadiantire.ca/fr/pdp/prise-simple-a-boitier-etroit-leviton-05029-751-nema-6-15r-15-a-250-v-mise-a-la-terre-qualite-commerciale-ivoire-0527239p.html,https://media-www.canadiantire.ca/product/fixing/electrical/rough-electrical/0527239/receptacle-special-grade-15a-b-d6972ff1-8cb2-4898-a411-2d13210a533b-jpgrendition.jpg?im=whresize&wid=200&hei=200,https://media-www.canadiantire.ca/product/fixing/electrical/rough-electrical/0527239/receptacle-special-grade-15a-b-d6972ff1-8cb2-4898-a411-2d13210a533b-jpgrendition.jpg?im=whresize&wid=200&hei=200,,0527239,052-7239-8,,Liquidation◊,60.66,"3,93","9,99"
624,"St. Romuald, QC","Bande lumineuse à DEL intelligente Wi-Fi Geeni, 6-5 pi","Bande lumineuse à DEL intelligente Wi-Fi Geeni, 6-5 pi",19.93,"19,93 $",39.99,"Était±  39,99 $prix était 39,99 $",19.93,"19,93 $",19.93,"19,93 $",true,https://www.canadiantire.ca/fr/pdp/bande-lumineuse-a-del-intelligente-wi-fi-geeni-6-5-pi-0522135p.html,https://www.canadiantire.ca/fr/pdp/bande-lumineuse-a-del-intelligente-wi-fi-geeni-6-5-pi-0522135p.html,https://media-www.canadiantire.ca/product/fixing/electrical/lighting/0522135/geeni-2m-smart-light-strip-55c9009e-3ec6-4bf3-9b97-44b0924e1c7b-jpgrendition.jpg?im=whresize&wid=200&hei=200,https://media-www.canadiantire.ca/product/fixing/electrical/lighting/0522135/geeni-2m-smart-light-strip-55c9009e-3ec6-4bf3-9b97-44b0924e1c7b-jpgrendition.jpg?im=whresize&wid=200&hei=200,,0522135,052-2135-4,Il n’en reste que 3 #052-2135-4,Liquidation◊,50.16,"19,93","39,99"
624,"St. Romuald, QC",Roulette pour porte de VR Camco 42005 Awning avec glissière pour porte-moustiquaire,Roulette pour porte de VR Camco 42005 Awning avec glissière pour porte-moustiquaire,3.93,"3,93 $",18.99,"Était±  18,99 $prix était 18,99 $",3.93,"3,93 $",3.93,"3,93 $",true,https://www.canadiantire.ca/fr/pdp/roulette-pour-porte-de-vr-camco-42005-awning-avec-glissiere-pour-porte-moustiquaire-0408866p.html,https://www.canadiantire.ca/fr/pdp/roulette-pour-porte-de-vr-camco-42005-awning-avec-glissiere-pour-porte-moustiquaire-0408866p.html,https://media-www.canadiantire.ca/product/automotive/automotive-outdoor-adventure/auto-travel-storage/0408866/camco-rv-door-roller-ball-awning-protector-1a8329a8-3e16-4346-8858-e09c699d6be3-jpgrendition.jpg?im=whresize&wid=200&hei=200,https://media-www.canadiantire.ca/product/automotive/automotive-outdoor-adventure/auto-travel-storage/0408866/camco-rv-door-roller-ball-awning-protector-1a8329a8-3e16-4346-8858-e09c699d6be3-jpgrendition.jpg?im=whresize&wid=200&hei=200,,0408866,040-8866-6,Il n’en reste que 2 #040-8866-6,Liquidation◊Mieux notés,79.3,"3,93","18,99"
624,"St. Romuald, QC",Trancheuse à légumes Starfrit,Trancheuse à légumes Starfrit,7.93,"7,93 $",29.99,"Était±  29,99 $prix était 29,99 $",7.93,"7,93 $",7.93,"7,93 $",true,https://www.canadiantire.ca/fr/pdp/trancheuse-a-legumes-starfrit-1429336p.html,https://www.canadiantire.ca/fr/pdp/trancheuse-a-legumes-starfrit-1429336p.html,https://media-www.canadiantire.ca/product/living/kitchen/kitchen-tools-thermometers/1429336/starfrit-vegetable-sheet-slicer-b90b0020-a9d1-4800-b80c-16c38eb1496a-jpgrendition.jpg?im=whresize&wid=200&hei=200,https://media-www.canadiantire.ca/product/living/kitchen/kitchen-tools-thermometers/1429336/starfrit-vegetable-sheet-slicer-b90b0020-a9d1-4800-b80c-16c38eb1496a-jpgrendition.jpg?im=whresize&wid=200&hei=200,,1429336,142-9336-0,Il n’en reste que 4 #142-9336-0,Liquidation◊,73.56,"7,93","29,99"
624,"St. Romuald, QC","Luminaire encastré traditionnel à DEL rond blanc chaud Globe Electric, 4 po, bordure blanche","Luminaire encastré traditionnel à DEL rond blanc chaud Globe Electric, 4 po, bordure blanche",9.93,"9,93 $",24.99,"Était±  24,99 $prix était 24,99 $",9.93,"9,93 $",9.93,"9,93 $",true,https://www.canadiantire.ca/fr/pdp/luminaire-encastre-traditionnel-a-del-rond-blanc-chaud-globe-electric-4-po-bordure-blanche-0529526p.html,https://www.canadiantire.ca/fr/pdp/luminaire-encastre-traditionnel-a-del-rond-blanc-chaud-globe-electric-4-po-bordure-blanche-0529526p.html,https://media-www.canadiantire.ca/product/living/home-decor/lighting/0529526/trad-recessed-led-4-white-round-warm-white-single--d03e78a5-0918-4b0c-b251-1f65aa03284f-jpgrendition.jpg?im=whresize&wid=200&hei=200,https://media-www.canadiantire.ca/product/living/home-decor/lighting/0529526/trad-recessed-led-4-white-round-warm-white-single--d03e78a5-0918-4b0c-b251-1f65aa03284f-jpgrendition.jpg?im=whresize&wid=200&hei=200,,0529526,052-9526-2,Il n’en reste que 1 #052-9526-2,Liquidation◊,60.26,"9,93","24,99"
624,"St. Romuald, QC","Scellant élastomère pour réparation de toit Rust-Oleum LeakSeal, calfeutrant étanche, blanc, 300 mL","Scellant élastomère pour réparation de toit Rust-Oleum LeakSeal, calfeutrant étanche, blanc, 300 mL",7.93,"7,93 $",20.99,"Était±  20,99 $prix était 20,99 $",7.93,"7,93 $",7.93,"7,93 $",true,https://www.canadiantire.ca/fr/pdp/scellant-elastomere-pour-reparation-de-toit-rust-oleum-leakseal-calfeutrant-etanche-blanc-300-ml-0641565p.html,https://www.canadiantire.ca/fr/pdp/scellant-elastomere-pour-reparation-de-toit-rust-oleum-leakseal-calfeutrant-etanche-blanc-300-ml-0641565p.html,https://media-www.canadiantire.ca/product/fixing/paint/surface-prep-maintenance/0641565/white-elastomeric-roof-repair-300ml-0f78804c-5fd4-4fdb-a840-df3fda845224-jpgrendition.jpg?im=whresize&wid=200&hei=200,https://media-www.canadiantire.ca/product/fixing/paint/surface-prep-maintenance/0641565/white-elastomeric-roof-repair-300ml-0f78804c-5fd4-4fdb-a840-df3fda845224-jpgrendition.jpg?im=whresize&wid=200&hei=200,,0641565,064-1565-8,Il n’en reste que 1 #064-1565-8,Liquidation◊Mieux notés,62.22,"7,93","20,99"
624,"St. Romuald, QC","Ballon en aluminium satiné rond It's A Baby Boy, bleu, 17 po, gonflement à l'hélium et ruban inclus, pour fête prénatale","Ballon en aluminium satiné rond It's A Baby Boy, bleu, 17 po, gonflement à l'hélium et ruban inclus, pour fête prénatale",0.93,"0,93 $",6.99,"Était±  6,99 $prix était 6,99 $",0.93,"0,93 $",0.93,"0,93 $",true,https://www.canadiantire.ca/fr/pdp/ballon-en-aluminium-satine-rond-it-s-a-baby-boy-bleu-17-po-gonflement-a-l-helium-et-ruban-inclus-pour-fete-prenatale-8423954p.html,https://www.canadiantire.ca/fr/pdp/ballon-en-aluminium-satine-rond-it-s-a-baby-boy-bleu-17-po-gonflement-a-l-helium-et-ruban-inclus-pour-fete-prenatale-8423954p.html,https://media-www.partycity.ca/product/seasonal-gardening/party-city-everyday/party-city-party-supplies-decor/8423954/750-18in-bln-shwr-lv-onesie-by-a53e2635-d1e2-4dc9-a510-eb5b11806153-jpgrendition.jpg?im=whresize&wid=200&hei=200,https://media-www.partycity.ca/product/seasonal-gardening/party-city-everyday/party-city-party-supplies-decor/8423954/750-18in-bln-shwr-lv-onesie-by-a53e2635-d1e2-4dc9-a510-eb5b11806153-jpgrendition.jpg?im=whresize&wid=200&hei=200,,8423954,842-3954-8,8 En Stock#842-3954-8,Liquidation◊Hélium compris,86.7,"0,93","6,99"
624,"St. Romuald, QC","Teinture à bois à base d'eau Minwax, opaque, 946 mL","Teinture à bois à base d'eau Minwax, opaque, 946 mL",12.93,"12,93 $",29.99,"29,99 $Était   et+ prix était à partir de 29,99 $",12.93,"12,93 $",12.93,"12,93 $",true,https://www.canadiantire.ca/fr/pdp/teinture-a-bois-a-base-d-eau-minwax-opaque-946-ml-0480941p.html,https://www.canadiantire.ca/fr/pdp/teinture-a-bois-a-base-d-eau-minwax-opaque-946-ml-0480941p.html,https://media-www.canadiantire.ca/product/fixing/paint/paints/0480943/minwax-water-based-solid-wood-stain-classic-gray-946ml-76bd923d-4c29-47e7-90f5-88e322e1512b-jpgrendition.jpg?im=whresize&wid=200&hei=200,https://media-www.canadiantire.ca/product/fixing/paint/paints/0480943/minwax-water-based-solid-wood-stain-classic-gray-946ml-76bd923d-4c29-47e7-90f5-88e322e1512b-jpgrendition.jpg?im=whresize&wid=200&hei=200,,0480941,048-0941,Vérifiez la disponibilité#048-0941X,Liquidation◊,56.89,"12,93","29,99"
624,"St. Romuald, QC",Plomb fendu sans plomb Red Wolf,Plomb fendu sans plomb Red Wolf,6.73,"6,73 $",14.99,"Était±  14,99 $prix était 14,99 $",6.73,"6,73 $",6.73,"6,73 $",true,https://www.canadiantire.ca/fr/pdp/plomb-fendu-sans-plomb-red-wolf-0784291p.html,https://www.canadiantire.ca/fr/pdp/plomb-fendu-sans-plomb-red-wolf-0784291p.html,undefined,undefined,,0784291,078-4291-8,Il n’en reste que 5 #078-4291-8,Liquidation◊Mieux notés,55.1,"6,73","14,99"
624,"St. Romuald, QC","Enduit céramique hydrofuge en vaporisateur Chemical Guys pour tissu, 473 mL","Enduit céramique hydrofuge en vaporisateur Chemical Guys pour tissu, 473 mL",6.93,"6,93 $",47.99,"Était±  47,99 $prix était 47,99 $",6.93,"6,93 $",6.93,"6,93 $",true,https://www.canadiantire.ca/fr/pdp/enduit-ceramique-hydrofuge-en-vaporisateur-chemical-guys-pour-tissu-473-ml-0390546p.html,https://www.canadiantire.ca/fr/pdp/enduit-ceramique-hydrofuge-en-vaporisateur-chemical-guys-pour-tissu-473-ml-0390546p.html,https://media-www.canadiantire.ca/product/automotive/car-care-accessories/auto-cleaning-chemicals/0390546/chemical-guys-hydrothread-ceramic-fabric-protectant-473ml-ee08964c-35b8-4493-8664-6a524e77f879-jpgrendition.jpg?im=whresize&wid=200&hei=200,https://media-www.canadiantire.ca/product/automotive/car-care-accessories/auto-cleaning-chemicals/0390546/chemical-guys-hydrothread-ceramic-fabric-protectant-473ml-ee08964c-35b8-4493-8664-6a524e77f879-jpgrendition.jpg?im=whresize&wid=200&hei=200,,0390546,039-0546-2,,Liquidation◊Mieux notés,85.56,"6,93","47,99"
624,"St. Romuald, QC","Prise double inviolable Decorator, 15 A, 125 V, couleurs variées","Prise double inviolable Decorator, 15 A, 125 V, couleurs variées",0.93,"0,93 $",1.99,"1,99 $Était   et+ prix était à partir de 1,99 $",0.93,"0,93 $",0.93,"0,93 $",true,https://www.canadiantire.ca/fr/pdp/prise-double-inviolable-decorator-15-a-125-v-couleurs-variees-0527112p.html,https://www.canadiantire.ca/fr/pdp/prise-double-inviolable-decorator-15-a-125-v-couleurs-variees-0527112p.html,https://media-www.canadiantire.ca/product/fixing/electrical/rough-electrical/0527114/almond-tamper-resistant-decora-receptacle-15-amp-125-v-73c6280d-08a6-4ce6-8c99-ee29b394ff15-jpgrendition.jpg?im=whresize&wid=200&hei=200,https://media-www.canadiantire.ca/product/fixing/electrical/rough-electrical/0527114/almond-tamper-resistant-decora-receptacle-15-amp-125-v-73c6280d-08a6-4ce6-8c99-ee29b394ff15-jpgrendition.jpg?im=whresize&wid=200&hei=200,,0527112,052-7112,Vérifiez la disponibilité#052-7112X,Liquidation◊Mieux notés,53.27,"0,93","1,99"
624,"St. Romuald, QC","Boule de lave requin Goofy Foot, pour l'intérieur et l'extérieur, 3 ans et plus","Boule de lave requin Goofy Foot, pour l'intérieur et l'extérieur, 3 ans et plus",3.93,"3,93 $",9.99,"Était±  9,99 $prix était 9,99 $",3.93,"3,93 $",3.93,"3,93 $",true,https://www.canadiantire.ca/fr/pdp/boule-de-lave-requin-goofy-foot-pour-l-interieur-et-l-exterieur-3-ans-et-plus-0509737p.html,https://www.canadiantire.ca/fr/pdp/boule-de-lave-requin-goofy-foot-pour-l-interieur-et-l-exterieur-3-ans-et-plus-0509737p.html,https://media-www.canadiantire.ca/product/seasonal-gardening/toys/seasonal-toys/0509737/shark-lava-ball-b417b47f-a51b-4d1a-b8b6-4bd4e60eeef9-jpgrendition.jpg?im=whresize&wid=200&hei=200,https://media-www.canadiantire.ca/product/seasonal-gardening/toys/seasonal-toys/0509737/shark-lava-ball-b417b47f-a51b-4d1a-b8b6-4bd4e60eeef9-jpgrendition.jpg?im=whresize&wid=200&hei=200,,0509737,050-9737-4,Il n’en reste que 1 #050-9737-4,Liquidation◊Mieux notés,60.66,"3,93","9,99"
624,"St. Romuald, QC","Gaine de volant Browning Buckmark Realtree Camo, 2 prises, brun et noir","Gaine de volant Browning Buckmark Realtree Camo, 2 prises, brun et noir",13.93,"13,93 $",29.99,"Était±  29,99 $prix était 29,99 $",13.93,"13,93 $",13.93,"13,93 $",true,https://www.canadiantire.ca/fr/pdp/gaine-de-volant-browning-buckmark-realtree-camo-2-prises-brun-et-noir-0323583p.html,https://www.canadiantire.ca/fr/pdp/gaine-de-volant-browning-buckmark-realtree-camo-2-prises-brun-et-noir-0323583p.html,https://media-www.canadiantire.ca/product/automotive/car-care-accessories/auto-comfort/0323583/browning-2-grip-steering-wheel-cover-camo-82306bde-d0c6-49a8-8b37-007b6dce51f1-jpgrendition.jpg?im=whresize&wid=200&hei=200,https://media-www.canadiantire.ca/product/automotive/car-care-accessories/auto-comfort/0323583/browning-2-grip-steering-wheel-cover-camo-82306bde-d0c6-49a8-8b37-007b6dce51f1-jpgrendition.jpg?im=whresize&wid=200&hei=200,,0323583,032-3583-8,Il n’en reste que 1 #032-3583-8,Liquidation◊Mieux notés,53.55,"13,93","29,99"
624,"St. Romuald, QC","Alligator en peluche durable pour chiens TrustyPup, couinement silencieux","Alligator en peluche durable pour chiens TrustyPup, couinement silencieux",9.93,"9,93 $",21.99,"Était±  21,99 $prix était 21,99 $",9.93,"9,93 $",9.93,"9,93 $",true,https://www.canadiantire.ca/fr/pdp/alligator-en-peluche-durable-pour-chiens-trustypup-couinement-silencieux-1426154p.html,https://www.canadiantire.ca/fr/pdp/alligator-en-peluche-durable-pour-chiens-trustypup-couinement-silencieux-1426154p.html,https://media-www.canadiantire.ca/product/living/pet-care/pet-accessories/1426154/trustypup-gator-teal-silent-squeak-large-3d89d301-f869-457f-b93b-2570a39179c7-jpgrendition.jpg?im=whresize&wid=200&hei=200,https://media-www.canadiantire.ca/product/living/pet-care/pet-accessories/1426154/trustypup-gator-teal-silent-squeak-large-3d89d301-f869-457f-b93b-2570a39179c7-jpgrendition.jpg?im=whresize&wid=200&hei=200,,1426154,142-6154-0,Il n’en reste que 1 #142-6154-0,Liquidation◊,54.84,"9,93","21,99"
624,"St. Romuald, QC","Ballon en aluminium satiné lettres Baby, choix de couleurs, 26 x 9 po, gonflé d'air, pour fête prénatale/dévoilement du sexe","Ballon en aluminium satiné lettres Baby, choix de couleurs, 26 x 9 po, gonflé d'air, pour fête prénatale/dévoilement du sexe",1.93,"1,93 $",8.99,"8,99 $Était   et+ prix était à partir de 8,99 $",1.93,"1,93 $",1.93,"1,93 $",true,https://www.canadiantire.ca/fr/pdp/ballon-en-aluminium-satine-lettres-baby-choix-de-couleurs-26-x-9-po-gonfle-d-air-pour-fete-prenatale-devoilement-du-sexe-8420829p.html,https://www.canadiantire.ca/fr/pdp/ballon-en-aluminium-satine-lettres-baby-choix-de-couleurs-26-x-9-po-gonfle-d-air-pour-fete-prenatale-devoilement-du-sexe-8420829p.html,https://media-www.partycity.ca/product/seasonal-gardening/party-city-everyday/party-city-party-supplies-decor/8420834/mini-gld-air-filled-blln-baby-a7f25de3-18c4-450f-a09f-1e612cb39e36-jpgrendition.jpg?im=whresize&wid=200&hei=200,https://media-www.partycity.ca/product/seasonal-gardening/party-city-everyday/party-city-party-supplies-decor/8420834/mini-gld-air-filled-blln-baby-a7f25de3-18c4-450f-a09f-1e612cb39e36-jpgrendition.jpg?im=whresize&wid=200&hei=200,,8420829,842-0829,Vérifiez la disponibilité#842-0829X,Liquidation◊Mieux notés,78.53,"1,93","8,99"
624,"St. Romuald, QC","Gradateur à palette à préréglage DEL/CFL Legrand RHCL453PNI Radiant, 700 W, incandescent/halogène, 450 W, DEL/CFL, nickel","Gradateur à palette à préréglage DEL/CFL Legrand RHCL453PNI Radiant, 700 W, incandescent/halogène, 450 W, DEL/CFL, nickel",24.93,"24,93 $",54.99,"Était±  54,99 $prix était 54,99 $",24.93,"24,93 $",24.93,"24,93 $",true,https://www.canadiantire.ca/fr/pdp/gradateur-a-palette-a-prereglage-del-cfl-legrand-rhcl453pni-radiant-700-w-incandescent-halogene-450-w-del-cfl-nickel-0529159p.html,https://www.canadiantire.ca/fr/pdp/gradateur-a-palette-a-prereglage-del-cfl-legrand-rhcl453pni-radiant-700-w-incandescent-halogene-450-w-del-cfl-nickel-0529159p.html,https://media-www.canadiantire.ca/product/fixing/electrical/rough-electrical/0529159/radiant-cfl-led-450-dimmer-nickel-b2c0e194-802f-4f15-beff-847a67a74c23-jpgrendition.jpg?im=whresize&wid=200&hei=200,https://media-www.canadiantire.ca/product/fixing/electrical/rough-electrical/0529159/radiant-cfl-led-450-dimmer-nickel-b2c0e194-802f-4f15-beff-847a67a74c23-jpgrendition.jpg?im=whresize&wid=200&hei=200,,0529159,052-9159-6,Il n’en reste que 2 #052-9159-6,Liquidation◊Mieux notés,54.66,"24,93","54,99"
624,"St. Romuald, QC","Coussin pour barre Ergofit Harbinger, rouge","Coussin pour barre Ergofit Harbinger, rouge",12.93,"12,93 $",29.99,"Était±  29,99 $prix était 29,99 $",12.93,"12,93 $",12.93,"12,93 $",true,https://www.canadiantire.ca/fr/pdp/coussin-pour-barre-ergofit-harbinger-rouge-1840715p.html,https://www.canadiantire.ca/fr/pdp/coussin-pour-barre-ergofit-harbinger-rouge-1840715p.html,https://media-www.canadiantire.ca/product/playing/exercise/exercise-accessories/1840715/harbinger-ergofit-bar-pad-46a6c9ec-4d2f-4cf8-b8ae-653f1e0bb469-jpgrendition.jpg?im=whresize&wid=200&hei=200,https://media-www.canadiantire.ca/product/playing/exercise/exercise-accessories/1840715/harbinger-ergofit-bar-pad-46a6c9ec-4d2f-4cf8-b8ae-653f1e0bb469-jpgrendition.jpg?im=whresize&wid=200&hei=200,,1840715,184-0715-2,Il n’en reste que 3 #184-0715-2,Liquidation◊Mieux notés,56.89,"12,93","29,99"
624,"St. Romuald, QC","Plaque d'interrupteur à bascule surdimensionnée Atron Electro Industries 1037R, 1 dispositif, blanc","Plaque d'interrupteur à bascule surdimensionnée Atron Electro Industries 1037R, 1 dispositif, blanc",1.43,"1,43 $",3.99,"Était±  3,99 $prix était 3,99 $",1.43,"1,43 $",1.43,"1,43 $",true,https://www.canadiantire.ca/fr/pdp/plaque-d-interrupteur-a-bascule-surdimensionnee-atron-electro-industries-1037r-1-dispositif-blanc-0522739p.html,https://www.canadiantire.ca/fr/pdp/plaque-d-interrupteur-a-bascule-surdimensionnee-atron-electro-industries-1037r-1-dispositif-blanc-0522739p.html,https://media-www.canadiantire.ca/product/fixing/electrical/rough-electrical/0522739/classic-oversized-white-rocker-8c410613-9044-4f1f-916d-806c67da3b16-jpgrendition.jpg?im=whresize&wid=200&hei=200,https://media-www.canadiantire.ca/product/fixing/electrical/rough-electrical/0522739/classic-oversized-white-rocker-8c410613-9044-4f1f-916d-806c67da3b16-jpgrendition.jpg?im=whresize&wid=200&hei=200,,0522739,052-2739-8,,Liquidation◊,64.16,"1,43","3,99"
624,"St. Romuald, QC",Couteau de poche pliant à pointe tombante Yukon Gear,Couteau de poche pliant à pointe tombante Yukon Gear,9.93,"9,93 $",39.99,"Était±  39,99 $prix était 39,99 $",9.93,"9,93 $",9.93,"9,93 $",true,https://www.canadiantire.ca/fr/pdp/couteau-de-poche-pliant-a-pointe-tombante-yukon-gear-3750542p.html,https://www.canadiantire.ca/fr/pdp/couteau-de-poche-pliant-a-pointe-tombante-yukon-gear-3750542p.html,https://media-www.canadiantire.ca/product/playing/hunting/hunting-equipment/3750542/yukon-gear-mod-drop-point-knife-4110c5fd-c39b-4a65-8c1e-6a459465bbbe-jpgrendition.jpg?im=whresize&wid=200&hei=200,https://media-www.canadiantire.ca/product/playing/hunting/hunting-equipment/3750542/yukon-gear-mod-drop-point-knife-4110c5fd-c39b-4a65-8c1e-6a459465bbbe-jpgrendition.jpg?im=whresize&wid=200&hei=200,,3750542,375-0542-8,,Liquidation◊Mieux notés,75.17,"9,93","39,99"
624,"St. Romuald, QC","Adaptateur de perceuse Mastercraft, 1/4 po","Adaptateur de perceuse Mastercraft, 1/4 po",3.93,"3,93 $",8.99,"Était±  8,99 $prix était 8,99 $",3.93,"3,93 $",3.93,"3,93 $",true,https://www.canadiantire.ca/fr/pdp/adaptateur-de-perceuse-mastercraft-1-4-po-0547433p.html,https://www.canadiantire.ca/fr/pdp/adaptateur-de-perceuse-mastercraft-1-4-po-0547433p.html,https://media-www.canadiantire.ca/product/fixing/tools/power-tool-accessories/0547433/adaptor-1-4-x-1-4-for-54-7431-flat-wheel-f9c27e34-fc4a-428c-b5fd-f3d7d874240c-jpgrendition.jpg?im=whresize&wid=200&hei=200,https://media-www.canadiantire.ca/product/fixing/tools/power-tool-accessories/0547433/adaptor-1-4-x-1-4-for-54-7431-flat-wheel-f9c27e34-fc4a-428c-b5fd-f3d7d874240c-jpgrendition.jpg?im=whresize&wid=200&hei=200,,0547433,054-7433-0,Il n’en reste que 2 #054-7433-0,Liquidation◊Exclusivité,56.28,"3,93","8,99"
624,"St. Romuald, QC",Prises de dame de nage chromées pour kayak ou canot,Prises de dame de nage chromées pour kayak ou canot,11.93,"11,93 $",29.99,"Était±  29,99 $prix était 29,99 $",11.93,"11,93 $",11.93,"11,93 $",true,https://www.canadiantire.ca/fr/pdp/prises-de-dame-de-nage-chromees-pour-kayak-ou-canot-0792470p.html,https://www.canadiantire.ca/fr/pdp/prises-de-dame-de-nage-chromees-pour-kayak-ou-canot-0792470p.html,https://media-www.canadiantire.ca/product/playing/seasonal-recreation/marine-power-boating/0792470/oar-sockets-chrome-00094463-040e-43c3-85b6-5a093733a7b1-jpgrendition.jpg?im=whresize&wid=200&hei=200,https://media-www.canadiantire.ca/product/playing/seasonal-recreation/marine-power-boating/0792470/oar-sockets-chrome-00094463-040e-43c3-85b6-5a093733a7b1-jpgrendition.jpg?im=whresize&wid=200&hei=200,,0792470,079-2470-2,Il n’en reste que 1 #079-2470-2,Liquidation◊Exclusivité,60.22,"11,93","29,99"
624,"St. Romuald, QC",Tamis à farine T-fal,Tamis à farine T-fal,9.93,"9,93 $",19.99,"Était±  19,99 $prix était 19,99 $",9.93,"9,93 $",9.93,"9,93 $",true,https://www.canadiantire.ca/fr/pdp/tamis-a-farine-t-fal-1426662p.html,https://www.canadiantire.ca/fr/pdp/tamis-a-farine-t-fal-1426662p.html,https://media-www.canadiantire.ca/product/living/kitchen/kitchen-tools-thermometers/1426662/tfal-flour-sifter-22489a36-f3f0-4ca3-bd1c-4899a764a05a-jpgrendition.jpg?im=whresize&wid=200&hei=200,https://media-www.canadiantire.ca/product/living/kitchen/kitchen-tools-thermometers/1426662/tfal-flour-sifter-22489a36-f3f0-4ca3-bd1c-4899a764a05a-jpgrendition.jpg?im=whresize&wid=200&hei=200,,1426662,142-6662-0,Il n’en reste que 2 #142-6662-0,Liquidation◊,50.33,"9,93","19,99"
624,"St. Romuald, QC","Détachant Moneysworth & Best pour le sel, 300 g","Détachant Moneysworth & Best pour le sel, 300 g",5.73,"5,73 $",12.99,"Était±  12,99 $prix était 12,99 $",5.73,"5,73 $",5.73,"5,73 $",true,https://www.canadiantire.ca/fr/pdp/detachant-moneysworth-best-pour-le-sel-300-g-0897100p.html,https://www.canadiantire.ca/fr/pdp/detachant-moneysworth-best-pour-le-sel-300-g-0897100p.html,https://media-www.canadiantire.ca/product/playing/footwear-apparel/footwear-apparel-accessories/0897100/moneysworth-best-salt-stain-remover-300g--12afd65b-d089-4bac-b7c6-4e677b6b44c4-jpgrendition.jpg?im=whresize&wid=200&hei=200,https://media-www.canadiantire.ca/product/playing/footwear-apparel/footwear-apparel-accessories/0897100/moneysworth-best-salt-stain-remover-300g--12afd65b-d089-4bac-b7c6-4e677b6b44c4-jpgrendition.jpg?im=whresize&wid=200&hei=200,,0897100,089-7100-0,16 En Stock#089-7100-0,Liquidation◊,55.89,"5,73","12,99"
624,"St. Romuald, QC","Embout de vaporisateur Graco TrueAirless 413, noir/argenté","Embout de vaporisateur Graco TrueAirless 413, noir/argenté",24.93,"24,93 $",59.99,"Était±  59,99 $prix était 59,99 $",24.93,"24,93 $",24.93,"24,93 $",true,https://www.canadiantire.ca/fr/pdp/embout-de-vaporisateur-graco-trueairless-413-noir-argente-0492552p.html,https://www.canadiantire.ca/fr/pdp/embout-de-vaporisateur-graco-trueairless-413-noir-argente-0492552p.html,https://media-www.canadiantire.ca/product/fixing/paint/paint-accessories/0492552/trueairless-413-spray-tip-666939d7-bfaf-4208-9469-4f2700919c4f-jpgrendition.jpg?im=whresize&wid=200&hei=200,https://media-www.canadiantire.ca/product/fixing/paint/paint-accessories/0492552/trueairless-413-spray-tip-666939d7-bfaf-4208-9469-4f2700919c4f-jpgrendition.jpg?im=whresize&wid=200&hei=200,,0492552,049-2552-0,Il n’en reste que 2 #049-2552-0,Liquidation◊Exclusivité,58.44,"24,93","59,99"
624,"St. Romuald, QC",Base ronde pour lampe de poupe,Base ronde pour lampe de poupe,8.93,"8,93 $",18.99,"Était±  18,99 $prix était 18,99 $",8.93,"8,93 $",8.93,"8,93 $",true,https://www.canadiantire.ca/fr/pdp/base-ronde-pour-lampe-de-poupe-0792468p.html,https://www.canadiantire.ca/fr/pdp/base-ronde-pour-lampe-de-poupe-0792468p.html,https://media-www.canadiantire.ca/product/playing/seasonal-recreation/marine-power-boating/0792468/round-stern-light-base-10cf47c4-a14c-4614-b870-8108cfc98b58-jpgrendition.jpg?im=whresize&wid=200&hei=200,https://media-www.canadiantire.ca/product/playing/seasonal-recreation/marine-power-boating/0792468/round-stern-light-base-10cf47c4-a14c-4614-b870-8108cfc98b58-jpgrendition.jpg?im=whresize&wid=200&hei=200,,0792468,079-2468-0,Il n’en reste que 2 #079-2468-0,Liquidation◊Mieux notés,52.98,"8,93","18,99"
624,"St. Romuald, QC","Barre de remorquage à abaissement Reese Towpower, noir, 3 po","Barre de remorquage à abaissement Reese Towpower, noir, 3 po",27.93,"27,93 $",59.99,"Était±  59,99 $prix était 59,99 $",27.93,"27,93 $",27.93,"27,93 $",true,https://www.canadiantire.ca/fr/pdp/barre-de-remorquage-a-abaissement-reese-towpower-noir-3-po-0406825p.html,https://www.canadiantire.ca/fr/pdp/barre-de-remorquage-a-abaissement-reese-towpower-noir-3-po-0406825p.html,https://media-www.canadiantire.ca/product/automotive/automotive-outdoor-adventure/auto-travel-storage/0406825/reese-towpower-3-drop-blacknickel-carbon-forged-ball-mount-db4fd429-4413-4bf4-8928-81286c756be2-jpgrendition.jpg?im=whresize&wid=200&hei=200,https://media-www.canadiantire.ca/product/automotive/automotive-outdoor-adventure/auto-travel-storage/0406825/reese-towpower-3-drop-blacknickel-carbon-forged-ball-mount-db4fd429-4413-4bf4-8928-81286c756be2-jpgrendition.jpg?im=whresize&wid=200&hei=200,,0406825,040-6825-6,Il n’en reste que 2 #040-6825-6,Liquidation◊Mieux notés,53.44,"27,93","59,99"
624,"St. Romuald, QC","Sacs de fête pour friandises en cellophane rectangulaires, transparent, 5 po, paq. 25, pour fête d'anniversaire","Sacs de fête pour friandises en cellophane rectangulaires, transparent, 5 po, paq. 25, pour fête d'anniversaire",1.93,"1,93 $",3.99,"Était±  3,99 $prix était 3,99 $",1.93,"1,93 $",1.93,"1,93 $",true,https://www.canadiantire.ca/fr/pdp/sacs-de-fete-pour-friandises-en-cellophane-rectangulaires-transparent-5-po-paq-25-pour-fete-d-anniversaire-8420948p.html,https://www.canadiantire.ca/fr/pdp/sacs-de-fete-pour-friandises-en-cellophane-rectangulaires-transparent-5-po-paq-25-pour-fete-d-anniversaire-8420948p.html,https://media-www.partycity.ca/product/seasonal-gardening/party-city-everyday/party-city-party-supplies-decor/8420948/clr-lg-prty-bag-0dd08de3-57eb-4f05-b4d8-9b541656c5f2-jpgrendition.jpg?im=whresize&wid=200&hei=200,https://media-www.partycity.ca/product/seasonal-gardening/party-city-everyday/party-city-party-supplies-decor/8420948/clr-lg-prty-bag-0dd08de3-57eb-4f05-b4d8-9b541656c5f2-jpgrendition.jpg?im=whresize&wid=200&hei=200,,8420948,842-0948-2,27 En Stock#842-0948-2,Liquidation◊Mieux notés,51.63,"1,93","3,99"
624,"St. Romuald, QC","Tuque de chasse en laine brossée Yukon Gear pour hommes avec doublure en molleton chaud, camouflage","Tuque de chasse en laine brossée Yukon Gear pour hommes avec doublure en molleton chaud, camouflage",9.73,"9,73 $",19.99,"Était±  19,99 $prix était 19,99 $",9.73,"9,73 $",9.73,"9,73 $",true,https://www.canadiantire.ca/fr/pdp/tuque-de-chasse-en-laine-brossee-yukon-gear-pour-hommes-avec-doublure-en-molleton-chaud-camouflage-1759677p.html,https://www.canadiantire.ca/fr/pdp/tuque-de-chasse-en-laine-brossee-yukon-gear-pour-hommes-avec-doublure-en-molleton-chaud-camouflage-1759677p.html,https://media-www.canadiantire.ca/product/playing/hunting/hunting-apparel-footwear/1759677/mens-brushed-wool-blend-camo-toque-13bd3893-36a4-4ec8-a4e7-6f962fc12774-jpgrendition.jpg?im=whresize&wid=200&hei=200,https://media-www.canadiantire.ca/product/playing/hunting/hunting-apparel-footwear/1759677/mens-brushed-wool-blend-camo-toque-13bd3893-36a4-4ec8-a4e7-6f962fc12774-jpgrendition.jpg?im=whresize&wid=200&hei=200,,1759677,175-9677-0,Il n’en reste que 1 #175-9677-0,Liquidation◊Exclusivité,51.33,"9,73","19,99"
624,"St. Romuald, QC",Banderole à lettres « Happy Birthday » Super Mario avec ajout d'âge,Banderole à lettres « Happy Birthday » Super Mario avec ajout d'âge,1.93,"1,93 $",8.49,"Était±  8,49 $prix était 8,49 $",1.93,"1,93 $",1.93,"1,93 $",true,https://www.canadiantire.ca/fr/pdp/banderole-a-lettres-happy-birthday-super-mario-avec-ajout-d-age-8424471p.html,https://www.canadiantire.ca/fr/pdp/banderole-a-lettres-happy-birthday-super-mario-avec-ajout-d-age-8424471p.html,https://media-www.partycity.ca/product/seasonal-gardening/party-city-everyday/party-city-party-supplies-decor/8424471/bnr-jmb-aaa-letter-super-mario-ddbce933-1c53-4c51-b9fe-fe86755997a9-jpgrendition.jpg?im=whresize&wid=200&hei=200,https://media-www.partycity.ca/product/seasonal-gardening/party-city-everyday/party-city-party-supplies-decor/8424471/bnr-jmb-aaa-letter-super-mario-ddbce933-1c53-4c51-b9fe-fe86755997a9-jpgrendition.jpg?im=whresize&wid=200&hei=200,,8424471,842-4471-0,16 En Stock#842-4471-0,Liquidation◊Mieux notés,77.27,"1,93","8,49"
624,"St. Romuald, QC","Interrupteur à bascule à double isolation Gardner Bender GSW-19, service intense, marche/arrêt, 10 A, 277 V","Interrupteur à bascule à double isolation Gardner Bender GSW-19, service intense, marche/arrêt, 10 A, 277 V",3.93,"3,93 $",9.49,"Était±  9,49 $prix était 9,49 $",3.93,"3,93 $",3.93,"3,93 $",true,https://www.canadiantire.ca/fr/pdp/interrupteur-a-bascule-a-double-isolation-gardner-bender-gsw-19-service-intense-marche-arret-10-a-277-v-0528358p.html,https://www.canadiantire.ca/fr/pdp/interrupteur-a-bascule-a-double-isolation-gardner-bender-gsw-19-service-intense-marche-arret-10-a-277-v-0528358p.html,https://media-www.canadiantire.ca/product/fixing/electrical/rough-electrical/0528358/switch-double-insulated-single-pole-single-throw-5d09d61d-c9e2-4616-bd28-618e43177e58-jpgrendition.jpg?im=whresize&wid=200&hei=200,https://media-www.canadiantire.ca/product/fixing/electrical/rough-electrical/0528358/switch-double-insulated-single-pole-single-throw-5d09d61d-c9e2-4616-bd28-618e43177e58-jpgrendition.jpg?im=whresize&wid=200&hei=200,,0528358,052-8358-8,Il n’en reste que 2 #052-8358-8,Liquidation◊Mieux notés,58.59,"3,93","9,49"
624,"St. Romuald, QC",Connecteur à 7 voies REESE Towpower Professional pour véhicule,Connecteur à 7 voies REESE Towpower Professional pour véhicule,4.93,"4,93 $",42.99,"Était±  42,99 $prix était 42,99 $",4.93,"4,93 $",4.93,"4,93 $",true,https://www.canadiantire.ca/fr/pdp/connecteur-a-7-voies-reese-towpower-professional-pour-vehicule-0409850p.html,https://www.canadiantire.ca/fr/pdp/connecteur-a-7-voies-reese-towpower-professional-pour-vehicule-0409850p.html,https://media-www.canadiantire.ca/product/automotive/automotive-outdoor-adventure/auto-travel-storage/0409850/connector-7-way-twist-in-a9950ae6-5af8-47d7-8bc7-a87efc89fdac-jpgrendition.jpg?im=whresize&wid=200&hei=200,https://media-www.canadiantire.ca/product/automotive/automotive-outdoor-adventure/auto-travel-storage/0409850/connector-7-way-twist-in-a9950ae6-5af8-47d7-8bc7-a87efc89fdac-jpgrendition.jpg?im=whresize&wid=200&hei=200,,0409850,040-9850-6,Il n’en reste que 1 #040-9850-6,Liquidation◊Mieux notés,88.53,"4,93","42,99"
624,"St. Romuald, QC","Coffre de camionnette CargoMaster à profil transversal mince, noir","Coffre de camionnette CargoMaster à profil transversal mince, noir",314.93,"314,93 $",679.99,"Était±  679,99 $prix était 679,99 $",314.93,"314,93 $",314.93,"314,93 $",true,https://www.canadiantire.ca/fr/pdp/coffre-de-camionnette-cargomaster-a-profil-transversal-mince-noir-0417290p.html,https://www.canadiantire.ca/fr/pdp/coffre-de-camionnette-cargomaster-a-profil-transversal-mince-noir-0417290p.html,https://media-www.canadiantire.ca/product/automotive/light-auto-parts/truck-accessories/0417290/black-slim-crossover-truck-box--24137e7d-fc3c-4a27-832a-e3934e9d1f56-jpgrendition.jpg?im=whresize&wid=200&hei=200,https://media-www.canadiantire.ca/product/automotive/light-auto-parts/truck-accessories/0417290/black-slim-crossover-truck-box--24137e7d-fc3c-4a27-832a-e3934e9d1f56-jpgrendition.jpg?im=whresize&wid=200&hei=200,,0417290,041-7290-8,Il n’en reste que 1 #041-7290-8,Liquidation◊,53.69,"314,93","679,99"
624,"St. Romuald, QC",Feu de frein de hayon à DEL,Feu de frein de hayon à DEL,12.93,"12,93 $",45.99,"Était±  45,99 $prix était 45,99 $",12.93,"12,93 $",12.93,"12,93 $",true,https://www.canadiantire.ca/fr/pdp/feu-de-frein-de-hayon-a-del-0342085p.html,https://www.canadiantire.ca/fr/pdp/feu-de-frein-de-hayon-a-del-0342085p.html,https://media-www.canadiantire.ca/product/automotive/light-auto-parts/truck-accessories/0342085/led-tailgate-brake-light-strip-815743cc-0bea-4d03-9555-9af8130ee55e-jpgrendition.jpg?im=whresize&wid=200&hei=200,https://media-www.canadiantire.ca/product/automotive/light-auto-parts/truck-accessories/0342085/led-tailgate-brake-light-strip-815743cc-0bea-4d03-9555-9af8130ee55e-jpgrendition.jpg?im=whresize&wid=200&hei=200,,0342085,034-2085-6,Il n’en reste que 2 #034-2085-6,Liquidation◊,71.89,"12,93","45,99"
624,"St. Romuald, QC","Douille de lampe pour prise de courant en porcelaine émaillée Leviton 09726-732, prise, chaînette, 660 W, 15 A, 125 V, blanc","Douille de lampe pour prise de courant en porcelaine émaillée Leviton 09726-732, prise, chaînette, 660 W, 15 A, 125 V, blanc",4.93,"4,93 $",11.49,"Était±  11,49 $prix était 11,49 $",4.93,"4,93 $",4.93,"4,93 $",true,https://www.canadiantire.ca/fr/pdp/douille-de-lampe-pour-prise-de-courant-en-porcelaine-emaillee-leviton-09726-732-prise-chainette-660-w-15-a-125-v-blanc-0527511p.html,https://www.canadiantire.ca/fr/pdp/douille-de-lampe-pour-prise-de-courant-en-porcelaine-emaillee-leviton-09726-732-prise-chainette-660-w-15-a-125-v-blanc-0527511p.html,https://media-www.canadiantire.ca/product/fixing/electrical/rough-electrical/0527511/lampholder-power-cord-with-outlet-64202fed-ad80-4474-b4f5-0b68c7026cbc-jpgrendition.jpg?im=whresize&wid=200&hei=200,https://media-www.canadiantire.ca/product/fixing/electrical/rough-electrical/0527511/lampholder-power-cord-with-outlet-64202fed-ad80-4474-b4f5-0b68c7026cbc-jpgrendition.jpg?im=whresize&wid=200&hei=200,,0527511,052-7511-8,,Liquidation◊Mieux notés,57.09,"4,93","11,49"
624,"St. Romuald, QC","Pantalon de chasse isolé imperméable coupe-vent Yukon Gear Max 5, camouflage Realtree Max 5","Pantalon de chasse isolé imperméable coupe-vent Yukon Gear Max 5, camouflage Realtree Max 5",61.43,"61,43 $",149.99,"149,99 $Était   et+ prix était à partir de 149,99 $",61.43,"61,43 $",61.43,"61,43 $",true,https://www.canadiantire.ca/fr/pdp/pantalon-de-chasse-isole-impermeable-coupe-vent-yukon-gear-max-5-camouflage-realtree-max-5-1758580p.html,https://www.canadiantire.ca/fr/pdp/pantalon-de-chasse-isole-impermeable-coupe-vent-yukon-gear-max-5-camouflage-realtree-max-5-1758580p.html,https://media-www.canadiantire.ca/product/playing/hunting/hunting-apparel-footwear/1758580/yukon-gear-realtree-max-5-pants-m-a244d43e-2c4b-4acc-8837-bdd79ebe07d1-jpgrendition.jpg?im=whresize&wid=200&hei=200,https://media-www.canadiantire.ca/product/playing/hunting/hunting-apparel-footwear/1758580/yukon-gear-realtree-max-5-pants-m-a244d43e-2c4b-4acc-8837-bdd79ebe07d1-jpgrendition.jpg?im=whresize&wid=200&hei=200,,1758580,175-8580,Vérifiez la disponibilité#175-8580X,Liquidation◊Exclusivité,59.04,"61,43","149,99"
624,"St. Romuald, QC","Bottes d'hiver isolées en cuir imperméables antidérapantes Woods Whistler pour femmes, miel","Bottes d'hiver isolées en cuir imperméables antidérapantes Woods Whistler pour femmes, miel",32.93,"32,93 $",139.99,"139,99 $Était   et+ prix était à partir de 139,99 $",32.93,"32,93 $",32.93,"32,93 $",true,https://www.canadiantire.ca/fr/pdp/bottes-d-hiver-isolees-en-cuir-impermeables-antiderapantes-woods-whistler-pour-femmes-miel-1871145p.html,https://www.canadiantire.ca/fr/pdp/bottes-d-hiver-isolees-en-cuir-impermeables-antiderapantes-woods-whistler-pour-femmes-miel-1871145p.html,https://media-www.canadiantire.ca/product/playing/footwear-apparel/winter-footwear-apparel/1871145/woods-whistler-boot-honey-w6-5df67c20-7b3c-4bae-b209-277305ff244e-jpgrendition.jpg?im=whresize&wid=200&hei=200,https://media-www.canadiantire.ca/product/playing/footwear-apparel/winter-footwear-apparel/1871145/woods-whistler-boot-honey-w6-5df67c20-7b3c-4bae-b209-277305ff244e-jpgrendition.jpg?im=whresize&wid=200&hei=200,,1871145,187-1145,Vérifiez la disponibilité#187-1145X,Liquidation◊Exclusivité,76.48,"32,93","139,99"
624,"St. Romuald, QC","Plaque d'interrupteur à bascule Atron Estate Electro Industries 2490T, 1 dispositif, blanc et nickel satiné","Plaque d'interrupteur à bascule Atron Estate Electro Industries 2490T, 1 dispositif, blanc et nickel satiné",2.93,"2,93 $",5.99,"Était±  5,99 $prix était 5,99 $",2.93,"2,93 $",2.93,"2,93 $",true,https://www.canadiantire.ca/fr/pdp/plaque-d-interrupteur-a-bascule-atron-estate-electro-industries-2490t-1-dispositif-blanc-et-nickel-satine-0522749p.html,https://www.canadiantire.ca/fr/pdp/plaque-d-interrupteur-a-bascule-atron-estate-electro-industries-2490t-1-dispositif-blanc-et-nickel-satine-0522749p.html,https://media-www.canadiantire.ca/product/fixing/electrical/rough-electrical/0522749/estate-white-on-satin-nickel-toggle-99216e7c-bf91-429d-a98e-cfaca98422e2-jpgrendition.jpg?im=whresize&wid=200&hei=200,https://media-www.canadiantire.ca/product/fixing/electrical/rough-electrical/0522749/estate-white-on-satin-nickel-toggle-99216e7c-bf91-429d-a98e-cfaca98422e2-jpgrendition.jpg?im=whresize&wid=200&hei=200,,0522749,052-2749-4,,Liquidation◊Mieux notés,51.09,"2,93","5,99"
624,"St. Romuald, QC","Balise d'entrée solaire à tête réfléchissante National, 46 po","Balise d'entrée solaire à tête réfléchissante National, 46 po",6.93,"6,93 $",16.99,"Était±  16,99 $prix était 16,99 $",6.93,"6,93 $",6.93,"6,93 $",true,https://www.canadiantire.ca/fr/pdp/balise-d-entree-solaire-a-tete-reflechissante-national-46-po-0203896p.html,https://www.canadiantire.ca/fr/pdp/balise-d-entree-solaire-a-tete-reflechissante-national-46-po-0203896p.html,https://media-www.canadiantire.ca/product/automotive/automotive-outdoor-adventure/auto-travel-storage/0203896/46-solar-reflector-head-fiberglass-driveway-marker-1pk-eb9b44ec-075d-49de-92dc-a600b9737ee0-jpgrendition.jpg?im=whresize&wid=200&hei=200,https://media-www.canadiantire.ca/product/automotive/automotive-outdoor-adventure/auto-travel-storage/0203896/46-solar-reflector-head-fiberglass-driveway-marker-1pk-eb9b44ec-075d-49de-92dc-a600b9737ee0-jpgrendition.jpg?im=whresize&wid=200&hei=200,,0203896,020-3896-2,Il n’en reste que 6 #020-3896-2,Liquidation◊,59.21,"6,93","16,99"
624,"St. Romuald, QC","Nettoyant désinfectant en vaporisateur sans-Zo, 473 mL","Nettoyant désinfectant en vaporisateur sans-Zo, 473 mL",3.93,"3,93 $",13.99,"Était±  13,99 $prix était 13,99 $",3.93,"3,93 $",3.93,"3,93 $",true,https://www.canadiantire.ca/fr/pdp/nettoyant-desinfectant-en-vaporisateur-sans-zo-473-ml-0390820p.html,https://www.canadiantire.ca/fr/pdp/nettoyant-desinfectant-en-vaporisateur-sans-zo-473-ml-0390820p.html,https://media-www.canadiantire.ca/product/automotive/car-care-accessories/auto-cleaning-chemicals/0390820/sanszo-sanitizer-cleaner-473ml-eede431f-31b0-444f-90e1-1abbdffa1082-jpgrendition.jpg?im=whresize&wid=200&hei=200,https://media-www.canadiantire.ca/product/automotive/car-care-accessories/auto-cleaning-chemicals/0390820/sanszo-sanitizer-cleaner-473ml-eede431f-31b0-444f-90e1-1abbdffa1082-jpgrendition.jpg?im=whresize&wid=200&hei=200,,0390820,039-0820-8,Il n’en reste que 1 #039-0820-8,Liquidation◊Mieux notés,71.91,"3,93","13,99"
624,"St. Romuald, QC",Décalcomanie emblème feu LUNNA Pilot,Décalcomanie emblème feu LUNNA Pilot,2.93,"2,93 $",14.99,"Était±  14,99 $prix était 14,99 $",2.93,"2,93 $",2.93,"2,93 $",true,https://www.canadiantire.ca/fr/pdp/decalcomanie-embleme-feu-lunna-pilot-0371970p.html,https://www.canadiantire.ca/fr/pdp/decalcomanie-embleme-feu-lunna-pilot-0371970p.html,https://media-www.canadiantire.ca/product/automotive/car-care-accessories/auto-accessories/0371970/fire-emblem-decal-25d1abd9-8dd5-4c8d-8e97-c14675ca5490-jpgrendition.jpg?im=whresize&wid=200&hei=200,https://media-www.canadiantire.ca/product/automotive/car-care-accessories/auto-accessories/0371970/fire-emblem-decal-25d1abd9-8dd5-4c8d-8e97-c14675ca5490-jpgrendition.jpg?im=whresize&wid=200&hei=200,,0371970,037-1970-8,,Liquidation◊,80.45,"2,93","14,99"
624,"St. Romuald, QC","Protecteurs à roulements de roue, 1,98 po","Protecteurs à roulements de roue, 1,98 po",16.93,"16,93 $",34.99,"Était±  34,99 $prix était 34,99 $",16.93,"16,93 $",16.93,"16,93 $",true,https://www.canadiantire.ca/fr/pdp/protecteurs-a-roulements-de-roue-1-98-po-0408433p.html,https://www.canadiantire.ca/fr/pdp/protecteurs-a-roulements-de-roue-1-98-po-0408433p.html,https://media-www.canadiantire.ca/product/automotive/automotive-outdoor-adventure/auto-travel-storage/0408420/bearing-protector-c4eaf605-962c-447a-92d9-d8291f7220e4-jpgrendition.jpg?im=whresize&wid=200&hei=200,https://media-www.canadiantire.ca/product/automotive/automotive-outdoor-adventure/auto-travel-storage/0408420/bearing-protector-c4eaf605-962c-447a-92d9-d8291f7220e4-jpgrendition.jpg?im=whresize&wid=200&hei=200,,0408433,040-8433-6,Il n’en reste que 1 #040-8433-6,Liquidation◊,51.61,"16,93","34,99"
624,"St. Romuald, QC","Pince à bec courbé MAXIMUM, 90 degrés, acier forgé de haute qualité, embouts à code de couleur","Pince à bec courbé MAXIMUM, 90 degrés, acier forgé de haute qualité, embouts à code de couleur",9.93,"9,93 $",24.99,"Était±  24,99 $prix était 24,99 $",9.93,"9,93 $",9.93,"9,93 $",true,https://www.canadiantire.ca/fr/pdp/pince-a-bec-courbe-maximum-90-degres-acier-forge-de-haute-qualite-embouts-a-code-de-couleur-0589761p.html,https://www.canadiantire.ca/fr/pdp/pince-a-bec-courbe-maximum-90-degres-acier-forge-de-haute-qualite-embouts-a-code-de-couleur-0589761p.html,https://media-www.canadiantire.ca/product/fixing/tools/metal-working/0589761/maximum-90-bent-nose-plier-9dde3ec1-7955-454a-9df9-376216d367a4-jpgrendition.jpg?im=whresize&wid=200&hei=200,https://media-www.canadiantire.ca/product/fixing/tools/metal-working/0589761/maximum-90-bent-nose-plier-9dde3ec1-7955-454a-9df9-376216d367a4-jpgrendition.jpg?im=whresize&wid=200&hei=200,,0589761,058-9761-8,,Liquidation◊Mieux notés,60.26,"9,93","24,99"
624,"St. Romuald, QC",Bottes d'hiver avec doublure en feutre isolées en nylon et caoutchouc à double Velcro enfants Outbound pour garçons,Bottes d'hiver avec doublure en feutre isolées en nylon et caoutchouc à double Velcro enfants Outbound pour garçons,17.93,"17,93 $",44.99,"44,99 $Était   et+ prix était à partir de 44,99 $",17.93,"17,93 $",17.93,"17,93 $",true,https://www.canadiantire.ca/fr/pdp/bottes-d-hiver-avec-doublure-en-feutre-isolees-en-nylon-et-caoutchouc-a-double-velcro-enfants-outbound-pour-garcons-1870951p.html,https://www.canadiantire.ca/fr/pdp/bottes-d-hiver-avec-doublure-en-feutre-isolees-en-nylon-et-caoutchouc-a-double-velcro-enfants-outbound-pour-garcons-1870951p.html,https://media-www.canadiantire.ca/product/playing/footwear-apparel/winter-footwear-apparel/1870951/boy-s-nylon-boot-11-d1790236-9c0b-41a3-b6e3-bf78f88c192c-jpgrendition.jpg?im=whresize&wid=200&hei=200,https://media-www.canadiantire.ca/product/playing/footwear-apparel/winter-footwear-apparel/1870951/boy-s-nylon-boot-11-d1790236-9c0b-41a3-b6e3-bf78f88c192c-jpgrendition.jpg?im=whresize&wid=200&hei=200,,1870951,187-0951,Vérifiez la disponibilité#187-0951X,Liquidation◊Exclusivité,60.15,"17,93","44,99"
624,"St. Romuald, QC","Décorations de table pour fête d'anniversaire, bébé requin, paq. 27","Décorations de table pour fête d'anniversaire, bébé requin, paq. 27",2.71,"2,71 $",7.99,"Était±  7,99 $prix était 7,99 $",2.71,"2,71 $",2.71,"2,71 $",true,https://www.canadiantire.ca/fr/pdp/decorations-de-table-pour-fete-d-anniversaire-bebe-requin-paq-27-8529832p.html,https://www.canadiantire.ca/fr/pdp/decorations-de-table-pour-fete-d-anniversaire-bebe-requin-paq-27-8529832p.html,https://media-www.partycity.ca/product/seasonal-gardening/party-city-everyday/party-city-party-supplies-decor/8529832/baby-shark-table-decorating-kit-27pc-1a1c1ab0-5bb0-4582-8861-d0e21a341d43-jpgrendition.jpg?im=whresize&wid=200&hei=200,https://media-www.partycity.ca/product/seasonal-gardening/party-city-everyday/party-city-party-supplies-decor/8529832/baby-shark-table-decorating-kit-27pc-1a1c1ab0-5bb0-4582-8861-d0e21a341d43-jpgrendition.jpg?im=whresize&wid=200&hei=200,,8529832,852-9832-8,Il n’en reste que 1 #852-9832-8,Liquidation◊,66.08,"2,71","7,99"
624,"St. Romuald, QC","Sangle de rangement Mastercraft, range-cordon, très très grand","Sangle de rangement Mastercraft, range-cordon, très très grand",2.93,"2,93 $",7.99,"Était±  7,99 $prix était 7,99 $",2.93,"2,93 $",2.93,"2,93 $",true,https://www.canadiantire.ca/fr/pdp/sangle-de-rangement-mastercraft-range-cordon-tres-tres-grand-0681536p.html,https://www.canadiantire.ca/fr/pdp/sangle-de-rangement-mastercraft-range-cordon-tres-tres-grand-0681536p.html,https://media-www.canadiantire.ca/product/living/home-decor/floor-window-decor/0681636/mat-2-x-3-rubber-cobblestone-350deb1c-5ff0-47ee-86d1-0d3ac441bf96-jpgrendition.jpg?im=whresize&wid=200&hei=200,https://media-www.canadiantire.ca/product/living/home-decor/floor-window-decor/0681636/mat-2-x-3-rubber-cobblestone-350deb1c-5ff0-47ee-86d1-0d3ac441bf96-jpgrendition.jpg?im=whresize&wid=200&hei=200,,0681536,068-1536-0,Il n’en reste que 4 #068-1536-0,Liquidation◊Exclusivité,63.33,"2,93","7,99"
624,"St. Romuald, QC","Outils de pêche Xcalibur, 3 pièces","Outils de pêche Xcalibur, 3 pièces",15.99,"15,99 $",31.99,"Était±  31,99 $prix était 31,99 $",15.99,"15,99 $",15.99,"15,99 $",true,https://www.canadiantire.ca/fr/pdp/outils-de-peche-xcalibur-3-pieces-0770070p.html,https://www.canadiantire.ca/fr/pdp/outils-de-peche-xcalibur-3-pieces-0770070p.html,https://media-www.canadiantire.ca/product/playing/fishing/fishing-accessories/0770070/xcalibur-tool-kit-3-piece-212dc740-07d1-44fd-b4d4-0324171fcb19-jpgrendition.jpg?im=whresize&wid=200&hei=200,https://media-www.canadiantire.ca/product/playing/fishing/fishing-accessories/0770070/xcalibur-tool-kit-3-piece-212dc740-07d1-44fd-b4d4-0324171fcb19-jpgrendition.jpg?im=whresize&wid=200&hei=200,,0770070,077-0070-0,,Liquidation◊Articles à succès,50.02,"15,99","31,99"
624,"St. Romuald, QC","Pavillon de plafond de luxe Atron Electro Industries LA613, 5 po, blanc","Pavillon de plafond de luxe Atron Electro Industries LA613, 5 po, blanc",2.93,"2,93 $",5.99,"Était±  5,99 $prix était 5,99 $",2.93,"2,93 $",2.93,"2,93 $",true,https://www.canadiantire.ca/fr/pdp/pavillon-de-plafond-de-luxe-atron-electro-industries-la613-5-po-blanc-0522874p.html,https://www.canadiantire.ca/fr/pdp/pavillon-de-plafond-de-luxe-atron-electro-industries-la613-5-po-blanc-0522874p.html,https://media-www.canadiantire.ca/product/fixing/electrical/rough-electrical/0522874/canopy-kit-white-deluxe-78b0d445-2443-4068-9900-25c1295b4d17-jpgrendition.jpg?im=whresize&wid=200&hei=200,https://media-www.canadiantire.ca/product/fixing/electrical/rough-electrical/0522874/canopy-kit-white-deluxe-78b0d445-2443-4068-9900-25c1295b4d17-jpgrendition.jpg?im=whresize&wid=200&hei=200,,0522874,052-2874-4,Il n’en reste que 2 #052-2874-4,Liquidation◊Mieux notés,51.09,"2,93","5,99"
624,"St. Romuald, QC",Barre d'attelage à abaissement Reese Towpower carbone 2x4 po,Barre d'attelage à abaissement Reese Towpower carbone 2x4 po,24.93,"24,93 $",52.99,"Était±  52,99 $prix était 52,99 $",24.93,"24,93 $",24.93,"24,93 $",true,https://www.canadiantire.ca/fr/pdp/barre-d-attelage-a-abaissement-reese-towpower-carbone-2x4-po-0403017p.html,https://www.canadiantire.ca/fr/pdp/barre-d-attelage-a-abaissement-reese-towpower-carbone-2x4-po-0403017p.html,https://media-www.canadiantire.ca/product/automotive/automotive-outdoor-adventure/auto-travel-storage/0403017/reese-carbon-forged-ball-mount-2-x-4-black-7effc9f1-0861-49ae-bc57-41992d831762-jpgrendition.jpg?im=whresize&wid=200&hei=200,https://media-www.canadiantire.ca/product/automotive/automotive-outdoor-adventure/auto-travel-storage/0403017/reese-carbon-forged-ball-mount-2-x-4-black-7effc9f1-0861-49ae-bc57-41992d831762-jpgrendition.jpg?im=whresize&wid=200&hei=200,,0403017,040-3017-8,Il n’en reste que 1 #040-3017-8,Liquidation◊Mieux notés,52.95,"24,93","52,99"
624,"St. Romuald, QC","OXO Tot - Bouteille à bec souple et à poignées pour bébé, bleu sarcelle","OXO Tot - Bouteille à bec souple et à poignées pour bébé, bleu sarcelle",5.43,"5,43 $",15.99,"Était±  15,99 $prix était 15,99 $",5.43,"5,43 $",5.43,"5,43 $",true,https://www.canadiantire.ca/fr/pdp/oxo-tot-bouteille-a-bec-souple-et-a-poignees-pour-bebe-bleu-sarcelle-0464945p.html,https://www.canadiantire.ca/fr/pdp/oxo-tot-bouteille-a-bec-souple-et-a-poignees-pour-bebe-bleu-sarcelle-0464945p.html,https://media-www.canadiantire.ca/product/automotive/car-care-accessories/child-travel-baby/0464945/oxo-teal-soft-spout-sippy-cup-with-handles-5e907fce-26fc-40cf-a8c1-10718b28b695-jpgrendition.jpg?im=whresize&wid=200&hei=200,https://media-www.canadiantire.ca/product/automotive/car-care-accessories/child-travel-baby/0464945/oxo-teal-soft-spout-sippy-cup-with-handles-5e907fce-26fc-40cf-a8c1-10718b28b695-jpgrendition.jpg?im=whresize&wid=200&hei=200,,0464945,046-4945-0,Il n’en reste que 1 #046-4945-0,Liquidation◊Mieux notés,66.04,"5,43","15,99"
624,"St. Romuald, QC","Prise décorative double inviolable Legrand 885TRNICC12, 15 A, 125 V, nickel","Prise décorative double inviolable Legrand 885TRNICC12, 15 A, 125 V, nickel",1.93,"1,93 $",5.29,"Était±  5,29 $prix était 5,29 $",1.93,"1,93 $",1.93,"1,93 $",true,https://www.canadiantire.ca/fr/pdp/prise-decorative-double-inviolable-legrand-885trnicc12-15-a-125-v-nickel-0529165p.html,https://www.canadiantire.ca/fr/pdp/prise-decorative-double-inviolable-legrand-885trnicc12-15-a-125-v-nickel-0529165p.html,https://media-www.canadiantire.ca/product/fixing/electrical/rough-electrical/0529165/15a-decorator-outlet-nickel-836d8e8f-23dd-416a-b948-fca09886115f-jpgrendition.jpg?im=whresize&wid=200&hei=200,https://media-www.canadiantire.ca/product/fixing/electrical/rough-electrical/0529165/15a-decorator-outlet-nickel-836d8e8f-23dd-416a-b948-fca09886115f-jpgrendition.jpg?im=whresize&wid=200&hei=200,,0529165,052-9165-0,Il n’en reste que 2 #052-9165-0,Liquidation◊Mieux notés,63.52,"1,93","5,29"
624,"St. Romuald, QC","Stylos Rejuvenate, taches foncées et cernes blancs, paq. 2","Stylos Rejuvenate, taches foncées et cernes blancs, paq. 2",2.99,"2,99 $",5.99,"Était±  5,99 $prix était 5,99 $",2.99,"2,99 $",2.99,"2,99 $",true,https://www.canadiantire.ca/fr/pdp/stylos-rejuvenate-taches-foncees-et-cernes-blancs-paq-2-0534868p.html,https://www.canadiantire.ca/fr/pdp/stylos-rejuvenate-taches-foncees-et-cernes-blancs-paq-2-0534868p.html,https://media-www.canadiantire.ca/product/living/cleaning/household-cleaning-solutions/0534868/rejuvenate-dark-ink-stain-white-ring-mark-removal-pen-c0d6ff85-9885-4bf3-8370-b1d8748a042f-jpgrendition.jpg?im=whresize&wid=200&hei=200,https://media-www.canadiantire.ca/product/living/cleaning/household-cleaning-solutions/0534868/rejuvenate-dark-ink-stain-white-ring-mark-removal-pen-c0d6ff85-9885-4bf3-8370-b1d8748a042f-jpgrendition.jpg?im=whresize&wid=200&hei=200,,0534868,053-4868-6,,Liquidation◊,50.08,"2,99","5,99"
624,"St. Romuald, QC","Collier pour chiens ajustable Perri's, camouflage vert, choix de tailles","Collier pour chiens ajustable Perri's, camouflage vert, choix de tailles",7.93,"7,93 $",17.99,"17,99 $Était   et+ prix était à partir de 17,99 $",7.93,"7,93 $",7.93,"7,93 $",true,https://www.canadiantire.ca/fr/pdp/collier-pour-chiens-ajustable-perri-s-camouflage-vert-choix-de-tailles-2420737p.html,https://www.canadiantire.ca/fr/pdp/collier-pour-chiens-ajustable-perri-s-camouflage-vert-choix-de-tailles-2420737p.html,https://media-www.canadiantire.ca/product/living/pet-care/pet-accessories/2420737/perri-s-camo-green-dog-collar-small-281b1e66-f5f7-40e0-9e5a-049be2434acc-jpgrendition.jpg?im=whresize&wid=200&hei=200,https://media-www.canadiantire.ca/product/living/pet-care/pet-accessories/2420737/perri-s-camo-green-dog-collar-small-281b1e66-f5f7-40e0-9e5a-049be2434acc-jpgrendition.jpg?im=whresize&wid=200&hei=200,,2420737,242-0737,Vérifiez la disponibilité#242-0737X,Liquidation◊Exclusivité,55.92,"7,93","17,99"
624,"St. Romuald, QC","Solution à bulles Gazillion Bubbles Dino Egg avec figurine, comprend 8 oz de solution, 3 ans et plus","Solution à bulles Gazillion Bubbles Dino Egg avec figurine, comprend 8 oz de solution, 3 ans et plus",0.93,"0,93 $",3.99,"Était±  3,99 $prix était 3,99 $",0.93,"0,93 $",0.93,"0,93 $",true,https://www.canadiantire.ca/fr/pdp/solution-a-bulles-gazillion-bubbles-dino-egg-avec-figurine-comprend-8-oz-de-solution-3-ans-et-plus-0509727p.html,https://www.canadiantire.ca/fr/pdp/solution-a-bulles-gazillion-bubbles-dino-egg-avec-figurine-comprend-8-oz-de-solution-3-ans-et-plus-0509727p.html,https://media-www.canadiantire.ca/product/seasonal-gardening/toys/seasonal-toys/0509727/gazillion-dino-egg-bubbles-41b09efd-a356-452e-a5cf-1975d1b72948-jpgrendition.jpg?im=whresize&wid=200&hei=200,https://media-www.canadiantire.ca/product/seasonal-gardening/toys/seasonal-toys/0509727/gazillion-dino-egg-bubbles-41b09efd-a356-452e-a5cf-1975d1b72948-jpgrendition.jpg?im=whresize&wid=200&hei=200,,0509727,050-9727-8,Il n’en reste que 1 #050-9727-8,Liquidation◊,76.69,"0,93","3,99"
624,"St. Romuald, QC",Support de téléphone avec fil pour perche à égoportrait de Bluehive,Support de téléphone avec fil pour perche à égoportrait de Bluehive,2.93,"2,93 $",15.99,"Était±  15,99 $prix était 15,99 $",2.93,"2,93 $",2.93,"2,93 $",true,https://www.canadiantire.ca/fr/pdp/support-de-telephone-avec-fil-pour-perche-a-egoportrait-de-bluehive-0357293p.html,https://www.canadiantire.ca/fr/pdp/support-de-telephone-avec-fil-pour-perche-a-egoportrait-de-bluehive-0357293p.html,https://media-www.canadiantire.ca/product/automotive/car-care-accessories/auto-electronics/0357293/bluehive-wired-selfie-stick-eff17f73-9cd9-4015-bc4d-266e80db0cc3-jpgrendition.jpg?im=whresize&wid=200&hei=200,https://media-www.canadiantire.ca/product/automotive/car-care-accessories/auto-electronics/0357293/bluehive-wired-selfie-stick-eff17f73-9cd9-4015-bc4d-266e80db0cc3-jpgrendition.jpg?im=whresize&wid=200&hei=200,,0357293,035-7293-8,,Liquidation◊Exclusivité,81.68,"2,93","15,99"
624,"St. Romuald, QC","Scie-cloche à pointe au carbure LENOX, 7/8 po","Scie-cloche à pointe au carbure LENOX, 7/8 po",7.93,"7,93 $",23.99,"Était±  23,99 $prix était 23,99 $",7.93,"7,93 $",7.93,"7,93 $",true,https://www.canadiantire.ca/fr/pdp/scie-cloche-a-pointe-au-carbure-lenox-7-8-po-0540763p.html,https://www.canadiantire.ca/fr/pdp/scie-cloche-a-pointe-au-carbure-lenox-7-8-po-0540763p.html,https://media-www.canadiantire.ca/product/fixing/tools/power-tool-accessories/0540763/lenox-carbide-tipped-hole-saw-7-8-22mm-e07de944-da2d-465b-9382-32c9f23b91e9-jpgrendition.jpg?im=whresize&wid=200&hei=200,https://media-www.canadiantire.ca/product/fixing/tools/power-tool-accessories/0540763/lenox-carbide-tipped-hole-saw-7-8-22mm-e07de944-da2d-465b-9382-32c9f23b91e9-jpgrendition.jpg?im=whresize&wid=200&hei=200,,0540763,054-0763-6,Il n’en reste que 1 #054-0763-6,Liquidation◊Exclusivité,66.94,"7,93","23,99"
624,"St. Romuald, QC",Douille Pop Socket Lavender Flow,Douille Pop Socket Lavender Flow,3.93,"3,93 $",14.99,"Était±  14,99 $prix était 14,99 $",3.93,"3,93 $",3.93,"3,93 $",true,https://www.canadiantire.ca/fr/pdp/douille-pop-socket-lavender-flow-0355476p.html,https://www.canadiantire.ca/fr/pdp/douille-pop-socket-lavender-flow-0355476p.html,https://media-www.canadiantire.ca/product/automotive/electronics/mobile-electronics/0355476/lavender-flow-pop-socket-89c2077c-9d0d-448a-8433-40fceff605f0-jpgrendition.jpg?im=whresize&wid=200&hei=200,https://media-www.canadiantire.ca/product/automotive/electronics/mobile-electronics/0355476/lavender-flow-pop-socket-89c2077c-9d0d-448a-8433-40fceff605f0-jpgrendition.jpg?im=whresize&wid=200&hei=200,,0355476,035-5476-6,,Liquidation◊,73.78,"3,93","14,99"
624,"St. Romuald, QC","Attractif/odeur de chasse pour leurre à cerf de Virginie BIGROCK Bone Collector Bone Magnet pour la chasse, 500 mL","Attractif/odeur de chasse pour leurre à cerf de Virginie BIGROCK Bone Collector Bone Magnet pour la chasse, 500 mL",8.49,"8,49 $",24.99,"Était±  24,99 $prix était 24,99 $",8.49,"8,49 $",8.49,"8,49 $",true,https://www.canadiantire.ca/fr/pdp/attractif-odeur-de-chasse-pour-leurre-a-cerf-de-virginie-bigrock-bone-collector-bone-magnet-pour-la-chasse-500-ml-3751614p.html,https://www.canadiantire.ca/fr/pdp/attractif-odeur-de-chasse-pour-leurre-a-cerf-de-virginie-bigrock-bone-collector-bone-magnet-pour-la-chasse-500-ml-3751614p.html,https://media-www.canadiantire.ca/product/playing/hunting/hunting-accessories/3751614/whitetail-lure-attractant-bone-collector-bone-magnet-935fc591-207b-4486-99c6-fd221e95573e-jpgrendition.jpg?im=whresize&wid=200&hei=200,https://media-www.canadiantire.ca/product/playing/hunting/hunting-accessories/3751614/whitetail-lure-attractant-bone-collector-bone-magnet-935fc591-207b-4486-99c6-fd221e95573e-jpgrendition.jpg?im=whresize&wid=200&hei=200,,3751614,375-1614-2,Il n’en reste que 2 #375-1614-2,Liquidation◊,66.03,"8,49","24,99"
624,"St. Romuald, QC","Ballons en latex ronds célébration étincelante 50 Happy Birthday, noir/or/argent, à pois, 12 po, paq. 15, pour fête d'anniversaire","Ballons en latex ronds célébration étincelante 50 Happy Birthday, noir/or/argent, à pois, 12 po, paq. 15, pour fête d'anniversaire",2.03,"2,03 $",5.99,"5,99 $Était   et+ prix était à partir de 5,99 $",2.03,"2,03 $",2.03,"2,03 $",true,https://www.canadiantire.ca/fr/pdp/ballons-en-latex-ronds-celebration-etincelante-50-happy-birthday-noir-or-argent-a-pois-12-po-paq-15-pour-fete-d-anniversaire-8420179p.html,https://www.canadiantire.ca/fr/pdp/ballons-en-latex-ronds-celebration-etincelante-50-happy-birthday-noir-or-argent-a-pois-12-po-paq-15-pour-fete-d-anniversaire-8420179p.html,https://media-www.partycity.ca/product/seasonal-gardening/party-city-everyday/party-city-party-supplies-decor/8420179/50th-birthday-balloons-15ct-sparkling-celebration-1f158f40-ebbc-4afc-9504-6abbb9a45eae-jpgrendition.jpg?im=whresize&wid=200&hei=200,https://media-www.partycity.ca/product/seasonal-gardening/party-city-everyday/party-city-party-supplies-decor/8420179/50th-birthday-balloons-15ct-sparkling-celebration-1f158f40-ebbc-4afc-9504-6abbb9a45eae-jpgrendition.jpg?im=whresize&wid=200&hei=200,,8420179,842-0179-2,,Liquidation◊,66.11,"2,03","5,99"
624,"St. Romuald, QC",Spatule pleine Cuisinart Oceanware,Spatule pleine Cuisinart Oceanware,4.93,"4,93 $",11.99,"Était±  11,99 $prix était 11,99 $",4.93,"4,93 $",4.93,"4,93 $",true,https://www.canadiantire.ca/fr/pdp/spatule-pleine-cuisinart-oceanware-1426672p.html,https://www.canadiantire.ca/fr/pdp/spatule-pleine-cuisinart-oceanware-1426672p.html,https://media-www.canadiantire.ca/product/living/kitchen/kitchen-tools-thermometers/1426672/cuisinart-oceanware-solid-turner-9456855e-2eb9-4e1f-9c62-3380461a5840-jpgrendition.jpg?im=whresize&wid=200&hei=200,https://media-www.canadiantire.ca/product/living/kitchen/kitchen-tools-thermometers/1426672/cuisinart-oceanware-solid-turner-9456855e-2eb9-4e1f-9c62-3380461a5840-jpgrendition.jpg?im=whresize&wid=200&hei=200,,1426672,142-6672-6,,Liquidation◊,58.88,"4,93","11,99"
