store_id,city,name,title,price,price_raw,regular_price,regular_price_raw,liquidation_price,liquidation_price_raw,sale_price,sale_price_raw,liquidation,url,link,image,image_url,product_id,sku,sku_formatted,availability,badges,discount_percent,price_sale_clean,price_original_clean
690,"Laval Fabreville, QC","Cintres pivotants compacts en velours Type A avec barre à pantalon, couleurs variées, paq. 40","Cintres pivotants compacts en velours Type A avec barre à pantalon, couleurs variées, paq. 40",12.93,"12,93 $",32.99,"32,99 $Était   et+ prix était à partir de 32,99 $",12.93,"12,93 $",12.93,"12,93 $",true,https://www.canadiantire.ca/fr/pdp/cintres-pivotants-compacts-en-velours-type-a-avec-barre-a-pantalon-couleurs-variees-paq-40-0688307p.html,https://www.canadiantire.ca/fr/pdp/cintres-pivotants-compacts-en-velours-type-a-avec-barre-a-pantalon-couleurs-variees-paq-40-0688307p.html,https://media-www.canadiantire.ca/product/living/home-organization/closet-organization/0688308/type-a-velvet-suit-hanger-black-10pk-4afb3f73-0449-46d6-975c-369ae2760de2-jpgrendition.jpg?im=whresize&wid=200&hei=200,https://media-www.canadiantire.ca/product/living/home-organization/closet-organization/0688308/type-a-velvet-suit-hanger-black-10pk-4afb3f73-0449-46d6-975c-369ae2760de2-jpgrendition.jpg?im=whresize&wid=200&hei=200,,0688307,068-8307,Vérifiez la disponibilité#068-8307X,Liquidation◊Mieux notés,60.81,"12,93","32,99"
690,"Laval Fabreville, QC","Ampoules à DEL à intensité variable à culot E12 NOMA B10, 2700K, 350 lumens, blanc chaud, 40 W, paq. 2","Ampoules à DEL à intensité variable à culot E12 NOMA B10, 2700K, 350 lumens, blanc chaud, 40 W, paq. 2",1.93,"1,93 $",12.99,"Était±  12,99 $prix était 12,99 $",1.93,"1,93 $",1.93,"1,93 $",true,https://www.canadiantire.ca/fr/pdp/ampoules-a-del-a-intensite-variable-a-culot-e12-noma-b10-2700k-350-lumens-blanc-chaud-40-w-paq-2-0529347p.html,https://www.canadiantire.ca/fr/pdp/ampoules-a-del-a-intensite-variable-a-culot-e12-noma-b10-2700k-350-lumens-blanc-chaud-40-w-paq-2-0529347p.html,https://media-www.canadiantire.ca/product/fixing/electrical/light-bulbs/0529347/noma-2-pack-40w-e12-soft-white-led-lightbulbs-2abc2edf-7b69-449d-b49f-8024c6332e19-jpgrendition.jpg?im=whresize&wid=200&hei=200,https://media-www.canadiantire.ca/product/fixing/electrical/light-bulbs/0529347/noma-2-pack-40w-e12-soft-white-led-lightbulbs-2abc2edf-7b69-449d-b49f-8024c6332e19-jpgrendition.jpg?im=whresize&wid=200&hei=200,,0529347,052-9347-8,0 En Stock#052-9347-8,Liquidation◊Exclusivité,85.14,"1,93","12,99"
690,"Laval Fabreville, QC","Chaise longue gonflable Fluid Roll'N Float, 152,4 x 76,2 cm (60 x 36 po), violet","Chaise longue gonflable Fluid Roll'N Float, 152,4 x 76,2 cm (60 x 36 po), violet",19.93,"19,93 $",49.99,"Était±  49,99 $prix était 49,99 $",19.93,"19,93 $",19.93,"19,93 $",true,https://www.canadiantire.ca/fr/pdp/chaise-longue-gonflable-fluid-roll-n-float-152-4-x-76-2-cm-60-x-36-po-violet-0813955p.html,https://www.canadiantire.ca/fr/pdp/chaise-longue-gonflable-fluid-roll-n-float-152-4-x-76-2-cm-60-x-36-po-violet-0813955p.html,https://media-www.canadiantire.ca/product/seasonal-gardening/backyard-fun/pool-fun/0813955/fluid-roll-n-float-pool-lounge-85af6e7e-35a6-4d5c-871d-9d4bd044e510-jpgrendition.jpg?im=whresize&wid=200&hei=200,https://media-www.canadiantire.ca/product/seasonal-gardening/backyard-fun/pool-fun/0813955/fluid-roll-n-float-pool-lounge-85af6e7e-35a6-4d5c-871d-9d4bd044e510-jpgrendition.jpg?im=whresize&wid=200&hei=200,,0813955,081-3955-6,Il n’en reste que 2 #081-3955-6,Liquidation◊Exclusivité,60.13,"19,93","49,99"
690,"Laval Fabreville, QC",Huitre à enfourcher flottante gonflable pour lac,Huitre à enfourcher flottante gonflable pour lac,39.93,"39,93 $",99.99,"Était±  99,99 $prix était 99,99 $",39.93,"39,93 $",39.93,"39,93 $",true,https://www.canadiantire.ca/fr/pdp/huitre-a-enfourcher-flottante-gonflable-pour-lac-0791411p.html,https://www.canadiantire.ca/fr/pdp/huitre-a-enfourcher-flottante-gonflable-pour-lac-0791411p.html,https://media-www.canadiantire.ca/product/playing/seasonal-recreation/marine-water-fun/0791411/clamshell-lake-inflatable-84c224b6-f74f-43cb-add7-f18aa0e52402-jpgrendition.jpg?im=whresize&wid=200&hei=200,https://media-www.canadiantire.ca/product/playing/seasonal-recreation/marine-water-fun/0791411/clamshell-lake-inflatable-84c224b6-f74f-43cb-add7-f18aa0e52402-jpgrendition.jpg?im=whresize&wid=200&hei=200,,0791411,079-1411-0,Il n’en reste que 2 #079-1411-0,Liquidation◊,60.07,"39,93","99,99"
690,"Laval Fabreville, QC","Support à pneus à tablette réglable MotoMaster, capacité de 300 lb","Support à pneus à tablette réglable MotoMaster, capacité de 300 lb",33.93,"33,93 $",74.99,"Était±  74,99 $prix était 74,99 $",33.93,"33,93 $",33.93,"33,93 $",true,https://www.canadiantire.ca/fr/pdp/support-a-pneus-a-tablette-reglable-motomaster-capacite-de-300-lb-0091537p.html,https://www.canadiantire.ca/fr/pdp/support-a-pneus-a-tablette-reglable-motomaster-capacite-de-300-lb-0091537p.html,https://media-www.canadiantire.ca/product/automotive/auto-maintenance/auto-shop-equipment-supplies/0091537/motomaster-adjustable-tire-storage-shelves-797f8bda-21ae-4374-ab65-dfc1341fe0c4-jpgrendition.jpg?im=whresize&wid=200&hei=200,https://media-www.canadiantire.ca/product/automotive/auto-maintenance/auto-shop-equipment-supplies/0091537/motomaster-adjustable-tire-storage-shelves-797f8bda-21ae-4374-ab65-dfc1341fe0c4-jpgrendition.jpg?im=whresize&wid=200&hei=200,,0091537,009-1537-0,Il n’en reste que 2 #009-1537-0,Liquidation◊Exclusivité,54.75,"33,93","74,99"
690,"Laval Fabreville, QC","Bibliothèque à cadre en métal à 5 niveaux avec rangement CANVAS Robson, fini chêne","Bibliothèque à cadre en métal à 5 niveaux avec rangement CANVAS Robson, fini chêne",139.93,"139,93 $",349.99,"Était±  349,99 $prix était 349,99 $",139.93,"139,93 $",139.93,"139,93 $",true,https://www.canadiantire.ca/fr/pdp/bibliotheque-a-cadre-en-metal-a-5-niveaux-avec-rangement-canvas-robson-fini-chene-1680047p.html,https://www.canadiantire.ca/fr/pdp/bibliotheque-a-cadre-en-metal-a-5-niveaux-avec-rangement-canvas-robson-fini-chene-1680047p.html,https://media-www.canadiantire.ca/product/living/home-decor/furniture/1680047/canvas-robson-wide-bookcase-cc404526-7e49-447a-b2ad-88a6bd2c5a81-jpgrendition.jpg?im=whresize&wid=200&hei=200,https://media-www.canadiantire.ca/product/living/home-decor/furniture/1680047/canvas-robson-wide-bookcase-cc404526-7e49-447a-b2ad-88a6bd2c5a81-jpgrendition.jpg?im=whresize&wid=200&hei=200,,1680047,168-0047-2,Il n’en reste que 4 #168-0047-2,Liquidation◊Mieux notés,60.02,"139,93","349,99"
690,"Laval Fabreville, QC","Kayak ouvert pour 1 personne Pelican Boost 100, lime, 10 pi","Kayak ouvert pour 1 personne Pelican Boost 100, lime, 10 pi",249.93,"249,93 $",549.99,"Était±  549,99 $prix était 549,99 $",249.93,"249,93 $",249.93,"249,93 $",true,https://www.canadiantire.ca/fr/pdp/kayak-ouvert-pour-1-personne-pelican-boost-100-lime-10-pi-0798554p.html,https://www.canadiantire.ca/fr/pdp/kayak-ouvert-pour-1-personne-pelican-boost-100-lime-10-pi-0798554p.html,https://media-www.canadiantire.ca/product/playing/seasonal-recreation/marine-water-fun/0798554/kayak-boost-100-6520c034-3b1f-4d10-8b4f-c5792b3fb834-jpgrendition.jpg?im=whresize&wid=200&hei=200,https://media-www.canadiantire.ca/product/playing/seasonal-recreation/marine-water-fun/0798554/kayak-boost-100-6520c034-3b1f-4d10-8b4f-c5792b3fb834-jpgrendition.jpg?im=whresize&wid=200&hei=200,,0798554,079-8554-8,Il n’en reste que 2 #079-8554-8,Liquidation◊Articles à succès,54.56,"249,93","549,99"
690,"Laval Fabreville, QC","Bibliothèque étroite à cadre en métal à 4 niveaux avec porte de rangement CANVAS Robson, fini chêne","Bibliothèque étroite à cadre en métal à 4 niveaux avec porte de rangement CANVAS Robson, fini chêne",119.93,"119,93 $",299.99,"Était±  299,99 $prix était 299,99 $",119.93,"119,93 $",119.93,"119,93 $",true,https://www.canadiantire.ca/fr/pdp/bibliotheque-etroite-a-cadre-en-metal-a-4-niveaux-avec-porte-de-rangement-canvas-robson-fini-chene-1680046p.html,https://www.canadiantire.ca/fr/pdp/bibliotheque-etroite-a-cadre-en-metal-a-4-niveaux-avec-porte-de-rangement-canvas-robson-fini-chene-1680046p.html,https://media-www.canadiantire.ca/product/living/home-decor/furniture/1680046/canvas-robson-narrow-bookcase-e1615183-0b8a-49f9-8dc3-0a09bf7290ad-jpgrendition.jpg?im=whresize&wid=200&hei=200,https://media-www.canadiantire.ca/product/living/home-decor/furniture/1680046/canvas-robson-narrow-bookcase-e1615183-0b8a-49f9-8dc3-0a09bf7290ad-jpgrendition.jpg?im=whresize&wid=200&hei=200,,1680046,168-0046-4,Il n’en reste que 3 #168-0046-4,Liquidation◊Articles à succès,60.02,"119,93","299,99"
690,"Laval Fabreville, QC","Fauteuil de salle à manger d'extérieur/de terrasse CANVAS Belwood en aluminium et osier, paq. 2","Fauteuil de salle à manger d'extérieur/de terrasse CANVAS Belwood en aluminium et osier, paq. 2",249.93,"249,93 $",499.99,"Était±  499,99 $prix était 499,99 $",249.93,"249,93 $",249.93,"249,93 $",true,https://www.canadiantire.ca/fr/pdp/fauteuil-de-salle-a-manger-d-exterieur-de-terrasse-canvas-belwood-en-aluminium-et-osier-paq-2-0880541p.html,https://www.canadiantire.ca/fr/pdp/fauteuil-de-salle-a-manger-d-exterieur-de-terrasse-canvas-belwood-en-aluminium-et-osier-paq-2-0880541p.html,https://media-www.canadiantire.ca/product/seasonal-gardening/backyard-living/outdoor-furniture/0880541/canvas-belwood-aluminum-dining-chair-2-pack-de38f891-c44a-49df-a4e2-897c643e77fb-jpgrendition.jpg?im=whresize&wid=200&hei=200,https://media-www.canadiantire.ca/product/seasonal-gardening/backyard-living/outdoor-furniture/0880541/canvas-belwood-aluminum-dining-chair-2-pack-de38f891-c44a-49df-a4e2-897c643e77fb-jpgrendition.jpg?im=whresize&wid=200&hei=200,,0880541,088-0541-4,Il n’en reste que 1 #088-0541-4,Liquidation◊Mieux notés,50.01,"249,93","499,99"
690,"Laval Fabreville, QC","Planche à pagaie pour 1 personne junior Pelican Vibe 80, lime, 8 pi","Planche à pagaie pour 1 personne junior Pelican Vibe 80, lime, 8 pi",149.93,"149,93 $",299.99,"Était±  299,99 $prix était 299,99 $",149.93,"149,93 $",149.93,"149,93 $",true,https://www.canadiantire.ca/fr/pdp/planche-a-pagaie-pour-1-personne-junior-pelican-vibe-80-lime-8-pi-0798536p.html,https://www.canadiantire.ca/fr/pdp/planche-a-pagaie-pour-1-personne-junior-pelican-vibe-80-lime-8-pi-0798536p.html,https://media-www.canadiantire.ca/product/playing/seasonal-recreation/marine-water-fun/0798536/sup-pelican-junior-vibe-80-908d32af-d15f-46f4-92d9-e57b6ad88a8f-jpgrendition.jpg?im=whresize&wid=200&hei=200,https://media-www.canadiantire.ca/product/playing/seasonal-recreation/marine-water-fun/0798536/sup-pelican-junior-vibe-80-908d32af-d15f-46f4-92d9-e57b6ad88a8f-jpgrendition.jpg?im=whresize&wid=200&hei=200,,0798536,079-8536-2,Il n’en reste que 2 #079-8536-2,Liquidation◊,50.02,"149,93","299,99"
690,"Laval Fabreville, QC","Ciseaux à prise confortable pour enfants de Merangue, pointe arrondie, couleurs variées, 5 po, paq. 2","Ciseaux à prise confortable pour enfants de Merangue, pointe arrondie, couleurs variées, 5 po, paq. 2",1.93,"1,93 $",3.99,"Était±  3,99 $prix était 3,99 $",1.93,"1,93 $",1.93,"1,93 $",true,https://www.canadiantire.ca/fr/pdp/ciseaux-a-prise-confortable-pour-enfants-de-merangue-pointe-arrondie-couleurs-variees-5-po-paq-2-1420189p.html,https://www.canadiantire.ca/fr/pdp/ciseaux-a-prise-confortable-pour-enfants-de-merangue-pointe-arrondie-couleurs-variees-5-po-paq-2-1420189p.html,https://media-www.canadiantire.ca/product/seasonal-gardening/toys/home-office-supplies/1420189/5-inch-scissors-2-pack-202ee474-b695-4995-8070-a8b862e0e850-jpgrendition.jpg?im=whresize&wid=200&hei=200,https://media-www.canadiantire.ca/product/seasonal-gardening/toys/home-office-supplies/1420189/5-inch-scissors-2-pack-202ee474-b695-4995-8070-a8b862e0e850-jpgrendition.jpg?im=whresize&wid=200&hei=200,,1420189,142-0189-4,Il n’en reste que 6 #142-0189-4,Liquidation◊Mieux notés,51.63,"1,93","3,99"
690,"Laval Fabreville, QC","Planche à pagaie pour 1 personne Pelican Flow 106, blanc et vert, 10 pi 6 po","Planche à pagaie pour 1 personne Pelican Flow 106, blanc et vert, 10 pi 6 po",299.93,"299,93 $",599.99,"Était±  599,99 $prix était 599,99 $",299.93,"299,93 $",299.93,"299,93 $",true,https://www.canadiantire.ca/fr/pdp/planche-a-pagaie-pour-1-personne-pelican-flow-106-blanc-et-vert-10-pi-6-po-0792044p.html,https://www.canadiantire.ca/fr/pdp/planche-a-pagaie-pour-1-personne-pelican-flow-106-blanc-et-vert-10-pi-6-po-0792044p.html,https://media-www.canadiantire.ca/product/playing/seasonal-recreation/marine-water-fun/0792044/pelican-flow-106-stand-up-paddle-board-7136f53a-71e5-4f0a-825f-eab92a92ff42-jpgrendition.jpg?im=whresize&wid=200&hei=200,https://media-www.canadiantire.ca/product/playing/seasonal-recreation/marine-water-fun/0792044/pelican-flow-106-stand-up-paddle-board-7136f53a-71e5-4f0a-825f-eab92a92ff42-jpgrendition.jpg?im=whresize&wid=200&hei=200,,0792044,079-2044-8,Il n’en reste que 2 #079-2044-8,Liquidation◊Mieux notés,50.01,"299,93","599,99"
690,"Laval Fabreville, QC",Ceinture de flottaison gonflable Helly Hansen,Ceinture de flottaison gonflable Helly Hansen,99.93,"99,93 $",219.99,"Était±  219,99 $prix était 219,99 $",99.93,"99,93 $",99.93,"99,93 $",true,https://www.canadiantire.ca/fr/pdp/ceinture-de-flottaison-gonflable-helly-hansen-0793041p.html,https://www.canadiantire.ca/fr/pdp/ceinture-de-flottaison-gonflable-helly-hansen-0793041p.html,https://media-www.canadiantire.ca/product/playing/seasonal-recreation/marine-water-fun/0793041/helly-hansen-personal-flotation-device-belt-inflate-242c3a5b-947d-400e-9648-0f3abaa0f59b-jpgrendition.jpg?im=whresize&wid=200&hei=200,https://media-www.canadiantire.ca/product/playing/seasonal-recreation/marine-water-fun/0793041/helly-hansen-personal-flotation-device-belt-inflate-242c3a5b-947d-400e-9648-0f3abaa0f59b-jpgrendition.jpg?im=whresize&wid=200&hei=200,,0793041,079-3041-8,Il n’en reste que 2 #079-3041-8,Liquidation◊Exclusivité,54.58,"99,93","219,99"
690,"Laval Fabreville, QC",Console escamotable CANVAS Nelson,Console escamotable CANVAS Nelson,124.93,"124,93 $",249.99,"Était±  249,99 $prix était 249,99 $",124.93,"124,93 $",124.93,"124,93 $",true,https://www.canadiantire.ca/fr/pdp/console-escamotable-canvas-nelson-1680098p.html,https://www.canadiantire.ca/fr/pdp/console-escamotable-canvas-nelson-1680098p.html,https://media-www.canadiantire.ca/product/living/home-decor/furniture/1680098/canvas-nelson-extending-console-desk-75ec90a9-b17e-4e01-b2a5-010b27fda019-jpgrendition.jpg?im=whresize&wid=200&hei=200,https://media-www.canadiantire.ca/product/living/home-decor/furniture/1680098/canvas-nelson-extending-console-desk-75ec90a9-b17e-4e01-b2a5-010b27fda019-jpgrendition.jpg?im=whresize&wid=200&hei=200,,1680098,168-0098-0,Il n’en reste que 2 #168-0098-0,Liquidation◊Articles à succès,50.03,"124,93","249,99"
690,"Laval Fabreville, QC","Support pour micro-ondes CANVAS Lawson, blanc","Support pour micro-ondes CANVAS Lawson, blanc",119.93,"119,93 $",299.99,"Était±  299,99 $prix était 299,99 $",119.93,"119,93 $",119.93,"119,93 $",true,https://www.canadiantire.ca/fr/pdp/support-pour-micro-ondes-canvas-lawson-blanc-1680134p.html,https://www.canadiantire.ca/fr/pdp/support-pour-micro-ondes-canvas-lawson-blanc-1680134p.html,https://media-www.canadiantire.ca/product/living/home-decor/furniture/1680134/canvas-lawson-console-microwave-stand-f18630e3-002e-4b03-b693-7ffde9e3382d-jpgrendition.jpg?im=whresize&wid=200&hei=200,https://media-www.canadiantire.ca/product/living/home-decor/furniture/1680134/canvas-lawson-console-microwave-stand-f18630e3-002e-4b03-b693-7ffde9e3382d-jpgrendition.jpg?im=whresize&wid=200&hei=200,,1680134,168-0134-4,Il n’en reste que 1 #168-0134-4,Liquidation◊Exclusivité,60.02,"119,93","299,99"
690,"Laval Fabreville, QC","Papier abrasif 3M Wetordry, 4 x 9 po, paq. 5","Papier abrasif 3M Wetordry, 4 x 9 po, paq. 5",2.93,"2,93 $",10.99,"10,99 $Était   et+ prix était à partir de 10,99 $",2.93,"2,93 $",2.93,"2,93 $",true,https://www.canadiantire.ca/fr/pdp/papier-abrasif-3m-wetordry-4-x-9-po-paq-5-0475844p.html,https://www.canadiantire.ca/fr/pdp/papier-abrasif-3m-wetordry-4-x-9-po-paq-5-0475844p.html,https://media-www.canadiantire.ca/product/automotive/car-care-accessories/auto-body-repair/0475842/3m-imperial-wetordry-sandpaper-p400-3f901c4f-8345-4630-9155-5ec371ea3509-jpgrendition.jpg?im=whresize&wid=200&hei=200,https://media-www.canadiantire.ca/product/automotive/car-care-accessories/auto-body-repair/0475842/3m-imperial-wetordry-sandpaper-p400-3f901c4f-8345-4630-9155-5ec371ea3509-jpgrendition.jpg?im=whresize&wid=200&hei=200,,0475844,047-5842,Vérifiez la disponibilité#047-5842X,Liquidation◊Mieux notés,73.34,"2,93","10,99"
690,"Laval Fabreville, QC","Applique d'extérieur NOMA Hemingway, 19,2 po, noir mat","Applique d'extérieur NOMA Hemingway, 19,2 po, noir mat",49.93,"49,93 $",109.99,"Était±  109,99 $prix était 109,99 $",49.93,"49,93 $",49.93,"49,93 $",true,https://www.canadiantire.ca/fr/pdp/applique-d-exterieur-noma-hemingway-19-2-po-noir-mat-1522791p.html,https://www.canadiantire.ca/fr/pdp/applique-d-exterieur-noma-hemingway-19-2-po-noir-mat-1522791p.html,https://media-www.canadiantire.ca/product/fixing/electrical/lighting/1522791/noma-hemingway-19-2a-outdoor-wall-sconce-e06c12ad-b641-4a75-aaae-a210989c086d-jpgrendition.jpg?im=whresize&wid=200&hei=200,https://media-www.canadiantire.ca/product/fixing/electrical/lighting/1522791/noma-hemingway-19-2a-outdoor-wall-sconce-e06c12ad-b641-4a75-aaae-a210989c086d-jpgrendition.jpg?im=whresize&wid=200&hei=200,,1522791,152-2791-2,Il n’en reste que 1 #152-2791-2,Liquidation◊Mieux notés,54.6,"49,93","109,99"
690,"Laval Fabreville, QC","Portemines à pression Merangue 0,7 mm, avec gomme et mines de rechange, paq. 5","Portemines à pression Merangue 0,7 mm, avec gomme et mines de rechange, paq. 5",1.93,"1,93 $",3.99,"Était±  3,99 $prix était 3,99 $",1.93,"1,93 $",1.93,"1,93 $",true,https://www.canadiantire.ca/fr/pdp/portemines-a-pression-merangue-0-7-mm-avec-gomme-et-mines-de-rechange-paq-5-1428920p.html,https://www.canadiantire.ca/fr/pdp/portemines-a-pression-merangue-0-7-mm-avec-gomme-et-mines-de-rechange-paq-5-1428920p.html,https://media-www.canadiantire.ca/product/seasonal-gardening/toys/home-office-supplies/1428920/5-pack-grip-click-combo-pencil-74c3b6d2-0c0a-4097-9ccd-1514c835ba40-jpgrendition.jpg?im=whresize&wid=200&hei=200,https://media-www.canadiantire.ca/product/seasonal-gardening/toys/home-office-supplies/1428920/5-pack-grip-click-combo-pencil-74c3b6d2-0c0a-4097-9ccd-1514c835ba40-jpgrendition.jpg?im=whresize&wid=200&hei=200,,1428920,142-8920-4,Il n’en reste que 5 #142-8920-4,Liquidation◊Mieux notés,51.63,"1,93","3,99"
690,"Laval Fabreville, QC","Tabouret de bar métal et bois CANVAS Union, paq. 2, brun","Tabouret de bar métal et bois CANVAS Union, paq. 2, brun",74.93,"74,93 $",229.99,"Était±  229,99 $prix était 229,99 $",74.93,"74,93 $",74.93,"74,93 $",true,https://www.canadiantire.ca/fr/pdp/tabouret-de-bar-metal-et-bois-canvas-union-paq-2-brun-0687563p.html,https://www.canadiantire.ca/fr/pdp/tabouret-de-bar-metal-et-bois-canvas-union-paq-2-brun-0687563p.html,https://media-www.canadiantire.ca/product/living/home-decor/furniture/0687563/canvas-union-stool-2-pk-29ecf7e3-3af9-4631-ab03-ba8946104db3-jpgrendition.jpg?im=whresize&wid=200&hei=200,https://media-www.canadiantire.ca/product/living/home-decor/furniture/0687563/canvas-union-stool-2-pk-29ecf7e3-3af9-4631-ab03-ba8946104db3-jpgrendition.jpg?im=whresize&wid=200&hei=200,,0687563,068-7563-8,Il n’en reste que 3 #068-7563-8,Liquidation◊Mieux notés,67.42,"74,93","229,99"
690,"Laval Fabreville, QC",Shark HyperAIR IQ - Sèche-cheveux ionique à séchage rapide avec concentrateur 2-en-1,Shark HyperAIR IQ - Sèche-cheveux ionique à séchage rapide avec concentrateur 2-en-1,99.93,"99,93 $",249.99,"Était±  249,99 $prix était 249,99 $",99.93,"99,93 $",99.93,"99,93 $",true,https://www.canadiantire.ca/fr/pdp/shark-hyperair-iq-seche-cheveux-ionique-a-sechage-rapide-avec-concentrateur-2-en-1-0438670p.html,https://www.canadiantire.ca/fr/pdp/shark-hyperair-iq-seche-cheveux-ionique-a-sechage-rapide-avec-concentrateur-2-en-1-0438670p.html,https://media-www.canadiantire.ca/product/living/personal-garment-care/personal-care/0438670/shark-hyperair-fast-drying-ionic-hair-dryer-9754f838-add4-4a69-ac79-92451a52ad69-jpgrendition.jpg?im=whresize&wid=200&hei=200,https://media-www.canadiantire.ca/product/living/personal-garment-care/personal-care/0438670/shark-hyperair-fast-drying-ionic-hair-dryer-9754f838-add4-4a69-ac79-92451a52ad69-jpgrendition.jpg?im=whresize&wid=200&hei=200,,0438670,043-8670-4,9 En Stock#043-8670-4,Liquidation◊,60.03,"99,93","249,99"
690,"Laval Fabreville, QC","Applique murale d'extérieur NOMA Dusk to Dawn, 13 po","Applique murale d'extérieur NOMA Dusk to Dawn, 13 po",39.93,"39,93 $",89.99,"Était±  89,99 $prix était 89,99 $",39.93,"39,93 $",39.93,"39,93 $",true,https://www.canadiantire.ca/fr/pdp/applique-murale-d-exterieur-noma-dusk-to-dawn-13-po-1522792p.html,https://www.canadiantire.ca/fr/pdp/applique-murale-d-exterieur-noma-dusk-to-dawn-13-po-1522792p.html,https://media-www.canadiantire.ca/product/fixing/electrical/lighting/1522792/noma-dusk-to-dawn-13a-outdoor-wall-sconce-523c1a7b-8575-4e83-a368-e2a01e78270a-jpgrendition.jpg?im=whresize&wid=200&hei=200,https://media-www.canadiantire.ca/product/fixing/electrical/lighting/1522792/noma-dusk-to-dawn-13a-outdoor-wall-sconce-523c1a7b-8575-4e83-a368-e2a01e78270a-jpgrendition.jpg?im=whresize&wid=200&hei=200,,1522792,152-2792-0,Il n’en reste que 4 #152-2792-0,Liquidation◊Mieux notés,55.63,"39,93","89,99"
690,"Laval Fabreville, QC",ProForm 550R - Rameur avec volant d'inertie amélioré,ProForm 550R - Rameur avec volant d'inertie amélioré,399.93,"399,93 $",799.99,"Était±  799,99 $prix était 799,99 $",399.93,"399,93 $",399.93,"399,93 $",true,https://www.canadiantire.ca/fr/pdp/proform-550r-rameur-avec-volant-d-inertie-ameliore-1841274p.html,https://www.canadiantire.ca/fr/pdp/proform-550r-rameur-avec-volant-d-inertie-ameliore-1841274p.html,https://media-www.canadiantire.ca/product/playing/exercise/cardio-equipment-accessories/1841274/proform-550r-fitness-rower-966195c1-f36f-485b-acd9-aad222347516-jpgrendition.jpg?im=whresize&wid=200&hei=200,https://media-www.canadiantire.ca/product/playing/exercise/cardio-equipment-accessories/1841274/proform-550r-fitness-rower-966195c1-f36f-485b-acd9-aad222347516-jpgrendition.jpg?im=whresize&wid=200&hei=200,,1841274,184-1274-4,Il n’en reste que 3 #184-1274-4,Liquidation◊,50.01,"399,93","799,99"
690,"Laval Fabreville, QC","Trousse à crayons avec breloques en silicone Merangue, fournitures de bureau à domicile variées","Trousse à crayons avec breloques en silicone Merangue, fournitures de bureau à domicile variées",2.43,"2,43 $",4.99,"Était±  4,99 $prix était 4,99 $",2.43,"2,43 $",2.43,"2,43 $",true,https://www.canadiantire.ca/fr/pdp/trousse-a-crayons-avec-breloques-en-silicone-merangue-fournitures-de-bureau-a-domicile-variees-2420334p.html,https://www.canadiantire.ca/fr/pdp/trousse-a-crayons-avec-breloques-en-silicone-merangue-fournitures-de-bureau-a-domicile-variees-2420334p.html,https://media-www.canadiantire.ca/product/seasonal-gardening/toys/home-office-supplies/2420334/silicone-pencil-case-with-charms-assorted-335d8391-7fe2-4322-bed0-800321ffb231-jpgrendition.jpg?im=whresize&wid=200&hei=200,https://media-www.canadiantire.ca/product/seasonal-gardening/toys/home-office-supplies/2420334/silicone-pencil-case-with-charms-assorted-335d8391-7fe2-4322-bed0-800321ffb231-jpgrendition.jpg?im=whresize&wid=200&hei=200,,2420334,242-0334-0,Il n’en reste que 1 #242-0334-0,Liquidation◊Mieux notés,51.3,"2,43","4,99"
690,"Laval Fabreville, QC","Ventilateur de plafond d'extérieur NOMA Nova à 3 pales, éclairage à DEL et télécommande, 60 po, noir mat","Ventilateur de plafond d'extérieur NOMA Nova à 3 pales, éclairage à DEL et télécommande, 60 po, noir mat",199.93,"199,93 $",429.99,"Était±  429,99 $prix était 429,99 $",199.93,"199,93 $",199.93,"199,93 $",true,https://www.canadiantire.ca/fr/pdp/ventilateur-de-plafond-d-exterieur-noma-nova-a-3-pales-eclairage-a-del-et-telecommande-60-po-noir-mat-0529604p.html,https://www.canadiantire.ca/fr/pdp/ventilateur-de-plafond-d-exterieur-noma-nova-a-3-pales-eclairage-a-del-et-telecommande-60-po-noir-mat-0529604p.html,https://media-www.canadiantire.ca/product/living/home-decor/ceiling-fans/0529604/noma-nova-60-ceiling-fan-dc66e8f5-bf6d-48ca-8ff5-d640e66582e1-jpgrendition.jpg?im=whresize&wid=200&hei=200,https://media-www.canadiantire.ca/product/living/home-decor/ceiling-fans/0529604/noma-nova-60-ceiling-fan-dc66e8f5-bf6d-48ca-8ff5-d640e66582e1-jpgrendition.jpg?im=whresize&wid=200&hei=200,,0529604,052-9604-6,Il n’en reste que 2 #052-9604-6,Liquidation◊Exclusivité,53.5,"199,93","429,99"
690,"Laval Fabreville, QC","Housse/étui de protection pour rasoir Outbound, pour le camping, les randonnées et les voyages, convient aux rasoirs standard","Housse/étui de protection pour rasoir Outbound, pour le camping, les randonnées et les voyages, convient aux rasoirs standard",0.73,"0,73 $",1.99,"Était±  1,99 $prix était 1,99 $",0.73,"0,73 $",0.73,"0,73 $",true,https://www.canadiantire.ca/fr/pdp/housse-etui-de-protection-pour-rasoir-outbound-pour-le-camping-les-randonnees-et-les-voyages-convient-aux-rasoirs-standard-0763292p.html,https://www.canadiantire.ca/fr/pdp/housse-etui-de-protection-pour-rasoir-outbound-pour-le-camping-les-randonnees-et-les-voyages-convient-aux-rasoirs-standard-0763292p.html,https://media-www.canadiantire.ca/product/playing/camping/camping-accessories/0763292/outbound-razor-cover-b88ada25-215a-480e-b8c2-267d37bd09bd-jpgrendition.jpg?im=whresize&wid=200&hei=200,https://media-www.canadiantire.ca/product/playing/camping/camping-accessories/0763292/outbound-razor-cover-b88ada25-215a-480e-b8c2-267d37bd09bd-jpgrendition.jpg?im=whresize&wid=200&hei=200,,0763292,076-3292-6,Il n’en reste que 7 #076-3292-6,Liquidation◊Exclusivité,63.32,"0,73","1,99"
690,"Laval Fabreville, QC","Revêtement antidérapant DAP Tank Bond Liquid Grip pour fixations, vis et boulons, 6 mL","Revêtement antidérapant DAP Tank Bond Liquid Grip pour fixations, vis et boulons, 6 mL",2.93,"2,93 $",13.99,"Était±  13,99 $prix était 13,99 $",2.93,"2,93 $",2.93,"2,93 $",true,https://www.canadiantire.ca/fr/pdp/revetement-antiderapant-dap-tank-bond-liquid-grip-pour-fixations-vis-et-boulons-6-ml-0670057p.html,https://www.canadiantire.ca/fr/pdp/revetement-antiderapant-dap-tank-bond-liquid-grip-pour-fixations-vis-et-boulons-6-ml-0670057p.html,https://media-www.canadiantire.ca/product/fixing/paint/surface-prep-maintenance/0670057/dap-tank-bond-liquid-grip-74962919-e563-41c7-a786-f07ef6736345-jpgrendition.jpg?im=whresize&wid=200&hei=200,https://media-www.canadiantire.ca/product/fixing/paint/surface-prep-maintenance/0670057/dap-tank-bond-liquid-grip-74962919-e563-41c7-a786-f07ef6736345-jpgrendition.jpg?im=whresize&wid=200&hei=200,,0670057,067-0057-8,Il n’en reste que 2 #067-0057-8,Liquidation◊,79.06,"2,93","13,99"
690,"Laval Fabreville, QC","Table de soccer de table Ambassador, fini bois, 48 po","Table de soccer de table Ambassador, fini bois, 48 po",69.93,"69,93 $",169.99,"Était±  169,99 $prix était 169,99 $",69.93,"69,93 $",69.93,"69,93 $",true,https://www.canadiantire.ca/fr/pdp/table-de-soccer-de-table-ambassador-fini-bois-48-po-1840106p.html,https://www.canadiantire.ca/fr/pdp/table-de-soccer-de-table-ambassador-fini-bois-48-po-1840106p.html,https://media-www.canadiantire.ca/product/playing/team-sports-and-golf/sports-equipment-accessories/1840106/-48-foosball--7b2776e4-d562-4d02-bb52-ff449d124dde-jpgrendition.jpg?im=whresize&wid=200&hei=200,https://media-www.canadiantire.ca/product/playing/team-sports-and-golf/sports-equipment-accessories/1840106/-48-foosball--7b2776e4-d562-4d02-bb52-ff449d124dde-jpgrendition.jpg?im=whresize&wid=200&hei=200,,1840106,184-0106-2,Il n’en reste que 2 #184-0106-2,Liquidation◊,58.86,"69,93","169,99"
690,"Laval Fabreville, QC","Pêne dormant électronique EZSET, noir mat","Pêne dormant électronique EZSET, noir mat",49.93,"49,93 $",99.99,"Était±  99,99 $prix était 99,99 $",49.93,"49,93 $",49.93,"49,93 $",true,https://www.canadiantire.ca/fr/pdp/pene-dormant-electronique-ezset-noir-mat-0463552p.html,https://www.canadiantire.ca/fr/pdp/pene-dormant-electronique-ezset-noir-mat-0463552p.html,https://media-www.canadiantire.ca/product/fixing/hardware/curb-appeal/0463552/ezset-electronic-dead-bolt-matt-black-525bd051-9543-442b-bdf9-129b04547ed3-jpgrendition.jpg?im=whresize&wid=200&hei=200,https://media-www.canadiantire.ca/product/fixing/hardware/curb-appeal/0463552/ezset-electronic-dead-bolt-matt-black-525bd051-9543-442b-bdf9-129b04547ed3-jpgrendition.jpg?im=whresize&wid=200&hei=200,,0463552,046-3552-0,Il n’en reste que 1 #046-3552-0,Liquidation◊Articles à succès,50.07,"49,93","99,99"
690,"Laval Fabreville, QC","Vermont Castings Woodland - Barbecue à granules, 750 po2","Vermont Castings Woodland - Barbecue à granules, 750 po2",499.93,"499,93 $",1099.99,"Était±  1 099,99 $prix était 1 099,99 $",499.93,"499,93 $",499.93,"499,93 $",true,https://www.canadiantire.ca/fr/pdp/vermont-castings-woodland-barbecue-a-granules-750-po2-0853172p.html,https://www.canadiantire.ca/fr/pdp/vermont-castings-woodland-barbecue-a-granules-750-po2-0853172p.html,https://media-www.canadiantire.ca/product/seasonal-gardening/backyard-living/outdoor-cooking/0853172/vermont-castings-750-sq-in-pellet-grill-051dbc41-66b7-4c1f-a767-bce664c8ff7f-jpgrendition.jpg?im=whresize&wid=200&hei=200,https://media-www.canadiantire.ca/product/seasonal-gardening/backyard-living/outdoor-cooking/0853172/vermont-castings-750-sq-in-pellet-grill-051dbc41-66b7-4c1f-a767-bce664c8ff7f-jpgrendition.jpg?im=whresize&wid=200&hei=200,,0853172,085-3172-0,Il n’en reste que 1 #085-3172-0,Liquidation◊Exclusivité,54.55,"499,93","1099,99"
690,"Laval Fabreville, QC","Ballons en latex à sculpter animal, multicolore, 11 po, paq. 25, pour fête d'anniversaire","Ballons en latex à sculpter animal, multicolore, 11 po, paq. 25, pour fête d'anniversaire",1.93,"1,93 $",3.99,"3,99 $Était   et+ prix était à partir de 3,99 $",1.93,"1,93 $",1.93,"1,93 $",true,https://www.canadiantire.ca/fr/pdp/ballons-en-latex-a-sculpter-animal-multicolore-11-po-paq-25-pour-fete-d-anniversaire-8421436p.html,https://www.canadiantire.ca/fr/pdp/ballons-en-latex-a-sculpter-animal-multicolore-11-po-paq-25-pour-fete-d-anniversaire-8421436p.html,https://media-www.partycity.ca/product/seasonal-gardening/party-city-everyday/party-city-party-supplies-decor/8421436/animal-ltx-pkg-2789b382-9fb7-40ca-bd05-bbad950650fc-jpgrendition.jpg?im=whresize&wid=200&hei=200,https://media-www.partycity.ca/product/seasonal-gardening/party-city-everyday/party-city-party-supplies-decor/8421436/animal-ltx-pkg-2789b382-9fb7-40ca-bd05-bbad950650fc-jpgrendition.jpg?im=whresize&wid=200&hei=200,,8421436,842-1436-4,13 En Stock#842-1436-4,Liquidation◊Mieux notés,51.63,"1,93","3,99"
690,"Laval Fabreville, QC","Barre pour porte à 4 crochets Peerless Devoe, acier, argent","Barre pour porte à 4 crochets Peerless Devoe, acier, argent",9.93,"9,93 $",19.99,"Était±  19,99 $prix était 19,99 $",9.93,"9,93 $",9.93,"9,93 $",true,https://www.canadiantire.ca/fr/pdp/barre-pour-porte-a-4-crochets-peerless-devoe-acier-argent-0465612p.html,https://www.canadiantire.ca/fr/pdp/barre-pour-porte-a-4-crochets-peerless-devoe-acier-argent-0465612p.html,https://media-www.canadiantire.ca/product/living/home-decor/decor-accents/0465612/peerless-devoe-over-the-door-rail-with-4-double-hooks-4097e20e-7f0d-434c-bb47-46523c53d45f-jpgrendition.jpg?im=whresize&wid=200&hei=200,https://media-www.canadiantire.ca/product/living/home-decor/decor-accents/0465612/peerless-devoe-over-the-door-rail-with-4-double-hooks-4097e20e-7f0d-434c-bb47-46523c53d45f-jpgrendition.jpg?im=whresize&wid=200&hei=200,,0465612,046-5612-6,Il n’en reste que 1 #046-5612-6,Liquidation◊Mieux notés,50.33,"9,93","19,99"
690,"Laval Fabreville, QC","Lampe de travail et haut-parleur 4-en-1 MotoMaster, 1000 lumens","Lampe de travail et haut-parleur 4-en-1 MotoMaster, 1000 lumens",41.93,"41,93 $",99.99,"Était±  99,99 $prix était 99,99 $",41.93,"41,93 $",41.93,"41,93 $",true,https://www.canadiantire.ca/fr/pdp/lampe-de-travail-et-haut-parleur-4-en-1-motomaster-1000-lumens-0379893p.html,https://www.canadiantire.ca/fr/pdp/lampe-de-travail-et-haut-parleur-4-en-1-motomaster-1000-lumens-0379893p.html,https://media-www.canadiantire.ca/product/automotive/car-care-accessories/auto-accessories/0379893/4-in-1-worklight-and-speaker-3befce74-4dcc-4ce2-b1f7-96297e54aa10-jpgrendition.jpg?im=whresize&wid=200&hei=200,https://media-www.canadiantire.ca/product/automotive/car-care-accessories/auto-accessories/0379893/4-in-1-worklight-and-speaker-3befce74-4dcc-4ce2-b1f7-96297e54aa10-jpgrendition.jpg?im=whresize&wid=200&hei=200,,0379893,037-9893-4,11 En Stock#037-9893-4,Liquidation◊Mieux notés,58.07,"41,93","99,99"
690,"Laval Fabreville, QC","Sangles de bâche Stanley, 15 po, paq. 10","Sangles de bâche Stanley, 15 po, paq. 10",14.93,"14,93 $",32.99,"Était±  32,99 $prix était 32,99 $",14.93,"14,93 $",14.93,"14,93 $",true,https://www.canadiantire.ca/fr/pdp/sangles-de-bache-stanley-15-po-paq-10-0402962p.html,https://www.canadiantire.ca/fr/pdp/sangles-de-bache-stanley-15-po-paq-10-0402962p.html,https://media-www.canadiantire.ca/product/automotive/automotive-outdoor-adventure/tarps-cords/0402962/stanley-tarp-strap-15-10pk--a4df2f3b-9211-48c2-840e-81c7079ba9f3-jpgrendition.jpg?im=whresize&wid=200&hei=200,https://media-www.canadiantire.ca/product/automotive/automotive-outdoor-adventure/tarps-cords/0402962/stanley-tarp-strap-15-10pk--a4df2f3b-9211-48c2-840e-81c7079ba9f3-jpgrendition.jpg?im=whresize&wid=200&hei=200,,0402962,040-2962-2,Il n’en reste que 1 #040-2962-2,Liquidation◊Mieux notés,54.74,"14,93","32,99"
690,"Laval Fabreville, QC",Chaise de camping pliante Woods Terra Powerlite avec plateforme de sable/neige et étui de transport,Chaise de camping pliante Woods Terra Powerlite avec plateforme de sable/neige et étui de transport,39.93,"39,93 $",84.99,"Était±  84,99 $prix était 84,99 $",39.93,"39,93 $",39.93,"39,93 $",true,https://www.canadiantire.ca/fr/pdp/chaise-de-camping-pliante-woods-terra-powerlite-avec-plateforme-de-sable-neige-et-etui-de-transport-0763212p.html,https://www.canadiantire.ca/fr/pdp/chaise-de-camping-pliante-woods-terra-powerlite-avec-plateforme-de-sable-neige-et-etui-de-transport-0763212p.html,https://media-www.canadiantire.ca/product/playing/camping/camping-furniture/0763212/woods-terra-powerlite-chair-0049ffb3-4e8a-4133-bf02-75a91c87dcf0-jpgrendition.jpg?im=whresize&wid=200&hei=200,https://media-www.canadiantire.ca/product/playing/camping/camping-furniture/0763212/woods-terra-powerlite-chair-0049ffb3-4e8a-4133-bf02-75a91c87dcf0-jpgrendition.jpg?im=whresize&wid=200&hei=200,,0763212,076-3212-8,Il n’en reste que 2 #076-3212-8,Liquidation◊Exclusivité,53.02,"39,93","84,99"
690,"Laval Fabreville, QC","Liquide de préparation Evans, 1 gal","Liquide de préparation Evans, 1 gal",6.93,"6,93 $",49.99,"Était±  49,99 $prix était 49,99 $",6.93,"6,93 $",6.93,"6,93 $",true,https://www.canadiantire.ca/fr/pdp/liquide-de-preparation-evans-1-gal-0293102p.html,https://www.canadiantire.ca/fr/pdp/liquide-de-preparation-evans-1-gal-0293102p.html,https://media-www.canadiantire.ca/product/automotive/auto-maintenance/auto-fluids/0293102/evans-prep-fluid-1gal-5e8adf31-ac7c-40e9-9306-c6aa92e46670-jpgrendition.jpg?im=whresize&wid=200&hei=200,https://media-www.canadiantire.ca/product/automotive/auto-maintenance/auto-fluids/0293102/evans-prep-fluid-1gal-5e8adf31-ac7c-40e9-9306-c6aa92e46670-jpgrendition.jpg?im=whresize&wid=200&hei=200,,0293102,029-3102-4,Il n’en reste que 4 #029-3102-4,Liquidation◊Mieux notés,86.14,"6,93","49,99"
690,"Laval Fabreville, QC","Haut antifrottements Outbound à manches courtes, extensible, protection UV, hommes, bleu colvert","Haut antifrottements Outbound à manches courtes, extensible, protection UV, hommes, bleu colvert",7.93,"7,93 $",19.99,"19,99 $Était   et+ prix était à partir de 19,99 $",7.93,"7,93 $",7.93,"7,93 $",true,https://www.canadiantire.ca/fr/pdp/haut-antifrottements-outbound-a-manches-courtes-extensible-protection-uv-hommes-bleu-colvert-1873380p.html,https://www.canadiantire.ca/fr/pdp/haut-antifrottements-outbound-a-manches-courtes-extensible-protection-uv-hommes-bleu-colvert-1873380p.html,https://media-www.canadiantire.ca/product/playing/footwear-apparel/summer-footwear-apparel/1873380/outbound-upf-short-sleeve-rashguard-mallard-blue-men-m-0a3d2691-bda6-4f82-a09a-81210cb8ec14-jpgrendition.jpg?im=whresize&wid=200&hei=200,https://media-www.canadiantire.ca/product/playing/footwear-apparel/summer-footwear-apparel/1873380/outbound-upf-short-sleeve-rashguard-mallard-blue-men-m-0a3d2691-bda6-4f82-a09a-81210cb8ec14-jpgrendition.jpg?im=whresize&wid=200&hei=200,,1873380,187-3380,Vérifiez la disponibilité#187-3380X,Liquidation◊Mieux notés,60.33,"7,93","19,99"
690,"Laval Fabreville, QC","Disques volants portatifs pour l'extérieur Kan Jam, jaune/noir, 8 ans et plus, pour activités de jeu de pelouse","Disques volants portatifs pour l'extérieur Kan Jam, jaune/noir, 8 ans et plus, pour activités de jeu de pelouse",44.93,"44,93 $",89.99,"Était±  89,99 $prix était 89,99 $",44.93,"44,93 $",44.93,"44,93 $",true,https://www.canadiantire.ca/fr/pdp/disques-volants-portatifs-pour-l-exterieur-kan-jam-jaune-noir-8-ans-et-plus-pour-activites-de-jeu-de-pelouse-1840761p.html,https://www.canadiantire.ca/fr/pdp/disques-volants-portatifs-pour-l-exterieur-kan-jam-jaune-noir-8-ans-et-plus-pour-activites-de-jeu-de-pelouse-1840761p.html,https://media-www.canadiantire.ca/product/seasonal-gardening/backyard-fun/backyard-amusement/1840761/kan-jam-97e5a4da-da13-43a1-b181-6757efec4cb0-jpgrendition.jpg?im=whresize&wid=200&hei=200,https://media-www.canadiantire.ca/product/seasonal-gardening/backyard-fun/backyard-amusement/1840761/kan-jam-97e5a4da-da13-43a1-b181-6757efec4cb0-jpgrendition.jpg?im=whresize&wid=200&hei=200,,1840761,184-0761-0,Il n’en reste que 2 #184-0761-0,Liquidation◊,50.07,"44,93","89,99"
690,"Laval Fabreville, QC","Système d'organisation de la lessive Type A Linear à 1 unité, blanc","Système d'organisation de la lessive Type A Linear à 1 unité, blanc",19.95,"19,95 $",99.99,"Était±  99,99 $prix était 99,99 $",19.95,"19,95 $",19.95,"19,95 $",true,https://www.canadiantire.ca/fr/pdp/systeme-d-organisation-de-la-lessive-type-a-linear-a-1-unite-blanc-2420003p.html,https://www.canadiantire.ca/fr/pdp/systeme-d-organisation-de-la-lessive-type-a-linear-a-1-unite-blanc-2420003p.html,https://media-www.canadiantire.ca/product/living/home-organization/laundry/2420003/type-a-single-unit-laundry-organization-system-bdd82a3e-249f-4a5e-8f15-c46219c7a1b7-jpgrendition.jpg?im=whresize&wid=200&hei=200,https://media-www.canadiantire.ca/product/living/home-organization/laundry/2420003/type-a-single-unit-laundry-organization-system-bdd82a3e-249f-4a5e-8f15-c46219c7a1b7-jpgrendition.jpg?im=whresize&wid=200&hei=200,,2420003,242-0003-8,67 En Stock#242-0003-8,Liquidation◊Mieux notés,80.05,"19,95","99,99"
690,"Laval Fabreville, QC","Tabouret de bar réglable FOR LIVING avec dossier incurvé, noir","Tabouret de bar réglable FOR LIVING avec dossier incurvé, noir",79.93,"79,93 $",199.99,"Était±  199,99 $prix était 199,99 $",79.93,"79,93 $",79.93,"79,93 $",true,https://www.canadiantire.ca/fr/pdp/tabouret-de-bar-reglable-for-living-avec-dossier-incurve-noir-1680124p.html,https://www.canadiantire.ca/fr/pdp/tabouret-de-bar-reglable-for-living-avec-dossier-incurve-noir-1680124p.html,https://media-www.canadiantire.ca/product/living/home-decor/furniture/1680124/for-living-adjustable-bar-stool-a5255c71-f960-41f9-a8f1-6cdbaf086b0c-jpgrendition.jpg?im=whresize&wid=200&hei=200,https://media-www.canadiantire.ca/product/living/home-decor/furniture/1680124/for-living-adjustable-bar-stool-a5255c71-f960-41f9-a8f1-6cdbaf086b0c-jpgrendition.jpg?im=whresize&wid=200&hei=200,,1680124,168-0124-8,Il n’en reste que 1 #168-0124-8,Liquidation◊Exclusivité,60.03,"79,93","199,99"
690,"Laval Fabreville, QC",Coussin de chaise longue CANVAS Helene,Coussin de chaise longue CANVAS Helene,69.93,"69,93 $",154.99,"Était±  154,99 $prix était 154,99 $",69.93,"69,93 $",69.93,"69,93 $",true,https://www.canadiantire.ca/fr/pdp/coussin-de-chaise-longue-canvas-helene-0882515p.html,https://www.canadiantire.ca/fr/pdp/coussin-de-chaise-longue-canvas-helene-0882515p.html,https://media-www.canadiantire.ca/product/seasonal-gardening/backyard-living/outdoor-living-accessories/0882515/canvas-adelaide-lounger-cushion-a0e7f217-2034-456f-98bb-6eea1e163b80-jpgrendition.jpg?im=whresize&wid=200&hei=200,https://media-www.canadiantire.ca/product/seasonal-gardening/backyard-living/outdoor-living-accessories/0882515/canvas-adelaide-lounger-cushion-a0e7f217-2034-456f-98bb-6eea1e163b80-jpgrendition.jpg?im=whresize&wid=200&hei=200,,0882515,088-2515-6,Il n’en reste que 1 #088-2515-6,Liquidation◊Mieux notés,54.88,"69,93","154,99"
690,"Laval Fabreville, QC","Stylos à pointe en feutre Papermate Flair Bold, couleurs variées, paq. 6","Stylos à pointe en feutre Papermate Flair Bold, couleurs variées, paq. 6",4.93,"4,93 $",10.99,"Était±  10,99 $prix était 10,99 $",4.93,"4,93 $",4.93,"4,93 $",true,https://www.canadiantire.ca/fr/pdp/stylos-a-pointe-en-feutre-papermate-flair-bold-couleurs-variees-paq-6-2420369p.html,https://www.canadiantire.ca/fr/pdp/stylos-a-pointe-en-feutre-papermate-flair-bold-couleurs-variees-paq-6-2420369p.html,https://media-www.canadiantire.ca/product/seasonal-gardening/toys/home-office-supplies/2420369/papermate-flair-bold-6ct-asst-41d68083-58ba-4f3b-a8cd-a52d05284c54-jpgrendition.jpg?im=whresize&wid=200&hei=200,https://media-www.canadiantire.ca/product/seasonal-gardening/toys/home-office-supplies/2420369/papermate-flair-bold-6ct-asst-41d68083-58ba-4f3b-a8cd-a52d05284c54-jpgrendition.jpg?im=whresize&wid=200&hei=200,,2420369,242-0369-8,15 En Stock#242-0369-8,Liquidation◊Mieux notés,55.14,"4,93","10,99"
690,"Laval Fabreville, QC","Course à obstacles Ripline Ninja, paq. 35, 5 ans et plus","Course à obstacles Ripline Ninja, paq. 35, 5 ans et plus",48.43,"48,43 $",99.99,"Était±  99,99 $prix était 99,99 $",48.43,"48,43 $",48.43,"48,43 $",true,https://www.canadiantire.ca/fr/pdp/course-a-obstacles-ripline-ninja-paq-35-5-ans-et-plus-0847278p.html,https://www.canadiantire.ca/fr/pdp/course-a-obstacles-ripline-ninja-paq-35-5-ans-et-plus-0847278p.html,https://media-www.canadiantire.ca/product/seasonal-gardening/backyard-fun/backyard-amusement/0847278/ripline-ninja-obstacle-course-5b68cd59-511a-46b3-9d1f-721053581b6c-jpgrendition.jpg?im=whresize&wid=200&hei=200,https://media-www.canadiantire.ca/product/seasonal-gardening/backyard-fun/backyard-amusement/0847278/ripline-ninja-obstacle-course-5b68cd59-511a-46b3-9d1f-721053581b6c-jpgrendition.jpg?im=whresize&wid=200&hei=200,,0847278,084-7278-8,Il n’en reste que 1 #084-7278-8,Liquidation◊Mieux notés,51.57,"48,43","99,99"
690,"Laval Fabreville, QC","Contenants transparents Clearlock avec base TritanMC, emboîtables, 6 pièces","Contenants transparents Clearlock avec base TritanMC, emboîtables, 6 pièces",17.93,"17,93 $",37.99,"Était±  37,99 $prix était 37,99 $",17.93,"17,93 $",17.93,"17,93 $",true,https://www.canadiantire.ca/fr/pdp/contenants-transparents-clearlock-avec-base-tritan-sup-mc-sup-emboitables-6-pieces-2421066p.html,https://www.canadiantire.ca/fr/pdp/contenants-transparents-clearlock-avec-base-tritan-sup-mc-sup-emboitables-6-pieces-2421066p.html,https://media-www.canadiantire.ca/product/living/kitchen/food-storage/2421066/clearlock-6-pc-set-f2aae91f-ae59-4671-8c8f-58cf5c7ad994-jpgrendition.jpg?im=whresize&wid=200&hei=200,https://media-www.canadiantire.ca/product/living/kitchen/food-storage/2421066/clearlock-6-pc-set-f2aae91f-ae59-4671-8c8f-58cf5c7ad994-jpgrendition.jpg?im=whresize&wid=200&hei=200,,2421066,242-1066-2,Il n’en reste que 1 #242-1066-2,Liquidation◊,52.8,"17,93","37,99"
690,"Laval Fabreville, QC","Lampe de travail à DEL portative à pince MotoMaster, 500 lumens","Lampe de travail à DEL portative à pince MotoMaster, 500 lumens",24.93,"24,93 $",62.99,"Était±  62,99 $prix était 62,99 $",24.93,"24,93 $",24.93,"24,93 $",true,https://www.canadiantire.ca/fr/pdp/lampe-de-travail-a-del-portative-a-pince-motomaster-500-lumens-0376391p.html,https://www.canadiantire.ca/fr/pdp/lampe-de-travail-a-del-portative-a-pince-motomaster-500-lumens-0376391p.html,https://media-www.canadiantire.ca/product/automotive/car-care-accessories/auto-accessories/0376391/motomaster-clamping-handheld-led-worklight-13968ef0-0250-4a75-b085-f9ef351d7415-jpgrendition.jpg?im=whresize&wid=200&hei=200,https://media-www.canadiantire.ca/product/automotive/car-care-accessories/auto-accessories/0376391/motomaster-clamping-handheld-led-worklight-13968ef0-0250-4a75-b085-f9ef351d7415-jpgrendition.jpg?im=whresize&wid=200&hei=200,,0376391,037-6391-6,Il n’en reste que 1 #037-6391-6,Liquidation◊Mieux notés,60.42,"24,93","62,99"
690,"Laval Fabreville, QC",Caméra Web USB HD Jlab Go Cam,Caméra Web USB HD Jlab Go Cam,35.88,"35,88 $",74.99,"Était±  74,99 $prix était 74,99 $",35.88,"35,88 $",35.88,"35,88 $",true,https://www.canadiantire.ca/fr/pdp/camera-web-usb-hd-jlab-go-cam-0694795p.html,https://www.canadiantire.ca/fr/pdp/camera-web-usb-hd-jlab-go-cam-0694795p.html,https://media-www.canadiantire.ca/product/automotive/electronics/home-electronics/0694795/jlab-go-cam-usb-hd-webcam-5f59a4e3-c256-4da2-ab77-060a03d1ba0a-jpgrendition.jpg?im=whresize&wid=200&hei=200,https://media-www.canadiantire.ca/product/automotive/electronics/home-electronics/0694795/jlab-go-cam-usb-hd-webcam-5f59a4e3-c256-4da2-ab77-060a03d1ba0a-jpgrendition.jpg?im=whresize&wid=200&hei=200,,0694795,069-4795-2,Il n’en reste que 1 #069-4795-2,Liquidation◊Mieux notés,52.15,"35,88","74,99"
690,"Laval Fabreville, QC","Jouet à mâcher nourriture pour chiens Petco en latex, moyen, choix de couleurs","Jouet à mâcher nourriture pour chiens Petco en latex, moyen, choix de couleurs",4.92,"4,92 $",9.99,"Était±  9,99 $prix était 9,99 $",4.92,"4,92 $",4.92,"4,92 $",true,https://www.canadiantire.ca/fr/pdp/jouet-a-macher-nourriture-pour-chiens-petco-en-latex-moyen-choix-de-couleurs-1426121p.html,https://www.canadiantire.ca/fr/pdp/jouet-a-macher-nourriture-pour-chiens-petco-en-latex-moyen-choix-de-couleurs-1426121p.html,https://media-www.canadiantire.ca/product/living/pet-care/pet-accessories/1426121/petco-medium-food-chew-toy-assorted-ffe4ff4d-53d8-4ca7-82a9-ffe9ba4ad2c5-jpgrendition.jpg?im=whresize&wid=200&hei=200,https://media-www.canadiantire.ca/product/living/pet-care/pet-accessories/1426121/petco-medium-food-chew-toy-assorted-ffe4ff4d-53d8-4ca7-82a9-ffe9ba4ad2c5-jpgrendition.jpg?im=whresize&wid=200&hei=200,,1426121,142-6121-8,Il n’en reste que 2 #142-6121-8,Liquidation◊Mieux notés,50.75,"4,92","9,99"
690,"Laval Fabreville, QC",Commande de freins numérique proportionnelle avec raccord rapide Hopkins Towing Agility,Commande de freins numérique proportionnelle avec raccord rapide Hopkins Towing Agility,62.93,"62,93 $",149.99,"Était±  149,99 $prix était 149,99 $",62.93,"62,93 $",62.93,"62,93 $",true,https://www.canadiantire.ca/fr/pdp/commande-de-freins-numerique-proportionnelle-avec-raccord-rapide-hopkins-towing-agility-0409675p.html,https://www.canadiantire.ca/fr/pdp/commande-de-freins-numerique-proportionnelle-avec-raccord-rapide-hopkins-towing-agility-0409675p.html,https://media-www.canadiantire.ca/product/automotive/automotive-outdoor-adventure/auto-travel-storage/0409675/agility-digital-brake-control-with-quick-connect-d193ed0b-082a-4526-be29-5dd3a04b194a-jpgrendition.jpg?im=whresize&wid=200&hei=200,https://media-www.canadiantire.ca/product/automotive/automotive-outdoor-adventure/auto-travel-storage/0409675/agility-digital-brake-control-with-quick-connect-d193ed0b-082a-4526-be29-5dd3a04b194a-jpgrendition.jpg?im=whresize&wid=200&hei=200,,0409675,040-9675-4,Il n’en reste que 2 #040-9675-4,Liquidation◊,58.04,"62,93","149,99"
690,"Laval Fabreville, QC",Maison hantée décorative à piles d'Halloween For Living,Maison hantée décorative à piles d'Halloween For Living,19.93,"19,93 $",39.99,"Était±  39,99 $prix était 39,99 $",19.93,"19,93 $",19.93,"19,93 $",true,https://www.canadiantire.ca/fr/pdp/maison-hantee-decorative-a-piles-d-halloween-for-living-1519622p.html,https://www.canadiantire.ca/fr/pdp/maison-hantee-decorative-a-piles-d-halloween-for-living-1519622p.html,https://media-www.canadiantire.ca/product/seasonal-gardening/seasonal/halloween-harvest/1519622/haunted-house-assortment-e6250f45-7539-493b-aabe-863726445c16-jpgrendition.jpg?im=whresize&wid=200&hei=200,https://media-www.canadiantire.ca/product/seasonal-gardening/seasonal/halloween-harvest/1519622/haunted-house-assortment-e6250f45-7539-493b-aabe-863726445c16-jpgrendition.jpg?im=whresize&wid=200&hei=200,,1519622,151-9622-6,Il n’en reste que 3 #151-9622-6,Liquidation◊Mieux notés,50.16,"19,93","39,99"
690,"Laval Fabreville, QC","Legging doux et confortable Yukon Gear pour femmes pour la chasse et la randonnée, camouflage noir","Legging doux et confortable Yukon Gear pour femmes pour la chasse et la randonnée, camouflage noir",11.93,"11,93 $",34.99,"34,99 $Était   et+ prix était à partir de 34,99 $",11.93,"11,93 $",11.93,"11,93 $",true,https://www.canadiantire.ca/fr/pdp/legging-doux-et-confortable-yukon-gear-pour-femmes-pour-la-chasse-et-la-randonnee-camouflage-noir-3750768p.html,https://www.canadiantire.ca/fr/pdp/legging-doux-et-confortable-yukon-gear-pour-femmes-pour-la-chasse-et-la-randonnee-camouflage-noir-3750768p.html,https://media-www.canadiantire.ca/product/playing/hunting/hunting-apparel-footwear/3750768/yukon-gear-women-legging-camo-s-4828498b-f77f-497c-bff3-50ed44048cad-jpgrendition.jpg?im=whresize&wid=200&hei=200,https://media-www.canadiantire.ca/product/playing/hunting/hunting-apparel-footwear/3750768/yukon-gear-women-legging-camo-s-4828498b-f77f-497c-bff3-50ed44048cad-jpgrendition.jpg?im=whresize&wid=200&hei=200,,3750768,375-0768,Vérifiez la disponibilité#375-0768X,Liquidation◊Mieux notés,65.9,"11,93","34,99"
690,"Laval Fabreville, QC","Porte-serviettes/barre à serviettes simple pour salle de bain Moen Sage, nickel brossé, 18 po","Porte-serviettes/barre à serviettes simple pour salle de bain Moen Sage, nickel brossé, 18 po",19.93,"19,93 $",54.99,"Était±  54,99 $prix était 54,99 $",19.93,"19,93 $",19.93,"19,93 $",true,https://www.canadiantire.ca/fr/pdp/porte-serviettes-barre-a-serviettes-simple-pour-salle-de-bain-moen-sage-nickel-brosse-18-po-0636219p.html,https://www.canadiantire.ca/fr/pdp/porte-serviettes-barre-a-serviettes-simple-pour-salle-de-bain-moen-sage-nickel-brosse-18-po-0636219p.html,https://media-www.canadiantire.ca/product/fixing/plumbing/faucets-fixtures/0636219/moen-sage-18-towel-bar-brushed-nickel-624bd34f-2ab1-4367-99de-f1b907d3cb74-jpgrendition.jpg?im=whresize&wid=200&hei=200,https://media-www.canadiantire.ca/product/fixing/plumbing/faucets-fixtures/0636219/moen-sage-18-towel-bar-brushed-nickel-624bd34f-2ab1-4367-99de-f1b907d3cb74-jpgrendition.jpg?im=whresize&wid=200&hei=200,,0636219,063-6219-6,Il n’en reste que 2 #063-6219-6,Liquidation◊Mieux notés,63.76,"19,93","54,99"
690,"Laval Fabreville, QC","Tapis de détente pour VR CAMCO, 6 x 9 pi, brun","Tapis de détente pour VR CAMCO, 6 x 9 pi, brun",14.93,"14,93 $",79.99,"Était±  79,99 $prix était 79,99 $",14.93,"14,93 $",14.93,"14,93 $",true,https://www.canadiantire.ca/fr/pdp/tapis-de-detente-pour-vr-camco-6-x-9-pi-brun-0408410p.html,https://www.canadiantire.ca/fr/pdp/tapis-de-detente-pour-vr-camco-6-x-9-pi-brun-0408410p.html,https://media-www.canadiantire.ca/product/automotive/automotive-outdoor-adventure/auto-travel-storage/0408410/rv-outdoor-awning-liesure-mat-6-x-9--28870c16-2ee4-42e5-9780-8f16059b02c8-jpgrendition.jpg?im=whresize&wid=200&hei=200,https://media-www.canadiantire.ca/product/automotive/automotive-outdoor-adventure/auto-travel-storage/0408410/rv-outdoor-awning-liesure-mat-6-x-9--28870c16-2ee4-42e5-9780-8f16059b02c8-jpgrendition.jpg?im=whresize&wid=200&hei=200,,0408410,040-8410-0,Il n’en reste que 1 #040-8410-0,Liquidation◊,81.34,"14,93","79,99"
690,"Laval Fabreville, QC","Trousse d'embout de pulvérisation de peinture Graco TrueCoat 360, limite la surpulvérisation","Trousse d'embout de pulvérisation de peinture Graco TrueCoat 360, limite la surpulvérisation",12.93,"12,93 $",33.99,"Était±  33,99 $prix était 33,99 $",12.93,"12,93 $",12.93,"12,93 $",true,https://www.canadiantire.ca/fr/pdp/trousse-d-embout-de-pulverisation-de-peinture-graco-truecoat-360-limite-la-surpulverisation-0492579p.html,https://www.canadiantire.ca/fr/pdp/trousse-d-embout-de-pulverisation-de-peinture-graco-truecoat-360-limite-la-surpulverisation-0492579p.html,https://media-www.canadiantire.ca/product/fixing/paint/paint-accessories/0492579/truecoat-360-paint-tip-kit-257171c4-e90d-4afe-bce1-89070aafb21a-jpgrendition.jpg?im=whresize&wid=200&hei=200,https://media-www.canadiantire.ca/product/fixing/paint/paint-accessories/0492579/truecoat-360-paint-tip-kit-257171c4-e90d-4afe-bce1-89070aafb21a-jpgrendition.jpg?im=whresize&wid=200&hei=200,,0492579,049-2579-8,Il n’en reste que 4 #049-2579-8,Liquidation◊Mieux notés,61.96,"12,93","33,99"
690,"Laval Fabreville, QC","Interface de rechange pour chaîne stéréo Scosche ICVW6BN, véhicules Volkswagen, 2006 à 2015","Interface de rechange pour chaîne stéréo Scosche ICVW6BN, véhicules Volkswagen, 2006 à 2015",10.93,"10,93 $",99.99,"Était±  99,99 $prix était 99,99 $",10.93,"10,93 $",10.93,"10,93 $",true,https://www.canadiantire.ca/fr/pdp/interface-de-rechange-pour-chaine-stereo-scosche-icvw6bn-vehicules-volkswagen-2006-a-2015-0350190p.html,https://www.canadiantire.ca/fr/pdp/interface-de-rechange-pour-chaine-stereo-scosche-icvw6bn-vehicules-volkswagen-2006-a-2015-0350190p.html,https://media-www.canadiantire.ca/product/automotive/car-care-accessories/auto-electronics/0350190/2006-15-volkswagen-canbus-car-stereo-replacement-interface-755c1925-896a-4714-9915-58df0febcb4f-jpgrendition.jpg?im=whresize&wid=200&hei=200,https://media-www.canadiantire.ca/product/automotive/car-care-accessories/auto-electronics/0350190/2006-15-volkswagen-canbus-car-stereo-replacement-interface-755c1925-896a-4714-9915-58df0febcb4f-jpgrendition.jpg?im=whresize&wid=200&hei=200,,0350190,035-0190-4,Il n’en reste que 1 #035-0190-4,Liquidation◊,89.07,"10,93","99,99"
690,"Laval Fabreville, QC",Barre lumineuse d’identification incandescente étanche Optronics,Barre lumineuse d’identification incandescente étanche Optronics,12.93,"12,93 $",25.99,"Était±  25,99 $prix était 25,99 $",12.93,"12,93 $",12.93,"12,93 $",true,https://www.canadiantire.ca/fr/pdp/barre-lumineuse-d-identification-incandescente-etanche-optronics-0203987p.html,https://www.canadiantire.ca/fr/pdp/barre-lumineuse-d-identification-incandescente-etanche-optronics-0203987p.html,https://media-www.canadiantire.ca/product/automotive/automotive-outdoor-adventure/auto-travel-storage/0203987/incandescent-identification-bar-28059947-5ae6-47b0-ac93-757ea70b3e36-jpgrendition.jpg?im=whresize&wid=200&hei=200,https://media-www.canadiantire.ca/product/automotive/automotive-outdoor-adventure/auto-travel-storage/0203987/incandescent-identification-bar-28059947-5ae6-47b0-ac93-757ea70b3e36-jpgrendition.jpg?im=whresize&wid=200&hei=200,,0203987,020-3987-6,Il n’en reste que 2 #020-3987-6,Liquidation◊,50.25,"12,93","25,99"
690,"Laval Fabreville, QC","Bouquet de ballons en aluminium étoile/carré rond Nintendo Super Mario Bros, bleu/rouge, paq. 5, gonflement à l'hélium et ruban inclus, pour fête d'anniversaire","Bouquet de ballons en aluminium étoile/carré rond Nintendo Super Mario Bros, bleu/rouge, paq. 5, gonflement à l'hélium et ruban inclus, pour fête d'anniversaire",11.93,"11,93 $",33.99,"Était±  33,99 $prix était 33,99 $",11.93,"11,93 $",11.93,"11,93 $",true,https://www.canadiantire.ca/fr/pdp/bouquet-de-ballons-en-aluminium-etoile-carre-rond-nintendo-super-mario-bros-bleu-rouge-paq-5-gonflement-a-l-helium-et-ruban-inclus-pour-fete-d-anniversaire-8424571p.html,https://www.canadiantire.ca/fr/pdp/bouquet-de-ballons-en-aluminium-etoile-carre-rond-nintendo-super-mario-bros-bleu-rouge-paq-5-gonflement-a-l-helium-et-ruban-inclus-pour-fete-d-anniversaire-8424571p.html,https://media-www.canadiantire.ca/product/automotive/party-city-everyday/party-city-balloons-accessories/8424571/bqt-blln-fl-mario-bros-0cb0d966-feba-44ff-bc4b-ab807097e8ba-jpgrendition.jpg?im=whresize&wid=200&hei=200,https://media-www.canadiantire.ca/product/automotive/party-city-everyday/party-city-balloons-accessories/8424571/bqt-blln-fl-mario-bros-0cb0d966-feba-44ff-bc4b-ab807097e8ba-jpgrendition.jpg?im=whresize&wid=200&hei=200,,8424571,842-4571-2,Il n’en reste que 1 #842-4571-2,Liquidation◊Mieux notés,64.9,"11,93","33,99"
690,"Laval Fabreville, QC","Corde à sauter à DEL pour enfants Light-Ups avec poignées scintillantes, multicolore, 7 pi, choix variés, 6 ans et plus, pour activités estivales et d'extérieur","Corde à sauter à DEL pour enfants Light-Ups avec poignées scintillantes, multicolore, 7 pi, choix variés, 6 ans et plus, pour activités estivales et d'extérieur",4.43,"4,43 $",12.99,"Était±  12,99 $prix était 12,99 $",4.43,"4,43 $",4.43,"4,43 $",true,https://www.canadiantire.ca/fr/pdp/corde-a-sauter-a-del-pour-enfants-light-ups-avec-poignees-scintillantes-multicolore-7-pi-choix-varies-6-ans-et-plus-pour-activites-estivales-et-d-exterieur-0509146p.html,https://www.canadiantire.ca/fr/pdp/corde-a-sauter-a-del-pour-enfants-light-ups-avec-poignees-scintillantes-multicolore-7-pi-choix-varies-6-ans-et-plus-pour-activites-estivales-et-d-exterieur-0509146p.html,https://media-www.canadiantire.ca/product/seasonal-gardening/toys/seasonal-toys/0509146/light-up-jump-rope-e3b93d86-d10e-4e74-8ed8-c343f3594260-jpgrendition.jpg?im=whresize&wid=200&hei=200,https://media-www.canadiantire.ca/product/seasonal-gardening/toys/seasonal-toys/0509146/light-up-jump-rope-e3b93d86-d10e-4e74-8ed8-c343f3594260-jpgrendition.jpg?im=whresize&wid=200&hei=200,,0509146,050-9146-0,Il n’en reste que 1 #050-9146-0,Liquidation◊,65.9,"4,43","12,99"
690,"Laval Fabreville, QC","Épices et sauce pour ramen Thoughtfully, paq. 4","Épices et sauce pour ramen Thoughtfully, paq. 4",9.93,"9,93 $",21.99,"Était±  21,99 $prix était 21,99 $",9.93,"9,93 $",9.93,"9,93 $",true,https://www.canadiantire.ca/fr/pdp/epices-et-sauce-pour-ramen-thoughtfully-paq-4-1519542p.html,https://www.canadiantire.ca/fr/pdp/epices-et-sauce-pour-ramen-thoughtfully-paq-4-1519542p.html,https://media-www.canadiantire.ca/product/living/food-drink/seasonal-confectionery/1519542/ramen-spice-and-sauce-set-4-pk-148f71a1-92d6-47c2-a388-abad12a953e9-jpgrendition.jpg?im=whresize&wid=200&hei=200,https://media-www.canadiantire.ca/product/living/food-drink/seasonal-confectionery/1519542/ramen-spice-and-sauce-set-4-pk-148f71a1-92d6-47c2-a388-abad12a953e9-jpgrendition.jpg?im=whresize&wid=200&hei=200,,1519542,151-9542-6,Il n’en reste que 3 #151-9542-6,Liquidation◊,54.84,"9,93","21,99"
690,"Laval Fabreville, QC","Emballage multiple de fournitures alimentaires d'urgence Wise Company, 60 portions","Emballage multiple de fournitures alimentaires d'urgence Wise Company, 60 portions",134.93,"134,93 $",399.99,"Était±  399,99 $prix était 399,99 $",134.93,"134,93 $",134.93,"134,93 $",true,https://www.canadiantire.ca/fr/pdp/emballage-multiple-de-fournitures-alimentaires-d-urgence-wise-company-60-portions-0763614p.html,https://www.canadiantire.ca/fr/pdp/emballage-multiple-de-fournitures-alimentaires-d-urgence-wise-company-60-portions-0763614p.html,https://media-www.canadiantire.ca/product/playing/camping/camping-living/0763614/wise-60-serving-survival-bucket-d14d5f4a-6ffe-46f4-9407-1b362a082ca6-jpgrendition.jpg?im=whresize&wid=200&hei=200,https://media-www.canadiantire.ca/product/playing/camping/camping-living/0763614/wise-60-serving-survival-bucket-d14d5f4a-6ffe-46f4-9407-1b362a082ca6-jpgrendition.jpg?im=whresize&wid=200&hei=200,,0763614,076-3614-2,Il n’en reste que 1 #076-3614-2,Liquidation◊,66.27,"134,93","399,99"
690,"Laval Fabreville, QC","Moules à sable d'animaux, multicolore, 2 ans et plus, pour activités estivales/plage, paq. 5","Moules à sable d'animaux, multicolore, 2 ans et plus, pour activités estivales/plage, paq. 5",0.73,"0,73 $",2.49,"Était±  2,49 $prix était 2,49 $",0.73,"0,73 $",0.73,"0,73 $",true,https://www.canadiantire.ca/fr/pdp/moules-a-sable-d-animaux-multicolore-2-ans-et-plus-pour-activites-estivales-plage-paq-5-0504232p.html,https://www.canadiantire.ca/fr/pdp/moules-a-sable-d-animaux-multicolore-2-ans-et-plus-pour-activites-estivales-plage-paq-5-0504232p.html,https://media-www.canadiantire.ca/product/seasonal-gardening/toys/seasonal-toys/0504232/5-piece-plastic-sand-molds-in-mesh-bag-8ece5308-3039-43de-8c7c-90a30a1b92bf-jpgrendition.jpg?im=whresize&wid=200&hei=200,https://media-www.canadiantire.ca/product/seasonal-gardening/toys/seasonal-toys/0504232/5-piece-plastic-sand-molds-in-mesh-bag-8ece5308-3039-43de-8c7c-90a30a1b92bf-jpgrendition.jpg?im=whresize&wid=200&hei=200,,0504232,050-4232-4,,Liquidation◊Mieux notés,70.68,"0,73","2,49"
690,"Laval Fabreville, QC","Lames dentelées tout usage Mastercraft, paq. 5","Lames dentelées tout usage Mastercraft, paq. 5",0.93,"0,93 $",4.99,"Était±  4,99 $prix était 4,99 $",0.93,"0,93 $",0.93,"0,93 $",true,https://www.canadiantire.ca/fr/pdp/lames-dentelees-tout-usage-mastercraft-paq-5-0574687p.html,https://www.canadiantire.ca/fr/pdp/lames-dentelees-tout-usage-mastercraft-paq-5-0574687p.html,https://media-www.canadiantire.ca/product/fixing/tools/cutting-measuring/0574687/mastercraft-serrated-utility-blades-5-pack-5eb80176-0169-46a8-883b-f4b8f40ed8ca-jpgrendition.jpg?im=whresize&wid=200&hei=200,https://media-www.canadiantire.ca/product/fixing/tools/cutting-measuring/0574687/mastercraft-serrated-utility-blades-5-pack-5eb80176-0169-46a8-883b-f4b8f40ed8ca-jpgrendition.jpg?im=whresize&wid=200&hei=200,,0574687,057-4687-8,20 En Stock#057-4687-8,Liquidation◊Mieux notés,81.36,"0,93","4,99"
690,"Laval Fabreville, QC","Garde-boues avant et arrière personnalisés Husky Liners 56946 pour camion Toyota Tacoma, 2016 à 2021, paquet de 4","Garde-boues avant et arrière personnalisés Husky Liners 56946 pour camion Toyota Tacoma, 2016 à 2021, paquet de 4",27.93,"27,93 $",119.99,"Était±  119,99 $prix était 119,99 $",27.93,"27,93 $",27.93,"27,93 $",true,https://www.canadiantire.ca/fr/pdp/garde-boues-avant-et-arriere-personnalises-husky-liners-56946-pour-camion-toyota-tacoma-2016-a-2021-paquet-de-4-0376236p.html,https://www.canadiantire.ca/fr/pdp/garde-boues-avant-et-arriere-personnalises-husky-liners-56946-pour-camion-toyota-tacoma-2016-a-2021-paquet-de-4-0376236p.html,https://media-www.canadiantire.ca/product/automotive/car-care-accessories/auto-accessories/0376236/husky-custom-fit-mud-flaps-toyota-tacoma-16-21-4pc-99e82484-2821-43ee-988c-ed82bf5e08f2-jpgrendition.jpg?im=whresize&wid=200&hei=200,https://media-www.canadiantire.ca/product/automotive/car-care-accessories/auto-accessories/0376236/husky-custom-fit-mud-flaps-toyota-tacoma-16-21-4pc-99e82484-2821-43ee-988c-ed82bf5e08f2-jpgrendition.jpg?im=whresize&wid=200&hei=200,,0376236,037-6236-8,Il n’en reste que 3 #037-6236-8,Liquidation◊,76.72,"27,93","119,99"
690,"Laval Fabreville, QC","Ballon en aluminium satiné Baby en lettres attachées, choix de couleurs, 39 x 33 po, gonflé à l'air, pour fête prénatale ou de dévoilement du sexe","Ballon en aluminium satiné Baby en lettres attachées, choix de couleurs, 39 x 33 po, gonflé à l'air, pour fête prénatale ou de dévoilement du sexe",1.93,"1,93 $",8.99,"8,99 $Était   et+ prix était à partir de 8,99 $",1.93,"1,93 $",1.93,"1,93 $",true,https://www.canadiantire.ca/fr/pdp/ballon-en-aluminium-satine-baby-en-lettres-attachees-choix-de-couleurs-39-x-33-po-gonfle-a-l-air-pour-fete-prenatale-ou-de-devoilement-du-sexe-8423775p.html,https://www.canadiantire.ca/fr/pdp/ballon-en-aluminium-satine-baby-en-lettres-attachees-choix-de-couleurs-39-x-33-po-gonfle-a-l-air-pour-fete-prenatale-ou-de-devoilement-du-sexe-8423775p.html,https://media-www.canadiantire.ca/product/seasonal-gardening/party-city-everyday/party-city-party-supplies-decor/8423776/mini-gld-fl-bln-a-f-scrpt-baby-cfeac9f6-bf0f-4c81-9208-352380614bad-jpgrendition.jpg?im=whresize&wid=200&hei=200,https://media-www.canadiantire.ca/product/seasonal-gardening/party-city-everyday/party-city-party-supplies-decor/8423776/mini-gld-fl-bln-a-f-scrpt-baby-cfeac9f6-bf0f-4c81-9208-352380614bad-jpgrendition.jpg?im=whresize&wid=200&hei=200,,8423775,842-3775,Vérifiez la disponibilité#842-3775X,Liquidation◊Mieux notés,78.53,"1,93","8,99"
690,"Laval Fabreville, QC","Coussin pour barre Ergofit Harbinger, rouge","Coussin pour barre Ergofit Harbinger, rouge",12.93,"12,93 $",29.99,"Était±  29,99 $prix était 29,99 $",12.93,"12,93 $",12.93,"12,93 $",true,https://www.canadiantire.ca/fr/pdp/coussin-pour-barre-ergofit-harbinger-rouge-1840715p.html,https://www.canadiantire.ca/fr/pdp/coussin-pour-barre-ergofit-harbinger-rouge-1840715p.html,https://media-www.canadiantire.ca/product/playing/exercise/exercise-accessories/1840715/harbinger-ergofit-bar-pad-46a6c9ec-4d2f-4cf8-b8ae-653f1e0bb469-jpgrendition.jpg?im=whresize&wid=200&hei=200,https://media-www.canadiantire.ca/product/playing/exercise/exercise-accessories/1840715/harbinger-ergofit-bar-pad-46a6c9ec-4d2f-4cf8-b8ae-653f1e0bb469-jpgrendition.jpg?im=whresize&wid=200&hei=200,,1840715,184-0715-2,Il n’en reste que 1 #184-0715-2,Liquidation◊Mieux notés,56.89,"12,93","29,99"
690,"Laval Fabreville, QC",Fantôme émergeant du sol gonflable Gemmy,Fantôme émergeant du sol gonflable Gemmy,149.93,"149,93 $",299.99,"Était±  299,99 $prix était 299,99 $",149.93,"149,93 $",149.93,"149,93 $",true,https://www.canadiantire.ca/fr/pdp/fantome-emergeant-du-sol-gonflable-gemmy-1519932p.html,https://www.canadiantire.ca/fr/pdp/fantome-emergeant-du-sol-gonflable-gemmy-1519932p.html,https://media-www.canadiantire.ca/product/party-city/party-city-seasonal/halloween-harvest/1519932/air-blown-ghost-ground-breaker-754f819a-69fc-42f9-adb7-81119f1fbbcb-jpgrendition.jpg?im=whresize&wid=200&hei=200,https://media-www.canadiantire.ca/product/party-city/party-city-seasonal/halloween-harvest/1519932/air-blown-ghost-ground-breaker-754f819a-69fc-42f9-adb7-81119f1fbbcb-jpgrendition.jpg?im=whresize&wid=200&hei=200,,1519932,151-9932-8,Il n’en reste que 1 #151-9932-8,Liquidation◊Mieux notés,50.02,"149,93","299,99"
690,"Laval Fabreville, QC",Nappe en plastique Battle Royal,Nappe en plastique Battle Royal,0.93,"0,93 $",4.99,"Était±  4,99 $prix était 4,99 $",0.93,"0,93 $",0.93,"0,93 $",true,https://www.canadiantire.ca/fr/pdp/nappe-en-plastique-battle-royal-8546712p.html,https://www.canadiantire.ca/fr/pdp/nappe-en-plastique-battle-royal-8546712p.html,https://media-www.partycity.ca/product/seasonal-gardening/party-city-everyday/party-city-kids-birthday-pinatas/8546712/battle-royal-plastic-table-cover-2f9ac6ce-f518-4470-9429-205899697db2-jpgrendition.jpg?im=whresize&wid=200&hei=200,https://media-www.partycity.ca/product/seasonal-gardening/party-city-everyday/party-city-kids-birthday-pinatas/8546712/battle-royal-plastic-table-cover-2f9ac6ce-f518-4470-9429-205899697db2-jpgrendition.jpg?im=whresize&wid=200&hei=200,,8546712,854-6712-8,150 En Stock#854-6712-8,Liquidation◊,81.36,"0,93","4,99"
690,"Laval Fabreville, QC","Ballon en aluminium satiné, perluète, choix de couleurs, 11 x 14 po, gonflé d'air, pour anniversaire/remise de diplômes/fête prénatale/mariage de finissants","Ballon en aluminium satiné, perluète, choix de couleurs, 11 x 14 po, gonflé d'air, pour anniversaire/remise de diplômes/fête prénatale/mariage de finissants",0.43,"0,43 $",2.99,"2,99 $Était   et+ prix était à partir de 2,99 $",0.43,"0,43 $",0.43,"0,43 $",true,https://www.canadiantire.ca/fr/pdp/ballon-en-aluminium-satine-perluete-choix-de-couleurs-11-x-14-po-gonfle-d-air-pour-anniversaire-remise-de-diplomes-fete-prenatale-mariage-de-finissants-8423770p.html,https://www.canadiantire.ca/fr/pdp/ballon-en-aluminium-satine-perluete-choix-de-couleurs-11-x-14-po-gonfle-d-air-pour-anniversaire-remise-de-diplomes-fete-prenatale-mariage-de-finissants-8423770p.html,https://media-www.partycity.ca/product/seasonal-gardening/party-city-everyday/party-city-party-supplies-decor/8423771/gld-blln-a-f-a-92be138f-0e28-4a35-bed3-8cd983ad4759-jpgrendition.jpg?im=whresize&wid=200&hei=200,https://media-www.partycity.ca/product/seasonal-gardening/party-city-everyday/party-city-party-supplies-decor/8423771/gld-blln-a-f-a-92be138f-0e28-4a35-bed3-8cd983ad4759-jpgrendition.jpg?im=whresize&wid=200&hei=200,,8423770,842-3770,Vérifiez la disponibilité#842-3770X,Liquidation◊Mieux notés,85.62,"0,43","2,99"
690,"Laval Fabreville, QC","Gnome zombie en résine For Living, multicolore, 15 po, décoration intérieure/extérieure pour l'Halloween","Gnome zombie en résine For Living, multicolore, 15 po, décoration intérieure/extérieure pour l'Halloween",17.43,"17,43 $",34.99,"Était±  34,99 $prix était 34,99 $",17.43,"17,43 $",17.43,"17,43 $",true,https://www.canadiantire.ca/fr/pdp/gnome-zombie-en-resine-for-living-multicolore-15-po-decoration-interieure-exterieure-pour-l-halloween-1510860p.html,https://www.canadiantire.ca/fr/pdp/gnome-zombie-en-resine-for-living-multicolore-15-po-decoration-interieure-exterieure-pour-l-halloween-1510860p.html,https://media-www.canadiantire.ca/product/party-city/party-city-seasonal/halloween-harvest/1510860/resin-zombie-gnome-assorted-e132d3fb-85fd-475d-9a31-24fee1932a93-jpgrendition.jpg?im=whresize&wid=200&hei=200,https://media-www.canadiantire.ca/product/party-city/party-city-seasonal/halloween-harvest/1510860/resin-zombie-gnome-assorted-e132d3fb-85fd-475d-9a31-24fee1932a93-jpgrendition.jpg?im=whresize&wid=200&hei=200,,1510860,151-0860-2,Il n’en reste que 4 #151-0860-2,Liquidation◊Mieux notés,50.19,"17,43","34,99"
690,"Laval Fabreville, QC","Ballon en aluminium satiné lettres attachées Mr and Mrs, or rose, 59 x 10 po, gonflé d'air, pour fiançailles/mariage","Ballon en aluminium satiné lettres attachées Mr and Mrs, or rose, 59 x 10 po, gonflé d'air, pour fiançailles/mariage",6.93,"6,93 $",13.99,"13,99 $Était   et+ prix était à partir de 13,99 $",6.93,"6,93 $",6.93,"6,93 $",true,https://www.canadiantire.ca/fr/pdp/ballon-en-aluminium-satine-lettres-attachees-mr-and-mrs-or-rose-59-x-10-po-gonfle-d-air-pour-fiancailles-mariage-8423828p.html,https://www.canadiantire.ca/fr/pdp/ballon-en-aluminium-satine-lettres-attachees-mr-and-mrs-or-rose-59-x-10-po-gonfle-d-air-pour-fiancailles-mariage-8423828p.html,https://media-www.partycity.ca/product/seasonal-gardening/party-city-everyday/party-city-party-supplies-decor/8423828/rose-gld-blln-script-mr-mrs-b3d6a94e-b619-48cc-9199-89ac32af4edc-jpgrendition.jpg?im=whresize&wid=200&hei=200,https://media-www.partycity.ca/product/seasonal-gardening/party-city-everyday/party-city-party-supplies-decor/8423828/rose-gld-blln-script-mr-mrs-b3d6a94e-b619-48cc-9199-89ac32af4edc-jpgrendition.jpg?im=whresize&wid=200&hei=200,,8423828,842-3828-0,9 En Stock#842-3828-0,Liquidation◊Mieux notés,50.46,"6,93","13,99"
690,"Laval Fabreville, QC","Émerillon à barillet Danielson, laiton, taille 5, paq. 6","Émerillon à barillet Danielson, laiton, taille 5, paq. 6",0.43,"0,43 $",0.99,"Était±  0,99 $prix était 0,99 $",0.43,"0,43 $",0.43,"0,43 $",true,https://www.canadiantire.ca/fr/pdp/emerillon-a-barillet-danielson-laiton-taille-5-paq-6-0774430p.html,https://www.canadiantire.ca/fr/pdp/emerillon-a-barillet-danielson-laiton-taille-5-paq-6-0774430p.html,https://media-www.canadiantire.ca/product/playing/fishing/fishing-lures/0774430/danielson-barrel-swivel-brass-size-5-6pk-cdee1007-948c-47cb-8caa-415cd9120e20-jpgrendition.jpg?im=whresize&wid=200&hei=200,https://media-www.canadiantire.ca/product/playing/fishing/fishing-lures/0774430/danielson-barrel-swivel-brass-size-5-6pk-cdee1007-948c-47cb-8caa-415cd9120e20-jpgrendition.jpg?im=whresize&wid=200&hei=200,,0774430,077-4430-0,,Liquidation◊,56.57,"0,43","0,99"
690,"Laval Fabreville, QC","Sacs de fête pour friandises en cellophane rectangulaires, transparent, 5 po, paq. 25, pour fête d'anniversaire","Sacs de fête pour friandises en cellophane rectangulaires, transparent, 5 po, paq. 25, pour fête d'anniversaire",1.93,"1,93 $",3.99,"Était±  3,99 $prix était 3,99 $",1.93,"1,93 $",1.93,"1,93 $",true,https://www.canadiantire.ca/fr/pdp/sacs-de-fete-pour-friandises-en-cellophane-rectangulaires-transparent-5-po-paq-25-pour-fete-d-anniversaire-8420948p.html,https://www.canadiantire.ca/fr/pdp/sacs-de-fete-pour-friandises-en-cellophane-rectangulaires-transparent-5-po-paq-25-pour-fete-d-anniversaire-8420948p.html,https://media-www.partycity.ca/product/seasonal-gardening/party-city-everyday/party-city-party-supplies-decor/8420948/clr-lg-prty-bag-0dd08de3-57eb-4f05-b4d8-9b541656c5f2-jpgrendition.jpg?im=whresize&wid=200&hei=200,https://media-www.partycity.ca/product/seasonal-gardening/party-city-everyday/party-city-party-supplies-decor/8420948/clr-lg-prty-bag-0dd08de3-57eb-4f05-b4d8-9b541656c5f2-jpgrendition.jpg?im=whresize&wid=200&hei=200,,8420948,842-0948-2,Il n’en reste que 1 #842-0948-2,Liquidation◊Mieux notés,51.63,"1,93","3,99"
690,"Laval Fabreville, QC",Chargeur de téléphone sans fil Bluehive de 10 W pour tableau de bord et bouche d'aération pivotant sur 360° pour appareils compatibles Qi,Chargeur de téléphone sans fil Bluehive de 10 W pour tableau de bord et bouche d'aération pivotant sur 360° pour appareils compatibles Qi,19.93,"19,93 $",49.99,"Était±  49,99 $prix était 49,99 $",19.93,"19,93 $",19.93,"19,93 $",true,https://www.canadiantire.ca/fr/pdp/chargeur-de-telephone-sans-fil-bluehive-de-10-w-pour-tableau-de-bord-et-bouche-d-aeration-pivotant-sur-360-pour-appareils-compatibles-qi-0357330p.html,https://www.canadiantire.ca/fr/pdp/chargeur-de-telephone-sans-fil-bluehive-de-10-w-pour-tableau-de-bord-et-bouche-d-aeration-pivotant-sur-360-pour-appareils-compatibles-qi-0357330p.html,https://media-www.canadiantire.ca/product/automotive/car-care-accessories/auto-electronics/0357330/bluehive-10w-wireless-charging-dash-and-vent-mount-9a592fb6-3f26-4b01-9902-5a37c1974130-jpgrendition.jpg?im=whresize&wid=200&hei=200,https://media-www.canadiantire.ca/product/automotive/car-care-accessories/auto-electronics/0357330/bluehive-10w-wireless-charging-dash-and-vent-mount-9a592fb6-3f26-4b01-9902-5a37c1974130-jpgrendition.jpg?im=whresize&wid=200&hei=200,,0357330,035-7330-0,Il n’en reste que 1 #035-7330-0,Liquidation◊Exclusivité,60.13,"19,93","49,99"
690,"Laval Fabreville, QC",Sondes de température de la viande en acier inoxydable Vermont Castings,Sondes de température de la viande en acier inoxydable Vermont Castings,19.93,"19,93 $",39.99,"Était±  39,99 $prix était 39,99 $",19.93,"19,93 $",19.93,"19,93 $",true,https://www.canadiantire.ca/fr/pdp/sondes-de-temperature-de-la-viande-en-acier-inoxydable-vermont-castings-0852381p.html,https://www.canadiantire.ca/fr/pdp/sondes-de-temperature-de-la-viande-en-acier-inoxydable-vermont-castings-0852381p.html,https://media-www.canadiantire.ca/product/seasonal-gardening/backyard-living/outdoor-cooking-accessories/0852381/vermont-castings-meat-probes-e20050fc-d148-4eb2-bd21-669acc7fe1e9-jpgrendition.jpg?im=whresize&wid=200&hei=200,https://media-www.canadiantire.ca/product/seasonal-gardening/backyard-living/outdoor-cooking-accessories/0852381/vermont-castings-meat-probes-e20050fc-d148-4eb2-bd21-669acc7fe1e9-jpgrendition.jpg?im=whresize&wid=200&hei=200,,0852381,085-2381-8,Il n’en reste que 1 #085-2381-8,Liquidation◊Mieux notés,50.16,"19,93","39,99"
690,"Laval Fabreville, QC","Serviettes à boisson Célébration scintillante 50e anniversaire, paq. 16","Serviettes à boisson Célébration scintillante 50e anniversaire, paq. 16",1.99,"1,99 $",3.99,"Était±  3,99 $prix était 3,99 $",1.99,"1,99 $",1.99,"1,99 $",true,https://www.canadiantire.ca/fr/pdp/serviettes-a-boisson-celebration-scintillante-50e-anniversaire-paq-16-8420435p.html,https://www.canadiantire.ca/fr/pdp/serviettes-a-boisson-celebration-scintillante-50e-anniversaire-paq-16-8420435p.html,https://media-www.partycity.ca/product/seasonal-gardening/party-city-everyday/party-city-party-supplies-decor/8420435/16ct-bn-sparkling-celbrtn-50-7e18eec9-2c5f-4eb2-ad5c-abbede746ce1-jpgrendition.jpg?im=whresize&wid=200&hei=200,https://media-www.partycity.ca/product/seasonal-gardening/party-city-everyday/party-city-party-supplies-decor/8420435/16ct-bn-sparkling-celbrtn-50-7e18eec9-2c5f-4eb2-ad5c-abbede746ce1-jpgrendition.jpg?im=whresize&wid=200&hei=200,,8420435,842-0435-2,Il n’en reste que 1 #842-0435-2,Liquidation◊Mieux notés,50.13,"1,99","3,99"
690,"Laval Fabreville, QC","Rallonge plate à 4 fils à DEL Hopkins Endurance Easy-Pull, 12 po","Rallonge plate à 4 fils à DEL Hopkins Endurance Easy-Pull, 12 po",9.93,"9,93 $",19.99,"Était±  19,99 $prix était 19,99 $",9.93,"9,93 $",9.93,"9,93 $",true,https://www.canadiantire.ca/fr/pdp/rallonge-plate-a-4-fils-a-del-hopkins-endurance-easy-pull-12-po-1407223p.html,https://www.canadiantire.ca/fr/pdp/rallonge-plate-a-4-fils-a-del-hopkins-endurance-easy-pull-12-po-1407223p.html,https://media-www.canadiantire.ca/product/automotive/automotive-outdoor-adventure/auto-travel-storage/1407223/hopkins-endurancea-easy-pulla-led-4-flat-extension-12-in-d0c79e9d-1835-4b3c-a9f2-37a9864a5881-jpgrendition.jpg?im=whresize&wid=200&hei=200,https://media-www.canadiantire.ca/product/automotive/automotive-outdoor-adventure/auto-travel-storage/1407223/hopkins-endurancea-easy-pulla-led-4-flat-extension-12-in-d0c79e9d-1835-4b3c-a9f2-37a9864a5881-jpgrendition.jpg?im=whresize&wid=200&hei=200,,1407223,140-7223-4,Il n’en reste que 5 #140-7223-4,Liquidation◊Mieux notés,50.33,"9,93","19,99"
690,"Laval Fabreville, QC","Cadenas à clé en acier laminé Garrison, largeur de 30 mm, laiton","Cadenas à clé en acier laminé Garrison, largeur de 30 mm, laiton",3.93,"3,93 $",8.99,"Était±  8,99 $prix était 8,99 $",3.93,"3,93 $",3.93,"3,93 $",true,https://www.canadiantire.ca/fr/pdp/cadenas-a-cle-en-acier-lamine-garrison-largeur-de-30-mm-laiton-0461541p.html,https://www.canadiantire.ca/fr/pdp/cadenas-a-cle-en-acier-lamine-garrison-largeur-de-30-mm-laiton-0461541p.html,https://media-www.canadiantire.ca/product/fixing/hardware/curb-appeal/0461541/padlock-30mm-laminated-garrison-4c25fc84-5542-45b8-9c0e-7fb1ec4bb3e3-jpgrendition.jpg?im=whresize&wid=200&hei=200,https://media-www.canadiantire.ca/product/fixing/hardware/curb-appeal/0461541/padlock-30mm-laminated-garrison-4c25fc84-5542-45b8-9c0e-7fb1ec4bb3e3-jpgrendition.jpg?im=whresize&wid=200&hei=200,,0461541,046-1541-8,20 En Stock#046-1541-8,Liquidation◊Exclusivité,56.28,"3,93","8,99"
690,"Laval Fabreville, QC","Poche à douille réutilisable Wilton, pour la décoration, 12 po","Poche à douille réutilisable Wilton, pour la décoration, 12 po",2.93,"2,93 $",7.49,"Était±  7,49 $prix était 7,49 $",2.93,"2,93 $",2.93,"2,93 $",true,https://www.canadiantire.ca/fr/pdp/poche-a-douille-reutilisable-wilton-pour-la-decoration-12-po-1429404p.html,https://www.canadiantire.ca/fr/pdp/poche-a-douille-reutilisable-wilton-pour-la-decoration-12-po-1429404p.html,https://media-www.canadiantire.ca/product/living/kitchen/kitchen-tools-thermometers/1429404/wilton-12-reusable-icing-bag-c568bc5e-866e-43b5-a0d8-68c37a139b8d-jpgrendition.jpg?im=whresize&wid=200&hei=200,https://media-www.canadiantire.ca/product/living/kitchen/kitchen-tools-thermometers/1429404/wilton-12-reusable-icing-bag-c568bc5e-866e-43b5-a0d8-68c37a139b8d-jpgrendition.jpg?im=whresize&wid=200&hei=200,,1429404,142-9404-8,54 En Stock#142-9404-8,Liquidation◊,60.88,"2,93","7,49"
690,"Laval Fabreville, QC","Crochet de suspension Atron Electro Industries LA772, chrome","Crochet de suspension Atron Electro Industries LA772, chrome",1.43,"1,43 $",3.49,"Était±  3,49 $prix était 3,49 $",1.43,"1,43 $",1.43,"1,43 $",true,https://www.canadiantire.ca/fr/pdp/crochet-de-suspension-atron-electro-industries-la772-chrome-0522855p.html,https://www.canadiantire.ca/fr/pdp/crochet-de-suspension-atron-electro-industries-la772-chrome-0522855p.html,https://media-www.canadiantire.ca/product/fixing/electrical/rough-electrical/0522855/swag-hook-chrome-c3bb7d8e-6630-4d21-b19c-477b34c67b6e-jpgrendition.jpg?im=whresize&wid=200&hei=200,https://media-www.canadiantire.ca/product/fixing/electrical/rough-electrical/0522855/swag-hook-chrome-c3bb7d8e-6630-4d21-b19c-477b34c67b6e-jpgrendition.jpg?im=whresize&wid=200&hei=200,,0522855,052-2855-0,Il n’en reste que 2 #052-2855-0,Liquidation◊Mieux notés,59.03,"1,43","3,49"
690,"Laval Fabreville, QC","Coupleur catégorie II/IV, 2-5/16 po, 10 000 lb","Coupleur catégorie II/IV, 2-5/16 po, 10 000 lb",12.93,"12,93 $",85.99,"Était±  85,99 $prix était 85,99 $",12.93,"12,93 $",12.93,"12,93 $",true,https://www.canadiantire.ca/fr/pdp/coupleur-categorie-ii-iv-2-5-16-po-10-000-lb-0406921p.html,https://www.canadiantire.ca/fr/pdp/coupleur-categorie-ii-iv-2-5-16-po-10-000-lb-0406921p.html,https://media-www.canadiantire.ca/product/automotive/automotive-outdoor-adventure/auto-travel-storage/0406921/reese-towpower-a-frame-coupler-2-5-16-ball-primer-finish-c4330c89-3235-4baf-8b72-8656365b87b2-jpgrendition.jpg?im=whresize&wid=200&hei=200,https://media-www.canadiantire.ca/product/automotive/automotive-outdoor-adventure/auto-travel-storage/0406921/reese-towpower-a-frame-coupler-2-5-16-ball-primer-finish-c4330c89-3235-4baf-8b72-8656365b87b2-jpgrendition.jpg?im=whresize&wid=200&hei=200,,0406921,040-6921-6,Il n’en reste que 1 #040-6921-6,Liquidation◊,84.96,"12,93","85,99"
690,"Laval Fabreville, QC","Hameçon Danielson Aberdeen, bronze, taille 8","Hameçon Danielson Aberdeen, bronze, taille 8",0.43,"0,43 $",1.99,"Était±  1,99 $prix était 1,99 $",0.43,"0,43 $",0.43,"0,43 $",true,https://www.canadiantire.ca/fr/pdp/hamecon-danielson-aberdeen-bronze-taille-8-0774116p.html,https://www.canadiantire.ca/fr/pdp/hamecon-danielson-aberdeen-bronze-taille-8-0774116p.html,https://media-www.canadiantire.ca/product/playing/fishing/fishing-lures/0774116/danielson-aberdeen-hook-bronze-size-8-63eabc04-98c9-4a40-bd92-5c15e1f3485c-jpgrendition.jpg?im=whresize&wid=200&hei=200,https://media-www.canadiantire.ca/product/playing/fishing/fishing-lures/0774116/danielson-aberdeen-hook-bronze-size-8-63eabc04-98c9-4a40-bd92-5c15e1f3485c-jpgrendition.jpg?im=whresize&wid=200&hei=200,,0774116,077-4116-0,,Liquidation◊,78.39,"0,43","1,99"
690,"Laval Fabreville, QC","Ballon en aluminium satiné rond français Bonne Fête, multicolore, bougies d'anniversaire, 18 po, gonflement à l'hélium et ruban inclus, pour fête d'anniversaire","Ballon en aluminium satiné rond français Bonne Fête, multicolore, bougies d'anniversaire, 18 po, gonflement à l'hélium et ruban inclus, pour fête d'anniversaire",0.93,"0,93 $",6.99,"Était±  6,99 $prix était 6,99 $",0.93,"0,93 $",0.93,"0,93 $",true,https://www.canadiantire.ca/fr/pdp/ballon-en-aluminium-satine-rond-francais-bonne-fete-multicolore-bougies-d-anniversaire-18-po-gonflement-a-l-helium-et-ruban-inclus-pour-fete-d-anniversaire-8546973p.html,https://www.canadiantire.ca/fr/pdp/ballon-en-aluminium-satine-rond-francais-bonne-fete-multicolore-bougies-d-anniversaire-18-po-gonflement-a-l-helium-et-ruban-inclus-pour-fete-d-anniversaire-8546973p.html,https://media-www.canadiantire.ca/product/seasonal-gardening/party-city-everyday/party-city-party-supplies-decor/8546973/standard-foil-balloon-bonne-fete-chandelles-et-confettis-df66c23b-dba4-44be-9283-e0ef4340531f-jpgrendition.jpg?im=whresize&wid=200&hei=200,https://media-www.canadiantire.ca/product/seasonal-gardening/party-city-everyday/party-city-party-supplies-decor/8546973/standard-foil-balloon-bonne-fete-chandelles-et-confettis-df66c23b-dba4-44be-9283-e0ef4340531f-jpgrendition.jpg?im=whresize&wid=200&hei=200,,8546973,854-6973-6,,Liquidation◊Hélium compris,86.7,"0,93","6,99"
690,"Laval Fabreville, QC","Connecteur plat à 4 fils côté véhicule Hopkins Towing Solution, 60 po","Connecteur plat à 4 fils côté véhicule Hopkins Towing Solution, 60 po",6.93,"6,93 $",13.99,"Était±  13,99 $prix était 13,99 $",6.93,"6,93 $",6.93,"6,93 $",true,https://www.canadiantire.ca/fr/pdp/connecteur-plat-a-4-fils-cote-vehicule-hopkins-towing-solution-60-po-0409656p.html,https://www.canadiantire.ca/fr/pdp/connecteur-plat-a-4-fils-cote-vehicule-hopkins-towing-solution-60-po-0409656p.html,https://media-www.canadiantire.ca/product/automotive/automotive-outdoor-adventure/auto-travel-storage/0409656/4-wire-flat-vehicle-end-60--64738eb3-8fa8-4b44-b2ad-17e49f942080-jpgrendition.jpg?im=whresize&wid=200&hei=200,https://media-www.canadiantire.ca/product/automotive/automotive-outdoor-adventure/auto-travel-storage/0409656/4-wire-flat-vehicle-end-60--64738eb3-8fa8-4b44-b2ad-17e49f942080-jpgrendition.jpg?im=whresize&wid=200&hei=200,,0409656,040-9656-0,Il n’en reste que 1 #040-9656-0,Liquidation◊,50.46,"6,93","13,99"
690,"Laval Fabreville, QC",Cache de chasse Ameristep Caretaker Run & Gun,Cache de chasse Ameristep Caretaker Run & Gun,119.93,"119,93 $",239.99,"Était±  239,99 $prix était 239,99 $",119.93,"119,93 $",119.93,"119,93 $",true,https://www.canadiantire.ca/fr/pdp/cache-de-chasse-ameristep-caretaker-run-gun-3750838p.html,https://www.canadiantire.ca/fr/pdp/cache-de-chasse-ameristep-caretaker-run-gun-3750838p.html,https://media-www.canadiantire.ca/product/playing/hunting/hunting-equipment/3750838/aneristep-caretaker-run-gun-4371ecb5-a719-42e4-a1c7-a1454d0b204c-jpgrendition.jpg?im=whresize&wid=200&hei=200,https://media-www.canadiantire.ca/product/playing/hunting/hunting-equipment/3750838/aneristep-caretaker-run-gun-4371ecb5-a719-42e4-a1c7-a1454d0b204c-jpgrendition.jpg?im=whresize&wid=200&hei=200,,3750838,375-0838-6,Il n’en reste que 2 #375-0838-6,Liquidation◊,50.03,"119,93","239,99"
690,"Laval Fabreville, QC","Caméra de recul universelle Reload, hydrofuge","Caméra de recul universelle Reload, hydrofuge",13.68,"13,68 $",79.99,"Était±  79,99 $prix était 79,99 $",13.68,"13,68 $",13.68,"13,68 $",true,https://www.canadiantire.ca/fr/pdp/camera-de-recul-universelle-reload-hydrofuge-0350728p.html,https://www.canadiantire.ca/fr/pdp/camera-de-recul-universelle-reload-hydrofuge-0350728p.html,https://media-www.canadiantire.ca/product/automotive/car-care-accessories/auto-electronics/0350728/reload-universal-backup-camera-ece1f112-5633-429a-9c42-0fa601652b7e-jpgrendition.jpg?im=whresize&wid=200&hei=200,https://media-www.canadiantire.ca/product/automotive/car-care-accessories/auto-electronics/0350728/reload-universal-backup-camera-ece1f112-5633-429a-9c42-0fa601652b7e-jpgrendition.jpg?im=whresize&wid=200&hei=200,,0350728,035-0728-8,Il n’en reste que 1 #035-0728-8,Liquidation◊,82.9,"13,68","79,99"
690,"Laval Fabreville, QC","Cap Barbell - Disque de musculation recouvert de caoutchouc anti choc 45 lb, 1pc","Cap Barbell - Disque de musculation recouvert de caoutchouc anti choc 45 lb, 1pc",59.93,"59,93 $",139.99,"Était±  139,99 $prix était 139,99 $",59.93,"59,93 $",59.93,"59,93 $",true,https://www.canadiantire.ca/fr/pdp/cap-barbell-disque-de-musculation-recouvert-de-caoutchouc-anti-choc-45-lb-1pc-1840721p.html,https://www.canadiantire.ca/fr/pdp/cap-barbell-disque-de-musculation-recouvert-de-caoutchouc-anti-choc-45-lb-1pc-1840721p.html,https://media-www.canadiantire.ca/product/playing/exercise/exercise-accessories/1840721/cap-45lb-rubber-plate-weight-6cf19b5e-1ca3-464a-b403-8bed15d05751-jpgrendition.jpg?im=whresize&wid=200&hei=200,https://media-www.canadiantire.ca/product/playing/exercise/exercise-accessories/1840721/cap-45lb-rubber-plate-weight-6cf19b5e-1ca3-464a-b403-8bed15d05751-jpgrendition.jpg?im=whresize&wid=200&hei=200,,1840721,184-0721-6,Il n’en reste que 1 #184-0721-6,Liquidation◊,57.19,"59,93","139,99"
690,"Laval Fabreville, QC","Épissure bout-à-bout thermorétractable de calibre AW 18 Gardner Bender AMT-4120, étanche, calibre 22 à 18 AWG, paq. 8","Épissure bout-à-bout thermorétractable de calibre AW 18 Gardner Bender AMT-4120, étanche, calibre 22 à 18 AWG, paq. 8",4.93,"4,93 $",11.99,"Était±  11,99 $prix était 11,99 $",4.93,"4,93 $",4.93,"4,93 $",true,https://www.canadiantire.ca/fr/pdp/epissure-bout-a-bout-thermoretractable-de-calibre-aw-18-gardner-bender-amt-4120-etanche-calibre-22-a-18-awg-paq-8-0520661p.html,https://www.canadiantire.ca/fr/pdp/epissure-bout-a-bout-thermoretractable-de-calibre-aw-18-gardner-bender-amt-4120-etanche-calibre-22-a-18-awg-paq-8-0520661p.html,https://media-www.canadiantire.ca/product/fixing/electrical/rough-electrical/0520661/22-pack-18aw-buttsplice-heat-shrink-62e1f49c-b527-4757-94b0-93fd02fb71a3-jpgrendition.jpg?im=whresize&wid=200&hei=200,https://media-www.canadiantire.ca/product/fixing/electrical/rough-electrical/0520661/22-pack-18aw-buttsplice-heat-shrink-62e1f49c-b527-4757-94b0-93fd02fb71a3-jpgrendition.jpg?im=whresize&wid=200&hei=200,,0520661,052-0661-2,Il n’en reste que 2 #052-0661-2,Liquidation◊Mieux notés,58.88,"4,93","11,99"
690,"Laval Fabreville, QC",Leurre Lucky Strike Lake à montage spécial,Leurre Lucky Strike Lake à montage spécial,4.93,"4,93 $",10.99,"10,99 $Était   et+ prix était à partir de 10,99 $",4.93,"4,93 $",4.93,"4,93 $",true,https://www.canadiantire.ca/fr/pdp/leurre-lucky-strike-lake-a-montage-special-0782338p.html,https://www.canadiantire.ca/fr/pdp/leurre-lucky-strike-lake-a-montage-special-0782338p.html,https://media-www.canadiantire.ca/product/playing/fishing/fishing-lures/0782339/lucky-strike-lake-special-rig-nickel-copper-5b4c0ae3-5d9d-47b5-9e21-655bd1bc2e2f-jpgrendition.jpg?im=whresize&wid=200&hei=200,https://media-www.canadiantire.ca/product/playing/fishing/fishing-lures/0782339/lucky-strike-lake-special-rig-nickel-copper-5b4c0ae3-5d9d-47b5-9e21-655bd1bc2e2f-jpgrendition.jpg?im=whresize&wid=200&hei=200,,0782338,078-2338,Vérifiez la disponibilité#078-2338X,Liquidation◊Mieux notés,55.14,"4,93","10,99"
690,"Laval Fabreville, QC","Feux de route auxiliaires, lumière/lampe utilitaire à DEL ronds Blazer AX4050, minces, 12 V","Feux de route auxiliaires, lumière/lampe utilitaire à DEL ronds Blazer AX4050, minces, 12 V",17.93,"17,93 $",39.99,"Était±  39,99 $prix était 39,99 $",17.93,"17,93 $",17.93,"17,93 $",true,https://www.canadiantire.ca/fr/pdp/feux-de-route-auxiliaires-lumiere-lampe-utilitaire-a-del-ronds-blazer-ax4050-minces-12-v-0203781p.html,https://www.canadiantire.ca/fr/pdp/feux-de-route-auxiliaires-lumiere-lampe-utilitaire-a-del-ronds-blazer-ax4050-minces-12-v-0203781p.html,https://media-www.canadiantire.ca/product/automotive/automotive-outdoor-adventure/auto-travel-storage/0203781/led-round-driving-light-kit-598e1856-6f81-4cd5-b7b1-f65536f9f83e-jpgrendition.jpg?im=whresize&wid=200&hei=200,https://media-www.canadiantire.ca/product/automotive/automotive-outdoor-adventure/auto-travel-storage/0203781/led-round-driving-light-kit-598e1856-6f81-4cd5-b7b1-f65536f9f83e-jpgrendition.jpg?im=whresize&wid=200&hei=200,,0203781,020-3781-4,Il n’en reste que 3 #020-3781-4,Liquidation◊,55.16,"17,93","39,99"
690,"Laval Fabreville, QC","Fanion du drapeau du Canada en polyester, 10 x 15 po","Fanion du drapeau du Canada en polyester, 10 x 15 po",3.93,"3,93 $",19.99,"Était±  19,99 $prix était 19,99 $",3.93,"3,93 $",3.93,"3,93 $",true,https://www.canadiantire.ca/fr/pdp/fanion-du-drapeau-du-canada-en-polyester-10-x-15-po-0791610p.html,https://www.canadiantire.ca/fr/pdp/fanion-du-drapeau-du-canada-en-polyester-10-x-15-po-0791610p.html,https://media-www.canadiantire.ca/product/playing/seasonal-recreation/marine-power-boating/0791610/boat-pennant-canada-7f9c4c68-d1d7-4e89-b67e-0b9a5bc1963f-jpgrendition.jpg?im=whresize&wid=200&hei=200,https://media-www.canadiantire.ca/product/playing/seasonal-recreation/marine-power-boating/0791610/boat-pennant-canada-7f9c4c68-d1d7-4e89-b67e-0b9a5bc1963f-jpgrendition.jpg?im=whresize&wid=200&hei=200,,0791610,079-1610-6,Il n’en reste que 4 #079-1610-6,Liquidation◊,80.34,"3,93","19,99"
690,"Laval Fabreville, QC","Plafonnier suspendu avec abat-jour en verre transparent CANVAS Bryant, nickel brossé","Plafonnier suspendu avec abat-jour en verre transparent CANVAS Bryant, nickel brossé",24.93,"24,93 $",109.99,"Était±  109,99 $prix était 109,99 $",24.93,"24,93 $",24.93,"24,93 $",true,https://www.canadiantire.ca/fr/pdp/plafonnier-suspendu-avec-abat-jour-en-verre-transparent-canvas-bryant-nickel-brosse-0528395p.html,https://www.canadiantire.ca/fr/pdp/plafonnier-suspendu-avec-abat-jour-en-verre-transparent-canvas-bryant-nickel-brosse-0528395p.html,https://media-www.canadiantire.ca/product/living/home-decor/lighting/0528395/canvas-caleb-pendant-b51b402a-5309-4386-b00f-fd65e59ad71a-jpgrendition.jpg?im=whresize&wid=200&hei=200,https://media-www.canadiantire.ca/product/living/home-decor/lighting/0528395/canvas-caleb-pendant-b51b402a-5309-4386-b00f-fd65e59ad71a-jpgrendition.jpg?im=whresize&wid=200&hei=200,,0528395,052-8395-8,Il n’en reste que 1 #052-8395-8,Liquidation◊Exclusivité,77.33,"24,93","109,99"
690,"Laval Fabreville, QC","Douille de lampe pour prise de courant en porcelaine émaillée Leviton 09726-732, prise, chaînette, 660 W, 15 A, 125 V, blanc","Douille de lampe pour prise de courant en porcelaine émaillée Leviton 09726-732, prise, chaînette, 660 W, 15 A, 125 V, blanc",4.93,"4,93 $",11.49,"Était±  11,49 $prix était 11,49 $",4.93,"4,93 $",4.93,"4,93 $",true,https://www.canadiantire.ca/fr/pdp/douille-de-lampe-pour-prise-de-courant-en-porcelaine-emaillee-leviton-09726-732-prise-chainette-660-w-15-a-125-v-blanc-0527511p.html,https://www.canadiantire.ca/fr/pdp/douille-de-lampe-pour-prise-de-courant-en-porcelaine-emaillee-leviton-09726-732-prise-chainette-660-w-15-a-125-v-blanc-0527511p.html,https://media-www.canadiantire.ca/product/fixing/electrical/rough-electrical/0527511/lampholder-power-cord-with-outlet-64202fed-ad80-4474-b4f5-0b68c7026cbc-jpgrendition.jpg?im=whresize&wid=200&hei=200,https://media-www.canadiantire.ca/product/fixing/electrical/rough-electrical/0527511/lampholder-power-cord-with-outlet-64202fed-ad80-4474-b4f5-0b68c7026cbc-jpgrendition.jpg?im=whresize&wid=200&hei=200,,0527511,052-7511-8,Il n’en reste que 1 #052-7511-8,Liquidation◊Mieux notés,57.09,"4,93","11,49"
690,"Laval Fabreville, QC","Chaînette de ventilateur de plafond Atron Electro Industries FA63 perlée et en laiton, bois blanc, 12 po","Chaînette de ventilateur de plafond Atron Electro Industries FA63 perlée et en laiton, bois blanc, 12 po",1.43,"1,43 $",3.49,"Était±  3,49 $prix était 3,49 $",1.43,"1,43 $",1.43,"1,43 $",true,https://www.canadiantire.ca/fr/pdp/chainette-de-ventilateur-de-plafond-atron-electro-industries-fa63-perlee-et-en-laiton-bois-blanc-12-po-0520016p.html,https://www.canadiantire.ca/fr/pdp/chainette-de-ventilateur-de-plafond-atron-electro-industries-fa63-perlee-et-en-laiton-bois-blanc-12-po-0520016p.html,https://media-www.canadiantire.ca/product/fixing/electrical/rough-electrical/0520016/ceiling-fan-pull-chain-oval-white-f1cb4a5d-b13d-4fcc-9938-b9dd9e2050df-jpgrendition.jpg?im=whresize&wid=200&hei=200,https://media-www.canadiantire.ca/product/fixing/electrical/rough-electrical/0520016/ceiling-fan-pull-chain-oval-white-f1cb4a5d-b13d-4fcc-9938-b9dd9e2050df-jpgrendition.jpg?im=whresize&wid=200&hei=200,,0520016,052-0016-0,Il n’en reste que 6 #052-0016-0,Liquidation◊Mieux notés,59.03,"1,43","3,49"
690,"Laval Fabreville, QC","Gaine annelée Hopkins classe I, 3/8 po x 10 pi","Gaine annelée Hopkins classe I, 3/8 po x 10 pi",4.93,"4,93 $",10.99,"Était±  10,99 $prix était 10,99 $",4.93,"4,93 $",4.93,"4,93 $",true,https://www.canadiantire.ca/fr/pdp/gaine-annelee-hopkins-classe-i-3-8-po-x-10-pi-1407236p.html,https://www.canadiantire.ca/fr/pdp/gaine-annelee-hopkins-classe-i-3-8-po-x-10-pi-1407236p.html,https://media-www.canadiantire.ca/product/automotive/automotive-outdoor-adventure/auto-travel-storage/1407236/hopkins-3-8-in-convoluted-tubing-10-ft-8fcb6ea4-330e-45ee-bcde-397180686fee-jpgrendition.jpg?im=whresize&wid=200&hei=200,https://media-www.canadiantire.ca/product/automotive/automotive-outdoor-adventure/auto-travel-storage/1407236/hopkins-3-8-in-convoluted-tubing-10-ft-8fcb6ea4-330e-45ee-bcde-397180686fee-jpgrendition.jpg?im=whresize&wid=200&hei=200,,1407236,140-7236-4,Il n’en reste que 1 #140-7236-4,Liquidation◊Mieux notés,55.14,"4,93","10,99"
690,"Laval Fabreville, QC","Joint de rechange Graco TrueAirless, à utiliser avec le protecteur Hand-Tight RAC IV","Joint de rechange Graco TrueAirless, à utiliser avec le protecteur Hand-Tight RAC IV",7.93,"7,93 $",19.99,"Était±  19,99 $prix était 19,99 $",7.93,"7,93 $",7.93,"7,93 $",true,https://www.canadiantire.ca/fr/pdp/joint-de-rechange-graco-trueairless-a-utiliser-avec-le-protecteur-hand-tight-rac-iv-0492556p.html,https://www.canadiantire.ca/fr/pdp/joint-de-rechange-graco-trueairless-a-utiliser-avec-le-protecteur-hand-tight-rac-iv-0492556p.html,https://media-www.canadiantire.ca/product/fixing/paint/paint-accessories/0492556/trueairless-single-seal-dec86a48-d64d-4d31-86d9-bb95629724ed-jpgrendition.jpg?im=whresize&wid=200&hei=200,https://media-www.canadiantire.ca/product/fixing/paint/paint-accessories/0492556/trueairless-single-seal-dec86a48-d64d-4d31-86d9-bb95629724ed-jpgrendition.jpg?im=whresize&wid=200&hei=200,,0492556,049-2556-2,Il n’en reste que 4 #049-2556-2,Liquidation◊,60.33,"7,93","19,99"
690,"Laval Fabreville, QC","Projecteur solaire à DEL NOMA à couleurs changeantes, 120 lumens, blanc froid, pour terrasse extérieure","Projecteur solaire à DEL NOMA à couleurs changeantes, 120 lumens, blanc froid, pour terrasse extérieure",19.93,"19,93 $",39.99,"Était±  39,99 $prix était 39,99 $",19.93,"19,93 $",19.93,"19,93 $",true,https://www.canadiantire.ca/fr/pdp/projecteur-solaire-a-del-noma-a-couleurs-changeantes-120-lumens-blanc-froid-pour-terrasse-exterieure-0521697p.html,https://www.canadiantire.ca/fr/pdp/projecteur-solaire-a-del-noma-a-couleurs-changeantes-120-lumens-blanc-froid-pour-terrasse-exterieure-0521697p.html,https://media-www.canadiantire.ca/product/seasonal-gardening/backyard-living/outdoor-lighting/0521697/noma-colour-changing-spot-light-ff7c3349-c662-4f9b-babf-0348c5ff1fef-jpgrendition.jpg?im=whresize&wid=200&hei=200,https://media-www.canadiantire.ca/product/seasonal-gardening/backyard-living/outdoor-lighting/0521697/noma-colour-changing-spot-light-ff7c3349-c662-4f9b-babf-0348c5ff1fef-jpgrendition.jpg?im=whresize&wid=200&hei=200,,0521697,052-1697-2,,Liquidation◊Mieux notés,50.16,"19,93","39,99"
690,"Laval Fabreville, QC","Cache-prise extérieur rond résistant aux intempéries Hubbell 5193-0, prises filetées de 1/2 po, gris","Cache-prise extérieur rond résistant aux intempéries Hubbell 5193-0, prises filetées de 1/2 po, gris",2.93,"2,93 $",6.99,"Était±  6,99 $prix était 6,99 $",2.93,"2,93 $",2.93,"2,93 $",true,https://www.canadiantire.ca/fr/pdp/cache-prise-exterieur-rond-resistant-aux-intemperies-hubbell-5193-0-prises-filetees-de-1-2-po-gris-0524246p.html,https://www.canadiantire.ca/fr/pdp/cache-prise-exterieur-rond-resistant-aux-intemperies-hubbell-5193-0-prises-filetees-de-1-2-po-gris-0524246p.html,https://media-www.canadiantire.ca/product/fixing/electrical/rough-electrical/0524246/cover-outlet-box-weather-proof-round-1-hole-grey-edf2fa71-1898-4bb2-8d3f-18a90e074f06-jpgrendition.jpg?im=whresize&wid=200&hei=200,https://media-www.canadiantire.ca/product/fixing/electrical/rough-electrical/0524246/cover-outlet-box-weather-proof-round-1-hole-grey-edf2fa71-1898-4bb2-8d3f-18a90e074f06-jpgrendition.jpg?im=whresize&wid=200&hei=200,,0524246,052-4246-8,Il n’en reste que 6 #052-4246-8,Liquidation◊Mieux notés,58.08,"2,93","6,99"
690,"Laval Fabreville, QC",Connecteur à lame 7 voies câble gainé à DEL de vérification Hopkins Towing Solution,Connecteur à lame 7 voies câble gainé à DEL de vérification Hopkins Towing Solution,41.93,"41,93 $",99.99,"Était±  99,99 $prix était 99,99 $",41.93,"41,93 $",41.93,"41,93 $",true,https://www.canadiantire.ca/fr/pdp/connecteur-a-lame-7-voies-cable-gaine-a-del-de-verification-hopkins-towing-solution-0409670p.html,https://www.canadiantire.ca/fr/pdp/connecteur-a-lame-7-voies-cable-gaine-a-del-de-verification-hopkins-towing-solution-0409670p.html,https://media-www.canadiantire.ca/product/automotive/automotive-outdoor-adventure/auto-travel-storage/0409670/led-test-jacketed-cable-7-blade-connector-61660711-970d-4903-a30f-cfb9c23ba3e1-jpgrendition.jpg?im=whresize&wid=200&hei=200,https://media-www.canadiantire.ca/product/automotive/automotive-outdoor-adventure/auto-travel-storage/0409670/led-test-jacketed-cable-7-blade-connector-61660711-970d-4903-a30f-cfb9c23ba3e1-jpgrendition.jpg?im=whresize&wid=200&hei=200,,0409670,040-9670-4,Il n’en reste que 2 #040-9670-4,Liquidation◊,58.07,"41,93","99,99"
690,"Laval Fabreville, QC","Attache de protection de bateau réglable Dock Edge Kwik Adjust, blanc","Attache de protection de bateau réglable Dock Edge Kwik Adjust, blanc",1.93,"1,93 $",9.99,"Était±  9,99 $prix était 9,99 $",1.93,"1,93 $",1.93,"1,93 $",true,https://www.canadiantire.ca/fr/pdp/attache-de-protection-de-bateau-reglable-dock-edge-kwik-adjust-blanc-0792605p.html,https://www.canadiantire.ca/fr/pdp/attache-de-protection-de-bateau-reglable-dock-edge-kwik-adjust-blanc-0792605p.html,https://media-www.canadiantire.ca/product/playing/seasonal-recreation/marine-power-boating/0792605/fender-lock-holder-005ea3c0-5e0d-430e-a790-282cfb4e31a5-jpgrendition.jpg?im=whresize&wid=200&hei=200,https://media-www.canadiantire.ca/product/playing/seasonal-recreation/marine-power-boating/0792605/fender-lock-holder-005ea3c0-5e0d-430e-a790-282cfb4e31a5-jpgrendition.jpg?im=whresize&wid=200&hei=200,,0792605,079-2605-4,Il n’en reste que 6 #079-2605-4,Liquidation◊,80.68,"1,93","9,99"
690,"Laval Fabreville, QC","Ruban Certified pour réparation de bâche, 32,8 pi","Ruban Certified pour réparation de bâche, 32,8 pi",2.93,"2,93 $",8.99,"8,99 $Était   et+ prix était à partir de 8,99 $",2.93,"2,93 $",2.93,"2,93 $",true,https://www.canadiantire.ca/fr/pdp/ruban-certified-pour-reparation-de-bache-32-8-pi-0405190p.html,https://www.canadiantire.ca/fr/pdp/ruban-certified-pour-reparation-de-bache-32-8-pi-0405190p.html,https://media-www.canadiantire.ca/product/automotive/automotive-outdoor-adventure/tarps-cords/0405190/certified-tarp-repair-tape-blue-b5eb8b12-b6fc-4e51-8892-266a55fb1cbe-jpgrendition.jpg?im=whresize&wid=200&hei=200,https://media-www.canadiantire.ca/product/automotive/automotive-outdoor-adventure/tarps-cords/0405190/certified-tarp-repair-tape-blue-b5eb8b12-b6fc-4e51-8892-266a55fb1cbe-jpgrendition.jpg?im=whresize&wid=200&hei=200,,0405190,040-5190,Vérifiez la disponibilité#040-5190X,Liquidation◊Exclusivité,67.41,"2,93","8,99"
690,"Laval Fabreville, QC","Affiche No Smoking auto-adhésive Hillman, 8 x 12 po, noir/rouge/blanc","Affiche No Smoking auto-adhésive Hillman, 8 x 12 po, noir/rouge/blanc",0.93,"0,93 $",2.99,"Était±  2,99 $prix était 2,99 $",0.93,"0,93 $",0.93,"0,93 $",true,https://www.canadiantire.ca/fr/pdp/affiche-no-smoking-auto-adhesive-hillman-8-x-12-po-noir-rouge-blanc-0463106p.html,https://www.canadiantire.ca/fr/pdp/affiche-no-smoking-auto-adhesive-hillman-8-x-12-po-noir-rouge-blanc-0463106p.html,https://media-www.canadiantire.ca/product/fixing/hardware/curb-appeal/0463106/no-smoking-sign-8-x-12--a03c71c0-b3ab-4ec1-9524-63763aeb36ab-jpgrendition.jpg?im=whresize&wid=200&hei=200,https://media-www.canadiantire.ca/product/fixing/hardware/curb-appeal/0463106/no-smoking-sign-8-x-12--a03c71c0-b3ab-4ec1-9524-63763aeb36ab-jpgrendition.jpg?im=whresize&wid=200&hei=200,,0463106,046-3106-4,Il n’en reste que 5 #046-3106-4,Liquidation◊,68.9,"0,93","2,99"
690,"Laval Fabreville, QC","Poignées en métal en forme d’arc Peerless, bronze avec cuivre, 3 po, paq. 2","Poignées en métal en forme d’arc Peerless, bronze avec cuivre, 3 po, paq. 2",2.93,"2,93 $",8.99,"Était±  8,99 $prix était 8,99 $",2.93,"2,93 $",2.93,"2,93 $",true,https://www.canadiantire.ca/fr/pdp/poignees-en-metal-en-forme-d-arc-peerless-bronze-avec-cuivre-3-po-paq-2-0467408p.html,https://www.canadiantire.ca/fr/pdp/poignees-en-metal-en-forme-d-arc-peerless-bronze-avec-cuivre-3-po-paq-2-0467408p.html,https://media-www.canadiantire.ca/product/living/home-decor/decor-accents/0467408/peerless-3-arch-pull-2pk-bronze-with-copper-highlights-e7dff44f-61c0-4cb6-a774-c1cf51fd8211-jpgrendition.jpg?im=whresize&wid=200&hei=200,https://media-www.canadiantire.ca/product/living/home-decor/decor-accents/0467408/peerless-3-arch-pull-2pk-bronze-with-copper-highlights-e7dff44f-61c0-4cb6-a774-c1cf51fd8211-jpgrendition.jpg?im=whresize&wid=200&hei=200,,0467408,046-7408-2,Il n’en reste que 1 #046-7408-2,Liquidation◊Mieux notés,67.41,"2,93","8,99"
690,"Laval Fabreville, QC",Paquet de 5 feuilles de papier de soie décoratif Serpentins,Paquet de 5 feuilles de papier de soie décoratif Serpentins,0.43,"0,43 $",1.49,"Était±  1,49 $prix était 1,49 $",0.43,"0,43 $",0.43,"0,43 $",true,https://www.canadiantire.ca/fr/pdp/paquet-de-5-feuilles-de-papier-de-soie-decoratif-serpentins-8536775p.html,https://www.canadiantire.ca/fr/pdp/paquet-de-5-feuilles-de-papier-de-soie-decoratif-serpentins-8536775p.html,https://media-www.canadiantire.ca/product/seasonal-gardening/party-city-everyday/party-city-party-supplies-decor/8536775/tissue-swirls-5-sheet-52b4d550-94f2-4234-84f6-3ea265c08e77-jpgrendition.jpg?im=whresize&wid=200&hei=200,https://media-www.canadiantire.ca/product/seasonal-gardening/party-city-everyday/party-city-party-supplies-decor/8536775/tissue-swirls-5-sheet-52b4d550-94f2-4234-84f6-3ea265c08e77-jpgrendition.jpg?im=whresize&wid=200&hei=200,,8536775,853-6775-0,93 En Stock#853-6775-0,Liquidation◊Mieux notés,71.14,"0,43","1,49"
690,"Laval Fabreville, QC","Crochet géant Atron Electro Industries LA777, chrome","Crochet géant Atron Electro Industries LA777, chrome",1.43,"1,43 $",3.49,"Était±  3,49 $prix était 3,49 $",1.43,"1,43 $",1.43,"1,43 $",true,https://www.canadiantire.ca/fr/pdp/crochet-geant-atron-electro-industries-la777-chrome-0522854p.html,https://www.canadiantire.ca/fr/pdp/crochet-geant-atron-electro-industries-la777-chrome-0522854p.html,https://media-www.canadiantire.ca/product/fixing/electrical/rough-electrical/0522854/hook-jumbo-chrome-b08d2265-01a5-49d6-82c5-4d5095c09ae6-jpgrendition.jpg?im=whresize&wid=200&hei=200,https://media-www.canadiantire.ca/product/fixing/electrical/rough-electrical/0522854/hook-jumbo-chrome-b08d2265-01a5-49d6-82c5-4d5095c09ae6-jpgrendition.jpg?im=whresize&wid=200&hei=200,,0522854,052-2854-2,Il n’en reste que 2 #052-2854-2,Liquidation◊,59.03,"1,43","3,49"
690,"Laval Fabreville, QC","Recharge de nourriture solide pour poupée Baby Alive, paq. 3, avec une fourchette, 3 ans et plus","Recharge de nourriture solide pour poupée Baby Alive, paq. 3, avec une fourchette, 3 ans et plus",4.73,"4,73 $",9.99,"Était±  9,99 $prix était 9,99 $",4.73,"4,73 $",4.73,"4,73 $",true,https://www.canadiantire.ca/fr/pdp/recharge-de-nourriture-solide-pour-poupee-baby-alive-paq-3-avec-une-fourchette-3-ans-et-plus-0508441p.html,https://www.canadiantire.ca/fr/pdp/recharge-de-nourriture-solide-pour-poupee-baby-alive-paq-3-avec-une-fourchette-3-ans-et-plus-0508441p.html,https://media-www.canadiantire.ca/product/seasonal-gardening/toys/toys-games/0508441/baby-alive-solid-food-refill-2b3210c8-fe97-4b85-9075-f5674a3c8dc7-jpgrendition.jpg?im=whresize&wid=200&hei=200,https://media-www.canadiantire.ca/product/seasonal-gardening/toys/toys-games/0508441/baby-alive-solid-food-refill-2b3210c8-fe97-4b85-9075-f5674a3c8dc7-jpgrendition.jpg?im=whresize&wid=200&hei=200,,0508441,050-8441-2,Il n’en reste que 4 #050-8441-2,Liquidation◊,52.65,"4,73","9,99"
690,"Laval Fabreville, QC",Attractif Tink's E-Scent,Attractif Tink's E-Scent,19.43,"19,43 $",45.99,"Était±  45,99 $prix était 45,99 $",19.43,"19,43 $",19.43,"19,43 $",true,https://www.canadiantire.ca/fr/pdp/attractif-tink-s-e-scent-1759115p.html,https://www.canadiantire.ca/fr/pdp/attractif-tink-s-e-scent-1759115p.html,https://media-www.canadiantire.ca/product/playing/hunting/hunting-accessories/1759115/tinks-e-scent-797f16ba-6cf8-4715-965a-9bd897d1d389-jpgrendition.jpg?im=whresize&wid=200&hei=200,https://media-www.canadiantire.ca/product/playing/hunting/hunting-accessories/1759115/tinks-e-scent-797f16ba-6cf8-4715-965a-9bd897d1d389-jpgrendition.jpg?im=whresize&wid=200&hei=200,,1759115,175-9115-8,Il n’en reste que 1 #175-9115-8,Liquidation◊,57.75,"19,43","45,99"
690,"Laval Fabreville, QC","Lunettes de tir de chasse Beretta Challenge, jaune","Lunettes de tir de chasse Beretta Challenge, jaune",16.43,"16,43 $",36.99,"Était±  36,99 $prix était 36,99 $",16.43,"16,43 $",16.43,"16,43 $",true,https://www.canadiantire.ca/fr/pdp/lunettes-de-tir-de-chasse-beretta-challenge-jaune-1759178p.html,https://www.canadiantire.ca/fr/pdp/lunettes-de-tir-de-chasse-beretta-challenge-jaune-1759178p.html,https://media-www.canadiantire.ca/product/playing/hunting/hunting-accessories/1759178/beretta-challenge-shooting-glasses-yellow-2e27c8b2-b777-4fc9-905e-d23309e870bb-jpgrendition.jpg?im=whresize&wid=200&hei=200,https://media-www.canadiantire.ca/product/playing/hunting/hunting-accessories/1759178/beretta-challenge-shooting-glasses-yellow-2e27c8b2-b777-4fc9-905e-d23309e870bb-jpgrendition.jpg?im=whresize&wid=200&hei=200,,1759178,175-9178-8,Il n’en reste que 1 #175-9178-8,Liquidation◊Mieux notés,55.58,"16,43","36,99"
690,"Laval Fabreville, QC","Ballon en aluminium satiné lettres It's a Boy, argent prismatique, 40 x 9 po, gonflé d'air, pour fête prénatale","Ballon en aluminium satiné lettres It's a Boy, argent prismatique, 40 x 9 po, gonflé d'air, pour fête prénatale",6.93,"6,93 $",13.99,"13,99 $Était   et+ prix était à partir de 13,99 $",6.93,"6,93 $",6.93,"6,93 $",true,https://www.canadiantire.ca/fr/pdp/ballon-en-aluminium-satine-lettres-it-s-a-boy-argent-prismatique-40-x-9-po-gonfle-d-air-pour-fete-prenatale-8423830p.html,https://www.canadiantire.ca/fr/pdp/ballon-en-aluminium-satine-lettres-it-s-a-boy-argent-prismatique-40-x-9-po-gonfle-d-air-pour-fete-prenatale-8423830p.html,https://media-www.partycity.ca/product/seasonal-gardening/party-city-everyday/party-city-party-supplies-decor/8423830/holo-blln-bloc-a38e25da-dc27-4a51-a05b-e86253537aab-jpgrendition.jpg?im=whresize&wid=200&hei=200,https://media-www.partycity.ca/product/seasonal-gardening/party-city-everyday/party-city-party-supplies-decor/8423830/holo-blln-bloc-a38e25da-dc27-4a51-a05b-e86253537aab-jpgrendition.jpg?im=whresize&wid=200&hei=200,,8423830,842-3830-2,9 En Stock#842-3830-2,Liquidation◊,50.46,"6,93","13,99"
690,"Laval Fabreville, QC","Ballon en aluminium satiné rond It's A Baby Girl, rose, 17 po, gonflement à l'hélium et ruban inclus, pour fête prénatale","Ballon en aluminium satiné rond It's A Baby Girl, rose, 17 po, gonflement à l'hélium et ruban inclus, pour fête prénatale",0.93,"0,93 $",6.99,"Était±  6,99 $prix était 6,99 $",0.93,"0,93 $",0.93,"0,93 $",true,https://www.canadiantire.ca/fr/pdp/ballon-en-aluminium-satine-rond-it-s-a-baby-girl-rose-17-po-gonflement-a-l-helium-et-ruban-inclus-pour-fete-prenatale-8423953p.html,https://www.canadiantire.ca/fr/pdp/ballon-en-aluminium-satine-rond-it-s-a-baby-girl-rose-17-po-gonflement-a-l-helium-et-ruban-inclus-pour-fete-prenatale-8423953p.html,https://media-www.partycity.ca/product/seasonal-gardening/party-city-everyday/party-city-party-supplies-decor/8423953/749-18in-bln-shwr-lv-onesie-gl-86f5dc4e-e077-41c6-b03d-bfbd00442492-jpgrendition.jpg?im=whresize&wid=200&hei=200,https://media-www.partycity.ca/product/seasonal-gardening/party-city-everyday/party-city-party-supplies-decor/8423953/749-18in-bln-shwr-lv-onesie-gl-86f5dc4e-e077-41c6-b03d-bfbd00442492-jpgrendition.jpg?im=whresize&wid=200&hei=200,,8423953,842-3953-0,,Liquidation◊Articles à succès,86.7,"0,93","6,99"
690,"Laval Fabreville, QC","Tiges filetées Atron Electro Industries, choix variés, paq. 2","Tiges filetées Atron Electro Industries, choix variés, paq. 2",0.93,"0,93 $",1.99,"1,99 $Était   et+ prix était à partir de 1,99 $",0.93,"0,93 $",0.93,"0,93 $",true,https://www.canadiantire.ca/fr/pdp/tiges-filetees-atron-electro-industries-choix-varies-paq-2-0523027p.html,https://www.canadiantire.ca/fr/pdp/tiges-filetees-atron-electro-industries-choix-varies-paq-2-0523027p.html,https://media-www.canadiantire.ca/product/fixing/electrical/rough-electrical/0523027/nipples-1--5e3d3c4e-177b-4120-a6b1-e4e8fe050169-jpgrendition.jpg?im=whresize&wid=200&hei=200,https://media-www.canadiantire.ca/product/fixing/electrical/rough-electrical/0523027/nipples-1--5e3d3c4e-177b-4120-a6b1-e4e8fe050169-jpgrendition.jpg?im=whresize&wid=200&hei=200,,0523027,052-3027,Vérifiez la disponibilité#052-3027X,Liquidation◊Mieux notés,53.27,"0,93","1,99"
690,"Laval Fabreville, QC","Crochets à boucle souple MotoMaster, résistance à la rupture de 2 400 lb, 1 x 12 po, paq. 4","Crochets à boucle souple MotoMaster, résistance à la rupture de 2 400 lb, 1 x 12 po, paq. 4",2.93,"2,93 $",5.99,"Était±  5,99 $prix était 5,99 $",2.93,"2,93 $",2.93,"2,93 $",true,https://www.canadiantire.ca/fr/pdp/crochets-a-boucle-souple-motomaster-resistance-a-la-rupture-de-2-400-lb-1-x-12-po-paq-4-0405117p.html,https://www.canadiantire.ca/fr/pdp/crochets-a-boucle-souple-motomaster-resistance-a-la-rupture-de-2-400-lb-1-x-12-po-paq-4-0405117p.html,https://media-www.canadiantire.ca/product/automotive/automotive-outdoor-adventure/tarps-cords/0405117/2-400-lb-soft-loop-hooks-1-x-12-in-4-pk--3788a1ca-39d3-4d3b-8483-abe92631fc9e-jpgrendition.jpg?im=whresize&wid=200&hei=200,https://media-www.canadiantire.ca/product/automotive/automotive-outdoor-adventure/tarps-cords/0405117/2-400-lb-soft-loop-hooks-1-x-12-in-4-pk--3788a1ca-39d3-4d3b-8483-abe92631fc9e-jpgrendition.jpg?im=whresize&wid=200&hei=200,,0405117,040-5117-8,Il n’en reste que 2 #040-5117-8,Liquidation◊Mieux notés,51.09,"2,93","5,99"
690,"Laval Fabreville, QC","Ampoule halogène de motoneige Kimpex, pièce d'origine 901167, type H4 P43T, 100/80 W","Ampoule halogène de motoneige Kimpex, pièce d'origine 901167, type H4 P43T, 100/80 W",2.93,"2,93 $",11.99,"Était±  11,99 $prix était 11,99 $",2.93,"2,93 $",2.93,"2,93 $",true,https://www.canadiantire.ca/fr/pdp/ampoule-halogene-de-motoneige-kimpex-piece-d-origine-901167-type-h4-p43t-100-80-w-0262000p.html,https://www.canadiantire.ca/fr/pdp/ampoule-halogene-de-motoneige-kimpex-piece-d-origine-901167-type-h4-p43t-100-80-w-0262000p.html,https://media-www.canadiantire.ca/product/automotive/automotive-outdoor-adventure/powersport/0262000/halogen-bulb-type-h4-p43t-100-80w-213c2407-f730-4d53-9ecc-378af01ab8be-jpgrendition.jpg?im=whresize&wid=200&hei=200,https://media-www.canadiantire.ca/product/automotive/automotive-outdoor-adventure/powersport/0262000/halogen-bulb-type-h4-p43t-100-80w-213c2407-f730-4d53-9ecc-378af01ab8be-jpgrendition.jpg?im=whresize&wid=200&hei=200,,0262000,026-2000-8,Il n’en reste que 3 #026-2000-8,Liquidation◊Mieux notés,75.56,"2,93","11,99"
690,"Laval Fabreville, QC","Coussin de ceinture de sécurité canadien, paq. 2","Coussin de ceinture de sécurité canadien, paq. 2",4.93,"4,93 $",12.99,"Était±  12,99 $prix était 12,99 $",4.93,"4,93 $",4.93,"4,93 $",true,https://www.canadiantire.ca/fr/pdp/coussin-de-ceinture-de-securite-canadien-paq-2-0371677p.html,https://www.canadiantire.ca/fr/pdp/coussin-de-ceinture-de-securite-canadien-paq-2-0371677p.html,https://media-www.canadiantire.ca/product/automotive/car-care-accessories/auto-accessories/0371677/canadiana-seatbelt-pad-2-pack-55f821b1-a192-4355-901e-7139dafb6df3-jpgrendition.jpg?im=whresize&wid=200&hei=200,https://media-www.canadiantire.ca/product/automotive/car-care-accessories/auto-accessories/0371677/canadiana-seatbelt-pad-2-pack-55f821b1-a192-4355-901e-7139dafb6df3-jpgrendition.jpg?im=whresize&wid=200&hei=200,,0371677,037-1677-8,Il n’en reste que 1 #037-1677-8,Liquidation◊Mieux notés,62.05,"4,93","12,99"
690,"Laval Fabreville, QC",Leurre de pêche blanche Northland Impulse Scud Bug,Leurre de pêche blanche Northland Impulse Scud Bug,2.93,"2,93 $",6.49,"6,49 $Était   et+ prix était à partir de 6,49 $",2.93,"2,93 $",2.93,"2,93 $",true,https://www.canadiantire.ca/fr/pdp/leurre-de-peche-blanche-northland-impulse-scud-bug-0777035p.html,https://www.canadiantire.ca/fr/pdp/leurre-de-peche-blanche-northland-impulse-scud-bug-0777035p.html,https://media-www.canadiantire.ca/product/playing/fishing/ice-fishing/0777036/northland-impulse-scud-bug-natural-f081f013-e974-4cc1-9669-5dc2fbdedd04-jpgrendition.jpg?im=whresize&wid=200&hei=200,https://media-www.canadiantire.ca/product/playing/fishing/ice-fishing/0777036/northland-impulse-scud-bug-natural-f081f013-e974-4cc1-9669-5dc2fbdedd04-jpgrendition.jpg?im=whresize&wid=200&hei=200,,0777035,077-7035,Vérifiez la disponibilité#077-7035X,Liquidation◊Mieux notés,54.85,"2,93","6,49"
690,"Laval Fabreville, QC","Té de golf Pride Sports Max Pro, 2-3/4 po, paq. 10","Té de golf Pride Sports Max Pro, 2-3/4 po, paq. 10",3.43,"3,43 $",11.99,"Était±  11,99 $prix était 11,99 $",3.43,"3,43 $",3.43,"3,43 $",true,https://www.canadiantire.ca/fr/pdp/te-de-golf-pride-sports-max-pro-2-3-4-po-paq-10-0860813p.html,https://www.canadiantire.ca/fr/pdp/te-de-golf-pride-sports-max-pro-2-3-4-po-paq-10-0860813p.html,https://media-www.canadiantire.ca/product/playing/team-sports-and-golf/golf/0860813/pride-sports-max-pro-golf-tee-10-pack-2-3-4--b31d5573-cbd6-4606-9fc0-5b4e4c79660f-jpgrendition.jpg?im=whresize&wid=200&hei=200,https://media-www.canadiantire.ca/product/playing/team-sports-and-golf/golf/0860813/pride-sports-max-pro-golf-tee-10-pack-2-3-4--b31d5573-cbd6-4606-9fc0-5b4e4c79660f-jpgrendition.jpg?im=whresize&wid=200&hei=200,,0860813,086-0813-2,Il n’en reste que 1 #086-0813-2,Liquidation◊Mieux notés,71.39,"3,43","11,99"
690,"Laval Fabreville, QC","Cosses ouvertes Gardner Bender C14-114, calibre 16 à 14 AWG, calibre de goujon 8 à 10 po, paq. 7","Cosses ouvertes Gardner Bender C14-114, calibre 16 à 14 AWG, calibre de goujon 8 à 10 po, paq. 7",0.93,"0,93 $",2.99,"Était±  2,99 $prix était 2,99 $",0.93,"0,93 $",0.93,"0,93 $",true,https://www.canadiantire.ca/fr/pdp/cosses-ouvertes-gardner-bender-c14-114-calibre-16-a-14-awg-calibre-de-goujon-8-a-10-po-paq-7-0520204p.html,https://www.canadiantire.ca/fr/pdp/cosses-ouvertes-gardner-bender-c14-114-calibre-16-a-14-awg-calibre-de-goujon-8-a-10-po-paq-7-0520204p.html,https://media-www.canadiantire.ca/product/fixing/electrical/rough-electrical/0520204/spade-terminal-8-10-stud-blue-pkg-7-79ed5868-bcaa-45e0-93bf-472f7c997551-jpgrendition.jpg?im=whresize&wid=200&hei=200,https://media-www.canadiantire.ca/product/fixing/electrical/rough-electrical/0520204/spade-terminal-8-10-stud-blue-pkg-7-79ed5868-bcaa-45e0-93bf-472f7c997551-jpgrendition.jpg?im=whresize&wid=200&hei=200,,0520204,052-0204-2,18 En Stock#052-0204-2,Liquidation◊Mieux notés,68.9,"0,93","2,99"
690,"Laval Fabreville, QC","Pot de moisson galvanisé CANVAS avec feuilles et gazon, orange, 12 po, décoration intérieure pour l'automne","Pot de moisson galvanisé CANVAS avec feuilles et gazon, orange, 12 po, décoration intérieure pour l'automne",4.93,"4,93 $",9.99,"Était±  9,99 $prix était 9,99 $",4.93,"4,93 $",4.93,"4,93 $",true,https://www.canadiantire.ca/fr/pdp/pot-de-moisson-galvanise-canvas-avec-feuilles-et-gazon-orange-12-po-decoration-interieure-pour-l-automne-1518444p.html,https://www.canadiantire.ca/fr/pdp/pot-de-moisson-galvanise-canvas-avec-feuilles-et-gazon-orange-12-po-decoration-interieure-pour-l-automne-1518444p.html,https://media-www.canadiantire.ca/product/seasonal-gardening/seasonal/halloween-harvest/1518444/12-harvest-table-top-decor-b73fe0a8-a049-4f3a-9f0a-123ce3621575-jpgrendition.jpg?im=whresize&wid=200&hei=200,https://media-www.canadiantire.ca/product/seasonal-gardening/seasonal/halloween-harvest/1518444/12-harvest-table-top-decor-b73fe0a8-a049-4f3a-9f0a-123ce3621575-jpgrendition.jpg?im=whresize&wid=200&hei=200,,1518444,151-8444-6,Il n’en reste que 5 #151-8444-6,Liquidation◊Mieux notés,50.65,"4,93","9,99"
690,"Laval Fabreville, QC","Tampons de nettoyage Hoppe's no 1 pour pistolet de chasse, petit, paq. 60","Tampons de nettoyage Hoppe's no 1 pour pistolet de chasse, petit, paq. 60",1.43,"1,43 $",2.99,"Était±  2,99 $prix était 2,99 $",1.43,"1,43 $",1.43,"1,43 $",true,https://www.canadiantire.ca/fr/pdp/tampons-de-nettoyage-hoppe-s-no-1-pour-pistolet-de-chasse-petit-paq-60-1758726p.html,https://www.canadiantire.ca/fr/pdp/tampons-de-nettoyage-hoppe-s-no-1-pour-pistolet-de-chasse-petit-paq-60-1758726p.html,https://media-www.canadiantire.ca/product/playing/hunting/hunting-accessories/1758726/hoppe-s-patch-no-1-small-bore-60-pack-fbbf1c98-7c90-4460-90ea-f831343c8ad8-jpgrendition.jpg?im=whresize&wid=200&hei=200,https://media-www.canadiantire.ca/product/playing/hunting/hunting-accessories/1758726/hoppe-s-patch-no-1-small-bore-60-pack-fbbf1c98-7c90-4460-90ea-f831343c8ad8-jpgrendition.jpg?im=whresize&wid=200&hei=200,,1758726,175-8726-0,56 En Stock#175-8726-0,Liquidation◊Mieux notés,52.17,"1,43","2,99"
690,"Laval Fabreville, QC",Lingettes pour chaussures Moneysworth & Best,Lingettes pour chaussures Moneysworth & Best,1.13,"1,13 $",7.99,"Était±  7,99 $prix était 7,99 $",1.13,"1,13 $",1.13,"1,13 $",true,https://www.canadiantire.ca/fr/pdp/lingettes-pour-chaussures-moneysworth-best-1872641p.html,https://www.canadiantire.ca/fr/pdp/lingettes-pour-chaussures-moneysworth-best-1872641p.html,https://media-www.canadiantire.ca/product/playing/footwear-apparel/footwear-apparel-accessories/1872641/moneysworth-best-shoe-wipes-572cad9f-1d99-41b9-bb4e-ad8ecbdf7e9f-jpgrendition.jpg?im=whresize&wid=200&hei=200,https://media-www.canadiantire.ca/product/playing/footwear-apparel/footwear-apparel-accessories/1872641/moneysworth-best-shoe-wipes-572cad9f-1d99-41b9-bb4e-ad8ecbdf7e9f-jpgrendition.jpg?im=whresize&wid=200&hei=200,,1872641,187-2641-8,Il n’en reste que 2 #187-2641-8,Liquidation◊Mieux notés,85.86,"1,13","7,99"
690,"Laval Fabreville, QC","Poinçon à centrer Mastercraft, acier, 3/8 po","Poinçon à centrer Mastercraft, acier, 3/8 po",0.93,"0,93 $",10.99,"Était±  10,99 $prix était 10,99 $",0.93,"0,93 $",0.93,"0,93 $",true,https://www.canadiantire.ca/fr/pdp/poincon-a-centrer-mastercraft-acier-3-8-po-0581635p.html,https://www.canadiantire.ca/fr/pdp/poincon-a-centrer-mastercraft-acier-3-8-po-0581635p.html,https://media-www.canadiantire.ca/product/fixing/tools/manual-fastening/0581635/mastercraft-punch-3-8-centre-0ee7e294-c3b9-468f-aab1-f5959af55be5-jpgrendition.jpg?im=whresize&wid=200&hei=200,https://media-www.canadiantire.ca/product/fixing/tools/manual-fastening/0581635/mastercraft-punch-3-8-centre-0ee7e294-c3b9-468f-aab1-f5959af55be5-jpgrendition.jpg?im=whresize&wid=200&hei=200,,0581635,058-1635-8,22 En Stock#058-1635-8,Liquidation◊Mieux notés,91.54,"0,93","10,99"
690,"Laval Fabreville, QC","Support de tél Scosche MagicMount ProCharge5 vitre/tabl.bord, compatible Qi, noir","Support de tél Scosche MagicMount ProCharge5 vitre/tabl.bord, compatible Qi, noir",24.93,"24,93 $",79.99,"Était±  79,99 $prix était 79,99 $",24.93,"24,93 $",24.93,"24,93 $",true,https://www.canadiantire.ca/fr/pdp/support-de-tel-scosche-magicmount-procharge5-vitre-tabl-bord-compatible-qi-noir-0355554p.html,https://www.canadiantire.ca/fr/pdp/support-de-tel-scosche-magicmount-procharge5-vitre-tabl-bord-compatible-qi-noir-0355554p.html,https://media-www.canadiantire.ca/product/automotive/car-care-accessories/auto-electronics/0355554/scosche-magic-mount-procharge5-window-dash-phone-mount-81b9e262-9fba-4641-b5a0-f2cc13ce7803-jpgrendition.jpg?im=whresize&wid=200&hei=200,https://media-www.canadiantire.ca/product/automotive/car-care-accessories/auto-electronics/0355554/scosche-magic-mount-procharge5-window-dash-phone-mount-81b9e262-9fba-4641-b5a0-f2cc13ce7803-jpgrendition.jpg?im=whresize&wid=200&hei=200,,0355554,035-5554-0,Il n’en reste que 1 #035-5554-0,Liquidation◊,68.83,"24,93","79,99"
690,"Laval Fabreville, QC",Décalcomanie RAM robuste,Décalcomanie RAM robuste,8.93,"8,93 $",17.99,"Était±  17,99 $prix était 17,99 $",8.93,"8,93 $",8.93,"8,93 $",true,https://www.canadiantire.ca/fr/pdp/decalcomanie-ram-robuste-0379285p.html,https://www.canadiantire.ca/fr/pdp/decalcomanie-ram-robuste-0379285p.html,https://media-www.canadiantire.ca/product/automotive/car-care-accessories/auto-accessories/0379285/ram-rugged-decal-e0985f92-5087-4e6b-9f67-1558590e9c92-jpgrendition.jpg?im=whresize&wid=200&hei=200,https://media-www.canadiantire.ca/product/automotive/car-care-accessories/auto-accessories/0379285/ram-rugged-decal-e0985f92-5087-4e6b-9f67-1558590e9c92-jpgrendition.jpg?im=whresize&wid=200&hei=200,,0379285,037-9285-2,Il n’en reste que 5 #037-9285-2,Liquidation◊,50.36,"8,93","17,99"
690,"Laval Fabreville, QC","Banderoles d'anniversaire à ballons, paq. 4","Banderoles d'anniversaire à ballons, paq. 4",4.93,"4,93 $",10.99,"Était±  10,99 $prix était 10,99 $",4.93,"4,93 $",4.93,"4,93 $",true,https://www.canadiantire.ca/fr/pdp/banderoles-d-anniversaire-a-ballons-paq-4-8420227p.html,https://www.canadiantire.ca/fr/pdp/banderoles-d-anniversaire-a-ballons-paq-4-8420227p.html,https://media-www.partycity.ca/product/seasonal-gardening/party-city-everyday/party-city-party-supplies-decor/8420227/bnr-vp-bday-clbrtn-3f3cf9d4-3a43-42b0-9186-1a3bd617d3e9-jpgrendition.jpg?im=whresize&wid=200&hei=200,https://media-www.partycity.ca/product/seasonal-gardening/party-city-everyday/party-city-party-supplies-decor/8420227/bnr-vp-bday-clbrtn-3f3cf9d4-3a43-42b0-9186-1a3bd617d3e9-jpgrendition.jpg?im=whresize&wid=200&hei=200,,8420227,842-0227-8,Il n’en reste que 6 #842-0227-8,Liquidation◊,55.14,"4,93","10,99"
690,"Laval Fabreville, QC","Ballons en latex ronds célébration étincelante 50 Happy Birthday, noir/or/argent, à pois, 12 po, paq. 15, pour fête d'anniversaire","Ballons en latex ronds célébration étincelante 50 Happy Birthday, noir/or/argent, à pois, 12 po, paq. 15, pour fête d'anniversaire",2.99,"2,99 $",5.99,"5,99 $Était   et+ prix était à partir de 5,99 $",2.99,"2,99 $",2.99,"2,99 $",true,https://www.canadiantire.ca/fr/pdp/ballons-en-latex-ronds-celebration-etincelante-50-happy-birthday-noir-or-argent-a-pois-12-po-paq-15-pour-fete-d-anniversaire-8420179p.html,https://www.canadiantire.ca/fr/pdp/ballons-en-latex-ronds-celebration-etincelante-50-happy-birthday-noir-or-argent-a-pois-12-po-paq-15-pour-fete-d-anniversaire-8420179p.html,https://media-www.partycity.ca/product/seasonal-gardening/party-city-everyday/party-city-party-supplies-decor/8420179/50th-birthday-balloons-15ct-sparkling-celebration-1f158f40-ebbc-4afc-9504-6abbb9a45eae-jpgrendition.jpg?im=whresize&wid=200&hei=200,https://media-www.partycity.ca/product/seasonal-gardening/party-city-everyday/party-city-party-supplies-decor/8420179/50th-birthday-balloons-15ct-sparkling-celebration-1f158f40-ebbc-4afc-9504-6abbb9a45eae-jpgrendition.jpg?im=whresize&wid=200&hei=200,,8420179,842-0179-2,Il n’en reste que 2 #842-0179-2,Liquidation◊,50.08,"2,99","5,99"
690,"Laval Fabreville, QC","Embout de vaporisateur Graco TrueAirless 211, noir/argenté","Embout de vaporisateur Graco TrueAirless 211, noir/argenté",24.93,"24,93 $",59.99,"Était±  59,99 $prix était 59,99 $",24.93,"24,93 $",24.93,"24,93 $",true,https://www.canadiantire.ca/fr/pdp/embout-de-vaporisateur-graco-trueairless-211-noir-argente-0492550p.html,https://www.canadiantire.ca/fr/pdp/embout-de-vaporisateur-graco-trueairless-211-noir-argente-0492550p.html,https://media-www.canadiantire.ca/product/fixing/paint/paint-accessories/0492550/trueairless-211-spray-tip-06eceb0d-d65e-4b23-9264-8f429158fcbf-jpgrendition.jpg?im=whresize&wid=200&hei=200,https://media-www.canadiantire.ca/product/fixing/paint/paint-accessories/0492550/trueairless-211-spray-tip-06eceb0d-d65e-4b23-9264-8f429158fcbf-jpgrendition.jpg?im=whresize&wid=200&hei=200,,0492550,049-2550-4,Il n’en reste que 1 #049-2550-4,Liquidation◊Mieux notés,58.44,"24,93","59,99"
690,"Laval Fabreville, QC",Chargeur Bluehive et adaptateur répartiteur audio à prise auxiliaire,Chargeur Bluehive et adaptateur répartiteur audio à prise auxiliaire,7.93,"7,93 $",39.99,"Était±  39,99 $prix était 39,99 $",7.93,"7,93 $",7.93,"7,93 $",true,https://www.canadiantire.ca/fr/pdp/chargeur-bluehive-et-adaptateur-repartiteur-audio-a-prise-auxiliaire-0358018p.html,https://www.canadiantire.ca/fr/pdp/chargeur-bluehive-et-adaptateur-repartiteur-audio-a-prise-auxiliaire-0358018p.html,https://media-www.canadiantire.ca/product/automotive/car-care-accessories/auto-electronics/0358018/bluehive-charge-and-aux-jack-splitter-32358453-b2bc-4166-b4c6-df0b1f14e554-jpgrendition.jpg?im=whresize&wid=200&hei=200,https://media-www.canadiantire.ca/product/automotive/car-care-accessories/auto-electronics/0358018/bluehive-charge-and-aux-jack-splitter-32358453-b2bc-4166-b4c6-df0b1f14e554-jpgrendition.jpg?im=whresize&wid=200&hei=200,,0358018,035-8018-0,Il n’en reste que 1 #035-8018-0,Liquidation◊Mieux notés,80.17,"7,93","39,99"
690,"Laval Fabreville, QC",Filtre de rechange pour aspirateur Hoover ONEPWR Evolve,Filtre de rechange pour aspirateur Hoover ONEPWR Evolve,4.93,"4,93 $",21.99,"Était±  21,99 $prix était 21,99 $",4.93,"4,93 $",4.93,"4,93 $",true,https://www.canadiantire.ca/fr/pdp/filtre-de-rechange-pour-aspirateur-hoover-onepwr-evolve-0439450p.html,https://www.canadiantire.ca/fr/pdp/filtre-de-rechange-pour-aspirateur-hoover-onepwr-evolve-0439450p.html,https://media-www.canadiantire.ca/product/living/cleaning/vacuums-and-floorcare/0439450/hoover-onepwr-evolve-vacuum-filter-20d9da65-2fc3-4540-ac74-50d717d43b28-jpgrendition.jpg?im=whresize&wid=200&hei=200,https://media-www.canadiantire.ca/product/living/cleaning/vacuums-and-floorcare/0439450/hoover-onepwr-evolve-vacuum-filter-20d9da65-2fc3-4540-ac74-50d717d43b28-jpgrendition.jpg?im=whresize&wid=200&hei=200,,0439450,043-9450-2,Il n’en reste que 2 #043-9450-2,Liquidation◊Mieux notés,77.58,"4,93","21,99"
690,"Laval Fabreville, QC","Diviseur vidéo numérique 4 voies RCA, doré","Diviseur vidéo numérique 4 voies RCA, doré",5.93,"5,93 $",22.99,"Était±  22,99 $prix était 22,99 $",5.93,"5,93 $",5.93,"5,93 $",true,https://www.canadiantire.ca/fr/pdp/diviseur-video-numerique-4-voies-rca-dore-0452823p.html,https://www.canadiantire.ca/fr/pdp/diviseur-video-numerique-4-voies-rca-dore-0452823p.html,https://media-www.canadiantire.ca/product/living/electronics/home-entertainment-accessories/0452823/4-way-digital-video-splitter-d3f5c13c-1798-40a9-9e3e-be6d51176e3f-jpgrendition.jpg?im=whresize&wid=200&hei=200,https://media-www.canadiantire.ca/product/living/electronics/home-entertainment-accessories/0452823/4-way-digital-video-splitter-d3f5c13c-1798-40a9-9e3e-be6d51176e3f-jpgrendition.jpg?im=whresize&wid=200&hei=200,,0452823,045-2823-4,Il n’en reste que 3 #045-2823-4,Liquidation◊Mieux notés,74.21,"5,93","22,99"
690,"Laval Fabreville, QC","Plafonnier suspendu à abat-jour en verre transparent CANVAS Eva, chrome","Plafonnier suspendu à abat-jour en verre transparent CANVAS Eva, chrome",9.93,"9,93 $",54.99,"Était±  54,99 $prix était 54,99 $",9.93,"9,93 $",9.93,"9,93 $",true,https://www.canadiantire.ca/fr/pdp/plafonnier-suspendu-a-abat-jour-en-verre-transparent-canvas-eva-chrome-0522659p.html,https://www.canadiantire.ca/fr/pdp/plafonnier-suspendu-a-abat-jour-en-verre-transparent-canvas-eva-chrome-0522659p.html,https://media-www.canadiantire.ca/product/living/home-decor/lighting/0522659/canvas-eva-ceiling-pendant-cea091e1-c59f-411e-9e85-4e8875270f01-jpgrendition.jpg?im=whresize&wid=200&hei=200,https://media-www.canadiantire.ca/product/living/home-decor/lighting/0522659/canvas-eva-ceiling-pendant-cea091e1-c59f-411e-9e85-4e8875270f01-jpgrendition.jpg?im=whresize&wid=200&hei=200,,0522659,052-2659-8,Il n’en reste que 1 #052-2659-8,Liquidation◊Exclusivité,81.94,"9,93","54,99"
690,"Laval Fabreville, QC",Raccord de gril au gaz Vision Grills Kamado avec 3 réglages de chaleur,Raccord de gril au gaz Vision Grills Kamado avec 3 réglages de chaleur,199.93,"199,93 $",399.99,"Était±  399,99 $prix était 399,99 $",199.93,"199,93 $",199.93,"199,93 $",true,https://www.canadiantire.ca/fr/pdp/raccord-de-gril-au-gaz-vision-grills-kamado-avec-3-reglages-de-chaleur-0852308p.html,https://www.canadiantire.ca/fr/pdp/raccord-de-gril-au-gaz-vision-grills-kamado-avec-3-reglages-de-chaleur-0852308p.html,https://media-www.canadiantire.ca/product/seasonal-gardening/backyard-living/outdoor-cooking-accessories/0852308/vision-grills-kamado-gas-insert-c02f3e30-088d-404e-95ea-25b99b943660-jpgrendition.jpg?im=whresize&wid=200&hei=200,https://media-www.canadiantire.ca/product/seasonal-gardening/backyard-living/outdoor-cooking-accessories/0852308/vision-grills-kamado-gas-insert-c02f3e30-088d-404e-95ea-25b99b943660-jpgrendition.jpg?im=whresize&wid=200&hei=200,,0852308,085-2308-6,Il n’en reste que 1 #085-2308-6,Liquidation◊,50.02,"199,93","399,99"
690,"Laval Fabreville, QC","Mitaine à gratter la glace Certified, droitier ou gaucher, taille unique","Mitaine à gratter la glace Certified, droitier ou gaucher, taille unique",1.93,"1,93 $",9.99,"Était±  9,99 $prix était 9,99 $",1.93,"1,93 $",1.93,"1,93 $",true,https://www.canadiantire.ca/fr/pdp/mitaine-a-gratter-la-glace-certified-droitier-ou-gaucher-taille-unique-0300010p.html,https://www.canadiantire.ca/fr/pdp/mitaine-a-gratter-la-glace-certified-droitier-ou-gaucher-taille-unique-0300010p.html,https://media-www.canadiantire.ca/product/automotive/car-care-accessories/auto-winter-accessories/0300010/ice-scraper-mitt-a94a0c5d-7f39-401a-a905-dce3ed3a3742-jpgrendition.jpg?im=whresize&wid=200&hei=200,https://media-www.canadiantire.ca/product/automotive/car-care-accessories/auto-winter-accessories/0300010/ice-scraper-mitt-a94a0c5d-7f39-401a-a905-dce3ed3a3742-jpgrendition.jpg?im=whresize&wid=200&hei=200,,0300010,030-0010-4,39 En Stock#030-0010-4,Liquidation◊Exclusivité,80.68,"1,93","9,99"
690,"Laval Fabreville, QC","Plaque murale sans vis Legrand RWP263NICC6 Radiant, 3 dispositifs, nickel","Plaque murale sans vis Legrand RWP263NICC6 Radiant, 3 dispositifs, nickel",7.93,"7,93 $",18.99,"Était±  18,99 $prix était 18,99 $",7.93,"7,93 $",7.93,"7,93 $",true,https://www.canadiantire.ca/fr/pdp/plaque-murale-sans-vis-legrand-rwp263nicc6-radiant-3-dispositifs-nickel-0529160p.html,https://www.canadiantire.ca/fr/pdp/plaque-murale-sans-vis-legrand-rwp263nicc6-radiant-3-dispositifs-nickel-0529160p.html,https://media-www.canadiantire.ca/product/fixing/electrical/rough-electrical/0529160/3-gang-screwless-plate-nickel-0308d264-d33d-4015-b8ad-86c0358cd08d-jpgrendition.jpg?im=whresize&wid=200&hei=200,https://media-www.canadiantire.ca/product/fixing/electrical/rough-electrical/0529160/3-gang-screwless-plate-nickel-0308d264-d33d-4015-b8ad-86c0358cd08d-jpgrendition.jpg?im=whresize&wid=200&hei=200,,0529160,052-9160-0,9 En Stock#052-9160-0,Liquidation◊Mieux notés,58.24,"7,93","18,99"
690,"Laval Fabreville, QC","Ancrages à glace Eagle Claw, rouge, paq. 2","Ancrages à glace Eagle Claw, rouge, paq. 2",6.93,"6,93 $",14.99,"Était±  14,99 $prix était 14,99 $",6.93,"6,93 $",6.93,"6,93 $",true,https://www.canadiantire.ca/fr/pdp/ancrages-a-glace-eagle-claw-rouge-paq-2-0774529p.html,https://www.canadiantire.ca/fr/pdp/ancrages-a-glace-eagle-claw-rouge-paq-2-0774529p.html,https://media-www.canadiantire.ca/product/playing/fishing/ice-fishing/0774529/eagle-claw-ice-anchors-e41de012-526a-4127-8f50-f91268002dab-jpgrendition.jpg?im=whresize&wid=200&hei=200,https://media-www.canadiantire.ca/product/playing/fishing/ice-fishing/0774529/eagle-claw-ice-anchors-e41de012-526a-4127-8f50-f91268002dab-jpgrendition.jpg?im=whresize&wid=200&hei=200,,0774529,077-4529-8,Il n’en reste que 1 #077-4529-8,Liquidation◊Mieux notés,53.77,"6,93","14,99"
690,"Laval Fabreville, QC",Connecteur rond 6 pôles en métal côté véhicule Hopkins Towing Solution Endurance,Connecteur rond 6 pôles en métal côté véhicule Hopkins Towing Solution Endurance,4.93,"4,93 $",24.99,"Était±  24,99 $prix était 24,99 $",4.93,"4,93 $",4.93,"4,93 $",true,https://www.canadiantire.ca/fr/pdp/connecteur-rond-6-poles-en-metal-cote-vehicule-hopkins-towing-solution-endurance-0409680p.html,https://www.canadiantire.ca/fr/pdp/connecteur-rond-6-poles-en-metal-cote-vehicule-hopkins-towing-solution-endurance-0409680p.html,https://media-www.canadiantire.ca/product/automotive/automotive-outdoor-adventure/auto-travel-storage/0409680/endurance-6-pole-round-vehicle-end-metal--206f47b2-dbb0-4b2a-b2f9-d6d4022185c6-jpgrendition.jpg?im=whresize&wid=200&hei=200,https://media-www.canadiantire.ca/product/automotive/automotive-outdoor-adventure/auto-travel-storage/0409680/endurance-6-pole-round-vehicle-end-metal--206f47b2-dbb0-4b2a-b2f9-d6d4022185c6-jpgrendition.jpg?im=whresize&wid=200&hei=200,,0409680,040-9680-0,Il n’en reste que 2 #040-9680-0,Liquidation◊Mieux notés,80.27,"4,93","24,99"
690,"Laval Fabreville, QC",Banderole 65e anniversaire prismat célébration étincelante,Banderole 65e anniversaire prismat célébration étincelante,3.49,"3,49 $",6.99,"Était±  6,99 $prix était 6,99 $",3.49,"3,49 $",3.49,"3,49 $",true,https://www.canadiantire.ca/fr/pdp/banderole-65e-anniversaire-prismat-celebration-etincelante-8420220p.html,https://www.canadiantire.ca/fr/pdp/banderole-65e-anniversaire-prismat-celebration-etincelante-8420220p.html,https://media-www.partycity.ca/product/seasonal-gardening/party-city-everyday/party-city-party-supplies-decor/8420220/prismatic-65th-birthday-banner-sparkling-celebration-b53f1cd4-964b-4f4e-87ae-d51b8ff79ff5-jpgrendition.jpg?im=whresize&wid=200&hei=200,https://media-www.partycity.ca/product/seasonal-gardening/party-city-everyday/party-city-party-supplies-decor/8420220/prismatic-65th-birthday-banner-sparkling-celebration-b53f1cd4-964b-4f4e-87ae-d51b8ff79ff5-jpgrendition.jpg?im=whresize&wid=200&hei=200,,8420220,842-0220-2,9 En Stock#842-0220-2,Liquidation◊Articles à succès,50.07,"3,49","6,99"
690,"Laval Fabreville, QC","Boutons pour cuisinière au gaz/électrique Laser 62651/2, blanc, paq. 5","Boutons pour cuisinière au gaz/électrique Laser 62651/2, blanc, paq. 5",7.93,"7,93 $",18.49,"Était±  18,49 $prix était 18,49 $",7.93,"7,93 $",7.93,"7,93 $",true,https://www.canadiantire.ca/fr/pdp/boutons-pour-cuisiniere-au-gaz-electrique-laser-62651-2-blanc-paq-5-0522633p.html,https://www.canadiantire.ca/fr/pdp/boutons-pour-cuisiniere-au-gaz-electrique-laser-62651-2-blanc-paq-5-0522633p.html,https://media-www.canadiantire.ca/product/fixing/electrical/rough-electrical/0522633/white-stove-dial-kit-5pc-d0531eb4-b92a-4187-bedf-dadd6ae089e1-jpgrendition.jpg?im=whresize&wid=200&hei=200,https://media-www.canadiantire.ca/product/fixing/electrical/rough-electrical/0522633/white-stove-dial-kit-5pc-d0531eb4-b92a-4187-bedf-dadd6ae089e1-jpgrendition.jpg?im=whresize&wid=200&hei=200,,0522633,052-2633-8,Il n’en reste que 3 #052-2633-8,Liquidation◊,57.11,"7,93","18,49"
690,"Laval Fabreville, QC","Ballon en aluminium satiné, point d'interrogation, choix de couleurs, 16 po, gonflé d'air, pour anniversaire/remise de diplômes/fête prénatale/mariage de finissants","Ballon en aluminium satiné, point d'interrogation, choix de couleurs, 16 po, gonflé d'air, pour anniversaire/remise de diplômes/fête prénatale/mariage de finissants",0.43,"0,43 $",2.99,"2,99 $Était   et+ prix était à partir de 2,99 $",0.43,"0,43 $",0.43,"0,43 $",true,https://www.canadiantire.ca/fr/pdp/ballon-en-aluminium-satine-point-d-interrogation-choix-de-couleurs-16-po-gonfle-d-air-pour-anniversaire-remise-de-diplomes-fete-prenatale-mariage-de-finissants-8424326p.html,https://www.canadiantire.ca/fr/pdp/ballon-en-aluminium-satine-point-d-interrogation-choix-de-couleurs-16-po-gonfle-d-air-pour-anniversaire-remise-de-diplomes-fete-prenatale-mariage-de-finissants-8424326p.html,https://media-www.partycity.ca/product/seasonal-gardening/party-city-everyday/party-city-party-supplies-decor/8424327/blln-air-filled-symbl-gld-0355ff74-96ca-45ad-8f1c-f38e0d425abf-jpgrendition.jpg?im=whresize&wid=200&hei=200,https://media-www.partycity.ca/product/seasonal-gardening/party-city-everyday/party-city-party-supplies-decor/8424327/blln-air-filled-symbl-gld-0355ff74-96ca-45ad-8f1c-f38e0d425abf-jpgrendition.jpg?im=whresize&wid=200&hei=200,,8424326,842-4326,Vérifiez la disponibilité#842-4326X,Liquidation◊Mieux notés,85.62,"0,43","2,99"
690,"Laval Fabreville, QC",Tube H2O Snow Sled 2 places,Tube H2O Snow Sled 2 places,32.43,"32,43 $",79.99,"Était±  79,99 $prix était 79,99 $",32.43,"32,43 $",32.43,"32,43 $",true,https://www.canadiantire.ca/fr/pdp/tube-h2o-snow-sled-2-places-0821124p.html,https://www.canadiantire.ca/fr/pdp/tube-h2o-snow-sled-2-places-0821124p.html,https://media-www.canadiantire.ca/product/playing/seasonal-recreation/winter-recreation/0821124/snow-sled-2-rider-tube-d0d8fac0-ccbd-4e24-ac11-5269be437336-jpgrendition.jpg?im=whresize&wid=200&hei=200,https://media-www.canadiantire.ca/product/playing/seasonal-recreation/winter-recreation/0821124/snow-sled-2-rider-tube-d0d8fac0-ccbd-4e24-ac11-5269be437336-jpgrendition.jpg?im=whresize&wid=200&hei=200,,0821124,082-1124-4,Il n’en reste que 1 #082-1124-4,Liquidation◊,59.46,"32,43","79,99"
690,"Laval Fabreville, QC","Affiche d'automne réversible pour véranda bilingue CANVAS, 35,8 po","Affiche d'automne réversible pour véranda bilingue CANVAS, 35,8 po",11.93,"11,93 $",24.99,"Était±  24,99 $prix était 24,99 $",11.93,"11,93 $",11.93,"11,93 $",true,https://www.canadiantire.ca/fr/pdp/affiche-d-automne-reversible-pour-veranda-bilingue-canvas-35-8-po-1511088p.html,https://www.canadiantire.ca/fr/pdp/affiche-d-automne-reversible-pour-veranda-bilingue-canvas-35-8-po-1511088p.html,https://media-www.canadiantire.ca/product/seasonal-gardening/seasonal/halloween-harvest/1511088/35-8-double-sided-fall-porch-sign-48e7f6d1-e333-46bd-a224-b58937162226-jpgrendition.jpg?im=whresize&wid=200&hei=200,https://media-www.canadiantire.ca/product/seasonal-gardening/seasonal/halloween-harvest/1511088/35-8-double-sided-fall-porch-sign-48e7f6d1-e333-46bd-a224-b58937162226-jpgrendition.jpg?im=whresize&wid=200&hei=200,,1511088,151-1088-6,Il n’en reste que 1 #151-1088-6,Liquidation◊Mieux notés,52.26,"11,93","24,99"
690,"Laval Fabreville, QC","Ensemble Bushnell Prime Low Glow, piles et carte de 16 Go","Ensemble Bushnell Prime Low Glow, piles et carte de 16 Go",125.88,"125,88 $",259.99,"Était±  259,99 $prix était 259,99 $",125.88,"125,88 $",125.88,"125,88 $",true,https://www.canadiantire.ca/fr/pdp/ensemble-bushnell-prime-low-glow-piles-et-carte-de-16-go-3751275p.html,https://www.canadiantire.ca/fr/pdp/ensemble-bushnell-prime-low-glow-piles-et-carte-de-16-go-3751275p.html,https://media-www.canadiantire.ca/product/playing/hunting/hunting-equipment/3751275/busnell-prime-low-glow-combo-batteries-and-16-gb-card-15646674-e4ea-42bb-b0d5-c96391a8dfe6-jpgrendition.jpg?im=whresize&wid=200&hei=200,https://media-www.canadiantire.ca/product/playing/hunting/hunting-equipment/3751275/busnell-prime-low-glow-combo-batteries-and-16-gb-card-15646674-e4ea-42bb-b0d5-c96391a8dfe6-jpgrendition.jpg?im=whresize&wid=200&hei=200,,3751275,375-1275-8,Il n’en reste que 2 #375-1275-8,Liquidation◊,51.58,"125,88","259,99"
690,"Laval Fabreville, QC","Lyre de lampe Atron Electro Industries, plaqué en laiton","Lyre de lampe Atron Electro Industries, plaqué en laiton",1.93,"1,93 $",4.99,"4,99 $Était   et+ prix était à partir de 4,99 $",1.93,"1,93 $",1.93,"1,93 $",true,https://www.canadiantire.ca/fr/pdp/lyre-de-lampe-atron-electro-industries-plaque-en-laiton-0523167p.html,https://www.canadiantire.ca/fr/pdp/lyre-de-lampe-atron-electro-industries-plaque-en-laiton-0523167p.html,https://media-www.canadiantire.ca/product/fixing/electrical/rough-electrical/0523167/lamp-kit-harp-8--a3163a76-5b4d-4e1d-9c6d-5ad1b0385ccd-jpgrendition.jpg?im=whresize&wid=200&hei=200,https://media-www.canadiantire.ca/product/fixing/electrical/rough-electrical/0523167/lamp-kit-harp-8--a3163a76-5b4d-4e1d-9c6d-5ad1b0385ccd-jpgrendition.jpg?im=whresize&wid=200&hei=200,,0523167,052-3167,Vérifiez la disponibilité#052-3167X,Liquidation◊Mieux notés,61.32,"1,93","4,99"
690,"Laval Fabreville, QC","Protecteurs à roulements de roue, 1,98 po","Protecteurs à roulements de roue, 1,98 po",16.93,"16,93 $",34.99,"Était±  34,99 $prix était 34,99 $",16.93,"16,93 $",16.93,"16,93 $",true,https://www.canadiantire.ca/fr/pdp/protecteurs-a-roulements-de-roue-1-98-po-0408433p.html,https://www.canadiantire.ca/fr/pdp/protecteurs-a-roulements-de-roue-1-98-po-0408433p.html,https://media-www.canadiantire.ca/product/automotive/automotive-outdoor-adventure/auto-travel-storage/0408420/bearing-protector-c4eaf605-962c-447a-92d9-d8291f7220e4-jpgrendition.jpg?im=whresize&wid=200&hei=200,https://media-www.canadiantire.ca/product/automotive/automotive-outdoor-adventure/auto-travel-storage/0408420/bearing-protector-c4eaf605-962c-447a-92d9-d8291f7220e4-jpgrendition.jpg?im=whresize&wid=200&hei=200,,0408433,040-8433-6,Il n’en reste que 3 #040-8433-6,Liquidation◊,51.61,"16,93","34,99"
690,"Laval Fabreville, QC","Ballon en aluminium satiné rond or et rose prismatique 60, noir/blanc, rayé, 25 po, gonflement à l'hélium et ruban inclus, pour fête d'anniversaire","Ballon en aluminium satiné rond or et rose prismatique 60, noir/blanc, rayé, 25 po, gonflement à l'hélium et ruban inclus, pour fête d'anniversaire",7.99,"7,99 $",15.99,"Était±  15,99 $prix était 15,99 $",7.99,"7,99 $",7.99,"7,99 $",true,https://www.canadiantire.ca/fr/pdp/ballon-en-aluminium-satine-rond-or-et-rose-prismatique-60-noir-blanc-raye-25-po-gonflement-a-l-helium-et-ruban-inclus-pour-fete-d-anniversaire-8424111p.html,https://www.canadiantire.ca/fr/pdp/ballon-en-aluminium-satine-rond-or-et-rose-prismatique-60-noir-blanc-raye-25-po-gonflement-a-l-helium-et-ruban-inclus-pour-fete-d-anniversaire-8424111p.html,https://media-www.partycity.ca/product/seasonal-gardening/party-city-everyday/party-city-party-supplies-decor/8424111/641-ss-blln-pn-9bae1e9b-ceb2-4473-87e8-9f87cf1f24d7-jpgrendition.jpg?im=whresize&wid=200&hei=200,https://media-www.partycity.ca/product/seasonal-gardening/party-city-everyday/party-city-party-supplies-decor/8424111/641-ss-blln-pn-9bae1e9b-ceb2-4473-87e8-9f87cf1f24d7-jpgrendition.jpg?im=whresize&wid=200&hei=200,,8424111,842-4111-8,Il n’en reste que 2 #842-4111-8,Liquidation◊Hélium compris,50.03,"7,99","15,99"
690,"Laval Fabreville, QC",Ligne à pêche au fluorocarbone pour pêche blanche Trilene,Ligne à pêche au fluorocarbone pour pêche blanche Trilene,0.93,"0,93 $",10.99,"10,99 $Était   et+ prix était à partir de 10,99 $",0.93,"0,93 $",0.93,"0,93 $",true,https://www.canadiantire.ca/fr/pdp/ligne-a-peche-au-fluorocarbone-pour-peche-blanche-trilene-0771093p.html,https://www.canadiantire.ca/fr/pdp/ligne-a-peche-au-fluorocarbone-pour-peche-blanche-trilene-0771093p.html,https://media-www.canadiantire.ca/product/playing/fishing/ice-fishing/0771093/berkley-trilene-100-fluocarbon-ice-clear-3lb-75-yards-520d8bc3-551b-4cec-bd2a-cca05c33047d-jpgrendition.jpg?im=whresize&wid=200&hei=200,https://media-www.canadiantire.ca/product/playing/fishing/ice-fishing/0771093/berkley-trilene-100-fluocarbon-ice-clear-3lb-75-yards-520d8bc3-551b-4cec-bd2a-cca05c33047d-jpgrendition.jpg?im=whresize&wid=200&hei=200,,0771093,077-1093,Vérifiez la disponibilité#077-1093X,Liquidation◊Mieux notés,91.54,"0,93","10,99"
690,"Laval Fabreville, QC","Cuiller sifflante pour pêche blanche Williams, méné argent","Cuiller sifflante pour pêche blanche Williams, méné argent",4.93,"4,93 $",10.99,"Était±  10,99 $prix était 10,99 $",4.93,"4,93 $",4.93,"4,93 $",true,https://www.canadiantire.ca/fr/pdp/cuiller-sifflante-pour-peche-blanche-williams-mene-argent-0776211p.html,https://www.canadiantire.ca/fr/pdp/cuiller-sifflante-pour-peche-blanche-williams-mene-argent-0776211p.html,https://media-www.canadiantire.ca/product/playing/fishing/ice-fishing/0776211/northland-whistler-spoon-silver-shiner-1-8-03ffa04d-def0-47d3-a132-a6a872adec84-jpgrendition.jpg?im=whresize&wid=200&hei=200,https://media-www.canadiantire.ca/product/playing/fishing/ice-fishing/0776211/northland-whistler-spoon-silver-shiner-1-8-03ffa04d-def0-47d3-a132-a6a872adec84-jpgrendition.jpg?im=whresize&wid=200&hei=200,,0776211,077-6211-0,Il n’en reste que 1 #077-6211-0,Liquidation◊,55.14,"4,93","10,99"
690,"Laval Fabreville, QC",Squelette tenant un bol à bonbons d'Halloween For Living,Squelette tenant un bol à bonbons d'Halloween For Living,24.93,"24,93 $",49.99,"Était±  49,99 $prix était 49,99 $",24.93,"24,93 $",24.93,"24,93 $",true,https://www.canadiantire.ca/fr/pdp/squelette-tenant-un-bol-a-bonbons-d-halloween-for-living-1519565p.html,https://www.canadiantire.ca/fr/pdp/squelette-tenant-un-bol-a-bonbons-d-halloween-for-living-1519565p.html,https://media-www.canadiantire.ca/product/party-city/party-city-seasonal/halloween-harvest/1519565/skeleton-holding-candy-bowl-443658f5-8e52-435b-ab1d-648bf4b10c3f-jpgrendition.jpg?im=whresize&wid=200&hei=200,https://media-www.canadiantire.ca/product/party-city/party-city-seasonal/halloween-harvest/1519565/skeleton-holding-candy-bowl-443658f5-8e52-435b-ab1d-648bf4b10c3f-jpgrendition.jpg?im=whresize&wid=200&hei=200,,1519565,151-9565-2,Il n’en reste que 4 #151-9565-2,Liquidation◊Mieux notés,50.13,"24,93","49,99"
690,"Laval Fabreville, QC","Jardinière Bloem Saturn avec soucoupe, rond, résine, bleu sarcelle, 7 po","Jardinière Bloem Saturn avec soucoupe, rond, résine, bleu sarcelle, 7 po",2.93,"2,93 $",6.99,"Était±  6,99 $prix était 6,99 $",2.93,"2,93 $",2.93,"2,93 $",true,https://www.canadiantire.ca/fr/pdp/jardiniere-bloem-saturn-avec-soucoupe-rond-resine-bleu-sarcelle-7-po-1592633p.html,https://www.canadiantire.ca/fr/pdp/jardiniere-bloem-saturn-avec-soucoupe-rond-resine-bleu-sarcelle-7-po-1592633p.html,https://media-www.canadiantire.ca/product/seasonal-gardening/gardening/gardening-plant-accessories/1592633/7-saturn-in-teal-d938fc0e-c677-4243-9fce-262568b7be65-jpgrendition.jpg?im=whresize&wid=200&hei=200,https://media-www.canadiantire.ca/product/seasonal-gardening/gardening/gardening-plant-accessories/1592633/7-saturn-in-teal-d938fc0e-c677-4243-9fce-262568b7be65-jpgrendition.jpg?im=whresize&wid=200&hei=200,,1592633,159-2633-6,Il n’en reste que 7 #159-2633-6,Liquidation◊,58.08,"2,93","6,99"
690,"Laval Fabreville, QC","Assiettes à dessert étincelantes iridescentes Célébration 65e anniversaire, paq. 8","Assiettes à dessert étincelantes iridescentes Célébration 65e anniversaire, paq. 8",1.99,"1,99 $",3.99,"Était±  3,99 $prix était 3,99 $",1.99,"1,99 $",1.99,"1,99 $",true,https://www.canadiantire.ca/fr/pdp/assiettes-a-dessert-etincelantes-iridescentes-celebration-65e-anniversaire-paq-8-8420475p.html,https://www.canadiantire.ca/fr/pdp/assiettes-a-dessert-etincelantes-iridescentes-celebration-65e-anniversaire-paq-8-8420475p.html,https://media-www.partycity.ca/product/seasonal-gardening/party-city-everyday/party-city-party-supplies-decor/8420475/8ct-7in-prsm-pl-sprkl-celbn-65-47b8bf19-7f66-480f-95ce-7a46f3ded1c9-jpgrendition.jpg?im=whresize&wid=200&hei=200,https://media-www.partycity.ca/product/seasonal-gardening/party-city-everyday/party-city-party-supplies-decor/8420475/8ct-7in-prsm-pl-sprkl-celbn-65-47b8bf19-7f66-480f-95ce-7a46f3ded1c9-jpgrendition.jpg?im=whresize&wid=200&hei=200,,8420475,842-0475-6,14 En Stock#842-0475-6,Liquidation◊Mieux notés,50.13,"1,99","3,99"
690,"Laval Fabreville, QC","Coffre pour camion multisegment à profil bas BetterBuilt avec rails, 175 cm (69 po), noir mat texturé","Coffre pour camion multisegment à profil bas BetterBuilt avec rails, 175 cm (69 po), noir mat texturé",205.93,"205,93 $",819.99,"Était±  819,99 $prix était 819,99 $",205.93,"205,93 $",205.93,"205,93 $",true,https://www.canadiantire.ca/fr/pdp/coffre-pour-camion-multisegment-a-profil-bas-betterbuilt-avec-rails-175-cm-69-po-noir-mat-texture-0417275p.html,https://www.canadiantire.ca/fr/pdp/coffre-pour-camion-multisegment-a-profil-bas-betterbuilt-avec-rails-175-cm-69-po-noir-mat-texture-0417275p.html,https://media-www.canadiantire.ca/product/automotive/light-auto-parts/truck-accessories/0417275/79211116-truck-box-w-rails-b0b4994e-2aa9-4f22-9788-bae92c6616aa-jpgrendition.jpg?im=whresize&wid=200&hei=200,https://media-www.canadiantire.ca/product/automotive/light-auto-parts/truck-accessories/0417275/79211116-truck-box-w-rails-b0b4994e-2aa9-4f22-9788-bae92c6616aa-jpgrendition.jpg?im=whresize&wid=200&hei=200,,0417275,041-7275-6,Il n’en reste que 2 #041-7275-6,Liquidation◊,74.89,"205,93","819,99"
690,"Laval Fabreville, QC","Trio de crânes illuminés gonflable Gemmy, décoration extérieure pour la cour, moyenne, blanc","Trio de crânes illuminés gonflable Gemmy, décoration extérieure pour la cour, moyenne, blanc",39.93,"39,93 $",79.99,"Était±  79,99 $prix était 79,99 $",39.93,"39,93 $",39.93,"39,93 $",true,https://www.canadiantire.ca/fr/pdp/trio-de-cranes-illumines-gonflable-gemmy-decoration-exterieure-pour-la-cour-moyenne-blanc-1511043p.html,https://www.canadiantire.ca/fr/pdp/trio-de-cranes-illumines-gonflable-gemmy-decoration-exterieure-pour-la-cour-moyenne-blanc-1511043p.html,https://media-www.canadiantire.ca/product/seasonal-gardening/seasonal/halloween-harvest/1511043/airblown-flashing-skull-trio-md-scene-white--eaf010a6-2cb6-449f-9420-c0c82fb91962-jpgrendition.jpg?im=whresize&wid=200&hei=200,https://media-www.canadiantire.ca/product/seasonal-gardening/seasonal/halloween-harvest/1511043/airblown-flashing-skull-trio-md-scene-white--eaf010a6-2cb6-449f-9420-c0c82fb91962-jpgrendition.jpg?im=whresize&wid=200&hei=200,,1511043,151-1043-2,Il n’en reste que 2 #151-1043-2,Liquidation◊,50.08,"39,93","79,99"
690,"Laval Fabreville, QC","Rétroviseur manuel de remorquage/sports motorisés universel K-Source pour VTT/VUTT, motoneige et motocyclette","Rétroviseur manuel de remorquage/sports motorisés universel K-Source pour VTT/VUTT, motoneige et motocyclette",2.93,"2,93 $",9.99,"Était±  9,99 $prix était 9,99 $",2.93,"2,93 $",2.93,"2,93 $",true,https://www.canadiantire.ca/fr/pdp/retroviseur-manuel-de-remorquage-sports-motorises-universel-k-source-pour-vtt-vutt-motoneige-et-motocyclette-0269166p.html,https://www.canadiantire.ca/fr/pdp/retroviseur-manuel-de-remorquage-sports-motorises-universel-k-source-pour-vtt-vutt-motoneige-et-motocyclette-0269166p.html,https://media-www.canadiantire.ca/product/automotive/automotive-outdoor-adventure/powersport/0269166/universal-hand-mirror-wedge-shape-14df970d-b832-405f-b8eb-beaea2c76004-jpgrendition.jpg?im=whresize&wid=200&hei=200,https://media-www.canadiantire.ca/product/automotive/automotive-outdoor-adventure/powersport/0269166/universal-hand-mirror-wedge-shape-14df970d-b832-405f-b8eb-beaea2c76004-jpgrendition.jpg?im=whresize&wid=200&hei=200,,0269166,026-9166-2,Il n’en reste que 1 #026-9166-2,Liquidation◊,70.67,"2,93","9,99"
690,"Laval Fabreville, QC","PopSockets support de téléphone pliable PopGrip pour étui compatible Magsafe, noir","PopSockets support de téléphone pliable PopGrip pour étui compatible Magsafe, noir",8.93,"8,93 $",39.99,"Était±  39,99 $prix était 39,99 $",8.93,"8,93 $",8.93,"8,93 $",true,https://www.canadiantire.ca/fr/pdp/popsockets-support-de-telephone-pliable-popgrip-pour-etui-compatible-magsafe-noir-0355455p.html,https://www.canadiantire.ca/fr/pdp/popsockets-support-de-telephone-pliable-popgrip-pour-etui-compatible-magsafe-noir-0355455p.html,https://media-www.canadiantire.ca/product/automotive/car-care-accessories/auto-electronics/0355455/popsocket-magsafe-grip-black-fb736bd5-e434-485e-acf1-6837a5d89716-jpgrendition.jpg?im=whresize&wid=200&hei=200,https://media-www.canadiantire.ca/product/automotive/car-care-accessories/auto-electronics/0355455/popsocket-magsafe-grip-black-fb736bd5-e434-485e-acf1-6837a5d89716-jpgrendition.jpg?im=whresize&wid=200&hei=200,,0355455,035-5455-6,Il n’en reste que 1 #035-5455-6,Liquidation◊,77.67,"8,93","39,99"
690,"Laval Fabreville, QC","Plafonnier suspendu à 3 lampes abat-jour neutre CANVAS Lyndon, nickel brossé","Plafonnier suspendu à 3 lampes abat-jour neutre CANVAS Lyndon, nickel brossé",39.93,"39,93 $",159.99,"Était±  159,99 $prix était 159,99 $",39.93,"39,93 $",39.93,"39,93 $",true,https://www.canadiantire.ca/fr/pdp/plafonnier-suspendu-a-3-lampes-abat-jour-neutre-canvas-lyndon-nickel-brosse-0522650p.html,https://www.canadiantire.ca/fr/pdp/plafonnier-suspendu-a-3-lampes-abat-jour-neutre-canvas-lyndon-nickel-brosse-0522650p.html,https://media-www.canadiantire.ca/product/living/home-decor/lighting/0522650/canvas-lyndon-ceiling-pendant-c1805e88-a1e6-4e2d-be21-1d9951090e59-jpgrendition.jpg?im=whresize&wid=200&hei=200,https://media-www.canadiantire.ca/product/living/home-decor/lighting/0522650/canvas-lyndon-ceiling-pendant-c1805e88-a1e6-4e2d-be21-1d9951090e59-jpgrendition.jpg?im=whresize&wid=200&hei=200,,0522650,052-2650-6,Il n’en reste que 1 #052-2650-6,Liquidation◊Mieux notés,75.04,"39,93","159,99"
690,"Laval Fabreville, QC","Haut-parleurs d’auto bidirectionnels 250 W KFC-1366S de Kenwood, paire","Haut-parleurs d’auto bidirectionnels 250 W KFC-1366S de Kenwood, paire",43.68,"43,68 $",89.99,"Était±  89,99 $prix était 89,99 $",43.68,"43,68 $",43.68,"43,68 $",true,https://www.canadiantire.ca/fr/pdp/haut-parleurs-d-auto-bidirectionnels-250-w-kfc-1366s-de-kenwood-paire-0350350p.html,https://www.canadiantire.ca/fr/pdp/haut-parleurs-d-auto-bidirectionnels-250-w-kfc-1366s-de-kenwood-paire-0350350p.html,https://media-www.canadiantire.ca/product/automotive/car-care-accessories/auto-electronics/0350350/kenwood-kfc-1366s-sport-series-5-25-2-way-car-speaker--2104f080-ff29-405d-9def-6fc37aceda21-jpgrendition.jpg?im=whresize&wid=200&hei=200,https://media-www.canadiantire.ca/product/automotive/car-care-accessories/auto-electronics/0350350/kenwood-kfc-1366s-sport-series-5-25-2-way-car-speaker--2104f080-ff29-405d-9def-6fc37aceda21-jpgrendition.jpg?im=whresize&wid=200&hei=200,,0350350,035-0350-4,Il n’en reste que 1 #035-0350-4,Liquidation◊Mieux notés,51.46,"43,68","89,99"
690,"Laval Fabreville, QC","Tapis de plancher en caoutchouc RIVERS EDGE, motif d'ours, 26 x 17 po","Tapis de plancher en caoutchouc RIVERS EDGE, motif d'ours, 26 x 17 po",7.93,"7,93 $",20.99,"Était±  20,99 $prix était 20,99 $",7.93,"7,93 $",7.93,"7,93 $",true,https://www.canadiantire.ca/fr/pdp/tapis-de-plancher-en-caoutchouc-rivers-edge-motif-d-ours-26-x-17-po-1759892p.html,https://www.canadiantire.ca/fr/pdp/tapis-de-plancher-en-caoutchouc-rivers-edge-motif-d-ours-26-x-17-po-1759892p.html,https://media-www.canadiantire.ca/product/playing/hunting/hunting-accessories/1759892/rubber-floor-mat-bear-7647a3c7-6519-4012-b3ae-481349b3efe2-jpgrendition.jpg?im=whresize&wid=200&hei=200,https://media-www.canadiantire.ca/product/playing/hunting/hunting-accessories/1759892/rubber-floor-mat-bear-7647a3c7-6519-4012-b3ae-481349b3efe2-jpgrendition.jpg?im=whresize&wid=200&hei=200,,1759892,175-9892-6,,Liquidation◊Articles à succès,62.22,"7,93","20,99"
690,"Laval Fabreville, QC","Manuel de réparation automobile Haynes, Acura Integra 1990 à 1993 et Legend 1991 à 1995, 12021","Manuel de réparation automobile Haynes, Acura Integra 1990 à 1993 et Legend 1991 à 1995, 12021",2.93,"2,93 $",33.99,"Était±  33,99 $prix était 33,99 $",2.93,"2,93 $",2.93,"2,93 $",true,https://www.canadiantire.ca/fr/pdp/manuel-de-reparation-automobile-haynes-acura-integra-1990-a-1993-et-legend-1991-a-1995-12021-0259071p.html,https://www.canadiantire.ca/fr/pdp/manuel-de-reparation-automobile-haynes-acura-integra-1990-a-1993-et-legend-1991-a-1995-12021-0259071p.html,https://media-www.canadiantire.ca/product/automotive/auto-maintenance/auto-shop-equipment-supplies/0259071/12021-acura-integra-90-93-legend-91-95-142d8350-3b63-42c4-8d22-ba5f5bc8da98-jpgrendition.jpg?im=whresize&wid=200&hei=200,https://media-www.canadiantire.ca/product/automotive/auto-maintenance/auto-shop-equipment-supplies/0259071/12021-acura-integra-90-93-legend-91-95-142d8350-3b63-42c4-8d22-ba5f5bc8da98-jpgrendition.jpg?im=whresize&wid=200&hei=200,,0259071,025-9071-8,Il n’en reste que 1 #025-9071-8,Liquidation◊Mieux notés,91.38,"2,93","33,99"
690,"Laval Fabreville, QC","Traverse de lampe Atron Electro Industries LA946 avec trous latéraux, 4 po","Traverse de lampe Atron Electro Industries LA946 avec trous latéraux, 4 po",1.43,"1,43 $",4.29,"Était±  4,29 $prix était 4,29 $",1.43,"1,43 $",1.43,"1,43 $",true,https://www.canadiantire.ca/fr/pdp/traverse-de-lampe-atron-electro-industries-la946-avec-trous-lateraux-4-po-0523022p.html,https://www.canadiantire.ca/fr/pdp/traverse-de-lampe-atron-electro-industries-la946-avec-trous-lateraux-4-po-0523022p.html,https://media-www.canadiantire.ca/product/fixing/electrical/rough-electrical/0523022/crossbar-w-side-holes-cffd4c47-3774-4906-9bac-2c991ccb46e3-jpgrendition.jpg?im=whresize&wid=200&hei=200,https://media-www.canadiantire.ca/product/fixing/electrical/rough-electrical/0523022/crossbar-w-side-holes-cffd4c47-3774-4906-9bac-2c991ccb46e3-jpgrendition.jpg?im=whresize&wid=200&hei=200,,0523022,052-3022-6,Il n’en reste que 3 #052-3022-6,Liquidation◊Mieux notés,66.67,"1,43","4,29"
690,"Laval Fabreville, QC","Ballon en aluminium satiné lettres B-Day, choix de couleurs, 26x9 po, gonflé d'air, pour fête d'anniversaire","Ballon en aluminium satiné lettres B-Day, choix de couleurs, 26x9 po, gonflé d'air, pour fête d'anniversaire",1.93,"1,93 $",8.99,"8,99 $Était   et+ prix était à partir de 8,99 $",1.93,"1,93 $",1.93,"1,93 $",true,https://www.canadiantire.ca/fr/pdp/ballon-en-aluminium-satine-lettres-b-day-choix-de-couleurs-26x9-po-gonfle-d-air-pour-fete-d-anniversaire-8420828p.html,https://www.canadiantire.ca/fr/pdp/ballon-en-aluminium-satine-lettres-b-day-choix-de-couleurs-26x9-po-gonfle-d-air-pour-fete-d-anniversaire-8420828p.html,https://media-www.partycity.ca/product/seasonal-gardening/party-city-everyday/party-city-party-supplies-decor/8420832/mini-gld-air-filled-blln-bday-d1d7def3-cc0d-4b69-804a-59f041551bf2-jpgrendition.jpg?im=whresize&wid=200&hei=200,https://media-www.partycity.ca/product/seasonal-gardening/party-city-everyday/party-city-party-supplies-decor/8420832/mini-gld-air-filled-blln-bday-d1d7def3-cc0d-4b69-804a-59f041551bf2-jpgrendition.jpg?im=whresize&wid=200&hei=200,,8420828,842-0828,Vérifiez la disponibilité#842-0828X,Liquidation◊,78.53,"1,93","8,99"
690,"Laval Fabreville, QC","Ballon en aluminium satiné lettres Let's Party, argent prismatique, 54 x 9 po, gonflé d'air, pour remise de diplôme/fiançailles/anniversaire/retraite","Ballon en aluminium satiné lettres Let's Party, argent prismatique, 54 x 9 po, gonflé d'air, pour remise de diplôme/fiançailles/anniversaire/retraite",6.93,"6,93 $",13.99,"13,99 $Était   et+ prix était à partir de 13,99 $",6.93,"6,93 $",6.93,"6,93 $",true,https://www.canadiantire.ca/fr/pdp/ballon-en-aluminium-satine-lettres-let-s-party-argent-prismatique-54-x-9-po-gonfle-d-air-pour-remise-de-diplome-fiancailles-anniversaire-retraite-8423832p.html,https://www.canadiantire.ca/fr/pdp/ballon-en-aluminium-satine-lettres-let-s-party-argent-prismatique-54-x-9-po-gonfle-d-air-pour-remise-de-diplome-fiancailles-anniversaire-retraite-8423832p.html,https://media-www.partycity.ca/product/seasonal-gardening/party-city-everyday/party-city-party-supplies-decor/8423832/holo-blln-bloc-55393120-0ee2-48d9-a065-d37d1f5eadfb-jpgrendition.jpg?im=whresize&wid=200&hei=200,https://media-www.partycity.ca/product/seasonal-gardening/party-city-everyday/party-city-party-supplies-decor/8423832/holo-blln-bloc-55393120-0ee2-48d9-a065-d37d1f5eadfb-jpgrendition.jpg?im=whresize&wid=200&hei=200,,8423832,842-3832-8,15 En Stock#842-3832-8,Liquidation◊,50.46,"6,93","13,99"
690,"Laval Fabreville, QC","Pile rechargeable au lithium-ion 3V/3 volts MAXIMUM 14500, port USB pour charge directe, paq. 1","Pile rechargeable au lithium-ion 3V/3 volts MAXIMUM 14500, port USB pour charge directe, paq. 1",4.01,"4,01 $",18.99,"Était±  18,99 $prix était 18,99 $",4.01,"4,01 $",4.01,"4,01 $",true,https://www.canadiantire.ca/fr/pdp/pile-rechargeable-au-lithium-ion-3v-3-volts-maximum-14500-port-usb-pour-charge-directe-paq-1-0653116p.html,https://www.canadiantire.ca/fr/pdp/pile-rechargeable-au-lithium-ion-3v-3-volts-maximum-14500-port-usb-pour-charge-directe-paq-1-0653116p.html,https://media-www.canadiantire.ca/product/fixing/hardware/household-batteries/0653116/maximum-14500-replacement-battery-c09890c3-93e0-461a-a39a-b7118c415b1d-jpgrendition.jpg?im=whresize&wid=200&hei=200,https://media-www.canadiantire.ca/product/fixing/hardware/household-batteries/0653116/maximum-14500-replacement-battery-c09890c3-93e0-461a-a39a-b7118c415b1d-jpgrendition.jpg?im=whresize&wid=200&hei=200,,0653116,065-3116-4,Il n’en reste que 1 #065-3116-4,Liquidation◊Exclusivité,78.88,"4,01","18,99"
690,"Laval Fabreville, QC","Douille phénolique Atron Electro Industries LA1155 avec chaînette et anneau, 600 W, 250 V, noir","Douille phénolique Atron Electro Industries LA1155 avec chaînette et anneau, 600 W, 250 V, noir",2.93,"2,93 $",5.99,"Était±  5,99 $prix était 5,99 $",2.93,"2,93 $",2.93,"2,93 $",true,https://www.canadiantire.ca/fr/pdp/douille-phenolique-atron-electro-industries-la1155-avec-chainette-et-anneau-600-w-250-v-noir-0522845p.html,https://www.canadiantire.ca/fr/pdp/douille-phenolique-atron-electro-industries-la1155-avec-chainette-et-anneau-600-w-250-v-noir-0522845p.html,https://media-www.canadiantire.ca/product/fixing/electrical/rough-electrical/0522845/socket-phenolic-with-pull-chain-and-ring-7e8f852f-6674-429c-9147-7ed2867d7bdc-jpgrendition.jpg?im=whresize&wid=200&hei=200,https://media-www.canadiantire.ca/product/fixing/electrical/rough-electrical/0522845/socket-phenolic-with-pull-chain-and-ring-7e8f852f-6674-429c-9147-7ed2867d7bdc-jpgrendition.jpg?im=whresize&wid=200&hei=200,,0522845,052-2845-4,Il n’en reste que 2 #052-2845-4,Liquidation◊Mieux notés,51.09,"2,93","5,99"
690,"Laval Fabreville, QC","Scie-cloche à pointe au carbure LENOX, 1 1/8 po","Scie-cloche à pointe au carbure LENOX, 1 1/8 po",7.93,"7,93 $",25.99,"Était±  25,99 $prix était 25,99 $",7.93,"7,93 $",7.93,"7,93 $",true,https://www.canadiantire.ca/fr/pdp/scie-cloche-a-pointe-au-carbure-lenox-1-1-8-po-0540764p.html,https://www.canadiantire.ca/fr/pdp/scie-cloche-a-pointe-au-carbure-lenox-1-1-8-po-0540764p.html,https://media-www.canadiantire.ca/product/fixing/tools/power-tool-accessories/0540764/lenox-carbide-tipped-hole-saw-1-1-8-29mm-b4b53a30-ff93-453f-8fd2-c72bcd68a519-jpgrendition.jpg?im=whresize&wid=200&hei=200,https://media-www.canadiantire.ca/product/fixing/tools/power-tool-accessories/0540764/lenox-carbide-tipped-hole-saw-1-1-8-29mm-b4b53a30-ff93-453f-8fd2-c72bcd68a519-jpgrendition.jpg?im=whresize&wid=200&hei=200,,0540764,054-0764-4,,Liquidation◊Exclusivité,69.49,"7,93","25,99"
690,"Laval Fabreville, QC",Huileur pour outil pneumatique intégré Mastercraft,Huileur pour outil pneumatique intégré Mastercraft,4.93,"4,93 $",9.99,"Était±  9,99 $prix était 9,99 $",4.93,"4,93 $",4.93,"4,93 $",true,https://www.canadiantire.ca/fr/pdp/huileur-pour-outil-pneumatique-integre-mastercraft-0587729p.html,https://www.canadiantire.ca/fr/pdp/huileur-pour-outil-pneumatique-integre-mastercraft-0587729p.html,https://media-www.canadiantire.ca/product/fixing/tools/air-tools-accessories/0587729/mastercraft-air-inline-oiler-9277948a-4a76-4ab7-a48a-58acd90cbb79-jpgrendition.jpg?im=whresize&wid=200&hei=200,https://media-www.canadiantire.ca/product/fixing/tools/air-tools-accessories/0587729/mastercraft-air-inline-oiler-9277948a-4a76-4ab7-a48a-58acd90cbb79-jpgrendition.jpg?im=whresize&wid=200&hei=200,,0587729,058-7729-0,Il n’en reste que 3 #058-7729-0,Liquidation◊Exclusivité,50.65,"4,93","9,99"
690,"Laval Fabreville, QC","Bouquet de ballons en aluminium satiné lama Battle Royal, bleu, paq. 5, gonflement à l'hélium et ruban inclus, pour fête d'anniversaire","Bouquet de ballons en aluminium satiné lama Battle Royal, bleu, paq. 5, gonflement à l'hélium et ruban inclus, pour fête d'anniversaire",3.93,"3,93 $",33.99,"Était±  33,99 $prix était 33,99 $",3.93,"3,93 $",3.93,"3,93 $",true,https://www.canadiantire.ca/fr/pdp/bouquet-de-ballons-en-aluminium-satine-lama-battle-royal-bleu-paq-5-gonflement-a-l-helium-et-ruban-inclus-pour-fete-d-anniversaire-8432883p.html,https://www.canadiantire.ca/fr/pdp/bouquet-de-ballons-en-aluminium-satine-lama-battle-royal-bleu-paq-5-gonflement-a-l-helium-et-ruban-inclus-pour-fete-d-anniversaire-8432883p.html,https://media-www.canadiantire.ca/product/seasonal-gardening/party-city-everyday/party-city-party-supplies-decor/8432883/battle-royal-balloon-bouquet-5pc-eadcd2d7-6445-4b79-98a2-d8022ecabd9a-jpgrendition.jpg?im=whresize&wid=200&hei=200,https://media-www.canadiantire.ca/product/seasonal-gardening/party-city-everyday/party-city-party-supplies-decor/8432883/battle-royal-balloon-bouquet-5pc-eadcd2d7-6445-4b79-98a2-d8022ecabd9a-jpgrendition.jpg?im=whresize&wid=200&hei=200,,8432883,843-2883-0,Il n’en reste que 6 #843-2883-0,Liquidation◊Hélium compris,88.44,"3,93","33,99"
690,"Laval Fabreville, QC","Décalcomanies personnages Marvel, choix varié","Décalcomanies personnages Marvel, choix varié",2.93,"2,93 $",15.99,"Était±  15,99 $prix était 15,99 $",2.93,"2,93 $",2.93,"2,93 $",true,https://www.canadiantire.ca/fr/pdp/decalcomanies-personnages-marvel-choix-varie-0379271p.html,https://www.canadiantire.ca/fr/pdp/decalcomanies-personnages-marvel-choix-varie-0379271p.html,https://media-www.canadiantire.ca/product/automotive/car-care-accessories/auto-accessories/0379271/assorted-marvel-characters-decal-kit-e2b9a6e6-fc26-402f-a357-d85fe7583c8b-jpgrendition.jpg?im=whresize&wid=200&hei=200,https://media-www.canadiantire.ca/product/automotive/car-care-accessories/auto-accessories/0379271/assorted-marvel-characters-decal-kit-e2b9a6e6-fc26-402f-a357-d85fe7583c8b-jpgrendition.jpg?im=whresize&wid=200&hei=200,,0379271,037-9271-4,Il n’en reste que 3 #037-9271-4,Liquidation◊Exclusivité,81.68,"2,93","15,99"
690,"Laval Fabreville, QC",Garde-boue avant universel Husky,Garde-boue avant universel Husky,9.93,"9,93 $",82.99,"Était±  82,99 $prix était 82,99 $",9.93,"9,93 $",9.93,"9,93 $",true,https://www.canadiantire.ca/fr/pdp/garde-boue-avant-universel-husky-0376244p.html,https://www.canadiantire.ca/fr/pdp/garde-boue-avant-universel-husky-0376244p.html,https://media-www.canadiantire.ca/product/automotive/car-care-accessories/auto-accessories/0376244/husky-universal-fit-heavy-duty-mud-flaps-black-2pc-front-set-a837c9d2-f409-4144-9c9b-50dca757cd14-jpgrendition.jpg?im=whresize&wid=200&hei=200,https://media-www.canadiantire.ca/product/automotive/car-care-accessories/auto-accessories/0376244/husky-universal-fit-heavy-duty-mud-flaps-black-2pc-front-set-a837c9d2-f409-4144-9c9b-50dca757cd14-jpgrendition.jpg?im=whresize&wid=200&hei=200,,0376244,037-6244-8,Il n’en reste que 1 #037-6244-8,Liquidation◊,88.03,"9,93","82,99"
690,"Laval Fabreville, QC","Ballon en aluminium satiné rond français Joyeux Anniversaire, multicolore, à pois, 18 po, gonflement à l'hélium et ruban inclus, pour fête d'anniversaire","Ballon en aluminium satiné rond français Joyeux Anniversaire, multicolore, à pois, 18 po, gonflement à l'hélium et ruban inclus, pour fête d'anniversaire",0.93,"0,93 $",6.99,"Était±  6,99 $prix était 6,99 $",0.93,"0,93 $",0.93,"0,93 $",true,https://www.canadiantire.ca/fr/pdp/ballon-en-aluminium-satine-rond-francais-joyeux-anniversaire-multicolore-a-pois-18-po-gonflement-a-l-helium-et-ruban-inclus-pour-fete-d-anniversaire-8546966p.html,https://www.canadiantire.ca/fr/pdp/ballon-en-aluminium-satine-rond-francais-joyeux-anniversaire-multicolore-a-pois-18-po-gonflement-a-l-helium-et-ruban-inclus-pour-fete-d-anniversaire-8546966p.html,https://media-www.canadiantire.ca/product/seasonal-gardening/party-city-everyday/party-city-party-supplies-decor/8546966/standard-foil-balloon-joyeux-anniversaire-chevron-067ee07f-166b-4434-bacb-cd16a1dce382-jpgrendition.jpg?im=whresize&wid=200&hei=200,https://media-www.canadiantire.ca/product/seasonal-gardening/party-city-everyday/party-city-party-supplies-decor/8546966/standard-foil-balloon-joyeux-anniversaire-chevron-067ee07f-166b-4434-bacb-cd16a1dce382-jpgrendition.jpg?im=whresize&wid=200&hei=200,,8546966,854-6966-4,8 En Stock#854-6966-4,Liquidation◊Hélium compris,86.7,"0,93","6,99"
690,"Laval Fabreville, QC","Oeufs de Pâques remplissables pastel, paq. 48","Oeufs de Pâques remplissables pastel, paq. 48",4.93,"4,93 $",9.99,"Était±  9,99 $prix était 9,99 $",4.93,"4,93 $",4.93,"4,93 $",true,https://www.canadiantire.ca/fr/pdp/oeufs-de-paques-remplissables-pastel-paq-48-8532144p.html,https://www.canadiantire.ca/fr/pdp/oeufs-de-paques-remplissables-pastel-paq-48-8532144p.html,https://media-www.partycity.ca/product/seasonal-gardening/party-city-seasonal/party-city-micro-season-decor/8532144/pastel-fillable-easter-eggs-48ct-48acabc1-3c60-46f5-87ed-a78c001c4fb1-jpgrendition.jpg?im=whresize&wid=200&hei=200,https://media-www.partycity.ca/product/seasonal-gardening/party-city-seasonal/party-city-micro-season-decor/8532144/pastel-fillable-easter-eggs-48ct-48acabc1-3c60-46f5-87ed-a78c001c4fb1-jpgrendition.jpg?im=whresize&wid=200&hei=200,,8532144,853-2144-6,Il n’en reste que 2 #853-2144-6,Liquidation◊,50.65,"4,93","9,99"
690,"Laval Fabreville, QC","Ballon en aluminium satiné rond or et rose prismatique 40, noir/blanc, rayé, 25 po, gonflement à l'hélium et ruban inclus, pour fête d'anniversaire","Ballon en aluminium satiné rond or et rose prismatique 40, noir/blanc, rayé, 25 po, gonflement à l'hélium et ruban inclus, pour fête d'anniversaire",7.99,"7,99 $",15.99,"Était±  15,99 $prix était 15,99 $",7.99,"7,99 $",7.99,"7,99 $",true,https://www.canadiantire.ca/fr/pdp/ballon-en-aluminium-satine-rond-or-et-rose-prismatique-40-noir-blanc-raye-25-po-gonflement-a-l-helium-et-ruban-inclus-pour-fete-d-anniversaire-8424109p.html,https://www.canadiantire.ca/fr/pdp/ballon-en-aluminium-satine-rond-or-et-rose-prismatique-40-noir-blanc-raye-25-po-gonflement-a-l-helium-et-ruban-inclus-pour-fete-d-anniversaire-8424109p.html,https://media-www.partycity.ca/product/seasonal-gardening/party-city-everyday/party-city-party-supplies-decor/8424109/627-ss-blln-pn-e1385243-3cdc-4193-a6fc-e99a883c7f3a-jpgrendition.jpg?im=whresize&wid=200&hei=200,https://media-www.partycity.ca/product/seasonal-gardening/party-city-everyday/party-city-party-supplies-decor/8424109/627-ss-blln-pn-e1385243-3cdc-4193-a6fc-e99a883c7f3a-jpgrendition.jpg?im=whresize&wid=200&hei=200,,8424109,842-4109-6,Il n’en reste que 7 #842-4109-6,Liquidation◊Hélium compris,50.03,"7,99","15,99"
690,"Laval Fabreville, QC","Embout de vaporisateur Graco TrueAirless 311, noir/argenté","Embout de vaporisateur Graco TrueAirless 311, noir/argenté",24.93,"24,93 $",59.99,"Était±  59,99 $prix était 59,99 $",24.93,"24,93 $",24.93,"24,93 $",true,https://www.canadiantire.ca/fr/pdp/embout-de-vaporisateur-graco-trueairless-311-noir-argente-0492551p.html,https://www.canadiantire.ca/fr/pdp/embout-de-vaporisateur-graco-trueairless-311-noir-argente-0492551p.html,https://media-www.canadiantire.ca/product/fixing/paint/paint-accessories/0492551/trueairless-311-spray-tip-5a2466ac-0b7a-4560-a294-b9f440bf72bf-jpgrendition.jpg?im=whresize&wid=200&hei=200,https://media-www.canadiantire.ca/product/fixing/paint/paint-accessories/0492551/trueairless-311-spray-tip-5a2466ac-0b7a-4560-a294-b9f440bf72bf-jpgrendition.jpg?im=whresize&wid=200&hei=200,,0492551,049-2551-2,Il n’en reste que 1 #049-2551-2,Liquidation◊Mieux notés,58.44,"24,93","59,99"
690,"Laval Fabreville, QC","Peinture de retouche Scratch Fix All-in-1, Sable mouvant clair (M) (49 WA220C)","Peinture de retouche Scratch Fix All-in-1, Sable mouvant clair (M) (49 WA220C)",1.73,"1,73 $",20.99,"Était±  20,99 $prix était 20,99 $",1.73,"1,73 $",1.73,"1,73 $",true,https://www.canadiantire.ca/fr/pdp/peinture-de-retouche-scratch-fix-all-in-1-sable-mouvant-clair-m-49-wa220c-0474998p.html,https://www.canadiantire.ca/fr/pdp/peinture-de-retouche-scratch-fix-all-in-1-sable-mouvant-clair-m-49-wa220c-0474998p.html,https://media-www.canadiantire.ca/product/automotive/car-care-accessories/auto-body-repair/0474998/scratch-fix-general-motors-lt-drift-sand-m-all-in-1-e6a236ce-06a9-4bac-baa1-a5e55eeff6c4.png?im=whresize&wid=200&hei=200,https://media-www.canadiantire.ca/product/automotive/car-care-accessories/auto-body-repair/0474998/scratch-fix-general-motors-lt-drift-sand-m-all-in-1-e6a236ce-06a9-4bac-baa1-a5e55eeff6c4.png?im=whresize&wid=200&hei=200,,0474998,047-4998-2,,Liquidation◊,91.76,"1,73","20,99"
690,"Laval Fabreville, QC","PopGrip MagSafe, noir","PopGrip MagSafe, noir",9.93,"9,93 $",49.99,"Était±  49,99 $prix était 49,99 $",9.93,"9,93 $",9.93,"9,93 $",true,https://www.canadiantire.ca/fr/pdp/popgrip-magsafe-noir-0355479p.html,https://www.canadiantire.ca/fr/pdp/popgrip-magsafe-noir-0355479p.html,https://media-www.canadiantire.ca/product/automotive/electronics/mobile-electronics/0355479/magsafe-black-popgrip-4acc45d7-94ad-42ac-8137-88836ff8cee7-jpgrendition.jpg?im=whresize&wid=200&hei=200,https://media-www.canadiantire.ca/product/automotive/electronics/mobile-electronics/0355479/magsafe-black-popgrip-4acc45d7-94ad-42ac-8137-88836ff8cee7-jpgrendition.jpg?im=whresize&wid=200&hei=200,,0355479,035-5479-0,Il n’en reste que 1 #035-5479-0,Liquidation◊,80.14,"9,93","49,99"
690,"Laval Fabreville, QC","Extracteur de flèche à poignée en T Excalibur pour arbalète de chasse, noir","Extracteur de flèche à poignée en T Excalibur pour arbalète de chasse, noir",9.73,"9,73 $",24.99,"Était±  24,99 $prix était 24,99 $",9.73,"9,73 $",9.73,"9,73 $",true,https://www.canadiantire.ca/fr/pdp/extracteur-de-fleche-a-poignee-en-t-excalibur-pour-arbalete-de-chasse-noir-0753019p.html,https://www.canadiantire.ca/fr/pdp/extracteur-de-fleche-a-poignee-en-t-excalibur-pour-arbalete-de-chasse-noir-0753019p.html,https://media-www.canadiantire.ca/product/playing/hunting/hunting-equipment/0753019/excalibur-t-handle-arrow-puller-ce12dee3-75c0-45fd-a265-87d60c8b4d73-jpgrendition.jpg?im=whresize&wid=200&hei=200,https://media-www.canadiantire.ca/product/playing/hunting/hunting-equipment/0753019/excalibur-t-handle-arrow-puller-ce12dee3-75c0-45fd-a265-87d60c8b4d73-jpgrendition.jpg?im=whresize&wid=200&hei=200,,0753019,075-3019-2,Il n’en reste que 1 #075-3019-2,Liquidation◊Mieux notés,61.06,"9,73","24,99"
