store_id,city,name,title,price,price_raw,regular_price,regular_price_raw,liquidation_price,liquidation_price_raw,sale_price,sale_price_raw,liquidation,url,link,image,image_url,product_id,sku,sku_formatted,availability,badges,discount_percent,price_sale_clean,price_original_clean
53,"Kitchener South, ON","Tasses à mesurer empilables en plastique MASTER Chef, paq. 10","Tasses à mesurer empilables en plastique MASTER Chef, paq. 10",8.93,"8,93 $",24.99,"Était±  24,99 $prix était 24,99 $",8.93,"8,93 $",8.93,"8,93 $",true,https://www.canadiantire.ca/fr/pdp/tasses-a-mesurer-empilables-en-plastique-master-chef-paq-10-1429676p.html,https://www.canadiantire.ca/fr/pdp/tasses-a-mesurer-empilables-en-plastique-master-chef-paq-10-1429676p.html,https://media-www.canadiantire.ca/product/living/kitchen/bakeware-baking-prep/1429676/master-chef-10pc-measuring-cup-set-73c761cb-c28c-42fe-a32e-f57a30c6b9a6-jpgrendition.jpg?im=whresize&wid=200&hei=200,https://media-www.canadiantire.ca/product/living/kitchen/bakeware-baking-prep/1429676/master-chef-10pc-measuring-cup-set-73c761cb-c28c-42fe-a32e-f57a30c6b9a6-jpgrendition.jpg?im=whresize&wid=200&hei=200,,1429676,142-9676-0,Il n’en reste que 3 #142-9676-0,Liquidation◊Mieux notés,64.27,"8,93","24,99"
53,"Kitchener South, ON",Abri de camping à auvent chapiteau Woods,Abri de camping à auvent chapiteau Woods,99.93,"99,93 $",289.99,"Était±  289,99 $prix était 289,99 $",99.93,"99,93 $",99.93,"99,93 $",true,https://www.canadiantire.ca/fr/pdp/abri-de-camping-a-auvent-chapiteau-woods-0766532p.html,https://www.canadiantire.ca/fr/pdp/abri-de-camping-a-auvent-chapiteau-woods-0766532p.html,https://media-www.canadiantire.ca/product/playing/camping/tents-shelters/0766532/woods-marquee-camp-shelter-098d48ca-7473-4b64-a3a7-00643d1edbd7-jpgrendition.jpg?im=whresize&wid=200&hei=200,https://media-www.canadiantire.ca/product/playing/camping/tents-shelters/0766532/woods-marquee-camp-shelter-098d48ca-7473-4b64-a3a7-00643d1edbd7-jpgrendition.jpg?im=whresize&wid=200&hei=200,,0766532,076-6532-8,Il n’en reste que 1 #076-6532-8,Liquidation◊Mieux notés,65.54,"99,93","289,99"
53,"Kitchener South, ON","Service de vaisselle en porcelaine festonnée CANVAS Odessa, blanc, paq. 12","Service de vaisselle en porcelaine festonnée CANVAS Odessa, blanc, paq. 12",39.93,"39,93 $",79.99,"Était±  79,99 $prix était 79,99 $",39.93,"39,93 $",39.93,"39,93 $",true,https://www.canadiantire.ca/fr/pdp/service-de-vaisselle-en-porcelaine-festonnee-canvas-odessa-blanc-paq-12-2421125p.html,https://www.canadiantire.ca/fr/pdp/service-de-vaisselle-en-porcelaine-festonnee-canvas-odessa-blanc-paq-12-2421125p.html,https://media-www.canadiantire.ca/product/living/kitchen/dining-and-entertaining/2421125/canvas-12-pc-scalloped-porcelain-dinnerware-set-ee9e4e35-9ab4-4375-aacf-2b058a08cc90-jpgrendition.jpg?im=whresize&wid=200&hei=200,https://media-www.canadiantire.ca/product/living/kitchen/dining-and-entertaining/2421125/canvas-12-pc-scalloped-porcelain-dinnerware-set-ee9e4e35-9ab4-4375-aacf-2b058a08cc90-jpgrendition.jpg?im=whresize&wid=200&hei=200,,2421125,242-1125-2,Il n’en reste que 2 #242-1125-2,Liquidation◊Mieux notés,50.08,"39,93","79,99"
53,"Kitchener South, ON","Tasse de voyage à double paroi avec poignée Bubba Keg Classic, 20 oz, choix de couleurs","Tasse de voyage à double paroi avec poignée Bubba Keg Classic, 20 oz, choix de couleurs",9.93,"9,93 $",24.99,"24,99 $Était   et+ prix était à partir de 24,99 $",9.93,"9,93 $",9.93,"9,93 $",true,https://www.canadiantire.ca/fr/pdp/tasse-de-voyage-a-double-paroi-avec-poignee-bubba-keg-classic-20-oz-choix-de-couleurs-2425153p.html,https://www.canadiantire.ca/fr/pdp/tasse-de-voyage-a-double-paroi-avec-poignee-bubba-keg-classic-20-oz-choix-de-couleurs-2425153p.html,https://media-www.canadiantire.ca/product/living/kitchen/food-storage/2425154/bubba-20-oz-keg-mug-magenta-0effc0af-c6a5-482f-b1fb-0de772f237a0-jpgrendition.jpg?im=whresize&wid=200&hei=200,https://media-www.canadiantire.ca/product/living/kitchen/food-storage/2425154/bubba-20-oz-keg-mug-magenta-0effc0af-c6a5-482f-b1fb-0de772f237a0-jpgrendition.jpg?im=whresize&wid=200&hei=200,,2425153,242-5153,Vérifiez la disponibilité#242-5153X,Liquidation◊Mieux notés,60.26,"9,93","24,99"
53,"Kitchener South, ON","Bluehive - Ecouteurs boutons sans fil, 22h autonomie et charge rapide","Bluehive - Ecouteurs boutons sans fil, 22h autonomie et charge rapide",14.93,"14,93 $",39.99,"Était±  39,99 $prix était 39,99 $",14.93,"14,93 $",14.93,"14,93 $",true,https://www.canadiantire.ca/fr/pdp/bluehive-ecouteurs-boutons-sans-fil-22h-autonomie-et-charge-rapide-0355551p.html,https://www.canadiantire.ca/fr/pdp/bluehive-ecouteurs-boutons-sans-fil-22h-autonomie-et-charge-rapide-0355551p.html,https://media-www.canadiantire.ca/product/automotive/car-care-accessories/auto-electronics/0355551/bluehive-bluepods-true-wireless-earbuds-d801aae0-977a-4b93-998a-00bad4241385-jpgrendition.jpg?im=whresize&wid=200&hei=200,https://media-www.canadiantire.ca/product/automotive/car-care-accessories/auto-electronics/0355551/bluehive-bluepods-true-wireless-earbuds-d801aae0-977a-4b93-998a-00bad4241385-jpgrendition.jpg?im=whresize&wid=200&hei=200,,0355551,035-5551-6,Il n’en reste que 5 #035-5551-6,Liquidation◊Exclusivité,62.67,"14,93","39,99"
53,"Kitchener South, ON","Support à pneus à tablette réglable MotoMaster, capacité de 300 lb","Support à pneus à tablette réglable MotoMaster, capacité de 300 lb",33.93,"33,93 $",74.99,"Était±  74,99 $prix était 74,99 $",33.93,"33,93 $",33.93,"33,93 $",true,https://www.canadiantire.ca/fr/pdp/support-a-pneus-a-tablette-reglable-motomaster-capacite-de-300-lb-0091537p.html,https://www.canadiantire.ca/fr/pdp/support-a-pneus-a-tablette-reglable-motomaster-capacite-de-300-lb-0091537p.html,https://media-www.canadiantire.ca/product/automotive/auto-maintenance/auto-shop-equipment-supplies/0091537/motomaster-adjustable-tire-storage-shelves-797f8bda-21ae-4374-ab65-dfc1341fe0c4-jpgrendition.jpg?im=whresize&wid=200&hei=200,https://media-www.canadiantire.ca/product/automotive/auto-maintenance/auto-shop-equipment-supplies/0091537/motomaster-adjustable-tire-storage-shelves-797f8bda-21ae-4374-ab65-dfc1341fe0c4-jpgrendition.jpg?im=whresize&wid=200&hei=200,,0091537,009-1537-0,Il n’en reste que 1 #009-1537-0,Liquidation◊Exclusivité,54.75,"33,93","74,99"
53,"Kitchener South, ON","Station d'outils rotatifs Mastercraft 20 V, 40 pièces, compatible avec PWR POD","Station d'outils rotatifs Mastercraft 20 V, 40 pièces, compatible avec PWR POD",39.93,"39,93 $",89.99,"Était±  89,99 $prix était 89,99 $",39.93,"39,93 $",39.93,"39,93 $",true,https://www.canadiantire.ca/fr/pdp/station-d-outils-rotatifs-mastercraft-20-v-40-pieces-compatible-avec-pwr-pod-0548721p.html,https://www.canadiantire.ca/fr/pdp/station-d-outils-rotatifs-mastercraft-20-v-40-pieces-compatible-avec-pwr-pod-0548721p.html,https://media-www.canadiantire.ca/product/fixing/tools/portable-power-tools/0548721/mastercraft-20v-rotary-tool-station-22992854-82d3-4dcf-aea2-5bbe62ded2ae-jpgrendition.jpg?im=whresize&wid=200&hei=200,https://media-www.canadiantire.ca/product/fixing/tools/portable-power-tools/0548721/mastercraft-20v-rotary-tool-station-22992854-82d3-4dcf-aea2-5bbe62ded2ae-jpgrendition.jpg?im=whresize&wid=200&hei=200,,0548721,054-8721-8,Il n’en reste que 1 #054-8721-8,Liquidation◊Mieux notés,55.63,"39,93","89,99"
53,"Kitchener South, ON","Sac banane/Sac de taille pour hanche/épaule Outbound avec sangle ajustable, choix varié, 2 l","Sac banane/Sac de taille pour hanche/épaule Outbound avec sangle ajustable, choix varié, 2 l",4.93,"4,93 $",9.99,"Était±  9,99 $prix était 9,99 $",4.93,"4,93 $",4.93,"4,93 $",true,https://www.canadiantire.ca/fr/pdp/sac-banane-sac-de-taille-pour-hanche-epaule-outbound-avec-sangle-ajustable-choix-varie-2-l-0766195p.html,https://www.canadiantire.ca/fr/pdp/sac-banane-sac-de-taille-pour-hanche-epaule-outbound-avec-sangle-ajustable-choix-varie-2-l-0766195p.html,https://media-www.canadiantire.ca/product/playing/camping/backpacks-luggage-accessories/0766195/outbound-hip-pack-27a2088e-6a32-45e0-ab5f-bf6f9f92e327-jpgrendition.jpg?im=whresize&wid=200&hei=200,https://media-www.canadiantire.ca/product/playing/camping/backpacks-luggage-accessories/0766195/outbound-hip-pack-27a2088e-6a32-45e0-ab5f-bf6f9f92e327-jpgrendition.jpg?im=whresize&wid=200&hei=200,,0766195,076-6195-0,Il n’en reste que 5 #076-6195-0,Liquidation◊Mieux notés,50.65,"4,93","9,99"
53,"Kitchener South, ON",Huitre à enfourcher flottante gonflable pour lac,Huitre à enfourcher flottante gonflable pour lac,39.93,"39,93 $",99.99,"Était±  99,99 $prix était 99,99 $",39.93,"39,93 $",39.93,"39,93 $",true,https://www.canadiantire.ca/fr/pdp/huitre-a-enfourcher-flottante-gonflable-pour-lac-0791411p.html,https://www.canadiantire.ca/fr/pdp/huitre-a-enfourcher-flottante-gonflable-pour-lac-0791411p.html,https://media-www.canadiantire.ca/product/playing/seasonal-recreation/marine-water-fun/0791411/clamshell-lake-inflatable-84c224b6-f74f-43cb-add7-f18aa0e52402-jpgrendition.jpg?im=whresize&wid=200&hei=200,https://media-www.canadiantire.ca/product/playing/seasonal-recreation/marine-water-fun/0791411/clamshell-lake-inflatable-84c224b6-f74f-43cb-add7-f18aa0e52402-jpgrendition.jpg?im=whresize&wid=200&hei=200,,0791411,079-1411-0,Il n’en reste que 3 #079-1411-0,Liquidation◊,60.07,"39,93","99,99"
53,"Kitchener South, ON","Sofa flottant en filet Funsicle Bubble, bleu lagon, étanche, 14 ans +","Sofa flottant en filet Funsicle Bubble, bleu lagon, étanche, 14 ans +",14.93,"14,93 $",39.99,"Était±  39,99 $prix était 39,99 $",14.93,"14,93 $",14.93,"14,93 $",true,https://www.canadiantire.ca/fr/pdp/sofa-flottant-en-filet-funsicle-bubble-bleu-lagon-etanche-14-ans-0810452p.html,https://www.canadiantire.ca/fr/pdp/sofa-flottant-en-filet-funsicle-bubble-bleu-lagon-etanche-14-ans-0810452p.html,https://media-www.canadiantire.ca/product/seasonal-gardening/backyard-fun/pool-fun/0810452/funsicle-mesh-bubble-sofa-lagoon-blue-69db5d2a-f047-4732-8e96-00e8b6815bb4-jpgrendition.jpg?im=whresize&wid=200&hei=200,https://media-www.canadiantire.ca/product/seasonal-gardening/backyard-fun/pool-fun/0810452/funsicle-mesh-bubble-sofa-lagoon-blue-69db5d2a-f047-4732-8e96-00e8b6815bb4-jpgrendition.jpg?im=whresize&wid=200&hei=200,,0810452,081-0452-0,Il n’en reste que 1 #081-0452-0,Liquidation◊Mieux notés,62.67,"14,93","39,99"
53,"Kitchener South, ON","Applique d'extérieur intégrée à DEL NOMA, noir mat, 13,2 po","Applique d'extérieur intégrée à DEL NOMA, noir mat, 13,2 po",39.93,"39,93 $",89.99,"Était±  89,99 $prix était 89,99 $",39.93,"39,93 $",39.93,"39,93 $",true,https://www.canadiantire.ca/fr/pdp/applique-d-exterieur-integree-a-del-noma-noir-mat-13-2-po-1522768p.html,https://www.canadiantire.ca/fr/pdp/applique-d-exterieur-integree-a-del-noma-noir-mat-13-2-po-1522768p.html,https://media-www.canadiantire.ca/product/fixing/electrical/lighting/1522768/noma-13-2-integrated-led-outdoor-wall-sconce-8979a633-f230-4404-8f55-f2844f1e0dd2-jpgrendition.jpg?im=whresize&wid=200&hei=200,https://media-www.canadiantire.ca/product/fixing/electrical/lighting/1522768/noma-13-2-integrated-led-outdoor-wall-sconce-8979a633-f230-4404-8f55-f2844f1e0dd2-jpgrendition.jpg?im=whresize&wid=200&hei=200,,1522768,152-2768-0,Il n’en reste que 1 #152-2768-0,Liquidation◊Mieux notés,55.63,"39,93","89,99"
53,"Kitchener South, ON","Sac-repas isotherme S'well Gourmet To Go avec poignée, noir","Sac-repas isotherme S'well Gourmet To Go avec poignée, noir",9.93,"9,93 $",19.99,"Était±  19,99 $prix était 19,99 $",9.93,"9,93 $",9.93,"9,93 $",true,https://www.canadiantire.ca/fr/pdp/sac-repas-isotherme-s-well-gourmet-to-go-avec-poignee-noir-2425518p.html,https://www.canadiantire.ca/fr/pdp/sac-repas-isotherme-s-well-gourmet-to-go-avec-poignee-noir-2425518p.html,https://media-www.canadiantire.ca/product/living/kitchen/food-storage/2425518/built-gourmet-to-go-lunch-tote-black-3943c5cb-fb76-4d2f-8c2a-f01f3fb05ca4-jpgrendition.jpg?im=whresize&wid=200&hei=200,https://media-www.canadiantire.ca/product/living/kitchen/food-storage/2425518/built-gourmet-to-go-lunch-tote-black-3943c5cb-fb76-4d2f-8c2a-f01f3fb05ca4-jpgrendition.jpg?im=whresize&wid=200&hei=200,,2425518,242-5518-4,Il n’en reste que 3 #242-5518-4,Liquidation◊Mieux notés,50.33,"9,93","19,99"
53,"Kitchener South, ON","Scie d'établi Mastercraft, 20 Vx2, 8 1/4 po","Scie d'établi Mastercraft, 20 Vx2, 8 1/4 po",299.93,"299,93 $",599.99,"Était±  599,99 $prix était 599,99 $",299.93,"299,93 $",299.93,"299,93 $",true,https://www.canadiantire.ca/fr/pdp/scie-d-etabli-mastercraft-20-vx2-8-1-4-po-0547595p.html,https://www.canadiantire.ca/fr/pdp/scie-d-etabli-mastercraft-20-vx2-8-1-4-po-0547595p.html,https://media-www.canadiantire.ca/product/fixing/tools/stationary-tools/0547595/mastercraft-20v-8-1-4-table-saw-bcc363c6-4866-498b-87e3-f9c33e564cf6-jpgrendition.jpg?im=whresize&wid=200&hei=200,https://media-www.canadiantire.ca/product/fixing/tools/stationary-tools/0547595/mastercraft-20v-8-1-4-table-saw-bcc363c6-4866-498b-87e3-f9c33e564cf6-jpgrendition.jpg?im=whresize&wid=200&hei=200,,0547595,054-7595-4,Il n’en reste que 2 #054-7595-4,Liquidation◊Mieux notés,50.01,"299,93","599,99"
53,"Kitchener South, ON","Costume de bain short Outbound à entrejambe de 7 po pour hommes, noir","Costume de bain short Outbound à entrejambe de 7 po pour hommes, noir",8.93,"8,93 $",22.99,"22,99 $Était   et+ prix était à partir de 22,99 $",8.93,"8,93 $",8.93,"8,93 $",true,https://www.canadiantire.ca/fr/pdp/costume-de-bain-short-outbound-a-entrejambe-de-7-po-pour-hommes-noir-1873516p.html,https://www.canadiantire.ca/fr/pdp/costume-de-bain-short-outbound-a-entrejambe-de-7-po-pour-hommes-noir-1873516p.html,https://media-www.canadiantire.ca/product/playing/footwear-apparel/summer-footwear-apparel/1873516/outbound-men-s-7-swim-shorts-black-m-c537a4b2-7c1a-4049-8fd7-489191ff0b03-jpgrendition.jpg?im=whresize&wid=200&hei=200,https://media-www.canadiantire.ca/product/playing/footwear-apparel/summer-footwear-apparel/1873516/outbound-men-s-7-swim-shorts-black-m-c537a4b2-7c1a-4049-8fd7-489191ff0b03-jpgrendition.jpg?im=whresize&wid=200&hei=200,,1873516,187-3516,Vérifiez la disponibilité#187-3516X,Liquidation◊Mieux notés,61.16,"8,93","22,99"
53,"Kitchener South, ON","Chaise à dîner CANVAS Windsor, blanc","Chaise à dîner CANVAS Windsor, blanc",84.93,"84,93 $",169.99,"Était±  169,99 $prix était 169,99 $",84.93,"84,93 $",84.93,"84,93 $",true,https://www.canadiantire.ca/fr/pdp/chaise-a-diner-canvas-windsor-blanc-1680126p.html,https://www.canadiantire.ca/fr/pdp/chaise-a-diner-canvas-windsor-blanc-1680126p.html,https://media-www.canadiantire.ca/product/living/home-decor/furniture/1680126/canvas-windsor-white-dining-chair-308adadd-fff5-4b03-9585-49671be60cca-jpgrendition.jpg?im=whresize&wid=200&hei=200,https://media-www.canadiantire.ca/product/living/home-decor/furniture/1680126/canvas-windsor-white-dining-chair-308adadd-fff5-4b03-9585-49671be60cca-jpgrendition.jpg?im=whresize&wid=200&hei=200,,1680126,168-0126-4,Il n’en reste que 1 #168-0126-4,Liquidation◊Articles à succès,50.04,"84,93","169,99"
53,"Kitchener South, ON","Veste de travail imperméable Dry Core Forcefield à capuchon amovible, hommes, noir","Veste de travail imperméable Dry Core Forcefield à capuchon amovible, hommes, noir",44.93,"44,93 $",89.99,"89,99 $Était   et+ prix était à partir de 89,99 $",44.93,"44,93 $",44.93,"44,93 $",true,https://www.canadiantire.ca/fr/pdp/veste-de-travail-impermeable-dry-core-forcefield-a-capuchon-amovible-hommes-noir-0891623p.html,https://www.canadiantire.ca/fr/pdp/veste-de-travail-impermeable-dry-core-forcefield-a-capuchon-amovible-hommes-noir-0891623p.html,https://media-www.canadiantire.ca/product/playing/footwear-apparel/work-footwear-apparel/0891623/forcefield-men-s-dry-core-industrial-rain-jacket-m-e21838f4-2caa-43c8-a1eb-c0143ae09dc5-jpgrendition.jpg?im=whresize&wid=200&hei=200,https://media-www.canadiantire.ca/product/playing/footwear-apparel/work-footwear-apparel/0891623/forcefield-men-s-dry-core-industrial-rain-jacket-m-e21838f4-2caa-43c8-a1eb-c0143ae09dc5-jpgrendition.jpg?im=whresize&wid=200&hei=200,,0891623,089-1623,Vérifiez la disponibilité#089-1623X,Liquidation◊Articles à succès,50.07,"44,93","89,99"
53,"Kitchener South, ON","Étagère Ziva à 3 tablettes, support de poids pour haltères, haltères russes","Étagère Ziva à 3 tablettes, support de poids pour haltères, haltères russes",179.93,"179,93 $",399.99,"Était±  399,99 $prix était 399,99 $",179.93,"179,93 $",179.93,"179,93 $",true,https://www.canadiantire.ca/fr/pdp/etagere-ziva-a-3-tablettes-support-de-poids-pour-halteres-halteres-russes-1841869p.html,https://www.canadiantire.ca/fr/pdp/etagere-ziva-a-3-tablettes-support-de-poids-pour-halteres-halteres-russes-1841869p.html,https://media-www.canadiantire.ca/product/playing/exercise/strength/1841869/ziva-3-tier-storage-rack-cb9baf50-3c80-4ca8-bddf-98bd5c49a1a5-jpgrendition.jpg?im=whresize&wid=200&hei=200,https://media-www.canadiantire.ca/product/playing/exercise/strength/1841869/ziva-3-tier-storage-rack-cb9baf50-3c80-4ca8-bddf-98bd5c49a1a5-jpgrendition.jpg?im=whresize&wid=200&hei=200,,1841869,184-1869-0,Il n’en reste que 1 #184-1869-0,Liquidation◊,55.02,"179,93","399,99"
53,"Kitchener South, ON",Sangle de kayak sans anneau robuste,Sangle de kayak sans anneau robuste,4.93,"4,93 $",14.99,"Était±  14,99 $prix était 14,99 $",4.93,"4,93 $",4.93,"4,93 $",true,https://www.canadiantire.ca/fr/pdp/sangle-de-kayak-sans-anneau-robuste-0793323p.html,https://www.canadiantire.ca/fr/pdp/sangle-de-kayak-sans-anneau-robuste-0793323p.html,https://media-www.canadiantire.ca/product/playing/seasonal-recreation/marine-power-boating/0793323/seattlesport-coil-less-sportsman-paddle-leash-72e2b725-286b-479f-93cd-12d21e86d4d1-jpgrendition.jpg?im=whresize&wid=200&hei=200,https://media-www.canadiantire.ca/product/playing/seasonal-recreation/marine-power-boating/0793323/seattlesport-coil-less-sportsman-paddle-leash-72e2b725-286b-479f-93cd-12d21e86d4d1-jpgrendition.jpg?im=whresize&wid=200&hei=200,,0793323,079-3323-8,Il n’en reste que 3 #079-3323-8,Liquidation◊Mieux notés,67.11,"4,93","14,99"
53,"Kitchener South, ON","Mini-quad/VTT porteur électrique Huffy Boltz 6 V, rouge/bleu, 18 mois à 3 ans","Mini-quad/VTT porteur électrique Huffy Boltz 6 V, rouge/bleu, 18 mois à 3 ans",99.93,"99,93 $",219.99,"Était±  219,99 $prix était 219,99 $",99.93,"99,93 $",99.93,"99,93 $",true,https://www.canadiantire.ca/fr/pdp/mini-quad-vtt-porteur-electrique-huffy-boltz-6-v-rouge-bleu-18-mois-a-3-ans-1840678p.html,https://www.canadiantire.ca/fr/pdp/mini-quad-vtt-porteur-electrique-huffy-boltz-6-v-rouge-bleu-18-mois-a-3-ans-1840678p.html,https://media-www.canadiantire.ca/product/playing/cycling/wheeled-goods/1840678/6v-boltz-electric-ride-on-66667b95-eb65-4da2-9576-fe421594655b-jpgrendition.jpg?im=whresize&wid=200&hei=200,https://media-www.canadiantire.ca/product/playing/cycling/wheeled-goods/1840678/6v-boltz-electric-ride-on-66667b95-eb65-4da2-9576-fe421594655b-jpgrendition.jpg?im=whresize&wid=200&hei=200,,1840678,184-0678-0,Il n’en reste que 1 #184-0678-0,Liquidation◊,54.58,"99,93","219,99"
53,"Kitchener South, ON","Plafonnier encastré à 2 lampes abat-jour cylindrique circulaire CANVAS, noir mat","Plafonnier encastré à 2 lampes abat-jour cylindrique circulaire CANVAS, noir mat",49.93,"49,93 $",109.99,"Était±  109,99 $prix était 109,99 $",49.93,"49,93 $",49.93,"49,93 $",true,https://www.canadiantire.ca/fr/pdp/plafonnier-encastre-a-2-lampes-abat-jour-cylindrique-circulaire-canvas-noir-mat-0529724p.html,https://www.canadiantire.ca/fr/pdp/plafonnier-encastre-a-2-lampes-abat-jour-cylindrique-circulaire-canvas-noir-mat-0529724p.html,https://media-www.canadiantire.ca/product/living/home-decor/lighting/0529724/canvas-2-lt-matte-black-flush-mount-4b71cee3-0e91-42a4-b3f9-e05c19c61b62-jpgrendition.jpg?im=whresize&wid=200&hei=200,https://media-www.canadiantire.ca/product/living/home-decor/lighting/0529724/canvas-2-lt-matte-black-flush-mount-4b71cee3-0e91-42a4-b3f9-e05c19c61b62-jpgrendition.jpg?im=whresize&wid=200&hei=200,,0529724,052-9724-0,Il n’en reste que 1 #052-9724-0,Liquidation◊Mieux notés,54.6,"49,93","109,99"
53,"Kitchener South, ON","Chaise bistro en métal For Living Finch, extérieur, modèle pliable, bleu","Chaise bistro en métal For Living Finch, extérieur, modèle pliable, bleu",24.93,"24,93 $",49.99,"Était±  49,99 $prix était 49,99 $",24.93,"24,93 $",24.93,"24,93 $",true,https://www.canadiantire.ca/fr/pdp/chaise-bistro-en-metal-for-living-finch-exterieur-modele-pliable-bleu-1881344p.html,https://www.canadiantire.ca/fr/pdp/chaise-bistro-en-metal-for-living-finch-exterieur-modele-pliable-bleu-1881344p.html,https://media-www.canadiantire.ca/product/seasonal-gardening/backyard-living/outdoor-furniture/1881344/for-living-finch-metal-bistro-chair-blue-97f1c89e-6393-4f8a-8285-c5f86ac53707-jpgrendition.jpg?im=whresize&wid=200&hei=200,https://media-www.canadiantire.ca/product/seasonal-gardening/backyard-living/outdoor-furniture/1881344/for-living-finch-metal-bistro-chair-blue-97f1c89e-6393-4f8a-8285-c5f86ac53707-jpgrendition.jpg?im=whresize&wid=200&hei=200,,1881344,188-1344-0,Il n’en reste que 2 #188-1344-0,Liquidation◊Exclusivité,50.13,"24,93","49,99"
53,"Kitchener South, ON","Coussin de banc hydrofuge résistant aux taches CANVAS Boho, noir","Coussin de banc hydrofuge résistant aux taches CANVAS Boho, noir",34.93,"34,93 $",72.99,"Était±  72,99 $prix était 72,99 $",34.93,"34,93 $",34.93,"34,93 $",true,https://www.canadiantire.ca/fr/pdp/coussin-de-banc-hydrofuge-resistant-aux-taches-canvas-boho-noir-0880043p.html,https://www.canadiantire.ca/fr/pdp/coussin-de-banc-hydrofuge-resistant-aux-taches-canvas-boho-noir-0880043p.html,https://media-www.canadiantire.ca/product/seasonal-gardening/backyard-living/outdoor-living-accessories/0880043/canvas-boho-bench-cushion-1bc1b0c8-c0fd-4099-afa7-89581dead011-jpgrendition.jpg?im=whresize&wid=200&hei=200,https://media-www.canadiantire.ca/product/seasonal-gardening/backyard-living/outdoor-living-accessories/0880043/canvas-boho-bench-cushion-1bc1b0c8-c0fd-4099-afa7-89581dead011-jpgrendition.jpg?im=whresize&wid=200&hei=200,,0880043,088-0043-0,Il n’en reste que 1 #088-0043-0,Liquidation◊Articles à succès,52.14,"34,93","72,99"
53,"Kitchener South, ON","Mini ruban correcteur BIC Wite-Out, paq. 1","Mini ruban correcteur BIC Wite-Out, paq. 1",1.93,"1,93 $",3.99,"Était±  3,99 $prix était 3,99 $",1.93,"1,93 $",1.93,"1,93 $",true,https://www.canadiantire.ca/fr/pdp/mini-ruban-correcteur-bic-wite-out-paq-1-2420362p.html,https://www.canadiantire.ca/fr/pdp/mini-ruban-correcteur-bic-wite-out-paq-1-2420362p.html,https://media-www.canadiantire.ca/product/seasonal-gardening/toys/home-office-supplies/2420362/bic-micro-correction-film-blister-1-pk-f322ca26-3453-4fe4-8ca2-9e89f6feb055-jpgrendition.jpg?im=whresize&wid=200&hei=200,https://media-www.canadiantire.ca/product/seasonal-gardening/toys/home-office-supplies/2420362/bic-micro-correction-film-blister-1-pk-f322ca26-3453-4fe4-8ca2-9e89f6feb055-jpgrendition.jpg?im=whresize&wid=200&hei=200,,2420362,242-0362-2,Il n’en reste que 4 #242-0362-2,Liquidation◊,51.63,"1,93","3,99"
53,"Kitchener South, ON","Woods™ - Accessoire de rangement pour lits de camping, bleu","Woods™ - Accessoire de rangement pour lits de camping, bleu",8.93,"8,93 $",19.99,"Était±  19,99 $prix était 19,99 $",8.93,"8,93 $",8.93,"8,93 $",true,https://www.canadiantire.ca/fr/pdp/woodstm-accessoire-de-rangement-pour-lits-de-camping-bleu-0763721p.html,https://www.canadiantire.ca/fr/pdp/woodstm-accessoire-de-rangement-pour-lits-de-camping-bleu-0763721p.html,https://media-www.canadiantire.ca/product/playing/camping/camping-furniture/0763721/woods-cot-organizer-accessory-aa13e71e-f352-4d02-8f8b-609701ff1e54-jpgrendition.jpg?im=whresize&wid=200&hei=200,https://media-www.canadiantire.ca/product/playing/camping/camping-furniture/0763721/woods-cot-organizer-accessory-aa13e71e-f352-4d02-8f8b-609701ff1e54-jpgrendition.jpg?im=whresize&wid=200&hei=200,,0763721,076-3721-6,Il n’en reste que 6 #076-3721-6,Liquidation◊Exclusivité,55.33,"8,93","19,99"
53,"Kitchener South, ON","Liquide de protection contre les inondations Flex Seal, protection imperméable contre les inondations, 10 oz","Liquide de protection contre les inondations Flex Seal, protection imperméable contre les inondations, 10 oz",12.93,"12,93 $",29.99,"Était±  29,99 $prix était 29,99 $",12.93,"12,93 $",12.93,"12,93 $",true,https://www.canadiantire.ca/fr/pdp/liquide-de-protection-contre-les-inondations-flex-seal-protection-impermeable-contre-les-inondations-10-oz-0641544p.html,https://www.canadiantire.ca/fr/pdp/liquide-de-protection-contre-les-inondations-flex-seal-protection-impermeable-contre-les-inondations-10-oz-0641544p.html,https://media-www.canadiantire.ca/product/fixing/paint/surface-prep-maintenance/0641544/flex-seal-liquid-flood-protection-10-oz--0a8f5961-b8b0-48e7-89d3-3f0dbe9d2aef-jpgrendition.jpg?im=whresize&wid=200&hei=200,https://media-www.canadiantire.ca/product/fixing/paint/surface-prep-maintenance/0641544/flex-seal-liquid-flood-protection-10-oz--0a8f5961-b8b0-48e7-89d3-3f0dbe9d2aef-jpgrendition.jpg?im=whresize&wid=200&hei=200,,0641544,064-1544-8,Il n’en reste que 3 #064-1544-8,Liquidation◊,56.89,"12,93","29,99"
53,"Kitchener South, ON","Foyer multimédia CANVAS Waldon, 60 po","Foyer multimédia CANVAS Waldon, 60 po",329.93,"329,93 $",749.99,"Était±  749,99 $prix était 749,99 $",329.93,"329,93 $",329.93,"329,93 $",true,https://www.canadiantire.ca/fr/pdp/foyer-multimedia-canvas-waldon-60-po-0644020p.html,https://www.canadiantire.ca/fr/pdp/foyer-multimedia-canvas-waldon-60-po-0644020p.html,https://media-www.canadiantire.ca/product/living/home-decor/electric-fireplaces/0644020/canvas-waldon-60-led-media-fireplace-dfa05329-eaf0-44dc-896e-1ff71cbbe669-jpgrendition.jpg?im=whresize&wid=200&hei=200,https://media-www.canadiantire.ca/product/living/home-decor/electric-fireplaces/0644020/canvas-waldon-60-led-media-fireplace-dfa05329-eaf0-44dc-896e-1ff71cbbe669-jpgrendition.jpg?im=whresize&wid=200&hei=200,,0644020,064-4020-6,Il n’en reste que 1 #064-4020-6,Liquidation◊Mieux notés,56.01,"329,93","749,99"
53,"Kitchener South, ON","For Living Acadia - Rideaux et moustiquaire pour gazebo, 155 x 132 x 85 po","For Living Acadia - Rideaux et moustiquaire pour gazebo, 155 x 132 x 85 po",177.93,"177,93 $",379.99,"Était±  379,99 $prix était 379,99 $",177.93,"177,93 $",177.93,"177,93 $",true,https://www.canadiantire.ca/fr/pdp/for-living-acadia-rideaux-et-moustiquaire-pour-gazebo-155-x-132-x-85-po-0881701p.html,https://www.canadiantire.ca/fr/pdp/for-living-acadia-rideaux-et-moustiquaire-pour-gazebo-155-x-132-x-85-po-0881701p.html,https://media-www.canadiantire.ca/product/seasonal-gardening/backyard-living/outdoor-furniture/0881701/for-living-wall-netting-for-acadia-gazebo-0881609-57c85a61-0e40-4823-ac61-0c6333970324-jpgrendition.jpg?im=whresize&wid=200&hei=200,https://media-www.canadiantire.ca/product/seasonal-gardening/backyard-living/outdoor-furniture/0881701/for-living-wall-netting-for-acadia-gazebo-0881609-57c85a61-0e40-4823-ac61-0c6333970324-jpgrendition.jpg?im=whresize&wid=200&hei=200,,0881701,088-1701-8,Il n’en reste que 1 #088-1701-8,Liquidation◊Exclusivité,53.18,"177,93","379,99"
53,"Kitchener South, ON","Compresseur d'air silencieux MAXIMUM, 1 gallon","Compresseur d'air silencieux MAXIMUM, 1 gallon",149.93,"149,93 $",299.99,"Était±  299,99 $prix était 299,99 $",149.93,"149,93 $",149.93,"149,93 $",true,https://www.canadiantire.ca/fr/pdp/compresseur-d-air-silencieux-maximum-1-gallon-0581978p.html,https://www.canadiantire.ca/fr/pdp/compresseur-d-air-silencieux-maximum-1-gallon-0581978p.html,https://media-www.canadiantire.ca/product/fixing/tools/air-tools-accessories/0581978/mx-1-gallon-quiet-air-compressor-c19235d9-31a6-4c97-8a4f-f574b5c52009-jpgrendition.jpg?im=whresize&wid=200&hei=200,https://media-www.canadiantire.ca/product/fixing/tools/air-tools-accessories/0581978/mx-1-gallon-quiet-air-compressor-c19235d9-31a6-4c97-8a4f-f574b5c52009-jpgrendition.jpg?im=whresize&wid=200&hei=200,,0581978,058-1978-2,Il n’en reste que 2 #058-1978-2,Liquidation◊Mieux notés,50.02,"149,93","299,99"
53,"Kitchener South, ON","Connecteur plat 4 fils DEL de vérification côté remorque Hopkins Towing Solution, 24 po","Connecteur plat 4 fils DEL de vérification côté remorque Hopkins Towing Solution, 24 po",5.93,"5,93 $",12.99,"Était±  12,99 $prix était 12,99 $",5.93,"5,93 $",5.93,"5,93 $",true,https://www.canadiantire.ca/fr/pdp/connecteur-plat-4-fils-del-de-verification-cote-remorque-hopkins-towing-solution-24-po-0409665p.html,https://www.canadiantire.ca/fr/pdp/connecteur-plat-4-fils-del-de-verification-cote-remorque-hopkins-towing-solution-24-po-0409665p.html,https://media-www.canadiantire.ca/product/automotive/automotive-outdoor-adventure/auto-travel-storage/0409665/4-wire-flat-led-test-trailer-end-24--df2cf665-4d90-42f5-9b82-8f48e90be7fe-jpgrendition.jpg?im=whresize&wid=200&hei=200,https://media-www.canadiantire.ca/product/automotive/automotive-outdoor-adventure/auto-travel-storage/0409665/4-wire-flat-led-test-trailer-end-24--df2cf665-4d90-42f5-9b82-8f48e90be7fe-jpgrendition.jpg?im=whresize&wid=200&hei=200,,0409665,040-9665-8,Il n’en reste que 2 #040-9665-8,Liquidation◊Mieux notés,54.35,"5,93","12,99"
53,"Kitchener South, ON","Antigel/liquide de refroidissement prémélangé 50/50 STP sports motorisés, 1,89 L","Antigel/liquide de refroidissement prémélangé 50/50 STP sports motorisés, 1,89 L",14.93,"14,93 $",37.99,"Était±  37,99 $prix était 37,99 $",14.93,"14,93 $",14.93,"14,93 $",true,https://www.canadiantire.ca/fr/pdp/antigel-liquide-de-refroidissement-premelange-50-50-stp-sports-motorises-1-89-l-0278199p.html,https://www.canadiantire.ca/fr/pdp/antigel-liquide-de-refroidissement-premelange-50-50-stp-sports-motorises-1-89-l-0278199p.html,https://media-www.canadiantire.ca/product/automotive/automotive-outdoor-adventure/powersport/0278199/stp-power-sport-antifreeze-coolant-1-89-l-84624519-21cd-43f2-bc42-559c5b366cf1-jpgrendition.jpg?im=whresize&wid=200&hei=200,https://media-www.canadiantire.ca/product/automotive/automotive-outdoor-adventure/powersport/0278199/stp-power-sport-antifreeze-coolant-1-89-l-84624519-21cd-43f2-bc42-559c5b366cf1-jpgrendition.jpg?im=whresize&wid=200&hei=200,,0278199,027-8199-8,Il n’en reste que 1 #027-8199-8,Liquidation◊Mieux notés,60.7,"14,93","37,99"
53,"Kitchener South, ON","Contenants transparents Clearlock avec base TritanMC, emboîtables, 6 pièces","Contenants transparents Clearlock avec base TritanMC, emboîtables, 6 pièces",17.93,"17,93 $",37.99,"Était±  37,99 $prix était 37,99 $",17.93,"17,93 $",17.93,"17,93 $",true,https://www.canadiantire.ca/fr/pdp/contenants-transparents-clearlock-avec-base-tritan-sup-mc-sup-emboitables-6-pieces-2421066p.html,https://www.canadiantire.ca/fr/pdp/contenants-transparents-clearlock-avec-base-tritan-sup-mc-sup-emboitables-6-pieces-2421066p.html,https://media-www.canadiantire.ca/product/living/kitchen/food-storage/2421066/clearlock-6-pc-set-f2aae91f-ae59-4671-8c8f-58cf5c7ad994-jpgrendition.jpg?im=whresize&wid=200&hei=200,https://media-www.canadiantire.ca/product/living/kitchen/food-storage/2421066/clearlock-6-pc-set-f2aae91f-ae59-4671-8c8f-58cf5c7ad994-jpgrendition.jpg?im=whresize&wid=200&hei=200,,2421066,242-1066-2,Il n’en reste que 2 #242-1066-2,Liquidation◊,52.8,"17,93","37,99"
53,"Kitchener South, ON","Ampoules à filament à DEL à intensité variable à culot E26 NOMA B10, blanc chaud, 40 W","Ampoules à filament à DEL à intensité variable à culot E26 NOMA B10, blanc chaud, 40 W",4.93,"4,93 $",10.99,"Était±  10,99 $prix était 10,99 $",4.93,"4,93 $",4.93,"4,93 $",true,https://www.canadiantire.ca/fr/pdp/ampoules-a-filament-a-del-a-intensite-variable-a-culot-e26-noma-b10-blanc-chaud-40-w-0529611p.html,https://www.canadiantire.ca/fr/pdp/ampoules-a-filament-a-del-a-intensite-variable-a-culot-e26-noma-b10-blanc-chaud-40-w-0529611p.html,https://media-www.canadiantire.ca/product/fixing/electrical/light-bulbs/0529611/noma-40w-b10-warm-white-led-bulbs-2-pack-d8ccbe5a-899c-490e-b5f8-348c1c9af633-jpgrendition.jpg?im=whresize&wid=200&hei=200,https://media-www.canadiantire.ca/product/fixing/electrical/light-bulbs/0529611/noma-40w-b10-warm-white-led-bulbs-2-pack-d8ccbe5a-899c-490e-b5f8-348c1c9af633-jpgrendition.jpg?im=whresize&wid=200&hei=200,,0529611,052-9611-8,140 En Stock#052-9611-8,Liquidation◊Mieux notés,55.14,"4,93","10,99"
53,"Kitchener South, ON",Distributeur en aérosol intérieur entièrement programmable CSA Doktor Doom pour cannettes de 170 grammes,Distributeur en aérosol intérieur entièrement programmable CSA Doktor Doom pour cannettes de 170 grammes,16.99,"16,99 $",49.99,"Était±  49,99 $prix était 49,99 $",16.99,"16,99 $",16.99,"16,99 $",true,https://www.canadiantire.ca/fr/pdp/distributeur-en-aerosol-interieur-entierement-programmable-csa-doktor-doom-pour-cannettes-de-170-grammes-1591043p.html,https://www.canadiantire.ca/fr/pdp/distributeur-en-aerosol-interieur-entierement-programmable-csa-doktor-doom-pour-cannettes-de-170-grammes-1591043p.html,https://media-www.canadiantire.ca/product/seasonal-gardening/gardening/weed-insect-rodent-control/1591043/dk-doom-aerosol-csa-dispenser-b99507f1-6e3f-4f07-afb0-0df0c2ecf835-jpgrendition.jpg?im=whresize&wid=200&hei=200,https://media-www.canadiantire.ca/product/seasonal-gardening/gardening/weed-insect-rodent-control/1591043/dk-doom-aerosol-csa-dispenser-b99507f1-6e3f-4f07-afb0-0df0c2ecf835-jpgrendition.jpg?im=whresize&wid=200&hei=200,,1591043,159-1043-6,10 En Stock#159-1043-6,Liquidation◊Mieux notés,66.01,"16,99","49,99"
53,"Kitchener South, ON",Cache de chasse ignifuge Ameristep Enforcer avec 2 chaises trépied,Cache de chasse ignifuge Ameristep Enforcer avec 2 chaises trépied,119.93,"119,93 $",259.99,"Était±  259,99 $prix était 259,99 $",119.93,"119,93 $",119.93,"119,93 $",true,https://www.canadiantire.ca/fr/pdp/cache-de-chasse-ignifuge-ameristep-enforcer-avec-2-chaises-trepied-0751806p.html,https://www.canadiantire.ca/fr/pdp/cache-de-chasse-ignifuge-ameristep-enforcer-avec-2-chaises-trepied-0751806p.html,https://media-www.canadiantire.ca/product/playing/hunting/hunting-equipment/0751806/ameristep-enforcer-fr-3p-ground-blind-w-2-tripod-chair-combo-4cc0b1ba-83fb-45fd-adb0-3656dd762b0e-jpgrendition.jpg?im=whresize&wid=200&hei=200,https://media-www.canadiantire.ca/product/playing/hunting/hunting-equipment/0751806/ameristep-enforcer-fr-3p-ground-blind-w-2-tripod-chair-combo-4cc0b1ba-83fb-45fd-adb0-3656dd762b0e-jpgrendition.jpg?im=whresize&wid=200&hei=200,,0751806,075-1806-0,Il n’en reste que 1 #075-1806-0,Liquidation◊,53.87,"119,93","259,99"
53,"Kitchener South, ON","Robinet de baignoire et de douche Pfister Auden, poignée simple, chrome","Robinet de baignoire et de douche Pfister Auden, poignée simple, chrome",99.93,"99,93 $",279.99,"Était±  279,99 $prix était 279,99 $",99.93,"99,93 $",99.93,"99,93 $",true,https://www.canadiantire.ca/fr/pdp/robinet-de-baignoire-et-de-douche-pfister-auden-poignee-simple-chrome-0634740p.html,https://www.canadiantire.ca/fr/pdp/robinet-de-baignoire-et-de-douche-pfister-auden-poignee-simple-chrome-0634740p.html,https://media-www.canadiantire.ca/product/fixing/plumbing/faucets-fixtures/0634740/pfister-auden-tub-shower-chrome-cd93a8ee-0bd3-4eb1-9f75-1e89bc2a990a-jpgrendition.jpg?im=whresize&wid=200&hei=200,https://media-www.canadiantire.ca/product/fixing/plumbing/faucets-fixtures/0634740/pfister-auden-tub-shower-chrome-cd93a8ee-0bd3-4eb1-9f75-1e89bc2a990a-jpgrendition.jpg?im=whresize&wid=200&hei=200,,0634740,063-4740-4,Il n’en reste que 1 #063-4740-4,Liquidation◊,64.31,"99,93","279,99"
53,"Kitchener South, ON",Range-tout empilable For Living,Range-tout empilable For Living,89.93,"89,93 $",179.99,"Était±  179,99 $prix était 179,99 $",89.93,"89,93 $",89.93,"89,93 $",true,https://www.canadiantire.ca/fr/pdp/range-tout-empilable-for-living-1680171p.html,https://www.canadiantire.ca/fr/pdp/range-tout-empilable-for-living-1680171p.html,https://media-www.canadiantire.ca/product/living/home-decor/furniture/1680171/for-living-stackable-catch-all-organizer-528fa338-7bfd-4f61-8c63-72b43047ac32-jpgrendition.jpg?im=whresize&wid=200&hei=200,https://media-www.canadiantire.ca/product/living/home-decor/furniture/1680171/for-living-stackable-catch-all-organizer-528fa338-7bfd-4f61-8c63-72b43047ac32-jpgrendition.jpg?im=whresize&wid=200&hei=200,,1680171,168-0171-4,Il n’en reste que 2 #168-0171-4,Liquidation◊Mieux notés,50.04,"89,93","179,99"
53,"Kitchener South, ON","CANVAS Mercier - Chaise rembourrée pour table à manger de jardin en acier, noir","CANVAS Mercier - Chaise rembourrée pour table à manger de jardin en acier, noir",39.93,"39,93 $",79.99,"Était±  79,99 $prix était 79,99 $",39.93,"39,93 $",39.93,"39,93 $",true,https://www.canadiantire.ca/fr/pdp/canvas-mercier-chaise-rembourree-pour-table-a-manger-de-jardin-en-acier-noir-0882028p.html,https://www.canadiantire.ca/fr/pdp/canvas-mercier-chaise-rembourree-pour-table-a-manger-de-jardin-en-acier-noir-0882028p.html,https://media-www.canadiantire.ca/product/seasonal-gardening/backyard-living/outdoor-furniture/0882028/canvas-mercier-dining-chair-b3317fa3-2f8e-47d3-932c-03493582ea86-jpgrendition.jpg?im=whresize&wid=200&hei=200,https://media-www.canadiantire.ca/product/seasonal-gardening/backyard-living/outdoor-furniture/0882028/canvas-mercier-dining-chair-b3317fa3-2f8e-47d3-932c-03493582ea86-jpgrendition.jpg?im=whresize&wid=200&hei=200,,0882028,088-2028-6,Il n’en reste que 1 #088-2028-6,Liquidation◊Exclusivité,50.08,"39,93","79,99"
53,"Kitchener South, ON","Bec verseur de rechange Reliance, 53 mm","Bec verseur de rechange Reliance, 53 mm",4.43,"4,43 $",9.99,"Était±  9,99 $prix était 9,99 $",4.43,"4,43 $",4.43,"4,43 $",true,https://www.canadiantire.ca/fr/pdp/bec-verseur-de-rechange-reliance-53-mm-0854308p.html,https://www.canadiantire.ca/fr/pdp/bec-verseur-de-rechange-reliance-53-mm-0854308p.html,https://media-www.canadiantire.ca/product/playing/camping/hydration-coolers/0854308/reliance-replacement-spout-assembly-084b6ed6-c410-4129-915c-26becd3c163c-jpgrendition.jpg?im=whresize&wid=200&hei=200,https://media-www.canadiantire.ca/product/playing/camping/hydration-coolers/0854308/reliance-replacement-spout-assembly-084b6ed6-c410-4129-915c-26becd3c163c-jpgrendition.jpg?im=whresize&wid=200&hei=200,,0854308,085-4308-4,11 En Stock#085-4308-4,Liquidation◊,55.66,"4,43","9,99"
53,"Kitchener South, ON",Caisse SafeCrates LEM pour 6 bocaux de 1 chopine,Caisse SafeCrates LEM pour 6 bocaux de 1 chopine,9.93,"9,93 $",25.99,"Était±  25,99 $prix était 25,99 $",9.93,"9,93 $",9.93,"9,93 $",true,https://www.canadiantire.ca/fr/pdp/caisse-safecrates-lem-pour-6-bocaux-de-1-chopine-2420189p.html,https://www.canadiantire.ca/fr/pdp/caisse-safecrates-lem-pour-6-bocaux-de-1-chopine-2420189p.html,https://media-www.canadiantire.ca/product/living/kitchen/canning/2420189/safecrates-for-6-pint-jars-4f34dd03-3dc4-4c5b-8f8f-b8f2c278d2b4-jpgrendition.jpg?im=whresize&wid=200&hei=200,https://media-www.canadiantire.ca/product/living/kitchen/canning/2420189/safecrates-for-6-pint-jars-4f34dd03-3dc4-4c5b-8f8f-b8f2c278d2b4-jpgrendition.jpg?im=whresize&wid=200&hei=200,,2420189,242-0189-6,12 En Stock#242-0189-6,Liquidation◊Mieux notés,61.79,"9,93","25,99"
53,"Kitchener South, ON","Interrupteur silencieux à bascule 3 voies CA Decorator, 15 A, 120 V, aucune mise à la terre, qualité résidentielle, couleurs variées","Interrupteur silencieux à bascule 3 voies CA Decorator, 15 A, 120 V, aucune mise à la terre, qualité résidentielle, couleurs variées",1.93,"1,93 $",4.79,"4,79 $Était   et+ prix était à partir de 4,79 $",1.93,"1,93 $",1.93,"1,93 $",true,https://www.canadiantire.ca/fr/pdp/interrupteur-silencieux-a-bascule-3-voies-ca-decorator-15-a-120-v-aucune-mise-a-la-terre-qualite-residentielle-couleurs-variees-0528225p.html,https://www.canadiantire.ca/fr/pdp/interrupteur-silencieux-a-bascule-3-voies-ca-decorator-15-a-120-v-aucune-mise-a-la-terre-qualite-residentielle-couleurs-variees-0528225p.html,undefined,undefined,,0528225,052-8225,Vérifiez la disponibilité#052-8225X,Liquidation◊Mieux notés,59.71,"1,93","4,79"
53,"Kitchener South, ON",Friteuse à air électrique numérique Heritage avec vapeur et sonde de température,Friteuse à air électrique numérique Heritage avec vapeur et sonde de température,99.93,"99,93 $",229.99,"Était±  229,99 $prix était 229,99 $",99.93,"99,93 $",99.93,"99,93 $",true,https://www.canadiantire.ca/fr/pdp/friteuse-a-air-electrique-numerique-heritage-avec-vapeur-et-sonde-de-temperature-0430301p.html,https://www.canadiantire.ca/fr/pdp/friteuse-a-air-electrique-numerique-heritage-avec-vapeur-et-sonde-de-temperature-0430301p.html,https://media-www.canadiantire.ca/product/living/kitchen/kitchen-appliances/0430301/heritage-air-fryer-with-steam-temp-probe-40de457b-0e3a-4ac5-9abc-424a45556a33-jpgrendition.jpg?im=whresize&wid=200&hei=200,https://media-www.canadiantire.ca/product/living/kitchen/kitchen-appliances/0430301/heritage-air-fryer-with-steam-temp-probe-40de457b-0e3a-4ac5-9abc-424a45556a33-jpgrendition.jpg?im=whresize&wid=200&hei=200,,0430301,043-0301-2,Il n’en reste que 3 #043-0301-2,Liquidation◊Exclusivité,56.55,"99,93","229,99"
53,"Kitchener South, ON","Gilet de sauvetage/VFI dessin animé Marvel Spider-Man pour poupons, rouge","Gilet de sauvetage/VFI dessin animé Marvel Spider-Man pour poupons, rouge",24.93,"24,93 $",57.99,"Était±  57,99 $prix était 57,99 $",24.93,"24,93 $",24.93,"24,93 $",true,https://www.canadiantire.ca/fr/pdp/gilet-de-sauvetage-vfi-dessin-anime-marvel-spider-man-pour-poupons-rouge-0791893p.html,https://www.canadiantire.ca/fr/pdp/gilet-de-sauvetage-vfi-dessin-anime-marvel-spider-man-pour-poupons-rouge-0791893p.html,https://media-www.canadiantire.ca/product/playing/seasonal-recreation/marine-water-fun/0791893/marvel-cartoon-infant-boy-nylon-pfd-9dc5e8a9-60de-441c-ad51-26f6f3db5b2c-jpgrendition.jpg?im=whresize&wid=200&hei=200,https://media-www.canadiantire.ca/product/playing/seasonal-recreation/marine-water-fun/0791893/marvel-cartoon-infant-boy-nylon-pfd-9dc5e8a9-60de-441c-ad51-26f6f3db5b2c-jpgrendition.jpg?im=whresize&wid=200&hei=200,,0791893,079-1893-2,Il n’en reste que 4 #079-1893-2,Liquidation◊Mieux notés,57.01,"24,93","57,99"
53,"Kitchener South, ON","Barre à 3 crochets CANVAS Galena, acier inoxydable, blanc, 16 po","Barre à 3 crochets CANVAS Galena, acier inoxydable, blanc, 16 po",19.93,"19,93 $",39.99,"Était±  39,99 $prix était 39,99 $",19.93,"19,93 $",19.93,"19,93 $",true,https://www.canadiantire.ca/fr/pdp/barre-a-3-crochets-canvas-galena-acier-inoxydable-blanc-16-po-0465424p.html,https://www.canadiantire.ca/fr/pdp/barre-a-3-crochets-canvas-galena-acier-inoxydable-blanc-16-po-0465424p.html,https://media-www.canadiantire.ca/product/living/home-decor/decor-accents/0465424/canvas-16-galena-rail-white-77f997de-a363-4fe6-aaba-d50353ed14c6-jpgrendition.jpg?im=whresize&wid=200&hei=200,https://media-www.canadiantire.ca/product/living/home-decor/decor-accents/0465424/canvas-16-galena-rail-white-77f997de-a363-4fe6-aaba-d50353ed14c6-jpgrendition.jpg?im=whresize&wid=200&hei=200,,0465424,046-5424-4,Il n’en reste que 1 #046-5424-4,Liquidation◊Mieux notés,50.16,"19,93","39,99"
53,"Kitchener South, ON","Ensemble-cadeau Vermont Castings, paq. 4","Ensemble-cadeau Vermont Castings, paq. 4",49.93,"49,93 $",109.99,"Était±  109,99 $prix était 109,99 $",49.93,"49,93 $",49.93,"49,93 $",true,https://www.canadiantire.ca/fr/pdp/ensemble-cadeau-vermont-castings-paq-4-0852168p.html,https://www.canadiantire.ca/fr/pdp/ensemble-cadeau-vermont-castings-paq-4-0852168p.html,https://media-www.canadiantire.ca/product/seasonal-gardening/backyard-living/outdoor-cooking-accessories/0852168/vermont-castings-4-piece-gift-set-5a0656b8-6337-41f4-9472-1c0392273563-jpgrendition.jpg?im=whresize&wid=200&hei=200,https://media-www.canadiantire.ca/product/seasonal-gardening/backyard-living/outdoor-cooking-accessories/0852168/vermont-castings-4-piece-gift-set-5a0656b8-6337-41f4-9472-1c0392273563-jpgrendition.jpg?im=whresize&wid=200&hei=200,,0852168,085-2168-8,Il n’en reste que 2 #085-2168-8,Liquidation◊Mieux notés,54.6,"49,93","109,99"
53,"Kitchener South, ON","Kayak Pelican Hi Life de Perception, 11 pi, eau calme/usage général, 1 personne, bleu","Kayak Pelican Hi Life de Perception, 11 pi, eau calme/usage général, 1 personne, bleu",599.93,"599,93 $",1199.99,"Était±  1 199,99 $prix était 1 199,99 $",599.93,"599,93 $",599.93,"599,93 $",true,https://www.canadiantire.ca/fr/pdp/kayak-pelican-hi-life-de-perception-11-pi-eau-calme-usage-general-1-personne-bleu-0798345p.html,https://www.canadiantire.ca/fr/pdp/kayak-pelican-hi-life-de-perception-11-pi-eau-calme-usage-general-1-personne-bleu-0798345p.html,https://media-www.canadiantire.ca/product/playing/seasonal-recreation/marine-water-fun/0798345/perception-hi-life-11ft-kayak-6c828146-96b2-4f03-a7ed-54cb57f47f96-jpgrendition.jpg?im=whresize&wid=200&hei=200,https://media-www.canadiantire.ca/product/playing/seasonal-recreation/marine-water-fun/0798345/perception-hi-life-11ft-kayak-6c828146-96b2-4f03-a7ed-54cb57f47f96-jpgrendition.jpg?im=whresize&wid=200&hei=200,,0798345,079-8345-6,Il n’en reste que 1 #079-8345-6,Liquidation◊,50.01,"599,93","1199,99"
53,"Kitchener South, ON","Craies en forme d'oeuf Crayola, paq. 6","Craies en forme d'oeuf Crayola, paq. 6",2.43,"2,43 $",5.49,"Était±  5,49 $prix était 5,49 $",2.43,"2,43 $",2.43,"2,43 $",true,https://www.canadiantire.ca/fr/pdp/craies-en-forme-d-oeuf-crayola-paq-6-0508720p.html,https://www.canadiantire.ca/fr/pdp/craies-en-forme-d-oeuf-crayola-paq-6-0508720p.html,https://media-www.canadiantire.ca/product/seasonal-gardening/backyard-fun/seasonal-toys/0508720/crayola-6ct-egg-chalk-035a932d-a94a-478c-88d8-920e58ea8084-jpgrendition.jpg?im=whresize&wid=200&hei=200,https://media-www.canadiantire.ca/product/seasonal-gardening/backyard-fun/seasonal-toys/0508720/crayola-6ct-egg-chalk-035a932d-a94a-478c-88d8-920e58ea8084-jpgrendition.jpg?im=whresize&wid=200&hei=200,,0508720,050-8720-8,Il n’en reste que 1 #050-8720-8,Liquidation◊Mieux notés,55.74,"2,43","5,49"
53,"Kitchener South, ON","Plat de service d'extérieur en fibre de bambou CANVAS Summer Palm, 14 po","Plat de service d'extérieur en fibre de bambou CANVAS Summer Palm, 14 po",6.93,"6,93 $",14.99,"Était±  14,99 $prix était 14,99 $",6.93,"6,93 $",6.93,"6,93 $",true,https://www.canadiantire.ca/fr/pdp/plat-de-service-d-exterieur-en-fibre-de-bambou-canvas-summer-palm-14-po-1590044p.html,https://www.canadiantire.ca/fr/pdp/plat-de-service-d-exterieur-en-fibre-de-bambou-canvas-summer-palm-14-po-1590044p.html,https://media-www.canadiantire.ca/product/seasonal-gardening/backyard-living/outdoor-living-accessories/1590044/canvas-bamboo-summer-palm-14-platter-bb2e6866-612c-46ec-a269-0b3fd66589f2-jpgrendition.jpg?im=whresize&wid=200&hei=200,https://media-www.canadiantire.ca/product/seasonal-gardening/backyard-living/outdoor-living-accessories/1590044/canvas-bamboo-summer-palm-14-platter-bb2e6866-612c-46ec-a269-0b3fd66589f2-jpgrendition.jpg?im=whresize&wid=200&hei=200,,1590044,159-0044-0,Il n’en reste que 3 #159-0044-0,Liquidation◊Exclusivité,53.77,"6,93","14,99"
53,"Kitchener South, ON","Glacière rotomoulée en forme de seau Woods ARCTIC, 19 l, rouge","Glacière rotomoulée en forme de seau Woods ARCTIC, 19 l, rouge",113.43,"113,43 $",239.99,"Était±  239,99 $prix était 239,99 $",113.43,"113,43 $",113.43,"113,43 $",true,https://www.canadiantire.ca/fr/pdp/glaciere-rotomoulee-en-forme-de-seau-woods-arctic-19-l-rouge-0850307p.html,https://www.canadiantire.ca/fr/pdp/glaciere-rotomoulee-en-forme-de-seau-woods-arctic-19-l-rouge-0850307p.html,https://media-www.canadiantire.ca/product/playing/camping/hydration-coolers/0850307/woods-roto-bucket-red-44ffe579-02d7-4ed6-afc8-4f5851288b88-jpgrendition.jpg?im=whresize&wid=200&hei=200,https://media-www.canadiantire.ca/product/playing/camping/hydration-coolers/0850307/woods-roto-bucket-red-44ffe579-02d7-4ed6-afc8-4f5851288b88-jpgrendition.jpg?im=whresize&wid=200&hei=200,,0850307,085-0307-0,Il n’en reste que 1 #085-0307-0,Liquidation◊Exclusivité,52.74,"113,43","239,99"
53,"Kitchener South, ON",Support d'entraînement intérieur Saris Fluid 2,Support d'entraînement intérieur Saris Fluid 2,149.93,"149,93 $",479.99,"Était±  479,99 $prix était 479,99 $",149.93,"149,93 $",149.93,"149,93 $",true,https://www.canadiantire.ca/fr/pdp/support-d-entrainement-interieur-saris-fluid-2-0730527p.html,https://www.canadiantire.ca/fr/pdp/support-d-entrainement-interieur-saris-fluid-2-0730527p.html,https://media-www.canadiantire.ca/product/playing/cycling/bicycle-accessories/0730527/saris-fluid-2-bike-trainer-60efa614-a07b-4eeb-ad7e-06774673f8a0-jpgrendition.jpg?im=whresize&wid=200&hei=200,https://media-www.canadiantire.ca/product/playing/cycling/bicycle-accessories/0730527/saris-fluid-2-bike-trainer-60efa614-a07b-4eeb-ad7e-06774673f8a0-jpgrendition.jpg?im=whresize&wid=200&hei=200,,0730527,073-0527-4,Il n’en reste que 2 #073-0527-4,Liquidation◊,68.76,"149,93","479,99"
53,"Kitchener South, ON","Bande lumineuse RVB à DEL avec télécommande Merkury, 4 m","Bande lumineuse RVB à DEL avec télécommande Merkury, 4 m",9.93,"9,93 $",19.99,"Était±  19,99 $prix était 19,99 $",9.93,"9,93 $",9.93,"9,93 $",true,https://www.canadiantire.ca/fr/pdp/bande-lumineuse-rvb-a-del-avec-telecommande-merkury-4-m-0373142p.html,https://www.canadiantire.ca/fr/pdp/bande-lumineuse-rvb-a-del-avec-telecommande-merkury-4-m-0373142p.html,https://media-www.canadiantire.ca/product/automotive/car-care-accessories/auto-accessories/0373142/merkury-rgb-usb-led-strip-light-4m-with-remote-d69d963f-c94d-4f43-8f72-d869a571313b-jpgrendition.jpg?im=whresize&wid=200&hei=200,https://media-www.canadiantire.ca/product/automotive/car-care-accessories/auto-accessories/0373142/merkury-rgb-usb-led-strip-light-4m-with-remote-d69d963f-c94d-4f43-8f72-d869a571313b-jpgrendition.jpg?im=whresize&wid=200&hei=200,,0373142,037-3142-8,Il n’en reste que 1 #037-3142-8,Liquidation◊,50.33,"9,93","19,99"
53,"Kitchener South, ON","Huile synthétique pour VTT/VUTT Motul, moteur à 4 temps 10W50, 4 L","Huile synthétique pour VTT/VUTT Motul, moteur à 4 temps 10W50, 4 L",48.93,"48,93 $",99.99,"Était±  99,99 $prix était 99,99 $",48.93,"48,93 $",48.93,"48,93 $",true,https://www.canadiantire.ca/fr/pdp/huile-synthetique-pour-vtt-vutt-motul-moteur-a-4-temps-10w50-4-l-0288748p.html,https://www.canadiantire.ca/fr/pdp/huile-synthetique-pour-vtt-vutt-motul-moteur-a-4-temps-10w50-4-l-0288748p.html,https://media-www.canadiantire.ca/product/automotive/auto-maintenance/specialty-oil-lubricants/0288748/motul-10w50-synthetic-atv-utv-oil-4l-fc67c502-3f93-4950-b9b0-32d4842c8595-jpgrendition.jpg?im=whresize&wid=200&hei=200,https://media-www.canadiantire.ca/product/automotive/auto-maintenance/specialty-oil-lubricants/0288748/motul-10w50-synthetic-atv-utv-oil-4l-fc67c502-3f93-4950-b9b0-32d4842c8595-jpgrendition.jpg?im=whresize&wid=200&hei=200,,0288748,028-8748-0,Il n’en reste que 3 #028-8748-0,Liquidation◊Mieux notés,51.07,"48,93","99,99"
53,"Kitchener South, ON","Surligneurs BIC Brite Liner Grip à pointe biseautée, couleurs variées, paq. 5","Surligneurs BIC Brite Liner Grip à pointe biseautée, couleurs variées, paq. 5",2.93,"2,93 $",5.99,"Était±  5,99 $prix était 5,99 $",2.93,"2,93 $",2.93,"2,93 $",true,https://www.canadiantire.ca/fr/pdp/surligneurs-bic-brite-liner-grip-a-pointe-biseautee-couleurs-variees-paq-5-2420351p.html,https://www.canadiantire.ca/fr/pdp/surligneurs-bic-brite-liner-grip-a-pointe-biseautee-couleurs-variees-paq-5-2420351p.html,https://media-www.canadiantire.ca/product/seasonal-gardening/toys/home-office-supplies/2420351/bic-brite-liner-grip-chisel-point-5pk-ast-f0278621-4955-4f66-bea7-60b6e3bc3e6f-jpgrendition.jpg?im=whresize&wid=200&hei=200,https://media-www.canadiantire.ca/product/seasonal-gardening/toys/home-office-supplies/2420351/bic-brite-liner-grip-chisel-point-5pk-ast-f0278621-4955-4f66-bea7-60b6e3bc3e6f-jpgrendition.jpg?im=whresize&wid=200&hei=200,,2420351,242-0351-8,Il n’en reste que 2 #242-0351-8,Liquidation◊Mieux notés,51.09,"2,93","5,99"
53,"Kitchener South, ON","Prise de courant rétractable d'intérieur Thomas & Betts 37214-720 avec collier de verrouillage, noir, 6 pi","Prise de courant rétractable d'intérieur Thomas & Betts 37214-720 avec collier de verrouillage, noir, 6 pi",19.93,"19,93 $",44.99,"Était±  44,99 $prix était 44,99 $",19.93,"19,93 $",19.93,"19,93 $",true,https://www.canadiantire.ca/fr/pdp/prise-de-courant-retractable-d-interieur-thomas-betts-37214-720-avec-collier-de-verrouillage-noir-6-pi-0521598p.html,https://www.canadiantire.ca/fr/pdp/prise-de-courant-retractable-d-interieur-thomas-betts-37214-720-avec-collier-de-verrouillage-noir-6-pi-0521598p.html,https://media-www.canadiantire.ca/product/fixing/electrical/rough-electrical/0521598/retractable-receptacle-58854868-66f4-4ab4-8fc9-cc369285d148-jpgrendition.jpg?im=whresize&wid=200&hei=200,https://media-www.canadiantire.ca/product/fixing/electrical/rough-electrical/0521598/retractable-receptacle-58854868-66f4-4ab4-8fc9-cc369285d148-jpgrendition.jpg?im=whresize&wid=200&hei=200,,0521598,052-1598-8,Il n’en reste que 5 #052-1598-8,Liquidation◊Mieux notés,55.7,"19,93","44,99"
53,"Kitchener South, ON","Convertisseur feu arrière Hopkins compatible avec DEL, 72 po","Convertisseur feu arrière Hopkins compatible avec DEL, 72 po",19.93,"19,93 $",42.99,"Était±  42,99 $prix était 42,99 $",19.93,"19,93 $",19.93,"19,93 $",true,https://www.canadiantire.ca/fr/pdp/convertisseur-feu-arriere-hopkins-compatible-avec-del-72-po-1407218p.html,https://www.canadiantire.ca/fr/pdp/convertisseur-feu-arriere-hopkins-compatible-avec-del-72-po-1407218p.html,https://media-www.canadiantire.ca/product/automotive/automotive-outdoor-adventure/auto-travel-storage/1407218/hopkins-led-compatible-taillight-converter-72-in-c3c7db3c-e6b3-4daa-93d0-4088ca5cacfc-jpgrendition.jpg?im=whresize&wid=200&hei=200,https://media-www.canadiantire.ca/product/automotive/automotive-outdoor-adventure/auto-travel-storage/1407218/hopkins-led-compatible-taillight-converter-72-in-c3c7db3c-e6b3-4daa-93d0-4088ca5cacfc-jpgrendition.jpg?im=whresize&wid=200&hei=200,,1407218,140-7218-8,Il n’en reste que 3 #140-7218-8,Liquidation◊,53.64,"19,93","42,99"
53,"Kitchener South, ON","Porte-serviettes/barre à serviettes simple pour salle de bain Moen Sage, nickel brossé, 18 po","Porte-serviettes/barre à serviettes simple pour salle de bain Moen Sage, nickel brossé, 18 po",19.93,"19,93 $",54.99,"Était±  54,99 $prix était 54,99 $",19.93,"19,93 $",19.93,"19,93 $",true,https://www.canadiantire.ca/fr/pdp/porte-serviettes-barre-a-serviettes-simple-pour-salle-de-bain-moen-sage-nickel-brosse-18-po-0636219p.html,https://www.canadiantire.ca/fr/pdp/porte-serviettes-barre-a-serviettes-simple-pour-salle-de-bain-moen-sage-nickel-brosse-18-po-0636219p.html,https://media-www.canadiantire.ca/product/fixing/plumbing/faucets-fixtures/0636219/moen-sage-18-towel-bar-brushed-nickel-624bd34f-2ab1-4367-99de-f1b907d3cb74-jpgrendition.jpg?im=whresize&wid=200&hei=200,https://media-www.canadiantire.ca/product/fixing/plumbing/faucets-fixtures/0636219/moen-sage-18-towel-bar-brushed-nickel-624bd34f-2ab1-4367-99de-f1b907d3cb74-jpgrendition.jpg?im=whresize&wid=200&hei=200,,0636219,063-6219-6,Il n’en reste que 1 #063-6219-6,Liquidation◊Mieux notés,63.76,"19,93","54,99"
53,"Kitchener South, ON",Couvre-boule de remorquage,Couvre-boule de remorquage,3.93,"3,93 $",8.29,"Était±  8,29 $prix était 8,29 $",3.93,"3,93 $",3.93,"3,93 $",true,https://www.canadiantire.ca/fr/pdp/couvre-boule-de-remorquage-0406061p.html,https://www.canadiantire.ca/fr/pdp/couvre-boule-de-remorquage-0406061p.html,https://media-www.canadiantire.ca/product/automotive/automotive-outdoor-adventure/auto-travel-storage/0406061/reese-towpower-tow-ball-cover-with-4-flat-wiring-pocket-98d3a9d8-1151-4da1-8a91-d9e55369883e-jpgrendition.jpg?im=whresize&wid=200&hei=200,https://media-www.canadiantire.ca/product/automotive/automotive-outdoor-adventure/auto-travel-storage/0406061/reese-towpower-tow-ball-cover-with-4-flat-wiring-pocket-98d3a9d8-1151-4da1-8a91-d9e55369883e-jpgrendition.jpg?im=whresize&wid=200&hei=200,,0406061,040-6061-2,Il n’en reste que 1 #040-6061-2,Liquidation◊,52.59,"3,93","8,29"
53,"Kitchener South, ON","Porte-serviettes/barre à serviettes simple pour salle de bain Moen Sage, nickel brossé, 24 po","Porte-serviettes/barre à serviettes simple pour salle de bain Moen Sage, nickel brossé, 24 po",24.93,"24,93 $",57.99,"Était±  57,99 $prix était 57,99 $",24.93,"24,93 $",24.93,"24,93 $",true,https://www.canadiantire.ca/fr/pdp/porte-serviettes-barre-a-serviettes-simple-pour-salle-de-bain-moen-sage-nickel-brosse-24-po-0636221p.html,https://www.canadiantire.ca/fr/pdp/porte-serviettes-barre-a-serviettes-simple-pour-salle-de-bain-moen-sage-nickel-brosse-24-po-0636221p.html,https://media-www.canadiantire.ca/product/fixing/plumbing/faucets-fixtures/0636221/moen-sage-24-towel-bar-brushed-nickel-7df5cbb9-90bc-4156-8970-d0f56f68df5b-jpgrendition.jpg?im=whresize&wid=200&hei=200,https://media-www.canadiantire.ca/product/fixing/plumbing/faucets-fixtures/0636221/moen-sage-24-towel-bar-brushed-nickel-7df5cbb9-90bc-4156-8970-d0f56f68df5b-jpgrendition.jpg?im=whresize&wid=200&hei=200,,0636221,063-6221-8,Il n’en reste que 1 #063-6221-8,Liquidation◊Mieux notés,57.01,"24,93","57,99"
53,"Kitchener South, ON","Ensemble de départ à chargement frontal NERF Elite Ultimate, junior","Ensemble de départ à chargement frontal NERF Elite Ultimate, junior",9.93,"9,93 $",29.99,"Était±  29,99 $prix était 29,99 $",9.93,"9,93 $",9.93,"9,93 $",true,https://www.canadiantire.ca/fr/pdp/ensemble-de-depart-a-chargement-frontal-nerf-elite-ultimate-junior-1501978p.html,https://www.canadiantire.ca/fr/pdp/ensemble-de-depart-a-chargement-frontal-nerf-elite-ultimate-junior-1501978p.html,https://media-www.canadiantire.ca/product/seasonal-gardening/toys/toys-games/1501978/nerf-ultimate-starter-set-0118ff73-e545-4bdb-ac63-e11280ba8a42-jpgrendition.jpg?im=whresize&wid=200&hei=200,https://media-www.canadiantire.ca/product/seasonal-gardening/toys/toys-games/1501978/nerf-ultimate-starter-set-0118ff73-e545-4bdb-ac63-e11280ba8a42-jpgrendition.jpg?im=whresize&wid=200&hei=200,,1501978,150-1978-0,Il n’en reste que 2 #150-1978-0,Liquidation◊Mieux notés,66.89,"9,93","29,99"
53,"Kitchener South, ON","Décoration de salle d'anniversaire, 60 ans, célébration étincelante, paq. 10","Décoration de salle d'anniversaire, 60 ans, célébration étincelante, paq. 10",7.49,"7,49 $",14.99,"Était±  14,99 $prix était 14,99 $",7.49,"7,49 $",7.49,"7,49 $",true,https://www.canadiantire.ca/fr/pdp/decoration-de-salle-d-anniversaire-60-ans-celebration-etincelante-paq-10-8420283p.html,https://www.canadiantire.ca/fr/pdp/decoration-de-salle-d-anniversaire-60-ans-celebration-etincelante-paq-10-8420283p.html,https://media-www.partycity.ca/product/seasonal-gardening/party-city-everyday/party-city-party-supplies-decor/8420283/60th-birthday-room-decorat-kit-10pc-sparkling-celeb-f2cbc1bd-eff9-4efd-9aad-b2f11a1e4c1c-jpgrendition.jpg?im=whresize&wid=200&hei=200,https://media-www.partycity.ca/product/seasonal-gardening/party-city-everyday/party-city-party-supplies-decor/8420283/60th-birthday-room-decorat-kit-10pc-sparkling-celeb-f2cbc1bd-eff9-4efd-9aad-b2f11a1e4c1c-jpgrendition.jpg?im=whresize&wid=200&hei=200,,8420283,842-0283-2,Il n’en reste que 1 #842-0283-2,Liquidation◊Mieux notés,50.03,"7,49","14,99"
53,"Kitchener South, ON","Carreaux muraux autoadhésifs peler et coller pour cuisine et salle de bain Smart Tiles, Bellagio Nola","Carreaux muraux autoadhésifs peler et coller pour cuisine et salle de bain Smart Tiles, Bellagio Nola",19.93,"19,93 $",39.99,"Était±  39,99 $prix était 39,99 $",19.93,"19,93 $",19.93,"19,93 $",true,https://www.canadiantire.ca/fr/pdp/carreaux-muraux-autoadhesifs-peler-et-coller-pour-cuisine-et-salle-de-bain-smart-tiles-bellagio-nola-0702233p.html,https://www.canadiantire.ca/fr/pdp/carreaux-muraux-autoadhesifs-peler-et-coller-pour-cuisine-et-salle-de-bain-smart-tiles-bellagio-nola-0702233p.html,https://media-www.canadiantire.ca/product/fixing/paint/paints/0702233/smart-tiles-peel-stick-bellagio-nola-tiles-5e500e5a-aa52-4bcf-b184-7c14fb4d75f5-jpgrendition.jpg?im=whresize&wid=200&hei=200,https://media-www.canadiantire.ca/product/fixing/paint/paints/0702233/smart-tiles-peel-stick-bellagio-nola-tiles-5e500e5a-aa52-4bcf-b184-7c14fb4d75f5-jpgrendition.jpg?im=whresize&wid=200&hei=200,,0702233,070-2233-6,Il n’en reste que 1 #070-2233-6,Liquidation◊Mieux notés,50.16,"19,93","39,99"
53,"Kitchener South, ON","Câble de calibre 16/18 à 4 fils collés Hopkins Towing Solution, 25 pi","Câble de calibre 16/18 à 4 fils collés Hopkins Towing Solution, 25 pi",12.93,"12,93 $",28.99,"Était±  28,99 $prix était 28,99 $",12.93,"12,93 $",12.93,"12,93 $",true,https://www.canadiantire.ca/fr/pdp/cable-de-calibre-16-18-a-4-fils-colles-hopkins-towing-solution-25-pi-0409688p.html,https://www.canadiantire.ca/fr/pdp/cable-de-calibre-16-18-a-4-fils-colles-hopkins-towing-solution-25-pi-0409688p.html,https://media-www.canadiantire.ca/product/automotive/automotive-outdoor-adventure/auto-travel-storage/0409688/16-18-gauge-4-wire-bonded-25-feet--28069adb-8aeb-493a-b752-07c156b5dd49-jpgrendition.jpg?im=whresize&wid=200&hei=200,https://media-www.canadiantire.ca/product/automotive/automotive-outdoor-adventure/auto-travel-storage/0409688/16-18-gauge-4-wire-bonded-25-feet--28069adb-8aeb-493a-b752-07c156b5dd49-jpgrendition.jpg?im=whresize&wid=200&hei=200,,0409688,040-9688-4,Il n’en reste que 1 #040-9688-4,Liquidation◊Mieux notés,55.4,"12,93","28,99"
53,"Kitchener South, ON","Interrupteur à bascule triple Leviton 01755-712 Decora, aucune mise à la terre, 15 A, 120 V, blanc","Interrupteur à bascule triple Leviton 01755-712 Decora, aucune mise à la terre, 15 A, 120 V, blanc",13.93,"13,93 $",33.99,"Était±  33,99 $prix était 33,99 $",13.93,"13,93 $",13.93,"13,93 $",true,https://www.canadiantire.ca/fr/pdp/interrupteur-a-bascule-triple-leviton-01755-712-decora-aucune-mise-a-la-terre-15-a-120-v-blanc-0528245p.html,https://www.canadiantire.ca/fr/pdp/interrupteur-a-bascule-triple-leviton-01755-712-decora-aucune-mise-a-la-terre-15-a-120-v-blanc-0528245p.html,https://media-www.canadiantire.ca/product/fixing/electrical/rough-electrical/0528245/decorative-3-rocker-white-combination-switch-6a766c3b-5cdd-4e4c-a9a1-4578ca4791d7-jpgrendition.jpg?im=whresize&wid=200&hei=200,https://media-www.canadiantire.ca/product/fixing/electrical/rough-electrical/0528245/decorative-3-rocker-white-combination-switch-6a766c3b-5cdd-4e4c-a9a1-4578ca4791d7-jpgrendition.jpg?im=whresize&wid=200&hei=200,,0528245,052-8245-6,Il n’en reste que 2 #052-8245-6,Liquidation◊Mieux notés,59.02,"13,93","33,99"
53,"Kitchener South, ON","Disque abrasif 3M, 6 po","Disque abrasif 3M, 6 po",2.93,"2,93 $",5.99,"5,99 $Était   et+ prix était à partir de 5,99 $",2.93,"2,93 $",2.93,"2,93 $",true,https://www.canadiantire.ca/fr/pdp/disque-abrasif-3m-6-po-0475771p.html,https://www.canadiantire.ca/fr/pdp/disque-abrasif-3m-6-po-0475771p.html,https://media-www.canadiantire.ca/product/automotive/car-care-accessories/auto-body-repair/0475772/a-b-disc-6-med-p80-f840194c-a426-4895-b1d5-1fbd43afa48a.png?im=whresize&wid=200&hei=200,https://media-www.canadiantire.ca/product/automotive/car-care-accessories/auto-body-repair/0475772/a-b-disc-6-med-p80-f840194c-a426-4895-b1d5-1fbd43afa48a.png?im=whresize&wid=200&hei=200,,0475771,047-5763,Vérifiez la disponibilité#047-5763X,Liquidation◊Mieux notés,51.09,"2,93","5,99"
53,"Kitchener South, ON","Lampe de table à tête bombée CANVAS, 18 po, laiton/verre fumé","Lampe de table à tête bombée CANVAS, 18 po, laiton/verre fumé",29.93,"29,93 $",79.99,"Était±  79,99 $prix était 79,99 $",29.93,"29,93 $",29.93,"29,93 $",true,https://www.canadiantire.ca/fr/pdp/lampe-de-table-a-tete-bombee-canvas-18-po-laiton-verre-fume-0526165p.html,https://www.canadiantire.ca/fr/pdp/lampe-de-table-a-tete-bombee-canvas-18-po-laiton-verre-fume-0526165p.html,https://media-www.canadiantire.ca/product/living/home-decor/lighting/0526165/canvas-mushroom-table-lamp-brass-smoked-glass-b197344b-04fe-45a4-8cb2-0d33f0c8b34e-jpgrendition.jpg?im=whresize&wid=200&hei=200,https://media-www.canadiantire.ca/product/living/home-decor/lighting/0526165/canvas-mushroom-table-lamp-brass-smoked-glass-b197344b-04fe-45a4-8cb2-0d33f0c8b34e-jpgrendition.jpg?im=whresize&wid=200&hei=200,,0526165,052-6165-8,Il n’en reste que 1 #052-6165-8,Liquidation◊Mieux notés,62.58,"29,93","79,99"
53,"Kitchener South, ON","Pince assainisseur pour bouche d'aération Arm & Hammer, paq. 2","Pince assainisseur pour bouche d'aération Arm & Hammer, paq. 2",3.93,"3,93 $",8.79,"8,79 $Était   et+ prix était à partir de 8,79 $",3.93,"3,93 $",3.93,"3,93 $",true,https://www.canadiantire.ca/fr/pdp/pince-assainisseur-pour-bouche-d-aeration-arm-hammer-paq-2-0372838p.html,https://www.canadiantire.ca/fr/pdp/pince-assainisseur-pour-bouche-d-aeration-arm-hammer-paq-2-0372838p.html,https://media-www.canadiantire.ca/product/automotive/car-care-accessories/auto-accessories/0372838/arm-and-hammer-2-pack-vent-clip-new-car-4db83275-2388-450a-a50e-5006ab79178a-jpgrendition.jpg?im=whresize&wid=200&hei=200,https://media-www.canadiantire.ca/product/automotive/car-care-accessories/auto-accessories/0372838/arm-and-hammer-2-pack-vent-clip-new-car-4db83275-2388-450a-a50e-5006ab79178a-jpgrendition.jpg?im=whresize&wid=200&hei=200,,0372838,037-2838,Vérifiez la disponibilité#037-2838X,Liquidation◊,55.29,"3,93","8,79"
53,"Kitchener South, ON",Barre d'identification à DEL Optronics pour remorques larges,Barre d'identification à DEL Optronics pour remorques larges,16.93,"16,93 $",34.99,"Était±  34,99 $prix était 34,99 $",16.93,"16,93 $",16.93,"16,93 $",true,https://www.canadiantire.ca/fr/pdp/barre-d-identification-a-del-optronics-pour-remorques-larges-0203426p.html,https://www.canadiantire.ca/fr/pdp/barre-d-identification-a-del-optronics-pour-remorques-larges-0203426p.html,https://media-www.canadiantire.ca/product/automotive/automotive-outdoor-adventure/auto-travel-storage/0203426/led-id-bar-over-under-80-red-79947496-af18-4ecc-9282-f2c394271a26-jpgrendition.jpg?im=whresize&wid=200&hei=200,https://media-www.canadiantire.ca/product/automotive/automotive-outdoor-adventure/auto-travel-storage/0203426/led-id-bar-over-under-80-red-79947496-af18-4ecc-9282-f2c394271a26-jpgrendition.jpg?im=whresize&wid=200&hei=200,,0203426,020-3426-2,Il n’en reste que 3 #020-3426-2,Liquidation◊Mieux notés,51.61,"16,93","34,99"
53,"Kitchener South, ON","Support de poignet pour dames Tensor, main gauche","Support de poignet pour dames Tensor, main gauche",17.93,"17,93 $",37.99,"Était±  37,99 $prix était 37,99 $",17.93,"17,93 $",17.93,"17,93 $",true,https://www.canadiantire.ca/fr/pdp/support-de-poignet-pour-dames-tensor-main-gauche-0838858p.html,https://www.canadiantire.ca/fr/pdp/support-de-poignet-pour-dames-tensor-main-gauche-0838858p.html,https://media-www.canadiantire.ca/product/playing/hockey/hockey-accessories/0838858/tensor-womens-wrist-left-d287ede7-5114-4d68-b49c-5fbfbb3e01cd-jpgrendition.jpg?im=whresize&wid=200&hei=200,https://media-www.canadiantire.ca/product/playing/hockey/hockey-accessories/0838858/tensor-womens-wrist-left-d287ede7-5114-4d68-b49c-5fbfbb3e01cd-jpgrendition.jpg?im=whresize&wid=200&hei=200,,0838858,083-8858-4,Il n’en reste que 1 #083-8858-4,Liquidation◊Mieux notés,52.8,"17,93","37,99"
53,"Kitchener South, ON","Tampons de rechange pour vadrouille à vapeur Bissell Symphony, paq. 2","Tampons de rechange pour vadrouille à vapeur Bissell Symphony, paq. 2",17.93,"17,93 $",36.99,"Était±  36,99 $prix était 36,99 $",17.93,"17,93 $",17.93,"17,93 $",true,https://www.canadiantire.ca/fr/pdp/tampons-de-rechange-pour-vadrouille-a-vapeur-bissell-symphony-paq-2-0436955p.html,https://www.canadiantire.ca/fr/pdp/tampons-de-rechange-pour-vadrouille-a-vapeur-bissell-symphony-paq-2-0436955p.html,https://media-www.canadiantire.ca/product/living/cleaning/vacuums-and-floorcare/0436955/bissell-symphony-replacement-pads-0d4e473f-8b95-46fd-a564-6d55afcde7db-jpgrendition.jpg?im=whresize&wid=200&hei=200,https://media-www.canadiantire.ca/product/living/cleaning/vacuums-and-floorcare/0436955/bissell-symphony-replacement-pads-0d4e473f-8b95-46fd-a564-6d55afcde7db-jpgrendition.jpg?im=whresize&wid=200&hei=200,,0436955,043-6955-0,Il n’en reste que 2 #043-6955-0,Liquidation◊Mieux notés,51.53,"17,93","36,99"
53,"Kitchener South, ON","Assiettes à dîner jetables en papier hexagonales pour fête d'anniversaire, rose/rose doré, 9 po, paq. 8, pour anniversaire/enterrement de vie de jeune fille","Assiettes à dîner jetables en papier hexagonales pour fête d'anniversaire, rose/rose doré, 9 po, paq. 8, pour anniversaire/enterrement de vie de jeune fille",2.93,"2,93 $",5.99,"Était±  5,99 $prix était 5,99 $",2.93,"2,93 $",2.93,"2,93 $",true,https://www.canadiantire.ca/fr/pdp/assiettes-a-diner-jetables-en-papier-hexagonales-pour-fete-d-anniversaire-rose-rose-dore-9-po-paq-8-pour-anniversaire-enterrement-de-vie-de-jeune-fille-8537070p.html,https://www.canadiantire.ca/fr/pdp/assiettes-a-diner-jetables-en-papier-hexagonales-pour-fete-d-anniversaire-rose-rose-dore-9-po-paq-8-pour-anniversaire-enterrement-de-vie-de-jeune-fille-8537070p.html,https://media-www.partycity.ca/product/seasonal-gardening/party-city-everyday/party-city-party-supplies-decor/8537070/blush-birthday-9-hexagon-plate-metallic-af981b9a-c7e6-4864-a1ea-d0b49bc7bbf7-jpgrendition.jpg?im=whresize&wid=200&hei=200,https://media-www.partycity.ca/product/seasonal-gardening/party-city-everyday/party-city-party-supplies-decor/8537070/blush-birthday-9-hexagon-plate-metallic-af981b9a-c7e6-4864-a1ea-d0b49bc7bbf7-jpgrendition.jpg?im=whresize&wid=200&hei=200,,8537070,853-7070-0,Il n’en reste que 5 #853-7070-0,Liquidation◊,51.09,"2,93","5,99"
53,"Kitchener South, ON","Embouts de tournevis carrés Mastercraft en carbure, pour métal, plastique, maçonnerie, 1 po, paq. 5","Embouts de tournevis carrés Mastercraft en carbure, pour métal, plastique, maçonnerie, 1 po, paq. 5",2.93,"2,93 $",6.79,"6,79 $Était   et+ prix était à partir de 6,79 $",2.93,"2,93 $",2.93,"2,93 $",true,https://www.canadiantire.ca/fr/pdp/embouts-de-tournevis-carres-mastercraft-en-carbure-pour-metal-plastique-maconnerie-1-po-paq-5-0540780p.html,https://www.canadiantire.ca/fr/pdp/embouts-de-tournevis-carres-mastercraft-en-carbure-pour-metal-plastique-maconnerie-1-po-paq-5-0540780p.html,https://media-www.canadiantire.ca/product/fixing/tools/power-tool-accessories/0540780/mastercraft-1-sq1-screwdriver-bit-5-pk-6cedeaa0-c993-4a96-a958-428451203ace-jpgrendition.jpg?im=whresize&wid=200&hei=200,https://media-www.canadiantire.ca/product/fixing/tools/power-tool-accessories/0540780/mastercraft-1-sq1-screwdriver-bit-5-pk-6cedeaa0-c993-4a96-a958-428451203ace-jpgrendition.jpg?im=whresize&wid=200&hei=200,,0540780,054-0780,Vérifiez la disponibilité#054-0780X,Liquidation◊Mieux notés,56.85,"2,93","6,79"
53,"Kitchener South, ON","Ballon en aluminium satiné lettres attachées Celebrate, arc-en-ciel, 59 x 20 po, gonflé d'air, pour fiançailles/mariage/anniversaire","Ballon en aluminium satiné lettres attachées Celebrate, arc-en-ciel, 59 x 20 po, gonflé d'air, pour fiançailles/mariage/anniversaire",6.93,"6,93 $",13.99,"13,99 $Était   et+ prix était à partir de 13,99 $",6.93,"6,93 $",6.93,"6,93 $",true,https://www.canadiantire.ca/fr/pdp/ballon-en-aluminium-satine-lettres-attachees-celebrate-arc-en-ciel-59-x-20-po-gonfle-d-air-pour-fiancailles-mariage-anniversaire-8423834p.html,https://www.canadiantire.ca/fr/pdp/ballon-en-aluminium-satine-lettres-attachees-celebrate-arc-en-ciel-59-x-20-po-gonfle-d-air-pour-fiancailles-mariage-anniversaire-8423834p.html,https://media-www.partycity.ca/product/seasonal-gardening/party-city-everyday/party-city-party-supplies-decor/8423834/rnbw-splash-blln-block-celbrt-c721fccc-bb91-4106-9474-b5fb109a1347-jpgrendition.jpg?im=whresize&wid=200&hei=200,https://media-www.partycity.ca/product/seasonal-gardening/party-city-everyday/party-city-party-supplies-decor/8423834/rnbw-splash-blln-block-celbrt-c721fccc-bb91-4106-9474-b5fb109a1347-jpgrendition.jpg?im=whresize&wid=200&hei=200,,8423834,842-3834-4,Il n’en reste que 3 #842-3834-4,Liquidation◊,50.46,"6,93","13,99"
53,"Kitchener South, ON",Trousse de câblage pour connecteur métallique à 4 broches plates à 6 broches rondes Hopkins,Trousse de câblage pour connecteur métallique à 4 broches plates à 6 broches rondes Hopkins,6.93,"6,93 $",44.99,"Était±  44,99 $prix était 44,99 $",6.93,"6,93 $",6.93,"6,93 $",true,https://www.canadiantire.ca/fr/pdp/trousse-de-cablage-pour-connecteur-metallique-a-4-broches-plates-a-6-broches-rondes-hopkins-1407233p.html,https://www.canadiantire.ca/fr/pdp/trousse-de-cablage-pour-connecteur-metallique-a-4-broches-plates-a-6-broches-rondes-hopkins-1407233p.html,https://media-www.canadiantire.ca/product/automotive/automotive-outdoor-adventure/auto-travel-storage/1407233/hopkins-4-flat-to-6-round-wiring-kit-metal--aa93cdea-5675-459b-93bd-96d163c5de2a-jpgrendition.jpg?im=whresize&wid=200&hei=200,https://media-www.canadiantire.ca/product/automotive/automotive-outdoor-adventure/auto-travel-storage/1407233/hopkins-4-flat-to-6-round-wiring-kit-metal--aa93cdea-5675-459b-93bd-96d163c5de2a-jpgrendition.jpg?im=whresize&wid=200&hei=200,,1407233,140-7233-0,Il n’en reste que 2 #140-7233-0,Liquidation◊,84.6,"6,93","44,99"
53,"Kitchener South, ON","Décoration centre de table en fontaine personnalisable, argent et or","Décoration centre de table en fontaine personnalisable, argent et or",2.93,"2,93 $",7.99,"Était±  7,99 $prix était 7,99 $",2.93,"2,93 $",2.93,"2,93 $",true,https://www.canadiantire.ca/fr/pdp/decoration-centre-de-table-en-fontaine-personnalisable-argent-et-or-8420175p.html,https://www.canadiantire.ca/fr/pdp/decoration-centre-de-table-en-fontaine-personnalisable-argent-et-or-8420175p.html,https://media-www.partycity.ca/product/seasonal-gardening/party-city-everyday/party-city-party-supplies-decor/8420175/sparkling-celebration-happy-birthday-spray-centerpiece-kit-c2dd46cd-4fe2-4b65-9428-53bc3118eecd-jpgrendition.jpg?im=whresize&wid=200&hei=200,https://media-www.partycity.ca/product/seasonal-gardening/party-city-everyday/party-city-party-supplies-decor/8420175/sparkling-celebration-happy-birthday-spray-centerpiece-kit-c2dd46cd-4fe2-4b65-9428-53bc3118eecd-jpgrendition.jpg?im=whresize&wid=200&hei=200,,8420175,842-0175-0,Il n’en reste que 3 #842-0175-0,Liquidation◊Mieux notés,63.33,"2,93","7,99"
53,"Kitchener South, ON","Câble USB à USB-C Jensen, 6 pi","Câble USB à USB-C Jensen, 6 pi",5.93,"5,93 $",20.99,"Était±  20,99 $prix était 20,99 $",5.93,"5,93 $",5.93,"5,93 $",true,https://www.canadiantire.ca/fr/pdp/cable-usb-a-usb-c-jensen-6-pi-0452867p.html,https://www.canadiantire.ca/fr/pdp/cable-usb-a-usb-c-jensen-6-pi-0452867p.html,https://media-www.canadiantire.ca/product/living/electronics/home-entertainment-accessories/0452867/rca-6-usb-c-cable-ff4c0524-1b87-4a10-ad40-5923420bc719-jpgrendition.jpg?im=whresize&wid=200&hei=200,https://media-www.canadiantire.ca/product/living/electronics/home-entertainment-accessories/0452867/rca-6-usb-c-cable-ff4c0524-1b87-4a10-ad40-5923420bc719-jpgrendition.jpg?im=whresize&wid=200&hei=200,,0452867,045-2867-0,Il n’en reste que 2 #045-2867-0,Liquidation◊Mieux notés,71.75,"5,93","20,99"
53,"Kitchener South, ON","Sous-verre en plastique de l'équipe olympique canadienne pour amateurs et collectionneurs, paq. 4","Sous-verre en plastique de l'équipe olympique canadienne pour amateurs et collectionneurs, paq. 4",3.93,"3,93 $",8.99,"Était±  8,99 $prix était 8,99 $",3.93,"3,93 $",3.93,"3,93 $",true,https://www.canadiantire.ca/fr/pdp/sous-verre-en-plastique-de-l-equipe-olympique-canadienne-pour-amateurs-et-collectionneurs-paq-4-0845868p.html,https://www.canadiantire.ca/fr/pdp/sous-verre-en-plastique-de-l-equipe-olympique-canadienne-pour-amateurs-et-collectionneurs-paq-4-0845868p.html,https://media-www.canadiantire.ca/product/playing/team-sports-and-golf/sports-equipment-accessories/0845868/canadian-olympic-committee-coasters-a7f80628-d928-4733-9077-b947ac29b820-jpgrendition.jpg?im=whresize&wid=200&hei=200,https://media-www.canadiantire.ca/product/playing/team-sports-and-golf/sports-equipment-accessories/0845868/canadian-olympic-committee-coasters-a7f80628-d928-4733-9077-b947ac29b820-jpgrendition.jpg?im=whresize&wid=200&hei=200,,0845868,084-5868-6,Il n’en reste que 1 #084-5868-6,Liquidation◊Articles à succès,56.28,"3,93","8,99"
53,"Kitchener South, ON",Nappe de fête scintillante 60e anniversaire,Nappe de fête scintillante 60e anniversaire,2.49,"2,49 $",4.99,"Était±  4,99 $prix était 4,99 $",2.49,"2,49 $",2.49,"2,49 $",true,https://www.canadiantire.ca/fr/pdp/nappe-de-fete-scintillante-60e-anniversaire-8420500p.html,https://www.canadiantire.ca/fr/pdp/nappe-de-fete-scintillante-60e-anniversaire-8420500p.html,https://media-www.partycity.ca/product/seasonal-gardening/party-city-everyday/party-city-party-supplies-decor/8420500/54x102in-tc-sprkl-clbrtn-60-61653108-18b0-4c5f-8359-331653e4e5ef-jpgrendition.jpg?im=whresize&wid=200&hei=200,https://media-www.partycity.ca/product/seasonal-gardening/party-city-everyday/party-city-party-supplies-decor/8420500/54x102in-tc-sprkl-clbrtn-60-61653108-18b0-4c5f-8359-331653e4e5ef-jpgrendition.jpg?im=whresize&wid=200&hei=200,,8420500,842-0500-6,Il n’en reste que 3 #842-0500-6,Liquidation◊Mieux notés,50.1,"2,49","4,99"
53,"Kitchener South, ON","Clous de charpente enduits en rouleau Bostitch AC12DS, 15D, 3 1/4 po, paq. 4500","Clous de charpente enduits en rouleau Bostitch AC12DS, 15D, 3 1/4 po, paq. 4500",39.93,"39,93 $",80.99,"Était±  80,99 $prix était 80,99 $",39.93,"39,93 $",39.93,"39,93 $",true,https://www.canadiantire.ca/fr/pdp/clous-de-charpente-enduits-en-rouleau-bostitch-ac12ds-15d-3-1-4-po-paq-4500-0580063p.html,https://www.canadiantire.ca/fr/pdp/clous-de-charpente-enduits-en-rouleau-bostitch-ac12ds-15d-3-1-4-po-paq-4500-0580063p.html,https://media-www.canadiantire.ca/product/fixing/tools/air-tools-accessories/0580063/bostitch-3-1-4-coil-framing-nails-4500-pack-df27a4a0-5503-42f7-b29a-4205006891d7-jpgrendition.jpg?im=whresize&wid=200&hei=200,https://media-www.canadiantire.ca/product/fixing/tools/air-tools-accessories/0580063/bostitch-3-1-4-coil-framing-nails-4500-pack-df27a4a0-5503-42f7-b29a-4205006891d7-jpgrendition.jpg?im=whresize&wid=200&hei=200,,0580063,058-0063-4,Il n’en reste que 1 #058-0063-4,Liquidation◊,50.7,"39,93","80,99"
53,"Kitchener South, ON",Nappe en plastique Battle Royal,Nappe en plastique Battle Royal,0.93,"0,93 $",4.99,"Était±  4,99 $prix était 4,99 $",0.93,"0,93 $",0.93,"0,93 $",true,https://www.canadiantire.ca/fr/pdp/nappe-en-plastique-battle-royal-8546712p.html,https://www.canadiantire.ca/fr/pdp/nappe-en-plastique-battle-royal-8546712p.html,https://media-www.partycity.ca/product/seasonal-gardening/party-city-everyday/party-city-kids-birthday-pinatas/8546712/battle-royal-plastic-table-cover-2f9ac6ce-f518-4470-9429-205899697db2-jpgrendition.jpg?im=whresize&wid=200&hei=200,https://media-www.partycity.ca/product/seasonal-gardening/party-city-everyday/party-city-kids-birthday-pinatas/8546712/battle-royal-plastic-table-cover-2f9ac6ce-f518-4470-9429-205899697db2-jpgrendition.jpg?im=whresize&wid=200&hei=200,,8546712,854-6712-8,11 En Stock#854-6712-8,Liquidation◊,81.36,"0,93","4,99"
53,"Kitchener South, ON","Arbre à feuillage illuminé CANVAS, 21 po","Arbre à feuillage illuminé CANVAS, 21 po",8.49,"8,49 $",24.99,"Était±  24,99 $prix était 24,99 $",8.49,"8,49 $",8.49,"8,49 $",true,https://www.canadiantire.ca/fr/pdp/arbre-a-feuillage-illumine-canvas-21-po-1511086p.html,https://www.canadiantire.ca/fr/pdp/arbre-a-feuillage-illumine-canvas-21-po-1511086p.html,https://media-www.canadiantire.ca/product/party-city/party-city-seasonal/halloween-harvest/1511086/21a-light-up-foliage-tree-82577148-febe-4682-83b1-f333f6b235b6-jpgrendition.jpg?im=whresize&wid=200&hei=200,https://media-www.canadiantire.ca/product/party-city/party-city-seasonal/halloween-harvest/1511086/21a-light-up-foliage-tree-82577148-febe-4682-83b1-f333f6b235b6-jpgrendition.jpg?im=whresize&wid=200&hei=200,,1511086,151-1086-0,,Liquidation◊Exclusivité,66.03,"8,49","24,99"
53,"Kitchener South, ON",Spirale intelligente fluorescente à mémoire Flex+ Monster Illuminessence avec RGB Flow,Spirale intelligente fluorescente à mémoire Flex+ Monster Illuminessence avec RGB Flow,19.93,"19,93 $",49.99,"Était±  49,99 $prix était 49,99 $",19.93,"19,93 $",19.93,"19,93 $",true,https://www.canadiantire.ca/fr/pdp/spirale-intelligente-fluorescente-a-memoire-flex-monster-illuminessence-avec-rgb-flow-0522103p.html,https://www.canadiantire.ca/fr/pdp/spirale-intelligente-fluorescente-a-memoire-flex-monster-illuminessence-avec-rgb-flow-0522103p.html,https://media-www.canadiantire.ca/product/living/home-decor/lighting/0522103/monster-illuminessence-flex-smart-memory-wire-neon-57548940-0ac7-44e0-a482-3f03d7112715-jpgrendition.jpg?im=whresize&wid=200&hei=200,https://media-www.canadiantire.ca/product/living/home-decor/lighting/0522103/monster-illuminessence-flex-smart-memory-wire-neon-57548940-0ac7-44e0-a482-3f03d7112715-jpgrendition.jpg?im=whresize&wid=200&hei=200,,0522103,052-2103-0,Il n’en reste que 2 #052-2103-0,Liquidation◊Mieux notés,60.13,"19,93","49,99"
53,"Kitchener South, ON","Rail d'éclairage à 6 lampes NOMA Protino, nickel brossé/chrome","Rail d'éclairage à 6 lampes NOMA Protino, nickel brossé/chrome",69.93,"69,93 $",189.99,"Était±  189,99 $prix était 189,99 $",69.93,"69,93 $",69.93,"69,93 $",true,https://www.canadiantire.ca/fr/pdp/rail-d-eclairage-a-6-lampes-noma-protino-nickel-brosse-chrome-0527889p.html,https://www.canadiantire.ca/fr/pdp/rail-d-eclairage-a-6-lampes-noma-protino-nickel-brosse-chrome-0527889p.html,https://media-www.canadiantire.ca/product/living/home-decor/lighting/0527889/track-6-light-protino-8836ef79-f9ce-4ab5-a55c-e55bee1c8d93-jpgrendition.jpg?im=whresize&wid=200&hei=200,https://media-www.canadiantire.ca/product/living/home-decor/lighting/0527889/track-6-light-protino-8836ef79-f9ce-4ab5-a55c-e55bee1c8d93-jpgrendition.jpg?im=whresize&wid=200&hei=200,,0527889,052-7889-0,Il n’en reste que 1 #052-7889-0,Liquidation◊Mieux notés,63.19,"69,93","189,99"
53,"Kitchener South, ON","Prise double à boîtier étroit Leviton 0CR15-733 NEMA 5-15R, 15 A, 125 V, auto-mise à la terre, qualité commerciale, brun","Prise double à boîtier étroit Leviton 0CR15-733 NEMA 5-15R, 15 A, 125 V, auto-mise à la terre, qualité commerciale, brun",1.43,"1,43 $",3.99,"Était±  3,99 $prix était 3,99 $",1.43,"1,43 $",1.43,"1,43 $",true,https://www.canadiantire.ca/fr/pdp/prise-double-a-boitier-etroit-leviton-0cr15-733-nema-5-15r-15-a-125-v-auto-mise-a-la-terre-qualite-commerciale-brun-0527238p.html,https://www.canadiantire.ca/fr/pdp/prise-double-a-boitier-etroit-leviton-0cr15-733-nema-5-15r-15-a-125-v-auto-mise-a-la-terre-qualite-commerciale-brun-0527238p.html,https://media-www.canadiantire.ca/product/fixing/electrical/rough-electrical/0527238/receptacle-special-grade-brown-a4b3e50d-09fc-44ef-ab39-2d1b7dfd9b09-jpgrendition.jpg?im=whresize&wid=200&hei=200,https://media-www.canadiantire.ca/product/fixing/electrical/rough-electrical/0527238/receptacle-special-grade-brown-a4b3e50d-09fc-44ef-ab39-2d1b7dfd9b09-jpgrendition.jpg?im=whresize&wid=200&hei=200,,0527238,052-7238-0,Il n’en reste que 2 #052-7238-0,Liquidation◊Mieux notés,64.16,"1,43","3,99"
53,"Kitchener South, ON",Décoration de petits gâteaux pour fête d'anniversaire Battle Royal,Décoration de petits gâteaux pour fête d'anniversaire Battle Royal,0.93,"0,93 $",3.79,"Était±  3,79 $prix était 3,79 $",0.93,"0,93 $",0.93,"0,93 $",true,https://www.canadiantire.ca/fr/pdp/decoration-de-petits-gateaux-pour-fete-d-anniversaire-battle-royal-8435485p.html,https://www.canadiantire.ca/fr/pdp/decoration-de-petits-gateaux-pour-fete-d-anniversaire-battle-royal-8435485p.html,https://media-www.partycity.ca/product/seasonal-gardening/party-city-everyday/party-city-party-supplies-decor/8420171/paw-patrol-topper-kit-12-count-ce3dd773-dab9-490f-ae7e-38245c6e5389-jpgrendition.jpg?im=whresize&wid=200&hei=200,https://media-www.partycity.ca/product/seasonal-gardening/party-city-everyday/party-city-party-supplies-decor/8420171/paw-patrol-topper-kit-12-count-ce3dd773-dab9-490f-ae7e-38245c6e5389-jpgrendition.jpg?im=whresize&wid=200&hei=200,,8435485,843-5485-0,24 En Stock#843-5485-0,Liquidation◊,75.46,"0,93","3,79"
53,"Kitchener South, ON","Accessoire de laisse pour chien Petco, jacquard Reddy, noir","Accessoire de laisse pour chien Petco, jacquard Reddy, noir",9.93,"9,93 $",20.99,"Était±  20,99 $prix était 20,99 $",9.93,"9,93 $",9.93,"9,93 $",true,https://www.canadiantire.ca/fr/pdp/accessoire-de-laisse-pour-chien-petco-jacquard-reddy-noir-1426913p.html,https://www.canadiantire.ca/fr/pdp/accessoire-de-laisse-pour-chien-petco-jacquard-reddy-noir-1426913p.html,https://media-www.canadiantire.ca/product/living/pet-care/pet-accessories/1426913/reddy-black-jacquard-dog-leash-accessory-b0248e2f-b932-4747-a97f-a38a3d77a81e-jpgrendition.jpg?im=whresize&wid=200&hei=200,https://media-www.canadiantire.ca/product/living/pet-care/pet-accessories/1426913/reddy-black-jacquard-dog-leash-accessory-b0248e2f-b932-4747-a97f-a38a3d77a81e-jpgrendition.jpg?im=whresize&wid=200&hei=200,,1426913,142-6913-4,,Liquidation◊Mieux notés,52.69,"9,93","20,99"
53,"Kitchener South, ON","Lampe de tracteur/lumière/lampe utilitaire tout usage Blazer avec trousse d'installation, 4 x 6 po","Lampe de tracteur/lumière/lampe utilitaire tout usage Blazer avec trousse d'installation, 4 x 6 po",10.93,"10,93 $",24.99,"Était±  24,99 $prix était 24,99 $",10.93,"10,93 $",10.93,"10,93 $",true,https://www.canadiantire.ca/fr/pdp/lampe-de-tracteur-lumiere-lampe-utilitaire-tout-usage-blazer-avec-trousse-d-installation-4-x-6-po-0203957p.html,https://www.canadiantire.ca/fr/pdp/lampe-de-tracteur-lumiere-lampe-utilitaire-tout-usage-blazer-avec-trousse-d-installation-4-x-6-po-0203957p.html,https://media-www.canadiantire.ca/product/automotive/automotive-outdoor-adventure/auto-travel-storage/0203957/blazer-4x6-multi-purpose-tractor-light-f0c2be6b-546f-4e68-9e11-486419082adc-jpgrendition.jpg?im=whresize&wid=200&hei=200,https://media-www.canadiantire.ca/product/automotive/automotive-outdoor-adventure/auto-travel-storage/0203957/blazer-4x6-multi-purpose-tractor-light-f0c2be6b-546f-4e68-9e11-486419082adc-jpgrendition.jpg?im=whresize&wid=200&hei=200,,0203957,020-3957-8,Il n’en reste que 1 #020-3957-8,Liquidation◊,56.26,"10,93","24,99"
53,"Kitchener South, ON","Lame de scie circulaire diamantée DEWALT DW4714T, bord turbo segmenté, pour brique et béton, 7 po","Lame de scie circulaire diamantée DEWALT DW4714T, bord turbo segmenté, pour brique et béton, 7 po",29.93,"29,93 $",68.99,"Était±  68,99 $prix était 68,99 $",29.93,"29,93 $",29.93,"29,93 $",true,https://www.canadiantire.ca/fr/pdp/lame-de-scie-circulaire-diamantee-dewalt-dw4714t-bord-turbo-segmente-pour-brique-et-beton-7-po-0542578p.html,https://www.canadiantire.ca/fr/pdp/lame-de-scie-circulaire-diamantee-dewalt-dw4714t-bord-turbo-segmente-pour-brique-et-beton-7-po-0542578p.html,https://media-www.canadiantire.ca/product/fixing/tools/power-tool-accessories/0542578/dewalt-7-turbo-segmented-diamond-blade-26fa0184-74cc-428d-92dd-397586c5b539-jpgrendition.jpg?im=whresize&wid=200&hei=200,https://media-www.canadiantire.ca/product/fixing/tools/power-tool-accessories/0542578/dewalt-7-turbo-segmented-diamond-blade-26fa0184-74cc-428d-92dd-397586c5b539-jpgrendition.jpg?im=whresize&wid=200&hei=200,,0542578,054-2578-6,Il n’en reste que 2 #054-2578-6,Liquidation◊Mieux notés,56.62,"29,93","68,99"
53,"Kitchener South, ON","Décorations de table CANVAS avec feuillage floral d'automne, 15 po","Décorations de table CANVAS avec feuillage floral d'automne, 15 po",10.19,"10,19 $",29.99,"Était±  29,99 $prix était 29,99 $",10.19,"10,19 $",10.19,"10,19 $",true,https://www.canadiantire.ca/fr/pdp/decorations-de-table-canvas-avec-feuillage-floral-d-automne-15-po-8543541p.html,https://www.canadiantire.ca/fr/pdp/decorations-de-table-canvas-avec-feuillage-floral-d-automne-15-po-8543541p.html,https://media-www.canadiantire.ca/product/seasonal-gardening/seasonal/halloween-harvest/8543541/15inch-fall-foliage-tabletop-d-cor-assortment-f6f740f0-6e7d-48d4-b862-9525d53c3907-jpgrendition.jpg?im=whresize&wid=200&hei=200,https://media-www.canadiantire.ca/product/seasonal-gardening/seasonal/halloween-harvest/8543541/15inch-fall-foliage-tabletop-d-cor-assortment-f6f740f0-6e7d-48d4-b862-9525d53c3907-jpgrendition.jpg?im=whresize&wid=200&hei=200,,8543541,854-3541-2,,Liquidation◊Mieux notés,66.02,"10,19","29,99"
53,"Kitchener South, ON","Faisceau de commande de freins Reese, universel","Faisceau de commande de freins Reese, universel",3.93,"3,93 $",34.99,"Était±  34,99 $prix était 34,99 $",3.93,"3,93 $",3.93,"3,93 $",true,https://www.canadiantire.ca/fr/pdp/faisceau-de-commande-de-freins-reese-universel-0409853p.html,https://www.canadiantire.ca/fr/pdp/faisceau-de-commande-de-freins-reese-universel-0409853p.html,https://media-www.canadiantire.ca/product/automotive/automotive-outdoor-adventure/auto-travel-storage/0409853/brake-control-harnss-universal-7671794d-acb0-4979-8300-2bff37199368-jpgrendition.jpg?im=whresize&wid=200&hei=200,https://media-www.canadiantire.ca/product/automotive/automotive-outdoor-adventure/auto-travel-storage/0409853/brake-control-harnss-universal-7671794d-acb0-4979-8300-2bff37199368-jpgrendition.jpg?im=whresize&wid=200&hei=200,,0409853,040-9853-0,Il n’en reste que 2 #040-9853-0,Liquidation◊,88.77,"3,93","34,99"
53,"Kitchener South, ON","Panier tissé à la main CANVAS Heidi, tailles variées","Panier tissé à la main CANVAS Heidi, tailles variées",17.93,"17,93 $",37.99,"37,99 $Était   et+ prix était à partir de 37,99 $",17.93,"17,93 $",17.93,"17,93 $",true,https://www.canadiantire.ca/fr/pdp/panier-tisse-a-la-main-canvas-heidi-tailles-variees-1429053p.html,https://www.canadiantire.ca/fr/pdp/panier-tisse-a-la-main-canvas-heidi-tailles-variees-1429053p.html,https://media-www.canadiantire.ca/product/living/home-decor/decor-accents/1429054/canvas-heidi-round-basket-6df90366-1e0e-40a1-b410-f1ef4274cd41-jpgrendition.jpg?im=whresize&wid=200&hei=200,https://media-www.canadiantire.ca/product/living/home-decor/decor-accents/1429054/canvas-heidi-round-basket-6df90366-1e0e-40a1-b410-f1ef4274cd41-jpgrendition.jpg?im=whresize&wid=200&hei=200,,1429053,142-9053,Vérifiez la disponibilité#142-9053X,Liquidation◊Mieux notés,52.8,"17,93","37,99"
53,"Kitchener South, ON","Filtre élite pour réduction des allergènes 3M Filtrete, vie saine, MPR 2200, 20 x 25 x 1 po","Filtre élite pour réduction des allergènes 3M Filtrete, vie saine, MPR 2200, 20 x 25 x 1 po",12.93,"12,93 $",37.99,"Était±  37,99 $prix était 37,99 $",12.93,"12,93 $",12.93,"12,93 $",true,https://www.canadiantire.ca/fr/pdp/filtre-elite-pour-reduction-des-allergenes-3m-filtrete-vie-saine-mpr-2200-20-x-25-x-1-po-0643543p.html,https://www.canadiantire.ca/fr/pdp/filtre-elite-pour-reduction-des-allergenes-3m-filtrete-vie-saine-mpr-2200-20-x-25-x-1-po-0643543p.html,https://media-www.canadiantire.ca/product/fixing/home-environment/home-air-quality-accessories/0643543/20x25x1-3m-filtrete-elite-2200mpr-filter-3142ffb4-af1a-4724-9446-31ca912e1e6c-jpgrendition.jpg?im=whresize&wid=200&hei=200,https://media-www.canadiantire.ca/product/fixing/home-environment/home-air-quality-accessories/0643543/20x25x1-3m-filtrete-elite-2200mpr-filter-3142ffb4-af1a-4724-9446-31ca912e1e6c-jpgrendition.jpg?im=whresize&wid=200&hei=200,,0643543,064-3543-8,,Liquidation◊Mieux notés,65.96,"12,93","37,99"
53,"Kitchener South, ON","Serviettes à boissons Ballons de célébration d'anniversaire, paq. 125","Serviettes à boissons Ballons de célébration d'anniversaire, paq. 125",4.93,"4,93 $",12.99,"Était±  12,99 $prix était 12,99 $",4.93,"4,93 $",4.93,"4,93 $",true,https://www.canadiantire.ca/fr/pdp/serviettes-a-boissons-ballons-de-celebration-d-anniversaire-paq-125-8420559p.html,https://www.canadiantire.ca/fr/pdp/serviettes-a-boissons-ballons-de-celebration-d-anniversaire-paq-125-8420559p.html,https://media-www.canadiantire.ca/product/seasonal-gardening/party-city-everyday/party-city-party-supplies-decor/8420559/bn-bpp-bday-clbrtn-622913fc-add9-4eef-b12a-bdfc94db8dd4-jpgrendition.jpg?im=whresize&wid=200&hei=200,https://media-www.canadiantire.ca/product/seasonal-gardening/party-city-everyday/party-city-party-supplies-decor/8420559/bn-bpp-bday-clbrtn-622913fc-add9-4eef-b12a-bdfc94db8dd4-jpgrendition.jpg?im=whresize&wid=200&hei=200,,8420559,842-0559-8,Il n’en reste que 3 #842-0559-8,Liquidation◊Mieux notés,62.05,"4,93","12,99"
53,"Kitchener South, ON","Sacs ramasse-poussière en papier Mastervac pour aspirateurs d'atelier secs/humides Mastervac, 15 L, paq. 3","Sacs ramasse-poussière en papier Mastervac pour aspirateurs d'atelier secs/humides Mastervac, 15 L, paq. 3",7.93,"7,93 $",19.99,"Était±  19,99 $prix était 19,99 $",7.93,"7,93 $",7.93,"7,93 $",true,https://www.canadiantire.ca/fr/pdp/sacs-ramasse-poussiere-en-papier-mastervac-pour-aspirateurs-d-atelier-secs-humides-mastervac-15-l-paq-3-0540285p.html,https://www.canadiantire.ca/fr/pdp/sacs-ramasse-poussiere-en-papier-mastervac-pour-aspirateurs-d-atelier-secs-humides-mastervac-15-l-paq-3-0540285p.html,https://media-www.canadiantire.ca/product/fixing/tools/wet-dry-vacuums/0540285/mastervac-15l-collection-bags-c9015a3c-883d-46f8-8d65-3444f6a02011-jpgrendition.jpg?im=whresize&wid=200&hei=200,https://media-www.canadiantire.ca/product/fixing/tools/wet-dry-vacuums/0540285/mastervac-15l-collection-bags-c9015a3c-883d-46f8-8d65-3444f6a02011-jpgrendition.jpg?im=whresize&wid=200&hei=200,,0540285,054-0285-4,Il n’en reste que 3 #054-0285-4,Liquidation◊Mieux notés,60.33,"7,93","19,99"
53,"Kitchener South, ON","Laisse réfléchissante pour chiens Petco, 5 pi, noir/orange","Laisse réfléchissante pour chiens Petco, 5 pi, noir/orange",14.92,"14,92 $",29.99,"Était±  29,99 $prix était 29,99 $",14.92,"14,92 $",14.92,"14,92 $",true,https://www.canadiantire.ca/fr/pdp/laisse-reflechissante-pour-chiens-petco-5-pi-noir-orange-1427533p.html,https://www.canadiantire.ca/fr/pdp/laisse-reflechissante-pour-chiens-petco-5-pi-noir-orange-1427533p.html,https://media-www.canadiantire.ca/product/living/pet-care/pet-accessories/1427533/petco-5-16-blck-orng-reflective-dog-leash-5-ft-5243effe-7a35-4936-81d1-62d6531014fb-jpgrendition.jpg?im=whresize&wid=200&hei=200,https://media-www.canadiantire.ca/product/living/pet-care/pet-accessories/1427533/petco-5-16-blck-orng-reflective-dog-leash-5-ft-5243effe-7a35-4936-81d1-62d6531014fb-jpgrendition.jpg?im=whresize&wid=200&hei=200,,1427533,142-7533-2,Il n’en reste que 2 #142-7533-2,Liquidation◊Exclusivité,50.25,"14,92","29,99"
53,"Kitchener South, ON","Appliques murales d'extérieur à 1 lumière NOMA, noir mat, paq. 2","Appliques murales d'extérieur à 1 lumière NOMA, noir mat, paq. 2",29.93,"29,93 $",74.99,"Était±  74,99 $prix était 74,99 $",29.93,"29,93 $",29.93,"29,93 $",true,https://www.canadiantire.ca/fr/pdp/appliques-murales-d-exterieur-a-1-lumiere-noma-noir-mat-paq-2-0526122p.html,https://www.canadiantire.ca/fr/pdp/appliques-murales-d-exterieur-a-1-lumiere-noma-noir-mat-paq-2-0526122p.html,https://media-www.canadiantire.ca/product/living/home-decor/lighting/0526122/noma-winston-outdoor-down-light-set-6653e970-f180-4fa0-9f17-f6abf29af4bf-jpgrendition.jpg?im=whresize&wid=200&hei=200,https://media-www.canadiantire.ca/product/living/home-decor/lighting/0526122/noma-winston-outdoor-down-light-set-6653e970-f180-4fa0-9f17-f6abf29af4bf-jpgrendition.jpg?im=whresize&wid=200&hei=200,,0526122,052-6122-0,Il n’en reste que 1 #052-6122-0,Liquidation◊Mieux notés,60.09,"29,93","74,99"
53,"Kitchener South, ON","Bâton de gardien de but en bois Sherwood GS150 avec lame/palette à âme en mousse, junior, gaucher","Bâton de gardien de but en bois Sherwood GS150 avec lame/palette à âme en mousse, junior, gaucher",47.93,"47,93 $",99.99,"Était±  99,99 $prix était 99,99 $",47.93,"47,93 $",47.93,"47,93 $",true,https://www.canadiantire.ca/fr/pdp/baton-de-gardien-de-but-en-bois-sherwood-gs150-avec-lame-palette-a-ame-en-mousse-junior-gaucher-0836655p.html,https://www.canadiantire.ca/fr/pdp/baton-de-gardien-de-but-en-bois-sherwood-gs150-avec-lame-palette-a-ame-en-mousse-junior-gaucher-0836655p.html,https://media-www.canadiantire.ca/product/playing/hockey/hockey-sticks/0836655/sherwood-900-goalie-stick-junior-left-d765addd-b84c-4094-b03d-0d8c9be99731-jpgrendition.jpg?im=whresize&wid=200&hei=200,https://media-www.canadiantire.ca/product/playing/hockey/hockey-sticks/0836655/sherwood-900-goalie-stick-junior-left-d765addd-b84c-4094-b03d-0d8c9be99731-jpgrendition.jpg?im=whresize&wid=200&hei=200,,0836655,083-6655-8,Il n’en reste que 1 #083-6655-8,Liquidation◊Mieux notés,52.07,"47,93","99,99"
53,"Kitchener South, ON","Coupe-boulons Fiskars PowerGear, capacité de coupe de 5/16 po à 3/16 po, 14 po","Coupe-boulons Fiskars PowerGear, capacité de coupe de 5/16 po à 3/16 po, 14 po",34.93,"34,93 $",69.99,"Était±  69,99 $prix était 69,99 $",34.93,"34,93 $",34.93,"34,93 $",true,https://www.canadiantire.ca/fr/pdp/coupe-boulons-fiskars-powergear-capacite-de-coupe-de-5-16-po-a-3-16-po-14-po-0580397p.html,https://www.canadiantire.ca/fr/pdp/coupe-boulons-fiskars-powergear-capacite-de-coupe-de-5-16-po-a-3-16-po-14-po-0580397p.html,https://media-www.canadiantire.ca/product/fixing/tools/metal-working/0580397/fiskars-14-bolt-cutter-2eac33b1-c44f-4484-961e-9cc2a7e60cd1-jpgrendition.jpg?im=whresize&wid=200&hei=200,https://media-www.canadiantire.ca/product/fixing/tools/metal-working/0580397/fiskars-14-bolt-cutter-2eac33b1-c44f-4484-961e-9cc2a7e60cd1-jpgrendition.jpg?im=whresize&wid=200&hei=200,,0580397,058-0397-0,Il n’en reste que 1 #058-0397-0,Liquidation◊Exclusivité,50.09,"34,93","69,99"
53,"Kitchener South, ON","Gaine annelée Hopkins classe I, 3/8 po x 10 pi","Gaine annelée Hopkins classe I, 3/8 po x 10 pi",4.93,"4,93 $",10.99,"Était±  10,99 $prix était 10,99 $",4.93,"4,93 $",4.93,"4,93 $",true,https://www.canadiantire.ca/fr/pdp/gaine-annelee-hopkins-classe-i-3-8-po-x-10-pi-1407236p.html,https://www.canadiantire.ca/fr/pdp/gaine-annelee-hopkins-classe-i-3-8-po-x-10-pi-1407236p.html,https://media-www.canadiantire.ca/product/automotive/automotive-outdoor-adventure/auto-travel-storage/1407236/hopkins-3-8-in-convoluted-tubing-10-ft-8fcb6ea4-330e-45ee-bcde-397180686fee-jpgrendition.jpg?im=whresize&wid=200&hei=200,https://media-www.canadiantire.ca/product/automotive/automotive-outdoor-adventure/auto-travel-storage/1407236/hopkins-3-8-in-convoluted-tubing-10-ft-8fcb6ea4-330e-45ee-bcde-397180686fee-jpgrendition.jpg?im=whresize&wid=200&hei=200,,1407236,140-7236-4,Il n’en reste que 3 #140-7236-4,Liquidation◊Mieux notés,55.14,"4,93","10,99"
53,"Kitchener South, ON","Tambour de ponçage et bande abrasive grains de 60 avec tige pour outil rotatif Dremel 430, 1/4 po","Tambour de ponçage et bande abrasive grains de 60 avec tige pour outil rotatif Dremel 430, 1/4 po",4.93,"4,93 $",10.99,"Était±  10,99 $prix était 10,99 $",4.93,"4,93 $",4.93,"4,93 $",true,https://www.canadiantire.ca/fr/pdp/tambour-de-poncage-et-bande-abrasive-grains-de-60-avec-tige-pour-outil-rotatif-dremel-430-1-4-po-0544656p.html,https://www.canadiantire.ca/fr/pdp/tambour-de-poncage-et-bande-abrasive-grains-de-60-avec-tige-pour-outil-rotatif-dremel-430-1-4-po-0544656p.html,https://media-www.canadiantire.ca/product/fixing/tools/portable-power-tools/0544656/dremel-drum-w-band-430-8a5e785c-27d5-43dd-8cfd-60443943839a-jpgrendition.jpg?im=whresize&wid=200&hei=200,https://media-www.canadiantire.ca/product/fixing/tools/portable-power-tools/0544656/dremel-drum-w-band-430-8a5e785c-27d5-43dd-8cfd-60443943839a-jpgrendition.jpg?im=whresize&wid=200&hei=200,,0544656,054-4656-8,Il n’en reste que 2 #054-4656-8,Liquidation◊Mieux notés,55.14,"4,93","10,99"
53,"Kitchener South, ON",Filtre de rechange pour aspirateur Hoover ONEPWR Evolve,Filtre de rechange pour aspirateur Hoover ONEPWR Evolve,4.93,"4,93 $",21.99,"Était±  21,99 $prix était 21,99 $",4.93,"4,93 $",4.93,"4,93 $",true,https://www.canadiantire.ca/fr/pdp/filtre-de-rechange-pour-aspirateur-hoover-onepwr-evolve-0439450p.html,https://www.canadiantire.ca/fr/pdp/filtre-de-rechange-pour-aspirateur-hoover-onepwr-evolve-0439450p.html,https://media-www.canadiantire.ca/product/living/cleaning/vacuums-and-floorcare/0439450/hoover-onepwr-evolve-vacuum-filter-20d9da65-2fc3-4540-ac74-50d717d43b28-jpgrendition.jpg?im=whresize&wid=200&hei=200,https://media-www.canadiantire.ca/product/living/cleaning/vacuums-and-floorcare/0439450/hoover-onepwr-evolve-vacuum-filter-20d9da65-2fc3-4540-ac74-50d717d43b28-jpgrendition.jpg?im=whresize&wid=200&hei=200,,0439450,043-9450-2,Il n’en reste que 2 #043-9450-2,Liquidation◊Mieux notés,77.58,"4,93","21,99"
53,"Kitchener South, ON","Ballons en latex ronds célébration étincelante 50 Happy Birthday, noir/or/argent, à pois, 12 po, paq. 15, pour fête d'anniversaire","Ballons en latex ronds célébration étincelante 50 Happy Birthday, noir/or/argent, à pois, 12 po, paq. 15, pour fête d'anniversaire",2.99,"2,99 $",5.99,"5,99 $Était   et+ prix était à partir de 5,99 $",2.99,"2,99 $",2.99,"2,99 $",true,https://www.canadiantire.ca/fr/pdp/ballons-en-latex-ronds-celebration-etincelante-50-happy-birthday-noir-or-argent-a-pois-12-po-paq-15-pour-fete-d-anniversaire-8420179p.html,https://www.canadiantire.ca/fr/pdp/ballons-en-latex-ronds-celebration-etincelante-50-happy-birthday-noir-or-argent-a-pois-12-po-paq-15-pour-fete-d-anniversaire-8420179p.html,https://media-www.partycity.ca/product/seasonal-gardening/party-city-everyday/party-city-party-supplies-decor/8420179/50th-birthday-balloons-15ct-sparkling-celebration-1f158f40-ebbc-4afc-9504-6abbb9a45eae-jpgrendition.jpg?im=whresize&wid=200&hei=200,https://media-www.partycity.ca/product/seasonal-gardening/party-city-everyday/party-city-party-supplies-decor/8420179/50th-birthday-balloons-15ct-sparkling-celebration-1f158f40-ebbc-4afc-9504-6abbb9a45eae-jpgrendition.jpg?im=whresize&wid=200&hei=200,,8420179,842-0179-2,Il n’en reste que 2 #842-0179-2,Liquidation◊,50.08,"2,99","5,99"
53,"Kitchener South, ON","Roue et jante en alliage RSSW Diamond, noir lustré","Roue et jante en alliage RSSW Diamond, noir lustré",108.45,"108,45 $",222.99,"222,99 $chaqueÉtait   et+ prix était à partir de 222,99 $",108.45,"108,45 $",108.45,"108,45 $",true,https://www.canadiantire.ca/fr/pdp/roue-et-jante-en-alliage-rssw-diamond-noir-lustre-2417903p.html,https://www.canadiantire.ca/fr/pdp/roue-et-jante-en-alliage-rssw-diamond-noir-lustre-2417903p.html,https://media-www.canadiantire.ca/product/automotive/tires/wheels-and-accessories/2417903/rssw-diamond-gloss-black-17x8-5-112-33-66-6-231f041d-c289-4d50-afe8-41fc6930b1a4-jpgrendition.jpg?im=whresize&wid=200&hei=200,https://media-www.canadiantire.ca/product/automotive/tires/wheels-and-accessories/2417903/rssw-diamond-gloss-black-17x8-5-112-33-66-6-231f041d-c289-4d50-afe8-41fc6930b1a4-jpgrendition.jpg?im=whresize&wid=200&hei=200,,2417903,241-7903,Vérifiez la disponibilité#241-7903X,Liquidation◊,51.37,"108,45","222,99"
53,"Kitchener South, ON","Roue en alliage RSSW Rival, noir lustré","Roue en alliage RSSW Rival, noir lustré",88.73,"88,73 $chaque",260.99,"Était±  260,99 $chaqueprix était 260,99 $",88.73,"88,73 $chaque",88.73,"88,73 $chaque",true,https://www.canadiantire.ca/fr/pdp/roue-en-alliage-rssw-rival-noir-lustre-1411389p.html,https://www.canadiantire.ca/fr/pdp/roue-en-alliage-rssw-rival-noir-lustre-1411389p.html,https://media-www.canadiantire.ca/product/automotive/tires/wheels-and-accessories/1411389/rssw-rival-gloss-black-18x7-5-5-114-3-38-67-1-b52d4003-79f9-478e-b055-9faae1139562-jpgrendition.jpg?im=whresize&wid=200&hei=200,https://media-www.canadiantire.ca/product/automotive/tires/wheels-and-accessories/1411389/rssw-rival-gloss-black-18x7-5-5-114-3-38-67-1-b52d4003-79f9-478e-b055-9faae1139562-jpgrendition.jpg?im=whresize&wid=200&hei=200,,1411389,141-1389-4,Il n’en reste que 1 #141-1389-4,Liquidation◊Exclusivité,66,"88,73","260,99"
53,"Kitchener South, ON","Sacs à surprises en papier kraft d'anniversaire, Battle Royal, paq. 8","Sacs à surprises en papier kraft d'anniversaire, Battle Royal, paq. 8",1.93,"1,93 $",8.99,"Était±  8,99 $prix était 8,99 $",1.93,"1,93 $",1.93,"1,93 $",true,https://www.canadiantire.ca/fr/pdp/sacs-a-surprises-en-papier-kraft-d-anniversaire-battle-royal-paq-8-8421649p.html,https://www.canadiantire.ca/fr/pdp/sacs-a-surprises-en-papier-kraft-d-anniversaire-battle-royal-paq-8-8421649p.html,https://media-www.partycity.ca/product/seasonal-gardening/party-city-everyday/party-city-party-supplies-decor/8421649/8ct-kraft-bag-battle-royal-33b4a76a-f6b6-4f7b-bd85-ffdb7028bfcb-jpgrendition.jpg?im=whresize&wid=200&hei=200,https://media-www.partycity.ca/product/seasonal-gardening/party-city-everyday/party-city-party-supplies-decor/8421649/8ct-kraft-bag-battle-royal-33b4a76a-f6b6-4f7b-bd85-ffdb7028bfcb-jpgrendition.jpg?im=whresize&wid=200&hei=200,,8421649,842-1649-8,39 En Stock#842-1649-8,Liquidation◊,78.53,"1,93","8,99"
53,"Kitchener South, ON","Bloc de bois forgé avec couteaux à trois rivets forgés classiques KitchenAid avec affûteur intégré, pistache, 14 pièces","Bloc de bois forgé avec couteaux à trois rivets forgés classiques KitchenAid avec affûteur intégré, pistache, 14 pièces",79.93,"79,93 $",199.99,"Était±  199,99 $prix était 199,99 $",79.93,"79,93 $",79.93,"79,93 $",true,https://www.canadiantire.ca/fr/pdp/bloc-de-bois-forge-avec-couteaux-a-trois-rivets-forges-classiques-kitchenaid-avec-affuteur-integre-pistache-14-pieces-1426741p.html,https://www.canadiantire.ca/fr/pdp/bloc-de-bois-forge-avec-couteaux-a-trois-rivets-forges-classiques-kitchenaid-avec-affuteur-integre-pistache-14-pieces-1426741p.html,undefined,undefined,,1426741,142-6741-2,,Liquidation◊,60.03,"79,93","199,99"
53,"Kitchener South, ON","Interrupteur à bascule CA Leviton01453-M22 à 3-voies, 15 A, 120 V, aucune mise à la terre, blanc, paq. 6","Interrupteur à bascule CA Leviton01453-M22 à 3-voies, 15 A, 120 V, aucune mise à la terre, blanc, paq. 6",4.93,"4,93 $",11.99,"Était±  11,99 $prix était 11,99 $",4.93,"4,93 $",4.93,"4,93 $",true,https://www.canadiantire.ca/fr/pdp/interrupteur-a-bascule-ca-leviton01453-m22-a-3-voies-15-a-120-v-aucune-mise-a-la-terre-blanc-paq-6-0526709p.html,https://www.canadiantire.ca/fr/pdp/interrupteur-a-bascule-ca-leviton01453-m22-a-3-voies-15-a-120-v-aucune-mise-a-la-terre-blanc-paq-6-0526709p.html,https://media-www.canadiantire.ca/product/fixing/electrical/rough-electrical/0526709/3-way-toggle-switch-15-a-120v-white-6-pack-39745660-92d5-431e-bec1-d4388274b114-jpgrendition.jpg?im=whresize&wid=200&hei=200,https://media-www.canadiantire.ca/product/fixing/electrical/rough-electrical/0526709/3-way-toggle-switch-15-a-120v-white-6-pack-39745660-92d5-431e-bec1-d4388274b114-jpgrendition.jpg?im=whresize&wid=200&hei=200,,0526709,052-6709-6,Il n’en reste que 5 #052-6709-6,Liquidation◊Mieux notés,58.88,"4,93","11,99"
53,"Kitchener South, ON","Régulateur de pression de compresseur d'air Mastercraft, 3/8 po NPT","Régulateur de pression de compresseur d'air Mastercraft, 3/8 po NPT",19.93,"19,93 $",39.99,"Était±  39,99 $prix était 39,99 $",19.93,"19,93 $",19.93,"19,93 $",true,https://www.canadiantire.ca/fr/pdp/regulateur-de-pression-de-compresseur-d-air-mastercraft-3-8-po-npt-0587979p.html,https://www.canadiantire.ca/fr/pdp/regulateur-de-pression-de-compresseur-d-air-mastercraft-3-8-po-npt-0587979p.html,https://media-www.canadiantire.ca/product/fixing/tools/air-tools-accessories/0587979/mastercraft-3-8-inch-air-pressure-regulator-7709136c-538f-4e1e-88d0-d972912ee1fb-jpgrendition.jpg?im=whresize&wid=200&hei=200,https://media-www.canadiantire.ca/product/fixing/tools/air-tools-accessories/0587979/mastercraft-3-8-inch-air-pressure-regulator-7709136c-538f-4e1e-88d0-d972912ee1fb-jpgrendition.jpg?im=whresize&wid=200&hei=200,,0587979,058-7979-4,Il n’en reste que 3 #058-7979-4,Liquidation◊Exclusivité,50.16,"19,93","39,99"
53,"Kitchener South, ON","Trousse de connexion de batterie de radiateurs Remington, Black & Decker/Porter Cable","Trousse de connexion de batterie de radiateurs Remington, Black & Decker/Porter Cable",8.93,"8,93 $",37.99,"Était±  37,99 $prix était 37,99 $",8.93,"8,93 $",8.93,"8,93 $",true,https://www.canadiantire.ca/fr/pdp/trousse-de-connexion-de-batterie-de-radiateurs-remington-black-decker-porter-cable-0766329p.html,https://www.canadiantire.ca/fr/pdp/trousse-de-connexion-de-batterie-de-radiateurs-remington-black-decker-porter-cable-0766329p.html,https://media-www.canadiantire.ca/product/playing/camping/camping-living/0766329/battery-connection-kit-black-decker-and-porter-cable-42bdabad-dc30-47c2-9191-9443e7f3077a-jpgrendition.jpg?im=whresize&wid=200&hei=200,https://media-www.canadiantire.ca/product/playing/camping/camping-living/0766329/battery-connection-kit-black-decker-and-porter-cable-42bdabad-dc30-47c2-9191-9443e7f3077a-jpgrendition.jpg?im=whresize&wid=200&hei=200,,0766329,076-6329-4,Il n’en reste que 4 #076-6329-4,Liquidation◊Exclusivité,76.49,"8,93","37,99"
53,"Kitchener South, ON",Connecteur de remorque rond à 4 pôles Hopkins,Connecteur de remorque rond à 4 pôles Hopkins,4.93,"4,93 $",25.99,"Était±  25,99 $prix était 25,99 $",4.93,"4,93 $",4.93,"4,93 $",true,https://www.canadiantire.ca/fr/pdp/connecteur-de-remorque-rond-a-4-poles-hopkins-1407221p.html,https://www.canadiantire.ca/fr/pdp/connecteur-de-remorque-rond-a-4-poles-hopkins-1407221p.html,https://media-www.canadiantire.ca/product/automotive/automotive-outdoor-adventure/auto-travel-storage/1407221/hopkins-4-round-set-trailer-wiring-77a1e197-e206-4232-9176-a19d1fa566cd-jpgrendition.jpg?im=whresize&wid=200&hei=200,https://media-www.canadiantire.ca/product/automotive/automotive-outdoor-adventure/auto-travel-storage/1407221/hopkins-4-round-set-trailer-wiring-77a1e197-e206-4232-9176-a19d1fa566cd-jpgrendition.jpg?im=whresize&wid=200&hei=200,,1407221,140-7221-8,Il n’en reste que 2 #140-7221-8,Liquidation◊,81.03,"4,93","25,99"
53,"Kitchener South, ON","Plaque d’interrupteur à bascule double Atron Electro Industries 2163RBR, 2 dispositifs, bronze","Plaque d’interrupteur à bascule double Atron Electro Industries 2163RBR, 2 dispositifs, bronze",2.93,"2,93 $",5.99,"Était±  5,99 $prix était 5,99 $",2.93,"2,93 $",2.93,"2,93 $",true,https://www.canadiantire.ca/fr/pdp/plaque-d-interrupteur-a-bascule-double-atron-electro-industries-2163rbr-2-dispositifs-bronze-0522734p.html,https://www.canadiantire.ca/fr/pdp/plaque-d-interrupteur-a-bascule-double-atron-electro-industries-2163rbr-2-dispositifs-bronze-0522734p.html,https://media-www.canadiantire.ca/product/fixing/electrical/rough-electrical/0522734/traditional-brass-double-toggle-e6bf7054-1839-4fba-ac14-90ed9f6a3d8f-jpgrendition.jpg?im=whresize&wid=200&hei=200,https://media-www.canadiantire.ca/product/fixing/electrical/rough-electrical/0522734/traditional-brass-double-toggle-e6bf7054-1839-4fba-ac14-90ed9f6a3d8f-jpgrendition.jpg?im=whresize&wid=200&hei=200,,0522734,052-2734-8,8 En Stock#052-2734-8,Liquidation◊,51.09,"2,93","5,99"
53,"Kitchener South, ON","Plaque murale pour interrupteur à bascule en nylon Leviton PJ262-748 Decora, taille intermédiaire, 2 dispositifs, gris","Plaque murale pour interrupteur à bascule en nylon Leviton PJ262-748 Decora, taille intermédiaire, 2 dispositifs, gris",1.43,"1,43 $",3.99,"Était±  3,99 $prix était 3,99 $",1.43,"1,43 $",1.43,"1,43 $",true,https://www.canadiantire.ca/fr/pdp/plaque-murale-pour-interrupteur-a-bascule-en-nylon-leviton-pj262-748-decora-taille-intermediaire-2-dispositifs-gris-0523444p.html,https://www.canadiantire.ca/fr/pdp/plaque-murale-pour-interrupteur-a-bascule-en-nylon-leviton-pj262-748-decora-taille-intermediaire-2-dispositifs-gris-0523444p.html,https://media-www.canadiantire.ca/product/fixing/electrical/rough-electrical/0523444/decora-wallplate-2-gang-grey-midway-size-64cdd973-2450-4a32-885e-78474587a602-jpgrendition.jpg?im=whresize&wid=200&hei=200,https://media-www.canadiantire.ca/product/fixing/electrical/rough-electrical/0523444/decora-wallplate-2-gang-grey-midway-size-64cdd973-2450-4a32-885e-78474587a602-jpgrendition.jpg?im=whresize&wid=200&hei=200,,0523444,052-3444-2,Il n’en reste que 1 #052-3444-2,Liquidation◊,64.16,"1,43","3,99"
53,"Kitchener South, ON","Guirlande de blé et de feuilles d'automne CANVAS, orange/brun, 6 pi, décoration intérieure pour l'automne","Guirlande de blé et de feuilles d'automne CANVAS, orange/brun, 6 pi, décoration intérieure pour l'automne",11.89,"11,89 $",34.99,"Était±  34,99 $prix était 34,99 $",11.89,"11,89 $",11.89,"11,89 $",true,https://www.canadiantire.ca/fr/pdp/guirlande-de-ble-et-de-feuilles-d-automne-canvas-orange-brun-6-pi-decoration-interieure-pour-l-automne-1518443p.html,https://www.canadiantire.ca/fr/pdp/guirlande-de-ble-et-de-feuilles-d-automne-canvas-orange-brun-6-pi-decoration-interieure-pour-l-automne-1518443p.html,https://media-www.canadiantire.ca/product/seasonal-gardening/seasonal/halloween-harvest/1518443/6ft-colour-wheat-garland-a2d5d9d9-509c-4f3a-95f4-bb665e615851-jpgrendition.jpg?im=whresize&wid=200&hei=200,https://media-www.canadiantire.ca/product/seasonal-gardening/seasonal/halloween-harvest/1518443/6ft-colour-wheat-garland-a2d5d9d9-509c-4f3a-95f4-bb665e615851-jpgrendition.jpg?im=whresize&wid=200&hei=200,,1518443,151-8443-8,,Liquidation◊Mieux notés,66.02,"11,89","34,99"
53,"Kitchener South, ON","Traverse de lampe Atron Electro Industries LA946 avec trous latéraux, 4 po","Traverse de lampe Atron Electro Industries LA946 avec trous latéraux, 4 po",1.43,"1,43 $",4.29,"Était±  4,29 $prix était 4,29 $",1.43,"1,43 $",1.43,"1,43 $",true,https://www.canadiantire.ca/fr/pdp/traverse-de-lampe-atron-electro-industries-la946-avec-trous-lateraux-4-po-0523022p.html,https://www.canadiantire.ca/fr/pdp/traverse-de-lampe-atron-electro-industries-la946-avec-trous-lateraux-4-po-0523022p.html,https://media-www.canadiantire.ca/product/fixing/electrical/rough-electrical/0523022/crossbar-w-side-holes-cffd4c47-3774-4906-9bac-2c991ccb46e3-jpgrendition.jpg?im=whresize&wid=200&hei=200,https://media-www.canadiantire.ca/product/fixing/electrical/rough-electrical/0523022/crossbar-w-side-holes-cffd4c47-3774-4906-9bac-2c991ccb46e3-jpgrendition.jpg?im=whresize&wid=200&hei=200,,0523022,052-3022-6,Il n’en reste que 1 #052-3022-6,Liquidation◊Mieux notés,66.67,"1,43","4,29"
53,"Kitchener South, ON","Cosses ouvertes Gardner Bender C14-116, calibre 12 à 10 AWG, calibre de goujon 8 à 10 po, paq. 5","Cosses ouvertes Gardner Bender C14-116, calibre 12 à 10 AWG, calibre de goujon 8 à 10 po, paq. 5",0.93,"0,93 $",2.29,"Était±  2,29 $prix était 2,29 $",0.93,"0,93 $",0.93,"0,93 $",true,https://www.canadiantire.ca/fr/pdp/cosses-ouvertes-gardner-bender-c14-116-calibre-12-a-10-awg-calibre-de-goujon-8-a-10-po-paq-5-0520205p.html,https://www.canadiantire.ca/fr/pdp/cosses-ouvertes-gardner-bender-c14-116-calibre-12-a-10-awg-calibre-de-goujon-8-a-10-po-paq-5-0520205p.html,https://media-www.canadiantire.ca/product/fixing/electrical/rough-electrical/0520205/spade-terminal-8-10-stud-yellow-pkg-5-61460cef-7ced-4805-aa38-d4e12bbf1544-jpgrendition.jpg?im=whresize&wid=200&hei=200,https://media-www.canadiantire.ca/product/fixing/electrical/rough-electrical/0520205/spade-terminal-8-10-stud-yellow-pkg-5-61460cef-7ced-4805-aa38-d4e12bbf1544-jpgrendition.jpg?im=whresize&wid=200&hei=200,,0520205,052-0205-0,Il n’en reste que 1 #052-0205-0,Liquidation◊Mieux notés,59.39,"0,93","2,29"
53,"Kitchener South, ON","Laisse pour chien Petco, facile à nettoyer, 6 pi, sarcelle","Laisse pour chien Petco, facile à nettoyer, 6 pi, sarcelle",14.93,"14,93 $",29.99,"Était±  29,99 $prix était 29,99 $",14.93,"14,93 $",14.93,"14,93 $",true,https://www.canadiantire.ca/fr/pdp/laisse-pour-chien-petco-facile-a-nettoyer-6-pi-sarcelle-1427529p.html,https://www.canadiantire.ca/fr/pdp/laisse-pour-chien-petco-facile-a-nettoyer-6-pi-sarcelle-1427529p.html,https://media-www.canadiantire.ca/product/living/pet-care/pet-accessories/1427529/petco-teal-wipeable-dog-leash-6-ft--bded0e55-76bb-4161-814c-d20c8acbc0bc-jpgrendition.jpg?im=whresize&wid=200&hei=200,https://media-www.canadiantire.ca/product/living/pet-care/pet-accessories/1427529/petco-teal-wipeable-dog-leash-6-ft--bded0e55-76bb-4161-814c-d20c8acbc0bc-jpgrendition.jpg?im=whresize&wid=200&hei=200,,1427529,142-7529-4,Il n’en reste que 1 #142-7529-4,Liquidation◊Mieux notés,50.22,"14,93","29,99"
