store_id,city,name,title,price,price_raw,regular_price,regular_price_raw,liquidation_price,liquidation_price_raw,sale_price,sale_price_raw,liquidation,url,link,image,image_url,product_id,sku,sku_formatted,availability,badges,discount_percent,price_sale_clean,price_original_clean
281,"Amherstburg, ON","Échelle de piscine en A en acier Bestway Flowclear avec rampe, 42 po","Échelle de piscine en A en acier Bestway Flowclear avec rampe, 42 po",29.98,"29,98 $",99.99,"Était±  99,99 $prix était 99,99 $",29.98,"29,98 $",29.98,"29,98 $",true,https://www.canadiantire.ca/fr/pdp/echelle-de-piscine-en-a-en-acier-bestway-flowclear-avec-rampe-42-po-0813926p.html,https://www.canadiantire.ca/fr/pdp/echelle-de-piscine-en-a-en-acier-bestway-flowclear-avec-rampe-42-po-0813926p.html,https://media-www.canadiantire.ca/product/seasonal-gardening/backyard-fun/pool-maintenance/0813926/42-pool-ladder-1e5af39a-d711-4efc-88d9-7f79508fac9d-jpgrendition.jpg?im=whresize&wid=200&hei=200,https://media-www.canadiantire.ca/product/seasonal-gardening/backyard-fun/pool-maintenance/0813926/42-pool-ladder-1e5af39a-d711-4efc-88d9-7f79508fac9d-jpgrendition.jpg?im=whresize&wid=200&hei=200,,0813926,081-3926-6,42 En Stock#081-3926-6,Liquidation◊,70.02,"29,98","99,99"
281,"Amherstburg, ON","Garde-robe à 2 portes Sauder, blanc","Garde-robe à 2 portes Sauder, blanc",79.93,"79,93 $",199.99,"Était±  199,99 $prix était 199,99 $",79.93,"79,93 $",79.93,"79,93 $",true,https://www.canadiantire.ca/fr/pdp/garde-robe-a-2-portes-sauder-blanc-1680208p.html,https://www.canadiantire.ca/fr/pdp/garde-robe-a-2-portes-sauder-blanc-1680208p.html,https://media-www.canadiantire.ca/product/living/home-decor/furniture/1680208/sauder-2-door-wardrobe-white-46b84ecb-6c99-4d6b-a82c-a46023dd83a0-jpgrendition.jpg?im=whresize&wid=200&hei=200,https://media-www.canadiantire.ca/product/living/home-decor/furniture/1680208/sauder-2-door-wardrobe-white-46b84ecb-6c99-4d6b-a82c-a46023dd83a0-jpgrendition.jpg?im=whresize&wid=200&hei=200,,1680208,168-0208-0,Il n’en reste que 2 #168-0208-0,Liquidation◊,60.03,"79,93","199,99"
281,"Amherstburg, ON","Tasses à mesurer empilables en plastique MASTER Chef, paq. 10","Tasses à mesurer empilables en plastique MASTER Chef, paq. 10",8.93,"8,93 $",24.99,"Était±  24,99 $prix était 24,99 $",8.93,"8,93 $",8.93,"8,93 $",true,https://www.canadiantire.ca/fr/pdp/tasses-a-mesurer-empilables-en-plastique-master-chef-paq-10-1429676p.html,https://www.canadiantire.ca/fr/pdp/tasses-a-mesurer-empilables-en-plastique-master-chef-paq-10-1429676p.html,https://media-www.canadiantire.ca/product/living/kitchen/bakeware-baking-prep/1429676/master-chef-10pc-measuring-cup-set-73c761cb-c28c-42fe-a32e-f57a30c6b9a6-jpgrendition.jpg?im=whresize&wid=200&hei=200,https://media-www.canadiantire.ca/product/living/kitchen/bakeware-baking-prep/1429676/master-chef-10pc-measuring-cup-set-73c761cb-c28c-42fe-a32e-f57a30c6b9a6-jpgrendition.jpg?im=whresize&wid=200&hei=200,,1429676,142-9676-0,Il n’en reste que 2 #142-9676-0,Liquidation◊Mieux notés,64.27,"8,93","24,99"
281,"Amherstburg, ON","Housse de pare-brise 2-en-1 MyRide pour soleil et neige, convient à la plupart des véhicules","Housse de pare-brise 2-en-1 MyRide pour soleil et neige, convient à la plupart des véhicules",9.93,"9,93 $",32.99,"Était±  32,99 $prix était 32,99 $",9.93,"9,93 $",9.93,"9,93 $",true,https://www.canadiantire.ca/fr/pdp/housse-de-pare-brise-2-en-1-myride-pour-soleil-et-neige-convient-a-la-plupart-des-vehicules-0304491p.html,https://www.canadiantire.ca/fr/pdp/housse-de-pare-brise-2-en-1-myride-pour-soleil-et-neige-convient-a-la-plupart-des-vehicules-0304491p.html,https://media-www.canadiantire.ca/product/automotive/car-care-accessories/auto-winter-accessories/0304491/myride-sun-and-snow-windshield-cover-1d0e1f73-cc79-4090-b8a5-bdaefbe970b7-jpgrendition.jpg?im=whresize&wid=200&hei=200,https://media-www.canadiantire.ca/product/automotive/car-care-accessories/auto-winter-accessories/0304491/myride-sun-and-snow-windshield-cover-1d0e1f73-cc79-4090-b8a5-bdaefbe970b7-jpgrendition.jpg?im=whresize&wid=200&hei=200,,0304491,030-4491-4,Il n’en reste que 1 #030-4491-4,Liquidation◊Articles à succès,69.9,"9,93","32,99"
281,"Amherstburg, ON","Service de vaisselle en porcelaine festonnée CANVAS Odessa, blanc, paq. 12","Service de vaisselle en porcelaine festonnée CANVAS Odessa, blanc, paq. 12",39.93,"39,93 $",79.99,"Était±  79,99 $prix était 79,99 $",39.93,"39,93 $",39.93,"39,93 $",true,https://www.canadiantire.ca/fr/pdp/service-de-vaisselle-en-porcelaine-festonnee-canvas-odessa-blanc-paq-12-2421125p.html,https://www.canadiantire.ca/fr/pdp/service-de-vaisselle-en-porcelaine-festonnee-canvas-odessa-blanc-paq-12-2421125p.html,https://media-www.canadiantire.ca/product/living/kitchen/dining-and-entertaining/2421125/canvas-12-pc-scalloped-porcelain-dinnerware-set-ee9e4e35-9ab4-4375-aacf-2b058a08cc90-jpgrendition.jpg?im=whresize&wid=200&hei=200,https://media-www.canadiantire.ca/product/living/kitchen/dining-and-entertaining/2421125/canvas-12-pc-scalloped-porcelain-dinnerware-set-ee9e4e35-9ab4-4375-aacf-2b058a08cc90-jpgrendition.jpg?im=whresize&wid=200&hei=200,,2421125,242-1125-2,Il n’en reste que 1 #242-1125-2,Liquidation◊Mieux notés,50.08,"39,93","79,99"
281,"Amherstburg, ON","Cintres pivotants compacts en velours Type A avec barre à pantalon, couleurs variées, paq. 40","Cintres pivotants compacts en velours Type A avec barre à pantalon, couleurs variées, paq. 40",12.93,"12,93 $",32.99,"32,99 $Était   et+ prix était à partir de 32,99 $",12.93,"12,93 $",12.93,"12,93 $",true,https://www.canadiantire.ca/fr/pdp/cintres-pivotants-compacts-en-velours-type-a-avec-barre-a-pantalon-couleurs-variees-paq-40-0688307p.html,https://www.canadiantire.ca/fr/pdp/cintres-pivotants-compacts-en-velours-type-a-avec-barre-a-pantalon-couleurs-variees-paq-40-0688307p.html,https://media-www.canadiantire.ca/product/living/home-organization/closet-organization/0688308/type-a-velvet-suit-hanger-black-10pk-4afb3f73-0449-46d6-975c-369ae2760de2-jpgrendition.jpg?im=whresize&wid=200&hei=200,https://media-www.canadiantire.ca/product/living/home-organization/closet-organization/0688308/type-a-velvet-suit-hanger-black-10pk-4afb3f73-0449-46d6-975c-369ae2760de2-jpgrendition.jpg?im=whresize&wid=200&hei=200,,0688307,068-8307,Vérifiez la disponibilité#068-8307X,Liquidation◊Mieux notés,60.81,"12,93","32,99"
281,"Amherstburg, ON",Aspirateur sans fil de déchets secs/humides tout-en-un et appareil de nettoyage de planchers durs Bissell CrossWave OmniFind Pet Pro,Aspirateur sans fil de déchets secs/humides tout-en-un et appareil de nettoyage de planchers durs Bissell CrossWave OmniFind Pet Pro,179.93,"179,93 $",379.99,"Était±  379,99 $prix était 379,99 $",179.93,"179,93 $",179.93,"179,93 $",true,https://www.canadiantire.ca/fr/pdp/aspirateur-sans-fil-de-dechets-secs-humides-tout-en-un-et-appareil-de-nettoyage-de-planchers-durs-bissell-crosswave-omnifind-pet-pro-0437233p.html,https://www.canadiantire.ca/fr/pdp/aspirateur-sans-fil-de-dechets-secs-humides-tout-en-un-et-appareil-de-nettoyage-de-planchers-durs-bissell-crosswave-omnifind-pet-pro-0437233p.html,https://media-www.canadiantire.ca/product/living/cleaning/vacuums-and-floorcare/0437233/bissell-omnifind-petpro-hard-floor-wet-cleaner-a8a44b1c-d6db-472c-a2a7-50098c512b75-jpgrendition.jpg?im=whresize&wid=200&hei=200,https://media-www.canadiantire.ca/product/living/cleaning/vacuums-and-floorcare/0437233/bissell-omnifind-petpro-hard-floor-wet-cleaner-a8a44b1c-d6db-472c-a2a7-50098c512b75-jpgrendition.jpg?im=whresize&wid=200&hei=200,,0437233,043-7233-2,Il n’en reste que 1 #043-7233-2,Liquidation◊Exclusivité,52.65,"179,93","379,99"
281,"Amherstburg, ON","Bouteille d'eau Woods, 650 ml, acier inoxydable, étanche, noire","Bouteille d'eau Woods, 650 ml, acier inoxydable, étanche, noire",9.98,"9,98 $",24.99,"24,99 $Était   et+ prix était à partir de 24,99 $",9.98,"9,98 $",9.98,"9,98 $",true,https://www.canadiantire.ca/fr/pdp/bouteille-d-eau-woods-650-ml-acier-inoxydable-etanche-noire-0761301p.html,https://www.canadiantire.ca/fr/pdp/bouteille-d-eau-woods-650-ml-acier-inoxydable-etanche-noire-0761301p.html,https://media-www.canadiantire.ca/product/playing/camping/camping-living/0761303/woods-water-bottle-medium-black-2b72db9e-5b04-46c0-8136-97dc000522cb-jpgrendition.jpg?im=whresize&wid=200&hei=200,https://media-www.canadiantire.ca/product/playing/camping/camping-living/0761303/woods-water-bottle-medium-black-2b72db9e-5b04-46c0-8136-97dc000522cb-jpgrendition.jpg?im=whresize&wid=200&hei=200,,0761301,076-1301,Vérifiez la disponibilité#076-1301X,Liquidation◊Mieux notés,60.06,"9,98","24,99"
281,"Amherstburg, ON","Tasse de voyage à double paroi avec poignée Bubba Keg Classic, 20 oz, choix de couleurs","Tasse de voyage à double paroi avec poignée Bubba Keg Classic, 20 oz, choix de couleurs",9.93,"9,93 $",24.99,"24,99 $Était   et+ prix était à partir de 24,99 $",9.93,"9,93 $",9.93,"9,93 $",true,https://www.canadiantire.ca/fr/pdp/tasse-de-voyage-a-double-paroi-avec-poignee-bubba-keg-classic-20-oz-choix-de-couleurs-2425153p.html,https://www.canadiantire.ca/fr/pdp/tasse-de-voyage-a-double-paroi-avec-poignee-bubba-keg-classic-20-oz-choix-de-couleurs-2425153p.html,https://media-www.canadiantire.ca/product/living/kitchen/food-storage/2425154/bubba-20-oz-keg-mug-magenta-0effc0af-c6a5-482f-b1fb-0de772f237a0-jpgrendition.jpg?im=whresize&wid=200&hei=200,https://media-www.canadiantire.ca/product/living/kitchen/food-storage/2425154/bubba-20-oz-keg-mug-magenta-0effc0af-c6a5-482f-b1fb-0de772f237a0-jpgrendition.jpg?im=whresize&wid=200&hei=200,,2425153,242-5153,Vérifiez la disponibilité#242-5153X,Liquidation◊Mieux notés,60.26,"9,93","24,99"
281,"Amherstburg, ON","Gaufrier miniature compact antiadhésif en forme de coeur Dash, rouge","Gaufrier miniature compact antiadhésif en forme de coeur Dash, rouge",9.93,"9,93 $",20.99,"Était±  20,99 $prix était 20,99 $",9.93,"9,93 $",9.93,"9,93 $",true,https://www.canadiantire.ca/fr/pdp/gaufrier-miniature-compact-antiadhesif-en-forme-de-coeur-dash-rouge-0430375p.html,https://www.canadiantire.ca/fr/pdp/gaufrier-miniature-compact-antiadhesif-en-forme-de-coeur-dash-rouge-0430375p.html,https://media-www.canadiantire.ca/product/living/kitchen/kitchen-appliances/0430375/dash-heart-mini-waffle-maker-red-5355d5fb-cea9-4969-88de-99bf11ab3589-jpgrendition.jpg?im=whresize&wid=200&hei=200,https://media-www.canadiantire.ca/product/living/kitchen/kitchen-appliances/0430375/dash-heart-mini-waffle-maker-red-5355d5fb-cea9-4969-88de-99bf11ab3589-jpgrendition.jpg?im=whresize&wid=200&hei=200,,0430375,043-0375-6,Il n’en reste que 1 #043-0375-6,Liquidation◊Mieux notés,52.69,"9,93","20,99"
281,"Amherstburg, ON","Bluehive - Ecouteurs boutons sans fil, 22h autonomie et charge rapide","Bluehive - Ecouteurs boutons sans fil, 22h autonomie et charge rapide",14.93,"14,93 $",39.99,"Était±  39,99 $prix était 39,99 $",14.93,"14,93 $",14.93,"14,93 $",true,https://www.canadiantire.ca/fr/pdp/bluehive-ecouteurs-boutons-sans-fil-22h-autonomie-et-charge-rapide-0355551p.html,https://www.canadiantire.ca/fr/pdp/bluehive-ecouteurs-boutons-sans-fil-22h-autonomie-et-charge-rapide-0355551p.html,https://media-www.canadiantire.ca/product/automotive/car-care-accessories/auto-electronics/0355551/bluehive-bluepods-true-wireless-earbuds-d801aae0-977a-4b93-998a-00bad4241385-jpgrendition.jpg?im=whresize&wid=200&hei=200,https://media-www.canadiantire.ca/product/automotive/car-care-accessories/auto-electronics/0355551/bluehive-bluepods-true-wireless-earbuds-d801aae0-977a-4b93-998a-00bad4241385-jpgrendition.jpg?im=whresize&wid=200&hei=200,,0355551,035-5551-6,Il n’en reste que 3 #035-5551-6,Liquidation◊Exclusivité,62.67,"14,93","39,99"
281,"Amherstburg, ON","Étagère de rangement saisonnier Mastercraft avec chariot plateforme roulant, noir, 166,37 x 90,17 x 172,72 cm(65,5 x 35,5 x 68 po)","Étagère de rangement saisonnier Mastercraft avec chariot plateforme roulant, noir, 166,37 x 90,17 x 172,72 cm(65,5 x 35,5 x 68 po)",149.93,"149,93 $",299.99,"Était±  299,99 $prix était 299,99 $",149.93,"149,93 $",149.93,"149,93 $",true,https://www.canadiantire.ca/fr/pdp/etagere-de-rangement-saisonnier-mastercraft-avec-chariot-plateforme-roulant-noir-166-37-x-90-17-x-172-72-cm-65-5-x-35-5-x-68-po-0681822p.html,https://www.canadiantire.ca/fr/pdp/etagere-de-rangement-saisonnier-mastercraft-avec-chariot-plateforme-roulant-noir-166-37-x-90-17-x-172-72-cm-65-5-x-35-5-x-68-po-0681822p.html,https://media-www.canadiantire.ca/product/fixing/tools/garage-organization/0681822/mastercraft-seasonal-storage-rack-4657eb31-2d51-419f-a388-3dcc3e45f853-jpgrendition.jpg?im=whresize&wid=200&hei=200,https://media-www.canadiantire.ca/product/fixing/tools/garage-organization/0681822/mastercraft-seasonal-storage-rack-4657eb31-2d51-419f-a388-3dcc3e45f853-jpgrendition.jpg?im=whresize&wid=200&hei=200,,0681822,068-1822-8,Il n’en reste que 1 #068-1822-8,Liquidation◊Mieux notés,50.02,"149,93","299,99"
281,"Amherstburg, ON","Ampoules à DEL à intensité variable à culot E12 NOMA B10, 2700K, 350 lumens, blanc chaud, 40 W, paq. 2","Ampoules à DEL à intensité variable à culot E12 NOMA B10, 2700K, 350 lumens, blanc chaud, 40 W, paq. 2",1.93,"1,93 $",12.99,"Était±  12,99 $prix était 12,99 $",1.93,"1,93 $",1.93,"1,93 $",true,https://www.canadiantire.ca/fr/pdp/ampoules-a-del-a-intensite-variable-a-culot-e12-noma-b10-2700k-350-lumens-blanc-chaud-40-w-paq-2-0529347p.html,https://www.canadiantire.ca/fr/pdp/ampoules-a-del-a-intensite-variable-a-culot-e12-noma-b10-2700k-350-lumens-blanc-chaud-40-w-paq-2-0529347p.html,https://media-www.canadiantire.ca/product/fixing/electrical/light-bulbs/0529347/noma-2-pack-40w-e12-soft-white-led-lightbulbs-2abc2edf-7b69-449d-b49f-8024c6332e19-jpgrendition.jpg?im=whresize&wid=200&hei=200,https://media-www.canadiantire.ca/product/fixing/electrical/light-bulbs/0529347/noma-2-pack-40w-e12-soft-white-led-lightbulbs-2abc2edf-7b69-449d-b49f-8024c6332e19-jpgrendition.jpg?im=whresize&wid=200&hei=200,,0529347,052-9347-8,32 En Stock#052-9347-8,Liquidation◊Exclusivité,85.14,"1,93","12,99"
281,"Amherstburg, ON","Short cargo Outbound pour hommes, grandes poches, havane","Short cargo Outbound pour hommes, grandes poches, havane",9.93,"9,93 $",25.99,"25,99 $Était   et+ prix était à partir de 25,99 $",9.93,"9,93 $",9.93,"9,93 $",true,https://www.canadiantire.ca/fr/pdp/short-cargo-outbound-pour-hommes-grandes-poches-havane-1873520p.html,https://www.canadiantire.ca/fr/pdp/short-cargo-outbound-pour-hommes-grandes-poches-havane-1873520p.html,https://media-www.canadiantire.ca/product/playing/footwear-apparel/summer-footwear-apparel/1873520/outbound-men-s-cargo-shorts-tan-m-c66af4ed-b35b-4c1f-82ee-7afbf190f779-jpgrendition.jpg?im=whresize&wid=200&hei=200,https://media-www.canadiantire.ca/product/playing/footwear-apparel/summer-footwear-apparel/1873520/outbound-men-s-cargo-shorts-tan-m-c66af4ed-b35b-4c1f-82ee-7afbf190f779-jpgrendition.jpg?im=whresize&wid=200&hei=200,,1873520,187-3520,Vérifiez la disponibilité#187-3520X,Liquidation◊Mieux notés,61.79,"9,93","25,99"
281,"Amherstburg, ON","Pagaie de planche debout en aluminium Pelican, noir","Pagaie de planche debout en aluminium Pelican, noir",29.93,"29,93 $",79.99,"Était±  79,99 $prix était 79,99 $",29.93,"29,93 $",29.93,"29,93 $",true,https://www.canadiantire.ca/fr/pdp/pagaie-de-planche-debout-en-aluminium-pelican-noir-0793303p.html,https://www.canadiantire.ca/fr/pdp/pagaie-de-planche-debout-en-aluminium-pelican-noir-0793303p.html,https://media-www.canadiantire.ca/product/playing/seasonal-recreation/marine-power-boating/0793303/sup-paddle-for-079-8296-30bd6ee2-2f95-4886-a97b-5c810063b32e-jpgrendition.jpg?im=whresize&wid=200&hei=200,https://media-www.canadiantire.ca/product/playing/seasonal-recreation/marine-power-boating/0793303/sup-paddle-for-079-8296-30bd6ee2-2f95-4886-a97b-5c810063b32e-jpgrendition.jpg?im=whresize&wid=200&hei=200,,0793303,079-3303-6,Il n’en reste que 5 #079-3303-6,Liquidation◊,62.58,"29,93","79,99"
281,"Amherstburg, ON","Parka technique de chasse perméable à l'air imperméable coupe-vent Yukon Gear pour hommes, camouflage Realtree Xtra","Parka technique de chasse perméable à l'air imperméable coupe-vent Yukon Gear pour hommes, camouflage Realtree Xtra",39.93,"39,93 $",99.99,"99,99 $Était   et+ prix était à partir de 99,99 $",39.93,"39,93 $",39.93,"39,93 $",true,https://www.canadiantire.ca/fr/pdp/parka-technique-de-chasse-permeable-a-l-air-impermeable-coupe-vent-yukon-gear-pour-hommes-camouflage-realtree-xtra-3750716p.html,https://www.canadiantire.ca/fr/pdp/parka-technique-de-chasse-permeable-a-l-air-impermeable-coupe-vent-yukon-gear-pour-hommes-camouflage-realtree-xtra-3750716p.html,https://media-www.canadiantire.ca/product/playing/hunting/hunting-apparel-footwear/3750716/yukon-gear-parka-2-rte-m-a47cf6f2-275c-44e1-93da-5eb1da27165e-jpgrendition.jpg?im=whresize&wid=200&hei=200,https://media-www.canadiantire.ca/product/playing/hunting/hunting-apparel-footwear/3750716/yukon-gear-parka-2-rte-m-a47cf6f2-275c-44e1-93da-5eb1da27165e-jpgrendition.jpg?im=whresize&wid=200&hei=200,,3750716,375-0716,Vérifiez la disponibilité#375-0716X,Liquidation◊Mieux notés,60.07,"39,93","99,99"
281,"Amherstburg, ON",Portemanteau d'entrée à 5 crochets avec banc de rangement et support pour chaussures CANVAS Langham,Portemanteau d'entrée à 5 crochets avec banc de rangement et support pour chaussures CANVAS Langham,99.93,"99,93 $",259.99,"Était±  259,99 $prix était 259,99 $",99.93,"99,93 $",99.93,"99,93 $",true,https://www.canadiantire.ca/fr/pdp/portemanteau-d-entree-a-5-crochets-avec-banc-de-rangement-et-support-pour-chaussures-canvas-langham-1680085p.html,https://www.canadiantire.ca/fr/pdp/portemanteau-d-entree-a-5-crochets-avec-banc-de-rangement-et-support-pour-chaussures-canvas-langham-1680085p.html,https://media-www.canadiantire.ca/product/living/home-decor/furniture/1680085/canvas-langham-hall-tree-034fa996-d28a-4ee8-bd8f-0ce8bcd81d20-jpgrendition.jpg?im=whresize&wid=200&hei=200,https://media-www.canadiantire.ca/product/living/home-decor/furniture/1680085/canvas-langham-hall-tree-034fa996-d28a-4ee8-bd8f-0ce8bcd81d20-jpgrendition.jpg?im=whresize&wid=200&hei=200,,1680085,168-0085-0,Il n’en reste que 5 #168-0085-0,Liquidation◊Mieux notés,61.56,"99,93","259,99"
281,"Amherstburg, ON","Glacière pour canettes Outbound, 12,2 oz, couleurs variées","Glacière pour canettes Outbound, 12,2 oz, couleurs variées",4.98,"4,98 $",15.99,"Était±  15,99 $prix était 15,99 $",4.98,"4,98 $",4.98,"4,98 $",true,https://www.canadiantire.ca/fr/pdp/glaciere-pour-canettes-outbound-12-2-oz-couleurs-variees-0765971p.html,https://www.canadiantire.ca/fr/pdp/glaciere-pour-canettes-outbound-12-2-oz-couleurs-variees-0765971p.html,https://media-www.canadiantire.ca/product/playing/camping/hydration-coolers/0765971/outbound-can-cooler-62ab425c-fdf7-4d5c-b960-13bf2fbe0fe0-jpgrendition.jpg?im=whresize&wid=200&hei=200,https://media-www.canadiantire.ca/product/playing/camping/hydration-coolers/0765971/outbound-can-cooler-62ab425c-fdf7-4d5c-b960-13bf2fbe0fe0-jpgrendition.jpg?im=whresize&wid=200&hei=200,,0765971,076-5971-8,17 En Stock#076-5971-8,Liquidation◊Articles à succès,68.86,"4,98","15,99"
281,"Amherstburg, ON","Bureau d'ordinateur pour étudiant/petits espaces avec cadre en métal For Living, fini grain de bois","Bureau d'ordinateur pour étudiant/petits espaces avec cadre en métal For Living, fini grain de bois",69.93,"69,93 $",144.99,"Était±  144,99 $prix était 144,99 $",69.93,"69,93 $",69.93,"69,93 $",true,https://www.canadiantire.ca/fr/pdp/bureau-d-ordinateur-pour-etudiant-petits-espaces-avec-cadre-en-metal-for-living-fini-grain-de-bois-0687857p.html,https://www.canadiantire.ca/fr/pdp/bureau-d-ordinateur-pour-etudiant-petits-espaces-avec-cadre-en-metal-for-living-fini-grain-de-bois-0687857p.html,https://media-www.canadiantire.ca/product/living/home-decor/furniture/0687857/for-living-student-desk-wood-grain-56f75598-5117-40f0-95a8-6fade2514e27-jpgrendition.jpg?im=whresize&wid=200&hei=200,https://media-www.canadiantire.ca/product/living/home-decor/furniture/0687857/for-living-student-desk-wood-grain-56f75598-5117-40f0-95a8-6fade2514e27-jpgrendition.jpg?im=whresize&wid=200&hei=200,,0687857,068-7857-0,Il n’en reste que 3 #068-7857-0,Liquidation◊Mieux notés,51.77,"69,93","144,99"
281,"Amherstburg, ON","Bagage de cabine rigide Outbound, argent","Bagage de cabine rigide Outbound, argent",49.98,"49,98 $",99.99,"Était±  99,99 $prix était 99,99 $",49.98,"49,98 $",49.98,"49,98 $",true,https://www.canadiantire.ca/fr/pdp/bagage-de-cabine-rigide-outbound-argent-0766660p.html,https://www.canadiantire.ca/fr/pdp/bagage-de-cabine-rigide-outbound-argent-0766660p.html,https://media-www.canadiantire.ca/product/playing/camping/backpacks-luggage-accessories/0766660/outbound-silver-hardside-carry-on-luggage-fd4ff993-527d-43d1-bf60-ff8db2d4f09c-jpgrendition.jpg?im=whresize&wid=200&hei=200,https://media-www.canadiantire.ca/product/playing/camping/backpacks-luggage-accessories/0766660/outbound-silver-hardside-carry-on-luggage-fd4ff993-527d-43d1-bf60-ff8db2d4f09c-jpgrendition.jpg?im=whresize&wid=200&hei=200,,0766660,076-6660-2,50 En Stock#076-6660-2,Liquidation◊Mieux notés,50.02,"49,98","99,99"
281,"Amherstburg, ON","Table de soccer de table Ambassador, fini bois, 48 po","Table de soccer de table Ambassador, fini bois, 48 po",69.93,"69,93 $",169.99,"Était±  169,99 $prix était 169,99 $",69.93,"69,93 $",69.93,"69,93 $",true,https://www.canadiantire.ca/fr/pdp/table-de-soccer-de-table-ambassador-fini-bois-48-po-1840106p.html,https://www.canadiantire.ca/fr/pdp/table-de-soccer-de-table-ambassador-fini-bois-48-po-1840106p.html,https://media-www.canadiantire.ca/product/playing/team-sports-and-golf/sports-equipment-accessories/1840106/-48-foosball--7b2776e4-d562-4d02-bb52-ff449d124dde-jpgrendition.jpg?im=whresize&wid=200&hei=200,https://media-www.canadiantire.ca/product/playing/team-sports-and-golf/sports-equipment-accessories/1840106/-48-foosball--7b2776e4-d562-4d02-bb52-ff449d124dde-jpgrendition.jpg?im=whresize&wid=200&hei=200,,1840106,184-0106-2,Il n’en reste que 1 #184-0106-2,Liquidation◊,58.86,"69,93","169,99"
281,"Amherstburg, ON","Chaussures de randonnée de sécurité à coupe basse Stanley CSA pour hommes, tailles variées","Chaussures de randonnée de sécurité à coupe basse Stanley CSA pour hommes, tailles variées",56.93,"56,93 $",119.99,"119,99 $Était   et+ prix était à partir de 119,99 $",56.93,"56,93 $",56.93,"56,93 $",true,https://www.canadiantire.ca/fr/pdp/chaussures-de-randonnee-de-securite-a-coupe-basse-stanley-csa-pour-hommes-tailles-variees-1871797p.html,https://www.canadiantire.ca/fr/pdp/chaussures-de-randonnee-de-securite-a-coupe-basse-stanley-csa-pour-hommes-tailles-variees-1871797p.html,https://media-www.canadiantire.ca/product/playing/footwear-apparel/work-footwear-apparel/1871797/stanley-men-s-low-cut-csa-hiker-size-7-bebdb36c-7d5f-4bb3-baa0-4ad3368adc08-jpgrendition.jpg?im=whresize&wid=200&hei=200,https://media-www.canadiantire.ca/product/playing/footwear-apparel/work-footwear-apparel/1871797/stanley-men-s-low-cut-csa-hiker-size-7-bebdb36c-7d5f-4bb3-baa0-4ad3368adc08-jpgrendition.jpg?im=whresize&wid=200&hei=200,,1871797,187-1797,Vérifiez la disponibilité#187-1797X,Liquidation◊Mieux notés,52.55,"56,93","119,99"
281,"Amherstburg, ON","Trousse de démarrage de protection contre les inondations Flex Seal, protection imperméable contre les inondations, 9 oz","Trousse de démarrage de protection contre les inondations Flex Seal, protection imperméable contre les inondations, 9 oz",24.93,"24,93 $",69.99,"Était±  69,99 $prix était 69,99 $",24.93,"24,93 $",24.93,"24,93 $",true,https://www.canadiantire.ca/fr/pdp/trousse-de-demarrage-de-protection-contre-les-inondations-flex-seal-protection-impermeable-contre-les-inondations-9-oz-0641547p.html,https://www.canadiantire.ca/fr/pdp/trousse-de-demarrage-de-protection-contre-les-inondations-flex-seal-protection-impermeable-contre-les-inondations-9-oz-0641547p.html,https://media-www.canadiantire.ca/product/fixing/paint/surface-prep-maintenance/0641547/flex-seal-flood-protection-starter-kit-95535677-4865-47fa-9c2b-d295d4a46449-jpgrendition.jpg?im=whresize&wid=200&hei=200,https://media-www.canadiantire.ca/product/fixing/paint/surface-prep-maintenance/0641547/flex-seal-flood-protection-starter-kit-95535677-4865-47fa-9c2b-d295d4a46449-jpgrendition.jpg?im=whresize&wid=200&hei=200,,0641547,064-1547-2,Il n’en reste que 1 #064-1547-2,Liquidation◊,64.38,"24,93","69,99"
281,"Amherstburg, ON","Applique murale à 1 lampe CANVAS Fuller avec abat-jour en verre transparent, nickel poli","Applique murale à 1 lampe CANVAS Fuller avec abat-jour en verre transparent, nickel poli",34.93,"34,93 $",77.99,"Était±  77,99 $prix était 77,99 $",34.93,"34,93 $",34.93,"34,93 $",true,https://www.canadiantire.ca/fr/pdp/applique-murale-a-1-lampe-canvas-fuller-avec-abat-jour-en-verre-transparent-nickel-poli-1522615p.html,https://www.canadiantire.ca/fr/pdp/applique-murale-a-1-lampe-canvas-fuller-avec-abat-jour-en-verre-transparent-nickel-poli-1522615p.html,https://media-www.canadiantire.ca/product/living/home-decor/lighting/1522615/canvas-fuller-wall-sconce-34a366a1-1afd-4801-8a29-801898d6b2f7-jpgrendition.jpg?im=whresize&wid=200&hei=200,https://media-www.canadiantire.ca/product/living/home-decor/lighting/1522615/canvas-fuller-wall-sconce-34a366a1-1afd-4801-8a29-801898d6b2f7-jpgrendition.jpg?im=whresize&wid=200&hei=200,,1522615,152-2615-4,Il n’en reste que 2 #152-2615-4,Liquidation◊Exclusivité,55.21,"34,93","77,99"
281,"Amherstburg, ON","Contenant The Home Edit par iDesign, outils pour cheveux","Contenant The Home Edit par iDesign, outils pour cheveux",9.93,"9,93 $",19.99,"Était±  19,99 $prix était 19,99 $",9.93,"9,93 $",9.93,"9,93 $",true,https://www.canadiantire.ca/fr/pdp/contenant-the-home-edit-par-idesign-outils-pour-cheveux-0636322p.html,https://www.canadiantire.ca/fr/pdp/contenant-the-home-edit-par-idesign-outils-pour-cheveux-0636322p.html,https://media-www.canadiantire.ca/product/living/home-decor/bed-bath-decor/0636334/the-home-edit-tall-bin-divider-3a2ac359-b6eb-4ce8-8e14-e91e10249df7-jpgrendition.jpg?im=whresize&wid=200&hei=200,https://media-www.canadiantire.ca/product/living/home-decor/bed-bath-decor/0636334/the-home-edit-tall-bin-divider-3a2ac359-b6eb-4ce8-8e14-e91e10249df7-jpgrendition.jpg?im=whresize&wid=200&hei=200,,0636322,063-6322-8,Il n’en reste que 2 #063-6322-8,Liquidation◊Articles à succès,50.33,"9,93","19,99"
281,"Amherstburg, ON",Sangle de kayak sans anneau robuste,Sangle de kayak sans anneau robuste,4.93,"4,93 $",14.99,"Était±  14,99 $prix était 14,99 $",4.93,"4,93 $",4.93,"4,93 $",true,https://www.canadiantire.ca/fr/pdp/sangle-de-kayak-sans-anneau-robuste-0793323p.html,https://www.canadiantire.ca/fr/pdp/sangle-de-kayak-sans-anneau-robuste-0793323p.html,https://media-www.canadiantire.ca/product/playing/seasonal-recreation/marine-power-boating/0793323/seattlesport-coil-less-sportsman-paddle-leash-72e2b725-286b-479f-93cd-12d21e86d4d1-jpgrendition.jpg?im=whresize&wid=200&hei=200,https://media-www.canadiantire.ca/product/playing/seasonal-recreation/marine-power-boating/0793323/seattlesport-coil-less-sportsman-paddle-leash-72e2b725-286b-479f-93cd-12d21e86d4d1-jpgrendition.jpg?im=whresize&wid=200&hei=200,,0793323,079-3323-8,Il n’en reste que 2 #079-3323-8,Liquidation◊Mieux notés,67.11,"4,93","14,99"
281,"Amherstburg, ON","Webcaméra Sylvania SWCM230 1080p, noir","Webcaméra Sylvania SWCM230 1080p, noir",4.93,"4,93 $",49.99,"Était±  49,99 $prix était 49,99 $",4.93,"4,93 $",4.93,"4,93 $",true,https://www.canadiantire.ca/fr/pdp/webcamera-sylvania-swcm230-1080p-noir-0691921p.html,https://www.canadiantire.ca/fr/pdp/webcamera-sylvania-swcm230-1080p-noir-0691921p.html,https://media-www.canadiantire.ca/product/living/electronics/home-communications/0691921/sylvania-1080p-webcam-swcm230-a8eab816-dbf4-411f-a774-01f0d4d976f7-jpgrendition.jpg?im=whresize&wid=200&hei=200,https://media-www.canadiantire.ca/product/living/electronics/home-communications/0691921/sylvania-1080p-webcam-swcm230-a8eab816-dbf4-411f-a774-01f0d4d976f7-jpgrendition.jpg?im=whresize&wid=200&hei=200,,0691921,069-1921-0,Il n’en reste que 1 #069-1921-0,Liquidation◊,90.14,"4,93","49,99"
281,"Amherstburg, ON","Câble d'attache à clé rétractable long Master Lock, 3 pi","Câble d'attache à clé rétractable long Master Lock, 3 pi",6.93,"6,93 $",13.99,"Était±  13,99 $prix était 13,99 $",6.93,"6,93 $",6.93,"6,93 $",true,https://www.canadiantire.ca/fr/pdp/cable-d-attache-a-cle-retractable-long-master-lock-3-pi-0463554p.html,https://www.canadiantire.ca/fr/pdp/cable-d-attache-a-cle-retractable-long-master-lock-3-pi-0463554p.html,https://media-www.canadiantire.ca/product/fixing/hardware/curb-appeal/0463554/3ft-long-retractable-key-tether-cable-c6dc12e5-9988-4281-bac4-ff2e7bf5c619-jpgrendition.jpg?im=whresize&wid=200&hei=200,https://media-www.canadiantire.ca/product/fixing/hardware/curb-appeal/0463554/3ft-long-retractable-key-tether-cable-c6dc12e5-9988-4281-bac4-ff2e7bf5c619-jpgrendition.jpg?im=whresize&wid=200&hei=200,,0463554,046-3554-6,Il n’en reste que 3 #046-3554-6,Liquidation◊,50.46,"6,93","13,99"
281,"Amherstburg, ON",Coussin de siège chauffant portatif USB Outbound,Coussin de siège chauffant portatif USB Outbound,17.93,"17,93 $",44.99,"Était±  44,99 $prix était 44,99 $",17.93,"17,93 $",17.93,"17,93 $",true,https://www.canadiantire.ca/fr/pdp/coussin-de-siege-chauffant-portatif-usb-outbound-0766474p.html,https://www.canadiantire.ca/fr/pdp/coussin-de-siege-chauffant-portatif-usb-outbound-0766474p.html,https://media-www.canadiantire.ca/product/playing/camping/camping-furniture/0766474/outbound-usb-portable-heated-seat-cushion-c542fbde-2339-428c-b39b-1be369bca931-jpgrendition.jpg?im=whresize&wid=200&hei=200,https://media-www.canadiantire.ca/product/playing/camping/camping-furniture/0766474/outbound-usb-portable-heated-seat-cushion-c542fbde-2339-428c-b39b-1be369bca931-jpgrendition.jpg?im=whresize&wid=200&hei=200,,0766474,076-6474-6,57 En Stock#076-6474-6,Liquidation◊Exclusivité,60.15,"17,93","44,99"
281,"Amherstburg, ON","‌Bottes-pantalons à chaussons Outbound, femmes, vert","‌Bottes-pantalons à chaussons Outbound, femmes, vert",62.93,"62,93 $",129.99,"129,99 $Était   et+ prix était à partir de 129,99 $",62.93,"62,93 $",62.93,"62,93 $",true,https://www.canadiantire.ca/fr/pdp/-bottes-pantalons-a-chaussons-outbound-femmes-vert-1783710p.html,https://www.canadiantire.ca/fr/pdp/-bottes-pantalons-a-chaussons-outbound-femmes-vert-1783710p.html,https://media-www.canadiantire.ca/product/playing/fishing/fishing-accessories/1783710/outbound-women-s-bootfoot-wader-s6-60837388-8ecc-4d07-83f7-bfbeaeb56e53-jpgrendition.jpg?im=whresize&wid=200&hei=200,https://media-www.canadiantire.ca/product/playing/fishing/fishing-accessories/1783710/outbound-women-s-bootfoot-wader-s6-60837388-8ecc-4d07-83f7-bfbeaeb56e53-jpgrendition.jpg?im=whresize&wid=200&hei=200,,1783710,178-3710,Vérifiez la disponibilité#178-3710X,Liquidation◊Exclusivité,51.59,"62,93","129,99"
281,"Amherstburg, ON",Chaise de camping pliante Woods Terra Powerlite avec plateforme de sable/neige et étui de transport,Chaise de camping pliante Woods Terra Powerlite avec plateforme de sable/neige et étui de transport,39.93,"39,93 $",84.99,"Était±  84,99 $prix était 84,99 $",39.93,"39,93 $",39.93,"39,93 $",true,https://www.canadiantire.ca/fr/pdp/chaise-de-camping-pliante-woods-terra-powerlite-avec-plateforme-de-sable-neige-et-etui-de-transport-0763212p.html,https://www.canadiantire.ca/fr/pdp/chaise-de-camping-pliante-woods-terra-powerlite-avec-plateforme-de-sable-neige-et-etui-de-transport-0763212p.html,https://media-www.canadiantire.ca/product/playing/camping/camping-furniture/0763212/woods-terra-powerlite-chair-0049ffb3-4e8a-4133-bf02-75a91c87dcf0-jpgrendition.jpg?im=whresize&wid=200&hei=200,https://media-www.canadiantire.ca/product/playing/camping/camping-furniture/0763212/woods-terra-powerlite-chair-0049ffb3-4e8a-4133-bf02-75a91c87dcf0-jpgrendition.jpg?im=whresize&wid=200&hei=200,,0763212,076-3212-8,Il n’en reste que 1 #076-3212-8,Liquidation◊Exclusivité,53.02,"39,93","84,99"
281,"Amherstburg, ON","Additif pour haleine fraîche Well & Good pour chiens, 473 mL","Additif pour haleine fraîche Well & Good pour chiens, 473 mL",4.92,"4,92 $",9.99,"Était±  9,99 $prix était 9,99 $",4.92,"4,92 $",4.92,"4,92 $",true,https://www.canadiantire.ca/fr/pdp/additif-pour-haleine-fraiche-well-good-pour-chiens-473-ml-1424483p.html,https://www.canadiantire.ca/fr/pdp/additif-pour-haleine-fraiche-well-good-pour-chiens-473-ml-1424483p.html,https://media-www.canadiantire.ca/product/living/pet-care/pet-accessories/1424483/petco-fresh-breath-water-additive-for-dogs-db944d4e-ef95-46e1-b205-bfd1e9385954-jpgrendition.jpg?im=whresize&wid=200&hei=200,https://media-www.canadiantire.ca/product/living/pet-care/pet-accessories/1424483/petco-fresh-breath-water-additive-for-dogs-db944d4e-ef95-46e1-b205-bfd1e9385954-jpgrendition.jpg?im=whresize&wid=200&hei=200,,1424483,142-4483-8,Il n’en reste que 1 #142-4483-8,Liquidation◊Mieux notés,50.75,"4,92","9,99"
281,"Amherstburg, ON","For Living Lakeside - Rideaux en tissu pour gazebo, beige, 118 x 118 x 79 po","For Living Lakeside - Rideaux en tissu pour gazebo, beige, 118 x 118 x 79 po",94.93,"94,93 $",189.99,"Était±  189,99 $prix était 189,99 $",94.93,"94,93 $",94.93,"94,93 $",true,https://www.canadiantire.ca/fr/pdp/for-living-lakeside-rideaux-en-tissu-pour-gazebo-beige-118-x-118-x-79-po-0881611p.html,https://www.canadiantire.ca/fr/pdp/for-living-lakeside-rideaux-en-tissu-pour-gazebo-beige-118-x-118-x-79-po-0881611p.html,https://media-www.canadiantire.ca/product/seasonal-gardening/backyard-living/outdoor-furniture/0881611/for-living-lakeside-collection-gazebo-walls--fb0de629-9d30-43df-87ce-ac2c6bbf67d9-jpgrendition.jpg?im=whresize&wid=200&hei=200,https://media-www.canadiantire.ca/product/seasonal-gardening/backyard-living/outdoor-furniture/0881611/for-living-lakeside-collection-gazebo-walls--fb0de629-9d30-43df-87ce-ac2c6bbf67d9-jpgrendition.jpg?im=whresize&wid=200&hei=200,,0881611,088-1611-2,Il n’en reste que 1 #088-1611-2,Liquidation◊Exclusivité,50.03,"94,93","189,99"
281,"Amherstburg, ON",Détecteur de métal étanche Minelab GoFind 66 avec écran ACL,Détecteur de métal étanche Minelab GoFind 66 avec écran ACL,159.93,"159,93 $",349.99,"Était±  349,99 $prix était 349,99 $",159.93,"159,93 $",159.93,"159,93 $",true,https://www.canadiantire.ca/fr/pdp/detecteur-de-metal-etanche-minelab-gofind-66-avec-ecran-acl-0792211p.html,https://www.canadiantire.ca/fr/pdp/detecteur-de-metal-etanche-minelab-gofind-66-avec-ecran-acl-0792211p.html,https://media-www.canadiantire.ca/product/playing/camping/camping-living/0792211/gofind66-metal-detector-f0eadd38-468a-46ff-a696-db03bfc88748-jpgrendition.jpg?im=whresize&wid=200&hei=200,https://media-www.canadiantire.ca/product/playing/camping/camping-living/0792211/gofind66-metal-detector-f0eadd38-468a-46ff-a696-db03bfc88748-jpgrendition.jpg?im=whresize&wid=200&hei=200,,0792211,079-2211-0,Il n’en reste que 4 #079-2211-0,Liquidation◊,54.3,"159,93","349,99"
281,"Amherstburg, ON","Polisseuse orbitale sans fil à 1 vitesse au lithium-ion 20 V Max Mastercraft, avec tampons, 7 po, outil seulement, compatible avec batterie PWR POD","Polisseuse orbitale sans fil à 1 vitesse au lithium-ion 20 V Max Mastercraft, avec tampons, 7 po, outil seulement, compatible avec batterie PWR POD",49.93,"49,93 $",99.99,"Était±  99,99 $prix était 99,99 $",49.93,"49,93 $",49.93,"49,93 $",true,https://www.canadiantire.ca/fr/pdp/polisseuse-orbitale-sans-fil-a-1-vitesse-au-lithium-ion-20-v-max-mastercraft-avec-tampons-7-po-outil-seulement-compatible-avec-batterie-pwr-pod-0547285p.html,https://www.canadiantire.ca/fr/pdp/polisseuse-orbitale-sans-fil-a-1-vitesse-au-lithium-ion-20-v-max-mastercraft-avec-tampons-7-po-outil-seulement-compatible-avec-batterie-pwr-pod-0547285p.html,https://media-www.canadiantire.ca/product/fixing/tools/portable-power-tools/0547285/mastercraft-20v-li-ion-7-buffer-polisher-bare-tool-38d172fe-8874-4974-9581-d1146f87c51d-jpgrendition.jpg?im=whresize&wid=200&hei=200,https://media-www.canadiantire.ca/product/fixing/tools/portable-power-tools/0547285/mastercraft-20v-li-ion-7-buffer-polisher-bare-tool-38d172fe-8874-4974-9581-d1146f87c51d-jpgrendition.jpg?im=whresize&wid=200&hei=200,,0547285,054-7285-2,Il n’en reste que 1 #054-7285-2,Liquidation◊Exclusivité,50.07,"49,93","99,99"
281,"Amherstburg, ON","Carreaux muraux autoadhésifs peler et coller pour cuisine et salle de bain Smart Tiles, Milenza Vasto","Carreaux muraux autoadhésifs peler et coller pour cuisine et salle de bain Smart Tiles, Milenza Vasto",19.93,"19,93 $",39.99,"Était±  39,99 $prix était 39,99 $",19.93,"19,93 $",19.93,"19,93 $",true,https://www.canadiantire.ca/fr/pdp/carreaux-muraux-autoadhesifs-peler-et-coller-pour-cuisine-et-salle-de-bain-smart-tiles-milenza-vasto-0702238p.html,https://www.canadiantire.ca/fr/pdp/carreaux-muraux-autoadhesifs-peler-et-coller-pour-cuisine-et-salle-de-bain-smart-tiles-milenza-vasto-0702238p.html,https://media-www.canadiantire.ca/product/fixing/paint/paints/0702238/smart-tiles-peel-stick-milenza-vasto-f7dcc2f5-f1cd-4e23-871a-bc38907dfa4e-jpgrendition.jpg?im=whresize&wid=200&hei=200,https://media-www.canadiantire.ca/product/fixing/paint/paints/0702238/smart-tiles-peel-stick-milenza-vasto-f7dcc2f5-f1cd-4e23-871a-bc38907dfa4e-jpgrendition.jpg?im=whresize&wid=200&hei=200,,0702238,070-2238-6,Il n’en reste que 2 #070-2238-6,Liquidation◊Mieux notés,50.16,"19,93","39,99"
281,"Amherstburg, ON","Verrou de sûreté et stabilité pour climatiseur de fenêtre, acier","Verrou de sûreté et stabilité pour climatiseur de fenêtre, acier",4.93,"4,93 $",14.99,"Était±  14,99 $prix était 14,99 $",4.93,"4,93 $",4.93,"4,93 $",true,https://www.canadiantire.ca/fr/pdp/verrou-de-surete-et-stabilite-pour-climatiseur-de-fenetre-acier-0438292p.html,https://www.canadiantire.ca/fr/pdp/verrou-de-surete-et-stabilite-pour-climatiseur-de-fenetre-acier-0438292p.html,https://media-www.canadiantire.ca/product/fixing/home-environment/summer-climate-control/0438292/ac-security-and-stability-lock-f569c610-919c-4028-99bb-bf495321ada1-jpgrendition.jpg?im=whresize&wid=200&hei=200,https://media-www.canadiantire.ca/product/fixing/home-environment/summer-climate-control/0438292/ac-security-and-stability-lock-f569c610-919c-4028-99bb-bf495321ada1-jpgrendition.jpg?im=whresize&wid=200&hei=200,,0438292,043-8292-4,Il n’en reste que 1 #043-8292-4,Liquidation◊,67.11,"4,93","14,99"
281,"Amherstburg, ON","Tapis de bain recyclé, bleu, 20 x 34 po","Tapis de bain recyclé, bleu, 20 x 34 po",14.93,"14,93 $",29.99,"Était±  29,99 $prix était 29,99 $",14.93,"14,93 $",14.93,"14,93 $",true,https://www.canadiantire.ca/fr/pdp/tapis-de-bain-recycle-bleu-20-x-34-po-0632702p.html,https://www.canadiantire.ca/fr/pdp/tapis-de-bain-recycle-bleu-20-x-34-po-0632702p.html,https://media-www.canadiantire.ca/product/living/home-decor/bed-bath-decor/0632702/blue-recycled-bath-mat-20x34-2b58cdb4-b685-4613-bd7b-47751229be82-jpgrendition.jpg?im=whresize&wid=200&hei=200,https://media-www.canadiantire.ca/product/living/home-decor/bed-bath-decor/0632702/blue-recycled-bath-mat-20x34-2b58cdb4-b685-4613-bd7b-47751229be82-jpgrendition.jpg?im=whresize&wid=200&hei=200,,0632702,063-2702-8,Il n’en reste que 2 #063-2702-8,Liquidation◊,50.22,"14,93","29,99"
281,"Amherstburg, ON","Surligneurs BIC Brite Liner Grip à pointe biseautée, couleurs variées, paq. 5","Surligneurs BIC Brite Liner Grip à pointe biseautée, couleurs variées, paq. 5",2.93,"2,93 $",5.99,"Était±  5,99 $prix était 5,99 $",2.93,"2,93 $",2.93,"2,93 $",true,https://www.canadiantire.ca/fr/pdp/surligneurs-bic-brite-liner-grip-a-pointe-biseautee-couleurs-variees-paq-5-2420351p.html,https://www.canadiantire.ca/fr/pdp/surligneurs-bic-brite-liner-grip-a-pointe-biseautee-couleurs-variees-paq-5-2420351p.html,https://media-www.canadiantire.ca/product/seasonal-gardening/toys/home-office-supplies/2420351/bic-brite-liner-grip-chisel-point-5pk-ast-f0278621-4955-4f66-bea7-60b6e3bc3e6f-jpgrendition.jpg?im=whresize&wid=200&hei=200,https://media-www.canadiantire.ca/product/seasonal-gardening/toys/home-office-supplies/2420351/bic-brite-liner-grip-chisel-point-5pk-ast-f0278621-4955-4f66-bea7-60b6e3bc3e6f-jpgrendition.jpg?im=whresize&wid=200&hei=200,,2420351,242-0351-8,Il n’en reste que 4 #242-0351-8,Liquidation◊Mieux notés,51.09,"2,93","5,99"
281,"Amherstburg, ON","Sac de couchage de camping large et grand Coleman Contour, 4,44 °C","Sac de couchage de camping large et grand Coleman Contour, 4,44 °C",89.93,"89,93 $",199.99,"Était±  199,99 $prix était 199,99 $",89.93,"89,93 $",89.93,"89,93 $",true,https://www.canadiantire.ca/fr/pdp/sac-de-couchage-de-camping-large-et-grand-coleman-contour-4-44-c-0763783p.html,https://www.canadiantire.ca/fr/pdp/sac-de-couchage-de-camping-large-et-grand-coleman-contour-4-44-c-0763783p.html,https://media-www.canadiantire.ca/product/playing/camping/camping-furniture/0763783/coleman-big-bay-contour-sleeping-bag-5c-298d00af-28b3-49f4-9d08-49c68dae5474-jpgrendition.jpg?im=whresize&wid=200&hei=200,https://media-www.canadiantire.ca/product/playing/camping/camping-furniture/0763783/coleman-big-bay-contour-sleeping-bag-5c-298d00af-28b3-49f4-9d08-49c68dae5474-jpgrendition.jpg?im=whresize&wid=200&hei=200,,0763783,076-3783-8,Il n’en reste que 1 #076-3783-8,Liquidation◊Mieux notés,55.03,"89,93","199,99"
281,"Amherstburg, ON","Ensemble-cadeau Vermont Castings, paq. 4","Ensemble-cadeau Vermont Castings, paq. 4",49.93,"49,93 $",109.99,"Était±  109,99 $prix était 109,99 $",49.93,"49,93 $",49.93,"49,93 $",true,https://www.canadiantire.ca/fr/pdp/ensemble-cadeau-vermont-castings-paq-4-0852168p.html,https://www.canadiantire.ca/fr/pdp/ensemble-cadeau-vermont-castings-paq-4-0852168p.html,https://media-www.canadiantire.ca/product/seasonal-gardening/backyard-living/outdoor-cooking-accessories/0852168/vermont-castings-4-piece-gift-set-5a0656b8-6337-41f4-9472-1c0392273563-jpgrendition.jpg?im=whresize&wid=200&hei=200,https://media-www.canadiantire.ca/product/seasonal-gardening/backyard-living/outdoor-cooking-accessories/0852168/vermont-castings-4-piece-gift-set-5a0656b8-6337-41f4-9472-1c0392273563-jpgrendition.jpg?im=whresize&wid=200&hei=200,,0852168,085-2168-8,Il n’en reste que 3 #085-2168-8,Liquidation◊Mieux notés,54.6,"49,93","109,99"
281,"Amherstburg, ON","Tapis de chargement sans fil Bluehive avec lampe DEL pour appareils compatibles Qi, blanc","Tapis de chargement sans fil Bluehive avec lampe DEL pour appareils compatibles Qi, blanc",9.93,"9,93 $",39.99,"Était±  39,99 $prix était 39,99 $",9.93,"9,93 $",9.93,"9,93 $",true,https://www.canadiantire.ca/fr/pdp/tapis-de-chargement-sans-fil-bluehive-avec-lampe-del-pour-appareils-compatibles-qi-blanc-0357352p.html,https://www.canadiantire.ca/fr/pdp/tapis-de-chargement-sans-fil-bluehive-avec-lampe-del-pour-appareils-compatibles-qi-blanc-0357352p.html,https://media-www.canadiantire.ca/product/automotive/car-care-accessories/auto-electronics/0357352/bluehive-wireless-charge-pad-with-led-lamp-white-c89dbf13-ea92-4073-8a17-9414b9908e7b-jpgrendition.jpg?im=whresize&wid=200&hei=200,https://media-www.canadiantire.ca/product/automotive/car-care-accessories/auto-electronics/0357352/bluehive-wireless-charge-pad-with-led-lamp-white-c89dbf13-ea92-4073-8a17-9414b9908e7b-jpgrendition.jpg?im=whresize&wid=200&hei=200,,0357352,035-7352-8,Il n’en reste que 4 #035-7352-8,Liquidation◊Articles à succès,75.17,"9,93","39,99"
281,"Amherstburg, ON","Prise de courant rétractable d'intérieur Thomas & Betts 37214-720 avec collier de verrouillage, noir, 6 pi","Prise de courant rétractable d'intérieur Thomas & Betts 37214-720 avec collier de verrouillage, noir, 6 pi",19.93,"19,93 $",44.99,"Était±  44,99 $prix était 44,99 $",19.93,"19,93 $",19.93,"19,93 $",true,https://www.canadiantire.ca/fr/pdp/prise-de-courant-retractable-d-interieur-thomas-betts-37214-720-avec-collier-de-verrouillage-noir-6-pi-0521598p.html,https://www.canadiantire.ca/fr/pdp/prise-de-courant-retractable-d-interieur-thomas-betts-37214-720-avec-collier-de-verrouillage-noir-6-pi-0521598p.html,https://media-www.canadiantire.ca/product/fixing/electrical/rough-electrical/0521598/retractable-receptacle-58854868-66f4-4ab4-8fc9-cc369285d148-jpgrendition.jpg?im=whresize&wid=200&hei=200,https://media-www.canadiantire.ca/product/fixing/electrical/rough-electrical/0521598/retractable-receptacle-58854868-66f4-4ab4-8fc9-cc369285d148-jpgrendition.jpg?im=whresize&wid=200&hei=200,,0521598,052-1598-8,Il n’en reste que 2 #052-1598-8,Liquidation◊Mieux notés,55.7,"19,93","44,99"
281,"Amherstburg, ON","Range-accessoires de douche en coin Umbra Flex Gel-Lock, antirouille, avec crochets, blanc","Range-accessoires de douche en coin Umbra Flex Gel-Lock, antirouille, avec crochets, blanc",9.93,"9,93 $",19.99,"Était±  19,99 $prix était 19,99 $",9.93,"9,93 $",9.93,"9,93 $",true,https://www.canadiantire.ca/fr/pdp/range-accessoires-de-douche-en-coin-umbra-flex-gel-lock-antirouille-avec-crochets-blanc-0636277p.html,https://www.canadiantire.ca/fr/pdp/range-accessoires-de-douche-en-coin-umbra-flex-gel-lock-antirouille-avec-crochets-blanc-0636277p.html,https://media-www.canadiantire.ca/product/living/home-decor/bed-bath-decor/0636277/umbra-flex-suction-corner-caddy-5e04d773-e089-49d2-8594-fdc513b73a74-jpgrendition.jpg?im=whresize&wid=200&hei=200,https://media-www.canadiantire.ca/product/living/home-decor/bed-bath-decor/0636277/umbra-flex-suction-corner-caddy-5e04d773-e089-49d2-8594-fdc513b73a74-jpgrendition.jpg?im=whresize&wid=200&hei=200,,0636277,063-6277-6,Il n’en reste que 2 #063-6277-6,Liquidation◊,50.33,"9,93","19,99"
281,"Amherstburg, ON","Lustre doré à 10 lampes CANVAS Marlene, or brossé","Lustre doré à 10 lampes CANVAS Marlene, or brossé",89.93,"89,93 $",249.99,"Était±  249,99 $prix était 249,99 $",89.93,"89,93 $",89.93,"89,93 $",true,https://www.canadiantire.ca/fr/pdp/lustre-dore-a-10-lampes-canvas-marlene-or-brosse-1522611p.html,https://www.canadiantire.ca/fr/pdp/lustre-dore-a-10-lampes-canvas-marlene-or-brosse-1522611p.html,https://media-www.canadiantire.ca/product/living/home-decor/lighting/1522611/canvas-wilton-chandelier-e74d26bf-c6d4-4a18-a36d-c8dcdb26b92e-jpgrendition.jpg?im=whresize&wid=200&hei=200,https://media-www.canadiantire.ca/product/living/home-decor/lighting/1522611/canvas-wilton-chandelier-e74d26bf-c6d4-4a18-a36d-c8dcdb26b92e-jpgrendition.jpg?im=whresize&wid=200&hei=200,,1522611,152-2611-2,Il n’en reste que 1 #152-2611-2,Liquidation◊Mieux notés,64.03,"89,93","249,99"
281,"Amherstburg, ON","Crochet en J pour rangement de garage NOMA, 3,5 po, paq. 4","Crochet en J pour rangement de garage NOMA, 3,5 po, paq. 4",2.93,"2,93 $",7.49,"Était±  7,49 $prix était 7,49 $",2.93,"2,93 $",2.93,"2,93 $",true,https://www.canadiantire.ca/fr/pdp/crochet-en-j-pour-rangement-de-garage-noma-3-5-po-paq-4-0521437p.html,https://www.canadiantire.ca/fr/pdp/crochet-en-j-pour-rangement-de-garage-noma-3-5-po-paq-4-0521437p.html,https://media-www.canadiantire.ca/product/fixing/electrical/power-bars-extension-cords-timers/0521437/noma-j-hook-extension-cord-holder-88mm-6c5d8d89-21df-40de-82c7-c7d29b631092-jpgrendition.jpg?im=whresize&wid=200&hei=200,https://media-www.canadiantire.ca/product/fixing/electrical/power-bars-extension-cords-timers/0521437/noma-j-hook-extension-cord-holder-88mm-6c5d8d89-21df-40de-82c7-c7d29b631092-jpgrendition.jpg?im=whresize&wid=200&hei=200,,0521437,052-1437-2,Il n’en reste que 3 #052-1437-2,Liquidation◊Mieux notés,60.88,"2,93","7,49"
281,"Amherstburg, ON","Mini outil de massage Sport Tec pour après l'entraînement, 4 vitesses, noir","Mini outil de massage Sport Tec pour après l'entraînement, 4 vitesses, noir",44.93,"44,93 $",99.99,"Était±  99,99 $prix était 99,99 $",44.93,"44,93 $",44.93,"44,93 $",true,https://www.canadiantire.ca/fr/pdp/mini-outil-de-massage-sport-tec-pour-apres-l-entrainement-4-vitesses-noir-1841628p.html,https://www.canadiantire.ca/fr/pdp/mini-outil-de-massage-sport-tec-pour-apres-l-entrainement-4-vitesses-noir-1841628p.html,https://media-www.canadiantire.ca/product/playing/exercise/exercise-accessories/1841628/sport-tec-mini-massage-tool-3b3ae4f1-559f-4688-8f51-fd3fdd0b61c0-jpgrendition.jpg?im=whresize&wid=200&hei=200,https://media-www.canadiantire.ca/product/playing/exercise/exercise-accessories/1841628/sport-tec-mini-massage-tool-3b3ae4f1-559f-4688-8f51-fd3fdd0b61c0-jpgrendition.jpg?im=whresize&wid=200&hei=200,,1841628,184-1628-4,Il n’en reste que 1 #184-1628-4,Liquidation◊,55.07,"44,93","99,99"
281,"Amherstburg, ON",La station de chargement sans fil avec tapis de 10 W de Bluehive est compatible avec la plupart des appareils compatibles Qi,La station de chargement sans fil avec tapis de 10 W de Bluehive est compatible avec la plupart des appareils compatibles Qi,14.93,"14,93 $",42.99,"Était±  42,99 $prix était 42,99 $",14.93,"14,93 $",14.93,"14,93 $",true,https://www.canadiantire.ca/fr/pdp/la-station-de-chargement-sans-fil-avec-tapis-de-10-w-de-bluehive-est-compatible-avec-la-plupart-des-appareils-compatibles-qi-0355501p.html,https://www.canadiantire.ca/fr/pdp/la-station-de-chargement-sans-fil-avec-tapis-de-10-w-de-bluehive-est-compatible-avec-la-plupart-des-appareils-compatibles-qi-0355501p.html,https://media-www.canadiantire.ca/product/automotive/car-care-accessories/auto-electronics/0355501/bluehive-10w-fabric-wireless-charging-stand-pad-dff12d50-3081-4550-8e48-cecbe7fa230a-jpgrendition.jpg?im=whresize&wid=200&hei=200,https://media-www.canadiantire.ca/product/automotive/car-care-accessories/auto-electronics/0355501/bluehive-10w-fabric-wireless-charging-stand-pad-dff12d50-3081-4550-8e48-cecbe7fa230a-jpgrendition.jpg?im=whresize&wid=200&hei=200,,0355501,035-5501-6,Il n’en reste que 3 #035-5501-6,Liquidation◊Exclusivité,65.27,"14,93","42,99"
281,"Amherstburg, ON","Décorations Ballons d'anniversaire, paq. 18","Décorations Ballons d'anniversaire, paq. 18",6.93,"6,93 $",19.99,"Était±  19,99 $prix était 19,99 $",6.93,"6,93 $",6.93,"6,93 $",true,https://www.canadiantire.ca/fr/pdp/decorations-ballons-d-anniversaire-paq-18-8420292p.html,https://www.canadiantire.ca/fr/pdp/decorations-ballons-d-anniversaire-paq-18-8420292p.html,https://media-www.partycity.ca/product/seasonal-gardening/party-city-everyday/party-city-party-supplies-decor/8420292/rm-deco-kit-bday-clbrtn-416e879e-9e25-4fd1-85ed-3f102a4b7269-jpgrendition.jpg?im=whresize&wid=200&hei=200,https://media-www.partycity.ca/product/seasonal-gardening/party-city-everyday/party-city-party-supplies-decor/8420292/rm-deco-kit-bday-clbrtn-416e879e-9e25-4fd1-85ed-3f102a4b7269-jpgrendition.jpg?im=whresize&wid=200&hei=200,,8420292,842-0292-0,Il n’en reste que 6 #842-0292-0,Liquidation◊,65.33,"6,93","19,99"
281,"Amherstburg, ON",Leurre Lunkerhunt Magic Bean 1/4 oz,Leurre Lunkerhunt Magic Bean 1/4 oz,2.93,"2,93 $",6.99,"6,99 $Était   et+ prix était à partir de 6,99 $",2.93,"2,93 $",2.93,"2,93 $",true,https://www.canadiantire.ca/fr/pdp/leurre-lunkerhunt-magic-bean-1-4-oz-0776550p.html,https://www.canadiantire.ca/fr/pdp/leurre-lunkerhunt-magic-bean-1-4-oz-0776550p.html,https://media-www.canadiantire.ca/product/playing/fishing/fishing-lures/0776551/lunkerhunt-magic-beans-firetiger-1-piece-0-75-1-4oz-1fff1835-0dd8-479f-9ee8-a6e18e554edc-jpgrendition.jpg?im=whresize&wid=200&hei=200,https://media-www.canadiantire.ca/product/playing/fishing/fishing-lures/0776551/lunkerhunt-magic-beans-firetiger-1-piece-0-75-1-4oz-1fff1835-0dd8-479f-9ee8-a6e18e554edc-jpgrendition.jpg?im=whresize&wid=200&hei=200,,0776550,077-6550,Vérifiez la disponibilité#077-6550X,Liquidation◊,58.08,"2,93","6,99"
281,"Amherstburg, ON","Chargeur mural à 2 ports USB de type A Leviton T5632-754 Decora, avec prises inviolables 15 A, blanc, paq. 2","Chargeur mural à 2 ports USB de type A Leviton T5632-754 Decora, avec prises inviolables 15 A, blanc, paq. 2",19.93,"19,93 $",49.99,"Était±  49,99 $prix était 49,99 $",19.93,"19,93 $",19.93,"19,93 $",true,https://www.canadiantire.ca/fr/pdp/chargeur-mural-a-2-ports-usb-de-type-a-leviton-t5632-754-decora-avec-prises-inviolables-15-a-blanc-paq-2-0523698p.html,https://www.canadiantire.ca/fr/pdp/chargeur-mural-a-2-ports-usb-de-type-a-leviton-t5632-754-decora-avec-prises-inviolables-15-a-blanc-paq-2-0523698p.html,https://media-www.canadiantire.ca/product/fixing/electrical/rough-electrical/0523698/decora-usb-charger-tr-grounding-duplex-receptacle-2-pack-9118eec7-0044-4240-baf7-4a0e647a1dac-jpgrendition.jpg?im=whresize&wid=200&hei=200,https://media-www.canadiantire.ca/product/fixing/electrical/rough-electrical/0523698/decora-usb-charger-tr-grounding-duplex-receptacle-2-pack-9118eec7-0044-4240-baf7-4a0e647a1dac-jpgrendition.jpg?im=whresize&wid=200&hei=200,,0523698,052-3698-8,Il n’en reste que 1 #052-3698-8,Liquidation◊Mieux notés,60.13,"19,93","49,99"
281,"Amherstburg, ON","Caméra de recul de type S, HD 1080p","Caméra de recul de type S, HD 1080p",17.93,"17,93 $",99.99,"Était±  99,99 $prix était 99,99 $",17.93,"17,93 $",17.93,"17,93 $",true,https://www.canadiantire.ca/fr/pdp/camera-de-recul-de-type-s-hd-1080p-0350726p.html,https://www.canadiantire.ca/fr/pdp/camera-de-recul-de-type-s-hd-1080p-0350726p.html,https://media-www.canadiantire.ca/product/automotive/car-care-accessories/auto-electronics/0350726/type-s-app-view-backup-camera-df517b14-220b-4697-9be3-29f0fa4cc8d8-jpgrendition.jpg?im=whresize&wid=200&hei=200,https://media-www.canadiantire.ca/product/automotive/car-care-accessories/auto-electronics/0350726/type-s-app-view-backup-camera-df517b14-220b-4697-9be3-29f0fa4cc8d8-jpgrendition.jpg?im=whresize&wid=200&hei=200,,0350726,035-0726-2,Il n’en reste que 2 #035-0726-2,Liquidation◊,82.07,"17,93","99,99"
281,"Amherstburg, ON","Meule à aiguiser/affûter le métal en oxyde d'aluminium Dremel 8193 pour outil rotatif, 5/8 po","Meule à aiguiser/affûter le métal en oxyde d'aluminium Dremel 8193 pour outil rotatif, 5/8 po",4.93,"4,93 $",10.99,"Était±  10,99 $prix était 10,99 $",4.93,"4,93 $",4.93,"4,93 $",true,https://www.canadiantire.ca/fr/pdp/meule-a-aiguiser-affuter-le-metal-en-oxyde-d-aluminium-dremel-8193-pour-outil-rotatif-5-8-po-0544666p.html,https://www.canadiantire.ca/fr/pdp/meule-a-aiguiser-affuter-le-metal-en-oxyde-d-aluminium-dremel-8193-pour-outil-rotatif-5-8-po-0544666p.html,https://media-www.canadiantire.ca/product/fixing/tools/portable-power-tools/0544666/dremel-aluminum-oxide-bit-8193-7dcc4b9b-53a6-4cc0-b8f3-1263e80bccdc-jpgrendition.jpg?im=whresize&wid=200&hei=200,https://media-www.canadiantire.ca/product/fixing/tools/portable-power-tools/0544666/dremel-aluminum-oxide-bit-8193-7dcc4b9b-53a6-4cc0-b8f3-1263e80bccdc-jpgrendition.jpg?im=whresize&wid=200&hei=200,,0544666,054-4666-4,10 En Stock#054-4666-4,Liquidation◊Mieux notés,55.14,"4,93","10,99"
281,"Amherstburg, ON","Peinture de retouche Scratch Fix All-in-1, Grès clair (M) (PKG)","Peinture de retouche Scratch Fix All-in-1, Grès clair (M) (PKG)",4.93,"4,93 $",28.99,"Était±  28,99 $prix était 28,99 $",4.93,"4,93 $",4.93,"4,93 $",true,https://www.canadiantire.ca/fr/pdp/peinture-de-retouche-scratch-fix-all-in-1-gres-clair-m-pkg-0475171p.html,https://www.canadiantire.ca/fr/pdp/peinture-de-retouche-scratch-fix-all-in-1-gres-clair-m-pkg-0475171p.html,https://media-www.canadiantire.ca/product/automotive/car-care-accessories/auto-body-repair/0475171/scratch-fix-light-sandstone-met-all-in-1-fe826dba-92ee-4d37-92a6-2e2ef13c2ce9.png?im=whresize&wid=200&hei=200,https://media-www.canadiantire.ca/product/automotive/car-care-accessories/auto-body-repair/0475171/scratch-fix-light-sandstone-met-all-in-1-fe826dba-92ee-4d37-92a6-2e2ef13c2ce9.png?im=whresize&wid=200&hei=200,,0475171,047-5171-2,Il n’en reste que 1 #047-5171-2,Liquidation◊,82.99,"4,93","28,99"
281,"Amherstburg, ON","Sachets nettoyants pour tapis Hoover, nett.prof/animaux, paq. 14","Sachets nettoyants pour tapis Hoover, nett.prof/animaux, paq. 14",9.93,"9,93 $",19.99,"Était±  19,99 $prix était 19,99 $",9.93,"9,93 $",9.93,"9,93 $",true,https://www.canadiantire.ca/fr/pdp/sachets-nettoyants-pour-tapis-hoover-nett-prof-animaux-paq-14-1531872p.html,https://www.canadiantire.ca/fr/pdp/sachets-nettoyants-pour-tapis-hoover-nett-prof-animaux-paq-14-1531872p.html,https://media-www.canadiantire.ca/product/living/cleaning/household-cleaning-solutions/1531872/hoover-oxy-permanent-stain-removal-clean-pack-14-count-6483f862-06c3-4f95-8f7e-80ecf7f85294-jpgrendition.jpg?im=whresize&wid=200&hei=200,https://media-www.canadiantire.ca/product/living/cleaning/household-cleaning-solutions/1531872/hoover-oxy-permanent-stain-removal-clean-pack-14-count-6483f862-06c3-4f95-8f7e-80ecf7f85294-jpgrendition.jpg?im=whresize&wid=200&hei=200,,1531872,153-1872-4,Il n’en reste que 3 #153-1872-4,Liquidation◊Mieux notés,50.33,"9,93","19,99"
281,"Amherstburg, ON","Carreaux muraux autoadhésifs peler et coller pour cuisine et salle de bain Smart Tiles, Bellagio Nola","Carreaux muraux autoadhésifs peler et coller pour cuisine et salle de bain Smart Tiles, Bellagio Nola",19.93,"19,93 $",39.99,"Était±  39,99 $prix était 39,99 $",19.93,"19,93 $",19.93,"19,93 $",true,https://www.canadiantire.ca/fr/pdp/carreaux-muraux-autoadhesifs-peler-et-coller-pour-cuisine-et-salle-de-bain-smart-tiles-bellagio-nola-0702233p.html,https://www.canadiantire.ca/fr/pdp/carreaux-muraux-autoadhesifs-peler-et-coller-pour-cuisine-et-salle-de-bain-smart-tiles-bellagio-nola-0702233p.html,https://media-www.canadiantire.ca/product/fixing/paint/paints/0702233/smart-tiles-peel-stick-bellagio-nola-tiles-5e500e5a-aa52-4bcf-b184-7c14fb4d75f5-jpgrendition.jpg?im=whresize&wid=200&hei=200,https://media-www.canadiantire.ca/product/fixing/paint/paints/0702233/smart-tiles-peel-stick-bellagio-nola-tiles-5e500e5a-aa52-4bcf-b184-7c14fb4d75f5-jpgrendition.jpg?im=whresize&wid=200&hei=200,,0702233,070-2233-6,Il n’en reste que 2 #070-2233-6,Liquidation◊Mieux notés,50.16,"19,93","39,99"
281,"Amherstburg, ON","Câbles de sécurité Reese, paire, 5 000 lb, 40 po","Câbles de sécurité Reese, paire, 5 000 lb, 40 po",24.93,"24,93 $",52.99,"Était±  52,99 $prix était 52,99 $",24.93,"24,93 $",24.93,"24,93 $",true,https://www.canadiantire.ca/fr/pdp/cables-de-securite-reese-paire-5-000-lb-40-po-0408286p.html,https://www.canadiantire.ca/fr/pdp/cables-de-securite-reese-paire-5-000-lb-40-po-0408286p.html,https://media-www.canadiantire.ca/product/automotive/automotive-outdoor-adventure/auto-travel-storage/0408286/reese-towpower-5000lbs-safety-cables-1a91c9f9-73eb-4f9d-811b-cb77eb5be457-jpgrendition.jpg?im=whresize&wid=200&hei=200,https://media-www.canadiantire.ca/product/automotive/automotive-outdoor-adventure/auto-travel-storage/0408286/reese-towpower-5000lbs-safety-cables-1a91c9f9-73eb-4f9d-811b-cb77eb5be457-jpgrendition.jpg?im=whresize&wid=200&hei=200,,0408286,040-8286-6,Il n’en reste que 4 #040-8286-6,Liquidation◊Mieux notés,52.95,"24,93","52,99"
281,"Amherstburg, ON","Peinture de retouche Scratch Fix All-in-1, Ocre des prairies pâle (M) (BA)","Peinture de retouche Scratch Fix All-in-1, Ocre des prairies pâle (M) (BA)",4.93,"4,93 $",28.99,"Était±  28,99 $prix était 28,99 $",4.93,"4,93 $",4.93,"4,93 $",true,https://www.canadiantire.ca/fr/pdp/peinture-de-retouche-scratch-fix-all-in-1-ocre-des-prairies-pale-m-ba-0474970p.html,https://www.canadiantire.ca/fr/pdp/peinture-de-retouche-scratch-fix-all-in-1-ocre-des-prairies-pale-m-ba-0474970p.html,https://media-www.canadiantire.ca/product/automotive/car-care-accessories/auto-body-repair/0474970/scratch-fix-ford-lt-prairie-tan-m-all-in-1-98164696-3789-4c44-bd6e-c894bc264f76.png?im=whresize&wid=200&hei=200,https://media-www.canadiantire.ca/product/automotive/car-care-accessories/auto-body-repair/0474970/scratch-fix-ford-lt-prairie-tan-m-all-in-1-98164696-3789-4c44-bd6e-c894bc264f76.png?im=whresize&wid=200&hei=200,,0474970,047-4970-6,Il n’en reste que 2 #047-4970-6,Liquidation◊Mieux notés,82.99,"4,93","28,99"
281,"Amherstburg, ON",Leurre Jackfish,Leurre Jackfish,1.43,"1,43 $",3.99,"Était±  3,99 $prix était 3,99 $",1.43,"1,43 $",1.43,"1,43 $",true,https://www.canadiantire.ca/fr/pdp/leurre-jackfish-0781601p.html,https://www.canadiantire.ca/fr/pdp/leurre-jackfish-0781601p.html,https://media-www.canadiantire.ca/product/playing/fishing/fishing-lures/0781601/danielson-jackfish-rig-3ee1ba70-67ef-42f2-9cf6-baa41474f396-jpgrendition.jpg?im=whresize&wid=200&hei=200,https://media-www.canadiantire.ca/product/playing/fishing/fishing-lures/0781601/danielson-jackfish-rig-3ee1ba70-67ef-42f2-9cf6-baa41474f396-jpgrendition.jpg?im=whresize&wid=200&hei=200,,0781601,078-1601-0,,Liquidation◊Mieux notés,64.16,"1,43","3,99"
281,"Amherstburg, ON","Trousse d'embout de pulvérisation de peinture Graco TrueCoat 360, limite la surpulvérisation","Trousse d'embout de pulvérisation de peinture Graco TrueCoat 360, limite la surpulvérisation",12.93,"12,93 $",33.99,"Était±  33,99 $prix était 33,99 $",12.93,"12,93 $",12.93,"12,93 $",true,https://www.canadiantire.ca/fr/pdp/trousse-d-embout-de-pulverisation-de-peinture-graco-truecoat-360-limite-la-surpulverisation-0492579p.html,https://www.canadiantire.ca/fr/pdp/trousse-d-embout-de-pulverisation-de-peinture-graco-truecoat-360-limite-la-surpulverisation-0492579p.html,https://media-www.canadiantire.ca/product/fixing/paint/paint-accessories/0492579/truecoat-360-paint-tip-kit-257171c4-e90d-4afe-bce1-89070aafb21a-jpgrendition.jpg?im=whresize&wid=200&hei=200,https://media-www.canadiantire.ca/product/fixing/paint/paint-accessories/0492579/truecoat-360-paint-tip-kit-257171c4-e90d-4afe-bce1-89070aafb21a-jpgrendition.jpg?im=whresize&wid=200&hei=200,,0492579,049-2579-8,Il n’en reste que 1 #049-2579-8,Liquidation◊Mieux notés,61.96,"12,93","33,99"
281,"Amherstburg, ON",Clé en croix universelle Billy Club avec rallonge de 3 po,Clé en croix universelle Billy Club avec rallonge de 3 po,12.93,"12,93 $",44.99,"Était±  44,99 $prix était 44,99 $",12.93,"12,93 $",12.93,"12,93 $",true,https://www.canadiantire.ca/fr/pdp/cle-en-croix-universelle-billy-club-avec-rallonge-de-3-po-0090225p.html,https://www.canadiantire.ca/fr/pdp/cle-en-croix-universelle-billy-club-avec-rallonge-de-3-po-0090225p.html,https://media-www.canadiantire.ca/product/automotive/auto-maintenance/auto-shop-equipment-supplies/0090225/billy-club-lug-wrench-d0ad2f42-37bc-4a09-8ae1-35297fc600c5-jpgrendition.jpg?im=whresize&wid=200&hei=200,https://media-www.canadiantire.ca/product/automotive/auto-maintenance/auto-shop-equipment-supplies/0090225/billy-club-lug-wrench-d0ad2f42-37bc-4a09-8ae1-35297fc600c5-jpgrendition.jpg?im=whresize&wid=200&hei=200,,0090225,009-0225-8,Il n’en reste que 2 #009-0225-8,Liquidation◊Mieux notés,71.26,"12,93","44,99"
281,"Amherstburg, ON","Assainisseur d'air à pince pour bouche d'air Febreze AUTO, poire croquante, 2,2 mL, paq. 2","Assainisseur d'air à pince pour bouche d'air Febreze AUTO, poire croquante, 2,2 mL, paq. 2",3.93,"3,93 $",9.49,"Était±  9,49 $prix était 9,49 $",3.93,"3,93 $",3.93,"3,93 $",true,https://www.canadiantire.ca/fr/pdp/assainisseur-d-air-a-pince-pour-bouche-d-air-febreze-auto-poire-croquante-2-2-ml-paq-2-0374886p.html,https://www.canadiantire.ca/fr/pdp/assainisseur-d-air-a-pince-pour-bouche-d-air-febreze-auto-poire-croquante-2-2-ml-paq-2-0374886p.html,https://media-www.canadiantire.ca/product/automotive/car-care-accessories/auto-accessories/0374886/febreze-auto-crisp-pear-2-count-vent-clip-air-freshener-842e780c-d303-49b8-910d-2642bb848b7c-jpgrendition.jpg?im=whresize&wid=200&hei=200,https://media-www.canadiantire.ca/product/automotive/car-care-accessories/auto-accessories/0374886/febreze-auto-crisp-pear-2-count-vent-clip-air-freshener-842e780c-d303-49b8-910d-2642bb848b7c-jpgrendition.jpg?im=whresize&wid=200&hei=200,,0374886,037-4886-2,Il n’en reste que 7 #037-4886-2,Liquidation◊Mieux notés,58.59,"3,93","9,49"
281,"Amherstburg, ON","Ampoules à DEL intelligentes Bluetooth à intensité variable à culot GU10 Philips Hue, 400 lumens, blanc chaud, paq. 2","Ampoules à DEL intelligentes Bluetooth à intensité variable à culot GU10 Philips Hue, 400 lumens, blanc chaud, paq. 2",19.93,"19,93 $",49.99,"Était±  49,99 $prix était 49,99 $",19.93,"19,93 $",19.93,"19,93 $",true,https://www.canadiantire.ca/fr/pdp/ampoules-a-del-intelligentes-bluetooth-a-intensite-variable-a-culot-gu10-philips-hue-400-lumens-blanc-chaud-paq-2-1522545p.html,https://www.canadiantire.ca/fr/pdp/ampoules-a-del-intelligentes-bluetooth-a-intensite-variable-a-culot-gu10-philips-hue-400-lumens-blanc-chaud-paq-2-1522545p.html,https://media-www.canadiantire.ca/product/fixing/electrical/light-bulbs/1522545/philips-hue-gu10-white-2-pack-e3b0401c-940e-4445-b189-f0b0f4863014-jpgrendition.jpg?im=whresize&wid=200&hei=200,https://media-www.canadiantire.ca/product/fixing/electrical/light-bulbs/1522545/philips-hue-gu10-white-2-pack-e3b0401c-940e-4445-b189-f0b0f4863014-jpgrendition.jpg?im=whresize&wid=200&hei=200,,1522545,152-2545-0,Il n’en reste que 2 #152-2545-0,Liquidation◊Mieux notés,60.13,"19,93","49,99"
281,"Amherstburg, ON","Projecteur USB magnétique d'extérieur pour abri de jardin CANVAS Radiant, noir, paq. 2","Projecteur USB magnétique d'extérieur pour abri de jardin CANVAS Radiant, noir, paq. 2",17.93,"17,93 $",49.99,"Était±  49,99 $prix était 49,99 $",17.93,"17,93 $",17.93,"17,93 $",true,https://www.canadiantire.ca/fr/pdp/projecteur-usb-magnetique-d-exterieur-pour-abri-de-jardin-canvas-radiant-noir-paq-2-0521722p.html,https://www.canadiantire.ca/fr/pdp/projecteur-usb-magnetique-d-exterieur-pour-abri-de-jardin-canvas-radiant-noir-paq-2-0521722p.html,https://media-www.canadiantire.ca/product/seasonal-gardening/backyard-living/outdoor-lighting/0521722/canvas-radiant-magnetic-gazebo-spotlight-2-pack-0d667840-798a-4220-bbe3-f7cf8409cd2d-jpgrendition.jpg?im=whresize&wid=200&hei=200,https://media-www.canadiantire.ca/product/seasonal-gardening/backyard-living/outdoor-lighting/0521722/canvas-radiant-magnetic-gazebo-spotlight-2-pack-0d667840-798a-4220-bbe3-f7cf8409cd2d-jpgrendition.jpg?im=whresize&wid=200&hei=200,,0521722,052-1722-2,Il n’en reste que 1 #052-1722-2,Liquidation◊Exclusivité,64.13,"17,93","49,99"
281,"Amherstburg, ON","Woods™ - Lampe frontale de camping à DEL rechargeable Valo, avec câble USB, 90 lumens","Woods™ - Lampe frontale de camping à DEL rechargeable Valo, avec câble USB, 90 lumens",12.98,"12,98 $",26.99,"Était±  26,99 $prix était 26,99 $",12.98,"12,98 $",12.98,"12,98 $",true,https://www.canadiantire.ca/fr/pdp/woodstm-lampe-frontale-de-camping-a-del-rechargeable-valo-avec-cable-usb-90-lumens-0765995p.html,https://www.canadiantire.ca/fr/pdp/woodstm-lampe-frontale-de-camping-a-del-rechargeable-valo-avec-cable-usb-90-lumens-0765995p.html,https://media-www.canadiantire.ca/product/playing/camping/camping-living/0765995/woods-valo-rechargeable-headlamp-34ea0ae4-ef7b-4256-97fc-6d66816ca3e2-jpgrendition.jpg?im=whresize&wid=200&hei=200,https://media-www.canadiantire.ca/product/playing/camping/camping-living/0765995/woods-valo-rechargeable-headlamp-34ea0ae4-ef7b-4256-97fc-6d66816ca3e2-jpgrendition.jpg?im=whresize&wid=200&hei=200,,0765995,076-5995-2,176 En Stock#076-5995-2,Liquidation◊Exclusivité,51.91,"12,98","26,99"
281,"Amherstburg, ON","Chemise/manteau de chasse à capuchon Yukon Gear pour hommes avec doublure chaude isolée, camouflage Realtree Xtra","Chemise/manteau de chasse à capuchon Yukon Gear pour hommes avec doublure chaude isolée, camouflage Realtree Xtra",35.93,"35,93 $",74.99,"74,99 $Était   et+ prix était à partir de 74,99 $",35.93,"35,93 $",35.93,"35,93 $",true,https://www.canadiantire.ca/fr/pdp/chemise-manteau-de-chasse-a-capuchon-yukon-gear-pour-hommes-avec-doublure-chaude-isolee-camouflage-realtree-xtra-3750751p.html,https://www.canadiantire.ca/fr/pdp/chemise-manteau-de-chasse-a-capuchon-yukon-gear-pour-hommes-avec-doublure-chaude-isolee-camouflage-realtree-xtra-3750751p.html,https://media-www.canadiantire.ca/product/playing/hunting/hunting-apparel-footwear/3750751/yukon-gear-shacket-s-017eb744-23c7-4462-bd9e-440451a0b2e7-jpgrendition.jpg?im=whresize&wid=200&hei=200,https://media-www.canadiantire.ca/product/playing/hunting/hunting-apparel-footwear/3750751/yukon-gear-shacket-s-017eb744-23c7-4462-bd9e-440451a0b2e7-jpgrendition.jpg?im=whresize&wid=200&hei=200,,3750751,375-0751,Vérifiez la disponibilité#375-0751X,Liquidation◊Mieux notés,52.09,"35,93","74,99"
281,"Amherstburg, ON","Porte-savon en polyrésine, noir","Porte-savon en polyrésine, noir",4.93,"4,93 $",9.99,"Était±  9,99 $prix était 9,99 $",4.93,"4,93 $",4.93,"4,93 $",true,https://www.canadiantire.ca/fr/pdp/porte-savon-en-polyresine-noir-0634859p.html,https://www.canadiantire.ca/fr/pdp/porte-savon-en-polyresine-noir-0634859p.html,https://media-www.canadiantire.ca/product/living/home-decor/bed-bath-decor/0634859/polyresin-soap-dish-black-f0ad9e9d-1606-4493-b6f9-6f293d998069-jpgrendition.jpg?im=whresize&wid=200&hei=200,https://media-www.canadiantire.ca/product/living/home-decor/bed-bath-decor/0634859/polyresin-soap-dish-black-f0ad9e9d-1606-4493-b6f9-6f293d998069-jpgrendition.jpg?im=whresize&wid=200&hei=200,,0634859,063-4859-4,Il n’en reste que 1 #063-4859-4,Liquidation◊Mieux notés,50.65,"4,93","9,99"
281,"Amherstburg, ON",Disque à sauter Swimways,Disque à sauter Swimways,2.43,"2,43 $",6.99,"Était±  6,99 $prix était 6,99 $",2.43,"2,43 $",2.43,"2,43 $",true,https://www.canadiantire.ca/fr/pdp/disque-a-sauter-swimways-0810242p.html,https://www.canadiantire.ca/fr/pdp/disque-a-sauter-swimways-0810242p.html,https://media-www.canadiantire.ca/product/seasonal-gardening/backyard-fun/pool-fun/0810242/swimways-skip-disc-0f4c9f76-73d4-49ba-b2c2-3597f1fec8fd-jpgrendition.jpg?im=whresize&wid=200&hei=200,https://media-www.canadiantire.ca/product/seasonal-gardening/backyard-fun/pool-fun/0810242/swimways-skip-disc-0f4c9f76-73d4-49ba-b2c2-3597f1fec8fd-jpgrendition.jpg?im=whresize&wid=200&hei=200,,0810242,081-0242-0,,Liquidation◊,65.24,"2,43","6,99"
281,"Amherstburg, ON","Pompe à haute pression c.c. Jimmy Styks, basse et haute pression, 12 V","Pompe à haute pression c.c. Jimmy Styks, basse et haute pression, 12 V",39.93,"39,93 $",99.99,"Était±  99,99 $prix était 99,99 $",39.93,"39,93 $",39.93,"39,93 $",true,https://www.canadiantire.ca/fr/pdp/pompe-a-haute-pression-c-c-jimmy-styks-basse-et-haute-pression-12-v-0799086p.html,https://www.canadiantire.ca/fr/pdp/pompe-a-haute-pression-c-c-jimmy-styks-basse-et-haute-pression-12-v-0799086p.html,https://media-www.canadiantire.ca/product/playing/seasonal-recreation/marine-water-fun/0799086/jimmy-styks-12v-dc-high-pressure-pump-low-high-pressure-695166d0-113f-4e15-bdc2-b84ecaf18444-jpgrendition.jpg?im=whresize&wid=200&hei=200,https://media-www.canadiantire.ca/product/playing/seasonal-recreation/marine-water-fun/0799086/jimmy-styks-12v-dc-high-pressure-pump-low-high-pressure-695166d0-113f-4e15-bdc2-b84ecaf18444-jpgrendition.jpg?im=whresize&wid=200&hei=200,,0799086,079-9086-6,Il n’en reste que 1 #079-9086-6,Liquidation◊,60.07,"39,93","99,99"
281,"Amherstburg, ON","Rail d'éclairage à 3 lampes abat-jour en verre blanc dégradé NOMA Madrid, nickel mat","Rail d'éclairage à 3 lampes abat-jour en verre blanc dégradé NOMA Madrid, nickel mat",39.93,"39,93 $",99.99,"Était±  99,99 $prix était 99,99 $",39.93,"39,93 $",39.93,"39,93 $",true,https://www.canadiantire.ca/fr/pdp/rail-d-eclairage-a-3-lampes-abat-jour-en-verre-blanc-degrade-noma-madrid-nickel-mat-0524847p.html,https://www.canadiantire.ca/fr/pdp/rail-d-eclairage-a-3-lampes-abat-jour-en-verre-blanc-degrade-noma-madrid-nickel-mat-0524847p.html,https://media-www.canadiantire.ca/product/living/home-decor/lighting/0524847/3-light-madrid-matte-nickel-track-fixture-923dc16b-261d-423d-85da-d901cb8186ff-jpgrendition.jpg?im=whresize&wid=200&hei=200,https://media-www.canadiantire.ca/product/living/home-decor/lighting/0524847/3-light-madrid-matte-nickel-track-fixture-923dc16b-261d-423d-85da-d901cb8186ff-jpgrendition.jpg?im=whresize&wid=200&hei=200,,0524847,052-4847-8,Il n’en reste que 1 #052-4847-8,Liquidation◊Exclusivité,60.07,"39,93","99,99"
281,"Amherstburg, ON",Canapé-lit d'extérieur/patio à assembler CANVAS Banks avec accoudoirs amovibles,Canapé-lit d'extérieur/patio à assembler CANVAS Banks avec accoudoirs amovibles,129.43,"129,43 $",399.99,"Était±  399,99 $prix était 399,99 $",129.43,"129,43 $",129.43,"129,43 $",true,https://www.canadiantire.ca/fr/pdp/canape-lit-d-exterieur-patio-a-assembler-canvas-banks-avec-accoudoirs-amovibles-1880263p.html,https://www.canadiantire.ca/fr/pdp/canape-lit-d-exterieur-patio-a-assembler-canvas-banks-avec-accoudoirs-amovibles-1880263p.html,https://media-www.canadiantire.ca/product/seasonal-gardening/backyard-living/outdoor-furniture/1880263/canvas-banks-sofa-seat-77bcfbb9-afdb-409d-8ca0-1620fa9bace0-jpgrendition.jpg?im=whresize&wid=200&hei=200,https://media-www.canadiantire.ca/product/seasonal-gardening/backyard-living/outdoor-furniture/1880263/canvas-banks-sofa-seat-77bcfbb9-afdb-409d-8ca0-1620fa9bace0-jpgrendition.jpg?im=whresize&wid=200&hei=200,,1880263,188-0263-8,Il n’en reste que 1 #188-0263-8,Liquidation◊Mieux notés,67.64,"129,43","399,99"
281,"Amherstburg, ON","Barre à 3 crochets en acier inoxydable CANVAS Galena, noir/laiton, 16 po","Barre à 3 crochets en acier inoxydable CANVAS Galena, noir/laiton, 16 po",19.93,"19,93 $",39.99,"Était±  39,99 $prix était 39,99 $",19.93,"19,93 $",19.93,"19,93 $",true,https://www.canadiantire.ca/fr/pdp/barre-a-3-crochets-en-acier-inoxydable-canvas-galena-noir-laiton-16-po-0465464p.html,https://www.canadiantire.ca/fr/pdp/barre-a-3-crochets-en-acier-inoxydable-canvas-galena-noir-laiton-16-po-0465464p.html,https://media-www.canadiantire.ca/product/living/home-decor/decor-accents/0465464/canvas-16-galena-rail-black-31b92d08-f0f6-4fa8-ac38-d6202439952b-jpgrendition.jpg?im=whresize&wid=200&hei=200,https://media-www.canadiantire.ca/product/living/home-decor/decor-accents/0465464/canvas-16-galena-rail-black-31b92d08-f0f6-4fa8-ac38-d6202439952b-jpgrendition.jpg?im=whresize&wid=200&hei=200,,0465464,046-5464-8,Il n’en reste que 1 #046-5464-8,Liquidation◊Mieux notés,50.16,"19,93","39,99"
281,"Amherstburg, ON",Leurre Northland Gumdrop flottant,Leurre Northland Gumdrop flottant,3.23,"3,23 $",7.49,"7,49 $Était   et+ prix était à partir de 7,49 $",3.23,"3,23 $",3.23,"3,23 $",true,https://www.canadiantire.ca/fr/pdp/leurre-northland-gumdrop-flottant-0782628p.html,https://www.canadiantire.ca/fr/pdp/leurre-northland-gumdrop-flottant-0782628p.html,https://media-www.canadiantire.ca/product/playing/fishing/fishing-lures/0782628/northland-tackle-mimic-minnow-firetiger-1-16oz-e7e4a3a2-346f-41b8-a580-3e4494d12c8f-jpgrendition.jpg?im=whresize&wid=200&hei=200,https://media-www.canadiantire.ca/product/playing/fishing/fishing-lures/0782628/northland-tackle-mimic-minnow-firetiger-1-16oz-e7e4a3a2-346f-41b8-a580-3e4494d12c8f-jpgrendition.jpg?im=whresize&wid=200&hei=200,,0782628,078-2628,Vérifiez la disponibilité#078-2628X,Liquidation◊,56.88,"3,23","7,49"
281,"Amherstburg, ON","Bande lumineuse à DEL RVB USB avec Bluetooth Merkury, 13 pi","Bande lumineuse à DEL RVB USB avec Bluetooth Merkury, 13 pi",9.93,"9,93 $",19.99,"Était±  19,99 $prix était 19,99 $",9.93,"9,93 $",9.93,"9,93 $",true,https://www.canadiantire.ca/fr/pdp/bande-lumineuse-a-del-rvb-usb-avec-bluetooth-merkury-13-pi-0373143p.html,https://www.canadiantire.ca/fr/pdp/bande-lumineuse-a-del-rvb-usb-avec-bluetooth-merkury-13-pi-0373143p.html,https://media-www.canadiantire.ca/product/automotive/car-care-accessories/auto-accessories/3999455/led-light-strip-4m-bt-df57ae3e-c2bc-47f7-8d42-b86b6a733f1d-jpgrendition.jpg?im=whresize&wid=200&hei=200,https://media-www.canadiantire.ca/product/automotive/car-care-accessories/auto-accessories/3999455/led-light-strip-4m-bt-df57ae3e-c2bc-47f7-8d42-b86b6a733f1d-jpgrendition.jpg?im=whresize&wid=200&hei=200,,0373143,037-3143-6,Il n’en reste que 2 #037-3143-6,Liquidation◊,50.33,"9,93","19,99"
281,"Amherstburg, ON","Anneaux de rideau de douche durables en plastique antirouille Simplicité, chromé, paq. 12","Anneaux de rideau de douche durables en plastique antirouille Simplicité, chromé, paq. 12",2.93,"2,93 $",6.99,"Était±  6,99 $prix était 6,99 $",2.93,"2,93 $",2.93,"2,93 $",true,https://www.canadiantire.ca/fr/pdp/anneaux-de-rideau-de-douche-durables-en-plastique-antirouille-simplicite-chrome-paq-12-0636058p.html,https://www.canadiantire.ca/fr/pdp/anneaux-de-rideau-de-douche-durables-en-plastique-antirouille-simplicite-chrome-paq-12-0636058p.html,https://media-www.canadiantire.ca/product/living/home-decor/bed-bath-decor/0636058/simplicite-plastic-shower-curtain-rings-chrome-64f30b57-0f22-406b-873c-76e08348a0e1-jpgrendition.jpg?im=whresize&wid=200&hei=200,https://media-www.canadiantire.ca/product/living/home-decor/bed-bath-decor/0636058/simplicite-plastic-shower-curtain-rings-chrome-64f30b57-0f22-406b-873c-76e08348a0e1-jpgrendition.jpg?im=whresize&wid=200&hei=200,,0636058,063-6058-8,Il n’en reste que 4 #063-6058-8,Liquidation◊Exclusivité,58.08,"2,93","6,99"
281,"Amherstburg, ON",Régulateur du débit d'air pour pompe à jet Burcam 750766,Régulateur du débit d'air pour pompe à jet Burcam 750766,2.93,"2,93 $",24.99,"Était±  24,99 $prix était 24,99 $",2.93,"2,93 $",2.93,"2,93 $",true,https://www.canadiantire.ca/fr/pdp/regulateur-du-debit-d-air-pour-pompe-a-jet-burcam-750766-0624101p.html,https://www.canadiantire.ca/fr/pdp/regulateur-du-debit-d-air-pour-pompe-a-jet-burcam-750766-0624101p.html,https://media-www.canadiantire.ca/product/fixing/plumbing/water-management/0624101/air-control-jet-pump-380cd66b-e80d-4ff1-ad53-8aa62587c80b-jpgrendition.jpg?im=whresize&wid=200&hei=200,https://media-www.canadiantire.ca/product/fixing/plumbing/water-management/0624101/air-control-jet-pump-380cd66b-e80d-4ff1-ad53-8aa62587c80b-jpgrendition.jpg?im=whresize&wid=200&hei=200,,0624101,062-4101-8,Il n’en reste que 7 #062-4101-8,Liquidation◊,88.28,"2,93","24,99"
281,"Amherstburg, ON","Maison de poupées Kidkraft Ivy Retreat pour enfants, 3 ans et plus","Maison de poupées Kidkraft Ivy Retreat pour enfants, 3 ans et plus",58.43,"58,43 $",149.99,"Était±  149,99 $prix était 149,99 $",58.43,"58,43 $",58.43,"58,43 $",true,https://www.canadiantire.ca/fr/pdp/maison-de-poupees-kidkraft-ivy-retreat-pour-enfants-3-ans-et-plus-1501665p.html,https://www.canadiantire.ca/fr/pdp/maison-de-poupees-kidkraft-ivy-retreat-pour-enfants-3-ans-et-plus-1501665p.html,https://media-www.canadiantire.ca/product/seasonal-gardening/toys/toys-games/1501665/kidkraft-modern-charm-doll-house-a83df597-77a0-4f0c-833e-cf474327d07f-jpgrendition.jpg?im=whresize&wid=200&hei=200,https://media-www.canadiantire.ca/product/seasonal-gardening/toys/toys-games/1501665/kidkraft-modern-charm-doll-house-a83df597-77a0-4f0c-833e-cf474327d07f-jpgrendition.jpg?im=whresize&wid=200&hei=200,,1501665,150-1665-4,Il n’en reste que 1 #150-1665-4,Liquidation◊Mieux notés,61.04,"58,43","149,99"
281,"Amherstburg, ON",Connecteur à 7 voies REESE Towpower Professional pour véhicule et remorque,Connecteur à 7 voies REESE Towpower Professional pour véhicule et remorque,4.93,"4,93 $",42.99,"Était±  42,99 $prix était 42,99 $",4.93,"4,93 $",4.93,"4,93 $",true,https://www.canadiantire.ca/fr/pdp/connecteur-a-7-voies-reese-towpower-professional-pour-vehicule-et-remorque-0409852p.html,https://www.canadiantire.ca/fr/pdp/connecteur-a-7-voies-reese-towpower-professional-pour-vehicule-et-remorque-0409852p.html,https://media-www.canadiantire.ca/product/automotive/automotive-outdoor-adventure/auto-travel-storage/0409852/7-way-professional-plug-in-kit-4f524109-d25d-4590-94eb-f78620f07680-jpgrendition.jpg?im=whresize&wid=200&hei=200,https://media-www.canadiantire.ca/product/automotive/automotive-outdoor-adventure/auto-travel-storage/0409852/7-way-professional-plug-in-kit-4f524109-d25d-4590-94eb-f78620f07680-jpgrendition.jpg?im=whresize&wid=200&hei=200,,0409852,040-9852-2,Il n’en reste que 1 #040-9852-2,Liquidation◊Mieux notés,88.53,"4,93","42,99"
281,"Amherstburg, ON","Napperons rectangulaires CANVAS Granby, 13 x 19 po, paq. 2","Napperons rectangulaires CANVAS Granby, 13 x 19 po, paq. 2",2.93,"2,93 $",7.99,"Était±  7,99 $prix était 7,99 $",2.93,"2,93 $",2.93,"2,93 $",true,https://www.canadiantire.ca/fr/pdp/napperons-rectangulaires-canvas-granby-13-x-19-po-paq-2-1424807p.html,https://www.canadiantire.ca/fr/pdp/napperons-rectangulaires-canvas-granby-13-x-19-po-paq-2-1424807p.html,https://media-www.canadiantire.ca/product/living/kitchen/dining-and-entertaining/1424807/canvas-granby-placemat-2-pk-34ac73d1-f3ce-48b2-822c-c5ad7a3256e8-jpgrendition.jpg?im=whresize&wid=200&hei=200,https://media-www.canadiantire.ca/product/living/kitchen/dining-and-entertaining/1424807/canvas-granby-placemat-2-pk-34ac73d1-f3ce-48b2-822c-c5ad7a3256e8-jpgrendition.jpg?im=whresize&wid=200&hei=200,,1424807,142-4807-0,Il n’en reste que 1 #142-4807-0,Liquidation◊Exclusivité,63.33,"2,93","7,99"
281,"Amherstburg, ON","Rallonge d'extérieur NOMA, calibre 14/3, 49 pi 3 po, prise avec mise à la terre, rouge","Rallonge d'extérieur NOMA, calibre 14/3, 49 pi 3 po, prise avec mise à la terre, rouge",34.93,"34,93 $",73.99,"Était±  73,99 $prix était 73,99 $",34.93,"34,93 $",34.93,"34,93 $",true,https://www.canadiantire.ca/fr/pdp/rallonge-d-exterieur-noma-calibre-14-3-49-pi-3-po-prise-avec-mise-a-la-terre-rouge-0522312p.html,https://www.canadiantire.ca/fr/pdp/rallonge-d-exterieur-noma-calibre-14-3-49-pi-3-po-prise-avec-mise-a-la-terre-rouge-0522312p.html,https://media-www.canadiantire.ca/product/fixing/electrical/power-bars-extension-cords-timers/0522312/noma-red-outdoor-extension-cord-49-3-15m-14-3-1-tap-2a6c7abd-55c3-48ab-8b3e-05adbc350333-jpgrendition.jpg?im=whresize&wid=200&hei=200,https://media-www.canadiantire.ca/product/fixing/electrical/power-bars-extension-cords-timers/0522312/noma-red-outdoor-extension-cord-49-3-15m-14-3-1-tap-2a6c7abd-55c3-48ab-8b3e-05adbc350333-jpgrendition.jpg?im=whresize&wid=200&hei=200,,0522312,052-2312-2,Il n’en reste que 1 #052-2312-2,Liquidation◊Mieux notés,52.79,"34,93","73,99"
281,"Amherstburg, ON","Luminaire encastré traditionnel mince intelligent DEL rond contrôle complet des couleurs Globe Electric, 4 po, bordure blanche","Luminaire encastré traditionnel mince intelligent DEL rond contrôle complet des couleurs Globe Electric, 4 po, bordure blanche",19.93,"19,93 $",49.99,"Était±  49,99 $prix était 49,99 $",19.93,"19,93 $",19.93,"19,93 $",true,https://www.canadiantire.ca/fr/pdp/luminaire-encastre-traditionnel-mince-intelligent-del-rond-controle-complet-des-couleurs-globe-electric-4-po-bordure-blanche-0529790p.html,https://www.canadiantire.ca/fr/pdp/luminaire-encastre-traditionnel-mince-intelligent-del-rond-controle-complet-des-couleurs-globe-electric-4-po-bordure-blanche-0529790p.html,https://media-www.canadiantire.ca/product/living/home-decor/lighting/0529790/globe-smart-4-slim-led-recessed-kit-1d75008f-cc94-4ca0-8f5c-df1d83f0f701-jpgrendition.jpg?im=whresize&wid=200&hei=200,https://media-www.canadiantire.ca/product/living/home-decor/lighting/0529790/globe-smart-4-slim-led-recessed-kit-1d75008f-cc94-4ca0-8f5c-df1d83f0f701-jpgrendition.jpg?im=whresize&wid=200&hei=200,,0529790,052-9790-0,Il n’en reste que 6 #052-9790-0,Liquidation◊,60.13,"19,93","49,99"
281,"Amherstburg, ON","Plombs sphériques Water Gremlin, sac, paq. 40","Plombs sphériques Water Gremlin, sac, paq. 40",2.43,"2,43 $",4.99,"4,99 $Était   et+ prix était à partir de 4,99 $",2.43,"2,43 $",2.43,"2,43 $",true,https://www.canadiantire.ca/fr/pdp/plombs-spheriques-water-gremlin-sac-paq-40-1784386p.html,https://www.canadiantire.ca/fr/pdp/plombs-spheriques-water-gremlin-sac-paq-40-1784386p.html,https://media-www.canadiantire.ca/product/playing/fishing/fishing-lures/1784387/water-gremlin-bagged-round-shot-size-b-64caf299-5849-4ec4-96e0-40ea0907bd59-jpgrendition.jpg?im=whresize&wid=200&hei=200,https://media-www.canadiantire.ca/product/playing/fishing/fishing-lures/1784387/water-gremlin-bagged-round-shot-size-b-64caf299-5849-4ec4-96e0-40ea0907bd59-jpgrendition.jpg?im=whresize&wid=200&hei=200,,1784386,178-4386,Vérifiez la disponibilité#178-4386X,Liquidation◊,51.3,"2,43","4,99"
281,"Amherstburg, ON",Roulette à pizza Starfrit,Roulette à pizza Starfrit,4.93,"4,93 $",11.99,"Était±  11,99 $prix était 11,99 $",4.93,"4,93 $",4.93,"4,93 $",true,https://www.canadiantire.ca/fr/pdp/roulette-a-pizza-starfrit-1426631p.html,https://www.canadiantire.ca/fr/pdp/roulette-a-pizza-starfrit-1426631p.html,https://media-www.canadiantire.ca/product/living/kitchen/kitchen-tools-thermometers/1426631/starfrit-pizza-wheel-f3cbaaae-8f3c-4db5-8242-e044e12be65b-jpgrendition.jpg?im=whresize&wid=200&hei=200,https://media-www.canadiantire.ca/product/living/kitchen/kitchen-tools-thermometers/1426631/starfrit-pizza-wheel-f3cbaaae-8f3c-4db5-8242-e044e12be65b-jpgrendition.jpg?im=whresize&wid=200&hei=200,,1426631,142-6631-4,Il n’en reste que 2 #142-6631-4,Liquidation◊Mieux notés,58.88,"4,93","11,99"
281,"Amherstburg, ON","Socle de recharge sans fil Bluehive 15 W, paille, blanc","Socle de recharge sans fil Bluehive 15 W, paille, blanc",9.93,"9,93 $",49.99,"Était±  49,99 $prix était 49,99 $",9.93,"9,93 $",9.93,"9,93 $",true,https://www.canadiantire.ca/fr/pdp/socle-de-recharge-sans-fil-bluehive-15-w-paille-blanc-0355466p.html,https://www.canadiantire.ca/fr/pdp/socle-de-recharge-sans-fil-bluehive-15-w-paille-blanc-0355466p.html,https://media-www.canadiantire.ca/product/automotive/car-care-accessories/auto-electronics/0355466/bluehive-15w-wheat-straw-wireless-charging-stand-8db955af-4a34-448b-8a74-968b03784d2b-jpgrendition.jpg?im=whresize&wid=200&hei=200,https://media-www.canadiantire.ca/product/automotive/car-care-accessories/auto-electronics/0355466/bluehive-15w-wheat-straw-wireless-charging-stand-8db955af-4a34-448b-8a74-968b03784d2b-jpgrendition.jpg?im=whresize&wid=200&hei=200,,0355466,035-5466-0,Il n’en reste que 2 #035-5466-0,Liquidation◊Exclusivité,80.14,"9,93","49,99"
281,"Amherstburg, ON","Camionnette de collection Liberty Classics 2025 CTC Studebaker 1916, 14 ans et plus","Camionnette de collection Liberty Classics 2025 CTC Studebaker 1916, 14 ans et plus",19.93,"19,93 $",39.99,"Était±  39,99 $prix était 39,99 $",19.93,"19,93 $",19.93,"19,93 $",true,https://www.canadiantire.ca/fr/pdp/camionnette-de-collection-liberty-classics-2025-ctc-studebaker-1916-14-ans-et-plus-1502342p.html,https://www.canadiantire.ca/fr/pdp/camionnette-de-collection-liberty-classics-2025-ctc-studebaker-1916-14-ans-et-plus-1502342p.html,https://media-www.canadiantire.ca/product/seasonal-gardening/toys/toys-games/1502342/2025-ctc-collector-vehicle-dc7b0f36-8468-454c-954a-60bff754de37-jpgrendition.jpg?im=whresize&wid=200&hei=200,https://media-www.canadiantire.ca/product/seasonal-gardening/toys/toys-games/1502342/2025-ctc-collector-vehicle-dc7b0f36-8468-454c-954a-60bff754de37-jpgrendition.jpg?im=whresize&wid=200&hei=200,,1502342,150-2342-6,Il n’en reste que 5 #150-2342-6,Liquidation◊Mieux notés,50.16,"19,93","39,99"
281,"Amherstburg, ON","Pince assainisseur pour bouche d'aération Axe Apollo, paq. 2","Pince assainisseur pour bouche d'aération Axe Apollo, paq. 2",4.93,"4,93 $",9.99,"Était±  9,99 $prix était 9,99 $",4.93,"4,93 $",4.93,"4,93 $",true,https://www.canadiantire.ca/fr/pdp/pince-assainisseur-pour-bouche-d-aeration-axe-apollo-paq-2-0372197p.html,https://www.canadiantire.ca/fr/pdp/pince-assainisseur-pour-bouche-d-aeration-axe-apollo-paq-2-0372197p.html,https://media-www.canadiantire.ca/product/automotive/car-care-accessories/auto-accessories/0372197/axe-apollo-vent-clip-2pk-8e468e93-7c9b-4a7d-b489-2505ae3a79a2-jpgrendition.jpg?im=whresize&wid=200&hei=200,https://media-www.canadiantire.ca/product/automotive/car-care-accessories/auto-accessories/0372197/axe-apollo-vent-clip-2pk-8e468e93-7c9b-4a7d-b489-2505ae3a79a2-jpgrendition.jpg?im=whresize&wid=200&hei=200,,0372197,037-2197-4,Il n’en reste que 2 #037-2197-4,Liquidation◊,50.65,"4,93","9,99"
281,"Amherstburg, ON","Tapis de recharge sans fil en tissu Bluehive, 10 W","Tapis de recharge sans fil en tissu Bluehive, 10 W",8.93,"8,93 $",24.99,"Était±  24,99 $prix était 24,99 $",8.93,"8,93 $",8.93,"8,93 $",true,https://www.canadiantire.ca/fr/pdp/tapis-de-recharge-sans-fil-en-tissu-bluehive-10-w-0357142p.html,https://www.canadiantire.ca/fr/pdp/tapis-de-recharge-sans-fil-en-tissu-bluehive-10-w-0357142p.html,https://media-www.canadiantire.ca/product/automotive/electronics/mobile-electronics/0357142/bluehive-fabric-wireless-charging-pad-a5bac5a3-896e-4cff-b61a-553f7627b960-jpgrendition.jpg?im=whresize&wid=200&hei=200,https://media-www.canadiantire.ca/product/automotive/electronics/mobile-electronics/0357142/bluehive-fabric-wireless-charging-pad-a5bac5a3-896e-4cff-b61a-553f7627b960-jpgrendition.jpg?im=whresize&wid=200&hei=200,,0357142,035-7142-8,8 En Stock#035-7142-8,Liquidation◊Exclusivité,64.27,"8,93","24,99"
281,"Amherstburg, ON","Poignées droite en acier Peerless pour armoires et tiroirs, nickel satiné, 1 5⁄8 po, paq. 10","Poignées droite en acier Peerless pour armoires et tiroirs, nickel satiné, 1 5⁄8 po, paq. 10",17.93,"17,93 $",38.99,"Était±  38,99 $prix était 38,99 $",17.93,"17,93 $",17.93,"17,93 $",true,https://www.canadiantire.ca/fr/pdp/poignees-droite-en-acier-peerless-pour-armoires-et-tiroirs-nickel-satine-1-5-8-po-paq-10-0467402p.html,https://www.canadiantire.ca/fr/pdp/poignees-droite-en-acier-peerless-pour-armoires-et-tiroirs-nickel-satine-1-5-8-po-paq-10-0467402p.html,https://media-www.canadiantire.ca/product/living/home-decor/decor-accents/0467402/peerless-1-5-8-steel-bar-knob-10pk-satin-nickel-9822b683-6f63-46df-aa04-7d6652c2c523-jpgrendition.jpg?im=whresize&wid=200&hei=200,https://media-www.canadiantire.ca/product/living/home-decor/decor-accents/0467402/peerless-1-5-8-steel-bar-knob-10pk-satin-nickel-9822b683-6f63-46df-aa04-7d6652c2c523-jpgrendition.jpg?im=whresize&wid=200&hei=200,,0467402,046-7402-4,Il n’en reste que 3 #046-7402-4,Liquidation◊Mieux notés,54.01,"17,93","38,99"
281,"Amherstburg, ON","Sacs ramasse-poussière en papier Mastervac pour aspirateurs d'atelier secs/humides Mastervac, 15 L, paq. 3","Sacs ramasse-poussière en papier Mastervac pour aspirateurs d'atelier secs/humides Mastervac, 15 L, paq. 3",7.93,"7,93 $",19.99,"Était±  19,99 $prix était 19,99 $",7.93,"7,93 $",7.93,"7,93 $",true,https://www.canadiantire.ca/fr/pdp/sacs-ramasse-poussiere-en-papier-mastervac-pour-aspirateurs-d-atelier-secs-humides-mastervac-15-l-paq-3-0540285p.html,https://www.canadiantire.ca/fr/pdp/sacs-ramasse-poussiere-en-papier-mastervac-pour-aspirateurs-d-atelier-secs-humides-mastervac-15-l-paq-3-0540285p.html,https://media-www.canadiantire.ca/product/fixing/tools/wet-dry-vacuums/0540285/mastervac-15l-collection-bags-c9015a3c-883d-46f8-8d65-3444f6a02011-jpgrendition.jpg?im=whresize&wid=200&hei=200,https://media-www.canadiantire.ca/product/fixing/tools/wet-dry-vacuums/0540285/mastervac-15l-collection-bags-c9015a3c-883d-46f8-8d65-3444f6a02011-jpgrendition.jpg?im=whresize&wid=200&hei=200,,0540285,054-0285-4,Il n’en reste que 2 #054-0285-4,Liquidation◊Mieux notés,60.33,"7,93","19,99"
281,"Amherstburg, ON","Ballon en aluminium satiné rond Disney Moana et Maui, brun, 17 po, gonflement à l'hélium et ruban inclus, pour fête d'anniversaire","Ballon en aluminium satiné rond Disney Moana et Maui, brun, 17 po, gonflement à l'hélium et ruban inclus, pour fête d'anniversaire",2.93,"2,93 $",6.99,"Était±  6,99 $prix était 6,99 $",2.93,"2,93 $",2.93,"2,93 $",true,https://www.canadiantire.ca/fr/pdp/ballon-en-aluminium-satine-rond-disney-moana-et-maui-brun-17-po-gonflement-a-l-helium-et-ruban-inclus-pour-fete-d-anniversaire-8424393p.html,https://www.canadiantire.ca/fr/pdp/ballon-en-aluminium-satine-rond-disney-moana-et-maui-brun-17-po-gonflement-a-l-helium-et-ruban-inclus-pour-fete-d-anniversaire-8424393p.html,https://media-www.partycity.ca/product/seasonal-gardening/party-city-everyday/party-city-party-supplies-decor/8424393/blln-std-moana-f62a1d80-243a-45b7-a9d5-6b88aae8f4aa-jpgrendition.jpg?im=whresize&wid=200&hei=200,https://media-www.partycity.ca/product/seasonal-gardening/party-city-everyday/party-city-party-supplies-decor/8424393/blln-std-moana-f62a1d80-243a-45b7-a9d5-6b88aae8f4aa-jpgrendition.jpg?im=whresize&wid=200&hei=200,,8424393,842-4393-6,,Liquidation◊Mieux notés,58.08,"2,93","6,99"
281,"Amherstburg, ON",Support de plaque d'immatriculation pour repérage de véhicule AutoTrends,Support de plaque d'immatriculation pour repérage de véhicule AutoTrends,8.93,"8,93 $",19.99,"Était±  19,99 $prix était 19,99 $",8.93,"8,93 $",8.93,"8,93 $",true,https://www.canadiantire.ca/fr/pdp/support-de-plaque-d-immatriculation-pour-reperage-de-vehicule-autotrends-0372925p.html,https://www.canadiantire.ca/fr/pdp/support-de-plaque-d-immatriculation-pour-reperage-de-vehicule-autotrends-0372925p.html,https://media-www.canadiantire.ca/product/automotive/car-care-accessories/auto-accessories/0372925/autotrends-find-my-auto-license-plate-frame-41d8c2a3-7d2a-4373-8046-7d337eb238a9-jpgrendition.jpg?im=whresize&wid=200&hei=200,https://media-www.canadiantire.ca/product/automotive/car-care-accessories/auto-accessories/0372925/autotrends-find-my-auto-license-plate-frame-41d8c2a3-7d2a-4373-8046-7d337eb238a9-jpgrendition.jpg?im=whresize&wid=200&hei=200,,0372925,037-2925-2,Il n’en reste que 3 #037-2925-2,Liquidation◊Exclusivité,55.33,"8,93","19,99"
281,"Amherstburg, ON","Assainisseur d'air pour bouche d'aération de véhicule Little Trees Vent Wrap, Beach, paq. 4","Assainisseur d'air pour bouche d'aération de véhicule Little Trees Vent Wrap, Beach, paq. 4",2.93,"2,93 $",6.49,"Était±  6,49 $prix était 6,49 $",2.93,"2,93 $",2.93,"2,93 $",true,https://www.canadiantire.ca/fr/pdp/assainisseur-d-air-pour-bouche-d-aeration-de-vehicule-little-trees-vent-wrap-beach-paq-4-0372920p.html,https://www.canadiantire.ca/fr/pdp/assainisseur-d-air-pour-bouche-d-aeration-de-vehicule-little-trees-vent-wrap-beach-paq-4-0372920p.html,https://media-www.canadiantire.ca/product/automotive/car-care-accessories/auto-accessories/0372920/little-trees-4-pack-beach-vent-wrap-air-freshener-1f6a2758-3888-419e-9b94-42f97082f9b7-jpgrendition.jpg?im=whresize&wid=200&hei=200,https://media-www.canadiantire.ca/product/automotive/car-care-accessories/auto-accessories/0372920/little-trees-4-pack-beach-vent-wrap-air-freshener-1f6a2758-3888-419e-9b94-42f97082f9b7-jpgrendition.jpg?im=whresize&wid=200&hei=200,,0372920,037-2920-2,Il n’en reste que 2 #037-2920-2,Liquidation◊,54.85,"2,93","6,49"
281,"Amherstburg, ON","Affiche Danger Restricted Area auto-adhésive en aluminium Hillman 842058, 10 x 14 po, noir/rouge/blanc","Affiche Danger Restricted Area auto-adhésive en aluminium Hillman 842058, 10 x 14 po, noir/rouge/blanc",2.24,"2,24 $",4.49,"Était±  4,49 $prix était 4,49 $",2.24,"2,24 $",2.24,"2,24 $",true,https://www.canadiantire.ca/fr/pdp/affiche-danger-restricted-area-auto-adhesive-en-aluminium-hillman-842058-10-x-14-po-noir-rouge-blanc-0464659p.html,https://www.canadiantire.ca/fr/pdp/affiche-danger-restricted-area-auto-adhesive-en-aluminium-hillman-842058-10-x-14-po-noir-rouge-blanc-0464659p.html,https://media-www.canadiantire.ca/product/fixing/hardware/curb-appeal/0464659/sign-10-x-14-danger-restricted-sign-cf149a9c-c104-48d7-bbbf-a631a846d415-jpgrendition.jpg?im=whresize&wid=200&hei=200,https://media-www.canadiantire.ca/product/fixing/hardware/curb-appeal/0464659/sign-10-x-14-danger-restricted-sign-cf149a9c-c104-48d7-bbbf-a631a846d415-jpgrendition.jpg?im=whresize&wid=200&hei=200,,0464659,046-4659-2,Il n’en reste que 1 #046-4659-2,Liquidation◊,50.11,"2,24","4,49"
281,"Amherstburg, ON","Ballon en aluminium satiné rond Happy New Year, or/noir, 18 po, ruban et gonflage hélium compris, pour veille du jour de l'An","Ballon en aluminium satiné rond Happy New Year, or/noir, 18 po, ruban et gonflage hélium compris, pour veille du jour de l'An",2.93,"2,93 $",6.99,"Était±  6,99 $prix était 6,99 $",2.93,"2,93 $",2.93,"2,93 $",true,https://www.canadiantire.ca/fr/pdp/ballon-en-aluminium-satine-rond-happy-new-year-or-noir-18-po-ruban-et-gonflage-helium-compris-pour-veille-du-jour-de-l-an-8432237p.html,https://www.canadiantire.ca/fr/pdp/ballon-en-aluminium-satine-rond-happy-new-year-or-noir-18-po-ruban-et-gonflage-helium-compris-pour-veille-du-jour-de-l-an-8432237p.html,https://media-www.partycity.ca/product/seasonal-gardening/party-city-everyday/party-city-party-supplies-decor/8432237/new-years-vintage-satin-balloon-f8a27cab-cc51-403a-991b-b33f5ac7afa2-jpgrendition.jpg?im=whresize&wid=200&hei=200,https://media-www.partycity.ca/product/seasonal-gardening/party-city-everyday/party-city-party-supplies-decor/8432237/new-years-vintage-satin-balloon-f8a27cab-cc51-403a-991b-b33f5ac7afa2-jpgrendition.jpg?im=whresize&wid=200&hei=200,,8432237,843-2237-0,,Liquidation◊Hélium compris,58.08,"2,93","6,99"
281,"Amherstburg, ON","Tuque en tricot Woods Quanta, unisexe","Tuque en tricot Woods Quanta, unisexe",12.98,"12,98 $",29.99,"29,99 $Était   et+ prix était à partir de 29,99 $",12.98,"12,98 $",12.98,"12,98 $",true,https://www.canadiantire.ca/fr/pdp/tuque-en-tricot-woods-quanta-unisexe-1870715p.html,https://www.canadiantire.ca/fr/pdp/tuque-en-tricot-woods-quanta-unisexe-1870715p.html,https://media-www.canadiantire.ca/product/playing/footwear-apparel/winter-footwear-apparel/1870715/woods-quanta-unisex-knit-hat-black-o-s-5e2ccdf8-642c-4c4c-afcb-ee6b0eba9a31-jpgrendition.jpg?im=whresize&wid=200&hei=200,https://media-www.canadiantire.ca/product/playing/footwear-apparel/winter-footwear-apparel/1870715/woods-quanta-unisex-knit-hat-black-o-s-5e2ccdf8-642c-4c4c-afcb-ee6b0eba9a31-jpgrendition.jpg?im=whresize&wid=200&hei=200,,1870715,187-0715,Vérifiez la disponibilité#187-0715X,Liquidation◊Mieux notés,56.72,"12,98","29,99"
281,"Amherstburg, ON","Lunettes personnalisées et chiffres It's My Birthday, célébrations étincelantes, noir/doré, taille unique, paq. 25, accessoires portables pour anniversaires","Lunettes personnalisées et chiffres It's My Birthday, célébrations étincelantes, noir/doré, taille unique, paq. 25, accessoires portables pour anniversaires",3.93,"3,93 $",8.99,"Était±  8,99 $prix était 8,99 $",3.93,"3,93 $",3.93,"3,93 $",true,https://www.canadiantire.ca/fr/pdp/lunettes-personnalisees-et-chiffres-it-s-my-birthday-celebrations-etincelantes-noir-dore-taille-unique-paq-25-accessoires-portables-pour-anniversaires-8420296p.html,https://www.canadiantire.ca/fr/pdp/lunettes-personnalisees-et-chiffres-it-s-my-birthday-celebrations-etincelantes-noir-dore-taille-unique-paq-25-accessoires-portables-pour-anniversaires-8420296p.html,https://media-www.partycity.ca/product/seasonal-gardening/party-city-everyday/party-city-party-supplies-decor/8420296/sparkling-celebration-birthday-sunglasses-kit-1e97d4b0-da08-4ea5-a31d-2d294d6e3d0a-jpgrendition.jpg?im=whresize&wid=200&hei=200,https://media-www.partycity.ca/product/seasonal-gardening/party-city-everyday/party-city-party-supplies-decor/8420296/sparkling-celebration-birthday-sunglasses-kit-1e97d4b0-da08-4ea5-a31d-2d294d6e3d0a-jpgrendition.jpg?im=whresize&wid=200&hei=200,,8420296,842-0296-2,Il n’en reste que 1 #842-0296-2,Liquidation◊Mieux notés,56.28,"3,93","8,99"
281,"Amherstburg, ON","Lampe d'appoint avec abat-jour en métal CANVAS Stellan, 10,4 po, noyer/béton","Lampe d'appoint avec abat-jour en métal CANVAS Stellan, 10,4 po, noyer/béton",29.93,"29,93 $",79.99,"Était±  79,99 $prix était 79,99 $",29.93,"29,93 $",29.93,"29,93 $",true,https://www.canadiantire.ca/fr/pdp/lampe-d-appoint-avec-abat-jour-en-metal-canvas-stellan-10-4-po-noyer-beton-0528383p.html,https://www.canadiantire.ca/fr/pdp/lampe-d-appoint-avec-abat-jour-en-metal-canvas-stellan-10-4-po-noyer-beton-0528383p.html,https://media-www.canadiantire.ca/product/living/home-decor/lighting/0528383/canvas-stellan-accent-lamp-218411f2-b7cb-4b36-945b-8b01882f27b1-jpgrendition.jpg?im=whresize&wid=200&hei=200,https://media-www.canadiantire.ca/product/living/home-decor/lighting/0528383/canvas-stellan-accent-lamp-218411f2-b7cb-4b36-945b-8b01882f27b1-jpgrendition.jpg?im=whresize&wid=200&hei=200,,0528383,052-8383-6,Il n’en reste que 2 #052-8383-6,Liquidation◊Mieux notés,62.58,"29,93","79,99"
281,"Amherstburg, ON","Boule de remorquage chromée REESE Towpower, 2 po","Boule de remorquage chromée REESE Towpower, 2 po",17.93,"17,93 $",39.99,"Était±  39,99 $prix était 39,99 $",17.93,"17,93 $",17.93,"17,93 $",true,https://www.canadiantire.ca/fr/pdp/boule-de-remorquage-chromee-reese-towpower-2-po-0408613p.html,https://www.canadiantire.ca/fr/pdp/boule-de-remorquage-chromee-reese-towpower-2-po-0408613p.html,https://media-www.canadiantire.ca/product/automotive/automotive-outdoor-adventure/auto-travel-storage/0408613/reese-towpower-2-in-chrome-hitch-ball-754d65f8-4693-42e6-8b1b-520332218bb8-jpgrendition.jpg?im=whresize&wid=200&hei=200,https://media-www.canadiantire.ca/product/automotive/automotive-outdoor-adventure/auto-travel-storage/0408613/reese-towpower-2-in-chrome-hitch-ball-754d65f8-4693-42e6-8b1b-520332218bb8-jpgrendition.jpg?im=whresize&wid=200&hei=200,,0408613,040-8613-8,Il n’en reste que 1 #040-8613-8,Liquidation◊Mieux notés,55.16,"17,93","39,99"
281,"Amherstburg, ON","Écharpe à paillettes It's My Birthday, confettis arc-en-ciel, taille unique, accessoire portable pour anniversaires","Écharpe à paillettes It's My Birthday, confettis arc-en-ciel, taille unique, accessoire portable pour anniversaires",2.93,"2,93 $",6.99,"Était±  6,99 $prix était 6,99 $",2.93,"2,93 $",2.93,"2,93 $",true,https://www.canadiantire.ca/fr/pdp/echarpe-a-paillettes-it-s-my-birthday-confettis-arc-en-ciel-taille-unique-accessoire-portable-pour-anniversaires-8538790p.html,https://www.canadiantire.ca/fr/pdp/echarpe-a-paillettes-it-s-my-birthday-confettis-arc-en-ciel-taille-unique-accessoire-portable-pour-anniversaires-8538790p.html,https://media-www.partycity.ca/product/seasonal-gardening/party-city-everyday/party-city-party-supplies-decor/8538790/30in-sash-fbrc-bday-celbrtn-e3f5071b-97d4-48ed-8f08-de3a5cda42b4-jpgrendition.jpg?im=whresize&wid=200&hei=200,https://media-www.partycity.ca/product/seasonal-gardening/party-city-everyday/party-city-party-supplies-decor/8538790/30in-sash-fbrc-bday-celbrtn-e3f5071b-97d4-48ed-8f08-de3a5cda42b4-jpgrendition.jpg?im=whresize&wid=200&hei=200,,8538790,853-8790-0,Il n’en reste que 3 #853-8790-0,Liquidation◊Mieux notés,58.08,"2,93","6,99"
281,"Amherstburg, ON","Bouquet de ballons en aluminium satiné étoile Happy New Year, noir/or, paq. 5, gonflement à l'hélium et ruban inclus, pour veille du jour de l'An","Bouquet de ballons en aluminium satiné étoile Happy New Year, noir/or, paq. 5, gonflement à l'hélium et ruban inclus, pour veille du jour de l'An",8.93,"8,93 $",33.99,"Était±  33,99 $prix était 33,99 $",8.93,"8,93 $",8.93,"8,93 $",true,https://www.canadiantire.ca/fr/pdp/bouquet-de-ballons-en-aluminium-satine-etoile-happy-new-year-noir-or-paq-5-gonflement-a-l-helium-et-ruban-inclus-pour-veille-du-jour-de-l-an-8548813p.html,https://www.canadiantire.ca/fr/pdp/bouquet-de-ballons-en-aluminium-satine-etoile-happy-new-year-noir-or-paq-5-gonflement-a-l-helium-et-ruban-inclus-pour-veille-du-jour-de-l-an-8548813p.html,https://media-www.canadiantire.ca/product/seasonal-gardening/party-city-everyday/party-city-balloons-accessories/8548813/midnight-hour-balloon-bouquet-03bf832b-1036-44d0-860c-980ef7824d13-jpgrendition.jpg?im=whresize&wid=200&hei=200,https://media-www.canadiantire.ca/product/seasonal-gardening/party-city-everyday/party-city-balloons-accessories/8548813/midnight-hour-balloon-bouquet-03bf832b-1036-44d0-860c-980ef7824d13-jpgrendition.jpg?im=whresize&wid=200&hei=200,,8548813,854-8813-6,,Liquidation◊Mieux notés,73.73,"8,93","33,99"
281,"Amherstburg, ON","Boutons pour cuisinière au gaz/électrique Laser 62651/2, blanc, paq. 5","Boutons pour cuisinière au gaz/électrique Laser 62651/2, blanc, paq. 5",7.93,"7,93 $",18.49,"Était±  18,49 $prix était 18,49 $",7.93,"7,93 $",7.93,"7,93 $",true,https://www.canadiantire.ca/fr/pdp/boutons-pour-cuisiniere-au-gaz-electrique-laser-62651-2-blanc-paq-5-0522633p.html,https://www.canadiantire.ca/fr/pdp/boutons-pour-cuisiniere-au-gaz-electrique-laser-62651-2-blanc-paq-5-0522633p.html,https://media-www.canadiantire.ca/product/fixing/electrical/rough-electrical/0522633/white-stove-dial-kit-5pc-d0531eb4-b92a-4187-bedf-dadd6ae089e1-jpgrendition.jpg?im=whresize&wid=200&hei=200,https://media-www.canadiantire.ca/product/fixing/electrical/rough-electrical/0522633/white-stove-dial-kit-5pc-d0531eb4-b92a-4187-bedf-dadd6ae089e1-jpgrendition.jpg?im=whresize&wid=200&hei=200,,0522633,052-2633-8,Il n’en reste que 1 #052-2633-8,Liquidation◊,57.11,"7,93","18,49"
281,"Amherstburg, ON","Câble de chargement Micro USB métallique DE SMART Accessories pour téléphones intelligents Android et plus encore, 3 pi","Câble de chargement Micro USB métallique DE SMART Accessories pour téléphones intelligents Android et plus encore, 3 pi",2.93,"2,93 $",6.99,"Était±  6,99 $prix était 6,99 $",2.93,"2,93 $",2.93,"2,93 $",true,https://www.canadiantire.ca/fr/pdp/cable-de-chargement-micro-usb-metallique-de-smart-accessories-pour-telephones-intelligents-android-et-plus-encore-3-pi-0356172p.html,https://www.canadiantire.ca/fr/pdp/cable-de-chargement-micro-usb-metallique-de-smart-accessories-pour-telephones-intelligents-android-et-plus-encore-3-pi-0356172p.html,https://media-www.canadiantire.ca/product/automotive/car-care-accessories/auto-electronics/0356172/smart-accessories-braided-micro-usb-cable-3--f5832959-1525-4787-9701-a984c101ba03-jpgrendition.jpg?im=whresize&wid=200&hei=200,https://media-www.canadiantire.ca/product/automotive/car-care-accessories/auto-electronics/0356172/smart-accessories-braided-micro-usb-cable-3--f5832959-1525-4787-9701-a984c101ba03-jpgrendition.jpg?im=whresize&wid=200&hei=200,,0356172,035-6172-2,16 En Stock#035-6172-2,Liquidation◊Mieux notés,58.08,"2,93","6,99"
281,"Amherstburg, ON",Trousse d’installation de tableau de bord Scosche pour véhicules Mazda 2001 à aujourd’hui,Trousse d’installation de tableau de bord Scosche pour véhicules Mazda 2001 à aujourd’hui,2.93,"2,93 $",16.99,"Était±  16,99 $prix était 16,99 $",2.93,"2,93 $",2.93,"2,93 $",true,https://www.canadiantire.ca/fr/pdp/trousse-d-installation-de-tableau-de-bord-scosche-pour-vehicules-mazda-2001-a-aujourd-hui-0350109p.html,https://www.canadiantire.ca/fr/pdp/trousse-d-installation-de-tableau-de-bord-scosche-pour-vehicules-mazda-2001-a-aujourd-hui-0350109p.html,https://media-www.canadiantire.ca/product/automotive/car-care-accessories/auto-electronics/0350109/2001-up-mazda-dash-kit-6f473ef5-1c59-46f3-9064-6ad5112882d5-jpgrendition.jpg?im=whresize&wid=200&hei=200,https://media-www.canadiantire.ca/product/automotive/car-care-accessories/auto-electronics/0350109/2001-up-mazda-dash-kit-6f473ef5-1c59-46f3-9064-6ad5112882d5-jpgrendition.jpg?im=whresize&wid=200&hei=200,,0350109,035-0109-2,Il n’en reste que 3 #035-0109-2,Liquidation◊Mieux notés,82.75,"2,93","16,99"
281,"Amherstburg, ON","Ballon en aluminium satiné rond Happy Birthday, rose/or, à pois, 18 po, gonflement à l'hélium et ruban inclus, pour fête d'anniversaire","Ballon en aluminium satiné rond Happy Birthday, rose/or, à pois, 18 po, gonflement à l'hélium et ruban inclus, pour fête d'anniversaire",0.93,"0,93 $",6.99,"Était±  6,99 $prix était 6,99 $",0.93,"0,93 $",0.93,"0,93 $",true,https://www.canadiantire.ca/fr/pdp/ballon-en-aluminium-satine-rond-happy-birthday-rose-or-a-pois-18-po-gonflement-a-l-helium-et-ruban-inclus-pour-fete-d-anniversaire-8424040p.html,https://www.canadiantire.ca/fr/pdp/ballon-en-aluminium-satine-rond-happy-birthday-rose-or-a-pois-18-po-gonflement-a-l-helium-et-ruban-inclus-pour-fete-d-anniversaire-8424040p.html,https://media-www.partycity.ca/product/seasonal-gardening/party-city-everyday/party-city-party-supplies-decor/8424040/140-sd-fl-blln-shny-bday-dot-r-571de401-bbee-48bb-acfb-395ba84ff17a-jpgrendition.jpg?im=whresize&wid=200&hei=200,https://media-www.partycity.ca/product/seasonal-gardening/party-city-everyday/party-city-party-supplies-decor/8424040/140-sd-fl-blln-shny-bday-dot-r-571de401-bbee-48bb-acfb-395ba84ff17a-jpgrendition.jpg?im=whresize&wid=200&hei=200,,8424040,842-4040-6,Il n’en reste que 3 #842-4040-6,Liquidation◊Hélium compris,86.7,"0,93","6,99"
281,"Amherstburg, ON","Assiettes rondes, Hibiscus d'été, 6,8 po","Assiettes rondes, Hibiscus d'été, 6,8 po",2.93,"2,93 $",6.99,"Était±  6,99 $prix était 6,99 $",2.93,"2,93 $",2.93,"2,93 $",true,https://www.canadiantire.ca/fr/pdp/assiettes-rondes-hibiscus-d-ete-6-8-po-8549350p.html,https://www.canadiantire.ca/fr/pdp/assiettes-rondes-hibiscus-d-ete-6-8-po-8549350p.html,https://media-www.partycity.ca/product/seasonal-gardening/party-city-seasonal/party-city-micro-season-decor/8549350/summer-hibiscus-6-75-round-plate-bpp-1eec3f86-b575-400f-af54-fa4936400cfb-jpgrendition.jpg?im=whresize&wid=200&hei=200,https://media-www.partycity.ca/product/seasonal-gardening/party-city-seasonal/party-city-micro-season-decor/8549350/summer-hibiscus-6-75-round-plate-bpp-1eec3f86-b575-400f-af54-fa4936400cfb-jpgrendition.jpg?im=whresize&wid=200&hei=200,,8549350,854-9350-0,Il n’en reste que 4 #854-9350-0,Liquidation◊Mieux notés,58.08,"2,93","6,99"
281,"Amherstburg, ON","Plafonnier suspendu à 3 lampes verre bullé CANVAS Drake, chrome","Plafonnier suspendu à 3 lampes verre bullé CANVAS Drake, chrome",39.93,"39,93 $",219.99,"Était±  219,99 $prix était 219,99 $",39.93,"39,93 $",39.93,"39,93 $",true,https://www.canadiantire.ca/fr/pdp/plafonnier-suspendu-a-3-lampes-verre-bulle-canvas-drake-chrome-0522666p.html,https://www.canadiantire.ca/fr/pdp/plafonnier-suspendu-a-3-lampes-verre-bulle-canvas-drake-chrome-0522666p.html,https://media-www.canadiantire.ca/product/living/home-decor/lighting/0522666/canvas-3-light-drake-pendant-447f8c4b-296f-4529-ab14-f9b05c9652d9-jpgrendition.jpg?im=whresize&wid=200&hei=200,https://media-www.canadiantire.ca/product/living/home-decor/lighting/0522666/canvas-3-light-drake-pendant-447f8c4b-296f-4529-ab14-f9b05c9652d9-jpgrendition.jpg?im=whresize&wid=200&hei=200,,0522666,052-2666-0,Il n’en reste que 1 #052-2666-0,Liquidation◊Exclusivité,81.85,"39,93","219,99"
281,"Amherstburg, ON","Décalcomanies personnages Marvel, choix varié","Décalcomanies personnages Marvel, choix varié",2.93,"2,93 $",15.99,"Était±  15,99 $prix était 15,99 $",2.93,"2,93 $",2.93,"2,93 $",true,https://www.canadiantire.ca/fr/pdp/decalcomanies-personnages-marvel-choix-varie-0379271p.html,https://www.canadiantire.ca/fr/pdp/decalcomanies-personnages-marvel-choix-varie-0379271p.html,https://media-www.canadiantire.ca/product/automotive/car-care-accessories/auto-accessories/0379271/assorted-marvel-characters-decal-kit-e2b9a6e6-fc26-402f-a357-d85fe7583c8b-jpgrendition.jpg?im=whresize&wid=200&hei=200,https://media-www.canadiantire.ca/product/automotive/car-care-accessories/auto-accessories/0379271/assorted-marvel-characters-decal-kit-e2b9a6e6-fc26-402f-a357-d85fe7583c8b-jpgrendition.jpg?im=whresize&wid=200&hei=200,,0379271,037-9271-4,Il n’en reste que 1 #037-9271-4,Liquidation◊Exclusivité,81.68,"2,93","15,99"
281,"Amherstburg, ON","Boules Ananas en Nid d'abeille, paq. 4","Boules Ananas en Nid d'abeille, paq. 4",3.93,"3,93 $",7.99,"Était±  7,99 $prix était 7,99 $",3.93,"3,93 $",3.93,"3,93 $",true,https://www.canadiantire.ca/fr/pdp/boules-ananas-en-nid-d-abeille-paq-4-8435200p.html,https://www.canadiantire.ca/fr/pdp/boules-ananas-en-nid-d-abeille-paq-4-8435200p.html,https://media-www.partycity.ca/product/seasonal-gardening/party-city-seasonal/party-city-micro-season-decor/8435200/pineapple-honeycomb-balls-4ct-16552666-d779-4151-aadd-8aa301e5f4c0-jpgrendition.jpg?im=whresize&wid=200&hei=200,https://media-www.partycity.ca/product/seasonal-gardening/party-city-seasonal/party-city-micro-season-decor/8435200/pineapple-honeycomb-balls-4ct-16552666-d779-4151-aadd-8aa301e5f4c0-jpgrendition.jpg?im=whresize&wid=200&hei=200,,8435200,843-5200-8,,Liquidation◊Mieux notés,50.81,"3,93","7,99"
281,"Amherstburg, ON",Patins de frein à disque Supercycle J6,Patins de frein à disque Supercycle J6,6.43,"6,43 $",15.99,"Était±  15,99 $prix était 15,99 $",6.43,"6,43 $",6.43,"6,43 $",true,https://www.canadiantire.ca/fr/pdp/patins-de-frein-a-disque-supercycle-j6-0737468p.html,https://www.canadiantire.ca/fr/pdp/patins-de-frein-a-disque-supercycle-j6-0737468p.html,https://media-www.canadiantire.ca/product/playing/cycling/bicycle-accessories/0737468/supercycle-j6-disc-brake-pads-fad95ff6-cc1a-4652-92c5-875a9f408fd1-jpgrendition.jpg?im=whresize&wid=200&hei=200,https://media-www.canadiantire.ca/product/playing/cycling/bicycle-accessories/0737468/supercycle-j6-disc-brake-pads-fad95ff6-cc1a-4652-92c5-875a9f408fd1-jpgrendition.jpg?im=whresize&wid=200&hei=200,,0737468,073-7468-2,Il n’en reste que 2 #073-7468-2,Liquidation◊Exclusivité,59.79,"6,43","15,99"
281,"Amherstburg, ON",Jouet sonore en vinyle Petco avec logo Canadian Tire,Jouet sonore en vinyle Petco avec logo Canadian Tire,4.93,"4,93 $",9.99,"Était±  9,99 $prix était 9,99 $",4.93,"4,93 $",4.93,"4,93 $",true,https://www.canadiantire.ca/fr/pdp/jouet-sonore-en-vinyle-petco-avec-logo-canadian-tire-1427462p.html,https://www.canadiantire.ca/fr/pdp/jouet-sonore-en-vinyle-petco-avec-logo-canadian-tire-1427462p.html,https://media-www.canadiantire.ca/product/living/pet-care/pet-accessories/1427462/petco-canadian-tire-logo-vinyl-squeak-toy-92348cce-d43e-4285-9de1-6dfeb49e977f-jpgrendition.jpg?im=whresize&wid=200&hei=200,https://media-www.canadiantire.ca/product/living/pet-care/pet-accessories/1427462/petco-canadian-tire-logo-vinyl-squeak-toy-92348cce-d43e-4285-9de1-6dfeb49e977f-jpgrendition.jpg?im=whresize&wid=200&hei=200,,1427462,142-7462-0,Il n’en reste que 2 #142-7462-0,Liquidation◊Exclusivité,50.65,"4,93","9,99"
