store_id,city,name,title,price,price_raw,regular_price,regular_price_raw,liquidation_price,liquidation_price_raw,sale_price,sale_price_raw,liquidation,url,link,image,image_url,product_id,sku,sku_formatted,availability,badges,discount_percent,price_sale_clean,price_original_clean
86,"Renfrew, ON","Échelle de piscine en A en acier Bestway Flowclear avec rampe, 42 po","Échelle de piscine en A en acier Bestway Flowclear avec rampe, 42 po",29.93,"29,93 $",99.99,"Était±  99,99 $prix était 99,99 $",29.93,"29,93 $",29.93,"29,93 $",true,https://www.canadiantire.ca/fr/pdp/echelle-de-piscine-en-a-en-acier-bestway-flowclear-avec-rampe-42-po-0813926p.html,https://www.canadiantire.ca/fr/pdp/echelle-de-piscine-en-a-en-acier-bestway-flowclear-avec-rampe-42-po-0813926p.html,https://media-www.canadiantire.ca/product/seasonal-gardening/backyard-fun/pool-maintenance/0813926/42-pool-ladder-1e5af39a-d711-4efc-88d9-7f79508fac9d-jpgrendition.jpg?im=whresize&wid=200&hei=200,https://media-www.canadiantire.ca/product/seasonal-gardening/backyard-fun/pool-maintenance/0813926/42-pool-ladder-1e5af39a-d711-4efc-88d9-7f79508fac9d-jpgrendition.jpg?im=whresize&wid=200&hei=200,,0813926,081-3926-6,19 En Stock#081-3926-6,Liquidation◊,70.07,"29,93","99,99"
86,"Renfrew, ON","Garde-robe à 2 portes Sauder, blanc","Garde-robe à 2 portes Sauder, blanc",79.93,"79,93 $",199.99,"Était±  199,99 $prix était 199,99 $",79.93,"79,93 $",79.93,"79,93 $",true,https://www.canadiantire.ca/fr/pdp/garde-robe-a-2-portes-sauder-blanc-1680208p.html,https://www.canadiantire.ca/fr/pdp/garde-robe-a-2-portes-sauder-blanc-1680208p.html,https://media-www.canadiantire.ca/product/living/home-decor/furniture/1680208/sauder-2-door-wardrobe-white-46b84ecb-6c99-4d6b-a82c-a46023dd83a0-jpgrendition.jpg?im=whresize&wid=200&hei=200,https://media-www.canadiantire.ca/product/living/home-decor/furniture/1680208/sauder-2-door-wardrobe-white-46b84ecb-6c99-4d6b-a82c-a46023dd83a0-jpgrendition.jpg?im=whresize&wid=200&hei=200,,1680208,168-0208-0,Il n’en reste que 2 #168-0208-0,Liquidation◊,60.03,"79,93","199,99"
86,"Renfrew, ON","Sorbetière numérique Vida par PADERNO, machine à crème glacée et gâteries 4-en-1, acier inoxydable, 1,9 L","Sorbetière numérique Vida par PADERNO, machine à crème glacée et gâteries 4-en-1, acier inoxydable, 1,9 L",59.93,"59,93 $",149.99,"Était±  149,99 $prix était 149,99 $",59.93,"59,93 $",59.93,"59,93 $",true,https://www.canadiantire.ca/fr/pdp/sorbetiere-numerique-vida-par-paderno-machine-a-creme-glacee-et-gateries-4-en-1-acier-inoxydable-1-9-l-0431564p.html,https://www.canadiantire.ca/fr/pdp/sorbetiere-numerique-vida-par-paderno-machine-a-creme-glacee-et-gateries-4-en-1-acier-inoxydable-1-9-l-0431564p.html,https://media-www.canadiantire.ca/product/living/kitchen/kitchen-appliances/0431564/vida-by-paderno-ice-cream-maker-cab802eb-a002-46c2-b174-7fca7a24c75c-jpgrendition.jpg?im=whresize&wid=200&hei=200,https://media-www.canadiantire.ca/product/living/kitchen/kitchen-appliances/0431564/vida-by-paderno-ice-cream-maker-cab802eb-a002-46c2-b174-7fca7a24c75c-jpgrendition.jpg?im=whresize&wid=200&hei=200,,0431564,043-1564-0,8 En Stock#043-1564-0,Liquidation◊Mieux notés,60.04,"59,93","149,99"
86,"Renfrew, ON",Abri soleil Outbound Haven à système de 2 moyeux,Abri soleil Outbound Haven à système de 2 moyeux,39.93,"39,93 $",79.99,"Était±  79,99 $prix était 79,99 $",39.93,"39,93 $",39.93,"39,93 $",true,https://www.canadiantire.ca/fr/pdp/abri-soleil-outbound-haven-a-systeme-de-2-moyeux-0766442p.html,https://www.canadiantire.ca/fr/pdp/abri-soleil-outbound-haven-a-systeme-de-2-moyeux-0766442p.html,https://media-www.canadiantire.ca/product/playing/camping/tents-shelters/0766442/outbound-haven-2hub-sun-shelter-dd9ff823-d50f-4269-a2f3-7cb00e9450a9-jpgrendition.jpg?im=whresize&wid=200&hei=200,https://media-www.canadiantire.ca/product/playing/camping/tents-shelters/0766442/outbound-haven-2hub-sun-shelter-dd9ff823-d50f-4269-a2f3-7cb00e9450a9-jpgrendition.jpg?im=whresize&wid=200&hei=200,,0766442,076-6442-2,Il n’en reste que 1 #076-6442-2,Liquidation◊Mieux notés,50.08,"39,93","79,99"
86,"Renfrew, ON","Ponceuse à courroie sans balais Mastercraft 20 V sans fil, outil seulement, compatibilité PWR POD","Ponceuse à courroie sans balais Mastercraft 20 V sans fil, outil seulement, compatibilité PWR POD",39.93,"39,93 $",134.99,"Était±  134,99 $prix était 134,99 $",39.93,"39,93 $",39.93,"39,93 $",true,https://www.canadiantire.ca/fr/pdp/ponceuse-a-courroie-sans-balais-mastercraft-20-v-sans-fil-outil-seulement-compatibilite-pwr-pod-0547577p.html,https://www.canadiantire.ca/fr/pdp/ponceuse-a-courroie-sans-balais-mastercraft-20-v-sans-fil-outil-seulement-compatibilite-pwr-pod-0547577p.html,https://media-www.canadiantire.ca/product/fixing/tools/portable-power-tools/0547577/mastercraft-20v-belt-sander-29b77927-3d92-4f92-b246-28781e24ea2d-jpgrendition.jpg?im=whresize&wid=200&hei=200,https://media-www.canadiantire.ca/product/fixing/tools/portable-power-tools/0547577/mastercraft-20v-belt-sander-29b77927-3d92-4f92-b246-28781e24ea2d-jpgrendition.jpg?im=whresize&wid=200&hei=200,,0547577,054-7577-8,13 En Stock#054-7577-8,Liquidation◊Mieux notés,70.42,"39,93","134,99"
86,"Renfrew, ON",Support d'entraînement à vélo d'intérieur Raleigh,Support d'entraînement à vélo d'intérieur Raleigh,79.93,"79,93 $",219.99,"Était±  219,99 $prix était 219,99 $",79.93,"79,93 $",79.93,"79,93 $",true,https://www.canadiantire.ca/fr/pdp/support-d-entrainement-a-velo-d-interieur-raleigh-0730584p.html,https://www.canadiantire.ca/fr/pdp/support-d-entrainement-a-velo-d-interieur-raleigh-0730584p.html,https://media-www.canadiantire.ca/product/playing/cycling/bicycle-accessories/0730584/raleigh-bike-trainer-e2630b61-37b1-4963-ba4f-de2eb849f90f-jpgrendition.jpg?im=whresize&wid=200&hei=200,https://media-www.canadiantire.ca/product/playing/cycling/bicycle-accessories/0730584/raleigh-bike-trainer-e2630b61-37b1-4963-ba4f-de2eb849f90f-jpgrendition.jpg?im=whresize&wid=200&hei=200,,0730584,073-0584-6,Il n’en reste que 4 #073-0584-6,Liquidation◊Mieux notés,63.67,"79,93","219,99"
86,"Renfrew, ON","Tasse de voyage à double paroi avec poignée Bubba Keg Classic, 20 oz, choix de couleurs","Tasse de voyage à double paroi avec poignée Bubba Keg Classic, 20 oz, choix de couleurs",9.93,"9,93 $",24.99,"24,99 $Était   et+ prix était à partir de 24,99 $",9.93,"9,93 $",9.93,"9,93 $",true,https://www.canadiantire.ca/fr/pdp/tasse-de-voyage-a-double-paroi-avec-poignee-bubba-keg-classic-20-oz-choix-de-couleurs-2425153p.html,https://www.canadiantire.ca/fr/pdp/tasse-de-voyage-a-double-paroi-avec-poignee-bubba-keg-classic-20-oz-choix-de-couleurs-2425153p.html,https://media-www.canadiantire.ca/product/living/kitchen/food-storage/2425154/bubba-20-oz-keg-mug-magenta-0effc0af-c6a5-482f-b1fb-0de772f237a0-jpgrendition.jpg?im=whresize&wid=200&hei=200,https://media-www.canadiantire.ca/product/living/kitchen/food-storage/2425154/bubba-20-oz-keg-mug-magenta-0effc0af-c6a5-482f-b1fb-0de772f237a0-jpgrendition.jpg?im=whresize&wid=200&hei=200,,2425153,242-5153,Vérifiez la disponibilité#242-5153X,Liquidation◊Mieux notés,60.26,"9,93","24,99"
86,"Renfrew, ON",Aspirateur sans fil de déchets secs/humides tout-en-un et appareil de nettoyage de planchers durs Bissell CrossWave OmniFind Pet Pro,Aspirateur sans fil de déchets secs/humides tout-en-un et appareil de nettoyage de planchers durs Bissell CrossWave OmniFind Pet Pro,179.93,"179,93 $",379.99,"Était±  379,99 $prix était 379,99 $",179.93,"179,93 $",179.93,"179,93 $",true,https://www.canadiantire.ca/fr/pdp/aspirateur-sans-fil-de-dechets-secs-humides-tout-en-un-et-appareil-de-nettoyage-de-planchers-durs-bissell-crosswave-omnifind-pet-pro-0437233p.html,https://www.canadiantire.ca/fr/pdp/aspirateur-sans-fil-de-dechets-secs-humides-tout-en-un-et-appareil-de-nettoyage-de-planchers-durs-bissell-crosswave-omnifind-pet-pro-0437233p.html,https://media-www.canadiantire.ca/product/living/cleaning/vacuums-and-floorcare/0437233/bissell-omnifind-petpro-hard-floor-wet-cleaner-a8a44b1c-d6db-472c-a2a7-50098c512b75-jpgrendition.jpg?im=whresize&wid=200&hei=200,https://media-www.canadiantire.ca/product/living/cleaning/vacuums-and-floorcare/0437233/bissell-omnifind-petpro-hard-floor-wet-cleaner-a8a44b1c-d6db-472c-a2a7-50098c512b75-jpgrendition.jpg?im=whresize&wid=200&hei=200,,0437233,043-7233-2,Il n’en reste que 1 #043-7233-2,Liquidation◊Exclusivité,52.65,"179,93","379,99"
86,"Renfrew, ON",Nettoyant pour plancher dur humide Dyson WashG1,Nettoyant pour plancher dur humide Dyson WashG1,299.93,"299,93 $",899.99,"Était±  899,99 $prix était 899,99 $",299.93,"299,93 $",299.93,"299,93 $",true,https://www.canadiantire.ca/fr/pdp/nettoyant-pour-plancher-dur-humide-dyson-washg1-0437203p.html,https://www.canadiantire.ca/fr/pdp/nettoyant-pour-plancher-dur-humide-dyson-washg1-0437203p.html,https://media-www.canadiantire.ca/product/living/cleaning/vacuums-and-floorcare/0437203/dyson-washg1a-is-the-latest-wet-cleaning-technology--78d707ef-8aa9-4cfb-9da1-6723242c10bc-jpgrendition.jpg?im=whresize&wid=200&hei=200,https://media-www.canadiantire.ca/product/living/cleaning/vacuums-and-floorcare/0437203/dyson-washg1a-is-the-latest-wet-cleaning-technology--78d707ef-8aa9-4cfb-9da1-6723242c10bc-jpgrendition.jpg?im=whresize&wid=200&hei=200,,0437203,043-7203-4,Il n’en reste que 2 #043-7203-4,Liquidation◊,66.67,"299,93","899,99"
86,"Renfrew, ON",Aspirateur-robot Shark Navigator Spot Lidar,Aspirateur-robot Shark Navigator Spot Lidar,199.93,"199,93 $",399.99,"Était±  399,99 $prix était 399,99 $",199.93,"199,93 $",199.93,"199,93 $",true,https://www.canadiantire.ca/fr/pdp/aspirateur-robot-shark-navigator-spot-lidar-0439617p.html,https://www.canadiantire.ca/fr/pdp/aspirateur-robot-shark-navigator-spot-lidar-0439617p.html,https://media-www.canadiantire.ca/product/living/cleaning/vacuums-and-floorcare/0439617/shark-navigator-spot-lidar-robotic-vac-0da3fe11-906d-4be8-9ef1-35c7a6f4dccf-jpgrendition.jpg?im=whresize&wid=200&hei=200,https://media-www.canadiantire.ca/product/living/cleaning/vacuums-and-floorcare/0439617/shark-navigator-spot-lidar-robotic-vac-0da3fe11-906d-4be8-9ef1-35c7a6f4dccf-jpgrendition.jpg?im=whresize&wid=200&hei=200,,0439617,043-9617-8,Il n’en reste que 1 #043-9617-8,Liquidation◊Mieux notés,50.02,"199,93","399,99"
86,"Renfrew, ON","Gaufrier miniature compact antiadhésif en forme de coeur Dash, rouge","Gaufrier miniature compact antiadhésif en forme de coeur Dash, rouge",9.93,"9,93 $",20.99,"Était±  20,99 $prix était 20,99 $",9.93,"9,93 $",9.93,"9,93 $",true,https://www.canadiantire.ca/fr/pdp/gaufrier-miniature-compact-antiadhesif-en-forme-de-coeur-dash-rouge-0430375p.html,https://www.canadiantire.ca/fr/pdp/gaufrier-miniature-compact-antiadhesif-en-forme-de-coeur-dash-rouge-0430375p.html,https://media-www.canadiantire.ca/product/living/kitchen/kitchen-appliances/0430375/dash-heart-mini-waffle-maker-red-5355d5fb-cea9-4969-88de-99bf11ab3589-jpgrendition.jpg?im=whresize&wid=200&hei=200,https://media-www.canadiantire.ca/product/living/kitchen/kitchen-appliances/0430375/dash-heart-mini-waffle-maker-red-5355d5fb-cea9-4969-88de-99bf11ab3589-jpgrendition.jpg?im=whresize&wid=200&hei=200,,0430375,043-0375-6,Il n’en reste que 4 #043-0375-6,Liquidation◊Mieux notés,52.69,"9,93","20,99"
86,"Renfrew, ON","Support à pneus à tablette réglable MotoMaster, capacité de 300 lb","Support à pneus à tablette réglable MotoMaster, capacité de 300 lb",33.93,"33,93 $",74.99,"Était±  74,99 $prix était 74,99 $",33.93,"33,93 $",33.93,"33,93 $",true,https://www.canadiantire.ca/fr/pdp/support-a-pneus-a-tablette-reglable-motomaster-capacite-de-300-lb-0091537p.html,https://www.canadiantire.ca/fr/pdp/support-a-pneus-a-tablette-reglable-motomaster-capacite-de-300-lb-0091537p.html,https://media-www.canadiantire.ca/product/automotive/auto-maintenance/auto-shop-equipment-supplies/0091537/motomaster-adjustable-tire-storage-shelves-797f8bda-21ae-4374-ab65-dfc1341fe0c4-jpgrendition.jpg?im=whresize&wid=200&hei=200,https://media-www.canadiantire.ca/product/automotive/auto-maintenance/auto-shop-equipment-supplies/0091537/motomaster-adjustable-tire-storage-shelves-797f8bda-21ae-4374-ab65-dfc1341fe0c4-jpgrendition.jpg?im=whresize&wid=200&hei=200,,0091537,009-1537-0,Il n’en reste que 3 #009-1537-0,Liquidation◊Exclusivité,54.75,"33,93","74,99"
86,"Renfrew, ON","Étagère de rangement saisonnier Mastercraft avec chariot plateforme roulant, noir, 166,37 x 90,17 x 172,72 cm(65,5 x 35,5 x 68 po)","Étagère de rangement saisonnier Mastercraft avec chariot plateforme roulant, noir, 166,37 x 90,17 x 172,72 cm(65,5 x 35,5 x 68 po)",149.93,"149,93 $",299.99,"Était±  299,99 $prix était 299,99 $",149.93,"149,93 $",149.93,"149,93 $",true,https://www.canadiantire.ca/fr/pdp/etagere-de-rangement-saisonnier-mastercraft-avec-chariot-plateforme-roulant-noir-166-37-x-90-17-x-172-72-cm-65-5-x-35-5-x-68-po-0681822p.html,https://www.canadiantire.ca/fr/pdp/etagere-de-rangement-saisonnier-mastercraft-avec-chariot-plateforme-roulant-noir-166-37-x-90-17-x-172-72-cm-65-5-x-35-5-x-68-po-0681822p.html,https://media-www.canadiantire.ca/product/fixing/tools/garage-organization/0681822/mastercraft-seasonal-storage-rack-4657eb31-2d51-419f-a388-3dcc3e45f853-jpgrendition.jpg?im=whresize&wid=200&hei=200,https://media-www.canadiantire.ca/product/fixing/tools/garage-organization/0681822/mastercraft-seasonal-storage-rack-4657eb31-2d51-419f-a388-3dcc3e45f853-jpgrendition.jpg?im=whresize&wid=200&hei=200,,0681822,068-1822-8,10 En Stock#068-1822-8,Liquidation◊Mieux notés,50.02,"149,93","299,99"
86,"Renfrew, ON","Bibliothèque à cadre en métal à 5 niveaux avec rangement CANVAS Robson, fini chêne","Bibliothèque à cadre en métal à 5 niveaux avec rangement CANVAS Robson, fini chêne",139.93,"139,93 $",349.99,"Était±  349,99 $prix était 349,99 $",139.93,"139,93 $",139.93,"139,93 $",true,https://www.canadiantire.ca/fr/pdp/bibliotheque-a-cadre-en-metal-a-5-niveaux-avec-rangement-canvas-robson-fini-chene-1680047p.html,https://www.canadiantire.ca/fr/pdp/bibliotheque-a-cadre-en-metal-a-5-niveaux-avec-rangement-canvas-robson-fini-chene-1680047p.html,https://media-www.canadiantire.ca/product/living/home-decor/furniture/1680047/canvas-robson-wide-bookcase-cc404526-7e49-447a-b2ad-88a6bd2c5a81-jpgrendition.jpg?im=whresize&wid=200&hei=200,https://media-www.canadiantire.ca/product/living/home-decor/furniture/1680047/canvas-robson-wide-bookcase-cc404526-7e49-447a-b2ad-88a6bd2c5a81-jpgrendition.jpg?im=whresize&wid=200&hei=200,,1680047,168-0047-2,Il n’en reste que 1 #168-0047-2,Liquidation◊Mieux notés,60.02,"139,93","349,99"
86,"Renfrew, ON",Huitre à enfourcher flottante gonflable pour lac,Huitre à enfourcher flottante gonflable pour lac,49.93,"49,93 $",99.99,"Était±  99,99 $prix était 99,99 $",49.93,"49,93 $",49.93,"49,93 $",true,https://www.canadiantire.ca/fr/pdp/huitre-a-enfourcher-flottante-gonflable-pour-lac-0791411p.html,https://www.canadiantire.ca/fr/pdp/huitre-a-enfourcher-flottante-gonflable-pour-lac-0791411p.html,https://media-www.canadiantire.ca/product/playing/seasonal-recreation/marine-water-fun/0791411/clamshell-lake-inflatable-84c224b6-f74f-43cb-add7-f18aa0e52402-jpgrendition.jpg?im=whresize&wid=200&hei=200,https://media-www.canadiantire.ca/product/playing/seasonal-recreation/marine-water-fun/0791411/clamshell-lake-inflatable-84c224b6-f74f-43cb-add7-f18aa0e52402-jpgrendition.jpg?im=whresize&wid=200&hei=200,,0791411,079-1411-0,19 En Stock#079-1411-0,Liquidation◊,50.07,"49,93","99,99"
86,"Renfrew, ON","Station d'outils rotatifs Mastercraft 20 V, 40 pièces, compatible avec PWR POD","Station d'outils rotatifs Mastercraft 20 V, 40 pièces, compatible avec PWR POD",29.93,"29,93 $",89.99,"Était±  89,99 $prix était 89,99 $",29.93,"29,93 $",29.93,"29,93 $",true,https://www.canadiantire.ca/fr/pdp/station-d-outils-rotatifs-mastercraft-20-v-40-pieces-compatible-avec-pwr-pod-0548721p.html,https://www.canadiantire.ca/fr/pdp/station-d-outils-rotatifs-mastercraft-20-v-40-pieces-compatible-avec-pwr-pod-0548721p.html,https://media-www.canadiantire.ca/product/fixing/tools/portable-power-tools/0548721/mastercraft-20v-rotary-tool-station-22992854-82d3-4dcf-aea2-5bbe62ded2ae-jpgrendition.jpg?im=whresize&wid=200&hei=200,https://media-www.canadiantire.ca/product/fixing/tools/portable-power-tools/0548721/mastercraft-20v-rotary-tool-station-22992854-82d3-4dcf-aea2-5bbe62ded2ae-jpgrendition.jpg?im=whresize&wid=200&hei=200,,0548721,054-8721-8,16 En Stock#054-8721-8,Liquidation◊Mieux notés,66.74,"29,93","89,99"
86,"Renfrew, ON","Bibliothèque étroite à cadre en métal à 4 niveaux avec porte de rangement CANVAS Robson, fini chêne","Bibliothèque étroite à cadre en métal à 4 niveaux avec porte de rangement CANVAS Robson, fini chêne",119.93,"119,93 $",299.99,"Était±  299,99 $prix était 299,99 $",119.93,"119,93 $",119.93,"119,93 $",true,https://www.canadiantire.ca/fr/pdp/bibliotheque-etroite-a-cadre-en-metal-a-4-niveaux-avec-porte-de-rangement-canvas-robson-fini-chene-1680046p.html,https://www.canadiantire.ca/fr/pdp/bibliotheque-etroite-a-cadre-en-metal-a-4-niveaux-avec-porte-de-rangement-canvas-robson-fini-chene-1680046p.html,https://media-www.canadiantire.ca/product/living/home-decor/furniture/1680046/canvas-robson-narrow-bookcase-e1615183-0b8a-49f9-8dc3-0a09bf7290ad-jpgrendition.jpg?im=whresize&wid=200&hei=200,https://media-www.canadiantire.ca/product/living/home-decor/furniture/1680046/canvas-robson-narrow-bookcase-e1615183-0b8a-49f9-8dc3-0a09bf7290ad-jpgrendition.jpg?im=whresize&wid=200&hei=200,,1680046,168-0046-4,Il n’en reste que 1 #168-0046-4,Liquidation◊Articles à succès,60.02,"119,93","299,99"
86,"Renfrew, ON","Sac banane/Sac de taille pour hanche/épaule Outbound avec sangle ajustable, choix varié, 2 l","Sac banane/Sac de taille pour hanche/épaule Outbound avec sangle ajustable, choix varié, 2 l",4.93,"4,93 $",9.99,"Était±  9,99 $prix était 9,99 $",4.93,"4,93 $",4.93,"4,93 $",true,https://www.canadiantire.ca/fr/pdp/sac-banane-sac-de-taille-pour-hanche-epaule-outbound-avec-sangle-ajustable-choix-varie-2-l-0766195p.html,https://www.canadiantire.ca/fr/pdp/sac-banane-sac-de-taille-pour-hanche-epaule-outbound-avec-sangle-ajustable-choix-varie-2-l-0766195p.html,https://media-www.canadiantire.ca/product/playing/camping/backpacks-luggage-accessories/0766195/outbound-hip-pack-27a2088e-6a32-45e0-ab5f-bf6f9f92e327-jpgrendition.jpg?im=whresize&wid=200&hei=200,https://media-www.canadiantire.ca/product/playing/camping/backpacks-luggage-accessories/0766195/outbound-hip-pack-27a2088e-6a32-45e0-ab5f-bf6f9f92e327-jpgrendition.jpg?im=whresize&wid=200&hei=200,,0766195,076-6195-0,8 En Stock#076-6195-0,Liquidation◊Mieux notés,50.65,"4,93","9,99"
86,"Renfrew, ON","Garde-robe à 2 portes Sauder, espresso","Garde-robe à 2 portes Sauder, espresso",99.93,"99,93 $",199.99,"Était±  199,99 $prix était 199,99 $",99.93,"99,93 $",99.93,"99,93 $",true,https://www.canadiantire.ca/fr/pdp/garde-robe-a-2-portes-sauder-espresso-1680209p.html,https://www.canadiantire.ca/fr/pdp/garde-robe-a-2-portes-sauder-espresso-1680209p.html,https://media-www.canadiantire.ca/product/living/home-decor/furniture/1680209/sauder-2-door-wardrobe-espresso-cfafe212-4d59-4159-8c6e-07f7e29672d1-jpgrendition.jpg?im=whresize&wid=200&hei=200,https://media-www.canadiantire.ca/product/living/home-decor/furniture/1680209/sauder-2-door-wardrobe-espresso-cfafe212-4d59-4159-8c6e-07f7e29672d1-jpgrendition.jpg?im=whresize&wid=200&hei=200,,1680209,168-0209-8,Il n’en reste que 1 #168-0209-8,Liquidation◊Mieux notés,50.03,"99,93","199,99"
86,"Renfrew, ON","Vélo électrique tout-terrain Raleigh Getaway 36 V, 700C roues, noir","Vélo électrique tout-terrain Raleigh Getaway 36 V, 700C roues, noir",999.93,"999,93 $",2799.99,"Était±  2 799,99 $prix était 2 799,99 $",999.93,"999,93 $",999.93,"999,93 $",true,https://www.canadiantire.ca/fr/pdp/velo-electrique-tout-terrain-raleigh-getaway-36-v-700c-roues-noir-0711931p.html,https://www.canadiantire.ca/fr/pdp/velo-electrique-tout-terrain-raleigh-getaway-36-v-700c-roues-noir-0711931p.html,https://media-www.canadiantire.ca/product/playing/cycling/bicycles/0711931/raleigh-getaway-men-s-electric-bike-700c-e4b77c61-6dc1-49c0-b6d7-114a1fe93cc4-jpgrendition.jpg?im=whresize&wid=200&hei=200,https://media-www.canadiantire.ca/product/playing/cycling/bicycles/0711931/raleigh-getaway-men-s-electric-bike-700c-e4b77c61-6dc1-49c0-b6d7-114a1fe93cc4-jpgrendition.jpg?im=whresize&wid=200&hei=200,,0711931,071-1931-8,Il n’en reste que 1 #071-1931-8,Liquidation◊Articles à succès,64.29,"999,93","2799,99"
86,"Renfrew, ON","Four à pizza de table portatif au gaz Vida par PADERNO, 1 brûleur, 12 po","Four à pizza de table portatif au gaz Vida par PADERNO, 1 brûleur, 12 po",159.93,"159,93 $",399.99,"Était±  399,99 $prix était 399,99 $",159.93,"159,93 $",159.93,"159,93 $",true,https://www.canadiantire.ca/fr/pdp/four-a-pizza-de-table-portatif-au-gaz-vida-par-paderno-1-bruleur-12-po-0850001p.html,https://www.canadiantire.ca/fr/pdp/four-a-pizza-de-table-portatif-au-gaz-vida-par-paderno-1-bruleur-12-po-0850001p.html,https://media-www.canadiantire.ca/product/seasonal-gardening/backyard-living/outdoor-cooking/0850001/vida-by-paderno-pizza-oven-c3f6852d-30b5-4ad8-96fe-41ea01ff0eaa-jpgrendition.jpg?im=whresize&wid=200&hei=200,https://media-www.canadiantire.ca/product/seasonal-gardening/backyard-living/outdoor-cooking/0850001/vida-by-paderno-pizza-oven-c3f6852d-30b5-4ad8-96fe-41ea01ff0eaa-jpgrendition.jpg?im=whresize&wid=200&hei=200,,0850001,085-0001-6,Il n’en reste que 3 #085-0001-6,Liquidation◊Exclusivité,60.02,"159,93","399,99"
86,"Renfrew, ON",Ensemble d'accessoires pour chariot Woods avec support à glacière pliable et filet,Ensemble d'accessoires pour chariot Woods avec support à glacière pliable et filet,34.93,"34,93 $",69.99,"Était±  69,99 $prix était 69,99 $",34.93,"34,93 $",34.93,"34,93 $",true,https://www.canadiantire.ca/fr/pdp/ensemble-d-accessoires-pour-chariot-woods-avec-support-a-glaciere-pliable-et-filet-0766822p.html,https://www.canadiantire.ca/fr/pdp/ensemble-d-accessoires-pour-chariot-woods-avec-support-a-glaciere-pliable-et-filet-0766822p.html,https://media-www.canadiantire.ca/product/playing/camping/camping-furniture/0766822/wds-wagon-acc-kit-e987721d-a395-4f7b-b807-bea9668847cf-jpgrendition.jpg?im=whresize&wid=200&hei=200,https://media-www.canadiantire.ca/product/playing/camping/camping-furniture/0766822/wds-wagon-acc-kit-e987721d-a395-4f7b-b807-bea9668847cf-jpgrendition.jpg?im=whresize&wid=200&hei=200,,0766822,076-6822-8,Il n’en reste que 2 #076-6822-8,Liquidation◊Mieux notés,50.09,"34,93","69,99"
86,"Renfrew, ON","Pergola modulaire CANVAS Horizon, extérieur et patio, 10 x 10 pi","Pergola modulaire CANVAS Horizon, extérieur et patio, 10 x 10 pi",599.93,"599,93 $",1199.99,"Était±  1 199,99 $prix était 1 199,99 $",599.93,"599,93 $",599.93,"599,93 $",true,https://www.canadiantire.ca/fr/pdp/pergola-modulaire-canvas-horizon-exterieur-et-patio-10-x-10-pi-1880240p.html,https://www.canadiantire.ca/fr/pdp/pergola-modulaire-canvas-horizon-exterieur-et-patio-10-x-10-pi-1880240p.html,https://media-www.canadiantire.ca/product/seasonal-gardening/backyard-living/outdoor-furniture/1880240/canvas-horizon-10-x-10-modular-pergola-036babcc-70d8-48f1-b1f2-73666688de06-jpgrendition.jpg?im=whresize&wid=200&hei=200,https://media-www.canadiantire.ca/product/seasonal-gardening/backyard-living/outdoor-furniture/1880240/canvas-horizon-10-x-10-modular-pergola-036babcc-70d8-48f1-b1f2-73666688de06-jpgrendition.jpg?im=whresize&wid=200&hei=200,,1880240,188-0240-2,Il n’en reste que 1 #188-0240-2,Liquidation◊Exclusivité,50.01,"599,93","1199,99"
86,"Renfrew, ON","Meuble de rangement d'angle ouvert à tablette et 9 cubes For Living, blanc","Meuble de rangement d'angle ouvert à tablette et 9 cubes For Living, blanc",79.93,"79,93 $",159.99,"Était±  159,99 $prix était 159,99 $",79.93,"79,93 $",79.93,"79,93 $",true,https://www.canadiantire.ca/fr/pdp/meuble-de-rangement-d-angle-ouvert-a-tablette-et-9-cubes-for-living-blanc-1680221p.html,https://www.canadiantire.ca/fr/pdp/meuble-de-rangement-d-angle-ouvert-a-tablette-et-9-cubes-for-living-blanc-1680221p.html,https://media-www.canadiantire.ca/product/living/home-decor/furniture/1680221/for-living-corner-9-cube-organizer-7b7dc5f9-de00-4529-ab60-96254faa2854-jpgrendition.jpg?im=whresize&wid=200&hei=200,https://media-www.canadiantire.ca/product/living/home-decor/furniture/1680221/for-living-corner-9-cube-organizer-7b7dc5f9-de00-4529-ab60-96254faa2854-jpgrendition.jpg?im=whresize&wid=200&hei=200,,1680221,168-0221-6,Il n’en reste que 2 #168-0221-6,Liquidation◊Exclusivité,50.04,"79,93","159,99"
86,"Renfrew, ON","Short cargo Outbound pour hommes, grandes poches, havane","Short cargo Outbound pour hommes, grandes poches, havane",9.93,"9,93 $",25.99,"25,99 $Était   et+ prix était à partir de 25,99 $",9.93,"9,93 $",9.93,"9,93 $",true,https://www.canadiantire.ca/fr/pdp/short-cargo-outbound-pour-hommes-grandes-poches-havane-1873520p.html,https://www.canadiantire.ca/fr/pdp/short-cargo-outbound-pour-hommes-grandes-poches-havane-1873520p.html,https://media-www.canadiantire.ca/product/playing/footwear-apparel/summer-footwear-apparel/1873520/outbound-men-s-cargo-shorts-tan-m-c66af4ed-b35b-4c1f-82ee-7afbf190f779-jpgrendition.jpg?im=whresize&wid=200&hei=200,https://media-www.canadiantire.ca/product/playing/footwear-apparel/summer-footwear-apparel/1873520/outbound-men-s-cargo-shorts-tan-m-c66af4ed-b35b-4c1f-82ee-7afbf190f779-jpgrendition.jpg?im=whresize&wid=200&hei=200,,1873520,187-3520,Vérifiez la disponibilité#187-3520X,Liquidation◊Mieux notés,61.79,"9,93","25,99"
86,"Renfrew, ON","Bibliothèque à 2 niveaux et 3 tiroirs pour rangement et présentation CANVAS Copenhagen, blanc","Bibliothèque à 2 niveaux et 3 tiroirs pour rangement et présentation CANVAS Copenhagen, blanc",124.93,"124,93 $",249.99,"Était±  249,99 $prix était 249,99 $",124.93,"124,93 $",124.93,"124,93 $",true,https://www.canadiantire.ca/fr/pdp/bibliotheque-a-2-niveaux-et-3-tiroirs-pour-rangement-et-presentation-canvas-copenhagen-blanc-1680002p.html,https://www.canadiantire.ca/fr/pdp/bibliotheque-a-2-niveaux-et-3-tiroirs-pour-rangement-et-presentation-canvas-copenhagen-blanc-1680002p.html,https://media-www.canadiantire.ca/product/living/home-decor/furniture/1680002/canvas-copenhagen-2-shelf-bookcase-with-3-drawers-white-c62a249f-ff8f-4a89-a69c-e1cb36cb860e-jpgrendition.jpg?im=whresize&wid=200&hei=200,https://media-www.canadiantire.ca/product/living/home-decor/furniture/1680002/canvas-copenhagen-2-shelf-bookcase-with-3-drawers-white-c62a249f-ff8f-4a89-a69c-e1cb36cb860e-jpgrendition.jpg?im=whresize&wid=200&hei=200,,1680002,168-0002-8,Il n’en reste que 1 #168-0002-8,Liquidation◊Exclusivité,50.03,"124,93","249,99"
86,"Renfrew, ON","Meuble pour téléviseur avec foyer électrique multimédia CANVAS Lotus, 67 po, 1 500 W, télécommande comprise, brun","Meuble pour téléviseur avec foyer électrique multimédia CANVAS Lotus, 67 po, 1 500 W, télécommande comprise, brun",274.93,"274,93 $",549.99,"Était±  549,99 $prix était 549,99 $",274.93,"274,93 $",274.93,"274,93 $",true,https://www.canadiantire.ca/fr/pdp/meuble-pour-televiseur-avec-foyer-electrique-multimedia-canvas-lotus-67-po-1-500-w-telecommande-comprise-brun-0643590p.html,https://www.canadiantire.ca/fr/pdp/meuble-pour-televiseur-avec-foyer-electrique-multimedia-canvas-lotus-67-po-1-500-w-telecommande-comprise-brun-0643590p.html,https://media-www.canadiantire.ca/product/living/home-decor/electric-fireplaces/0643590/masterflame-lotus-fireplace-aa87f256-c025-40e6-b060-d1a987f18559-jpgrendition.jpg?im=whresize&wid=200&hei=200,https://media-www.canadiantire.ca/product/living/home-decor/electric-fireplaces/0643590/masterflame-lotus-fireplace-aa87f256-c025-40e6-b060-d1a987f18559-jpgrendition.jpg?im=whresize&wid=200&hei=200,,0643590,064-3590-4,Il n’en reste que 1 #064-3590-4,Liquidation◊Exclusivité,50.01,"274,93","549,99"
86,"Renfrew, ON","Foyer électrique CANVAS Marseille, 54 po, 1 400 W, comprend une télécommande, blanc","Foyer électrique CANVAS Marseille, 54 po, 1 400 W, comprend une télécommande, blanc",349.93,"349,93 $",699.99,"Était±  699,99 $prix était 699,99 $",349.93,"349,93 $",349.93,"349,93 $",true,https://www.canadiantire.ca/fr/pdp/foyer-electrique-canvas-marseille-54-po-1-400-w-comprend-une-telecommande-blanc-0643176p.html,https://www.canadiantire.ca/fr/pdp/foyer-electrique-canvas-marseille-54-po-1-400-w-comprend-une-telecommande-blanc-0643176p.html,https://media-www.canadiantire.ca/product/living/home-decor/electric-fireplaces/0643176/canvas-marseille-fireplace-fedce335-a386-471e-87b0-b3ad50097466-jpgrendition.jpg?im=whresize&wid=200&hei=200,https://media-www.canadiantire.ca/product/living/home-decor/electric-fireplaces/0643176/canvas-marseille-fireplace-fedce335-a386-471e-87b0-b3ad50097466-jpgrendition.jpg?im=whresize&wid=200&hei=200,,0643176,064-3176-2,Il n’en reste que 1 #064-3176-2,Liquidation◊Mieux notés,50.01,"349,93","699,99"
86,"Renfrew, ON","Planche à pagaie pour 1 personne Pelican Flow 106, blanc et vert, 10 pi 6 po","Planche à pagaie pour 1 personne Pelican Flow 106, blanc et vert, 10 pi 6 po",299.93,"299,93 $",599.99,"Était±  599,99 $prix était 599,99 $",299.93,"299,93 $",299.93,"299,93 $",true,https://www.canadiantire.ca/fr/pdp/planche-a-pagaie-pour-1-personne-pelican-flow-106-blanc-et-vert-10-pi-6-po-0792044p.html,https://www.canadiantire.ca/fr/pdp/planche-a-pagaie-pour-1-personne-pelican-flow-106-blanc-et-vert-10-pi-6-po-0792044p.html,https://media-www.canadiantire.ca/product/playing/seasonal-recreation/marine-water-fun/0792044/pelican-flow-106-stand-up-paddle-board-7136f53a-71e5-4f0a-825f-eab92a92ff42-jpgrendition.jpg?im=whresize&wid=200&hei=200,https://media-www.canadiantire.ca/product/playing/seasonal-recreation/marine-water-fun/0792044/pelican-flow-106-stand-up-paddle-board-7136f53a-71e5-4f0a-825f-eab92a92ff42-jpgrendition.jpg?im=whresize&wid=200&hei=200,,0792044,079-2044-8,,Liquidation◊Mieux notés,50.01,"299,93","599,99"
86,"Renfrew, ON","Selle de vélo Raleigh Comfort, gel","Selle de vélo Raleigh Comfort, gel",14.93,"14,93 $",47.99,"Était±  47,99 $prix était 47,99 $",14.93,"14,93 $",14.93,"14,93 $",true,https://www.canadiantire.ca/fr/pdp/selle-de-velo-raleigh-comfort-gel-0733062p.html,https://www.canadiantire.ca/fr/pdp/selle-de-velo-raleigh-comfort-gel-0733062p.html,https://media-www.canadiantire.ca/product/playing/cycling/bicycle-accessories/0733062/raleigh-comfort-gel-saddle-06b0d8b2-671a-4f77-8e18-c52371f07958-jpgrendition.jpg?im=whresize&wid=200&hei=200,https://media-www.canadiantire.ca/product/playing/cycling/bicycle-accessories/0733062/raleigh-comfort-gel-saddle-06b0d8b2-671a-4f77-8e18-c52371f07958-jpgrendition.jpg?im=whresize&wid=200&hei=200,,0733062,073-3062-0,32 En Stock#073-3062-0,Liquidation◊Mieux notés,68.89,"14,93","47,99"
86,"Renfrew, ON","Ouvre-porte de garage à courroie ultra silencieux avec Wi-Fi et caméra intégrée Chamberlain B4643TC, 3/4 HP","Ouvre-porte de garage à courroie ultra silencieux avec Wi-Fi et caméra intégrée Chamberlain B4643TC, 3/4 HP",299.93,"299,93 $",599.99,"Était±  599,99 $prix était 599,99 $",299.93,"299,93 $",299.93,"299,93 $",true,https://www.canadiantire.ca/fr/pdp/ouvre-porte-de-garage-a-courroie-ultra-silencieux-avec-wi-fi-et-camera-integree-chamberlain-b4643tc-3-4-hp-0460985p.html,https://www.canadiantire.ca/fr/pdp/ouvre-porte-de-garage-a-courroie-ultra-silencieux-avec-wi-fi-et-camera-integree-chamberlain-b4643tc-3-4-hp-0460985p.html,https://media-www.canadiantire.ca/product/fixing/tools/garage-organization/0460985/chamberlain-3-4-hp-belt-garage-door-opener-with-wifi-camera-809fe420-8b59-4bea-8a74-5bf3b2c5f9e3-jpgrendition.jpg?im=whresize&wid=200&hei=200,https://media-www.canadiantire.ca/product/fixing/tools/garage-organization/0460985/chamberlain-3-4-hp-belt-garage-door-opener-with-wifi-camera-809fe420-8b59-4bea-8a74-5bf3b2c5f9e3-jpgrendition.jpg?im=whresize&wid=200&hei=200,,0460985,046-0985-8,,Liquidation◊Mieux notés,50.01,"299,93","599,99"
86,"Renfrew, ON","Système d'attelage pour chien de camping Woods BALSAM-FUR avec corde réfléchissante, sac de rangement et mousqueton, 26,2 pi","Système d'attelage pour chien de camping Woods BALSAM-FUR avec corde réfléchissante, sac de rangement et mousqueton, 26,2 pi",22.43,"22,43 $",59.99,"Était±  59,99 $prix était 59,99 $",22.43,"22,43 $",22.43,"22,43 $",true,https://www.canadiantire.ca/fr/pdp/systeme-d-attelage-pour-chien-de-camping-woods-balsam-fur-avec-corde-reflechissante-sac-de-rangement-et-mousqueton-26-2-pi-0766428p.html,https://www.canadiantire.ca/fr/pdp/systeme-d-attelage-pour-chien-de-camping-woods-balsam-fur-avec-corde-reflechissante-sac-de-rangement-et-mousqueton-26-2-pi-0766428p.html,https://media-www.canadiantire.ca/product/playing/camping/camping-accessories/0766428/woods-balsam-fir-leash-hitch-system-7ceb8dca-bd85-4168-9006-4a582dc9b9c8-jpgrendition.jpg?im=whresize&wid=200&hei=200,https://media-www.canadiantire.ca/product/playing/camping/camping-accessories/0766428/woods-balsam-fir-leash-hitch-system-7ceb8dca-bd85-4168-9006-4a582dc9b9c8-jpgrendition.jpg?im=whresize&wid=200&hei=200,,0766428,076-6428-8,Il n’en reste que 2 #076-6428-8,Liquidation◊Exclusivité,62.61,"22,43","59,99"
86,"Renfrew, ON","Machine à eau gazéifiée Ninja Thirsti, machine à soda, station de boissons gazeuses et plates, cylindre de CO2 de 60 L et gouttes d'eau aromatisées, noir","Machine à eau gazéifiée Ninja Thirsti, machine à soda, station de boissons gazeuses et plates, cylindre de CO2 de 60 L et gouttes d'eau aromatisées, noir",89.93,"89,93 $",249.99,"Était±  249,99 $prix était 249,99 $",89.93,"89,93 $",89.93,"89,93 $",true,https://www.canadiantire.ca/fr/pdp/machine-a-eau-gazeifiee-ninja-thirsti-machine-a-soda-station-de-boissons-gazeuses-et-plates-cylindre-de-co2-de-60-l-et-gouttes-d-eau-aromatisees-noir-0431546p.html,https://www.canadiantire.ca/fr/pdp/machine-a-eau-gazeifiee-ninja-thirsti-machine-a-soda-station-de-boissons-gazeuses-et-plates-cylindre-de-co2-de-60-l-et-gouttes-d-eau-aromatisees-noir-0431546p.html,https://media-www.canadiantire.ca/product/living/kitchen/kitchen-appliances/0431546/ninja-thirsti-carbonated-water-maker-3fdc8f98-1cc8-4a22-8746-d8c0178035f9-jpgrendition.jpg?im=whresize&wid=200&hei=200,https://media-www.canadiantire.ca/product/living/kitchen/kitchen-appliances/0431546/ninja-thirsti-carbonated-water-maker-3fdc8f98-1cc8-4a22-8746-d8c0178035f9-jpgrendition.jpg?im=whresize&wid=200&hei=200,,0431546,043-1546-4,Il n’en reste que 3 #043-1546-4,Liquidation◊Mieux notés,64.03,"89,93","249,99"
86,"Renfrew, ON","Vélo hybride Stratus Endure, noir, 700C","Vélo hybride Stratus Endure, noir, 700C",299.93,"299,93 $",599.99,"599,99 $Était   et+ prix était à partir de 599,99 $",299.93,"299,93 $",299.93,"299,93 $",true,https://www.canadiantire.ca/fr/pdp/velo-hybride-stratus-endure-noir-700c-0712059p.html,https://www.canadiantire.ca/fr/pdp/velo-hybride-stratus-endure-noir-700c-0712059p.html,https://media-www.canadiantire.ca/product/playing/cycling/bicycles/0712059/stratus-700c-black-blue-endure-00057a26-d166-44ba-9ed8-86f7f39c7d87-jpgrendition.jpg?im=whresize&wid=200&hei=200,https://media-www.canadiantire.ca/product/playing/cycling/bicycles/0712059/stratus-700c-black-blue-endure-00057a26-d166-44ba-9ed8-86f7f39c7d87-jpgrendition.jpg?im=whresize&wid=200&hei=200,,0712059,071-2059,Vérifiez la disponibilité#071-2059X,Liquidation◊Exclusivité,50.01,"299,93","599,99"
86,"Renfrew, ON","CANVAS Mercier - Table à dîner de terrasse rectangulaire en acier à plateau en verre, noir","CANVAS Mercier - Table à dîner de terrasse rectangulaire en acier à plateau en verre, noir",149.93,"149,93 $",299.99,"Était±  299,99 $prix était 299,99 $",149.93,"149,93 $",149.93,"149,93 $",true,https://www.canadiantire.ca/fr/pdp/canvas-mercier-table-a-diner-de-terrasse-rectangulaire-en-acier-a-plateau-en-verre-noir-0882029p.html,https://www.canadiantire.ca/fr/pdp/canvas-mercier-table-a-diner-de-terrasse-rectangulaire-en-acier-a-plateau-en-verre-noir-0882029p.html,https://media-www.canadiantire.ca/product/seasonal-gardening/backyard-living/outdoor-furniture/0882029/canvas-mercier-dining-table-1ab27b9c-d50f-4a17-9d15-124e2a4f2a96-jpgrendition.jpg?im=whresize&wid=200&hei=200,https://media-www.canadiantire.ca/product/seasonal-gardening/backyard-living/outdoor-furniture/0882029/canvas-mercier-dining-table-1ab27b9c-d50f-4a17-9d15-124e2a4f2a96-jpgrendition.jpg?im=whresize&wid=200&hei=200,,0882029,088-2029-4,Il n’en reste que 1 #088-2029-4,Liquidation◊Exclusivité,50.02,"149,93","299,99"
86,"Renfrew, ON",CANVAS Bala - Table à manger de jardin en osier à plateau en similibois pour toutes les conditions,CANVAS Bala - Table à manger de jardin en osier à plateau en similibois pour toutes les conditions,199.93,"199,93 $",399.99,"Était±  399,99 $prix était 399,99 $",199.93,"199,93 $",199.93,"199,93 $",true,https://www.canadiantire.ca/fr/pdp/canvas-bala-table-a-manger-de-jardin-en-osier-a-plateau-en-similibois-pour-toutes-les-conditions-0881695p.html,https://www.canadiantire.ca/fr/pdp/canvas-bala-table-a-manger-de-jardin-en-osier-a-plateau-en-similibois-pour-toutes-les-conditions-0881695p.html,https://media-www.canadiantire.ca/product/seasonal-gardening/backyard-living/outdoor-furniture/0881695/canvas-bala-casual-dining-table-5ca88d41-582d-4068-957c-ddee4d89cc49-jpgrendition.jpg?im=whresize&wid=200&hei=200,https://media-www.canadiantire.ca/product/seasonal-gardening/backyard-living/outdoor-furniture/0881695/canvas-bala-casual-dining-table-5ca88d41-582d-4068-957c-ddee4d89cc49-jpgrendition.jpg?im=whresize&wid=200&hei=200,,0881695,088-1695-2,Il n’en reste que 1 #088-1695-2,Liquidation◊Exclusivité,50.02,"199,93","399,99"
86,"Renfrew, ON","Chandail Huntshield Brome No Fly Zone, hommes, gris","Chandail Huntshield Brome No Fly Zone, hommes, gris",29.93,"29,93 $",69.99,"69,99 $Était   et+ prix était à partir de 69,99 $",29.93,"29,93 $",29.93,"29,93 $",true,https://www.canadiantire.ca/fr/pdp/chandail-huntshield-brome-no-fly-zone-hommes-gris-3751411p.html,https://www.canadiantire.ca/fr/pdp/chandail-huntshield-brome-no-fly-zone-hommes-gris-3751411p.html,https://media-www.canadiantire.ca/product/playing/hunting/hunting-apparel-footwear/3751411/mens-brome-no-fly-zone-shirt-m-grey-421aa9a4-0769-4460-b7a2-0de01a1a2957-jpgrendition.jpg?im=whresize&wid=200&hei=200,https://media-www.canadiantire.ca/product/playing/hunting/hunting-apparel-footwear/3751411/mens-brome-no-fly-zone-shirt-m-grey-421aa9a4-0769-4460-b7a2-0de01a1a2957-jpgrendition.jpg?im=whresize&wid=200&hei=200,,3751411,375-1411,Vérifiez la disponibilité#375-1411X,Liquidation◊Mieux notés,57.24,"29,93","69,99"
86,"Renfrew, ON","Tapis de salle de bains For Living en coton, 20 x 30 po","Tapis de salle de bains For Living en coton, 20 x 30 po",9.93,"9,93 $",19.99,"19,99 $Était   et+ prix était à partir de 19,99 $",9.93,"9,93 $",9.93,"9,93 $",true,https://www.canadiantire.ca/fr/pdp/tapis-de-salle-de-bains-for-living-en-coton-20-x-30-po-0632706p.html,https://www.canadiantire.ca/fr/pdp/tapis-de-salle-de-bains-for-living-en-coton-20-x-30-po-0632706p.html,https://media-www.canadiantire.ca/product/living/home-decor/bed-bath-decor/0632707/beige-bathroom-mat-20x30-44f298ec-9e3f-4f3f-9512-dbedcfe6946b-jpgrendition.jpg?im=whresize&wid=200&hei=200,https://media-www.canadiantire.ca/product/living/home-decor/bed-bath-decor/0632707/beige-bathroom-mat-20x30-44f298ec-9e3f-4f3f-9512-dbedcfe6946b-jpgrendition.jpg?im=whresize&wid=200&hei=200,,0632706,063-2706,Vérifiez la disponibilité#063-2706X,Liquidation◊Exclusivité,50.33,"9,93","19,99"
86,"Renfrew, ON","Table à dîner haute d'extérieur/de jardin CANVAS Mercier avec dessus en verre trempé, noir","Table à dîner haute d'extérieur/de jardin CANVAS Mercier avec dessus en verre trempé, noir",99.93,"99,93 $",249.99,"Était±  249,99 $prix était 249,99 $",99.93,"99,93 $",99.93,"99,93 $",true,https://www.canadiantire.ca/fr/pdp/table-a-diner-haute-d-exterieur-de-jardin-canvas-mercier-avec-dessus-en-verre-trempe-noir-1880294p.html,https://www.canadiantire.ca/fr/pdp/table-a-diner-haute-d-exterieur-de-jardin-canvas-mercier-avec-dessus-en-verre-trempe-noir-1880294p.html,https://media-www.canadiantire.ca/product/seasonal-gardening/backyard-living/outdoor-furniture/1880294/canvas-mercier-high-dining-table-a1e4ede4-bd3b-4e48-b361-73188e8df24d-jpgrendition.jpg?im=whresize&wid=200&hei=200,https://media-www.canadiantire.ca/product/seasonal-gardening/backyard-living/outdoor-furniture/1880294/canvas-mercier-high-dining-table-a1e4ede4-bd3b-4e48-b361-73188e8df24d-jpgrendition.jpg?im=whresize&wid=200&hei=200,,1880294,188-0294-4,Il n’en reste que 2 #188-0294-4,Liquidation◊Exclusivité,60.03,"99,93","249,99"
86,"Renfrew, ON","Foyer multimédia CANVAS Alma, 72 po","Foyer multimédia CANVAS Alma, 72 po",349.93,"349,93 $",729.99,"Était±  729,99 $prix était 729,99 $",349.93,"349,93 $",349.93,"349,93 $",true,https://www.canadiantire.ca/fr/pdp/foyer-multimedia-canvas-alma-72-po-0644023p.html,https://www.canadiantire.ca/fr/pdp/foyer-multimedia-canvas-alma-72-po-0644023p.html,https://media-www.canadiantire.ca/product/living/home-decor/electric-fireplaces/0644023/canvas-72-alma-media-fireplace-e628d1ac-401e-49a3-9433-090b81178264-jpgrendition.jpg?im=whresize&wid=200&hei=200,https://media-www.canadiantire.ca/product/living/home-decor/electric-fireplaces/0644023/canvas-72-alma-media-fireplace-e628d1ac-401e-49a3-9433-090b81178264-jpgrendition.jpg?im=whresize&wid=200&hei=200,,0644023,064-4023-0,Il n’en reste que 2 #064-4023-0,Liquidation◊Mieux notés,52.06,"349,93","729,99"
86,"Renfrew, ON",Sac d'aliments pour chiens à fermeture à enrouler Woods PAW-THORN,Sac d'aliments pour chiens à fermeture à enrouler Woods PAW-THORN,7.93,"7,93 $",23.99,"Était±  23,99 $prix était 23,99 $",7.93,"7,93 $",7.93,"7,93 $",true,https://www.canadiantire.ca/fr/pdp/sac-d-aliments-pour-chiens-a-fermeture-a-enrouler-woods-paw-thorn-0766427p.html,https://www.canadiantire.ca/fr/pdp/sac-d-aliments-pour-chiens-a-fermeture-a-enrouler-woods-paw-thorn-0766427p.html,https://media-www.canadiantire.ca/product/playing/camping/camping-furniture/0766409/woods-o-hara-camp-pad-eaf0561c-b507-479f-8a74-585ab3804103-jpgrendition.jpg?im=whresize&wid=200&hei=200,https://media-www.canadiantire.ca/product/playing/camping/camping-furniture/0766409/woods-o-hara-camp-pad-eaf0561c-b507-479f-8a74-585ab3804103-jpgrendition.jpg?im=whresize&wid=200&hei=200,,0766427,076-6427-0,Il n’en reste que 3 #076-6427-0,Liquidation◊Mieux notés,66.94,"7,93","23,99"
86,"Renfrew, ON",Garde-manger modulaire Canvas,Garde-manger modulaire Canvas,149.93,"149,93 $",299.99,"Était±  299,99 $prix était 299,99 $",149.93,"149,93 $",149.93,"149,93 $",true,https://www.canadiantire.ca/fr/pdp/garde-manger-modulaire-canvas-1680202p.html,https://www.canadiantire.ca/fr/pdp/garde-manger-modulaire-canvas-1680202p.html,https://media-www.canadiantire.ca/product/living/home-decor/furniture/1680202/canvas-modular-pantry-788d444a-46dc-4a9b-b811-f4c884e0e682-jpgrendition.jpg?im=whresize&wid=200&hei=200,https://media-www.canadiantire.ca/product/living/home-decor/furniture/1680202/canvas-modular-pantry-788d444a-46dc-4a9b-b811-f4c884e0e682-jpgrendition.jpg?im=whresize&wid=200&hei=200,,1680202,168-0202-2,,Liquidation◊Exclusivité,50.02,"149,93","299,99"
86,"Renfrew, ON","Support pour micro-ondes CANVAS Lawson, blanc","Support pour micro-ondes CANVAS Lawson, blanc",119.93,"119,93 $",299.99,"Était±  299,99 $prix était 299,99 $",119.93,"119,93 $",119.93,"119,93 $",true,https://www.canadiantire.ca/fr/pdp/support-pour-micro-ondes-canvas-lawson-blanc-1680134p.html,https://www.canadiantire.ca/fr/pdp/support-pour-micro-ondes-canvas-lawson-blanc-1680134p.html,https://media-www.canadiantire.ca/product/living/home-decor/furniture/1680134/canvas-lawson-console-microwave-stand-f18630e3-002e-4b03-b693-7ffde9e3382d-jpgrendition.jpg?im=whresize&wid=200&hei=200,https://media-www.canadiantire.ca/product/living/home-decor/furniture/1680134/canvas-lawson-console-microwave-stand-f18630e3-002e-4b03-b693-7ffde9e3382d-jpgrendition.jpg?im=whresize&wid=200&hei=200,,1680134,168-0134-4,Il n’en reste que 2 #168-0134-4,Liquidation◊Exclusivité,60.02,"119,93","299,99"
86,"Renfrew, ON","Meuble pour téléviseur avec console multimédia et foyer électrique CANVAS Ashcroft, 60 po, 1 400 W, télécommande comprise, blanc","Meuble pour téléviseur avec console multimédia et foyer électrique CANVAS Ashcroft, 60 po, 1 400 W, télécommande comprise, blanc",324.93,"324,93 $",649.99,"Était±  649,99 $prix était 649,99 $",324.93,"324,93 $",324.93,"324,93 $",true,https://www.canadiantire.ca/fr/pdp/meuble-pour-televiseur-avec-console-multimedia-et-foyer-electrique-canvas-ashcroft-60-po-1-400-w-telecommande-comprise-blanc-0644017p.html,https://www.canadiantire.ca/fr/pdp/meuble-pour-televiseur-avec-console-multimedia-et-foyer-electrique-canvas-ashcroft-60-po-1-400-w-telecommande-comprise-blanc-0644017p.html,https://media-www.canadiantire.ca/product/living/home-decor/electric-fireplaces/0644017/60-ashcroft-media-fireplace-05ccb2a8-d411-4b2b-8cb0-a1a0275ddcc0-jpgrendition.jpg?im=whresize&wid=200&hei=200,https://media-www.canadiantire.ca/product/living/home-decor/electric-fireplaces/0644017/60-ashcroft-media-fireplace-05ccb2a8-d411-4b2b-8cb0-a1a0275ddcc0-jpgrendition.jpg?im=whresize&wid=200&hei=200,,0644017,064-4017-6,Il n’en reste que 1 #064-4017-6,Liquidation◊Mieux notés,50.01,"324,93","649,99"
86,"Renfrew, ON","Bureau d'écriture à 2 tiroirs avec pattes en bois CANVAS Copenhagen, blanc","Bureau d'écriture à 2 tiroirs avec pattes en bois CANVAS Copenhagen, blanc",124.93,"124,93 $",249.99,"Était±  249,99 $prix était 249,99 $",124.93,"124,93 $",124.93,"124,93 $",true,https://www.canadiantire.ca/fr/pdp/bureau-d-ecriture-a-2-tiroirs-avec-pattes-en-bois-canvas-copenhagen-blanc-1680001p.html,https://www.canadiantire.ca/fr/pdp/bureau-d-ecriture-a-2-tiroirs-avec-pattes-en-bois-canvas-copenhagen-blanc-1680001p.html,https://media-www.canadiantire.ca/product/living/home-decor/furniture/1680001/canvas-copenhagen-desk-white-65504d37-b163-413f-8c21-d7b38602a9a3-jpgrendition.jpg?im=whresize&wid=200&hei=200,https://media-www.canadiantire.ca/product/living/home-decor/furniture/1680001/canvas-copenhagen-desk-white-65504d37-b163-413f-8c21-d7b38602a9a3-jpgrendition.jpg?im=whresize&wid=200&hei=200,,1680001,168-0001-0,Il n’en reste que 1 #168-0001-0,Liquidation◊Exclusivité,50.03,"124,93","249,99"
86,"Renfrew, ON","Lampes solaires sur piquet For Living, oiseau, 36,22 po, choix varié","Lampes solaires sur piquet For Living, oiseau, 36,22 po, choix varié",19.93,"19,93 $",49.99,"Était±  49,99 $prix était 49,99 $",19.93,"19,93 $",19.93,"19,93 $",true,https://www.canadiantire.ca/fr/pdp/lampes-solaires-sur-piquet-for-living-oiseau-36-22-po-choix-varie-0597300p.html,https://www.canadiantire.ca/fr/pdp/lampes-solaires-sur-piquet-for-living-oiseau-36-22-po-choix-varie-0597300p.html,https://media-www.canadiantire.ca/product/seasonal-gardening/backyard-living/outdoor-living-accessories/0597300/for-living-bird-stakes-assorted-30b467ea-303c-4241-ac34-039a62d2bc6e-jpgrendition.jpg?im=whresize&wid=200&hei=200,https://media-www.canadiantire.ca/product/seasonal-gardening/backyard-living/outdoor-living-accessories/0597300/for-living-bird-stakes-assorted-30b467ea-303c-4241-ac34-039a62d2bc6e-jpgrendition.jpg?im=whresize&wid=200&hei=200,,0597300,059-7300-6,,Liquidation◊Exclusivité,60.13,"19,93","49,99"
86,"Renfrew, ON","For Living - Auvent de rechange octogonal pour gazebo, beige, 153 x 124 x 35 po","For Living - Auvent de rechange octogonal pour gazebo, beige, 153 x 124 x 35 po",94.93,"94,93 $",199.99,"Était±  199,99 $prix était 199,99 $",94.93,"94,93 $",94.93,"94,93 $",true,https://www.canadiantire.ca/fr/pdp/for-living-auvent-de-rechange-octogonal-pour-gazebo-beige-153-x-124-x-35-po-0881635p.html,https://www.canadiantire.ca/fr/pdp/for-living-auvent-de-rechange-octogonal-pour-gazebo-beige-153-x-124-x-35-po-0881635p.html,https://media-www.canadiantire.ca/product/seasonal-gardening/backyard-living/outdoor-furniture/0881635/for-living-canopy-for-octagon-179677f6-f9ea-4c8f-82df-4cf8841a4342-jpgrendition.jpg?im=whresize&wid=200&hei=200,https://media-www.canadiantire.ca/product/seasonal-gardening/backyard-living/outdoor-furniture/0881635/for-living-canopy-for-octagon-179677f6-f9ea-4c8f-82df-4cf8841a4342-jpgrendition.jpg?im=whresize&wid=200&hei=200,,0881635,088-1635-6,Il n’en reste que 1 #088-1635-6,Liquidation◊Exclusivité,52.53,"94,93","199,99"
86,"Renfrew, ON",Table de tennis de table Stiga avec filet de 66 po et poteaux,Table de tennis de table Stiga avec filet de 66 po et poteaux,249.93,"249,93 $",499.99,"Était±  499,99 $prix était 499,99 $",249.93,"249,93 $",249.93,"249,93 $",true,https://www.canadiantire.ca/fr/pdp/table-de-tennis-de-table-stiga-avec-filet-de-66-po-et-poteaux-1842346p.html,https://www.canadiantire.ca/fr/pdp/table-de-tennis-de-table-stiga-avec-filet-de-66-po-et-poteaux-1842346p.html,https://media-www.canadiantire.ca/product/playing/team-sports-and-golf/indoor-games/1842346/stiga-table-tennis-table-fa0ecb25-217a-4e6c-ab46-af124d349da4-jpgrendition.jpg?im=whresize&wid=200&hei=200,https://media-www.canadiantire.ca/product/playing/team-sports-and-golf/indoor-games/1842346/stiga-table-tennis-table-fa0ecb25-217a-4e6c-ab46-af124d349da4-jpgrendition.jpg?im=whresize&wid=200&hei=200,,1842346,184-2346-8,Il n’en reste que 3 #184-2346-8,Liquidation◊,50.01,"249,93","499,99"
86,"Renfrew, ON",ProForm 550R - Rameur avec volant d'inertie amélioré,ProForm 550R - Rameur avec volant d'inertie amélioré,299.93,"299,93 $",799.99,"Était±  799,99 $prix était 799,99 $",299.93,"299,93 $",299.93,"299,93 $",true,https://www.canadiantire.ca/fr/pdp/proform-550r-rameur-avec-volant-d-inertie-ameliore-1841274p.html,https://www.canadiantire.ca/fr/pdp/proform-550r-rameur-avec-volant-d-inertie-ameliore-1841274p.html,https://media-www.canadiantire.ca/product/playing/exercise/cardio-equipment-accessories/1841274/proform-550r-fitness-rower-966195c1-f36f-485b-acd9-aad222347516-jpgrendition.jpg?im=whresize&wid=200&hei=200,https://media-www.canadiantire.ca/product/playing/exercise/cardio-equipment-accessories/1841274/proform-550r-fitness-rower-966195c1-f36f-485b-acd9-aad222347516-jpgrendition.jpg?im=whresize&wid=200&hei=200,,1841274,184-1274-4,Il n’en reste que 3 #184-1274-4,Liquidation◊,62.51,"299,93","799,99"
86,"Renfrew, ON","Table basse d'extérieur/de jardin CANVAS Hunter Circle, brun","Table basse d'extérieur/de jardin CANVAS Hunter Circle, brun",119.93,"119,93 $",279.99,"Était±  279,99 $prix était 279,99 $",119.93,"119,93 $",119.93,"119,93 $",true,https://www.canadiantire.ca/fr/pdp/table-basse-d-exterieur-de-jardin-canvas-hunter-circle-brun-1880276p.html,https://www.canadiantire.ca/fr/pdp/table-basse-d-exterieur-de-jardin-canvas-hunter-circle-brun-1880276p.html,https://media-www.canadiantire.ca/product/seasonal-gardening/backyard-living/outdoor-furniture/1880276/canvas-hunter-coffee-table-491473be-72a0-4025-be82-acb6220fc9a0-jpgrendition.jpg?im=whresize&wid=200&hei=200,https://media-www.canadiantire.ca/product/seasonal-gardening/backyard-living/outdoor-furniture/1880276/canvas-hunter-coffee-table-491473be-72a0-4025-be82-acb6220fc9a0-jpgrendition.jpg?im=whresize&wid=200&hei=200,,1880276,188-0276-8,Il n’en reste que 1 #188-0276-8,Liquidation◊Exclusivité,57.17,"119,93","279,99"
86,"Renfrew, ON",Cache de chasse au sol ignifuge Ameristep Assassin,Cache de chasse au sol ignifuge Ameristep Assassin,79.93,"79,93 $",199.99,"Était±  199,99 $prix était 199,99 $",79.93,"79,93 $",79.93,"79,93 $",true,https://www.canadiantire.ca/fr/pdp/cache-de-chasse-au-sol-ignifuge-ameristep-assassin-0751807p.html,https://www.canadiantire.ca/fr/pdp/cache-de-chasse-au-sol-ignifuge-ameristep-assassin-0751807p.html,https://media-www.canadiantire.ca/product/playing/hunting/hunting-equipment/0751807/ameristep-assassin-fire-retardant-2-person-ground-blind-7cae2893-888a-42a7-b815-e8d2984b9161-jpgrendition.jpg?im=whresize&wid=200&hei=200,https://media-www.canadiantire.ca/product/playing/hunting/hunting-equipment/0751807/ameristep-assassin-fire-retardant-2-person-ground-blind-7cae2893-888a-42a7-b815-e8d2984b9161-jpgrendition.jpg?im=whresize&wid=200&hei=200,,0751807,075-1807-8,9 En Stock#075-1807-8,Liquidation◊,60.03,"79,93","199,99"
86,"Renfrew, ON","Soudeuse à fil fourré à onduleur Mastercraft 125i, 115 V","Soudeuse à fil fourré à onduleur Mastercraft 125i, 115 V",149.93,"149,93 $",299.99,"Était±  299,99 $prix était 299,99 $",149.93,"149,93 $",149.93,"149,93 $",true,https://www.canadiantire.ca/fr/pdp/soudeuse-a-fil-fourre-a-onduleur-mastercraft-125i-115-v-0581926p.html,https://www.canadiantire.ca/fr/pdp/soudeuse-a-fil-fourre-a-onduleur-mastercraft-125i-115-v-0581926p.html,https://media-www.canadiantire.ca/product/fixing/tools/welding-soldering/0581926/mastercraft-flux-core-125i-welder-a969d15d-55de-4da5-9a98-07378fb0d0f8-jpgrendition.jpg?im=whresize&wid=200&hei=200,https://media-www.canadiantire.ca/product/fixing/tools/welding-soldering/0581926/mastercraft-flux-core-125i-welder-a969d15d-55de-4da5-9a98-07378fb0d0f8-jpgrendition.jpg?im=whresize&wid=200&hei=200,,0581926,058-1926-6,Il n’en reste que 3 #058-1926-6,Liquidation◊Mieux notés,50.02,"149,93","299,99"
86,"Renfrew, ON","Lampe de travail et haut-parleur 4-en-1 MotoMaster, 1000 lumens","Lampe de travail et haut-parleur 4-en-1 MotoMaster, 1000 lumens",41.93,"41,93 $",99.99,"Était±  99,99 $prix était 99,99 $",41.93,"41,93 $",41.93,"41,93 $",true,https://www.canadiantire.ca/fr/pdp/lampe-de-travail-et-haut-parleur-4-en-1-motomaster-1000-lumens-0379893p.html,https://www.canadiantire.ca/fr/pdp/lampe-de-travail-et-haut-parleur-4-en-1-motomaster-1000-lumens-0379893p.html,https://media-www.canadiantire.ca/product/automotive/car-care-accessories/auto-accessories/0379893/4-in-1-worklight-and-speaker-3befce74-4dcc-4ce2-b1f7-96297e54aa10-jpgrendition.jpg?im=whresize&wid=200&hei=200,https://media-www.canadiantire.ca/product/automotive/car-care-accessories/auto-accessories/0379893/4-in-1-worklight-and-speaker-3befce74-4dcc-4ce2-b1f7-96297e54aa10-jpgrendition.jpg?im=whresize&wid=200&hei=200,,0379893,037-9893-4,Il n’en reste que 2 #037-9893-4,Liquidation◊Mieux notés,58.07,"41,93","99,99"
86,"Renfrew, ON","Nourriture humide pour chats d'intérieur Purina Friskies dîner de poisson blanc émietté avec légumes verts du jardin, 156 g","Nourriture humide pour chats d'intérieur Purina Friskies dîner de poisson blanc émietté avec légumes verts du jardin, 156 g",0.43,"0,43 $",0.99,"Était±  0,99 $prix était 0,99 $",0.43,"0,43 $",0.43,"0,43 $",true,https://www.canadiantire.ca/fr/pdp/nourriture-humide-pour-chats-d-interieur-purina-friskies-diner-de-poisson-blanc-emiette-avec-legumes-verts-du-jardin-156-g-1425042p.html,https://www.canadiantire.ca/fr/pdp/nourriture-humide-pour-chats-d-interieur-purina-friskies-diner-de-poisson-blanc-emiette-avec-legumes-verts-du-jardin-156-g-1425042p.html,https://media-www.canadiantire.ca/product/living/pet-care/pet-food/1425042/friskies-indoor-pate-whitefish-greens-wet-cat-food-156g-747d05ca-b786-455d-8e0b-ccd30dea0368-jpgrendition.jpg?im=whresize&wid=200&hei=200,https://media-www.canadiantire.ca/product/living/pet-care/pet-food/1425042/friskies-indoor-pate-whitefish-greens-wet-cat-food-156g-747d05ca-b786-455d-8e0b-ccd30dea0368-jpgrendition.jpg?im=whresize&wid=200&hei=200,,1425042,142-5042-2,Il n’en reste que 7 #142-5042-2,Liquidation◊Mieux notés,56.57,"0,43","0,99"
86,"Renfrew, ON","Suspension à 9 lampes de style industriel Artika Clyde, laiton et noir mat","Suspension à 9 lampes de style industriel Artika Clyde, laiton et noir mat",74.93,"74,93 $",269.99,"Était±  269,99 $prix était 269,99 $",74.93,"74,93 $",74.93,"74,93 $",true,https://www.canadiantire.ca/fr/pdp/suspension-a-9-lampes-de-style-industriel-artika-clyde-laiton-et-noir-mat-0521700p.html,https://www.canadiantire.ca/fr/pdp/suspension-a-9-lampes-de-style-industriel-artika-clyde-laiton-et-noir-mat-0521700p.html,https://media-www.canadiantire.ca/product/fixing/electrical/lighting/0521700/artika-clyde-pendant-ca7f183b-f5fd-4e60-a84c-4f231e33d201-jpgrendition.jpg?im=whresize&wid=200&hei=200,https://media-www.canadiantire.ca/product/fixing/electrical/lighting/0521700/artika-clyde-pendant-ca7f183b-f5fd-4e60-a84c-4f231e33d201-jpgrendition.jpg?im=whresize&wid=200&hei=200,,0521700,052-1700-4,Il n’en reste que 1 #052-1700-4,Liquidation◊,72.25,"74,93","269,99"
86,"Renfrew, ON","Robinet d'évier de cuisine rétractable Danze Smartsense, noir mat","Robinet d'évier de cuisine rétractable Danze Smartsense, noir mat",169.93,"169,93 $",349.99,"Était±  349,99 $prix était 349,99 $",169.93,"169,93 $",169.93,"169,93 $",true,https://www.canadiantire.ca/fr/pdp/robinet-d-evier-de-cuisine-retractable-danze-smartsense-noir-mat-0634827p.html,https://www.canadiantire.ca/fr/pdp/robinet-d-evier-de-cuisine-retractable-danze-smartsense-noir-mat-0634827p.html,https://media-www.canadiantire.ca/product/fixing/plumbing/faucets-fixtures/0634827/danze-smartsense-1h-kitchen-pull-down-faucet-matte-black-4b62e466-333b-4162-aa92-9e22131316e9-jpgrendition.jpg?im=whresize&wid=200&hei=200,https://media-www.canadiantire.ca/product/fixing/plumbing/faucets-fixtures/0634827/danze-smartsense-1h-kitchen-pull-down-faucet-matte-black-4b62e466-333b-4162-aa92-9e22131316e9-jpgrendition.jpg?im=whresize&wid=200&hei=200,,0634827,063-4827-0,Il n’en reste que 1 #063-4827-0,Liquidation◊Exclusivité,51.45,"169,93","349,99"
86,"Renfrew, ON","Range-accessoires de douche For Living sur montant à tension réglable antirouille avec panier, 108 x 11 x 9 po","Range-accessoires de douche For Living sur montant à tension réglable antirouille avec panier, 108 x 11 x 9 po",34.93,"34,93 $",69.99,"Était±  69,99 $prix était 69,99 $",34.93,"34,93 $",34.93,"34,93 $",true,https://www.canadiantire.ca/fr/pdp/range-accessoires-de-douche-for-living-sur-montant-a-tension-reglable-antirouille-avec-panier-108-x-11-x-9-po-0636294p.html,https://www.canadiantire.ca/fr/pdp/range-accessoires-de-douche-for-living-sur-montant-a-tension-reglable-antirouille-avec-panier-108-x-11-x-9-po-0636294p.html,https://media-www.canadiantire.ca/product/living/home-decor/bed-bath-decor/0636294/for-living-deep-basket-tension-pole-caddy-satin-nickel-e1f1f6fd-aaf7-428e-bb1e-4fade1552b4a-jpgrendition.jpg?im=whresize&wid=200&hei=200,https://media-www.canadiantire.ca/product/living/home-decor/bed-bath-decor/0636294/for-living-deep-basket-tension-pole-caddy-satin-nickel-e1f1f6fd-aaf7-428e-bb1e-4fade1552b4a-jpgrendition.jpg?im=whresize&wid=200&hei=200,,0636294,063-6294-4,Il n’en reste que 2 #063-6294-4,Liquidation◊Exclusivité,50.09,"34,93","69,99"
86,"Renfrew, ON","Connecteur plat 4 fils DEL de vérification côté remorque Hopkins Towing Solution, 24 po","Connecteur plat 4 fils DEL de vérification côté remorque Hopkins Towing Solution, 24 po",5.93,"5,93 $",12.99,"Était±  12,99 $prix était 12,99 $",5.93,"5,93 $",5.93,"5,93 $",true,https://www.canadiantire.ca/fr/pdp/connecteur-plat-4-fils-del-de-verification-cote-remorque-hopkins-towing-solution-24-po-0409665p.html,https://www.canadiantire.ca/fr/pdp/connecteur-plat-4-fils-del-de-verification-cote-remorque-hopkins-towing-solution-24-po-0409665p.html,https://media-www.canadiantire.ca/product/automotive/automotive-outdoor-adventure/auto-travel-storage/0409665/4-wire-flat-led-test-trailer-end-24--df2cf665-4d90-42f5-9b82-8f48e90be7fe-jpgrendition.jpg?im=whresize&wid=200&hei=200,https://media-www.canadiantire.ca/product/automotive/automotive-outdoor-adventure/auto-travel-storage/0409665/4-wire-flat-led-test-trailer-end-24--df2cf665-4d90-42f5-9b82-8f48e90be7fe-jpgrendition.jpg?im=whresize&wid=200&hei=200,,0409665,040-9665-8,Il n’en reste que 1 #040-9665-8,Liquidation◊Mieux notés,54.35,"5,93","12,99"
86,"Renfrew, ON","Barbecue de table électrique portatif MASTER Chef avec grilles en fonte, noir","Barbecue de table électrique portatif MASTER Chef avec grilles en fonte, noir",149.93,"149,93 $",299.99,"Était±  299,99 $prix était 299,99 $",149.93,"149,93 $",149.93,"149,93 $",true,https://www.canadiantire.ca/fr/pdp/barbecue-de-table-electrique-portatif-master-chef-avec-grilles-en-fonte-noir-0850108p.html,https://www.canadiantire.ca/fr/pdp/barbecue-de-table-electrique-portatif-master-chef-avec-grilles-en-fonte-noir-0850108p.html,https://media-www.canadiantire.ca/product/seasonal-gardening/backyard-living/outdoor-cooking/0850108/master-chef-electric-tabletop-bbq-86778a3a-7353-4128-af13-4db4e59f61a0-jpgrendition.jpg?im=whresize&wid=200&hei=200,https://media-www.canadiantire.ca/product/seasonal-gardening/backyard-living/outdoor-cooking/0850108/master-chef-electric-tabletop-bbq-86778a3a-7353-4128-af13-4db4e59f61a0-jpgrendition.jpg?im=whresize&wid=200&hei=200,,0850108,085-0108-4,Il n’en reste que 2 #085-0108-4,Liquidation◊Articles à succès,50.02,"149,93","299,99"
86,"Renfrew, ON",Détecteur de métal étanche Minelab GoFind 66 avec écran ACL,Détecteur de métal étanche Minelab GoFind 66 avec écran ACL,159.93,"159,93 $",349.99,"Était±  349,99 $prix était 349,99 $",159.93,"159,93 $",159.93,"159,93 $",true,https://www.canadiantire.ca/fr/pdp/detecteur-de-metal-etanche-minelab-gofind-66-avec-ecran-acl-0792211p.html,https://www.canadiantire.ca/fr/pdp/detecteur-de-metal-etanche-minelab-gofind-66-avec-ecran-acl-0792211p.html,https://media-www.canadiantire.ca/product/playing/camping/camping-living/0792211/gofind66-metal-detector-f0eadd38-468a-46ff-a696-db03bfc88748-jpgrendition.jpg?im=whresize&wid=200&hei=200,https://media-www.canadiantire.ca/product/playing/camping/camping-living/0792211/gofind66-metal-detector-f0eadd38-468a-46ff-a696-db03bfc88748-jpgrendition.jpg?im=whresize&wid=200&hei=200,,0792211,079-2211-0,Il n’en reste que 5 #079-2211-0,Liquidation◊,54.3,"159,93","349,99"
86,"Renfrew, ON",Serpent jouet pour chats Petco,Serpent jouet pour chats Petco,4.92,"4,92 $",9.99,"Était±  9,99 $prix était 9,99 $",4.92,"4,92 $",4.92,"4,92 $",true,https://www.canadiantire.ca/fr/pdp/serpent-jouet-pour-chats-petco-1427425p.html,https://www.canadiantire.ca/fr/pdp/serpent-jouet-pour-chats-petco-1427425p.html,https://media-www.canadiantire.ca/product/living/pet-care/pet-accessories/1427425/petco-cat-snake-toy-56ae75b0-f8c9-4700-8799-24bd082387eb-jpgrendition.jpg?im=whresize&wid=200&hei=200,https://media-www.canadiantire.ca/product/living/pet-care/pet-accessories/1427425/petco-cat-snake-toy-56ae75b0-f8c9-4700-8799-24bd082387eb-jpgrendition.jpg?im=whresize&wid=200&hei=200,,1427425,142-7425-0,Il n’en reste que 1 #142-7425-0,Liquidation◊Mieux notés,50.75,"4,92","9,99"
86,"Renfrew, ON","Rallonge d'extérieur à 1 prise NOMA, calibre 16/2, 24 pi 11 po","Rallonge d'extérieur à 1 prise NOMA, calibre 16/2, 24 pi 11 po",11.93,"11,93 $",27.99,"27,99 $Était   et+ prix était à partir de 27,99 $",11.93,"11,93 $",11.93,"11,93 $",true,https://www.canadiantire.ca/fr/pdp/rallonge-d-exterieur-a-1-prise-noma-calibre-16-2-24-pi-11-po-0522481p.html,https://www.canadiantire.ca/fr/pdp/rallonge-d-exterieur-a-1-prise-noma-calibre-16-2-24-pi-11-po-0522481p.html,https://media-www.canadiantire.ca/product/fixing/electrical/power-bars-extension-cords-timers/0522483/noma-cedar-24-11-7-6m-patio-cord-16-2-1-tap-de27fafc-ee1c-4696-b679-52650bbe7424-jpgrendition.jpg?im=whresize&wid=200&hei=200,https://media-www.canadiantire.ca/product/fixing/electrical/power-bars-extension-cords-timers/0522483/noma-cedar-24-11-7-6m-patio-cord-16-2-1-tap-de27fafc-ee1c-4696-b679-52650bbe7424-jpgrendition.jpg?im=whresize&wid=200&hei=200,,0522481,052-2481,Vérifiez la disponibilité#052-2481X,Liquidation◊Mieux notés,57.38,"11,93","27,99"
86,"Renfrew, ON","Ampoules à filament à DEL à intensité variable à culot E26 NOMA B10, blanc chaud, 40 W","Ampoules à filament à DEL à intensité variable à culot E26 NOMA B10, blanc chaud, 40 W",4.93,"4,93 $",10.99,"Était±  10,99 $prix était 10,99 $",4.93,"4,93 $",4.93,"4,93 $",true,https://www.canadiantire.ca/fr/pdp/ampoules-a-filament-a-del-a-intensite-variable-a-culot-e26-noma-b10-blanc-chaud-40-w-0529611p.html,https://www.canadiantire.ca/fr/pdp/ampoules-a-filament-a-del-a-intensite-variable-a-culot-e26-noma-b10-blanc-chaud-40-w-0529611p.html,https://media-www.canadiantire.ca/product/fixing/electrical/light-bulbs/0529611/noma-40w-b10-warm-white-led-bulbs-2-pack-d8ccbe5a-899c-490e-b5f8-348c1c9af633-jpgrendition.jpg?im=whresize&wid=200&hei=200,https://media-www.canadiantire.ca/product/fixing/electrical/light-bulbs/0529611/noma-40w-b10-warm-white-led-bulbs-2-pack-d8ccbe5a-899c-490e-b5f8-348c1c9af633-jpgrendition.jpg?im=whresize&wid=200&hei=200,,0529611,052-9611-8,47 En Stock#052-9611-8,Liquidation◊Mieux notés,55.14,"4,93","10,99"
86,"Renfrew, ON","Vélo de montagne semi-rigide Raleigh Ridge HS, roue de 29 po, gris","Vélo de montagne semi-rigide Raleigh Ridge HS, roue de 29 po, gris",399.93,"399,93 $",799.99,"Était±  799,99 $prix était 799,99 $",399.93,"399,93 $",399.93,"399,93 $",true,https://www.canadiantire.ca/fr/pdp/velo-de-montagne-semi-rigide-raleigh-ridge-hs-roue-de-29-po-gris-0711973p.html,https://www.canadiantire.ca/fr/pdp/velo-de-montagne-semi-rigide-raleigh-ridge-hs-roue-de-29-po-gris-0711973p.html,https://media-www.canadiantire.ca/product/playing/cycling/bicycles/0711973/raleigh-ridge-hs-hardtail-mountain-bike-29-in-596a498d-6722-4e40-9f03-8324534770d5-jpgrendition.jpg?im=whresize&wid=200&hei=200,https://media-www.canadiantire.ca/product/playing/cycling/bicycles/0711973/raleigh-ridge-hs-hardtail-mountain-bike-29-in-596a498d-6722-4e40-9f03-8324534770d5-jpgrendition.jpg?im=whresize&wid=200&hei=200,,0711973,071-1973-8,,Liquidation◊Mieux notés,50.01,"399,93","799,99"
86,"Renfrew, ON","Boîte à colis verrouillable à montage mural résistante aux intempéries Dancy, noir","Boîte à colis verrouillable à montage mural résistante aux intempéries Dancy, noir",29.93,"29,93 $",86.99,"Était±  86,99 $prix était 86,99 $",29.93,"29,93 $",29.93,"29,93 $",true,https://www.canadiantire.ca/fr/pdp/boite-a-colis-verrouillable-a-montage-mural-resistante-aux-intemperies-dancy-noir-0610128p.html,https://www.canadiantire.ca/fr/pdp/boite-a-colis-verrouillable-a-montage-mural-resistante-aux-intemperies-dancy-noir-0610128p.html,https://media-www.canadiantire.ca/product/fixing/hardware/curb-appeal/0610128/wallmount-locking-parcel-box-a9e4f2ab-9b4c-4f70-8685-b50a46b088f8-jpgrendition.jpg?im=whresize&wid=200&hei=200,https://media-www.canadiantire.ca/product/fixing/hardware/curb-appeal/0610128/wallmount-locking-parcel-box-a9e4f2ab-9b4c-4f70-8685-b50a46b088f8-jpgrendition.jpg?im=whresize&wid=200&hei=200,,0610128,061-0128-2,Il n’en reste que 1 #061-0128-2,Liquidation◊,65.59,"29,93","86,99"
86,"Renfrew, ON","‌Bottes-pantalons à chaussons Outbound, femmes, vert","‌Bottes-pantalons à chaussons Outbound, femmes, vert",62.93,"62,93 $",129.99,"129,99 $Était   et+ prix était à partir de 129,99 $",62.93,"62,93 $",62.93,"62,93 $",true,https://www.canadiantire.ca/fr/pdp/-bottes-pantalons-a-chaussons-outbound-femmes-vert-1783710p.html,https://www.canadiantire.ca/fr/pdp/-bottes-pantalons-a-chaussons-outbound-femmes-vert-1783710p.html,https://media-www.canadiantire.ca/product/playing/fishing/fishing-accessories/1783710/outbound-women-s-bootfoot-wader-s6-60837388-8ecc-4d07-83f7-bfbeaeb56e53-jpgrendition.jpg?im=whresize&wid=200&hei=200,https://media-www.canadiantire.ca/product/playing/fishing/fishing-accessories/1783710/outbound-women-s-bootfoot-wader-s6-60837388-8ecc-4d07-83f7-bfbeaeb56e53-jpgrendition.jpg?im=whresize&wid=200&hei=200,,1783710,178-3710,Vérifiez la disponibilité#178-3710X,Liquidation◊Exclusivité,51.59,"62,93","129,99"
86,"Renfrew, ON",Range-tout empilable For Living,Range-tout empilable For Living,89.93,"89,93 $",179.99,"Était±  179,99 $prix était 179,99 $",89.93,"89,93 $",89.93,"89,93 $",true,https://www.canadiantire.ca/fr/pdp/range-tout-empilable-for-living-1680171p.html,https://www.canadiantire.ca/fr/pdp/range-tout-empilable-for-living-1680171p.html,https://media-www.canadiantire.ca/product/living/home-decor/furniture/1680171/for-living-stackable-catch-all-organizer-528fa338-7bfd-4f61-8c63-72b43047ac32-jpgrendition.jpg?im=whresize&wid=200&hei=200,https://media-www.canadiantire.ca/product/living/home-decor/furniture/1680171/for-living-stackable-catch-all-organizer-528fa338-7bfd-4f61-8c63-72b43047ac32-jpgrendition.jpg?im=whresize&wid=200&hei=200,,1680171,168-0171-4,Il n’en reste que 2 #168-0171-4,Liquidation◊Mieux notés,50.04,"89,93","179,99"
86,"Renfrew, ON","Bec verseur de rechange Reliance, 53 mm","Bec verseur de rechange Reliance, 53 mm",4.43,"4,43 $",9.99,"Était±  9,99 $prix était 9,99 $",4.43,"4,43 $",4.43,"4,43 $",true,https://www.canadiantire.ca/fr/pdp/bec-verseur-de-rechange-reliance-53-mm-0854308p.html,https://www.canadiantire.ca/fr/pdp/bec-verseur-de-rechange-reliance-53-mm-0854308p.html,https://media-www.canadiantire.ca/product/playing/camping/hydration-coolers/0854308/reliance-replacement-spout-assembly-084b6ed6-c410-4129-915c-26becd3c163c-jpgrendition.jpg?im=whresize&wid=200&hei=200,https://media-www.canadiantire.ca/product/playing/camping/hydration-coolers/0854308/reliance-replacement-spout-assembly-084b6ed6-c410-4129-915c-26becd3c163c-jpgrendition.jpg?im=whresize&wid=200&hei=200,,0854308,085-4308-4,Il n’en reste que 6 #085-4308-4,Liquidation◊,55.66,"4,43","9,99"
86,"Renfrew, ON","Spatule à angle KitchenAid Gourmet, acier inoxydable","Spatule à angle KitchenAid Gourmet, acier inoxydable",9.93,"9,93 $",19.99,"Était±  19,99 $prix était 19,99 $",9.93,"9,93 $",9.93,"9,93 $",true,https://www.canadiantire.ca/fr/pdp/spatule-a-angle-kitchenaid-gourmet-acier-inoxydable-1425806p.html,https://www.canadiantire.ca/fr/pdp/spatule-a-angle-kitchenaid-gourmet-acier-inoxydable-1425806p.html,https://media-www.canadiantire.ca/product/living/kitchen/kitchen-tools-thermometers/1425806/kitchenaid-gourmet-stainless-steel-angle-turner-bc76c0fe-3281-4894-971d-d0e9ac8e11c8-jpgrendition.jpg?im=whresize&wid=200&hei=200,https://media-www.canadiantire.ca/product/living/kitchen/kitchen-tools-thermometers/1425806/kitchenaid-gourmet-stainless-steel-angle-turner-bc76c0fe-3281-4894-971d-d0e9ac8e11c8-jpgrendition.jpg?im=whresize&wid=200&hei=200,,1425806,142-5806-6,Il n’en reste que 2 #142-5806-6,Liquidation◊Mieux notés,50.33,"9,93","19,99"
86,"Renfrew, ON","Câble d'attache à clé rétractable long Master Lock, 3 pi","Câble d'attache à clé rétractable long Master Lock, 3 pi",6.93,"6,93 $",13.99,"Était±  13,99 $prix était 13,99 $",6.93,"6,93 $",6.93,"6,93 $",true,https://www.canadiantire.ca/fr/pdp/cable-d-attache-a-cle-retractable-long-master-lock-3-pi-0463554p.html,https://www.canadiantire.ca/fr/pdp/cable-d-attache-a-cle-retractable-long-master-lock-3-pi-0463554p.html,https://media-www.canadiantire.ca/product/fixing/hardware/curb-appeal/0463554/3ft-long-retractable-key-tether-cable-c6dc12e5-9988-4281-bac4-ff2e7bf5c619-jpgrendition.jpg?im=whresize&wid=200&hei=200,https://media-www.canadiantire.ca/product/fixing/hardware/curb-appeal/0463554/3ft-long-retractable-key-tether-cable-c6dc12e5-9988-4281-bac4-ff2e7bf5c619-jpgrendition.jpg?im=whresize&wid=200&hei=200,,0463554,046-3554-6,Il n’en reste que 6 #046-3554-6,Liquidation◊,50.46,"6,93","13,99"
86,"Renfrew, ON","Pot de peinture pliable Handy, 0,5 l, rouge","Pot de peinture pliable Handy, 0,5 l, rouge",4.93,"4,93 $",10.99,"Était±  10,99 $prix était 10,99 $",4.93,"4,93 $",4.93,"4,93 $",true,https://www.canadiantire.ca/fr/pdp/pot-de-peinture-pliable-handy-0-5-l-rouge-0492544p.html,https://www.canadiantire.ca/fr/pdp/pot-de-peinture-pliable-handy-0-5-l-rouge-0492544p.html,https://media-www.canadiantire.ca/product/fixing/paint/paint-accessories/0492544/handy-paint-collapsible-snap-cup-7576f265-9312-439f-9ae6-d8021ebac517-jpgrendition.jpg?im=whresize&wid=200&hei=200,https://media-www.canadiantire.ca/product/fixing/paint/paint-accessories/0492544/handy-paint-collapsible-snap-cup-7576f265-9312-439f-9ae6-d8021ebac517-jpgrendition.jpg?im=whresize&wid=200&hei=200,,0492544,049-2544-0,Il n’en reste que 5 #049-2544-0,Liquidation◊Mieux notés,55.14,"4,93","10,99"
86,"Renfrew, ON","Tasse en grès CANVAS, Number One Fan, 13 oz","Tasse en grès CANVAS, Number One Fan, 13 oz",2.43,"2,43 $",5.49,"Était±  5,49 $prix était 5,49 $",2.43,"2,43 $",2.43,"2,43 $",true,https://www.canadiantire.ca/fr/pdp/tasse-en-gres-canvas-number-one-fan-13-oz-1427932p.html,https://www.canadiantire.ca/fr/pdp/tasse-en-gres-canvas-number-one-fan-13-oz-1427932p.html,https://media-www.canadiantire.ca/product/living/kitchen/kitchen-appliances/1427932/canvas-number-one-fan-mug-072d8a37-6a7e-4fe3-a113-da66a0c5b1ad-jpgrendition.jpg?im=whresize&wid=200&hei=200,https://media-www.canadiantire.ca/product/living/kitchen/kitchen-appliances/1427932/canvas-number-one-fan-mug-072d8a37-6a7e-4fe3-a113-da66a0c5b1ad-jpgrendition.jpg?im=whresize&wid=200&hei=200,,1427932,142-7932-2,Il n’en reste que 3 #142-7932-2,Liquidation◊Mieux notés,55.74,"2,43","5,49"
86,"Renfrew, ON","Chaise à dîner CANVAS Evans Creek, beige","Chaise à dîner CANVAS Evans Creek, beige",59.93,"59,93 $",149.99,"Était±  149,99 $prix était 149,99 $",59.93,"59,93 $",59.93,"59,93 $",true,https://www.canadiantire.ca/fr/pdp/chaise-a-diner-canvas-evans-creek-beige-1680108p.html,https://www.canadiantire.ca/fr/pdp/chaise-a-diner-canvas-evans-creek-beige-1680108p.html,https://media-www.canadiantire.ca/product/living/home-decor/furniture/1680108/canvas-evans-creek-dining-chair-grey-15bf21bd-8630-4af7-8e36-056c99c77c78-jpgrendition.jpg?im=whresize&wid=200&hei=200,https://media-www.canadiantire.ca/product/living/home-decor/furniture/1680108/canvas-evans-creek-dining-chair-grey-15bf21bd-8630-4af7-8e36-056c99c77c78-jpgrendition.jpg?im=whresize&wid=200&hei=200,,1680108,168-0108-8,Il n’en reste que 1 #168-0108-8,Liquidation◊Articles à succès,60.04,"59,93","149,99"
86,"Renfrew, ON","Petites assiettes en faux marbre CANVAS, paq. 1","Petites assiettes en faux marbre CANVAS, paq. 1",2.43,"2,43 $",6.99,"Était±  6,99 $prix était 6,99 $",2.43,"2,43 $",2.43,"2,43 $",true,https://www.canadiantire.ca/fr/pdp/petites-assiettes-en-faux-marbre-canvas-paq-1-0597205p.html,https://www.canadiantire.ca/fr/pdp/petites-assiettes-en-faux-marbre-canvas-paq-1-0597205p.html,https://media-www.canadiantire.ca/product/seasonal-gardening/backyard-living/outdoor-living-accessories/0597343/canvas-palm-breeze-dinner-plate-b8f56df6-2442-42df-b960-87f421f48764-jpgrendition.jpg?im=whresize&wid=200&hei=200,https://media-www.canadiantire.ca/product/seasonal-gardening/backyard-living/outdoor-living-accessories/0597343/canvas-palm-breeze-dinner-plate-b8f56df6-2442-42df-b960-87f421f48764-jpgrendition.jpg?im=whresize&wid=200&hei=200,,0597205,059-7205-4,Il n’en reste que 1 #059-7205-4,Liquidation◊Mieux notés,65.24,"2,43","6,99"
86,"Renfrew, ON","Short cargo Outbound pour hommes, grandes poches, vert","Short cargo Outbound pour hommes, grandes poches, vert",9.93,"9,93 $",24.99,"24,99 $Était   et+ prix était à partir de 24,99 $",9.93,"9,93 $",9.93,"9,93 $",true,https://www.canadiantire.ca/fr/pdp/short-cargo-outbound-pour-hommes-grandes-poches-vert-1873528p.html,https://www.canadiantire.ca/fr/pdp/short-cargo-outbound-pour-hommes-grandes-poches-vert-1873528p.html,https://media-www.canadiantire.ca/product/playing/footwear-apparel/summer-footwear-apparel/1873528/outbound-men-s-cargo-shorts-green-m-cd01b699-68f0-4de2-a3a2-e41a0296bb5a-jpgrendition.jpg?im=whresize&wid=200&hei=200,https://media-www.canadiantire.ca/product/playing/footwear-apparel/summer-footwear-apparel/1873528/outbound-men-s-cargo-shorts-green-m-cd01b699-68f0-4de2-a3a2-e41a0296bb5a-jpgrendition.jpg?im=whresize&wid=200&hei=200,,1873528,187-3528,Vérifiez la disponibilité#187-3528X,Liquidation◊Mieux notés,60.26,"9,93","24,99"
86,"Renfrew, ON",Câblage plat 4 fils vers 7 voies VR et plat 4 voies Hopkins Towing Solution Multi-Tow,Câblage plat 4 fils vers 7 voies VR et plat 4 voies Hopkins Towing Solution Multi-Tow,26.93,"26,93 $",62.99,"Était±  62,99 $prix était 62,99 $",26.93,"26,93 $",26.93,"26,93 $",true,https://www.canadiantire.ca/fr/pdp/cablage-plat-4-fils-vers-7-voies-vr-et-plat-4-voies-hopkins-towing-solution-multi-tow-0409651p.html,https://www.canadiantire.ca/fr/pdp/cablage-plat-4-fils-vers-7-voies-vr-et-plat-4-voies-hopkins-towing-solution-multi-tow-0409651p.html,https://media-www.canadiantire.ca/product/automotive/automotive-outdoor-adventure/auto-travel-storage/0409651/multi-tow-4-wire-flat-to-7rv-and-4-flat-wiring-kit-4a111ff6-7964-4c0c-97f1-8c70ad9c7f67-jpgrendition.jpg?im=whresize&wid=200&hei=200,https://media-www.canadiantire.ca/product/automotive/automotive-outdoor-adventure/auto-travel-storage/0409651/multi-tow-4-wire-flat-to-7rv-and-4-flat-wiring-kit-4a111ff6-7964-4c0c-97f1-8c70ad9c7f67-jpgrendition.jpg?im=whresize&wid=200&hei=200,,0409651,040-9651-0,Il n’en reste que 2 #040-9651-0,Liquidation◊,57.25,"26,93","62,99"
86,"Renfrew, ON","Service de couverts en acier inoxydable 2 tons au fini miroir PADERNO Eldon, paq, 20","Service de couverts en acier inoxydable 2 tons au fini miroir PADERNO Eldon, paq, 20",29.93,"29,93 $",79.99,"Était±  79,99 $prix était 79,99 $",29.93,"29,93 $",29.93,"29,93 $",true,https://www.canadiantire.ca/fr/pdp/service-de-couverts-en-acier-inoxydable-2-tons-au-fini-miroir-paderno-eldon-paq-20-1427767p.html,https://www.canadiantire.ca/fr/pdp/service-de-couverts-en-acier-inoxydable-2-tons-au-fini-miroir-paderno-eldon-paq-20-1427767p.html,https://media-www.canadiantire.ca/product/living/kitchen/dining-and-entertaining/1427767/paderno-20pc-ss-mirror-finish-black-flatware-set-2dc9f228-3561-4dfa-b567-ec7efe73c201-jpgrendition.jpg?im=whresize&wid=200&hei=200,https://media-www.canadiantire.ca/product/living/kitchen/dining-and-entertaining/1427767/paderno-20pc-ss-mirror-finish-black-flatware-set-2dc9f228-3561-4dfa-b567-ec7efe73c201-jpgrendition.jpg?im=whresize&wid=200&hei=200,,1427767,142-7767-6,Il n’en reste que 1 #142-7767-6,Liquidation◊Mieux notés,62.58,"29,93","79,99"
86,"Renfrew, ON",Chapeau de jardinage Garden Club avec visière amovible,Chapeau de jardinage Garden Club avec visière amovible,2.93,"2,93 $",14.99,"Était±  14,99 $prix était 14,99 $",2.93,"2,93 $",2.93,"2,93 $",true,https://www.canadiantire.ca/fr/pdp/chapeau-de-jardinage-garden-club-avec-visiere-amovible-0591318p.html,https://www.canadiantire.ca/fr/pdp/chapeau-de-jardinage-garden-club-avec-visiere-amovible-0591318p.html,https://media-www.canadiantire.ca/product/seasonal-gardening/outdoor-tools/manual-lawn-garden-tools/0591318/garden-club-gardening-bucket-hat-with-detachable-face-shield-505db1e8-bfe7-4989-84db-23ff95493f7b-jpgrendition.jpg?im=whresize&wid=200&hei=200,https://media-www.canadiantire.ca/product/seasonal-gardening/outdoor-tools/manual-lawn-garden-tools/0591318/garden-club-gardening-bucket-hat-with-detachable-face-shield-505db1e8-bfe7-4989-84db-23ff95493f7b-jpgrendition.jpg?im=whresize&wid=200&hei=200,,0591318,059-1318-2,Il n’en reste que 2 #059-1318-2,Liquidation◊Exclusivité,80.45,"2,93","14,99"
86,"Renfrew, ON",Anneaux diviseurs,Anneaux diviseurs,0.93,"0,93 $",2.99,"2,99 $Était   et+ prix était à partir de 2,99 $",0.93,"0,93 $",0.93,"0,93 $",true,https://www.canadiantire.ca/fr/pdp/anneaux-diviseurs-0785004p.html,https://www.canadiantire.ca/fr/pdp/anneaux-diviseurs-0785004p.html,https://media-www.canadiantire.ca/product/playing/fishing/fishing-lures/0785004/danielson-split-ring-size-4-74882971-9134-4f97-9dbb-6c21bb3e3c7e-jpgrendition.jpg?im=whresize&wid=200&hei=200,https://media-www.canadiantire.ca/product/playing/fishing/fishing-lures/0785004/danielson-split-ring-size-4-74882971-9134-4f97-9dbb-6c21bb3e3c7e-jpgrendition.jpg?im=whresize&wid=200&hei=200,,0785004,078-5004,Vérifiez la disponibilité#078-5004X,Liquidation◊Mieux notés,68.9,"0,93","2,99"
86,"Renfrew, ON","Accessoires SMART, chargeur mural double USB, 2,1 A, couleurs variées","Accessoires SMART, chargeur mural double USB, 2,1 A, couleurs variées",4.93,"4,93 $",10.99,"Était±  10,99 $prix était 10,99 $",4.93,"4,93 $",4.93,"4,93 $",true,https://www.canadiantire.ca/fr/pdp/accessoires-smart-chargeur-mural-double-usb-2-1-a-couleurs-variees-0355363p.html,https://www.canadiantire.ca/fr/pdp/accessoires-smart-chargeur-mural-double-usb-2-1-a-couleurs-variees-0355363p.html,https://media-www.canadiantire.ca/product/automotive/car-care-accessories/auto-electronics/0355363/smart-accessories-2-1a-wall-charger-38f192a6-0ac1-48ca-ac7e-21f4eeb8f503-jpgrendition.jpg?im=whresize&wid=200&hei=200,https://media-www.canadiantire.ca/product/automotive/car-care-accessories/auto-electronics/0355363/smart-accessories-2-1a-wall-charger-38f192a6-0ac1-48ca-ac7e-21f4eeb8f503-jpgrendition.jpg?im=whresize&wid=200&hei=200,,0355363,035-5363-4,17 En Stock#035-5363-4,Liquidation◊Articles à succès,55.14,"4,93","10,99"
86,"Renfrew, ON","Manne à linge inclinable For Living, blanc","Manne à linge inclinable For Living, blanc",89.93,"89,93 $",221.99,"Était±  221,99 $prix était 221,99 $",89.93,"89,93 $",89.93,"89,93 $",true,https://www.canadiantire.ca/fr/pdp/manne-a-linge-inclinable-for-living-blanc-1680142p.html,https://www.canadiantire.ca/fr/pdp/manne-a-linge-inclinable-for-living-blanc-1680142p.html,https://media-www.canadiantire.ca/product/living/home-decor/furniture/1680142/for-living-tilt-out-laundry-hamper-9155b0e5-053f-4e51-8db8-3ba82c82e2af-jpgrendition.jpg?im=whresize&wid=200&hei=200,https://media-www.canadiantire.ca/product/living/home-decor/furniture/1680142/for-living-tilt-out-laundry-hamper-9155b0e5-053f-4e51-8db8-3ba82c82e2af-jpgrendition.jpg?im=whresize&wid=200&hei=200,,1680142,168-0142-4,Il n’en reste que 3 #168-0142-4,Liquidation◊Mieux notés,59.49,"89,93","221,99"
86,"Renfrew, ON",Fumoir en acier inoxydable MASTER Chef avec couvercle amovible pour copeaux de bois,Fumoir en acier inoxydable MASTER Chef avec couvercle amovible pour copeaux de bois,4.93,"4,93 $",11.99,"Était±  11,99 $prix était 11,99 $",4.93,"4,93 $",4.93,"4,93 $",true,https://www.canadiantire.ca/fr/pdp/fumoir-en-acier-inoxydable-master-chef-avec-couvercle-amovible-pour-copeaux-de-bois-0852363p.html,https://www.canadiantire.ca/fr/pdp/fumoir-en-acier-inoxydable-master-chef-avec-couvercle-amovible-pour-copeaux-de-bois-0852363p.html,https://media-www.canadiantire.ca/product/seasonal-gardening/backyard-living/outdoor-cooking-accessories/0852363/masterchef-rectangular-smoker-box-62767bee-333c-4e24-ac63-60971e7ff937-jpgrendition.jpg?im=whresize&wid=200&hei=200,https://media-www.canadiantire.ca/product/seasonal-gardening/backyard-living/outdoor-cooking-accessories/0852363/masterchef-rectangular-smoker-box-62767bee-333c-4e24-ac63-60971e7ff937-jpgrendition.jpg?im=whresize&wid=200&hei=200,,0852363,085-2363-2,Il n’en reste que 1 #085-2363-2,Liquidation◊Mieux notés,58.88,"4,93","11,99"
86,"Renfrew, ON","Bol repliable pour chiens Petco, confetti, 3 tasses","Bol repliable pour chiens Petco, confetti, 3 tasses",8.92,"8,92 $",17.99,"Était±  17,99 $prix était 17,99 $",8.92,"8,92 $",8.92,"8,92 $",true,https://www.canadiantire.ca/fr/pdp/bol-repliable-pour-chiens-petco-confetti-3-tasses-1427483p.html,https://www.canadiantire.ca/fr/pdp/bol-repliable-pour-chiens-petco-confetti-3-tasses-1427483p.html,https://media-www.canadiantire.ca/product/living/pet-care/pet-accessories/1427483/petco-confetti-collapsible-dog-bowl-3-cups-3fe1bd2a-ee4b-44c9-818e-84f7f810cf50-jpgrendition.jpg?im=whresize&wid=200&hei=200,https://media-www.canadiantire.ca/product/living/pet-care/pet-accessories/1427483/petco-confetti-collapsible-dog-bowl-3-cups-3fe1bd2a-ee4b-44c9-818e-84f7f810cf50-jpgrendition.jpg?im=whresize&wid=200&hei=200,,1427483,142-7483-0,Il n’en reste que 2 #142-7483-0,Liquidation◊Exclusivité,50.42,"8,92","17,99"
86,"Renfrew, ON","Assiettes à dessert Ballons d'anniversaire, 7 po, paq. 60","Assiettes à dessert Ballons d'anniversaire, 7 po, paq. 60",3.93,"3,93 $",9.99,"Était±  9,99 $prix était 9,99 $",3.93,"3,93 $",3.93,"3,93 $",true,https://www.canadiantire.ca/fr/pdp/assiettes-a-dessert-ballons-d-anniversaire-7-po-paq-60-8420563p.html,https://www.canadiantire.ca/fr/pdp/assiettes-a-dessert-ballons-d-anniversaire-7-po-paq-60-8420563p.html,https://media-www.partycity.ca/product/seasonal-gardening/party-city-everyday/party-city-party-supplies-decor/8420563/plt-7-bpp-bday-clbrtn-24398a2b-4444-4b93-a053-02dbde20427d-jpgrendition.jpg?im=whresize&wid=200&hei=200,https://media-www.partycity.ca/product/seasonal-gardening/party-city-everyday/party-city-party-supplies-decor/8420563/plt-7-bpp-bday-clbrtn-24398a2b-4444-4b93-a053-02dbde20427d-jpgrendition.jpg?im=whresize&wid=200&hei=200,,8420563,842-0563-6,Il n’en reste que 1 #842-0563-6,Liquidation◊Mieux notés,60.66,"3,93","9,99"
86,"Renfrew, ON",Leurre Trick Sticks,Leurre Trick Sticks,4.43,"4,43 $",9.99,"9,99 $Était   et+ prix était à partir de 9,99 $",4.43,"4,43 $",4.43,"4,43 $",true,https://www.canadiantire.ca/fr/pdp/leurre-trick-sticks-0778330p.html,https://www.canadiantire.ca/fr/pdp/leurre-trick-sticks-0778330p.html,https://media-www.canadiantire.ca/product/playing/fishing/fishing-lures/0778330/lunkerhunt-lunker-sticks-cigar-10-pack-5--df4b4763-a1e2-4249-8598-b276b3c3a253-jpgrendition.jpg?im=whresize&wid=200&hei=200,https://media-www.canadiantire.ca/product/playing/fishing/fishing-lures/0778330/lunkerhunt-lunker-sticks-cigar-10-pack-5--df4b4763-a1e2-4249-8598-b276b3c3a253-jpgrendition.jpg?im=whresize&wid=200&hei=200,,0778330,077-8330,Vérifiez la disponibilité#077-8330X,Liquidation◊Mieux notés,55.66,"4,43","9,99"
86,"Renfrew, ON",Jeu de lumières solaires à DEL étanche d'extérieur pour terrasse et spa NOMA,Jeu de lumières solaires à DEL étanche d'extérieur pour terrasse et spa NOMA,26.93,"26,93 $",59.99,"Était±  59,99 $prix était 59,99 $",26.93,"26,93 $",26.93,"26,93 $",true,https://www.canadiantire.ca/fr/pdp/jeu-de-lumieres-solaires-a-del-etanche-d-exterieur-pour-terrasse-et-spa-noma-0521728p.html,https://www.canadiantire.ca/fr/pdp/jeu-de-lumieres-solaires-a-del-etanche-d-exterieur-pour-terrasse-et-spa-noma-0521728p.html,https://media-www.canadiantire.ca/product/seasonal-gardening/backyard-living/outdoor-living-accessories/0521728/noma-waterproof-dock-hot-tub-string-light-2d2ec298-f8da-40e6-a7e4-186adfc9b6e3-jpgrendition.jpg?im=whresize&wid=200&hei=200,https://media-www.canadiantire.ca/product/seasonal-gardening/backyard-living/outdoor-living-accessories/0521728/noma-waterproof-dock-hot-tub-string-light-2d2ec298-f8da-40e6-a7e4-186adfc9b6e3-jpgrendition.jpg?im=whresize&wid=200&hei=200,,0521728,052-1728-0,Il n’en reste que 1 #052-1728-0,Liquidation◊Exclusivité,55.11,"26,93","59,99"
86,"Renfrew, ON","Peinture de retouche Scratch Fix All-in-1, Grès clair (M) (PKG)","Peinture de retouche Scratch Fix All-in-1, Grès clair (M) (PKG)",4.93,"4,93 $",28.99,"Était±  28,99 $prix était 28,99 $",4.93,"4,93 $",4.93,"4,93 $",true,https://www.canadiantire.ca/fr/pdp/peinture-de-retouche-scratch-fix-all-in-1-gres-clair-m-pkg-0475171p.html,https://www.canadiantire.ca/fr/pdp/peinture-de-retouche-scratch-fix-all-in-1-gres-clair-m-pkg-0475171p.html,https://media-www.canadiantire.ca/product/automotive/car-care-accessories/auto-body-repair/0475171/scratch-fix-light-sandstone-met-all-in-1-fe826dba-92ee-4d37-92a6-2e2ef13c2ce9.png?im=whresize&wid=200&hei=200,https://media-www.canadiantire.ca/product/automotive/car-care-accessories/auto-body-repair/0475171/scratch-fix-light-sandstone-met-all-in-1-fe826dba-92ee-4d37-92a6-2e2ef13c2ce9.png?im=whresize&wid=200&hei=200,,0475171,047-5171-2,Il n’en reste que 1 #047-5171-2,Liquidation◊,82.99,"4,93","28,99"
86,"Renfrew, ON","Distributeur de lotion en ABS, gris","Distributeur de lotion en ABS, gris",2.93,"2,93 $",5.99,"Était±  5,99 $prix était 5,99 $",2.93,"2,93 $",2.93,"2,93 $",true,https://www.canadiantire.ca/fr/pdp/distributeur-de-lotion-en-abs-gris-0632720p.html,https://www.canadiantire.ca/fr/pdp/distributeur-de-lotion-en-abs-gris-0632720p.html,https://media-www.canadiantire.ca/product/living/home-decor/bed-bath-decor/0632720/abs-lotion-dispenser-grey-90482d04-71a7-4d8c-8863-4a34ef62584e-jpgrendition.jpg?im=whresize&wid=200&hei=200,https://media-www.canadiantire.ca/product/living/home-decor/bed-bath-decor/0632720/abs-lotion-dispenser-grey-90482d04-71a7-4d8c-8863-4a34ef62584e-jpgrendition.jpg?im=whresize&wid=200&hei=200,,0632720,063-2720-4,Il n’en reste que 3 #063-2720-4,Liquidation◊Mieux notés,51.09,"2,93","5,99"
86,"Renfrew, ON","Ballon en aluminium satiné lettres Happy, choix de couleurs, 33 x 9 po, gonflé d'air, pour fête d'anniversaire","Ballon en aluminium satiné lettres Happy, choix de couleurs, 33 x 9 po, gonflé d'air, pour fête d'anniversaire",1.93,"1,93 $",8.99,"8,99 $Était   et+ prix était à partir de 8,99 $",1.93,"1,93 $",1.93,"1,93 $",true,https://www.canadiantire.ca/fr/pdp/ballon-en-aluminium-satine-lettres-happy-choix-de-couleurs-33-x-9-po-gonfle-d-air-pour-fete-d-anniversaire-8420826p.html,https://www.canadiantire.ca/fr/pdp/ballon-en-aluminium-satine-lettres-happy-choix-de-couleurs-33-x-9-po-gonfle-d-air-pour-fete-d-anniversaire-8420826p.html,https://media-www.partycity.ca/product/seasonal-gardening/party-city-everyday/party-city-party-supplies-decor/8420831/mini-gld-air-filled-blln-hpy-bf805b01-27b6-4103-82a8-34e9075a7633-jpgrendition.jpg?im=whresize&wid=200&hei=200,https://media-www.partycity.ca/product/seasonal-gardening/party-city-everyday/party-city-party-supplies-decor/8420831/mini-gld-air-filled-blln-hpy-bf805b01-27b6-4103-82a8-34e9075a7633-jpgrendition.jpg?im=whresize&wid=200&hei=200,,8420826,842-0826,Vérifiez la disponibilité#842-0826X,Liquidation◊Mieux notés,78.53,"1,93","8,99"
86,"Renfrew, ON","Barre lumineuse COB Custom Accessories, blanc, 12 V, 4 po, paq. 2","Barre lumineuse COB Custom Accessories, blanc, 12 V, 4 po, paq. 2",12.93,"12,93 $",32.99,"Était±  32,99 $prix était 32,99 $",12.93,"12,93 $",12.93,"12,93 $",true,https://www.canadiantire.ca/fr/pdp/barre-lumineuse-cob-custom-accessories-blanc-12-v-4-po-paq-2-0374606p.html,https://www.canadiantire.ca/fr/pdp/barre-lumineuse-cob-custom-accessories-blanc-12-v-4-po-paq-2-0374606p.html,https://media-www.canadiantire.ca/product/automotive/car-care-accessories/auto-accessories/0374606/truck-tuff-4-white-cob-light-bar-2-pack-3d974a47-1783-479b-ba78-77efa1cc2f1c-jpgrendition.jpg?im=whresize&wid=200&hei=200,https://media-www.canadiantire.ca/product/automotive/car-care-accessories/auto-accessories/0374606/truck-tuff-4-white-cob-light-bar-2-pack-3d974a47-1783-479b-ba78-77efa1cc2f1c-jpgrendition.jpg?im=whresize&wid=200&hei=200,,0374606,037-4606-0,Il n’en reste que 1 #037-4606-0,Liquidation◊Mieux notés,60.81,"12,93","32,99"
86,"Renfrew, ON","Collier pour chien réfléchissant tissé Petco, ajustable, rose, tailles variées","Collier pour chien réfléchissant tissé Petco, ajustable, rose, tailles variées",11.93,"11,93 $",24.99,"24,99 $Était   et+ prix était à partir de 24,99 $",11.93,"11,93 $",11.93,"11,93 $",true,https://www.canadiantire.ca/fr/pdp/collier-pour-chien-reflechissant-tisse-petco-ajustable-rose-tailles-variees-1427516p.html,https://www.canadiantire.ca/fr/pdp/collier-pour-chien-reflechissant-tisse-petco-ajustable-rose-tailles-variees-1427516p.html,https://media-www.canadiantire.ca/product/living/pet-care/pet-accessories/1427518/petco-pink-reflective-dog-collar-small-c3df1428-d4d2-4166-af08-2ebb0889632c-jpgrendition.jpg?im=whresize&wid=200&hei=200,https://media-www.canadiantire.ca/product/living/pet-care/pet-accessories/1427518/petco-pink-reflective-dog-collar-small-c3df1428-d4d2-4166-af08-2ebb0889632c-jpgrendition.jpg?im=whresize&wid=200&hei=200,,1427516,142-7516,Vérifiez la disponibilité#142-7516X,Liquidation◊Mieux notés,52.26,"11,93","24,99"
86,"Renfrew, ON","Marqueur pour fenêtre et affiche, bleu","Marqueur pour fenêtre et affiche, bleu",3.93,"3,93 $",7.99,"Était±  7,99 $prix était 7,99 $",3.93,"3,93 $",3.93,"3,93 $",true,https://www.canadiantire.ca/fr/pdp/marqueur-pour-fenetre-et-affiche-bleu-0379275p.html,https://www.canadiantire.ca/fr/pdp/marqueur-pour-fenetre-et-affiche-bleu-0379275p.html,https://media-www.canadiantire.ca/product/automotive/car-care-accessories/auto-accessories/0379275/window-sign-marker-blue-476c5c8f-1a01-4c6b-abac-fc681e5e85d4-jpgrendition.jpg?im=whresize&wid=200&hei=200,https://media-www.canadiantire.ca/product/automotive/car-care-accessories/auto-accessories/0379275/window-sign-marker-blue-476c5c8f-1a01-4c6b-abac-fc681e5e85d4-jpgrendition.jpg?im=whresize&wid=200&hei=200,,0379275,037-9275-6,Il n’en reste que 2 #037-9275-6,Liquidation◊Exclusivité,50.81,"3,93","7,99"
86,"Renfrew, ON","Table d'appoint de canapé ronde à dessus en bois massif avec base en métal CANVAS Kelowna, 20 po","Table d'appoint de canapé ronde à dessus en bois massif avec base en métal CANVAS Kelowna, 20 po",29.93,"29,93 $",89.99,"Était±  89,99 $prix était 89,99 $",29.93,"29,93 $",29.93,"29,93 $",true,https://www.canadiantire.ca/fr/pdp/table-d-appoint-de-canape-ronde-a-dessus-en-bois-massif-avec-base-en-metal-canvas-kelowna-20-po-1680070p.html,https://www.canadiantire.ca/fr/pdp/table-d-appoint-de-canape-ronde-a-dessus-en-bois-massif-avec-base-en-metal-canvas-kelowna-20-po-1680070p.html,https://media-www.canadiantire.ca/product/living/home-decor/furniture/1680070/canvas-kelowna-side-table-stackable-3f85b437-c403-4438-9710-ac064f79e2e5-jpgrendition.jpg?im=whresize&wid=200&hei=200,https://media-www.canadiantire.ca/product/living/home-decor/furniture/1680070/canvas-kelowna-side-table-stackable-3f85b437-c403-4438-9710-ac064f79e2e5-jpgrendition.jpg?im=whresize&wid=200&hei=200,,1680070,168-0070-4,Il n’en reste que 3 #168-0070-4,Liquidation◊Mieux notés,66.74,"29,93","89,99"
86,"Renfrew, ON","Élément de surface Laser 62474 pour cuisinière, cosses, 1 500 W, 240 V, 6 po","Élément de surface Laser 62474 pour cuisinière, cosses, 1 500 W, 240 V, 6 po",14.93,"14,93 $",29.99,"Était±  29,99 $prix était 29,99 $",14.93,"14,93 $",14.93,"14,93 $",true,https://www.canadiantire.ca/fr/pdp/element-de-surface-laser-62474-pour-cuisiniere-cosses-1-500-w-240-v-6-po-0522505p.html,https://www.canadiantire.ca/fr/pdp/element-de-surface-laser-62474-pour-cuisiniere-cosses-1-500-w-240-v-6-po-0522505p.html,https://media-www.canadiantire.ca/product/fixing/electrical/rough-electrical/0522505/spade-surface-element-6--8db34eaa-8b4e-4c73-8a89-41b1fcef74ca-jpgrendition.jpg?im=whresize&wid=200&hei=200,https://media-www.canadiantire.ca/product/fixing/electrical/rough-electrical/0522505/spade-surface-element-6--8db34eaa-8b4e-4c73-8a89-41b1fcef74ca-jpgrendition.jpg?im=whresize&wid=200&hei=200,,0522505,052-2505-4,Il n’en reste que 1 #052-2505-4,Liquidation◊,50.22,"14,93","29,99"
86,"Renfrew, ON","Agrafes à couronne étroite galvanisées Bostitch SX50351-3/8G, cal. 18, 1 3/8 po, paq. 3000","Agrafes à couronne étroite galvanisées Bostitch SX50351-3/8G, cal. 18, 1 3/8 po, paq. 3000",12.93,"12,93 $",27.99,"Était±  27,99 $prix était 27,99 $",12.93,"12,93 $",12.93,"12,93 $",true,https://www.canadiantire.ca/fr/pdp/agrafes-a-couronne-etroite-galvanisees-bostitch-sx50351-3-8g-cal-18-1-3-8-po-paq-3000-0580062p.html,https://www.canadiantire.ca/fr/pdp/agrafes-a-couronne-etroite-galvanisees-bostitch-sx50351-3-8g-cal-18-1-3-8-po-paq-3000-0580062p.html,https://media-www.canadiantire.ca/product/fixing/tools/air-tools-accessories/0580062/bostitch-1-3-8-narrow-crown-staples-3000-pk-55bf3407-0986-44a8-b434-20ea5fdc5f1c-jpgrendition.jpg?im=whresize&wid=200&hei=200,https://media-www.canadiantire.ca/product/fixing/tools/air-tools-accessories/0580062/bostitch-1-3-8-narrow-crown-staples-3000-pk-55bf3407-0986-44a8-b434-20ea5fdc5f1c-jpgrendition.jpg?im=whresize&wid=200&hei=200,,0580062,058-0062-6,Il n’en reste que 2 #058-0062-6,Liquidation◊,53.8,"12,93","27,99"
86,"Renfrew, ON","Cartouche de ligne de coupe de service moyen MTD, 2 lignes, pièces d'origine, 0,080 po","Cartouche de ligne de coupe de service moyen MTD, 2 lignes, pièces d'origine, 0,080 po",9.93,"9,93 $",19.99,"Était±  19,99 $prix était 19,99 $",9.93,"9,93 $",9.93,"9,93 $",true,https://www.canadiantire.ca/fr/pdp/cartouche-de-ligne-de-coupe-de-service-moyen-mtd-2-lignes-pieces-d-origine-0-080-po-0602276p.html,https://www.canadiantire.ca/fr/pdp/cartouche-de-ligne-de-coupe-de-service-moyen-mtd-2-lignes-pieces-d-origine-0-080-po-0602276p.html,https://media-www.canadiantire.ca/product/seasonal-gardening/outdoor-tools/ope-parts-accessories/0602276/2-line-trimmer-cartridge-0-80--6a3daae2-2437-4cf9-a423-58bcb47929af-jpgrendition.jpg?im=whresize&wid=200&hei=200,https://media-www.canadiantire.ca/product/seasonal-gardening/outdoor-tools/ope-parts-accessories/0602276/2-line-trimmer-cartridge-0-80--6a3daae2-2437-4cf9-a423-58bcb47929af-jpgrendition.jpg?im=whresize&wid=200&hei=200,,0602276,060-2276-8,8 En Stock#060-2276-8,Liquidation◊,50.33,"9,93","19,99"
86,"Renfrew, ON","Ruban double-face tout usage Duck, résistant aux intempéries, bleu, 1,4 po x 12 vg","Ruban double-face tout usage Duck, résistant aux intempéries, bleu, 1,4 po x 12 vg",4.93,"4,93 $",11.49,"Était±  11,49 $prix était 11,49 $",4.93,"4,93 $",4.93,"4,93 $",true,https://www.canadiantire.ca/fr/pdp/ruban-double-face-tout-usage-duck-resistant-aux-intemperies-bleu-1-4-po-x-12-vg-0676152p.html,https://www.canadiantire.ca/fr/pdp/ruban-double-face-tout-usage-duck-resistant-aux-intemperies-bleu-1-4-po-x-12-vg-0676152p.html,https://media-www.canadiantire.ca/product/fixing/paint/surface-prep-maintenance/0676152/double-sided-duck-tape-43218eeb-4298-4ffe-ba02-b891cc2070b9-jpgrendition.jpg?im=whresize&wid=200&hei=200,https://media-www.canadiantire.ca/product/fixing/paint/surface-prep-maintenance/0676152/double-sided-duck-tape-43218eeb-4298-4ffe-ba02-b891cc2070b9-jpgrendition.jpg?im=whresize&wid=200&hei=200,,0676152,067-6152-4,,Liquidation◊,57.09,"4,93","11,49"
86,"Renfrew, ON","Caméra de sécurité intelligente Wi-Fi pour l'intérieur Wi-Fi Geeni Look 720p, noir","Caméra de sécurité intelligente Wi-Fi pour l'intérieur Wi-Fi Geeni Look 720p, noir",14.93,"14,93 $",44.99,"Était±  44,99 $prix était 44,99 $",14.93,"14,93 $",14.93,"14,93 $",true,https://www.canadiantire.ca/fr/pdp/camera-de-securite-intelligente-wi-fi-pour-l-interieur-wi-fi-geeni-look-720p-noir-0463244p.html,https://www.canadiantire.ca/fr/pdp/camera-de-securite-intelligente-wi-fi-pour-l-interieur-wi-fi-geeni-look-720p-noir-0463244p.html,https://media-www.canadiantire.ca/product/fixing/hardware/home-safety/0463244/geeni-look-wi-fi-indoor-camera-720p--c2453fc7-512f-4837-a789-b551fd35568c-jpgrendition.jpg?im=whresize&wid=200&hei=200,https://media-www.canadiantire.ca/product/fixing/hardware/home-safety/0463244/geeni-look-wi-fi-indoor-camera-720p--c2453fc7-512f-4837-a789-b551fd35568c-jpgrendition.jpg?im=whresize&wid=200&hei=200,,0463244,046-3244-4,Il n’en reste que 4 #046-3244-4,Liquidation◊,66.81,"14,93","44,99"
86,"Renfrew, ON","Couteau tout usage à lame cassable Certified, 9 mm, orange","Couteau tout usage à lame cassable Certified, 9 mm, orange",0.93,"0,93 $",1.99,"Était±  1,99 $prix était 1,99 $",0.93,"0,93 $",0.93,"0,93 $",true,https://www.canadiantire.ca/fr/pdp/couteau-tout-usage-a-lame-cassable-certified-9-mm-orange-0577500p.html,https://www.canadiantire.ca/fr/pdp/couteau-tout-usage-a-lame-cassable-certified-9-mm-orange-0577500p.html,https://media-www.canadiantire.ca/product/fixing/tools/cutting-measuring/0577500/certified-9mm-snap-off-knife-dc624fe3-e0e3-4a25-bf79-156f99d31ec3-jpgrendition.jpg?im=whresize&wid=200&hei=200,https://media-www.canadiantire.ca/product/fixing/tools/cutting-measuring/0577500/certified-9mm-snap-off-knife-dc624fe3-e0e3-4a25-bf79-156f99d31ec3-jpgrendition.jpg?im=whresize&wid=200&hei=200,,0577500,057-7500-4,Il n’en reste que 6 #057-7500-4,Liquidation◊Mieux notés,53.27,"0,93","1,99"
86,"Renfrew, ON","Assainisseur d'air à pince pour bouche d'aération AXE, poire et cèdre gelés, noir, paq. 2","Assainisseur d'air à pince pour bouche d'aération AXE, poire et cèdre gelés, noir, paq. 2",4.93,"4,93 $",9.99,"Était±  9,99 $prix était 9,99 $",4.93,"4,93 $",4.93,"4,93 $",true,https://www.canadiantire.ca/fr/pdp/assainisseur-d-air-a-pince-pour-bouche-d-aeration-axe-poire-et-cedre-geles-noir-paq-2-0374935p.html,https://www.canadiantire.ca/fr/pdp/assainisseur-d-air-a-pince-pour-bouche-d-aeration-axe-poire-et-cedre-geles-noir-paq-2-0374935p.html,https://media-www.canadiantire.ca/product/automotive/car-care-accessories/auto-accessories/0374935/axe-2-pack-vent-clip-black-air-freshener-d8653f3c-ce58-487e-9f3c-62fbeccde54b-jpgrendition.jpg?im=whresize&wid=200&hei=200,https://media-www.canadiantire.ca/product/automotive/car-care-accessories/auto-accessories/0374935/axe-2-pack-vent-clip-black-air-freshener-d8653f3c-ce58-487e-9f3c-62fbeccde54b-jpgrendition.jpg?im=whresize&wid=200&hei=200,,0374935,037-4935-6,Il n’en reste que 5 #037-4935-6,Liquidation◊Mieux notés,50.65,"4,93","9,99"
86,"Renfrew, ON","Casque de motoneige Origine Novelus, jeunes, choix de tailles","Casque de motoneige Origine Novelus, jeunes, choix de tailles",63.93,"63,93 $",154.99,"154,99 $Était   et+ prix était à partir de 154,99 $",63.93,"63,93 $",63.93,"63,93 $",true,https://www.canadiantire.ca/fr/pdp/casque-de-motoneige-origine-novelus-jeunes-choix-de-tailles-0261220p.html,https://www.canadiantire.ca/fr/pdp/casque-de-motoneige-origine-novelus-jeunes-choix-de-tailles-0261220p.html,https://media-www.canadiantire.ca/product/automotive/automotive-outdoor-adventure/powersport/0261220/origine-novelus-youth-helmet-small-a03f1098-eddd-453c-901a-bbd1acb09436-jpgrendition.jpg?im=whresize&wid=200&hei=200,https://media-www.canadiantire.ca/product/automotive/automotive-outdoor-adventure/powersport/0261220/origine-novelus-youth-helmet-small-a03f1098-eddd-453c-901a-bbd1acb09436-jpgrendition.jpg?im=whresize&wid=200&hei=200,,0261220,026-1220,Vérifiez la disponibilité#026-1220X,Liquidation◊Exclusivité,58.75,"63,93","154,99"
86,"Renfrew, ON","Patte de chevalet télescopique galvanisée Certified, 2 x 4","Patte de chevalet télescopique galvanisée Certified, 2 x 4",7.93,"7,93 $",19.99,"Était±  19,99 $prix était 19,99 $",7.93,"7,93 $",7.93,"7,93 $",true,https://www.canadiantire.ca/fr/pdp/patte-de-chevalet-telescopique-galvanisee-certified-2-x-4-0580347p.html,https://www.canadiantire.ca/fr/pdp/patte-de-chevalet-telescopique-galvanisee-certified-2-x-4-0580347p.html,https://media-www.canadiantire.ca/product/fixing/tools/tool-storage/0580347/certified-galvanized-2x4-sawhorse-leg-29444a14-6107-44be-8384-448ec250f714-jpgrendition.jpg?im=whresize&wid=200&hei=200,https://media-www.canadiantire.ca/product/fixing/tools/tool-storage/0580347/certified-galvanized-2x4-sawhorse-leg-29444a14-6107-44be-8384-448ec250f714-jpgrendition.jpg?im=whresize&wid=200&hei=200,,0580347,058-0347-0,,Liquidation◊Mieux notés,60.33,"7,93","19,99"
86,"Renfrew, ON","Casque de vélo Supercycle Pursuit, tout-petit, étoiles","Casque de vélo Supercycle Pursuit, tout-petit, étoiles",19.93,"19,93 $",39.99,"Était±  39,99 $prix était 39,99 $",19.93,"19,93 $",19.93,"19,93 $",true,https://www.canadiantire.ca/fr/pdp/casque-de-velo-supercycle-pursuit-tout-petit-etoiles-0730543p.html,https://www.canadiantire.ca/fr/pdp/casque-de-velo-supercycle-pursuit-tout-petit-etoiles-0730543p.html,https://media-www.canadiantire.ca/product/playing/cycling/bicycle-accessories/0730542/supercycle-pursuit-toddler-confetti-80faf61d-c2e4-4ac4-8cf2-afa602d24bd9-jpgrendition.jpg?im=whresize&wid=200&hei=200,https://media-www.canadiantire.ca/product/playing/cycling/bicycle-accessories/0730542/supercycle-pursuit-toddler-confetti-80faf61d-c2e4-4ac4-8cf2-afa602d24bd9-jpgrendition.jpg?im=whresize&wid=200&hei=200,,0730543,073-0543-4,Il n’en reste que 4 #073-0543-4,Liquidation◊Mieux notés,50.16,"19,93","39,99"
86,"Renfrew, ON","Ventilateur de plafond NOMA Elliot d'intérieur à 8 pales et 6 vitesses avec moteur c.c. et télécommande, 72 po, noir mat","Ventilateur de plafond NOMA Elliot d'intérieur à 8 pales et 6 vitesses avec moteur c.c. et télécommande, 72 po, noir mat",199.93,"199,93 $",399.99,"Était±  399,99 $prix était 399,99 $",199.93,"199,93 $",199.93,"199,93 $",true,https://www.canadiantire.ca/fr/pdp/ventilateur-de-plafond-noma-elliot-d-interieur-a-8-pales-et-6-vitesses-avec-moteur-c-c-et-telecommande-72-po-noir-mat-0529615p.html,https://www.canadiantire.ca/fr/pdp/ventilateur-de-plafond-noma-elliot-d-interieur-a-8-pales-et-6-vitesses-avec-moteur-c-c-et-telecommande-72-po-noir-mat-0529615p.html,https://media-www.canadiantire.ca/product/fixing/electrical/ceiling-fans/0529615/noma-elliot-72-ceiling-fan-30f58d10-0785-4c65-a4fb-c39a2d48937b-jpgrendition.jpg?im=whresize&wid=200&hei=200,https://media-www.canadiantire.ca/product/fixing/electrical/ceiling-fans/0529615/noma-elliot-72-ceiling-fan-30f58d10-0785-4c65-a4fb-c39a2d48937b-jpgrendition.jpg?im=whresize&wid=200&hei=200,,0529615,052-9615-0,Il n’en reste que 1 #052-9615-0,Liquidation◊Exclusivité,50.02,"199,93","399,99"
86,"Renfrew, ON","Tatouages luminescents, paq. 16","Tatouages luminescents, paq. 16",2.49,"2,49 $",4.99,"Était±  4,99 $prix était 4,99 $",2.49,"2,49 $",2.49,"2,49 $",true,https://www.canadiantire.ca/fr/pdp/tatouages-luminescents-paq-16-8545024p.html,https://www.canadiantire.ca/fr/pdp/tatouages-luminescents-paq-16-8545024p.html,https://media-www.canadiantire.ca/product/party-city/party-city-everyday/pc-year-round-themed-supplies-decor/8545024/glow-in-the-dark-tattoo-be40e760-39c4-4f52-b44e-2c45d3639aeb-jpgrendition.jpg?im=whresize&wid=200&hei=200,https://media-www.canadiantire.ca/product/party-city/party-city-everyday/pc-year-round-themed-supplies-decor/8545024/glow-in-the-dark-tattoo-be40e760-39c4-4f52-b44e-2c45d3639aeb-jpgrendition.jpg?im=whresize&wid=200&hei=200,,8545024,854-5024-2,11 En Stock#854-5024-2,Liquidation◊,50.1,"2,49","4,99"
86,"Renfrew, ON","Ballon en aluminium satiné rond Happy Birthday Stay Fabulous, or/rose/bleu, confettis, 16,5 po, ruban et gonflage hélium/bleu compris, pour fête d'anniversaire","Ballon en aluminium satiné rond Happy Birthday Stay Fabulous, or/rose/bleu, confettis, 16,5 po, ruban et gonflage hélium/bleu compris, pour fête d'anniversaire",0.93,"0,93 $",6.99,"Était±  6,99 $prix était 6,99 $",0.93,"0,93 $",0.93,"0,93 $",true,https://www.canadiantire.ca/fr/pdp/ballon-en-aluminium-satine-rond-happy-birthday-stay-fabulous-or-rose-bleu-confettis-16-5-po-ruban-et-gonflage-helium-bleu-compris-pour-fete-d-anniversaire-8424141p.html,https://www.canadiantire.ca/fr/pdp/ballon-en-aluminium-satine-rond-happy-birthday-stay-fabulous-or-rose-bleu-confettis-16-5-po-ruban-et-gonflage-helium-bleu-compris-pour-fete-d-anniversaire-8424141p.html,https://media-www.partycity.ca/product/seasonal-gardening/party-city-everyday/party-city-party-supplies-decor/8424141/592-sd-fl-bln-hpy-bdy-stay-fab-e749a0a0-b8a3-49ec-b4a8-31b13fc15d4c-jpgrendition.jpg?im=whresize&wid=200&hei=200,https://media-www.partycity.ca/product/seasonal-gardening/party-city-everyday/party-city-party-supplies-decor/8424141/592-sd-fl-bln-hpy-bdy-stay-fab-e749a0a0-b8a3-49ec-b4a8-31b13fc15d4c-jpgrendition.jpg?im=whresize&wid=200&hei=200,,8424141,842-4141-6,,Liquidation◊Mieux notés,86.7,"0,93","6,99"
86,"Renfrew, ON","Capsules de nettoyage Urnex pour machines à café Nespresso, paq. 5","Capsules de nettoyage Urnex pour machines à café Nespresso, paq. 5",1.93,"1,93 $",9.99,"Était±  9,99 $prix était 9,99 $",1.93,"1,93 $",1.93,"1,93 $",true,https://www.canadiantire.ca/fr/pdp/capsules-de-nettoyage-urnex-pour-machines-a-cafe-nespresso-paq-5-0432795p.html,https://www.canadiantire.ca/fr/pdp/capsules-de-nettoyage-urnex-pour-machines-a-cafe-nespresso-paq-5-0432795p.html,https://media-www.canadiantire.ca/product/living/kitchen/kitchen-appliances/0432795/urnex-nespresso-cleaning-capsules-1ae6c387-fd6c-4fd6-b362-49c87b713879-jpgrendition.jpg?im=whresize&wid=200&hei=200,https://media-www.canadiantire.ca/product/living/kitchen/kitchen-appliances/0432795/urnex-nespresso-cleaning-capsules-1ae6c387-fd6c-4fd6-b362-49c87b713879-jpgrendition.jpg?im=whresize&wid=200&hei=200,,0432795,043-2795-4,Il n’en reste que 3 #043-2795-4,Liquidation◊,80.68,"1,93","9,99"
86,"Renfrew, ON",Trousse de nettoyage et de détartrage Urnex pour machines à café Nespresso,Trousse de nettoyage et de détartrage Urnex pour machines à café Nespresso,1.93,"1,93 $",9.99,"Était±  9,99 $prix était 9,99 $",1.93,"1,93 $",1.93,"1,93 $",true,https://www.canadiantire.ca/fr/pdp/trousse-de-nettoyage-et-de-detartrage-urnex-pour-machines-a-cafe-nespresso-0432794p.html,https://www.canadiantire.ca/fr/pdp/trousse-de-nettoyage-et-de-detartrage-urnex-pour-machines-a-cafe-nespresso-0432794p.html,https://media-www.canadiantire.ca/product/living/kitchen/kitchen-appliances/0432794/urnex-nespresso-cleaning-kit-c87c0115-af44-41ee-9ac7-02417762a349-jpgrendition.jpg?im=whresize&wid=200&hei=200,https://media-www.canadiantire.ca/product/living/kitchen/kitchen-appliances/0432794/urnex-nespresso-cleaning-kit-c87c0115-af44-41ee-9ac7-02417762a349-jpgrendition.jpg?im=whresize&wid=200&hei=200,,0432794,043-2794-6,,Liquidation◊,80.68,"1,93","9,99"
86,"Renfrew, ON","Sacs à provisions réutilisables en polyester Joie pour fruits et légumes, paq. 5","Sacs à provisions réutilisables en polyester Joie pour fruits et légumes, paq. 5",4.93,"4,93 $",9.99,"Était±  9,99 $prix était 9,99 $",4.93,"4,93 $",4.93,"4,93 $",true,https://www.canadiantire.ca/fr/pdp/sacs-a-provisions-reutilisables-en-polyester-joie-pour-fruits-et-legumes-paq-5-1429246p.html,https://www.canadiantire.ca/fr/pdp/sacs-a-provisions-reutilisables-en-polyester-joie-pour-fruits-et-legumes-paq-5-1429246p.html,https://media-www.canadiantire.ca/product/living/kitchen/food-storage/1429246/joie-5-pack-produce-bags-075b3ce5-01c0-403b-a6f4-3f113bea64d4-jpgrendition.jpg?im=whresize&wid=200&hei=200,https://media-www.canadiantire.ca/product/living/kitchen/food-storage/1429246/joie-5-pack-produce-bags-075b3ce5-01c0-403b-a6f4-3f113bea64d4-jpgrendition.jpg?im=whresize&wid=200&hei=200,,1429246,142-9246-4,Il n’en reste que 1 #142-9246-4,Liquidation◊Mieux notés,50.65,"4,93","9,99"
86,"Renfrew, ON","Veste de sécurité réfléchissante de loisir haute visibilité 3M, taille unique, jaune","Veste de sécurité réfléchissante de loisir haute visibilité 3M, taille unique, jaune",6.93,"6,93 $",16.99,"Était±  16,99 $prix était 16,99 $",6.93,"6,93 $",6.93,"6,93 $",true,https://www.canadiantire.ca/fr/pdp/veste-de-securite-reflechissante-de-loisir-haute-visibilite-3m-taille-unique-jaune-0550205p.html,https://www.canadiantire.ca/fr/pdp/veste-de-securite-reflechissante-de-loisir-haute-visibilite-3m-taille-unique-jaune-0550205p.html,https://media-www.canadiantire.ca/product/fixing/tools/cutting-measuring/0550205/3m-reflective-safety-vest-a82b359c-df25-4548-af57-bff598af1fac-jpgrendition.jpg?im=whresize&wid=200&hei=200,https://media-www.canadiantire.ca/product/fixing/tools/cutting-measuring/0550205/3m-reflective-safety-vest-a82b359c-df25-4548-af57-bff598af1fac-jpgrendition.jpg?im=whresize&wid=200&hei=200,,0550205,055-0205-4,Il n’en reste que 2 #055-0205-4,Liquidation◊,59.21,"6,93","16,99"
86,"Renfrew, ON","Gobelet en plastique ABS, gris","Gobelet en plastique ABS, gris",2.93,"2,93 $",5.99,"Était±  5,99 $prix était 5,99 $",2.93,"2,93 $",2.93,"2,93 $",true,https://www.canadiantire.ca/fr/pdp/gobelet-en-plastique-abs-gris-0632721p.html,https://www.canadiantire.ca/fr/pdp/gobelet-en-plastique-abs-gris-0632721p.html,https://media-www.canadiantire.ca/product/living/home-decor/bed-bath-decor/0632721/abs-tumbler-plastic-grey-24cca735-6762-4603-abc8-8aa684518b87-jpgrendition.jpg?im=whresize&wid=200&hei=200,https://media-www.canadiantire.ca/product/living/home-decor/bed-bath-decor/0632721/abs-tumbler-plastic-grey-24cca735-6762-4603-abc8-8aa684518b87-jpgrendition.jpg?im=whresize&wid=200&hei=200,,0632721,063-2721-2,Il n’en reste que 3 #063-2721-2,Liquidation◊,51.09,"2,93","5,99"
86,"Renfrew, ON",Adaptateur REESE Towpower 3 po vers 2 1/2 po,Adaptateur REESE Towpower 3 po vers 2 1/2 po,20.93,"20,93 $",42.99,"Était±  42,99 $prix était 42,99 $",20.93,"20,93 $",20.93,"20,93 $",true,https://www.canadiantire.ca/fr/pdp/adaptateur-reese-towpower-3-po-vers-2-1-2-po-0406058p.html,https://www.canadiantire.ca/fr/pdp/adaptateur-reese-towpower-3-po-vers-2-1-2-po-0406058p.html,https://media-www.canadiantire.ca/product/automotive/automotive-outdoor-adventure/auto-travel-storage/0408602/reese-towpower-3-to-2-1-2-adapter--70a5bc74-80a2-4c05-b08c-144b84f93610-jpgrendition.jpg?im=whresize&wid=200&hei=200,https://media-www.canadiantire.ca/product/automotive/automotive-outdoor-adventure/auto-travel-storage/0408602/reese-towpower-3-to-2-1-2-adapter--70a5bc74-80a2-4c05-b08c-144b84f93610-jpgrendition.jpg?im=whresize&wid=200&hei=200,,0406058,040-8602-4,Il n’en reste que 1 #040-8602-4,Liquidation◊,51.31,"20,93","42,99"
86,"Renfrew, ON","Ensemble de chasse Smith's, 14 pièces","Ensemble de chasse Smith's, 14 pièces",79.93,"79,93 $",199.99,"Était±  199,99 $prix était 199,99 $",79.93,"79,93 $",79.93,"79,93 $",true,https://www.canadiantire.ca/fr/pdp/ensemble-de-chasse-smith-s-14-pieces-0758532p.html,https://www.canadiantire.ca/fr/pdp/ensemble-de-chasse-smith-s-14-pieces-0758532p.html,https://media-www.canadiantire.ca/product/playing/hunting/hunting-equipment/0758532/smith-s-14-pc-ultimate-hunting-kit-4d7bab92-47b2-461f-b837-b184ac85cf69-jpgrendition.jpg?im=whresize&wid=200&hei=200,https://media-www.canadiantire.ca/product/playing/hunting/hunting-equipment/0758532/smith-s-14-pc-ultimate-hunting-kit-4d7bab92-47b2-461f-b837-b184ac85cf69-jpgrendition.jpg?im=whresize&wid=200&hei=200,,0758532,075-8532-8,Il n’en reste que 1 #075-8532-8,Liquidation◊Exclusivité,60.03,"79,93","199,99"
86,"Renfrew, ON","Trousse de dressage de chiens Petco, paq. 4","Trousse de dressage de chiens Petco, paq. 4",19.93,"19,93 $",39.99,"Était±  39,99 $prix était 39,99 $",19.93,"19,93 $",19.93,"19,93 $",true,https://www.canadiantire.ca/fr/pdp/trousse-de-dressage-de-chiens-petco-paq-4-2420922p.html,https://www.canadiantire.ca/fr/pdp/trousse-de-dressage-de-chiens-petco-paq-4-2420922p.html,https://media-www.canadiantire.ca/product/living/pet-care/pet-accessories/2420922/petco-dog-training-kit-4-piece-c55763c7-25b8-4ed3-861a-15ac3dd90f98-jpgrendition.jpg?im=whresize&wid=200&hei=200,https://media-www.canadiantire.ca/product/living/pet-care/pet-accessories/2420922/petco-dog-training-kit-4-piece-c55763c7-25b8-4ed3-861a-15ac3dd90f98-jpgrendition.jpg?im=whresize&wid=200&hei=200,,2420922,242-0922-0,Il n’en reste que 2 #242-0922-0,Liquidation◊Mieux notés,50.16,"19,93","39,99"
86,"Renfrew, ON","Plaque d'interrupteur à bascule Atron Estate Electro Industries 2490RR, 2 dispositifs, blanc et nickel satiné","Plaque d'interrupteur à bascule Atron Estate Electro Industries 2490RR, 2 dispositifs, blanc et nickel satiné",3.93,"3,93 $",7.99,"Était±  7,99 $prix était 7,99 $",3.93,"3,93 $",3.93,"3,93 $",true,https://www.canadiantire.ca/fr/pdp/plaque-d-interrupteur-a-bascule-atron-estate-electro-industries-2490rr-2-dispositifs-blanc-et-nickel-satine-0522753p.html,https://www.canadiantire.ca/fr/pdp/plaque-d-interrupteur-a-bascule-atron-estate-electro-industries-2490rr-2-dispositifs-blanc-et-nickel-satine-0522753p.html,https://media-www.canadiantire.ca/product/fixing/electrical/rough-electrical/0522753/estate-white-on-satin-nickel-double-rocker-6d123712-a7f2-426c-9ac2-bb9ca385e94f-jpgrendition.jpg?im=whresize&wid=200&hei=200,https://media-www.canadiantire.ca/product/fixing/electrical/rough-electrical/0522753/estate-white-on-satin-nickel-double-rocker-6d123712-a7f2-426c-9ac2-bb9ca385e94f-jpgrendition.jpg?im=whresize&wid=200&hei=200,,0522753,052-2753-2,Il n’en reste que 1 #052-2753-2,Liquidation◊Mieux notés,50.81,"3,93","7,99"
86,"Renfrew, ON","Sacs de fête pour friandises en cellophane rectangulaires, transparent, 5 po, paq. 25, pour fête d'anniversaire","Sacs de fête pour friandises en cellophane rectangulaires, transparent, 5 po, paq. 25, pour fête d'anniversaire",1.93,"1,93 $",3.99,"Était±  3,99 $prix était 3,99 $",1.93,"1,93 $",1.93,"1,93 $",true,https://www.canadiantire.ca/fr/pdp/sacs-de-fete-pour-friandises-en-cellophane-rectangulaires-transparent-5-po-paq-25-pour-fete-d-anniversaire-8420948p.html,https://www.canadiantire.ca/fr/pdp/sacs-de-fete-pour-friandises-en-cellophane-rectangulaires-transparent-5-po-paq-25-pour-fete-d-anniversaire-8420948p.html,https://media-www.partycity.ca/product/seasonal-gardening/party-city-everyday/party-city-party-supplies-decor/8420948/clr-lg-prty-bag-0dd08de3-57eb-4f05-b4d8-9b541656c5f2-jpgrendition.jpg?im=whresize&wid=200&hei=200,https://media-www.partycity.ca/product/seasonal-gardening/party-city-everyday/party-city-party-supplies-decor/8420948/clr-lg-prty-bag-0dd08de3-57eb-4f05-b4d8-9b541656c5f2-jpgrendition.jpg?im=whresize&wid=200&hei=200,,8420948,842-0948-2,50 En Stock#842-0948-2,Liquidation◊Mieux notés,51.63,"1,93","3,99"
86,"Renfrew, ON","Gobelets en plastique Une occasion à fêter, paq. 30","Gobelets en plastique Une occasion à fêter, paq. 30",6.99,"6,99 $",13.99,"Était±  13,99 $prix était 13,99 $",6.99,"6,99 $",6.99,"6,99 $",true,https://www.canadiantire.ca/fr/pdp/gobelets-en-plastique-une-occasion-a-feter-paq-30-8420326p.html,https://www.canadiantire.ca/fr/pdp/gobelets-en-plastique-une-occasion-a-feter-paq-30-8420326p.html,https://media-www.partycity.ca/product/seasonal-gardening/party-city-everyday/party-city-party-supplies-decor/8420326/tumblers-pl-hs-a-r-c818781d-90f0-4b09-a821-74c01a4e029e-jpgrendition.jpg?im=whresize&wid=200&hei=200,https://media-www.partycity.ca/product/seasonal-gardening/party-city-everyday/party-city-party-supplies-decor/8420326/tumblers-pl-hs-a-r-c818781d-90f0-4b09-a821-74c01a4e029e-jpgrendition.jpg?im=whresize&wid=200&hei=200,,8420326,842-0326-2,Il n’en reste que 1 #842-0326-2,Liquidation◊,50.04,"6,99","13,99"
86,"Renfrew, ON","Ballon gonflable rebondissant en Goofy Foot, multicolore, choix variés, 3 ans et plus, pour activités estivales/d'extérieur","Ballon gonflable rebondissant en Goofy Foot, multicolore, choix variés, 3 ans et plus, pour activités estivales/d'extérieur",0.93,"0,93 $",8.99,"Était±  8,99 $prix était 8,99 $",0.93,"0,93 $",0.93,"0,93 $",true,https://www.canadiantire.ca/fr/pdp/ballon-gonflable-rebondissant-en-goofy-foot-multicolore-choix-varies-3-ans-et-plus-pour-activites-estivales-d-exterieur-0504055p.html,https://www.canadiantire.ca/fr/pdp/ballon-gonflable-rebondissant-en-goofy-foot-multicolore-choix-varies-3-ans-et-plus-pour-activites-estivales-d-exterieur-0504055p.html,https://media-www.canadiantire.ca/product/seasonal-gardening/toys/seasonal-toys/0504055/goofy-balls-display-48112755-7d47-4149-b308-38501c4c1233-jpgrendition.jpg?im=whresize&wid=200&hei=200,https://media-www.canadiantire.ca/product/seasonal-gardening/toys/seasonal-toys/0504055/goofy-balls-display-48112755-7d47-4149-b308-38501c4c1233-jpgrendition.jpg?im=whresize&wid=200&hei=200,,0504055,050-4055-6,Il n’en reste que 3 #050-4055-6,Liquidation◊Mieux notés,89.66,"0,93","8,99"
86,"Renfrew, ON","Ballon en aluminium satiné lettres Girl, rose, 22 x 10 po, gonflé d'air, pour fête prénatale","Ballon en aluminium satiné lettres Girl, rose, 22 x 10 po, gonflé d'air, pour fête prénatale",1.93,"1,93 $",8.99,"8,99 $Était   et+ prix était à partir de 8,99 $",1.93,"1,93 $",1.93,"1,93 $",true,https://www.canadiantire.ca/fr/pdp/ballon-en-aluminium-satine-lettres-girl-rose-22-x-10-po-gonfle-d-air-pour-fete-prenatale-8420823p.html,https://www.canadiantire.ca/fr/pdp/ballon-en-aluminium-satine-lettres-girl-rose-22-x-10-po-gonfle-d-air-pour-fete-prenatale-8420823p.html,https://media-www.partycity.ca/product/seasonal-gardening/party-city-everyday/party-city-party-supplies-decor/8420823/mini-pnk-air-filled-blln-girl-83762b26-de81-467b-81a6-4dddc42c4c55-jpgrendition.jpg?im=whresize&wid=200&hei=200,https://media-www.partycity.ca/product/seasonal-gardening/party-city-everyday/party-city-party-supplies-decor/8420823/mini-pnk-air-filled-blln-girl-83762b26-de81-467b-81a6-4dddc42c4c55-jpgrendition.jpg?im=whresize&wid=200&hei=200,,8420823,842-0823-8,Il n’en reste que 3 #842-0823-8,Liquidation◊Mieux notés,78.53,"1,93","8,99"
86,"Renfrew, ON","Ballon en aluminium satiné rond arc-célébration étincelante 30 Happy Birthday, noir/or, 18 po, gonflement à l'hélium et ruban inclus, pour fête d'anniversaire","Ballon en aluminium satiné rond arc-célébration étincelante 30 Happy Birthday, noir/or, 18 po, gonflement à l'hélium et ruban inclus, pour fête d'anniversaire",1.23,"1,23 $",6.99,"Était±  6,99 $prix était 6,99 $",1.23,"1,23 $",1.23,"1,23 $",true,https://www.canadiantire.ca/fr/pdp/ballon-en-aluminium-satine-rond-arc-celebration-etincelante-30-happy-birthday-noir-or-18-po-gonflement-a-l-helium-et-ruban-inclus-pour-fete-d-anniversaire-8423974p.html,https://www.canadiantire.ca/fr/pdp/ballon-en-aluminium-satine-rond-arc-celebration-etincelante-30-happy-birthday-noir-or-18-po-gonflement-a-l-helium-et-ruban-inclus-pour-fete-d-anniversaire-8423974p.html,https://media-www.partycity.ca/product/seasonal-gardening/party-city-everyday/party-city-party-supplies-decor/8423974/206-18in-blln-sprkl-bday-30-r-e05589cc-90e0-4eb1-9eff-d0fc6b54c6c3-jpgrendition.jpg?im=whresize&wid=200&hei=200,https://media-www.partycity.ca/product/seasonal-gardening/party-city-everyday/party-city-party-supplies-decor/8423974/206-18in-blln-sprkl-bday-30-r-e05589cc-90e0-4eb1-9eff-d0fc6b54c6c3-jpgrendition.jpg?im=whresize&wid=200&hei=200,,8423974,842-3974-0,Il n’en reste que 2 #842-3974-0,Liquidation◊Hélium compris,82.4,"1,23","6,99"
86,"Renfrew, ON","Balle rebondissante à DEL Light Ups Sky Ball, multicolore, choix variés, 6 ans et plus, pour activités estivales et d'extérieur","Balle rebondissante à DEL Light Ups Sky Ball, multicolore, choix variés, 6 ans et plus, pour activités estivales et d'extérieur",2.93,"2,93 $",9.99,"Était±  9,99 $prix était 9,99 $",2.93,"2,93 $",2.93,"2,93 $",true,https://www.canadiantire.ca/fr/pdp/balle-rebondissante-a-del-light-ups-sky-ball-multicolore-choix-varies-6-ans-et-plus-pour-activites-estivales-et-d-exterieur-0509124p.html,https://www.canadiantire.ca/fr/pdp/balle-rebondissante-a-del-light-ups-sky-ball-multicolore-choix-varies-6-ans-et-plus-pour-activites-estivales-et-d-exterieur-0509124p.html,https://media-www.canadiantire.ca/product/seasonal-gardening/toys/seasonal-toys/0509124/skyball-0df956eb-7539-4ca7-aa53-b3bd9ce2ee25-jpgrendition.jpg?im=whresize&wid=200&hei=200,https://media-www.canadiantire.ca/product/seasonal-gardening/toys/seasonal-toys/0509124/skyball-0df956eb-7539-4ca7-aa53-b3bd9ce2ee25-jpgrendition.jpg?im=whresize&wid=200&hei=200,,0509124,050-9124-2,Il n’en reste que 1 #050-9124-2,Liquidation◊,70.67,"2,93","9,99"
86,"Renfrew, ON",Luge rapide H2O Spider avec direction et freins,Luge rapide H2O Spider avec direction et freins,39.93,"39,93 $",99.99,"Était±  99,99 $prix était 99,99 $",39.93,"39,93 $",39.93,"39,93 $",true,https://www.canadiantire.ca/fr/pdp/luge-rapide-h2o-spider-avec-direction-et-freins-0821088p.html,https://www.canadiantire.ca/fr/pdp/luge-rapide-h2o-spider-avec-direction-et-freins-0821088p.html,https://media-www.canadiantire.ca/product/playing/seasonal-recreation/winter-recreation/0821088/spider-snow-bike-e7a5d494-3744-4104-9151-337a07902637-jpgrendition.jpg?im=whresize&wid=200&hei=200,https://media-www.canadiantire.ca/product/playing/seasonal-recreation/winter-recreation/0821088/spider-snow-bike-e7a5d494-3744-4104-9151-337a07902637-jpgrendition.jpg?im=whresize&wid=200&hei=200,,0821088,082-1088-0,Il n’en reste que 3 #082-1088-0,Liquidation◊Exclusivité,60.07,"39,93","99,99"
86,"Renfrew, ON",ProForm 325 CSX - Vélo stationnaire incliné d'intérieur adapté à la technologie iFit,ProForm 325 CSX - Vélo stationnaire incliné d'intérieur adapté à la technologie iFit,359.93,"359,93 $",749.99,"Était±  749,99 $prix était 749,99 $",359.93,"359,93 $",359.93,"359,93 $",true,https://www.canadiantire.ca/fr/pdp/proform-325-csx-velo-stationnaire-incline-d-interieur-adapte-a-la-technologie-ifit-1840970p.html,https://www.canadiantire.ca/fr/pdp/proform-325-csx-velo-stationnaire-incline-d-interieur-adapte-a-la-technologie-ifit-1840970p.html,https://media-www.canadiantire.ca/product/playing/exercise/exercise-equipment/1840970/proform-325-csx-rcb-bike-fb9e3e5a-d310-430b-93f2-111bc1d5b1c6-jpgrendition.jpg?im=whresize&wid=200&hei=200,https://media-www.canadiantire.ca/product/playing/exercise/exercise-equipment/1840970/proform-325-csx-rcb-bike-fb9e3e5a-d310-430b-93f2-111bc1d5b1c6-jpgrendition.jpg?im=whresize&wid=200&hei=200,,1840970,184-0970-2,Il n’en reste que 1 #184-0970-2,Liquidation◊,52.01,"359,93","749,99"
86,"Renfrew, ON","Assainisseur d'air pour bouche d'aération de véhicule Little Trees Vent Wrap, Beach, paq. 4","Assainisseur d'air pour bouche d'aération de véhicule Little Trees Vent Wrap, Beach, paq. 4",2.93,"2,93 $",6.49,"Était±  6,49 $prix était 6,49 $",2.93,"2,93 $",2.93,"2,93 $",true,https://www.canadiantire.ca/fr/pdp/assainisseur-d-air-pour-bouche-d-aeration-de-vehicule-little-trees-vent-wrap-beach-paq-4-0372920p.html,https://www.canadiantire.ca/fr/pdp/assainisseur-d-air-pour-bouche-d-aeration-de-vehicule-little-trees-vent-wrap-beach-paq-4-0372920p.html,https://media-www.canadiantire.ca/product/automotive/car-care-accessories/auto-accessories/0372920/little-trees-4-pack-beach-vent-wrap-air-freshener-1f6a2758-3888-419e-9b94-42f97082f9b7-jpgrendition.jpg?im=whresize&wid=200&hei=200,https://media-www.canadiantire.ca/product/automotive/car-care-accessories/auto-accessories/0372920/little-trees-4-pack-beach-vent-wrap-air-freshener-1f6a2758-3888-419e-9b94-42f97082f9b7-jpgrendition.jpg?im=whresize&wid=200&hei=200,,0372920,037-2920-2,Il n’en reste que 1 #037-2920-2,Liquidation◊,54.85,"2,93","6,49"
86,"Renfrew, ON","Ballon en aluminium satiné rond 3D Sweet 16, or rose/rose, à pois, 28 po, gonflement à l'hélium et ruban inclus, pour fête d'anniversaire","Ballon en aluminium satiné rond 3D Sweet 16, or rose/rose, à pois, 28 po, gonflement à l'hélium et ruban inclus, pour fête d'anniversaire",2.93,"2,93 $",24.99,"Était±  24,99 $prix était 24,99 $",2.93,"2,93 $",2.93,"2,93 $",true,https://www.canadiantire.ca/fr/pdp/ballon-en-aluminium-satine-rond-3d-sweet-16-or-rose-rose-a-pois-28-po-gonflement-a-l-helium-et-ruban-inclus-pour-fete-d-anniversaire-8424214p.html,https://www.canadiantire.ca/fr/pdp/ballon-en-aluminium-satine-rond-3d-sweet-16-or-rose-rose-a-pois-28-po-gonflement-a-l-helium-et-ruban-inclus-pour-fete-d-anniversaire-8424214p.html,https://media-www.partycity.ca/product/seasonal-gardening/party-city-everyday/party-city-party-supplies-decor/8424214/338-multiblln-sixteen-blush-775254f8-5cb4-4b46-8856-2f890a726bc2-jpgrendition.jpg?im=whresize&wid=200&hei=200,https://media-www.partycity.ca/product/seasonal-gardening/party-city-everyday/party-city-party-supplies-decor/8424214/338-multiblln-sixteen-blush-775254f8-5cb4-4b46-8856-2f890a726bc2-jpgrendition.jpg?im=whresize&wid=200&hei=200,,8424214,842-4214-4,,Liquidation◊Mieux notés,88.28,"2,93","24,99"
86,"Renfrew, ON","Assainisseur d'air à suspendre pour véhicule Little Trees, High Octane, paq. 3","Assainisseur d'air à suspendre pour véhicule Little Trees, High Octane, paq. 3",1.93,"1,93 $",4.29,"Était±  4,29 $prix était 4,29 $",1.93,"1,93 $",1.93,"1,93 $",true,https://www.canadiantire.ca/fr/pdp/assainisseur-d-air-a-suspendre-pour-vehicule-little-trees-high-octane-paq-3-0372917p.html,https://www.canadiantire.ca/fr/pdp/assainisseur-d-air-a-suspendre-pour-vehicule-little-trees-high-octane-paq-3-0372917p.html,https://media-www.canadiantire.ca/product/automotive/car-care-accessories/auto-accessories/0372917/little-trees-3-pack-high-octane-hanging-air-freshener-3bd0665f-2cb3-49df-96c9-88a34e1afefe-jpgrendition.jpg?im=whresize&wid=200&hei=200,https://media-www.canadiantire.ca/product/automotive/car-care-accessories/auto-accessories/0372917/little-trees-3-pack-high-octane-hanging-air-freshener-3bd0665f-2cb3-49df-96c9-88a34e1afefe-jpgrendition.jpg?im=whresize&wid=200&hei=200,,0372917,037-2917-2,,Liquidation◊,55.01,"1,93","4,29"
86,"Renfrew, ON",Connecteur rond 6 pôles côté remorque Hopkins Towing Solution,Connecteur rond 6 pôles côté remorque Hopkins Towing Solution,6.93,"6,93 $",15.99,"Était±  15,99 $prix était 15,99 $",6.93,"6,93 $",6.93,"6,93 $",true,https://www.canadiantire.ca/fr/pdp/connecteur-rond-6-poles-cote-remorque-hopkins-towing-solution-0409681p.html,https://www.canadiantire.ca/fr/pdp/connecteur-rond-6-poles-cote-remorque-hopkins-towing-solution-0409681p.html,https://media-www.canadiantire.ca/product/automotive/automotive-outdoor-adventure/auto-travel-storage/0409681/6-pole-round-trailer-end-005e55c4-38e8-441f-a6c8-453cc72cd2f4-jpgrendition.jpg?im=whresize&wid=200&hei=200,https://media-www.canadiantire.ca/product/automotive/automotive-outdoor-adventure/auto-travel-storage/0409681/6-pole-round-trailer-end-005e55c4-38e8-441f-a6c8-453cc72cd2f4-jpgrendition.jpg?im=whresize&wid=200&hei=200,,0409681,040-9681-8,9 En Stock#040-9681-8,Liquidation◊Mieux notés,56.66,"6,93","15,99"
86,"Renfrew, ON",Scie-cloche à pointes en carbure Lenox. pour bois et métal,Scie-cloche à pointes en carbure Lenox. pour bois et métal,7.93,"7,93 $",22.99,"Était±  22,99 $prix était 22,99 $",7.93,"7,93 $",7.93,"7,93 $",true,https://www.canadiantire.ca/fr/pdp/scie-cloche-a-pointes-en-carbure-lenox-pour-bois-et-metal-0540762p.html,https://www.canadiantire.ca/fr/pdp/scie-cloche-a-pointes-en-carbure-lenox-pour-bois-et-metal-0540762p.html,https://media-www.canadiantire.ca/product/fixing/tools/power-tool-accessories/0540762/lenox-carbide-tipped-hole-saw-3-4-19mm-6124b739-15b4-4248-9095-1113c0f93eab-jpgrendition.jpg?im=whresize&wid=200&hei=200,https://media-www.canadiantire.ca/product/fixing/tools/power-tool-accessories/0540762/lenox-carbide-tipped-hole-saw-3-4-19mm-6124b739-15b4-4248-9095-1113c0f93eab-jpgrendition.jpg?im=whresize&wid=200&hei=200,,0540762,054-0762-8,Il n’en reste que 2 #054-0762-8,Liquidation◊Mieux notés,65.51,"7,93","22,99"
86,"Renfrew, ON","Ligne à pêche Tuf-Line XP, vert, 150 vg","Ligne à pêche Tuf-Line XP, vert, 150 vg",14.99,"14,99 $",29.99,"29,99 $Était   et+ prix était à partir de 29,99 $",14.99,"14,99 $",14.99,"14,99 $",true,https://www.canadiantire.ca/fr/pdp/ligne-a-peche-tuf-line-xp-vert-150-vg-1785207p.html,https://www.canadiantire.ca/fr/pdp/ligne-a-peche-tuf-line-xp-vert-150-vg-1785207p.html,https://media-www.canadiantire.ca/product/playing/fishing/fishing-accessories/1785211/tuf-line-xp-green-150-yd-8lb-4fc2de3e-c24f-422e-99c9-e8139f8ac722-jpgrendition.jpg?im=whresize&wid=200&hei=200,https://media-www.canadiantire.ca/product/playing/fishing/fishing-accessories/1785211/tuf-line-xp-green-150-yd-8lb-4fc2de3e-c24f-422e-99c9-e8139f8ac722-jpgrendition.jpg?im=whresize&wid=200&hei=200,,1785207,178-5207,Vérifiez la disponibilité#178-5207X,Liquidation◊Mieux notés,50.02,"14,99","29,99"
86,"Renfrew, ON","Bougies flottantes lumineuses à DEL Harry Potter, décoration intérieure et extérieure activée par la lumière pour l'Halloween, blanc, 6,6 po, paq. 11","Bougies flottantes lumineuses à DEL Harry Potter, décoration intérieure et extérieure activée par la lumière pour l'Halloween, blanc, 6,6 po, paq. 11",19.93,"19,93 $",39.99,"Était±  39,99 $prix était 39,99 $",19.93,"19,93 $",19.93,"19,93 $",true,https://www.canadiantire.ca/fr/pdp/bougies-flottantes-lumineuses-a-del-harry-potter-decoration-interieure-et-exterieure-activee-par-la-lumiere-pour-l-halloween-blanc-6-6-po-paq-11-8552087p.html,https://www.canadiantire.ca/fr/pdp/bougies-flottantes-lumineuses-a-del-harry-potter-decoration-interieure-et-exterieure-activee-par-la-lumiere-pour-l-halloween-blanc-6-6-po-paq-11-8552087p.html,https://media-www.partycity.ca/product/party-city/party-city-seasonal/party-city-halloween-harvest/8552087/harry-potter-floating-led-candles-c2b543a5-3ac5-4590-b4c8-784ccd82b498-jpgrendition.jpg?im=whresize&wid=200&hei=200,https://media-www.partycity.ca/product/party-city/party-city-seasonal/party-city-halloween-harvest/8552087/harry-potter-floating-led-candles-c2b543a5-3ac5-4590-b4c8-784ccd82b498-jpgrendition.jpg?im=whresize&wid=200&hei=200,,8552087,855-2087-8,,Liquidation◊Mieux notés,50.16,"19,93","39,99"
86,"Renfrew, ON","Ballon en aluminium satiné rond arc-en-ciel prismatique 30, blanc/argent, 18 po, gonflement à l'hélium et ruban inclus, pour fête d'anniversaire","Ballon en aluminium satiné rond arc-en-ciel prismatique 30, blanc/argent, 18 po, gonflement à l'hélium et ruban inclus, pour fête d'anniversaire",1.2,"1,20 $",4.99,"Était±  4,99 $prix était 4,99 $",1.2,"1,20 $",1.2,"1,20 $",true,https://www.canadiantire.ca/fr/pdp/ballon-en-aluminium-satine-rond-arc-en-ciel-prismatique-30-blanc-argent-18-po-gonflement-a-l-helium-et-ruban-inclus-pour-fete-d-anniversaire-8424195p.html,https://www.canadiantire.ca/fr/pdp/ballon-en-aluminium-satine-rond-arc-en-ciel-prismatique-30-blanc-argent-18-po-gonflement-a-l-helium-et-ruban-inclus-pour-fete-d-anniversaire-8424195p.html,https://media-www.partycity.ca/product/seasonal-gardening/party-city-everyday/party-city-party-supplies-decor/8424195/218-sd-blln-he-0b600542-dfa3-4e5a-8b6e-1c2ecea3eae4-jpgrendition.jpg?im=whresize&wid=200&hei=200,https://media-www.partycity.ca/product/seasonal-gardening/party-city-everyday/party-city-party-supplies-decor/8424195/218-sd-blln-he-0b600542-dfa3-4e5a-8b6e-1c2ecea3eae4-jpgrendition.jpg?im=whresize&wid=200&hei=200,,8424195,842-4195-8,,Liquidation◊Hélium compris,75.95,"1,20","4,99"
86,"Renfrew, ON","Ballon en aluminium satiné rond Pyjamasques Yoyo/Bibou/Gluglu, bleu/vert/rouge, 18 po, gonflement à l'hélium et ruban inclus, pour fête d'anniversaire","Ballon en aluminium satiné rond Pyjamasques Yoyo/Bibou/Gluglu, bleu/vert/rouge, 18 po, gonflement à l'hélium et ruban inclus, pour fête d'anniversaire",0.93,"0,93 $",6.99,"Était±  6,99 $prix était 6,99 $",0.93,"0,93 $",0.93,"0,93 $",true,https://www.canadiantire.ca/fr/pdp/ballon-en-aluminium-satine-rond-pyjamasques-yoyo-bibou-gluglu-bleu-vert-rouge-18-po-gonflement-a-l-helium-et-ruban-inclus-pour-fete-d-anniversaire-8424409p.html,https://www.canadiantire.ca/fr/pdp/ballon-en-aluminium-satine-rond-pyjamasques-yoyo-bibou-gluglu-bleu-vert-rouge-18-po-gonflement-a-l-helium-et-ruban-inclus-pour-fete-d-anniversaire-8424409p.html,https://media-www.partycity.ca/product/seasonal-gardening/party-city-everyday/party-city-party-supplies-decor/8424409/blln-fl-18in-pj-mask-8fbb095e-d677-4e2c-945e-b594b61cef7b-jpgrendition.jpg?im=whresize&wid=200&hei=200,https://media-www.partycity.ca/product/seasonal-gardening/party-city-everyday/party-city-party-supplies-decor/8424409/blln-fl-18in-pj-mask-8fbb095e-d677-4e2c-945e-b594b61cef7b-jpgrendition.jpg?im=whresize&wid=200&hei=200,,8424409,842-4409-2,Il n’en reste que 1 #842-4409-2,Liquidation◊Hélium compris,86.7,"0,93","6,99"
86,"Renfrew, ON","Pigment de couleur Varathane Mica, pour époxy à versement épais, noir argenté, 10 g","Pigment de couleur Varathane Mica, pour époxy à versement épais, noir argenté, 10 g",4.93,"4,93 $",11.99,"Était±  11,99 $prix était 11,99 $",4.93,"4,93 $",4.93,"4,93 $",true,https://www.canadiantire.ca/fr/pdp/pigment-de-couleur-varathane-mica-pour-epoxy-a-versement-epais-noir-argente-10-g-0489943p.html,https://www.canadiantire.ca/fr/pdp/pigment-de-couleur-varathane-mica-pour-epoxy-a-versement-epais-noir-argente-10-g-0489943p.html,https://media-www.canadiantire.ca/product/fixing/paint/paints/0489943/varathane-deep-pour-pigment-mica-silver-black-b3a4a6f3-7e8f-4993-8dfb-7cb6afa73e90-jpgrendition.jpg?im=whresize&wid=200&hei=200,https://media-www.canadiantire.ca/product/fixing/paint/paints/0489943/varathane-deep-pour-pigment-mica-silver-black-b3a4a6f3-7e8f-4993-8dfb-7cb6afa73e90-jpgrendition.jpg?im=whresize&wid=200&hei=200,,0489943,048-9943-0,Il n’en reste que 1 #048-9943-0,Liquidation◊,58.88,"4,93","11,99"
86,"Renfrew, ON","Ballons en latex ronds célébration étincelante 50 Happy Birthday, noir/or/argent, à pois, 12 po, paq. 15, pour fête d'anniversaire","Ballons en latex ronds célébration étincelante 50 Happy Birthday, noir/or/argent, à pois, 12 po, paq. 15, pour fête d'anniversaire",2.99,"2,99 $",5.99,"5,99 $Était   et+ prix était à partir de 5,99 $",2.99,"2,99 $",2.99,"2,99 $",true,https://www.canadiantire.ca/fr/pdp/ballons-en-latex-ronds-celebration-etincelante-50-happy-birthday-noir-or-argent-a-pois-12-po-paq-15-pour-fete-d-anniversaire-8420179p.html,https://www.canadiantire.ca/fr/pdp/ballons-en-latex-ronds-celebration-etincelante-50-happy-birthday-noir-or-argent-a-pois-12-po-paq-15-pour-fete-d-anniversaire-8420179p.html,https://media-www.partycity.ca/product/seasonal-gardening/party-city-everyday/party-city-party-supplies-decor/8420179/50th-birthday-balloons-15ct-sparkling-celebration-1f158f40-ebbc-4afc-9504-6abbb9a45eae-jpgrendition.jpg?im=whresize&wid=200&hei=200,https://media-www.partycity.ca/product/seasonal-gardening/party-city-everyday/party-city-party-supplies-decor/8420179/50th-birthday-balloons-15ct-sparkling-celebration-1f158f40-ebbc-4afc-9504-6abbb9a45eae-jpgrendition.jpg?im=whresize&wid=200&hei=200,,8420179,842-0179-2,Il n’en reste que 7 #842-0179-2,Liquidation◊,50.08,"2,99","5,99"
86,"Renfrew, ON","Ballon en aluminium satiné rond arc-célébration étincelante 80 Happy Birthday, noir/or, 18 po, gonflement à l'hélium et ruban inclus, pour fête d'anniversaire","Ballon en aluminium satiné rond arc-célébration étincelante 80 Happy Birthday, noir/or, 18 po, gonflement à l'hélium et ruban inclus, pour fête d'anniversaire",1.23,"1,23 $",6.99,"Était±  6,99 $prix était 6,99 $",1.23,"1,23 $",1.23,"1,23 $",true,https://www.canadiantire.ca/fr/pdp/ballon-en-aluminium-satine-rond-arc-celebration-etincelante-80-happy-birthday-noir-or-18-po-gonflement-a-l-helium-et-ruban-inclus-pour-fete-d-anniversaire-8424038p.html,https://www.canadiantire.ca/fr/pdp/ballon-en-aluminium-satine-rond-arc-celebration-etincelante-80-happy-birthday-noir-or-18-po-gonflement-a-l-helium-et-ruban-inclus-pour-fete-d-anniversaire-8424038p.html,https://media-www.partycity.ca/product/seasonal-gardening/party-city-everyday/party-city-party-supplies-decor/8424038/586-blln-sd-sprkl-bday-80-353ce9c3-e48f-4c4e-ac81-06ff242089a5-jpgrendition.jpg?im=whresize&wid=200&hei=200,https://media-www.partycity.ca/product/seasonal-gardening/party-city-everyday/party-city-party-supplies-decor/8424038/586-blln-sd-sprkl-bday-80-353ce9c3-e48f-4c4e-ac81-06ff242089a5-jpgrendition.jpg?im=whresize&wid=200&hei=200,,8424038,842-4038-4,,Liquidation◊Hélium compris,82.4,"1,23","6,99"
86,"Renfrew, ON","Manuel de réparation automobile Haynes, camionnettes Dodge 1994 à 1996 Haynes, 30041","Manuel de réparation automobile Haynes, camionnettes Dodge 1994 à 1996 Haynes, 30041",4.93,"4,93 $",33.99,"Était±  33,99 $prix était 33,99 $",4.93,"4,93 $",4.93,"4,93 $",true,https://www.canadiantire.ca/fr/pdp/manuel-de-reparation-automobile-haynes-camionnettes-dodge-1994-a-1996-haynes-30041-0259345p.html,https://www.canadiantire.ca/fr/pdp/manuel-de-reparation-automobile-haynes-camionnettes-dodge-1994-a-1996-haynes-30041-0259345p.html,https://media-www.canadiantire.ca/product/automotive/auto-maintenance/auto-shop-equipment-supplies/0259345/30041-dodge-pick-ups-94-01-488e08ca-e1af-4514-9008-9c2570a70477-jpgrendition.jpg?im=whresize&wid=200&hei=200,https://media-www.canadiantire.ca/product/automotive/auto-maintenance/auto-shop-equipment-supplies/0259345/30041-dodge-pick-ups-94-01-488e08ca-e1af-4514-9008-9c2570a70477-jpgrendition.jpg?im=whresize&wid=200&hei=200,,0259345,025-9345-8,Il n’en reste que 2 #025-9345-8,Liquidation◊,85.5,"4,93","33,99"
86,"Renfrew, ON",Banderole 65e anniversaire prismat célébration étincelante,Banderole 65e anniversaire prismat célébration étincelante,3.49,"3,49 $",6.99,"Était±  6,99 $prix était 6,99 $",3.49,"3,49 $",3.49,"3,49 $",true,https://www.canadiantire.ca/fr/pdp/banderole-65e-anniversaire-prismat-celebration-etincelante-8420220p.html,https://www.canadiantire.ca/fr/pdp/banderole-65e-anniversaire-prismat-celebration-etincelante-8420220p.html,https://media-www.partycity.ca/product/seasonal-gardening/party-city-everyday/party-city-party-supplies-decor/8420220/prismatic-65th-birthday-banner-sparkling-celebration-b53f1cd4-964b-4f4e-87ae-d51b8ff79ff5-jpgrendition.jpg?im=whresize&wid=200&hei=200,https://media-www.partycity.ca/product/seasonal-gardening/party-city-everyday/party-city-party-supplies-decor/8420220/prismatic-65th-birthday-banner-sparkling-celebration-b53f1cd4-964b-4f4e-87ae-d51b8ff79ff5-jpgrendition.jpg?im=whresize&wid=200&hei=200,,8420220,842-0220-2,8 En Stock#842-0220-2,Liquidation◊Articles à succès,50.07,"3,49","6,99"
86,"Renfrew, ON",Chargeur portable en tissu de 10 000 mAh Bluehive,Chargeur portable en tissu de 10 000 mAh Bluehive,12.93,"12,93 $",39.99,"Était±  39,99 $prix était 39,99 $",12.93,"12,93 $",12.93,"12,93 $",true,https://www.canadiantire.ca/fr/pdp/chargeur-portable-en-tissu-de-10-000-mah-bluehive-0355539p.html,https://www.canadiantire.ca/fr/pdp/chargeur-portable-en-tissu-de-10-000-mah-bluehive-0355539p.html,https://media-www.canadiantire.ca/product/automotive/car-care-accessories/auto-electronics/0355539/bluehive-fabric-power-bank-10k-mah-5d7898b1-6bca-444e-8829-c2ac7447e054-jpgrendition.jpg?im=whresize&wid=200&hei=200,https://media-www.canadiantire.ca/product/automotive/car-care-accessories/auto-electronics/0355539/bluehive-fabric-power-bank-10k-mah-5d7898b1-6bca-444e-8829-c2ac7447e054-jpgrendition.jpg?im=whresize&wid=200&hei=200,,0355539,035-5539-8,,Liquidation◊Exclusivité,67.67,"12,93","39,99"
86,"Renfrew, ON","Poupée Rainbow High aquarelle et créez votre propre mode avec aquarelles lavables et trousse de teinture sur noeud, assortie","Poupée Rainbow High aquarelle et créez votre propre mode avec aquarelles lavables et trousse de teinture sur noeud, assortie",24.99,"24,99 $",49.99,"Était±  49,99 $prix était 49,99 $",24.99,"24,99 $",24.99,"24,99 $",true,https://www.canadiantire.ca/fr/pdp/poupee-rainbow-high-aquarelle-et-creez-votre-propre-mode-avec-aquarelles-lavables-et-trousse-de-teinture-sur-noeud-assortie-1501679p.html,https://www.canadiantire.ca/fr/pdp/poupee-rainbow-high-aquarelle-et-creez-votre-propre-mode-avec-aquarelles-lavables-et-trousse-de-teinture-sur-noeud-assortie-1501679p.html,https://media-www.canadiantire.ca/product/seasonal-gardening/toys/toys-games/1501679/rainbow-high-colour-create-new-theme-dolls-asst-9991827f-b49a-4a30-8f41-d1459a9a43c9-jpgrendition.jpg?im=whresize&wid=200&hei=200,https://media-www.canadiantire.ca/product/seasonal-gardening/toys/toys-games/1501679/rainbow-high-colour-create-new-theme-dolls-asst-9991827f-b49a-4a30-8f41-d1459a9a43c9-jpgrendition.jpg?im=whresize&wid=200&hei=200,,1501679,150-1679-2,Il n’en reste que 1 #150-1679-2,Liquidation◊Mieux notés,50.01,"24,99","49,99"
86,"Renfrew, ON","Ballon en aluminium satiné rond Happy New Year, or/noir, 18 po, ruban et gonflage hélium compris, pour veille du jour de l'An","Ballon en aluminium satiné rond Happy New Year, or/noir, 18 po, ruban et gonflage hélium compris, pour veille du jour de l'An",2.93,"2,93 $",6.99,"Était±  6,99 $prix était 6,99 $",2.93,"2,93 $",2.93,"2,93 $",true,https://www.canadiantire.ca/fr/pdp/ballon-en-aluminium-satine-rond-happy-new-year-or-noir-18-po-ruban-et-gonflage-helium-compris-pour-veille-du-jour-de-l-an-8432237p.html,https://www.canadiantire.ca/fr/pdp/ballon-en-aluminium-satine-rond-happy-new-year-or-noir-18-po-ruban-et-gonflage-helium-compris-pour-veille-du-jour-de-l-an-8432237p.html,https://media-www.partycity.ca/product/seasonal-gardening/party-city-everyday/party-city-party-supplies-decor/8432237/new-years-vintage-satin-balloon-f8a27cab-cc51-403a-991b-b33f5ac7afa2-jpgrendition.jpg?im=whresize&wid=200&hei=200,https://media-www.partycity.ca/product/seasonal-gardening/party-city-everyday/party-city-party-supplies-decor/8432237/new-years-vintage-satin-balloon-f8a27cab-cc51-403a-991b-b33f5ac7afa2-jpgrendition.jpg?im=whresize&wid=200&hei=200,,8432237,843-2237-0,40 En Stock#843-2237-0,Liquidation◊Hélium compris,58.08,"2,93","6,99"
86,"Renfrew, ON","Embout de tournevis cruciforme MAXIMUM PH1, 3 1/2 po, paq. 1","Embout de tournevis cruciforme MAXIMUM PH1, 3 1/2 po, paq. 1",2.93,"2,93 $",6.29,"Était±  6,29 $prix était 6,29 $",2.93,"2,93 $",2.93,"2,93 $",true,https://www.canadiantire.ca/fr/pdp/embout-de-tournevis-cruciforme-maximum-ph1-3-1-2-po-paq-1-0540794p.html,https://www.canadiantire.ca/fr/pdp/embout-de-tournevis-cruciforme-maximum-ph1-3-1-2-po-paq-1-0540794p.html,https://media-www.canadiantire.ca/product/fixing/tools/power-tool-accessories/0540794/maximum-3-1-2-ph1-screwdriver-bit-1-pk-fc92e41e-a252-4977-95a9-2fe1d3af36e3-jpgrendition.jpg?im=whresize&wid=200&hei=200,https://media-www.canadiantire.ca/product/fixing/tools/power-tool-accessories/0540794/maximum-3-1-2-ph1-screwdriver-bit-1-pk-fc92e41e-a252-4977-95a9-2fe1d3af36e3-jpgrendition.jpg?im=whresize&wid=200&hei=200,,0540794,054-0794-2,Il n’en reste que 7 #054-0794-2,Liquidation◊Mieux notés,53.42,"2,93","6,29"
86,"Renfrew, ON","Manteau de chasse surdimensionné imperméable à capuchon Huntshield Ranger pour hommes, camouflage","Manteau de chasse surdimensionné imperméable à capuchon Huntshield Ranger pour hommes, camouflage",7.93,"7,93 $",69.99,"69,99 $Était   et+ prix était à partir de 69,99 $",7.93,"7,93 $",7.93,"7,93 $",true,https://www.canadiantire.ca/fr/pdp/manteau-de-chasse-surdimensionne-impermeable-a-capuchon-huntshield-ranger-pour-hommes-camouflage-3750244p.html,https://www.canadiantire.ca/fr/pdp/manteau-de-chasse-surdimensionne-impermeable-a-capuchon-huntshield-ranger-pour-hommes-camouflage-3750244p.html,https://media-www.canadiantire.ca/product/playing/hunting/hunting-apparel-footwear/3750244/ranger-hs-rt-edge-m-oversized-rain-jacket-m-9df3c03d-5759-48e6-8161-5e00fa6eb4b9-jpgrendition.jpg?im=whresize&wid=200&hei=200,https://media-www.canadiantire.ca/product/playing/hunting/hunting-apparel-footwear/3750244/ranger-hs-rt-edge-m-oversized-rain-jacket-m-9df3c03d-5759-48e6-8161-5e00fa6eb4b9-jpgrendition.jpg?im=whresize&wid=200&hei=200,,3750244,375-0244,Vérifiez la disponibilité#375-0244X,Liquidation◊Mieux notés,88.67,"7,93","69,99"
86,"Renfrew, ON","Ballon en aluminium satiné rond et étoiles Happy New Year, or/noir, 30 po, gonflement à l'hélium et ruban inclus, pour veille du jour de l'An","Ballon en aluminium satiné rond et étoiles Happy New Year, or/noir, 30 po, gonflement à l'hélium et ruban inclus, pour veille du jour de l'An",4.93,"4,93 $",19.99,"Était±  19,99 $prix était 19,99 $",4.93,"4,93 $",4.93,"4,93 $",true,https://www.canadiantire.ca/fr/pdp/ballon-en-aluminium-satine-rond-et-etoiles-happy-new-year-or-noir-30-po-gonflement-a-l-helium-et-ruban-inclus-pour-veille-du-jour-de-l-an-8431628p.html,https://www.canadiantire.ca/fr/pdp/ballon-en-aluminium-satine-rond-et-etoiles-happy-new-year-or-noir-30-po-gonflement-a-l-helium-et-ruban-inclus-pour-veille-du-jour-de-l-an-8431628p.html,https://media-www.partycity.ca/product/seasonal-gardening/party-city-everyday/party-city-party-supplies-decor/8431628/new-years-infused-balloon-3e7aa255-c21b-4b6f-abe0-030a23cf237c-jpgrendition.jpg?im=whresize&wid=200&hei=200,https://media-www.partycity.ca/product/seasonal-gardening/party-city-everyday/party-city-party-supplies-decor/8431628/new-years-infused-balloon-3e7aa255-c21b-4b6f-abe0-030a23cf237c-jpgrendition.jpg?im=whresize&wid=200&hei=200,,8431628,843-1628-6,24 En Stock#843-1628-6,Liquidation◊Hélium compris,75.34,"4,93","19,99"
86,"Renfrew, ON","Ballon en aluminium satiné rond arc-en-ciel prismatique 80, blanc/argent, 18 po, gonflement à l'hélium et ruban inclus, pour fête d'anniversaire","Ballon en aluminium satiné rond arc-en-ciel prismatique 80, blanc/argent, 18 po, gonflement à l'hélium et ruban inclus, pour fête d'anniversaire",1.23,"1,23 $",4.99,"Était±  4,99 $prix était 4,99 $",1.23,"1,23 $",1.23,"1,23 $",true,https://www.canadiantire.ca/fr/pdp/ballon-en-aluminium-satine-rond-arc-en-ciel-prismatique-80-blanc-argent-18-po-gonflement-a-l-helium-et-ruban-inclus-pour-fete-d-anniversaire-8424535p.html,https://www.canadiantire.ca/fr/pdp/ballon-en-aluminium-satine-rond-arc-en-ciel-prismatique-80-blanc-argent-18-po-gonflement-a-l-helium-et-ruban-inclus-pour-fete-d-anniversaire-8424535p.html,https://media-www.partycity.ca/product/seasonal-gardening/party-city-everyday/party-city-party-supplies-decor/8424535/blln-std-here-to-your-bday-80-b441f11c-59f2-474e-964f-5ff51c5323c5-jpgrendition.jpg?im=whresize&wid=200&hei=200,https://media-www.partycity.ca/product/seasonal-gardening/party-city-everyday/party-city-party-supplies-decor/8424535/blln-std-here-to-your-bday-80-b441f11c-59f2-474e-964f-5ff51c5323c5-jpgrendition.jpg?im=whresize&wid=200&hei=200,,8424535,842-4535-0,,Liquidation◊Mieux notés,75.35,"1,23","4,99"
86,"Renfrew, ON","Cercueil escamotable RIP, noir, 60 po, décoration intérieure/extérieure pour l'Halloween","Cercueil escamotable RIP, noir, 60 po, décoration intérieure/extérieure pour l'Halloween",19.93,"19,93 $",39.99,"Était±  39,99 $prix était 39,99 $",19.93,"19,93 $",19.93,"19,93 $",true,https://www.canadiantire.ca/fr/pdp/cercueil-escamotable-rip-noir-60-po-decoration-interieure-exterieure-pour-l-halloween-8512820p.html,https://www.canadiantire.ca/fr/pdp/cercueil-escamotable-rip-noir-60-po-decoration-interieure-exterieure-pour-l-halloween-8512820p.html,https://media-www.canadiantire.ca/product/automotive/party-city-seasonal/party-city-halloween-harvest/8512820/pop-up-black-coffin-edbd989e-6640-48bc-b5fc-fea4063e9189-jpgrendition.jpg?im=whresize&wid=200&hei=200,https://media-www.canadiantire.ca/product/automotive/party-city-seasonal/party-city-halloween-harvest/8512820/pop-up-black-coffin-edbd989e-6640-48bc-b5fc-fea4063e9189-jpgrendition.jpg?im=whresize&wid=200&hei=200,,8512820,851-2820-0,Il n’en reste que 1 #851-2820-0,Liquidation◊,50.16,"19,93","39,99"
86,"Renfrew, ON","Chiffon de gaze ensanglanté en lambeaux, rouge/blanc, 60 po, décoration intérieure/extérieure pour l'Halloween","Chiffon de gaze ensanglanté en lambeaux, rouge/blanc, 60 po, décoration intérieure/extérieure pour l'Halloween",0.93,"0,93 $",2.49,"Était±  2,49 $prix était 2,49 $",0.93,"0,93 $",0.93,"0,93 $",true,https://www.canadiantire.ca/fr/pdp/chiffon-de-gaze-ensanglante-en-lambeaux-rouge-blanc-60-po-decoration-interieure-exterieure-pour-l-halloween-8512624p.html,https://www.canadiantire.ca/fr/pdp/chiffon-de-gaze-ensanglante-en-lambeaux-rouge-blanc-60-po-decoration-interieure-exterieure-pour-l-halloween-8512624p.html,https://media-www.partycity.ca/product/seasonal-gardening/party-city-seasonal/party-city-halloween-and-fall-decor/8512624/bloody-creepy-cloth-644f4dfb-5680-4c12-a922-300bc99a0cae-jpgrendition.jpg?im=whresize&wid=200&hei=200,https://media-www.partycity.ca/product/seasonal-gardening/party-city-seasonal/party-city-halloween-and-fall-decor/8512624/bloody-creepy-cloth-644f4dfb-5680-4c12-a922-300bc99a0cae-jpgrendition.jpg?im=whresize&wid=200&hei=200,,8512624,851-2624-8,,Liquidation◊,62.65,"0,93","2,49"
86,"Renfrew, ON","Manteau de chasse à capuchon à coquille souple hydrofuge DSG 2.0 pour femmes, camouflage Realtree Edge","Manteau de chasse à capuchon à coquille souple hydrofuge DSG 2.0 pour femmes, camouflage Realtree Edge",84.99,"84,99 $",169.99,"169,99 $Était   et+ prix était à partir de 169,99 $",84.99,"84,99 $",84.99,"84,99 $",true,https://www.canadiantire.ca/fr/pdp/manteau-de-chasse-a-capuchon-a-coquille-souple-hydrofuge-dsg-2-0-pour-femmes-camouflage-realtree-edge-3750692p.html,https://www.canadiantire.ca/fr/pdp/manteau-de-chasse-a-capuchon-a-coquille-souple-hydrofuge-dsg-2-0-pour-femmes-camouflage-realtree-edge-3750692p.html,https://media-www.canadiantire.ca/product/playing/hunting/hunting-apparel-footwear/3750693/ella-2-0-hunting-jacket-realtree-edge-m-d4125ce2-7e4d-43d7-87b1-bf230d26e7d5-jpgrendition.jpg?im=whresize&wid=200&hei=200,https://media-www.canadiantire.ca/product/playing/hunting/hunting-apparel-footwear/3750693/ella-2-0-hunting-jacket-realtree-edge-m-d4125ce2-7e4d-43d7-87b1-bf230d26e7d5-jpgrendition.jpg?im=whresize&wid=200&hei=200,,3750692,375-0692,Vérifiez la disponibilité#375-0692X,Liquidation◊Mieux notés,50,"84,99","169,99"
