store_id,city,name,title,price,price_raw,regular_price,regular_price_raw,liquidation_price,liquidation_price_raw,sale_price,sale_price_raw,liquidation,url,link,image,image_url,product_id,sku,sku_formatted,availability,badges,discount_percent,price_sale_clean,price_original_clean
168,"Cambridge Hespeler, ON","Échelle de piscine en A en acier Bestway Flowclear avec rampe, 42 po","Échelle de piscine en A en acier Bestway Flowclear avec rampe, 42 po",29.93,"29,93 $",99.99,"Était±  99,99 $prix était 99,99 $",29.93,"29,93 $",29.93,"29,93 $",true,https://www.canadiantire.ca/fr/pdp/echelle-de-piscine-en-a-en-acier-bestway-flowclear-avec-rampe-42-po-0813926p.html,https://www.canadiantire.ca/fr/pdp/echelle-de-piscine-en-a-en-acier-bestway-flowclear-avec-rampe-42-po-0813926p.html,https://media-www.canadiantire.ca/product/seasonal-gardening/backyard-fun/pool-maintenance/0813926/42-pool-ladder-1e5af39a-d711-4efc-88d9-7f79508fac9d-jpgrendition.jpg?im=whresize&wid=200&hei=200,https://media-www.canadiantire.ca/product/seasonal-gardening/backyard-fun/pool-maintenance/0813926/42-pool-ladder-1e5af39a-d711-4efc-88d9-7f79508fac9d-jpgrendition.jpg?im=whresize&wid=200&hei=200,,0813926,081-3926-6,38 En Stock#081-3926-6,Liquidation◊,70.07,"29,93","99,99"
168,"Cambridge Hespeler, ON",Affûteur de couteaux et de ciseaux facile à utiliser en 3 étapes MASTER Chef,Affûteur de couteaux et de ciseaux facile à utiliser en 3 étapes MASTER Chef,4.93,"4,93 $",18.99,"Était±  18,99 $prix était 18,99 $",4.93,"4,93 $",4.93,"4,93 $",true,https://www.canadiantire.ca/fr/pdp/affuteur-de-couteaux-et-de-ciseaux-facile-a-utiliser-en-3-etapes-master-chef-2421029p.html,https://www.canadiantire.ca/fr/pdp/affuteur-de-couteaux-et-de-ciseaux-facile-a-utiliser-en-3-etapes-master-chef-2421029p.html,https://media-www.canadiantire.ca/product/living/kitchen/cutlery/2421029/master-chef-3stage-knife-sharpener-b9ab2767-c8c0-473e-a296-6cb70527856a-jpgrendition.jpg?im=whresize&wid=200&hei=200,https://media-www.canadiantire.ca/product/living/kitchen/cutlery/2421029/master-chef-3stage-knife-sharpener-b9ab2767-c8c0-473e-a296-6cb70527856a-jpgrendition.jpg?im=whresize&wid=200&hei=200,,2421029,242-1029-2,129 En Stock#242-1029-2,Liquidation◊Exclusivité,74.04,"4,93","18,99"
168,"Cambridge Hespeler, ON","Bouteille d'eau Woods, 650 ml, acier inoxydable, étanche, noire","Bouteille d'eau Woods, 650 ml, acier inoxydable, étanche, noire",9.93,"9,93 $",24.99,"24,99 $Était   et+ prix était à partir de 24,99 $",9.93,"9,93 $",9.93,"9,93 $",true,https://www.canadiantire.ca/fr/pdp/bouteille-d-eau-woods-650-ml-acier-inoxydable-etanche-noire-0761301p.html,https://www.canadiantire.ca/fr/pdp/bouteille-d-eau-woods-650-ml-acier-inoxydable-etanche-noire-0761301p.html,https://media-www.canadiantire.ca/product/playing/camping/camping-living/0761303/woods-water-bottle-medium-black-2b72db9e-5b04-46c0-8136-97dc000522cb-jpgrendition.jpg?im=whresize&wid=200&hei=200,https://media-www.canadiantire.ca/product/playing/camping/camping-living/0761303/woods-water-bottle-medium-black-2b72db9e-5b04-46c0-8136-97dc000522cb-jpgrendition.jpg?im=whresize&wid=200&hei=200,,0761301,076-1301,Vérifiez la disponibilité#076-1301X,Liquidation◊Mieux notés,60.26,"9,93","24,99"
168,"Cambridge Hespeler, ON","Tasse de voyage à double paroi avec poignée Bubba Keg Classic, 20 oz, choix de couleurs","Tasse de voyage à double paroi avec poignée Bubba Keg Classic, 20 oz, choix de couleurs",9.93,"9,93 $",24.99,"24,99 $Était   et+ prix était à partir de 24,99 $",9.93,"9,93 $",9.93,"9,93 $",true,https://www.canadiantire.ca/fr/pdp/tasse-de-voyage-a-double-paroi-avec-poignee-bubba-keg-classic-20-oz-choix-de-couleurs-2425153p.html,https://www.canadiantire.ca/fr/pdp/tasse-de-voyage-a-double-paroi-avec-poignee-bubba-keg-classic-20-oz-choix-de-couleurs-2425153p.html,https://media-www.canadiantire.ca/product/living/kitchen/food-storage/2425154/bubba-20-oz-keg-mug-magenta-0effc0af-c6a5-482f-b1fb-0de772f237a0-jpgrendition.jpg?im=whresize&wid=200&hei=200,https://media-www.canadiantire.ca/product/living/kitchen/food-storage/2425154/bubba-20-oz-keg-mug-magenta-0effc0af-c6a5-482f-b1fb-0de772f237a0-jpgrendition.jpg?im=whresize&wid=200&hei=200,,2425153,242-5153,Vérifiez la disponibilité#242-5153X,Liquidation◊Mieux notés,60.26,"9,93","24,99"
168,"Cambridge Hespeler, ON","Bluehive - Ecouteurs boutons sans fil, 22h autonomie et charge rapide","Bluehive - Ecouteurs boutons sans fil, 22h autonomie et charge rapide",14.93,"14,93 $",39.99,"Était±  39,99 $prix était 39,99 $",14.93,"14,93 $",14.93,"14,93 $",true,https://www.canadiantire.ca/fr/pdp/bluehive-ecouteurs-boutons-sans-fil-22h-autonomie-et-charge-rapide-0355551p.html,https://www.canadiantire.ca/fr/pdp/bluehive-ecouteurs-boutons-sans-fil-22h-autonomie-et-charge-rapide-0355551p.html,https://media-www.canadiantire.ca/product/automotive/car-care-accessories/auto-electronics/0355551/bluehive-bluepods-true-wireless-earbuds-d801aae0-977a-4b93-998a-00bad4241385-jpgrendition.jpg?im=whresize&wid=200&hei=200,https://media-www.canadiantire.ca/product/automotive/car-care-accessories/auto-electronics/0355551/bluehive-bluepods-true-wireless-earbuds-d801aae0-977a-4b93-998a-00bad4241385-jpgrendition.jpg?im=whresize&wid=200&hei=200,,0355551,035-5551-6,Il n’en reste que 1 #035-5551-6,Liquidation◊Exclusivité,62.67,"14,93","39,99"
168,"Cambridge Hespeler, ON","Planche à pagaie pour 1 personne Pelican Flow 106, blanc et vert, 10 pi 6 po","Planche à pagaie pour 1 personne Pelican Flow 106, blanc et vert, 10 pi 6 po",299.93,"299,93 $",599.99,"Était±  599,99 $prix était 599,99 $",299.93,"299,93 $",299.93,"299,93 $",true,https://www.canadiantire.ca/fr/pdp/planche-a-pagaie-pour-1-personne-pelican-flow-106-blanc-et-vert-10-pi-6-po-0792044p.html,https://www.canadiantire.ca/fr/pdp/planche-a-pagaie-pour-1-personne-pelican-flow-106-blanc-et-vert-10-pi-6-po-0792044p.html,https://media-www.canadiantire.ca/product/playing/seasonal-recreation/marine-water-fun/0792044/pelican-flow-106-stand-up-paddle-board-7136f53a-71e5-4f0a-825f-eab92a92ff42-jpgrendition.jpg?im=whresize&wid=200&hei=200,https://media-www.canadiantire.ca/product/playing/seasonal-recreation/marine-water-fun/0792044/pelican-flow-106-stand-up-paddle-board-7136f53a-71e5-4f0a-825f-eab92a92ff42-jpgrendition.jpg?im=whresize&wid=200&hei=200,,0792044,079-2044-8,Il n’en reste que 1 #079-2044-8,Liquidation◊Mieux notés,50.01,"299,93","599,99"
168,"Cambridge Hespeler, ON","Planche à pagaie pour 1 personne junior Pelican Vibe 80, lime, 8 pi","Planche à pagaie pour 1 personne junior Pelican Vibe 80, lime, 8 pi",149.93,"149,93 $",299.99,"Était±  299,99 $prix était 299,99 $",149.93,"149,93 $",149.93,"149,93 $",true,https://www.canadiantire.ca/fr/pdp/planche-a-pagaie-pour-1-personne-junior-pelican-vibe-80-lime-8-pi-0798536p.html,https://www.canadiantire.ca/fr/pdp/planche-a-pagaie-pour-1-personne-junior-pelican-vibe-80-lime-8-pi-0798536p.html,https://media-www.canadiantire.ca/product/playing/seasonal-recreation/marine-water-fun/0798536/sup-pelican-junior-vibe-80-908d32af-d15f-46f4-92d9-e57b6ad88a8f-jpgrendition.jpg?im=whresize&wid=200&hei=200,https://media-www.canadiantire.ca/product/playing/seasonal-recreation/marine-water-fun/0798536/sup-pelican-junior-vibe-80-908d32af-d15f-46f4-92d9-e57b6ad88a8f-jpgrendition.jpg?im=whresize&wid=200&hei=200,,0798536,079-8536-2,Il n’en reste que 1 #079-8536-2,Liquidation◊,50.02,"149,93","299,99"
168,"Cambridge Hespeler, ON","Meuble de rangement d'angle ouvert à tablette et 9 cubes For Living, blanc","Meuble de rangement d'angle ouvert à tablette et 9 cubes For Living, blanc",79.93,"79,93 $",159.99,"Était±  159,99 $prix était 159,99 $",79.93,"79,93 $",79.93,"79,93 $",true,https://www.canadiantire.ca/fr/pdp/meuble-de-rangement-d-angle-ouvert-a-tablette-et-9-cubes-for-living-blanc-1680221p.html,https://www.canadiantire.ca/fr/pdp/meuble-de-rangement-d-angle-ouvert-a-tablette-et-9-cubes-for-living-blanc-1680221p.html,https://media-www.canadiantire.ca/product/living/home-decor/furniture/1680221/for-living-corner-9-cube-organizer-7b7dc5f9-de00-4529-ab60-96254faa2854-jpgrendition.jpg?im=whresize&wid=200&hei=200,https://media-www.canadiantire.ca/product/living/home-decor/furniture/1680221/for-living-corner-9-cube-organizer-7b7dc5f9-de00-4529-ab60-96254faa2854-jpgrendition.jpg?im=whresize&wid=200&hei=200,,1680221,168-0221-6,Il n’en reste que 7 #168-0221-6,Liquidation◊Exclusivité,50.04,"79,93","159,99"
168,"Cambridge Hespeler, ON","Rainbow Blobz de Bestway avec aire de jeux d’eau, 3 ans et plus","Rainbow Blobz de Bestway avec aire de jeux d’eau, 3 ans et plus",19.93,"19,93 $",54.99,"Était±  54,99 $prix était 54,99 $",19.93,"19,93 $",19.93,"19,93 $",true,https://www.canadiantire.ca/fr/pdp/rainbow-blobz-de-bestway-avec-aire-de-jeux-d-eau-3-ans-et-plus-0509163p.html,https://www.canadiantire.ca/fr/pdp/rainbow-blobz-de-bestway-avec-aire-de-jeux-d-eau-3-ans-et-plus-0509163p.html,https://media-www.canadiantire.ca/product/seasonal-gardening/backyard-fun/seasonal-toys/0509163/rainbow-blobz-f27f5662-28f9-4cea-95c7-57c9e63376d0-jpgrendition.jpg?im=whresize&wid=200&hei=200,https://media-www.canadiantire.ca/product/seasonal-gardening/backyard-fun/seasonal-toys/0509163/rainbow-blobz-f27f5662-28f9-4cea-95c7-57c9e63376d0-jpgrendition.jpg?im=whresize&wid=200&hei=200,,0509163,050-9163-8,17 En Stock#050-9163-8,Liquidation◊,63.76,"19,93","54,99"
168,"Cambridge Hespeler, ON","Gants de cuisine en silicone à prise antidérapante MASTER Chef, rouge, paq. 2","Gants de cuisine en silicone à prise antidérapante MASTER Chef, rouge, paq. 2",7.93,"7,93 $",17.99,"Était±  17,99 $prix était 17,99 $",7.93,"7,93 $",7.93,"7,93 $",true,https://www.canadiantire.ca/fr/pdp/gants-de-cuisine-en-silicone-a-prise-antiderapante-master-chef-rouge-paq-2-1424819p.html,https://www.canadiantire.ca/fr/pdp/gants-de-cuisine-en-silicone-a-prise-antiderapante-master-chef-rouge-paq-2-1424819p.html,https://media-www.canadiantire.ca/product/living/kitchen/dining-and-entertaining/1424819/masterchef-2-pack-silicone-oven-mitt-b89ae6ab-2ac5-45f8-b10e-5c3836792b55-jpgrendition.jpg?im=whresize&wid=200&hei=200,https://media-www.canadiantire.ca/product/living/kitchen/dining-and-entertaining/1424819/masterchef-2-pack-silicone-oven-mitt-b89ae6ab-2ac5-45f8-b10e-5c3836792b55-jpgrendition.jpg?im=whresize&wid=200&hei=200,,1424819,142-4819-2,19 En Stock#142-4819-2,Liquidation◊Articles à succès,55.92,"7,93","17,99"
168,"Cambridge Hespeler, ON","Tapis de salle de bains For Living en coton, 20 x 30 po","Tapis de salle de bains For Living en coton, 20 x 30 po",9.93,"9,93 $",19.99,"19,99 $Était   et+ prix était à partir de 19,99 $",9.93,"9,93 $",9.93,"9,93 $",true,https://www.canadiantire.ca/fr/pdp/tapis-de-salle-de-bains-for-living-en-coton-20-x-30-po-0632706p.html,https://www.canadiantire.ca/fr/pdp/tapis-de-salle-de-bains-for-living-en-coton-20-x-30-po-0632706p.html,https://media-www.canadiantire.ca/product/living/home-decor/bed-bath-decor/0632707/beige-bathroom-mat-20x30-44f298ec-9e3f-4f3f-9512-dbedcfe6946b-jpgrendition.jpg?im=whresize&wid=200&hei=200,https://media-www.canadiantire.ca/product/living/home-decor/bed-bath-decor/0632707/beige-bathroom-mat-20x30-44f298ec-9e3f-4f3f-9512-dbedcfe6946b-jpgrendition.jpg?im=whresize&wid=200&hei=200,,0632706,063-2706,Vérifiez la disponibilité#063-2706X,Liquidation◊Exclusivité,50.33,"9,93","19,99"
168,"Cambridge Hespeler, ON","Bureau d'écriture à 2 tiroirs avec pattes en bois CANVAS Copenhagen, blanc","Bureau d'écriture à 2 tiroirs avec pattes en bois CANVAS Copenhagen, blanc",124.93,"124,93 $",249.99,"Était±  249,99 $prix était 249,99 $",124.93,"124,93 $",124.93,"124,93 $",true,https://www.canadiantire.ca/fr/pdp/bureau-d-ecriture-a-2-tiroirs-avec-pattes-en-bois-canvas-copenhagen-blanc-1680001p.html,https://www.canadiantire.ca/fr/pdp/bureau-d-ecriture-a-2-tiroirs-avec-pattes-en-bois-canvas-copenhagen-blanc-1680001p.html,https://media-www.canadiantire.ca/product/living/home-decor/furniture/1680001/canvas-copenhagen-desk-white-65504d37-b163-413f-8c21-d7b38602a9a3-jpgrendition.jpg?im=whresize&wid=200&hei=200,https://media-www.canadiantire.ca/product/living/home-decor/furniture/1680001/canvas-copenhagen-desk-white-65504d37-b163-413f-8c21-d7b38602a9a3-jpgrendition.jpg?im=whresize&wid=200&hei=200,,1680001,168-0001-0,Il n’en reste que 1 #168-0001-0,Liquidation◊Exclusivité,50.03,"124,93","249,99"
168,"Cambridge Hespeler, ON",Aspirateur-balai sans fil à 2 moteurs Kenmore CSV,Aspirateur-balai sans fil à 2 moteurs Kenmore CSV,129.93,"129,93 $",269.99,"Était±  269,99 $prix était 269,99 $",129.93,"129,93 $",129.93,"129,93 $",true,https://www.canadiantire.ca/fr/pdp/aspirateur-balai-sans-fil-a-2-moteurs-kenmore-csv-0437195p.html,https://www.canadiantire.ca/fr/pdp/aspirateur-balai-sans-fil-a-2-moteurs-kenmore-csv-0437195p.html,https://media-www.canadiantire.ca/product/living/cleaning/vacuums-and-floorcare/0437195/kenmore-csv-cordless-stick-vacuum-5305dd9e-78aa-427b-8168-777cfc70e06c-jpgrendition.jpg?im=whresize&wid=200&hei=200,https://media-www.canadiantire.ca/product/living/cleaning/vacuums-and-floorcare/0437195/kenmore-csv-cordless-stick-vacuum-5305dd9e-78aa-427b-8168-777cfc70e06c-jpgrendition.jpg?im=whresize&wid=200&hei=200,,0437195,043-7195-2,Il n’en reste que 1 #043-7195-2,Liquidation◊,51.88,"129,93","269,99"
168,"Cambridge Hespeler, ON","CANVAS Mercier - Table à dîner de terrasse rectangulaire en acier à plateau en verre, noir","CANVAS Mercier - Table à dîner de terrasse rectangulaire en acier à plateau en verre, noir",149.93,"149,93 $",299.99,"Était±  299,99 $prix était 299,99 $",149.93,"149,93 $",149.93,"149,93 $",true,https://www.canadiantire.ca/fr/pdp/canvas-mercier-table-a-diner-de-terrasse-rectangulaire-en-acier-a-plateau-en-verre-noir-0882029p.html,https://www.canadiantire.ca/fr/pdp/canvas-mercier-table-a-diner-de-terrasse-rectangulaire-en-acier-a-plateau-en-verre-noir-0882029p.html,https://media-www.canadiantire.ca/product/seasonal-gardening/backyard-living/outdoor-furniture/0882029/canvas-mercier-dining-table-1ab27b9c-d50f-4a17-9d15-124e2a4f2a96-jpgrendition.jpg?im=whresize&wid=200&hei=200,https://media-www.canadiantire.ca/product/seasonal-gardening/backyard-living/outdoor-furniture/0882029/canvas-mercier-dining-table-1ab27b9c-d50f-4a17-9d15-124e2a4f2a96-jpgrendition.jpg?im=whresize&wid=200&hei=200,,0882029,088-2029-4,Il n’en reste que 1 #088-2029-4,Liquidation◊Exclusivité,50.02,"149,93","299,99"
168,"Cambridge Hespeler, ON","Île flottante gonflable licorne pour fête avec glacière pour 5 personnes, arc-en-ciel","Île flottante gonflable licorne pour fête avec glacière pour 5 personnes, arc-en-ciel",99.93,"99,93 $",199.99,"Était±  199,99 $prix était 199,99 $",99.93,"99,93 $",99.93,"99,93 $",true,https://www.canadiantire.ca/fr/pdp/ile-flottante-gonflable-licorne-pour-fete-avec-glaciere-pour-5-personnes-arc-en-ciel-0797173p.html,https://www.canadiantire.ca/fr/pdp/ile-flottante-gonflable-licorne-pour-fete-avec-glaciere-pour-5-personnes-arc-en-ciel-0797173p.html,https://media-www.canadiantire.ca/product/playing/seasonal-recreation/marine-water-fun/0797173/unicorn-party-island-eb79d32c-2fc2-4265-a0bc-d9ad9f490225-jpgrendition.jpg?im=whresize&wid=200&hei=200,https://media-www.canadiantire.ca/product/playing/seasonal-recreation/marine-water-fun/0797173/unicorn-party-island-eb79d32c-2fc2-4265-a0bc-d9ad9f490225-jpgrendition.jpg?im=whresize&wid=200&hei=200,,0797173,079-7173-0,Il n’en reste que 5 #079-7173-0,Liquidation◊Exclusivité,50.03,"99,93","199,99"
168,"Cambridge Hespeler, ON","Système d'organisation latéral de la lessive Type A Linear, blanc","Système d'organisation latéral de la lessive Type A Linear, blanc",34.93,"34,93 $",99.99,"Était±  99,99 $prix était 99,99 $",34.93,"34,93 $",34.93,"34,93 $",true,https://www.canadiantire.ca/fr/pdp/systeme-d-organisation-lateral-de-la-lessive-type-a-linear-blanc-2420004p.html,https://www.canadiantire.ca/fr/pdp/systeme-d-organisation-lateral-de-la-lessive-type-a-linear-blanc-2420004p.html,https://media-www.canadiantire.ca/product/living/home-organization/laundry/2420004/type-a-side-unit-laundry-organization-system-44db3078-e2d8-4d52-bd8b-2f44f616a61e-jpgrendition.jpg?im=whresize&wid=200&hei=200,https://media-www.canadiantire.ca/product/living/home-organization/laundry/2420004/type-a-side-unit-laundry-organization-system-44db3078-e2d8-4d52-bd8b-2f44f616a61e-jpgrendition.jpg?im=whresize&wid=200&hei=200,,2420004,242-0004-6,Il n’en reste que 2 #242-0004-6,Liquidation◊Mieux notés,65.07,"34,93","99,99"
168,"Cambridge Hespeler, ON","Machine à café et espresso automatique avec buse à vapeur à lait Smeg, pompe de 19 bars, noir","Machine à café et espresso automatique avec buse à vapeur à lait Smeg, pompe de 19 bars, noir",499.93,"499,93 $",999.99,"Était±  999,99 $prix était 999,99 $",499.93,"499,93 $",499.93,"499,93 $",true,https://www.canadiantire.ca/fr/pdp/machine-a-cafe-et-espresso-automatique-avec-buse-a-vapeur-a-lait-smeg-pompe-de-19-bars-noir-0430368p.html,https://www.canadiantire.ca/fr/pdp/machine-a-cafe-et-espresso-automatique-avec-buse-a-vapeur-a-lait-smeg-pompe-de-19-bars-noir-0430368p.html,https://media-www.canadiantire.ca/product/living/kitchen/kitchen-appliances/0430368/smeg-fully-automatic-espresso-maker-w-milk-wand-57ea23ee-5b49-4f4a-9035-1ccedfae5311-jpgrendition.jpg?im=whresize&wid=200&hei=200,https://media-www.canadiantire.ca/product/living/kitchen/kitchen-appliances/0430368/smeg-fully-automatic-espresso-maker-w-milk-wand-57ea23ee-5b49-4f4a-9035-1ccedfae5311-jpgrendition.jpg?im=whresize&wid=200&hei=200,,0430368,043-0368-4,Il n’en reste que 1 #043-0368-4,Liquidation◊Exclusivité,50.01,"499,93","999,99"
168,"Cambridge Hespeler, ON","Gobelet en acier inoxydable ISOLÉ Woods, 900 mL","Gobelet en acier inoxydable ISOLÉ Woods, 900 mL",9.93,"9,93 $",24.99,"24,99 $Était   et+ prix était à partir de 24,99 $",9.93,"9,93 $",9.93,"9,93 $",true,https://www.canadiantire.ca/fr/pdp/gobelet-en-acier-inoxydable-isole-woods-900-ml-0761316p.html,https://www.canadiantire.ca/fr/pdp/gobelet-en-acier-inoxydable-isole-woods-900-ml-0761316p.html,https://media-www.canadiantire.ca/product/playing/camping/camping-living/0761318/woods-tumbler-large-black-c5b94128-2d63-4e48-88b0-d14b8cac3307-jpgrendition.jpg?im=whresize&wid=200&hei=200,https://media-www.canadiantire.ca/product/playing/camping/camping-living/0761318/woods-tumbler-large-black-c5b94128-2d63-4e48-88b0-d14b8cac3307-jpgrendition.jpg?im=whresize&wid=200&hei=200,,0761316,076-1316,Vérifiez la disponibilité#076-1316X,Liquidation◊Exclusivité,60.26,"9,93","24,99"
168,"Cambridge Hespeler, ON","Bouteille ISOTHERME Woods en acier inoxydable, 500 mL","Bouteille ISOTHERME Woods en acier inoxydable, 500 mL",8.93,"8,93 $",19.99,"19,99 $Était   et+ prix était à partir de 19,99 $",8.93,"8,93 $",8.93,"8,93 $",true,https://www.canadiantire.ca/fr/pdp/bouteille-isotherme-woods-en-acier-inoxydable-500-ml-0761321p.html,https://www.canadiantire.ca/fr/pdp/bouteille-isotherme-woods-en-acier-inoxydable-500-ml-0761321p.html,https://media-www.canadiantire.ca/product/playing/camping/camping-living/0761323/woods-tumbler-medium-black-7b37ea8a-8ef2-4614-b6ac-f5908d7e8900-jpgrendition.jpg?im=whresize&wid=200&hei=200,https://media-www.canadiantire.ca/product/playing/camping/camping-living/0761323/woods-tumbler-medium-black-7b37ea8a-8ef2-4614-b6ac-f5908d7e8900-jpgrendition.jpg?im=whresize&wid=200&hei=200,,0761321,076-1321,Vérifiez la disponibilité#076-1321X,Liquidation◊Mieux notés,55.33,"8,93","19,99"
168,"Cambridge Hespeler, ON","Faitout rond MASTER Chef en fonte, allant au four, rouge","Faitout rond MASTER Chef en fonte, allant au four, rouge",35.98,"35,98 $",74.99,"74,99 $Était   et+ prix était à partir de 74,99 $",35.98,"35,98 $",35.98,"35,98 $",true,https://www.canadiantire.ca/fr/pdp/faitout-rond-master-chef-en-fonte-allant-au-four-rouge-1423471p.html,https://www.canadiantire.ca/fr/pdp/faitout-rond-master-chef-en-fonte-allant-au-four-rouge-1423471p.html,https://media-www.canadiantire.ca/product/living/kitchen/cookware/1423471/masterchef-2-8-quart-round-dutch-oven-red-5485922f-a0a0-462c-b864-d89605aae1a9.png?im=whresize&wid=200&hei=200,https://media-www.canadiantire.ca/product/living/kitchen/cookware/1423471/masterchef-2-8-quart-round-dutch-oven-red-5485922f-a0a0-462c-b864-d89605aae1a9.png?im=whresize&wid=200&hei=200,,1423471,142-3471,Vérifiez la disponibilité#142-3471X,Liquidation◊Articles à succès,52.02,"35,98","74,99"
168,"Cambridge Hespeler, ON","Humidificateur d'air ultrasonique à brume fraîche et diffuseur d'huile essentielle Crane EE-5951AD avec lampe, léger, très silencieux, blanc, 0,8 L","Humidificateur d'air ultrasonique à brume fraîche et diffuseur d'huile essentielle Crane EE-5951AD avec lampe, léger, très silencieux, blanc, 0,8 L",24.93,"24,93 $",63.99,"Était±  63,99 $prix était 63,99 $",24.93,"24,93 $",24.93,"24,93 $",true,https://www.canadiantire.ca/fr/pdp/humidificateur-d-air-ultrasonique-a-brume-fraiche-et-diffuseur-d-huile-essentielle-crane-ee-5951ad-avec-lampe-leger-tres-silencieux-blanc-0-8-l-0430700p.html,https://www.canadiantire.ca/fr/pdp/humidificateur-d-air-ultrasonique-a-brume-fraiche-et-diffuseur-d-huile-essentielle-crane-ee-5951ad-avec-lampe-leger-tres-silencieux-blanc-0-8-l-0430700p.html,https://media-www.canadiantire.ca/product/living/home-environment/home-air-quality-appliances/0430700/crane-ultrasonic-cool-mist-humidifier-diffuser-95c3bc13-c9f0-4d3a-aab6-08011ec6a9db-jpgrendition.jpg?im=whresize&wid=200&hei=200,https://media-www.canadiantire.ca/product/living/home-environment/home-air-quality-appliances/0430700/crane-ultrasonic-cool-mist-humidifier-diffuser-95c3bc13-c9f0-4d3a-aab6-08011ec6a9db-jpgrendition.jpg?im=whresize&wid=200&hei=200,,0430700,043-0700-2,Il n’en reste que 2 #043-0700-2,Liquidation◊Mieux notés,61.04,"24,93","63,99"
168,"Cambridge Hespeler, ON","Lampe de travail COB Motomaster, pile sèche","Lampe de travail COB Motomaster, pile sèche",6.93,"6,93 $",22.99,"Était±  22,99 $prix était 22,99 $",6.93,"6,93 $",6.93,"6,93 $",true,https://www.canadiantire.ca/fr/pdp/lampe-de-travail-cob-motomaster-pile-seche-0378076p.html,https://www.canadiantire.ca/fr/pdp/lampe-de-travail-cob-motomaster-pile-seche-0378076p.html,https://media-www.canadiantire.ca/product/automotive/car-care-accessories/auto-accessories/0378076/motomaster-cob-dry-battery-worklight-79121987-169f-468e-ac18-5d54166c93e6-jpgrendition.jpg?im=whresize&wid=200&hei=200,https://media-www.canadiantire.ca/product/automotive/car-care-accessories/auto-accessories/0378076/motomaster-cob-dry-battery-worklight-79121987-169f-468e-ac18-5d54166c93e6-jpgrendition.jpg?im=whresize&wid=200&hei=200,,0378076,037-8076-6,Il n’en reste que 2 #037-8076-6,Liquidation◊Exclusivité,69.86,"6,93","22,99"
168,"Cambridge Hespeler, ON",Fauteuil de jeu Bluetooth sur pied X Rocker EVO Pro 4.1,Fauteuil de jeu Bluetooth sur pied X Rocker EVO Pro 4.1,179.93,"179,93 $",379.99,"Était±  379,99 $prix était 379,99 $",179.93,"179,93 $",179.93,"179,93 $",true,https://www.canadiantire.ca/fr/pdp/fauteuil-de-jeu-bluetooth-sur-pied-x-rocker-evo-pro-4-1-1680117p.html,https://www.canadiantire.ca/fr/pdp/fauteuil-de-jeu-bluetooth-sur-pied-x-rocker-evo-pro-4-1-1680117p.html,https://media-www.canadiantire.ca/product/living/home-decor/furniture/3996219/recoded-to-1680117-0a8072a0-2aab-4829-8eae-0b936c6c3fda-jpgrendition.jpg?im=whresize&wid=200&hei=200,https://media-www.canadiantire.ca/product/living/home-decor/furniture/3996219/recoded-to-1680117-0a8072a0-2aab-4829-8eae-0b936c6c3fda-jpgrendition.jpg?im=whresize&wid=200&hei=200,,1680117,168-0117-6,Il n’en reste que 1 #168-0117-6,Liquidation◊,52.65,"179,93","379,99"
168,"Cambridge Hespeler, ON","Tapis d'intérieur et d'extérieur Korhani Sienna, 5 x 7 pi","Tapis d'intérieur et d'extérieur Korhani Sienna, 5 x 7 pi",44.93,"44,93 $",114.99,"Était±  114,99 $prix était 114,99 $",44.93,"44,93 $",44.93,"44,93 $",true,https://www.canadiantire.ca/fr/pdp/tapis-d-interieur-et-d-exterieur-korhani-sienna-5-x-7-pi-0680032p.html,https://www.canadiantire.ca/fr/pdp/tapis-d-interieur-et-d-exterieur-korhani-sienna-5-x-7-pi-0680032p.html,https://media-www.canadiantire.ca/product/living/home-decor/floor-window-decor/0680032/tofino-indoor-outdoor-rug-593a3364-ff9a-4daa-8160-ea1342dcc4ec-jpgrendition.jpg?im=whresize&wid=200&hei=200,https://media-www.canadiantire.ca/product/living/home-decor/floor-window-decor/0680032/tofino-indoor-outdoor-rug-593a3364-ff9a-4daa-8160-ea1342dcc4ec-jpgrendition.jpg?im=whresize&wid=200&hei=200,,0680032,068-0032-4,,Liquidation◊Exclusivité,60.93,"44,93","114,99"
168,"Cambridge Hespeler, ON","Sac à dos de randonnée imperméable Outbound pour enfants, bleu","Sac à dos de randonnée imperméable Outbound pour enfants, bleu",24.93,"24,93 $",49.99,"Était±  49,99 $prix était 49,99 $",24.93,"24,93 $",24.93,"24,93 $",true,https://www.canadiantire.ca/fr/pdp/sac-a-dos-de-randonnee-impermeable-outbound-pour-enfants-bleu-0766645p.html,https://www.canadiantire.ca/fr/pdp/sac-a-dos-de-randonnee-impermeable-outbound-pour-enfants-bleu-0766645p.html,https://media-www.canadiantire.ca/product/playing/camping/camping-accessories/0766645/woods-kids-hike-daypack-b82a6afc-2943-4965-a3c8-74ebec8bcd82-jpgrendition.jpg?im=whresize&wid=200&hei=200,https://media-www.canadiantire.ca/product/playing/camping/camping-accessories/0766645/woods-kids-hike-daypack-b82a6afc-2943-4965-a3c8-74ebec8bcd82-jpgrendition.jpg?im=whresize&wid=200&hei=200,,0766645,076-6645-0,Il n’en reste que 1 #076-6645-0,Liquidation◊Mieux notés,50.13,"24,93","49,99"
168,"Cambridge Hespeler, ON","Tasse en grès CANVAS, bouquet, 15 oz","Tasse en grès CANVAS, bouquet, 15 oz",2.43,"2,43 $",5.49,"Était±  5,49 $prix était 5,49 $",2.43,"2,43 $",2.43,"2,43 $",true,https://www.canadiantire.ca/fr/pdp/tasse-en-gres-canvas-bouquet-15-oz-1427936p.html,https://www.canadiantire.ca/fr/pdp/tasse-en-gres-canvas-bouquet-15-oz-1427936p.html,https://media-www.canadiantire.ca/product/living/kitchen/kitchen-appliances/1427936/canvas-bouquet-mug-c608c05e-8ce1-4c68-ad4a-65890ab358e3-jpgrendition.jpg?im=whresize&wid=200&hei=200,https://media-www.canadiantire.ca/product/living/kitchen/kitchen-appliances/1427936/canvas-bouquet-mug-c608c05e-8ce1-4c68-ad4a-65890ab358e3-jpgrendition.jpg?im=whresize&wid=200&hei=200,,1427936,142-7936-4,86 En Stock#142-7936-4,Liquidation◊Mieux notés,55.74,"2,43","5,49"
168,"Cambridge Hespeler, ON","Meuble-lavabo simple CANVAS Brooks à 2 portes, dessus en pierre, 24 po, blanc","Meuble-lavabo simple CANVAS Brooks à 2 portes, dessus en pierre, 24 po, blanc",199.93,"199,93 $",419.99,"Était±  419,99 $prix était 419,99 $",199.93,"199,93 $",199.93,"199,93 $",true,https://www.canadiantire.ca/fr/pdp/meuble-lavabo-simple-canvas-brooks-a-2-portes-dessus-en-pierre-24-po-blanc-0636347p.html,https://www.canadiantire.ca/fr/pdp/meuble-lavabo-simple-canvas-brooks-a-2-portes-dessus-en-pierre-24-po-blanc-0636347p.html,https://media-www.canadiantire.ca/product/fixing/plumbing/faucets-fixtures/0636347/canvas-brooks-24-chevron-style-vanity-double-doors-white-2da9c522-7f30-4654-9764-a202f9dd74c3-jpgrendition.jpg?im=whresize&wid=200&hei=200,https://media-www.canadiantire.ca/product/fixing/plumbing/faucets-fixtures/0636347/canvas-brooks-24-chevron-style-vanity-double-doors-white-2da9c522-7f30-4654-9764-a202f9dd74c3-jpgrendition.jpg?im=whresize&wid=200&hei=200,,0636347,063-6347-0,Il n’en reste que 1 #063-6347-0,Liquidation◊Exclusivité,52.4,"199,93","419,99"
168,"Cambridge Hespeler, ON","Mini-quad/VTT porteur électrique Huffy Boltz 6 V, rouge/bleu, 18 mois à 3 ans","Mini-quad/VTT porteur électrique Huffy Boltz 6 V, rouge/bleu, 18 mois à 3 ans",99.93,"99,93 $",219.99,"Était±  219,99 $prix était 219,99 $",99.93,"99,93 $",99.93,"99,93 $",true,https://www.canadiantire.ca/fr/pdp/mini-quad-vtt-porteur-electrique-huffy-boltz-6-v-rouge-bleu-18-mois-a-3-ans-1840678p.html,https://www.canadiantire.ca/fr/pdp/mini-quad-vtt-porteur-electrique-huffy-boltz-6-v-rouge-bleu-18-mois-a-3-ans-1840678p.html,https://media-www.canadiantire.ca/product/playing/cycling/wheeled-goods/1840678/6v-boltz-electric-ride-on-66667b95-eb65-4da2-9576-fe421594655b-jpgrendition.jpg?im=whresize&wid=200&hei=200,https://media-www.canadiantire.ca/product/playing/cycling/wheeled-goods/1840678/6v-boltz-electric-ride-on-66667b95-eb65-4da2-9576-fe421594655b-jpgrendition.jpg?im=whresize&wid=200&hei=200,,1840678,184-0678-0,Il n’en reste que 3 #184-0678-0,Liquidation◊,54.58,"99,93","219,99"
168,"Cambridge Hespeler, ON","Arroseur baleine géante gonflable, bleu, 45 po, 3 ans et plus, pour plage/piscine","Arroseur baleine géante gonflable, bleu, 45 po, 3 ans et plus, pour plage/piscine",14.93,"14,93 $",39.99,"Était±  39,99 $prix était 39,99 $",14.93,"14,93 $",14.93,"14,93 $",true,https://www.canadiantire.ca/fr/pdp/arroseur-baleine-geante-gonflable-bleu-45-po-3-ans-et-plus-pour-plage-piscine-0500654p.html,https://www.canadiantire.ca/fr/pdp/arroseur-baleine-geante-gonflable-bleu-45-po-3-ans-et-plus-pour-plage-piscine-0500654p.html,https://media-www.canadiantire.ca/product/seasonal-gardening/toys/seasonal-toys/0500654/whale-giant-sprinkler-c97f32e7-63a3-4936-b3bf-24b6340b3eb7-jpgrendition.jpg?im=whresize&wid=200&hei=200,https://media-www.canadiantire.ca/product/seasonal-gardening/toys/seasonal-toys/0500654/whale-giant-sprinkler-c97f32e7-63a3-4936-b3bf-24b6340b3eb7-jpgrendition.jpg?im=whresize&wid=200&hei=200,,0500654,050-0654-4,Il n’en reste que 3 #050-0654-4,Liquidation◊,62.67,"14,93","39,99"
168,"Cambridge Hespeler, ON",Cache de chasse ignifuge Ameristep Enforcer avec 2 chaises trépied,Cache de chasse ignifuge Ameristep Enforcer avec 2 chaises trépied,119.93,"119,93 $",259.99,"Était±  259,99 $prix était 259,99 $",119.93,"119,93 $",119.93,"119,93 $",true,https://www.canadiantire.ca/fr/pdp/cache-de-chasse-ignifuge-ameristep-enforcer-avec-2-chaises-trepied-0751806p.html,https://www.canadiantire.ca/fr/pdp/cache-de-chasse-ignifuge-ameristep-enforcer-avec-2-chaises-trepied-0751806p.html,https://media-www.canadiantire.ca/product/playing/hunting/hunting-equipment/0751806/ameristep-enforcer-fr-3p-ground-blind-w-2-tripod-chair-combo-4cc0b1ba-83fb-45fd-adb0-3656dd762b0e-jpgrendition.jpg?im=whresize&wid=200&hei=200,https://media-www.canadiantire.ca/product/playing/hunting/hunting-equipment/0751806/ameristep-enforcer-fr-3p-ground-blind-w-2-tripod-chair-combo-4cc0b1ba-83fb-45fd-adb0-3656dd762b0e-jpgrendition.jpg?im=whresize&wid=200&hei=200,,0751806,075-1806-0,17 En Stock#075-1806-0,Liquidation◊,53.87,"119,93","259,99"
168,"Cambridge Hespeler, ON",Support d'entraînement intérieur Saris Fluid 2,Support d'entraînement intérieur Saris Fluid 2,149.93,"149,93 $",479.99,"Était±  479,99 $prix était 479,99 $",149.93,"149,93 $",149.93,"149,93 $",true,https://www.canadiantire.ca/fr/pdp/support-d-entrainement-interieur-saris-fluid-2-0730527p.html,https://www.canadiantire.ca/fr/pdp/support-d-entrainement-interieur-saris-fluid-2-0730527p.html,https://media-www.canadiantire.ca/product/playing/cycling/bicycle-accessories/0730527/saris-fluid-2-bike-trainer-60efa614-a07b-4eeb-ad7e-06774673f8a0-jpgrendition.jpg?im=whresize&wid=200&hei=200,https://media-www.canadiantire.ca/product/playing/cycling/bicycle-accessories/0730527/saris-fluid-2-bike-trainer-60efa614-a07b-4eeb-ad7e-06774673f8a0-jpgrendition.jpg?im=whresize&wid=200&hei=200,,0730527,073-0527-4,Il n’en reste que 2 #073-0527-4,Liquidation◊,68.76,"149,93","479,99"
168,"Cambridge Hespeler, ON","Statue d'abeille décorative à énergie solaire pour l'extérieur For Living, 7 po","Statue d'abeille décorative à énergie solaire pour l'extérieur For Living, 7 po",14.93,"14,93 $",35.99,"Était±  35,99 $prix était 35,99 $",14.93,"14,93 $",14.93,"14,93 $",true,https://www.canadiantire.ca/fr/pdp/statue-d-abeille-decorative-a-energie-solaire-pour-l-exterieur-for-living-7-po-1590037p.html,https://www.canadiantire.ca/fr/pdp/statue-d-abeille-decorative-a-energie-solaire-pour-l-exterieur-for-living-7-po-1590037p.html,https://media-www.canadiantire.ca/product/seasonal-gardening/backyard-living/outdoor-living-accessories/1590037/for-living-honey-bee-house-0a9ccb95-33fd-414c-8e30-2889fee38f62-jpgrendition.jpg?im=whresize&wid=200&hei=200,https://media-www.canadiantire.ca/product/seasonal-gardening/backyard-living/outdoor-living-accessories/1590037/for-living-honey-bee-house-0a9ccb95-33fd-414c-8e30-2889fee38f62-jpgrendition.jpg?im=whresize&wid=200&hei=200,,1590037,159-0037-8,11 En Stock#159-0037-8,Liquidation◊Exclusivité,58.52,"14,93","35,99"
168,"Cambridge Hespeler, ON",Trousse de nettoyage biodégradable pour barbecue Vermont Castings,Trousse de nettoyage biodégradable pour barbecue Vermont Castings,15.98,"15,98 $",32.99,"Était±  32,99 $prix était 32,99 $",15.98,"15,98 $",15.98,"15,98 $",true,https://www.canadiantire.ca/fr/pdp/trousse-de-nettoyage-biodegradable-pour-barbecue-vermont-castings-0852386p.html,https://www.canadiantire.ca/fr/pdp/trousse-de-nettoyage-biodegradable-pour-barbecue-vermont-castings-0852386p.html,https://media-www.canadiantire.ca/product/seasonal-gardening/backyard-living/outdoor-cooking-accessories/0852386/vermont-castings-cleaning-kit--450d630f-9878-4fb9-b23f-97474ec421bb-jpgrendition.jpg?im=whresize&wid=200&hei=200,https://media-www.canadiantire.ca/product/seasonal-gardening/backyard-living/outdoor-cooking-accessories/0852386/vermont-castings-cleaning-kit--450d630f-9878-4fb9-b23f-97474ec421bb-jpgrendition.jpg?im=whresize&wid=200&hei=200,,0852386,085-2386-8,22 En Stock#085-2386-8,Liquidation◊Mieux notés,51.56,"15,98","32,99"
168,"Cambridge Hespeler, ON","Applique murale à DEL à brancher For Living, noir mat","Applique murale à DEL à brancher For Living, noir mat",16.98,"16,98 $",52.99,"Était±  52,99 $prix était 52,99 $",16.98,"16,98 $",16.98,"16,98 $",true,https://www.canadiantire.ca/fr/pdp/applique-murale-a-del-a-brancher-for-living-noir-mat-1522642p.html,https://www.canadiantire.ca/fr/pdp/applique-murale-a-del-a-brancher-for-living-noir-mat-1522642p.html,https://media-www.canadiantire.ca/product/fixing/electrical/lighting/1522642/for-living-plug-in-wall-sconce-matte-black-b9db3e82-010e-477d-b641-e472eded4a3b-jpgrendition.jpg?im=whresize&wid=200&hei=200,https://media-www.canadiantire.ca/product/fixing/electrical/lighting/1522642/for-living-plug-in-wall-sconce-matte-black-b9db3e82-010e-477d-b641-e472eded4a3b-jpgrendition.jpg?im=whresize&wid=200&hei=200,,1522642,152-2642-8,Il n’en reste que 7 #152-2642-8,Liquidation◊Mieux notés,67.96,"16,98","52,99"
168,"Cambridge Hespeler, ON","Balai à neige en EVA antirayure Garant avec grattoir, 36 po","Balai à neige en EVA antirayure Garant avec grattoir, 36 po",6.93,"6,93 $",31.99,"Était±  31,99 $prix était 31,99 $",6.93,"6,93 $",6.93,"6,93 $",true,https://www.canadiantire.ca/fr/pdp/balai-a-neige-en-eva-antirayure-garant-avec-grattoir-36-po-0304458p.html,https://www.canadiantire.ca/fr/pdp/balai-a-neige-en-eva-antirayure-garant-avec-grattoir-36-po-0304458p.html,https://media-www.canadiantire.ca/product/automotive/car-care-accessories/auto-winter-accessories/0304458/36-garant-eva-snowbrush-858a05fb-d3b5-4803-850a-f6eaf32ce244-jpgrendition.jpg?im=whresize&wid=200&hei=200,https://media-www.canadiantire.ca/product/automotive/car-care-accessories/auto-winter-accessories/0304458/36-garant-eva-snowbrush-858a05fb-d3b5-4803-850a-f6eaf32ce244-jpgrendition.jpg?im=whresize&wid=200&hei=200,,0304458,030-4458-6,,Liquidation◊Mieux notés,78.34,"6,93","31,99"
168,"Cambridge Hespeler, ON","Housse de siège Browning Buckmark Realtree Camo, noir et camouflage, paq. 2","Housse de siège Browning Buckmark Realtree Camo, noir et camouflage, paq. 2",44.93,"44,93 $",94.99,"Était±  94,99 $prix était 94,99 $",44.93,"44,93 $",44.93,"44,93 $",true,https://www.canadiantire.ca/fr/pdp/housse-de-siege-browning-buckmark-realtree-camo-noir-et-camouflage-paq-2-0323934p.html,https://www.canadiantire.ca/fr/pdp/housse-de-siege-browning-buckmark-realtree-camo-noir-et-camouflage-paq-2-0323934p.html,https://media-www.canadiantire.ca/product/automotive/car-care-accessories/auto-comfort/0323934/browning-seat-cover-with-real-tree-edge-2-pack-3c63fafe-0ecd-4ef1-a75d-d2c4ae449630-jpgrendition.jpg?im=whresize&wid=200&hei=200,https://media-www.canadiantire.ca/product/automotive/car-care-accessories/auto-comfort/0323934/browning-seat-cover-with-real-tree-edge-2-pack-3c63fafe-0ecd-4ef1-a75d-d2c4ae449630-jpgrendition.jpg?im=whresize&wid=200&hei=200,,0323934,032-3934-4,Il n’en reste que 1 #032-3934-4,Liquidation◊Mieux notés,52.7,"44,93","94,99"
168,"Cambridge Hespeler, ON",Serpent jouet pour chats Petco,Serpent jouet pour chats Petco,4.92,"4,92 $",9.99,"Était±  9,99 $prix était 9,99 $",4.92,"4,92 $",4.92,"4,92 $",true,https://www.canadiantire.ca/fr/pdp/serpent-jouet-pour-chats-petco-1427425p.html,https://www.canadiantire.ca/fr/pdp/serpent-jouet-pour-chats-petco-1427425p.html,https://media-www.canadiantire.ca/product/living/pet-care/pet-accessories/1427425/petco-cat-snake-toy-56ae75b0-f8c9-4700-8799-24bd082387eb-jpgrendition.jpg?im=whresize&wid=200&hei=200,https://media-www.canadiantire.ca/product/living/pet-care/pet-accessories/1427425/petco-cat-snake-toy-56ae75b0-f8c9-4700-8799-24bd082387eb-jpgrendition.jpg?im=whresize&wid=200&hei=200,,1427425,142-7425-0,15 En Stock#142-7425-0,Liquidation◊Mieux notés,50.75,"4,92","9,99"
168,"Cambridge Hespeler, ON","Boîte étanche Hubbell 5333-0 pour l'extérieur, 2 dispositifs, 3 sorties filetées de 1/2 po, gris, 32 po3","Boîte étanche Hubbell 5333-0 pour l'extérieur, 2 dispositifs, 3 sorties filetées de 1/2 po, gris, 32 po3",7.93,"7,93 $",19.99,"Était±  19,99 $prix était 19,99 $",7.93,"7,93 $",7.93,"7,93 $",true,https://www.canadiantire.ca/fr/pdp/boite-etanche-hubbell-5333-0-pour-l-exterieur-2-dispositifs-3-sorties-filetees-de-1-2-po-gris-32-po3-0524215p.html,https://www.canadiantire.ca/fr/pdp/boite-etanche-hubbell-5333-0-pour-l-exterieur-2-dispositifs-3-sorties-filetees-de-1-2-po-gris-32-po3-0524215p.html,https://media-www.canadiantire.ca/product/fixing/electrical/rough-electrical/0524215/4-x-4-x-2-outdoor-junction-box-a26ac007-d906-4bed-80ed-7925c86ef014-jpgrendition.jpg?im=whresize&wid=200&hei=200,https://media-www.canadiantire.ca/product/fixing/electrical/rough-electrical/0524215/4-x-4-x-2-outdoor-junction-box-a26ac007-d906-4bed-80ed-7925c86ef014-jpgrendition.jpg?im=whresize&wid=200&hei=200,,0524215,052-4215-2,Il n’en reste que 1 #052-4215-2,Liquidation◊,60.33,"7,93","19,99"
168,"Cambridge Hespeler, ON","Système de caméra de sécurité intelligente intérieur 720p HD pour maison Geeni LOOK, paq. 2, blanc","Système de caméra de sécurité intelligente intérieur 720p HD pour maison Geeni LOOK, paq. 2, blanc",29.93,"29,93 $",84.99,"Était±  84,99 $prix était 84,99 $",29.93,"29,93 $",29.93,"29,93 $",true,https://www.canadiantire.ca/fr/pdp/systeme-de-camera-de-securite-intelligente-interieur-720p-hd-pour-maison-geeni-look-paq-2-blanc-0463369p.html,https://www.canadiantire.ca/fr/pdp/systeme-de-camera-de-securite-intelligente-interieur-720p-hd-pour-maison-geeni-look-paq-2-blanc-0463369p.html,https://media-www.canadiantire.ca/product/fixing/hardware/home-safety/3995646/2pk-geeni-look-camera-c82ec4f4-20ff-4c2e-b6b2-bdecbff104e2-jpgrendition.jpg?im=whresize&wid=200&hei=200,https://media-www.canadiantire.ca/product/fixing/hardware/home-safety/3995646/2pk-geeni-look-camera-c82ec4f4-20ff-4c2e-b6b2-bdecbff104e2-jpgrendition.jpg?im=whresize&wid=200&hei=200,,0463369,046-3369-8,Il n’en reste que 1 #046-3369-8,Liquidation◊,64.78,"29,93","84,99"
168,"Cambridge Hespeler, ON","Ensemble de départ de course à obstacles pour l'extérieur Ripline Ninja, 5 ans et plus","Ensemble de départ de course à obstacles pour l'extérieur Ripline Ninja, 5 ans et plus",80.93,"80,93 $",169.99,"Était±  169,99 $prix était 169,99 $",80.93,"80,93 $",80.93,"80,93 $",true,https://www.canadiantire.ca/fr/pdp/ensemble-de-depart-de-course-a-obstacles-pour-l-exterieur-ripline-ninja-5-ans-et-plus-1841049p.html,https://www.canadiantire.ca/fr/pdp/ensemble-de-depart-de-course-a-obstacles-pour-l-exterieur-ripline-ninja-5-ans-et-plus-1841049p.html,https://media-www.canadiantire.ca/product/seasonal-gardening/backyard-fun/backyard-amusement/1841049/ripline-ninja-starter-kit-04f9e484-3e85-4f38-9588-7e7d61612f5f-jpgrendition.jpg?im=whresize&wid=200&hei=200,https://media-www.canadiantire.ca/product/seasonal-gardening/backyard-fun/backyard-amusement/1841049/ripline-ninja-starter-kit-04f9e484-3e85-4f38-9588-7e7d61612f5f-jpgrendition.jpg?im=whresize&wid=200&hei=200,,1841049,184-1049-2,14 En Stock#184-1049-2,Liquidation◊Mieux notés,52.39,"80,93","169,99"
168,"Cambridge Hespeler, ON","Carreaux muraux autoadhésifs peler et coller pour cuisine et salle de bain Smart Tiles, Milenza Vasto","Carreaux muraux autoadhésifs peler et coller pour cuisine et salle de bain Smart Tiles, Milenza Vasto",19.93,"19,93 $",39.99,"Était±  39,99 $prix était 39,99 $",19.93,"19,93 $",19.93,"19,93 $",true,https://www.canadiantire.ca/fr/pdp/carreaux-muraux-autoadhesifs-peler-et-coller-pour-cuisine-et-salle-de-bain-smart-tiles-milenza-vasto-0702238p.html,https://www.canadiantire.ca/fr/pdp/carreaux-muraux-autoadhesifs-peler-et-coller-pour-cuisine-et-salle-de-bain-smart-tiles-milenza-vasto-0702238p.html,https://media-www.canadiantire.ca/product/fixing/paint/paints/0702238/smart-tiles-peel-stick-milenza-vasto-f7dcc2f5-f1cd-4e23-871a-bc38907dfa4e-jpgrendition.jpg?im=whresize&wid=200&hei=200,https://media-www.canadiantire.ca/product/fixing/paint/paints/0702238/smart-tiles-peel-stick-milenza-vasto-f7dcc2f5-f1cd-4e23-871a-bc38907dfa4e-jpgrendition.jpg?im=whresize&wid=200&hei=200,,0702238,070-2238-6,8 En Stock#070-2238-6,Liquidation◊Mieux notés,50.16,"19,93","39,99"
168,"Cambridge Hespeler, ON","Interrupteur silencieux à bascule 3 voies CA Decorator, 15 A, 120 V, aucune mise à la terre, qualité résidentielle, couleurs variées","Interrupteur silencieux à bascule 3 voies CA Decorator, 15 A, 120 V, aucune mise à la terre, qualité résidentielle, couleurs variées",1.93,"1,93 $",4.79,"4,79 $Était   et+ prix était à partir de 4,79 $",1.93,"1,93 $",1.93,"1,93 $",true,https://www.canadiantire.ca/fr/pdp/interrupteur-silencieux-a-bascule-3-voies-ca-decorator-15-a-120-v-aucune-mise-a-la-terre-qualite-residentielle-couleurs-variees-0528225p.html,https://www.canadiantire.ca/fr/pdp/interrupteur-silencieux-a-bascule-3-voies-ca-decorator-15-a-120-v-aucune-mise-a-la-terre-qualite-residentielle-couleurs-variees-0528225p.html,undefined,undefined,,0528225,052-8225,Vérifiez la disponibilité#052-8225X,Liquidation◊Mieux notés,59.71,"1,93","4,79"
168,"Cambridge Hespeler, ON","Tapis d'intérieur et d'extérieur CANVAS Morency, 6 x 9 pi","Tapis d'intérieur et d'extérieur CANVAS Morency, 6 x 9 pi",19.93,"19,93 $",49.99,"Était±  49,99 $prix était 49,99 $",19.93,"19,93 $",19.93,"19,93 $",true,https://www.canadiantire.ca/fr/pdp/tapis-d-interieur-et-d-exterieur-canvas-morency-6-x-9-pi-0680042p.html,https://www.canadiantire.ca/fr/pdp/tapis-d-interieur-et-d-exterieur-canvas-morency-6-x-9-pi-0680042p.html,https://media-www.canadiantire.ca/product/living/home-decor/floor-window-decor/0680042/morency-outdoor-rug-d723df32-0b9c-4c2a-86c8-9c791795e3b2-jpgrendition.jpg?im=whresize&wid=200&hei=200,https://media-www.canadiantire.ca/product/living/home-decor/floor-window-decor/0680042/morency-outdoor-rug-d723df32-0b9c-4c2a-86c8-9c791795e3b2-jpgrendition.jpg?im=whresize&wid=200&hei=200,,0680042,068-0042-0,,Liquidation◊Mieux notés,60.13,"19,93","49,99"
168,"Cambridge Hespeler, ON","Embouts pour vissage à percussion CA2 MAXIMUM, boîte de Tic-Tac, 1 po, paq. 16","Embouts pour vissage à percussion CA2 MAXIMUM, boîte de Tic-Tac, 1 po, paq. 16",7.93,"7,93 $",18.99,"Était±  18,99 $prix était 18,99 $",7.93,"7,93 $",7.93,"7,93 $",true,https://www.canadiantire.ca/fr/pdp/embouts-pour-vissage-a-percussion-ca2-maximum-boite-de-tic-tac-1-po-paq-16-0540521p.html,https://www.canadiantire.ca/fr/pdp/embouts-pour-vissage-a-percussion-ca2-maximum-boite-de-tic-tac-1-po-paq-16-0540521p.html,https://media-www.canadiantire.ca/product/fixing/tools/power-tool-accessories/0540521/maximum-1-sq2-impact-ready-tic-tac-with-holder-16pk-1aaa6f12-d6f1-4f2a-9d1e-e38b030cf3e0-jpgrendition.jpg?im=whresize&wid=200&hei=200,https://media-www.canadiantire.ca/product/fixing/tools/power-tool-accessories/0540521/maximum-1-sq2-impact-ready-tic-tac-with-holder-16pk-1aaa6f12-d6f1-4f2a-9d1e-e38b030cf3e0-jpgrendition.jpg?im=whresize&wid=200&hei=200,,0540521,054-0521-2,Il n’en reste que 1 #054-0521-2,Liquidation◊Mieux notés,58.24,"7,93","18,99"
168,"Cambridge Hespeler, ON","Haut antifrottements Outbound à manches courtes, extensible, protection UV, hommes, gris/bleu","Haut antifrottements Outbound à manches courtes, extensible, protection UV, hommes, gris/bleu",7.93,"7,93 $",19.99,"19,99 $Était   et+ prix était à partir de 19,99 $",7.93,"7,93 $",7.93,"7,93 $",true,https://www.canadiantire.ca/fr/pdp/haut-antifrottements-outbound-a-manches-courtes-extensible-protection-uv-hommes-gris-bleu-1873376p.html,https://www.canadiantire.ca/fr/pdp/haut-antifrottements-outbound-a-manches-courtes-extensible-protection-uv-hommes-gris-bleu-1873376p.html,https://media-www.canadiantire.ca/product/playing/footwear-apparel/summer-footwear-apparel/1873376/outbound-upf-short-sleeve-rashguard-grey-blue-men-size-m-b844f5df-b543-4fe2-9b1f-74a342ec71e6-jpgrendition.jpg?im=whresize&wid=200&hei=200,https://media-www.canadiantire.ca/product/playing/footwear-apparel/summer-footwear-apparel/1873376/outbound-upf-short-sleeve-rashguard-grey-blue-men-size-m-b844f5df-b543-4fe2-9b1f-74a342ec71e6-jpgrendition.jpg?im=whresize&wid=200&hei=200,,1873376,187-3376,Vérifiez la disponibilité#187-3376X,Liquidation◊Mieux notés,60.33,"7,93","19,99"
168,"Cambridge Hespeler, ON","Casque de vélo Supercycle Pursuit, jeune, violet/jaune","Casque de vélo Supercycle Pursuit, jeune, violet/jaune",19.93,"19,93 $",39.99,"Était±  39,99 $prix était 39,99 $",19.93,"19,93 $",19.93,"19,93 $",true,https://www.canadiantire.ca/fr/pdp/casque-de-velo-supercycle-pursuit-jeune-violet-jaune-0730541p.html,https://www.canadiantire.ca/fr/pdp/casque-de-velo-supercycle-pursuit-jeune-violet-jaune-0730541p.html,https://media-www.canadiantire.ca/product/playing/cycling/bicycle-accessories/0730541/supercycle-pursuit-youth-purple-yellow-1616f128-dea9-4dc3-929b-ae690ee6240c-jpgrendition.jpg?im=whresize&wid=200&hei=200,https://media-www.canadiantire.ca/product/playing/cycling/bicycle-accessories/0730541/supercycle-pursuit-youth-purple-yellow-1616f128-dea9-4dc3-929b-ae690ee6240c-jpgrendition.jpg?im=whresize&wid=200&hei=200,,0730541,073-0541-8,,Liquidation◊Articles à succès,50.16,"19,93","39,99"
168,"Cambridge Hespeler, ON","Bacs de rangement pour tiroirs Type A, grand, paq. 2","Bacs de rangement pour tiroirs Type A, grand, paq. 2",1.93,"1,93 $",3.99,"Était±  3,99 $prix était 3,99 $",1.93,"1,93 $",1.93,"1,93 $",true,https://www.canadiantire.ca/fr/pdp/bacs-de-rangement-pour-tiroirs-type-a-grand-paq-2-1427588p.html,https://www.canadiantire.ca/fr/pdp/bacs-de-rangement-pour-tiroirs-type-a-grand-paq-2-1427588p.html,https://media-www.canadiantire.ca/product/living/home-organization/storage-solutions/1427588/type-a-large-drawer-organizers-2-pack-51724bb2-e627-4ff1-8afb-31c3023d1a67-jpgrendition.jpg?im=whresize&wid=200&hei=200,https://media-www.canadiantire.ca/product/living/home-organization/storage-solutions/1427588/type-a-large-drawer-organizers-2-pack-51724bb2-e627-4ff1-8afb-31c3023d1a67-jpgrendition.jpg?im=whresize&wid=200&hei=200,,1427588,142-7588-2,99 En Stock#142-7588-2,Liquidation◊Exclusivité,51.63,"1,93","3,99"
168,"Cambridge Hespeler, ON","Housse de siège Dickies Aqua Block, étanche, noir, paq. 2","Housse de siège Dickies Aqua Block, étanche, noir, paq. 2",27.93,"27,93 $",59.99,"Était±  59,99 $prix était 59,99 $",27.93,"27,93 $",27.93,"27,93 $",true,https://www.canadiantire.ca/fr/pdp/housse-de-siege-dickies-aqua-block-etanche-noir-paq-2-0323597p.html,https://www.canadiantire.ca/fr/pdp/housse-de-siege-dickies-aqua-block-etanche-noir-paq-2-0323597p.html,https://media-www.canadiantire.ca/product/automotive/car-care-accessories/auto-comfort/0323597/dickies-aqua-block-water-resistance-seat-cover-set-2-pk-9d3a5ca9-3094-4244-9542-8a98b3ab0659-jpgrendition.jpg?im=whresize&wid=200&hei=200,https://media-www.canadiantire.ca/product/automotive/car-care-accessories/auto-comfort/0323597/dickies-aqua-block-water-resistance-seat-cover-set-2-pk-9d3a5ca9-3094-4244-9542-8a98b3ab0659-jpgrendition.jpg?im=whresize&wid=200&hei=200,,0323597,032-3597-6,Il n’en reste que 1 #032-3597-6,Liquidation◊,53.44,"27,93","59,99"
168,"Cambridge Hespeler, ON","Foret à découper à haute vitesse pour cloison sèche Dremel 560 avec tige en acier pour outil rotatif, 1/8 po","Foret à découper à haute vitesse pour cloison sèche Dremel 560 avec tige en acier pour outil rotatif, 1/8 po",4.93,"4,93 $",10.99,"Était±  10,99 $prix était 10,99 $",4.93,"4,93 $",4.93,"4,93 $",true,https://www.canadiantire.ca/fr/pdp/foret-a-decouper-a-haute-vitesse-pour-cloison-seche-dremel-560-avec-tige-en-acier-pour-outil-rotatif-1-8-po-0544722p.html,https://www.canadiantire.ca/fr/pdp/foret-a-decouper-a-haute-vitesse-pour-cloison-seche-dremel-560-avec-tige-en-acier-pour-outil-rotatif-1-8-po-0544722p.html,https://media-www.canadiantire.ca/product/fixing/tools/portable-power-tools/0544722/bit-drywall-cutting-dremel-af2ba486-bf9d-44a1-8428-ca18342aa481-jpgrendition.jpg?im=whresize&wid=200&hei=200,https://media-www.canadiantire.ca/product/fixing/tools/portable-power-tools/0544722/bit-drywall-cutting-dremel-af2ba486-bf9d-44a1-8428-ca18342aa481-jpgrendition.jpg?im=whresize&wid=200&hei=200,,0544722,054-4722-0,Il n’en reste que 5 #054-4722-0,Liquidation◊Mieux notés,55.14,"4,93","10,99"
168,"Cambridge Hespeler, ON","Pomme de douche Kohler Elliston à poignée simple et 1 pulvérisateur, pour baignoire et douche. chrome","Pomme de douche Kohler Elliston à poignée simple et 1 pulvérisateur, pour baignoire et douche. chrome",119.93,"119,93 $",334.99,"Était±  334,99 $prix était 334,99 $",119.93,"119,93 $",119.93,"119,93 $",true,https://www.canadiantire.ca/fr/pdp/pomme-de-douche-kohler-elliston-a-poignee-simple-et-1-pulverisateur-pour-baignoire-et-douche-chrome-0634721p.html,https://www.canadiantire.ca/fr/pdp/pomme-de-douche-kohler-elliston-a-poignee-simple-et-1-pulverisateur-pour-baignoire-et-douche-chrome-0634721p.html,https://media-www.canadiantire.ca/product/fixing/plumbing/faucets-fixtures/0634721/kohler-elliston-tub-shower-faucet-chrome-130c3ce7-5e63-4823-851c-4f4d318376c4-jpgrendition.jpg?im=whresize&wid=200&hei=200,https://media-www.canadiantire.ca/product/fixing/plumbing/faucets-fixtures/0634721/kohler-elliston-tub-shower-faucet-chrome-130c3ce7-5e63-4823-851c-4f4d318376c4-jpgrendition.jpg?im=whresize&wid=200&hei=200,,0634721,063-4721-0,Il n’en reste que 2 #063-4721-0,Liquidation◊,64.2,"119,93","334,99"
168,"Cambridge Hespeler, ON","Lampe de table à tête bombée CANVAS, 18 po, laiton/verre fumé","Lampe de table à tête bombée CANVAS, 18 po, laiton/verre fumé",29.93,"29,93 $",79.99,"Était±  79,99 $prix était 79,99 $",29.93,"29,93 $",29.93,"29,93 $",true,https://www.canadiantire.ca/fr/pdp/lampe-de-table-a-tete-bombee-canvas-18-po-laiton-verre-fume-0526165p.html,https://www.canadiantire.ca/fr/pdp/lampe-de-table-a-tete-bombee-canvas-18-po-laiton-verre-fume-0526165p.html,https://media-www.canadiantire.ca/product/living/home-decor/lighting/0526165/canvas-mushroom-table-lamp-brass-smoked-glass-b197344b-04fe-45a4-8cb2-0d33f0c8b34e-jpgrendition.jpg?im=whresize&wid=200&hei=200,https://media-www.canadiantire.ca/product/living/home-decor/lighting/0526165/canvas-mushroom-table-lamp-brass-smoked-glass-b197344b-04fe-45a4-8cb2-0d33f0c8b34e-jpgrendition.jpg?im=whresize&wid=200&hei=200,,0526165,052-6165-8,Il n’en reste que 1 #052-6165-8,Liquidation◊Mieux notés,62.58,"29,93","79,99"
168,"Cambridge Hespeler, ON","Peinture de retouche Scratch Fix All-in-1, Grès clair (M) (PKG)","Peinture de retouche Scratch Fix All-in-1, Grès clair (M) (PKG)",4.93,"4,93 $",28.99,"Était±  28,99 $prix était 28,99 $",4.93,"4,93 $",4.93,"4,93 $",true,https://www.canadiantire.ca/fr/pdp/peinture-de-retouche-scratch-fix-all-in-1-gres-clair-m-pkg-0475171p.html,https://www.canadiantire.ca/fr/pdp/peinture-de-retouche-scratch-fix-all-in-1-gres-clair-m-pkg-0475171p.html,https://media-www.canadiantire.ca/product/automotive/car-care-accessories/auto-body-repair/0475171/scratch-fix-light-sandstone-met-all-in-1-fe826dba-92ee-4d37-92a6-2e2ef13c2ce9.png?im=whresize&wid=200&hei=200,https://media-www.canadiantire.ca/product/automotive/car-care-accessories/auto-body-repair/0475171/scratch-fix-light-sandstone-met-all-in-1-fe826dba-92ee-4d37-92a6-2e2ef13c2ce9.png?im=whresize&wid=200&hei=200,,0475171,047-5171-2,Il n’en reste que 1 #047-5171-2,Liquidation◊,82.99,"4,93","28,99"
168,"Cambridge Hespeler, ON","Cartable à reliure à 3 anneaux en vinyle de Merangue, 1 po, couleurs variées","Cartable à reliure à 3 anneaux en vinyle de Merangue, 1 po, couleurs variées",2.4,"2,40 $",5.49,"Était±  5,49 $prix était 5,49 $",2.4,"2,40 $",2.4,"2,40 $",true,https://www.canadiantire.ca/fr/pdp/cartable-a-reliure-a-3-anneaux-en-vinyle-de-merangue-1-po-couleurs-variees-1427169p.html,https://www.canadiantire.ca/fr/pdp/cartable-a-reliure-a-3-anneaux-en-vinyle-de-merangue-1-po-couleurs-variees-1427169p.html,undefined,undefined,,1427169,142-7169-0,,Liquidation◊Mieux notés,56.28,"2,40","5,49"
168,"Cambridge Hespeler, ON","Traitement pour petits moteurs avec remontant d’octane STP Plus 18017G, 60 mL","Traitement pour petits moteurs avec remontant d’octane STP Plus 18017G, 60 mL",2.93,"2,93 $",5.99,"Était±  5,99 $prix était 5,99 $",2.93,"2,93 $",2.93,"2,93 $",true,https://www.canadiantire.ca/fr/pdp/traitement-pour-petits-moteurs-avec-remontant-d-octane-stp-plus-18017g-60-ml-0388076p.html,https://www.canadiantire.ca/fr/pdp/traitement-pour-petits-moteurs-avec-remontant-d-octane-stp-plus-18017g-60-ml-0388076p.html,https://media-www.canadiantire.ca/product/automotive/auto-maintenance/auto-fluids/0388076/stp-small-engine-60-ml-97b154bc-ab62-4978-9679-ce600735c7d1-jpgrendition.jpg?im=whresize&wid=200&hei=200,https://media-www.canadiantire.ca/product/automotive/auto-maintenance/auto-fluids/0388076/stp-small-engine-60-ml-97b154bc-ab62-4978-9679-ce600735c7d1-jpgrendition.jpg?im=whresize&wid=200&hei=200,,0388076,038-8076-4,Il n’en reste que 4 #038-8076-4,Liquidation◊Mieux notés,51.09,"2,93","5,99"
168,"Cambridge Hespeler, ON","Plaque murale en nylon pour interrupteur à bascule Leviton 0PJ26-747, taille intermédiaire, 1 dispositif, amande pâle","Plaque murale en nylon pour interrupteur à bascule Leviton 0PJ26-747, taille intermédiaire, 1 dispositif, amande pâle",0.93,"0,93 $",1.99,"Était±  1,99 $prix était 1,99 $",0.93,"0,93 $",0.93,"0,93 $",true,https://www.canadiantire.ca/fr/pdp/plaque-murale-en-nylon-pour-interrupteur-a-bascule-leviton-0pj26-747-taille-intermediaire-1-dispositif-amande-pale-0522899p.html,https://www.canadiantire.ca/fr/pdp/plaque-murale-en-nylon-pour-interrupteur-a-bascule-leviton-0pj26-747-taille-intermediaire-1-dispositif-amande-pale-0522899p.html,https://media-www.canadiantire.ca/product/fixing/electrical/rough-electrical/0522899/decora-wallplate-1-gang-light-almond-midway-size-c5675d50-2133-4de8-8024-48e62f8bfff0-jpgrendition.jpg?im=whresize&wid=200&hei=200,https://media-www.canadiantire.ca/product/fixing/electrical/rough-electrical/0522899/decora-wallplate-1-gang-light-almond-midway-size-c5675d50-2133-4de8-8024-48e62f8bfff0-jpgrendition.jpg?im=whresize&wid=200&hei=200,,0522899,052-2899-6,Il n’en reste que 4 #052-2899-6,Liquidation◊Mieux notés,53.27,"0,93","1,99"
168,"Cambridge Hespeler, ON","Tasse de voyage en acier inoxydable de l'équipe olympique canadienne pour amateurs et collectionneurs, rouge, 16 oz","Tasse de voyage en acier inoxydable de l'équipe olympique canadienne pour amateurs et collectionneurs, rouge, 16 oz",14.93,"14,93 $",29.99,"Était±  29,99 $prix était 29,99 $",14.93,"14,93 $",14.93,"14,93 $",true,https://www.canadiantire.ca/fr/pdp/tasse-de-voyage-en-acier-inoxydable-de-l-equipe-olympique-canadienne-pour-amateurs-et-collectionneurs-rouge-16-oz-0845869p.html,https://www.canadiantire.ca/fr/pdp/tasse-de-voyage-en-acier-inoxydable-de-l-equipe-olympique-canadienne-pour-amateurs-et-collectionneurs-rouge-16-oz-0845869p.html,https://media-www.canadiantire.ca/product/playing/team-sports-and-golf/sports-equipment-accessories/0845869/canadian-olympic-committee-full-wrap-travel-mug-dbeb8e14-9bf1-4dfe-a542-acb472f40d00-jpgrendition.jpg?im=whresize&wid=200&hei=200,https://media-www.canadiantire.ca/product/playing/team-sports-and-golf/sports-equipment-accessories/0845869/canadian-olympic-committee-full-wrap-travel-mug-dbeb8e14-9bf1-4dfe-a542-acb472f40d00-jpgrendition.jpg?im=whresize&wid=200&hei=200,,0845869,084-5869-4,21 En Stock#084-5869-4,Liquidation◊Articles à succès,50.22,"14,93","29,99"
168,"Cambridge Hespeler, ON","Poteau de soutien pour bâche de bateau classique de luxe, métal, 53,94 po","Poteau de soutien pour bâche de bateau classique de luxe, métal, 53,94 po",48.43,"48,43 $",99.99,"Était±  99,99 $prix était 99,99 $",48.43,"48,43 $",48.43,"48,43 $",true,https://www.canadiantire.ca/fr/pdp/poteau-de-soutien-pour-bache-de-bateau-classique-de-luxe-metal-53-94-po-0790347p.html,https://www.canadiantire.ca/fr/pdp/poteau-de-soutien-pour-bache-de-bateau-classique-de-luxe-metal-53-94-po-0790347p.html,https://media-www.canadiantire.ca/product/playing/seasonal-recreation/marine-power-boating/0790347/boat-cover-deluxe-pole-kit-148ba236-791c-43a0-b006-1547d04d5130-jpgrendition.jpg?im=whresize&wid=200&hei=200,https://media-www.canadiantire.ca/product/playing/seasonal-recreation/marine-power-boating/0790347/boat-cover-deluxe-pole-kit-148ba236-791c-43a0-b006-1547d04d5130-jpgrendition.jpg?im=whresize&wid=200&hei=200,,0790347,079-0347-0,Il n’en reste que 1 #079-0347-0,Liquidation◊Mieux notés,51.57,"48,43","99,99"
168,"Cambridge Hespeler, ON","Réservoir Reliance AquaTank, 30 L","Réservoir Reliance AquaTank, 30 L",40.43,"40,43 $",84.99,"Était±  84,99 $prix était 84,99 $",40.43,"40,43 $",40.43,"40,43 $",true,https://www.canadiantire.ca/fr/pdp/reservoir-reliance-aquatank-30-l-0852192p.html,https://www.canadiantire.ca/fr/pdp/reservoir-reliance-aquatank-30-l-0852192p.html,https://media-www.canadiantire.ca/product/playing/camping/hydration-coolers/0852192/reliance-aquatank-30-l-0370ca42-0705-484d-8cd1-8184298cec42-jpgrendition.jpg?im=whresize&wid=200&hei=200,https://media-www.canadiantire.ca/product/playing/camping/hydration-coolers/0852192/reliance-aquatank-30-l-0370ca42-0705-484d-8cd1-8184298cec42-jpgrendition.jpg?im=whresize&wid=200&hei=200,,0852192,085-2192-8,Il n’en reste que 3 #085-2192-8,Liquidation◊,52.43,"40,43","84,99"
168,"Cambridge Hespeler, ON","Rail d'éclairage à 3 lampes abat-jour en verre blanc dégradé NOMA Madrid, nickel mat","Rail d'éclairage à 3 lampes abat-jour en verre blanc dégradé NOMA Madrid, nickel mat",39.93,"39,93 $",99.99,"Était±  99,99 $prix était 99,99 $",39.93,"39,93 $",39.93,"39,93 $",true,https://www.canadiantire.ca/fr/pdp/rail-d-eclairage-a-3-lampes-abat-jour-en-verre-blanc-degrade-noma-madrid-nickel-mat-0524847p.html,https://www.canadiantire.ca/fr/pdp/rail-d-eclairage-a-3-lampes-abat-jour-en-verre-blanc-degrade-noma-madrid-nickel-mat-0524847p.html,https://media-www.canadiantire.ca/product/living/home-decor/lighting/0524847/3-light-madrid-matte-nickel-track-fixture-923dc16b-261d-423d-85da-d901cb8186ff-jpgrendition.jpg?im=whresize&wid=200&hei=200,https://media-www.canadiantire.ca/product/living/home-decor/lighting/0524847/3-light-madrid-matte-nickel-track-fixture-923dc16b-261d-423d-85da-d901cb8186ff-jpgrendition.jpg?im=whresize&wid=200&hei=200,,0524847,052-4847-8,Il n’en reste que 1 #052-4847-8,Liquidation◊Exclusivité,60.07,"39,93","99,99"
168,"Cambridge Hespeler, ON","Teinture à bois à base d'eau Minwax Colour Wash, transparente, 946 mL","Teinture à bois à base d'eau Minwax Colour Wash, transparente, 946 mL",12.93,"12,93 $",33.99,"33,99 $Était   et+ prix était à partir de 33,99 $",12.93,"12,93 $",12.93,"12,93 $",true,https://www.canadiantire.ca/fr/pdp/teinture-a-bois-a-base-d-eau-minwax-colour-wash-transparente-946-ml-0480947p.html,https://www.canadiantire.ca/fr/pdp/teinture-a-bois-a-base-d-eau-minwax-colour-wash-transparente-946-ml-0480947p.html,https://media-www.canadiantire.ca/product/fixing/paint/paints/0480947/minwax-color-wash-barnwood-brown-946ml-dd5f66fd-3e28-43c2-857c-2f04dcdad609-jpgrendition.jpg?im=whresize&wid=200&hei=200,https://media-www.canadiantire.ca/product/fixing/paint/paints/0480947/minwax-color-wash-barnwood-brown-946ml-dd5f66fd-3e28-43c2-857c-2f04dcdad609-jpgrendition.jpg?im=whresize&wid=200&hei=200,,0480947,048-0947,Vérifiez la disponibilité#048-0947X,Liquidation◊Mieux notés,61.96,"12,93","33,99"
168,"Cambridge Hespeler, ON",Connecteur 7 voies VR vers rond 6 voies et plat 4 et 5 fils Hopkins Towing Solution Endurance Multi-Tow,Connecteur 7 voies VR vers rond 6 voies et plat 4 et 5 fils Hopkins Towing Solution Endurance Multi-Tow,19.93,"19,93 $",42.99,"Était±  42,99 $prix était 42,99 $",19.93,"19,93 $",19.93,"19,93 $",true,https://www.canadiantire.ca/fr/pdp/connecteur-7-voies-vr-vers-rond-6-voies-et-plat-4-et-5-fils-hopkins-towing-solution-endurance-multi-tow-0409679p.html,https://www.canadiantire.ca/fr/pdp/connecteur-7-voies-vr-vers-rond-6-voies-et-plat-4-et-5-fils-hopkins-towing-solution-endurance-multi-tow-0409679p.html,https://media-www.canadiantire.ca/product/automotive/automotive-outdoor-adventure/auto-travel-storage/0409679/endurance-multi-tow-7-rv-to-6-round-4-and-5-wire-flat-16fbcd7a-1e3c-461a-8663-603a7ed77f74-jpgrendition.jpg?im=whresize&wid=200&hei=200,https://media-www.canadiantire.ca/product/automotive/automotive-outdoor-adventure/auto-travel-storage/0409679/endurance-multi-tow-7-rv-to-6-round-4-and-5-wire-flat-16fbcd7a-1e3c-461a-8663-603a7ed77f74-jpgrendition.jpg?im=whresize&wid=200&hei=200,,0409679,040-9679-6,11 En Stock#040-9679-6,Liquidation◊Mieux notés,53.64,"19,93","42,99"
168,"Cambridge Hespeler, ON",Réceptacle/prise DDFT inviolable étanche Thomas & Betts 37138-721 avec couvercle,Réceptacle/prise DDFT inviolable étanche Thomas & Betts 37138-721 avec couvercle,29.93,"29,93 $",59.99,"Était±  59,99 $prix était 59,99 $",29.93,"29,93 $",29.93,"29,93 $",true,https://www.canadiantire.ca/fr/pdp/receptacle-prise-ddft-inviolable-etanche-thomas-betts-37138-721-avec-couvercle-0524206p.html,https://www.canadiantire.ca/fr/pdp/receptacle-prise-ddft-inviolable-etanche-thomas-betts-37138-721-avec-couvercle-0524206p.html,https://media-www.canadiantire.ca/product/fixing/electrical/rough-electrical/0524206/gfci-kit-3pc-outdoor-grey-8da43c24-f1e7-45d9-b8fe-a3f634baf149-jpgrendition.jpg?im=whresize&wid=200&hei=200,https://media-www.canadiantire.ca/product/fixing/electrical/rough-electrical/0524206/gfci-kit-3pc-outdoor-grey-8da43c24-f1e7-45d9-b8fe-a3f634baf149-jpgrendition.jpg?im=whresize&wid=200&hei=200,,0524206,052-4206-4,Il n’en reste que 1 #052-4206-4,Liquidation◊,50.11,"29,93","59,99"
168,"Cambridge Hespeler, ON","Clous Bostitch, 28 degrés, fil soudé, 3 po, paq. 2 000","Clous Bostitch, 28 degrés, fil soudé, 3 po, paq. 2 000",34.93,"34,93 $",69.99,"Était±  69,99 $prix était 69,99 $",34.93,"34,93 $",34.93,"34,93 $",true,https://www.canadiantire.ca/fr/pdp/clous-bostitch-28-degres-fil-soude-3-po-paq-2-000-0582095p.html,https://www.canadiantire.ca/fr/pdp/clous-bostitch-28-degres-fil-soude-3-po-paq-2-000-0582095p.html,https://media-www.canadiantire.ca/product/fixing/tools/air-tools-accessories/0582095/bostitch-28degree-wire-weld-3-2000-ct-nails-6b28c10e-8892-49f9-883b-f6537dc2a398-jpgrendition.jpg?im=whresize&wid=200&hei=200,https://media-www.canadiantire.ca/product/fixing/tools/air-tools-accessories/0582095/bostitch-28degree-wire-weld-3-2000-ct-nails-6b28c10e-8892-49f9-883b-f6537dc2a398-jpgrendition.jpg?im=whresize&wid=200&hei=200,,0582095,058-2095-6,Il n’en reste que 1 #058-2095-6,Liquidation◊,50.09,"34,93","69,99"
168,"Cambridge Hespeler, ON","Peinture de retouche Scratch Fix All-in-1, Ocre des prairies pâle (M) (BA)","Peinture de retouche Scratch Fix All-in-1, Ocre des prairies pâle (M) (BA)",4.93,"4,93 $",28.99,"Était±  28,99 $prix était 28,99 $",4.93,"4,93 $",4.93,"4,93 $",true,https://www.canadiantire.ca/fr/pdp/peinture-de-retouche-scratch-fix-all-in-1-ocre-des-prairies-pale-m-ba-0474970p.html,https://www.canadiantire.ca/fr/pdp/peinture-de-retouche-scratch-fix-all-in-1-ocre-des-prairies-pale-m-ba-0474970p.html,https://media-www.canadiantire.ca/product/automotive/car-care-accessories/auto-body-repair/0474970/scratch-fix-ford-lt-prairie-tan-m-all-in-1-98164696-3789-4c44-bd6e-c894bc264f76.png?im=whresize&wid=200&hei=200,https://media-www.canadiantire.ca/product/automotive/car-care-accessories/auto-body-repair/0474970/scratch-fix-ford-lt-prairie-tan-m-all-in-1-98164696-3789-4c44-bd6e-c894bc264f76.png?im=whresize&wid=200&hei=200,,0474970,047-4970-6,Il n’en reste que 2 #047-4970-6,Liquidation◊Mieux notés,82.99,"4,93","28,99"
168,"Cambridge Hespeler, ON","Balle de rechange Spikeball, paq. 2","Balle de rechange Spikeball, paq. 2",6.93,"6,93 $",14.99,"Était±  14,99 $prix était 14,99 $",6.93,"6,93 $",6.93,"6,93 $",true,https://www.canadiantire.ca/fr/pdp/balle-de-rechange-spikeball-paq-2-1841592p.html,https://www.canadiantire.ca/fr/pdp/balle-de-rechange-spikeball-paq-2-1841592p.html,https://media-www.canadiantire.ca/product/seasonal-gardening/backyard-fun/backyard-amusement/1841592/spikeball-replacement-ball-2pk-fa6f2c23-72b2-4b4b-a5b5-13577c424b36-jpgrendition.jpg?im=whresize&wid=200&hei=200,https://media-www.canadiantire.ca/product/seasonal-gardening/backyard-fun/backyard-amusement/1841592/spikeball-replacement-ball-2pk-fa6f2c23-72b2-4b4b-a5b5-13577c424b36-jpgrendition.jpg?im=whresize&wid=200&hei=200,,1841592,184-1592-6,,Liquidation◊,53.77,"6,93","14,99"
168,"Cambridge Hespeler, ON","Squishmallows Bluey Hugmeez, 14 po","Squishmallows Bluey Hugmeez, 14 po",19.93,"19,93 $",39.99,"Était±  39,99 $prix était 39,99 $",19.93,"19,93 $",19.93,"19,93 $",true,https://www.canadiantire.ca/fr/pdp/squishmallows-bluey-hugmeez-14-po-1501548p.html,https://www.canadiantire.ca/fr/pdp/squishmallows-bluey-hugmeez-14-po-1501548p.html,https://media-www.canadiantire.ca/product/seasonal-gardening/toys/preschool-toys-activities/1501548/squishmallows-bluey-14-hugmeez-29a86372-a762-4e0f-a7f1-768388e13804-jpgrendition.jpg?im=whresize&wid=200&hei=200,https://media-www.canadiantire.ca/product/seasonal-gardening/toys/preschool-toys-activities/1501548/squishmallows-bluey-14-hugmeez-29a86372-a762-4e0f-a7f1-768388e13804-jpgrendition.jpg?im=whresize&wid=200&hei=200,,1501548,150-1548-4,Il n’en reste que 1 #150-1548-4,Liquidation◊Mieux notés,50.16,"19,93","39,99"
168,"Cambridge Hespeler, ON",Boule pour coupleur antivol et verrou Rightline Gear,Boule pour coupleur antivol et verrou Rightline Gear,14.98,"14,98 $",29.99,"Était±  29,99 $prix était 29,99 $",14.98,"14,98 $",14.98,"14,98 $",true,https://www.canadiantire.ca/fr/pdp/boule-pour-coupleur-antivol-et-verrou-rightline-gear-0406983p.html,https://www.canadiantire.ca/fr/pdp/boule-pour-coupleur-antivol-et-verrou-rightline-gear-0406983p.html,https://media-www.canadiantire.ca/product/automotive/automotive-outdoor-adventure/auto-travel-storage/0406983/anti-theft-coupler-ball-lock-40555987-9ba2-4d50-b9a0-07559a0b0240-jpgrendition.jpg?im=whresize&wid=200&hei=200,https://media-www.canadiantire.ca/product/automotive/automotive-outdoor-adventure/auto-travel-storage/0406983/anti-theft-coupler-ball-lock-40555987-9ba2-4d50-b9a0-07559a0b0240-jpgrendition.jpg?im=whresize&wid=200&hei=200,,0406983,040-6983-8,Il n’en reste que 3 #040-6983-8,Liquidation◊Mieux notés,50.05,"14,98","29,99"
168,"Cambridge Hespeler, ON",Thermomètre à viande numérique instantané Vermont Castings avec sonde en acier inoxydable,Thermomètre à viande numérique instantané Vermont Castings avec sonde en acier inoxydable,19.93,"19,93 $",39.99,"Était±  39,99 $prix était 39,99 $",19.93,"19,93 $",19.93,"19,93 $",true,https://www.canadiantire.ca/fr/pdp/thermometre-a-viande-numerique-instantane-vermont-castings-avec-sonde-en-acier-inoxydable-0852359p.html,https://www.canadiantire.ca/fr/pdp/thermometre-a-viande-numerique-instantane-vermont-castings-avec-sonde-en-acier-inoxydable-0852359p.html,https://media-www.canadiantire.ca/product/seasonal-gardening/backyard-living/outdoor-cooking-accessories/0852359/vermont-castings-pen-thermometer-6e17aac7-309c-434a-b797-dabc53a0cdef-jpgrendition.jpg?im=whresize&wid=200&hei=200,https://media-www.canadiantire.ca/product/seasonal-gardening/backyard-living/outdoor-cooking-accessories/0852359/vermont-castings-pen-thermometer-6e17aac7-309c-434a-b797-dabc53a0cdef-jpgrendition.jpg?im=whresize&wid=200&hei=200,,0852359,085-2359-4,,Liquidation◊Exclusivité,50.16,"19,93","39,99"
168,"Cambridge Hespeler, ON",Spatule pour gelées Roots & Harvest LEM avec thermomètre intégré,Spatule pour gelées Roots & Harvest LEM avec thermomètre intégré,12.93,"12,93 $",29.99,"Était±  29,99 $prix était 29,99 $",12.93,"12,93 $",12.93,"12,93 $",true,https://www.canadiantire.ca/fr/pdp/spatule-pour-gelees-roots-harvest-lem-avec-thermometre-integre-2420195p.html,https://www.canadiantire.ca/fr/pdp/spatule-pour-gelees-roots-harvest-lem-avec-thermometre-integre-2420195p.html,https://media-www.canadiantire.ca/product/living/kitchen/canning/2420195/roots-harvest-jelly-spatula-with-integrated-thermometer-2737ff72-1e28-4faf-8e2e-a04959c9efe3-jpgrendition.jpg?im=whresize&wid=200&hei=200,https://media-www.canadiantire.ca/product/living/kitchen/canning/2420195/roots-harvest-jelly-spatula-with-integrated-thermometer-2737ff72-1e28-4faf-8e2e-a04959c9efe3-jpgrendition.jpg?im=whresize&wid=200&hei=200,,2420195,242-0195-0,10 En Stock#242-0195-0,Liquidation◊,56.89,"12,93","29,99"
168,"Cambridge Hespeler, ON","Appât Pautzke Fire Bait, 1,5 oz","Appât Pautzke Fire Bait, 1,5 oz",3.93,"3,93 $",9.99,"9,99 $Était   et+ prix était à partir de 9,99 $",3.93,"3,93 $",3.93,"3,93 $",true,https://www.canadiantire.ca/fr/pdp/appat-pautzke-fire-bait-1-5-oz-0777709p.html,https://www.canadiantire.ca/fr/pdp/appat-pautzke-fire-bait-1-5-oz-0777709p.html,https://media-www.canadiantire.ca/product/playing/fishing/fishing-lures/0777710/pautzke-fire-bait-chartreuse-1-5oz-b47eb2e1-4b51-4681-8fa7-9495a70797cb-jpgrendition.jpg?im=whresize&wid=200&hei=200,https://media-www.canadiantire.ca/product/playing/fishing/fishing-lures/0777710/pautzke-fire-bait-chartreuse-1-5oz-b47eb2e1-4b51-4681-8fa7-9495a70797cb-jpgrendition.jpg?im=whresize&wid=200&hei=200,,0777709,077-7709,Vérifiez la disponibilité#077-7709X,Liquidation◊,60.66,"3,93","9,99"
168,"Cambridge Hespeler, ON",Tente de jeu de camping pour enfants Princesses Disney,Tente de jeu de camping pour enfants Princesses Disney,19.93,"19,93 $",39.99,"Était±  39,99 $prix était 39,99 $",19.93,"19,93 $",19.93,"19,93 $",true,https://www.canadiantire.ca/fr/pdp/tente-de-jeu-de-camping-pour-enfants-princesses-disney-0763751p.html,https://www.canadiantire.ca/fr/pdp/tente-de-jeu-de-camping-pour-enfants-princesses-disney-0763751p.html,https://media-www.canadiantire.ca/product/playing/camping/tents-shelters/0763751/kids-tent-princess-31aa2e80-19d1-4c0b-9f86-66f0b9e3a78d-jpgrendition.jpg?im=whresize&wid=200&hei=200,https://media-www.canadiantire.ca/product/playing/camping/tents-shelters/0763751/kids-tent-princess-31aa2e80-19d1-4c0b-9f86-66f0b9e3a78d-jpgrendition.jpg?im=whresize&wid=200&hei=200,,0763751,076-3751-4,,Liquidation◊,50.16,"19,93","39,99"
168,"Cambridge Hespeler, ON","Huile à moteur synthétique Castrol EDGE LL-IV 0W20, 4,73 L","Huile à moteur synthétique Castrol EDGE LL-IV 0W20, 4,73 L",22.93,"22,93 $",66.99,"Était±  66,99 $prix était 66,99 $",22.93,"22,93 $",22.93,"22,93 $",true,https://www.canadiantire.ca/fr/pdp/huile-a-moteur-synthetique-castrol-edge-ll-iv-0w20-4-73-l-0289567p.html,https://www.canadiantire.ca/fr/pdp/huile-a-moteur-synthetique-castrol-edge-ll-iv-0w20-4-73-l-0289567p.html,https://media-www.canadiantire.ca/product/automotive/auto-maintenance/oil-pcmo-/0289567/castrol-edge-euro-ll-iv-0w20-5l-07b893f5-0758-4562-ab91-4f7d931c3eb1-jpgrendition.jpg?im=whresize&wid=200&hei=200,https://media-www.canadiantire.ca/product/automotive/auto-maintenance/oil-pcmo-/0289567/castrol-edge-euro-ll-iv-0w20-5l-07b893f5-0758-4562-ab91-4f7d931c3eb1-jpgrendition.jpg?im=whresize&wid=200&hei=200,,0289567,028-9567-4,,Liquidation◊Mieux notés,65.77,"22,93","66,99"
168,"Cambridge Hespeler, ON",Plomb fendu sans plomb Red Wolf,Plomb fendu sans plomb Red Wolf,6.73,"6,73 $",14.99,"Était±  14,99 $prix était 14,99 $",6.73,"6,73 $",6.73,"6,73 $",true,https://www.canadiantire.ca/fr/pdp/plomb-fendu-sans-plomb-red-wolf-0784291p.html,https://www.canadiantire.ca/fr/pdp/plomb-fendu-sans-plomb-red-wolf-0784291p.html,undefined,undefined,,0784291,078-4291-8,Il n’en reste que 1 #078-4291-8,Liquidation◊Mieux notés,55.1,"6,73","14,99"
168,"Cambridge Hespeler, ON","Carreaux de dosseret pierre à peler et coller UltraStone, Quartzite Cuivre antique, 3,9 pi2","Carreaux de dosseret pierre à peler et coller UltraStone, Quartzite Cuivre antique, 3,9 pi2",22.93,"22,93 $",62.99,"Était±  62,99 $prix était 62,99 $",22.93,"22,93 $",22.93,"22,93 $",true,https://www.canadiantire.ca/fr/pdp/carreaux-de-dosseret-pierre-a-peler-et-coller-ultrastone-quartzite-cuivre-antique-3-9-pi2-0700302p.html,https://www.canadiantire.ca/fr/pdp/carreaux-de-dosseret-pierre-a-peler-et-coller-ultrastone-quartzite-cuivre-antique-3-9-pi2-0700302p.html,https://media-www.canadiantire.ca/product/fixing/paint/paints/0700302/ultrastone-antique-copper-quartzite-5c48f50f-88d9-4c4a-95a6-3feb51c964a1-jpgrendition.jpg?im=whresize&wid=200&hei=200,https://media-www.canadiantire.ca/product/fixing/paint/paints/0700302/ultrastone-antique-copper-quartzite-5c48f50f-88d9-4c4a-95a6-3feb51c964a1-jpgrendition.jpg?im=whresize&wid=200&hei=200,,0700302,070-0302-4,Il n’en reste que 4 #070-0302-4,Liquidation◊Mieux notés,63.6,"22,93","62,99"
168,"Cambridge Hespeler, ON","Mousqueton en plastique Black Diamond JiveWire pour accessoire de faible poids, petit, couleurs variées","Mousqueton en plastique Black Diamond JiveWire pour accessoire de faible poids, petit, couleurs variées",2.43,"2,43 $",4.99,"Était±  4,99 $prix était 4,99 $",2.43,"2,43 $",2.43,"2,43 $",true,https://www.canadiantire.ca/fr/pdp/mousqueton-en-plastique-black-diamond-jivewire-pour-accessoire-de-faible-poids-petit-couleurs-variees-0766142p.html,https://www.canadiantire.ca/fr/pdp/mousqueton-en-plastique-black-diamond-jivewire-pour-accessoire-de-faible-poids-petit-couleurs-variees-0766142p.html,https://media-www.canadiantire.ca/product/playing/camping/camping-accessories/0766142/black-diamond-small-jivewire-88bcd4ab-c392-4254-8ad1-0a055c9173c0-jpgrendition.jpg?im=whresize&wid=200&hei=200,https://media-www.canadiantire.ca/product/playing/camping/camping-accessories/0766142/black-diamond-small-jivewire-88bcd4ab-c392-4254-8ad1-0a055c9173c0-jpgrendition.jpg?im=whresize&wid=200&hei=200,,0766142,076-6142-6,Il n’en reste que 4 #076-6142-6,Liquidation◊Exclusivité,51.3,"2,43","4,99"
168,"Cambridge Hespeler, ON","Huile à moteur synthétique Castrol Edge 0W20 LL 17, 946 mL","Huile à moteur synthétique Castrol Edge 0W20 LL 17, 946 mL",6.93,"6,93 $",18.99,"Était±  18,99 $prix était 18,99 $",6.93,"6,93 $",6.93,"6,93 $",true,https://www.canadiantire.ca/fr/pdp/huile-a-moteur-synthetique-castrol-edge-0w20-ll-17-946-ml-0289644p.html,https://www.canadiantire.ca/fr/pdp/huile-a-moteur-synthetique-castrol-edge-0w20-ll-17-946-ml-0289644p.html,https://media-www.canadiantire.ca/product/automotive/auto-maintenance/oil-pcmo-/0289644/castrol-edge-0w20-ll-euro-synthetic-motor-oil-1l-fe4b61c5-e4a6-4bf2-bada-d450a1af648a-jpgrendition.jpg?im=whresize&wid=200&hei=200,https://media-www.canadiantire.ca/product/automotive/auto-maintenance/oil-pcmo-/0289644/castrol-edge-0w20-ll-euro-synthetic-motor-oil-1l-fe4b61c5-e4a6-4bf2-bada-d450a1af648a-jpgrendition.jpg?im=whresize&wid=200&hei=200,,0289644,028-9644-0,,Liquidation◊Mieux notés,63.51,"6,93","18,99"
168,"Cambridge Hespeler, ON","Bandes de rechange repositionnables réglables Command, sans dommage pour la surface, paq. 18","Bandes de rechange repositionnables réglables Command, sans dommage pour la surface, paq. 18",2.93,"2,93 $",7.99,"Était±  7,99 $prix était 7,99 $",2.93,"2,93 $",2.93,"2,93 $",true,https://www.canadiantire.ca/fr/pdp/bandes-de-rechange-repositionnables-reglables-command-sans-dommage-pour-la-surface-paq-18-0612047p.html,https://www.canadiantire.ca/fr/pdp/bandes-de-rechange-repositionnables-reglables-command-sans-dommage-pour-la-surface-paq-18-0612047p.html,https://media-www.canadiantire.ca/product/fixing/hardware/general-hardware/0612047/command-adjustables-repositionable-refill-strips-18-pack-a22cf16c-72b2-43a1-9a61-34030d359bfa-jpgrendition.jpg?im=whresize&wid=200&hei=200,https://media-www.canadiantire.ca/product/fixing/hardware/general-hardware/0612047/command-adjustables-repositionable-refill-strips-18-pack-a22cf16c-72b2-43a1-9a61-34030d359bfa-jpgrendition.jpg?im=whresize&wid=200&hei=200,,0612047,061-2047-2,Il n’en reste que 1 #061-2047-2,Liquidation◊,63.33,"2,93","7,99"
168,"Cambridge Hespeler, ON","Lumière/lampe utilitaire Alpena Moto CycleFire, 12 à 24 V, 5 W, éclairage auxiliaire à DEL, blanc, paq. 2","Lumière/lampe utilitaire Alpena Moto CycleFire, 12 à 24 V, 5 W, éclairage auxiliaire à DEL, blanc, paq. 2",12.93,"12,93 $",54.99,"Était±  54,99 $prix était 54,99 $",12.93,"12,93 $",12.93,"12,93 $",true,https://www.canadiantire.ca/fr/pdp/lumiere-lampe-utilitaire-alpena-moto-cyclefire-12-a-24-v-5-w-eclairage-auxiliaire-a-del-blanc-paq-2-0203357p.html,https://www.canadiantire.ca/fr/pdp/lumiere-lampe-utilitaire-alpena-moto-cyclefire-12-a-24-v-5-w-eclairage-auxiliaire-a-del-blanc-paq-2-0203357p.html,https://media-www.canadiantire.ca/product/automotive/automotive-outdoor-adventure/auto-travel-storage/0203357/alpena-moto-cyclefire-9bddce4b-f351-40c8-b9d7-e04f4127d1b0-jpgrendition.jpg?im=whresize&wid=200&hei=200,https://media-www.canadiantire.ca/product/automotive/automotive-outdoor-adventure/auto-travel-storage/0203357/alpena-moto-cyclefire-9bddce4b-f351-40c8-b9d7-e04f4127d1b0-jpgrendition.jpg?im=whresize&wid=200&hei=200,,0203357,020-3357-6,Il n’en reste que 1 #020-3357-6,Liquidation◊Mieux notés,76.49,"12,93","54,99"
168,"Cambridge Hespeler, ON","Collier pour chiens ajustable Perri's, fleurs du matin, choix de tailles","Collier pour chiens ajustable Perri's, fleurs du matin, choix de tailles",7.93,"7,93 $",17.99,"17,99 $Était   et+ prix était à partir de 17,99 $",7.93,"7,93 $",7.93,"7,93 $",true,https://www.canadiantire.ca/fr/pdp/collier-pour-chiens-ajustable-perri-s-fleurs-du-matin-choix-de-tailles-2420729p.html,https://www.canadiantire.ca/fr/pdp/collier-pour-chiens-ajustable-perri-s-fleurs-du-matin-choix-de-tailles-2420729p.html,https://media-www.canadiantire.ca/product/living/pet-care/pet-accessories/2420729/morning-floral-dog-collar-small-c7c3f815-4134-4432-9d93-f67b42184f8b-jpgrendition.jpg?im=whresize&wid=200&hei=200,https://media-www.canadiantire.ca/product/living/pet-care/pet-accessories/2420729/morning-floral-dog-collar-small-c7c3f815-4134-4432-9d93-f67b42184f8b-jpgrendition.jpg?im=whresize&wid=200&hei=200,,2420729,242-0729,Vérifiez la disponibilité#242-0729X,Liquidation◊Mieux notés,55.92,"7,93","17,99"
168,"Cambridge Hespeler, ON","Carreaux de dosseret pierre à peler et coller UltraStone, Quartzite noir galaxie, 3,9 pi2","Carreaux de dosseret pierre à peler et coller UltraStone, Quartzite noir galaxie, 3,9 pi2",22.93,"22,93 $",62.99,"Était±  62,99 $prix était 62,99 $",22.93,"22,93 $",22.93,"22,93 $",true,https://www.canadiantire.ca/fr/pdp/carreaux-de-dosseret-pierre-a-peler-et-coller-ultrastone-quartzite-noir-galaxie-3-9-pi2-0700300p.html,https://www.canadiantire.ca/fr/pdp/carreaux-de-dosseret-pierre-a-peler-et-coller-ultrastone-quartzite-noir-galaxie-3-9-pi2-0700300p.html,https://media-www.canadiantire.ca/product/fixing/paint/paints/0700300/ultrastone-galaxy-black-quartzite-0dcbfdfe-6db5-4501-99a6-9499f938b943-jpgrendition.jpg?im=whresize&wid=200&hei=200,https://media-www.canadiantire.ca/product/fixing/paint/paints/0700300/ultrastone-galaxy-black-quartzite-0dcbfdfe-6db5-4501-99a6-9499f938b943-jpgrendition.jpg?im=whresize&wid=200&hei=200,,0700300,070-0300-8,,Liquidation◊Mieux notés,63.6,"22,93","62,99"
168,"Cambridge Hespeler, ON","Lames tout usage Outdoor Edge RazorSafe, 3,0 po, paq. 6","Lames tout usage Outdoor Edge RazorSafe, 3,0 po, paq. 6",7.98,"7,98 $",19.99,"Était±  19,99 $prix était 19,99 $",7.98,"7,98 $",7.98,"7,98 $",true,https://www.canadiantire.ca/fr/pdp/lames-tout-usage-outdoor-edge-razorsafe-3-0-po-paq-6-3751047p.html,https://www.canadiantire.ca/fr/pdp/lames-tout-usage-outdoor-edge-razorsafe-3-0-po-paq-6-3751047p.html,https://media-www.canadiantire.ca/product/playing/hunting/hunting-equipment/3751047/outdoor-edge-3-0-razorsafe-utility-blade-6-pack-2736724d-8d13-4480-8da4-8c02953f1970-jpgrendition.jpg?im=whresize&wid=200&hei=200,https://media-www.canadiantire.ca/product/playing/hunting/hunting-equipment/3751047/outdoor-edge-3-0-razorsafe-utility-blade-6-pack-2736724d-8d13-4480-8da4-8c02953f1970-jpgrendition.jpg?im=whresize&wid=200&hei=200,,3751047,375-1047-2,68 En Stock#375-1047-2,Liquidation◊,60.08,"7,98","19,99"
168,"Cambridge Hespeler, ON","Lustre à 6 lampes verre fumé CANVAS Spira, métal noir","Lustre à 6 lampes verre fumé CANVAS Spira, métal noir",49.93,"49,93 $",299.99,"Était±  299,99 $prix était 299,99 $",49.93,"49,93 $",49.93,"49,93 $",true,https://www.canadiantire.ca/fr/pdp/lustre-a-6-lampes-verre-fume-canvas-spira-metal-noir-0521415p.html,https://www.canadiantire.ca/fr/pdp/lustre-a-6-lampes-verre-fume-canvas-spira-metal-noir-0521415p.html,https://media-www.canadiantire.ca/product/living/home-decor/lighting/0521415/canvas-spira-smoked-glass-chandelier-6ccfc7d8-7489-4100-b391-a8afea630dd5-jpgrendition.jpg?im=whresize&wid=200&hei=200,https://media-www.canadiantire.ca/product/living/home-decor/lighting/0521415/canvas-spira-smoked-glass-chandelier-6ccfc7d8-7489-4100-b391-a8afea630dd5-jpgrendition.jpg?im=whresize&wid=200&hei=200,,0521415,052-1415-4,,Liquidation◊Exclusivité,83.36,"49,93","299,99"
168,"Cambridge Hespeler, ON","Aqua Training Bag - Sac de frappe d'entraînement, 75 lb","Aqua Training Bag - Sac de frappe d'entraînement, 75 lb",69.93,"69,93 $",199.99,"Était±  199,99 $prix était 199,99 $",69.93,"69,93 $",69.93,"69,93 $",true,https://www.canadiantire.ca/fr/pdp/aqua-training-bag-sac-de-frappe-d-entrainement-75-lb-1841186p.html,https://www.canadiantire.ca/fr/pdp/aqua-training-bag-sac-de-frappe-d-entrainement-75-lb-1841186p.html,https://media-www.canadiantire.ca/product/playing/exercise/exercise-accessories/1841186/aqua-training-bag-heavy-bag-75lbs-blue-e4afe5fd-e36c-4908-83bc-9ef470d8d68d-jpgrendition.jpg?im=whresize&wid=200&hei=200,https://media-www.canadiantire.ca/product/playing/exercise/exercise-accessories/1841186/aqua-training-bag-heavy-bag-75lbs-blue-e4afe5fd-e36c-4908-83bc-9ef470d8d68d-jpgrendition.jpg?im=whresize&wid=200&hei=200,,1841186,184-1186-4,Il n’en reste que 2 #184-1186-4,Liquidation◊,65.03,"69,93","199,99"
168,"Cambridge Hespeler, ON","Leurre à lame Northland papillon harnais, 60 po","Leurre à lame Northland papillon harnais, 60 po",3.43,"3,43 $",6.99,"6,99 $Était   et+ prix était à partir de 6,99 $",3.43,"3,43 $",3.43,"3,43 $",true,https://www.canadiantire.ca/fr/pdp/leurre-a-lame-northland-papillon-harnais-60-po-0772548p.html,https://www.canadiantire.ca/fr/pdp/leurre-a-lame-northland-papillon-harnais-60-po-0772548p.html,https://media-www.canadiantire.ca/product/playing/fishing/fishing-lures/0772548/northland-butterfly-blade-harness-60-chartreuse-c084d8a2-0231-477f-b420-988cadc0af25-jpgrendition.jpg?im=whresize&wid=200&hei=200,https://media-www.canadiantire.ca/product/playing/fishing/fishing-lures/0772548/northland-butterfly-blade-harness-60-chartreuse-c084d8a2-0231-477f-b420-988cadc0af25-jpgrendition.jpg?im=whresize&wid=200&hei=200,,0772548,077-2548,Vérifiez la disponibilité#077-2548X,Liquidation◊,50.93,"3,43","6,99"
168,"Cambridge Hespeler, ON","Disques parfumés de rechange pour vadrouille à vapeur Bissell Spring Breeze, paq. 8","Disques parfumés de rechange pour vadrouille à vapeur Bissell Spring Breeze, paq. 8",9.93,"9,93 $",21.99,"Était±  21,99 $prix était 21,99 $",9.93,"9,93 $",9.93,"9,93 $",true,https://www.canadiantire.ca/fr/pdp/disques-parfumes-de-rechange-pour-vadrouille-a-vapeur-bissell-spring-breeze-paq-8-0436956p.html,https://www.canadiantire.ca/fr/pdp/disques-parfumes-de-rechange-pour-vadrouille-a-vapeur-bissell-spring-breeze-paq-8-0436956p.html,https://media-www.canadiantire.ca/product/living/cleaning/vacuums-and-floorcare/0436956/bissell-symphony-replacement-discs-246e928a-7320-4fd4-a52f-400d39da6572-jpgrendition.jpg?im=whresize&wid=200&hei=200,https://media-www.canadiantire.ca/product/living/cleaning/vacuums-and-floorcare/0436956/bissell-symphony-replacement-discs-246e928a-7320-4fd4-a52f-400d39da6572-jpgrendition.jpg?im=whresize&wid=200&hei=200,,0436956,043-6956-8,Il n’en reste que 1 #043-6956-8,Liquidation◊Mieux notés,54.84,"9,93","21,99"
168,"Cambridge Hespeler, ON","Garde-boues avant et arrière personnalisés Husky Liners 56946 pour camion Toyota Tacoma, 2016 à 2021, paquet de 4","Garde-boues avant et arrière personnalisés Husky Liners 56946 pour camion Toyota Tacoma, 2016 à 2021, paquet de 4",27.93,"27,93 $",119.99,"Était±  119,99 $prix était 119,99 $",27.93,"27,93 $",27.93,"27,93 $",true,https://www.canadiantire.ca/fr/pdp/garde-boues-avant-et-arriere-personnalises-husky-liners-56946-pour-camion-toyota-tacoma-2016-a-2021-paquet-de-4-0376236p.html,https://www.canadiantire.ca/fr/pdp/garde-boues-avant-et-arriere-personnalises-husky-liners-56946-pour-camion-toyota-tacoma-2016-a-2021-paquet-de-4-0376236p.html,https://media-www.canadiantire.ca/product/automotive/car-care-accessories/auto-accessories/0376236/husky-custom-fit-mud-flaps-toyota-tacoma-16-21-4pc-99e82484-2821-43ee-988c-ed82bf5e08f2-jpgrendition.jpg?im=whresize&wid=200&hei=200,https://media-www.canadiantire.ca/product/automotive/car-care-accessories/auto-accessories/0376236/husky-custom-fit-mud-flaps-toyota-tacoma-16-21-4pc-99e82484-2821-43ee-988c-ed82bf5e08f2-jpgrendition.jpg?im=whresize&wid=200&hei=200,,0376236,037-6236-8,Il n’en reste que 1 #037-6236-8,Liquidation◊,76.72,"27,93","119,99"
168,"Cambridge Hespeler, ON","Nettoyant pour l'extérieur de l'auto céramique sans eau Chemical Guys HydroGlide, 473 mL","Nettoyant pour l'extérieur de l'auto céramique sans eau Chemical Guys HydroGlide, 473 mL",17.93,"17,93 $",37.99,"Était±  37,99 $prix était 37,99 $",17.93,"17,93 $",17.93,"17,93 $",true,https://www.canadiantire.ca/fr/pdp/nettoyant-pour-l-exterieur-de-l-auto-ceramique-sans-eau-chemical-guys-hydroglide-473-ml-0397068p.html,https://www.canadiantire.ca/fr/pdp/nettoyant-pour-l-exterieur-de-l-auto-ceramique-sans-eau-chemical-guys-hydroglide-473-ml-0397068p.html,https://media-www.canadiantire.ca/product/automotive/car-care-accessories/auto-cleaning-chemicals/0397068/chemical-guys-hydro-waterless-wash-5c1dc6ae-1240-4514-8aab-35098fb68cc3-jpgrendition.jpg?im=whresize&wid=200&hei=200,https://media-www.canadiantire.ca/product/automotive/car-care-accessories/auto-cleaning-chemicals/0397068/chemical-guys-hydro-waterless-wash-5c1dc6ae-1240-4514-8aab-35098fb68cc3-jpgrendition.jpg?im=whresize&wid=200&hei=200,,0397068,039-7068-8,,Liquidation◊,52.8,"17,93","37,99"
168,"Cambridge Hespeler, ON",Jouet refuge de ratons laveurs pour chiens Petco,Jouet refuge de ratons laveurs pour chiens Petco,9.98,"9,98 $",19.99,"Était±  19,99 $prix était 19,99 $",9.98,"9,98 $",9.98,"9,98 $",true,https://www.canadiantire.ca/fr/pdp/jouet-refuge-de-ratons-laveurs-pour-chiens-petco-2420938p.html,https://www.canadiantire.ca/fr/pdp/jouet-refuge-de-ratons-laveurs-pour-chiens-petco-2420938p.html,https://media-www.canadiantire.ca/product/living/pet-care/pet-accessories/2420938/petco-raccoon-burrow-dog-toy-f21d25be-cd82-43f5-9cba-a60d5fb21360-jpgrendition.jpg?im=whresize&wid=200&hei=200,https://media-www.canadiantire.ca/product/living/pet-care/pet-accessories/2420938/petco-raccoon-burrow-dog-toy-f21d25be-cd82-43f5-9cba-a60d5fb21360-jpgrendition.jpg?im=whresize&wid=200&hei=200,,2420938,242-0938-4,8 En Stock#242-0938-4,Liquidation◊Mieux notés,50.08,"9,98","19,99"
168,"Cambridge Hespeler, ON","PAWS UP! Gâteries pour chiens tressées à saveur de poulet durables, paq. 6","PAWS UP! Gâteries pour chiens tressées à saveur de poulet durables, paq. 6",4.93,"4,93 $",9.99,"Était±  9,99 $prix était 9,99 $",4.93,"4,93 $",4.93,"4,93 $",true,https://www.canadiantire.ca/fr/pdp/paws-up-gateries-pour-chiens-tressees-a-saveur-de-poulet-durables-paq-6-2420631p.html,https://www.canadiantire.ca/fr/pdp/paws-up-gateries-pour-chiens-tressees-a-saveur-de-poulet-durables-paq-6-2420631p.html,https://media-www.canadiantire.ca/product/living/pet-care/pet-food/2420631/paws-up-braided-dog-treats-6-pieces-9853ca13-b12a-4f52-b303-70f8782a3666-jpgrendition.jpg?im=whresize&wid=200&hei=200,https://media-www.canadiantire.ca/product/living/pet-care/pet-food/2420631/paws-up-braided-dog-treats-6-pieces-9853ca13-b12a-4f52-b303-70f8782a3666-jpgrendition.jpg?im=whresize&wid=200&hei=200,,2420631,242-0631-2,,Liquidation◊Mieux notés,50.65,"4,93","9,99"
168,"Cambridge Hespeler, ON","Cartouche de rechange pour filtre de purificateur d'air double Bionaire, 711D-X","Cartouche de rechange pour filtre de purificateur d'air double Bionaire, 711D-X",9.93,"9,93 $",19.99,"Était±  19,99 $prix était 19,99 $",9.93,"9,93 $",9.93,"9,93 $",true,https://www.canadiantire.ca/fr/pdp/cartouche-de-rechange-pour-filtre-de-purificateur-d-air-double-bionaire-711d-x-0435068p.html,https://www.canadiantire.ca/fr/pdp/cartouche-de-rechange-pour-filtre-de-purificateur-d-air-double-bionaire-711d-x-0435068p.html,https://media-www.canadiantire.ca/product/living/home-environment/home-air-quality-accessories/0435068/filter-replacement-for-43-5067-7eb24919-58a7-4464-8045-0a2af96875de-jpgrendition.jpg?im=whresize&wid=200&hei=200,https://media-www.canadiantire.ca/product/living/home-environment/home-air-quality-accessories/0435068/filter-replacement-for-43-5067-7eb24919-58a7-4464-8045-0a2af96875de-jpgrendition.jpg?im=whresize&wid=200&hei=200,,0435068,043-5068-8,Il n’en reste que 3 #043-5068-8,Liquidation◊Mieux notés,50.33,"9,93","19,99"
168,"Cambridge Hespeler, ON",Savon lave-auto moussant céramique et graphène SansZo Si02,Savon lave-auto moussant céramique et graphène SansZo Si02,9.93,"9,93 $",29.99,"Était±  29,99 $prix était 29,99 $",9.93,"9,93 $",9.93,"9,93 $",true,https://www.canadiantire.ca/fr/pdp/savon-lave-auto-moussant-ceramique-et-graphene-sanszo-si02-0390850p.html,https://www.canadiantire.ca/fr/pdp/savon-lave-auto-moussant-ceramique-et-graphene-sanszo-si02-0390850p.html,https://media-www.canadiantire.ca/product/automotive/car-care-accessories/auto-cleaning-chemicals/0390850/sanszo-si02-foamer-ceramic-graphene-foaming-soap-5bf4b82b-5855-4cc6-9fc0-dee5234b9504-jpgrendition.jpg?im=whresize&wid=200&hei=200,https://media-www.canadiantire.ca/product/automotive/car-care-accessories/auto-cleaning-chemicals/0390850/sanszo-si02-foamer-ceramic-graphene-foaming-soap-5bf4b82b-5855-4cc6-9fc0-dee5234b9504-jpgrendition.jpg?im=whresize&wid=200&hei=200,,0390850,039-0850-6,Il n’en reste que 1 #039-0850-6,Liquidation◊,66.89,"9,93","29,99"
168,"Cambridge Hespeler, ON","Hameçon monté Gamakatsu Kahle, bronze","Hameçon monté Gamakatsu Kahle, bronze",3.43,"3,43 $",7.99,"7,99 $Était   et+ prix était à partir de 7,99 $",3.43,"3,43 $",3.43,"3,43 $",true,https://www.canadiantire.ca/fr/pdp/hamecon-monte-gamakatsu-kahle-bronze-1781245p.html,https://www.canadiantire.ca/fr/pdp/hamecon-monte-gamakatsu-kahle-bronze-1781245p.html,https://media-www.canadiantire.ca/product/playing/fishing/fishing-lures/1781245/gamakatsu-baitholder-kahle-snell-bronze-10-pack-size-10-33fc11d6-06f0-4668-8459-de59df48bb8c-jpgrendition.jpg?im=whresize&wid=200&hei=200,https://media-www.canadiantire.ca/product/playing/fishing/fishing-lures/1781245/gamakatsu-baitholder-kahle-snell-bronze-10-pack-size-10-33fc11d6-06f0-4668-8459-de59df48bb8c-jpgrendition.jpg?im=whresize&wid=200&hei=200,,1781245,178-1245,Vérifiez la disponibilité#178-1245X,Liquidation◊Mieux notés,57.07,"3,43","7,99"
168,"Cambridge Hespeler, ON","Laisse pour chien Perri's, crânes blancs, taille unique","Laisse pour chien Perri's, crânes blancs, taille unique",5.98,"5,98 $",17.99,"Était±  17,99 $prix était 17,99 $",5.98,"5,98 $",5.98,"5,98 $",true,https://www.canadiantire.ca/fr/pdp/laisse-pour-chien-perri-s-cranes-blancs-taille-unique-2420728p.html,https://www.canadiantire.ca/fr/pdp/laisse-pour-chien-perri-s-cranes-blancs-taille-unique-2420728p.html,https://media-www.canadiantire.ca/product/living/pet-care/pet-accessories/2420728/white-skulls-dog-leash-medium-66823994-85ba-42f8-b30e-b6fc27e310b3-jpgrendition.jpg?im=whresize&wid=200&hei=200,https://media-www.canadiantire.ca/product/living/pet-care/pet-accessories/2420728/white-skulls-dog-leash-medium-66823994-85ba-42f8-b30e-b6fc27e310b3-jpgrendition.jpg?im=whresize&wid=200&hei=200,,2420728,242-0728-4,142 En Stock#242-0728-4,Liquidation◊Exclusivité,66.76,"5,98","17,99"
168,"Cambridge Hespeler, ON","Laisse réfléchissante pour chiens Petco, 5 pi, noir/orange","Laisse réfléchissante pour chiens Petco, 5 pi, noir/orange",14.92,"14,92 $",29.99,"Était±  29,99 $prix était 29,99 $",14.92,"14,92 $",14.92,"14,92 $",true,https://www.canadiantire.ca/fr/pdp/laisse-reflechissante-pour-chiens-petco-5-pi-noir-orange-1427533p.html,https://www.canadiantire.ca/fr/pdp/laisse-reflechissante-pour-chiens-petco-5-pi-noir-orange-1427533p.html,https://media-www.canadiantire.ca/product/living/pet-care/pet-accessories/1427533/petco-5-16-blck-orng-reflective-dog-leash-5-ft-5243effe-7a35-4936-81d1-62d6531014fb-jpgrendition.jpg?im=whresize&wid=200&hei=200,https://media-www.canadiantire.ca/product/living/pet-care/pet-accessories/1427533/petco-5-16-blck-orng-reflective-dog-leash-5-ft-5243effe-7a35-4936-81d1-62d6531014fb-jpgrendition.jpg?im=whresize&wid=200&hei=200,,1427533,142-7533-2,Il n’en reste que 4 #142-7533-2,Liquidation◊Exclusivité,50.25,"14,92","29,99"
168,"Cambridge Hespeler, ON",Pantoufles chaussettes de maison à carreaux doublure en molleton doux rembourré en mousse antipatinage Outbound pour femmes,Pantoufles chaussettes de maison à carreaux doublure en molleton doux rembourré en mousse antipatinage Outbound pour femmes,3.43,"3,43 $",9.99,"9,99 $Était   et+ prix était à partir de 9,99 $",3.43,"3,43 $",3.43,"3,43 $",true,https://www.canadiantire.ca/fr/pdp/pantoufles-chaussettes-de-maison-a-carreaux-doublure-en-molleton-doux-rembourre-en-mousse-antipatinage-outbound-pour-femmes-1872340p.html,https://www.canadiantire.ca/fr/pdp/pantoufles-chaussettes-de-maison-a-carreaux-doublure-en-molleton-doux-rembourre-en-mousse-antipatinage-outbound-pour-femmes-1872340p.html,https://media-www.canadiantire.ca/product/playing/footwear-apparel/winter-footwear-apparel/1872340/outbound-women-s-buffalo-plaid-slippers-5-6-cc8ba730-2122-41e2-bb2b-3300c8e81402-jpgrendition.jpg?im=whresize&wid=200&hei=200,https://media-www.canadiantire.ca/product/playing/footwear-apparel/winter-footwear-apparel/1872340/outbound-women-s-buffalo-plaid-slippers-5-6-cc8ba730-2122-41e2-bb2b-3300c8e81402-jpgrendition.jpg?im=whresize&wid=200&hei=200,,1872340,187-2340,Vérifiez la disponibilité#187-2340X,Liquidation◊Mieux notés,65.67,"3,43","9,99"
168,"Cambridge Hespeler, ON","Teinture à bois à base d'eau Minwax, opaque, 946 mL","Teinture à bois à base d'eau Minwax, opaque, 946 mL",12.93,"12,93 $",29.99,"29,99 $Était   et+ prix était à partir de 29,99 $",12.93,"12,93 $",12.93,"12,93 $",true,https://www.canadiantire.ca/fr/pdp/teinture-a-bois-a-base-d-eau-minwax-opaque-946-ml-0480941p.html,https://www.canadiantire.ca/fr/pdp/teinture-a-bois-a-base-d-eau-minwax-opaque-946-ml-0480941p.html,https://media-www.canadiantire.ca/product/fixing/paint/paints/0480943/minwax-water-based-solid-wood-stain-classic-gray-946ml-76bd923d-4c29-47e7-90f5-88e322e1512b-jpgrendition.jpg?im=whresize&wid=200&hei=200,https://media-www.canadiantire.ca/product/fixing/paint/paints/0480943/minwax-water-based-solid-wood-stain-classic-gray-946ml-76bd923d-4c29-47e7-90f5-88e322e1512b-jpgrendition.jpg?im=whresize&wid=200&hei=200,,0480941,048-0941,Vérifiez la disponibilité#048-0941X,Liquidation◊,56.89,"12,93","29,99"
168,"Cambridge Hespeler, ON","Boule d'attelage Reese Towpower, acier inoxydable, 1 7/8 po","Boule d'attelage Reese Towpower, acier inoxydable, 1 7/8 po",24.93,"24,93 $",52.99,"Était±  52,99 $prix était 52,99 $",24.93,"24,93 $",24.93,"24,93 $",true,https://www.canadiantire.ca/fr/pdp/boule-d-attelage-reese-towpower-acier-inoxydable-1-7-8-po-0406045p.html,https://www.canadiantire.ca/fr/pdp/boule-d-attelage-reese-towpower-acier-inoxydable-1-7-8-po-0406045p.html,https://media-www.canadiantire.ca/product/automotive/automotive-outdoor-adventure/auto-travel-storage/0406045/reese-towpower-stainless-steel-interlock-tow-ball-1-7-8--aee42aac-4402-4995-8210-c23224142c84-jpgrendition.jpg?im=whresize&wid=200&hei=200,https://media-www.canadiantire.ca/product/automotive/automotive-outdoor-adventure/auto-travel-storage/0406045/reese-towpower-stainless-steel-interlock-tow-ball-1-7-8--aee42aac-4402-4995-8210-c23224142c84-jpgrendition.jpg?im=whresize&wid=200&hei=200,,0406045,040-6045-2,Il n’en reste que 1 #040-6045-2,Liquidation◊,52.95,"24,93","52,99"
168,"Cambridge Hespeler, ON","Lampe de tracteur Blazer avec trousse d’installation, transparent, 12V","Lampe de tracteur Blazer avec trousse d’installation, transparent, 12V",9.93,"9,93 $",20.99,"Était±  20,99 $prix était 20,99 $",9.93,"9,93 $",9.93,"9,93 $",true,https://www.canadiantire.ca/fr/pdp/lampe-de-tracteur-blazer-avec-trousse-d-installation-transparent-12v-0203946p.html,https://www.canadiantire.ca/fr/pdp/lampe-de-tracteur-blazer-avec-trousse-d-installation-transparent-12v-0203946p.html,https://media-www.canadiantire.ca/product/automotive/automotive-outdoor-adventure/auto-travel-storage/0203961/12-volt-tractor-lamp-white-27ac9d3a-41ef-4a3f-a5db-a824d1d7467d-jpgrendition.jpg?im=whresize&wid=200&hei=200,https://media-www.canadiantire.ca/product/automotive/automotive-outdoor-adventure/auto-travel-storage/0203961/12-volt-tractor-lamp-white-27ac9d3a-41ef-4a3f-a5db-a824d1d7467d-jpgrendition.jpg?im=whresize&wid=200&hei=200,,0203946,020-3961-6,Il n’en reste que 2 #020-3961-6,Liquidation◊,52.69,"9,93","20,99"
168,"Cambridge Hespeler, ON",Cuiller rapide Northland Crawler Hauler,Cuiller rapide Northland Crawler Hauler,3.43,"3,43 $",7.99,"7,99 $Était   et+ prix était à partir de 7,99 $",3.43,"3,43 $",3.43,"3,43 $",true,https://www.canadiantire.ca/fr/pdp/cuiller-rapide-northland-crawler-hauler-0776850p.html,https://www.canadiantire.ca/fr/pdp/cuiller-rapide-northland-crawler-hauler-0776850p.html,https://media-www.canadiantire.ca/product/playing/fishing/fishing-lures/0776850/northland-tackle-pro-harness-uv-gold-x-mas-4-b3fdb983-68af-4cd2-9a11-d6979928e9c1-jpgrendition.jpg?im=whresize&wid=200&hei=200,https://media-www.canadiantire.ca/product/playing/fishing/fishing-lures/0776850/northland-tackle-pro-harness-uv-gold-x-mas-4-b3fdb983-68af-4cd2-9a11-d6979928e9c1-jpgrendition.jpg?im=whresize&wid=200&hei=200,,0776850,077-6850,Vérifiez la disponibilité#077-6850X,Liquidation◊Mieux notés,57.07,"3,43","7,99"
168,"Cambridge Hespeler, ON","Lampe de poche Police Security Tornado étanche en aluminium, 300 lumens, piles incluses, noir","Lampe de poche Police Security Tornado étanche en aluminium, 300 lumens, piles incluses, noir",17.93,"17,93 $",39.99,"Était±  39,99 $prix était 39,99 $",17.93,"17,93 $",17.93,"17,93 $",true,https://www.canadiantire.ca/fr/pdp/lampe-de-poche-police-security-tornado-etanche-en-aluminium-300-lumens-piles-incluses-noir-0651723p.html,https://www.canadiantire.ca/fr/pdp/lampe-de-poche-police-security-tornado-etanche-en-aluminium-300-lumens-piles-incluses-noir-0651723p.html,https://media-www.canadiantire.ca/product/fixing/hardware/household-flashlights/0651723/police-security-tornado-flashlight-300-lumen-03d5dca3-d3b0-4b98-a14d-756f955ebf17-jpgrendition.jpg?im=whresize&wid=200&hei=200,https://media-www.canadiantire.ca/product/fixing/hardware/household-flashlights/0651723/police-security-tornado-flashlight-300-lumen-03d5dca3-d3b0-4b98-a14d-756f955ebf17-jpgrendition.jpg?im=whresize&wid=200&hei=200,,0651723,065-1723-0,,Liquidation◊,55.16,"17,93","39,99"
168,"Cambridge Hespeler, ON","Gradateur numérique unipolaire et à 3 voies Leviton REL06-742 Renu, DEL/CFL, plaque murale non incluse, blanc","Gradateur numérique unipolaire et à 3 voies Leviton REL06-742 Renu, DEL/CFL, plaque murale non incluse, blanc",14.93,"14,93 $",30.99,"Était±  30,99 $prix était 30,99 $",14.93,"14,93 $",14.93,"14,93 $",true,https://www.canadiantire.ca/fr/pdp/gradateur-numerique-unipolaire-et-a-3-voies-leviton-rel06-742-renu-del-cfl-plaque-murale-non-incluse-blanc-0528285p.html,https://www.canadiantire.ca/fr/pdp/gradateur-numerique-unipolaire-et-a-3-voies-leviton-rel06-742-renu-del-cfl-plaque-murale-non-incluse-blanc-0528285p.html,https://media-www.canadiantire.ca/product/fixing/electrical/rough-electrical/0528285/renu-dimmer-single-pold-3-way-a4eef8bf-8fe6-410e-8fc5-7dd2d0db477e-jpgrendition.jpg?im=whresize&wid=200&hei=200,https://media-www.canadiantire.ca/product/fixing/electrical/rough-electrical/0528285/renu-dimmer-single-pold-3-way-a4eef8bf-8fe6-410e-8fc5-7dd2d0db477e-jpgrendition.jpg?im=whresize&wid=200&hei=200,,0528285,052-8285-0,Il n’en reste que 1 #052-8285-0,Liquidation◊,51.82,"14,93","30,99"
168,"Cambridge Hespeler, ON","Prise électrique DDFT inviolable avec autovérification Legrand 1597TRNICC4 Radiant, 15 A, 125 V, nickel","Prise électrique DDFT inviolable avec autovérification Legrand 1597TRNICC4 Radiant, 15 A, 125 V, nickel",14.93,"14,93 $",37.99,"Était±  37,99 $prix était 37,99 $",14.93,"14,93 $",14.93,"14,93 $",true,https://www.canadiantire.ca/fr/pdp/prise-electrique-ddft-inviolable-avec-autoverification-legrand-1597trnicc4-radiant-15-a-125-v-nickel-0529166p.html,https://www.canadiantire.ca/fr/pdp/prise-electrique-ddft-inviolable-avec-autoverification-legrand-1597trnicc4-radiant-15-a-125-v-nickel-0529166p.html,https://media-www.canadiantire.ca/product/fixing/electrical/rough-electrical/0529166/15a-125v-self-test-gfci-nickel-11d5d388-e0c4-401d-8e4a-65d7ae26e58e-jpgrendition.jpg?im=whresize&wid=200&hei=200,https://media-www.canadiantire.ca/product/fixing/electrical/rough-electrical/0529166/15a-125v-self-test-gfci-nickel-11d5d388-e0c4-401d-8e4a-65d7ae26e58e-jpgrendition.jpg?im=whresize&wid=200&hei=200,,0529166,052-9166-8,Il n’en reste que 1 #052-9166-8,Liquidation◊Mieux notés,60.7,"14,93","37,99"
168,"Cambridge Hespeler, ON",Filtre à air de rechange pour tondeuse MTD avec préfiltre,Filtre à air de rechange pour tondeuse MTD avec préfiltre,14.93,"14,93 $",29.99,"Était±  29,99 $prix était 29,99 $",14.93,"14,93 $",14.93,"14,93 $",true,https://www.canadiantire.ca/fr/pdp/filtre-a-air-de-rechange-pour-tondeuse-mtd-avec-prefiltre-0601553p.html,https://www.canadiantire.ca/fr/pdp/filtre-a-air-de-rechange-pour-tondeuse-mtd-avec-prefiltre-0601553p.html,https://media-www.canadiantire.ca/product/seasonal-gardening/outdoor-tools/tractor-lawn-mower-snowthrower-parts/0601553/420cc-powermore-air-filter-58ab6187-dfb1-49eb-8e26-8864a157bad9-jpgrendition.jpg?im=whresize&wid=200&hei=200,https://media-www.canadiantire.ca/product/seasonal-gardening/outdoor-tools/tractor-lawn-mower-snowthrower-parts/0601553/420cc-powermore-air-filter-58ab6187-dfb1-49eb-8e26-8864a157bad9-jpgrendition.jpg?im=whresize&wid=200&hei=200,,0601553,060-1553-4,Il n’en reste que 2 #060-1553-4,Liquidation◊Mieux notés,50.22,"14,93","29,99"
168,"Cambridge Hespeler, ON","Ampoule halogène de longue durée MotoMaster 9004, paq. 2","Ampoule halogène de longue durée MotoMaster 9004, paq. 2",5.93,"5,93 $",44.99,"Était±  44,99 $prix était 44,99 $",5.93,"5,93 $",5.93,"5,93 $",true,https://www.canadiantire.ca/fr/pdp/ampoule-halogene-de-longue-duree-motomaster-9004-paq-2-1202240p.html,https://www.canadiantire.ca/fr/pdp/ampoule-halogene-de-longue-duree-motomaster-9004-paq-2-1202240p.html,https://media-www.canadiantire.ca/product/automotive/auto-maintenance/auto-lighting/1202240/9004mm-bp2-motomaster-long-lasting-halogen-bulbs-94976e88-7002-4eb4-87a1-4b3dd1be0287-jpgrendition.jpg?im=whresize&wid=200&hei=200,https://media-www.canadiantire.ca/product/automotive/auto-maintenance/auto-lighting/1202240/9004mm-bp2-motomaster-long-lasting-halogen-bulbs-94976e88-7002-4eb4-87a1-4b3dd1be0287-jpgrendition.jpg?im=whresize&wid=200&hei=200,,1202240,120-2240-0,Il n’en reste que 2 #120-2240-0,Liquidation◊Exclusivité,86.82,"5,93","44,99"
168,"Cambridge Hespeler, ON","Affiche de porche For Living Boo, noir/blanc, 3 pi, décoration intérieure/extérieure pour l'Halloween","Affiche de porche For Living Boo, noir/blanc, 3 pi, décoration intérieure/extérieure pour l'Halloween",9.93,"9,93 $",24.99,"Était±  24,99 $prix était 24,99 $",9.93,"9,93 $",9.93,"9,93 $",true,https://www.canadiantire.ca/fr/pdp/affiche-de-porche-for-living-boo-noir-blanc-3-pi-decoration-interieure-exterieure-pour-l-halloween-1519217p.html,https://www.canadiantire.ca/fr/pdp/affiche-de-porche-for-living-boo-noir-blanc-3-pi-decoration-interieure-exterieure-pour-l-halloween-1519217p.html,https://media-www.canadiantire.ca/product/seasonal-gardening/seasonal/halloween-harvest/1519217/36-boo-porch-sign-375c8f2b-93ee-47e5-ba10-28961b84e130-jpgrendition.jpg?im=whresize&wid=200&hei=200,https://media-www.canadiantire.ca/product/seasonal-gardening/seasonal/halloween-harvest/1519217/36-boo-porch-sign-375c8f2b-93ee-47e5-ba10-28961b84e130-jpgrendition.jpg?im=whresize&wid=200&hei=200,,1519217,151-9217-2,,Liquidation◊Exclusivité,60.26,"9,93","24,99"
168,"Cambridge Hespeler, ON",Affûteur de couteau novateur Huntshield avec base à ventouse,Affûteur de couteau novateur Huntshield avec base à ventouse,9.98,"9,98 $",19.99,"Était±  19,99 $prix était 19,99 $",9.98,"9,98 $",9.98,"9,98 $",true,https://www.canadiantire.ca/fr/pdp/affuteur-de-couteau-novateur-huntshield-avec-base-a-ventouse-3751424p.html,https://www.canadiantire.ca/fr/pdp/affuteur-de-couteau-novateur-huntshield-avec-base-a-ventouse-3751424p.html,https://media-www.canadiantire.ca/product/playing/hunting/hunting-equipment/3751424/huntshield-3-stage-knife-sharpener-with-suction-base-cdc2c77d-9361-484e-9b2c-92f936e48eb6-jpgrendition.jpg?im=whresize&wid=200&hei=200,https://media-www.canadiantire.ca/product/playing/hunting/hunting-equipment/3751424/huntshield-3-stage-knife-sharpener-with-suction-base-cdc2c77d-9361-484e-9b2c-92f936e48eb6-jpgrendition.jpg?im=whresize&wid=200&hei=200,,3751424,375-1424-4,8 En Stock#375-1424-4,Liquidation◊Exclusivité,50.08,"9,98","19,99"
168,"Cambridge Hespeler, ON","Couteau pliant Outdoor Edge RazorWork, gris, 3,0 po","Couteau pliant Outdoor Edge RazorWork, gris, 3,0 po",14.98,"14,98 $",29.99,"Était±  29,99 $prix était 29,99 $",14.98,"14,98 $",14.98,"14,98 $",true,https://www.canadiantire.ca/fr/pdp/couteau-pliant-outdoor-edge-razorwork-gris-3-0-po-3751046p.html,https://www.canadiantire.ca/fr/pdp/couteau-pliant-outdoor-edge-razorwork-gris-3-0-po-3751046p.html,https://media-www.canadiantire.ca/product/playing/hunting/hunting-equipment/3751046/outdoor-edge-3-0-razorwork-gray-folding-knife-bd1f3e26-2203-459b-90be-e9f46a735edc-jpgrendition.jpg?im=whresize&wid=200&hei=200,https://media-www.canadiantire.ca/product/playing/hunting/hunting-equipment/3751046/outdoor-edge-3-0-razorwork-gray-folding-knife-bd1f3e26-2203-459b-90be-e9f46a735edc-jpgrendition.jpg?im=whresize&wid=200&hei=200,,3751046,375-1046-4,58 En Stock#375-1046-4,Liquidation◊,50.05,"14,98","29,99"
168,"Cambridge Hespeler, ON","Nettoyant nautique pour écran, 230 mL","Nettoyant nautique pour écran, 230 mL",6.79,"6,79 $",19.99,"Était±  19,99 $prix était 19,99 $",6.79,"6,79 $",6.79,"6,79 $",true,https://www.canadiantire.ca/fr/pdp/nettoyant-nautique-pour-ecran-230-ml-0790328p.html,https://www.canadiantire.ca/fr/pdp/nettoyant-nautique-pour-ecran-230-ml-0790328p.html,https://media-www.canadiantire.ca/product/playing/seasonal-recreation/marine-power-boating/0790328/marine-display-cleaner-f2601da5-df42-4d33-9177-1be27b9b3298-jpgrendition.jpg?im=whresize&wid=200&hei=200,https://media-www.canadiantire.ca/product/playing/seasonal-recreation/marine-power-boating/0790328/marine-display-cleaner-f2601da5-df42-4d33-9177-1be27b9b3298-jpgrendition.jpg?im=whresize&wid=200&hei=200,,0790328,079-0328-6,8 En Stock#079-0328-6,Liquidation◊Mieux notés,66.03,"6,79","19,99"
168,"Cambridge Hespeler, ON","Pantalon de chasse isolé imperméable coupe-vent Yukon Gear Max 5, camouflage Realtree Max 5","Pantalon de chasse isolé imperméable coupe-vent Yukon Gear Max 5, camouflage Realtree Max 5",61.43,"61,43 $",149.99,"149,99 $Était   et+ prix était à partir de 149,99 $",61.43,"61,43 $",61.43,"61,43 $",true,https://www.canadiantire.ca/fr/pdp/pantalon-de-chasse-isole-impermeable-coupe-vent-yukon-gear-max-5-camouflage-realtree-max-5-1758580p.html,https://www.canadiantire.ca/fr/pdp/pantalon-de-chasse-isole-impermeable-coupe-vent-yukon-gear-max-5-camouflage-realtree-max-5-1758580p.html,https://media-www.canadiantire.ca/product/playing/hunting/hunting-apparel-footwear/1758580/yukon-gear-realtree-max-5-pants-m-a244d43e-2c4b-4acc-8837-bdd79ebe07d1-jpgrendition.jpg?im=whresize&wid=200&hei=200,https://media-www.canadiantire.ca/product/playing/hunting/hunting-apparel-footwear/1758580/yukon-gear-realtree-max-5-pants-m-a244d43e-2c4b-4acc-8837-bdd79ebe07d1-jpgrendition.jpg?im=whresize&wid=200&hei=200,,1758580,175-8580,Vérifiez la disponibilité#175-8580X,Liquidation◊Exclusivité,59.04,"61,43","149,99"
168,"Cambridge Hespeler, ON","Recharge de 10 fléchettes NERF Mega XL, 8 ans et plus","Recharge de 10 fléchettes NERF Mega XL, 8 ans et plus",3.93,"3,93 $",16.99,"Était±  16,99 $prix était 16,99 $",3.93,"3,93 $",3.93,"3,93 $",true,https://www.canadiantire.ca/fr/pdp/recharge-de-10-flechettes-nerf-mega-xl-8-ans-et-plus-0508343p.html,https://www.canadiantire.ca/fr/pdp/recharge-de-10-flechettes-nerf-mega-xl-8-ans-et-plus-0508343p.html,https://media-www.canadiantire.ca/product/seasonal-gardening/toys/toys-games/0508343/nerf-mega-xl-refill-10-pack-03d040bd-404f-498e-87f9-9dc6136af34c-jpgrendition.jpg?im=whresize&wid=200&hei=200,https://media-www.canadiantire.ca/product/seasonal-gardening/toys/toys-games/0508343/nerf-mega-xl-refill-10-pack-03d040bd-404f-498e-87f9-9dc6136af34c-jpgrendition.jpg?im=whresize&wid=200&hei=200,,0508343,050-8343-6,Il n’en reste que 3 #050-8343-6,Liquidation◊Mieux notés,76.87,"3,93","16,99"
168,"Cambridge Hespeler, ON","Peinture de retouche Scratch Fix All-in-1, Vert trèfle perlé (G95P)","Peinture de retouche Scratch Fix All-in-1, Vert trèfle perlé (G95P)",4.93,"4,93 $",28.99,"Était±  28,99 $prix était 28,99 $",4.93,"4,93 $",4.93,"4,93 $",true,https://www.canadiantire.ca/fr/pdp/peinture-de-retouche-scratch-fix-all-in-1-vert-trefle-perle-g95p-0475138p.html,https://www.canadiantire.ca/fr/pdp/peinture-de-retouche-scratch-fix-all-in-1-vert-trefle-perle-g95p-0475138p.html,https://media-www.canadiantire.ca/product/automotive/car-care-accessories/auto-body-repair/0475138/scratch-fix-honda-clover-green-prl-all-in-1-cc44caf4-7646-4897-a196-b7ec2970a88e.png?im=whresize&wid=200&hei=200,https://media-www.canadiantire.ca/product/automotive/car-care-accessories/auto-body-repair/0475138/scratch-fix-honda-clover-green-prl-all-in-1-cc44caf4-7646-4897-a196-b7ec2970a88e.png?im=whresize&wid=200&hei=200,,0475138,047-5138-4,Il n’en reste que 1 #047-5138-4,Liquidation◊,82.99,"4,93","28,99"
168,"Cambridge Hespeler, ON","Gaine annelée Hopkins classe I, 1/2 po x 7 pi","Gaine annelée Hopkins classe I, 1/2 po x 7 pi",4.93,"4,93 $",10.99,"Était±  10,99 $prix était 10,99 $",4.93,"4,93 $",4.93,"4,93 $",true,https://www.canadiantire.ca/fr/pdp/gaine-annelee-hopkins-classe-i-1-2-po-x-7-pi-1407235p.html,https://www.canadiantire.ca/fr/pdp/gaine-annelee-hopkins-classe-i-1-2-po-x-7-pi-1407235p.html,https://media-www.canadiantire.ca/product/automotive/automotive-outdoor-adventure/auto-travel-storage/1407235/hopkins-1-2-in-convoluted-tubing-7-ft-5deab093-f419-4434-ac01-f602a5a8ed0f-jpgrendition.jpg?im=whresize&wid=200&hei=200,https://media-www.canadiantire.ca/product/automotive/automotive-outdoor-adventure/auto-travel-storage/1407235/hopkins-1-2-in-convoluted-tubing-7-ft-5deab093-f419-4434-ac01-f602a5a8ed0f-jpgrendition.jpg?im=whresize&wid=200&hei=200,,1407235,140-7235-6,Il n’en reste que 1 #140-7235-6,Liquidation◊,55.14,"4,93","10,99"
168,"Cambridge Hespeler, ON","Raccord en T d’Insta-Plumb, 1 1/2 po","Raccord en T d’Insta-Plumb, 1 1/2 po",1.93,"1,93 $",19.99,"Était±  19,99 $prix était 19,99 $",1.93,"1,93 $",1.93,"1,93 $",true,https://www.canadiantire.ca/fr/pdp/raccord-en-t-d-insta-plumb-1-1-2-po-0639904p.html,https://www.canadiantire.ca/fr/pdp/raccord-en-t-d-insta-plumb-1-1-2-po-0639904p.html,https://media-www.canadiantire.ca/product/fixing/plumbing/rough-plumbing/0639904/coupling-tee-1-1-2-kitchen-22ff7fca-bb29-42f4-a8dd-619898ec4ecc-jpgrendition.jpg?im=whresize&wid=200&hei=200,https://media-www.canadiantire.ca/product/fixing/plumbing/rough-plumbing/0639904/coupling-tee-1-1-2-kitchen-22ff7fca-bb29-42f4-a8dd-619898ec4ecc-jpgrendition.jpg?im=whresize&wid=200&hei=200,,0639904,063-9904-6,Il n’en reste que 2 #063-9904-6,Liquidation◊,90.35,"1,93","19,99"
168,"Cambridge Hespeler, ON","Nourriture sèche pour chats saumon et poulet IAMS Advanced Health santé immunitaire, 1,59 kg","Nourriture sèche pour chats saumon et poulet IAMS Advanced Health santé immunitaire, 1,59 kg",6.45,"6,45 $",18.99,"Était±  18,99 $prix était 18,99 $",6.45,"6,45 $",6.45,"6,45 $",true,https://www.canadiantire.ca/fr/pdp/nourriture-seche-pour-chats-saumon-et-poulet-iams-advanced-health-sante-immunitaire-1-59-kg-2420583p.html,https://www.canadiantire.ca/fr/pdp/nourriture-seche-pour-chats-saumon-et-poulet-iams-advanced-health-sante-immunitaire-1-59-kg-2420583p.html,https://media-www.canadiantire.ca/product/living/pet-care/pet-food/2420583/iams-advance-healthy-immune-salmonchicken-cat-food-1-59kg-64aaf1a9-e0fc-4fcd-8e50-787273d81499-jpgrendition.jpg?im=whresize&wid=200&hei=200,https://media-www.canadiantire.ca/product/living/pet-care/pet-food/2420583/iams-advance-healthy-immune-salmonchicken-cat-food-1-59kg-64aaf1a9-e0fc-4fcd-8e50-787273d81499-jpgrendition.jpg?im=whresize&wid=200&hei=200,,2420583,242-0583-6,,Liquidation◊Mieux notés,66.03,"6,45","18,99"
168,"Cambridge Hespeler, ON","Lunettes antibuée anti-rayures Just1 pour sports motorisés, blanc","Lunettes antibuée anti-rayures Just1 pour sports motorisés, blanc",29.93,"29,93 $",79.99,"Était±  79,99 $prix était 79,99 $",29.93,"29,93 $",29.93,"29,93 $",true,https://www.canadiantire.ca/fr/pdp/lunettes-antibuee-anti-rayures-just1-pour-sports-motorises-blanc-0272595p.html,https://www.canadiantire.ca/fr/pdp/lunettes-antibuee-anti-rayures-just1-pour-sports-motorises-blanc-0272595p.html,https://media-www.canadiantire.ca/product/automotive/automotive-outdoor-adventure/powersport/0272595/just1-powersport-goggles-white--1d9974a8-cb35-49d4-ac69-f55e97b748eb-jpgrendition.jpg?im=whresize&wid=200&hei=200,https://media-www.canadiantire.ca/product/automotive/automotive-outdoor-adventure/powersport/0272595/just1-powersport-goggles-white--1d9974a8-cb35-49d4-ac69-f55e97b748eb-jpgrendition.jpg?im=whresize&wid=200&hei=200,,0272595,027-2595-0,Il n’en reste que 1 #027-2595-0,Liquidation◊Exclusivité,62.58,"29,93","79,99"
168,"Cambridge Hespeler, ON",Everlast Recovery 6.0 - Pistolet de massage à percussion,Everlast Recovery 6.0 - Pistolet de massage à percussion,89.93,"89,93 $",249.99,"Était±  249,99 $prix était 249,99 $",89.93,"89,93 $",89.93,"89,93 $",true,https://www.canadiantire.ca/fr/pdp/everlast-recovery-6-0-pistolet-de-massage-a-percussion-1841209p.html,https://www.canadiantire.ca/fr/pdp/everlast-recovery-6-0-pistolet-de-massage-a-percussion-1841209p.html,https://media-www.canadiantire.ca/product/playing/exercise/exercise-accessories/1841209/everlast-6-0-recovery-percussion-massage-gun-960156f7-f3eb-4148-bbca-cd7cd96375de-jpgrendition.jpg?im=whresize&wid=200&hei=200,https://media-www.canadiantire.ca/product/playing/exercise/exercise-accessories/1841209/everlast-6-0-recovery-percussion-massage-gun-960156f7-f3eb-4148-bbca-cd7cd96375de-jpgrendition.jpg?im=whresize&wid=200&hei=200,,1841209,184-1209-2,Il n’en reste que 1 #184-1209-2,Liquidation◊,64.03,"89,93","249,99"
168,"Cambridge Hespeler, ON","Ballon en aluminium satiné rond et étoiles Happy New Year, or/noir, 30 po, gonflement à l'hélium et ruban inclus, pour veille du jour de l'An","Ballon en aluminium satiné rond et étoiles Happy New Year, or/noir, 30 po, gonflement à l'hélium et ruban inclus, pour veille du jour de l'An",4.93,"4,93 $",19.99,"Était±  19,99 $prix était 19,99 $",4.93,"4,93 $",4.93,"4,93 $",true,https://www.canadiantire.ca/fr/pdp/ballon-en-aluminium-satine-rond-et-etoiles-happy-new-year-or-noir-30-po-gonflement-a-l-helium-et-ruban-inclus-pour-veille-du-jour-de-l-an-8431628p.html,https://www.canadiantire.ca/fr/pdp/ballon-en-aluminium-satine-rond-et-etoiles-happy-new-year-or-noir-30-po-gonflement-a-l-helium-et-ruban-inclus-pour-veille-du-jour-de-l-an-8431628p.html,https://media-www.partycity.ca/product/seasonal-gardening/party-city-everyday/party-city-party-supplies-decor/8431628/new-years-infused-balloon-3e7aa255-c21b-4b6f-abe0-030a23cf237c-jpgrendition.jpg?im=whresize&wid=200&hei=200,https://media-www.partycity.ca/product/seasonal-gardening/party-city-everyday/party-city-party-supplies-decor/8431628/new-years-infused-balloon-3e7aa255-c21b-4b6f-abe0-030a23cf237c-jpgrendition.jpg?im=whresize&wid=200&hei=200,,8431628,843-1628-6,Il n’en reste que 7 #843-1628-6,Liquidation◊Hélium compris,75.34,"4,93","19,99"
168,"Cambridge Hespeler, ON",Affûteur de couteau Benchstone pour établi Work Sharp,Affûteur de couteau Benchstone pour établi Work Sharp,52.49,"52,49 $",104.99,"Était±  104,99 $prix était 104,99 $",52.49,"52,49 $",52.49,"52,49 $",true,https://www.canadiantire.ca/fr/pdp/affuteur-de-couteau-benchstone-pour-etabli-work-sharp-3751452p.html,https://www.canadiantire.ca/fr/pdp/affuteur-de-couteau-benchstone-pour-etabli-work-sharp-3751452p.html,https://media-www.canadiantire.ca/product/playing/hunting/hunting-equipment/3751452/work-sharp-benchtop-benchstone-knife-sharpener-b3b58081-028e-4628-b704-82aa354d68b9-jpgrendition.jpg?im=whresize&wid=200&hei=200,https://media-www.canadiantire.ca/product/playing/hunting/hunting-equipment/3751452/work-sharp-benchtop-benchstone-knife-sharpener-b3b58081-028e-4628-b704-82aa354d68b9-jpgrendition.jpg?im=whresize&wid=200&hei=200,,3751452,375-1452-6,Il n’en reste que 1 #375-1452-6,Liquidation◊Mieux notés,50,"52,49","104,99"
168,"Cambridge Hespeler, ON",Brosse à manchette en nylon pour doublure de caisse Sure Seal Dominion,Brosse à manchette en nylon pour doublure de caisse Sure Seal Dominion,9.93,"9,93 $",39.99,"Était±  39,99 $prix était 39,99 $",9.93,"9,93 $",9.93,"9,93 $",true,https://www.canadiantire.ca/fr/pdp/brosse-a-manchette-en-nylon-pour-doublure-de-caisse-sure-seal-dominion-0479976p.html,https://www.canadiantire.ca/fr/pdp/brosse-a-manchette-en-nylon-pour-doublure-de-caisse-sure-seal-dominion-0479976p.html,https://media-www.canadiantire.ca/product/automotive/car-care-accessories/auto-body-repair/0479976/bedliner-nylon-scuff-brush-fb1198af-02e4-4e78-9992-2116f42c874b-jpgrendition.jpg?im=whresize&wid=200&hei=200,https://media-www.canadiantire.ca/product/automotive/car-care-accessories/auto-body-repair/0479976/bedliner-nylon-scuff-brush-fb1198af-02e4-4e78-9992-2116f42c874b-jpgrendition.jpg?im=whresize&wid=200&hei=200,,0479976,047-9976-4,Il n’en reste que 6 #047-9976-4,Liquidation◊,75.17,"9,93","39,99"
168,"Cambridge Hespeler, ON","Bagage de cabine souple à roulettes pivotantes Swiss Alps Canadian Collection, 19 po","Bagage de cabine souple à roulettes pivotantes Swiss Alps Canadian Collection, 19 po",57.79,"57,79 $",169.99,"Était±  169,99 $prix était 169,99 $",57.79,"57,79 $",57.79,"57,79 $",true,https://www.canadiantire.ca/fr/pdp/bagage-de-cabine-souple-a-roulettes-pivotantes-swiss-alps-canadian-collection-19-po-0762453p.html,https://www.canadiantire.ca/fr/pdp/bagage-de-cabine-souple-a-roulettes-pivotantes-swiss-alps-canadian-collection-19-po-0762453p.html,https://media-www.canadiantire.ca/product/playing/camping/backpacks-luggage-accessories/0762453/swiss-alps-canadian-carry-on-spinner-19--0fda3f7e-c417-4564-8031-39b83a07c709-jpgrendition.jpg?im=whresize&wid=200&hei=200,https://media-www.canadiantire.ca/product/playing/camping/backpacks-luggage-accessories/0762453/swiss-alps-canadian-carry-on-spinner-19--0fda3f7e-c417-4564-8031-39b83a07c709-jpgrendition.jpg?im=whresize&wid=200&hei=200,,0762453,076-2453-0,Il n’en reste que 1 #076-2453-0,Liquidation◊Mieux notés,66,"57,79","169,99"
168,"Cambridge Hespeler, ON","Bande lumineuse RVB à DEL avec Bluetooth Merkury, 2 m","Bande lumineuse RVB à DEL avec Bluetooth Merkury, 2 m",12.93,"12,93 $",29.99,"Était±  29,99 $prix était 29,99 $",12.93,"12,93 $",12.93,"12,93 $",true,https://www.canadiantire.ca/fr/pdp/bande-lumineuse-rvb-a-del-avec-bluetooth-merkury-2-m-0373144p.html,https://www.canadiantire.ca/fr/pdp/bande-lumineuse-rvb-a-del-avec-bluetooth-merkury-2-m-0373144p.html,https://media-www.canadiantire.ca/product/automotive/car-care-accessories/auto-accessories/0373144/merkury-rgbic-usb-led-strip-light-2m-with-bluetooth-e94a2e1e-f4db-4aec-9525-dfe7021a95ac-jpgrendition.jpg?im=whresize&wid=200&hei=200,https://media-www.canadiantire.ca/product/automotive/car-care-accessories/auto-accessories/0373144/merkury-rgbic-usb-led-strip-light-2m-with-bluetooth-e94a2e1e-f4db-4aec-9525-dfe7021a95ac-jpgrendition.jpg?im=whresize&wid=200&hei=200,,0373144,037-3144-4,Il n’en reste que 2 #037-3144-4,Liquidation◊,56.89,"12,93","29,99"
168,"Cambridge Hespeler, ON","Assainisseur d'air à pince pour bouche d'air Febreze AUTO, lessive fraîche, 2,2 mL, paq. 2","Assainisseur d'air à pince pour bouche d'air Febreze AUTO, lessive fraîche, 2,2 mL, paq. 2",2.93,"2,93 $",7.99,"Était±  7,99 $prix était 7,99 $",2.93,"2,93 $",2.93,"2,93 $",true,https://www.canadiantire.ca/fr/pdp/assainisseur-d-air-a-pince-pour-bouche-d-air-febreze-auto-lessive-fraiche-2-2-ml-paq-2-0374953p.html,https://www.canadiantire.ca/fr/pdp/assainisseur-d-air-a-pince-pour-bouche-d-air-febreze-auto-lessive-fraiche-2-2-ml-paq-2-0374953p.html,https://media-www.canadiantire.ca/product/automotive/car-care-accessories/auto-accessories/0374953/febreze-laundry-fresh-2-count-vent-clip-air-freshener-ab910962-4cf6-4625-b5a4-35135dc430cc-jpgrendition.jpg?im=whresize&wid=200&hei=200,https://media-www.canadiantire.ca/product/automotive/car-care-accessories/auto-accessories/0374953/febreze-laundry-fresh-2-count-vent-clip-air-freshener-ab910962-4cf6-4625-b5a4-35135dc430cc-jpgrendition.jpg?im=whresize&wid=200&hei=200,,0374953,037-4953-2,,Liquidation◊Mieux notés,63.33,"2,93","7,99"
168,"Cambridge Hespeler, ON","Assainisseur d'air à pince pour bouche d'air Febreze AUTO, brise océanique, 2,2 mL, paq. 2","Assainisseur d'air à pince pour bouche d'air Febreze AUTO, brise océanique, 2,2 mL, paq. 2",2.93,"2,93 $",7.99,"Était±  7,99 $prix était 7,99 $",2.93,"2,93 $",2.93,"2,93 $",true,https://www.canadiantire.ca/fr/pdp/assainisseur-d-air-a-pince-pour-bouche-d-air-febreze-auto-brise-oceanique-2-2-ml-paq-2-0374952p.html,https://www.canadiantire.ca/fr/pdp/assainisseur-d-air-a-pince-pour-bouche-d-air-febreze-auto-brise-oceanique-2-2-ml-paq-2-0374952p.html,https://media-www.canadiantire.ca/product/automotive/car-care-accessories/auto-accessories/0374952/febreze-ocean-breeze-2-count-vent-clip-air-freshener-dc8a709f-98dd-4667-873b-1ff80bfbd0d4-jpgrendition.jpg?im=whresize&wid=200&hei=200,https://media-www.canadiantire.ca/product/automotive/car-care-accessories/auto-accessories/0374952/febreze-ocean-breeze-2-count-vent-clip-air-freshener-dc8a709f-98dd-4667-873b-1ff80bfbd0d4-jpgrendition.jpg?im=whresize&wid=200&hei=200,,0374952,037-4952-4,,Liquidation◊Mieux notés,63.33,"2,93","7,99"
168,"Cambridge Hespeler, ON",Connecteur à lame 7 voies câble gainé à DEL de vérification Hopkins Towing Solution,Connecteur à lame 7 voies câble gainé à DEL de vérification Hopkins Towing Solution,41.93,"41,93 $",99.99,"Était±  99,99 $prix était 99,99 $",41.93,"41,93 $",41.93,"41,93 $",true,https://www.canadiantire.ca/fr/pdp/connecteur-a-lame-7-voies-cable-gaine-a-del-de-verification-hopkins-towing-solution-0409670p.html,https://www.canadiantire.ca/fr/pdp/connecteur-a-lame-7-voies-cable-gaine-a-del-de-verification-hopkins-towing-solution-0409670p.html,https://media-www.canadiantire.ca/product/automotive/automotive-outdoor-adventure/auto-travel-storage/0409670/led-test-jacketed-cable-7-blade-connector-61660711-970d-4903-a30f-cfb9c23ba3e1-jpgrendition.jpg?im=whresize&wid=200&hei=200,https://media-www.canadiantire.ca/product/automotive/automotive-outdoor-adventure/auto-travel-storage/0409670/led-test-jacketed-cable-7-blade-connector-61660711-970d-4903-a30f-cfb9c23ba3e1-jpgrendition.jpg?im=whresize&wid=200&hei=200,,0409670,040-9670-4,Il n’en reste que 1 #040-9670-4,Liquidation◊,58.07,"41,93","99,99"
168,"Cambridge Hespeler, ON","Ballon en aluminium satiné lettres It's a Boy, argent prismatique, 40 x 9 po, gonflé d'air, pour fête prénatale","Ballon en aluminium satiné lettres It's a Boy, argent prismatique, 40 x 9 po, gonflé d'air, pour fête prénatale",6.93,"6,93 $",13.99,"13,99 $Était   et+ prix était à partir de 13,99 $",6.93,"6,93 $",6.93,"6,93 $",true,https://www.canadiantire.ca/fr/pdp/ballon-en-aluminium-satine-lettres-it-s-a-boy-argent-prismatique-40-x-9-po-gonfle-d-air-pour-fete-prenatale-8423830p.html,https://www.canadiantire.ca/fr/pdp/ballon-en-aluminium-satine-lettres-it-s-a-boy-argent-prismatique-40-x-9-po-gonfle-d-air-pour-fete-prenatale-8423830p.html,https://media-www.partycity.ca/product/seasonal-gardening/party-city-everyday/party-city-party-supplies-decor/8423830/holo-blln-bloc-a38e25da-dc27-4a51-a05b-e86253537aab-jpgrendition.jpg?im=whresize&wid=200&hei=200,https://media-www.partycity.ca/product/seasonal-gardening/party-city-everyday/party-city-party-supplies-decor/8423830/holo-blln-bloc-a38e25da-dc27-4a51-a05b-e86253537aab-jpgrendition.jpg?im=whresize&wid=200&hei=200,,8423830,842-3830-2,Il n’en reste que 2 #842-3830-2,Liquidation◊,50.46,"6,93","13,99"
168,"Cambridge Hespeler, ON",Bottes d'hiver Outbound Torrent pour hommes,Bottes d'hiver Outbound Torrent pour hommes,29.93,"29,93 $",69.99,"69,99 $Était   et+ prix était à partir de 69,99 $",29.93,"29,93 $",29.93,"29,93 $",true,https://www.canadiantire.ca/fr/pdp/bottes-d-hiver-outbound-torrent-pour-hommes-1873705p.html,https://www.canadiantire.ca/fr/pdp/bottes-d-hiver-outbound-torrent-pour-hommes-1873705p.html,https://media-www.canadiantire.ca/product/playing/footwear-apparel/winter-footwear-apparel/1873705/men-s-torrent-7-cfcf9c33-d08c-4520-a3d2-87b94bf7510c-jpgrendition.jpg?im=whresize&wid=200&hei=200,https://media-www.canadiantire.ca/product/playing/footwear-apparel/winter-footwear-apparel/1873705/men-s-torrent-7-cfcf9c33-d08c-4520-a3d2-87b94bf7510c-jpgrendition.jpg?im=whresize&wid=200&hei=200,,1873705,187-3705,Vérifiez la disponibilité#187-3705X,Liquidation◊Exclusivité,57.24,"29,93","69,99"
168,"Cambridge Hespeler, ON","Plaque d’interrupteur à bascule double Atron Electro Industries 2163RBR, 2 dispositifs, bronze","Plaque d’interrupteur à bascule double Atron Electro Industries 2163RBR, 2 dispositifs, bronze",2.93,"2,93 $",5.99,"Était±  5,99 $prix était 5,99 $",2.93,"2,93 $",2.93,"2,93 $",true,https://www.canadiantire.ca/fr/pdp/plaque-d-interrupteur-a-bascule-double-atron-electro-industries-2163rbr-2-dispositifs-bronze-0522734p.html,https://www.canadiantire.ca/fr/pdp/plaque-d-interrupteur-a-bascule-double-atron-electro-industries-2163rbr-2-dispositifs-bronze-0522734p.html,https://media-www.canadiantire.ca/product/fixing/electrical/rough-electrical/0522734/traditional-brass-double-toggle-e6bf7054-1839-4fba-ac14-90ed9f6a3d8f-jpgrendition.jpg?im=whresize&wid=200&hei=200,https://media-www.canadiantire.ca/product/fixing/electrical/rough-electrical/0522734/traditional-brass-double-toggle-e6bf7054-1839-4fba-ac14-90ed9f6a3d8f-jpgrendition.jpg?im=whresize&wid=200&hei=200,,0522734,052-2734-8,Il n’en reste que 2 #052-2734-8,Liquidation◊,51.09,"2,93","5,99"
168,"Cambridge Hespeler, ON","Bretelle pour carabine Allen Mossy Oak Stoneville, camouflage","Bretelle pour carabine Allen Mossy Oak Stoneville, camouflage",6.93,"6,93 $",19.99,"Était±  19,99 $prix était 19,99 $",6.93,"6,93 $",6.93,"6,93 $",true,https://www.canadiantire.ca/fr/pdp/bretelle-pour-carabine-allen-mossy-oak-stoneville-camouflage-0750793p.html,https://www.canadiantire.ca/fr/pdp/bretelle-pour-carabine-allen-mossy-oak-stoneville-camouflage-0750793p.html,https://media-www.canadiantire.ca/product/playing/hunting/hunting-accessories/0750793/stoneville-gun-sling-3a925c0c-6b4a-4e08-a513-d2c0a02362fe-jpgrendition.jpg?im=whresize&wid=200&hei=200,https://media-www.canadiantire.ca/product/playing/hunting/hunting-accessories/0750793/stoneville-gun-sling-3a925c0c-6b4a-4e08-a513-d2c0a02362fe-jpgrendition.jpg?im=whresize&wid=200&hei=200,,0750793,075-0793-4,Il n’en reste que 3 #075-0793-4,Liquidation◊,65.33,"6,93","19,99"
168,"Cambridge Hespeler, ON","Dandinette pour pêche blanche Lunkerhunt Bait Down en tungstène, 1/16 oz","Dandinette pour pêche blanche Lunkerhunt Bait Down en tungstène, 1/16 oz",1.93,"1,93 $",4.99,"4,99 $Était   et+ prix était à partir de 4,99 $",1.93,"1,93 $",1.93,"1,93 $",true,https://www.canadiantire.ca/fr/pdp/dandinette-pour-peche-blanche-lunkerhunt-bait-down-en-tungstene-1-16-oz-0771204p.html,https://www.canadiantire.ca/fr/pdp/dandinette-pour-peche-blanche-lunkerhunt-bait-down-en-tungstene-1-16-oz-0771204p.html,https://media-www.canadiantire.ca/product/playing/fishing/ice-fishing/0781819/lunkerhunt-tungsten-bait-down-jig-1-16-chartreuseglow-sz10hk-423f2685-4fd5-4294-8c26-8a01b5d0f891-jpgrendition.jpg?im=whresize&wid=200&hei=200,https://media-www.canadiantire.ca/product/playing/fishing/ice-fishing/0781819/lunkerhunt-tungsten-bait-down-jig-1-16-chartreuseglow-sz10hk-423f2685-4fd5-4294-8c26-8a01b5d0f891-jpgrendition.jpg?im=whresize&wid=200&hei=200,,0771204,077-1204,Vérifiez la disponibilité#077-1204X,Liquidation◊,61.32,"1,93","4,99"
168,"Cambridge Hespeler, ON","Collier réglable à carreaux pour chiens Petco, moyen","Collier réglable à carreaux pour chiens Petco, moyen",9.93,"9,93 $",21.99,"Était±  21,99 $prix était 21,99 $",9.93,"9,93 $",9.93,"9,93 $",true,https://www.canadiantire.ca/fr/pdp/collier-reglable-a-carreaux-pour-chiens-petco-moyen-1424433p.html,https://www.canadiantire.ca/fr/pdp/collier-reglable-a-carreaux-pour-chiens-petco-moyen-1424433p.html,https://media-www.canadiantire.ca/product/living/pet-care/pet-accessories/1424433/petco-buffalo-check-dog-collar-15-18-medium-ed075dc3-774c-45ac-b807-194a64c4f444-jpgrendition.jpg?im=whresize&wid=200&hei=200,https://media-www.canadiantire.ca/product/living/pet-care/pet-accessories/1424433/petco-buffalo-check-dog-collar-15-18-medium-ed075dc3-774c-45ac-b807-194a64c4f444-jpgrendition.jpg?im=whresize&wid=200&hei=200,,1424433,142-4433-8,Il n’en reste que 2 #142-4433-8,Liquidation◊Mieux notés,54.84,"9,93","21,99"
168,"Cambridge Hespeler, ON","PAWS UP! Gâteries pour chiens nacho sans cuir brut, paq. 12","PAWS UP! Gâteries pour chiens nacho sans cuir brut, paq. 12",4.93,"4,93 $",9.99,"Était±  9,99 $prix était 9,99 $",4.93,"4,93 $",4.93,"4,93 $",true,https://www.canadiantire.ca/fr/pdp/paws-up-gateries-pour-chiens-nacho-sans-cuir-brut-paq-12-2420632p.html,https://www.canadiantire.ca/fr/pdp/paws-up-gateries-pour-chiens-nacho-sans-cuir-brut-paq-12-2420632p.html,https://media-www.canadiantire.ca/product/living/pet-care/pet-food/2420632/paws-up-nacho-dog-treats-12-pieces-c6a29937-994a-4c2f-b772-db4fd8d47c8a-jpgrendition.jpg?im=whresize&wid=200&hei=200,https://media-www.canadiantire.ca/product/living/pet-care/pet-food/2420632/paws-up-nacho-dog-treats-12-pieces-c6a29937-994a-4c2f-b772-db4fd8d47c8a-jpgrendition.jpg?im=whresize&wid=200&hei=200,,2420632,242-0632-0,,Liquidation◊Mieux notés,50.65,"4,93","9,99"
168,"Cambridge Hespeler, ON","Plaque d'interrupteur à bascule Atron Estate Electro Industries 2490RR, 2 dispositifs, blanc et nickel satiné","Plaque d'interrupteur à bascule Atron Estate Electro Industries 2490RR, 2 dispositifs, blanc et nickel satiné",3.93,"3,93 $",7.99,"Était±  7,99 $prix était 7,99 $",3.93,"3,93 $",3.93,"3,93 $",true,https://www.canadiantire.ca/fr/pdp/plaque-d-interrupteur-a-bascule-atron-estate-electro-industries-2490rr-2-dispositifs-blanc-et-nickel-satine-0522753p.html,https://www.canadiantire.ca/fr/pdp/plaque-d-interrupteur-a-bascule-atron-estate-electro-industries-2490rr-2-dispositifs-blanc-et-nickel-satine-0522753p.html,https://media-www.canadiantire.ca/product/fixing/electrical/rough-electrical/0522753/estate-white-on-satin-nickel-double-rocker-6d123712-a7f2-426c-9ac2-bb9ca385e94f-jpgrendition.jpg?im=whresize&wid=200&hei=200,https://media-www.canadiantire.ca/product/fixing/electrical/rough-electrical/0522753/estate-white-on-satin-nickel-double-rocker-6d123712-a7f2-426c-9ac2-bb9ca385e94f-jpgrendition.jpg?im=whresize&wid=200&hei=200,,0522753,052-2753-2,Il n’en reste que 3 #052-2753-2,Liquidation◊Mieux notés,50.81,"3,93","7,99"
