store_id,city,name,title,price,price_raw,regular_price,regular_price_raw,liquidation_price,liquidation_price_raw,sale_price,sale_price_raw,liquidation,url,link,image,image_url,product_id,sku,sku_formatted,availability,badges,discount_percent,price_sale_clean,price_original_clean
231,"Laval Vimont, QC","Échelle de piscine en A en acier Bestway Flowclear avec rampe, 42 po","Échelle de piscine en A en acier Bestway Flowclear avec rampe, 42 po",29.9,"29,90 $",99.99,"Était±  99,99 $prix était 99,99 $",29.9,"29,90 $",29.9,"29,90 $",true,https://www.canadiantire.ca/fr/pdp/echelle-de-piscine-en-a-en-acier-bestway-flowclear-avec-rampe-42-po-0813926p.html,https://www.canadiantire.ca/fr/pdp/echelle-de-piscine-en-a-en-acier-bestway-flowclear-avec-rampe-42-po-0813926p.html,https://media-www.canadiantire.ca/product/seasonal-gardening/backyard-fun/pool-maintenance/0813926/42-pool-ladder-1e5af39a-d711-4efc-88d9-7f79508fac9d-jpgrendition.jpg?im=whresize&wid=200&hei=200,https://media-www.canadiantire.ca/product/seasonal-gardening/backyard-fun/pool-maintenance/0813926/42-pool-ladder-1e5af39a-d711-4efc-88d9-7f79508fac9d-jpgrendition.jpg?im=whresize&wid=200&hei=200,,0813926,081-3926-6,22 En Stock#081-3926-6,Liquidation◊,70.1,"29,90","99,99"
231,"Laval Vimont, QC",Garde-robe à miroir rétractable Canvas,Garde-robe à miroir rétractable Canvas,199.93,"199,93 $",499.99,"Était±  499,99 $prix était 499,99 $",199.93,"199,93 $",199.93,"199,93 $",true,https://www.canadiantire.ca/fr/pdp/garde-robe-a-miroir-retractable-canvas-1680201p.html,https://www.canadiantire.ca/fr/pdp/garde-robe-a-miroir-retractable-canvas-1680201p.html,https://media-www.canadiantire.ca/product/living/home-decor/furniture/1680201/canvas-wardrobe-with-pullout-mirror-22f525bf-93c2-43fc-b5b1-e5ba5516f382-jpgrendition.jpg?im=whresize&wid=200&hei=200,https://media-www.canadiantire.ca/product/living/home-decor/furniture/1680201/canvas-wardrobe-with-pullout-mirror-22f525bf-93c2-43fc-b5b1-e5ba5516f382-jpgrendition.jpg?im=whresize&wid=200&hei=200,,1680201,168-0201-4,Il n’en reste que 1 #168-0201-4,Liquidation◊Exclusivité,60.01,"199,93","499,99"
231,"Laval Vimont, QC",Garde-manger polyvalent Canvas Wittmore,Garde-manger polyvalent Canvas Wittmore,199.93,"199,93 $",499.99,"Était±  499,99 $prix était 499,99 $",199.93,"199,93 $",199.93,"199,93 $",true,https://www.canadiantire.ca/fr/pdp/garde-manger-polyvalent-canvas-wittmore-1680200p.html,https://www.canadiantire.ca/fr/pdp/garde-manger-polyvalent-canvas-wittmore-1680200p.html,https://media-www.canadiantire.ca/product/living/home-decor/furniture/1680200/canvas-whittmore-pantry-cabinet-88855d97-fc3c-4726-984c-bc946be0a9b7-jpgrendition.jpg?im=whresize&wid=200&hei=200,https://media-www.canadiantire.ca/product/living/home-decor/furniture/1680200/canvas-whittmore-pantry-cabinet-88855d97-fc3c-4726-984c-bc946be0a9b7-jpgrendition.jpg?im=whresize&wid=200&hei=200,,1680200,168-0200-6,Il n’en reste que 1 #168-0200-6,Liquidation◊Exclusivité,60.01,"199,93","499,99"
231,"Laval Vimont, QC","Tasses à mesurer empilables en plastique MASTER Chef, paq. 10","Tasses à mesurer empilables en plastique MASTER Chef, paq. 10",10,"10,00 $",24.99,"Était±  24,99 $prix était 24,99 $",10,"10,00 $",10,"10,00 $",true,https://www.canadiantire.ca/fr/pdp/tasses-a-mesurer-empilables-en-plastique-master-chef-paq-10-1429676p.html,https://www.canadiantire.ca/fr/pdp/tasses-a-mesurer-empilables-en-plastique-master-chef-paq-10-1429676p.html,https://media-www.canadiantire.ca/product/living/kitchen/bakeware-baking-prep/1429676/master-chef-10pc-measuring-cup-set-73c761cb-c28c-42fe-a32e-f57a30c6b9a6-jpgrendition.jpg?im=whresize&wid=200&hei=200,https://media-www.canadiantire.ca/product/living/kitchen/bakeware-baking-prep/1429676/master-chef-10pc-measuring-cup-set-73c761cb-c28c-42fe-a32e-f57a30c6b9a6-jpgrendition.jpg?im=whresize&wid=200&hei=200,,1429676,142-9676-0,69 En Stock#142-9676-0,Liquidation◊Mieux notés,59.98,"10,00","24,99"
231,"Laval Vimont, QC","Lit de camp pliant portatif pour chiens Woods DOG-WOOD avec sac de transport, capacité de 70 lb, bleu","Lit de camp pliant portatif pour chiens Woods DOG-WOOD avec sac de transport, capacité de 70 lb, bleu",19.9,"19,90 $",79.99,"Était±  79,99 $prix était 79,99 $",19.9,"19,90 $",19.9,"19,90 $",true,https://www.canadiantire.ca/fr/pdp/lit-de-camp-pliant-portatif-pour-chiens-woods-dog-wood-avec-sac-de-transport-capacite-de-70-lb-bleu-0766424p.html,https://www.canadiantire.ca/fr/pdp/lit-de-camp-pliant-portatif-pour-chiens-woods-dog-wood-avec-sac-de-transport-capacite-de-70-lb-bleu-0766424p.html,https://media-www.canadiantire.ca/product/playing/camping/camping-accessories/0766424/woods-dogwood-quad-fold-pet-cot-fe2e4cef-58fa-4578-93b8-795fe70105e1-jpgrendition.jpg?im=whresize&wid=200&hei=200,https://media-www.canadiantire.ca/product/playing/camping/camping-accessories/0766424/woods-dogwood-quad-fold-pet-cot-fe2e4cef-58fa-4578-93b8-795fe70105e1-jpgrendition.jpg?im=whresize&wid=200&hei=200,,0766424,076-6424-6,19 En Stock#076-6424-6,Liquidation◊Mieux notés,75.12,"19,90","79,99"
231,"Laval Vimont, QC","Jouet aquatique gonflable Soak N' Splash & Slide avec gicleur, bleu, 16 pi, 5 ans et plus, pour plage/piscine","Jouet aquatique gonflable Soak N' Splash & Slide avec gicleur, bleu, 16 pi, 5 ans et plus, pour plage/piscine",4.9,"4,90 $",14.99,"Était±  14,99 $prix était 14,99 $",4.9,"4,90 $",4.9,"4,90 $",true,https://www.canadiantire.ca/fr/pdp/jouet-aquatique-gonflable-soak-n-splash-slide-avec-gicleur-bleu-16-pi-5-ans-et-plus-pour-plage-piscine-0504211p.html,https://www.canadiantire.ca/fr/pdp/jouet-aquatique-gonflable-soak-n-splash-slide-avec-gicleur-bleu-16-pi-5-ans-et-plus-pour-plage-piscine-0504211p.html,https://media-www.canadiantire.ca/product/seasonal-gardening/toys/seasonal-toys/0504211/soak-n-splash-water-slide-16--6fa00059-6643-4304-ad97-12a017f202a2-jpgrendition.jpg?im=whresize&wid=200&hei=200,https://media-www.canadiantire.ca/product/seasonal-gardening/toys/seasonal-toys/0504211/soak-n-splash-water-slide-16--6fa00059-6643-4304-ad97-12a017f202a2-jpgrendition.jpg?im=whresize&wid=200&hei=200,,0504211,050-4211-4,Il n’en reste que 7 #050-4211-4,Liquidation◊,67.31,"4,90","14,99"
231,"Laval Vimont, QC","Housse de pare-brise 2-en-1 MyRide pour soleil et neige, convient à la plupart des véhicules","Housse de pare-brise 2-en-1 MyRide pour soleil et neige, convient à la plupart des véhicules",9.9,"9,90 $",32.99,"Était±  32,99 $prix était 32,99 $",9.9,"9,90 $",9.9,"9,90 $",true,https://www.canadiantire.ca/fr/pdp/housse-de-pare-brise-2-en-1-myride-pour-soleil-et-neige-convient-a-la-plupart-des-vehicules-0304491p.html,https://www.canadiantire.ca/fr/pdp/housse-de-pare-brise-2-en-1-myride-pour-soleil-et-neige-convient-a-la-plupart-des-vehicules-0304491p.html,https://media-www.canadiantire.ca/product/automotive/car-care-accessories/auto-winter-accessories/0304491/myride-sun-and-snow-windshield-cover-1d0e1f73-cc79-4090-b8a5-bdaefbe970b7-jpgrendition.jpg?im=whresize&wid=200&hei=200,https://media-www.canadiantire.ca/product/automotive/car-care-accessories/auto-winter-accessories/0304491/myride-sun-and-snow-windshield-cover-1d0e1f73-cc79-4090-b8a5-bdaefbe970b7-jpgrendition.jpg?im=whresize&wid=200&hei=200,,0304491,030-4491-4,305 En Stock#030-4491-4,Liquidation◊Articles à succès,69.99,"9,90","32,99"
231,"Laval Vimont, QC","Service de vaisselle en porcelaine festonnée CANVAS Odessa, blanc, paq. 12","Service de vaisselle en porcelaine festonnée CANVAS Odessa, blanc, paq. 12",29.9,"29,90 $",79.99,"Était±  79,99 $prix était 79,99 $",29.9,"29,90 $",29.9,"29,90 $",true,https://www.canadiantire.ca/fr/pdp/service-de-vaisselle-en-porcelaine-festonnee-canvas-odessa-blanc-paq-12-2421125p.html,https://www.canadiantire.ca/fr/pdp/service-de-vaisselle-en-porcelaine-festonnee-canvas-odessa-blanc-paq-12-2421125p.html,https://media-www.canadiantire.ca/product/living/kitchen/dining-and-entertaining/2421125/canvas-12-pc-scalloped-porcelain-dinnerware-set-ee9e4e35-9ab4-4375-aacf-2b058a08cc90-jpgrendition.jpg?im=whresize&wid=200&hei=200,https://media-www.canadiantire.ca/product/living/kitchen/dining-and-entertaining/2421125/canvas-12-pc-scalloped-porcelain-dinnerware-set-ee9e4e35-9ab4-4375-aacf-2b058a08cc90-jpgrendition.jpg?im=whresize&wid=200&hei=200,,2421125,242-1125-2,85 En Stock#242-1125-2,Liquidation◊Mieux notés,62.62,"29,90","79,99"
231,"Laval Vimont, QC","Toile pare soleil triangulaire ShelterLogic, 12 pi","Toile pare soleil triangulaire ShelterLogic, 12 pi",24.93,"24,93 $",54.99,"Était±  54,99 $prix était 54,99 $",24.93,"24,93 $",24.93,"24,93 $",true,https://www.canadiantire.ca/fr/pdp/toile-pare-soleil-triangulaire-shelterlogic-12-pi-0882307p.html,https://www.canadiantire.ca/fr/pdp/toile-pare-soleil-triangulaire-shelterlogic-12-pi-0882307p.html,https://media-www.canadiantire.ca/product/seasonal-gardening/backyard-living/outdoor-furniture/0882240/shelter-logic-triangle-shade-sail-12--2c190960-0271-482d-a439-b31dbf8f42e7-jpgrendition.jpg?im=whresize&wid=200&hei=200,https://media-www.canadiantire.ca/product/seasonal-gardening/backyard-living/outdoor-furniture/0882240/shelter-logic-triangle-shade-sail-12--2c190960-0271-482d-a439-b31dbf8f42e7-jpgrendition.jpg?im=whresize&wid=200&hei=200,,0882307,088-2307-2,11 En Stock#088-2307-2,Liquidation◊,54.66,"24,93","54,99"
231,"Laval Vimont, QC","Ponceuse à bande Mastercraft 20 V, sans balais","Ponceuse à bande Mastercraft 20 V, sans balais",49.9,"49,90 $",134.99,"Était±  134,99 $prix était 134,99 $",49.9,"49,90 $",49.9,"49,90 $",true,https://www.canadiantire.ca/fr/pdp/ponceuse-a-bande-mastercraft-20-v-sans-balais-0547577p.html,https://www.canadiantire.ca/fr/pdp/ponceuse-a-bande-mastercraft-20-v-sans-balais-0547577p.html,https://media-www.canadiantire.ca/product/fixing/tools/portable-power-tools/0547577/mastercraft-20v-belt-sander-29b77927-3d92-4f92-b246-28781e24ea2d-jpgrendition.jpg?im=whresize&wid=200&hei=200,https://media-www.canadiantire.ca/product/fixing/tools/portable-power-tools/0547577/mastercraft-20v-belt-sander-29b77927-3d92-4f92-b246-28781e24ea2d-jpgrendition.jpg?im=whresize&wid=200&hei=200,,0547577,054-7577-8,22 En Stock#054-7577-8,Liquidation◊Mieux notés,63.03,"49,90","134,99"
231,"Laval Vimont, QC","Ensemble de détente pour l’extérieur ou la terrasse en acier CANVAS Gates, paq. 4","Ensemble de détente pour l’extérieur ou la terrasse en acier CANVAS Gates, paq. 4",799.9,"799,90 $",1699.99,"Était±  1 699,99 $prix était 1 699,99 $",799.9,"799,90 $",799.9,"799,90 $",true,https://www.canadiantire.ca/fr/pdp/ensemble-de-detente-pour-l-exterieur-ou-la-terrasse-en-acier-canvas-gates-paq-4-1880267p.html,https://www.canadiantire.ca/fr/pdp/ensemble-de-detente-pour-l-exterieur-ou-la-terrasse-en-acier-canvas-gates-paq-4-1880267p.html,https://media-www.canadiantire.ca/product/seasonal-gardening/backyard-living/outdoor-furniture/1880267/canvas-gates-4-piece-conversation-set-4fb798ad-8085-4015-8aab-3afbb2f3e32e-jpgrendition.jpg?im=whresize&wid=200&hei=200,https://media-www.canadiantire.ca/product/seasonal-gardening/backyard-living/outdoor-furniture/1880267/canvas-gates-4-piece-conversation-set-4fb798ad-8085-4015-8aab-3afbb2f3e32e-jpgrendition.jpg?im=whresize&wid=200&hei=200,,1880267,188-0267-0,8 En Stock#188-0267-0,Liquidation◊Mieux notés,52.95,"799,90","1699,99"
231,"Laval Vimont, QC","Table d'appoint d'extérieur en plastique recyclé Muskoka Arrowhead CANVAS, 16,4 x 19 x 18 po, couleurs variées","Table d'appoint d'extérieur en plastique recyclé Muskoka Arrowhead CANVAS, 16,4 x 19 x 18 po, couleurs variées",69.9,"69,90 $",149.99,"149,99 $Était   et+ prix était à partir de 149,99 $",69.9,"69,90 $",69.9,"69,90 $",true,https://www.canadiantire.ca/fr/pdp/table-d-appoint-d-exterieur-en-plastique-recycle-muskoka-arrowhead-canvas-16-4-x-19-x-18-po-couleurs-variees-0882257p.html,https://www.canadiantire.ca/fr/pdp/table-d-appoint-d-exterieur-en-plastique-recycle-muskoka-arrowhead-canvas-16-4-x-19-x-18-po-couleurs-variees-0882257p.html,https://media-www.canadiantire.ca/product/seasonal-gardening/backyard-living/outdoor-furniture/0882285/canvas-arrowhead-muskoka-side-table-red-e8712c87-417b-4724-bd2f-f884d7195dc0-jpgrendition.jpg?im=whresize&wid=200&hei=200,https://media-www.canadiantire.ca/product/seasonal-gardening/backyard-living/outdoor-furniture/0882285/canvas-arrowhead-muskoka-side-table-red-e8712c87-417b-4724-bd2f-f884d7195dc0-jpgrendition.jpg?im=whresize&wid=200&hei=200,,0882257,088-2257,Vérifiez la disponibilité#088-2257X,Liquidation◊Mieux notés,53.4,"69,90","149,99"
231,"Laval Vimont, QC","Bouteille d'eau isotherme en acier inoxydable à rotation Owala FreeSip, sans BPA, choix de couleurs, 24 oz","Bouteille d'eau isotherme en acier inoxydable à rotation Owala FreeSip, sans BPA, choix de couleurs, 24 oz",19.93,"19,93 $",41.99,"41,99 $Était   et+ prix était à partir de 41,99 $",19.93,"19,93 $",19.93,"19,93 $",true,https://www.canadiantire.ca/fr/pdp/bouteille-d-eau-isotherme-en-acier-inoxydable-a-rotation-owala-freesip-sans-bpa-choix-de-couleurs-24-oz-2425435p.html,https://www.canadiantire.ca/fr/pdp/bouteille-d-eau-isotherme-en-acier-inoxydable-a-rotation-owala-freesip-sans-bpa-choix-de-couleurs-24-oz-2425435p.html,https://media-www.canadiantire.ca/product/living/kitchen/food-storage/2425436/owala-24oz-freesip-twist-water-bottle-sleepy-lavender-5af8f9a9-6c8d-4f41-bcba-abcafe8f1759-jpgrendition.jpg?im=whresize&wid=200&hei=200,https://media-www.canadiantire.ca/product/living/kitchen/food-storage/2425436/owala-24oz-freesip-twist-water-bottle-sleepy-lavender-5af8f9a9-6c8d-4f41-bcba-abcafe8f1759-jpgrendition.jpg?im=whresize&wid=200&hei=200,,2425435,242-5435,Vérifiez la disponibilité#242-5435X,Liquidation◊Mieux notés,52.54,"19,93","41,99"
231,"Laval Vimont, QC","Tasse de voyage à double paroi avec poignée Bubba Keg Classic, 20 oz, choix de couleurs","Tasse de voyage à double paroi avec poignée Bubba Keg Classic, 20 oz, choix de couleurs",9.93,"9,93 $",24.99,"24,99 $Était   et+ prix était à partir de 24,99 $",9.93,"9,93 $",9.93,"9,93 $",true,https://www.canadiantire.ca/fr/pdp/tasse-de-voyage-a-double-paroi-avec-poignee-bubba-keg-classic-20-oz-choix-de-couleurs-2425153p.html,https://www.canadiantire.ca/fr/pdp/tasse-de-voyage-a-double-paroi-avec-poignee-bubba-keg-classic-20-oz-choix-de-couleurs-2425153p.html,https://media-www.canadiantire.ca/product/living/kitchen/food-storage/2425154/bubba-20-oz-keg-mug-magenta-0effc0af-c6a5-482f-b1fb-0de772f237a0-jpgrendition.jpg?im=whresize&wid=200&hei=200,https://media-www.canadiantire.ca/product/living/kitchen/food-storage/2425154/bubba-20-oz-keg-mug-magenta-0effc0af-c6a5-482f-b1fb-0de772f237a0-jpgrendition.jpg?im=whresize&wid=200&hei=200,,2425153,242-5153,Vérifiez la disponibilité#242-5153X,Liquidation◊Mieux notés,60.26,"9,93","24,99"
231,"Laval Vimont, QC","Bluehive - Ecouteurs boutons sans fil, 22h autonomie et charge rapide","Bluehive - Ecouteurs boutons sans fil, 22h autonomie et charge rapide",15.85,"15,85 $",39.99,"Était±  39,99 $prix était 39,99 $",15.85,"15,85 $",15.85,"15,85 $",true,https://www.canadiantire.ca/fr/pdp/bluehive-ecouteurs-boutons-sans-fil-22h-autonomie-et-charge-rapide-0355551p.html,https://www.canadiantire.ca/fr/pdp/bluehive-ecouteurs-boutons-sans-fil-22h-autonomie-et-charge-rapide-0355551p.html,https://media-www.canadiantire.ca/product/automotive/car-care-accessories/auto-electronics/0355551/bluehive-bluepods-true-wireless-earbuds-d801aae0-977a-4b93-998a-00bad4241385-jpgrendition.jpg?im=whresize&wid=200&hei=200,https://media-www.canadiantire.ca/product/automotive/car-care-accessories/auto-electronics/0355551/bluehive-bluepods-true-wireless-earbuds-d801aae0-977a-4b93-998a-00bad4241385-jpgrendition.jpg?im=whresize&wid=200&hei=200,,0355551,035-5551-6,113 En Stock#035-5551-6,Liquidation◊Exclusivité,60.37,"15,85","39,99"
231,"Laval Vimont, QC",Affûteur de couteaux et de ciseaux facile à utiliser en 3 étapes MASTER Chef,Affûteur de couteaux et de ciseaux facile à utiliser en 3 étapes MASTER Chef,5.9,"5,90 $",18.99,"Était±  18,99 $prix était 18,99 $",5.9,"5,90 $",5.9,"5,90 $",true,https://www.canadiantire.ca/fr/pdp/affuteur-de-couteaux-et-de-ciseaux-facile-a-utiliser-en-3-etapes-master-chef-2421029p.html,https://www.canadiantire.ca/fr/pdp/affuteur-de-couteaux-et-de-ciseaux-facile-a-utiliser-en-3-etapes-master-chef-2421029p.html,https://media-www.canadiantire.ca/product/living/kitchen/cutlery/2421029/master-chef-3stage-knife-sharpener-b9ab2767-c8c0-473e-a296-6cb70527856a-jpgrendition.jpg?im=whresize&wid=200&hei=200,https://media-www.canadiantire.ca/product/living/kitchen/cutlery/2421029/master-chef-3stage-knife-sharpener-b9ab2767-c8c0-473e-a296-6cb70527856a-jpgrendition.jpg?im=whresize&wid=200&hei=200,,2421029,242-1029-2,216 En Stock#242-1029-2,Liquidation◊Exclusivité,68.93,"5,90","18,99"
231,"Laval Vimont, QC","Fauteuil de salle à manger de jardin/d'extérieur en osier CANVAS Jasper, toute saison, paq. 2","Fauteuil de salle à manger de jardin/d'extérieur en osier CANVAS Jasper, toute saison, paq. 2",179.93,"179,93 $",499.99,"Était±  499,99 $prix était 499,99 $",179.93,"179,93 $",179.93,"179,93 $",true,https://www.canadiantire.ca/fr/pdp/fauteuil-de-salle-a-manger-de-jardin-d-exterieur-en-osier-canvas-jasper-toute-saison-paq-2-1880272p.html,https://www.canadiantire.ca/fr/pdp/fauteuil-de-salle-a-manger-de-jardin-d-exterieur-en-osier-canvas-jasper-toute-saison-paq-2-1880272p.html,https://media-www.canadiantire.ca/product/seasonal-gardening/backyard-living/outdoor-furniture/1880272/canvas-jasper-dining-chair-2pk-2a5479fd-5f27-4f3d-85e2-8b4b9fa230c9-jpgrendition.jpg?im=whresize&wid=200&hei=200,https://media-www.canadiantire.ca/product/seasonal-gardening/backyard-living/outdoor-furniture/1880272/canvas-jasper-dining-chair-2pk-2a5479fd-5f27-4f3d-85e2-8b4b9fa230c9-jpgrendition.jpg?im=whresize&wid=200&hei=200,,1880272,188-0272-6,Il n’en reste que 1 #188-0272-6,Liquidation◊Exclusivité,64.01,"179,93","499,99"
231,"Laval Vimont, QC","Gaufrier miniature compact antiadhésif en forme de coeur Dash, rouge","Gaufrier miniature compact antiadhésif en forme de coeur Dash, rouge",9.93,"9,93 $",20.99,"Était±  20,99 $prix était 20,99 $",9.93,"9,93 $",9.93,"9,93 $",true,https://www.canadiantire.ca/fr/pdp/gaufrier-miniature-compact-antiadhesif-en-forme-de-coeur-dash-rouge-0430375p.html,https://www.canadiantire.ca/fr/pdp/gaufrier-miniature-compact-antiadhesif-en-forme-de-coeur-dash-rouge-0430375p.html,https://media-www.canadiantire.ca/product/living/kitchen/kitchen-appliances/0430375/dash-heart-mini-waffle-maker-red-5355d5fb-cea9-4969-88de-99bf11ab3589-jpgrendition.jpg?im=whresize&wid=200&hei=200,https://media-www.canadiantire.ca/product/living/kitchen/kitchen-appliances/0430375/dash-heart-mini-waffle-maker-red-5355d5fb-cea9-4969-88de-99bf11ab3589-jpgrendition.jpg?im=whresize&wid=200&hei=200,,0430375,043-0375-6,Il n’en reste que 1 #043-0375-6,Liquidation◊Mieux notés,52.69,"9,93","20,99"
231,"Laval Vimont, QC","Étagère de rangement saisonnier Mastercraft avec chariot plateforme roulant, noir, 166,37 x 90,17 x 172,72 cm(65,5 x 35,5 x 68 po)","Étagère de rangement saisonnier Mastercraft avec chariot plateforme roulant, noir, 166,37 x 90,17 x 172,72 cm(65,5 x 35,5 x 68 po)",129.9,"129,90 $",299.99,"Était±  299,99 $prix était 299,99 $",129.9,"129,90 $",129.9,"129,90 $",true,https://www.canadiantire.ca/fr/pdp/etagere-de-rangement-saisonnier-mastercraft-avec-chariot-plateforme-roulant-noir-166-37-x-90-17-x-172-72-cm-65-5-x-35-5-x-68-po-0681822p.html,https://www.canadiantire.ca/fr/pdp/etagere-de-rangement-saisonnier-mastercraft-avec-chariot-plateforme-roulant-noir-166-37-x-90-17-x-172-72-cm-65-5-x-35-5-x-68-po-0681822p.html,https://media-www.canadiantire.ca/product/fixing/tools/garage-organization/0681822/mastercraft-seasonal-storage-rack-4657eb31-2d51-419f-a388-3dcc3e45f853-jpgrendition.jpg?im=whresize&wid=200&hei=200,https://media-www.canadiantire.ca/product/fixing/tools/garage-organization/0681822/mastercraft-seasonal-storage-rack-4657eb31-2d51-419f-a388-3dcc3e45f853-jpgrendition.jpg?im=whresize&wid=200&hei=200,,0681822,068-1822-8,24 En Stock#068-1822-8,Liquidation◊Mieux notés,56.7,"129,90","299,99"
231,"Laval Vimont, QC","Système de chasse-neige Kolpin Switchblade 17-0000 pour VTT, 48 à 60 po","Système de chasse-neige Kolpin Switchblade 17-0000 pour VTT, 48 à 60 po",259.93,"259,93 $",539.99,"Était±  539,99 $prix était 539,99 $",259.93,"259,93 $",259.93,"259,93 $",true,https://www.canadiantire.ca/fr/pdp/systeme-de-chasse-neige-kolpin-switchblade-17-0000-pour-vtt-48-a-60-po-0278190p.html,https://www.canadiantire.ca/fr/pdp/systeme-de-chasse-neige-kolpin-switchblade-17-0000-pour-vtt-48-a-60-po-0278190p.html,https://media-www.canadiantire.ca/product/automotive/automotive-outdoor-adventure/powersport/0278190/kolpin-switchblade-atv-snow-plow-52354734-5dda-4ae2-b6c8-873c986b6c5e-jpgrendition.jpg?im=whresize&wid=200&hei=200,https://media-www.canadiantire.ca/product/automotive/automotive-outdoor-adventure/powersport/0278190/kolpin-switchblade-atv-snow-plow-52354734-5dda-4ae2-b6c8-873c986b6c5e-jpgrendition.jpg?im=whresize&wid=200&hei=200,,0278190,027-8190-6,Il n’en reste que 1 #027-8190-6,Liquidation◊Mieux notés,51.86,"259,93","539,99"
231,"Laval Vimont, QC","Support à pneus à tablette réglable MotoMaster, capacité de 300 lb","Support à pneus à tablette réglable MotoMaster, capacité de 300 lb",33.93,"33,93 $",74.99,"Était±  74,99 $prix était 74,99 $",33.93,"33,93 $",33.93,"33,93 $",true,https://www.canadiantire.ca/fr/pdp/support-a-pneus-a-tablette-reglable-motomaster-capacite-de-300-lb-0091537p.html,https://www.canadiantire.ca/fr/pdp/support-a-pneus-a-tablette-reglable-motomaster-capacite-de-300-lb-0091537p.html,https://media-www.canadiantire.ca/product/automotive/auto-maintenance/auto-shop-equipment-supplies/0091537/motomaster-adjustable-tire-storage-shelves-797f8bda-21ae-4374-ab65-dfc1341fe0c4-jpgrendition.jpg?im=whresize&wid=200&hei=200,https://media-www.canadiantire.ca/product/automotive/auto-maintenance/auto-shop-equipment-supplies/0091537/motomaster-adjustable-tire-storage-shelves-797f8bda-21ae-4374-ab65-dfc1341fe0c4-jpgrendition.jpg?im=whresize&wid=200&hei=200,,0091537,009-1537-0,Il n’en reste que 1 #009-1537-0,Liquidation◊Exclusivité,54.75,"33,93","74,99"
231,"Laval Vimont, QC",Caméra de tableau de bord Bluehive BH100 1080p,Caméra de tableau de bord Bluehive BH100 1080p,38.68,"38,68 $",159.99,"Était±  159,99 $prix était 159,99 $",38.68,"38,68 $",38.68,"38,68 $",true,https://www.canadiantire.ca/fr/pdp/camera-de-tableau-de-bord-bluehive-bh100-1080p-0350748p.html,https://www.canadiantire.ca/fr/pdp/camera-de-tableau-de-bord-bluehive-bh100-1080p-0350748p.html,https://media-www.canadiantire.ca/product/automotive/electronics/auto-electronics/0350748/bluehive-bh100-1080p-dash-cam-688b0dea-1d23-4695-afdd-1f363c72e2b0-jpgrendition.jpg?im=whresize&wid=200&hei=200,https://media-www.canadiantire.ca/product/automotive/electronics/auto-electronics/0350748/bluehive-bh100-1080p-dash-cam-688b0dea-1d23-4695-afdd-1f363c72e2b0-jpgrendition.jpg?im=whresize&wid=200&hei=200,,0350748,035-0748-0,Il n’en reste que 1 #035-0748-0,Liquidation◊Exclusivité,75.82,"38,68","159,99"
231,"Laval Vimont, QC","Bibliothèque étroite à cadre en métal à 4 niveaux avec porte de rangement CANVAS Robson, fini chêne","Bibliothèque étroite à cadre en métal à 4 niveaux avec porte de rangement CANVAS Robson, fini chêne",119.93,"119,93 $",299.99,"Était±  299,99 $prix était 299,99 $",119.93,"119,93 $",119.93,"119,93 $",true,https://www.canadiantire.ca/fr/pdp/bibliotheque-etroite-a-cadre-en-metal-a-4-niveaux-avec-porte-de-rangement-canvas-robson-fini-chene-1680046p.html,https://www.canadiantire.ca/fr/pdp/bibliotheque-etroite-a-cadre-en-metal-a-4-niveaux-avec-porte-de-rangement-canvas-robson-fini-chene-1680046p.html,https://media-www.canadiantire.ca/product/living/home-decor/furniture/1680046/canvas-robson-narrow-bookcase-e1615183-0b8a-49f9-8dc3-0a09bf7290ad-jpgrendition.jpg?im=whresize&wid=200&hei=200,https://media-www.canadiantire.ca/product/living/home-decor/furniture/1680046/canvas-robson-narrow-bookcase-e1615183-0b8a-49f9-8dc3-0a09bf7290ad-jpgrendition.jpg?im=whresize&wid=200&hei=200,,1680046,168-0046-4,Il n’en reste que 1 #168-0046-4,Liquidation◊Articles à succès,60.02,"119,93","299,99"
231,"Laval Vimont, QC","Meuble pour téléviseur avec foyer électrique CANVAS Canmore, 54 po, 1 400 W, brun","Meuble pour téléviseur avec foyer électrique CANVAS Canmore, 54 po, 1 400 W, brun",199.9,"199,90 $",399.99,"Était±  399,99 $prix était 399,99 $",199.9,"199,90 $",199.9,"199,90 $",true,https://www.canadiantire.ca/fr/pdp/meuble-pour-televiseur-avec-foyer-electrique-canvas-canmore-54-po-1-400-w-brun-0644014p.html,https://www.canadiantire.ca/fr/pdp/meuble-pour-televiseur-avec-foyer-electrique-canvas-canmore-54-po-1-400-w-brun-0644014p.html,https://media-www.canadiantire.ca/product/living/home-decor/electric-fireplaces/0644014/54-canmore-media-fireplace-f7e26386-8944-471e-a460-b97396affa8d-jpgrendition.jpg?im=whresize&wid=200&hei=200,https://media-www.canadiantire.ca/product/living/home-decor/electric-fireplaces/0644014/54-canmore-media-fireplace-f7e26386-8944-471e-a460-b97396affa8d-jpgrendition.jpg?im=whresize&wid=200&hei=200,,0644014,064-4014-2,Il n’en reste que 4 #064-4014-2,Liquidation◊Articles à succès,50.02,"199,90","399,99"
231,"Laval Vimont, QC","Planche à pagaie pour 1 personne junior Pelican Vibe 80, lime, 8 pi","Planche à pagaie pour 1 personne junior Pelican Vibe 80, lime, 8 pi",149.93,"149,93 $",299.99,"Était±  299,99 $prix était 299,99 $",149.93,"149,93 $",149.93,"149,93 $",true,https://www.canadiantire.ca/fr/pdp/planche-a-pagaie-pour-1-personne-junior-pelican-vibe-80-lime-8-pi-0798536p.html,https://www.canadiantire.ca/fr/pdp/planche-a-pagaie-pour-1-personne-junior-pelican-vibe-80-lime-8-pi-0798536p.html,https://media-www.canadiantire.ca/product/playing/seasonal-recreation/marine-water-fun/0798536/sup-pelican-junior-vibe-80-908d32af-d15f-46f4-92d9-e57b6ad88a8f-jpgrendition.jpg?im=whresize&wid=200&hei=200,https://media-www.canadiantire.ca/product/playing/seasonal-recreation/marine-water-fun/0798536/sup-pelican-junior-vibe-80-908d32af-d15f-46f4-92d9-e57b6ad88a8f-jpgrendition.jpg?im=whresize&wid=200&hei=200,,0798536,079-8536-2,Il n’en reste que 1 #079-8536-2,Liquidation◊,50.02,"149,93","299,99"
231,"Laval Vimont, QC",Garde-robe compacte Canvas,Garde-robe compacte Canvas,149.9,"149,90 $",349.99,"Était±  349,99 $prix était 349,99 $",149.9,"149,90 $",149.9,"149,90 $",true,https://www.canadiantire.ca/fr/pdp/garde-robe-compacte-canvas-1680204p.html,https://www.canadiantire.ca/fr/pdp/garde-robe-compacte-canvas-1680204p.html,https://media-www.canadiantire.ca/product/living/home-decor/furniture/1680204/canvas-slim-wardrobe-98f1ed6a-144b-4f67-a348-6ea6f35a5649-jpgrendition.jpg?im=whresize&wid=200&hei=200,https://media-www.canadiantire.ca/product/living/home-decor/furniture/1680204/canvas-slim-wardrobe-98f1ed6a-144b-4f67-a348-6ea6f35a5649-jpgrendition.jpg?im=whresize&wid=200&hei=200,,1680204,168-0204-8,25 En Stock#168-0204-8,Liquidation◊Exclusivité,57.17,"149,90","349,99"
231,"Laval Vimont, QC","Pagaie de planche debout en aluminium Pelican, noir","Pagaie de planche debout en aluminium Pelican, noir",29.93,"29,93 $",79.99,"Était±  79,99 $prix était 79,99 $",29.93,"29,93 $",29.93,"29,93 $",true,https://www.canadiantire.ca/fr/pdp/pagaie-de-planche-debout-en-aluminium-pelican-noir-0793303p.html,https://www.canadiantire.ca/fr/pdp/pagaie-de-planche-debout-en-aluminium-pelican-noir-0793303p.html,https://media-www.canadiantire.ca/product/playing/seasonal-recreation/marine-power-boating/0793303/sup-paddle-for-079-8296-30bd6ee2-2f95-4886-a97b-5c810063b32e-jpgrendition.jpg?im=whresize&wid=200&hei=200,https://media-www.canadiantire.ca/product/playing/seasonal-recreation/marine-power-boating/0793303/sup-paddle-for-079-8296-30bd6ee2-2f95-4886-a97b-5c810063b32e-jpgrendition.jpg?im=whresize&wid=200&hei=200,,0793303,079-3303-6,Il n’en reste que 4 #079-3303-6,Liquidation◊,62.58,"29,93","79,99"
231,"Laval Vimont, QC","Ponceuse à bande sans balais MAXIMUM de 20 V, 3 x 21 po, outil seulement","Ponceuse à bande sans balais MAXIMUM de 20 V, 3 x 21 po, outil seulement",79.9,"79,90 $",184.99,"Était±  184,99 $prix était 184,99 $",79.9,"79,90 $",79.9,"79,90 $",true,https://www.canadiantire.ca/fr/pdp/ponceuse-a-bande-sans-balais-maximum-de-20-v-3-x-21-po-outil-seulement-0547981p.html,https://www.canadiantire.ca/fr/pdp/ponceuse-a-bande-sans-balais-maximum-de-20-v-3-x-21-po-outil-seulement-0547981p.html,https://media-www.canadiantire.ca/product/fixing/tools/portable-power-tools/0547981/maximum-20v-bl-belt-sander-tool-only-b11c4e92-6a2a-4fe2-8953-6cbdfa065164-jpgrendition.jpg?im=whresize&wid=200&hei=200,https://media-www.canadiantire.ca/product/fixing/tools/portable-power-tools/0547981/maximum-20v-bl-belt-sander-tool-only-b11c4e92-6a2a-4fe2-8953-6cbdfa065164-jpgrendition.jpg?im=whresize&wid=200&hei=200,,0547981,054-7981-4,15 En Stock#054-7981-4,Liquidation◊Exclusivité,56.81,"79,90","184,99"
231,"Laval Vimont, QC","Ciseaux à prise confortable pour enfants de Merangue, pointe arrondie, couleurs variées, 5 po, paq. 2","Ciseaux à prise confortable pour enfants de Merangue, pointe arrondie, couleurs variées, 5 po, paq. 2",1.93,"1,93 $",3.99,"Était±  3,99 $prix était 3,99 $",1.93,"1,93 $",1.93,"1,93 $",true,https://www.canadiantire.ca/fr/pdp/ciseaux-a-prise-confortable-pour-enfants-de-merangue-pointe-arrondie-couleurs-variees-5-po-paq-2-1420189p.html,https://www.canadiantire.ca/fr/pdp/ciseaux-a-prise-confortable-pour-enfants-de-merangue-pointe-arrondie-couleurs-variees-5-po-paq-2-1420189p.html,https://media-www.canadiantire.ca/product/seasonal-gardening/toys/home-office-supplies/1420189/5-inch-scissors-2-pack-202ee474-b695-4995-8070-a8b862e0e850-jpgrendition.jpg?im=whresize&wid=200&hei=200,https://media-www.canadiantire.ca/product/seasonal-gardening/toys/home-office-supplies/1420189/5-inch-scissors-2-pack-202ee474-b695-4995-8070-a8b862e0e850-jpgrendition.jpg?im=whresize&wid=200&hei=200,,1420189,142-0189-4,12 En Stock#142-0189-4,Liquidation◊Mieux notés,51.63,"1,93","3,99"
231,"Laval Vimont, QC","Décanteur et verres whisky en verre Trudeau, 5 pièces","Décanteur et verres whisky en verre Trudeau, 5 pièces",14.9,"14,90 $",39.99,"Était±  39,99 $prix était 39,99 $",14.9,"14,90 $",14.9,"14,90 $",true,https://www.canadiantire.ca/fr/pdp/decanteur-et-verres-whisky-en-verre-trudeau-5-pieces-1426174p.html,https://www.canadiantire.ca/fr/pdp/decanteur-et-verres-whisky-en-verre-trudeau-5-pieces-1426174p.html,https://media-www.canadiantire.ca/product/living/kitchen/dining-and-entertaining/1426174/trudeau-whiskey-set-5-pc-19b99451-15bf-4b77-b69f-9d77f38abab3-jpgrendition.jpg?im=whresize&wid=200&hei=200,https://media-www.canadiantire.ca/product/living/kitchen/dining-and-entertaining/1426174/trudeau-whiskey-set-5-pc-19b99451-15bf-4b77-b69f-9d77f38abab3-jpgrendition.jpg?im=whresize&wid=200&hei=200,,1426174,142-6174-2,458 En Stock#142-6174-2,Liquidation◊,62.74,"14,90","39,99"
231,"Laval Vimont, QC","Bibliothèque à 2 niveaux et 3 tiroirs pour rangement et présentation CANVAS Copenhagen, blanc","Bibliothèque à 2 niveaux et 3 tiroirs pour rangement et présentation CANVAS Copenhagen, blanc",124.93,"124,93 $",249.99,"Était±  249,99 $prix était 249,99 $",124.93,"124,93 $",124.93,"124,93 $",true,https://www.canadiantire.ca/fr/pdp/bibliotheque-a-2-niveaux-et-3-tiroirs-pour-rangement-et-presentation-canvas-copenhagen-blanc-1680002p.html,https://www.canadiantire.ca/fr/pdp/bibliotheque-a-2-niveaux-et-3-tiroirs-pour-rangement-et-presentation-canvas-copenhagen-blanc-1680002p.html,https://media-www.canadiantire.ca/product/living/home-decor/furniture/1680002/canvas-copenhagen-2-shelf-bookcase-with-3-drawers-white-c62a249f-ff8f-4a89-a69c-e1cb36cb860e-jpgrendition.jpg?im=whresize&wid=200&hei=200,https://media-www.canadiantire.ca/product/living/home-decor/furniture/1680002/canvas-copenhagen-2-shelf-bookcase-with-3-drawers-white-c62a249f-ff8f-4a89-a69c-e1cb36cb860e-jpgrendition.jpg?im=whresize&wid=200&hei=200,,1680002,168-0002-8,Il n’en reste que 2 #168-0002-8,Liquidation◊Exclusivité,50.03,"124,93","249,99"
231,"Laval Vimont, QC","Tapis de plancher décoratif lavable Korhani Studio Klean Kitchen, choix de couleurs, 2 x 5 pi","Tapis de plancher décoratif lavable Korhani Studio Klean Kitchen, choix de couleurs, 2 x 5 pi",14.9,"14,90 $",32.99,"32,99 $Était   et+ prix était à partir de 32,99 $",14.9,"14,90 $",14.9,"14,90 $",true,https://www.canadiantire.ca/fr/pdp/tapis-de-plancher-decoratif-lavable-korhani-studio-klean-kitchen-choix-de-couleurs-2-x-5-pi-0681730p.html,https://www.canadiantire.ca/fr/pdp/tapis-de-plancher-decoratif-lavable-korhani-studio-klean-kitchen-choix-de-couleurs-2-x-5-pi-0681730p.html,https://media-www.canadiantire.ca/product/living/home-decor/floor-window-decor/0681731/klean-kitchen-decorative-mat-2-x5--dab61f13-8372-4ccd-940f-0ba0d697d838-jpgrendition.jpg?im=whresize&wid=200&hei=200,https://media-www.canadiantire.ca/product/living/home-decor/floor-window-decor/0681731/klean-kitchen-decorative-mat-2-x5--dab61f13-8372-4ccd-940f-0ba0d697d838-jpgrendition.jpg?im=whresize&wid=200&hei=200,,0681730,068-1730,Vérifiez la disponibilité#068-1730X,Liquidation◊Mieux notés,54.83,"14,90","32,99"
231,"Laval Vimont, QC","Vélo électrique Raleigh Dobson Comfort, léger, écran ACL intégré, 700C roues, blanc","Vélo électrique Raleigh Dobson Comfort, léger, écran ACL intégré, 700C roues, blanc",809.9,"809,90 $",1999.99,"Était±  1 999,99 $prix était 1 999,99 $",809.9,"809,90 $",809.9,"809,90 $",true,https://www.canadiantire.ca/fr/pdp/velo-electrique-raleigh-dobson-comfort-leger-ecran-acl-integre-700c-roues-blanc-0712020p.html,https://www.canadiantire.ca/fr/pdp/velo-electrique-raleigh-dobson-comfort-leger-ecran-acl-integre-700c-roues-blanc-0712020p.html,https://media-www.canadiantire.ca/product/seasonal-gardening/cycling/bicycles/0712020/raleigh-dobson-electric-bike-700c-white-46befcab-abaf-4947-ae19-7764447767ed-jpgrendition.jpg?im=whresize&wid=200&hei=200,https://media-www.canadiantire.ca/product/seasonal-gardening/cycling/bicycles/0712020/raleigh-dobson-electric-bike-700c-white-46befcab-abaf-4947-ae19-7764447767ed-jpgrendition.jpg?im=whresize&wid=200&hei=200,,0712020,071-2020-0,Il n’en reste que 4 #071-2020-0,Liquidation◊Exclusivité,59.5,"809,90","1999,99"
231,"Laval Vimont, QC","Meuble pour téléviseur avec foyer électrique multimédia CANVAS Lotus, 67 po, 1 500 W, télécommande comprise, brun","Meuble pour téléviseur avec foyer électrique multimédia CANVAS Lotus, 67 po, 1 500 W, télécommande comprise, brun",274.93,"274,93 $",549.99,"Était±  549,99 $prix était 549,99 $",274.93,"274,93 $",274.93,"274,93 $",true,https://www.canadiantire.ca/fr/pdp/meuble-pour-televiseur-avec-foyer-electrique-multimedia-canvas-lotus-67-po-1-500-w-telecommande-comprise-brun-0643590p.html,https://www.canadiantire.ca/fr/pdp/meuble-pour-televiseur-avec-foyer-electrique-multimedia-canvas-lotus-67-po-1-500-w-telecommande-comprise-brun-0643590p.html,https://media-www.canadiantire.ca/product/living/home-decor/electric-fireplaces/0643590/masterflame-lotus-fireplace-aa87f256-c025-40e6-b060-d1a987f18559-jpgrendition.jpg?im=whresize&wid=200&hei=200,https://media-www.canadiantire.ca/product/living/home-decor/electric-fireplaces/0643590/masterflame-lotus-fireplace-aa87f256-c025-40e6-b060-d1a987f18559-jpgrendition.jpg?im=whresize&wid=200&hei=200,,0643590,064-3590-4,Il n’en reste que 1 #064-3590-4,Liquidation◊Exclusivité,50.01,"274,93","549,99"
231,"Laval Vimont, QC","T-shirt sport à manches courtes et extensibles avec encolure ras du cou Mooselander, hommes, couleur unie, tailles variées, noir/gris, paq. 2","T-shirt sport à manches courtes et extensibles avec encolure ras du cou Mooselander, hommes, couleur unie, tailles variées, noir/gris, paq. 2",5.9,"5,90 $",21.99,"21,99 $Était   et+ prix était à partir de 21,99 $",5.9,"5,90 $",5.9,"5,90 $",true,https://www.canadiantire.ca/fr/pdp/t-shirt-sport-a-manches-courtes-et-extensibles-avec-encolure-ras-du-cou-mooselander-hommes-couleur-unie-tailles-variees-noir-gris-paq-2-1874066p.html,https://www.canadiantire.ca/fr/pdp/t-shirt-sport-a-manches-courtes-et-extensibles-avec-encolure-ras-du-cou-mooselander-hommes-couleur-unie-tailles-variees-noir-gris-paq-2-1874066p.html,https://media-www.canadiantire.ca/product/playing/footwear-apparel/summer-footwear-apparel/1874066/active-2-pack-short-sleeve-tees-m-l-ce888845-ad24-41df-8604-c50d7052ca02-jpgrendition.jpg?im=whresize&wid=200&hei=200,https://media-www.canadiantire.ca/product/playing/footwear-apparel/summer-footwear-apparel/1874066/active-2-pack-short-sleeve-tees-m-l-ce888845-ad24-41df-8604-c50d7052ca02-jpgrendition.jpg?im=whresize&wid=200&hei=200,,1874066,187-4066,Vérifiez la disponibilité#187-4066X,Liquidation◊Mieux notés,73.17,"5,90","21,99"
231,"Laval Vimont, QC","Foyer électrique CANVAS Marseille, 54 po, 1 400 W, comprend une télécommande, blanc","Foyer électrique CANVAS Marseille, 54 po, 1 400 W, comprend une télécommande, blanc",349.93,"349,93 $",699.99,"Était±  699,99 $prix était 699,99 $",349.93,"349,93 $",349.93,"349,93 $",true,https://www.canadiantire.ca/fr/pdp/foyer-electrique-canvas-marseille-54-po-1-400-w-comprend-une-telecommande-blanc-0643176p.html,https://www.canadiantire.ca/fr/pdp/foyer-electrique-canvas-marseille-54-po-1-400-w-comprend-une-telecommande-blanc-0643176p.html,https://media-www.canadiantire.ca/product/living/home-decor/electric-fireplaces/0643176/canvas-marseille-fireplace-fedce335-a386-471e-87b0-b3ad50097466-jpgrendition.jpg?im=whresize&wid=200&hei=200,https://media-www.canadiantire.ca/product/living/home-decor/electric-fireplaces/0643176/canvas-marseille-fireplace-fedce335-a386-471e-87b0-b3ad50097466-jpgrendition.jpg?im=whresize&wid=200&hei=200,,0643176,064-3176-2,Il n’en reste que 1 #064-3176-2,Liquidation◊Mieux notés,50.01,"349,93","699,99"
231,"Laval Vimont, QC","Chargeur portatif Bluehive avec câbles, noir, 20 000 mAh","Chargeur portatif Bluehive avec câbles, noir, 20 000 mAh",26.6,"26,60 $",69.99,"Était±  69,99 $prix était 69,99 $",26.6,"26,60 $",26.6,"26,60 $",true,https://www.canadiantire.ca/fr/pdp/chargeur-portatif-bluehive-avec-cables-noir-20-000-mah-0355469p.html,https://www.canadiantire.ca/fr/pdp/chargeur-portatif-bluehive-avec-cables-noir-20-000-mah-0355469p.html,https://media-www.canadiantire.ca/product/automotive/electronics/mobile-electronics/0355469/bluehive-20-000-mah-power-bank-with-cables-a1396292-cd03-47d4-a9ea-03a281e18227-jpgrendition.jpg?im=whresize&wid=200&hei=200,https://media-www.canadiantire.ca/product/automotive/electronics/mobile-electronics/0355469/bluehive-20-000-mah-power-bank-with-cables-a1396292-cd03-47d4-a9ea-03a281e18227-jpgrendition.jpg?im=whresize&wid=200&hei=200,,0355469,035-5469-4,296 En Stock#035-5469-4,Liquidation◊Exclusivité,61.99,"26,60","69,99"
231,"Laval Vimont, QC","Vélo électrique tout-terrain Raleigh Getaway 36 V, 700C roues, noir","Vélo électrique tout-terrain Raleigh Getaway 36 V, 700C roues, noir",1009.93,"1 009,93 $",2799.99,"Était±  2 799,99 $prix était 2 799,99 $",1009.93,"1 009,93 $",1009.93,"1 009,93 $",true,https://www.canadiantire.ca/fr/pdp/velo-electrique-tout-terrain-raleigh-getaway-36-v-700c-roues-noir-0711931p.html,https://www.canadiantire.ca/fr/pdp/velo-electrique-tout-terrain-raleigh-getaway-36-v-700c-roues-noir-0711931p.html,https://media-www.canadiantire.ca/product/playing/cycling/bicycles/0711931/raleigh-getaway-men-s-electric-bike-700c-e4b77c61-6dc1-49c0-b6d7-114a1fe93cc4-jpgrendition.jpg?im=whresize&wid=200&hei=200,https://media-www.canadiantire.ca/product/playing/cycling/bicycles/0711931/raleigh-getaway-men-s-electric-bike-700c-e4b77c61-6dc1-49c0-b6d7-114a1fe93cc4-jpgrendition.jpg?im=whresize&wid=200&hei=200,,0711931,071-1931-8,Il n’en reste que 1 #071-1931-8,Liquidation◊Articles à succès,63.93,"1009,93","2799,99"
231,"Laval Vimont, QC","Lit de voyage pour chiens Woods Dogwood, polyester, intérieur, bleu, taille unique","Lit de voyage pour chiens Woods Dogwood, polyester, intérieur, bleu, taille unique",15.9,"15,90 $",49.99,"Était±  49,99 $prix était 49,99 $",15.9,"15,90 $",15.9,"15,90 $",true,https://www.canadiantire.ca/fr/pdp/lit-de-voyage-pour-chiens-woods-dogwood-polyester-interieur-bleu-taille-unique-0766423p.html,https://www.canadiantire.ca/fr/pdp/lit-de-voyage-pour-chiens-woods-dogwood-polyester-interieur-bleu-taille-unique-0766423p.html,https://media-www.canadiantire.ca/product/playing/camping/camping-accessories/0766423/woods-dogwood-dog-bed-204aeb41-a4de-4e9e-8087-c56e21eb53f1-jpgrendition.jpg?im=whresize&wid=200&hei=200,https://media-www.canadiantire.ca/product/playing/camping/camping-accessories/0766423/woods-dogwood-dog-bed-204aeb41-a4de-4e9e-8087-c56e21eb53f1-jpgrendition.jpg?im=whresize&wid=200&hei=200,,0766423,076-6423-8,20 En Stock#076-6423-8,Liquidation◊Exclusivité,68.19,"15,90","49,99"
231,"Laval Vimont, QC","Machine à eau gazéifiée Ninja Thirsti, machine à soda, station de boissons gazeuses et plates, cylindre de CO2 de 60 L et gouttes d'eau aromatisées, noir","Machine à eau gazéifiée Ninja Thirsti, machine à soda, station de boissons gazeuses et plates, cylindre de CO2 de 60 L et gouttes d'eau aromatisées, noir",89.93,"89,93 $",249.99,"Était±  249,99 $prix était 249,99 $",89.93,"89,93 $",89.93,"89,93 $",true,https://www.canadiantire.ca/fr/pdp/machine-a-eau-gazeifiee-ninja-thirsti-machine-a-soda-station-de-boissons-gazeuses-et-plates-cylindre-de-co2-de-60-l-et-gouttes-d-eau-aromatisees-noir-0431546p.html,https://www.canadiantire.ca/fr/pdp/machine-a-eau-gazeifiee-ninja-thirsti-machine-a-soda-station-de-boissons-gazeuses-et-plates-cylindre-de-co2-de-60-l-et-gouttes-d-eau-aromatisees-noir-0431546p.html,https://media-www.canadiantire.ca/product/living/kitchen/kitchen-appliances/0431546/ninja-thirsti-carbonated-water-maker-3fdc8f98-1cc8-4a22-8746-d8c0178035f9-jpgrendition.jpg?im=whresize&wid=200&hei=200,https://media-www.canadiantire.ca/product/living/kitchen/kitchen-appliances/0431546/ninja-thirsti-carbonated-water-maker-3fdc8f98-1cc8-4a22-8746-d8c0178035f9-jpgrendition.jpg?im=whresize&wid=200&hei=200,,0431546,043-1546-4,Il n’en reste que 1 #043-1546-4,Liquidation◊Mieux notés,64.03,"89,93","249,99"
231,"Laval Vimont, QC","Vélo électrique tout-terrain Raleigh Getaway 36 V, 700C roues, bleu","Vélo électrique tout-terrain Raleigh Getaway 36 V, 700C roues, bleu",1009.93,"1 009,93 $",2799.99,"Était±  2 799,99 $prix était 2 799,99 $",1009.93,"1 009,93 $",1009.93,"1 009,93 $",true,https://www.canadiantire.ca/fr/pdp/velo-electrique-tout-terrain-raleigh-getaway-36-v-700c-roues-bleu-0711932p.html,https://www.canadiantire.ca/fr/pdp/velo-electrique-tout-terrain-raleigh-getaway-36-v-700c-roues-bleu-0711932p.html,https://media-www.canadiantire.ca/product/playing/cycling/bicycles/0711932/raleigh-getaway-women-s-electric-bike-700c-8dc09e7f-a9b4-4e61-aa08-2b9e38d895c6-jpgrendition.jpg?im=whresize&wid=200&hei=200,https://media-www.canadiantire.ca/product/playing/cycling/bicycles/0711932/raleigh-getaway-women-s-electric-bike-700c-8dc09e7f-a9b4-4e61-aa08-2b9e38d895c6-jpgrendition.jpg?im=whresize&wid=200&hei=200,,0711932,071-1932-6,Il n’en reste que 2 #071-1932-6,Liquidation◊Mieux notés,63.93,"1009,93","2799,99"
231,"Laval Vimont, QC","Dôme d'escalade métallique Plum de 8,5 pi avec glissière de 10 pi, 3 ans et plus","Dôme d'escalade métallique Plum de 8,5 pi avec glissière de 10 pi, 3 ans et plus",254.93,"254,93 $",699.99,"Était±  699,99 $prix était 699,99 $",254.93,"254,93 $",254.93,"254,93 $",true,https://www.canadiantire.ca/fr/pdp/dome-d-escalade-metallique-plum-de-8-5-pi-avec-glissiere-de-10-pi-3-ans-et-plus-1841061p.html,https://www.canadiantire.ca/fr/pdp/dome-d-escalade-metallique-plum-de-8-5-pi-avec-glissiere-de-10-pi-3-ans-et-plus-1841061p.html,https://media-www.canadiantire.ca/product/seasonal-gardening/backyard-fun/backyard-amusement/1841061/plum-metal-climbing-dome-with-slide-53564def-8e22-4ad0-9169-b747db0e5be1-jpgrendition.jpg?im=whresize&wid=200&hei=200,https://media-www.canadiantire.ca/product/seasonal-gardening/backyard-fun/backyard-amusement/1841061/plum-metal-climbing-dome-with-slide-53564def-8e22-4ad0-9169-b747db0e5be1-jpgrendition.jpg?im=whresize&wid=200&hei=200,,1841061,184-1061-0,Il n’en reste que 6 #184-1061-0,Liquidation◊,63.58,"254,93","699,99"
231,"Laval Vimont, QC",Jeu d'arcade de tir de basketball REC-Tek avec 4 balles et tableau de pointage électronique,Jeu d'arcade de tir de basketball REC-Tek avec 4 balles et tableau de pointage électronique,49.9,"49,90 $",129.99,"Était±  129,99 $prix était 129,99 $",49.9,"49,90 $",49.9,"49,90 $",true,https://www.canadiantire.ca/fr/pdp/jeu-d-arcade-de-tir-de-basketball-rec-tek-avec-4-balles-et-tableau-de-pointage-electronique-1840694p.html,https://www.canadiantire.ca/fr/pdp/jeu-d-arcade-de-tir-de-basketball-rec-tek-avec-4-balles-et-tableau-de-pointage-electronique-1840694p.html,https://media-www.canadiantire.ca/product/playing/team-sports-and-golf/indoor-games/1840694/rec-tek-basketball-shootout-challenge-game-b5d7e061-32a3-40d8-a913-45673257eaf7-jpgrendition.jpg?im=whresize&wid=200&hei=200,https://media-www.canadiantire.ca/product/playing/team-sports-and-golf/indoor-games/1840694/rec-tek-basketball-shootout-challenge-game-b5d7e061-32a3-40d8-a913-45673257eaf7-jpgrendition.jpg?im=whresize&wid=200&hei=200,,1840694,184-0694-0,11 En Stock#184-0694-0,Liquidation◊Exclusivité,61.61,"49,90","129,99"
231,"Laval Vimont, QC","Foyer électrique à montage mural Napoleon avec Bluetooth, 50 po, 1 500 W, télécommande comprise, noir","Foyer électrique à montage mural Napoleon avec Bluetooth, 50 po, 1 500 W, télécommande comprise, noir",299.93,"299,93 $",599.99,"Était±  599,99 $prix était 599,99 $",299.93,"299,93 $",299.93,"299,93 $",true,https://www.canadiantire.ca/fr/pdp/foyer-electrique-a-montage-mural-napoleon-avec-bluetooth-50-po-1-500-w-telecommande-comprise-noir-0644019p.html,https://www.canadiantire.ca/fr/pdp/foyer-electrique-a-montage-mural-napoleon-avec-bluetooth-50-po-1-500-w-telecommande-comprise-noir-0644019p.html,https://media-www.canadiantire.ca/product/living/home-decor/electric-fireplaces/0644019/napoleon-50-wall-mount-fireplace-with-bluetooth-7f341207-ab4a-41d0-a2fc-4c086c913816-jpgrendition.jpg?im=whresize&wid=200&hei=200,https://media-www.canadiantire.ca/product/living/home-decor/electric-fireplaces/0644019/napoleon-50-wall-mount-fireplace-with-bluetooth-7f341207-ab4a-41d0-a2fc-4c086c913816-jpgrendition.jpg?im=whresize&wid=200&hei=200,,0644019,064-4019-2,Il n’en reste que 2 #064-4019-2,Liquidation◊,50.01,"299,93","599,99"
231,"Laval Vimont, QC","Bottes de travail imperméables en cuir à bouts en composite CSA Stanley pour hommes, 6 po de hauteur, noir","Bottes de travail imperméables en cuir à bouts en composite CSA Stanley pour hommes, 6 po de hauteur, noir",79.9,"79,90 $",209.99,"209,99 $Était   et+ prix était à partir de 209,99 $",79.9,"79,90 $",79.9,"79,90 $",true,https://www.canadiantire.ca/fr/pdp/bottes-de-travail-impermeables-en-cuir-a-bouts-en-composite-csa-stanley-pour-hommes-6-po-de-hauteur-noir-1873347p.html,https://www.canadiantire.ca/fr/pdp/bottes-de-travail-impermeables-en-cuir-a-bouts-en-composite-csa-stanley-pour-hommes-6-po-de-hauteur-noir-1873347p.html,https://media-www.canadiantire.ca/product/playing/footwear-apparel/work-footwear-apparel/1873347/stanley-csa-safety-boot-black-m7-7b483c2b-4d37-4a3c-9c8f-2924f50d9117-jpgrendition.jpg?im=whresize&wid=200&hei=200,https://media-www.canadiantire.ca/product/playing/footwear-apparel/work-footwear-apparel/1873347/stanley-csa-safety-boot-black-m7-7b483c2b-4d37-4a3c-9c8f-2924f50d9117-jpgrendition.jpg?im=whresize&wid=200&hei=200,,1873347,187-3347,Vérifiez la disponibilité#187-3347X,Liquidation◊Exclusivité,61.95,"79,90","209,99"
231,"Laval Vimont, QC","Pistolet mousse sans fil SIMONIZ, outil seul, compatible PWRPOD","Pistolet mousse sans fil SIMONIZ, outil seul, compatible PWRPOD",39.9,"39,90 $",79.99,"Était±  79,99 $prix était 79,99 $",39.9,"39,90 $",39.9,"39,90 $",true,https://www.canadiantire.ca/fr/pdp/pistolet-mousse-sans-fil-simoniz-outil-seul-compatible-pwrpod-0393650p.html,https://www.canadiantire.ca/fr/pdp/pistolet-mousse-sans-fil-simoniz-outil-seul-compatible-pwrpod-0393650p.html,https://media-www.canadiantire.ca/product/automotive/car-care-accessories/auto-cleaning-tools/0393650/simoniz-cordless-foam-gun-bare-tool--d9e374cc-260e-4071-806a-f16d2d580548-jpgrendition.jpg?im=whresize&wid=200&hei=200,https://media-www.canadiantire.ca/product/automotive/car-care-accessories/auto-cleaning-tools/0393650/simoniz-cordless-foam-gun-bare-tool--d9e374cc-260e-4071-806a-f16d2d580548-jpgrendition.jpg?im=whresize&wid=200&hei=200,,0393650,039-3650-4,11 En Stock#039-3650-4,Liquidation◊Exclusivité,50.12,"39,90","79,99"
231,"Laval Vimont, QC","Luminaire de salle de bain à 3 ampoules avec abat-jour en verre opale CANVAS Winslow, or brossé","Luminaire de salle de bain à 3 ampoules avec abat-jour en verre opale CANVAS Winslow, or brossé",59.93,"59,93 $",134.99,"Était±  134,99 $prix était 134,99 $",59.93,"59,93 $",59.93,"59,93 $",true,https://www.canadiantire.ca/fr/pdp/luminaire-de-salle-de-bain-a-3-ampoules-avec-abat-jour-en-verre-opale-canvas-winslow-or-brosse-1522652p.html,https://www.canadiantire.ca/fr/pdp/luminaire-de-salle-de-bain-a-3-ampoules-avec-abat-jour-en-verre-opale-canvas-winslow-or-brosse-1522652p.html,https://media-www.canadiantire.ca/product/fixing/electrical/lighting/1522652/canvas-winslow-vanity-light-f7cd9005-37f8-468c-b791-18a07f5bea85-jpgrendition.jpg?im=whresize&wid=200&hei=200,https://media-www.canadiantire.ca/product/fixing/electrical/lighting/1522652/canvas-winslow-vanity-light-f7cd9005-37f8-468c-b791-18a07f5bea85-jpgrendition.jpg?im=whresize&wid=200&hei=200,,1522652,152-2652-4,Il n’en reste que 1 #152-2652-4,Liquidation◊Mieux notés,55.6,"59,93","134,99"
231,"Laval Vimont, QC","Craies d'extérieur aux couleurs vives et audacieuses pour trottoir Crayola Superchalk, lavables, 4 ans et plus","Craies d'extérieur aux couleurs vives et audacieuses pour trottoir Crayola Superchalk, lavables, 4 ans et plus",0.9,"0,90 $",1.99,"Était±  1,99 $prix était 1,99 $",0.9,"0,90 $",0.9,"0,90 $",true,https://www.canadiantire.ca/fr/pdp/craies-d-exterieur-aux-couleurs-vives-et-audacieuses-pour-trottoir-crayola-superchalk-lavables-4-ans-et-plus-0509725p.html,https://www.canadiantire.ca/fr/pdp/craies-d-exterieur-aux-couleurs-vives-et-audacieuses-pour-trottoir-crayola-superchalk-lavables-4-ans-et-plus-0509725p.html,https://media-www.canadiantire.ca/product/seasonal-gardening/toys/seasonal-toys/0509725/crayola-superchalk-55b77fce-a226-4f82-8438-cf57fc64801c-jpgrendition.jpg?im=whresize&wid=200&hei=200,https://media-www.canadiantire.ca/product/seasonal-gardening/toys/seasonal-toys/0509725/crayola-superchalk-55b77fce-a226-4f82-8438-cf57fc64801c-jpgrendition.jpg?im=whresize&wid=200&hei=200,,0509725,050-9725-2,144 En Stock#050-9725-2,Liquidation◊Mieux notés,54.77,"0,90","1,99"
231,"Laval Vimont, QC","Parka technique de chasse perméable à l'air imperméable coupe-vent Yukon Gear pour hommes, camouflage Realtree Xtra","Parka technique de chasse perméable à l'air imperméable coupe-vent Yukon Gear pour hommes, camouflage Realtree Xtra",39.9,"39,90 $",99.99,"99,99 $Était   et+ prix était à partir de 99,99 $",39.9,"39,90 $",39.9,"39,90 $",true,https://www.canadiantire.ca/fr/pdp/parka-technique-de-chasse-permeable-a-l-air-impermeable-coupe-vent-yukon-gear-pour-hommes-camouflage-realtree-xtra-3750716p.html,https://www.canadiantire.ca/fr/pdp/parka-technique-de-chasse-permeable-a-l-air-impermeable-coupe-vent-yukon-gear-pour-hommes-camouflage-realtree-xtra-3750716p.html,https://media-www.canadiantire.ca/product/playing/hunting/hunting-apparel-footwear/3750716/yukon-gear-parka-2-rte-m-a47cf6f2-275c-44e1-93da-5eb1da27165e-jpgrendition.jpg?im=whresize&wid=200&hei=200,https://media-www.canadiantire.ca/product/playing/hunting/hunting-apparel-footwear/3750716/yukon-gear-parka-2-rte-m-a47cf6f2-275c-44e1-93da-5eb1da27165e-jpgrendition.jpg?im=whresize&wid=200&hei=200,,3750716,375-0716,Vérifiez la disponibilité#375-0716X,Liquidation◊Mieux notés,60.1,"39,90","99,99"
231,"Laval Vimont, QC","Service de vaisselle en grès à rebord orné CANVAS Gatestone, blanc, paq. 12","Service de vaisselle en grès à rebord orné CANVAS Gatestone, blanc, paq. 12",44.9,"44,90 $",99.99,"Était±  99,99 $prix était 99,99 $",44.9,"44,90 $",44.9,"44,90 $",true,https://www.canadiantire.ca/fr/pdp/service-de-vaisselle-en-gres-a-rebord-orne-canvas-gatestone-blanc-paq-12-2421124p.html,https://www.canadiantire.ca/fr/pdp/service-de-vaisselle-en-gres-a-rebord-orne-canvas-gatestone-blanc-paq-12-2421124p.html,https://media-www.canadiantire.ca/product/living/kitchen/dining-and-entertaining/2421124/canvas-12-pc-ornate-rim-dinnerware-set-ec677528-47a1-4eea-a43d-63735afa1b7e-jpgrendition.jpg?im=whresize&wid=200&hei=200,https://media-www.canadiantire.ca/product/living/kitchen/dining-and-entertaining/2421124/canvas-12-pc-ornate-rim-dinnerware-set-ec677528-47a1-4eea-a43d-63735afa1b7e-jpgrendition.jpg?im=whresize&wid=200&hei=200,,2421124,242-1124-4,36 En Stock#242-1124-4,Liquidation◊Exclusivité,55.1,"44,90","99,99"
231,"Laval Vimont, QC","Bureau d'écriture à 2 tiroirs Sauder County Line, fini chêne salé","Bureau d'écriture à 2 tiroirs Sauder County Line, fini chêne salé",139.93,"139,93 $",279.99,"Était±  279,99 $prix était 279,99 $",139.93,"139,93 $",139.93,"139,93 $",true,https://www.canadiantire.ca/fr/pdp/bureau-d-ecriture-a-2-tiroirs-sauder-county-line-fini-chene-sale-0687567p.html,https://www.canadiantire.ca/fr/pdp/bureau-d-ecriture-a-2-tiroirs-sauder-county-line-fini-chene-sale-0687567p.html,https://media-www.canadiantire.ca/product/living/home-decor/furniture/0687567/sauder-county-line-writing-desk-af7848e1-0bc1-49cf-8b41-1897f059410b-jpgrendition.jpg?im=whresize&wid=200&hei=200,https://media-www.canadiantire.ca/product/living/home-decor/furniture/0687567/sauder-county-line-writing-desk-af7848e1-0bc1-49cf-8b41-1897f059410b-jpgrendition.jpg?im=whresize&wid=200&hei=200,,0687567,068-7567-0,Il n’en reste que 3 #068-7567-0,Liquidation◊Articles à succès,50.02,"139,93","279,99"
231,"Laval Vimont, QC",Aspirateur-balai sans fil à 2 moteurs Kenmore CSV,Aspirateur-balai sans fil à 2 moteurs Kenmore CSV,129.93,"129,93 $",269.99,"Était±  269,99 $prix était 269,99 $",129.93,"129,93 $",129.93,"129,93 $",true,https://www.canadiantire.ca/fr/pdp/aspirateur-balai-sans-fil-a-2-moteurs-kenmore-csv-0437195p.html,https://www.canadiantire.ca/fr/pdp/aspirateur-balai-sans-fil-a-2-moteurs-kenmore-csv-0437195p.html,https://media-www.canadiantire.ca/product/living/cleaning/vacuums-and-floorcare/0437195/kenmore-csv-cordless-stick-vacuum-5305dd9e-78aa-427b-8168-777cfc70e06c-jpgrendition.jpg?im=whresize&wid=200&hei=200,https://media-www.canadiantire.ca/product/living/cleaning/vacuums-and-floorcare/0437195/kenmore-csv-cordless-stick-vacuum-5305dd9e-78aa-427b-8168-777cfc70e06c-jpgrendition.jpg?im=whresize&wid=200&hei=200,,0437195,043-7195-2,Il n’en reste que 1 #043-7195-2,Liquidation◊,51.88,"129,93","269,99"
231,"Laval Vimont, QC","Tondeuse robotisée sans bordure Worx WR208 Landroid VISION 20 V, 1/5 acre","Tondeuse robotisée sans bordure Worx WR208 Landroid VISION 20 V, 1/5 acre",799.93,"799,93 $",2199.99,"Était±  2 199,99 $prix était 2 199,99 $",799.93,"799,93 $",799.93,"799,93 $",true,https://www.canadiantire.ca/fr/pdp/tondeuse-robotisee-sans-bordure-worx-wr208-landroid-vision-20-v-1-5-acre-0600615p.html,https://www.canadiantire.ca/fr/pdp/tondeuse-robotisee-sans-bordure-worx-wr208-landroid-vision-20-v-1-5-acre-0600615p.html,https://media-www.canadiantire.ca/product/seasonal-gardening/outdoor-tools/lawn-mowers-tractors/0600615/worx-wr208-vision-robotic-mower-1-5-acre-8d1e8916-f9dd-4f43-92fc-7f4fb78224de-jpgrendition.jpg?im=whresize&wid=200&hei=200,https://media-www.canadiantire.ca/product/seasonal-gardening/outdoor-tools/lawn-mowers-tractors/0600615/worx-wr208-vision-robotic-mower-1-5-acre-8d1e8916-f9dd-4f43-92fc-7f4fb78224de-jpgrendition.jpg?im=whresize&wid=200&hei=200,,0600615,060-0615-4,Il n’en reste que 2 #060-0615-4,Liquidation◊,63.64,"799,93","2199,99"
231,"Laval Vimont, QC",Garde-manger modulaire Canvas,Garde-manger modulaire Canvas,149.93,"149,93 $",299.99,"Était±  299,99 $prix était 299,99 $",149.93,"149,93 $",149.93,"149,93 $",true,https://www.canadiantire.ca/fr/pdp/garde-manger-modulaire-canvas-1680202p.html,https://www.canadiantire.ca/fr/pdp/garde-manger-modulaire-canvas-1680202p.html,https://media-www.canadiantire.ca/product/living/home-decor/furniture/1680202/canvas-modular-pantry-788d444a-46dc-4a9b-b811-f4c884e0e682-jpgrendition.jpg?im=whresize&wid=200&hei=200,https://media-www.canadiantire.ca/product/living/home-decor/furniture/1680202/canvas-modular-pantry-788d444a-46dc-4a9b-b811-f4c884e0e682-jpgrendition.jpg?im=whresize&wid=200&hei=200,,1680202,168-0202-2,Il n’en reste que 3 #168-0202-2,Liquidation◊Exclusivité,50.02,"149,93","299,99"
231,"Laval Vimont, QC","Service de vaisselle à glaçure réactive CANVAS Colborne, paq. 16","Service de vaisselle à glaçure réactive CANVAS Colborne, paq. 16",44.9,"44,90 $",89.99,"Était±  89,99 $prix était 89,99 $",44.9,"44,90 $",44.9,"44,90 $",true,https://www.canadiantire.ca/fr/pdp/service-de-vaisselle-a-glacure-reactive-canvas-colborne-paq-16-1426345p.html,https://www.canadiantire.ca/fr/pdp/service-de-vaisselle-a-glacure-reactive-canvas-colborne-paq-16-1426345p.html,https://media-www.canadiantire.ca/product/living/kitchen/dining-and-entertaining/1426345/canvas-colborne-16pc-stoneware-set-73378dbf-ca56-48df-94e2-c0ab6d53f22e-jpgrendition.jpg?im=whresize&wid=200&hei=200,https://media-www.canadiantire.ca/product/living/kitchen/dining-and-entertaining/1426345/canvas-colborne-16pc-stoneware-set-73378dbf-ca56-48df-94e2-c0ab6d53f22e-jpgrendition.jpg?im=whresize&wid=200&hei=200,,1426345,142-6345-6,110 En Stock#142-6345-6,Liquidation◊Mieux notés,50.11,"44,90","89,99"
231,"Laval Vimont, QC",Chaise longue empilable en toile CANVAS Bernier,Chaise longue empilable en toile CANVAS Bernier,99.93,"99,93 $",299.99,"Était±  299,99 $prix était 299,99 $",99.93,"99,93 $",99.93,"99,93 $",true,https://www.canadiantire.ca/fr/pdp/chaise-longue-empilable-en-toile-canvas-bernier-1881388p.html,https://www.canadiantire.ca/fr/pdp/chaise-longue-empilable-en-toile-canvas-bernier-1881388p.html,https://media-www.canadiantire.ca/product/seasonal-gardening/backyard-living/outdoor-furniture/1881388/canvas-bernier-stackable-sling-lounger-f97edf76-92f0-4a57-843c-a3587e777bc0-jpgrendition.jpg?im=whresize&wid=200&hei=200,https://media-www.canadiantire.ca/product/seasonal-gardening/backyard-living/outdoor-furniture/1881388/canvas-bernier-stackable-sling-lounger-f97edf76-92f0-4a57-843c-a3587e777bc0-jpgrendition.jpg?im=whresize&wid=200&hei=200,,1881388,188-1388-6,,Liquidation◊Exclusivité,66.69,"99,93","299,99"
231,"Laval Vimont, QC","Pagaie 2-en-1 pour kayak ou planche à pagaie Outbound, réglable, 85 po","Pagaie 2-en-1 pour kayak ou planche à pagaie Outbound, réglable, 85 po",29.93,"29,93 $",74.99,"Était±  74,99 $prix était 74,99 $",29.93,"29,93 $",29.93,"29,93 $",true,https://www.canadiantire.ca/fr/pdp/pagaie-2-en-1-pour-kayak-ou-planche-a-pagaie-outbound-reglable-85-po-0792067p.html,https://www.canadiantire.ca/fr/pdp/pagaie-2-en-1-pour-kayak-ou-planche-a-pagaie-outbound-reglable-85-po-0792067p.html,https://media-www.canadiantire.ca/product/playing/seasonal-recreation/marine-power-boating/0792067/outbound-2-in-1-kayak-sup-paddle-d4eb97d2-7846-423b-9b2d-8b7e6efd9d90-jpgrendition.jpg?im=whresize&wid=200&hei=200,https://media-www.canadiantire.ca/product/playing/seasonal-recreation/marine-power-boating/0792067/outbound-2-in-1-kayak-sup-paddle-d4eb97d2-7846-423b-9b2d-8b7e6efd9d90-jpgrendition.jpg?im=whresize&wid=200&hei=200,,0792067,079-2067-4,Il n’en reste que 3 #079-2067-4,Liquidation◊Exclusivité,60.09,"29,93","74,99"
231,"Laval Vimont, QC","Foyer rond au gaz CANVAS Cinder pour table extérieure, 11 000 BTU","Foyer rond au gaz CANVAS Cinder pour table extérieure, 11 000 BTU",49.9,"49,90 $",99.99,"Était±  99,99 $prix était 99,99 $",49.9,"49,90 $",49.9,"49,90 $",true,https://www.canadiantire.ca/fr/pdp/foyer-rond-au-gaz-canvas-cinder-pour-table-exterieure-11-000-btu-0850228p.html,https://www.canadiantire.ca/fr/pdp/foyer-rond-au-gaz-canvas-cinder-pour-table-exterieure-11-000-btu-0850228p.html,https://media-www.canadiantire.ca/product/seasonal-gardening/backyard-living/outdoor-heating/0850228/canvas-tabletop-gas-firepit-2c88c0eb-541f-4e78-8074-836bc2f6748f-jpgrendition.jpg?im=whresize&wid=200&hei=200,https://media-www.canadiantire.ca/product/seasonal-gardening/backyard-living/outdoor-heating/0850228/canvas-tabletop-gas-firepit-2c88c0eb-541f-4e78-8074-836bc2f6748f-jpgrendition.jpg?im=whresize&wid=200&hei=200,,0850228,085-0228-8,60 En Stock#085-0228-8,Liquidation◊Mieux notés,50.1,"49,90","99,99"
231,"Laval Vimont, QC",Table de camping Woods Terra Powerlite,Table de camping Woods Terra Powerlite,49.9,"49,90 $",99.99,"Était±  99,99 $prix était 99,99 $",49.9,"49,90 $",49.9,"49,90 $",true,https://www.canadiantire.ca/fr/pdp/table-de-camping-woods-terra-powerlite-0766620p.html,https://www.canadiantire.ca/fr/pdp/table-de-camping-woods-terra-powerlite-0766620p.html,https://media-www.canadiantire.ca/product/playing/camping/camping-furniture/0766620/woods-portable-table-6edc3727-93f4-49d3-947d-54e0ac121997-jpgrendition.jpg?im=whresize&wid=200&hei=200,https://media-www.canadiantire.ca/product/playing/camping/camping-furniture/0766620/woods-portable-table-6edc3727-93f4-49d3-947d-54e0ac121997-jpgrendition.jpg?im=whresize&wid=200&hei=200,,0766620,076-6620-8,26 En Stock#076-6620-8,Liquidation◊Exclusivité,50.1,"49,90","99,99"
231,"Laval Vimont, QC","Gourde isotherme en acier inoxydable MANNA Modern, 950 ml","Gourde isotherme en acier inoxydable MANNA Modern, 950 ml",14.9,"14,90 $",29.99,"29,99 $Était   et+ prix était à partir de 29,99 $",14.9,"14,90 $",14.9,"14,90 $",true,https://www.canadiantire.ca/fr/pdp/gourde-isotherme-en-acier-inoxydable-manna-modern-950-ml-0761306p.html,https://www.canadiantire.ca/fr/pdp/gourde-isotherme-en-acier-inoxydable-manna-modern-950-ml-0761306p.html,https://media-www.canadiantire.ca/product/playing/camping/camping-living/0761308/woods-water-bottle-large-black-3836e2d7-3506-4e5d-92c3-78f703777393-jpgrendition.jpg?im=whresize&wid=200&hei=200,https://media-www.canadiantire.ca/product/playing/camping/camping-living/0761308/woods-water-bottle-large-black-3836e2d7-3506-4e5d-92c3-78f703777393-jpgrendition.jpg?im=whresize&wid=200&hei=200,,0761306,076-1306,Vérifiez la disponibilité#076-1306X,Liquidation◊Mieux notés,50.32,"14,90","29,99"
231,"Laval Vimont, QC","Poêle commerciale t.usage Lagostina, plaquée 3 couches, 5 ptes","Poêle commerciale t.usage Lagostina, plaquée 3 couches, 5 ptes",69.9,"69,90 $",139.99,"Était±  139,99 $prix était 139,99 $",69.9,"69,90 $",69.9,"69,90 $",true,https://www.canadiantire.ca/fr/pdp/poele-commerciale-t-usage-lagostina-plaquee-3-couches-5-ptes-1427957p.html,https://www.canadiantire.ca/fr/pdp/poele-commerciale-t-usage-lagostina-plaquee-3-couches-5-ptes-1427957p.html,https://media-www.canadiantire.ca/product/living/kitchen/cookware/1427957/lagostina-3-ply-clad-commerciale-everyday-pan-5qt-6deaf679-497a-4229-b1d1-63c401578453-jpgrendition.jpg?im=whresize&wid=200&hei=200,https://media-www.canadiantire.ca/product/living/kitchen/cookware/1427957/lagostina-3-ply-clad-commerciale-everyday-pan-5qt-6deaf679-497a-4229-b1d1-63c401578453-jpgrendition.jpg?im=whresize&wid=200&hei=200,,1427957,142-7957-4,112 En Stock#142-7957-4,Liquidation◊Mieux notés,50.07,"69,90","139,99"
231,"Laval Vimont, QC","Foyer multimédia CANVAS Alma, 72 po","Foyer multimédia CANVAS Alma, 72 po",249.9,"249,90 $",729.99,"Était±  729,99 $prix était 729,99 $",249.9,"249,90 $",249.9,"249,90 $",true,https://www.canadiantire.ca/fr/pdp/foyer-multimedia-canvas-alma-72-po-0644023p.html,https://www.canadiantire.ca/fr/pdp/foyer-multimedia-canvas-alma-72-po-0644023p.html,https://media-www.canadiantire.ca/product/living/home-decor/electric-fireplaces/0644023/canvas-72-alma-media-fireplace-e628d1ac-401e-49a3-9433-090b81178264-jpgrendition.jpg?im=whresize&wid=200&hei=200,https://media-www.canadiantire.ca/product/living/home-decor/electric-fireplaces/0644023/canvas-72-alma-media-fireplace-e628d1ac-401e-49a3-9433-090b81178264-jpgrendition.jpg?im=whresize&wid=200&hei=200,,0644023,064-4023-0,Il n’en reste que 3 #064-4023-0,Liquidation◊Mieux notés,65.77,"249,90","729,99"
231,"Laval Vimont, QC","Lampes solaires sur piquet For Living, oiseau, 36,22 po, choix varié","Lampes solaires sur piquet For Living, oiseau, 36,22 po, choix varié",19.93,"19,93 $",49.99,"Était±  49,99 $prix était 49,99 $",19.93,"19,93 $",19.93,"19,93 $",true,https://www.canadiantire.ca/fr/pdp/lampes-solaires-sur-piquet-for-living-oiseau-36-22-po-choix-varie-0597300p.html,https://www.canadiantire.ca/fr/pdp/lampes-solaires-sur-piquet-for-living-oiseau-36-22-po-choix-varie-0597300p.html,https://media-www.canadiantire.ca/product/seasonal-gardening/backyard-living/outdoor-living-accessories/0597300/for-living-bird-stakes-assorted-30b467ea-303c-4241-ac34-039a62d2bc6e-jpgrendition.jpg?im=whresize&wid=200&hei=200,https://media-www.canadiantire.ca/product/seasonal-gardening/backyard-living/outdoor-living-accessories/0597300/for-living-bird-stakes-assorted-30b467ea-303c-4241-ac34-039a62d2bc6e-jpgrendition.jpg?im=whresize&wid=200&hei=200,,0597300,059-7300-6,13 En Stock#059-7300-6,Liquidation◊Exclusivité,60.13,"19,93","49,99"
231,"Laval Vimont, QC",Système d’élimination déchets de cuisine écologique Sepura,Système d’élimination déchets de cuisine écologique Sepura,99.9,"99,90 $",749.99,"Était±  749,99 $prix était 749,99 $",99.9,"99,90 $",99.9,"99,90 $",true,https://www.canadiantire.ca/fr/pdp/systeme-d-elimination-dechets-de-cuisine-ecologique-sepura-0633486p.html,https://www.canadiantire.ca/fr/pdp/systeme-d-elimination-dechets-de-cuisine-ecologique-sepura-0633486p.html,https://media-www.canadiantire.ca/product/fixing/plumbing/rough-plumbing/0633486/sepura-in-sink-food-waste-separator-and-collector-9742ff37-21c0-40c1-babb-e09184b6c6bc-jpgrendition.jpg?im=whresize&wid=200&hei=200,https://media-www.canadiantire.ca/product/fixing/plumbing/rough-plumbing/0633486/sepura-in-sink-food-waste-separator-and-collector-9742ff37-21c0-40c1-babb-e09184b6c6bc-jpgrendition.jpg?im=whresize&wid=200&hei=200,,0633486,063-3486-6,8 En Stock#063-3486-6,Liquidation◊Exclusivité,86.68,"99,90","749,99"
231,"Laval Vimont, QC","Chaise longue empilable For Living, bleu","Chaise longue empilable For Living, bleu",39.93,"39,93 $",79.99,"Était±  79,99 $prix était 79,99 $",39.93,"39,93 $",39.93,"39,93 $",true,https://www.canadiantire.ca/fr/pdp/chaise-longue-empilable-for-living-bleu-1881311p.html,https://www.canadiantire.ca/fr/pdp/chaise-longue-empilable-for-living-bleu-1881311p.html,https://media-www.canadiantire.ca/product/seasonal-gardening/backyard-living/outdoor-furniture/1881311/for-living-stacking-lounge-chair-blue-ffdc524a-12aa-4b4a-9bd0-c3d4eb89e7dd-jpgrendition.jpg?im=whresize&wid=200&hei=200,https://media-www.canadiantire.ca/product/seasonal-gardening/backyard-living/outdoor-furniture/1881311/for-living-stacking-lounge-chair-blue-ffdc524a-12aa-4b4a-9bd0-c3d4eb89e7dd-jpgrendition.jpg?im=whresize&wid=200&hei=200,,1881311,188-1311-8,Il n’en reste que 3 #188-1311-8,Liquidation◊Exclusivité,50.08,"39,93","79,99"
231,"Laval Vimont, QC",Vélo d'intérieur Horizon 5.0IC,Vélo d'intérieur Horizon 5.0IC,349.9,"349,90 $",799.99,"Était±  799,99 $prix était 799,99 $",349.9,"349,90 $",349.9,"349,90 $",true,https://www.canadiantire.ca/fr/pdp/velo-d-interieur-horizon-5-0ic-1841841p.html,https://www.canadiantire.ca/fr/pdp/velo-d-interieur-horizon-5-0ic-1841841p.html,https://media-www.canadiantire.ca/product/playing/exercise/cardio-equipment-accessories/1841841/horizon-5-0ic-indoor-cycling-bike-ba509a44-0c1c-4724-b4c2-82dac6c89c28-jpgrendition.jpg?im=whresize&wid=200&hei=200,https://media-www.canadiantire.ca/product/playing/exercise/cardio-equipment-accessories/1841841/horizon-5-0ic-indoor-cycling-bike-ba509a44-0c1c-4724-b4c2-82dac6c89c28-jpgrendition.jpg?im=whresize&wid=200&hei=200,,1841841,184-1841-4,Il n’en reste que 3 #184-1841-4,Liquidation◊,56.26,"349,90","799,99"
231,"Laval Vimont, QC","Range-placard autoportant de type A avec tiroirs, couleurs variées, 17,75 po","Range-placard autoportant de type A avec tiroirs, couleurs variées, 17,75 po",99.9,"99,90 $",249.99,"249,99 $Était   et+ prix était à partir de 249,99 $",99.9,"99,90 $",99.9,"99,90 $",true,https://www.canadiantire.ca/fr/pdp/range-placard-autoportant-de-type-a-avec-tiroirs-couleurs-variees-17-75-po-0688341p.html,https://www.canadiantire.ca/fr/pdp/range-placard-autoportant-de-type-a-avec-tiroirs-couleurs-variees-17-75-po-0688341p.html,https://media-www.canadiantire.ca/product/living/home-organization/closet-organization/0688343/type-a-closet-kit-with-drawers-17-75-black-natural-5368b461-793f-4b95-b93c-636cdab0e93a-jpgrendition.jpg?im=whresize&wid=200&hei=200,https://media-www.canadiantire.ca/product/living/home-organization/closet-organization/0688343/type-a-closet-kit-with-drawers-17-75-black-natural-5368b461-793f-4b95-b93c-636cdab0e93a-jpgrendition.jpg?im=whresize&wid=200&hei=200,,0688341,068-8341,Vérifiez la disponibilité#068-8341X,Liquidation◊Mieux notés,60.04,"99,90","249,99"
231,"Laval Vimont, QC","Boîte empilable The Home Edit par iDesign, grand, transparent, couvercle hermétique, 2,37 L","Boîte empilable The Home Edit par iDesign, grand, transparent, couvercle hermétique, 2,37 L",9.93,"9,93 $",19.99,"Était±  19,99 $prix était 19,99 $",9.93,"9,93 $",9.93,"9,93 $",true,https://www.canadiantire.ca/fr/pdp/boite-empilable-the-home-edit-par-idesign-grand-transparent-couvercle-hermetique-2-37-l-1429133p.html,https://www.canadiantire.ca/fr/pdp/boite-empilable-the-home-edit-par-idesign-grand-transparent-couvercle-hermetique-2-37-l-1429133p.html,https://media-www.canadiantire.ca/product/living/home-organization/storage-containers/1429133/the-home-edit-large-canister-77879cb4-5c27-4e69-9af6-789da8ed070a-jpgrendition.jpg?im=whresize&wid=200&hei=200,https://media-www.canadiantire.ca/product/living/home-organization/storage-containers/1429133/the-home-edit-large-canister-77879cb4-5c27-4e69-9af6-789da8ed070a-jpgrendition.jpg?im=whresize&wid=200&hei=200,,1429133,142-9133-2,Il n’en reste que 4 #142-9133-2,Liquidation◊Mieux notés,50.33,"9,93","19,99"
231,"Laval Vimont, QC","Multicuiseur et friteuse à air chaud ActiFry avec pale de brassage automatique, 6 L (6,3 pintes), chrome","Multicuiseur et friteuse à air chaud ActiFry avec pale de brassage automatique, 6 L (6,3 pintes), chrome",79.9,"79,90 $",369.99,"Était±  369,99 $prix était 369,99 $",79.9,"79,90 $",79.9,"79,90 $",true,https://www.canadiantire.ca/fr/pdp/multicuiseur-et-friteuse-a-air-chaud-actifry-avec-pale-de-brassage-automatique-6-l-6-3-pintes-chrome-0432071p.html,https://www.canadiantire.ca/fr/pdp/multicuiseur-et-friteuse-a-air-chaud-actifry-avec-pale-de-brassage-automatique-6-l-6-3-pintes-chrome-0432071p.html,https://media-www.canadiantire.ca/product/living/kitchen/kitchen-appliances/0432071/t-fal-acti-fry-cooker-9e66184b-04b7-4e7c-aa7b-ecfac8fb6849-jpgrendition.jpg?im=whresize&wid=200&hei=200,https://media-www.canadiantire.ca/product/living/kitchen/kitchen-appliances/0432071/t-fal-acti-fry-cooker-9e66184b-04b7-4e7c-aa7b-ecfac8fb6849-jpgrendition.jpg?im=whresize&wid=200&hei=200,,0432071,043-2071-6,270 En Stock#043-2071-6,Liquidation◊Mieux notés,78.4,"79,90","369,99"
231,"Laval Vimont, QC","Lampe de travail COB Motomaster, pile sèche","Lampe de travail COB Motomaster, pile sèche",6.99,"6,99 $",22.99,"Était±  22,99 $prix était 22,99 $",6.99,"6,99 $",6.99,"6,99 $",true,https://www.canadiantire.ca/fr/pdp/lampe-de-travail-cob-motomaster-pile-seche-0378076p.html,https://www.canadiantire.ca/fr/pdp/lampe-de-travail-cob-motomaster-pile-seche-0378076p.html,https://media-www.canadiantire.ca/product/automotive/car-care-accessories/auto-accessories/0378076/motomaster-cob-dry-battery-worklight-79121987-169f-468e-ac18-5d54166c93e6-jpgrendition.jpg?im=whresize&wid=200&hei=200,https://media-www.canadiantire.ca/product/automotive/car-care-accessories/auto-accessories/0378076/motomaster-cob-dry-battery-worklight-79121987-169f-468e-ac18-5d54166c93e6-jpgrendition.jpg?im=whresize&wid=200&hei=200,,0378076,037-8076-6,Il n’en reste que 6 #037-8076-6,Liquidation◊Exclusivité,69.6,"6,99","22,99"
231,"Laval Vimont, QC","Applique d'extérieur intégrée à DEL NOMA, noir mat, 13,2 po","Applique d'extérieur intégrée à DEL NOMA, noir mat, 13,2 po",39.93,"39,93 $",89.99,"Était±  89,99 $prix était 89,99 $",39.93,"39,93 $",39.93,"39,93 $",true,https://www.canadiantire.ca/fr/pdp/applique-d-exterieur-integree-a-del-noma-noir-mat-13-2-po-1522768p.html,https://www.canadiantire.ca/fr/pdp/applique-d-exterieur-integree-a-del-noma-noir-mat-13-2-po-1522768p.html,https://media-www.canadiantire.ca/product/fixing/electrical/lighting/1522768/noma-13-2-integrated-led-outdoor-wall-sconce-8979a633-f230-4404-8f55-f2844f1e0dd2-jpgrendition.jpg?im=whresize&wid=200&hei=200,https://media-www.canadiantire.ca/product/fixing/electrical/lighting/1522768/noma-13-2-integrated-led-outdoor-wall-sconce-8979a633-f230-4404-8f55-f2844f1e0dd2-jpgrendition.jpg?im=whresize&wid=200&hei=200,,1522768,152-2768-0,Il n’en reste que 2 #152-2768-0,Liquidation◊Mieux notés,55.63,"39,93","89,99"
231,"Laval Vimont, QC","Caméra de tableau de bord Reload 1080p avec écran IPS de 2,35 po et carte mémoire de 16 Go, noire","Caméra de tableau de bord Reload 1080p avec écran IPS de 2,35 po et carte mémoire de 16 Go, noire",53.68,"53,68 $",149.99,"Était±  149,99 $prix était 149,99 $",53.68,"53,68 $",53.68,"53,68 $",true,https://www.canadiantire.ca/fr/pdp/camera-de-tableau-de-bord-reload-1080p-avec-ecran-ips-de-2-35-po-et-carte-memoire-de-16-go-noire-0350740p.html,https://www.canadiantire.ca/fr/pdp/camera-de-tableau-de-bord-reload-1080p-avec-ecran-ips-de-2-35-po-et-carte-memoire-de-16-go-noire-0350740p.html,https://media-www.canadiantire.ca/product/automotive/car-care-accessories/auto-electronics/0350740/reload-1080p-dashcam-2-35-screen-b64aece5-2a80-40ac-a408-5c7ed989fcb5-jpgrendition.jpg?im=whresize&wid=200&hei=200,https://media-www.canadiantire.ca/product/automotive/car-care-accessories/auto-electronics/0350740/reload-1080p-dashcam-2-35-screen-b64aece5-2a80-40ac-a408-5c7ed989fcb5-jpgrendition.jpg?im=whresize&wid=200&hei=200,,0350740,035-0740-6,Il n’en reste que 2 #035-0740-6,Liquidation◊,64.21,"53,68","149,99"
231,"Laval Vimont, QC","Tasse en grès CANVAS, abstrait, 13 oz","Tasse en grès CANVAS, abstrait, 13 oz",1.9,"1,90 $",5.49,"Était±  5,49 $prix était 5,49 $",1.9,"1,90 $",1.9,"1,90 $",true,https://www.canadiantire.ca/fr/pdp/tasse-en-gres-canvas-abstrait-13-oz-1427928p.html,https://www.canadiantire.ca/fr/pdp/tasse-en-gres-canvas-abstrait-13-oz-1427928p.html,https://media-www.canadiantire.ca/product/living/kitchen/kitchen-appliances/1427928/canvas-abstract-mug-c89639ea-6e4b-4efc-8b52-bad19ed8c438-jpgrendition.jpg?im=whresize&wid=200&hei=200,https://media-www.canadiantire.ca/product/living/kitchen/kitchen-appliances/1427928/canvas-abstract-mug-c89639ea-6e4b-4efc-8b52-bad19ed8c438-jpgrendition.jpg?im=whresize&wid=200&hei=200,,1427928,142-7928-4,376 En Stock#142-7928-4,Liquidation◊Mieux notés,65.39,"1,90","5,49"
231,"Laval Vimont, QC","For Living - Auvent de rechange octogonal pour gazebo, beige, 153 x 124 x 35 po","For Living - Auvent de rechange octogonal pour gazebo, beige, 153 x 124 x 35 po",94.93,"94,93 $",199.99,"Était±  199,99 $prix était 199,99 $",94.93,"94,93 $",94.93,"94,93 $",true,https://www.canadiantire.ca/fr/pdp/for-living-auvent-de-rechange-octogonal-pour-gazebo-beige-153-x-124-x-35-po-0881635p.html,https://www.canadiantire.ca/fr/pdp/for-living-auvent-de-rechange-octogonal-pour-gazebo-beige-153-x-124-x-35-po-0881635p.html,https://media-www.canadiantire.ca/product/seasonal-gardening/backyard-living/outdoor-furniture/0881635/for-living-canopy-for-octagon-179677f6-f9ea-4c8f-82df-4cf8841a4342-jpgrendition.jpg?im=whresize&wid=200&hei=200,https://media-www.canadiantire.ca/product/seasonal-gardening/backyard-living/outdoor-furniture/0881635/for-living-canopy-for-octagon-179677f6-f9ea-4c8f-82df-4cf8841a4342-jpgrendition.jpg?im=whresize&wid=200&hei=200,,0881635,088-1635-6,Il n’en reste que 3 #088-1635-6,Liquidation◊Exclusivité,52.53,"94,93","199,99"
231,"Laval Vimont, QC","Coussin de siège profond hydrofuge résistant aux taches CANVAS, bleu","Coussin de siège profond hydrofuge résistant aux taches CANVAS, bleu",69.93,"69,93 $",139.99,"Était±  139,99 $prix était 139,99 $",69.93,"69,93 $",69.93,"69,93 $",true,https://www.canadiantire.ca/fr/pdp/coussin-de-siege-profond-hydrofuge-resistant-aux-taches-canvas-bleu-0882125p.html,https://www.canadiantire.ca/fr/pdp/coussin-de-siege-profond-hydrofuge-resistant-aux-taches-canvas-bleu-0882125p.html,https://media-www.canadiantire.ca/product/seasonal-gardening/backyard-living/outdoor-living-accessories/0882125/canvas-deep-seat-chair-cushion-blue-27c8ec33-9c35-4fa3-b07d-4c393699e04a-jpgrendition.jpg?im=whresize&wid=200&hei=200,https://media-www.canadiantire.ca/product/seasonal-gardening/backyard-living/outdoor-living-accessories/0882125/canvas-deep-seat-chair-cushion-blue-27c8ec33-9c35-4fa3-b07d-4c393699e04a-jpgrendition.jpg?im=whresize&wid=200&hei=200,,0882125,088-2125-4,21 En Stock#088-2125-4,Liquidation◊Exclusivité,50.05,"69,93","139,99"
231,"Laval Vimont, QC","Pneu de vélo de confort Kenda K847, 26 x 1,95 po, noir","Pneu de vélo de confort Kenda K847, 26 x 1,95 po, noir",14.9,"14,90 $",33.99,"Était±  33,99 $prix était 33,99 $",14.9,"14,90 $",14.9,"14,90 $",true,https://www.canadiantire.ca/fr/pdp/pneu-de-velo-de-confort-kenda-k847-26-x-1-95-po-noir-0737278p.html,https://www.canadiantire.ca/fr/pdp/pneu-de-velo-de-confort-kenda-k847-26-x-1-95-po-noir-0737278p.html,https://media-www.canadiantire.ca/product/playing/cycling/bicycle-accessories/0737278/kenda-k847-26-x1-95-comfort-bike-tire--27338539-22cc-45d3-bf29-1c845ba7e331-jpgrendition.jpg?im=whresize&wid=200&hei=200,https://media-www.canadiantire.ca/product/playing/cycling/bicycle-accessories/0737278/kenda-k847-26-x1-95-comfort-bike-tire--27338539-22cc-45d3-bf29-1c845ba7e331-jpgrendition.jpg?im=whresize&wid=200&hei=200,,0737278,073-7278-4,18 En Stock#073-7278-4,Liquidation◊,56.16,"14,90","33,99"
231,"Laval Vimont, QC","Le robot aspirateur et laveur Shark PowerDetectMC 2-en-1 avec base NeverTouchMC, autovidage, sans danger pour les animaux, nettoyage avancé des bords","Le robot aspirateur et laveur Shark PowerDetectMC 2-en-1 avec base NeverTouchMC, autovidage, sans danger pour les animaux, nettoyage avancé des bords",549.93,"549,93 $",1149.99,"Était±  1 149,99 $prix était 1 149,99 $",549.93,"549,93 $",549.93,"549,93 $",true,https://www.canadiantire.ca/fr/pdp/le-robot-aspirateur-et-laveur-shark-powerdetectmc-2-en-1-avec-base-nevertouchmc-autovidage-sans-danger-pour-les-animaux-nettoyage-avance-des-bords-0437229p.html,https://www.canadiantire.ca/fr/pdp/le-robot-aspirateur-et-laveur-shark-powerdetectmc-2-en-1-avec-base-nevertouchmc-autovidage-sans-danger-pour-les-animaux-nettoyage-avance-des-bords-0437229p.html,https://media-www.canadiantire.ca/product/living/cleaning/vacuums-and-floorcare/0437229/shark-detect-pro-wet-dry-self-empty-neverstuck-robotic-vac-0a80650c-b7a1-49e6-ba72-cb15b1345304-jpgrendition.jpg?im=whresize&wid=200&hei=200,https://media-www.canadiantire.ca/product/living/cleaning/vacuums-and-floorcare/0437229/shark-detect-pro-wet-dry-self-empty-neverstuck-robotic-vac-0a80650c-b7a1-49e6-ba72-cb15b1345304-jpgrendition.jpg?im=whresize&wid=200&hei=200,,0437229,043-7229-4,Il n’en reste que 6 #043-7229-4,Liquidation◊,52.18,"549,93","1149,99"
231,"Laval Vimont, QC","Scie circulaire sans balais MAXIMUM, 40 V (7 1/4)","Scie circulaire sans balais MAXIMUM, 40 V (7 1/4)",160.55,"160,55 $",399.99,"Était±  399,99 $prix était 399,99 $",160.55,"160,55 $",160.55,"160,55 $",true,https://www.canadiantire.ca/fr/pdp/scie-circulaire-sans-balais-maximum-40-v-7-1-4-0548800p.html,https://www.canadiantire.ca/fr/pdp/scie-circulaire-sans-balais-maximum-40-v-7-1-4-0548800p.html,https://media-www.canadiantire.ca/product/fixing/tools/portable-power-tools/0548800/mx-40v-bl-circular-saw-7-1-4--a2aaaaef-3c45-41d8-9b9a-289eccaa5377-jpgrendition.jpg?im=whresize&wid=200&hei=200,https://media-www.canadiantire.ca/product/fixing/tools/portable-power-tools/0548800/mx-40v-bl-circular-saw-7-1-4--a2aaaaef-3c45-41d8-9b9a-289eccaa5377-jpgrendition.jpg?im=whresize&wid=200&hei=200,,0548800,054-8800-0,63 En Stock#054-8800-0,Liquidation◊Mieux notés,59.86,"160,55","399,99"
231,"Laval Vimont, QC","Humidificateur d'air ultrasonique à brume fraîche et diffuseur d'huile essentielle Crane EE-5951AD avec lampe, léger, très silencieux, blanc, 0,8 L","Humidificateur d'air ultrasonique à brume fraîche et diffuseur d'huile essentielle Crane EE-5951AD avec lampe, léger, très silencieux, blanc, 0,8 L",24.93,"24,93 $",63.99,"Était±  63,99 $prix était 63,99 $",24.93,"24,93 $",24.93,"24,93 $",true,https://www.canadiantire.ca/fr/pdp/humidificateur-d-air-ultrasonique-a-brume-fraiche-et-diffuseur-d-huile-essentielle-crane-ee-5951ad-avec-lampe-leger-tres-silencieux-blanc-0-8-l-0430700p.html,https://www.canadiantire.ca/fr/pdp/humidificateur-d-air-ultrasonique-a-brume-fraiche-et-diffuseur-d-huile-essentielle-crane-ee-5951ad-avec-lampe-leger-tres-silencieux-blanc-0-8-l-0430700p.html,https://media-www.canadiantire.ca/product/living/home-environment/home-air-quality-appliances/0430700/crane-ultrasonic-cool-mist-humidifier-diffuser-95c3bc13-c9f0-4d3a-aab6-08011ec6a9db-jpgrendition.jpg?im=whresize&wid=200&hei=200,https://media-www.canadiantire.ca/product/living/home-environment/home-air-quality-appliances/0430700/crane-ultrasonic-cool-mist-humidifier-diffuser-95c3bc13-c9f0-4d3a-aab6-08011ec6a9db-jpgrendition.jpg?im=whresize&wid=200&hei=200,,0430700,043-0700-2,Il n’en reste que 1 #043-0700-2,Liquidation◊Mieux notés,61.04,"24,93","63,99"
231,"Laval Vimont, QC","Tapis de couloir d'intérieur et d'extérieur CANVAS Elfin, 3 x 5 pi","Tapis de couloir d'intérieur et d'extérieur CANVAS Elfin, 3 x 5 pi",9.93,"9,93 $",29.99,"Était±  29,99 $prix était 29,99 $",9.93,"9,93 $",9.93,"9,93 $",true,https://www.canadiantire.ca/fr/pdp/tapis-de-couloir-d-interieur-et-d-exterieur-canvas-elfin-3-x-5-pi-0680045p.html,https://www.canadiantire.ca/fr/pdp/tapis-de-couloir-d-interieur-et-d-exterieur-canvas-elfin-3-x-5-pi-0680045p.html,https://media-www.canadiantire.ca/product/living/home-decor/floor-window-decor/0680045/elfin-outdoor-runner-rug-f81ffe3f-6368-4f13-8809-4b772e430737-jpgrendition.jpg?im=whresize&wid=200&hei=200,https://media-www.canadiantire.ca/product/living/home-decor/floor-window-decor/0680045/elfin-outdoor-runner-rug-f81ffe3f-6368-4f13-8809-4b772e430737-jpgrendition.jpg?im=whresize&wid=200&hei=200,,0680045,068-0045-4,Il n’en reste que 1 #068-0045-4,Liquidation◊Mieux notés,66.89,"9,93","29,99"
231,"Laval Vimont, QC","Casque Origine Delta modulaire, visière électrique, noir/titane","Casque Origine Delta modulaire, visière électrique, noir/titane",99.9,"99,90 $",289.99,"289,99 $Était   et+ prix était à partir de 289,99 $",99.9,"99,90 $",99.9,"99,90 $",true,https://www.canadiantire.ca/fr/pdp/casque-origine-delta-modulaire-visiere-electrique-noir-titane-0262826p.html,https://www.canadiantire.ca/fr/pdp/casque-origine-delta-modulaire-visiere-electrique-noir-titane-0262826p.html,https://media-www.canadiantire.ca/product/automotive/automotive-outdoor-adventure/powersport/0262826/origine-delta-modular-snow-w-elec-shield-black-titanium-s-27d3e06d-7103-4ee1-8c9c-394c946451d7-jpgrendition.jpg?im=whresize&wid=200&hei=200,https://media-www.canadiantire.ca/product/automotive/automotive-outdoor-adventure/powersport/0262826/origine-delta-modular-snow-w-elec-shield-black-titanium-s-27d3e06d-7103-4ee1-8c9c-394c946451d7-jpgrendition.jpg?im=whresize&wid=200&hei=200,,0262826,026-2826,Vérifiez la disponibilité#026-2826X,Liquidation◊Mieux notés,65.55,"99,90","289,99"
231,"Laval Vimont, QC","Gant de baseball Matrix, noir/chameau, 11 po, main gauche","Gant de baseball Matrix, noir/chameau, 11 po, main gauche",19.9,"19,90 $",39.99,"Était±  39,99 $prix était 39,99 $",19.9,"19,90 $",19.9,"19,90 $",true,https://www.canadiantire.ca/fr/pdp/gant-de-baseball-matrix-noir-chameau-11-po-main-gauche-0803077p.html,https://www.canadiantire.ca/fr/pdp/gant-de-baseball-matrix-noir-chameau-11-po-main-gauche-0803077p.html,https://media-www.canadiantire.ca/product/playing/team-sports-and-golf/field-sports/0803077/matrix-fielding-glove-black-camel-11-left-hand-catch-cb3cde19-2b3f-446a-842b-fab92a47b56e-jpgrendition.jpg?im=whresize&wid=200&hei=200,https://media-www.canadiantire.ca/product/playing/team-sports-and-golf/field-sports/0803077/matrix-fielding-glove-black-camel-11-left-hand-catch-cb3cde19-2b3f-446a-842b-fab92a47b56e-jpgrendition.jpg?im=whresize&wid=200&hei=200,,0803077,080-3077-8,22 En Stock#080-3077-8,Liquidation◊Mieux notés,50.24,"19,90","39,99"
231,"Laval Vimont, QC","Cuissardes à semelles en PVC Outbound, adultes, vert","Cuissardes à semelles en PVC Outbound, adultes, vert",59.9,"59,90 $",129.99,"129,99 $Était   et+ prix était à partir de 129,99 $",59.9,"59,90 $",59.9,"59,90 $",true,https://www.canadiantire.ca/fr/pdp/cuissardes-a-semelles-en-pvc-outbound-adultes-vert-0771565p.html,https://www.canadiantire.ca/fr/pdp/cuissardes-a-semelles-en-pvc-outbound-adultes-vert-0771565p.html,https://media-www.canadiantire.ca/product/playing/fishing/fishing-accessories/0771569/outbound-pvc-chest-wader-size-11-46e12daa-1028-4e4e-b4f8-eef8f51cb0b8-jpgrendition.jpg?im=whresize&wid=200&hei=200,https://media-www.canadiantire.ca/product/playing/fishing/fishing-accessories/0771569/outbound-pvc-chest-wader-size-11-46e12daa-1028-4e4e-b4f8-eef8f51cb0b8-jpgrendition.jpg?im=whresize&wid=200&hei=200,,0771565,077-1565,Vérifiez la disponibilité#077-1565X,Liquidation◊Exclusivité,53.92,"59,90","129,99"
231,"Laval Vimont, QC","Chaise de salle à manger CANVAS Minto, noir","Chaise de salle à manger CANVAS Minto, noir",44.93,"44,93 $",129.99,"Était±  129,99 $prix était 129,99 $",44.93,"44,93 $",44.93,"44,93 $",true,https://www.canadiantire.ca/fr/pdp/chaise-de-salle-a-manger-canvas-minto-noir-1680107p.html,https://www.canadiantire.ca/fr/pdp/chaise-de-salle-a-manger-canvas-minto-noir-1680107p.html,https://media-www.canadiantire.ca/product/living/home-decor/furniture/1680107/canvas-minto-dining-chair-black-2349305a-ab0e-40fa-9e1e-605f6260be95-jpgrendition.jpg?im=whresize&wid=200&hei=200,https://media-www.canadiantire.ca/product/living/home-decor/furniture/1680107/canvas-minto-dining-chair-black-2349305a-ab0e-40fa-9e1e-605f6260be95-jpgrendition.jpg?im=whresize&wid=200&hei=200,,1680107,168-0107-0,,Liquidation◊Mieux notés,65.44,"44,93","129,99"
231,"Laval Vimont, QC","Tasse en grès empilable CANVAS, botanique, 16 oz","Tasse en grès empilable CANVAS, botanique, 16 oz",1.9,"1,90 $",5.49,"Était±  5,49 $prix était 5,49 $",1.9,"1,90 $",1.9,"1,90 $",true,https://www.canadiantire.ca/fr/pdp/tasse-en-gres-empilable-canvas-botanique-16-oz-1427923p.html,https://www.canadiantire.ca/fr/pdp/tasse-en-gres-empilable-canvas-botanique-16-oz-1427923p.html,https://media-www.canadiantire.ca/product/living/kitchen/kitchen-appliances/1427923/canvas-stackable-botanical-mug-218b1200-175a-4de0-ba7d-f3d441776815-jpgrendition.jpg?im=whresize&wid=200&hei=200,https://media-www.canadiantire.ca/product/living/kitchen/kitchen-appliances/1427923/canvas-stackable-botanical-mug-218b1200-175a-4de0-ba7d-f3d441776815-jpgrendition.jpg?im=whresize&wid=200&hei=200,,1427923,142-7923-4,131 En Stock#142-7923-4,Liquidation◊Mieux notés,65.39,"1,90","5,49"
231,"Laval Vimont, QC","Tapis d'intérieur et d'extérieur CANVAS Vels Elora, 8 x 10 pi","Tapis d'intérieur et d'extérieur CANVAS Vels Elora, 8 x 10 pi",79.9,"79,90 $",239.99,"Était±  239,99 $prix était 239,99 $",79.9,"79,90 $",79.9,"79,90 $",true,https://www.canadiantire.ca/fr/pdp/tapis-d-interieur-et-d-exterieur-canvas-vels-elora-8-x-10-pi-0680040p.html,https://www.canadiantire.ca/fr/pdp/tapis-d-interieur-et-d-exterieur-canvas-vels-elora-8-x-10-pi-0680040p.html,https://media-www.canadiantire.ca/product/living/home-decor/floor-window-decor/0680040/vels-indoor-outdoor-rug-818885c7-156c-4fc3-b598-3c31269d50eb-jpgrendition.jpg?im=whresize&wid=200&hei=200,https://media-www.canadiantire.ca/product/living/home-decor/floor-window-decor/0680040/vels-indoor-outdoor-rug-818885c7-156c-4fc3-b598-3c31269d50eb-jpgrendition.jpg?im=whresize&wid=200&hei=200,,0680040,068-0040-4,35 En Stock#068-0040-4,Liquidation◊Mieux notés,66.71,"79,90","239,99"
231,"Laval Vimont, QC","Pagaie de kayak standard Pelican, noir, 89 po (2,26 m)","Pagaie de kayak standard Pelican, noir, 89 po (2,26 m)",24.93,"24,93 $",64.99,"Était±  64,99 $prix était 64,99 $",24.93,"24,93 $",24.93,"24,93 $",true,https://www.canadiantire.ca/fr/pdp/pagaie-de-kayak-standard-pelican-noir-89-po-2-26-m-0793365p.html,https://www.canadiantire.ca/fr/pdp/pagaie-de-kayak-standard-pelican-noir-89-po-2-26-m-0793365p.html,https://media-www.canadiantire.ca/product/playing/seasonal-recreation/marine-power-boating/0793365/kayak-paddle-90f64628-f3f6-4b2f-8666-1d68fcb360e4-jpgrendition.jpg?im=whresize&wid=200&hei=200,https://media-www.canadiantire.ca/product/playing/seasonal-recreation/marine-power-boating/0793365/kayak-paddle-90f64628-f3f6-4b2f-8666-1d68fcb360e4-jpgrendition.jpg?im=whresize&wid=200&hei=200,,0793365,079-3365-8,22 En Stock#079-3365-8,Liquidation◊Articles à succès,61.64,"24,93","64,99"
231,"Laval Vimont, QC",Everlast Powercore - Sac de frappe sur pied,Everlast Powercore - Sac de frappe sur pied,139.93,"139,93 $",329.99,"Était±  329,99 $prix était 329,99 $",139.93,"139,93 $",139.93,"139,93 $",true,https://www.canadiantire.ca/fr/pdp/everlast-powercore-sac-de-frappe-sur-pied-1840501p.html,https://www.canadiantire.ca/fr/pdp/everlast-powercore-sac-de-frappe-sur-pied-1840501p.html,https://media-www.canadiantire.ca/product/playing/exercise/exercise-accessories/1840501/everlast-powercore-freestanding-bag-be591a5f-7573-43c7-913c-02740ae51204-jpgrendition.jpg?im=whresize&wid=200&hei=200,https://media-www.canadiantire.ca/product/playing/exercise/exercise-accessories/1840501/everlast-powercore-freestanding-bag-be591a5f-7573-43c7-913c-02740ae51204-jpgrendition.jpg?im=whresize&wid=200&hei=200,,1840501,184-0501-0,Il n’en reste que 4 #184-0501-0,Liquidation◊,57.6,"139,93","329,99"
231,"Laval Vimont, QC","Nécessaire d'outils pour vélos Supercycle pour l'entretien et la réparation, noir","Nécessaire d'outils pour vélos Supercycle pour l'entretien et la réparation, noir",24.9,"24,90 $",64.99,"Était±  64,99 $prix était 64,99 $",24.9,"24,90 $",24.9,"24,90 $",true,https://www.canadiantire.ca/fr/pdp/necessaire-d-outils-pour-velos-supercycle-pour-l-entretien-et-la-reparation-noir-0735224p.html,https://www.canadiantire.ca/fr/pdp/necessaire-d-outils-pour-velos-supercycle-pour-l-entretien-et-la-reparation-noir-0735224p.html,https://media-www.canadiantire.ca/product/seasonal-gardening/cycling/bicycle-accessories/0735224/supercycle-essential-tool-kit-146ac079-dfc0-417e-89c2-7d86885861dd-jpgrendition.jpg?im=whresize&wid=200&hei=200,https://media-www.canadiantire.ca/product/seasonal-gardening/cycling/bicycle-accessories/0735224/supercycle-essential-tool-kit-146ac079-dfc0-417e-89c2-7d86885861dd-jpgrendition.jpg?im=whresize&wid=200&hei=200,,0735224,073-5224-4,44 En Stock#073-5224-4,Liquidation◊Mieux notés,61.69,"24,90","64,99"
231,"Laval Vimont, QC","Costume de bain short Outbound à entrejambe de 7 po pour hommes, noir","Costume de bain short Outbound à entrejambe de 7 po pour hommes, noir",8.93,"8,93 $",22.99,"22,99 $Était   et+ prix était à partir de 22,99 $",8.93,"8,93 $",8.93,"8,93 $",true,https://www.canadiantire.ca/fr/pdp/costume-de-bain-short-outbound-a-entrejambe-de-7-po-pour-hommes-noir-1873516p.html,https://www.canadiantire.ca/fr/pdp/costume-de-bain-short-outbound-a-entrejambe-de-7-po-pour-hommes-noir-1873516p.html,https://media-www.canadiantire.ca/product/playing/footwear-apparel/summer-footwear-apparel/1873516/outbound-men-s-7-swim-shorts-black-m-c537a4b2-7c1a-4049-8fd7-489191ff0b03-jpgrendition.jpg?im=whresize&wid=200&hei=200,https://media-www.canadiantire.ca/product/playing/footwear-apparel/summer-footwear-apparel/1873516/outbound-men-s-7-swim-shorts-black-m-c537a4b2-7c1a-4049-8fd7-489191ff0b03-jpgrendition.jpg?im=whresize&wid=200&hei=200,,1873516,187-3516,Vérifiez la disponibilité#187-3516X,Liquidation◊Mieux notés,61.16,"8,93","22,99"
231,"Laval Vimont, QC","Raboteuse MAXIMUM, 13 po","Raboteuse MAXIMUM, 13 po",349.93,"349,93 $",729.99,"Était±  729,99 $prix était 729,99 $",349.93,"349,93 $",349.93,"349,93 $",true,https://www.canadiantire.ca/fr/pdp/raboteuse-maximum-13-po-0556971p.html,https://www.canadiantire.ca/fr/pdp/raboteuse-maximum-13-po-0556971p.html,https://media-www.canadiantire.ca/product/fixing/tools/stationary-tools/0556971/maximum-13-planer-with-stand-5293d4dd-ad69-44ae-8e0c-58294ed90772-jpgrendition.jpg?im=whresize&wid=200&hei=200,https://media-www.canadiantire.ca/product/fixing/tools/stationary-tools/0556971/maximum-13-planer-with-stand-5293d4dd-ad69-44ae-8e0c-58294ed90772-jpgrendition.jpg?im=whresize&wid=200&hei=200,,0556971,055-6971-2,Il n’en reste que 1 #055-6971-2,Liquidation◊Exclusivité,52.06,"349,93","729,99"
231,"Laval Vimont, QC","Lustre à 5 lampes CANVAS Carlaw, hauteur réglable, noir mat","Lustre à 5 lampes CANVAS Carlaw, hauteur réglable, noir mat",99.93,"99,93 $",249.99,"Était±  249,99 $prix était 249,99 $",99.93,"99,93 $",99.93,"99,93 $",true,https://www.canadiantire.ca/fr/pdp/lustre-a-5-lampes-canvas-carlaw-hauteur-reglable-noir-mat-1522603p.html,https://www.canadiantire.ca/fr/pdp/lustre-a-5-lampes-canvas-carlaw-hauteur-reglable-noir-mat-1522603p.html,https://media-www.canadiantire.ca/product/living/home-decor/lighting/1522603/canvas-carlaw-chandelier-ef5bf9bd-067d-4da3-a17e-a6a58e40ec10-jpgrendition.jpg?im=whresize&wid=200&hei=200,https://media-www.canadiantire.ca/product/living/home-decor/lighting/1522603/canvas-carlaw-chandelier-ef5bf9bd-067d-4da3-a17e-a6a58e40ec10-jpgrendition.jpg?im=whresize&wid=200&hei=200,,1522603,152-2603-2,Il n’en reste que 1 #152-2603-2,Liquidation◊Mieux notés,60.03,"99,93","249,99"
231,"Laval Vimont, QC","Boîte pour collation régulière divisée melii, contenant de rangement pour aliments avec 12 compartiments, sauge","Boîte pour collation régulière divisée melii, contenant de rangement pour aliments avec 12 compartiments, sauge",7.43,"7,43 $",14.99,"Était±  14,99 $prix était 14,99 $",7.43,"7,43 $",7.43,"7,43 $",true,https://www.canadiantire.ca/fr/pdp/boite-pour-collation-reguliere-divisee-melii-contenant-de-rangement-pour-aliments-avec-12-compartiments-sauge-2425408p.html,https://www.canadiantire.ca/fr/pdp/boite-pour-collation-reguliere-divisee-melii-contenant-de-rangement-pour-aliments-avec-12-compartiments-sauge-2425408p.html,https://media-www.canadiantire.ca/product/living/kitchen/food-storage/2425408/melii-regular-12-compartment-snackle-box-sage-ada3502e-0c7c-4fc8-affb-3aff881ec051-jpgrendition.jpg?im=whresize&wid=200&hei=200,https://media-www.canadiantire.ca/product/living/kitchen/food-storage/2425408/melii-regular-12-compartment-snackle-box-sage-ada3502e-0c7c-4fc8-affb-3aff881ec051-jpgrendition.jpg?im=whresize&wid=200&hei=200,,2425408,242-5408-6,Il n’en reste que 3 #242-5408-6,Liquidation◊Mieux notés,50.43,"7,43","14,99"
231,"Laval Vimont, QC","Meuble-lavabo simple CANVAS Mahone à 1 porte, dessus en porcelaine vitrifiée, 24 po, noir","Meuble-lavabo simple CANVAS Mahone à 1 porte, dessus en porcelaine vitrifiée, 24 po, noir",179.93,"179,93 $",399.99,"Était±  399,99 $prix était 399,99 $",179.93,"179,93 $",179.93,"179,93 $",true,https://www.canadiantire.ca/fr/pdp/meuble-lavabo-simple-canvas-mahone-a-1-porte-dessus-en-porcelaine-vitrifiee-24-po-noir-0636378p.html,https://www.canadiantire.ca/fr/pdp/meuble-lavabo-simple-canvas-mahone-a-1-porte-dessus-en-porcelaine-vitrifiee-24-po-noir-0636378p.html,https://media-www.canadiantire.ca/product/fixing/plumbing/faucets-fixtures/0636378/canvas-24-mahone-1-door-black-0ba9e0ab-d30d-476e-bfa6-852b3a76223e-jpgrendition.jpg?im=whresize&wid=200&hei=200,https://media-www.canadiantire.ca/product/fixing/plumbing/faucets-fixtures/0636378/canvas-24-mahone-1-door-black-0ba9e0ab-d30d-476e-bfa6-852b3a76223e-jpgrendition.jpg?im=whresize&wid=200&hei=200,,0636378,063-6378-6,Il n’en reste que 1 #063-6378-6,Liquidation◊Mieux notés,55.02,"179,93","399,99"
231,"Laval Vimont, QC","Scie d'établi Mastercraft, 20 Vx2, 8 1/4 po","Scie d'établi Mastercraft, 20 Vx2, 8 1/4 po",299.93,"299,93 $",599.99,"Était±  599,99 $prix était 599,99 $",299.93,"299,93 $",299.93,"299,93 $",true,https://www.canadiantire.ca/fr/pdp/scie-d-etabli-mastercraft-20-vx2-8-1-4-po-0547595p.html,https://www.canadiantire.ca/fr/pdp/scie-d-etabli-mastercraft-20-vx2-8-1-4-po-0547595p.html,https://media-www.canadiantire.ca/product/fixing/tools/stationary-tools/0547595/mastercraft-20v-8-1-4-table-saw-bcc363c6-4866-498b-87e3-f9c33e564cf6-jpgrendition.jpg?im=whresize&wid=200&hei=200,https://media-www.canadiantire.ca/product/fixing/tools/stationary-tools/0547595/mastercraft-20v-8-1-4-table-saw-bcc363c6-4866-498b-87e3-f9c33e564cf6-jpgrendition.jpg?im=whresize&wid=200&hei=200,,0547595,054-7595-4,Il n’en reste que 3 #054-7595-4,Liquidation◊Mieux notés,50.01,"299,93","599,99"
231,"Laval Vimont, QC",Panneau de mur végétal CANVAS Horizon,Panneau de mur végétal CANVAS Horizon,129.9,"129,90 $",299.99,"Était±  299,99 $prix était 299,99 $",129.9,"129,90 $",129.9,"129,90 $",true,https://www.canadiantire.ca/fr/pdp/panneau-de-mur-vegetal-canvas-horizon-1881323p.html,https://www.canadiantire.ca/fr/pdp/panneau-de-mur-vegetal-canvas-horizon-1881323p.html,https://media-www.canadiantire.ca/product/seasonal-gardening/backyard-living/outdoor-furniture/1881323/canvas-horizon-living-wall-panel-72679b9b-e8c8-474d-a651-97d97c1f1f8b-jpgrendition.jpg?im=whresize&wid=200&hei=200,https://media-www.canadiantire.ca/product/seasonal-gardening/backyard-living/outdoor-furniture/1881323/canvas-horizon-living-wall-panel-72679b9b-e8c8-474d-a651-97d97c1f1f8b-jpgrendition.jpg?im=whresize&wid=200&hei=200,,1881323,188-1323-0,12 En Stock#188-1323-0,Liquidation◊Exclusivité,56.7,"129,90","299,99"
231,"Laval Vimont, QC","Miroir pour mise en forme ProForm Vue avec écran tactile capacitif, technologie iFit","Miroir pour mise en forme ProForm Vue avec écran tactile capacitif, technologie iFit",299.93,"299,93 $",1999.99,"Était±  1 999,99 $prix était 1 999,99 $",299.93,"299,93 $",299.93,"299,93 $",true,https://www.canadiantire.ca/fr/pdp/miroir-pour-mise-en-forme-proform-vue-avec-ecran-tactile-capacitif-technologie-ifit-1840978p.html,https://www.canadiantire.ca/fr/pdp/miroir-pour-mise-en-forme-proform-vue-avec-ecran-tactile-capacitif-technologie-ifit-1840978p.html,https://media-www.canadiantire.ca/product/playing/exercise/exercise-equipment/1840978/proform-vue-fitness-mirror-a393fb91-aa15-4e8e-a746-5003f9e3798b-jpgrendition.jpg?im=whresize&wid=200&hei=200,https://media-www.canadiantire.ca/product/playing/exercise/exercise-equipment/1840978/proform-vue-fitness-mirror-a393fb91-aa15-4e8e-a746-5003f9e3798b-jpgrendition.jpg?im=whresize&wid=200&hei=200,,1840978,184-0978-6,Il n’en reste que 1 #184-0978-6,Liquidation◊,85,"299,93","1999,99"
231,"Laval Vimont, QC","Distributeur d'eau chaude de MASTER Chef avec poignée, noir, 3,5 L","Distributeur d'eau chaude de MASTER Chef avec poignée, noir, 3,5 L",29.9,"29,90 $",99.99,"Était±  99,99 $prix était 99,99 $",29.9,"29,90 $",29.9,"29,90 $",true,https://www.canadiantire.ca/fr/pdp/distributeur-d-eau-chaude-de-master-chef-avec-poignee-noir-3-5-l-0430196p.html,https://www.canadiantire.ca/fr/pdp/distributeur-d-eau-chaude-de-master-chef-avec-poignee-noir-3-5-l-0430196p.html,https://media-www.canadiantire.ca/product/living/kitchen/kitchen-appliances/0430196/master-chef-hot-water-dispenser-9e2e8ff7-2445-4f25-9bde-ac042fe07b54-jpgrendition.jpg?im=whresize&wid=200&hei=200,https://media-www.canadiantire.ca/product/living/kitchen/kitchen-appliances/0430196/master-chef-hot-water-dispenser-9e2e8ff7-2445-4f25-9bde-ac042fe07b54-jpgrendition.jpg?im=whresize&wid=200&hei=200,,0430196,043-0196-2,56 En Stock#043-0196-2,Liquidation◊Mieux notés,70.1,"29,90","99,99"
231,"Laval Vimont, QC","Mini ruban correcteur BIC Wite-Out, paq. 1","Mini ruban correcteur BIC Wite-Out, paq. 1",1.93,"1,93 $",3.99,"Était±  3,99 $prix était 3,99 $",1.93,"1,93 $",1.93,"1,93 $",true,https://www.canadiantire.ca/fr/pdp/mini-ruban-correcteur-bic-wite-out-paq-1-2420362p.html,https://www.canadiantire.ca/fr/pdp/mini-ruban-correcteur-bic-wite-out-paq-1-2420362p.html,https://media-www.canadiantire.ca/product/seasonal-gardening/toys/home-office-supplies/2420362/bic-micro-correction-film-blister-1-pk-f322ca26-3453-4fe4-8ca2-9e89f6feb055-jpgrendition.jpg?im=whresize&wid=200&hei=200,https://media-www.canadiantire.ca/product/seasonal-gardening/toys/home-office-supplies/2420362/bic-micro-correction-film-blister-1-pk-f322ca26-3453-4fe4-8ca2-9e89f6feb055-jpgrendition.jpg?im=whresize&wid=200&hei=200,,2420362,242-0362-2,Il n’en reste que 3 #242-0362-2,Liquidation◊,51.63,"1,93","3,99"
231,"Laval Vimont, QC","Compresseur d'air silencieux MAXIMUM, 1 gallon","Compresseur d'air silencieux MAXIMUM, 1 gallon",149.9,"149,90 $",299.99,"Était±  299,99 $prix était 299,99 $",149.9,"149,90 $",149.9,"149,90 $",true,https://www.canadiantire.ca/fr/pdp/compresseur-d-air-silencieux-maximum-1-gallon-0581978p.html,https://www.canadiantire.ca/fr/pdp/compresseur-d-air-silencieux-maximum-1-gallon-0581978p.html,https://media-www.canadiantire.ca/product/fixing/tools/air-tools-accessories/0581978/mx-1-gallon-quiet-air-compressor-c19235d9-31a6-4c97-8a4f-f574b5c52009-jpgrendition.jpg?im=whresize&wid=200&hei=200,https://media-www.canadiantire.ca/product/fixing/tools/air-tools-accessories/0581978/mx-1-gallon-quiet-air-compressor-c19235d9-31a6-4c97-8a4f-f574b5c52009-jpgrendition.jpg?im=whresize&wid=200&hei=200,,0581978,058-1978-2,19 En Stock#058-1978-2,Liquidation◊Mieux notés,50.03,"149,90","299,99"
231,"Laval Vimont, QC","Trousse de batterie compacte DeWALT 20 V MAX, 4 Ah","Trousse de batterie compacte DeWALT 20 V MAX, 4 Ah",125.55,"125,55 $",259.99,"Était±  259,99 $prix était 259,99 $",125.55,"125,55 $",125.55,"125,55 $",true,https://www.canadiantire.ca/fr/pdp/trousse-de-batterie-compacte-dewalt-20-v-max-4-ah-0548756p.html,https://www.canadiantire.ca/fr/pdp/trousse-de-batterie-compacte-dewalt-20-v-max-4-ah-0548756p.html,https://media-www.canadiantire.ca/product/fixing/tools/portable-power-tools/0548756/dewalt-20v-max-compact-4ah-starter-kit-14ae598c-1a46-48ba-b39b-d3fee70cc0cf-jpgrendition.jpg?im=whresize&wid=200&hei=200,https://media-www.canadiantire.ca/product/fixing/tools/portable-power-tools/0548756/dewalt-20v-max-compact-4ah-starter-kit-14ae598c-1a46-48ba-b39b-d3fee70cc0cf-jpgrendition.jpg?im=whresize&wid=200&hei=200,,0548756,054-8756-6,29 En Stock#054-8756-6,Liquidation◊,51.71,"125,55","259,99"
231,"Laval Vimont, QC","Bâton lumineux/lampe de sécurité étanche Outbound, 12 heures, pour le camping, la randonnée et le bateau, paq. 8","Bâton lumineux/lampe de sécurité étanche Outbound, 12 heures, pour le camping, la randonnée et le bateau, paq. 8",4.93,"4,93 $",11.99,"Était±  11,99 $prix était 11,99 $",4.93,"4,93 $",4.93,"4,93 $",true,https://www.canadiantire.ca/fr/pdp/baton-lumineux-lampe-de-securite-etanche-outbound-12-heures-pour-le-camping-la-randonnee-et-le-bateau-paq-8-0765649p.html,https://www.canadiantire.ca/fr/pdp/baton-lumineux-lampe-de-securite-etanche-outbound-12-heures-pour-le-camping-la-randonnee-et-le-bateau-paq-8-0765649p.html,https://media-www.canadiantire.ca/product/playing/camping/camping-accessories/0765649/outbound-glow-sticks-69cd1ed2-f0a4-4ea3-85e9-4b204b01518b-jpgrendition.jpg?im=whresize&wid=200&hei=200,https://media-www.canadiantire.ca/product/playing/camping/camping-accessories/0765649/outbound-glow-sticks-69cd1ed2-f0a4-4ea3-85e9-4b204b01518b-jpgrendition.jpg?im=whresize&wid=200&hei=200,,0765649,076-5649-8,Il n’en reste que 3 #076-5649-8,Liquidation◊Exclusivité,58.88,"4,93","11,99"
231,"Laval Vimont, QC","Gobelet isotherme empilable Woods avec paille, sarcelle, 230 ml (28 oz)","Gobelet isotherme empilable Woods avec paille, sarcelle, 230 ml (28 oz)",8.93,"8,93 $",29.99,"Était±  29,99 $prix était 29,99 $",8.93,"8,93 $",8.93,"8,93 $",true,https://www.canadiantire.ca/fr/pdp/gobelet-isotherme-empilable-woods-avec-paille-sarcelle-230-ml-28-oz-0766516p.html,https://www.canadiantire.ca/fr/pdp/gobelet-isotherme-empilable-woods-avec-paille-sarcelle-230-ml-28-oz-0766516p.html,https://media-www.canadiantire.ca/product/playing/camping/hydration-coolers/0766516/woods-stackable-tumbler-teal-2254ac71-702c-44ce-8d20-e01f06e39a96-jpgrendition.jpg?im=whresize&wid=200&hei=200,https://media-www.canadiantire.ca/product/playing/camping/hydration-coolers/0766516/woods-stackable-tumbler-teal-2254ac71-702c-44ce-8d20-e01f06e39a96-jpgrendition.jpg?im=whresize&wid=200&hei=200,,0766516,076-6516-8,Il n’en reste que 5 #076-6516-8,Liquidation◊Mieux notés,70.22,"8,93","29,99"
231,"Laval Vimont, QC","Stylos à pointe en feutre Papermate Flair Bold, couleurs variées, paq. 6","Stylos à pointe en feutre Papermate Flair Bold, couleurs variées, paq. 6",4.93,"4,93 $",10.99,"Était±  10,99 $prix était 10,99 $",4.93,"4,93 $",4.93,"4,93 $",true,https://www.canadiantire.ca/fr/pdp/stylos-a-pointe-en-feutre-papermate-flair-bold-couleurs-variees-paq-6-2420369p.html,https://www.canadiantire.ca/fr/pdp/stylos-a-pointe-en-feutre-papermate-flair-bold-couleurs-variees-paq-6-2420369p.html,https://media-www.canadiantire.ca/product/seasonal-gardening/toys/home-office-supplies/2420369/papermate-flair-bold-6ct-asst-41d68083-58ba-4f3b-a8cd-a52d05284c54-jpgrendition.jpg?im=whresize&wid=200&hei=200,https://media-www.canadiantire.ca/product/seasonal-gardening/toys/home-office-supplies/2420369/papermate-flair-bold-6ct-asst-41d68083-58ba-4f3b-a8cd-a52d05284c54-jpgrendition.jpg?im=whresize&wid=200&hei=200,,2420369,242-0369-8,22 En Stock#242-0369-8,Liquidation◊Mieux notés,55.14,"4,93","10,99"
231,"Laval Vimont, QC","Coffre à outils en acier peint par poudrage MAXIMUM avec barre d'alimentation à 4 prises, rouge, 56 po","Coffre à outils en acier peint par poudrage MAXIMUM avec barre d'alimentation à 4 prises, rouge, 56 po",449.9,"449,90 $",929.99,"Était±  929,99 $prix était 929,99 $",449.9,"449,90 $",449.9,"449,90 $",true,https://www.canadiantire.ca/fr/pdp/coffre-a-outils-en-acier-peint-par-poudrage-maximum-avec-barre-d-alimentation-a-4-prises-rouge-56-po-0584398p.html,https://www.canadiantire.ca/fr/pdp/coffre-a-outils-en-acier-peint-par-poudrage-maximum-avec-barre-d-alimentation-a-4-prises-rouge-56-po-0584398p.html,https://media-www.canadiantire.ca/product/fixing/tools/tool-storage/0584398/maximum-56-red-tool-chest-fee55983-e656-4c71-86a6-9853af1e1f5e-jpgrendition.jpg?im=whresize&wid=200&hei=200,https://media-www.canadiantire.ca/product/fixing/tools/tool-storage/0584398/maximum-56-red-tool-chest-fee55983-e656-4c71-86a6-9853af1e1f5e-jpgrendition.jpg?im=whresize&wid=200&hei=200,,0584398,058-4398-4,Il n’en reste que 5 #058-4398-4,Liquidation◊Exclusivité,51.62,"449,90","929,99"
231,"Laval Vimont, QC","Marqueurs à pointe fine de 0,4 mm BIC Intensity, paq. 6","Marqueurs à pointe fine de 0,4 mm BIC Intensity, paq. 6",4.43,"4,43 $",9.29,"Était±  9,29 $prix était 9,29 $",4.43,"4,43 $",4.43,"4,43 $",true,https://www.canadiantire.ca/fr/pdp/marqueurs-a-pointe-fine-de-0-4-mm-bic-intensity-paq-6-2420356p.html,https://www.canadiantire.ca/fr/pdp/marqueurs-a-pointe-fine-de-0-4-mm-bic-intensity-paq-6-2420356p.html,https://media-www.canadiantire.ca/product/seasonal-gardening/toys/home-office-supplies/2420356/bic-intensity-fineliner-blister-fine-point-0-4-mm-9bbd330a-57cf-47cb-958f-40eaf90f5c2f-jpgrendition.jpg?im=whresize&wid=200&hei=200,https://media-www.canadiantire.ca/product/seasonal-gardening/toys/home-office-supplies/2420356/bic-intensity-fineliner-blister-fine-point-0-4-mm-9bbd330a-57cf-47cb-958f-40eaf90f5c2f-jpgrendition.jpg?im=whresize&wid=200&hei=200,,2420356,242-0356-8,10 En Stock#242-0356-8,Liquidation◊Mieux notés,52.31,"4,43","9,29"
231,"Laval Vimont, QC","Bouée tractable gonflable pour 1 passager pompes à air Outbound, blanc/bleu","Bouée tractable gonflable pour 1 passager pompes à air Outbound, blanc/bleu",35.93,"35,93 $",99.99,"Était±  99,99 $prix était 99,99 $",35.93,"35,93 $",35.93,"35,93 $",true,https://www.canadiantire.ca/fr/pdp/bouee-tractable-gonflable-pour-1-passager-pompes-a-air-outbound-blanc-bleu-0797190p.html,https://www.canadiantire.ca/fr/pdp/bouee-tractable-gonflable-pour-1-passager-pompes-a-air-outbound-blanc-bleu-0797190p.html,https://media-www.canadiantire.ca/product/playing/seasonal-recreation/marine-water-fun/0797190/outbound-1-rider-towable-499da708-6b56-433c-ad5f-e75630ee0596-jpgrendition.jpg?im=whresize&wid=200&hei=200,https://media-www.canadiantire.ca/product/playing/seasonal-recreation/marine-water-fun/0797190/outbound-1-rider-towable-499da708-6b56-433c-ad5f-e75630ee0596-jpgrendition.jpg?im=whresize&wid=200&hei=200,,0797190,079-7190-8,Il n’en reste que 7 #079-7190-8,Liquidation◊Exclusivité,64.07,"35,93","99,99"
231,"Laval Vimont, QC","Sac à dos pour aventure de plusieurs jours pour la randonnée, le camping et les voyages Woods TUZO, pour femmes, 70 L","Sac à dos pour aventure de plusieurs jours pour la randonnée, le camping et les voyages Woods TUZO, pour femmes, 70 L",79.9,"79,90 $",199.99,"Était±  199,99 $prix était 199,99 $",79.9,"79,90 $",79.9,"79,90 $",true,https://www.canadiantire.ca/fr/pdp/sac-a-dos-pour-aventure-de-plusieurs-jours-pour-la-randonnee-le-camping-et-les-voyages-woods-tuzo-pour-femmes-70-l-0766805p.html,https://www.canadiantire.ca/fr/pdp/sac-a-dos-pour-aventure-de-plusieurs-jours-pour-la-randonnee-le-camping-et-les-voyages-woods-tuzo-pour-femmes-70-l-0766805p.html,https://media-www.canadiantire.ca/product/playing/camping/camping-accessories/0766805/woods-tuzo-70l-women-s-backpack-048195e2-66b7-4db1-ac44-a1a779f2441f-jpgrendition.jpg?im=whresize&wid=200&hei=200,https://media-www.canadiantire.ca/product/playing/camping/camping-accessories/0766805/woods-tuzo-70l-women-s-backpack-048195e2-66b7-4db1-ac44-a1a779f2441f-jpgrendition.jpg?im=whresize&wid=200&hei=200,,0766805,076-6805-0,58 En Stock#076-6805-0,Liquidation◊Mieux notés,60.05,"79,90","199,99"
231,"Laval Vimont, QC","Vaisselle Outbound Tritan avec sac de rangement, rouge, paq. 3","Vaisselle Outbound Tritan avec sac de rangement, rouge, paq. 3",12.9,"12,90 $",29.99,"Était±  29,99 $prix était 29,99 $",12.9,"12,90 $",12.9,"12,90 $",true,https://www.canadiantire.ca/fr/pdp/vaisselle-outbound-tritan-avec-sac-de-rangement-rouge-paq-3-0763749p.html,https://www.canadiantire.ca/fr/pdp/vaisselle-outbound-tritan-avec-sac-de-rangement-rouge-paq-3-0763749p.html,https://media-www.canadiantire.ca/product/playing/camping/camping-living/0763749/outbound-tritan-tableware-set-605b9e76-39ca-46c2-a42c-00e3a6a377fd-jpgrendition.jpg?im=whresize&wid=200&hei=200,https://media-www.canadiantire.ca/product/playing/camping/camping-living/0763749/outbound-tritan-tableware-set-605b9e76-39ca-46c2-a42c-00e3a6a377fd-jpgrendition.jpg?im=whresize&wid=200&hei=200,,0763749,076-3749-2,18 En Stock#076-3749-2,Liquidation◊Mieux notés,56.99,"12,90","29,99"
231,"Laval Vimont, QC","Gobelet en acier inoxydable isolé Reduce avec couvercle 3-en-1 et paille, 1,1 l, blanc","Gobelet en acier inoxydable isolé Reduce avec couvercle 3-en-1 et paille, 1,1 l, blanc",12.93,"12,93 $",39.99,"Était±  39,99 $prix était 39,99 $",12.93,"12,93 $",12.93,"12,93 $",true,https://www.canadiantire.ca/fr/pdp/gobelet-en-acier-inoxydable-isole-reduce-avec-couvercle-3-en-1-et-paille-1-1-l-blanc-1426436p.html,https://www.canadiantire.ca/fr/pdp/gobelet-en-acier-inoxydable-isole-reduce-avec-couvercle-3-en-1-et-paille-1-1-l-blanc-1426436p.html,https://media-www.canadiantire.ca/product/living/kitchen/food-storage/1426436/reduce-3-in-1-tumbler-40oz-white-8ee42dc4-a9a2-464d-80d4-12b761774d00-jpgrendition.jpg?im=whresize&wid=200&hei=200,https://media-www.canadiantire.ca/product/living/kitchen/food-storage/1426436/reduce-3-in-1-tumbler-40oz-white-8ee42dc4-a9a2-464d-80d4-12b761774d00-jpgrendition.jpg?im=whresize&wid=200&hei=200,,1426436,142-6436-0,Il n’en reste que 2 #142-6436-0,Liquidation◊Mieux notés,67.67,"12,93","39,99"
231,"Laval Vimont, QC","Anneau d’écoulement d’eau pour pagaies de kayak, noir, paq. 2","Anneau d’écoulement d’eau pour pagaies de kayak, noir, paq. 2",2.93,"2,93 $",7.99,"Était±  7,99 $prix était 7,99 $",2.93,"2,93 $",2.93,"2,93 $",true,https://www.canadiantire.ca/fr/pdp/anneau-d-ecoulement-d-eau-pour-pagaies-de-kayak-noir-paq-2-0793339p.html,https://www.canadiantire.ca/fr/pdp/anneau-d-ecoulement-d-eau-pour-pagaies-de-kayak-noir-paq-2-0793339p.html,https://media-www.canadiantire.ca/product/playing/seasonal-recreation/marine-power-boating/0793339/sealectdesigns-1-1-16-kayak-paddle-drip-ring-056ec302-a07a-49d2-b198-86f387386f50-jpgrendition.jpg?im=whresize&wid=200&hei=200,https://media-www.canadiantire.ca/product/playing/seasonal-recreation/marine-power-boating/0793339/sealectdesigns-1-1-16-kayak-paddle-drip-ring-056ec302-a07a-49d2-b198-86f387386f50-jpgrendition.jpg?im=whresize&wid=200&hei=200,,0793339,079-3339-2,Il n’en reste que 2 #079-3339-2,Liquidation◊Exclusivité,63.33,"2,93","7,99"
231,"Laval Vimont, QC","Barrière rétractable en filet pour animaux de compagnie Petco avec quincaillerie de fixation, 50 x 30 po","Barrière rétractable en filet pour animaux de compagnie Petco avec quincaillerie de fixation, 50 x 30 po",49.92,"49,92 $",99.99,"Était±  99,99 $prix était 99,99 $",49.92,"49,92 $",49.92,"49,92 $",true,https://www.canadiantire.ca/fr/pdp/barriere-retractable-en-filet-pour-animaux-de-compagnie-petco-avec-quincaillerie-de-fixation-50-x-30-po-2425694p.html,https://www.canadiantire.ca/fr/pdp/barriere-retractable-en-filet-pour-animaux-de-compagnie-petco-avec-quincaillerie-de-fixation-50-x-30-po-2425694p.html,https://media-www.canadiantire.ca/product/living/pet-care/pet-accessories/2425694/petco-retractable-mesh-pet-gate-96b7e646-f2cf-49fa-a2cf-52c797e52608-jpgrendition.jpg?im=whresize&wid=200&hei=200,https://media-www.canadiantire.ca/product/living/pet-care/pet-accessories/2425694/petco-retractable-mesh-pet-gate-96b7e646-f2cf-49fa-a2cf-52c797e52608-jpgrendition.jpg?im=whresize&wid=200&hei=200,,2425694,242-5694-2,Il n’en reste que 1 #242-5694-2,Liquidation◊Exclusivité,50.08,"49,92","99,99"
231,"Laval Vimont, QC",Leurre Jackfish,Leurre Jackfish,1.43,"1,43 $",3.99,"Était±  3,99 $prix était 3,99 $",1.43,"1,43 $",1.43,"1,43 $",true,https://www.canadiantire.ca/fr/pdp/leurre-jackfish-0781601p.html,https://www.canadiantire.ca/fr/pdp/leurre-jackfish-0781601p.html,https://media-www.canadiantire.ca/product/playing/fishing/fishing-lures/0781601/danielson-jackfish-rig-3ee1ba70-67ef-42f2-9cf6-baa41474f396-jpgrendition.jpg?im=whresize&wid=200&hei=200,https://media-www.canadiantire.ca/product/playing/fishing/fishing-lures/0781601/danielson-jackfish-rig-3ee1ba70-67ef-42f2-9cf6-baa41474f396-jpgrendition.jpg?im=whresize&wid=200&hei=200,,0781601,078-1601-0,Il n’en reste que 7 #078-1601-0,Liquidation◊Mieux notés,64.16,"1,43","3,99"
231,"Laval Vimont, QC","Poignée de transport pour kayak Invincible Marine Propel avec quincaillerie, noir","Poignée de transport pour kayak Invincible Marine Propel avec quincaillerie, noir",4.93,"4,93 $",13.99,"Était±  13,99 $prix était 13,99 $",4.93,"4,93 $",4.93,"4,93 $",true,https://www.canadiantire.ca/fr/pdp/poignee-de-transport-pour-kayak-invincible-marine-propel-avec-quincaillerie-noir-0793354p.html,https://www.canadiantire.ca/fr/pdp/poignee-de-transport-pour-kayak-invincible-marine-propel-avec-quincaillerie-noir-0793354p.html,https://media-www.canadiantire.ca/product/playing/seasonal-recreation/marine-power-boating/0793354/kayak-carry-handle-83e3094e-3e3d-4de2-8e43-56f77f5bf296-jpgrendition.jpg?im=whresize&wid=200&hei=200,https://media-www.canadiantire.ca/product/playing/seasonal-recreation/marine-power-boating/0793354/kayak-carry-handle-83e3094e-3e3d-4de2-8e43-56f77f5bf296-jpgrendition.jpg?im=whresize&wid=200&hei=200,,0793354,079-3354-4,Il n’en reste que 2 #079-3354-4,Liquidation◊Mieux notés,64.76,"4,93","13,99"
231,"Laval Vimont, QC","Tapis de plancher à rayures pour l'intérieur et l'extérieur Korhani Studio Loopscraper, choix de couleurs, 2 x 3 pi","Tapis de plancher à rayures pour l'intérieur et l'extérieur Korhani Studio Loopscraper, choix de couleurs, 2 x 3 pi",9.9,"9,90 $",25.99,"25,99 $Était   et+ prix était à partir de 25,99 $",9.9,"9,90 $",9.9,"9,90 $",true,https://www.canadiantire.ca/fr/pdp/tapis-de-plancher-a-rayures-pour-l-interieur-et-l-exterieur-korhani-studio-loopscraper-choix-de-couleurs-2-x-3-pi-0681734p.html,https://www.canadiantire.ca/fr/pdp/tapis-de-plancher-a-rayures-pour-l-interieur-et-l-exterieur-korhani-studio-loopscraper-choix-de-couleurs-2-x-3-pi-0681734p.html,https://media-www.canadiantire.ca/product/living/home-decor/floor-window-decor/0681736/loopscraper-decorative-mat-2-x3--6f33fcb4-31d3-4e11-8534-db7d99274ecc-jpgrendition.jpg?im=whresize&wid=200&hei=200,https://media-www.canadiantire.ca/product/living/home-decor/floor-window-decor/0681736/loopscraper-decorative-mat-2-x3--6f33fcb4-31d3-4e11-8534-db7d99274ecc-jpgrendition.jpg?im=whresize&wid=200&hei=200,,0681734,068-1734,Vérifiez la disponibilité#068-1734X,Liquidation◊Mieux notés,61.91,"9,90","25,99"
231,"Laval Vimont, QC","Bande lumineuse RVB à DEL West et Arrow Merkury, 118 po","Bande lumineuse RVB à DEL West et Arrow Merkury, 118 po",14.93,"14,93 $",39.99,"Était±  39,99 $prix était 39,99 $",14.93,"14,93 $",14.93,"14,93 $",true,https://www.canadiantire.ca/fr/pdp/bande-lumineuse-rvb-a-del-west-et-arrow-merkury-118-po-0529884p.html,https://www.canadiantire.ca/fr/pdp/bande-lumineuse-rvb-a-del-west-et-arrow-merkury-118-po-0529884p.html,https://media-www.canadiantire.ca/product/living/home-decor/lighting/0529884/merkury-rgbic-led-strip-light-8fe4211f-5037-4a74-90eb-9dd7d4deadf7-jpgrendition.jpg?im=whresize&wid=200&hei=200,https://media-www.canadiantire.ca/product/living/home-decor/lighting/0529884/merkury-rgbic-led-strip-light-8fe4211f-5037-4a74-90eb-9dd7d4deadf7-jpgrendition.jpg?im=whresize&wid=200&hei=200,,0529884,052-9884-8,Il n’en reste que 1 #052-9884-8,Liquidation◊,62.67,"14,93","39,99"
231,"Laval Vimont, QC",Sac à sandwich réutilisable en silicone de qualité alimentaire Vida par PADERNO,Sac à sandwich réutilisable en silicone de qualité alimentaire Vida par PADERNO,2.9,"2,90 $",11.99,"Était±  11,99 $prix était 11,99 $",2.9,"2,90 $",2.9,"2,90 $",true,https://www.canadiantire.ca/fr/pdp/sac-a-sandwich-reutilisable-en-silicone-de-qualite-alimentaire-vida-par-paderno-1427288p.html,https://www.canadiantire.ca/fr/pdp/sac-a-sandwich-reutilisable-en-silicone-de-qualite-alimentaire-vida-par-paderno-1427288p.html,https://media-www.canadiantire.ca/product/living/kitchen/food-storage/1427288/vida-by-paderno-silicone-sandwich-bag-97f090e9-fc0c-4fd9-bebf-812a8e834c48-jpgrendition.jpg?im=whresize&wid=200&hei=200,https://media-www.canadiantire.ca/product/living/kitchen/food-storage/1427288/vida-by-paderno-silicone-sandwich-bag-97f090e9-fc0c-4fd9-bebf-812a8e834c48-jpgrendition.jpg?im=whresize&wid=200&hei=200,,1427288,142-7288-6,12 En Stock#142-7288-6,Liquidation◊Exclusivité,75.81,"2,90","11,99"
231,"Laval Vimont, QC","Assainisseur d'air rotatif pour bouche d'aération de véhicule California Scents, Newport New Car","Assainisseur d'air rotatif pour bouche d'aération de véhicule California Scents, Newport New Car",2.93,"2,93 $",5.99,"Était±  5,99 $prix était 5,99 $",2.93,"2,93 $",2.93,"2,93 $",true,https://www.canadiantire.ca/fr/pdp/assainisseur-d-air-rotatif-pour-bouche-d-aeration-de-vehicule-california-scents-newport-new-car-0372944p.html,https://www.canadiantire.ca/fr/pdp/assainisseur-d-air-rotatif-pour-bouche-d-aeration-de-vehicule-california-scents-newport-new-car-0372944p.html,https://media-www.canadiantire.ca/product/automotive/car-care-accessories/auto-accessories/0372944/california-scents-newport-new-car-spinner-air-freshener-1b8d3e8b-b908-411a-abbf-7bac29ff016c-jpgrendition.jpg?im=whresize&wid=200&hei=200,https://media-www.canadiantire.ca/product/automotive/car-care-accessories/auto-accessories/0372944/california-scents-newport-new-car-spinner-air-freshener-1b8d3e8b-b908-411a-abbf-7bac29ff016c-jpgrendition.jpg?im=whresize&wid=200&hei=200,,0372944,037-2944-6,Il n’en reste que 5 #037-2944-6,Liquidation◊Mieux notés,51.09,"2,93","5,99"
231,"Laval Vimont, QC",Cache-fils Type A,Cache-fils Type A,4.9,"4,90 $",12.99,"Était±  12,99 $prix était 12,99 $",4.9,"4,90 $",4.9,"4,90 $",true,https://www.canadiantire.ca/fr/pdp/cache-fils-type-a-1427612p.html,https://www.canadiantire.ca/fr/pdp/cache-fils-type-a-1427612p.html,https://media-www.canadiantire.ca/product/living/home-organization/storage-solutions/1427612/type-a-cord-organizer-ddb9029e-d63e-4658-8f4d-24581e0f132e-jpgrendition.jpg?im=whresize&wid=200&hei=200,https://media-www.canadiantire.ca/product/living/home-organization/storage-solutions/1427612/type-a-cord-organizer-ddb9029e-d63e-4658-8f4d-24581e0f132e-jpgrendition.jpg?im=whresize&wid=200&hei=200,,1427612,142-7612-4,145 En Stock#142-7612-4,Liquidation◊Exclusivité,62.28,"4,90","12,99"
231,"Laval Vimont, QC","Câbles de sécurité Reese, paire, 5 000 lb, 40 po","Câbles de sécurité Reese, paire, 5 000 lb, 40 po",24.93,"24,93 $",52.99,"Était±  52,99 $prix était 52,99 $",24.93,"24,93 $",24.93,"24,93 $",true,https://www.canadiantire.ca/fr/pdp/cables-de-securite-reese-paire-5-000-lb-40-po-0408286p.html,https://www.canadiantire.ca/fr/pdp/cables-de-securite-reese-paire-5-000-lb-40-po-0408286p.html,https://media-www.canadiantire.ca/product/automotive/automotive-outdoor-adventure/auto-travel-storage/0408286/reese-towpower-5000lbs-safety-cables-1a91c9f9-73eb-4f9d-811b-cb77eb5be457-jpgrendition.jpg?im=whresize&wid=200&hei=200,https://media-www.canadiantire.ca/product/automotive/automotive-outdoor-adventure/auto-travel-storage/0408286/reese-towpower-5000lbs-safety-cables-1a91c9f9-73eb-4f9d-811b-cb77eb5be457-jpgrendition.jpg?im=whresize&wid=200&hei=200,,0408286,040-8286-6,Il n’en reste que 7 #040-8286-6,Liquidation◊Mieux notés,52.95,"24,93","52,99"
231,"Laval Vimont, QC","Sangles pour fenêtre de VR CAMCO 42504, noir, paq. 2","Sangles pour fenêtre de VR CAMCO 42504, noir, paq. 2",6.93,"6,93 $",16.99,"Était±  16,99 $prix était 16,99 $",6.93,"6,93 $",6.93,"6,93 $",true,https://www.canadiantire.ca/fr/pdp/sangles-pour-fenetre-de-vr-camco-42504-noir-paq-2-0408871p.html,https://www.canadiantire.ca/fr/pdp/sangles-pour-fenetre-de-vr-camco-42504-noir-paq-2-0408871p.html,https://media-www.canadiantire.ca/product/automotive/automotive-outdoor-adventure/auto-travel-storage/0408871/camco-rv-awning-pull-straps-2-pack-c05bb3d8-e011-4d39-adf3-4a6f03711f45-jpgrendition.jpg?im=whresize&wid=200&hei=200,https://media-www.canadiantire.ca/product/automotive/automotive-outdoor-adventure/auto-travel-storage/0408871/camco-rv-awning-pull-straps-2-pack-c05bb3d8-e011-4d39-adf3-4a6f03711f45-jpgrendition.jpg?im=whresize&wid=200&hei=200,,0408871,040-8871-2,Il n’en reste que 2 #040-8871-2,Liquidation◊,59.21,"6,93","16,99"
231,"Laval Vimont, QC",Radiateur hybride au kérosène à air pulsé 80 000 BTU Remington,Radiateur hybride au kérosène à air pulsé 80 000 BTU Remington,239.93,"239,93 $",479.99,"Était±  479,99 $prix était 479,99 $",239.93,"239,93 $",239.93,"239,93 $",true,https://www.canadiantire.ca/fr/pdp/radiateur-hybride-au-kerosene-a-air-pulse-80-000-btu-remington-0766267p.html,https://www.canadiantire.ca/fr/pdp/radiateur-hybride-au-kerosene-a-air-pulse-80-000-btu-remington-0766267p.html,https://media-www.canadiantire.ca/product/playing/camping/camping-living/0766267/80k-btu-hybrid-forced-air-kero-heater-6c2a3969-230e-4736-8de8-d807dc7cb352-jpgrendition.jpg?im=whresize&wid=200&hei=200,https://media-www.canadiantire.ca/product/playing/camping/camping-living/0766267/80k-btu-hybrid-forced-air-kero-heater-6c2a3969-230e-4736-8de8-d807dc7cb352-jpgrendition.jpg?im=whresize&wid=200&hei=200,,0766267,076-6267-0,Il n’en reste que 1 #076-6267-0,Liquidation◊Exclusivité,50.01,"239,93","479,99"
231,"Laval Vimont, QC","Barre à 3 crochets en acier inoxydable CANVAS Galena, noir/laiton, 16 po","Barre à 3 crochets en acier inoxydable CANVAS Galena, noir/laiton, 16 po",19.93,"19,93 $",39.99,"Était±  39,99 $prix était 39,99 $",19.93,"19,93 $",19.93,"19,93 $",true,https://www.canadiantire.ca/fr/pdp/barre-a-3-crochets-en-acier-inoxydable-canvas-galena-noir-laiton-16-po-0465464p.html,https://www.canadiantire.ca/fr/pdp/barre-a-3-crochets-en-acier-inoxydable-canvas-galena-noir-laiton-16-po-0465464p.html,https://media-www.canadiantire.ca/product/living/home-decor/decor-accents/0465464/canvas-16-galena-rail-black-31b92d08-f0f6-4fa8-ac38-d6202439952b-jpgrendition.jpg?im=whresize&wid=200&hei=200,https://media-www.canadiantire.ca/product/living/home-decor/decor-accents/0465464/canvas-16-galena-rail-black-31b92d08-f0f6-4fa8-ac38-d6202439952b-jpgrendition.jpg?im=whresize&wid=200&hei=200,,0465464,046-5464-8,Il n’en reste que 3 #046-5464-8,Liquidation◊Mieux notés,50.16,"19,93","39,99"
231,"Laval Vimont, QC","Goule animée sur pied avec éclairage à DEL, vert, 63 po, décoration intérieure/extérieure activée par le son et la lumière pour Halloween","Goule animée sur pied avec éclairage à DEL, vert, 63 po, décoration intérieure/extérieure activée par le son et la lumière pour Halloween",49.93,"49,93 $",99.99,"Était±  99,99 $prix était 99,99 $",49.93,"49,93 $",49.93,"49,93 $",true,https://www.canadiantire.ca/fr/pdp/goule-animee-sur-pied-avec-eclairage-a-del-vert-63-po-decoration-interieure-exterieure-activee-par-le-son-et-la-lumiere-pour-halloween-1511090p.html,https://www.canadiantire.ca/fr/pdp/goule-animee-sur-pied-avec-eclairage-a-del-vert-63-po-decoration-interieure-exterieure-activee-par-le-son-et-la-lumiere-pour-halloween-1511090p.html,https://media-www.canadiantire.ca/product/seasonal-gardening/seasonal/halloween-harvest/1511090/63a-animated-standing-ghoul-77440345-2397-4ce9-a4b2-c60428642fcf-jpgrendition.jpg?im=whresize&wid=200&hei=200,https://media-www.canadiantire.ca/product/seasonal-gardening/seasonal/halloween-harvest/1511090/63a-animated-standing-ghoul-77440345-2397-4ce9-a4b2-c60428642fcf-jpgrendition.jpg?im=whresize&wid=200&hei=200,,1511090,151-1090-8,Il n’en reste que 2 #151-1090-8,Liquidation◊Mieux notés,50.07,"49,93","99,99"
231,"Laval Vimont, QC",Hameçon en faucille Xcalibur Octopus,Hameçon en faucille Xcalibur Octopus,0.93,"0,93 $",3.99,"3,99 $Était   et+ prix était à partir de 3,99 $",0.93,"0,93 $",0.93,"0,93 $",true,https://www.canadiantire.ca/fr/pdp/hamecon-en-faucille-xcalibur-octopus-0770366p.html,https://www.canadiantire.ca/fr/pdp/hamecon-en-faucille-xcalibur-octopus-0770366p.html,https://media-www.canadiantire.ca/product/playing/fishing/fishing-lures/0770366/matzuo-octopus-sickle-size-6-7ef44089-7bd0-4794-a1f8-2f0cdbbdac95-jpgrendition.jpg?im=whresize&wid=200&hei=200,https://media-www.canadiantire.ca/product/playing/fishing/fishing-lures/0770366/matzuo-octopus-sickle-size-6-7ef44089-7bd0-4794-a1f8-2f0cdbbdac95-jpgrendition.jpg?im=whresize&wid=200&hei=200,,0770366,077-0366,Vérifiez la disponibilité#077-0366X,Liquidation◊Mieux notés,76.69,"0,93","3,99"
231,"Laval Vimont, QC","Support pour moniteur, type A","Support pour moniteur, type A",19.93,"19,93 $",39.99,"Était±  39,99 $prix était 39,99 $",19.93,"19,93 $",19.93,"19,93 $",true,https://www.canadiantire.ca/fr/pdp/support-pour-moniteur-type-a-1427611p.html,https://www.canadiantire.ca/fr/pdp/support-pour-moniteur-type-a-1427611p.html,https://media-www.canadiantire.ca/product/living/home-organization/storage-solutions/1427611/type-a-monitor-stand-a89d503e-5529-4df2-8ff9-ad3c7d867d1c-jpgrendition.jpg?im=whresize&wid=200&hei=200,https://media-www.canadiantire.ca/product/living/home-organization/storage-solutions/1427611/type-a-monitor-stand-a89d503e-5529-4df2-8ff9-ad3c7d867d1c-jpgrendition.jpg?im=whresize&wid=200&hei=200,,1427611,142-7611-6,Il n’en reste que 2 #142-7611-6,Liquidation◊Exclusivité,50.16,"19,93","39,99"
231,"Laval Vimont, QC","Gâteries pour chats adultes Purina Fancy Feast Purée Naturals, thon, faites avec de la vraie viande, 4 x 10 g","Gâteries pour chats adultes Purina Fancy Feast Purée Naturals, thon, faites avec de la vraie viande, 4 x 10 g",1.5,"1,50 $",3.29,"Était±  3,29 $prix était 3,29 $",1.5,"1,50 $",1.5,"1,50 $",true,https://www.canadiantire.ca/fr/pdp/gateries-pour-chats-adultes-purina-fancy-feast-puree-naturals-thon-faites-avec-de-la-vraie-viande-4-x-10-g-1427821p.html,https://www.canadiantire.ca/fr/pdp/gateries-pour-chats-adultes-purina-fancy-feast-puree-naturals-thon-faites-avec-de-la-vraie-viande-4-x-10-g-1427821p.html,https://media-www.canadiantire.ca/product/living/pet-care/pet-food/1427821/fancy-feast-savory-purees-tuna-fbfda507-1051-43ec-96cd-249bf70cf2c4-jpgrendition.jpg?im=whresize&wid=200&hei=200,https://media-www.canadiantire.ca/product/living/pet-care/pet-food/1427821/fancy-feast-savory-purees-tuna-fbfda507-1051-43ec-96cd-249bf70cf2c4-jpgrendition.jpg?im=whresize&wid=200&hei=200,,1427821,142-7821-6,53 En Stock#142-7821-6,Liquidation◊Mieux notés,54.41,"1,50","3,29"
231,"Laval Vimont, QC","Ballon en aluminium satiné lettres attachées Celebrate, arc-en-ciel, 59 x 20 po, gonflé d'air, pour fiançailles/mariage/anniversaire","Ballon en aluminium satiné lettres attachées Celebrate, arc-en-ciel, 59 x 20 po, gonflé d'air, pour fiançailles/mariage/anniversaire",6.93,"6,93 $",13.99,"13,99 $Était   et+ prix était à partir de 13,99 $",6.93,"6,93 $",6.93,"6,93 $",true,https://www.canadiantire.ca/fr/pdp/ballon-en-aluminium-satine-lettres-attachees-celebrate-arc-en-ciel-59-x-20-po-gonfle-d-air-pour-fiancailles-mariage-anniversaire-8423834p.html,https://www.canadiantire.ca/fr/pdp/ballon-en-aluminium-satine-lettres-attachees-celebrate-arc-en-ciel-59-x-20-po-gonfle-d-air-pour-fiancailles-mariage-anniversaire-8423834p.html,https://media-www.partycity.ca/product/seasonal-gardening/party-city-everyday/party-city-party-supplies-decor/8423834/rnbw-splash-blln-block-celbrt-c721fccc-bb91-4106-9474-b5fb109a1347-jpgrendition.jpg?im=whresize&wid=200&hei=200,https://media-www.partycity.ca/product/seasonal-gardening/party-city-everyday/party-city-party-supplies-decor/8423834/rnbw-splash-blln-block-celbrt-c721fccc-bb91-4106-9474-b5fb109a1347-jpgrendition.jpg?im=whresize&wid=200&hei=200,,8423834,842-3834-4,10 En Stock#842-3834-4,Liquidation◊,50.46,"6,93","13,99"
231,"Laval Vimont, QC",Couteau électrique à lame en acier inoxydable Starfrit,Couteau électrique à lame en acier inoxydable Starfrit,19.93,"19,93 $",39.99,"Était±  39,99 $prix était 39,99 $",19.93,"19,93 $",19.93,"19,93 $",true,https://www.canadiantire.ca/fr/pdp/couteau-electrique-a-lame-en-acier-inoxydable-starfrit-0430100p.html,https://www.canadiantire.ca/fr/pdp/couteau-electrique-a-lame-en-acier-inoxydable-starfrit-0430100p.html,https://media-www.canadiantire.ca/product/living/kitchen/cutlery/0430100/starfrit-electric-knife-72817674-7f99-4897-9402-438107e61253-jpgrendition.jpg?im=whresize&wid=200&hei=200,https://media-www.canadiantire.ca/product/living/kitchen/cutlery/0430100/starfrit-electric-knife-72817674-7f99-4897-9402-438107e61253-jpgrendition.jpg?im=whresize&wid=200&hei=200,,0430100,043-0100-0,Il n’en reste que 1 #043-0100-0,Liquidation◊,50.16,"19,93","39,99"
231,"Laval Vimont, QC","Raquettes Woods, dames, bleu","Raquettes Woods, dames, bleu",79.93,"79,93 $",159.99,"159,99 $Était   et+ prix était à partir de 159,99 $",79.93,"79,93 $",79.93,"79,93 $",true,https://www.canadiantire.ca/fr/pdp/raquettes-woods-dames-bleu-0823112p.html,https://www.canadiantire.ca/fr/pdp/raquettes-woods-dames-bleu-0823112p.html,https://media-www.canadiantire.ca/product/playing/seasonal-recreation/winter-recreation/0823112/woods-snowshoe-women-s-21--6a22187a-5d06-4c70-a608-15922415ed9d-jpgrendition.jpg?im=whresize&wid=200&hei=200,https://media-www.canadiantire.ca/product/playing/seasonal-recreation/winter-recreation/0823112/woods-snowshoe-women-s-21--6a22187a-5d06-4c70-a608-15922415ed9d-jpgrendition.jpg?im=whresize&wid=200&hei=200,,0823112,082-3112,Vérifiez la disponibilité#082-3112X,Liquidation◊Exclusivité,50.04,"79,93","159,99"
231,"Laval Vimont, QC","Ballon en aluminium satiné lettres attachées Mr and Mrs, or rose, 59 x 10 po, gonflé d'air, pour fiançailles/mariage","Ballon en aluminium satiné lettres attachées Mr and Mrs, or rose, 59 x 10 po, gonflé d'air, pour fiançailles/mariage",6.93,"6,93 $",13.99,"13,99 $Était   et+ prix était à partir de 13,99 $",6.93,"6,93 $",6.93,"6,93 $",true,https://www.canadiantire.ca/fr/pdp/ballon-en-aluminium-satine-lettres-attachees-mr-and-mrs-or-rose-59-x-10-po-gonfle-d-air-pour-fiancailles-mariage-8423828p.html,https://www.canadiantire.ca/fr/pdp/ballon-en-aluminium-satine-lettres-attachees-mr-and-mrs-or-rose-59-x-10-po-gonfle-d-air-pour-fiancailles-mariage-8423828p.html,https://media-www.partycity.ca/product/seasonal-gardening/party-city-everyday/party-city-party-supplies-decor/8423828/rose-gld-blln-script-mr-mrs-b3d6a94e-b619-48cc-9199-89ac32af4edc-jpgrendition.jpg?im=whresize&wid=200&hei=200,https://media-www.partycity.ca/product/seasonal-gardening/party-city-everyday/party-city-party-supplies-decor/8423828/rose-gld-blln-script-mr-mrs-b3d6a94e-b619-48cc-9199-89ac32af4edc-jpgrendition.jpg?im=whresize&wid=200&hei=200,,8423828,842-3828-0,Il n’en reste que 6 #842-3828-0,Liquidation◊Mieux notés,50.46,"6,93","13,99"
231,"Laval Vimont, QC","Chaudron avec brumisateur d'Halloween Gemmy, gaze métallique, violet/noir, 16,9 po","Chaudron avec brumisateur d'Halloween Gemmy, gaze métallique, violet/noir, 16,9 po",49.93,"49,93 $",99.99,"Était±  99,99 $prix était 99,99 $",49.93,"49,93 $",49.93,"49,93 $",true,https://www.canadiantire.ca/fr/pdp/chaudron-avec-brumisateur-d-halloween-gemmy-gaze-metallique-violet-noir-16-9-po-1510278p.html,https://www.canadiantire.ca/fr/pdp/chaudron-avec-brumisateur-d-halloween-gemmy-gaze-metallique-violet-noir-16-9-po-1510278p.html,https://media-www.canadiantire.ca/product/seasonal-gardening/seasonal/halloween-harvest/1510278/16-9-misting-cauldron-metallic-purple-black-gauze-039aceed-a7ad-40f0-b157-77ac3137bec4-jpgrendition.jpg?im=whresize&wid=200&hei=200,https://media-www.canadiantire.ca/product/seasonal-gardening/seasonal/halloween-harvest/1510278/16-9-misting-cauldron-metallic-purple-black-gauze-039aceed-a7ad-40f0-b157-77ac3137bec4-jpgrendition.jpg?im=whresize&wid=200&hei=200,,1510278,151-0278-0,Il n’en reste que 2 #151-0278-0,Liquidation◊,50.07,"49,93","99,99"
231,"Laval Vimont, QC","Fantôme enchaîné suspendu For Living avec piles, lumière à DEL, blanc, 31 po, décoration intérieure/extérieure pour l'Halloween","Fantôme enchaîné suspendu For Living avec piles, lumière à DEL, blanc, 31 po, décoration intérieure/extérieure pour l'Halloween",7.43,"7,43 $",14.99,"Était±  14,99 $prix était 14,99 $",7.43,"7,43 $",7.43,"7,43 $",true,https://www.canadiantire.ca/fr/pdp/fantome-enchaine-suspendu-for-living-avec-piles-lumiere-a-del-blanc-31-po-decoration-interieure-exterieure-pour-l-halloween-1518451p.html,https://www.canadiantire.ca/fr/pdp/fantome-enchaine-suspendu-for-living-avec-piles-lumiere-a-del-blanc-31-po-decoration-interieure-exterieure-pour-l-halloween-1518451p.html,https://media-www.canadiantire.ca/product/seasonal-gardening/seasonal/halloween-harvest/1518451/31-light-up-hanging-ghost-ba61dd9a-515e-40b3-9a7e-a8b79f2dfb2f-jpgrendition.jpg?im=whresize&wid=200&hei=200,https://media-www.canadiantire.ca/product/seasonal-gardening/seasonal/halloween-harvest/1518451/31-light-up-hanging-ghost-ba61dd9a-515e-40b3-9a7e-a8b79f2dfb2f-jpgrendition.jpg?im=whresize&wid=200&hei=200,,1518451,151-8451-8,10 En Stock#151-8451-8,Liquidation◊Mieux notés,50.43,"7,43","14,99"
231,"Laval Vimont, QC","Agrafes à couronne étroite Bostitch SX50351G/18GA, 7/32 po, paq. 5 000","Agrafes à couronne étroite Bostitch SX50351G/18GA, 7/32 po, paq. 5 000",17.93,"17,93 $",37.99,"Était±  37,99 $prix était 37,99 $",17.93,"17,93 $",17.93,"17,93 $",true,https://www.canadiantire.ca/fr/pdp/agrafes-a-couronne-etroite-bostitch-sx50351g-18ga-7-32-po-paq-5-000-0582092p.html,https://www.canadiantire.ca/fr/pdp/agrafes-a-couronne-etroite-bostitch-sx50351g-18ga-7-32-po-paq-5-000-0582092p.html,https://media-www.canadiantire.ca/product/fixing/tools/air-tools-accessories/0582092/bostitch-18ga-7-32-crown-1-5000-ct-stpl-1eb4444c-9bea-44d6-ac8f-78a9cc5be46f-jpgrendition.jpg?im=whresize&wid=200&hei=200,https://media-www.canadiantire.ca/product/fixing/tools/air-tools-accessories/0582092/bostitch-18ga-7-32-crown-1-5000-ct-stpl-1eb4444c-9bea-44d6-ac8f-78a9cc5be46f-jpgrendition.jpg?im=whresize&wid=200&hei=200,,0582092,058-2092-2,Il n’en reste que 2 #058-2092-2,Liquidation◊,52.8,"17,93","37,99"
231,"Laval Vimont, QC",Louche PADERNO en nylon,Louche PADERNO en nylon,6.9,"6,90 $",24.99,"Était±  24,99 $prix était 24,99 $",6.9,"6,90 $",6.9,"6,90 $",true,https://www.canadiantire.ca/fr/pdp/louche-paderno-en-nylon-1422287p.html,https://www.canadiantire.ca/fr/pdp/louche-paderno-en-nylon-1422287p.html,https://media-www.canadiantire.ca/product/living/kitchen/kitchen-tools-thermometers/1422287/paderno-ladle-35cfcb6f-de05-43c5-abc9-8fa9103fe5fe-jpgrendition.jpg?im=whresize&wid=200&hei=200,https://media-www.canadiantire.ca/product/living/kitchen/kitchen-tools-thermometers/1422287/paderno-ladle-35cfcb6f-de05-43c5-abc9-8fa9103fe5fe-jpgrendition.jpg?im=whresize&wid=200&hei=200,,1422287,142-2287-8,312 En Stock#142-2287-8,Liquidation◊Mieux notés,72.39,"6,90","24,99"
231,"Laval Vimont, QC",Sondes de température de la viande en acier inoxydable Vermont Castings,Sondes de température de la viande en acier inoxydable Vermont Castings,19.9,"19,90 $",39.99,"Était±  39,99 $prix était 39,99 $",19.9,"19,90 $",19.9,"19,90 $",true,https://www.canadiantire.ca/fr/pdp/sondes-de-temperature-de-la-viande-en-acier-inoxydable-vermont-castings-0852381p.html,https://www.canadiantire.ca/fr/pdp/sondes-de-temperature-de-la-viande-en-acier-inoxydable-vermont-castings-0852381p.html,https://media-www.canadiantire.ca/product/seasonal-gardening/backyard-living/outdoor-cooking-accessories/0852381/vermont-castings-meat-probes-e20050fc-d148-4eb2-bd21-669acc7fe1e9-jpgrendition.jpg?im=whresize&wid=200&hei=200,https://media-www.canadiantire.ca/product/seasonal-gardening/backyard-living/outdoor-cooking-accessories/0852381/vermont-castings-meat-probes-e20050fc-d148-4eb2-bd21-669acc7fe1e9-jpgrendition.jpg?im=whresize&wid=200&hei=200,,0852381,085-2381-8,30 En Stock#085-2381-8,Liquidation◊Mieux notés,50.24,"19,90","39,99"
231,"Laval Vimont, QC","Crochet de suspension Atron Electro Industries LA772, chrome","Crochet de suspension Atron Electro Industries LA772, chrome",1.43,"1,43 $",3.49,"Était±  3,49 $prix était 3,49 $",1.43,"1,43 $",1.43,"1,43 $",true,https://www.canadiantire.ca/fr/pdp/crochet-de-suspension-atron-electro-industries-la772-chrome-0522855p.html,https://www.canadiantire.ca/fr/pdp/crochet-de-suspension-atron-electro-industries-la772-chrome-0522855p.html,https://media-www.canadiantire.ca/product/fixing/electrical/rough-electrical/0522855/swag-hook-chrome-c3bb7d8e-6630-4d21-b19c-477b34c67b6e-jpgrendition.jpg?im=whresize&wid=200&hei=200,https://media-www.canadiantire.ca/product/fixing/electrical/rough-electrical/0522855/swag-hook-chrome-c3bb7d8e-6630-4d21-b19c-477b34c67b6e-jpgrendition.jpg?im=whresize&wid=200&hei=200,,0522855,052-2855-0,Il n’en reste que 3 #052-2855-0,Liquidation◊Mieux notés,59.03,"1,43","3,49"
231,"Laval Vimont, QC","Peinture pour automobile Dupli-Color Metal Specks, argent étincelant, 311 g","Peinture pour automobile Dupli-Color Metal Specks, argent étincelant, 311 g",3.93,"3,93 $",29.99,"29,99 $Était   et+ prix était à partir de 29,99 $",3.93,"3,93 $",3.93,"3,93 $",true,https://www.canadiantire.ca/fr/pdp/peinture-pour-automobile-dupli-color-metal-specks-argent-etincelant-311-g-0478394p.html,https://www.canadiantire.ca/fr/pdp/peinture-pour-automobile-dupli-color-metal-specks-argent-etincelant-311-g-0478394p.html,https://media-www.canadiantire.ca/product/automotive/car-care-accessories/auto-body-repair/0473702/metal-speck-burnt-copper-automotive-paint-bedc246c-c4a9-4112-b5f6-f6b0b04d28e1-jpgrendition.jpg?im=whresize&wid=200&hei=200,https://media-www.canadiantire.ca/product/automotive/car-care-accessories/auto-body-repair/0473702/metal-speck-burnt-copper-automotive-paint-bedc246c-c4a9-4112-b5f6-f6b0b04d28e1-jpgrendition.jpg?im=whresize&wid=200&hei=200,,0478394,047-3702,Vérifiez la disponibilité#047-3702X,Liquidation◊Mieux notés,86.9,"3,93","29,99"
231,"Laval Vimont, QC","Cadran de rechange pour cuisinière électrique Laser 62211, noir","Cadran de rechange pour cuisinière électrique Laser 62211, noir",4.93,"4,93 $",10.99,"Était±  10,99 $prix était 10,99 $",4.93,"4,93 $",4.93,"4,93 $",true,https://www.canadiantire.ca/fr/pdp/cadran-de-rechange-pour-cuisiniere-electrique-laser-62211-noir-0522621p.html,https://www.canadiantire.ca/fr/pdp/cadran-de-rechange-pour-cuisiniere-electrique-laser-62211-noir-0522621p.html,https://media-www.canadiantire.ca/product/fixing/electrical/rough-electrical/0522621/black-stove-dial-kit-1pc-d5af5f0a-be7c-4aec-9b39-de69a93a54b1-jpgrendition.jpg?im=whresize&wid=200&hei=200,https://media-www.canadiantire.ca/product/fixing/electrical/rough-electrical/0522621/black-stove-dial-kit-1pc-d5af5f0a-be7c-4aec-9b39-de69a93a54b1-jpgrendition.jpg?im=whresize&wid=200&hei=200,,0522621,052-2621-6,Il n’en reste que 6 #052-2621-6,Liquidation◊,55.14,"4,93","10,99"
231,"Laval Vimont, QC","Vis mécaniques métriques à tête cylindrique cruciforme Hillman, choix de tailles","Vis mécaniques métriques à tête cylindrique cruciforme Hillman, choix de tailles",0.23,"0,23 $",1.19,"1,19 $Était   et+ prix était à partir de 1,19 $",0.23,"0,23 $",0.23,"0,23 $",true,https://www.canadiantire.ca/fr/pdp/vis-mecaniques-metriques-a-tete-cylindrique-cruciforme-hillman-choix-de-tailles-1612644p.html,https://www.canadiantire.ca/fr/pdp/vis-mecaniques-metriques-a-tete-cylindrique-cruciforme-hillman-choix-de-tailles-1612644p.html,https://media-www.canadiantire.ca/product/fixing/hardware/general-hardware/1612644/metric-pan-head-machine-screw-m3-x-5-885727-60a8b68a-976e-407f-b12a-2f2f923e1b16-jpgrendition.jpg?im=whresize&wid=200&hei=200,https://media-www.canadiantire.ca/product/fixing/hardware/general-hardware/1612644/metric-pan-head-machine-screw-m3-x-5-885727-60a8b68a-976e-407f-b12a-2f2f923e1b16-jpgrendition.jpg?im=whresize&wid=200&hei=200,,1612644,161-2644,Vérifiez la disponibilité#161-2644X,Liquidation◊Mieux notés,80.67,"0,23","1,19"
231,"Laval Vimont, QC","Lunettes de soleil en forme d'oeil-de-chat des années 1950, noir, taille unique, accessoire de costume à porter pour l'Halloween","Lunettes de soleil en forme d'oeil-de-chat des années 1950, noir, taille unique, accessoire de costume à porter pour l'Halloween",3.93,"3,93 $",7.99,"Était±  7,99 $prix était 7,99 $",3.93,"3,93 $",3.93,"3,93 $",true,https://www.canadiantire.ca/fr/pdp/lunettes-de-soleil-en-forme-d-oeil-de-chat-des-annees-1950-noir-taille-unique-accessoire-de-costume-a-porter-pour-l-halloween-8510054p.html,https://www.canadiantire.ca/fr/pdp/lunettes-de-soleil-en-forme-d-oeil-de-chat-des-annees-1950-noir-taille-unique-accessoire-de-costume-a-porter-pour-l-halloween-8510054p.html,https://media-www.canadiantire.ca/product/seasonal-gardening/party-city-seasonal/party-city-halloween-and-fall-decor/8510054/pc-50s-sunglasses-e645d20e-0ac5-4d85-a363-267536580b0e-jpgrendition.jpg?im=whresize&wid=200&hei=200,https://media-www.canadiantire.ca/product/seasonal-gardening/party-city-seasonal/party-city-halloween-and-fall-decor/8510054/pc-50s-sunglasses-e645d20e-0ac5-4d85-a363-267536580b0e-jpgrendition.jpg?im=whresize&wid=200&hei=200,,8510054,851-0054-6,Il n’en reste que 1 #851-0054-6,Liquidation◊,50.81,"3,93","7,99"
231,"Laval Vimont, QC","Bonhomme guimauve Stay Puft gonflable sur piquet, SOS Fantômes, lumière à DEL, blanc, 7 pi, décoration d'extérieur autogonflante pour l'Halloween","Bonhomme guimauve Stay Puft gonflable sur piquet, SOS Fantômes, lumière à DEL, blanc, 7 pi, décoration d'extérieur autogonflante pour l'Halloween",89.93,"89,93 $",179.99,"Était±  179,99 $prix était 179,99 $",89.93,"89,93 $",89.93,"89,93 $",true,https://www.canadiantire.ca/fr/pdp/bonhomme-guimauve-stay-puft-gonflable-sur-piquet-sos-fantomes-lumiere-a-del-blanc-7-pi-decoration-d-exterieur-autogonflante-pour-l-halloween-1519228p.html,https://www.canadiantire.ca/fr/pdp/bonhomme-guimauve-stay-puft-gonflable-sur-piquet-sos-fantomes-lumiere-a-del-blanc-7-pi-decoration-d-exterieur-autogonflante-pour-l-halloween-1519228p.html,https://media-www.canadiantire.ca/product/seasonal-gardening/seasonal/halloween-harvest/1519228/7-airblown-stay-puft-3cbc9029-318a-4a11-b573-1514d1bfbab8-jpgrendition.jpg?im=whresize&wid=200&hei=200,https://media-www.canadiantire.ca/product/seasonal-gardening/seasonal/halloween-harvest/1519228/7-airblown-stay-puft-3cbc9029-318a-4a11-b573-1514d1bfbab8-jpgrendition.jpg?im=whresize&wid=200&hei=200,,1519228,151-9228-6,Il n’en reste que 1 #151-9228-6,Liquidation◊Exclusivité,50.04,"89,93","179,99"
231,"Laval Vimont, QC","Boule d'attelage Reese Towpower, acier inoxydable, 1 7/8 po","Boule d'attelage Reese Towpower, acier inoxydable, 1 7/8 po",24.93,"24,93 $",52.99,"Était±  52,99 $prix était 52,99 $",24.93,"24,93 $",24.93,"24,93 $",true,https://www.canadiantire.ca/fr/pdp/boule-d-attelage-reese-towpower-acier-inoxydable-1-7-8-po-0406045p.html,https://www.canadiantire.ca/fr/pdp/boule-d-attelage-reese-towpower-acier-inoxydable-1-7-8-po-0406045p.html,https://media-www.canadiantire.ca/product/automotive/automotive-outdoor-adventure/auto-travel-storage/0406045/reese-towpower-stainless-steel-interlock-tow-ball-1-7-8--aee42aac-4402-4995-8210-c23224142c84-jpgrendition.jpg?im=whresize&wid=200&hei=200,https://media-www.canadiantire.ca/product/automotive/automotive-outdoor-adventure/auto-travel-storage/0406045/reese-towpower-stainless-steel-interlock-tow-ball-1-7-8--aee42aac-4402-4995-8210-c23224142c84-jpgrendition.jpg?im=whresize&wid=200&hei=200,,0406045,040-6045-2,Il n’en reste que 5 #040-6045-2,Liquidation◊,52.95,"24,93","52,99"
231,"Laval Vimont, QC",Sécateur à enclume Yardworks,Sécateur à enclume Yardworks,11.93,"11,93 $",24.99,"Était±  24,99 $prix était 24,99 $",11.93,"11,93 $",11.93,"11,93 $",true,https://www.canadiantire.ca/fr/pdp/secateur-a-enclume-yardworks-0596605p.html,https://www.canadiantire.ca/fr/pdp/secateur-a-enclume-yardworks-0596605p.html,https://media-www.canadiantire.ca/product/seasonal-gardening/outdoor-tools/manual-outdoor-cutting-tools/0596605/yardworks-anvil-pruner-sk5-ec9528f4-c661-4dff-a74e-6a09ca35e404-jpgrendition.jpg?im=whresize&wid=200&hei=200,https://media-www.canadiantire.ca/product/seasonal-gardening/outdoor-tools/manual-outdoor-cutting-tools/0596605/yardworks-anvil-pruner-sk5-ec9528f4-c661-4dff-a74e-6a09ca35e404-jpgrendition.jpg?im=whresize&wid=200&hei=200,,0596605,059-6605-8,Il n’en reste que 1 #059-6605-8,Liquidation◊Exclusivité,52.26,"11,93","24,99"
231,"Laval Vimont, QC","Connect. plat 4voies Hopkins Endurance Easy-Pull, DEL vérif.","Connect. plat 4voies Hopkins Endurance Easy-Pull, DEL vérif.",6.93,"6,93 $",15.99,"Était±  15,99 $prix était 15,99 $",6.93,"6,93 $",6.93,"6,93 $",true,https://www.canadiantire.ca/fr/pdp/connect-plat-4voies-hopkins-endurance-easy-pull-del-verif-1407241p.html,https://www.canadiantire.ca/fr/pdp/connect-plat-4voies-hopkins-endurance-easy-pull-del-verif-1407241p.html,https://media-www.canadiantire.ca/product/automotive/automotive-outdoor-adventure/auto-travel-storage/1407241/hopkins-endurancea-easy-pulla-led-test-4-flat-connector-82cb77d1-0fee-472c-b0dc-ed9d2ec1cc95-jpgrendition.jpg?im=whresize&wid=200&hei=200,https://media-www.canadiantire.ca/product/automotive/automotive-outdoor-adventure/auto-travel-storage/1407241/hopkins-endurancea-easy-pulla-led-test-4-flat-connector-82cb77d1-0fee-472c-b0dc-ed9d2ec1cc95-jpgrendition.jpg?im=whresize&wid=200&hei=200,,1407241,140-7241-0,Il n’en reste que 1 #140-7241-0,Liquidation◊Mieux notés,56.66,"6,93","15,99"
231,"Laval Vimont, QC","Distributeur de sacs d’épicerie en plastique CAMCO 57061 Pop-A-Bag, blanc","Distributeur de sacs d’épicerie en plastique CAMCO 57061 Pop-A-Bag, blanc",2.93,"2,93 $",16.99,"Était±  16,99 $prix était 16,99 $",2.93,"2,93 $",2.93,"2,93 $",true,https://www.canadiantire.ca/fr/pdp/distributeur-de-sacs-d-epicerie-en-plastique-camco-57061-pop-a-bag-blanc-0408822p.html,https://www.canadiantire.ca/fr/pdp/distributeur-de-sacs-d-epicerie-en-plastique-camco-57061-pop-a-bag-blanc-0408822p.html,https://media-www.canadiantire.ca/product/automotive/automotive-outdoor-adventure/auto-travel-storage/0408822/pop-a-bag-plastic-shopping-bag-dispenser-8d767f80-6e85-438e-9268-b65d23ad850e-jpgrendition.jpg?im=whresize&wid=200&hei=200,https://media-www.canadiantire.ca/product/automotive/automotive-outdoor-adventure/auto-travel-storage/0408822/pop-a-bag-plastic-shopping-bag-dispenser-8d767f80-6e85-438e-9268-b65d23ad850e-jpgrendition.jpg?im=whresize&wid=200&hei=200,,0408822,040-8822-0,Il n’en reste que 1 #040-8822-0,Liquidation◊Mieux notés,82.75,"2,93","16,99"
231,"Laval Vimont, QC","Crampons robustes YakTrax Stabil Maxx2 pour chaussures et bottes pour la glace, adultes, tailles diverses","Crampons robustes YakTrax Stabil Maxx2 pour chaussures et bottes pour la glace, adultes, tailles diverses",24.93,"24,93 $",69.99,"69,99 $Était   et+ prix était à partir de 69,99 $",24.93,"24,93 $",24.93,"24,93 $",true,https://www.canadiantire.ca/fr/pdp/crampons-robustes-yaktrax-stabil-maxx2-pour-chaussures-et-bottes-pour-la-glace-adultes-tailles-diverses-1873153p.html,https://www.canadiantire.ca/fr/pdp/crampons-robustes-yaktrax-stabil-maxx2-pour-chaussures-et-bottes-pour-la-glace-adultes-tailles-diverses-1873153p.html,https://media-www.canadiantire.ca/product/playing/footwear-apparel/footwear-apparel-accessories/1873153/stabil-maxx2-traction-grips-medium-64e8f8c3-1cc8-4ea5-89ed-9d637f628dd6-jpgrendition.jpg?im=whresize&wid=200&hei=200,https://media-www.canadiantire.ca/product/playing/footwear-apparel/footwear-apparel-accessories/1873153/stabil-maxx2-traction-grips-medium-64e8f8c3-1cc8-4ea5-89ed-9d637f628dd6-jpgrendition.jpg?im=whresize&wid=200&hei=200,,1873153,187-3153,Vérifiez la disponibilité#187-3153X,Liquidation◊,64.38,"24,93","69,99"
231,"Laval Vimont, QC","Cuillère Danielson Renegade, 1/2 oz","Cuillère Danielson Renegade, 1/2 oz",2.73,"2,73 $",5.49,"5,49 $Était   et+ prix était à partir de 5,49 $",2.73,"2,73 $",2.73,"2,73 $",true,https://www.canadiantire.ca/fr/pdp/cuillere-danielson-renegade-1-2-oz-0782227p.html,https://www.canadiantire.ca/fr/pdp/cuillere-danielson-renegade-1-2-oz-0782227p.html,https://media-www.canadiantire.ca/product/playing/fishing/fishing-lures/0782229/danielson-renegade-spoon-nickel-blue-1-2oz-701018c1-ef5c-4c16-aa69-12055a8b8e37-jpgrendition.jpg?im=whresize&wid=200&hei=200,https://media-www.canadiantire.ca/product/playing/fishing/fishing-lures/0782229/danielson-renegade-spoon-nickel-blue-1-2oz-701018c1-ef5c-4c16-aa69-12055a8b8e37-jpgrendition.jpg?im=whresize&wid=200&hei=200,,0782227,078-2227,Vérifiez la disponibilité#078-2227X,Liquidation◊Exclusivité,50.27,"2,73","5,49"
231,"Laval Vimont, QC","Micro lumières de tableau de bord Custom Accessories LED Innovations, bleu, paq. 4","Micro lumières de tableau de bord Custom Accessories LED Innovations, bleu, paq. 4",6.93,"6,93 $",14.99,"Était±  14,99 $prix était 14,99 $",6.93,"6,93 $",6.93,"6,93 $",true,https://www.canadiantire.ca/fr/pdp/micro-lumieres-de-tableau-de-bord-custom-accessories-led-innovations-bleu-paq-4-0374574p.html,https://www.canadiantire.ca/fr/pdp/micro-lumieres-de-tableau-de-bord-custom-accessories-led-innovations-bleu-paq-4-0374574p.html,https://media-www.canadiantire.ca/product/automotive/car-care-accessories/auto-accessories/0374574/led-innovations-micro-dash-light-blue-4pc--1312d1ef-4ffe-4a3d-96f2-73a92408aeff-jpgrendition.jpg?im=whresize&wid=200&hei=200,https://media-www.canadiantire.ca/product/automotive/car-care-accessories/auto-accessories/0374574/led-innovations-micro-dash-light-blue-4pc--1312d1ef-4ffe-4a3d-96f2-73a92408aeff-jpgrendition.jpg?im=whresize&wid=200&hei=200,,0374574,037-4574-4,Il n’en reste que 3 #037-4574-4,Liquidation◊,53.77,"6,93","14,99"
231,"Laval Vimont, QC",Plaque à bornes en cosse pour cuisinière Laser 62404/4 avec support,Plaque à bornes en cosse pour cuisinière Laser 62404/4 avec support,12.93,"12,93 $",25.99,"Était±  25,99 $prix était 25,99 $",12.93,"12,93 $",12.93,"12,93 $",true,https://www.canadiantire.ca/fr/pdp/plaque-a-bornes-en-cosse-pour-cuisiniere-laser-62404-4-avec-support-0522629p.html,https://www.canadiantire.ca/fr/pdp/plaque-a-bornes-en-cosse-pour-cuisiniere-laser-62404-4-avec-support-0522629p.html,https://media-www.canadiantire.ca/product/fixing/electrical/rough-electrical/0522629/terminal-block-kit-spade-b2d56cda-eaaa-4463-835c-527cf1e5e0f8-jpgrendition.jpg?im=whresize&wid=200&hei=200,https://media-www.canadiantire.ca/product/fixing/electrical/rough-electrical/0522629/terminal-block-kit-spade-b2d56cda-eaaa-4463-835c-527cf1e5e0f8-jpgrendition.jpg?im=whresize&wid=200&hei=200,,0522629,052-2629-0,Il n’en reste que 1 #052-2629-0,Liquidation◊Mieux notés,50.25,"12,93","25,99"
231,"Laval Vimont, QC","Scellant pour gouttière/revêtement Rust-Oleum LeakSeal, toutes saisons, réparation de surface, blanc, 300 mL","Scellant pour gouttière/revêtement Rust-Oleum LeakSeal, toutes saisons, réparation de surface, blanc, 300 mL",7.93,"7,93 $",20.99,"Était±  20,99 $prix était 20,99 $",7.93,"7,93 $",7.93,"7,93 $",true,https://www.canadiantire.ca/fr/pdp/scellant-pour-gouttiere-revetement-rust-oleum-leakseal-toutes-saisons-reparation-de-surface-blanc-300-ml-0641577p.html,https://www.canadiantire.ca/fr/pdp/scellant-pour-gouttiere-revetement-rust-oleum-leakseal-toutes-saisons-reparation-de-surface-blanc-300-ml-0641577p.html,https://media-www.canadiantire.ca/product/fixing/paint/surface-prep-maintenance/0641577/leakseal-gutter-and-siding-white-300ml-5dde50d2-eb94-4077-9029-dea17929b073-jpgrendition.jpg?im=whresize&wid=200&hei=200,https://media-www.canadiantire.ca/product/fixing/paint/surface-prep-maintenance/0641577/leakseal-gutter-and-siding-white-300ml-5dde50d2-eb94-4077-9029-dea17929b073-jpgrendition.jpg?im=whresize&wid=200&hei=200,,0641577,064-1577-0,Il n’en reste que 1 #064-1577-0,Liquidation◊Mieux notés,62.22,"7,93","20,99"
231,"Laval Vimont, QC","Leurre Savage Gear 3D Wake Snake, 8 po","Leurre Savage Gear 3D Wake Snake, 8 po",12.93,"12,93 $",31.99,"31,99 $Était   et+ prix était à partir de 31,99 $",12.93,"12,93 $",12.93,"12,93 $",true,https://www.canadiantire.ca/fr/pdp/leurre-savage-gear-3d-wake-snake-8-po-1784754p.html,https://www.canadiantire.ca/fr/pdp/leurre-savage-gear-3d-wake-snake-8-po-1784754p.html,https://media-www.canadiantire.ca/product/playing/fishing/fishing-lures/1784756/savage-gear-3d-wake-snake-8-black-snake-19323228-408b-4845-95f8-d5131843b434-jpgrendition.jpg?im=whresize&wid=200&hei=200,https://media-www.canadiantire.ca/product/playing/fishing/fishing-lures/1784756/savage-gear-3d-wake-snake-8-black-snake-19323228-408b-4845-95f8-d5131843b434-jpgrendition.jpg?im=whresize&wid=200&hei=200,,1784754,178-4754,Vérifiez la disponibilité#178-4754X,Liquidation◊Mieux notés,59.58,"12,93","31,99"
231,"Laval Vimont, QC","Filtre de rechange Geeni pour WP00, paq. 12","Filtre de rechange Geeni pour WP00, paq. 12",7.93,"7,93 $",29.99,"Était±  29,99 $prix était 29,99 $",7.93,"7,93 $",7.93,"7,93 $",true,https://www.canadiantire.ca/fr/pdp/filtre-de-rechange-geeni-pour-wp00-paq-12-1427408p.html,https://www.canadiantire.ca/fr/pdp/filtre-de-rechange-geeni-pour-wp00-paq-12-1427408p.html,https://media-www.canadiantire.ca/product/living/pet-care/pet-accessories/1427408/geeni-12-pack-replacement-filter-for-wp001-f42a3374-ea44-4ab3-9df5-a5f72a03b5a3-jpgrendition.jpg?im=whresize&wid=200&hei=200,https://media-www.canadiantire.ca/product/living/pet-care/pet-accessories/1427408/geeni-12-pack-replacement-filter-for-wp001-f42a3374-ea44-4ab3-9df5-a5f72a03b5a3-jpgrendition.jpg?im=whresize&wid=200&hei=200,,1427408,142-7408-2,Il n’en reste que 1 #142-7408-2,Liquidation◊,73.56,"7,93","29,99"
231,"Laval Vimont, QC","Joint de rechange Graco TrueAirless, à utiliser avec le protecteur Hand-Tight RAC IV","Joint de rechange Graco TrueAirless, à utiliser avec le protecteur Hand-Tight RAC IV",7.93,"7,93 $",19.99,"Était±  19,99 $prix était 19,99 $",7.93,"7,93 $",7.93,"7,93 $",true,https://www.canadiantire.ca/fr/pdp/joint-de-rechange-graco-trueairless-a-utiliser-avec-le-protecteur-hand-tight-rac-iv-0492556p.html,https://www.canadiantire.ca/fr/pdp/joint-de-rechange-graco-trueairless-a-utiliser-avec-le-protecteur-hand-tight-rac-iv-0492556p.html,https://media-www.canadiantire.ca/product/fixing/paint/paint-accessories/0492556/trueairless-single-seal-dec86a48-d64d-4d31-86d9-bb95629724ed-jpgrendition.jpg?im=whresize&wid=200&hei=200,https://media-www.canadiantire.ca/product/fixing/paint/paint-accessories/0492556/trueairless-single-seal-dec86a48-d64d-4d31-86d9-bb95629724ed-jpgrendition.jpg?im=whresize&wid=200&hei=200,,0492556,049-2556-2,Il n’en reste que 1 #049-2556-2,Liquidation◊,60.33,"7,93","19,99"
231,"Laval Vimont, QC","Chiffons de vadrouille lavable iRobot pour Roomba Braava, pqt 7","Chiffons de vadrouille lavable iRobot pour Roomba Braava, pqt 7",4.93,"4,93 $",9.99,"Était±  9,99 $prix était 9,99 $",4.93,"4,93 $",4.93,"4,93 $",true,https://www.canadiantire.ca/fr/pdp/chiffons-de-vadrouille-lavable-irobot-pour-roomba-braava-pqt-7-0438288p.html,https://www.canadiantire.ca/fr/pdp/chiffons-de-vadrouille-lavable-irobot-pour-roomba-braava-pqt-7-0438288p.html,https://media-www.canadiantire.ca/product/living/cleaning/vacuums-and-floorcare/0438288/roomba-braava-pads-3a6baddf-5e0e-404c-834c-3a864c62044e-jpgrendition.jpg?im=whresize&wid=200&hei=200,https://media-www.canadiantire.ca/product/living/cleaning/vacuums-and-floorcare/0438288/roomba-braava-pads-3a6baddf-5e0e-404c-834c-3a864c62044e-jpgrendition.jpg?im=whresize&wid=200&hei=200,,0438288,043-8288-6,Il n’en reste que 3 #043-8288-6,Liquidation◊Mieux notés,50.65,"4,93","9,99"
231,"Laval Vimont, QC",Casquette feuille d'étable du Canada,Casquette feuille d'étable du Canada,4.93,"4,93 $",9.99,"Était±  9,99 $prix était 9,99 $",4.93,"4,93 $",4.93,"4,93 $",true,https://www.canadiantire.ca/fr/pdp/casquette-feuille-d-etable-du-canada-8529511p.html,https://www.canadiantire.ca/fr/pdp/casquette-feuille-d-etable-du-canada-8529511p.html,https://media-www.canadiantire.ca/product/seasonal-gardening/party-city-seasonal/party-city-micro-season-decor/8529511/canadian-maple-leaf-baseball-hat-1be76a2d-b70a-4858-9561-a651a21bdd41-jpgrendition.jpg?im=whresize&wid=200&hei=200,https://media-www.canadiantire.ca/product/seasonal-gardening/party-city-seasonal/party-city-micro-season-decor/8529511/canadian-maple-leaf-baseball-hat-1be76a2d-b70a-4858-9561-a651a21bdd41-jpgrendition.jpg?im=whresize&wid=200&hei=200,,8529511,852-9511-2,Il n’en reste que 1 #852-9511-2,Liquidation◊,50.65,"4,93","9,99"
231,"Laval Vimont, QC","Recharge de 10 fléchettes NERF Mega XL, 8 ans et plus","Recharge de 10 fléchettes NERF Mega XL, 8 ans et plus",3.93,"3,93 $",16.99,"Était±  16,99 $prix était 16,99 $",3.93,"3,93 $",3.93,"3,93 $",true,https://www.canadiantire.ca/fr/pdp/recharge-de-10-flechettes-nerf-mega-xl-8-ans-et-plus-0508343p.html,https://www.canadiantire.ca/fr/pdp/recharge-de-10-flechettes-nerf-mega-xl-8-ans-et-plus-0508343p.html,https://media-www.canadiantire.ca/product/seasonal-gardening/toys/toys-games/0508343/nerf-mega-xl-refill-10-pack-03d040bd-404f-498e-87f9-9dc6136af34c-jpgrendition.jpg?im=whresize&wid=200&hei=200,https://media-www.canadiantire.ca/product/seasonal-gardening/toys/toys-games/0508343/nerf-mega-xl-refill-10-pack-03d040bd-404f-498e-87f9-9dc6136af34c-jpgrendition.jpg?im=whresize&wid=200&hei=200,,0508343,050-8343-6,Il n’en reste que 3 #050-8343-6,Liquidation◊Mieux notés,76.87,"3,93","16,99"
231,"Laval Vimont, QC",Connecteur de remorque rond à 4 pôles Hopkins,Connecteur de remorque rond à 4 pôles Hopkins,4.93,"4,93 $",25.99,"Était±  25,99 $prix était 25,99 $",4.93,"4,93 $",4.93,"4,93 $",true,https://www.canadiantire.ca/fr/pdp/connecteur-de-remorque-rond-a-4-poles-hopkins-1407221p.html,https://www.canadiantire.ca/fr/pdp/connecteur-de-remorque-rond-a-4-poles-hopkins-1407221p.html,https://media-www.canadiantire.ca/product/automotive/automotive-outdoor-adventure/auto-travel-storage/1407221/hopkins-4-round-set-trailer-wiring-77a1e197-e206-4232-9176-a19d1fa566cd-jpgrendition.jpg?im=whresize&wid=200&hei=200,https://media-www.canadiantire.ca/product/automotive/automotive-outdoor-adventure/auto-travel-storage/1407221/hopkins-4-round-set-trailer-wiring-77a1e197-e206-4232-9176-a19d1fa566cd-jpgrendition.jpg?im=whresize&wid=200&hei=200,,1407221,140-7221-8,Il n’en reste que 4 #140-7221-8,Liquidation◊,81.03,"4,93","25,99"
231,"Laval Vimont, QC","Barre d'attelage, 10 000 lb, 4 x 9,25 po","Barre d'attelage, 10 000 lb, 4 x 9,25 po",34.93,"34,93 $",124.99,"Était±  124,99 $prix était 124,99 $",34.93,"34,93 $",34.93,"34,93 $",true,https://www.canadiantire.ca/fr/pdp/barre-d-attelage-10-000-lb-4-x-9-25-po-0409048p.html,https://www.canadiantire.ca/fr/pdp/barre-d-attelage-10-000-lb-4-x-9-25-po-0409048p.html,https://media-www.canadiantire.ca/product/automotive/automotive-outdoor-adventure/auto-travel-storage/0409048/4-x9-25-hitch-bar-dbe397a1-269f-41e7-8f64-22a7c3c60849-jpgrendition.jpg?im=whresize&wid=200&hei=200,https://media-www.canadiantire.ca/product/automotive/automotive-outdoor-adventure/auto-travel-storage/0409048/4-x9-25-hitch-bar-dbe397a1-269f-41e7-8f64-22a7c3c60849-jpgrendition.jpg?im=whresize&wid=200&hei=200,,0409048,040-9048-8,Il n’en reste que 1 #040-9048-8,Liquidation◊Mieux notés,72.05,"34,93","124,99"
231,"Laval Vimont, QC",Pointes de vitrier,Pointes de vitrier,0.43,"0,43 $",3.49,"Était±  3,49 $prix était 3,49 $",0.43,"0,43 $",0.43,"0,43 $",true,https://www.canadiantire.ca/fr/pdp/pointes-de-vitrier-0461894p.html,https://www.canadiantire.ca/fr/pdp/pointes-de-vitrier-0461894p.html,https://media-www.canadiantire.ca/product/fixing/hardware/general-hardware/0461894/glazier-points-black-b4a7b659-283a-45a0-90b6-69c1c615b9b8-jpgrendition.jpg?im=whresize&wid=200&hei=200,https://media-www.canadiantire.ca/product/fixing/hardware/general-hardware/0461894/glazier-points-black-b4a7b659-283a-45a0-90b6-69c1c615b9b8-jpgrendition.jpg?im=whresize&wid=200&hei=200,,0461894,046-1894-8,Il n’en reste que 3 #046-1894-8,Liquidation◊,87.68,"0,43","3,49"
231,"Laval Vimont, QC","Pare-soleil en verre Riton HD, 34 mm po","Pare-soleil en verre Riton HD, 34 mm po",24.93,"24,93 $",49.99,"Était±  49,99 $prix était 49,99 $",24.93,"24,93 $",24.93,"24,93 $",true,https://www.canadiantire.ca/fr/pdp/pare-soleil-en-verre-riton-hd-34-mm-po-3750628p.html,https://www.canadiantire.ca/fr/pdp/pare-soleil-en-verre-riton-hd-34-mm-po-3750628p.html,https://media-www.canadiantire.ca/product/playing/hunting/hunting-equipment/3750628/riton-sun-shade-81cea0a7-c469-41f3-9034-52644b318b9e-jpgrendition.jpg?im=whresize&wid=200&hei=200,https://media-www.canadiantire.ca/product/playing/hunting/hunting-equipment/3750628/riton-sun-shade-81cea0a7-c469-41f3-9034-52644b318b9e-jpgrendition.jpg?im=whresize&wid=200&hei=200,,3750628,375-0628-6,Il n’en reste que 1 #375-0628-6,Liquidation◊,50.13,"24,93","49,99"
231,"Laval Vimont, QC","Base multifentes Weaver 618, SAV10SA, 8-40","Base multifentes Weaver 618, SAV10SA, 8-40",24.93,"24,93 $",59.99,"Était±  59,99 $prix était 59,99 $",24.93,"24,93 $",24.93,"24,93 $",true,https://www.canadiantire.ca/fr/pdp/base-multifentes-weaver-618-sav10sa-8-40-3750437p.html,https://www.canadiantire.ca/fr/pdp/base-multifentes-weaver-618-sav10sa-8-40-3750437p.html,https://media-www.canadiantire.ca/product/playing/hunting/hunting-equipment/3750437/weaver-base-multislot-618-sav10sa-8-40-4edc8d84-238a-4e1b-a502-49ed897ea246-jpgrendition.jpg?im=whresize&wid=200&hei=200,https://media-www.canadiantire.ca/product/playing/hunting/hunting-equipment/3750437/weaver-base-multislot-618-sav10sa-8-40-4edc8d84-238a-4e1b-a502-49ed897ea246-jpgrendition.jpg?im=whresize&wid=200&hei=200,,3750437,375-0437-0,Il n’en reste que 1 #375-0437-0,Liquidation◊,58.44,"24,93","59,99"
231,"Laval Vimont, QC","Feu de hayon à DEL Hopkins Towing Solution, 48 à 60 po","Feu de hayon à DEL Hopkins Towing Solution, 48 à 60 po",48.93,"48,93 $",99.99,"Était±  99,99 $prix était 99,99 $",48.93,"48,93 $",48.93,"48,93 $",true,https://www.canadiantire.ca/fr/pdp/feu-de-hayon-a-del-hopkins-towing-solution-48-a-60-po-0203851p.html,https://www.canadiantire.ca/fr/pdp/feu-de-hayon-a-del-hopkins-towing-solution-48-a-60-po-0203851p.html,https://media-www.canadiantire.ca/product/automotive/automotive-outdoor-adventure/auto-travel-storage/0203851/tailgate-led-light-48-60--5c1404ac-955b-457d-b3c3-23bf3b42bbd9-jpgrendition.jpg?im=whresize&wid=200&hei=200,https://media-www.canadiantire.ca/product/automotive/automotive-outdoor-adventure/auto-travel-storage/0203851/tailgate-led-light-48-60--5c1404ac-955b-457d-b3c3-23bf3b42bbd9-jpgrendition.jpg?im=whresize&wid=200&hei=200,,0203851,020-3851-8,Il n’en reste que 2 #020-3851-8,Liquidation◊,51.07,"48,93","99,99"
231,"Laval Vimont, QC","Vélo électrique confortable Junction Simplify, 700C, bleu","Vélo électrique confortable Junction Simplify, 700C, bleu",809.93,"809,93 $",1699.99,"Était±  1 699,99 $prix était 1 699,99 $",809.93,"809,93 $",809.93,"809,93 $",true,https://www.canadiantire.ca/fr/pdp/velo-electrique-confortable-junction-simplify-700c-bleu-0711913p.html,https://www.canadiantire.ca/fr/pdp/velo-electrique-confortable-junction-simplify-700c-bleu-0711913p.html,https://media-www.canadiantire.ca/product/playing/cycling/bicycles/0711913/junction-simplify-women-s-e-bike-700c-0b7231da-cff6-4c23-89f2-6225d324c960-jpgrendition.jpg?im=whresize&wid=200&hei=200,https://media-www.canadiantire.ca/product/playing/cycling/bicycles/0711913/junction-simplify-women-s-e-bike-700c-0b7231da-cff6-4c23-89f2-6225d324c960-jpgrendition.jpg?im=whresize&wid=200&hei=200,,0711913,071-1913-2,Il n’en reste que 1 #071-1913-2,Liquidation◊Mieux notés,52.36,"809,93","1699,99"
231,"Laval Vimont, QC","Poignées étagées en métal Peerless, fixation double, bronze, 3 po, paq. 2","Poignées étagées en métal Peerless, fixation double, bronze, 3 po, paq. 2",3.93,"3,93 $",8.99,"Était±  8,99 $prix était 8,99 $",3.93,"3,93 $",3.93,"3,93 $",true,https://www.canadiantire.ca/fr/pdp/poignees-etagees-en-metal-peerless-fixation-double-bronze-3-po-paq-2-0467082p.html,https://www.canadiantire.ca/fr/pdp/poignees-etagees-en-metal-peerless-fixation-double-bronze-3-po-paq-2-0467082p.html,https://media-www.canadiantire.ca/product/living/home-decor/decor-accents/0467405/peerless-2-5-or-3-dual-mount-cup-pull-2pk-bronze-a27c8f03-884e-43e1-8d3a-64f3d4a0fa86-jpgrendition.jpg?im=whresize&wid=200&hei=200,https://media-www.canadiantire.ca/product/living/home-decor/decor-accents/0467405/peerless-2-5-or-3-dual-mount-cup-pull-2pk-bronze-a27c8f03-884e-43e1-8d3a-64f3d4a0fa86-jpgrendition.jpg?im=whresize&wid=200&hei=200,,0467082,046-7082-4,Il n’en reste que 3 #046-7082-4,Liquidation◊Mieux notés,56.28,"3,93","8,99"
231,"Laval Vimont, QC","Câble de recharge micro à pince magnétique, choix varié, 3,5 po","Câble de recharge micro à pince magnétique, choix varié, 3,5 po",0.43,"0,43 $",3.99,"Était±  3,99 $prix était 3,99 $",0.43,"0,43 $",0.43,"0,43 $",true,https://www.canadiantire.ca/fr/pdp/cable-de-recharge-micro-a-pince-magnetique-choix-varie-3-5-po-0355389p.html,https://www.canadiantire.ca/fr/pdp/cable-de-recharge-micro-a-pince-magnetique-choix-varie-3-5-po-0355389p.html,https://media-www.canadiantire.ca/product/automotive/car-care-accessories/auto-electronics/0355389/magnetic-clip-micro-cable-fishbowl-55f7cad6-fc13-4668-99b3-d165a2751dca-jpgrendition.jpg?im=whresize&wid=200&hei=200,https://media-www.canadiantire.ca/product/automotive/car-care-accessories/auto-electronics/0355389/magnetic-clip-micro-cable-fishbowl-55f7cad6-fc13-4668-99b3-d165a2751dca-jpgrendition.jpg?im=whresize&wid=200&hei=200,,0355389,035-5389-4,19 En Stock#035-5389-4,Liquidation◊,89.22,"0,43","3,99"
231,"Laval Vimont, QC","Tube d'étranglement Carlson's Browning Invector Plus CAL20 allongé, 0,585","Tube d'étranglement Carlson's Browning Invector Plus CAL20 allongé, 0,585",39.93,"39,93 $",79.99,"Était±  79,99 $prix était 79,99 $",39.93,"39,93 $",39.93,"39,93 $",true,https://www.canadiantire.ca/fr/pdp/tube-d-etranglement-carlson-s-browning-invector-plus-cal20-allonge-0-585-3751383p.html,https://www.canadiantire.ca/fr/pdp/tube-d-etranglement-carlson-s-browning-invector-plus-cal20-allonge-0-585-3751383p.html,https://media-www.canadiantire.ca/product/playing/hunting/hunting-accessories/3751383/carlson-choke-tube-4-d9bb98ad-c0ab-4d71-be66-32cd78941b6c-jpgrendition.jpg?im=whresize&wid=200&hei=200,https://media-www.canadiantire.ca/product/playing/hunting/hunting-accessories/3751383/carlson-choke-tube-4-d9bb98ad-c0ab-4d71-be66-32cd78941b6c-jpgrendition.jpg?im=whresize&wid=200&hei=200,,3751383,375-1383-0,Il n’en reste que 4 #375-1383-0,Liquidation◊,50.08,"39,93","79,99"
231,"Laval Vimont, QC","Jardinière Bloem Saturn avec soucoupe, rond, résine, mangue, 7 po","Jardinière Bloem Saturn avec soucoupe, rond, résine, mangue, 7 po",2.93,"2,93 $",6.99,"Était±  6,99 $prix était 6,99 $",2.93,"2,93 $",2.93,"2,93 $",true,https://www.canadiantire.ca/fr/pdp/jardiniere-bloem-saturn-avec-soucoupe-rond-resine-mangue-7-po-1592632p.html,https://www.canadiantire.ca/fr/pdp/jardiniere-bloem-saturn-avec-soucoupe-rond-resine-mangue-7-po-1592632p.html,https://media-www.canadiantire.ca/product/seasonal-gardening/gardening/gardening-plant-accessories/1592632/7-saturn-in-mango-561bf9ae-d1b1-47d6-b97f-415171f11880-jpgrendition.jpg?im=whresize&wid=200&hei=200,https://media-www.canadiantire.ca/product/seasonal-gardening/gardening/gardening-plant-accessories/1592632/7-saturn-in-mango-561bf9ae-d1b1-47d6-b97f-415171f11880-jpgrendition.jpg?im=whresize&wid=200&hei=200,,1592632,159-2632-8,Il n’en reste que 3 #159-2632-8,Liquidation◊,58.08,"2,93","6,99"
231,"Laval Vimont, QC","Figurine Charger et Wheeler Ruben & Crew, paq. 2","Figurine Charger et Wheeler Ruben & Crew, paq. 2",5.73,"5,73 $",16.99,"Était±  16,99 $prix était 16,99 $",5.73,"5,73 $",5.73,"5,73 $",true,https://www.canadiantire.ca/fr/pdp/figurine-charger-et-wheeler-ruben-crew-paq-2-0509984p.html,https://www.canadiantire.ca/fr/pdp/figurine-charger-et-wheeler-ruben-crew-paq-2-0509984p.html,https://media-www.canadiantire.ca/product/seasonal-gardening/toys/preschool-toys-activities/0509984/rubble-and-crew-charger-and-wheeler-figure-2-pack-ec8e3550-f131-4970-962a-999f0529dcd0-jpgrendition.jpg?im=whresize&wid=200&hei=200,https://media-www.canadiantire.ca/product/seasonal-gardening/toys/preschool-toys-activities/0509984/rubble-and-crew-charger-and-wheeler-figure-2-pack-ec8e3550-f131-4970-962a-999f0529dcd0-jpgrendition.jpg?im=whresize&wid=200&hei=200,,0509984,050-9984-4,Il n’en reste que 4 #050-9984-4,Liquidation◊Mieux notés,66.27,"5,73","16,99"
231,"Laval Vimont, QC","Épuisette parapluie Frabill, 40 po","Épuisette parapluie Frabill, 40 po",11.93,"11,93 $",24.99,"Était±  24,99 $prix était 24,99 $",11.93,"11,93 $",11.93,"11,93 $",true,https://www.canadiantire.ca/fr/pdp/epuisette-parapluie-frabill-40-po-0785993p.html,https://www.canadiantire.ca/fr/pdp/epuisette-parapluie-frabill-40-po-0785993p.html,https://media-www.canadiantire.ca/product/playing/fishing/fishing-accessories/0785993/frabill-umbrella-net-40-x-40--0b1a5152-e8b9-4112-be3b-3f1cc923a512-jpgrendition.jpg?im=whresize&wid=200&hei=200,https://media-www.canadiantire.ca/product/playing/fishing/fishing-accessories/0785993/frabill-umbrella-net-40-x-40--0b1a5152-e8b9-4112-be3b-3f1cc923a512-jpgrendition.jpg?im=whresize&wid=200&hei=200,,0785993,078-5993-2,,Liquidation◊,52.26,"11,93","24,99"
231,"Laval Vimont, QC","Porte-clés bouffant Pat'Patrouille Aventures pour cadeaux-surprises d'anniversaire, paq. 8","Porte-clés bouffant Pat'Patrouille Aventures pour cadeaux-surprises d'anniversaire, paq. 8",2.93,"2,93 $",6.49,"Était±  6,49 $prix était 6,49 $",2.93,"2,93 $",2.93,"2,93 $",true,https://www.canadiantire.ca/fr/pdp/porte-cles-bouffant-pat-patrouille-aventures-pour-cadeaux-surprises-d-anniversaire-paq-8-8422605p.html,https://www.canadiantire.ca/fr/pdp/porte-cles-bouffant-pat-patrouille-aventures-pour-cadeaux-surprises-d-anniversaire-paq-8-8422605p.html,https://media-www.partycity.ca/product/seasonal-gardening/party-city-everyday/party-city-party-supplies-decor/8422605/8ct-puffy-keychn-paw-ptrl-adv-25c76203-3cf7-4a4c-941e-88b0de95aa93-jpgrendition.jpg?im=whresize&wid=200&hei=200,https://media-www.partycity.ca/product/seasonal-gardening/party-city-everyday/party-city-party-supplies-decor/8422605/8ct-puffy-keychn-paw-ptrl-adv-25c76203-3cf7-4a4c-941e-88b0de95aa93-jpgrendition.jpg?im=whresize&wid=200&hei=200,,8422605,842-2605-6,Il n’en reste que 6 #842-2605-6,Liquidation◊Mieux notés,54.85,"2,93","6,49"
231,"Laval Vimont, QC",Adaptateur Hymair pour peinture,Adaptateur Hymair pour peinture,7.93,"7,93 $",15.99,"Était±  15,99 $prix était 15,99 $",7.93,"7,93 $",7.93,"7,93 $",true,https://www.canadiantire.ca/fr/pdp/adaptateur-hymair-pour-peinture-0581960p.html,https://www.canadiantire.ca/fr/pdp/adaptateur-hymair-pour-peinture-0581960p.html,https://media-www.canadiantire.ca/product/fixing/tools/air-tools-accessories/0581960/hymiar-paint-adaptor-2ede0503-35a6-449b-b84a-87b52f7fc5cb-jpgrendition.jpg?im=whresize&wid=200&hei=200,https://media-www.canadiantire.ca/product/fixing/tools/air-tools-accessories/0581960/hymiar-paint-adaptor-2ede0503-35a6-449b-b84a-87b52f7fc5cb-jpgrendition.jpg?im=whresize&wid=200&hei=200,,0581960,058-1960-2,10 En Stock#058-1960-2,Liquidation◊,50.41,"7,93","15,99"
231,"Laval Vimont, QC","Fixations pour ampoule de phare Dorman, variées","Fixations pour ampoule de phare Dorman, variées",0.93,"0,93 $",9.99,"Était±  9,99 $prix était 9,99 $",0.93,"0,93 $",0.93,"0,93 $",true,https://www.canadiantire.ca/fr/pdp/fixations-pour-ampoule-de-phare-dorman-variees-0245638p.html,https://www.canadiantire.ca/fr/pdp/fixations-pour-ampoule-de-phare-dorman-variees-0245638p.html,https://media-www.canadiantire.ca/product/automotive/light-auto-parts/general-auto-repair/0245638/42421-gm-headlamp-bulb-retainer-assortment-3c8d1598-9c68-4cfa-b780-88c054367a5d.png?im=whresize&wid=200&hei=200,https://media-www.canadiantire.ca/product/automotive/light-auto-parts/general-auto-repair/0245638/42421-gm-headlamp-bulb-retainer-assortment-3c8d1598-9c68-4cfa-b780-88c054367a5d.png?im=whresize&wid=200&hei=200,,0245638,024-5638-8,Il n’en reste que 2 #024-5638-8,Liquidation◊,90.69,"0,93","9,99"
231,"Laval Vimont, QC","Pinces métalliques conduite carburant Dorman, 10,5 et 13 mm","Pinces métalliques conduite carburant Dorman, 10,5 et 13 mm",0.93,"0,93 $",6.99,"Était±  6,99 $prix était 6,99 $",0.93,"0,93 $",0.93,"0,93 $",true,https://www.canadiantire.ca/fr/pdp/pinces-metalliques-conduite-carburant-dorman-10-5-et-13-mm-0245686p.html,https://www.canadiantire.ca/fr/pdp/pinces-metalliques-conduite-carburant-dorman-10-5-et-13-mm-0245686p.html,https://media-www.canadiantire.ca/product/automotive/light-auto-parts/general-auto-repair/0245686/800-017-10-5mm-and-13mm-metal-fuel-line-clips-599e0a19-abb0-4bea-8771-f893cf17544e.png?im=whresize&wid=200&hei=200,https://media-www.canadiantire.ca/product/automotive/light-auto-parts/general-auto-repair/0245686/800-017-10-5mm-and-13mm-metal-fuel-line-clips-599e0a19-abb0-4bea-8771-f893cf17544e.png?im=whresize&wid=200&hei=200,,0245686,024-5686-2,Il n’en reste que 1 #024-5686-2,Liquidation◊,86.7,"0,93","6,99"
231,"Laval Vimont, QC","Leurre mulot Live Target Field Mouse, 3 po","Leurre mulot Live Target Field Mouse, 3 po",6.73,"6,73 $",14.99,"14,99 $Était   et+ prix était à partir de 14,99 $",6.73,"6,73 $",6.73,"6,73 $",true,https://www.canadiantire.ca/fr/pdp/leurre-mulot-live-target-field-mouse-3-po-1780859p.html,https://www.canadiantire.ca/fr/pdp/leurre-mulot-live-target-field-mouse-3-po-1780859p.html,https://media-www.canadiantire.ca/product/playing/fishing/fishing-lures/1780859/live-target-hollow-body-field-mouse-brown-white-2-25--b9bd9a4a-627e-48ec-b1d8-14a2050b1187-jpgrendition.jpg?im=whresize&wid=200&hei=200,https://media-www.canadiantire.ca/product/playing/fishing/fishing-lures/1780859/live-target-hollow-body-field-mouse-brown-white-2-25--b9bd9a4a-627e-48ec-b1d8-14a2050b1187-jpgrendition.jpg?im=whresize&wid=200&hei=200,,1780859,178-0859,Vérifiez la disponibilité#178-0859X,Liquidation◊Mieux notés,55.1,"6,73","14,99"
231,"Laval Vimont, QC","Housse de traîneau Shappell Jet, TG","Housse de traîneau Shappell Jet, TG",29.93,"29,93 $",59.99,"Était±  59,99 $prix était 59,99 $",29.93,"29,93 $",29.93,"29,93 $",true,https://www.canadiantire.ca/fr/pdp/housse-de-traineau-shappell-jet-tg-0771873p.html,https://www.canadiantire.ca/fr/pdp/housse-de-traineau-shappell-jet-tg-0771873p.html,https://media-www.canadiantire.ca/product/playing/fishing/ice-fishing/0771873/shappell-jet-sled-cover-xl-ea4bcf53-bb47-4893-b403-c4cffe9827ab-jpgrendition.jpg?im=whresize&wid=200&hei=200,https://media-www.canadiantire.ca/product/playing/fishing/ice-fishing/0771873/shappell-jet-sled-cover-xl-ea4bcf53-bb47-4893-b403-c4cffe9827ab-jpgrendition.jpg?im=whresize&wid=200&hei=200,,0771873,077-1873-4,Il n’en reste que 6 #077-1873-4,Liquidation◊,50.11,"29,93","59,99"
231,"Laval Vimont, QC","Avançon profilé sans noeud Maxima, 4,5 lb, 9 pi","Avançon profilé sans noeud Maxima, 4,5 lb, 9 pi",3.43,"3,43 $",8.99,"Était±  8,99 $prix était 8,99 $",3.43,"3,43 $",3.43,"3,43 $",true,https://www.canadiantire.ca/fr/pdp/avancon-profile-sans-noeud-maxima-4-5-lb-9-pi-0786164p.html,https://www.canadiantire.ca/fr/pdp/avancon-profile-sans-noeud-maxima-4-5-lb-9-pi-0786164p.html,https://media-www.canadiantire.ca/product/playing/fishing/fishing-accessories/0786164/maxima-knotless-tapered-leader-4-5lb-7183b4b0-39a4-4bbc-8fef-ef378ef449a1.png?im=whresize&wid=200&hei=200,https://media-www.canadiantire.ca/product/playing/fishing/fishing-accessories/0786164/maxima-knotless-tapered-leader-4-5lb-7183b4b0-39a4-4bbc-8fef-ef378ef449a1.png?im=whresize&wid=200&hei=200,,0786164,078-6164-0,9 En Stock#078-6164-0,Liquidation◊Exclusivité,61.85,"3,43","8,99"
231,"Laval Vimont, QC","Visée avant à fibre optique TRUGLO Magnum Glo-Dot Xtreme, rouge, 3/8 po","Visée avant à fibre optique TRUGLO Magnum Glo-Dot Xtreme, rouge, 3/8 po",14.93,"14,93 $",34.99,"Était±  34,99 $prix était 34,99 $",14.93,"14,93 $",14.93,"14,93 $",true,https://www.canadiantire.ca/fr/pdp/visee-avant-a-fibre-optique-truglo-magnum-glo-dot-xtreme-rouge-3-8-po-1759825p.html,https://www.canadiantire.ca/fr/pdp/visee-avant-a-fibre-optique-truglo-magnum-glo-dot-xtreme-rouge-3-8-po-1759825p.html,https://media-www.canadiantire.ca/product/playing/hunting/hunting-equipment/1759825/mag-glo-dot-xtrm-3-8-red-05d1109a-41b0-4f22-94ae-9ef0e8a51904.png?im=whresize&wid=200&hei=200,https://media-www.canadiantire.ca/product/playing/hunting/hunting-equipment/1759825/mag-glo-dot-xtrm-3-8-red-05d1109a-41b0-4f22-94ae-9ef0e8a51904.png?im=whresize&wid=200&hei=200,,1759825,175-9825-8,Il n’en reste que 2 #175-9825-8,Liquidation◊,57.33,"14,93","34,99"
231,"Laval Vimont, QC","Nourriture sèche pour chiots de grande race IAMS Veillir en santé, 6,8 kg","Nourriture sèche pour chiots de grande race IAMS Veillir en santé, 6,8 kg",16.9,"16,90 $",34.99,"Était±  34,99 $prix était 34,99 $",16.9,"16,90 $",16.9,"16,90 $",true,https://www.canadiantire.ca/fr/pdp/nourriture-seche-pour-chiots-de-grande-race-iams-veillir-en-sante-6-8-kg-1425955p.html,https://www.canadiantire.ca/fr/pdp/nourriture-seche-pour-chiots-de-grande-race-iams-veillir-en-sante-6-8-kg-1425955p.html,https://media-www.canadiantire.ca/product/living/pet-care/pet-food/1425955/iams-proactive-health-smart-pup-lg-brd-bg-6-8kg--35099df3-4a47-4c7f-a1ad-22f085be1e33-jpgrendition.jpg?im=whresize&wid=200&hei=200,https://media-www.canadiantire.ca/product/living/pet-care/pet-food/1425955/iams-proactive-health-smart-pup-lg-brd-bg-6-8kg--35099df3-4a47-4c7f-a1ad-22f085be1e33-jpgrendition.jpg?im=whresize&wid=200&hei=200,,1425955,142-5955-0,77 En Stock#142-5955-0,Liquidation◊Mieux notés,51.7,"16,90","34,99"
231,"Laval Vimont, QC",Adaptateur Hopkins côté véhicule à 6 voies rondes vers côté remorque à 7 lames,Adaptateur Hopkins côté véhicule à 6 voies rondes vers côté remorque à 7 lames,17.93,"17,93 $",39.99,"Était±  39,99 $prix était 39,99 $",17.93,"17,93 $",17.93,"17,93 $",true,https://www.canadiantire.ca/fr/pdp/adaptateur-hopkins-cote-vehicule-a-6-voies-rondes-vers-cote-remorque-a-7-lames-1407229p.html,https://www.canadiantire.ca/fr/pdp/adaptateur-hopkins-cote-vehicule-a-6-voies-rondes-vers-cote-remorque-a-7-lames-1407229p.html,https://media-www.canadiantire.ca/product/automotive/automotive-outdoor-adventure/auto-travel-storage/1407229/hopkins-6-round-to-7-blade-adapter-26093cea-13ac-4d0c-90bb-cc78bca9275d-jpgrendition.jpg?im=whresize&wid=200&hei=200,https://media-www.canadiantire.ca/product/automotive/automotive-outdoor-adventure/auto-travel-storage/1407229/hopkins-6-round-to-7-blade-adapter-26093cea-13ac-4d0c-90bb-cc78bca9275d-jpgrendition.jpg?im=whresize&wid=200&hei=200,,1407229,140-7229-2,Il n’en reste que 2 #140-7229-2,Liquidation◊,55.16,"17,93","39,99"
231,"Laval Vimont, QC","Lampe de table avec abat-jour en Lin CANVAS Abby, 20 po, bronze huilé","Lampe de table avec abat-jour en Lin CANVAS Abby, 20 po, bronze huilé",29.93,"29,93 $",79.99,"Était±  79,99 $prix était 79,99 $",29.93,"29,93 $",29.93,"29,93 $",true,https://www.canadiantire.ca/fr/pdp/lampe-de-table-avec-abat-jour-en-lin-canvas-abby-20-po-bronze-huile-0527898p.html,https://www.canadiantire.ca/fr/pdp/lampe-de-table-avec-abat-jour-en-lin-canvas-abby-20-po-bronze-huile-0527898p.html,https://media-www.canadiantire.ca/product/living/home-decor/lighting/0527898/canvas-abby-table-lamp-729f6980-7937-4342-a7e0-f14e7b46f5f5.png?im=whresize&wid=200&hei=200,https://media-www.canadiantire.ca/product/living/home-decor/lighting/0527898/canvas-abby-table-lamp-729f6980-7937-4342-a7e0-f14e7b46f5f5.png?im=whresize&wid=200&hei=200,,0527898,052-7898-8,Il n’en reste que 1 #052-7898-8,Liquidation◊Mieux notés,62.58,"29,93","79,99"
231,"Laval Vimont, QC","Poignées en acrylique pour ventilateur de plafond Atron Electro Industries FA134, choix varié, 12 po","Poignées en acrylique pour ventilateur de plafond Atron Electro Industries FA134, choix varié, 12 po",2.93,"2,93 $",6.29,"Était±  6,29 $prix était 6,29 $",2.93,"2,93 $",2.93,"2,93 $",true,https://www.canadiantire.ca/fr/pdp/poignees-en-acrylique-pour-ventilateur-de-plafond-atron-electro-industries-fa134-choix-varie-12-po-0522035p.html,https://www.canadiantire.ca/fr/pdp/poignees-en-acrylique-pour-ventilateur-de-plafond-atron-electro-industries-fa134-choix-varie-12-po-0522035p.html,https://media-www.canadiantire.ca/product/fixing/electrical/rough-electrical/0522035/3-pack-assorted-colours-critter-fan-pulls-a9143663-315e-4dc3-a01f-84de367c51ab-jpgrendition.jpg?im=whresize&wid=200&hei=200,https://media-www.canadiantire.ca/product/fixing/electrical/rough-electrical/0522035/3-pack-assorted-colours-critter-fan-pulls-a9143663-315e-4dc3-a01f-84de367c51ab-jpgrendition.jpg?im=whresize&wid=200&hei=200,,0522035,052-2035-2,Il n’en reste que 3 #052-2035-2,Liquidation◊Mieux notés,53.42,"2,93","6,29"
231,"Laval Vimont, QC","Épissure bout-à-bout thermorétractable de calibre AW 14 Gardner Bender AMT-4123, étanche, calibre 16 à 14 AWG, paq. 7","Épissure bout-à-bout thermorétractable de calibre AW 14 Gardner Bender AMT-4123, étanche, calibre 16 à 14 AWG, paq. 7",4.93,"4,93 $",11.49,"Était±  11,49 $prix était 11,49 $",4.93,"4,93 $",4.93,"4,93 $",true,https://www.canadiantire.ca/fr/pdp/epissure-bout-a-bout-thermoretractable-de-calibre-aw-14-gardner-bender-amt-4123-etanche-calibre-16-a-14-awg-paq-7-0520662p.html,https://www.canadiantire.ca/fr/pdp/epissure-bout-a-bout-thermoretractable-de-calibre-aw-14-gardner-bender-amt-4123-etanche-calibre-16-a-14-awg-paq-7-0520662p.html,https://media-www.canadiantire.ca/product/fixing/electrical/rough-electrical/0520662/16-pack-14aw-buttsplice-heat-shrink-39c4c33c-e3a3-4dbc-8d96-870f6a64cea4-jpgrendition.jpg?im=whresize&wid=200&hei=200,https://media-www.canadiantire.ca/product/fixing/electrical/rough-electrical/0520662/16-pack-14aw-buttsplice-heat-shrink-39c4c33c-e3a3-4dbc-8d96-870f6a64cea4-jpgrendition.jpg?im=whresize&wid=200&hei=200,,0520662,052-0662-0,Il n’en reste que 1 #052-0662-0,Liquidation◊Mieux notés,57.09,"4,93","11,49"
231,"Laval Vimont, QC","Barre d'attelage et 2 boules Reese Towpower, 2 po, 2 5/16 po","Barre d'attelage et 2 boules Reese Towpower, 2 po, 2 5/16 po",41.93,"41,93 $",99.99,"Était±  99,99 $prix était 99,99 $",41.93,"41,93 $",41.93,"41,93 $",true,https://www.canadiantire.ca/fr/pdp/barre-d-attelage-et-2-boules-reese-towpower-2-po-2-5-16-po-0403009p.html,https://www.canadiantire.ca/fr/pdp/barre-d-attelage-et-2-boules-reese-towpower-2-po-2-5-16-po-0403009p.html,https://media-www.canadiantire.ca/product/automotive/automotive-outdoor-adventure/auto-travel-storage/0403009/draw-bar-multi-2-2-5-16-10--21211a77-0d4b-4bca-8174-54a2bef82539-jpgrendition.jpg?im=whresize&wid=200&hei=200,https://media-www.canadiantire.ca/product/automotive/automotive-outdoor-adventure/auto-travel-storage/0403009/draw-bar-multi-2-2-5-16-10--21211a77-0d4b-4bca-8174-54a2bef82539-jpgrendition.jpg?im=whresize&wid=200&hei=200,,0403009,040-3009-8,Il n’en reste que 2 #040-3009-8,Liquidation◊,58.07,"41,93","99,99"
231,"Laval Vimont, QC","Luge Airhead SportsStuff Snow Rider Pro, 130 cm","Luge Airhead SportsStuff Snow Rider Pro, 130 cm",45,"45,00 $",99.99,"Était±  99,99 $prix était 99,99 $",45,"45,00 $",45,"45,00 $",true,https://www.canadiantire.ca/fr/pdp/luge-airhead-sportsstuff-snow-rider-pro-130-cm-0821119p.html,https://www.canadiantire.ca/fr/pdp/luge-airhead-sportsstuff-snow-rider-pro-130-cm-0821119p.html,https://media-www.canadiantire.ca/product/playing/seasonal-recreation/winter-recreation/0821119/sportsstuff-snow-rider-pro-130cm-9a68bb17-f48a-46e2-ad6f-03f706166e87-jpgrendition.jpg?im=whresize&wid=200&hei=200,https://media-www.canadiantire.ca/product/playing/seasonal-recreation/winter-recreation/0821119/sportsstuff-snow-rider-pro-130cm-9a68bb17-f48a-46e2-ad6f-03f706166e87-jpgrendition.jpg?im=whresize&wid=200&hei=200,,0821119,082-1119-8,Il n’en reste que 4 #082-1119-8,Liquidation◊,55,"45,00","99,99"
231,"Laval Vimont, QC","Panneau de lumières de 12 V Custom Accessories LED Innovations, multicolore, 2 x 12 po, paq. 2","Panneau de lumières de 12 V Custom Accessories LED Innovations, multicolore, 2 x 12 po, paq. 2",19.93,"19,93 $",47.99,"Était±  47,99 $prix était 47,99 $",19.93,"19,93 $",19.93,"19,93 $",true,https://www.canadiantire.ca/fr/pdp/panneau-de-lumieres-de-12-v-custom-accessories-led-innovations-multicolore-2-x-12-po-paq-2-0374581p.html,https://www.canadiantire.ca/fr/pdp/panneau-de-lumieres-de-12-v-custom-accessories-led-innovations-multicolore-2-x-12-po-paq-2-0374581p.html,https://media-www.canadiantire.ca/product/automotive/car-care-accessories/auto-accessories/0374581/led-innovations-24-2x12-panel-light-multi-colour-ca248efc-4829-441b-ba45-087673c93676-jpgrendition.jpg?im=whresize&wid=200&hei=200,https://media-www.canadiantire.ca/product/automotive/car-care-accessories/auto-accessories/0374581/led-innovations-24-2x12-panel-light-multi-colour-ca248efc-4829-441b-ba45-087673c93676-jpgrendition.jpg?im=whresize&wid=200&hei=200,,0374581,037-4581-6,Il n’en reste que 1 #037-4581-6,Liquidation◊,58.47,"19,93","47,99"
231,"Laval Vimont, QC","Garde-boues avant et arrière personnalisés Husky Liners 58136 pour camion Dodge Ram avec élargisseur d’ailes d’origine, 2019 à 2020, paquet de 4","Garde-boues avant et arrière personnalisés Husky Liners 58136 pour camion Dodge Ram avec élargisseur d’ailes d’origine, 2019 à 2020, paquet de 4",27.93,"27,93 $",119.99,"Était±  119,99 $prix était 119,99 $",27.93,"27,93 $",27.93,"27,93 $",true,https://www.canadiantire.ca/fr/pdp/garde-boues-avant-et-arriere-personnalises-husky-liners-58136-pour-camion-dodge-ram-avec-elargisseur-d-ailes-d-origine-2019-a-2020-paquet-de-4-0370764p.html,https://www.canadiantire.ca/fr/pdp/garde-boues-avant-et-arriere-personnalises-husky-liners-58136-pour-camion-dodge-ram-avec-elargisseur-d-ailes-d-origine-2019-a-2020-paquet-de-4-0370764p.html,https://media-www.canadiantire.ca/product/automotive/car-care-accessories/auto-accessories/0370764/2019-20-dodge-ram-with-oem-flares-d0b2a276-f55a-46a2-9d83-f147979c601b-jpgrendition.jpg?im=whresize&wid=200&hei=200,https://media-www.canadiantire.ca/product/automotive/car-care-accessories/auto-accessories/0370764/2019-20-dodge-ram-with-oem-flares-d0b2a276-f55a-46a2-9d83-f147979c601b-jpgrendition.jpg?im=whresize&wid=200&hei=200,,0370764,037-0764-6,Il n’en reste que 1 #037-0764-6,Liquidation◊,76.72,"27,93","119,99"
231,"Laval Vimont, QC","Adaptateur pour toits courts SportRack SR1116, noir","Adaptateur pour toits courts SportRack SR1116, noir",6.93,"6,93 $",149.99,"Était±  149,99 $prix était 149,99 $",6.93,"6,93 $",6.93,"6,93 $",true,https://www.canadiantire.ca/fr/pdp/adaptateur-pour-toits-courts-sportrack-sr1116-noir-0401091p.html,https://www.canadiantire.ca/fr/pdp/adaptateur-pour-toits-courts-sportrack-sr1116-noir-0401091p.html,https://media-www.canadiantire.ca/product/automotive/automotive-outdoor-adventure/auto-travel-storage/0401091/sportrack-short-roofline-adapter-for-roof-rack-systems-10867607-bd3f-4699-934d-1db087897c6f.png?im=whresize&wid=200&hei=200,https://media-www.canadiantire.ca/product/automotive/automotive-outdoor-adventure/auto-travel-storage/0401091/sportrack-short-roofline-adapter-for-roof-rack-systems-10867607-bd3f-4699-934d-1db087897c6f.png?im=whresize&wid=200&hei=200,,0401091,040-1091-0,Il n’en reste que 2 #040-1091-0,Liquidation◊Mieux notés,95.38,"6,93","149,99"
231,"Laval Vimont, QC",Écrous métriques à tête hexagonale classe 8 Hillman,Écrous métriques à tête hexagonale classe 8 Hillman,0.93,"0,93 $",2.09,"2,09 $Était   et+ prix était à partir de 2,09 $",0.93,"0,93 $",0.93,"0,93 $",true,https://www.canadiantire.ca/fr/pdp/ecrous-metriques-a-tete-hexagonale-classe-8-hillman-1612539p.html,https://www.canadiantire.ca/fr/pdp/ecrous-metriques-a-tete-hexagonale-classe-8-hillman-1612539p.html,https://media-www.canadiantire.ca/product/fixing/hardware/general-hardware/1612539/metric-nut-hex-m4-0-70-10-pack-880794-905d6d9c-fb81-49dd-8483-e829d2bc0aa3-jpgrendition.jpg?im=whresize&wid=200&hei=200,https://media-www.canadiantire.ca/product/fixing/hardware/general-hardware/1612539/metric-nut-hex-m4-0-70-10-pack-880794-905d6d9c-fb81-49dd-8483-e829d2bc0aa3-jpgrendition.jpg?im=whresize&wid=200&hei=200,,1612539,161-2539,Vérifiez la disponibilité#161-2539X,Liquidation◊,55.5,"0,93","2,09"
