store_id,city,name,title,price,price_raw,regular_price,regular_price_raw,liquidation_price,liquidation_price_raw,sale_price,sale_price_raw,liquidation,url,link,image,image_url,product_id,sku,sku_formatted,availability,badges,discount_percent,price_sale_clean,price_original_clean
692,"Ancienne Lorette, QC","Échelle de piscine en A en acier Bestway Flowclear avec rampe, 42 po","Échelle de piscine en A en acier Bestway Flowclear avec rampe, 42 po",5,"5,00 $",99.99,"Était±  99,99 $prix était 99,99 $",5,"5,00 $",5,"5,00 $",true,https://www.canadiantire.ca/fr/pdp/echelle-de-piscine-en-a-en-acier-bestway-flowclear-avec-rampe-42-po-0813926p.html,https://www.canadiantire.ca/fr/pdp/echelle-de-piscine-en-a-en-acier-bestway-flowclear-avec-rampe-42-po-0813926p.html,https://media-www.canadiantire.ca/product/seasonal-gardening/backyard-fun/pool-maintenance/0813926/42-pool-ladder-1e5af39a-d711-4efc-88d9-7f79508fac9d-jpgrendition.jpg?im=whresize&wid=200&hei=200,https://media-www.canadiantire.ca/product/seasonal-gardening/backyard-fun/pool-maintenance/0813926/42-pool-ladder-1e5af39a-d711-4efc-88d9-7f79508fac9d-jpgrendition.jpg?im=whresize&wid=200&hei=200,,0813926,081-3926-6,Il n’en reste que 5 #081-3926-6,Liquidation◊,95,"5,00","99,99"
692,"Ancienne Lorette, QC",Garde-manger polyvalent Canvas Wittmore,Garde-manger polyvalent Canvas Wittmore,199.93,"199,93 $",499.99,"Était±  499,99 $prix était 499,99 $",199.93,"199,93 $",199.93,"199,93 $",true,https://www.canadiantire.ca/fr/pdp/garde-manger-polyvalent-canvas-wittmore-1680200p.html,https://www.canadiantire.ca/fr/pdp/garde-manger-polyvalent-canvas-wittmore-1680200p.html,https://media-www.canadiantire.ca/product/living/home-decor/furniture/1680200/canvas-whittmore-pantry-cabinet-88855d97-fc3c-4726-984c-bc946be0a9b7-jpgrendition.jpg?im=whresize&wid=200&hei=200,https://media-www.canadiantire.ca/product/living/home-decor/furniture/1680200/canvas-whittmore-pantry-cabinet-88855d97-fc3c-4726-984c-bc946be0a9b7-jpgrendition.jpg?im=whresize&wid=200&hei=200,,1680200,168-0200-6,Il n’en reste que 2 #168-0200-6,Liquidation◊Exclusivité,60.01,"199,93","499,99"
692,"Ancienne Lorette, QC","Tasses à mesurer empilables en plastique MASTER Chef, paq. 10","Tasses à mesurer empilables en plastique MASTER Chef, paq. 10",8.93,"8,93 $",24.99,"Était±  24,99 $prix était 24,99 $",8.93,"8,93 $",8.93,"8,93 $",true,https://www.canadiantire.ca/fr/pdp/tasses-a-mesurer-empilables-en-plastique-master-chef-paq-10-1429676p.html,https://www.canadiantire.ca/fr/pdp/tasses-a-mesurer-empilables-en-plastique-master-chef-paq-10-1429676p.html,https://media-www.canadiantire.ca/product/living/kitchen/bakeware-baking-prep/1429676/master-chef-10pc-measuring-cup-set-73c761cb-c28c-42fe-a32e-f57a30c6b9a6-jpgrendition.jpg?im=whresize&wid=200&hei=200,https://media-www.canadiantire.ca/product/living/kitchen/bakeware-baking-prep/1429676/master-chef-10pc-measuring-cup-set-73c761cb-c28c-42fe-a32e-f57a30c6b9a6-jpgrendition.jpg?im=whresize&wid=200&hei=200,,1429676,142-9676-0,20 En Stock#142-9676-0,Liquidation◊Mieux notés,64.27,"8,93","24,99"
692,"Ancienne Lorette, QC","Lit de camp pliant portatif pour chiens Woods DOG-WOOD avec sac de transport, capacité de 70 lb, bleu","Lit de camp pliant portatif pour chiens Woods DOG-WOOD avec sac de transport, capacité de 70 lb, bleu",29.88,"29,88 $",79.99,"Était±  79,99 $prix était 79,99 $",29.88,"29,88 $",29.88,"29,88 $",true,https://www.canadiantire.ca/fr/pdp/lit-de-camp-pliant-portatif-pour-chiens-woods-dog-wood-avec-sac-de-transport-capacite-de-70-lb-bleu-0766424p.html,https://www.canadiantire.ca/fr/pdp/lit-de-camp-pliant-portatif-pour-chiens-woods-dog-wood-avec-sac-de-transport-capacite-de-70-lb-bleu-0766424p.html,https://media-www.canadiantire.ca/product/playing/camping/camping-accessories/0766424/woods-dogwood-quad-fold-pet-cot-fe2e4cef-58fa-4578-93b8-795fe70105e1-jpgrendition.jpg?im=whresize&wid=200&hei=200,https://media-www.canadiantire.ca/product/playing/camping/camping-accessories/0766424/woods-dogwood-quad-fold-pet-cot-fe2e4cef-58fa-4578-93b8-795fe70105e1-jpgrendition.jpg?im=whresize&wid=200&hei=200,,0766424,076-6424-6,Il n’en reste que 2 #076-6424-6,Liquidation◊Mieux notés,62.65,"29,88","79,99"
692,"Ancienne Lorette, QC","Housse de pare-brise 2-en-1 MyRide pour soleil et neige, convient à la plupart des véhicules","Housse de pare-brise 2-en-1 MyRide pour soleil et neige, convient à la plupart des véhicules",9.93,"9,93 $",32.99,"Était±  32,99 $prix était 32,99 $",9.93,"9,93 $",9.93,"9,93 $",true,https://www.canadiantire.ca/fr/pdp/housse-de-pare-brise-2-en-1-myride-pour-soleil-et-neige-convient-a-la-plupart-des-vehicules-0304491p.html,https://www.canadiantire.ca/fr/pdp/housse-de-pare-brise-2-en-1-myride-pour-soleil-et-neige-convient-a-la-plupart-des-vehicules-0304491p.html,https://media-www.canadiantire.ca/product/automotive/car-care-accessories/auto-winter-accessories/0304491/myride-sun-and-snow-windshield-cover-1d0e1f73-cc79-4090-b8a5-bdaefbe970b7-jpgrendition.jpg?im=whresize&wid=200&hei=200,https://media-www.canadiantire.ca/product/automotive/car-care-accessories/auto-winter-accessories/0304491/myride-sun-and-snow-windshield-cover-1d0e1f73-cc79-4090-b8a5-bdaefbe970b7-jpgrendition.jpg?im=whresize&wid=200&hei=200,,0304491,030-4491-4,108 En Stock#030-4491-4,Liquidation◊Articles à succès,69.9,"9,93","32,99"
692,"Ancienne Lorette, QC","Service de vaisselle en porcelaine festonnée CANVAS Odessa, blanc, paq. 12","Service de vaisselle en porcelaine festonnée CANVAS Odessa, blanc, paq. 12",39.93,"39,93 $",79.99,"Était±  79,99 $prix était 79,99 $",39.93,"39,93 $",39.93,"39,93 $",true,https://www.canadiantire.ca/fr/pdp/service-de-vaisselle-en-porcelaine-festonnee-canvas-odessa-blanc-paq-12-2421125p.html,https://www.canadiantire.ca/fr/pdp/service-de-vaisselle-en-porcelaine-festonnee-canvas-odessa-blanc-paq-12-2421125p.html,https://media-www.canadiantire.ca/product/living/kitchen/dining-and-entertaining/2421125/canvas-12-pc-scalloped-porcelain-dinnerware-set-ee9e4e35-9ab4-4375-aacf-2b058a08cc90-jpgrendition.jpg?im=whresize&wid=200&hei=200,https://media-www.canadiantire.ca/product/living/kitchen/dining-and-entertaining/2421125/canvas-12-pc-scalloped-porcelain-dinnerware-set-ee9e4e35-9ab4-4375-aacf-2b058a08cc90-jpgrendition.jpg?im=whresize&wid=200&hei=200,,2421125,242-1125-2,Il n’en reste que 1 #242-1125-2,Liquidation◊Mieux notés,50.08,"39,93","79,99"
692,"Ancienne Lorette, QC","Tasse de voyage à double paroi avec poignée Bubba Keg Classic, 20 oz, choix de couleurs","Tasse de voyage à double paroi avec poignée Bubba Keg Classic, 20 oz, choix de couleurs",9.93,"9,93 $",24.99,"24,99 $Était   et+ prix était à partir de 24,99 $",9.93,"9,93 $",9.93,"9,93 $",true,https://www.canadiantire.ca/fr/pdp/tasse-de-voyage-a-double-paroi-avec-poignee-bubba-keg-classic-20-oz-choix-de-couleurs-2425153p.html,https://www.canadiantire.ca/fr/pdp/tasse-de-voyage-a-double-paroi-avec-poignee-bubba-keg-classic-20-oz-choix-de-couleurs-2425153p.html,https://media-www.canadiantire.ca/product/living/kitchen/food-storage/2425154/bubba-20-oz-keg-mug-magenta-0effc0af-c6a5-482f-b1fb-0de772f237a0-jpgrendition.jpg?im=whresize&wid=200&hei=200,https://media-www.canadiantire.ca/product/living/kitchen/food-storage/2425154/bubba-20-oz-keg-mug-magenta-0effc0af-c6a5-482f-b1fb-0de772f237a0-jpgrendition.jpg?im=whresize&wid=200&hei=200,,2425153,242-5153,Vérifiez la disponibilité#242-5153X,Liquidation◊Mieux notés,60.26,"9,93","24,99"
692,"Ancienne Lorette, QC",Aspirateur sans fil de déchets secs/humides tout-en-un et appareil de nettoyage de planchers durs Bissell CrossWave OmniFind Pet Pro,Aspirateur sans fil de déchets secs/humides tout-en-un et appareil de nettoyage de planchers durs Bissell CrossWave OmniFind Pet Pro,179.93,"179,93 $",379.99,"Était±  379,99 $prix était 379,99 $",179.93,"179,93 $",179.93,"179,93 $",true,https://www.canadiantire.ca/fr/pdp/aspirateur-sans-fil-de-dechets-secs-humides-tout-en-un-et-appareil-de-nettoyage-de-planchers-durs-bissell-crosswave-omnifind-pet-pro-0437233p.html,https://www.canadiantire.ca/fr/pdp/aspirateur-sans-fil-de-dechets-secs-humides-tout-en-un-et-appareil-de-nettoyage-de-planchers-durs-bissell-crosswave-omnifind-pet-pro-0437233p.html,https://media-www.canadiantire.ca/product/living/cleaning/vacuums-and-floorcare/0437233/bissell-omnifind-petpro-hard-floor-wet-cleaner-a8a44b1c-d6db-472c-a2a7-50098c512b75-jpgrendition.jpg?im=whresize&wid=200&hei=200,https://media-www.canadiantire.ca/product/living/cleaning/vacuums-and-floorcare/0437233/bissell-omnifind-petpro-hard-floor-wet-cleaner-a8a44b1c-d6db-472c-a2a7-50098c512b75-jpgrendition.jpg?im=whresize&wid=200&hei=200,,0437233,043-7233-2,Il n’en reste que 2 #043-7233-2,Liquidation◊Exclusivité,52.65,"179,93","379,99"
692,"Ancienne Lorette, QC","Scie circulaire DEWALT DCS512B XTREME 12 V MAX, lithium-ion, sans fil, 5-3/8 po, outil seulement","Scie circulaire DEWALT DCS512B XTREME 12 V MAX, lithium-ion, sans fil, 5-3/8 po, outil seulement",99.88,"99,88 $",219.99,"Était±  219,99 $prix était 219,99 $",99.88,"99,88 $",99.88,"99,88 $",true,https://www.canadiantire.ca/fr/pdp/scie-circulaire-dewalt-dcs512b-xtreme-12-v-max-lithium-ion-sans-fil-5-3-8-po-outil-seulement-0548766p.html,https://www.canadiantire.ca/fr/pdp/scie-circulaire-dewalt-dcs512b-xtreme-12-v-max-lithium-ion-sans-fil-5-3-8-po-outil-seulement-0548766p.html,https://media-www.canadiantire.ca/product/fixing/tools/portable-power-tools/0548766/dewalt-12v-5-3-8-circular-saw-bt-714f5bc1-3aa5-4ff3-89d4-ce193d20ec19-jpgrendition.jpg?im=whresize&wid=200&hei=200,https://media-www.canadiantire.ca/product/fixing/tools/portable-power-tools/0548766/dewalt-12v-5-3-8-circular-saw-bt-714f5bc1-3aa5-4ff3-89d4-ce193d20ec19-jpgrendition.jpg?im=whresize&wid=200&hei=200,,0548766,054-8766-2,9 En Stock#054-8766-2,Liquidation◊,54.6,"99,88","219,99"
692,"Ancienne Lorette, QC","Sac de couchage double isotherme pour temps froid Coleman Flatlands avec sac de rangement, 10 °C","Sac de couchage double isotherme pour temps froid Coleman Flatlands avec sac de rangement, 10 °C",39.88,"39,88 $",99.99,"Était±  99,99 $prix était 99,99 $",39.88,"39,88 $",39.88,"39,88 $",true,https://www.canadiantire.ca/fr/pdp/sac-de-couchage-double-isotherme-pour-temps-froid-coleman-flatlands-avec-sac-de-rangement-10-c-0766638p.html,https://www.canadiantire.ca/fr/pdp/sac-de-couchage-double-isotherme-pour-temps-froid-coleman-flatlands-avec-sac-de-rangement-10-c-0766638p.html,https://media-www.canadiantire.ca/product/playing/camping/camping-furniture/0766638/coleman-flatlands-10c-sleeping-bag-cda9afb3-1271-4c50-9ed4-56d12c8e2b36-jpgrendition.jpg?im=whresize&wid=200&hei=200,https://media-www.canadiantire.ca/product/playing/camping/camping-furniture/0766638/coleman-flatlands-10c-sleeping-bag-cda9afb3-1271-4c50-9ed4-56d12c8e2b36-jpgrendition.jpg?im=whresize&wid=200&hei=200,,0766638,076-6638-8,23 En Stock#076-6638-8,Liquidation◊Mieux notés,60.12,"39,88","99,99"
692,"Ancienne Lorette, QC","Ampoules à DEL à intensité variable à culot E12 NOMA B10, 2700K, 350 lumens, blanc chaud, 40 W, paq. 2","Ampoules à DEL à intensité variable à culot E12 NOMA B10, 2700K, 350 lumens, blanc chaud, 40 W, paq. 2",4.88,"4,88 $",12.99,"Était±  12,99 $prix était 12,99 $",4.88,"4,88 $",4.88,"4,88 $",true,https://www.canadiantire.ca/fr/pdp/ampoules-a-del-a-intensite-variable-a-culot-e12-noma-b10-2700k-350-lumens-blanc-chaud-40-w-paq-2-0529347p.html,https://www.canadiantire.ca/fr/pdp/ampoules-a-del-a-intensite-variable-a-culot-e12-noma-b10-2700k-350-lumens-blanc-chaud-40-w-paq-2-0529347p.html,https://media-www.canadiantire.ca/product/fixing/electrical/light-bulbs/0529347/noma-2-pack-40w-e12-soft-white-led-lightbulbs-2abc2edf-7b69-449d-b49f-8024c6332e19-jpgrendition.jpg?im=whresize&wid=200&hei=200,https://media-www.canadiantire.ca/product/fixing/electrical/light-bulbs/0529347/noma-2-pack-40w-e12-soft-white-led-lightbulbs-2abc2edf-7b69-449d-b49f-8024c6332e19-jpgrendition.jpg?im=whresize&wid=200&hei=200,,0529347,052-9347-8,112 En Stock#052-9347-8,Liquidation◊Exclusivité,62.43,"4,88","12,99"
692,"Ancienne Lorette, QC",Aspirateur-robot Shark Navigator Spot Lidar,Aspirateur-robot Shark Navigator Spot Lidar,199.93,"199,93 $",399.99,"Était±  399,99 $prix était 399,99 $",199.93,"199,93 $",199.93,"199,93 $",true,https://www.canadiantire.ca/fr/pdp/aspirateur-robot-shark-navigator-spot-lidar-0439617p.html,https://www.canadiantire.ca/fr/pdp/aspirateur-robot-shark-navigator-spot-lidar-0439617p.html,https://media-www.canadiantire.ca/product/living/cleaning/vacuums-and-floorcare/0439617/shark-navigator-spot-lidar-robotic-vac-0da3fe11-906d-4be8-9ef1-35c7a6f4dccf-jpgrendition.jpg?im=whresize&wid=200&hei=200,https://media-www.canadiantire.ca/product/living/cleaning/vacuums-and-floorcare/0439617/shark-navigator-spot-lidar-robotic-vac-0da3fe11-906d-4be8-9ef1-35c7a6f4dccf-jpgrendition.jpg?im=whresize&wid=200&hei=200,,0439617,043-9617-8,Il n’en reste que 3 #043-9617-8,Liquidation◊Mieux notés,50.02,"199,93","399,99"
692,"Ancienne Lorette, QC",Huitre à enfourcher flottante gonflable pour lac,Huitre à enfourcher flottante gonflable pour lac,39.88,"39,88 $",99.99,"Était±  99,99 $prix était 99,99 $",39.88,"39,88 $",39.88,"39,88 $",true,https://www.canadiantire.ca/fr/pdp/huitre-a-enfourcher-flottante-gonflable-pour-lac-0791411p.html,https://www.canadiantire.ca/fr/pdp/huitre-a-enfourcher-flottante-gonflable-pour-lac-0791411p.html,https://media-www.canadiantire.ca/product/playing/seasonal-recreation/marine-water-fun/0791411/clamshell-lake-inflatable-84c224b6-f74f-43cb-add7-f18aa0e52402-jpgrendition.jpg?im=whresize&wid=200&hei=200,https://media-www.canadiantire.ca/product/playing/seasonal-recreation/marine-water-fun/0791411/clamshell-lake-inflatable-84c224b6-f74f-43cb-add7-f18aa0e52402-jpgrendition.jpg?im=whresize&wid=200&hei=200,,0791411,079-1411-0,Il n’en reste que 4 #079-1411-0,Liquidation◊,60.12,"39,88","99,99"
692,"Ancienne Lorette, QC","Bibliothèque étroite à cadre en métal à 4 niveaux avec porte de rangement CANVAS Robson, fini chêne","Bibliothèque étroite à cadre en métal à 4 niveaux avec porte de rangement CANVAS Robson, fini chêne",119.93,"119,93 $",299.99,"Était±  299,99 $prix était 299,99 $",119.93,"119,93 $",119.93,"119,93 $",true,https://www.canadiantire.ca/fr/pdp/bibliotheque-etroite-a-cadre-en-metal-a-4-niveaux-avec-porte-de-rangement-canvas-robson-fini-chene-1680046p.html,https://www.canadiantire.ca/fr/pdp/bibliotheque-etroite-a-cadre-en-metal-a-4-niveaux-avec-porte-de-rangement-canvas-robson-fini-chene-1680046p.html,https://media-www.canadiantire.ca/product/living/home-decor/furniture/1680046/canvas-robson-narrow-bookcase-e1615183-0b8a-49f9-8dc3-0a09bf7290ad-jpgrendition.jpg?im=whresize&wid=200&hei=200,https://media-www.canadiantire.ca/product/living/home-decor/furniture/1680046/canvas-robson-narrow-bookcase-e1615183-0b8a-49f9-8dc3-0a09bf7290ad-jpgrendition.jpg?im=whresize&wid=200&hei=200,,1680046,168-0046-4,Il n’en reste que 4 #168-0046-4,Liquidation◊Articles à succès,60.02,"119,93","299,99"
692,"Ancienne Lorette, QC",Housse de barbecue à granules Vermont Castings à isolation thermique,Housse de barbecue à granules Vermont Castings à isolation thermique,49.88,"49,88 $",199.99,"Était±  199,99 $prix était 199,99 $",49.88,"49,88 $",49.88,"49,88 $",true,https://www.canadiantire.ca/fr/pdp/housse-de-barbecue-a-granules-vermont-castings-a-isolation-thermique-0852382p.html,https://www.canadiantire.ca/fr/pdp/housse-de-barbecue-a-granules-vermont-castings-a-isolation-thermique-0852382p.html,https://media-www.canadiantire.ca/product/seasonal-gardening/backyard-living/outdoor-cooking-accessories/0852382/vermont-castings-isolated-pellet-grill-blanket-028daf29-fd50-4ae7-a2cb-31cf2630d8a0-jpgrendition.jpg?im=whresize&wid=200&hei=200,https://media-www.canadiantire.ca/product/seasonal-gardening/backyard-living/outdoor-cooking-accessories/0852382/vermont-castings-isolated-pellet-grill-blanket-028daf29-fd50-4ae7-a2cb-31cf2630d8a0-jpgrendition.jpg?im=whresize&wid=200&hei=200,,0852382,085-2382-6,Il n’en reste que 5 #085-2382-6,Liquidation◊Mieux notés,75.06,"49,88","199,99"
692,"Ancienne Lorette, QC","Bibliothèque For Living, 5 tablettes, style Dakota, chêne","Bibliothèque For Living, 5 tablettes, style Dakota, chêne",99.93,"99,93 $",199.99,"Était±  199,99 $prix était 199,99 $",99.93,"99,93 $",99.93,"99,93 $",true,https://www.canadiantire.ca/fr/pdp/bibliotheque-for-living-5-tablettes-style-dakota-chene-1680199p.html,https://www.canadiantire.ca/fr/pdp/bibliotheque-for-living-5-tablettes-style-dakota-chene-1680199p.html,https://media-www.canadiantire.ca/product/living/home-decor/furniture/1680199/for-living-5-shelf-bookcase-dakota-oak-92e182af-be3c-47c4-927c-5831ce70de5d-jpgrendition.jpg?im=whresize&wid=200&hei=200,https://media-www.canadiantire.ca/product/living/home-decor/furniture/1680199/for-living-5-shelf-bookcase-dakota-oak-92e182af-be3c-47c4-927c-5831ce70de5d-jpgrendition.jpg?im=whresize&wid=200&hei=200,,1680199,168-0199-0,Il n’en reste que 3 #168-0199-0,Liquidation◊Mieux notés,50.03,"99,93","199,99"
692,"Ancienne Lorette, QC","Ventilateur de plafond d’extérieur réversible à DEL 3 pales 6 vitesses NOMA Cassian, 52 po, avec télécommande, nickel brossé","Ventilateur de plafond d’extérieur réversible à DEL 3 pales 6 vitesses NOMA Cassian, 52 po, avec télécommande, nickel brossé",149.93,"149,93 $",309.99,"Était±  309,99 $prix était 309,99 $",149.93,"149,93 $",149.93,"149,93 $",true,https://www.canadiantire.ca/fr/pdp/ventilateur-de-plafond-d-exterieur-reversible-a-del-3-pales-6-vitesses-noma-cassian-52-po-avec-telecommande-nickel-brosse-0529722p.html,https://www.canadiantire.ca/fr/pdp/ventilateur-de-plafond-d-exterieur-reversible-a-del-3-pales-6-vitesses-noma-cassian-52-po-avec-telecommande-nickel-brosse-0529722p.html,https://media-www.canadiantire.ca/product/fixing/electrical/ceiling-fans/0529722/noma-cassian-52-ceiling-fan-98b0adc3-6678-4ecc-ab68-7d7dfd1d130a-jpgrendition.jpg?im=whresize&wid=200&hei=200,https://media-www.canadiantire.ca/product/fixing/electrical/ceiling-fans/0529722/noma-cassian-52-ceiling-fan-98b0adc3-6678-4ecc-ab68-7d7dfd1d130a-jpgrendition.jpg?im=whresize&wid=200&hei=200,,0529722,052-9722-4,Il n’en reste que 1 #052-9722-4,Liquidation◊Exclusivité,51.63,"149,93","309,99"
692,"Ancienne Lorette, QC","Abri de jardin extérieur à toit rigide CANVAS Plateau, 10 pi x 12 pi","Abri de jardin extérieur à toit rigide CANVAS Plateau, 10 pi x 12 pi",1249.99,"1 249,99 $",2499.99,"Était±  2 499,99 $prix était 2 499,99 $",1249.99,"1 249,99 $",1249.99,"1 249,99 $",true,https://www.canadiantire.ca/fr/pdp/abri-de-jardin-exterieur-a-toit-rigide-canvas-plateau-10-pi-x-12-pi-1880293p.html,https://www.canadiantire.ca/fr/pdp/abri-de-jardin-exterieur-a-toit-rigide-canvas-plateau-10-pi-x-12-pi-1880293p.html,https://media-www.canadiantire.ca/product/seasonal-gardening/backyard-living/outdoor-furniture/1880293/canvas-plateau-gazebo-10x12-57072388-3092-4b71-971a-dd3ad95ed472-jpgrendition.jpg?im=whresize&wid=200&hei=200,https://media-www.canadiantire.ca/product/seasonal-gardening/backyard-living/outdoor-furniture/1880293/canvas-plateau-gazebo-10x12-57072388-3092-4b71-971a-dd3ad95ed472-jpgrendition.jpg?im=whresize&wid=200&hei=200,,1880293,188-0293-6,Il n’en reste que 1 #188-0293-6,Liquidation◊Exclusivité,50,"1249,99","2499,99"
692,"Ancienne Lorette, QC","Chaise longue flottante gonflable en toile pour piscine Stella and Finn, 60 x 29 po, couleurs assorties","Chaise longue flottante gonflable en toile pour piscine Stella and Finn, 60 x 29 po, couleurs assorties",24.93,"24,93 $",49.99,"Était±  49,99 $prix était 49,99 $",24.93,"24,93 $",24.93,"24,93 $",true,https://www.canadiantire.ca/fr/pdp/chaise-longue-flottante-gonflable-en-toile-pour-piscine-stella-and-finn-60-x-29-po-couleurs-assorties-0810200p.html,https://www.canadiantire.ca/fr/pdp/chaise-longue-flottante-gonflable-en-toile-pour-piscine-stella-and-finn-60-x-29-po-couleurs-assorties-0810200p.html,https://media-www.canadiantire.ca/product/seasonal-gardening/backyard-fun/pool-fun/0810200/stella-finn-canvas-float-60x29-ee962c5a-577e-49a1-8b14-8fabb07ea846-jpgrendition.jpg?im=whresize&wid=200&hei=200,https://media-www.canadiantire.ca/product/seasonal-gardening/backyard-fun/pool-fun/0810200/stella-finn-canvas-float-60x29-ee962c5a-577e-49a1-8b14-8fabb07ea846-jpgrendition.jpg?im=whresize&wid=200&hei=200,,0810200,081-0200-0,Il n’en reste que 5 #081-0200-0,Liquidation◊Mieux notés,50.13,"24,93","49,99"
692,"Ancienne Lorette, QC","Coussin de siège profond hydrofuge résistant aux taches CANVAS, bleu","Coussin de siège profond hydrofuge résistant aux taches CANVAS, bleu",69.93,"69,93 $",139.99,"Était±  139,99 $prix était 139,99 $",69.93,"69,93 $",69.93,"69,93 $",true,https://www.canadiantire.ca/fr/pdp/coussin-de-siege-profond-hydrofuge-resistant-aux-taches-canvas-bleu-0882125p.html,https://www.canadiantire.ca/fr/pdp/coussin-de-siege-profond-hydrofuge-resistant-aux-taches-canvas-bleu-0882125p.html,https://media-www.canadiantire.ca/product/seasonal-gardening/backyard-living/outdoor-living-accessories/0882125/canvas-deep-seat-chair-cushion-blue-27c8ec33-9c35-4fa3-b07d-4c393699e04a-jpgrendition.jpg?im=whresize&wid=200&hei=200,https://media-www.canadiantire.ca/product/seasonal-gardening/backyard-living/outdoor-living-accessories/0882125/canvas-deep-seat-chair-cushion-blue-27c8ec33-9c35-4fa3-b07d-4c393699e04a-jpgrendition.jpg?im=whresize&wid=200&hei=200,,0882125,088-2125-4,Il n’en reste que 1 #088-2125-4,Liquidation◊Exclusivité,50.05,"69,93","139,99"
692,"Ancienne Lorette, QC","CANVAS Minden - Fauteuil Adirondack empilable rembourré, gris","CANVAS Minden - Fauteuil Adirondack empilable rembourré, gris",59.93,"59,93 $",129.99,"Était±  129,99 $prix était 129,99 $",59.93,"59,93 $",59.93,"59,93 $",true,https://www.canadiantire.ca/fr/pdp/canvas-minden-fauteuil-adirondack-empilable-rembourre-gris-0882190p.html,https://www.canadiantire.ca/fr/pdp/canvas-minden-fauteuil-adirondack-empilable-rembourre-gris-0882190p.html,https://media-www.canadiantire.ca/product/seasonal-gardening/backyard-living/outdoor-furniture/0882190/canvas-minden-padded-sling-adirondack-chair-22bfb86d-0e5b-4775-9dbb-b82e723cafcd-jpgrendition.jpg?im=whresize&wid=200&hei=200,https://media-www.canadiantire.ca/product/seasonal-gardening/backyard-living/outdoor-furniture/0882190/canvas-minden-padded-sling-adirondack-chair-22bfb86d-0e5b-4775-9dbb-b82e723cafcd-jpgrendition.jpg?im=whresize&wid=200&hei=200,,0882190,088-2190-6,,Liquidation◊Mieux notés,53.9,"59,93","129,99"
692,"Ancienne Lorette, QC","Lanterne CANVAS Lumière, bougie à DEL sans flamme avec minuterie, jaune, 12,6 po","Lanterne CANVAS Lumière, bougie à DEL sans flamme avec minuterie, jaune, 12,6 po",9.93,"9,93 $",19.99,"Était±  19,99 $prix était 19,99 $",9.93,"9,93 $",9.93,"9,93 $",true,https://www.canadiantire.ca/fr/pdp/lanterne-canvas-lumiere-bougie-a-del-sans-flamme-avec-minuterie-jaune-12-6-po-1592485p.html,https://www.canadiantire.ca/fr/pdp/lanterne-canvas-lumiere-bougie-a-del-sans-flamme-avec-minuterie-jaune-12-6-po-1592485p.html,https://media-www.canadiantire.ca/product/seasonal-gardening/backyard-living/outdoor-living-accessories/1592485/canvas-lumiere-lantern-a9115e80-e651-42c5-b379-a7e2f9440579-jpgrendition.jpg?im=whresize&wid=200&hei=200,https://media-www.canadiantire.ca/product/seasonal-gardening/backyard-living/outdoor-living-accessories/1592485/canvas-lumiere-lantern-a9115e80-e651-42c5-b379-a7e2f9440579-jpgrendition.jpg?im=whresize&wid=200&hei=200,,1592485,159-2485-8,Il n’en reste que 4 #159-2485-8,Liquidation◊Mieux notés,50.33,"9,93","19,99"
692,"Ancienne Lorette, QC","Range-tout profond The Home Edit par iDesign, grand","Range-tout profond The Home Edit par iDesign, grand",9.93,"9,93 $",19.99,"Était±  19,99 $prix était 19,99 $",9.93,"9,93 $",9.93,"9,93 $",true,https://www.canadiantire.ca/fr/pdp/range-tout-profond-the-home-edit-par-idesign-grand-0636317p.html,https://www.canadiantire.ca/fr/pdp/range-tout-profond-the-home-edit-par-idesign-grand-0636317p.html,https://media-www.canadiantire.ca/product/living/home-decor/bed-bath-decor/0636334/the-home-edit-tall-bin-divider-3aa2b3a8-6073-4152-829e-b0ed3b456fee-jpgrendition.jpg?im=whresize&wid=200&hei=200,https://media-www.canadiantire.ca/product/living/home-decor/bed-bath-decor/0636334/the-home-edit-tall-bin-divider-3aa2b3a8-6073-4152-829e-b0ed3b456fee-jpgrendition.jpg?im=whresize&wid=200&hei=200,,0636317,063-6317-2,Il n’en reste que 5 #063-6317-2,Liquidation◊Articles à succès,50.33,"9,93","19,99"
692,"Ancienne Lorette, QC","Tasse en grès empilable CANVAS, pois, 16 oz","Tasse en grès empilable CANVAS, pois, 16 oz",1,"1,00 $",5.49,"Était±  5,49 $prix était 5,49 $",1,"1,00 $",1,"1,00 $",true,https://www.canadiantire.ca/fr/pdp/tasse-en-gres-empilable-canvas-pois-16-oz-1427924p.html,https://www.canadiantire.ca/fr/pdp/tasse-en-gres-empilable-canvas-pois-16-oz-1427924p.html,https://media-www.canadiantire.ca/product/living/kitchen/kitchen-appliances/1427924/canvas-stackable-dot-mug-15c20672-2627-4064-80d2-8430fe95cfc2-jpgrendition.jpg?im=whresize&wid=200&hei=200,https://media-www.canadiantire.ca/product/living/kitchen/kitchen-appliances/1427924/canvas-stackable-dot-mug-15c20672-2627-4064-80d2-8430fe95cfc2-jpgrendition.jpg?im=whresize&wid=200&hei=200,,1427924,142-7924-2,78 En Stock#142-7924-2,Liquidation◊Mieux notés,81.79,"1,00","5,49"
692,"Ancienne Lorette, QC","Surligneurs BIC Intensity à pointe biseautée, pastel, paq. 6","Surligneurs BIC Intensity à pointe biseautée, pastel, paq. 6",3.43,"3,43 $",6.99,"Était±  6,99 $prix était 6,99 $",3.43,"3,43 $",3.43,"3,43 $",true,https://www.canadiantire.ca/fr/pdp/surligneurs-bic-intensity-a-pointe-biseautee-pastel-paq-6-2420342p.html,https://www.canadiantire.ca/fr/pdp/surligneurs-bic-intensity-a-pointe-biseautee-pastel-paq-6-2420342p.html,https://media-www.canadiantire.ca/product/seasonal-gardening/toys/home-office-supplies/2420342/bic-intensity-highlighter-pastel-6pk-92a94091-d9ce-46d8-ad02-49d33c9dfd66-jpgrendition.jpg?im=whresize&wid=200&hei=200,https://media-www.canadiantire.ca/product/seasonal-gardening/toys/home-office-supplies/2420342/bic-intensity-highlighter-pastel-6pk-92a94091-d9ce-46d8-ad02-49d33c9dfd66-jpgrendition.jpg?im=whresize&wid=200&hei=200,,2420342,242-0342-0,Il n’en reste que 1 #242-0342-0,Liquidation◊Mieux notés,50.93,"3,43","6,99"
692,"Ancienne Lorette, QC","Distributeur d'eau chaude de MASTER Chef avec poignée, noir, 3,5 L","Distributeur d'eau chaude de MASTER Chef avec poignée, noir, 3,5 L",49.93,"49,93 $",99.99,"Était±  99,99 $prix était 99,99 $",49.93,"49,93 $",49.93,"49,93 $",true,https://www.canadiantire.ca/fr/pdp/distributeur-d-eau-chaude-de-master-chef-avec-poignee-noir-3-5-l-0430196p.html,https://www.canadiantire.ca/fr/pdp/distributeur-d-eau-chaude-de-master-chef-avec-poignee-noir-3-5-l-0430196p.html,https://media-www.canadiantire.ca/product/living/kitchen/kitchen-appliances/0430196/master-chef-hot-water-dispenser-9e2e8ff7-2445-4f25-9bde-ac042fe07b54-jpgrendition.jpg?im=whresize&wid=200&hei=200,https://media-www.canadiantire.ca/product/living/kitchen/kitchen-appliances/0430196/master-chef-hot-water-dispenser-9e2e8ff7-2445-4f25-9bde-ac042fe07b54-jpgrendition.jpg?im=whresize&wid=200&hei=200,,0430196,043-0196-2,Il n’en reste que 2 #043-0196-2,Liquidation◊Mieux notés,50.07,"49,93","99,99"
692,"Ancienne Lorette, QC","Lampe de travail et haut-parleur 4-en-1 MotoMaster, 1000 lumens","Lampe de travail et haut-parleur 4-en-1 MotoMaster, 1000 lumens",41.93,"41,93 $",99.99,"Était±  99,99 $prix était 99,99 $",41.93,"41,93 $",41.93,"41,93 $",true,https://www.canadiantire.ca/fr/pdp/lampe-de-travail-et-haut-parleur-4-en-1-motomaster-1000-lumens-0379893p.html,https://www.canadiantire.ca/fr/pdp/lampe-de-travail-et-haut-parleur-4-en-1-motomaster-1000-lumens-0379893p.html,https://media-www.canadiantire.ca/product/automotive/car-care-accessories/auto-accessories/0379893/4-in-1-worklight-and-speaker-3befce74-4dcc-4ce2-b1f7-96297e54aa10-jpgrendition.jpg?im=whresize&wid=200&hei=200,https://media-www.canadiantire.ca/product/automotive/car-care-accessories/auto-accessories/0379893/4-in-1-worklight-and-speaker-3befce74-4dcc-4ce2-b1f7-96297e54aa10-jpgrendition.jpg?im=whresize&wid=200&hei=200,,0379893,037-9893-4,8 En Stock#037-9893-4,Liquidation◊Mieux notés,58.07,"41,93","99,99"
692,"Ancienne Lorette, QC","Shampoing sec à vaporiser pour chats Burt's Bees, 10 oz","Shampoing sec à vaporiser pour chats Burt's Bees, 10 oz",4.92,"4,92 $",9.99,"Était±  9,99 $prix était 9,99 $",4.92,"4,92 $",4.92,"4,92 $",true,https://www.canadiantire.ca/fr/pdp/shampoing-sec-a-vaporiser-pour-chats-burt-s-bees-10-oz-1429451p.html,https://www.canadiantire.ca/fr/pdp/shampoing-sec-a-vaporiser-pour-chats-burt-s-bees-10-oz-1429451p.html,https://media-www.canadiantire.ca/product/living/pet-care/pet-accessories/1429451/burt-s-bees-waterless-cat-shampoo-spray-10oz-b6551fd6-c71d-416a-8104-477489b33d79-jpgrendition.jpg?im=whresize&wid=200&hei=200,https://media-www.canadiantire.ca/product/living/pet-care/pet-accessories/1429451/burt-s-bees-waterless-cat-shampoo-spray-10oz-b6551fd6-c71d-416a-8104-477489b33d79-jpgrendition.jpg?im=whresize&wid=200&hei=200,,1429451,142-9451-4,Il n’en reste que 4 #142-9451-4,Liquidation◊,50.75,"4,92","9,99"
692,"Ancienne Lorette, QC","Fauteuil à personnages pour tout-petits, 2 ans et plus, choix de modèles","Fauteuil à personnages pour tout-petits, 2 ans et plus, choix de modèles",19.93,"19,93 $",49.99,"Était±  49,99 $prix était 49,99 $",19.93,"19,93 $",19.93,"19,93 $",true,https://www.canadiantire.ca/fr/pdp/fauteuil-a-personnages-pour-tout-petits-2-ans-et-plus-choix-de-modeles-1501510p.html,https://www.canadiantire.ca/fr/pdp/fauteuil-a-personnages-pour-tout-petits-2-ans-et-plus-choix-de-modeles-1501510p.html,https://media-www.canadiantire.ca/product/seasonal-gardening/toys/preschool-toys-activities/1501510/toddler-assorted-character-chairs-abb152c3-6ee4-4a7f-bdcf-ec4e5dda1671-jpgrendition.jpg?im=whresize&wid=200&hei=200,https://media-www.canadiantire.ca/product/seasonal-gardening/toys/preschool-toys-activities/1501510/toddler-assorted-character-chairs-abb152c3-6ee4-4a7f-bdcf-ec4e5dda1671-jpgrendition.jpg?im=whresize&wid=200&hei=200,,1501510,150-1510-2,Il n’en reste que 2 #150-1510-2,Liquidation◊Mieux notés,60.13,"19,93","49,99"
692,"Ancienne Lorette, QC",Récepteur multimédia numérique à double DIN JVC KW-X850BTS avec Bluetooth et Alexa intégrés,Récepteur multimédia numérique à double DIN JVC KW-X850BTS avec Bluetooth et Alexa intégrés,80.68,"80,68 $",179.99,"Était±  179,99 $prix était 179,99 $",80.68,"80,68 $",80.68,"80,68 $",true,https://www.canadiantire.ca/fr/pdp/recepteur-multimedia-numerique-a-double-din-jvc-kw-x850bts-avec-bluetooth-et-alexa-integres-0355527p.html,https://www.canadiantire.ca/fr/pdp/recepteur-multimedia-numerique-a-double-din-jvc-kw-x850bts-avec-bluetooth-et-alexa-integres-0355527p.html,https://media-www.canadiantire.ca/product/automotive/car-care-accessories/auto-electronics/0355527/jvc-kw-x850bts-double-din-digital-media-receiver-5063d263-1526-4315-abff-25798f0231ee-jpgrendition.jpg?im=whresize&wid=200&hei=200,https://media-www.canadiantire.ca/product/automotive/car-care-accessories/auto-electronics/0355527/jvc-kw-x850bts-double-din-digital-media-receiver-5063d263-1526-4315-abff-25798f0231ee-jpgrendition.jpg?im=whresize&wid=200&hei=200,,0355527,035-5527-6,Il n’en reste que 1 #035-5527-6,Liquidation◊,55.18,"80,68","179,99"
692,"Ancienne Lorette, QC","Haut dermoprotecteur à FPS à manches longues Outbound, enfants, bleu","Haut dermoprotecteur à FPS à manches longues Outbound, enfants, bleu",11.49,"11,49 $",22.99,"22,99 $Était   et+ prix était à partir de 22,99 $",11.49,"11,49 $",11.49,"11,49 $",true,https://www.canadiantire.ca/fr/pdp/haut-dermoprotecteur-a-fps-a-manches-longues-outbound-enfants-bleu-1874000p.html,https://www.canadiantire.ca/fr/pdp/haut-dermoprotecteur-a-fps-a-manches-longues-outbound-enfants-bleu-1874000p.html,https://media-www.canadiantire.ca/product/playing/footwear-apparel/summer-footwear-apparel/1874005/outbound-upf-kids-rashguard-top-youth-size-7-6ba3efa6-c643-4ee7-92c8-04cd54d3dade-jpgrendition.jpg?im=whresize&wid=200&hei=200,https://media-www.canadiantire.ca/product/playing/footwear-apparel/summer-footwear-apparel/1874005/outbound-upf-kids-rashguard-top-youth-size-7-6ba3efa6-c643-4ee7-92c8-04cd54d3dade-jpgrendition.jpg?im=whresize&wid=200&hei=200,,1874000,187-4000,Vérifiez la disponibilité#187-4000X,Liquidation◊Mieux notés,50.02,"11,49","22,99"
692,"Ancienne Lorette, QC","Prise de courant rétractable d'intérieur Thomas & Betts 37214-720 avec collier de verrouillage, noir, 6 pi","Prise de courant rétractable d'intérieur Thomas & Betts 37214-720 avec collier de verrouillage, noir, 6 pi",19.93,"19,93 $",44.99,"Était±  44,99 $prix était 44,99 $",19.93,"19,93 $",19.93,"19,93 $",true,https://www.canadiantire.ca/fr/pdp/prise-de-courant-retractable-d-interieur-thomas-betts-37214-720-avec-collier-de-verrouillage-noir-6-pi-0521598p.html,https://www.canadiantire.ca/fr/pdp/prise-de-courant-retractable-d-interieur-thomas-betts-37214-720-avec-collier-de-verrouillage-noir-6-pi-0521598p.html,https://media-www.canadiantire.ca/product/fixing/electrical/rough-electrical/0521598/retractable-receptacle-58854868-66f4-4ab4-8fc9-cc369285d148-jpgrendition.jpg?im=whresize&wid=200&hei=200,https://media-www.canadiantire.ca/product/fixing/electrical/rough-electrical/0521598/retractable-receptacle-58854868-66f4-4ab4-8fc9-cc369285d148-jpgrendition.jpg?im=whresize&wid=200&hei=200,,0521598,052-1598-8,Il n’en reste que 1 #052-1598-8,Liquidation◊Mieux notés,55.7,"19,93","44,99"
692,"Ancienne Lorette, QC","Nappe de fête d'anniversaire en plastique ballons, paq. 3","Nappe de fête d'anniversaire en plastique ballons, paq. 3",2.93,"2,93 $",7.99,"Était±  7,99 $prix était 7,99 $",2.93,"2,93 $",2.93,"2,93 $",true,https://www.canadiantire.ca/fr/pdp/nappe-de-fete-d-anniversaire-en-plastique-ballons-paq-3-8420514p.html,https://www.canadiantire.ca/fr/pdp/nappe-de-fete-d-anniversaire-en-plastique-ballons-paq-3-8420514p.html,https://media-www.partycity.ca/product/seasonal-gardening/party-city-everyday/party-city-party-supplies-decor/8420514/tc-bpp-bday-clbrtn-10904216-901d-4251-b4c6-ba25c51ddd15-jpgrendition.jpg?im=whresize&wid=200&hei=200,https://media-www.partycity.ca/product/seasonal-gardening/party-city-everyday/party-city-party-supplies-decor/8420514/tc-bpp-bday-clbrtn-10904216-901d-4251-b4c6-ba25c51ddd15-jpgrendition.jpg?im=whresize&wid=200&hei=200,,8420514,842-0514-4,Il n’en reste que 1 #842-0514-4,Liquidation◊Mieux notés,63.33,"2,93","7,99"
692,"Ancienne Lorette, QC","Sachets nettoyants pour tapis Hoover, nett.prof/animaux, paq. 14","Sachets nettoyants pour tapis Hoover, nett.prof/animaux, paq. 14",9.93,"9,93 $",19.99,"Était±  19,99 $prix était 19,99 $",9.93,"9,93 $",9.93,"9,93 $",true,https://www.canadiantire.ca/fr/pdp/sachets-nettoyants-pour-tapis-hoover-nett-prof-animaux-paq-14-1531872p.html,https://www.canadiantire.ca/fr/pdp/sachets-nettoyants-pour-tapis-hoover-nett-prof-animaux-paq-14-1531872p.html,https://media-www.canadiantire.ca/product/living/cleaning/household-cleaning-solutions/1531872/hoover-oxy-permanent-stain-removal-clean-pack-14-count-6483f862-06c3-4f95-8f7e-80ecf7f85294-jpgrendition.jpg?im=whresize&wid=200&hei=200,https://media-www.canadiantire.ca/product/living/cleaning/household-cleaning-solutions/1531872/hoover-oxy-permanent-stain-removal-clean-pack-14-count-6483f862-06c3-4f95-8f7e-80ecf7f85294-jpgrendition.jpg?im=whresize&wid=200&hei=200,,1531872,153-1872-4,Il n’en reste que 6 #153-1872-4,Liquidation◊Mieux notés,50.33,"9,93","19,99"
692,"Ancienne Lorette, QC","Leurre Berkley Powerbait Hollow Belly, 4 po","Leurre Berkley Powerbait Hollow Belly, 4 po",5.93,"5,93 $",13.99,"13,99 $Était   et+ prix était à partir de 13,99 $",5.93,"5,93 $",5.93,"5,93 $",true,https://www.canadiantire.ca/fr/pdp/leurre-berkley-powerbait-hollow-belly-4-po-1784002p.html,https://www.canadiantire.ca/fr/pdp/leurre-berkley-powerbait-hollow-belly-4-po-1784002p.html,https://media-www.canadiantire.ca/product/playing/fishing/fishing-lures/1784003/powerbait-hollow-belly-4-sexy-shad-ca9c9119-fc1d-4326-afb7-a38cc5a8487a-jpgrendition.jpg?im=whresize&wid=200&hei=200,https://media-www.canadiantire.ca/product/playing/fishing/fishing-lures/1784003/powerbait-hollow-belly-4-sexy-shad-ca9c9119-fc1d-4326-afb7-a38cc5a8487a-jpgrendition.jpg?im=whresize&wid=200&hei=200,,1784002,178-4002,Vérifiez la disponibilité#178-4002X,Liquidation◊,57.61,"5,93","13,99"
692,"Ancienne Lorette, QC",Tente de camping étanche pour 6 personnes Woods Lookout avec toile de sol et fourre-tout,Tente de camping étanche pour 6 personnes Woods Lookout avec toile de sol et fourre-tout,19.93,"19,93 $",46.99,"Était±  46,99 $prix était 46,99 $",19.93,"19,93 $",19.93,"19,93 $",true,https://www.canadiantire.ca/fr/pdp/tente-de-camping-etanche-pour-6-personnes-woods-lookout-avec-toile-de-sol-et-fourre-tout-0766167p.html,https://www.canadiantire.ca/fr/pdp/tente-de-camping-etanche-pour-6-personnes-woods-lookout-avec-toile-de-sol-et-fourre-tout-0766167p.html,https://media-www.canadiantire.ca/product/playing/camping/tents-shelters/0766167/woods-lookout-6p-tent-footprint-86e1ff98-fbb8-4f40-a269-cce27579e3a0-jpgrendition.jpg?im=whresize&wid=200&hei=200,https://media-www.canadiantire.ca/product/playing/camping/tents-shelters/0766167/woods-lookout-6p-tent-footprint-86e1ff98-fbb8-4f40-a269-cce27579e3a0-jpgrendition.jpg?im=whresize&wid=200&hei=200,,0766167,076-6167-8,,Liquidation◊Exclusivité,57.59,"19,93","46,99"
692,"Ancienne Lorette, QC","Tampons de rechange pour vadrouille à vapeur Hoover TwinTank, paq. 2","Tampons de rechange pour vadrouille à vapeur Hoover TwinTank, paq. 2",17.93,"17,93 $",36.99,"Était±  36,99 $prix était 36,99 $",17.93,"17,93 $",17.93,"17,93 $",true,https://www.canadiantire.ca/fr/pdp/tampons-de-rechange-pour-vadrouille-a-vapeur-hoover-twintank-paq-2-0437804p.html,https://www.canadiantire.ca/fr/pdp/tampons-de-rechange-pour-vadrouille-a-vapeur-hoover-twintank-paq-2-0437804p.html,https://media-www.canadiantire.ca/product/living/cleaning/vacuums-and-floorcare/0437804/hoover-twin-tank-steam-mop-pads-14469a65-baaa-4983-bcdc-a306bfde2dbb-jpgrendition.jpg?im=whresize&wid=200&hei=200,https://media-www.canadiantire.ca/product/living/cleaning/vacuums-and-floorcare/0437804/hoover-twin-tank-steam-mop-pads-14469a65-baaa-4983-bcdc-a306bfde2dbb-jpgrendition.jpg?im=whresize&wid=200&hei=200,,0437804,043-7804-4,Il n’en reste que 1 #043-7804-4,Liquidation◊Mieux notés,51.53,"17,93","36,99"
692,"Ancienne Lorette, QC","Ampoules à DEL intelligentes Wi-Fi NOMA iQ, pour lustre, blanc réglable, paq. 2","Ampoules à DEL intelligentes Wi-Fi NOMA iQ, pour lustre, blanc réglable, paq. 2",9.88,"9,88 $",37.99,"Était±  37,99 $prix était 37,99 $",9.88,"9,88 $",9.88,"9,88 $",true,https://www.canadiantire.ca/fr/pdp/ampoules-a-del-intelligentes-wi-fi-noma-iq-pour-lustre-blanc-reglable-paq-2-1522594p.html,https://www.canadiantire.ca/fr/pdp/ampoules-a-del-intelligentes-wi-fi-noma-iq-pour-lustre-blanc-reglable-paq-2-1522594p.html,https://media-www.canadiantire.ca/product/fixing/electrical/light-bulbs/1522594/noma-iq-chandelier-2-pack-44b9f7e2-ad23-4366-8285-c1923b958148-jpgrendition.jpg?im=whresize&wid=200&hei=200,https://media-www.canadiantire.ca/product/fixing/electrical/light-bulbs/1522594/noma-iq-chandelier-2-pack-44b9f7e2-ad23-4366-8285-c1923b958148-jpgrendition.jpg?im=whresize&wid=200&hei=200,,1522594,152-2594-2,47 En Stock#152-2594-2,Liquidation◊Mieux notés,73.99,"9,88","37,99"
692,"Ancienne Lorette, QC",Range-accessoires de bain en aluminium Type A,Range-accessoires de bain en aluminium Type A,24.93,"24,93 $",49.99,"Était±  49,99 $prix était 49,99 $",24.93,"24,93 $",24.93,"24,93 $",true,https://www.canadiantire.ca/fr/pdp/range-accessoires-de-bain-en-aluminium-type-a-0634801p.html,https://www.canadiantire.ca/fr/pdp/range-accessoires-de-bain-en-aluminium-type-a-0634801p.html,https://media-www.canadiantire.ca/product/living/home-decor/bed-bath-decor/0634801/type-a-forte-shower-caddy-aluminum-f834416a-5d9b-4f62-a7fd-eefe8ea9f93d-jpgrendition.jpg?im=whresize&wid=200&hei=200,https://media-www.canadiantire.ca/product/living/home-decor/bed-bath-decor/0634801/type-a-forte-shower-caddy-aluminum-f834416a-5d9b-4f62-a7fd-eefe8ea9f93d-jpgrendition.jpg?im=whresize&wid=200&hei=200,,0634801,063-4801-0,Il n’en reste que 1 #063-4801-0,Liquidation◊Exclusivité,50.13,"24,93","49,99"
692,"Ancienne Lorette, QC",Chargeur mural Scosche Powervolt PD20,Chargeur mural Scosche Powervolt PD20,7.93,"7,93 $",25.99,"Était±  25,99 $prix était 25,99 $",7.93,"7,93 $",7.93,"7,93 $",true,https://www.canadiantire.ca/fr/pdp/chargeur-mural-scosche-powervolt-pd20-0357421p.html,https://www.canadiantire.ca/fr/pdp/chargeur-mural-scosche-powervolt-pd20-0357421p.html,https://media-www.canadiantire.ca/product/automotive/electronics/mobile-electronics/0357421/scosche-powervolta-pd20-wall-charger-acddfebf-fc38-4fb1-a52d-36d7305107d0-jpgrendition.jpg?im=whresize&wid=200&hei=200,https://media-www.canadiantire.ca/product/automotive/electronics/mobile-electronics/0357421/scosche-powervolta-pd20-wall-charger-acddfebf-fc38-4fb1-a52d-36d7305107d0-jpgrendition.jpg?im=whresize&wid=200&hei=200,,0357421,035-7421-4,,Liquidation◊Mieux notés,69.49,"7,93","25,99"
692,"Ancienne Lorette, QC","Teinture à bois à base d'eau Minwax Colour Wash, transparente, 946 mL","Teinture à bois à base d'eau Minwax Colour Wash, transparente, 946 mL",12.93,"12,93 $",33.99,"33,99 $Était   et+ prix était à partir de 33,99 $",12.93,"12,93 $",12.93,"12,93 $",true,https://www.canadiantire.ca/fr/pdp/teinture-a-bois-a-base-d-eau-minwax-colour-wash-transparente-946-ml-0480947p.html,https://www.canadiantire.ca/fr/pdp/teinture-a-bois-a-base-d-eau-minwax-colour-wash-transparente-946-ml-0480947p.html,https://media-www.canadiantire.ca/product/fixing/paint/paints/0480947/minwax-color-wash-barnwood-brown-946ml-dd5f66fd-3e28-43c2-857c-2f04dcdad609-jpgrendition.jpg?im=whresize&wid=200&hei=200,https://media-www.canadiantire.ca/product/fixing/paint/paints/0480947/minwax-color-wash-barnwood-brown-946ml-dd5f66fd-3e28-43c2-857c-2f04dcdad609-jpgrendition.jpg?im=whresize&wid=200&hei=200,,0480947,048-0947,Vérifiez la disponibilité#048-0947X,Liquidation◊Mieux notés,61.96,"12,93","33,99"
692,"Ancienne Lorette, QC","Pomme de douche Kohler Elliston à poignée simple et 1 pulvérisateur, pour baignoire et douche. chrome","Pomme de douche Kohler Elliston à poignée simple et 1 pulvérisateur, pour baignoire et douche. chrome",50,"50,00 $",334.99,"Était±  334,99 $prix était 334,99 $",50,"50,00 $",50,"50,00 $",true,https://www.canadiantire.ca/fr/pdp/pomme-de-douche-kohler-elliston-a-poignee-simple-et-1-pulverisateur-pour-baignoire-et-douche-chrome-0634721p.html,https://www.canadiantire.ca/fr/pdp/pomme-de-douche-kohler-elliston-a-poignee-simple-et-1-pulverisateur-pour-baignoire-et-douche-chrome-0634721p.html,https://media-www.canadiantire.ca/product/fixing/plumbing/faucets-fixtures/0634721/kohler-elliston-tub-shower-faucet-chrome-130c3ce7-5e63-4823-851c-4f4d318376c4-jpgrendition.jpg?im=whresize&wid=200&hei=200,https://media-www.canadiantire.ca/product/fixing/plumbing/faucets-fixtures/0634721/kohler-elliston-tub-shower-faucet-chrome-130c3ce7-5e63-4823-851c-4f4d318376c4-jpgrendition.jpg?im=whresize&wid=200&hei=200,,0634721,063-4721-0,Il n’en reste que 1 #063-4721-0,Liquidation◊,85.07,"50,00","334,99"
692,"Ancienne Lorette, QC","Tapis d'intérieur et d'extérieur Korhani Sienna, 8 x 10 pi","Tapis d'intérieur et d'extérieur Korhani Sienna, 8 x 10 pi",99.93,"99,93 $",229.99,"Était±  229,99 $prix était 229,99 $",99.93,"99,93 $",99.93,"99,93 $",true,https://www.canadiantire.ca/fr/pdp/tapis-d-interieur-et-d-exterieur-korhani-sienna-8-x-10-pi-0680036p.html,https://www.canadiantire.ca/fr/pdp/tapis-d-interieur-et-d-exterieur-korhani-sienna-8-x-10-pi-0680036p.html,https://media-www.canadiantire.ca/product/living/home-decor/floor-window-decor/0680036/tofino-8x10-indoor-outdoor-rug-aed5e0f0-99f7-41f3-8043-723dbce74433-jpgrendition.jpg?im=whresize&wid=200&hei=200,https://media-www.canadiantire.ca/product/living/home-decor/floor-window-decor/0680036/tofino-8x10-indoor-outdoor-rug-aed5e0f0-99f7-41f3-8043-723dbce74433-jpgrendition.jpg?im=whresize&wid=200&hei=200,,0680036,068-0036-6,Il n’en reste que 1 #068-0036-6,Liquidation◊Exclusivité,56.55,"99,93","229,99"
692,"Ancienne Lorette, QC",Golfgreen Organic™ Cricket Manure Plant Fertilizer,Golfgreen Organic™ Cricket Manure Plant Fertilizer,2.88,"2,88 $",8.49,"8,49 $Était   et+ prix était à partir de 8,49 $",2.88,"2,88 $",2.88,"2,88 $",true,https://www.canadiantire.ca/fr/pdp/golfgreen-organictm-cricket-manure-plant-fertilizer-1591264p.html,https://www.canadiantire.ca/fr/pdp/golfgreen-organictm-cricket-manure-plant-fertilizer-1591264p.html,https://media-www.canadiantire.ca/product/seasonal-gardening/gardening/lawn-plant-care/1591264/golfgreen-cricket-manure-1kg-08c8bd87-de98-45c9-a044-888695f03c1c-jpgrendition.jpg?im=whresize&wid=200&hei=200,https://media-www.canadiantire.ca/product/seasonal-gardening/gardening/lawn-plant-care/1591264/golfgreen-cricket-manure-1kg-08c8bd87-de98-45c9-a044-888695f03c1c-jpgrendition.jpg?im=whresize&wid=200&hei=200,,1591264,159-1264,Vérifiez la disponibilité#159-1264X,Liquidation◊Mieux notés,66.08,"2,88","8,49"
692,"Ancienne Lorette, QC","L.O.L. Poupée Tout-petits L.O.L. Surprise! Perles de cheveux, plus de 60 perles de cheveux, poupée à collectionner, coiffures à faire vous-même, poupée à perles de cheveux, assortie","L.O.L. Poupée Tout-petits L.O.L. Surprise! Perles de cheveux, plus de 60 perles de cheveux, poupée à collectionner, coiffures à faire vous-même, poupée à perles de cheveux, assortie",7.99,"7,99 $",15.99,"Était±  15,99 $prix était 15,99 $",7.99,"7,99 $",7.99,"7,99 $",true,https://www.canadiantire.ca/fr/pdp/l-o-l-poupee-tout-petits-l-o-l-surprise-perles-de-cheveux-plus-de-60-perles-de-cheveux-poupee-a-collectionner-coiffures-a-faire-vous-meme-poupee-a-perles-de-cheveux-assortie-1501672p.html,https://www.canadiantire.ca/fr/pdp/l-o-l-poupee-tout-petits-l-o-l-surprise-perles-de-cheveux-plus-de-60-perles-de-cheveux-poupee-a-collectionner-coiffures-a-faire-vous-meme-poupee-a-perles-de-cheveux-assortie-1501672p.html,https://media-www.canadiantire.ca/product/seasonal-gardening/toys/toys-games/1501672/l-o-l-surprise-make-a-hairstyle-tots-asst-in-pdq-1f162665-4229-4ebc-baa8-931c9bd9c8a4-jpgrendition.jpg?im=whresize&wid=200&hei=200,https://media-www.canadiantire.ca/product/seasonal-gardening/toys/toys-games/1501672/l-o-l-surprise-make-a-hairstyle-tots-asst-in-pdq-1f162665-4229-4ebc-baa8-931c9bd9c8a4-jpgrendition.jpg?im=whresize&wid=200&hei=200,,1501672,150-1672-6,11 En Stock#150-1672-6,Liquidation◊Mieux notés,50.03,"7,99","15,99"
692,"Ancienne Lorette, QC","Rideau de douche en tissu CANVAS, anthracite lavable à la machine, 72 x 72 po","Rideau de douche en tissu CANVAS, anthracite lavable à la machine, 72 x 72 po",14.99,"14,99 $",29.99,"Était±  29,99 $prix était 29,99 $",14.99,"14,99 $",14.99,"14,99 $",true,https://www.canadiantire.ca/fr/pdp/rideau-de-douche-en-tissu-canvas-anthracite-lavable-a-la-machine-72-x-72-po-0634784p.html,https://www.canadiantire.ca/fr/pdp/rideau-de-douche-en-tissu-canvas-anthracite-lavable-a-la-machine-72-x-72-po-0634784p.html,https://media-www.canadiantire.ca/product/living/home-decor/bed-bath-decor/0634784/canvas-fabric-shower-curtain-charcoal-353b9126-762b-478c-a6c6-e91263df294d-jpgrendition.jpg?im=whresize&wid=200&hei=200,https://media-www.canadiantire.ca/product/living/home-decor/bed-bath-decor/0634784/canvas-fabric-shower-curtain-charcoal-353b9126-762b-478c-a6c6-e91263df294d-jpgrendition.jpg?im=whresize&wid=200&hei=200,,0634784,063-4784-0,Il n’en reste que 1 #063-4784-0,Liquidation◊Mieux notés,50.02,"14,99","29,99"
692,"Ancienne Lorette, QC",Bac à peinture Premier Clean en pâte de papier,Bac à peinture Premier Clean en pâte de papier,6.93,"6,93 $",16.99,"Était±  16,99 $prix était 16,99 $",6.93,"6,93 $",6.93,"6,93 $",true,https://www.canadiantire.ca/fr/pdp/bac-a-peinture-premier-clean-en-pate-de-papier-0492532p.html,https://www.canadiantire.ca/fr/pdp/bac-a-peinture-premier-clean-en-pate-de-papier-0492532p.html,https://media-www.canadiantire.ca/product/fixing/paint/paint-accessories/0492532/premier-clean-paper-pulp-painting-tray-871926d2-0d3b-4656-91e7-a53642a4e1ee-jpgrendition.jpg?im=whresize&wid=200&hei=200,https://media-www.canadiantire.ca/product/fixing/paint/paint-accessories/0492532/premier-clean-paper-pulp-painting-tray-871926d2-0d3b-4656-91e7-a53642a4e1ee-jpgrendition.jpg?im=whresize&wid=200&hei=200,,0492532,049-2532-8,Il n’en reste que 7 #049-2532-8,Liquidation◊Exclusivité,59.21,"6,93","16,99"
692,"Ancienne Lorette, QC","Garde-boues avant et arrière personnalisés Husky Liners 58446 pour camion Ford F-150, 2015 à 2020, paquet de 4","Garde-boues avant et arrière personnalisés Husky Liners 58446 pour camion Ford F-150, 2015 à 2020, paquet de 4",59.93,"59,93 $",134.99,"Était±  134,99 $prix était 134,99 $",59.93,"59,93 $",59.93,"59,93 $",true,https://www.canadiantire.ca/fr/pdp/garde-boues-avant-et-arriere-personnalises-husky-liners-58446-pour-camion-ford-f-150-2015-a-2020-paquet-de-4-0376240p.html,https://www.canadiantire.ca/fr/pdp/garde-boues-avant-et-arriere-personnalises-husky-liners-58446-pour-camion-ford-f-150-2015-a-2020-paquet-de-4-0376240p.html,https://media-www.canadiantire.ca/product/automotive/car-care-accessories/auto-accessories/0376240/husky-custom-fit-mud-flaps-ford-f150-15-20-4pc-c95ebce1-5ce1-4435-8eb1-b43d34517bb8-jpgrendition.jpg?im=whresize&wid=200&hei=200,https://media-www.canadiantire.ca/product/automotive/car-care-accessories/auto-accessories/0376240/husky-custom-fit-mud-flaps-ford-f150-15-20-4pc-c95ebce1-5ce1-4435-8eb1-b43d34517bb8-jpgrendition.jpg?im=whresize&wid=200&hei=200,,0376240,037-6240-6,Il n’en reste que 2 #037-6240-6,Liquidation◊Mieux notés,55.6,"59,93","134,99"
692,"Ancienne Lorette, QC","Louche en nylon, noir","Louche en nylon, noir",1.49,"1,49 $",2.99,"Était±  2,99 $prix était 2,99 $",1.49,"1,49 $",1.49,"1,49 $",true,https://www.canadiantire.ca/fr/pdp/louche-en-nylon-noir-0424713p.html,https://www.canadiantire.ca/fr/pdp/louche-en-nylon-noir-0424713p.html,https://media-www.canadiantire.ca/product/living/kitchen/kitchen-tools-thermometers/0424713/nylon-soup-ladle-d050afff-b8ca-4589-a871-f9bb724df36d-jpgrendition.jpg?im=whresize&wid=200&hei=200,https://media-www.canadiantire.ca/product/living/kitchen/kitchen-tools-thermometers/0424713/nylon-soup-ladle-d050afff-b8ca-4589-a871-f9bb724df36d-jpgrendition.jpg?im=whresize&wid=200&hei=200,,0424713,042-4713-0,,Liquidation◊Mieux notés,50.17,"1,49","2,99"
692,"Ancienne Lorette, QC","Leurres pour saumon RedWolf, paq. 80","Leurres pour saumon RedWolf, paq. 80",4.88,"4,88 $",14.99,"Était±  14,99 $prix était 14,99 $",4.88,"4,88 $",4.88,"4,88 $",true,https://www.canadiantire.ca/fr/pdp/leurres-pour-saumon-redwolf-paq-80-0777783p.html,https://www.canadiantire.ca/fr/pdp/leurres-pour-saumon-redwolf-paq-80-0777783p.html,https://media-www.canadiantire.ca/product/playing/fishing/fishing-lures/0777783/red-wolf-salmon-kit-80-piece-44f68743-e80f-4574-8c32-4088b9809583-jpgrendition.jpg?im=whresize&wid=200&hei=200,https://media-www.canadiantire.ca/product/playing/fishing/fishing-lures/0777783/red-wolf-salmon-kit-80-piece-44f68743-e80f-4574-8c32-4088b9809583-jpgrendition.jpg?im=whresize&wid=200&hei=200,,0777783,077-7783-2,219 En Stock#077-7783-2,Liquidation◊Exclusivité,67.44,"4,88","14,99"
692,"Ancienne Lorette, QC","Papiers abrasifs autoagrippants pour ponceuse de précision Mouse 3M ultra durable, en oxyde d'aluminium, pour bois, plastique, métal, paq. 5","Papiers abrasifs autoagrippants pour ponceuse de précision Mouse 3M ultra durable, en oxyde d'aluminium, pour bois, plastique, métal, paq. 5",4.93,"4,93 $",10.99,"10,99 $Était   et+ prix était à partir de 10,99 $",4.93,"4,93 $",4.93,"4,93 $",true,https://www.canadiantire.ca/fr/pdp/papiers-abrasifs-autoagrippants-pour-ponceuse-de-precision-mouse-3m-ultra-durable-en-oxyde-d-aluminium-pour-bois-plastique-metal-paq-5-0545579p.html,https://www.canadiantire.ca/fr/pdp/papiers-abrasifs-autoagrippants-pour-ponceuse-de-precision-mouse-3m-ultra-durable-en-oxyde-d-aluminium-pour-bois-plastique-metal-paq-5-0545579p.html,https://media-www.canadiantire.ca/product/fixing/tools/power-tool-accessories/0545579/3m-ultra-durable-detail-mouse-sanding-sheets-60-grit-5-pk-06c25253-2f46-4b45-8953-2acc652e2613-jpgrendition.jpg?im=whresize&wid=200&hei=200,https://media-www.canadiantire.ca/product/fixing/tools/power-tool-accessories/0545579/3m-ultra-durable-detail-mouse-sanding-sheets-60-grit-5-pk-06c25253-2f46-4b45-8953-2acc652e2613-jpgrendition.jpg?im=whresize&wid=200&hei=200,,0545579,054-5577,Vérifiez la disponibilité#054-5577X,Liquidation◊Mieux notés,55.14,"4,93","10,99"
692,"Ancienne Lorette, QC",Pinceau à badigeonner en tissu Vermont Castings avec anneau en cuir,Pinceau à badigeonner en tissu Vermont Castings avec anneau en cuir,9.88,"9,88 $",21.99,"Était±  21,99 $prix était 21,99 $",9.88,"9,88 $",9.88,"9,88 $",true,https://www.canadiantire.ca/fr/pdp/pinceau-a-badigeonner-en-tissu-vermont-castings-avec-anneau-en-cuir-0852157p.html,https://www.canadiantire.ca/fr/pdp/pinceau-a-badigeonner-en-tissu-vermont-castings-avec-anneau-en-cuir-0852157p.html,https://media-www.canadiantire.ca/product/seasonal-gardening/backyard-living/outdoor-cooking-accessories/0852157/vermont-castings-sauce-mop-c3400c13-5240-4244-926d-099929ac008d-jpgrendition.jpg?im=whresize&wid=200&hei=200,https://media-www.canadiantire.ca/product/seasonal-gardening/backyard-living/outdoor-cooking-accessories/0852157/vermont-castings-sauce-mop-c3400c13-5240-4244-926d-099929ac008d-jpgrendition.jpg?im=whresize&wid=200&hei=200,,0852157,085-2157-4,22 En Stock#085-2157-4,Liquidation◊Exclusivité,55.07,"9,88","21,99"
692,"Ancienne Lorette, QC","Jouet pour âge préscolaire Quartier général de combat de luxe Pyjamasques, coffret de jeu avec 2 figurines articulées et véhicule, 3 ans et plus","Jouet pour âge préscolaire Quartier général de combat de luxe Pyjamasques, coffret de jeu avec 2 figurines articulées et véhicule, 3 ans et plus",38.93,"38,93 $",89.99,"Était±  89,99 $prix était 89,99 $",38.93,"38,93 $",38.93,"38,93 $",true,https://www.canadiantire.ca/fr/pdp/jouet-pour-age-prescolaire-quartier-general-de-combat-de-luxe-pyjamasques-coffret-de-jeu-avec-2-figurines-articulees-et-vehicule-3-ans-et-plus-0508210p.html,https://www.canadiantire.ca/fr/pdp/jouet-pour-age-prescolaire-quartier-general-de-combat-de-luxe-pyjamasques-coffret-de-jeu-avec-2-figurines-articulees-et-vehicule-3-ans-et-plus-0508210p.html,https://media-www.canadiantire.ca/product/seasonal-gardening/toys/preschool-toys-activities/0508210/pj-masks-tech-hq-english-ee922a0c-f272-44b1-b9bb-5ff8c9ed0fee-jpgrendition.jpg?im=whresize&wid=200&hei=200,https://media-www.canadiantire.ca/product/seasonal-gardening/toys/preschool-toys-activities/0508210/pj-masks-tech-hq-english-ee922a0c-f272-44b1-b9bb-5ff8c9ed0fee-jpgrendition.jpg?im=whresize&wid=200&hei=200,,0508210,050-8210-2,Il n’en reste que 6 #050-8210-2,Liquidation◊Mieux notés,56.74,"38,93","89,99"
692,"Ancienne Lorette, QC","Bouton-pressoir lumineux hydrofuge sans fil pour sonnette avec montage en surface Globe, plastique noir","Bouton-pressoir lumineux hydrofuge sans fil pour sonnette avec montage en surface Globe, plastique noir",9.93,"9,93 $",19.99,"Était±  19,99 $prix était 19,99 $",9.93,"9,93 $",9.93,"9,93 $",true,https://www.canadiantire.ca/fr/pdp/bouton-pressoir-lumineux-hydrofuge-sans-fil-pour-sonnette-avec-montage-en-surface-globe-plastique-noir-0521744p.html,https://www.canadiantire.ca/fr/pdp/bouton-pressoir-lumineux-hydrofuge-sans-fil-pour-sonnette-avec-montage-en-surface-globe-plastique-noir-0521744p.html,https://media-www.canadiantire.ca/product/fixing/hardware/curb-appeal/0521744/wireless-push-button-black-plastic-lighted-surface-mount-b8a389f9-8140-4707-a7d0-913d2a9f16c1-jpgrendition.jpg?im=whresize&wid=200&hei=200,https://media-www.canadiantire.ca/product/fixing/hardware/curb-appeal/0521744/wireless-push-button-black-plastic-lighted-surface-mount-b8a389f9-8140-4707-a7d0-913d2a9f16c1-jpgrendition.jpg?im=whresize&wid=200&hei=200,,0521744,052-1744-0,Il n’en reste que 2 #052-1744-0,Liquidation◊,50.33,"9,93","19,99"
692,"Ancienne Lorette, QC",Adaptateur Android Ottocast sans fil,Adaptateur Android Ottocast sans fil,63.68,"63,68 $",139.99,"Était±  139,99 $prix était 139,99 $",63.68,"63,68 $",63.68,"63,68 $",true,https://www.canadiantire.ca/fr/pdp/adaptateur-android-ottocast-sans-fil-0355599p.html,https://www.canadiantire.ca/fr/pdp/adaptateur-android-ottocast-sans-fil-0355599p.html,https://media-www.canadiantire.ca/product/automotive/electronics/auto-electronics/0355599/ottocast-wireless-android-auto-adapter-5dfaec52-ba94-4890-b1b1-ebb502bc5f08-jpgrendition.jpg?im=whresize&wid=200&hei=200,https://media-www.canadiantire.ca/product/automotive/electronics/auto-electronics/0355599/ottocast-wireless-android-auto-adapter-5dfaec52-ba94-4890-b1b1-ebb502bc5f08-jpgrendition.jpg?im=whresize&wid=200&hei=200,,0355599,035-5599-4,Il n’en reste que 1 #035-5599-4,Liquidation◊,54.51,"63,68","139,99"
692,"Ancienne Lorette, QC","Ballon en aluminium satiné verre à vin Rose All Day, or rose, floral, 17 po ruban et gonflage hélium compris, pour enterrement de vie de jeune fille/fête prénuptiale","Ballon en aluminium satiné verre à vin Rose All Day, or rose, floral, 17 po ruban et gonflage hélium compris, pour enterrement de vie de jeune fille/fête prénuptiale",0.93,"0,93 $",6.99,"Était±  6,99 $prix était 6,99 $",0.93,"0,93 $",0.93,"0,93 $",true,https://www.canadiantire.ca/fr/pdp/ballon-en-aluminium-satine-verre-a-vin-rose-all-day-or-rose-floral-17-po-ruban-et-gonflage-helium-compris-pour-enterrement-de-vie-de-jeune-fille-fete-prenuptiale-8544290p.html,https://www.canadiantire.ca/fr/pdp/ballon-en-aluminium-satine-verre-a-vin-rose-all-day-or-rose-floral-17-po-ruban-et-gonflage-helium-compris-pour-enterrement-de-vie-de-jeune-fille-fete-prenuptiale-8544290p.html,https://media-www.canadiantire.ca/product/seasonal-gardening/party-city-everyday/party-city-party-supplies-decor/8544290/17-giant-rose-all-day-wine-glass-foil-balloon-c8955625-474c-48e2-a52c-b95e227a558e-jpgrendition.jpg?im=whresize&wid=200&hei=200,https://media-www.canadiantire.ca/product/seasonal-gardening/party-city-everyday/party-city-party-supplies-decor/8544290/17-giant-rose-all-day-wine-glass-foil-balloon-c8955625-474c-48e2-a52c-b95e227a558e-jpgrendition.jpg?im=whresize&wid=200&hei=200,,8544290,854-4290-2,Il n’en reste que 1 #854-4290-2,Liquidation◊Hélium compris,86.7,"0,93","6,99"
692,"Ancienne Lorette, QC","Statue de jardin de Café de fée à énergie solaire For Living, 8,25 X 4,75 X 6 po","Statue de jardin de Café de fée à énergie solaire For Living, 8,25 X 4,75 X 6 po",14.93,"14,93 $",37.99,"Était±  37,99 $prix était 37,99 $",14.93,"14,93 $",14.93,"14,93 $",true,https://www.canadiantire.ca/fr/pdp/statue-de-jardin-de-cafe-de-fee-a-energie-solaire-for-living-8-25-x-4-75-x-6-po-1590041p.html,https://www.canadiantire.ca/fr/pdp/statue-de-jardin-de-cafe-de-fee-a-energie-solaire-for-living-8-25-x-4-75-x-6-po-1590041p.html,https://media-www.canadiantire.ca/product/seasonal-gardening/backyard-living/outdoor-living-accessories/1590041/for-living-fairy-caf--13c9bfe7-943e-4f98-b55f-aa27513732e9-jpgrendition.jpg?im=whresize&wid=200&hei=200,https://media-www.canadiantire.ca/product/seasonal-gardening/backyard-living/outdoor-living-accessories/1590041/for-living-fairy-caf--13c9bfe7-943e-4f98-b55f-aa27513732e9-jpgrendition.jpg?im=whresize&wid=200&hei=200,,1590041,159-0041-6,,Liquidation◊Mieux notés,60.7,"14,93","37,99"
692,"Ancienne Lorette, QC","Cadenas d'attelage REESE Towpower, qualité pro, catégorie V","Cadenas d'attelage REESE Towpower, qualité pro, catégorie V",20.93,"20,93 $",42.99,"Était±  42,99 $prix était 42,99 $",20.93,"20,93 $",20.93,"20,93 $",true,https://www.canadiantire.ca/fr/pdp/cadenas-d-attelage-reese-towpower-qualite-pro-categorie-v-0408630p.html,https://www.canadiantire.ca/fr/pdp/cadenas-d-attelage-reese-towpower-qualite-pro-categorie-v-0408630p.html,https://media-www.canadiantire.ca/product/automotive/automotive-outdoor-adventure/auto-travel-storage/0408630/reese-towpower-class-v-professional-receiver-lock-b4c70664-7825-4959-9148-2b3fa4d8a50d-jpgrendition.jpg?im=whresize&wid=200&hei=200,https://media-www.canadiantire.ca/product/automotive/automotive-outdoor-adventure/auto-travel-storage/0408630/reese-towpower-class-v-professional-receiver-lock-b4c70664-7825-4959-9148-2b3fa4d8a50d-jpgrendition.jpg?im=whresize&wid=200&hei=200,,0408630,040-8630-6,,Liquidation◊,51.31,"20,93","42,99"
692,"Ancienne Lorette, QC","Lumière à DEL décorative blanche ultra-brillante à boulonner Custom Accessories Truck Tuff, 12 V","Lumière à DEL décorative blanche ultra-brillante à boulonner Custom Accessories Truck Tuff, 12 V",9.93,"9,93 $",19.99,"Était±  19,99 $prix était 19,99 $",9.93,"9,93 $",9.93,"9,93 $",true,https://www.canadiantire.ca/fr/pdp/lumiere-a-del-decorative-blanche-ultra-brillante-a-boulonner-custom-accessories-truck-tuff-12-v-0374604p.html,https://www.canadiantire.ca/fr/pdp/lumiere-a-del-decorative-blanche-ultra-brillante-a-boulonner-custom-accessories-truck-tuff-12-v-0374604p.html,https://media-www.canadiantire.ca/product/automotive/car-care-accessories/auto-accessories/0374604/truck-tuff-bolt-on-ultra-white-led-lights-8ddacb01-f6ae-48ce-b33f-dc62f81cc235-jpgrendition.jpg?im=whresize&wid=200&hei=200,https://media-www.canadiantire.ca/product/automotive/car-care-accessories/auto-accessories/0374604/truck-tuff-bolt-on-ultra-white-led-lights-8ddacb01-f6ae-48ce-b33f-dc62f81cc235-jpgrendition.jpg?im=whresize&wid=200&hei=200,,0374604,037-4604-4,,Liquidation◊,50.33,"9,93","19,99"
692,"Ancienne Lorette, QC","Gants de jardinage en microfibre Yardworks WasteNot, grand","Gants de jardinage en microfibre Yardworks WasteNot, grand",7.93,"7,93 $",19.99,"Était±  19,99 $prix était 19,99 $",7.93,"7,93 $",7.93,"7,93 $",true,https://www.canadiantire.ca/fr/pdp/gants-de-jardinage-en-microfibre-yardworks-wastenot-grand-0591321p.html,https://www.canadiantire.ca/fr/pdp/gants-de-jardinage-en-microfibre-yardworks-wastenot-grand-0591321p.html,https://media-www.canadiantire.ca/product/seasonal-gardening/outdoor-tools/manual-lawn-garden-tools/0591321/yardworks-wastenot-microfibre-gardening-gloves-55dcae80-6928-4084-857f-74b6d48e9a23-jpgrendition.jpg?im=whresize&wid=200&hei=200,https://media-www.canadiantire.ca/product/seasonal-gardening/outdoor-tools/manual-lawn-garden-tools/0591321/yardworks-wastenot-microfibre-gardening-gloves-55dcae80-6928-4084-857f-74b6d48e9a23-jpgrendition.jpg?im=whresize&wid=200&hei=200,,0591321,059-1321-2,,Liquidation◊Mieux notés,60.33,"7,93","19,99"
692,"Ancienne Lorette, QC","Bol pour chien Petco Reddy en acier inoxydable, 3,8 tasses","Bol pour chien Petco Reddy en acier inoxydable, 3,8 tasses",9.88,"9,88 $",28.99,"Était±  28,99 $prix était 28,99 $",9.88,"9,88 $",9.88,"9,88 $",true,https://www.canadiantire.ca/fr/pdp/bol-pour-chien-petco-reddy-en-acier-inoxydable-3-8-tasses-1426904p.html,https://www.canadiantire.ca/fr/pdp/bol-pour-chien-petco-reddy-en-acier-inoxydable-3-8-tasses-1426904p.html,https://media-www.canadiantire.ca/product/living/pet-care/pet-accessories/1426904/reddy-stainless-steel-dog-bowl-3-8-cups-7f8309bf-c94f-4cf4-bed6-bd37feed080c-jpgrendition.jpg?im=whresize&wid=200&hei=200,https://media-www.canadiantire.ca/product/living/pet-care/pet-accessories/1426904/reddy-stainless-steel-dog-bowl-3-8-cups-7f8309bf-c94f-4cf4-bed6-bd37feed080c-jpgrendition.jpg?im=whresize&wid=200&hei=200,,1426904,142-6904-6,83 En Stock#142-6904-6,Liquidation◊Exclusivité,65.92,"9,88","28,99"
692,"Ancienne Lorette, QC","Tapis de recharge sans fil en tissu Bluehive, 10 W","Tapis de recharge sans fil en tissu Bluehive, 10 W",8.93,"8,93 $",24.99,"Était±  24,99 $prix était 24,99 $",8.93,"8,93 $",8.93,"8,93 $",true,https://www.canadiantire.ca/fr/pdp/tapis-de-recharge-sans-fil-en-tissu-bluehive-10-w-0357142p.html,https://www.canadiantire.ca/fr/pdp/tapis-de-recharge-sans-fil-en-tissu-bluehive-10-w-0357142p.html,https://media-www.canadiantire.ca/product/automotive/electronics/mobile-electronics/0357142/bluehive-fabric-wireless-charging-pad-a5bac5a3-896e-4cff-b61a-553f7627b960-jpgrendition.jpg?im=whresize&wid=200&hei=200,https://media-www.canadiantire.ca/product/automotive/electronics/mobile-electronics/0357142/bluehive-fabric-wireless-charging-pad-a5bac5a3-896e-4cff-b61a-553f7627b960-jpgrendition.jpg?im=whresize&wid=200&hei=200,,0357142,035-7142-8,,Liquidation◊Exclusivité,64.27,"8,93","24,99"
692,"Ancienne Lorette, QC","Bandage polyvalent Tensor avec pochette de gel chaud/froid, taille unique","Bandage polyvalent Tensor avec pochette de gel chaud/froid, taille unique",7.93,"7,93 $",27.99,"Était±  27,99 $prix était 27,99 $",7.93,"7,93 $",7.93,"7,93 $",true,https://www.canadiantire.ca/fr/pdp/bandage-polyvalent-tensor-avec-pochette-de-gel-chaud-froid-taille-unique-0833781p.html,https://www.canadiantire.ca/fr/pdp/bandage-polyvalent-tensor-avec-pochette-de-gel-chaud-froid-taille-unique-0833781p.html,https://media-www.canadiantire.ca/product/playing/hockey/hockey-accessories/0833781/tensor-multi-purpose-wrap-with-gel-pack-064fc700-4615-4608-bd77-af334d8dcc2b-jpgrendition.jpg?im=whresize&wid=200&hei=200,https://media-www.canadiantire.ca/product/playing/hockey/hockey-accessories/0833781/tensor-multi-purpose-wrap-with-gel-pack-064fc700-4615-4608-bd77-af334d8dcc2b-jpgrendition.jpg?im=whresize&wid=200&hei=200,,0833781,083-3781-4,Il n’en reste que 1 #083-3781-4,Liquidation◊Mieux notés,71.67,"7,93","27,99"
692,"Ancienne Lorette, QC",Boule pour coupleur antivol et verrou Rightline Gear,Boule pour coupleur antivol et verrou Rightline Gear,12.93,"12,93 $",29.99,"Était±  29,99 $prix était 29,99 $",12.93,"12,93 $",12.93,"12,93 $",true,https://www.canadiantire.ca/fr/pdp/boule-pour-coupleur-antivol-et-verrou-rightline-gear-0406983p.html,https://www.canadiantire.ca/fr/pdp/boule-pour-coupleur-antivol-et-verrou-rightline-gear-0406983p.html,https://media-www.canadiantire.ca/product/automotive/automotive-outdoor-adventure/auto-travel-storage/0406983/anti-theft-coupler-ball-lock-40555987-9ba2-4d50-b9a0-07559a0b0240-jpgrendition.jpg?im=whresize&wid=200&hei=200,https://media-www.canadiantire.ca/product/automotive/automotive-outdoor-adventure/auto-travel-storage/0406983/anti-theft-coupler-ball-lock-40555987-9ba2-4d50-b9a0-07559a0b0240-jpgrendition.jpg?im=whresize&wid=200&hei=200,,0406983,040-6983-8,Il n’en reste que 2 #040-6983-8,Liquidation◊Mieux notés,56.89,"12,93","29,99"
692,"Ancienne Lorette, QC","Lampe de table abat-jour en lin blanc Collection Maison, 18,5 po, chrome","Lampe de table abat-jour en lin blanc Collection Maison, 18,5 po, chrome",19.99,"19,99 $",39.99,"Était±  39,99 $prix était 39,99 $",19.99,"19,99 $",19.99,"19,99 $",true,https://www.canadiantire.ca/fr/pdp/lampe-de-table-abat-jour-en-lin-blanc-collection-maison-18-5-po-chrome-0528347p.html,https://www.canadiantire.ca/fr/pdp/lampe-de-table-abat-jour-en-lin-blanc-collection-maison-18-5-po-chrome-0528347p.html,https://media-www.canadiantire.ca/product/living/home-decor/lighting/0528347/hc-living-white-linen-table-lamp-chrome-f1b99771-c428-47a4-9582-ba9accf37c6c-jpgrendition.jpg?im=whresize&wid=200&hei=200,https://media-www.canadiantire.ca/product/living/home-decor/lighting/0528347/hc-living-white-linen-table-lamp-chrome-f1b99771-c428-47a4-9582-ba9accf37c6c-jpgrendition.jpg?im=whresize&wid=200&hei=200,,0528347,052-8347-4,Il n’en reste que 1 #052-8347-4,Liquidation◊Mieux notés,50.01,"19,99","39,99"
692,"Ancienne Lorette, QC",Trousse de câblage pour connecteur métallique à 4 broches plates à 6 broches rondes Hopkins,Trousse de câblage pour connecteur métallique à 4 broches plates à 6 broches rondes Hopkins,6.93,"6,93 $",44.99,"Était±  44,99 $prix était 44,99 $",6.93,"6,93 $",6.93,"6,93 $",true,https://www.canadiantire.ca/fr/pdp/trousse-de-cablage-pour-connecteur-metallique-a-4-broches-plates-a-6-broches-rondes-hopkins-1407233p.html,https://www.canadiantire.ca/fr/pdp/trousse-de-cablage-pour-connecteur-metallique-a-4-broches-plates-a-6-broches-rondes-hopkins-1407233p.html,https://media-www.canadiantire.ca/product/automotive/automotive-outdoor-adventure/auto-travel-storage/1407233/hopkins-4-flat-to-6-round-wiring-kit-metal--aa93cdea-5675-459b-93bd-96d163c5de2a-jpgrendition.jpg?im=whresize&wid=200&hei=200,https://media-www.canadiantire.ca/product/automotive/automotive-outdoor-adventure/auto-travel-storage/1407233/hopkins-4-flat-to-6-round-wiring-kit-metal--aa93cdea-5675-459b-93bd-96d163c5de2a-jpgrendition.jpg?im=whresize&wid=200&hei=200,,1407233,140-7233-0,Il n’en reste que 5 #140-7233-0,Liquidation◊,84.6,"6,93","44,99"
692,"Ancienne Lorette, QC","Charbon en bloc Nature’s Grilling, 100 % naturel, mesquite, 3 kg","Charbon en bloc Nature’s Grilling, 100 % naturel, mesquite, 3 kg",10.73,"10,73 $",21.99,"Était±  21,99 $prix était 21,99 $",10.73,"10,73 $",10.73,"10,73 $",true,https://www.canadiantire.ca/fr/pdp/charbon-en-bloc-nature-s-grilling-100-naturel-mesquite-3-kg-0851375p.html,https://www.canadiantire.ca/fr/pdp/charbon-en-bloc-nature-s-grilling-100-naturel-mesquite-3-kg-0851375p.html,https://media-www.canadiantire.ca/product/seasonal-gardening/backyard-living/outdoor-cooking-fuels-flavours/0851375/nature-s-grilling-mesquite-lump-charcoal-6-6lb-4bb19d9f-7e8d-4f0b-a6e8-0e0c70186f64-jpgrendition.jpg?im=whresize&wid=200&hei=200,https://media-www.canadiantire.ca/product/seasonal-gardening/backyard-living/outdoor-cooking-fuels-flavours/0851375/nature-s-grilling-mesquite-lump-charcoal-6-6lb-4bb19d9f-7e8d-4f0b-a6e8-0e0c70186f64-jpgrendition.jpg?im=whresize&wid=200&hei=200,,0851375,085-1375-0,,Liquidation◊Mieux notés,51.21,"10,73","21,99"
692,"Ancienne Lorette, QC","Figurine interactive acolyte Rêve Disney Wish, 3 ans et plus","Figurine interactive acolyte Rêve Disney Wish, 3 ans et plus",10.93,"10,93 $",22.99,"Était±  22,99 $prix était 22,99 $",10.93,"10,93 $",10.93,"10,93 $",true,https://www.canadiantire.ca/fr/pdp/figurine-interactive-acolyte-reve-disney-wish-3-ans-et-plus-1501716p.html,https://www.canadiantire.ca/fr/pdp/figurine-interactive-acolyte-reve-disney-wish-3-ans-et-plus-1501716p.html,https://media-www.canadiantire.ca/product/seasonal-gardening/toys/toys-games/1501716/disney-wish-feature-sidekick-0866a880-8247-47a4-8a47-aed31a7cd26e-jpgrendition.jpg?im=whresize&wid=200&hei=200,https://media-www.canadiantire.ca/product/seasonal-gardening/toys/toys-games/1501716/disney-wish-feature-sidekick-0866a880-8247-47a4-8a47-aed31a7cd26e-jpgrendition.jpg?im=whresize&wid=200&hei=200,,1501716,150-1716-4,Il n’en reste que 4 #150-1716-4,Liquidation◊Mieux notés,52.46,"10,93","22,99"
692,"Ancienne Lorette, QC","Lumières encastrées à DEL CCT Trenz Lighting CCT, 4 po, paq. 4","Lumières encastrées à DEL CCT Trenz Lighting CCT, 4 po, paq. 4",99.93,"99,93 $",299.99,"Était±  299,99 $prix était 299,99 $",99.93,"99,93 $",99.93,"99,93 $",true,https://www.canadiantire.ca/fr/pdp/lumieres-encastrees-a-del-cct-trenz-lighting-cct-4-po-paq-4-0528460p.html,https://www.canadiantire.ca/fr/pdp/lumieres-encastrees-a-del-cct-trenz-lighting-cct-4-po-paq-4-0528460p.html,https://media-www.canadiantire.ca/product/living/home-decor/lighting/0528460/trenz-4-led-cct-4-pack-regressed-lights-f27436d6-a698-491f-ab97-7138ddca9410-jpgrendition.jpg?im=whresize&wid=200&hei=200,https://media-www.canadiantire.ca/product/living/home-decor/lighting/0528460/trenz-4-led-cct-4-pack-regressed-lights-f27436d6-a698-491f-ab97-7138ddca9410-jpgrendition.jpg?im=whresize&wid=200&hei=200,,0528460,052-8460-2,Il n’en reste que 2 #052-8460-2,Liquidation◊,66.69,"99,93","299,99"
692,"Ancienne Lorette, QC","Lame de rechange pour tondeuse sans fil, 10 po, paq. 2","Lame de rechange pour tondeuse sans fil, 10 po, paq. 2",9.43,"9,43 $",19.99,"Était±  19,99 $prix était 19,99 $",9.43,"9,43 $",9.43,"9,43 $",true,https://www.canadiantire.ca/fr/pdp/lame-de-rechange-pour-tondeuse-sans-fil-10-po-paq-2-0601759p.html,https://www.canadiantire.ca/fr/pdp/lame-de-rechange-pour-tondeuse-sans-fil-10-po-paq-2-0601759p.html,https://media-www.canadiantire.ca/product/seasonal-gardening/outdoor-tools/tractor-lawn-mower-snowthrower-parts/0601759/cordless-lawn-mower-replacement-10-in-blades-2-pk-e4747caf-aa13-44de-bbdb-8226f2ab5c70-jpgrendition.jpg?im=whresize&wid=200&hei=200,https://media-www.canadiantire.ca/product/seasonal-gardening/outdoor-tools/tractor-lawn-mower-snowthrower-parts/0601759/cordless-lawn-mower-replacement-10-in-blades-2-pk-e4747caf-aa13-44de-bbdb-8226f2ab5c70-jpgrendition.jpg?im=whresize&wid=200&hei=200,,0601759,060-1759-6,Il n’en reste que 3 #060-1759-6,Liquidation◊,52.83,"9,43","19,99"
692,"Ancienne Lorette, QC","Collier pour chiens ajustable Perri's, fleurs du matin, choix de tailles","Collier pour chiens ajustable Perri's, fleurs du matin, choix de tailles",5,"5,00 $",17.99,"17,99 $Était   et+ prix était à partir de 17,99 $",5,"5,00 $",5,"5,00 $",true,https://www.canadiantire.ca/fr/pdp/collier-pour-chiens-ajustable-perri-s-fleurs-du-matin-choix-de-tailles-2420729p.html,https://www.canadiantire.ca/fr/pdp/collier-pour-chiens-ajustable-perri-s-fleurs-du-matin-choix-de-tailles-2420729p.html,https://media-www.canadiantire.ca/product/living/pet-care/pet-accessories/2420729/morning-floral-dog-collar-small-c7c3f815-4134-4432-9d93-f67b42184f8b-jpgrendition.jpg?im=whresize&wid=200&hei=200,https://media-www.canadiantire.ca/product/living/pet-care/pet-accessories/2420729/morning-floral-dog-collar-small-c7c3f815-4134-4432-9d93-f67b42184f8b-jpgrendition.jpg?im=whresize&wid=200&hei=200,,2420729,242-0729,Vérifiez la disponibilité#242-0729X,Liquidation◊Mieux notés,72.21,"5,00","17,99"
692,"Ancienne Lorette, QC","Collier réglable à carreaux pour chiens Petco, grand","Collier réglable à carreaux pour chiens Petco, grand",5,"5,00 $",21.99,"Était±  21,99 $prix était 21,99 $",5,"5,00 $",5,"5,00 $",true,https://www.canadiantire.ca/fr/pdp/collier-reglable-a-carreaux-pour-chiens-petco-grand-1424432p.html,https://www.canadiantire.ca/fr/pdp/collier-reglable-a-carreaux-pour-chiens-petco-grand-1424432p.html,https://media-www.canadiantire.ca/product/living/pet-care/pet-accessories/1424432/petco-buffalo-check-dog-collar-18-21-large--acbd92a5-b018-43e0-b8db-c0de2af28b02-jpgrendition.jpg?im=whresize&wid=200&hei=200,https://media-www.canadiantire.ca/product/living/pet-care/pet-accessories/1424432/petco-buffalo-check-dog-collar-18-21-large--acbd92a5-b018-43e0-b8db-c0de2af28b02-jpgrendition.jpg?im=whresize&wid=200&hei=200,,1424432,142-4432-0,56 En Stock#142-4432-0,Liquidation◊Mieux notés,77.26,"5,00","21,99"
692,"Ancienne Lorette, QC","Déodorant corporel AXE Phoenix, 113 g","Déodorant corporel AXE Phoenix, 113 g",3.39,"3,39 $",6.79,"Était±  6,79 $prix était 6,79 $",3.39,"3,39 $",3.39,"3,39 $",true,https://www.canadiantire.ca/fr/pdp/deodorant-corporel-axe-phoenix-113-g-0838893p.html,https://www.canadiantire.ca/fr/pdp/deodorant-corporel-axe-phoenix-113-g-0838893p.html,https://media-www.canadiantire.ca/product/playing/hockey/hockey-accessories/0838893/axe-body-spray-phoenix-113g-5ed554db-1c7e-4f7f-8b9a-d5d015bbe7fd-jpgrendition.jpg?im=whresize&wid=200&hei=200,https://media-www.canadiantire.ca/product/playing/hockey/hockey-accessories/0838893/axe-body-spray-phoenix-113g-5ed554db-1c7e-4f7f-8b9a-d5d015bbe7fd-jpgrendition.jpg?im=whresize&wid=200&hei=200,,0838893,083-8893-8,,Liquidation◊Mieux notés,50.07,"3,39","6,79"
692,"Ancienne Lorette, QC","Barre de raclage de rechange Certified, 16 po, pour souffleuses Toro","Barre de raclage de rechange Certified, 16 po, pour souffleuses Toro",14.99,"14,99 $",29.99,"Était±  29,99 $prix était 29,99 $",14.99,"14,99 $",14.99,"14,99 $",true,https://www.canadiantire.ca/fr/pdp/barre-de-raclage-de-rechange-certified-16-po-pour-souffleuses-toro-0604579p.html,https://www.canadiantire.ca/fr/pdp/barre-de-raclage-de-rechange-certified-16-po-pour-souffleuses-toro-0604579p.html,https://media-www.canadiantire.ca/product/seasonal-gardening/outdoor-tools/tractor-lawn-mower-snowthrower-parts/0604579/certified-nylon-replacment-scraper-bar-16-fits-toro-2aa5cf46-6c42-402d-8aa6-14eaf2cf516d-jpgrendition.jpg?im=whresize&wid=200&hei=200,https://media-www.canadiantire.ca/product/seasonal-gardening/outdoor-tools/tractor-lawn-mower-snowthrower-parts/0604579/certified-nylon-replacment-scraper-bar-16-fits-toro-2aa5cf46-6c42-402d-8aa6-14eaf2cf516d-jpgrendition.jpg?im=whresize&wid=200&hei=200,,0604579,060-4579-6,Il n’en reste que 1 #060-4579-6,Liquidation◊Exclusivité,50.02,"14,99","29,99"
692,"Ancienne Lorette, QC","Décoration de jardin et statue de jardin ange commémoratif For Living, blanc/naturel","Décoration de jardin et statue de jardin ange commémoratif For Living, blanc/naturel",39.93,"39,93 $",99.99,"Était±  99,99 $prix était 99,99 $",39.93,"39,93 $",39.93,"39,93 $",true,https://www.canadiantire.ca/fr/pdp/decoration-de-jardin-et-statue-de-jardin-ange-commemoratif-for-living-blanc-naturel-1590034p.html,https://www.canadiantire.ca/fr/pdp/decoration-de-jardin-et-statue-de-jardin-ange-commemoratif-for-living-blanc-naturel-1590034p.html,https://media-www.canadiantire.ca/product/seasonal-gardening/backyard-living/outdoor-living-accessories/1590034/for-living-memorial-angel-statue-bf4e9f1e-d781-4699-a2bf-24ef75529d6b-jpgrendition.jpg?im=whresize&wid=200&hei=200,https://media-www.canadiantire.ca/product/seasonal-gardening/backyard-living/outdoor-living-accessories/1590034/for-living-memorial-angel-statue-bf4e9f1e-d781-4699-a2bf-24ef75529d6b-jpgrendition.jpg?im=whresize&wid=200&hei=200,,1590034,159-0034-4,Il n’en reste que 1 #159-0034-4,Liquidation◊Mieux notés,60.07,"39,93","99,99"
692,"Ancienne Lorette, QC","Laisse réfléchissante pour chiens Petco, 5 pi, noir/orange","Laisse réfléchissante pour chiens Petco, 5 pi, noir/orange",14.92,"14,92 $",29.99,"Était±  29,99 $prix était 29,99 $",14.92,"14,92 $",14.92,"14,92 $",true,https://www.canadiantire.ca/fr/pdp/laisse-reflechissante-pour-chiens-petco-5-pi-noir-orange-1427533p.html,https://www.canadiantire.ca/fr/pdp/laisse-reflechissante-pour-chiens-petco-5-pi-noir-orange-1427533p.html,https://media-www.canadiantire.ca/product/living/pet-care/pet-accessories/1427533/petco-5-16-blck-orng-reflective-dog-leash-5-ft-5243effe-7a35-4936-81d1-62d6531014fb-jpgrendition.jpg?im=whresize&wid=200&hei=200,https://media-www.canadiantire.ca/product/living/pet-care/pet-accessories/1427533/petco-5-16-blck-orng-reflective-dog-leash-5-ft-5243effe-7a35-4936-81d1-62d6531014fb-jpgrendition.jpg?im=whresize&wid=200&hei=200,,1427533,142-7533-2,Il n’en reste que 1 #142-7533-2,Liquidation◊Exclusivité,50.25,"14,92","29,99"
692,"Ancienne Lorette, QC","Feux de route auxiliaires, lumière/lampe utilitaire à DEL ronds Blazer AX4050, minces, 12 V","Feux de route auxiliaires, lumière/lampe utilitaire à DEL ronds Blazer AX4050, minces, 12 V",17.93,"17,93 $",39.99,"Était±  39,99 $prix était 39,99 $",17.93,"17,93 $",17.93,"17,93 $",true,https://www.canadiantire.ca/fr/pdp/feux-de-route-auxiliaires-lumiere-lampe-utilitaire-a-del-ronds-blazer-ax4050-minces-12-v-0203781p.html,https://www.canadiantire.ca/fr/pdp/feux-de-route-auxiliaires-lumiere-lampe-utilitaire-a-del-ronds-blazer-ax4050-minces-12-v-0203781p.html,https://media-www.canadiantire.ca/product/automotive/automotive-outdoor-adventure/auto-travel-storage/0203781/led-round-driving-light-kit-598e1856-6f81-4cd5-b7b1-f65536f9f83e-jpgrendition.jpg?im=whresize&wid=200&hei=200,https://media-www.canadiantire.ca/product/automotive/automotive-outdoor-adventure/auto-travel-storage/0203781/led-round-driving-light-kit-598e1856-6f81-4cd5-b7b1-f65536f9f83e-jpgrendition.jpg?im=whresize&wid=200&hei=200,,0203781,020-3781-4,,Liquidation◊,55.16,"17,93","39,99"
692,"Ancienne Lorette, QC","Maison de poupée à 3 étages pour enfants, bord de mer, 25 accessoires","Maison de poupée à 3 étages pour enfants, bord de mer, 25 accessoires",84.99,"84,99 $",249.99,"Était±  249,99 $prix était 249,99 $",84.99,"84,99 $",84.99,"84,99 $",true,https://www.canadiantire.ca/fr/pdp/maison-de-poupee-a-3-etages-pour-enfants-bord-de-mer-25-accessoires-1501666p.html,https://www.canadiantire.ca/fr/pdp/maison-de-poupee-a-3-etages-pour-enfants-bord-de-mer-25-accessoires-1501666p.html,https://media-www.canadiantire.ca/product/seasonal-gardening/toys/toys-games/1501666/beachside-doll-house-499b056d-aa09-4c1b-8974-7e409c58a2fc-jpgrendition.jpg?im=whresize&wid=200&hei=200,https://media-www.canadiantire.ca/product/seasonal-gardening/toys/toys-games/1501666/beachside-doll-house-499b056d-aa09-4c1b-8974-7e409c58a2fc-jpgrendition.jpg?im=whresize&wid=200&hei=200,,1501666,150-1666-2,Il n’en reste que 4 #150-1666-2,Liquidation◊Mieux notés,66,"84,99","249,99"
692,"Ancienne Lorette, QC","Tapis d'Halloween en fibre de coco, assorti","Tapis d'Halloween en fibre de coco, assorti",7.43,"7,43 $",14.99,"Était±  14,99 $prix était 14,99 $",7.43,"7,43 $",7.43,"7,43 $",true,https://www.canadiantire.ca/fr/pdp/tapis-d-halloween-en-fibre-de-coco-assorti-1519702p.html,https://www.canadiantire.ca/fr/pdp/tapis-d-halloween-en-fibre-de-coco-assorti-1519702p.html,https://media-www.canadiantire.ca/product/seasonal-gardening/seasonal/halloween-harvest/1519702/halloween-coir-mats-assortment-d425051b-33e5-4461-8986-f60281115b23-jpgrendition.jpg?im=whresize&wid=200&hei=200,https://media-www.canadiantire.ca/product/seasonal-gardening/seasonal/halloween-harvest/1519702/halloween-coir-mats-assortment-d425051b-33e5-4461-8986-f60281115b23-jpgrendition.jpg?im=whresize&wid=200&hei=200,,1519702,151-9702-6,,Liquidation◊Mieux notés,50.43,"7,43","14,99"
692,"Ancienne Lorette, QC","Maison de poupée à 3 étages KidKraft Tote-ables pour enfants, poupée, 3 ans et plus","Maison de poupée à 3 étages KidKraft Tote-ables pour enfants, poupée, 3 ans et plus",23.79,"23,79 $",69.99,"Était±  69,99 $prix était 69,99 $",23.79,"23,79 $",23.79,"23,79 $",true,https://www.canadiantire.ca/fr/pdp/maison-de-poupee-a-3-etages-kidkraft-tote-ables-pour-enfants-poupee-3-ans-et-plus-1501664p.html,https://www.canadiantire.ca/fr/pdp/maison-de-poupee-a-3-etages-kidkraft-tote-ables-pour-enfants-poupee-3-ans-et-plus-1501664p.html,https://media-www.canadiantire.ca/product/seasonal-gardening/toys/toys-games/1501664/kidkraft-tote-ables-dolls-house-deff0e2f-f6a2-4264-854d-7d0998bd3340-jpgrendition.jpg?im=whresize&wid=200&hei=200,https://media-www.canadiantire.ca/product/seasonal-gardening/toys/toys-games/1501664/kidkraft-tote-ables-dolls-house-deff0e2f-f6a2-4264-854d-7d0998bd3340-jpgrendition.jpg?im=whresize&wid=200&hei=200,,1501664,150-1664-6,Il n’en reste que 1 #150-1664-6,Liquidation◊,66.01,"23,79","69,99"
692,"Ancienne Lorette, QC","Raquettes Woods, hommes, bleu","Raquettes Woods, hommes, bleu",79.93,"79,93 $",159.99,"159,99 $Était   et+ prix était à partir de 159,99 $",79.93,"79,93 $",79.93,"79,93 $",true,https://www.canadiantire.ca/fr/pdp/raquettes-woods-hommes-bleu-0823110p.html,https://www.canadiantire.ca/fr/pdp/raquettes-woods-hommes-bleu-0823110p.html,https://media-www.canadiantire.ca/product/playing/seasonal-recreation/winter-recreation/0823110/woods-snowshoe-men-s-25--55bba9fe-a925-467c-bb57-b97655381a63-jpgrendition.jpg?im=whresize&wid=200&hei=200,https://media-www.canadiantire.ca/product/playing/seasonal-recreation/winter-recreation/0823110/woods-snowshoe-men-s-25--55bba9fe-a925-467c-bb57-b97655381a63-jpgrendition.jpg?im=whresize&wid=200&hei=200,,0823110,082-3110,Vérifiez la disponibilité#082-3110X,Liquidation◊Exclusivité,50.04,"79,93","159,99"
692,"Ancienne Lorette, QC",Connecteur rapide avec faisceau universel Hopkins Towing Solution Endurance,Connecteur rapide avec faisceau universel Hopkins Towing Solution Endurance,24.93,"24,93 $",52.99,"Était±  52,99 $prix était 52,99 $",24.93,"24,93 $",24.93,"24,93 $",true,https://www.canadiantire.ca/fr/pdp/connecteur-rapide-avec-faisceau-universel-hopkins-towing-solution-endurance-0409672p.html,https://www.canadiantire.ca/fr/pdp/connecteur-rapide-avec-faisceau-universel-hopkins-towing-solution-endurance-0409672p.html,https://media-www.canadiantire.ca/product/automotive/automotive-outdoor-adventure/auto-travel-storage/0409672/endurance-quick-install-connector-with-universal-harness-034654b3-d7d0-41df-8520-c8cd40de584a-jpgrendition.jpg?im=whresize&wid=200&hei=200,https://media-www.canadiantire.ca/product/automotive/automotive-outdoor-adventure/auto-travel-storage/0409672/endurance-quick-install-connector-with-universal-harness-034654b3-d7d0-41df-8520-c8cd40de584a-jpgrendition.jpg?im=whresize&wid=200&hei=200,,0409672,040-9672-0,Il n’en reste que 1 #040-9672-0,Liquidation◊Mieux notés,52.95,"24,93","52,99"
692,"Ancienne Lorette, QC","Serviettes de table pour fête d'anniversaire, Battle Royal, petit, paq. 16","Serviettes de table pour fête d'anniversaire, Battle Royal, petit, paq. 16",0.93,"0,93 $",3.49,"Était±  3,49 $prix était 3,49 $",0.93,"0,93 $",0.93,"0,93 $",true,https://www.canadiantire.ca/fr/pdp/serviettes-de-table-pour-fete-d-anniversaire-battle-royal-petit-paq-16-8423268p.html,https://www.canadiantire.ca/fr/pdp/serviettes-de-table-pour-fete-d-anniversaire-battle-royal-petit-paq-16-8423268p.html,https://media-www.canadiantire.ca/product/automotive/party-city-everyday/party-city-kids-birthday-pinatas/8423268/battle-royal-lunch-napkins-16-count-206f45ce-3269-4838-a626-03e21f65e79f-jpgrendition.jpg?im=whresize&wid=200&hei=200,https://media-www.canadiantire.ca/product/automotive/party-city-everyday/party-city-kids-birthday-pinatas/8423268/battle-royal-lunch-napkins-16-count-206f45ce-3269-4838-a626-03e21f65e79f-jpgrendition.jpg?im=whresize&wid=200&hei=200,,8423268,842-3268-2,32 En Stock#842-3268-2,Liquidation◊Mieux notés,73.35,"0,93","3,49"
692,"Ancienne Lorette, QC","Cible de chasse à la dinde Primos, 10,75 x 11,5 po, paq. 12","Cible de chasse à la dinde Primos, 10,75 x 11,5 po, paq. 12",4.93,"4,93 $",10.99,"Était±  10,99 $prix était 10,99 $",4.93,"4,93 $",4.93,"4,93 $",true,https://www.canadiantire.ca/fr/pdp/cible-de-chasse-a-la-dinde-primos-10-75-x-11-5-po-paq-12-1751628p.html,https://www.canadiantire.ca/fr/pdp/cible-de-chasse-a-la-dinde-primos-10-75-x-11-5-po-paq-12-1751628p.html,https://media-www.canadiantire.ca/product/playing/hunting/hunting-accessories/1751628/primos-shotgun-turkey-target-12-pcs--cc7cd8ae-ad7d-42e9-95ab-9504f71240cb-jpgrendition.jpg?im=whresize&wid=200&hei=200,https://media-www.canadiantire.ca/product/playing/hunting/hunting-accessories/1751628/primos-shotgun-turkey-target-12-pcs--cc7cd8ae-ad7d-42e9-95ab-9504f71240cb-jpgrendition.jpg?im=whresize&wid=200&hei=200,,1751628,175-1628-6,Il n’en reste que 1 #175-1628-6,Liquidation◊Mieux notés,55.14,"4,93","10,99"
692,"Ancienne Lorette, QC",Télécommande à 3 boutons pour ouvre-porte de garage Chamberlain G953EVC-P2,Télécommande à 3 boutons pour ouvre-porte de garage Chamberlain G953EVC-P2,29.99,"29,99 $",59.99,"Était±  59,99 $prix était 59,99 $",29.99,"29,99 $",29.99,"29,99 $",true,https://www.canadiantire.ca/fr/pdp/telecommande-a-3-boutons-pour-ouvre-porte-de-garage-chamberlain-g953evc-p2-0460580p.html,https://www.canadiantire.ca/fr/pdp/telecommande-a-3-boutons-pour-ouvre-porte-de-garage-chamberlain-g953evc-p2-0460580p.html,https://media-www.canadiantire.ca/product/fixing/tools/garage-organization/0460580/chamberlain-3-button-remote-control-for-garage-door-openers-e4efa8b4-3a29-484b-85fe-79e758584931-jpgrendition.jpg?im=whresize&wid=200&hei=200,https://media-www.canadiantire.ca/product/fixing/tools/garage-organization/0460580/chamberlain-3-button-remote-control-for-garage-door-openers-e4efa8b4-3a29-484b-85fe-79e758584931-jpgrendition.jpg?im=whresize&wid=200&hei=200,,0460580,046-0580-0,Il n’en reste que 1 #046-0580-0,Liquidation◊Mieux notés,50.01,"29,99","59,99"
692,"Ancienne Lorette, QC",Étiquette de bac de rangement réutilisable/amovible en plastique transparent à pince The Home Edit x iDESIGN,Étiquette de bac de rangement réutilisable/amovible en plastique transparent à pince The Home Edit x iDESIGN,2.99,"2,99 $",5.99,"Était±  5,99 $prix était 5,99 $",2.99,"2,99 $",2.99,"2,99 $",true,https://www.canadiantire.ca/fr/pdp/etiquette-de-bac-de-rangement-reutilisable-amovible-en-plastique-transparent-a-pince-the-home-edit-x-idesign-1429825p.html,https://www.canadiantire.ca/fr/pdp/etiquette-de-bac-de-rangement-reutilisable-amovible-en-plastique-transparent-a-pince-the-home-edit-x-idesign-1429825p.html,https://media-www.canadiantire.ca/product/living/home-organization/kitchen-organization/1429825/the-home-edit-clear-bin-clip-896fcc6c-228b-4909-a1a2-35638d4688ee-jpgrendition.jpg?im=whresize&wid=200&hei=200,https://media-www.canadiantire.ca/product/living/home-organization/kitchen-organization/1429825/the-home-edit-clear-bin-clip-896fcc6c-228b-4909-a1a2-35638d4688ee-jpgrendition.jpg?im=whresize&wid=200&hei=200,,1429825,142-9825-6,Il n’en reste que 4 #142-9825-6,Liquidation◊Exclusivité,50.08,"2,99","5,99"
692,"Ancienne Lorette, QC","Clown gonflable Gemmy, lumière à DEL, multicolore, 10-1/2 pi, décoration d'extérieur autogonflante pour l'Halloween","Clown gonflable Gemmy, lumière à DEL, multicolore, 10-1/2 pi, décoration d'extérieur autogonflante pour l'Halloween",114.93,"114,93 $",229.99,"Était±  229,99 $prix était 229,99 $",114.93,"114,93 $",114.93,"114,93 $",true,https://www.canadiantire.ca/fr/pdp/clown-gonflable-gemmy-lumiere-a-del-multicolore-10-1-2-pi-decoration-d-exterieur-autogonflante-pour-l-halloween-1519169p.html,https://www.canadiantire.ca/fr/pdp/clown-gonflable-gemmy-lumiere-a-del-multicolore-10-1-2-pi-decoration-d-exterieur-autogonflante-pour-l-halloween-1519169p.html,https://media-www.canadiantire.ca/product/seasonal-gardening/seasonal/halloween-harvest/1519169/12-airblown-giant-clown-0c616d96-d053-4023-a6cc-bb9ba7c6221d-jpgrendition.jpg?im=whresize&wid=200&hei=200,https://media-www.canadiantire.ca/product/seasonal-gardening/seasonal/halloween-harvest/1519169/12-airblown-giant-clown-0c616d96-d053-4023-a6cc-bb9ba7c6221d-jpgrendition.jpg?im=whresize&wid=200&hei=200,,1519169,151-9169-6,Il n’en reste que 1 #151-9169-6,Liquidation◊,50.03,"114,93","229,99"
692,"Ancienne Lorette, QC","Kit d'éclairage extérieur intelligent Type S, 72 po","Kit d'éclairage extérieur intelligent Type S, 72 po",69.93,"69,93 $",154.99,"Était±  154,99 $prix était 154,99 $",69.93,"69,93 $",69.93,"69,93 $",true,https://www.canadiantire.ca/fr/pdp/kit-d-eclairage-exterieur-intelligent-type-s-72-po-0378011p.html,https://www.canadiantire.ca/fr/pdp/kit-d-eclairage-exterieur-intelligent-type-s-72-po-0378011p.html,https://media-www.canadiantire.ca/product/automotive/car-care-accessories/auto-accessories/0378011/types-smart-72-exterior-led-kit-eb8da8eb-2c9b-40d6-81c5-88376166b279-jpgrendition.jpg?im=whresize&wid=200&hei=200,https://media-www.canadiantire.ca/product/automotive/car-care-accessories/auto-accessories/0378011/types-smart-72-exterior-led-kit-eb8da8eb-2c9b-40d6-81c5-88376166b279-jpgrendition.jpg?im=whresize&wid=200&hei=200,,0378011,037-8011-0,Il n’en reste que 1 #037-8011-0,Liquidation◊,54.88,"69,93","154,99"
692,"Ancienne Lorette, QC","Décalcomanie en vinyle Chevy Chroma robuste, paq. 2","Décalcomanie en vinyle Chevy Chroma robuste, paq. 2",6.93,"6,93 $",13.99,"Était±  13,99 $prix était 13,99 $",6.93,"6,93 $",6.93,"6,93 $",true,https://www.canadiantire.ca/fr/pdp/decalcomanie-en-vinyle-chevy-chroma-robuste-paq-2-0371968p.html,https://www.canadiantire.ca/fr/pdp/decalcomanie-en-vinyle-chevy-chroma-robuste-paq-2-0371968p.html,https://media-www.canadiantire.ca/product/automotive/car-care-accessories/auto-accessories/0371968/rugged-chevy-blackout-vinyl-decal-01f32159-1088-4f48-ab8b-d24f9111ec6b-jpgrendition.jpg?im=whresize&wid=200&hei=200,https://media-www.canadiantire.ca/product/automotive/car-care-accessories/auto-accessories/0371968/rugged-chevy-blackout-vinyl-decal-01f32159-1088-4f48-ab8b-d24f9111ec6b-jpgrendition.jpg?im=whresize&wid=200&hei=200,,0371968,037-1968-6,,Liquidation◊,50.46,"6,93","13,99"
692,"Ancienne Lorette, QC","Coffret de jeu Temple Jedi de Tenoo de Star Wars Les Aventures des petits Jedi, 3 ans et plus","Coffret de jeu Temple Jedi de Tenoo de Star Wars Les Aventures des petits Jedi, 3 ans et plus",20,"20,00 $",119.99,"Était±  119,99 $prix était 119,99 $",20,"20,00 $",20,"20,00 $",true,https://www.canadiantire.ca/fr/pdp/coffret-de-jeu-temple-jedi-de-tenoo-de-star-wars-les-aventures-des-petits-jedi-3-ans-et-plus-1500735p.html,https://www.canadiantire.ca/fr/pdp/coffret-de-jeu-temple-jedi-de-tenoo-de-star-wars-les-aventures-des-petits-jedi-3-ans-et-plus-1500735p.html,https://media-www.canadiantire.ca/product/seasonal-gardening/toys/preschool-toys-activities/1500735/spidey-and-friends-4-feature-figure-assorted-1c51599b-cff8-4a9e-a561-7be7b53bbaff-jpgrendition.jpg?im=whresize&wid=200&hei=200,https://media-www.canadiantire.ca/product/seasonal-gardening/toys/preschool-toys-activities/1500735/spidey-and-friends-4-feature-figure-assorted-1c51599b-cff8-4a9e-a561-7be7b53bbaff-jpgrendition.jpg?im=whresize&wid=200&hei=200,,1500735,150-0735-4,Il n’en reste que 3 #150-0735-4,Liquidation◊Mieux notés,83.33,"20,00","119,99"
692,"Ancienne Lorette, QC","L.O.L. Poupée L.O.L. Surprise! Lil Sisters sirène avec queue qui change de couleur, assortie","L.O.L. Poupée L.O.L. Surprise! Lil Sisters sirène avec queue qui change de couleur, assortie",5.49,"5,49 $",10.99,"Était±  10,99 $prix était 10,99 $",5.49,"5,49 $",5.49,"5,49 $",true,https://www.canadiantire.ca/fr/pdp/l-o-l-poupee-l-o-l-surprise-lil-sisters-sirene-avec-queue-qui-change-de-couleur-assortie-1501674p.html,https://www.canadiantire.ca/fr/pdp/l-o-l-poupee-l-o-l-surprise-lil-sisters-sirene-avec-queue-qui-change-de-couleur-assortie-1501674p.html,https://media-www.canadiantire.ca/product/seasonal-gardening/toys/toys-games/1501674/l-o-l-surprise-make-a-mermaid-lil-sisters-asst-in-pdq-9ae3066b-2f8d-45bc-8782-9fb6ab6275f3-jpgrendition.jpg?im=whresize&wid=200&hei=200,https://media-www.canadiantire.ca/product/seasonal-gardening/toys/toys-games/1501674/l-o-l-surprise-make-a-mermaid-lil-sisters-asst-in-pdq-9ae3066b-2f8d-45bc-8782-9fb6ab6275f3-jpgrendition.jpg?im=whresize&wid=200&hei=200,,1501674,150-1674-2,Il n’en reste que 1 #150-1674-2,Liquidation◊Mieux notés,50.05,"5,49","10,99"
692,"Ancienne Lorette, QC",Véhicule jouet camion monstre Sesame Street Giggle & Go,Véhicule jouet camion monstre Sesame Street Giggle & Go,30.49,"30,49 $",69.99,"Était±  69,99 $prix était 69,99 $",30.49,"30,49 $",30.49,"30,49 $",true,https://www.canadiantire.ca/fr/pdp/vehicule-jouet-camion-monstre-sesame-street-giggle-go-1501130p.html,https://www.canadiantire.ca/fr/pdp/vehicule-jouet-camion-monstre-sesame-street-giggle-go-1501130p.html,https://media-www.canadiantire.ca/product/seasonal-gardening/toys/preschool-toys-activities/1501130/sesame-street-giggle-n-go-monster-truck-cc0808d4-106d-4fa9-a74d-d437cf8ff1ae-jpgrendition.jpg?im=whresize&wid=200&hei=200,https://media-www.canadiantire.ca/product/seasonal-gardening/toys/preschool-toys-activities/1501130/sesame-street-giggle-n-go-monster-truck-cc0808d4-106d-4fa9-a74d-d437cf8ff1ae-jpgrendition.jpg?im=whresize&wid=200&hei=200,,1501130,150-1130-6,Il n’en reste que 3 #150-1130-6,Liquidation◊Mieux notés,56.44,"30,49","69,99"
692,"Ancienne Lorette, QC","Plaque murale pour interrupteur à bascule en nylon Leviton 00PJ2-741, taille intermédiaire, 2 dispositifs, ivoire","Plaque murale pour interrupteur à bascule en nylon Leviton 00PJ2-741, taille intermédiaire, 2 dispositifs, ivoire",0.93,"0,93 $",2.49,"Était±  2,49 $prix était 2,49 $",0.93,"0,93 $",0.93,"0,93 $",true,https://www.canadiantire.ca/fr/pdp/plaque-murale-pour-interrupteur-a-bascule-en-nylon-leviton-00pj2-741-taille-intermediaire-2-dispositifs-ivoire-0522891p.html,https://www.canadiantire.ca/fr/pdp/plaque-murale-pour-interrupteur-a-bascule-en-nylon-leviton-00pj2-741-taille-intermediaire-2-dispositifs-ivoire-0522891p.html,https://media-www.canadiantire.ca/product/fixing/electrical/rough-electrical/0522891/toggle-wallplate-2-gang-ivory-midway-size-e45c043c-ae34-4d5a-8f76-467a0804f92e-jpgrendition.jpg?im=whresize&wid=200&hei=200,https://media-www.canadiantire.ca/product/fixing/electrical/rough-electrical/0522891/toggle-wallplate-2-gang-ivory-midway-size-e45c043c-ae34-4d5a-8f76-467a0804f92e-jpgrendition.jpg?im=whresize&wid=200&hei=200,,0522891,052-2891-2,10 En Stock#052-2891-2,Liquidation◊Mieux notés,62.65,"0,93","2,49"
692,"Ancienne Lorette, QC",Adaptateur Hymair pour peinture,Adaptateur Hymair pour peinture,7.93,"7,93 $",15.99,"Était±  15,99 $prix était 15,99 $",7.93,"7,93 $",7.93,"7,93 $",true,https://www.canadiantire.ca/fr/pdp/adaptateur-hymair-pour-peinture-0581960p.html,https://www.canadiantire.ca/fr/pdp/adaptateur-hymair-pour-peinture-0581960p.html,https://media-www.canadiantire.ca/product/fixing/tools/air-tools-accessories/0581960/hymiar-paint-adaptor-2ede0503-35a6-449b-b84a-87b52f7fc5cb-jpgrendition.jpg?im=whresize&wid=200&hei=200,https://media-www.canadiantire.ca/product/fixing/tools/air-tools-accessories/0581960/hymiar-paint-adaptor-2ede0503-35a6-449b-b84a-87b52f7fc5cb-jpgrendition.jpg?im=whresize&wid=200&hei=200,,0581960,058-1960-2,8 En Stock#058-1960-2,Liquidation◊,50.41,"7,93","15,99"
692,"Ancienne Lorette, QC","Leurres pour petits poissons RedWolf, paq. 80","Leurres pour petits poissons RedWolf, paq. 80",6.73,"6,73 $",14.99,"Était±  14,99 $prix était 14,99 $",6.73,"6,73 $",6.73,"6,73 $",true,https://www.canadiantire.ca/fr/pdp/leurres-pour-petits-poissons-redwolf-paq-80-0777782p.html,https://www.canadiantire.ca/fr/pdp/leurres-pour-petits-poissons-redwolf-paq-80-0777782p.html,https://media-www.canadiantire.ca/product/playing/fishing/fishing-lures/0777782/red-wolf-panfish-kit-80-piece-5fb9ca28-10d1-46bb-9b52-cf72fa75317c-jpgrendition.jpg?im=whresize&wid=200&hei=200,https://media-www.canadiantire.ca/product/playing/fishing/fishing-lures/0777782/red-wolf-panfish-kit-80-piece-5fb9ca28-10d1-46bb-9b52-cf72fa75317c-jpgrendition.jpg?im=whresize&wid=200&hei=200,,0777782,077-7782-4,Il n’en reste que 2 #077-7782-4,Liquidation◊Mieux notés,55.1,"6,73","14,99"
692,"Ancienne Lorette, QC","Chariot de visite d'usage courant à profil bas avec appuie-tête à double rembourrage MotoMaster, 40 po","Chariot de visite d'usage courant à profil bas avec appuie-tête à double rembourrage MotoMaster, 40 po",19.93,"19,93 $",69.99,"Était±  69,99 $prix était 69,99 $",19.93,"19,93 $",19.93,"19,93 $",true,https://www.canadiantire.ca/fr/pdp/chariot-de-visite-d-usage-courant-a-profil-bas-avec-appuie-tete-a-double-rembourrage-motomaster-40-po-0091554p.html,https://www.canadiantire.ca/fr/pdp/chariot-de-visite-d-usage-courant-a-profil-bas-avec-appuie-tete-a-double-rembourrage-motomaster-40-po-0091554p.html,https://media-www.canadiantire.ca/product/automotive/auto-maintenance/auto-shop-equipment-supplies/0091554/motomaster-standard-duty-shop-creeper-40-in-bfc36783-e43a-4a8e-b404-8ae562187f97.png?im=whresize&wid=200&hei=200,https://media-www.canadiantire.ca/product/automotive/auto-maintenance/auto-shop-equipment-supplies/0091554/motomaster-standard-duty-shop-creeper-40-in-bfc36783-e43a-4a8e-b404-8ae562187f97.png?im=whresize&wid=200&hei=200,,0091554,009-1554-8,,Liquidation◊Mieux notés,71.52,"19,93","69,99"
692,"Ancienne Lorette, QC","Ballon en aluminium satiné citrouille lanterne, orange/noir, 29 po, gonflement à l'hélium et ruban inclus, pour Halloween","Ballon en aluminium satiné citrouille lanterne, orange/noir, 29 po, gonflement à l'hélium et ruban inclus, pour Halloween",2.93,"2,93 $",16.99,"Était±  16,99 $prix était 16,99 $",2.93,"2,93 $",2.93,"2,93 $",true,https://www.canadiantire.ca/fr/pdp/ballon-en-aluminium-satine-citrouille-lanterne-orange-noir-29-po-gonflement-a-l-helium-et-ruban-inclus-pour-halloween-8431611p.html,https://www.canadiantire.ca/fr/pdp/ballon-en-aluminium-satine-citrouille-lanterne-orange-noir-29-po-gonflement-a-l-helium-et-ruban-inclus-pour-halloween-8431611p.html,https://media-www.canadiantire.ca/product/seasonal-gardening/party-city-everyday/party-city-party-supplies-decor/8431611/scary-jack-o-lantern-balloon-35650dc7-40ac-4539-9975-1caf29977549-jpgrendition.jpg?im=whresize&wid=200&hei=200,https://media-www.canadiantire.ca/product/seasonal-gardening/party-city-everyday/party-city-party-supplies-decor/8431611/scary-jack-o-lantern-balloon-35650dc7-40ac-4539-9975-1caf29977549-jpgrendition.jpg?im=whresize&wid=200&hei=200,,8431611,843-1611-4,,Liquidation◊Hélium compris,82.75,"2,93","16,99"
692,"Ancienne Lorette, QC",Ensemble d'arbalète à poulie Excalibur Diamond Infinite 305 Edge,Ensemble d'arbalète à poulie Excalibur Diamond Infinite 305 Edge,299.99,"299,99 $",599.99,"Était±  599,99 $prix était 599,99 $",299.99,"299,99 $",299.99,"299,99 $",true,https://www.canadiantire.ca/fr/pdp/ensemble-d-arbalete-a-poulie-excalibur-diamond-infinite-305-edge-3750833p.html,https://www.canadiantire.ca/fr/pdp/ensemble-d-arbalete-a-poulie-excalibur-diamond-infinite-305-edge-3750833p.html,https://media-www.canadiantire.ca/product/playing/hunting/hunting-equipment/3750833/diamond-edge-pro-rtg-pkg-764c0345-8b48-425e-89e6-4f7678d4bc43-jpgrendition.jpg?im=whresize&wid=200&hei=200,https://media-www.canadiantire.ca/product/playing/hunting/hunting-equipment/3750833/diamond-edge-pro-rtg-pkg-764c0345-8b48-425e-89e6-4f7678d4bc43-jpgrendition.jpg?im=whresize&wid=200&hei=200,,3750833,375-0833-6,Il n’en reste que 1 #375-0833-6,Liquidation◊Mieux notés,50,"299,99","599,99"
692,"Ancienne Lorette, QC","Sangle statique pour voiture Certified avec bande réfléchissante, 18 po","Sangle statique pour voiture Certified avec bande réfléchissante, 18 po",1.73,"1,73 $",9.99,"Était±  9,99 $prix était 9,99 $",1.73,"1,73 $",1.73,"1,73 $",true,https://www.canadiantire.ca/fr/pdp/sangle-statique-pour-voiture-certified-avec-bande-reflechissante-18-po-0375024p.html,https://www.canadiantire.ca/fr/pdp/sangle-statique-pour-voiture-certified-avec-bande-reflechissante-18-po-0375024p.html,https://media-www.canadiantire.ca/product/automotive/car-care-accessories/auto-winter-accessories/0375024/static-strap-with-reflective-strip-be98be87-49e4-4f2a-bb05-df376bbfbae5-jpgrendition.jpg?im=whresize&wid=200&hei=200,https://media-www.canadiantire.ca/product/automotive/car-care-accessories/auto-winter-accessories/0375024/static-strap-with-reflective-strip-be98be87-49e4-4f2a-bb05-df376bbfbae5-jpgrendition.jpg?im=whresize&wid=200&hei=200,,0375024,037-5024-8,70 En Stock#037-5024-8,Liquidation◊Exclusivité,82.68,"1,73","9,99"
692,"Ancienne Lorette, QC","Lunette de visée Bushnell Engage, noir mat, 3-9x50mm","Lunette de visée Bushnell Engage, noir mat, 3-9x50mm",100,"100,00 $",329.99,"Était±  329,99 $prix était 329,99 $",100,"100,00 $",100,"100,00 $",true,https://www.canadiantire.ca/fr/pdp/lunette-de-visee-bushnell-engage-noir-mat-3-9x50mm-1759415p.html,https://www.canadiantire.ca/fr/pdp/lunette-de-visee-bushnell-engage-noir-mat-3-9x50mm-1759415p.html,https://media-www.canadiantire.ca/product/playing/hunting/hunting-equipment/1759415/bushnell-engage-3-9x50-riflescope-23cd9a4d-1285-4ee5-9b2f-582b1d5d68c7-jpgrendition.jpg?im=whresize&wid=200&hei=200,https://media-www.canadiantire.ca/product/playing/hunting/hunting-equipment/1759415/bushnell-engage-3-9x50-riflescope-23cd9a4d-1285-4ee5-9b2f-582b1d5d68c7-jpgrendition.jpg?im=whresize&wid=200&hei=200,,1759415,175-9415-4,Il n’en reste que 1 #175-9415-4,Liquidation◊Mieux notés,69.7,"100,00","329,99"
692,"Ancienne Lorette, QC","Plaque murale pour interrupteur à bascule en nylon Leviton PJ262-748 Decora, taille intermédiaire, 2 dispositifs, gris","Plaque murale pour interrupteur à bascule en nylon Leviton PJ262-748 Decora, taille intermédiaire, 2 dispositifs, gris",1.43,"1,43 $",3.99,"Était±  3,99 $prix était 3,99 $",1.43,"1,43 $",1.43,"1,43 $",true,https://www.canadiantire.ca/fr/pdp/plaque-murale-pour-interrupteur-a-bascule-en-nylon-leviton-pj262-748-decora-taille-intermediaire-2-dispositifs-gris-0523444p.html,https://www.canadiantire.ca/fr/pdp/plaque-murale-pour-interrupteur-a-bascule-en-nylon-leviton-pj262-748-decora-taille-intermediaire-2-dispositifs-gris-0523444p.html,https://media-www.canadiantire.ca/product/fixing/electrical/rough-electrical/0523444/decora-wallplate-2-gang-grey-midway-size-64cdd973-2450-4a32-885e-78474587a602-jpgrendition.jpg?im=whresize&wid=200&hei=200,https://media-www.canadiantire.ca/product/fixing/electrical/rough-electrical/0523444/decora-wallplate-2-gang-grey-midway-size-64cdd973-2450-4a32-885e-78474587a602-jpgrendition.jpg?im=whresize&wid=200&hei=200,,0523444,052-3444-2,Il n’en reste que 1 #052-3444-2,Liquidation◊,64.16,"1,43","3,99"
692,"Ancienne Lorette, QC","Ampoules à DEL intelligentes Wi-Fi NOMA iQ, blanc réglable, spectre de couleurs complet, paq. 2","Ampoules à DEL intelligentes Wi-Fi NOMA iQ, blanc réglable, spectre de couleurs complet, paq. 2",9.88,"9,88 $",39.99,"Était±  39,99 $prix était 39,99 $",9.88,"9,88 $",9.88,"9,88 $",true,https://www.canadiantire.ca/fr/pdp/ampoules-a-del-intelligentes-wi-fi-noma-iq-blanc-reglable-spectre-de-couleurs-complet-paq-2-1522533p.html,https://www.canadiantire.ca/fr/pdp/ampoules-a-del-intelligentes-wi-fi-noma-iq-blanc-reglable-spectre-de-couleurs-complet-paq-2-1522533p.html,https://media-www.canadiantire.ca/product/fixing/electrical/light-bulbs/1522533/noma-iq-gu10-white-colour-2-pack-7d67aa8e-dff6-4012-8615-2170b6e18ce0-jpgrendition.jpg?im=whresize&wid=200&hei=200,https://media-www.canadiantire.ca/product/fixing/electrical/light-bulbs/1522533/noma-iq-gu10-white-colour-2-pack-7d67aa8e-dff6-4012-8615-2170b6e18ce0-jpgrendition.jpg?im=whresize&wid=200&hei=200,,1522533,152-2533-8,51 En Stock#152-2533-8,Liquidation◊Mieux notés,75.29,"9,88","39,99"
692,"Ancienne Lorette, QC",Pince de fixation antidérapante pour éclairage à DEL Alpena,Pince de fixation antidérapante pour éclairage à DEL Alpena,19.93,"19,93 $",51.99,"Était±  51,99 $prix était 51,99 $",19.93,"19,93 $",19.93,"19,93 $",true,https://www.canadiantire.ca/fr/pdp/pince-de-fixation-antiderapante-pour-eclairage-a-del-alpena-0203458p.html,https://www.canadiantire.ca/fr/pdp/pince-de-fixation-antiderapante-pour-eclairage-a-del-alpena-0203458p.html,https://media-www.canadiantire.ca/product/automotive/automotive-outdoor-adventure/auto-travel-storage/0203458/alpena-led-lighta-clamp-mounting-bracket-07ddd329-cfd2-4e8e-afd2-4dc7c9f16f82-jpgrendition.jpg?im=whresize&wid=200&hei=200,https://media-www.canadiantire.ca/product/automotive/automotive-outdoor-adventure/auto-travel-storage/0203458/alpena-led-lighta-clamp-mounting-bracket-07ddd329-cfd2-4e8e-afd2-4dc7c9f16f82-jpgrendition.jpg?im=whresize&wid=200&hei=200,,0203458,020-3458-6,Il n’en reste que 1 #020-3458-6,Liquidation◊,61.67,"19,93","51,99"
692,"Ancienne Lorette, QC","Guirlande lumineuse à DEL en forme de crâne For Living, argent métallisé, 82 po, paq. 10, décorations d'intérieur et d'extérieur pour l'Halloween","Guirlande lumineuse à DEL en forme de crâne For Living, argent métallisé, 82 po, paq. 10, décorations d'intérieur et d'extérieur pour l'Halloween",4.49,"4,49 $",8.99,"Était±  8,99 $prix était 8,99 $",4.49,"4,49 $",4.49,"4,49 $",true,https://www.canadiantire.ca/fr/pdp/guirlande-lumineuse-a-del-en-forme-de-crane-for-living-argent-metallise-82-po-paq-10-decorations-d-interieur-et-d-exterieur-pour-l-halloween-1518448p.html,https://www.canadiantire.ca/fr/pdp/guirlande-lumineuse-a-del-en-forme-de-crane-for-living-argent-metallise-82-po-paq-10-decorations-d-interieur-et-d-exterieur-pour-l-halloween-1518448p.html,https://media-www.canadiantire.ca/product/seasonal-gardening/seasonal/halloween-harvest/1518448/10-led-battery-operated-silver-skulls-string-lights-bba1a38e-ab61-4134-892c-c624771ab9d8-jpgrendition.jpg?im=whresize&wid=200&hei=200,https://media-www.canadiantire.ca/product/seasonal-gardening/seasonal/halloween-harvest/1518448/10-led-battery-operated-silver-skulls-string-lights-bba1a38e-ab61-4134-892c-c624771ab9d8-jpgrendition.jpg?im=whresize&wid=200&hei=200,,1518448,151-8448-8,,Liquidation◊Exclusivité,50.06,"4,49","8,99"
692,"Ancienne Lorette, QC","Assainisseurs d'air suspendus Little Trees, acier pur, paq. 3","Assainisseurs d'air suspendus Little Trees, acier pur, paq. 3",1.93,"1,93 $",4.29,"Était±  4,29 $prix était 4,29 $",1.93,"1,93 $",1.93,"1,93 $",true,https://www.canadiantire.ca/fr/pdp/assainisseurs-d-air-suspendus-little-trees-acier-pur-paq-3-0372671p.html,https://www.canadiantire.ca/fr/pdp/assainisseurs-d-air-suspendus-little-trees-acier-pur-paq-3-0372671p.html,https://media-www.canadiantire.ca/product/automotive/car-care-accessories/auto-accessories/0372671/little-trees-3-pack-pure-steel-air-freshener-69680b4e-68dc-4764-8061-861cb47ac96e-jpgrendition.jpg?im=whresize&wid=200&hei=200,https://media-www.canadiantire.ca/product/automotive/car-care-accessories/auto-accessories/0372671/little-trees-3-pack-pure-steel-air-freshener-69680b4e-68dc-4764-8061-861cb47ac96e-jpgrendition.jpg?im=whresize&wid=200&hei=200,,0372671,037-2671-4,,Liquidation◊Mieux notés,55.01,"1,93","4,29"
692,"Ancienne Lorette, QC",Brosse à manchette en nylon pour doublure de caisse Sure Seal Dominion,Brosse à manchette en nylon pour doublure de caisse Sure Seal Dominion,9.93,"9,93 $",39.99,"Était±  39,99 $prix était 39,99 $",9.93,"9,93 $",9.93,"9,93 $",true,https://www.canadiantire.ca/fr/pdp/brosse-a-manchette-en-nylon-pour-doublure-de-caisse-sure-seal-dominion-0479976p.html,https://www.canadiantire.ca/fr/pdp/brosse-a-manchette-en-nylon-pour-doublure-de-caisse-sure-seal-dominion-0479976p.html,https://media-www.canadiantire.ca/product/automotive/car-care-accessories/auto-body-repair/0479976/bedliner-nylon-scuff-brush-fb1198af-02e4-4e78-9992-2116f42c874b-jpgrendition.jpg?im=whresize&wid=200&hei=200,https://media-www.canadiantire.ca/product/automotive/car-care-accessories/auto-body-repair/0479976/bedliner-nylon-scuff-brush-fb1198af-02e4-4e78-9992-2116f42c874b-jpgrendition.jpg?im=whresize&wid=200&hei=200,,0479976,047-9976-4,Il n’en reste que 7 #047-9976-4,Liquidation◊,75.17,"9,93","39,99"
692,"Ancienne Lorette, QC","Collier pour chiens ajustable Perri's, camouflage vert, choix de tailles","Collier pour chiens ajustable Perri's, camouflage vert, choix de tailles",5,"5,00 $",17.99,"17,99 $Était   et+ prix était à partir de 17,99 $",5,"5,00 $",5,"5,00 $",true,https://www.canadiantire.ca/fr/pdp/collier-pour-chiens-ajustable-perri-s-camouflage-vert-choix-de-tailles-2420737p.html,https://www.canadiantire.ca/fr/pdp/collier-pour-chiens-ajustable-perri-s-camouflage-vert-choix-de-tailles-2420737p.html,https://media-www.canadiantire.ca/product/living/pet-care/pet-accessories/2420737/perri-s-camo-green-dog-collar-small-281b1e66-f5f7-40e0-9e5a-049be2434acc-jpgrendition.jpg?im=whresize&wid=200&hei=200,https://media-www.canadiantire.ca/product/living/pet-care/pet-accessories/2420737/perri-s-camo-green-dog-collar-small-281b1e66-f5f7-40e0-9e5a-049be2434acc-jpgrendition.jpg?im=whresize&wid=200&hei=200,,2420737,242-0737,Vérifiez la disponibilité#242-0737X,Liquidation◊Exclusivité,72.21,"5,00","17,99"
692,"Ancienne Lorette, QC",Boîte de rangement sous le siège Husky Liners,Boîte de rangement sous le siège Husky Liners,20,"20,00 $",239.95,"239,95 $Était   et+ prix était à partir de 239,95 $",20,"20,00 $",20,"20,00 $",true,https://www.canadiantire.ca/fr/pdp/boite-de-rangement-sous-le-siege-husky-liners-3310001p.html,https://www.canadiantire.ca/fr/pdp/boite-de-rangement-sous-le-siege-husky-liners-3310001p.html,https://media-www.canadiantire.ca/product/automotive/car-care-accessories/auto-comfort/3310001/husky-gearbox-07-13-chevrolet-silverado-gmc-sierra-crew-cab-3a5eeb6d-7969-47ce-804e-a0770ba55612-jpgrendition.jpg?im=whresize&wid=200&hei=200,https://media-www.canadiantire.ca/product/automotive/car-care-accessories/auto-comfort/3310001/husky-gearbox-07-13-chevrolet-silverado-gmc-sierra-crew-cab-3a5eeb6d-7969-47ce-804e-a0770ba55612-jpgrendition.jpg?im=whresize&wid=200&hei=200,,3310001,331-0001,Vérifiez la disponibilité#331-0001X,Liquidation◊,91.66,"20,00","239,95"
692,"Ancienne Lorette, QC",Filtre rinçable primaire Hoover,Filtre rinçable primaire Hoover,12.93,"12,93 $",27.99,"Était±  27,99 $prix était 27,99 $",12.93,"12,93 $",12.93,"12,93 $",true,https://www.canadiantire.ca/fr/pdp/filtre-rincable-primaire-hoover-0439458p.html,https://www.canadiantire.ca/fr/pdp/filtre-rincable-primaire-hoover-0439458p.html,https://media-www.canadiantire.ca/product/living/cleaning/vacuums-and-floorcare/0439458/hoover-reusable-upright-pre-motor-filter-6f7e61a6-e08e-406a-986c-562bf9504271-jpgrendition.jpg?im=whresize&wid=200&hei=200,https://media-www.canadiantire.ca/product/living/cleaning/vacuums-and-floorcare/0439458/hoover-reusable-upright-pre-motor-filter-6f7e61a6-e08e-406a-986c-562bf9504271-jpgrendition.jpg?im=whresize&wid=200&hei=200,,0439458,043-9458-6,Il n’en reste que 1 #043-9458-6,Liquidation◊Mieux notés,53.8,"12,93","27,99"
692,"Ancienne Lorette, QC","Télescope Celestron PowerSeeker 50AZ, noir","Télescope Celestron PowerSeeker 50AZ, noir",48.93,"48,93 $",99.99,"Était±  99,99 $prix était 99,99 $",48.93,"48,93 $",48.93,"48,93 $",true,https://www.canadiantire.ca/fr/pdp/telescope-celestron-powerseeker-50az-noir-0761023p.html,https://www.canadiantire.ca/fr/pdp/telescope-celestron-powerseeker-50az-noir-0761023p.html,https://media-www.canadiantire.ca/product/playing/hunting/hunting-equipment/0761023/celestron-powerseeker-50az-telescope-12546f2b-718b-4b98-a591-f7eb092ecd18-jpgrendition.jpg?im=whresize&wid=200&hei=200,https://media-www.canadiantire.ca/product/playing/hunting/hunting-equipment/0761023/celestron-powerseeker-50az-telescope-12546f2b-718b-4b98-a591-f7eb092ecd18-jpgrendition.jpg?im=whresize&wid=200&hei=200,,0761023,076-1023-0,Il n’en reste que 3 #076-1023-0,Liquidation◊,51.07,"48,93","99,99"
692,"Ancienne Lorette, QC","Lampe de table avec abat-jour en Lin CANVAS Abby, 20 po, bronze huilé","Lampe de table avec abat-jour en Lin CANVAS Abby, 20 po, bronze huilé",29.93,"29,93 $",79.99,"Était±  79,99 $prix était 79,99 $",29.93,"29,93 $",29.93,"29,93 $",true,https://www.canadiantire.ca/fr/pdp/lampe-de-table-avec-abat-jour-en-lin-canvas-abby-20-po-bronze-huile-0527898p.html,https://www.canadiantire.ca/fr/pdp/lampe-de-table-avec-abat-jour-en-lin-canvas-abby-20-po-bronze-huile-0527898p.html,https://media-www.canadiantire.ca/product/living/home-decor/lighting/0527898/canvas-abby-table-lamp-729f6980-7937-4342-a7e0-f14e7b46f5f5.png?im=whresize&wid=200&hei=200,https://media-www.canadiantire.ca/product/living/home-decor/lighting/0527898/canvas-abby-table-lamp-729f6980-7937-4342-a7e0-f14e7b46f5f5.png?im=whresize&wid=200&hei=200,,0527898,052-7898-8,Il n’en reste que 2 #052-7898-8,Liquidation◊Mieux notés,62.58,"29,93","79,99"
692,"Ancienne Lorette, QC","Panier-tiroir CANVAS cubique en tissu, rayures blanches et grises, 10,5 x 10,5 x 10,9 po","Panier-tiroir CANVAS cubique en tissu, rayures blanches et grises, 10,5 x 10,5 x 10,9 po",3.93,"3,93 $",9.29,"Était±  9,29 $prix était 9,29 $",3.93,"3,93 $",3.93,"3,93 $",true,https://www.canadiantire.ca/fr/pdp/panier-tiroir-canvas-cubique-en-tissu-rayures-blanches-et-grises-10-5-x-10-5-x-10-9-po-0680479p.html,https://www.canadiantire.ca/fr/pdp/panier-tiroir-canvas-cubique-en-tissu-rayures-blanches-et-grises-10-5-x-10-5-x-10-9-po-0680479p.html,https://media-www.canadiantire.ca/product/living/home-decor/decor-accents/0680479/canvas-stripe-storage-cube-white-grey-56d474b5-b7df-4aae-b0bc-285e666790d7-jpgrendition.jpg?im=whresize&wid=200&hei=200,https://media-www.canadiantire.ca/product/living/home-decor/decor-accents/0680479/canvas-stripe-storage-cube-white-grey-56d474b5-b7df-4aae-b0bc-285e666790d7-jpgrendition.jpg?im=whresize&wid=200&hei=200,,0680479,068-0479-2,,Liquidation◊Mieux notés,57.7,"3,93","9,29"
692,"Ancienne Lorette, QC","Crampons à glace Eagle Claw, noir, très grand","Crampons à glace Eagle Claw, noir, très grand",6.11,"6,11 $",17.99,"Était±  17,99 $prix était 17,99 $",6.11,"6,11 $",6.11,"6,11 $",true,https://www.canadiantire.ca/fr/pdp/crampons-a-glace-eagle-claw-noir-tres-grand-0774538p.html,https://www.canadiantire.ca/fr/pdp/crampons-a-glace-eagle-claw-noir-tres-grand-0774538p.html,https://media-www.canadiantire.ca/product/playing/fishing/ice-fishing/0774537/eagle-claw-ice-cleats-large-2998e334-7fdd-440c-8b1f-2af6ebfd515c-jpgrendition.jpg?im=whresize&wid=200&hei=200,https://media-www.canadiantire.ca/product/playing/fishing/ice-fishing/0774537/eagle-claw-ice-cleats-large-2998e334-7fdd-440c-8b1f-2af6ebfd515c-jpgrendition.jpg?im=whresize&wid=200&hei=200,,0774538,077-4538-6,,Liquidation◊,66.04,"6,11","17,99"
692,"Ancienne Lorette, QC","Abri de pêche blanche Frabill HQ300, 4 à 6 personnes","Abri de pêche blanche Frabill HQ300, 4 à 6 personnes",274.99,"274,99 $",549.99,"Était±  549,99 $prix était 549,99 $",274.99,"274,99 $",274.99,"274,99 $",true,https://www.canadiantire.ca/fr/pdp/abri-de-peche-blanche-frabill-hq300-4-a-6-personnes-0773864p.html,https://www.canadiantire.ca/fr/pdp/abri-de-peche-blanche-frabill-hq300-4-a-6-personnes-0773864p.html,https://media-www.canadiantire.ca/product/playing/fishing/ice-fishing/0773864/frabill-hq300-ice-shelter-4-6-person-826c5de1-9494-49f1-b5cd-df0a9d389f76-jpgrendition.jpg?im=whresize&wid=200&hei=200,https://media-www.canadiantire.ca/product/playing/fishing/ice-fishing/0773864/frabill-hq300-ice-shelter-4-6-person-826c5de1-9494-49f1-b5cd-df0a9d389f76-jpgrendition.jpg?im=whresize&wid=200&hei=200,,0773864,077-3864-4,Il n’en reste que 1 #077-3864-4,Liquidation◊,50,"274,99","549,99"
692,"Ancienne Lorette, QC",Appareil de massage électrique vibrant chaud et froid HoMedics avec 8 têtes de massage personnalisées,Appareil de massage électrique vibrant chaud et froid HoMedics avec 8 têtes de massage personnalisées,24.93,"24,93 $",74.99,"Était±  74,99 $prix était 74,99 $",24.93,"24,93 $",24.93,"24,93 $",true,https://www.canadiantire.ca/fr/pdp/appareil-de-massage-electrique-vibrant-chaud-et-froid-homedics-avec-8-tetes-de-massage-personnalisees-0439595p.html,https://www.canadiantire.ca/fr/pdp/appareil-de-massage-electrique-vibrant-chaud-et-froid-homedics-avec-8-tetes-de-massage-personnalisees-0439595p.html,https://media-www.canadiantire.ca/product/living/personal-garment-care/personal-care/0439595/homedicsa-hot-cold-handheld-massager--2dcb5a1a-8746-412c-8f53-ec32795d4f4a-jpgrendition.jpg?im=whresize&wid=200&hei=200,https://media-www.canadiantire.ca/product/living/personal-garment-care/personal-care/0439595/homedicsa-hot-cold-handheld-massager--2dcb5a1a-8746-412c-8f53-ec32795d4f4a-jpgrendition.jpg?im=whresize&wid=200&hei=200,,0439595,043-9595-8,Il n’en reste que 1 #043-9595-8,Liquidation◊,66.76,"24,93","74,99"
692,"Ancienne Lorette, QC",Décalcomanies crânes et hockey,Décalcomanies crânes et hockey,2.93,"2,93 $",14.99,"Était±  14,99 $prix était 14,99 $",2.93,"2,93 $",2.93,"2,93 $",true,https://www.canadiantire.ca/fr/pdp/decalcomanies-cranes-et-hockey-0379289p.html,https://www.canadiantire.ca/fr/pdp/decalcomanies-cranes-et-hockey-0379289p.html,https://media-www.canadiantire.ca/product/automotive/car-care-accessories/auto-accessories/0379289/hockey-skulls-decal-pack-d2710bd0-2901-4269-b147-7baacb6f52b4-jpgrendition.jpg?im=whresize&wid=200&hei=200,https://media-www.canadiantire.ca/product/automotive/car-care-accessories/auto-accessories/0379289/hockey-skulls-decal-pack-d2710bd0-2901-4269-b147-7baacb6f52b4-jpgrendition.jpg?im=whresize&wid=200&hei=200,,0379289,037-9289-4,Il n’en reste que 4 #037-9289-4,Liquidation◊,80.45,"2,93","14,99"
