store_id,city,name,title,price,price_raw,regular_price,regular_price_raw,liquidation_price,liquidation_price_raw,sale_price,sale_price_raw,liquidation,url,link,image,image_url,product_id,sku,sku_formatted,availability,badges,discount_percent,price_sale_clean,price_original_clean
30,"Warden & Eglinton, ON","Échelle de piscine en A en acier Bestway Flowclear avec rampe, 42 po","Échelle de piscine en A en acier Bestway Flowclear avec rampe, 42 po",19.93,"19,93 $",99.99,"Était±  99,99 $prix était 99,99 $",19.93,"19,93 $",19.93,"19,93 $",true,https://www.canadiantire.ca/fr/pdp/echelle-de-piscine-en-a-en-acier-bestway-flowclear-avec-rampe-42-po-0813926p.html,https://www.canadiantire.ca/fr/pdp/echelle-de-piscine-en-a-en-acier-bestway-flowclear-avec-rampe-42-po-0813926p.html,https://media-www.canadiantire.ca/product/seasonal-gardening/backyard-fun/pool-maintenance/0813926/42-pool-ladder-1e5af39a-d711-4efc-88d9-7f79508fac9d-jpgrendition.jpg?im=whresize&wid=200&hei=200,https://media-www.canadiantire.ca/product/seasonal-gardening/backyard-fun/pool-maintenance/0813926/42-pool-ladder-1e5af39a-d711-4efc-88d9-7f79508fac9d-jpgrendition.jpg?im=whresize&wid=200&hei=200,,0813926,081-3926-6,11 En Stock#081-3926-6,Liquidation◊,80.07,"19,93","99,99"
30,"Warden & Eglinton, ON",Garde-robe à miroir rétractable Canvas,Garde-robe à miroir rétractable Canvas,229.93,"229,93 $",499.99,"Était±  499,99 $prix était 499,99 $",229.93,"229,93 $",229.93,"229,93 $",true,https://www.canadiantire.ca/fr/pdp/garde-robe-a-miroir-retractable-canvas-1680201p.html,https://www.canadiantire.ca/fr/pdp/garde-robe-a-miroir-retractable-canvas-1680201p.html,https://media-www.canadiantire.ca/product/living/home-decor/furniture/1680201/canvas-wardrobe-with-pullout-mirror-22f525bf-93c2-43fc-b5b1-e5ba5516f382-jpgrendition.jpg?im=whresize&wid=200&hei=200,https://media-www.canadiantire.ca/product/living/home-decor/furniture/1680201/canvas-wardrobe-with-pullout-mirror-22f525bf-93c2-43fc-b5b1-e5ba5516f382-jpgrendition.jpg?im=whresize&wid=200&hei=200,,1680201,168-0201-4,Il n’en reste que 1 #168-0201-4,Liquidation◊Exclusivité,54.01,"229,93","499,99"
30,"Warden & Eglinton, ON",Garde-manger polyvalent Canvas Wittmore,Garde-manger polyvalent Canvas Wittmore,229.93,"229,93 $",499.99,"Était±  499,99 $prix était 499,99 $",229.93,"229,93 $",229.93,"229,93 $",true,https://www.canadiantire.ca/fr/pdp/garde-manger-polyvalent-canvas-wittmore-1680200p.html,https://www.canadiantire.ca/fr/pdp/garde-manger-polyvalent-canvas-wittmore-1680200p.html,https://media-www.canadiantire.ca/product/living/home-decor/furniture/1680200/canvas-whittmore-pantry-cabinet-88855d97-fc3c-4726-984c-bc946be0a9b7-jpgrendition.jpg?im=whresize&wid=200&hei=200,https://media-www.canadiantire.ca/product/living/home-decor/furniture/1680200/canvas-whittmore-pantry-cabinet-88855d97-fc3c-4726-984c-bc946be0a9b7-jpgrendition.jpg?im=whresize&wid=200&hei=200,,1680200,168-0200-6,Il n’en reste que 3 #168-0200-6,Liquidation◊Exclusivité,54.01,"229,93","499,99"
30,"Warden & Eglinton, ON","Tasses à mesurer empilables en plastique MASTER Chef, paq. 10","Tasses à mesurer empilables en plastique MASTER Chef, paq. 10",9.93,"9,93 $",24.99,"Était±  24,99 $prix était 24,99 $",9.93,"9,93 $",9.93,"9,93 $",true,https://www.canadiantire.ca/fr/pdp/tasses-a-mesurer-empilables-en-plastique-master-chef-paq-10-1429676p.html,https://www.canadiantire.ca/fr/pdp/tasses-a-mesurer-empilables-en-plastique-master-chef-paq-10-1429676p.html,https://media-www.canadiantire.ca/product/living/kitchen/bakeware-baking-prep/1429676/master-chef-10pc-measuring-cup-set-73c761cb-c28c-42fe-a32e-f57a30c6b9a6-jpgrendition.jpg?im=whresize&wid=200&hei=200,https://media-www.canadiantire.ca/product/living/kitchen/bakeware-baking-prep/1429676/master-chef-10pc-measuring-cup-set-73c761cb-c28c-42fe-a32e-f57a30c6b9a6-jpgrendition.jpg?im=whresize&wid=200&hei=200,,1429676,142-9676-0,167 En Stock#142-9676-0,Liquidation◊Mieux notés,60.26,"9,93","24,99"
30,"Warden & Eglinton, ON",Abri de camping à auvent chapiteau Woods,Abri de camping à auvent chapiteau Woods,99.93,"99,93 $",289.99,"Était±  289,99 $prix était 289,99 $",99.93,"99,93 $",99.93,"99,93 $",true,https://www.canadiantire.ca/fr/pdp/abri-de-camping-a-auvent-chapiteau-woods-0766532p.html,https://www.canadiantire.ca/fr/pdp/abri-de-camping-a-auvent-chapiteau-woods-0766532p.html,https://media-www.canadiantire.ca/product/playing/camping/tents-shelters/0766532/woods-marquee-camp-shelter-098d48ca-7473-4b64-a3a7-00643d1edbd7-jpgrendition.jpg?im=whresize&wid=200&hei=200,https://media-www.canadiantire.ca/product/playing/camping/tents-shelters/0766532/woods-marquee-camp-shelter-098d48ca-7473-4b64-a3a7-00643d1edbd7-jpgrendition.jpg?im=whresize&wid=200&hei=200,,0766532,076-6532-8,10 En Stock#076-6532-8,Liquidation◊Mieux notés,65.54,"99,93","289,99"
30,"Warden & Eglinton, ON","Housse de pare-brise 2-en-1 MyRide pour soleil et neige, convient à la plupart des véhicules","Housse de pare-brise 2-en-1 MyRide pour soleil et neige, convient à la plupart des véhicules",12.93,"12,93 $",32.99,"Était±  32,99 $prix était 32,99 $",12.93,"12,93 $",12.93,"12,93 $",true,https://www.canadiantire.ca/fr/pdp/housse-de-pare-brise-2-en-1-myride-pour-soleil-et-neige-convient-a-la-plupart-des-vehicules-0304491p.html,https://www.canadiantire.ca/fr/pdp/housse-de-pare-brise-2-en-1-myride-pour-soleil-et-neige-convient-a-la-plupart-des-vehicules-0304491p.html,https://media-www.canadiantire.ca/product/automotive/car-care-accessories/auto-winter-accessories/0304491/myride-sun-and-snow-windshield-cover-1d0e1f73-cc79-4090-b8a5-bdaefbe970b7-jpgrendition.jpg?im=whresize&wid=200&hei=200,https://media-www.canadiantire.ca/product/automotive/car-care-accessories/auto-winter-accessories/0304491/myride-sun-and-snow-windshield-cover-1d0e1f73-cc79-4090-b8a5-bdaefbe970b7-jpgrendition.jpg?im=whresize&wid=200&hei=200,,0304491,030-4491-4,203 En Stock#030-4491-4,Liquidation◊Articles à succès,60.81,"12,93","32,99"
30,"Warden & Eglinton, ON","Toupie à base fixe et table à toupie Mastercraft, 9,5 A, 1-3/4 HP","Toupie à base fixe et table à toupie Mastercraft, 9,5 A, 1-3/4 HP",129.93,"129,93 $",279.99,"Était±  279,99 $prix était 279,99 $",129.93,"129,93 $",129.93,"129,93 $",true,https://www.canadiantire.ca/fr/pdp/toupie-a-base-fixe-et-table-a-toupie-mastercraft-9-5-a-1-3-4-hp-0547059p.html,https://www.canadiantire.ca/fr/pdp/toupie-a-base-fixe-et-table-a-toupie-mastercraft-9-5-a-1-3-4-hp-0547059p.html,https://media-www.canadiantire.ca/product/fixing/tools/portable-power-tools/0547059/mastercraft-fixed-base-router-and-router-table-combo-kit-8b61baf7-ebdd-41b7-8444-77b12db654b8-jpgrendition.jpg?im=whresize&wid=200&hei=200,https://media-www.canadiantire.ca/product/fixing/tools/portable-power-tools/0547059/mastercraft-fixed-base-router-and-router-table-combo-kit-8b61baf7-ebdd-41b7-8444-77b12db654b8-jpgrendition.jpg?im=whresize&wid=200&hei=200,,0547059,054-7059-2,Il n’en reste que 2 #054-7059-2,Liquidation◊Exclusivité,53.59,"129,93","279,99"
30,"Warden & Eglinton, ON","Ampoules à DEL à intensité variable à culot E12 NOMA B10, 2700K, 350 lumens, blanc chaud, 40 W, paq. 2","Ampoules à DEL à intensité variable à culot E12 NOMA B10, 2700K, 350 lumens, blanc chaud, 40 W, paq. 2",1.93,"1,93 $",12.99,"Était±  12,99 $prix était 12,99 $",1.93,"1,93 $",1.93,"1,93 $",true,https://www.canadiantire.ca/fr/pdp/ampoules-a-del-a-intensite-variable-a-culot-e12-noma-b10-2700k-350-lumens-blanc-chaud-40-w-paq-2-0529347p.html,https://www.canadiantire.ca/fr/pdp/ampoules-a-del-a-intensite-variable-a-culot-e12-noma-b10-2700k-350-lumens-blanc-chaud-40-w-paq-2-0529347p.html,https://media-www.canadiantire.ca/product/fixing/electrical/light-bulbs/0529347/noma-2-pack-40w-e12-soft-white-led-lightbulbs-2abc2edf-7b69-449d-b49f-8024c6332e19-jpgrendition.jpg?im=whresize&wid=200&hei=200,https://media-www.canadiantire.ca/product/fixing/electrical/light-bulbs/0529347/noma-2-pack-40w-e12-soft-white-led-lightbulbs-2abc2edf-7b69-449d-b49f-8024c6332e19-jpgrendition.jpg?im=whresize&wid=200&hei=200,,0529347,052-9347-8,3336 En Stock#052-9347-8,Liquidation◊Exclusivité,85.14,"1,93","12,99"
30,"Warden & Eglinton, ON","Étagère de rangement saisonnier Mastercraft avec chariot plateforme roulant, noir, 166,37 x 90,17 x 172,72 cm(65,5 x 35,5 x 68 po)","Étagère de rangement saisonnier Mastercraft avec chariot plateforme roulant, noir, 166,37 x 90,17 x 172,72 cm(65,5 x 35,5 x 68 po)",149.93,"149,93 $",299.99,"Était±  299,99 $prix était 299,99 $",149.93,"149,93 $",149.93,"149,93 $",true,https://www.canadiantire.ca/fr/pdp/etagere-de-rangement-saisonnier-mastercraft-avec-chariot-plateforme-roulant-noir-166-37-x-90-17-x-172-72-cm-65-5-x-35-5-x-68-po-0681822p.html,https://www.canadiantire.ca/fr/pdp/etagere-de-rangement-saisonnier-mastercraft-avec-chariot-plateforme-roulant-noir-166-37-x-90-17-x-172-72-cm-65-5-x-35-5-x-68-po-0681822p.html,https://media-www.canadiantire.ca/product/fixing/tools/garage-organization/0681822/mastercraft-seasonal-storage-rack-4657eb31-2d51-419f-a388-3dcc3e45f853-jpgrendition.jpg?im=whresize&wid=200&hei=200,https://media-www.canadiantire.ca/product/fixing/tools/garage-organization/0681822/mastercraft-seasonal-storage-rack-4657eb31-2d51-419f-a388-3dcc3e45f853-jpgrendition.jpg?im=whresize&wid=200&hei=200,,0681822,068-1822-8,12 En Stock#068-1822-8,Liquidation◊Mieux notés,50.02,"149,93","299,99"
30,"Warden & Eglinton, ON","Bibliothèque à cadre en métal à 5 niveaux avec rangement CANVAS Robson, fini chêne","Bibliothèque à cadre en métal à 5 niveaux avec rangement CANVAS Robson, fini chêne",149.93,"149,93 $",349.99,"Était±  349,99 $prix était 349,99 $",149.93,"149,93 $",149.93,"149,93 $",true,https://www.canadiantire.ca/fr/pdp/bibliotheque-a-cadre-en-metal-a-5-niveaux-avec-rangement-canvas-robson-fini-chene-1680047p.html,https://www.canadiantire.ca/fr/pdp/bibliotheque-a-cadre-en-metal-a-5-niveaux-avec-rangement-canvas-robson-fini-chene-1680047p.html,https://media-www.canadiantire.ca/product/living/home-decor/furniture/1680047/canvas-robson-wide-bookcase-cc404526-7e49-447a-b2ad-88a6bd2c5a81-jpgrendition.jpg?im=whresize&wid=200&hei=200,https://media-www.canadiantire.ca/product/living/home-decor/furniture/1680047/canvas-robson-wide-bookcase-cc404526-7e49-447a-b2ad-88a6bd2c5a81-jpgrendition.jpg?im=whresize&wid=200&hei=200,,1680047,168-0047-2,Il n’en reste que 4 #168-0047-2,Liquidation◊Mieux notés,57.16,"149,93","349,99"
30,"Warden & Eglinton, ON","Station d'outils rotatifs Mastercraft 20 V, 40 pièces, compatible avec PWR POD","Station d'outils rotatifs Mastercraft 20 V, 40 pièces, compatible avec PWR POD",39.93,"39,93 $",89.99,"Était±  89,99 $prix était 89,99 $",39.93,"39,93 $",39.93,"39,93 $",true,https://www.canadiantire.ca/fr/pdp/station-d-outils-rotatifs-mastercraft-20-v-40-pieces-compatible-avec-pwr-pod-0548721p.html,https://www.canadiantire.ca/fr/pdp/station-d-outils-rotatifs-mastercraft-20-v-40-pieces-compatible-avec-pwr-pod-0548721p.html,https://media-www.canadiantire.ca/product/fixing/tools/portable-power-tools/0548721/mastercraft-20v-rotary-tool-station-22992854-82d3-4dcf-aea2-5bbe62ded2ae-jpgrendition.jpg?im=whresize&wid=200&hei=200,https://media-www.canadiantire.ca/product/fixing/tools/portable-power-tools/0548721/mastercraft-20v-rotary-tool-station-22992854-82d3-4dcf-aea2-5bbe62ded2ae-jpgrendition.jpg?im=whresize&wid=200&hei=200,,0548721,054-8721-8,21 En Stock#054-8721-8,Liquidation◊Mieux notés,55.63,"39,93","89,99"
30,"Warden & Eglinton, ON",Caméra de tableau de bord Bluehive BH100 1080p,Caméra de tableau de bord Bluehive BH100 1080p,49.93,"49,93 $",159.99,"Était±  159,99 $prix était 159,99 $",49.93,"49,93 $",49.93,"49,93 $",true,https://www.canadiantire.ca/fr/pdp/camera-de-tableau-de-bord-bluehive-bh100-1080p-0350748p.html,https://www.canadiantire.ca/fr/pdp/camera-de-tableau-de-bord-bluehive-bh100-1080p-0350748p.html,https://media-www.canadiantire.ca/product/automotive/electronics/auto-electronics/0350748/bluehive-bh100-1080p-dash-cam-688b0dea-1d23-4695-afdd-1f363c72e2b0-jpgrendition.jpg?im=whresize&wid=200&hei=200,https://media-www.canadiantire.ca/product/automotive/electronics/auto-electronics/0350748/bluehive-bh100-1080p-dash-cam-688b0dea-1d23-4695-afdd-1f363c72e2b0-jpgrendition.jpg?im=whresize&wid=200&hei=200,,0350748,035-0748-0,16 En Stock#035-0748-0,Liquidation◊Exclusivité,68.79,"49,93","159,99"
30,"Warden & Eglinton, ON","Ponceuse à bande sans balais MAXIMUM de 20 V, 3 x 21 po, outil seulement","Ponceuse à bande sans balais MAXIMUM de 20 V, 3 x 21 po, outil seulement",84.93,"84,93 $",184.99,"Était±  184,99 $prix était 184,99 $",84.93,"84,93 $",84.93,"84,93 $",true,https://www.canadiantire.ca/fr/pdp/ponceuse-a-bande-sans-balais-maximum-de-20-v-3-x-21-po-outil-seulement-0547981p.html,https://www.canadiantire.ca/fr/pdp/ponceuse-a-bande-sans-balais-maximum-de-20-v-3-x-21-po-outil-seulement-0547981p.html,https://media-www.canadiantire.ca/product/fixing/tools/portable-power-tools/0547981/maximum-20v-bl-belt-sander-tool-only-b11c4e92-6a2a-4fe2-8953-6cbdfa065164-jpgrendition.jpg?im=whresize&wid=200&hei=200,https://media-www.canadiantire.ca/product/fixing/tools/portable-power-tools/0547981/maximum-20v-bl-belt-sander-tool-only-b11c4e92-6a2a-4fe2-8953-6cbdfa065164-jpgrendition.jpg?im=whresize&wid=200&hei=200,,0547981,054-7981-4,17 En Stock#054-7981-4,Liquidation◊Exclusivité,54.09,"84,93","184,99"
30,"Warden & Eglinton, ON","Planche à pagaie pour 1 personne junior Pelican Vibe 80, lime, 8 pi","Planche à pagaie pour 1 personne junior Pelican Vibe 80, lime, 8 pi",149.93,"149,93 $",299.99,"Était±  299,99 $prix était 299,99 $",149.93,"149,93 $",149.93,"149,93 $",true,https://www.canadiantire.ca/fr/pdp/planche-a-pagaie-pour-1-personne-junior-pelican-vibe-80-lime-8-pi-0798536p.html,https://www.canadiantire.ca/fr/pdp/planche-a-pagaie-pour-1-personne-junior-pelican-vibe-80-lime-8-pi-0798536p.html,https://media-www.canadiantire.ca/product/playing/seasonal-recreation/marine-water-fun/0798536/sup-pelican-junior-vibe-80-908d32af-d15f-46f4-92d9-e57b6ad88a8f-jpgrendition.jpg?im=whresize&wid=200&hei=200,https://media-www.canadiantire.ca/product/playing/seasonal-recreation/marine-water-fun/0798536/sup-pelican-junior-vibe-80-908d32af-d15f-46f4-92d9-e57b6ad88a8f-jpgrendition.jpg?im=whresize&wid=200&hei=200,,0798536,079-8536-2,,Liquidation◊,50.02,"149,93","299,99"
30,"Warden & Eglinton, ON","Raboteuse sans balais MAXIMUM 20 V, outil seul","Raboteuse sans balais MAXIMUM 20 V, outil seul",79.93,"79,93 $",179.99,"Était±  179,99 $prix était 179,99 $",79.93,"79,93 $",79.93,"79,93 $",true,https://www.canadiantire.ca/fr/pdp/raboteuse-sans-balais-maximum-20-v-outil-seul-0547982p.html,https://www.canadiantire.ca/fr/pdp/raboteuse-sans-balais-maximum-20-v-outil-seul-0547982p.html,https://media-www.canadiantire.ca/product/fixing/tools/portable-power-tools/0547982/maximum-20v-bl-planer-tool-only-bdf36fb9-1c04-4a12-93c7-55fd2c432e06-jpgrendition.jpg?im=whresize&wid=200&hei=200,https://media-www.canadiantire.ca/product/fixing/tools/portable-power-tools/0547982/maximum-20v-bl-planer-tool-only-bdf36fb9-1c04-4a12-93c7-55fd2c432e06-jpgrendition.jpg?im=whresize&wid=200&hei=200,,0547982,054-7982-2,29 En Stock#054-7982-2,Liquidation◊Mieux notés,55.59,"79,93","179,99"
30,"Warden & Eglinton, ON","Lampe à faisceau large à DEL Mastercraft, 1500 lumens, compatible PWR POD","Lampe à faisceau large à DEL Mastercraft, 1500 lumens, compatible PWR POD",34.93,"34,93 $",119.99,"Était±  119,99 $prix était 119,99 $",34.93,"34,93 $",34.93,"34,93 $",true,https://www.canadiantire.ca/fr/pdp/lampe-a-faisceau-large-a-del-mastercraft-1500-lumens-compatible-pwr-pod-0372969p.html,https://www.canadiantire.ca/fr/pdp/lampe-a-faisceau-large-a-del-mastercraft-1500-lumens-compatible-pwr-pod-0372969p.html,https://media-www.canadiantire.ca/product/automotive/car-care-accessories/auto-accessories/0372969/mastercraft-1500-lumens-spotlight-pwr-pod-compatible-363c7083-04a4-4a37-b863-da8214fd1958-jpgrendition.jpg?im=whresize&wid=200&hei=200,https://media-www.canadiantire.ca/product/automotive/car-care-accessories/auto-accessories/0372969/mastercraft-1500-lumens-spotlight-pwr-pod-compatible-363c7083-04a4-4a37-b863-da8214fd1958-jpgrendition.jpg?im=whresize&wid=200&hei=200,,0372969,037-2969-8,Il n’en reste que 3 #037-2969-8,Liquidation◊Mieux notés,70.89,"34,93","119,99"
30,"Warden & Eglinton, ON","Short cargo Outbound pour hommes, grandes poches, havane","Short cargo Outbound pour hommes, grandes poches, havane",12.93,"12,93 $",25.99,"25,99 $Était   et+ prix était à partir de 25,99 $",12.93,"12,93 $",12.93,"12,93 $",true,https://www.canadiantire.ca/fr/pdp/short-cargo-outbound-pour-hommes-grandes-poches-havane-1873520p.html,https://www.canadiantire.ca/fr/pdp/short-cargo-outbound-pour-hommes-grandes-poches-havane-1873520p.html,https://media-www.canadiantire.ca/product/playing/footwear-apparel/summer-footwear-apparel/1873520/outbound-men-s-cargo-shorts-tan-m-c66af4ed-b35b-4c1f-82ee-7afbf190f779-jpgrendition.jpg?im=whresize&wid=200&hei=200,https://media-www.canadiantire.ca/product/playing/footwear-apparel/summer-footwear-apparel/1873520/outbound-men-s-cargo-shorts-tan-m-c66af4ed-b35b-4c1f-82ee-7afbf190f779-jpgrendition.jpg?im=whresize&wid=200&hei=200,,1873520,187-3520,Vérifiez la disponibilité#187-3520X,Liquidation◊Mieux notés,50.25,"12,93","25,99"
30,"Warden & Eglinton, ON","Chargeur portatif Bluehive avec câbles, noir, 20 000 mAh","Chargeur portatif Bluehive avec câbles, noir, 20 000 mAh",34.93,"34,93 $",69.99,"Était±  69,99 $prix était 69,99 $",34.93,"34,93 $",34.93,"34,93 $",true,https://www.canadiantire.ca/fr/pdp/chargeur-portatif-bluehive-avec-cables-noir-20-000-mah-0355469p.html,https://www.canadiantire.ca/fr/pdp/chargeur-portatif-bluehive-avec-cables-noir-20-000-mah-0355469p.html,https://media-www.canadiantire.ca/product/automotive/electronics/mobile-electronics/0355469/bluehive-20-000-mah-power-bank-with-cables-a1396292-cd03-47d4-a9ea-03a281e18227-jpgrendition.jpg?im=whresize&wid=200&hei=200,https://media-www.canadiantire.ca/product/automotive/electronics/mobile-electronics/0355469/bluehive-20-000-mah-power-bank-with-cables-a1396292-cd03-47d4-a9ea-03a281e18227-jpgrendition.jpg?im=whresize&wid=200&hei=200,,0355469,035-5469-4,Il n’en reste que 1 #035-5469-4,Liquidation◊Exclusivité,50.09,"34,93","69,99"
30,"Warden & Eglinton, ON","Clé à cliquet sans fil ni balais DEWALT XTREME, 12V MAX, 3/8 po, outil seulement","Clé à cliquet sans fil ni balais DEWALT XTREME, 12V MAX, 3/8 po, outil seulement",134.99,"134,99 $",269.99,"Était±  269,99 $prix était 269,99 $",134.99,"134,99 $",134.99,"134,99 $",true,https://www.canadiantire.ca/fr/pdp/cle-a-cliquet-sans-fil-ni-balais-dewalt-xtreme-12v-max-3-8-po-outil-seulement-0548767p.html,https://www.canadiantire.ca/fr/pdp/cle-a-cliquet-sans-fil-ni-balais-dewalt-xtreme-12v-max-3-8-po-outil-seulement-0548767p.html,https://media-www.canadiantire.ca/product/fixing/tools/portable-power-tools/0548767/dewalt-12v-3-8-compact-ratchet-bt-1355032b-5386-4066-9c54-9f492a9687da-jpgrendition.jpg?im=whresize&wid=200&hei=200,https://media-www.canadiantire.ca/product/fixing/tools/portable-power-tools/0548767/dewalt-12v-3-8-compact-ratchet-bt-1355032b-5386-4066-9c54-9f492a9687da-jpgrendition.jpg?im=whresize&wid=200&hei=200,,0548767,054-8767-0,Il n’en reste que 2 #054-8767-0,Liquidation◊Mieux notés,50,"134,99","269,99"
30,"Warden & Eglinton, ON","Planche à pagaie pour 1 personne Pelican Flow 106, blanc et vert, 10 pi 6 po","Planche à pagaie pour 1 personne Pelican Flow 106, blanc et vert, 10 pi 6 po",299.93,"299,93 $",599.99,"Était±  599,99 $prix était 599,99 $",299.93,"299,93 $",299.93,"299,93 $",true,https://www.canadiantire.ca/fr/pdp/planche-a-pagaie-pour-1-personne-pelican-flow-106-blanc-et-vert-10-pi-6-po-0792044p.html,https://www.canadiantire.ca/fr/pdp/planche-a-pagaie-pour-1-personne-pelican-flow-106-blanc-et-vert-10-pi-6-po-0792044p.html,https://media-www.canadiantire.ca/product/playing/seasonal-recreation/marine-water-fun/0792044/pelican-flow-106-stand-up-paddle-board-7136f53a-71e5-4f0a-825f-eab92a92ff42-jpgrendition.jpg?im=whresize&wid=200&hei=200,https://media-www.canadiantire.ca/product/playing/seasonal-recreation/marine-water-fun/0792044/pelican-flow-106-stand-up-paddle-board-7136f53a-71e5-4f0a-825f-eab92a92ff42-jpgrendition.jpg?im=whresize&wid=200&hei=200,,0792044,079-2044-8,,Liquidation◊Mieux notés,50.01,"299,93","599,99"
30,"Warden & Eglinton, ON",Jeu d'arcade de tir de basketball REC-Tek avec 4 balles et tableau de pointage électronique,Jeu d'arcade de tir de basketball REC-Tek avec 4 balles et tableau de pointage électronique,54.93,"54,93 $",129.99,"Était±  129,99 $prix était 129,99 $",54.93,"54,93 $",54.93,"54,93 $",true,https://www.canadiantire.ca/fr/pdp/jeu-d-arcade-de-tir-de-basketball-rec-tek-avec-4-balles-et-tableau-de-pointage-electronique-1840694p.html,https://www.canadiantire.ca/fr/pdp/jeu-d-arcade-de-tir-de-basketball-rec-tek-avec-4-balles-et-tableau-de-pointage-electronique-1840694p.html,https://media-www.canadiantire.ca/product/playing/team-sports-and-golf/indoor-games/1840694/rec-tek-basketball-shootout-challenge-game-b5d7e061-32a3-40d8-a913-45673257eaf7-jpgrendition.jpg?im=whresize&wid=200&hei=200,https://media-www.canadiantire.ca/product/playing/team-sports-and-golf/indoor-games/1840694/rec-tek-basketball-shootout-challenge-game-b5d7e061-32a3-40d8-a913-45673257eaf7-jpgrendition.jpg?im=whresize&wid=200&hei=200,,1840694,184-0694-0,14 En Stock#184-0694-0,Liquidation◊Exclusivité,57.74,"54,93","129,99"
30,"Warden & Eglinton, ON","Barbecue portatif de table à granules de bois Pit Boss avec commandes numériques et verrou pour couvercle, acajou","Barbecue portatif de table à granules de bois Pit Boss avec commandes numériques et verrou pour couvercle, acajou",199.93,"199,93 $",449.99,"Était±  449,99 $prix était 449,99 $",199.93,"199,93 $",199.93,"199,93 $",true,https://www.canadiantire.ca/fr/pdp/barbecue-portatif-de-table-a-granules-de-bois-pit-boss-avec-commandes-numeriques-et-verrou-pour-couvercle-acajou-0853193p.html,https://www.canadiantire.ca/fr/pdp/barbecue-portatif-de-table-a-granules-de-bois-pit-boss-avec-commandes-numeriques-et-verrou-pour-couvercle-acajou-0853193p.html,https://media-www.canadiantire.ca/product/seasonal-gardening/backyard-living/outdoor-cooking/0853193/pit-boss-portable-pellet-grill-dd4f5692-b18a-4d9a-a58f-d7319f139f32-jpgrendition.jpg?im=whresize&wid=200&hei=200,https://media-www.canadiantire.ca/product/seasonal-gardening/backyard-living/outdoor-cooking/0853193/pit-boss-portable-pellet-grill-dd4f5692-b18a-4d9a-a58f-d7319f139f32-jpgrendition.jpg?im=whresize&wid=200&hei=200,,0853193,085-3193-0,Il n’en reste que 1 #085-3193-0,Liquidation◊,55.57,"199,93","449,99"
30,"Warden & Eglinton, ON","Machine à café et espresso automatique avec buse à vapeur à lait Smeg, pompe de 19 bars, noir","Machine à café et espresso automatique avec buse à vapeur à lait Smeg, pompe de 19 bars, noir",499.99,"499,99 $",999.99,"Était±  999,99 $prix était 999,99 $",499.99,"499,99 $",499.99,"499,99 $",true,https://www.canadiantire.ca/fr/pdp/machine-a-cafe-et-espresso-automatique-avec-buse-a-vapeur-a-lait-smeg-pompe-de-19-bars-noir-0430368p.html,https://www.canadiantire.ca/fr/pdp/machine-a-cafe-et-espresso-automatique-avec-buse-a-vapeur-a-lait-smeg-pompe-de-19-bars-noir-0430368p.html,https://media-www.canadiantire.ca/product/living/kitchen/kitchen-appliances/0430368/smeg-fully-automatic-espresso-maker-w-milk-wand-57ea23ee-5b49-4f4a-9035-1ccedfae5311-jpgrendition.jpg?im=whresize&wid=200&hei=200,https://media-www.canadiantire.ca/product/living/kitchen/kitchen-appliances/0430368/smeg-fully-automatic-espresso-maker-w-milk-wand-57ea23ee-5b49-4f4a-9035-1ccedfae5311-jpgrendition.jpg?im=whresize&wid=200&hei=200,,0430368,043-0368-4,8 En Stock#043-0368-4,Liquidation◊Exclusivité,50,"499,99","999,99"
30,"Warden & Eglinton, ON",Machine à espresso semi-automatique à un toucher avec mousseur à lait Mr. Coffee,Machine à espresso semi-automatique à un toucher avec mousseur à lait Mr. Coffee,199.93,"199,93 $",439.99,"Était±  439,99 $prix était 439,99 $",199.93,"199,93 $",199.93,"199,93 $",true,https://www.canadiantire.ca/fr/pdp/machine-a-espresso-semi-automatique-a-un-toucher-avec-mousseur-a-lait-mr-coffee-0430385p.html,https://www.canadiantire.ca/fr/pdp/machine-a-espresso-semi-automatique-a-un-toucher-avec-mousseur-a-lait-mr-coffee-0430385p.html,https://media-www.canadiantire.ca/product/living/kitchen/kitchen-appliances/0430385/mr-coffee-semi-automatic-espresso-machine-w-milk-frother-482b518b-cfa5-4d80-bb51-f3dc6d06036e-jpgrendition.jpg?im=whresize&wid=200&hei=200,https://media-www.canadiantire.ca/product/living/kitchen/kitchen-appliances/0430385/mr-coffee-semi-automatic-espresso-machine-w-milk-frother-482b518b-cfa5-4d80-bb51-f3dc6d06036e-jpgrendition.jpg?im=whresize&wid=200&hei=200,,0430385,043-0385-2,12 En Stock#043-0385-2,Liquidation◊Mieux notés,54.56,"199,93","439,99"
30,"Warden & Eglinton, ON","Robinet d'évier VIGO Gramercy, bec extensible, or brossé mat","Robinet d'évier VIGO Gramercy, bec extensible, or brossé mat",99.99,"99,99 $",339.99,"Était±  339,99 $prix était 339,99 $",99.99,"99,99 $",99.99,"99,99 $",true,https://www.canadiantire.ca/fr/pdp/robinet-d-evier-vigo-gramercy-bec-extensible-or-brosse-mat-0636368p.html,https://www.canadiantire.ca/fr/pdp/robinet-d-evier-vigo-gramercy-bec-extensible-or-brosse-mat-0636368p.html,https://media-www.canadiantire.ca/product/fixing/plumbing/faucets-fixtures/0636368/vigo-gramercy-pull-down-kitchen-faucet-matte-brushed-gold-695d15f9-943a-4e60-a4f6-09a9947e2702-jpgrendition.jpg?im=whresize&wid=200&hei=200,https://media-www.canadiantire.ca/product/fixing/plumbing/faucets-fixtures/0636368/vigo-gramercy-pull-down-kitchen-faucet-matte-brushed-gold-695d15f9-943a-4e60-a4f6-09a9947e2702-jpgrendition.jpg?im=whresize&wid=200&hei=200,,0636368,063-6368-0,81 En Stock#063-6368-0,Liquidation◊Mieux notés,70.59,"99,99","339,99"
30,"Warden & Eglinton, ON","Flotteur gonflable pour piscine/eau Stella and Finn, paresseux","Flotteur gonflable pour piscine/eau Stella and Finn, paresseux",14.93,"14,93 $",39.99,"Était±  39,99 $prix était 39,99 $",14.93,"14,93 $",14.93,"14,93 $",true,https://www.canadiantire.ca/fr/pdp/flotteur-gonflable-pour-piscine-eau-stella-and-finn-paresseux-0810233p.html,https://www.canadiantire.ca/fr/pdp/flotteur-gonflable-pour-piscine-eau-stella-and-finn-paresseux-0810233p.html,https://media-www.canadiantire.ca/product/seasonal-gardening/backyard-fun/pools-spas/0810233/sloth-canopy-pool-b490c080-0bad-4f70-b0e7-7355c307cdc3-jpgrendition.jpg?im=whresize&wid=200&hei=200,https://media-www.canadiantire.ca/product/seasonal-gardening/backyard-fun/pools-spas/0810233/sloth-canopy-pool-b490c080-0bad-4f70-b0e7-7355c307cdc3-jpgrendition.jpg?im=whresize&wid=200&hei=200,,0810233,081-0233-2,43 En Stock#081-0233-2,Liquidation◊Mieux notés,62.67,"14,93","39,99"
30,"Warden & Eglinton, ON","Table à dîner d'extérieur en carreaux CANVAS Jasper, cadre en aluminium, fini marbre, 29 po","Table à dîner d'extérieur en carreaux CANVAS Jasper, cadre en aluminium, fini marbre, 29 po",299.93,"299,93 $",699.99,"Était±  699,99 $prix était 699,99 $",299.93,"299,93 $",299.93,"299,93 $",true,https://www.canadiantire.ca/fr/pdp/table-a-diner-d-exterieur-en-carreaux-canvas-jasper-cadre-en-aluminium-fini-marbre-29-po-1880273p.html,https://www.canadiantire.ca/fr/pdp/table-a-diner-d-exterieur-en-carreaux-canvas-jasper-cadre-en-aluminium-fini-marbre-29-po-1880273p.html,https://media-www.canadiantire.ca/product/seasonal-gardening/backyard-living/outdoor-furniture/1880273/canvas-jasper-dining-table-220dddd1-42ac-4979-a86e-935108e39691-jpgrendition.jpg?im=whresize&wid=200&hei=200,https://media-www.canadiantire.ca/product/seasonal-gardening/backyard-living/outdoor-furniture/1880273/canvas-jasper-dining-table-220dddd1-42ac-4979-a86e-935108e39691-jpgrendition.jpg?im=whresize&wid=200&hei=200,,1880273,188-0273-4,Il n’en reste que 1 #188-0273-4,Liquidation◊Exclusivité,57.15,"299,93","699,99"
30,"Warden & Eglinton, ON","Île flottante gonflable licorne pour fête avec glacière pour 5 personnes, arc-en-ciel","Île flottante gonflable licorne pour fête avec glacière pour 5 personnes, arc-en-ciel",99.93,"99,93 $",199.99,"Était±  199,99 $prix était 199,99 $",99.93,"99,93 $",99.93,"99,93 $",true,https://www.canadiantire.ca/fr/pdp/ile-flottante-gonflable-licorne-pour-fete-avec-glaciere-pour-5-personnes-arc-en-ciel-0797173p.html,https://www.canadiantire.ca/fr/pdp/ile-flottante-gonflable-licorne-pour-fete-avec-glaciere-pour-5-personnes-arc-en-ciel-0797173p.html,https://media-www.canadiantire.ca/product/playing/seasonal-recreation/marine-water-fun/0797173/unicorn-party-island-eb79d32c-2fc2-4265-a0bc-d9ad9f490225-jpgrendition.jpg?im=whresize&wid=200&hei=200,https://media-www.canadiantire.ca/product/playing/seasonal-recreation/marine-water-fun/0797173/unicorn-party-island-eb79d32c-2fc2-4265-a0bc-d9ad9f490225-jpgrendition.jpg?im=whresize&wid=200&hei=200,,0797173,079-7173-0,,Liquidation◊Exclusivité,50.03,"99,93","199,99"
30,"Warden & Eglinton, ON","Caméra de sentier/de faune Stealth Cam Revolver 360 degrés, jusqu'à 36 Mpx","Caméra de sentier/de faune Stealth Cam Revolver 360 degrés, jusqu'à 36 Mpx",119.93,"119,93 $",249.99,"Était±  249,99 $prix était 249,99 $",119.93,"119,93 $",119.93,"119,93 $",true,https://www.canadiantire.ca/fr/pdp/camera-de-sentier-de-faune-stealth-cam-revolver-360-degres-jusqu-a-36-mpx-3751790p.html,https://www.canadiantire.ca/fr/pdp/camera-de-sentier-de-faune-stealth-cam-revolver-360-degres-jusqu-a-36-mpx-3751790p.html,https://media-www.canadiantire.ca/product/playing/hunting/hunting-equipment/3751790/stealth-cam-revolver-360-degree-trail-camera-22b4a3f0-95dd-4316-8eae-f9e7606f091e-jpgrendition.jpg?im=whresize&wid=200&hei=200,https://media-www.canadiantire.ca/product/playing/hunting/hunting-equipment/3751790/stealth-cam-revolver-360-degree-trail-camera-22b4a3f0-95dd-4316-8eae-f9e7606f091e-jpgrendition.jpg?im=whresize&wid=200&hei=200,,3751790,375-1790-0,Il n’en reste que 2 #375-1790-0,Liquidation◊,52.03,"119,93","249,99"
30,"Warden & Eglinton, ON","For Living - Auvent de rechange octogonal pour gazebo, beige, 153 x 124 x 35 po","For Living - Auvent de rechange octogonal pour gazebo, beige, 153 x 124 x 35 po",94.93,"94,93 $",199.99,"Était±  199,99 $prix était 199,99 $",94.93,"94,93 $",94.93,"94,93 $",true,https://www.canadiantire.ca/fr/pdp/for-living-auvent-de-rechange-octogonal-pour-gazebo-beige-153-x-124-x-35-po-0881635p.html,https://www.canadiantire.ca/fr/pdp/for-living-auvent-de-rechange-octogonal-pour-gazebo-beige-153-x-124-x-35-po-0881635p.html,https://media-www.canadiantire.ca/product/seasonal-gardening/backyard-living/outdoor-furniture/0881635/for-living-canopy-for-octagon-179677f6-f9ea-4c8f-82df-4cf8841a4342-jpgrendition.jpg?im=whresize&wid=200&hei=200,https://media-www.canadiantire.ca/product/seasonal-gardening/backyard-living/outdoor-furniture/0881635/for-living-canopy-for-octagon-179677f6-f9ea-4c8f-82df-4cf8841a4342-jpgrendition.jpg?im=whresize&wid=200&hei=200,,0881635,088-1635-6,Il n’en reste que 2 #088-1635-6,Liquidation◊Exclusivité,52.53,"94,93","199,99"
30,"Warden & Eglinton, ON","Ventilateur de plafond NOMA Elodie d'intérieur à 3 pales et 6 vitesses avec moteur à courant continu et télécommande, 52 po, blanc mat","Ventilateur de plafond NOMA Elodie d'intérieur à 3 pales et 6 vitesses avec moteur à courant continu et télécommande, 52 po, blanc mat",91.79,"91,79 $",269.99,"Était±  269,99 $prix était 269,99 $",91.79,"91,79 $",91.79,"91,79 $",true,https://www.canadiantire.ca/fr/pdp/ventilateur-de-plafond-noma-elodie-d-interieur-a-3-pales-et-6-vitesses-avec-moteur-a-courant-continu-et-telecommande-52-po-blanc-mat-0529607p.html,https://www.canadiantire.ca/fr/pdp/ventilateur-de-plafond-noma-elodie-d-interieur-a-3-pales-et-6-vitesses-avec-moteur-a-courant-continu-et-telecommande-52-po-blanc-mat-0529607p.html,https://media-www.canadiantire.ca/product/living/home-decor/ceiling-fans/0529607/noma-elodie-52-ceiling-fan-72da7199-530e-4a16-a0cc-f6144131f730-jpgrendition.jpg?im=whresize&wid=200&hei=200,https://media-www.canadiantire.ca/product/living/home-decor/ceiling-fans/0529607/noma-elodie-52-ceiling-fan-72da7199-530e-4a16-a0cc-f6144131f730-jpgrendition.jpg?im=whresize&wid=200&hei=200,,0529607,052-9607-0,Il n’en reste que 1 #052-9607-0,Liquidation◊Mieux notés,66,"91,79","269,99"
30,"Warden & Eglinton, ON","Détecteur de montants de base à DEL Mastercraft, 3/4 po","Détecteur de montants de base à DEL Mastercraft, 3/4 po",9.93,"9,93 $",19.99,"Était±  19,99 $prix était 19,99 $",9.93,"9,93 $",9.93,"9,93 $",true,https://www.canadiantire.ca/fr/pdp/detecteur-de-montants-de-base-a-del-mastercraft-3-4-po-0574657p.html,https://www.canadiantire.ca/fr/pdp/detecteur-de-montants-de-base-a-del-mastercraft-3-4-po-0574657p.html,https://media-www.canadiantire.ca/product/fixing/tools/cutting-measuring/0574657/mastercraft-basic-stud-finder-64e0c55e-9e7f-435f-a8a8-a053de98684d-jpgrendition.jpg?im=whresize&wid=200&hei=200,https://media-www.canadiantire.ca/product/fixing/tools/cutting-measuring/0574657/mastercraft-basic-stud-finder-64e0c55e-9e7f-435f-a8a8-a053de98684d-jpgrendition.jpg?im=whresize&wid=200&hei=200,,0574657,057-4657-0,Il n’en reste que 1 #057-4657-0,Liquidation◊Exclusivité,50.33,"9,93","19,99"
30,"Warden & Eglinton, ON","Tapis d'eau gonflable Jimmy Styks avec pompe à air manuelle, 12 pi","Tapis d'eau gonflable Jimmy Styks avec pompe à air manuelle, 12 pi",269.93,"269,93 $",699.99,"Était±  699,99 $prix était 699,99 $",269.93,"269,93 $",269.93,"269,93 $",true,https://www.canadiantire.ca/fr/pdp/tapis-d-eau-gonflable-jimmy-styks-avec-pompe-a-air-manuelle-12-pi-0791424p.html,https://www.canadiantire.ca/fr/pdp/tapis-d-eau-gonflable-jimmy-styks-avec-pompe-a-air-manuelle-12-pi-0791424p.html,https://media-www.canadiantire.ca/product/playing/seasonal-recreation/marine-water-fun/0791424/12-inflatable-water-mat-8d8f1502-eaeb-47eb-8986-c6a57fc6b769-jpgrendition.jpg?im=whresize&wid=200&hei=200,https://media-www.canadiantire.ca/product/playing/seasonal-recreation/marine-water-fun/0791424/12-inflatable-water-mat-8d8f1502-eaeb-47eb-8986-c6a57fc6b769-jpgrendition.jpg?im=whresize&wid=200&hei=200,,0791424,079-1424-0,Il n’en reste que 1 #079-1424-0,Liquidation◊Mieux notés,61.44,"269,93","699,99"
30,"Warden & Eglinton, ON","Applique d'extérieur intégrée à DEL NOMA, noir mat, 13,2 po","Applique d'extérieur intégrée à DEL NOMA, noir mat, 13,2 po",39.93,"39,93 $",89.99,"Était±  89,99 $prix était 89,99 $",39.93,"39,93 $",39.93,"39,93 $",true,https://www.canadiantire.ca/fr/pdp/applique-d-exterieur-integree-a-del-noma-noir-mat-13-2-po-1522768p.html,https://www.canadiantire.ca/fr/pdp/applique-d-exterieur-integree-a-del-noma-noir-mat-13-2-po-1522768p.html,https://media-www.canadiantire.ca/product/fixing/electrical/lighting/1522768/noma-13-2-integrated-led-outdoor-wall-sconce-8979a633-f230-4404-8f55-f2844f1e0dd2-jpgrendition.jpg?im=whresize&wid=200&hei=200,https://media-www.canadiantire.ca/product/fixing/electrical/lighting/1522768/noma-13-2-integrated-led-outdoor-wall-sconce-8979a633-f230-4404-8f55-f2844f1e0dd2-jpgrendition.jpg?im=whresize&wid=200&hei=200,,1522768,152-2768-0,Il n’en reste que 5 #152-2768-0,Liquidation◊Mieux notés,55.63,"39,93","89,99"
30,"Warden & Eglinton, ON","Humidificateur d'air ultrasonique à brume fraîche et diffuseur d'huile essentielle Crane EE-5951AD avec lampe, léger, très silencieux, blanc, 0,8 L","Humidificateur d'air ultrasonique à brume fraîche et diffuseur d'huile essentielle Crane EE-5951AD avec lampe, léger, très silencieux, blanc, 0,8 L",29.93,"29,93 $",63.99,"Était±  63,99 $prix était 63,99 $",29.93,"29,93 $",29.93,"29,93 $",true,https://www.canadiantire.ca/fr/pdp/humidificateur-d-air-ultrasonique-a-brume-fraiche-et-diffuseur-d-huile-essentielle-crane-ee-5951ad-avec-lampe-leger-tres-silencieux-blanc-0-8-l-0430700p.html,https://www.canadiantire.ca/fr/pdp/humidificateur-d-air-ultrasonique-a-brume-fraiche-et-diffuseur-d-huile-essentielle-crane-ee-5951ad-avec-lampe-leger-tres-silencieux-blanc-0-8-l-0430700p.html,https://media-www.canadiantire.ca/product/living/home-environment/home-air-quality-appliances/0430700/crane-ultrasonic-cool-mist-humidifier-diffuser-95c3bc13-c9f0-4d3a-aab6-08011ec6a9db-jpgrendition.jpg?im=whresize&wid=200&hei=200,https://media-www.canadiantire.ca/product/living/home-environment/home-air-quality-appliances/0430700/crane-ultrasonic-cool-mist-humidifier-diffuser-95c3bc13-c9f0-4d3a-aab6-08011ec6a9db-jpgrendition.jpg?im=whresize&wid=200&hei=200,,0430700,043-0700-2,17 En Stock#043-0700-2,Liquidation◊Mieux notés,53.23,"29,93","63,99"
30,"Warden & Eglinton, ON",Spin Spinner Race - Cardiovélo d'intérieur,Spin Spinner Race - Cardiovélo d'intérieur,399.93,"399,93 $",899.99,"Était±  899,99 $prix était 899,99 $",399.93,"399,93 $",399.93,"399,93 $",true,https://www.canadiantire.ca/fr/pdp/spin-spinner-race-cardiovelo-d-interieur-1840997p.html,https://www.canadiantire.ca/fr/pdp/spin-spinner-race-cardiovelo-d-interieur-1840997p.html,https://media-www.canadiantire.ca/product/playing/exercise/exercise-equipment/1840997/spin-pace-bike-1dd3f228-ee4c-4fad-a84c-23009ec8a6a5-jpgrendition.jpg?im=whresize&wid=200&hei=200,https://media-www.canadiantire.ca/product/playing/exercise/exercise-equipment/1840997/spin-pace-bike-1dd3f228-ee4c-4fad-a84c-23009ec8a6a5-jpgrendition.jpg?im=whresize&wid=200&hei=200,,1840997,184-0997-0,Il n’en reste que 5 #184-0997-0,Liquidation◊Exclusivité,55.56,"399,93","899,99"
30,"Warden & Eglinton, ON","Guirlande lumineuse solaire Sunforce, RVB, 12 ampoules à DEL, 30 pi","Guirlande lumineuse solaire Sunforce, RVB, 12 ampoules à DEL, 30 pi",69.99,"69,99 $",139.99,"Était±  139,99 $prix était 139,99 $",69.99,"69,99 $",69.99,"69,99 $",true,https://www.canadiantire.ca/fr/pdp/guirlande-lumineuse-solaire-sunforce-rvb-12-ampoules-a-del-30-pi-0529891p.html,https://www.canadiantire.ca/fr/pdp/guirlande-lumineuse-solaire-sunforce-rvb-12-ampoules-a-del-30-pi-0529891p.html,https://media-www.canadiantire.ca/product/living/home-decor/lighting/0529891/sunforce-led-outdoor-string-light-rbg-2ca1ebf3-3e33-4f3f-a774-a531831cf1aa-jpgrendition.jpg?im=whresize&wid=200&hei=200,https://media-www.canadiantire.ca/product/living/home-decor/lighting/0529891/sunforce-led-outdoor-string-light-rbg-2ca1ebf3-3e33-4f3f-a774-a531831cf1aa-jpgrendition.jpg?im=whresize&wid=200&hei=200,,0529891,052-9891-0,9 En Stock#052-9891-0,Liquidation◊Exclusivité,50,"69,99","139,99"
30,"Warden & Eglinton, ON","Coussin lombaire de piscine For Living, polyester, 20 x 12 po","Coussin lombaire de piscine For Living, polyester, 20 x 12 po",6.79,"6,79 $",19.99,"Était±  19,99 $prix était 19,99 $",6.79,"6,79 $",6.79,"6,79 $",true,https://www.canadiantire.ca/fr/pdp/coussin-lombaire-de-piscine-for-living-polyester-20-x-12-po-1881330p.html,https://www.canadiantire.ca/fr/pdp/coussin-lombaire-de-piscine-for-living-polyester-20-x-12-po-1881330p.html,https://media-www.canadiantire.ca/product/seasonal-gardening/backyard-living/outdoor-living-accessories/1881330/for-living-summer-series-lumbar-cushion-98eaeea7-aeb8-48fd-8c33-32d40bf3b551-jpgrendition.jpg?im=whresize&wid=200&hei=200,https://media-www.canadiantire.ca/product/seasonal-gardening/backyard-living/outdoor-living-accessories/1881330/for-living-summer-series-lumbar-cushion-98eaeea7-aeb8-48fd-8c33-32d40bf3b551-jpgrendition.jpg?im=whresize&wid=200&hei=200,,1881330,188-1330-2,Il n’en reste que 1 #188-1330-2,Liquidation◊Mieux notés,66.03,"6,79","19,99"
30,"Warden & Eglinton, ON","Meuble-lavabo simple CANVAS Milford à 2 portes, dessus en marbre, 24 po, blanc","Meuble-lavabo simple CANVAS Milford à 2 portes, dessus en marbre, 24 po, blanc",199.93,"199,93 $",399.99,"Était±  399,99 $prix était 399,99 $",199.93,"199,93 $",199.93,"199,93 $",true,https://www.canadiantire.ca/fr/pdp/meuble-lavabo-simple-canvas-milford-a-2-portes-dessus-en-marbre-24-po-blanc-0636411p.html,https://www.canadiantire.ca/fr/pdp/meuble-lavabo-simple-canvas-milford-a-2-portes-dessus-en-marbre-24-po-blanc-0636411p.html,https://media-www.canadiantire.ca/product/fixing/plumbing/faucets-fixtures/0636411/canvas-milford-24-vanity-double-doors-white-601b53df-7ae6-48af-a16b-17edb896c846-jpgrendition.jpg?im=whresize&wid=200&hei=200,https://media-www.canadiantire.ca/product/fixing/plumbing/faucets-fixtures/0636411/canvas-milford-24-vanity-double-doors-white-601b53df-7ae6-48af-a16b-17edb896c846-jpgrendition.jpg?im=whresize&wid=200&hei=200,,0636411,063-6411-6,14 En Stock#063-6411-6,Liquidation◊Articles à succès,50.02,"199,93","399,99"
30,"Warden & Eglinton, ON","Système d'organisation de la lessive Type A Linear à 2 unités, blanc","Système d'organisation de la lessive Type A Linear à 2 unités, blanc",49.93,"49,93 $",129.99,"Était±  129,99 $prix était 129,99 $",49.93,"49,93 $",49.93,"49,93 $",true,https://www.canadiantire.ca/fr/pdp/systeme-d-organisation-de-la-lessive-type-a-linear-a-2-unites-blanc-2420002p.html,https://www.canadiantire.ca/fr/pdp/systeme-d-organisation-de-la-lessive-type-a-linear-a-2-unites-blanc-2420002p.html,https://media-www.canadiantire.ca/product/living/home-organization/laundry/2420002/type-a-dual-unit-laundry-organization-system-39845bdd-0b07-43f6-868c-c7c39708d8bb-jpgrendition.jpg?im=whresize&wid=200&hei=200,https://media-www.canadiantire.ca/product/living/home-organization/laundry/2420002/type-a-dual-unit-laundry-organization-system-39845bdd-0b07-43f6-868c-c7c39708d8bb-jpgrendition.jpg?im=whresize&wid=200&hei=200,,2420002,242-0002-0,Il n’en reste que 3 #242-0002-0,Liquidation◊Mieux notés,61.59,"49,93","129,99"
30,"Warden & Eglinton, ON","Robinet de lavabo de salle de bains central Danze Crete, à poignée simple et à tirette de vidage, 4 po, bronze brossé","Robinet de lavabo de salle de bains central Danze Crete, à poignée simple et à tirette de vidage, 4 po, bronze brossé",89.99,"89,99 $",179.99,"Était±  179,99 $prix était 179,99 $",89.99,"89,99 $",89.99,"89,99 $",true,https://www.canadiantire.ca/fr/pdp/robinet-de-lavabo-de-salle-de-bains-central-danze-crete-a-poignee-simple-et-a-tirette-de-vidage-4-po-bronze-brosse-0636315p.html,https://www.canadiantire.ca/fr/pdp/robinet-de-lavabo-de-salle-de-bains-central-danze-crete-a-poignee-simple-et-a-tirette-de-vidage-4-po-bronze-brosse-0636315p.html,https://media-www.canadiantire.ca/product/fixing/plumbing/faucets-fixtures/0636315/danze-crete-1-handle-lavatory-faucet-gold-d8d24307-0b99-4d42-a707-66bec0ce976b-jpgrendition.jpg?im=whresize&wid=200&hei=200,https://media-www.canadiantire.ca/product/fixing/plumbing/faucets-fixtures/0636315/danze-crete-1-handle-lavatory-faucet-gold-d8d24307-0b99-4d42-a707-66bec0ce976b-jpgrendition.jpg?im=whresize&wid=200&hei=200,,0636315,063-6315-6,15 En Stock#063-6315-6,Liquidation◊Mieux notés,50,"89,99","179,99"
30,"Warden & Eglinton, ON","CANVAS Minden - Fauteuil Adirondack empilable rembourré, gris","CANVAS Minden - Fauteuil Adirondack empilable rembourré, gris",59.93,"59,93 $",129.99,"Était±  129,99 $prix était 129,99 $",59.93,"59,93 $",59.93,"59,93 $",true,https://www.canadiantire.ca/fr/pdp/canvas-minden-fauteuil-adirondack-empilable-rembourre-gris-0882190p.html,https://www.canadiantire.ca/fr/pdp/canvas-minden-fauteuil-adirondack-empilable-rembourre-gris-0882190p.html,https://media-www.canadiantire.ca/product/seasonal-gardening/backyard-living/outdoor-furniture/0882190/canvas-minden-padded-sling-adirondack-chair-22bfb86d-0e5b-4775-9dbb-b82e723cafcd-jpgrendition.jpg?im=whresize&wid=200&hei=200,https://media-www.canadiantire.ca/product/seasonal-gardening/backyard-living/outdoor-furniture/0882190/canvas-minden-padded-sling-adirondack-chair-22bfb86d-0e5b-4775-9dbb-b82e723cafcd-jpgrendition.jpg?im=whresize&wid=200&hei=200,,0882190,088-2190-6,Il n’en reste que 3 #088-2190-6,Liquidation◊Mieux notés,53.9,"59,93","129,99"
30,"Warden & Eglinton, ON","Meuble-lavabo simple Canvas Danville à 1 porte, dessus en pierre, 24 po, chêne doré","Meuble-lavabo simple Canvas Danville à 1 porte, dessus en pierre, 24 po, chêne doré",199.93,"199,93 $",399.99,"Était±  399,99 $prix était 399,99 $",199.93,"199,93 $",199.93,"199,93 $",true,https://www.canadiantire.ca/fr/pdp/meuble-lavabo-simple-canvas-danville-a-1-porte-dessus-en-pierre-24-po-chene-dore-0636377p.html,https://www.canadiantire.ca/fr/pdp/meuble-lavabo-simple-canvas-danville-a-1-porte-dessus-en-pierre-24-po-chene-dore-0636377p.html,https://media-www.canadiantire.ca/product/fixing/plumbing/faucets-fixtures/0636377/canvas-24a-danville-1-door-honey-oak-8e9fcc76-daab-459d-ae81-1bc4f7161516.png?im=whresize&wid=200&hei=200,https://media-www.canadiantire.ca/product/fixing/plumbing/faucets-fixtures/0636377/canvas-24a-danville-1-door-honey-oak-8e9fcc76-daab-459d-ae81-1bc4f7161516.png?im=whresize&wid=200&hei=200,,0636377,063-6377-8,Il n’en reste que 5 #063-6377-8,Liquidation◊Mieux notés,50.02,"199,93","399,99"
30,"Warden & Eglinton, ON","Lampe pour barbecue en acier inoxydable Napoleon, résistant aux intempéries","Lampe pour barbecue en acier inoxydable Napoleon, résistant aux intempéries",14.93,"14,93 $",39.99,"Était±  39,99 $prix était 39,99 $",14.93,"14,93 $",14.93,"14,93 $",true,https://www.canadiantire.ca/fr/pdp/lampe-pour-barbecue-en-acier-inoxydable-napoleon-resistant-aux-intemperies-0852302p.html,https://www.canadiantire.ca/fr/pdp/lampe-pour-barbecue-en-acier-inoxydable-napoleon-resistant-aux-intemperies-0852302p.html,https://media-www.canadiantire.ca/product/seasonal-gardening/backyard-living/outdoor-cooking-accessories/0852302/napoleonoleon-grill-light-eb73a3c0-db71-46ff-afe4-291c9723d055-jpgrendition.jpg?im=whresize&wid=200&hei=200,https://media-www.canadiantire.ca/product/seasonal-gardening/backyard-living/outdoor-cooking-accessories/0852302/napoleonoleon-grill-light-eb73a3c0-db71-46ff-afe4-291c9723d055-jpgrendition.jpg?im=whresize&wid=200&hei=200,,0852302,085-2302-8,25 En Stock#085-2302-8,Liquidation◊Exclusivité,62.67,"14,93","39,99"
30,"Warden & Eglinton, ON","Ampoules pour projecteur à DEL non variable à culot E26 pour la maison NOMA A19, 5000K, 800 lumens, lumière du jour, 60 W, paq. 6","Ampoules pour projecteur à DEL non variable à culot E26 pour la maison NOMA A19, 5000K, 800 lumens, lumière du jour, 60 W, paq. 6",8.93,"8,93 $",19.49,"Était±  19,49 $prix était 19,49 $",8.93,"8,93 $",8.93,"8,93 $",true,https://www.canadiantire.ca/fr/pdp/ampoules-pour-projecteur-a-del-non-variable-a-culot-e26-pour-la-maison-noma-a19-5000k-800-lumens-lumiere-du-jour-60-w-paq-6-0527056p.html,https://www.canadiantire.ca/fr/pdp/ampoules-pour-projecteur-a-del-non-variable-a-culot-e26-pour-la-maison-noma-a19-5000k-800-lumens-lumiere-du-jour-60-w-paq-6-0527056p.html,https://media-www.canadiantire.ca/product/fixing/electrical/light-bulbs/0527056/noma-led-a19-bulb-60w-daylight-6-pack-non-dimmable-0f881feb-03d4-4355-a808-996847689b5a-jpgrendition.jpg?im=whresize&wid=200&hei=200,https://media-www.canadiantire.ca/product/fixing/electrical/light-bulbs/0527056/noma-led-a19-bulb-60w-daylight-6-pack-non-dimmable-0f881feb-03d4-4355-a808-996847689b5a-jpgrendition.jpg?im=whresize&wid=200&hei=200,,0527056,052-7056-2,Il n’en reste que 1 #052-7056-2,Liquidation◊Exclusivité,54.18,"8,93","19,49"
30,"Warden & Eglinton, ON","Étagère Ziva à 3 tablettes, support de poids pour haltères, haltères russes","Étagère Ziva à 3 tablettes, support de poids pour haltères, haltères russes",179.93,"179,93 $",399.99,"Était±  399,99 $prix était 399,99 $",179.93,"179,93 $",179.93,"179,93 $",true,https://www.canadiantire.ca/fr/pdp/etagere-ziva-a-3-tablettes-support-de-poids-pour-halteres-halteres-russes-1841869p.html,https://www.canadiantire.ca/fr/pdp/etagere-ziva-a-3-tablettes-support-de-poids-pour-halteres-halteres-russes-1841869p.html,https://media-www.canadiantire.ca/product/playing/exercise/strength/1841869/ziva-3-tier-storage-rack-cb9baf50-3c80-4ca8-bddf-98bd5c49a1a5-jpgrendition.jpg?im=whresize&wid=200&hei=200,https://media-www.canadiantire.ca/product/playing/exercise/strength/1841869/ziva-3-tier-storage-rack-cb9baf50-3c80-4ca8-bddf-98bd5c49a1a5-jpgrendition.jpg?im=whresize&wid=200&hei=200,,1841869,184-1869-0,Il n’en reste que 7 #184-1869-0,Liquidation◊,55.02,"179,93","399,99"
30,"Warden & Eglinton, ON",Outil de correspondance des couleurs Swipe par Premier,Outil de correspondance des couleurs Swipe par Premier,9.93,"9,93 $",59.99,"Était±  59,99 $prix était 59,99 $",9.93,"9,93 $",9.93,"9,93 $",true,https://www.canadiantire.ca/fr/pdp/outil-de-correspondance-des-couleurs-swipe-par-premier-0495853p.html,https://www.canadiantire.ca/fr/pdp/outil-de-correspondance-des-couleurs-swipe-par-premier-0495853p.html,https://media-www.canadiantire.ca/product/fixing/paint/paint-accessories/0495853/swipe-by-premier-colour-match-tool-aad8521c-81ac-49e2-8d18-d62133b49727-jpgrendition.jpg?im=whresize&wid=200&hei=200,https://media-www.canadiantire.ca/product/fixing/paint/paint-accessories/0495853/swipe-by-premier-colour-match-tool-aad8521c-81ac-49e2-8d18-d62133b49727-jpgrendition.jpg?im=whresize&wid=200&hei=200,,0495853,049-5853-6,Il n’en reste que 3 #049-5853-6,Liquidation◊Exclusivité,83.45,"9,93","59,99"
30,"Warden & Eglinton, ON","Chaise longue gonflable hydrorefroidie Stella et Finn, pastel, 72 x 34 x 9 po","Chaise longue gonflable hydrorefroidie Stella et Finn, pastel, 72 x 34 x 9 po",7.93,"7,93 $",19.99,"Était±  19,99 $prix était 19,99 $",7.93,"7,93 $",7.93,"7,93 $",true,https://www.canadiantire.ca/fr/pdp/chaise-longue-gonflable-hydrorefroidie-stella-et-finn-pastel-72-x-34-x-9-po-0813950p.html,https://www.canadiantire.ca/fr/pdp/chaise-longue-gonflable-hydrorefroidie-stella-et-finn-pastel-72-x-34-x-9-po-0813950p.html,https://media-www.canadiantire.ca/product/seasonal-gardening/backyard-fun/pool-fun/0813950/stella-finn-hydro-cooled-pastel-lounger-334af27a-64d6-4f4b-ba4f-79d63846fb90-jpgrendition.jpg?im=whresize&wid=200&hei=200,https://media-www.canadiantire.ca/product/seasonal-gardening/backyard-fun/pool-fun/0813950/stella-finn-hydro-cooled-pastel-lounger-334af27a-64d6-4f4b-ba4f-79d63846fb90-jpgrendition.jpg?im=whresize&wid=200&hei=200,,0813950,081-3950-6,Il n’en reste que 1 #081-3950-6,Liquidation◊Exclusivité,60.33,"7,93","19,99"
30,"Warden & Eglinton, ON",Pare-éclaboussures pliable en silicone Starfrit,Pare-éclaboussures pliable en silicone Starfrit,6.93,"6,93 $",16.99,"Était±  16,99 $prix était 16,99 $",6.93,"6,93 $",6.93,"6,93 $",true,https://www.canadiantire.ca/fr/pdp/pare-eclaboussures-pliable-en-silicone-starfrit-1426630p.html,https://www.canadiantire.ca/fr/pdp/pare-eclaboussures-pliable-en-silicone-starfrit-1426630p.html,https://media-www.canadiantire.ca/product/living/kitchen/kitchen-tools-thermometers/1426630/starfrit-silicone-folding-splatter-guard-c71a05e7-0731-4a15-babc-06d1ab20430d-jpgrendition.jpg?im=whresize&wid=200&hei=200,https://media-www.canadiantire.ca/product/living/kitchen/kitchen-tools-thermometers/1426630/starfrit-silicone-folding-splatter-guard-c71a05e7-0731-4a15-babc-06d1ab20430d-jpgrendition.jpg?im=whresize&wid=200&hei=200,,1426630,142-6630-6,Il n’en reste que 2 #142-6630-6,Liquidation◊Mieux notés,59.21,"6,93","16,99"
30,"Warden & Eglinton, ON","Mini-quad/VTT porteur électrique Huffy Boltz 6 V, rouge/bleu, 18 mois à 3 ans","Mini-quad/VTT porteur électrique Huffy Boltz 6 V, rouge/bleu, 18 mois à 3 ans",99.93,"99,93 $",219.99,"Était±  219,99 $prix était 219,99 $",99.93,"99,93 $",99.93,"99,93 $",true,https://www.canadiantire.ca/fr/pdp/mini-quad-vtt-porteur-electrique-huffy-boltz-6-v-rouge-bleu-18-mois-a-3-ans-1840678p.html,https://www.canadiantire.ca/fr/pdp/mini-quad-vtt-porteur-electrique-huffy-boltz-6-v-rouge-bleu-18-mois-a-3-ans-1840678p.html,https://media-www.canadiantire.ca/product/playing/cycling/wheeled-goods/1840678/6v-boltz-electric-ride-on-66667b95-eb65-4da2-9576-fe421594655b-jpgrendition.jpg?im=whresize&wid=200&hei=200,https://media-www.canadiantire.ca/product/playing/cycling/wheeled-goods/1840678/6v-boltz-electric-ride-on-66667b95-eb65-4da2-9576-fe421594655b-jpgrendition.jpg?im=whresize&wid=200&hei=200,,1840678,184-0678-0,Il n’en reste que 4 #184-0678-0,Liquidation◊,54.58,"99,93","219,99"
30,"Warden & Eglinton, ON","Trampoline d'eau gonflable Pathfinder, 9,2 pi","Trampoline d'eau gonflable Pathfinder, 9,2 pi",199.93,"199,93 $",499.99,"Était±  499,99 $prix était 499,99 $",199.93,"199,93 $",199.93,"199,93 $",true,https://www.canadiantire.ca/fr/pdp/trampoline-d-eau-gonflable-pathfinder-9-2-pi-0791421p.html,https://www.canadiantire.ca/fr/pdp/trampoline-d-eau-gonflable-pathfinder-9-2-pi-0791421p.html,https://media-www.canadiantire.ca/product/playing/seasonal-recreation/marine-water-fun/0791421/pathfinder-water-trampoline-6b774c44-c405-4169-90f9-01a872145868-jpgrendition.jpg?im=whresize&wid=200&hei=200,https://media-www.canadiantire.ca/product/playing/seasonal-recreation/marine-water-fun/0791421/pathfinder-water-trampoline-6b774c44-c405-4169-90f9-01a872145868-jpgrendition.jpg?im=whresize&wid=200&hei=200,,0791421,079-1421-6,Il n’en reste que 2 #079-1421-6,Liquidation◊Exclusivité,60.01,"199,93","499,99"
30,"Warden & Eglinton, ON","Ampoules à DEL à intensité variable intelligentes à culot E26 NOMA iQ A19, luminosité ajustable/couleur, paq. 2","Ampoules à DEL à intensité variable intelligentes à culot E26 NOMA iQ A19, luminosité ajustable/couleur, paq. 2",14.93,"14,93 $",37.99,"Était±  37,99 $prix était 37,99 $",14.93,"14,93 $",14.93,"14,93 $",true,https://www.canadiantire.ca/fr/pdp/ampoules-a-del-a-intensite-variable-intelligentes-a-culot-e26-noma-iq-a19-luminosite-ajustable-couleur-paq-2-1522530p.html,https://www.canadiantire.ca/fr/pdp/ampoules-a-del-a-intensite-variable-intelligentes-a-culot-e26-noma-iq-a19-luminosite-ajustable-couleur-paq-2-1522530p.html,https://media-www.canadiantire.ca/product/fixing/electrical/light-bulbs/1522530/noma-iq-a19-white-colour-2-pack-7aa3e592-b142-49bf-95e6-84df5f3982aa-jpgrendition.jpg?im=whresize&wid=200&hei=200,https://media-www.canadiantire.ca/product/fixing/electrical/light-bulbs/1522530/noma-iq-a19-white-colour-2-pack-7aa3e592-b142-49bf-95e6-84df5f3982aa-jpgrendition.jpg?im=whresize&wid=200&hei=200,,1522530,152-2530-4,18 En Stock#152-2530-4,Liquidation◊Mieux notés,60.7,"14,93","37,99"
30,"Warden & Eglinton, ON","Système d'organisation de la lessive Type A Linear à 1 unité, blanc","Système d'organisation de la lessive Type A Linear à 1 unité, blanc",34.93,"34,93 $",99.99,"Était±  99,99 $prix était 99,99 $",34.93,"34,93 $",34.93,"34,93 $",true,https://www.canadiantire.ca/fr/pdp/systeme-d-organisation-de-la-lessive-type-a-linear-a-1-unite-blanc-2420003p.html,https://www.canadiantire.ca/fr/pdp/systeme-d-organisation-de-la-lessive-type-a-linear-a-1-unite-blanc-2420003p.html,https://media-www.canadiantire.ca/product/living/home-organization/laundry/2420003/type-a-single-unit-laundry-organization-system-bdd82a3e-249f-4a5e-8f15-c46219c7a1b7-jpgrendition.jpg?im=whresize&wid=200&hei=200,https://media-www.canadiantire.ca/product/living/home-organization/laundry/2420003/type-a-single-unit-laundry-organization-system-bdd82a3e-249f-4a5e-8f15-c46219c7a1b7-jpgrendition.jpg?im=whresize&wid=200&hei=200,,2420003,242-0003-8,Il n’en reste que 1 #242-0003-8,Liquidation◊Mieux notés,65.07,"34,93","99,99"
30,"Warden & Eglinton, ON","Chargeur multi à 2 prises Mastercraft 20 V, outil seul, compatible avec PWR POD","Chargeur multi à 2 prises Mastercraft 20 V, outil seul, compatible avec PWR POD",39.93,"39,93 $",79.99,"Était±  79,99 $prix était 79,99 $",39.93,"39,93 $",39.93,"39,93 $",true,https://www.canadiantire.ca/fr/pdp/chargeur-multi-a-2-prises-mastercraft-20-v-outil-seul-compatible-avec-pwr-pod-0548299p.html,https://www.canadiantire.ca/fr/pdp/chargeur-multi-a-2-prises-mastercraft-20-v-outil-seul-compatible-avec-pwr-pod-0548299p.html,https://media-www.canadiantire.ca/product/fixing/tools/portable-power-tools/0548299/mastercraft-20v-dual-port-charger-tool-only-379e871d-f612-47c3-bac3-640397c3507e-jpgrendition.jpg?im=whresize&wid=200&hei=200,https://media-www.canadiantire.ca/product/fixing/tools/portable-power-tools/0548299/mastercraft-20v-dual-port-charger-tool-only-379e871d-f612-47c3-bac3-640397c3507e-jpgrendition.jpg?im=whresize&wid=200&hei=200,,0548299,054-8299-4,31 En Stock#054-8299-4,Liquidation◊Mieux notés,50.08,"39,93","79,99"
30,"Warden & Eglinton, ON","Piquet de jardin en métal For Living, 72,05 po","Piquet de jardin en métal For Living, 72,05 po",14.93,"14,93 $",35.99,"Était±  35,99 $prix était 35,99 $",14.93,"14,93 $",14.93,"14,93 $",true,https://www.canadiantire.ca/fr/pdp/piquet-de-jardin-en-metal-for-living-72-05-po-0597880p.html,https://www.canadiantire.ca/fr/pdp/piquet-de-jardin-en-metal-for-living-72-05-po-0597880p.html,https://media-www.canadiantire.ca/product/seasonal-gardening/backyard-living/outdoor-living-accessories/0597880/for-living-72-kinetic-spinner-stake-assorted-8cd3f599-1157-406e-a2b7-1fa6aa58d555-jpgrendition.jpg?im=whresize&wid=200&hei=200,https://media-www.canadiantire.ca/product/seasonal-gardening/backyard-living/outdoor-living-accessories/0597880/for-living-72-kinetic-spinner-stake-assorted-8cd3f599-1157-406e-a2b7-1fa6aa58d555-jpgrendition.jpg?im=whresize&wid=200&hei=200,,0597880,059-7880-4,Il n’en reste que 1 #059-7880-4,Liquidation◊Exclusivité,58.52,"14,93","35,99"
30,"Warden & Eglinton, ON","Treuil en acier pour VTT MotoMaster, 3 500 lb","Treuil en acier pour VTT MotoMaster, 3 500 lb",99.93,"99,93 $",249.99,"Était±  249,99 $prix était 249,99 $",99.93,"99,93 $",99.93,"99,93 $",true,https://www.canadiantire.ca/fr/pdp/treuil-en-acier-pour-vtt-motomaster-3-500-lb-1400067p.html,https://www.canadiantire.ca/fr/pdp/treuil-en-acier-pour-vtt-motomaster-3-500-lb-1400067p.html,https://media-www.canadiantire.ca/product/automotive/automotive-outdoor-adventure/powersport/1400067/motomaster-3500lb-atv-winch-7eb3b10c-89d2-4b16-8b92-f191e7ed585c-jpgrendition.jpg?im=whresize&wid=200&hei=200,https://media-www.canadiantire.ca/product/automotive/automotive-outdoor-adventure/powersport/1400067/motomaster-3500lb-atv-winch-7eb3b10c-89d2-4b16-8b92-f191e7ed585c-jpgrendition.jpg?im=whresize&wid=200&hei=200,,1400067,140-0067-8,Il n’en reste que 4 #140-0067-8,Liquidation◊Mieux notés,60.03,"99,93","249,99"
30,"Warden & Eglinton, ON","Vase en verre CANVAS, fougère","Vase en verre CANVAS, fougère",19.93,"19,93 $",39.99,"Était±  39,99 $prix était 39,99 $",19.93,"19,93 $",19.93,"19,93 $",true,https://www.canadiantire.ca/fr/pdp/vase-en-verre-canvas-fougere-1592477p.html,https://www.canadiantire.ca/fr/pdp/vase-en-verre-canvas-fougere-1592477p.html,https://media-www.canadiantire.ca/product/seasonal-gardening/backyard-living/outdoor-living-accessories/1592477/canvas-fern-glass-vase-58e079e7-6ef4-46dc-a22d-6b38082e7b8f-jpgrendition.jpg?im=whresize&wid=200&hei=200,https://media-www.canadiantire.ca/product/seasonal-gardening/backyard-living/outdoor-living-accessories/1592477/canvas-fern-glass-vase-58e079e7-6ef4-46dc-a22d-6b38082e7b8f-jpgrendition.jpg?im=whresize&wid=200&hei=200,,1592477,159-2477-8,Il n’en reste que 2 #159-2477-8,Liquidation◊Exclusivité,50.16,"19,93","39,99"
30,"Warden & Eglinton, ON","Bouée/anneau flottant gonflable raccordable pour 2 personnes pour lac/rivière avec glacière Outbound, blanc/bleu","Bouée/anneau flottant gonflable raccordable pour 2 personnes pour lac/rivière avec glacière Outbound, blanc/bleu",29.93,"29,93 $",74.99,"Était±  74,99 $prix était 74,99 $",29.93,"29,93 $",29.93,"29,93 $",true,https://www.canadiantire.ca/fr/pdp/bouee-anneau-flottant-gonflable-raccordable-pour-2-personnes-pour-lac-riviere-avec-glaciere-outbound-blanc-bleu-0797157p.html,https://www.canadiantire.ca/fr/pdp/bouee-anneau-flottant-gonflable-raccordable-pour-2-personnes-pour-lac-riviere-avec-glaciere-outbound-blanc-bleu-0797157p.html,https://media-www.canadiantire.ca/product/playing/seasonal-recreation/marine-water-fun/0797157/outbound-2-person-river-tube-with-cooler-aa25995c-f061-4786-97d0-7e3249718c30.png?im=whresize&wid=200&hei=200,https://media-www.canadiantire.ca/product/playing/seasonal-recreation/marine-water-fun/0797157/outbound-2-person-river-tube-with-cooler-aa25995c-f061-4786-97d0-7e3249718c30.png?im=whresize&wid=200&hei=200,,0797157,079-7157-0,14 En Stock#079-7157-0,Liquidation◊Exclusivité,60.09,"29,93","74,99"
30,"Warden & Eglinton, ON",Jeu de balançoire/toboggan Big Backyard KidKraft Emerald Challenge,Jeu de balançoire/toboggan Big Backyard KidKraft Emerald Challenge,499.93,"499,93 $",999.99,"Était±  999,99 $prix était 999,99 $",499.93,"499,93 $",499.93,"499,93 $",true,https://www.canadiantire.ca/fr/pdp/jeu-de-balancoire-toboggan-big-backyard-kidkraft-emerald-challenge-1841591p.html,https://www.canadiantire.ca/fr/pdp/jeu-de-balancoire-toboggan-big-backyard-kidkraft-emerald-challenge-1841591p.html,https://media-www.canadiantire.ca/product/seasonal-gardening/backyard-fun/backyard-amusement/1841591/kidkraft-emerald-challenge-swing-set-5b61ceb9-2f56-4cbc-b5e4-3edcd6abceef-jpgrendition.jpg?im=whresize&wid=200&hei=200,https://media-www.canadiantire.ca/product/seasonal-gardening/backyard-fun/backyard-amusement/1841591/kidkraft-emerald-challenge-swing-set-5b61ceb9-2f56-4cbc-b5e4-3edcd6abceef-jpgrendition.jpg?im=whresize&wid=200&hei=200,,1841591,184-1591-8,Il n’en reste que 1 #184-1591-8,Liquidation◊Mieux notés,50.01,"499,93","999,99"
30,"Warden & Eglinton, ON",Ensemble de moulins à sel et à poivre en plastique transparent MASTER Chef,Ensemble de moulins à sel et à poivre en plastique transparent MASTER Chef,6.49,"6,49 $",12.99,"Était±  12,99 $prix était 12,99 $",6.49,"6,49 $",6.49,"6,49 $",true,https://www.canadiantire.ca/fr/pdp/ensemble-de-moulins-a-sel-et-a-poivre-en-plastique-transparent-master-chef-2423438p.html,https://www.canadiantire.ca/fr/pdp/ensemble-de-moulins-a-sel-et-a-poivre-en-plastique-transparent-master-chef-2423438p.html,https://media-www.canadiantire.ca/product/living/kitchen/dining-and-entertaining/2423437/master-chef-stainless-steel-electric-mill-w-ceramic-grinder-6764bf42-2e14-4efc-9d77-9366367573de-jpgrendition.jpg?im=whresize&wid=200&hei=200,https://media-www.canadiantire.ca/product/living/kitchen/dining-and-entertaining/2423437/master-chef-stainless-steel-electric-mill-w-ceramic-grinder-6764bf42-2e14-4efc-9d77-9366367573de-jpgrendition.jpg?im=whresize&wid=200&hei=200,,2423438,242-3438-6,59 En Stock#242-3438-6,Liquidation◊Exclusivité,50.04,"6,49","12,99"
30,"Warden & Eglinton, ON","Ruban correcteur liquide Papermate Dryline Grip, paq. 2","Ruban correcteur liquide Papermate Dryline Grip, paq. 2",3.39,"3,39 $",6.79,"Était±  6,79 $prix était 6,79 $",3.39,"3,39 $",3.39,"3,39 $",true,https://www.canadiantire.ca/fr/pdp/ruban-correcteur-liquide-papermate-dryline-grip-paq-2-2420373p.html,https://www.canadiantire.ca/fr/pdp/ruban-correcteur-liquide-papermate-dryline-grip-paq-2-2420373p.html,https://media-www.canadiantire.ca/product/seasonal-gardening/toys/home-office-supplies/2420373/papermate-lp-dryline-grip-tape-2cd-bl-4c1b33bb-bbe9-4744-9465-24ebf5b6c5cf-jpgrendition.jpg?im=whresize&wid=200&hei=200,https://media-www.canadiantire.ca/product/seasonal-gardening/toys/home-office-supplies/2420373/papermate-lp-dryline-grip-tape-2cd-bl-4c1b33bb-bbe9-4744-9465-24ebf5b6c5cf-jpgrendition.jpg?im=whresize&wid=200&hei=200,,2420373,242-0373-6,8 En Stock#242-0373-6,Liquidation◊Mieux notés,50.07,"3,39","6,79"
30,"Warden & Eglinton, ON","Camion monstre téléguidé à échelle 1:15 Hot Wheels Mega Wrex avec son et lumière, 5 ans et plus","Camion monstre téléguidé à échelle 1:15 Hot Wheels Mega Wrex avec son et lumière, 5 ans et plus",39.99,"39,99 $",79.99,"Était±  79,99 $prix était 79,99 $",39.99,"39,99 $",39.99,"39,99 $",true,https://www.canadiantire.ca/fr/pdp/camion-monstre-teleguide-a-echelle-1-15-hot-wheels-mega-wrex-avec-son-et-lumiere-5-ans-et-plus-1501617p.html,https://www.canadiantire.ca/fr/pdp/camion-monstre-teleguide-a-echelle-1-15-hot-wheels-mega-wrex-avec-son-et-lumiere-5-ans-et-plus-1501617p.html,https://media-www.canadiantire.ca/product/seasonal-gardening/toys/toys-games/1501617/hot-wheels-monster-truck-r-c-1-15-mega-wrex-c3500b5f-4208-4b52-8738-9ae56ea452d8-jpgrendition.jpg?im=whresize&wid=200&hei=200,https://media-www.canadiantire.ca/product/seasonal-gardening/toys/toys-games/1501617/hot-wheels-monster-truck-r-c-1-15-mega-wrex-c3500b5f-4208-4b52-8738-9ae56ea452d8-jpgrendition.jpg?im=whresize&wid=200&hei=200,,1501617,150-1617-0,Il n’en reste que 4 #150-1617-0,Liquidation◊Mieux notés,50.01,"39,99","79,99"
30,"Warden & Eglinton, ON",Plomb pour ver,Plomb pour ver,1.23,"1,23 $",3.49,"3,49 $Était   et+ prix était à partir de 3,49 $",1.23,"1,23 $",1.23,"1,23 $",true,https://www.canadiantire.ca/fr/pdp/plomb-pour-ver-0784909p.html,https://www.canadiantire.ca/fr/pdp/plomb-pour-ver-0784909p.html,https://media-www.canadiantire.ca/product/playing/fishing/fishing-lures/0784909/danielson-sinker-worm-size-3-1-4-oz-fe6683f5-60ca-40ca-a054-84638f38a614-jpgrendition.jpg?im=whresize&wid=200&hei=200,https://media-www.canadiantire.ca/product/playing/fishing/fishing-lures/0784909/danielson-sinker-worm-size-3-1-4-oz-fe6683f5-60ca-40ca-a054-84638f38a614-jpgrendition.jpg?im=whresize&wid=200&hei=200,,0784909,078-4909,Vérifiez la disponibilité#078-4909X,Liquidation◊Exclusivité,64.76,"1,23","3,49"
30,"Warden & Eglinton, ON","Ponceuse pneumatique légère à double action DeWALT DWMT70780 avec gâchette à commande tactile, 12 000 tr/min","Ponceuse pneumatique légère à double action DeWALT DWMT70780 avec gâchette à commande tactile, 12 000 tr/min",79.93,"79,93 $",169.99,"Était±  169,99 $prix était 169,99 $",79.93,"79,93 $",79.93,"79,93 $",true,https://www.canadiantire.ca/fr/pdp/ponceuse-pneumatique-legere-a-double-action-dewalt-dwmt70780-avec-gachette-a-commande-tactile-12-000-tr-min-0589848p.html,https://www.canadiantire.ca/fr/pdp/ponceuse-pneumatique-legere-a-double-action-dewalt-dwmt70780-avec-gachette-a-commande-tactile-12-000-tr-min-0589848p.html,https://media-www.canadiantire.ca/product/fixing/tools/air-tools-accessories/0589848/dewalt-dual-action-air-sander-fcfb25c0-0291-4c22-ba17-189152751fbe-jpgrendition.jpg?im=whresize&wid=200&hei=200,https://media-www.canadiantire.ca/product/fixing/tools/air-tools-accessories/0589848/dewalt-dual-action-air-sander-fcfb25c0-0291-4c22-ba17-189152751fbe-jpgrendition.jpg?im=whresize&wid=200&hei=200,,0589848,058-9848-4,Il n’en reste que 6 #058-9848-4,Liquidation◊,52.98,"79,93","169,99"
30,"Warden & Eglinton, ON",Applique d'extérieur Sunforce à technologie amorphe,Applique d'extérieur Sunforce à technologie amorphe,39.93,"39,93 $",99.99,"Était±  99,99 $prix était 99,99 $",39.93,"39,93 $",39.93,"39,93 $",true,https://www.canadiantire.ca/fr/pdp/applique-d-exterieur-sunforce-a-technologie-amorphe-0529887p.html,https://www.canadiantire.ca/fr/pdp/applique-d-exterieur-sunforce-a-technologie-amorphe-0529887p.html,https://media-www.canadiantire.ca/product/living/home-decor/lighting/0529887/sunforce-amorphous-outdoor-wall-sconce-2fdb3862-f20b-41a7-b382-093184e6904d-jpgrendition.jpg?im=whresize&wid=200&hei=200,https://media-www.canadiantire.ca/product/living/home-decor/lighting/0529887/sunforce-amorphous-outdoor-wall-sconce-2fdb3862-f20b-41a7-b382-093184e6904d-jpgrendition.jpg?im=whresize&wid=200&hei=200,,0529887,052-9887-2,Il n’en reste que 6 #052-9887-2,Liquidation◊Exclusivité,60.07,"39,93","99,99"
30,"Warden & Eglinton, ON","Stylo à bille rétractable BIC Ecolutions, encre bleue, paq. 4","Stylo à bille rétractable BIC Ecolutions, encre bleue, paq. 4",2.43,"2,43 $",4.99,"Était±  4,99 $prix était 4,99 $",2.43,"2,43 $",2.43,"2,43 $",true,https://www.canadiantire.ca/fr/pdp/stylo-a-bille-retractable-bic-ecolutions-encre-bleue-paq-4-2420368p.html,https://www.canadiantire.ca/fr/pdp/stylo-a-bille-retractable-bic-ecolutions-encre-bleue-paq-4-2420368p.html,https://media-www.canadiantire.ca/product/seasonal-gardening/toys/home-office-supplies/2420368/bic-ecolutions-ocean-retractable-ball-pens-4pk-blue-dab3025e-88c0-49b3-a186-5de0a6cb6fa2-jpgrendition.jpg?im=whresize&wid=200&hei=200,https://media-www.canadiantire.ca/product/seasonal-gardening/toys/home-office-supplies/2420368/bic-ecolutions-ocean-retractable-ball-pens-4pk-blue-dab3025e-88c0-49b3-a186-5de0a6cb6fa2-jpgrendition.jpg?im=whresize&wid=200&hei=200,,2420368,242-0368-0,Il n’en reste que 6 #242-0368-0,Liquidation◊Mieux notés,51.3,"2,43","4,99"
30,"Warden & Eglinton, ON","Distributeur d'eau chaude de MASTER Chef avec poignée, noir, 3,5 L","Distributeur d'eau chaude de MASTER Chef avec poignée, noir, 3,5 L",49.93,"49,93 $",99.99,"Était±  99,99 $prix était 99,99 $",49.93,"49,93 $",49.93,"49,93 $",true,https://www.canadiantire.ca/fr/pdp/distributeur-d-eau-chaude-de-master-chef-avec-poignee-noir-3-5-l-0430196p.html,https://www.canadiantire.ca/fr/pdp/distributeur-d-eau-chaude-de-master-chef-avec-poignee-noir-3-5-l-0430196p.html,https://media-www.canadiantire.ca/product/living/kitchen/kitchen-appliances/0430196/master-chef-hot-water-dispenser-9e2e8ff7-2445-4f25-9bde-ac042fe07b54-jpgrendition.jpg?im=whresize&wid=200&hei=200,https://media-www.canadiantire.ca/product/living/kitchen/kitchen-appliances/0430196/master-chef-hot-water-dispenser-9e2e8ff7-2445-4f25-9bde-ac042fe07b54-jpgrendition.jpg?im=whresize&wid=200&hei=200,,0430196,043-0196-2,59 En Stock#043-0196-2,Liquidation◊Mieux notés,50.07,"49,93","99,99"
30,"Warden & Eglinton, ON","Poisson-nageur Xcalibur, 3/8 oz","Poisson-nageur Xcalibur, 3/8 oz",3.93,"3,93 $",7.99,"7,99 $Était   et+ prix était à partir de 7,99 $",3.93,"3,93 $",3.93,"3,93 $",true,https://www.canadiantire.ca/fr/pdp/poisson-nageur-xcalibur-3-8-oz-0771213p.html,https://www.canadiantire.ca/fr/pdp/poisson-nageur-xcalibur-3-8-oz-0771213p.html,https://media-www.canadiantire.ca/product/playing/fishing/fishing-lures/0771220/xcalibur-xtr-crankbait-black-gold-3-8-oz-7c4d8012-856e-4d57-9eba-bfdb7be4a32d-jpgrendition.jpg?im=whresize&wid=200&hei=200,https://media-www.canadiantire.ca/product/playing/fishing/fishing-lures/0771220/xcalibur-xtr-crankbait-black-gold-3-8-oz-7c4d8012-856e-4d57-9eba-bfdb7be4a32d-jpgrendition.jpg?im=whresize&wid=200&hei=200,,0771213,077-1213,Vérifiez la disponibilité#077-1213X,Liquidation◊Exclusivité,50.81,"3,93","7,99"
30,"Warden & Eglinton, ON","CANVAS Moraine - Table d'appoint en C de jardin en osier pour toutes les conditions, 2 pcs","CANVAS Moraine - Table d'appoint en C de jardin en osier pour toutes les conditions, 2 pcs",69.93,"69,93 $",179.99,"Était±  179,99 $prix était 179,99 $",69.93,"69,93 $",69.93,"69,93 $",true,https://www.canadiantire.ca/fr/pdp/canvas-moraine-table-d-appoint-en-c-de-jardin-en-osier-pour-toutes-les-conditions-2-pcs-0880544p.html,https://www.canadiantire.ca/fr/pdp/canvas-moraine-table-d-appoint-en-c-de-jardin-en-osier-pour-toutes-les-conditions-2-pcs-0880544p.html,https://media-www.canadiantire.ca/product/seasonal-gardening/backyard-living/outdoor-furniture/0880544/canvas-moraine-side-c-table-2pk-97265da3-4f96-4d9b-85e2-e672d0227700.png?im=whresize&wid=200&hei=200,https://media-www.canadiantire.ca/product/seasonal-gardening/backyard-living/outdoor-furniture/0880544/canvas-moraine-side-c-table-2pk-97265da3-4f96-4d9b-85e2-e672d0227700.png?im=whresize&wid=200&hei=200,,0880544,088-0544-8,Il n’en reste que 1 #088-0544-8,Liquidation◊Mieux notés,61.15,"69,93","179,99"
30,"Warden & Eglinton, ON","Chargeur portatif mince à 3 ports Bluehive, 20 000 mAh, 20 W, voyant DEL de batterie, compatible avec la plupart des appareils, noir","Chargeur portatif mince à 3 ports Bluehive, 20 000 mAh, 20 W, voyant DEL de batterie, compatible avec la plupart des appareils, noir",29.93,"29,93 $",59.99,"Était±  59,99 $prix était 59,99 $",29.93,"29,93 $",29.93,"29,93 $",true,https://www.canadiantire.ca/fr/pdp/chargeur-portatif-mince-a-3-ports-bluehive-20-000-mah-20-w-voyant-del-de-batterie-compatible-avec-la-plupart-des-appareils-noir-0358203p.html,https://www.canadiantire.ca/fr/pdp/chargeur-portatif-mince-a-3-ports-bluehive-20-000-mah-20-w-voyant-del-de-batterie-compatible-avec-la-plupart-des-appareils-noir-0358203p.html,https://media-www.canadiantire.ca/product/automotive/electronics/mobile-electronics/0358202/bh-10k-20w-slim-powerbank-a1c14346-2673-48d8-960a-0a32ad51f937-jpgrendition.jpg?im=whresize&wid=200&hei=200,https://media-www.canadiantire.ca/product/automotive/electronics/mobile-electronics/0358202/bh-10k-20w-slim-powerbank-a1c14346-2673-48d8-960a-0a32ad51f937-jpgrendition.jpg?im=whresize&wid=200&hei=200,,0358203,035-8203-8,Il n’en reste que 5 #035-8203-8,Liquidation◊Exclusivité,50.11,"29,93","59,99"
30,"Warden & Eglinton, ON","Pot de peinture pliable Handy, 0,5 l, rouge","Pot de peinture pliable Handy, 0,5 l, rouge",4.93,"4,93 $",10.99,"Était±  10,99 $prix était 10,99 $",4.93,"4,93 $",4.93,"4,93 $",true,https://www.canadiantire.ca/fr/pdp/pot-de-peinture-pliable-handy-0-5-l-rouge-0492544p.html,https://www.canadiantire.ca/fr/pdp/pot-de-peinture-pliable-handy-0-5-l-rouge-0492544p.html,https://media-www.canadiantire.ca/product/fixing/paint/paint-accessories/0492544/handy-paint-collapsible-snap-cup-7576f265-9312-439f-9ae6-d8021ebac517-jpgrendition.jpg?im=whresize&wid=200&hei=200,https://media-www.canadiantire.ca/product/fixing/paint/paint-accessories/0492544/handy-paint-collapsible-snap-cup-7576f265-9312-439f-9ae6-d8021ebac517-jpgrendition.jpg?im=whresize&wid=200&hei=200,,0492544,049-2544-0,10 En Stock#049-2544-0,Liquidation◊Mieux notés,55.14,"4,93","10,99"
30,"Warden & Eglinton, ON","Rallonge d'extérieur à 1 prise NOMA, calibre 16/2, 24 pi 11 po","Rallonge d'extérieur à 1 prise NOMA, calibre 16/2, 24 pi 11 po",11.93,"11,93 $",27.99,"27,99 $Était   et+ prix était à partir de 27,99 $",11.93,"11,93 $",11.93,"11,93 $",true,https://www.canadiantire.ca/fr/pdp/rallonge-d-exterieur-a-1-prise-noma-calibre-16-2-24-pi-11-po-0522481p.html,https://www.canadiantire.ca/fr/pdp/rallonge-d-exterieur-a-1-prise-noma-calibre-16-2-24-pi-11-po-0522481p.html,https://media-www.canadiantire.ca/product/fixing/electrical/power-bars-extension-cords-timers/0522483/noma-cedar-24-11-7-6m-patio-cord-16-2-1-tap-de27fafc-ee1c-4696-b679-52650bbe7424-jpgrendition.jpg?im=whresize&wid=200&hei=200,https://media-www.canadiantire.ca/product/fixing/electrical/power-bars-extension-cords-timers/0522483/noma-cedar-24-11-7-6m-patio-cord-16-2-1-tap-de27fafc-ee1c-4696-b679-52650bbe7424-jpgrendition.jpg?im=whresize&wid=200&hei=200,,0522481,052-2481,Vérifiez la disponibilité#052-2481X,Liquidation◊Mieux notés,57.38,"11,93","27,99"
30,"Warden & Eglinton, ON","Applique murale à 1 lampe CANVAS Ambleside, fini en bois, noir mat","Applique murale à 1 lampe CANVAS Ambleside, fini en bois, noir mat",49.93,"49,93 $",99.99,"Était±  99,99 $prix était 99,99 $",49.93,"49,93 $",49.93,"49,93 $",true,https://www.canadiantire.ca/fr/pdp/applique-murale-a-1-lampe-canvas-ambleside-fini-en-bois-noir-mat-1522608p.html,https://www.canadiantire.ca/fr/pdp/applique-murale-a-1-lampe-canvas-ambleside-fini-en-bois-noir-mat-1522608p.html,https://media-www.canadiantire.ca/product/living/home-decor/lighting/1522608/canvas-ambleside-wall-sconce-5f161ca9-8f79-4160-8e68-d82720c0005f-jpgrendition.jpg?im=whresize&wid=200&hei=200,https://media-www.canadiantire.ca/product/living/home-decor/lighting/1522608/canvas-ambleside-wall-sconce-5f161ca9-8f79-4160-8e68-d82720c0005f-jpgrendition.jpg?im=whresize&wid=200&hei=200,,1522608,152-2608-2,20 En Stock#152-2608-2,Liquidation◊Exclusivité,50.07,"49,93","99,99"
30,"Warden & Eglinton, ON","Piscine gonflable ronde à montage rapide Stella & Finn de flamant rose, 6 pi x 20 po, 6 ans et plus","Piscine gonflable ronde à montage rapide Stella & Finn de flamant rose, 6 pi x 20 po, 6 ans et plus",26.93,"26,93 $",89.99,"Était±  89,99 $prix était 89,99 $",26.93,"26,93 $",26.93,"26,93 $",true,https://www.canadiantire.ca/fr/pdp/piscine-gonflable-ronde-a-montage-rapide-stella-finn-de-flamant-rose-6-pi-x-20-po-6-ans-et-plus-0813936p.html,https://www.canadiantire.ca/fr/pdp/piscine-gonflable-ronde-a-montage-rapide-stella-finn-de-flamant-rose-6-pi-x-20-po-6-ans-et-plus-0813936p.html,https://media-www.canadiantire.ca/product/seasonal-gardening/backyard-fun/pools-spas/0813936/stella-finn-flamingo-quickset-pool-a030d96b-2eaa-45c3-9bf3-6127f5782977-jpgrendition.jpg?im=whresize&wid=200&hei=200,https://media-www.canadiantire.ca/product/seasonal-gardening/backyard-fun/pools-spas/0813936/stella-finn-flamingo-quickset-pool-a030d96b-2eaa-45c3-9bf3-6127f5782977-jpgrendition.jpg?im=whresize&wid=200&hei=200,,0813936,081-3936-2,Il n’en reste que 2 #081-3936-2,Liquidation◊Exclusivité,70.07,"26,93","89,99"
30,"Warden & Eglinton, ON",Lampe à suspendre sous le capot CMS MotoMaster,Lampe à suspendre sous le capot CMS MotoMaster,35.93,"35,93 $",99.99,"Était±  99,99 $prix était 99,99 $",35.93,"35,93 $",35.93,"35,93 $",true,https://www.canadiantire.ca/fr/pdp/lampe-a-suspendre-sous-le-capot-cms-motomaster-0370744p.html,https://www.canadiantire.ca/fr/pdp/lampe-a-suspendre-sous-le-capot-cms-motomaster-0370744p.html,https://media-www.canadiantire.ca/product/automotive/car-care-accessories/auto-accessories/0370744/motomaster-smd-underhood-hanging-light-06675b9a-b8ab-4eb4-af06-ed0658a3b085-jpgrendition.jpg?im=whresize&wid=200&hei=200,https://media-www.canadiantire.ca/product/automotive/car-care-accessories/auto-accessories/0370744/motomaster-smd-underhood-hanging-light-06675b9a-b8ab-4eb4-af06-ed0658a3b085-jpgrendition.jpg?im=whresize&wid=200&hei=200,,0370744,037-0744-4,Il n’en reste que 4 #037-0744-4,Liquidation◊Exclusivité,64.07,"35,93","99,99"
30,"Warden & Eglinton, ON","Hache Fiskars, 17 po","Hache Fiskars, 17 po",37.49,"37,49 $",74.99,"Était±  74,99 $prix était 74,99 $",37.49,"37,49 $",37.49,"37,49 $",true,https://www.canadiantire.ca/fr/pdp/hache-fiskars-17-po-0570270p.html,https://www.canadiantire.ca/fr/pdp/hache-fiskars-17-po-0570270p.html,https://media-www.canadiantire.ca/product/seasonal-gardening/outdoor-tools/manual-lawn-garden-tools/0570270/fiskars-chopping-axe-17--c5df58a1-07ab-483b-a008-0ba4039b0c31-jpgrendition.jpg?im=whresize&wid=200&hei=200,https://media-www.canadiantire.ca/product/seasonal-gardening/outdoor-tools/manual-lawn-garden-tools/0570270/fiskars-chopping-axe-17--c5df58a1-07ab-483b-a008-0ba4039b0c31-jpgrendition.jpg?im=whresize&wid=200&hei=200,,0570270,057-0270-2,Il n’en reste que 2 #057-0270-2,Liquidation◊Mieux notés,50.01,"37,49","74,99"
30,"Warden & Eglinton, ON","Engin jouet pour camion CAT, jaune, 3 ans et plus","Engin jouet pour camion CAT, jaune, 3 ans et plus",74.99,"74,99 $",149.99,"Était±  149,99 $prix était 149,99 $",74.99,"74,99 $",74.99,"74,99 $",true,https://www.canadiantire.ca/fr/pdp/engin-jouet-pour-camion-cat-jaune-3-ans-et-plus-0509601p.html,https://www.canadiantire.ca/fr/pdp/engin-jouet-pour-camion-cat-jaune-3-ans-et-plus-0509601p.html,https://media-www.canadiantire.ca/product/seasonal-gardening/toys/toys-games/0509601/cat-truck-engine-b2982398-285e-499c-867a-02b46cfefe19-jpgrendition.jpg?im=whresize&wid=200&hei=200,https://media-www.canadiantire.ca/product/seasonal-gardening/toys/toys-games/0509601/cat-truck-engine-b2982398-285e-499c-867a-02b46cfefe19-jpgrendition.jpg?im=whresize&wid=200&hei=200,,0509601,050-9601-6,Il n’en reste que 5 #050-9601-6,Liquidation◊,50,"74,99","149,99"
30,"Warden & Eglinton, ON","Boîte étanche Hubbell 5333-0 pour l'extérieur, 2 dispositifs, 3 sorties filetées de 1/2 po, gris, 32 po3","Boîte étanche Hubbell 5333-0 pour l'extérieur, 2 dispositifs, 3 sorties filetées de 1/2 po, gris, 32 po3",7.93,"7,93 $",19.99,"Était±  19,99 $prix était 19,99 $",7.93,"7,93 $",7.93,"7,93 $",true,https://www.canadiantire.ca/fr/pdp/boite-etanche-hubbell-5333-0-pour-l-exterieur-2-dispositifs-3-sorties-filetees-de-1-2-po-gris-32-po3-0524215p.html,https://www.canadiantire.ca/fr/pdp/boite-etanche-hubbell-5333-0-pour-l-exterieur-2-dispositifs-3-sorties-filetees-de-1-2-po-gris-32-po3-0524215p.html,https://media-www.canadiantire.ca/product/fixing/electrical/rough-electrical/0524215/4-x-4-x-2-outdoor-junction-box-a26ac007-d906-4bed-80ed-7925c86ef014-jpgrendition.jpg?im=whresize&wid=200&hei=200,https://media-www.canadiantire.ca/product/fixing/electrical/rough-electrical/0524215/4-x-4-x-2-outdoor-junction-box-a26ac007-d906-4bed-80ed-7925c86ef014-jpgrendition.jpg?im=whresize&wid=200&hei=200,,0524215,052-4215-2,9 En Stock#052-4215-2,Liquidation◊,60.33,"7,93","19,99"
30,"Warden & Eglinton, ON","Applique murale CANVAS avec station de recharge sans fil, noir mat/laiton brossé","Applique murale CANVAS avec station de recharge sans fil, noir mat/laiton brossé",39.93,"39,93 $",129.99,"Était±  129,99 $prix était 129,99 $",39.93,"39,93 $",39.93,"39,93 $",true,https://www.canadiantire.ca/fr/pdp/applique-murale-canvas-avec-station-de-recharge-sans-fil-noir-mat-laiton-brosse-1522690p.html,https://www.canadiantire.ca/fr/pdp/applique-murale-canvas-avec-station-de-recharge-sans-fil-noir-mat-laiton-brosse-1522690p.html,https://media-www.canadiantire.ca/product/fixing/electrical/lighting/1522690/canvas-wall-sconce-matte-black-brushed-brass-da585f87-e6f8-46eb-9fc5-0e9b3ced0bda-jpgrendition.jpg?im=whresize&wid=200&hei=200,https://media-www.canadiantire.ca/product/fixing/electrical/lighting/1522690/canvas-wall-sconce-matte-black-brushed-brass-da585f87-e6f8-46eb-9fc5-0e9b3ced0bda-jpgrendition.jpg?im=whresize&wid=200&hei=200,,1522690,152-2690-2,16 En Stock#152-2690-2,Liquidation◊Mieux notés,69.28,"39,93","129,99"
30,"Warden & Eglinton, ON","Kayak Pelican Hi Life de Perception, 11 pi, eau calme/usage général, 1 personne, bleu","Kayak Pelican Hi Life de Perception, 11 pi, eau calme/usage général, 1 personne, bleu",599.93,"599,93 $",1199.99,"Était±  1 199,99 $prix était 1 199,99 $",599.93,"599,93 $",599.93,"599,93 $",true,https://www.canadiantire.ca/fr/pdp/kayak-pelican-hi-life-de-perception-11-pi-eau-calme-usage-general-1-personne-bleu-0798345p.html,https://www.canadiantire.ca/fr/pdp/kayak-pelican-hi-life-de-perception-11-pi-eau-calme-usage-general-1-personne-bleu-0798345p.html,https://media-www.canadiantire.ca/product/playing/seasonal-recreation/marine-water-fun/0798345/perception-hi-life-11ft-kayak-6c828146-96b2-4f03-a7ed-54cb57f47f96-jpgrendition.jpg?im=whresize&wid=200&hei=200,https://media-www.canadiantire.ca/product/playing/seasonal-recreation/marine-water-fun/0798345/perception-hi-life-11ft-kayak-6c828146-96b2-4f03-a7ed-54cb57f47f96-jpgrendition.jpg?im=whresize&wid=200&hei=200,,0798345,079-8345-6,Il n’en reste que 3 #079-8345-6,Liquidation◊,50.01,"599,93","1199,99"
30,"Warden & Eglinton, ON","Sac à dos pour aventure de plusieurs jours pour la randonnée, le camping et les voyages Woods TUZO, pour femmes, 70 L","Sac à dos pour aventure de plusieurs jours pour la randonnée, le camping et les voyages Woods TUZO, pour femmes, 70 L",99.93,"99,93 $",199.99,"Était±  199,99 $prix était 199,99 $",99.93,"99,93 $",99.93,"99,93 $",true,https://www.canadiantire.ca/fr/pdp/sac-a-dos-pour-aventure-de-plusieurs-jours-pour-la-randonnee-le-camping-et-les-voyages-woods-tuzo-pour-femmes-70-l-0766805p.html,https://www.canadiantire.ca/fr/pdp/sac-a-dos-pour-aventure-de-plusieurs-jours-pour-la-randonnee-le-camping-et-les-voyages-woods-tuzo-pour-femmes-70-l-0766805p.html,https://media-www.canadiantire.ca/product/playing/camping/camping-accessories/0766805/woods-tuzo-70l-women-s-backpack-048195e2-66b7-4db1-ac44-a1a779f2441f-jpgrendition.jpg?im=whresize&wid=200&hei=200,https://media-www.canadiantire.ca/product/playing/camping/camping-accessories/0766805/woods-tuzo-70l-women-s-backpack-048195e2-66b7-4db1-ac44-a1a779f2441f-jpgrendition.jpg?im=whresize&wid=200&hei=200,,0766805,076-6805-0,Il n’en reste que 3 #076-6805-0,Liquidation◊Mieux notés,50.03,"99,93","199,99"
30,"Warden & Eglinton, ON",Pince-nez et bouchons d'oreille Speedo,Pince-nez et bouchons d'oreille Speedo,4.93,"4,93 $",10.99,"Était±  10,99 $prix était 10,99 $",4.93,"4,93 $",4.93,"4,93 $",true,https://www.canadiantire.ca/fr/pdp/pince-nez-et-bouchons-d-oreille-speedo-0813965p.html,https://www.canadiantire.ca/fr/pdp/pince-nez-et-bouchons-d-oreille-speedo-0813965p.html,https://media-www.canadiantire.ca/product/seasonal-gardening/backyard-fun/pool-fun/0813965/speedo-nose-clip-and-ear-plug-combo-87080c24-8d7f-45d7-8faf-b30e23d8daf6-jpgrendition.jpg?im=whresize&wid=200&hei=200,https://media-www.canadiantire.ca/product/seasonal-gardening/backyard-fun/pool-fun/0813965/speedo-nose-clip-and-ear-plug-combo-87080c24-8d7f-45d7-8faf-b30e23d8daf6-jpgrendition.jpg?im=whresize&wid=200&hei=200,,0813965,081-3965-2,18 En Stock#081-3965-2,Liquidation◊Exclusivité,55.14,"4,93","10,99"
30,"Warden & Eglinton, ON",Décor mural d'anniversaire Pat'Patrouille avec accessoire pour cabine de photo,Décor mural d'anniversaire Pat'Patrouille avec accessoire pour cabine de photo,4.93,"4,93 $",10.99,"Était±  10,99 $prix était 10,99 $",4.93,"4,93 $",4.93,"4,93 $",true,https://www.canadiantire.ca/fr/pdp/decor-mural-d-anniversaire-pat-patrouille-avec-accessoire-pour-cabine-de-photo-8420537p.html,https://www.canadiantire.ca/fr/pdp/decor-mural-d-anniversaire-pat-patrouille-avec-accessoire-pour-cabine-de-photo-8420537p.html,https://media-www.canadiantire.ca/product/seasonal-gardening/party-city-everyday/party-city-kids-birthday-pinatas/8420537/17pc-scn-sttr-prop-paw-patrol-49416cb4-fa21-4a45-973f-f1a5849862d1-jpgrendition.jpg?im=whresize&wid=200&hei=200,https://media-www.canadiantire.ca/product/seasonal-gardening/party-city-everyday/party-city-kids-birthday-pinatas/8420537/17pc-scn-sttr-prop-paw-patrol-49416cb4-fa21-4a45-973f-f1a5849862d1-jpgrendition.jpg?im=whresize&wid=200&hei=200,,8420537,842-0537-0,Il n’en reste que 1 #842-0537-0,Liquidation◊Mieux notés,55.14,"4,93","10,99"
30,"Warden & Eglinton, ON","Rail d'éclairage à 4 lampes avec abat-jour en cristal NOMA Cora, chrome","Rail d'éclairage à 4 lampes avec abat-jour en cristal NOMA Cora, chrome",59.93,"59,93 $",139.99,"Était±  139,99 $prix était 139,99 $",59.93,"59,93 $",59.93,"59,93 $",true,https://www.canadiantire.ca/fr/pdp/rail-d-eclairage-a-4-lampes-avec-abat-jour-en-cristal-noma-cora-chrome-0528002p.html,https://www.canadiantire.ca/fr/pdp/rail-d-eclairage-a-4-lampes-avec-abat-jour-en-cristal-noma-cora-chrome-0528002p.html,https://media-www.canadiantire.ca/product/living/home-decor/lighting/0528002/track-4-light-cora-73437bd7-39f4-4580-99f7-c545f545db5e-jpgrendition.jpg?im=whresize&wid=200&hei=200,https://media-www.canadiantire.ca/product/living/home-decor/lighting/0528002/track-4-light-cora-73437bd7-39f4-4580-99f7-c545f545db5e-jpgrendition.jpg?im=whresize&wid=200&hei=200,,0528002,052-8002-4,Il n’en reste que 2 #052-8002-4,Liquidation◊Mieux notés,57.19,"59,93","139,99"
30,"Warden & Eglinton, ON","Carreaux de dosseret pierre à peler et coller UltraStone, Quartzite Cuivre antique, 3,9 pi2","Carreaux de dosseret pierre à peler et coller UltraStone, Quartzite Cuivre antique, 3,9 pi2",22.93,"22,93 $",62.99,"Était±  62,99 $prix était 62,99 $",22.93,"22,93 $",22.93,"22,93 $",true,https://www.canadiantire.ca/fr/pdp/carreaux-de-dosseret-pierre-a-peler-et-coller-ultrastone-quartzite-cuivre-antique-3-9-pi2-0700302p.html,https://www.canadiantire.ca/fr/pdp/carreaux-de-dosseret-pierre-a-peler-et-coller-ultrastone-quartzite-cuivre-antique-3-9-pi2-0700302p.html,https://media-www.canadiantire.ca/product/fixing/paint/paints/0700302/ultrastone-antique-copper-quartzite-5c48f50f-88d9-4c4a-95a6-3feb51c964a1-jpgrendition.jpg?im=whresize&wid=200&hei=200,https://media-www.canadiantire.ca/product/fixing/paint/paints/0700302/ultrastone-antique-copper-quartzite-5c48f50f-88d9-4c4a-95a6-3feb51c964a1-jpgrendition.jpg?im=whresize&wid=200&hei=200,,0700302,070-0302-4,16 En Stock#070-0302-4,Liquidation◊Mieux notés,63.6,"22,93","62,99"
30,"Warden & Eglinton, ON","Nappe en plastique réutilisable gâteau de fête moderne pour usage intérieur/extérieur, 54 x 102 po","Nappe en plastique réutilisable gâteau de fête moderne pour usage intérieur/extérieur, 54 x 102 po",2.93,"2,93 $",6.99,"Était±  6,99 $prix était 6,99 $",2.93,"2,93 $",2.93,"2,93 $",true,https://www.canadiantire.ca/fr/pdp/nappe-en-plastique-reutilisable-gateau-de-fete-moderne-pour-usage-interieur-exterieur-54-x-102-po-8541858p.html,https://www.canadiantire.ca/fr/pdp/nappe-en-plastique-reutilisable-gateau-de-fete-moderne-pour-usage-interieur-exterieur-54-x-102-po-8541858p.html,https://media-www.canadiantire.ca/product/automotive/party-city-everyday/party-city-general-birthday/8541858/modern-plastic-tablecover-7f57fa24-39b4-4f92-97c1-15ef183d77c0-jpgrendition.jpg?im=whresize&wid=200&hei=200,https://media-www.canadiantire.ca/product/automotive/party-city-everyday/party-city-general-birthday/8541858/modern-plastic-tablecover-7f57fa24-39b4-4f92-97c1-15ef183d77c0-jpgrendition.jpg?im=whresize&wid=200&hei=200,,8541858,854-1858-2,,Liquidation◊,58.08,"2,93","6,99"
30,"Warden & Eglinton, ON","Pochette rouleau SAE Mastercraft, 14 clés","Pochette rouleau SAE Mastercraft, 14 clés",6.93,"6,93 $",16.99,"Était±  16,99 $prix était 16,99 $",6.93,"6,93 $",6.93,"6,93 $",true,https://www.canadiantire.ca/fr/pdp/pochette-rouleau-sae-mastercraft-14-cles-0581610p.html,https://www.canadiantire.ca/fr/pdp/pochette-rouleau-sae-mastercraft-14-cles-0581610p.html,https://media-www.canadiantire.ca/product/fixing/tools/sockets-wrenches/0581610/mastercraft-14-pc-wrench-roll-sae-9c62d0e2-270a-43e5-ab05-afd51bc965e4-jpgrendition.jpg?im=whresize&wid=200&hei=200,https://media-www.canadiantire.ca/product/fixing/tools/sockets-wrenches/0581610/mastercraft-14-pc-wrench-roll-sae-9c62d0e2-270a-43e5-ab05-afd51bc965e4-jpgrendition.jpg?im=whresize&wid=200&hei=200,,0581610,058-1610-6,Il n’en reste que 1 #058-1610-6,Liquidation◊Exclusivité,59.21,"6,93","16,99"
30,"Warden & Eglinton, ON","Porte-outils pour cheveux avec encart en silicone The Home Edit par iDesign, résistant à la chaleur","Porte-outils pour cheveux avec encart en silicone The Home Edit par iDesign, résistant à la chaleur",9.93,"9,93 $",19.99,"Était±  19,99 $prix était 19,99 $",9.93,"9,93 $",9.93,"9,93 $",true,https://www.canadiantire.ca/fr/pdp/porte-outils-pour-cheveux-avec-encart-en-silicone-the-home-edit-par-idesign-resistant-a-la-chaleur-0636329p.html,https://www.canadiantire.ca/fr/pdp/porte-outils-pour-cheveux-avec-encart-en-silicone-the-home-edit-par-idesign-resistant-a-la-chaleur-0636329p.html,https://media-www.canadiantire.ca/product/living/home-decor/bed-bath-decor/0636334/the-home-edit-tall-bin-divider-acf5a87f-bb2c-4e16-91c4-03dc1c4e2ce6-jpgrendition.jpg?im=whresize&wid=200&hei=200,https://media-www.canadiantire.ca/product/living/home-decor/bed-bath-decor/0636334/the-home-edit-tall-bin-divider-acf5a87f-bb2c-4e16-91c4-03dc1c4e2ce6-jpgrendition.jpg?im=whresize&wid=200&hei=200,,0636329,063-6329-4,Il n’en reste que 4 #063-6329-4,Liquidation◊Exclusivité,50.33,"9,93","19,99"
30,"Warden & Eglinton, ON","Sachets nettoyants pour tapis Hoover, nett.prof/animaux, paq. 14","Sachets nettoyants pour tapis Hoover, nett.prof/animaux, paq. 14",9.93,"9,93 $",19.99,"Était±  19,99 $prix était 19,99 $",9.93,"9,93 $",9.93,"9,93 $",true,https://www.canadiantire.ca/fr/pdp/sachets-nettoyants-pour-tapis-hoover-nett-prof-animaux-paq-14-1531872p.html,https://www.canadiantire.ca/fr/pdp/sachets-nettoyants-pour-tapis-hoover-nett-prof-animaux-paq-14-1531872p.html,https://media-www.canadiantire.ca/product/living/cleaning/household-cleaning-solutions/1531872/hoover-oxy-permanent-stain-removal-clean-pack-14-count-6483f862-06c3-4f95-8f7e-80ecf7f85294-jpgrendition.jpg?im=whresize&wid=200&hei=200,https://media-www.canadiantire.ca/product/living/cleaning/household-cleaning-solutions/1531872/hoover-oxy-permanent-stain-removal-clean-pack-14-count-6483f862-06c3-4f95-8f7e-80ecf7f85294-jpgrendition.jpg?im=whresize&wid=200&hei=200,,1531872,153-1872-4,Il n’en reste que 3 #153-1872-4,Liquidation◊Mieux notés,50.33,"9,93","19,99"
30,"Warden & Eglinton, ON","Cuiller de série originale Len Thompson, reflet blanc / bleu","Cuiller de série originale Len Thompson, reflet blanc / bleu",2.43,"2,43 $",4.99,"4,99 $Était   et+ prix était à partir de 4,99 $",2.43,"2,43 $",2.43,"2,43 $",true,https://www.canadiantire.ca/fr/pdp/cuiller-de-serie-originale-len-thompson-reflet-blanc-bleu-0777610p.html,https://www.canadiantire.ca/fr/pdp/cuiller-de-serie-originale-len-thompson-reflet-blanc-bleu-0777610p.html,https://media-www.canadiantire.ca/product/playing/fishing/fishing-lures/0777610/len-thompson-original-series-white-blue-glow-1-7oz-3eef065c-bd0e-48ef-bc6a-8ce080ed89a1-jpgrendition.jpg?im=whresize&wid=200&hei=200,https://media-www.canadiantire.ca/product/playing/fishing/fishing-lures/0777610/len-thompson-original-series-white-blue-glow-1-7oz-3eef065c-bd0e-48ef-bc6a-8ce080ed89a1-jpgrendition.jpg?im=whresize&wid=200&hei=200,,0777610,077-7610,Vérifiez la disponibilité#077-7610X,Liquidation◊Mieux notés,51.3,"2,43","4,99"
30,"Warden & Eglinton, ON","Lustre à 4 lampes CANVAS, gris/nickel brossé","Lustre à 4 lampes CANVAS, gris/nickel brossé",69.92,"69,92 $",189.99,"Était±  189,99 $prix était 189,99 $",69.92,"69,92 $",69.92,"69,92 $",true,https://www.canadiantire.ca/fr/pdp/lustre-a-4-lampes-canvas-gris-nickel-brosse-1522688p.html,https://www.canadiantire.ca/fr/pdp/lustre-a-4-lampes-canvas-gris-nickel-brosse-1522688p.html,https://media-www.canadiantire.ca/product/fixing/electrical/lighting/1522688/canvas-4-light-chandelier-grey-brushed-nickel-84b4afd6-a26a-4576-8aed-4370b71718da-jpgrendition.jpg?im=whresize&wid=200&hei=200,https://media-www.canadiantire.ca/product/fixing/electrical/lighting/1522688/canvas-4-light-chandelier-grey-brushed-nickel-84b4afd6-a26a-4576-8aed-4370b71718da-jpgrendition.jpg?im=whresize&wid=200&hei=200,,1522688,152-2688-0,23 En Stock#152-2688-0,Liquidation◊Exclusivité,63.2,"69,92","189,99"
30,"Warden & Eglinton, ON",Rétroviseur d'angle mort côté passager K-Source,Rétroviseur d'angle mort côté passager K-Source,4.93,"4,93 $",29.99,"Était±  29,99 $prix était 29,99 $",4.93,"4,93 $",4.93,"4,93 $",true,https://www.canadiantire.ca/fr/pdp/retroviseur-d-angle-mort-cote-passager-k-source-0379257p.html,https://www.canadiantire.ca/fr/pdp/retroviseur-d-angle-mort-cote-passager-k-source-0379257p.html,https://media-www.canadiantire.ca/product/automotive/car-care-accessories/auto-accessories/0379257/car-passenger-blind-spot-mirror-b-pillar-mirror--a0c5071d-93ec-409a-a0aa-aecec352c1de-jpgrendition.jpg?im=whresize&wid=200&hei=200,https://media-www.canadiantire.ca/product/automotive/car-care-accessories/auto-accessories/0379257/car-passenger-blind-spot-mirror-b-pillar-mirror--a0c5071d-93ec-409a-a0aa-aecec352c1de-jpgrendition.jpg?im=whresize&wid=200&hei=200,,0379257,037-9257-0,Il n’en reste que 1 #037-9257-0,Liquidation◊,83.56,"4,93","29,99"
30,"Warden & Eglinton, ON","Couche de base pour revêtement de plancher intérieur Rust-Oleum HOME, gris vapeur, 3,78 L/1 gallon","Couche de base pour revêtement de plancher intérieur Rust-Oleum HOME, gris vapeur, 3,78 L/1 gallon",64.93,"64,93 $",164.99,"Était±  164,99 $prix était 164,99 $",64.93,"64,93 $",64.93,"64,93 $",true,https://www.canadiantire.ca/fr/pdp/couche-de-base-pour-revetement-de-plancher-interieur-rust-oleum-home-gris-vapeur-3-78-l-1-gallon-0489018p.html,https://www.canadiantire.ca/fr/pdp/couche-de-base-pour-revetement-de-plancher-interieur-rust-oleum-home-gris-vapeur-3-78-l-1-gallon-0489018p.html,https://media-www.canadiantire.ca/product/fixing/paint/paints/0489018/rustoleum-home-steam-grey-pretint-30c718b4-f1d3-4057-931e-8d308135ba59-jpgrendition.jpg?im=whresize&wid=200&hei=200,https://media-www.canadiantire.ca/product/fixing/paint/paints/0489018/rustoleum-home-steam-grey-pretint-30c718b4-f1d3-4057-931e-8d308135ba59-jpgrendition.jpg?im=whresize&wid=200&hei=200,,0489018,048-9018-4,Il n’en reste que 1 #048-9018-4,Liquidation◊Mieux notés,60.65,"64,93","164,99"
30,"Warden & Eglinton, ON",Modèles mystères Hot Wheels,Modèles mystères Hot Wheels,1.93,"1,93 $",3.99,"Était±  3,99 $prix était 3,99 $",1.93,"1,93 $",1.93,"1,93 $",true,https://www.canadiantire.ca/fr/pdp/modeles-mysteres-hot-wheels-8442917p.html,https://www.canadiantire.ca/fr/pdp/modeles-mysteres-hot-wheels-8442917p.html,https://media-www.canadiantire.ca/product/seasonal-gardening/party-city-everyday/party-city-fun/8442917/hot-wheels-mystery-models-4ccf5bcd-95b0-48fd-be4f-3562793d84ea-jpgrendition.jpg?im=whresize&wid=200&hei=200,https://media-www.canadiantire.ca/product/seasonal-gardening/party-city-everyday/party-city-fun/8442917/hot-wheels-mystery-models-4ccf5bcd-95b0-48fd-be4f-3562793d84ea-jpgrendition.jpg?im=whresize&wid=200&hei=200,,8442917,844-2917-0,,Liquidation◊,51.63,"1,93","3,99"
30,"Warden & Eglinton, ON","Tampons de rechange pour vadrouille à vapeur Hoover TwinTank, paq. 2","Tampons de rechange pour vadrouille à vapeur Hoover TwinTank, paq. 2",17.93,"17,93 $",36.99,"Était±  36,99 $prix était 36,99 $",17.93,"17,93 $",17.93,"17,93 $",true,https://www.canadiantire.ca/fr/pdp/tampons-de-rechange-pour-vadrouille-a-vapeur-hoover-twintank-paq-2-0437804p.html,https://www.canadiantire.ca/fr/pdp/tampons-de-rechange-pour-vadrouille-a-vapeur-hoover-twintank-paq-2-0437804p.html,https://media-www.canadiantire.ca/product/living/cleaning/vacuums-and-floorcare/0437804/hoover-twin-tank-steam-mop-pads-14469a65-baaa-4983-bcdc-a306bfde2dbb-jpgrendition.jpg?im=whresize&wid=200&hei=200,https://media-www.canadiantire.ca/product/living/cleaning/vacuums-and-floorcare/0437804/hoover-twin-tank-steam-mop-pads-14469a65-baaa-4983-bcdc-a306bfde2dbb-jpgrendition.jpg?im=whresize&wid=200&hei=200,,0437804,043-7804-4,Il n’en reste que 2 #043-7804-4,Liquidation◊Mieux notés,51.53,"17,93","36,99"
30,"Warden & Eglinton, ON","Haut antifrottements Outbound à manches courtes, extensible, protection UV, hommes, gris/bleu","Haut antifrottements Outbound à manches courtes, extensible, protection UV, hommes, gris/bleu",7.93,"7,93 $",19.99,"19,99 $Était   et+ prix était à partir de 19,99 $",7.93,"7,93 $",7.93,"7,93 $",true,https://www.canadiantire.ca/fr/pdp/haut-antifrottements-outbound-a-manches-courtes-extensible-protection-uv-hommes-gris-bleu-1873376p.html,https://www.canadiantire.ca/fr/pdp/haut-antifrottements-outbound-a-manches-courtes-extensible-protection-uv-hommes-gris-bleu-1873376p.html,https://media-www.canadiantire.ca/product/playing/footwear-apparel/summer-footwear-apparel/1873376/outbound-upf-short-sleeve-rashguard-grey-blue-men-size-m-b844f5df-b543-4fe2-9b1f-74a342ec71e6-jpgrendition.jpg?im=whresize&wid=200&hei=200,https://media-www.canadiantire.ca/product/playing/footwear-apparel/summer-footwear-apparel/1873376/outbound-upf-short-sleeve-rashguard-grey-blue-men-size-m-b844f5df-b543-4fe2-9b1f-74a342ec71e6-jpgrendition.jpg?im=whresize&wid=200&hei=200,,1873376,187-3376,Vérifiez la disponibilité#187-3376X,Liquidation◊Mieux notés,60.33,"7,93","19,99"
30,"Warden & Eglinton, ON","Poignée de transport pour kayak Invincible Marine Propel avec quincaillerie, noir","Poignée de transport pour kayak Invincible Marine Propel avec quincaillerie, noir",4.93,"4,93 $",13.99,"Était±  13,99 $prix était 13,99 $",4.93,"4,93 $",4.93,"4,93 $",true,https://www.canadiantire.ca/fr/pdp/poignee-de-transport-pour-kayak-invincible-marine-propel-avec-quincaillerie-noir-0793354p.html,https://www.canadiantire.ca/fr/pdp/poignee-de-transport-pour-kayak-invincible-marine-propel-avec-quincaillerie-noir-0793354p.html,https://media-www.canadiantire.ca/product/playing/seasonal-recreation/marine-power-boating/0793354/kayak-carry-handle-83e3094e-3e3d-4de2-8e43-56f77f5bf296-jpgrendition.jpg?im=whresize&wid=200&hei=200,https://media-www.canadiantire.ca/product/playing/seasonal-recreation/marine-power-boating/0793354/kayak-carry-handle-83e3094e-3e3d-4de2-8e43-56f77f5bf296-jpgrendition.jpg?im=whresize&wid=200&hei=200,,0793354,079-3354-4,Il n’en reste que 3 #079-3354-4,Liquidation◊Mieux notés,64.76,"4,93","13,99"
30,"Warden & Eglinton, ON","Organisateur d’outils suspendu pour cheveux The Home Edit par iDesign, résistant à la chaleur","Organisateur d’outils suspendu pour cheveux The Home Edit par iDesign, résistant à la chaleur",6.93,"6,93 $",16.99,"Était±  16,99 $prix était 16,99 $",6.93,"6,93 $",6.93,"6,93 $",true,https://www.canadiantire.ca/fr/pdp/organisateur-d-outils-suspendu-pour-cheveux-the-home-edit-par-idesign-resistant-a-la-chaleur-0636328p.html,https://www.canadiantire.ca/fr/pdp/organisateur-d-outils-suspendu-pour-cheveux-the-home-edit-par-idesign-resistant-a-la-chaleur-0636328p.html,https://media-www.canadiantire.ca/product/living/home-decor/bed-bath-decor/0636334/the-home-edit-tall-bin-divider-c1b6b39e-fa2c-44f8-9813-64d289c7174e-jpgrendition.jpg?im=whresize&wid=200&hei=200,https://media-www.canadiantire.ca/product/living/home-decor/bed-bath-decor/0636334/the-home-edit-tall-bin-divider-c1b6b39e-fa2c-44f8-9813-64d289c7174e-jpgrendition.jpg?im=whresize&wid=200&hei=200,,0636328,063-6328-6,Il n’en reste que 4 #063-6328-6,Liquidation◊Exclusivité,59.21,"6,93","16,99"
30,"Warden & Eglinton, ON","Casque de moto Origine Alpha, adulte, jaune/noir","Casque de moto Origine Alpha, adulte, jaune/noir",39.93,"39,93 $",114.99,"114,99 $Était   et+ prix était à partir de 114,99 $",39.93,"39,93 $",39.93,"39,93 $",true,https://www.canadiantire.ca/fr/pdp/casque-de-moto-origine-alpha-adulte-jaune-noir-1279388p.html,https://www.canadiantire.ca/fr/pdp/casque-de-moto-origine-alpha-adulte-jaune-noir-1279388p.html,https://media-www.canadiantire.ca/product/automotive/automotive-outdoor-adventure/powersport/1279388/origine-torino-motorcycle-helmet-s-e0ac455b-1d13-4a5e-9365-5668cc917c5b-jpgrendition.jpg?im=whresize&wid=200&hei=200,https://media-www.canadiantire.ca/product/automotive/automotive-outdoor-adventure/powersport/1279388/origine-torino-motorcycle-helmet-s-e0ac455b-1d13-4a5e-9365-5668cc917c5b-jpgrendition.jpg?im=whresize&wid=200&hei=200,,1279388,127-9388,Vérifiez la disponibilité#127-9388X,Liquidation◊Mieux notés,65.28,"39,93","114,99"
30,"Warden & Eglinton, ON",Pinceau à badigeonner en tissu Vermont Castings avec anneau en cuir,Pinceau à badigeonner en tissu Vermont Castings avec anneau en cuir,9.93,"9,93 $",21.99,"Était±  21,99 $prix était 21,99 $",9.93,"9,93 $",9.93,"9,93 $",true,https://www.canadiantire.ca/fr/pdp/pinceau-a-badigeonner-en-tissu-vermont-castings-avec-anneau-en-cuir-0852157p.html,https://www.canadiantire.ca/fr/pdp/pinceau-a-badigeonner-en-tissu-vermont-castings-avec-anneau-en-cuir-0852157p.html,https://media-www.canadiantire.ca/product/seasonal-gardening/backyard-living/outdoor-cooking-accessories/0852157/vermont-castings-sauce-mop-c3400c13-5240-4244-926d-099929ac008d-jpgrendition.jpg?im=whresize&wid=200&hei=200,https://media-www.canadiantire.ca/product/seasonal-gardening/backyard-living/outdoor-cooking-accessories/0852157/vermont-castings-sauce-mop-c3400c13-5240-4244-926d-099929ac008d-jpgrendition.jpg?im=whresize&wid=200&hei=200,,0852157,085-2157-4,14 En Stock#085-2157-4,Liquidation◊Exclusivité,54.84,"9,93","21,99"
30,"Warden & Eglinton, ON","Housses de peinture légères Handy, compactes, emballage multiple","Housses de peinture légères Handy, compactes, emballage multiple",3.93,"3,93 $",8.99,"Était±  8,99 $prix était 8,99 $",3.93,"3,93 $",3.93,"3,93 $",true,https://www.canadiantire.ca/fr/pdp/housses-de-peinture-legeres-handy-compactes-emballage-multiple-0496510p.html,https://www.canadiantire.ca/fr/pdp/housses-de-peinture-legeres-handy-compactes-emballage-multiple-0496510p.html,https://media-www.canadiantire.ca/product/fixing/paint/paint-accessories/0496510/handy-paint-covers-multi-pack-bc09d967-5bd4-45de-9dc4-d434908f136e-jpgrendition.jpg?im=whresize&wid=200&hei=200,https://media-www.canadiantire.ca/product/fixing/paint/paint-accessories/0496510/handy-paint-covers-multi-pack-bc09d967-5bd4-45de-9dc4-d434908f136e-jpgrendition.jpg?im=whresize&wid=200&hei=200,,0496510,049-6510-6,Il n’en reste que 5 #049-6510-6,Liquidation◊Mieux notés,56.28,"3,93","8,99"
30,"Warden & Eglinton, ON",Veste rafraîchissante hydrofuge aquarelle pour chiens Petco,Veste rafraîchissante hydrofuge aquarelle pour chiens Petco,9.93,"9,93 $",24.99,"24,99 $Était   et+ prix était à partir de 24,99 $",9.93,"9,93 $",9.93,"9,93 $",true,https://www.canadiantire.ca/fr/pdp/veste-rafraichissante-hydrofuge-aquarelle-pour-chiens-petco-1425930p.html,https://www.canadiantire.ca/fr/pdp/veste-rafraichissante-hydrofuge-aquarelle-pour-chiens-petco-1425930p.html,https://media-www.canadiantire.ca/product/living/pet-care/pet-accessories/1425933/petco-watercolor-cooling-vest-for-dogs-med-cb4d5afd-2fd9-4fd4-8101-2d89c3c83243-jpgrendition.jpg?im=whresize&wid=200&hei=200,https://media-www.canadiantire.ca/product/living/pet-care/pet-accessories/1425933/petco-watercolor-cooling-vest-for-dogs-med-cb4d5afd-2fd9-4fd4-8101-2d89c3c83243-jpgrendition.jpg?im=whresize&wid=200&hei=200,,1425930,142-5930,Vérifiez la disponibilité#142-5930X,Liquidation◊Exclusivité,60.26,"9,93","24,99"
30,"Warden & Eglinton, ON","CANVAS Mercier - Tabouret de bar de jardin empilable en acier et en corde, gris","CANVAS Mercier - Tabouret de bar de jardin empilable en acier et en corde, gris",29.93,"29,93 $",114.99,"Était±  114,99 $prix était 114,99 $",29.93,"29,93 $",29.93,"29,93 $",true,https://www.canadiantire.ca/fr/pdp/canvas-mercier-tabouret-de-bar-de-jardin-empilable-en-acier-et-en-corde-gris-0882221p.html,https://www.canadiantire.ca/fr/pdp/canvas-mercier-tabouret-de-bar-de-jardin-empilable-en-acier-et-en-corde-gris-0882221p.html,https://media-www.canadiantire.ca/product/seasonal-gardening/backyard-living/outdoor-furniture/0882221/canvas-mercier-balcony-rope-chair-53be303c-0a97-4c54-941b-1089eb5791d0-jpgrendition.jpg?im=whresize&wid=200&hei=200,https://media-www.canadiantire.ca/product/seasonal-gardening/backyard-living/outdoor-furniture/0882221/canvas-mercier-balcony-rope-chair-53be303c-0a97-4c54-941b-1089eb5791d0-jpgrendition.jpg?im=whresize&wid=200&hei=200,,0882221,088-2221-4,Il n’en reste que 2 #088-2221-4,Liquidation◊Mieux notés,73.97,"29,93","114,99"
30,"Warden & Eglinton, ON",DDFT à changement de couleur Leviton Renu,DDFT à changement de couleur Leviton Renu,0.43,"0,43 $",2.39,"2,39 $Était   et+ prix était à partir de 2,39 $",0.43,"0,43 $",0.43,"0,43 $",true,https://www.canadiantire.ca/fr/pdp/ddft-a-changement-de-couleur-leviton-renu-0526980p.html,https://www.canadiantire.ca/fr/pdp/ddft-a-changement-de-couleur-leviton-renu-0526980p.html,https://media-www.canadiantire.ca/product/fixing/electrical/rough-electrical/0526981/renu-colour-change-kit-rich-navy-gfci-4345026a-1cc3-4875-b4cf-f62ce6a0ad3b-jpgrendition.jpg?im=whresize&wid=200&hei=200,https://media-www.canadiantire.ca/product/fixing/electrical/rough-electrical/0526981/renu-colour-change-kit-rich-navy-gfci-4345026a-1cc3-4875-b4cf-f62ce6a0ad3b-jpgrendition.jpg?im=whresize&wid=200&hei=200,,0526980,052-6980,Vérifiez la disponibilité#052-6980X,Liquidation◊,82.01,"0,43","2,39"
30,"Warden & Eglinton, ON","Plaque murale vierge en nylon Leviton 0PJ13-741, taille intermédiaire, 1 dispositif, ivoire","Plaque murale vierge en nylon Leviton 0PJ13-741, taille intermédiaire, 1 dispositif, ivoire",0.93,"0,93 $",2.79,"Était±  2,79 $prix était 2,79 $",0.93,"0,93 $",0.93,"0,93 $",true,https://www.canadiantire.ca/fr/pdp/plaque-murale-vierge-en-nylon-leviton-0pj13-741-taille-intermediaire-1-dispositif-ivoire-0522896p.html,https://www.canadiantire.ca/fr/pdp/plaque-murale-vierge-en-nylon-leviton-0pj13-741-taille-intermediaire-1-dispositif-ivoire-0522896p.html,https://media-www.canadiantire.ca/product/fixing/electrical/rough-electrical/0522896/blank-wallplate-1-gang-ivory-midway-size-eb2a3ee5-7617-40e1-a2a0-40d409bc56b0-jpgrendition.jpg?im=whresize&wid=200&hei=200,https://media-www.canadiantire.ca/product/fixing/electrical/rough-electrical/0522896/blank-wallplate-1-gang-ivory-midway-size-eb2a3ee5-7617-40e1-a2a0-40d409bc56b0-jpgrendition.jpg?im=whresize&wid=200&hei=200,,0522896,052-2896-2,13 En Stock#052-2896-2,Liquidation◊Mieux notés,66.67,"0,93","2,79"
30,"Warden & Eglinton, ON","Doublure de coffre robuste MotoMaster, noir","Doublure de coffre robuste MotoMaster, noir",10.93,"10,93 $",39.99,"Était±  39,99 $prix était 39,99 $",10.93,"10,93 $",10.93,"10,93 $",true,https://www.canadiantire.ca/fr/pdp/doublure-de-coffre-robuste-motomaster-noir-0317081p.html,https://www.canadiantire.ca/fr/pdp/doublure-de-coffre-robuste-motomaster-noir-0317081p.html,https://media-www.canadiantire.ca/product/automotive/car-care-accessories/auto-comfort/0317081/motomaster-heavy-duty-trunk-liner-black-c9e2e19d-834d-43e3-b26d-a15ae94f17d3-jpgrendition.jpg?im=whresize&wid=200&hei=200,https://media-www.canadiantire.ca/product/automotive/car-care-accessories/auto-comfort/0317081/motomaster-heavy-duty-trunk-liner-black-c9e2e19d-834d-43e3-b26d-a15ae94f17d3-jpgrendition.jpg?im=whresize&wid=200&hei=200,,0317081,031-7081-0,Il n’en reste que 1 #031-7081-0,Liquidation◊Articles à succès,72.67,"10,93","39,99"
30,"Warden & Eglinton, ON","Cartouche de rechange pour filtre de gourde Woods, 560 L","Cartouche de rechange pour filtre de gourde Woods, 560 L",13.43,"13,43 $",27.99,"Était±  27,99 $prix était 27,99 $",13.43,"13,43 $",13.43,"13,43 $",true,https://www.canadiantire.ca/fr/pdp/cartouche-de-rechange-pour-filtre-de-gourde-woods-560-l-0766461p.html,https://www.canadiantire.ca/fr/pdp/cartouche-de-rechange-pour-filtre-de-gourde-woods-560-l-0766461p.html,https://media-www.canadiantire.ca/product/playing/camping/hydration-coolers/0766461/woods-water-bottle-filter-replacement-cartridge-da09fb5c-e5c6-4df2-97bd-1618dd4a9707-jpgrendition.jpg?im=whresize&wid=200&hei=200,https://media-www.canadiantire.ca/product/playing/camping/hydration-coolers/0766461/woods-water-bottle-filter-replacement-cartridge-da09fb5c-e5c6-4df2-97bd-1618dd4a9707-jpgrendition.jpg?im=whresize&wid=200&hei=200,,0766461,076-6461-6,26 En Stock#076-6461-6,Liquidation◊Exclusivité,52.02,"13,43","27,99"
30,"Warden & Eglinton, ON",Clé en croix universelle Billy Club avec rallonge de 3 po,Clé en croix universelle Billy Club avec rallonge de 3 po,12.93,"12,93 $",44.99,"Était±  44,99 $prix était 44,99 $",12.93,"12,93 $",12.93,"12,93 $",true,https://www.canadiantire.ca/fr/pdp/cle-en-croix-universelle-billy-club-avec-rallonge-de-3-po-0090225p.html,https://www.canadiantire.ca/fr/pdp/cle-en-croix-universelle-billy-club-avec-rallonge-de-3-po-0090225p.html,https://media-www.canadiantire.ca/product/automotive/auto-maintenance/auto-shop-equipment-supplies/0090225/billy-club-lug-wrench-d0ad2f42-37bc-4a09-8ae1-35297fc600c5-jpgrendition.jpg?im=whresize&wid=200&hei=200,https://media-www.canadiantire.ca/product/automotive/auto-maintenance/auto-shop-equipment-supplies/0090225/billy-club-lug-wrench-d0ad2f42-37bc-4a09-8ae1-35297fc600c5-jpgrendition.jpg?im=whresize&wid=200&hei=200,,0090225,009-0225-8,,Liquidation◊Mieux notés,71.26,"12,93","44,99"
30,"Warden & Eglinton, ON","Collier pour chien en cuir avec rivets pointus Petco, réglable, tailles variées, noir","Collier pour chien en cuir avec rivets pointus Petco, réglable, tailles variées, noir",19.93,"19,93 $",39.99,"39,99 $Était   et+ prix était à partir de 39,99 $",19.93,"19,93 $",19.93,"19,93 $",true,https://www.canadiantire.ca/fr/pdp/collier-pour-chien-en-cuir-avec-rivets-pointus-petco-reglable-tailles-variees-noir-1429497p.html,https://www.canadiantire.ca/fr/pdp/collier-pour-chien-en-cuir-avec-rivets-pointus-petco-reglable-tailles-variees-noir-1429497p.html,https://media-www.canadiantire.ca/product/living/pet-care/pet-accessories/1429496/petco-leather-black-spike-collar-lg-ff621fbe-9e6f-474c-9905-8ba18a3ed543-jpgrendition.jpg?im=whresize&wid=200&hei=200,https://media-www.canadiantire.ca/product/living/pet-care/pet-accessories/1429496/petco-leather-black-spike-collar-lg-ff621fbe-9e6f-474c-9905-8ba18a3ed543-jpgrendition.jpg?im=whresize&wid=200&hei=200,,1429497,142-9496,Vérifiez la disponibilité#142-9496X,Liquidation◊Mieux notés,50.16,"19,93","39,99"
30,"Warden & Eglinton, ON","Coupes de champagne réutilisables en plastique, paq. de fête, transparent, 4 oz, paq. 32, pour Noël/Action de grâces/réveillon/fête d'anniversaire","Coupes de champagne réutilisables en plastique, paq. de fête, transparent, 4 oz, paq. 32, pour Noël/Action de grâces/réveillon/fête d'anniversaire",6.93,"6,93 $",16.99,"Était±  16,99 $prix était 16,99 $",6.93,"6,93 $",6.93,"6,93 $",true,https://www.canadiantire.ca/fr/pdp/coupes-de-champagne-reutilisables-en-plastique-paq-de-fete-transparent-4-oz-paq-32-pour-noel-action-de-graces-reveillon-fete-d-anniversaire-8422344p.html,https://www.canadiantire.ca/fr/pdp/coupes-de-champagne-reutilisables-en-plastique-paq-de-fete-transparent-4-oz-paq-32-pour-noel-action-de-graces-reveillon-fete-d-anniversaire-8422344p.html,https://media-www.partycity.ca/product/seasonal-gardening/party-city-everyday/party-city-dining-entertaining/8422344/32ct-4oz-clr-champagne-plstc-183fbd0c-a2df-42e5-a6ef-3980d9092ec9-jpgrendition.jpg?im=whresize&wid=200&hei=200,https://media-www.partycity.ca/product/seasonal-gardening/party-city-everyday/party-city-dining-entertaining/8422344/32ct-4oz-clr-champagne-plstc-183fbd0c-a2df-42e5-a6ef-3980d9092ec9-jpgrendition.jpg?im=whresize&wid=200&hei=200,,8422344,842-2344-6,Il n’en reste que 3 #842-2344-6,Liquidation◊Mieux notés,59.21,"6,93","16,99"
30,"Warden & Eglinton, ON",Barre d'attelage à abaissement Reese Towpower carbone 2x5 po,Barre d'attelage à abaissement Reese Towpower carbone 2x5 po,26.93,"26,93 $",62.99,"Était±  62,99 $prix était 62,99 $",26.93,"26,93 $",26.93,"26,93 $",true,https://www.canadiantire.ca/fr/pdp/barre-d-attelage-a-abaissement-reese-towpower-carbone-2x5-po-0403018p.html,https://www.canadiantire.ca/fr/pdp/barre-d-attelage-a-abaissement-reese-towpower-carbone-2x5-po-0403018p.html,https://media-www.canadiantire.ca/product/automotive/automotive-outdoor-adventure/auto-travel-storage/0403018/reese-carbon-forged-ball-mount-2-x-5-black-de47efa0-edff-4ef6-8e41-e7c68f752f17-jpgrendition.jpg?im=whresize&wid=200&hei=200,https://media-www.canadiantire.ca/product/automotive/automotive-outdoor-adventure/auto-travel-storage/0403018/reese-carbon-forged-ball-mount-2-x-5-black-de47efa0-edff-4ef6-8e41-e7c68f752f17-jpgrendition.jpg?im=whresize&wid=200&hei=200,,0403018,040-3018-6,Il n’en reste que 1 #040-3018-6,Liquidation◊,57.25,"26,93","62,99"
30,"Warden & Eglinton, ON","Embouts pour vissage à percussion CR2 MAXIMUM, boîte de Tic-Tac, 1 po, paq. 16","Embouts pour vissage à percussion CR2 MAXIMUM, boîte de Tic-Tac, 1 po, paq. 16",7.93,"7,93 $",18.99,"Était±  18,99 $prix était 18,99 $",7.93,"7,93 $",7.93,"7,93 $",true,https://www.canadiantire.ca/fr/pdp/embouts-pour-vissage-a-percussion-cr2-maximum-boite-de-tic-tac-1-po-paq-16-0540525p.html,https://www.canadiantire.ca/fr/pdp/embouts-pour-vissage-a-percussion-cr2-maximum-boite-de-tic-tac-1-po-paq-16-0540525p.html,https://media-www.canadiantire.ca/product/fixing/tools/power-tool-accessories/0540525/maximum-1-ph2-impact-ready-tic-tac-with-holder-16pk-5da9593e-babe-4312-a29d-d470bb2cb556-jpgrendition.jpg?im=whresize&wid=200&hei=200,https://media-www.canadiantire.ca/product/fixing/tools/power-tool-accessories/0540525/maximum-1-ph2-impact-ready-tic-tac-with-holder-16pk-5da9593e-babe-4312-a29d-d470bb2cb556-jpgrendition.jpg?im=whresize&wid=200&hei=200,,0540525,054-0525-4,113 En Stock#054-0525-4,Liquidation◊Mieux notés,58.24,"7,93","18,99"
30,"Warden & Eglinton, ON","Collier pour chat/chien Perri, Daisy","Collier pour chat/chien Perri, Daisy",4.93,"4,93 $",14.99,"14,99 $Était   et+ prix était à partir de 14,99 $",4.93,"4,93 $",4.93,"4,93 $",true,https://www.canadiantire.ca/fr/pdp/collier-pour-chat-chien-perri-daisy-1426960p.html,https://www.canadiantire.ca/fr/pdp/collier-pour-chat-chien-perri-daisy-1426960p.html,https://media-www.canadiantire.ca/product/living/pet-care/pet-accessories/1426960/perri-s-pet-collar-daisy-small-245675fb-2769-46a4-8a56-094ffb3eaf7d-jpgrendition.jpg?im=whresize&wid=200&hei=200,https://media-www.canadiantire.ca/product/living/pet-care/pet-accessories/1426960/perri-s-pet-collar-daisy-small-245675fb-2769-46a4-8a56-094ffb3eaf7d-jpgrendition.jpg?im=whresize&wid=200&hei=200,,1426960,142-6960,Vérifiez la disponibilité#142-6960X,Liquidation◊Exclusivité,67.11,"4,93","14,99"
30,"Warden & Eglinton, ON",Connecteur universel de commande de frein Hopkins CHEVROLET/GMC,Connecteur universel de commande de frein Hopkins CHEVROLET/GMC,12.93,"12,93 $",26.99,"Était±  26,99 $prix était 26,99 $",12.93,"12,93 $",12.93,"12,93 $",true,https://www.canadiantire.ca/fr/pdp/connecteur-universel-de-commande-de-frein-hopkins-chevrolet-gmc-1407243p.html,https://www.canadiantire.ca/fr/pdp/connecteur-universel-de-commande-de-frein-hopkins-chevrolet-gmc-1407243p.html,https://media-www.canadiantire.ca/product/automotive/automotive-outdoor-adventure/auto-travel-storage/1407443/56300-dpt-tvwk-honda-crv-1-pk-afa56b4e-b668-4910-a503-a25dd7fdd01e-jpgrendition.jpg?im=whresize&wid=200&hei=200,https://media-www.canadiantire.ca/product/automotive/automotive-outdoor-adventure/auto-travel-storage/1407443/56300-dpt-tvwk-honda-crv-1-pk-afa56b4e-b668-4910-a503-a25dd7fdd01e-jpgrendition.jpg?im=whresize&wid=200&hei=200,,1407243,140-7243-6,8 En Stock#140-7243-6,Liquidation◊Mieux notés,52.09,"12,93","26,99"
30,"Warden & Eglinton, ON","Laisse réfléchissante pour chiens Petco, 5 pi, rose","Laisse réfléchissante pour chiens Petco, 5 pi, rose",14.92,"14,92 $",29.99,"Était±  29,99 $prix était 29,99 $",14.92,"14,92 $",14.92,"14,92 $",true,https://www.canadiantire.ca/fr/pdp/laisse-reflechissante-pour-chiens-petco-5-pi-rose-1427531p.html,https://www.canadiantire.ca/fr/pdp/laisse-reflechissante-pour-chiens-petco-5-pi-rose-1427531p.html,https://media-www.canadiantire.ca/product/living/pet-care/pet-accessories/1427531/petco-5-16-pk-reflective-dog-leash-5-ft--ec2c959a-d460-4bba-81d7-b5f99d53b7fa-jpgrendition.jpg?im=whresize&wid=200&hei=200,https://media-www.canadiantire.ca/product/living/pet-care/pet-accessories/1427531/petco-5-16-pk-reflective-dog-leash-5-ft--ec2c959a-d460-4bba-81d7-b5f99d53b7fa-jpgrendition.jpg?im=whresize&wid=200&hei=200,,1427531,142-7531-6,Il n’en reste que 1 #142-7531-6,Liquidation◊Mieux notés,50.25,"14,92","29,99"
30,"Warden & Eglinton, ON","Rail d'éclairage à 3 lampes abat-jour en verre blanc dégradé NOMA Madrid, nickel mat","Rail d'éclairage à 3 lampes abat-jour en verre blanc dégradé NOMA Madrid, nickel mat",39.93,"39,93 $",99.99,"Était±  99,99 $prix était 99,99 $",39.93,"39,93 $",39.93,"39,93 $",true,https://www.canadiantire.ca/fr/pdp/rail-d-eclairage-a-3-lampes-abat-jour-en-verre-blanc-degrade-noma-madrid-nickel-mat-0524847p.html,https://www.canadiantire.ca/fr/pdp/rail-d-eclairage-a-3-lampes-abat-jour-en-verre-blanc-degrade-noma-madrid-nickel-mat-0524847p.html,https://media-www.canadiantire.ca/product/living/home-decor/lighting/0524847/3-light-madrid-matte-nickel-track-fixture-923dc16b-261d-423d-85da-d901cb8186ff-jpgrendition.jpg?im=whresize&wid=200&hei=200,https://media-www.canadiantire.ca/product/living/home-decor/lighting/0524847/3-light-madrid-matte-nickel-track-fixture-923dc16b-261d-423d-85da-d901cb8186ff-jpgrendition.jpg?im=whresize&wid=200&hei=200,,0524847,052-4847-8,Il n’en reste que 1 #052-4847-8,Liquidation◊Exclusivité,60.07,"39,93","99,99"
30,"Warden & Eglinton, ON","Plaque murale en nylon pour interrupteur à bascule Leviton 0PJ26-747, taille intermédiaire, 1 dispositif, amande pâle","Plaque murale en nylon pour interrupteur à bascule Leviton 0PJ26-747, taille intermédiaire, 1 dispositif, amande pâle",0.93,"0,93 $",1.99,"Était±  1,99 $prix était 1,99 $",0.93,"0,93 $",0.93,"0,93 $",true,https://www.canadiantire.ca/fr/pdp/plaque-murale-en-nylon-pour-interrupteur-a-bascule-leviton-0pj26-747-taille-intermediaire-1-dispositif-amande-pale-0522899p.html,https://www.canadiantire.ca/fr/pdp/plaque-murale-en-nylon-pour-interrupteur-a-bascule-leviton-0pj26-747-taille-intermediaire-1-dispositif-amande-pale-0522899p.html,https://media-www.canadiantire.ca/product/fixing/electrical/rough-electrical/0522899/decora-wallplate-1-gang-light-almond-midway-size-c5675d50-2133-4de8-8024-48e62f8bfff0-jpgrendition.jpg?im=whresize&wid=200&hei=200,https://media-www.canadiantire.ca/product/fixing/electrical/rough-electrical/0522899/decora-wallplate-1-gang-light-almond-midway-size-c5675d50-2133-4de8-8024-48e62f8bfff0-jpgrendition.jpg?im=whresize&wid=200&hei=200,,0522899,052-2899-6,Il n’en reste que 5 #052-2899-6,Liquidation◊Mieux notés,53.27,"0,93","1,99"
30,"Warden & Eglinton, ON",Affûteuse à forets et à couteaux Drill Doctor,Affûteuse à forets et à couteaux Drill Doctor,99.93,"99,93 $",199.99,"Était±  199,99 $prix était 199,99 $",99.93,"99,93 $",99.93,"99,93 $",true,https://www.canadiantire.ca/fr/pdp/affuteuse-a-forets-et-a-couteaux-drill-doctor-0540567p.html,https://www.canadiantire.ca/fr/pdp/affuteuse-a-forets-et-a-couteaux-drill-doctor-0540567p.html,https://media-www.canadiantire.ca/product/fixing/tools/power-tool-accessories/0540567/drill-doctor-multi-functional-sharpener-0cd2f0c3-f95f-4855-a3a5-94b4a927be62-jpgrendition.jpg?im=whresize&wid=200&hei=200,https://media-www.canadiantire.ca/product/fixing/tools/power-tool-accessories/0540567/drill-doctor-multi-functional-sharpener-0cd2f0c3-f95f-4855-a3a5-94b4a927be62-jpgrendition.jpg?im=whresize&wid=200&hei=200,,0540567,054-0567-4,Il n’en reste que 3 #054-0567-4,Liquidation◊Mieux notés,50.03,"99,93","199,99"
30,"Warden & Eglinton, ON","Crochets de suspension pour lampe Atron Electro Industries LA708, laiton antique, paq. 2","Crochets de suspension pour lampe Atron Electro Industries LA708, laiton antique, paq. 2",1.43,"1,43 $",3.49,"Était±  3,49 $prix était 3,49 $",1.43,"1,43 $",1.43,"1,43 $",true,https://www.canadiantire.ca/fr/pdp/crochets-de-suspension-pour-lampe-atron-electro-industries-la708-laiton-antique-paq-2-0523126p.html,https://www.canadiantire.ca/fr/pdp/crochets-de-suspension-pour-lampe-atron-electro-industries-la708-laiton-antique-paq-2-0523126p.html,https://media-www.canadiantire.ca/product/fixing/electrical/rough-electrical/0523126/swag-hooks-antique-brass-602c2dda-7557-424f-82f3-ffef77b42f36-jpgrendition.jpg?im=whresize&wid=200&hei=200,https://media-www.canadiantire.ca/product/fixing/electrical/rough-electrical/0523126/swag-hooks-antique-brass-602c2dda-7557-424f-82f3-ffef77b42f36-jpgrendition.jpg?im=whresize&wid=200&hei=200,,0523126,052-3126-0,Il n’en reste que 5 #052-3126-0,Liquidation◊,59.03,"1,43","3,49"
30,"Warden & Eglinton, ON","Chargeur portatif Bluehive, Lightning, rétractable, 4 000 mAh","Chargeur portatif Bluehive, Lightning, rétractable, 4 000 mAh",14.93,"14,93 $",32.99,"Était±  32,99 $prix était 32,99 $",14.93,"14,93 $",14.93,"14,93 $",true,https://www.canadiantire.ca/fr/pdp/chargeur-portatif-bluehive-lightning-retractable-4-000-mah-0355483p.html,https://www.canadiantire.ca/fr/pdp/chargeur-portatif-bluehive-lightning-retractable-4-000-mah-0355483p.html,https://media-www.canadiantire.ca/product/automotive/electronics/mobile-electronics/0355483/bluehive-lightning-pop-on-4000ma-powerbank-b96d6b47-2199-4e91-ac30-0f5a0b3c7744-jpgrendition.jpg?im=whresize&wid=200&hei=200,https://media-www.canadiantire.ca/product/automotive/electronics/mobile-electronics/0355483/bluehive-lightning-pop-on-4000ma-powerbank-b96d6b47-2199-4e91-ac30-0f5a0b3c7744-jpgrendition.jpg?im=whresize&wid=200&hei=200,,0355483,035-5483-8,70 En Stock#035-5483-8,Liquidation◊Exclusivité,54.74,"14,93","32,99"
30,"Warden & Eglinton, ON",Chemise de compression ZenPet,Chemise de compression ZenPet,24.92,"24,92 $",49.99,"49,99 $Était   et+ prix était à partir de 49,99 $",24.92,"24,92 $",24.92,"24,92 $",true,https://www.canadiantire.ca/fr/pdp/chemise-de-compression-zenpet-2420951p.html,https://www.canadiantire.ca/fr/pdp/chemise-de-compression-zenpet-2420951p.html,https://media-www.canadiantire.ca/product/living/pet-care/pet-accessories/2420951/zenpet-compression-shirt-extra-small-1b0be387-b636-48ef-b725-1d4d2d619429-jpgrendition.jpg?im=whresize&wid=200&hei=200,https://media-www.canadiantire.ca/product/living/pet-care/pet-accessories/2420951/zenpet-compression-shirt-extra-small-1b0be387-b636-48ef-b725-1d4d2d619429-jpgrendition.jpg?im=whresize&wid=200&hei=200,,2420951,242-0951,Vérifiez la disponibilité#242-0951X,Liquidation◊,50.15,"24,92","49,99"
30,"Warden & Eglinton, ON","Appât Xcalibur Rigged Grubs, 1/4 once","Appât Xcalibur Rigged Grubs, 1/4 once",2.93,"2,93 $",5.99,"5,99 $Était   et+ prix était à partir de 5,99 $",2.93,"2,93 $",2.93,"2,93 $",true,https://www.canadiantire.ca/fr/pdp/appat-xcalibur-rigged-grubs-1-4-once-0778921p.html,https://www.canadiantire.ca/fr/pdp/appat-xcalibur-rigged-grubs-1-4-once-0778921p.html,https://media-www.canadiantire.ca/product/playing/fishing/fishing-lures/0778922/xcalibur-rigged-grubs-1-4-oz-black-glitter-e0bebc65-9c52-4750-8390-20d1349ad583-jpgrendition.jpg?im=whresize&wid=200&hei=200,https://media-www.canadiantire.ca/product/playing/fishing/fishing-lures/0778922/xcalibur-rigged-grubs-1-4-oz-black-glitter-e0bebc65-9c52-4750-8390-20d1349ad583-jpgrendition.jpg?im=whresize&wid=200&hei=200,,0778921,077-8921,Vérifiez la disponibilité#077-8921X,Liquidation◊Exclusivité,51.09,"2,93","5,99"
30,"Warden & Eglinton, ON","Peinture de retouche Dupli-Color Scratch Fix All-in-1 Exact-Match pour automobile, or ensoleillé métallisé (BP)","Peinture de retouche Dupli-Color Scratch Fix All-in-1 Exact-Match pour automobile, or ensoleillé métallisé (BP)",4.93,"4,93 $",28.99,"Était±  28,99 $prix était 28,99 $",4.93,"4,93 $",4.93,"4,93 $",true,https://www.canadiantire.ca/fr/pdp/peinture-de-retouche-dupli-color-scratch-fix-all-in-1-exact-match-pour-automobile-or-ensoleille-metallise-bp-0474957p.html,https://www.canadiantire.ca/fr/pdp/peinture-de-retouche-dupli-color-scratch-fix-all-in-1-exact-match-pour-automobile-or-ensoleille-metallise-bp-0474957p.html,https://media-www.canadiantire.ca/product/automotive/car-care-accessories/auto-body-repair/0474957/scratch-fix-ford-sunburst-gold-m-all-in-1-6209a307-6d35-412d-b563-86a29b36018e-jpgrendition.jpg?im=whresize&wid=200&hei=200,https://media-www.canadiantire.ca/product/automotive/car-care-accessories/auto-body-repair/0474957/scratch-fix-ford-sunburst-gold-m-all-in-1-6209a307-6d35-412d-b563-86a29b36018e-jpgrendition.jpg?im=whresize&wid=200&hei=200,,0474957,047-4957-0,Il n’en reste que 2 #047-4957-0,Liquidation◊,82.99,"4,93","28,99"
30,"Warden & Eglinton, ON","Cerf-volant en nylon X-Kites Micro avec queues volantes pour enfants, choix de couleurs, 5 po, 8 ans et plus, pour activités estivales/d'extérieur","Cerf-volant en nylon X-Kites Micro avec queues volantes pour enfants, choix de couleurs, 5 po, 8 ans et plus, pour activités estivales/d'extérieur",1.93,"1,93 $",4.99,"Était±  4,99 $prix était 4,99 $",1.93,"1,93 $",1.93,"1,93 $",true,https://www.canadiantire.ca/fr/pdp/cerf-volant-en-nylon-x-kites-micro-avec-queues-volantes-pour-enfants-choix-de-couleurs-5-po-8-ans-et-plus-pour-activites-estivales-d-exterieur-0505056p.html,https://www.canadiantire.ca/fr/pdp/cerf-volant-en-nylon-x-kites-micro-avec-queues-volantes-pour-enfants-choix-de-couleurs-5-po-8-ans-et-plus-pour-activites-estivales-d-exterieur-0505056p.html,https://media-www.canadiantire.ca/product/seasonal-gardening/toys/seasonal-toys/0505056/micro-kite-34f143cd-9fbf-4e44-a7aa-43afb1ec312a-jpgrendition.jpg?im=whresize&wid=200&hei=200,https://media-www.canadiantire.ca/product/seasonal-gardening/toys/seasonal-toys/0505056/micro-kite-34f143cd-9fbf-4e44-a7aa-43afb1ec312a-jpgrendition.jpg?im=whresize&wid=200&hei=200,,0505056,050-5056-8,Il n’en reste que 2 #050-5056-8,Liquidation◊,61.32,"1,93","4,99"
30,"Warden & Eglinton, ON",Nécessaire de mise à la terre de rechange pour remorque Hopkins 49060 Endurance avec fil de calibre 16,Nécessaire de mise à la terre de rechange pour remorque Hopkins 49060 Endurance avec fil de calibre 16,5.93,"5,93 $",12.99,"Était±  12,99 $prix était 12,99 $",5.93,"5,93 $",5.93,"5,93 $",true,https://www.canadiantire.ca/fr/pdp/necessaire-de-mise-a-la-terre-de-rechange-pour-remorque-hopkins-49060-endurance-avec-fil-de-calibre-16-1407216p.html,https://www.canadiantire.ca/fr/pdp/necessaire-de-mise-a-la-terre-de-rechange-pour-remorque-hopkins-49060-endurance-avec-fil-de-calibre-16-1407216p.html,https://media-www.canadiantire.ca/product/automotive/automotive-outdoor-adventure/auto-travel-storage/1407216/hopkins-endurancea-trailer-replacement-ground-kit-16-gage-1d45460b-41a2-45fe-a2a8-d4dfd80e39f3-jpgrendition.jpg?im=whresize&wid=200&hei=200,https://media-www.canadiantire.ca/product/automotive/automotive-outdoor-adventure/auto-travel-storage/1407216/hopkins-endurancea-trailer-replacement-ground-kit-16-gage-1d45460b-41a2-45fe-a2a8-d4dfd80e39f3-jpgrendition.jpg?im=whresize&wid=200&hei=200,,1407216,140-7216-2,Il n’en reste que 2 #140-7216-2,Liquidation◊,54.35,"5,93","12,99"
30,"Warden & Eglinton, ON","Clous Bostitch, 28 degrés, fil soudé, 3 po, paq. 2 000","Clous Bostitch, 28 degrés, fil soudé, 3 po, paq. 2 000",34.93,"34,93 $",69.99,"Était±  69,99 $prix était 69,99 $",34.93,"34,93 $",34.93,"34,93 $",true,https://www.canadiantire.ca/fr/pdp/clous-bostitch-28-degres-fil-soude-3-po-paq-2-000-0582095p.html,https://www.canadiantire.ca/fr/pdp/clous-bostitch-28-degres-fil-soude-3-po-paq-2-000-0582095p.html,https://media-www.canadiantire.ca/product/fixing/tools/air-tools-accessories/0582095/bostitch-28degree-wire-weld-3-2000-ct-nails-6b28c10e-8892-49f9-883b-f6537dc2a398-jpgrendition.jpg?im=whresize&wid=200&hei=200,https://media-www.canadiantire.ca/product/fixing/tools/air-tools-accessories/0582095/bostitch-28degree-wire-weld-3-2000-ct-nails-6b28c10e-8892-49f9-883b-f6537dc2a398-jpgrendition.jpg?im=whresize&wid=200&hei=200,,0582095,058-2095-6,Il n’en reste que 3 #058-2095-6,Liquidation◊,50.09,"34,93","69,99"
30,"Warden & Eglinton, ON",Trousses d'embrayage Twin Power,Trousses d'embrayage Twin Power,39.93,"39,93 $",164.99,"164,99 $Était   et+ prix était à partir de 164,99 $",39.93,"39,93 $",39.93,"39,93 $",true,https://www.canadiantire.ca/fr/pdp/trousses-d-embrayage-twin-power-1274987p.html,https://www.canadiantire.ca/fr/pdp/trousses-d-embrayage-twin-power-1274987p.html,https://media-www.canadiantire.ca/product/automotive/automotive-outdoor-adventure/powersport/1275012/435230-clutch-kit-twin-power-a86ba9e6-3023-4497-9af4-e9f57e0f827a-jpgrendition.jpg?im=whresize&wid=200&hei=200,https://media-www.canadiantire.ca/product/automotive/automotive-outdoor-adventure/powersport/1275012/435230-clutch-kit-twin-power-a86ba9e6-3023-4497-9af4-e9f57e0f827a-jpgrendition.jpg?im=whresize&wid=200&hei=200,,1274987,127-4987,Vérifiez la disponibilité#127-4987X,Liquidation◊,75.8,"39,93","164,99"
30,"Warden & Eglinton, ON","Douille de lampe à DEL sans interrupteur Leviton 09850-742 avec lampe à DEL GU24 et protection, 60 Hz, 10 W, 120 V, blanc","Douille de lampe à DEL sans interrupteur Leviton 09850-742 avec lampe à DEL GU24 et protection, 60 Hz, 10 W, 120 V, blanc",12.93,"12,93 $",30.99,"Était±  30,99 $prix était 30,99 $",12.93,"12,93 $",12.93,"12,93 $",true,https://www.canadiantire.ca/fr/pdp/douille-de-lampe-a-del-sans-interrupteur-leviton-09850-742-avec-lampe-a-del-gu24-et-protection-60-hz-10-w-120-v-blanc-0527502p.html,https://www.canadiantire.ca/fr/pdp/douille-de-lampe-a-del-sans-interrupteur-leviton-09850-742-avec-lampe-a-del-gu24-et-protection-60-hz-10-w-120-v-blanc-0527502p.html,https://media-www.canadiantire.ca/product/fixing/electrical/rough-electrical/0527502/fluorescent-energy-star-lampholder-ec67c18c-bdb1-4552-8dd3-0c4bdefc1325-jpgrendition.jpg?im=whresize&wid=200&hei=200,https://media-www.canadiantire.ca/product/fixing/electrical/rough-electrical/0527502/fluorescent-energy-star-lampholder-ec67c18c-bdb1-4552-8dd3-0c4bdefc1325-jpgrendition.jpg?im=whresize&wid=200&hei=200,,0527502,052-7502-0,Il n’en reste que 1 #052-7502-0,Liquidation◊Mieux notés,58.28,"12,93","30,99"
30,"Warden & Eglinton, ON",Boule pour coupleur antivol et verrou Rightline Gear,Boule pour coupleur antivol et verrou Rightline Gear,12.93,"12,93 $",29.99,"Était±  29,99 $prix était 29,99 $",12.93,"12,93 $",12.93,"12,93 $",true,https://www.canadiantire.ca/fr/pdp/boule-pour-coupleur-antivol-et-verrou-rightline-gear-0406983p.html,https://www.canadiantire.ca/fr/pdp/boule-pour-coupleur-antivol-et-verrou-rightline-gear-0406983p.html,https://media-www.canadiantire.ca/product/automotive/automotive-outdoor-adventure/auto-travel-storage/0406983/anti-theft-coupler-ball-lock-40555987-9ba2-4d50-b9a0-07559a0b0240-jpgrendition.jpg?im=whresize&wid=200&hei=200,https://media-www.canadiantire.ca/product/automotive/automotive-outdoor-adventure/auto-travel-storage/0406983/anti-theft-coupler-ball-lock-40555987-9ba2-4d50-b9a0-07559a0b0240-jpgrendition.jpg?im=whresize&wid=200&hei=200,,0406983,040-6983-8,28 En Stock#040-6983-8,Liquidation◊Mieux notés,56.89,"12,93","29,99"
30,"Warden & Eglinton, ON",Parka Huntshield Realtree Xtra 4 en 1,Parka Huntshield Realtree Xtra 4 en 1,99.93,"99,93 $",239.99,"239,99 $Était   et+ prix était à partir de 239,99 $",99.93,"99,93 $",99.93,"99,93 $",true,https://www.canadiantire.ca/fr/pdp/parka-huntshield-realtree-xtra-4-en-1-1751693p.html,https://www.canadiantire.ca/fr/pdp/parka-huntshield-realtree-xtra-4-en-1-1751693p.html,https://media-www.canadiantire.ca/product/playing/hunting/hunting-apparel-footwear/1751693/huntshield-men-s-4-in-1-realtreed-edge-parka-medium-c18e24d3-5516-4ed0-bb33-e75fd21d2ac3-jpgrendition.jpg?im=whresize&wid=200&hei=200,https://media-www.canadiantire.ca/product/playing/hunting/hunting-apparel-footwear/1751693/huntshield-men-s-4-in-1-realtreed-edge-parka-medium-c18e24d3-5516-4ed0-bb33-e75fd21d2ac3-jpgrendition.jpg?im=whresize&wid=200&hei=200,,1751693,175-1693,Vérifiez la disponibilité#175-1693X,Liquidation◊Mieux notés,58.36,"99,93","239,99"
30,"Warden & Eglinton, ON","Câble auxiliaire de 3,5 mm pour iPod, iPhone, iPad, téléphone intelligent Android, tablette, maison, choix varié, 3 pi","Câble auxiliaire de 3,5 mm pour iPod, iPhone, iPad, téléphone intelligent Android, tablette, maison, choix varié, 3 pi",2.93,"2,93 $",5.99,"Était±  5,99 $prix était 5,99 $",2.93,"2,93 $",2.93,"2,93 $",true,https://www.canadiantire.ca/fr/pdp/cable-auxiliaire-de-3-5-mm-pour-ipod-iphone-ipad-telephone-intelligent-android-tablette-maison-choix-varie-3-pi-0355191p.html,https://www.canadiantire.ca/fr/pdp/cable-auxiliaire-de-3-5-mm-pour-ipod-iphone-ipad-telephone-intelligent-android-tablette-maison-choix-varie-3-pi-0355191p.html,https://media-www.canadiantire.ca/product/automotive/car-care-accessories/auto-electronics/0355191/3-5mm-auxiliary-cable-e27bf9db-9846-4eac-a0cc-7746f1d5513d-jpgrendition.jpg?im=whresize&wid=200&hei=200,https://media-www.canadiantire.ca/product/automotive/car-care-accessories/auto-electronics/0355191/3-5mm-auxiliary-cable-e27bf9db-9846-4eac-a0cc-7746f1d5513d-jpgrendition.jpg?im=whresize&wid=200&hei=200,,0355191,035-5191-2,Il n’en reste que 4 #035-5191-2,Liquidation◊,51.09,"2,93","5,99"
30,"Warden & Eglinton, ON",Hameçon en faucille Xcalibur Octopus,Hameçon en faucille Xcalibur Octopus,1.43,"1,43 $",3.99,"3,99 $Était   et+ prix était à partir de 3,99 $",1.43,"1,43 $",1.43,"1,43 $",true,https://www.canadiantire.ca/fr/pdp/hamecon-en-faucille-xcalibur-octopus-0770366p.html,https://www.canadiantire.ca/fr/pdp/hamecon-en-faucille-xcalibur-octopus-0770366p.html,https://media-www.canadiantire.ca/product/playing/fishing/fishing-lures/0770366/matzuo-octopus-sickle-size-6-7ef44089-7bd0-4794-a1f8-2f0cdbbdac95-jpgrendition.jpg?im=whresize&wid=200&hei=200,https://media-www.canadiantire.ca/product/playing/fishing/fishing-lures/0770366/matzuo-octopus-sickle-size-6-7ef44089-7bd0-4794-a1f8-2f0cdbbdac95-jpgrendition.jpg?im=whresize&wid=200&hei=200,,0770366,077-0366,Vérifiez la disponibilité#077-0366X,Liquidation◊Mieux notés,64.16,"1,43","3,99"
30,"Warden & Eglinton, ON",Rouleau décoratif pour décor mural Battle Royal,Rouleau décoratif pour décor mural Battle Royal,1.93,"1,93 $",10.99,"Était±  10,99 $prix était 10,99 $",1.93,"1,93 $",1.93,"1,93 $",true,https://www.canadiantire.ca/fr/pdp/rouleau-decoratif-pour-decor-mural-battle-royal-8546716p.html,https://www.canadiantire.ca/fr/pdp/rouleau-decoratif-pour-decor-mural-battle-royal-8546716p.html,https://media-www.canadiantire.ca/product/seasonal-gardening/party-city-everyday/party-city-kids-birthday-pinatas/8546716/battle-royal-room-roll-d94a85a5-a602-40cf-a7be-734dff12022c-jpgrendition.jpg?im=whresize&wid=200&hei=200,https://media-www.canadiantire.ca/product/seasonal-gardening/party-city-everyday/party-city-kids-birthday-pinatas/8546716/battle-royal-room-roll-d94a85a5-a602-40cf-a7be-734dff12022c-jpgrendition.jpg?im=whresize&wid=200&hei=200,,8546716,854-6716-0,,Liquidation◊,82.44,"1,93","10,99"
30,"Warden & Eglinton, ON",Protège-roulements de roue,Protège-roulements de roue,16.93,"16,93 $",34.99,"Était±  34,99 $prix était 34,99 $",16.93,"16,93 $",16.93,"16,93 $",true,https://www.canadiantire.ca/fr/pdp/protege-roulements-de-roue-0408420p.html,https://www.canadiantire.ca/fr/pdp/protege-roulements-de-roue-0408420p.html,https://media-www.canadiantire.ca/product/automotive/automotive-outdoor-adventure/auto-travel-storage/0408420/bearing-protector-c4eaf605-962c-447a-92d9-d8291f7220e4-jpgrendition.jpg?im=whresize&wid=200&hei=200,https://media-www.canadiantire.ca/product/automotive/automotive-outdoor-adventure/auto-travel-storage/0408420/bearing-protector-c4eaf605-962c-447a-92d9-d8291f7220e4-jpgrendition.jpg?im=whresize&wid=200&hei=200,,0408420,040-8420-6,Il n’en reste que 1 #040-8420-6,Liquidation◊,51.61,"16,93","34,99"
30,"Warden & Eglinton, ON",Ensemble plat 5 fils Hopkins avec connecteurs côté véhicule de 48 po et côté remorque de 12 po,Ensemble plat 5 fils Hopkins avec connecteurs côté véhicule de 48 po et côté remorque de 12 po,12.93,"12,93 $",26.99,"Était±  26,99 $prix était 26,99 $",12.93,"12,93 $",12.93,"12,93 $",true,https://www.canadiantire.ca/fr/pdp/ensemble-plat-5-fils-hopkins-avec-connecteurs-cote-vehicule-de-48-po-et-cote-remorque-de-12-po-1407228p.html,https://www.canadiantire.ca/fr/pdp/ensemble-plat-5-fils-hopkins-avec-connecteurs-cote-vehicule-de-48-po-et-cote-remorque-de-12-po-1407228p.html,https://media-www.canadiantire.ca/product/automotive/automotive-outdoor-adventure/auto-travel-storage/1407228/hopkins-5-flat-set-48-in-vehicle-side-12-in-trailer-side-b4ea79c7-485c-4285-b1d8-ad30069b0c1e-jpgrendition.jpg?im=whresize&wid=200&hei=200,https://media-www.canadiantire.ca/product/automotive/automotive-outdoor-adventure/auto-travel-storage/1407228/hopkins-5-flat-set-48-in-vehicle-side-12-in-trailer-side-b4ea79c7-485c-4285-b1d8-ad30069b0c1e-jpgrendition.jpg?im=whresize&wid=200&hei=200,,1407228,140-7228-4,Il n’en reste que 2 #140-7228-4,Liquidation◊Mieux notés,52.09,"12,93","26,99"
30,"Warden & Eglinton, ON","Nettoyant nautique pour écran, 230 mL","Nettoyant nautique pour écran, 230 mL",6.79,"6,79 $",19.99,"Était±  19,99 $prix était 19,99 $",6.79,"6,79 $",6.79,"6,79 $",true,https://www.canadiantire.ca/fr/pdp/nettoyant-nautique-pour-ecran-230-ml-0790328p.html,https://www.canadiantire.ca/fr/pdp/nettoyant-nautique-pour-ecran-230-ml-0790328p.html,https://media-www.canadiantire.ca/product/playing/seasonal-recreation/marine-power-boating/0790328/marine-display-cleaner-f2601da5-df42-4d33-9177-1be27b9b3298-jpgrendition.jpg?im=whresize&wid=200&hei=200,https://media-www.canadiantire.ca/product/playing/seasonal-recreation/marine-power-boating/0790328/marine-display-cleaner-f2601da5-df42-4d33-9177-1be27b9b3298-jpgrendition.jpg?im=whresize&wid=200&hei=200,,0790328,079-0328-6,,Liquidation◊Mieux notés,66.03,"6,79","19,99"
30,"Warden & Eglinton, ON","Trousse de dressage de chiens Petco, paq. 4","Trousse de dressage de chiens Petco, paq. 4",19.93,"19,93 $",39.99,"Était±  39,99 $prix était 39,99 $",19.93,"19,93 $",19.93,"19,93 $",true,https://www.canadiantire.ca/fr/pdp/trousse-de-dressage-de-chiens-petco-paq-4-2420922p.html,https://www.canadiantire.ca/fr/pdp/trousse-de-dressage-de-chiens-petco-paq-4-2420922p.html,https://media-www.canadiantire.ca/product/living/pet-care/pet-accessories/2420922/petco-dog-training-kit-4-piece-c55763c7-25b8-4ed3-861a-15ac3dd90f98-jpgrendition.jpg?im=whresize&wid=200&hei=200,https://media-www.canadiantire.ca/product/living/pet-care/pet-accessories/2420922/petco-dog-training-kit-4-piece-c55763c7-25b8-4ed3-861a-15ac3dd90f98-jpgrendition.jpg?im=whresize&wid=200&hei=200,,2420922,242-0922-0,,Liquidation◊Mieux notés,50.16,"19,93","39,99"
30,"Warden & Eglinton, ON","Ballon en aluminium satiné lettres Baby, choix de couleurs, 26 x 9 po, gonflé d'air, pour fête prénatale/dévoilement du sexe","Ballon en aluminium satiné lettres Baby, choix de couleurs, 26 x 9 po, gonflé d'air, pour fête prénatale/dévoilement du sexe",1.93,"1,93 $",8.99,"8,99 $Était   et+ prix était à partir de 8,99 $",1.93,"1,93 $",1.93,"1,93 $",true,https://www.canadiantire.ca/fr/pdp/ballon-en-aluminium-satine-lettres-baby-choix-de-couleurs-26-x-9-po-gonfle-d-air-pour-fete-prenatale-devoilement-du-sexe-8420829p.html,https://www.canadiantire.ca/fr/pdp/ballon-en-aluminium-satine-lettres-baby-choix-de-couleurs-26-x-9-po-gonfle-d-air-pour-fete-prenatale-devoilement-du-sexe-8420829p.html,https://media-www.partycity.ca/product/seasonal-gardening/party-city-everyday/party-city-party-supplies-decor/8420834/mini-gld-air-filled-blln-baby-a7f25de3-18c4-450f-a09f-1e612cb39e36-jpgrendition.jpg?im=whresize&wid=200&hei=200,https://media-www.partycity.ca/product/seasonal-gardening/party-city-everyday/party-city-party-supplies-decor/8420834/mini-gld-air-filled-blln-baby-a7f25de3-18c4-450f-a09f-1e612cb39e36-jpgrendition.jpg?im=whresize&wid=200&hei=200,,8420829,842-0829,Vérifiez la disponibilité#842-0829X,Liquidation◊Mieux notés,78.53,"1,93","8,99"
30,"Warden & Eglinton, ON","Connecteur plat 4 fils côté véhicule voyant d'essai à DEL Hopkins, 48 po","Connecteur plat 4 fils côté véhicule voyant d'essai à DEL Hopkins, 48 po",5.93,"5,93 $",12.99,"Était±  12,99 $prix était 12,99 $",5.93,"5,93 $",5.93,"5,93 $",true,https://www.canadiantire.ca/fr/pdp/connecteur-plat-4-fils-cote-vehicule-voyant-d-essai-a-del-hopkins-48-po-1407226p.html,https://www.canadiantire.ca/fr/pdp/connecteur-plat-4-fils-cote-vehicule-voyant-d-essai-a-del-hopkins-48-po-1407226p.html,https://media-www.canadiantire.ca/product/automotive/automotive-outdoor-adventure/auto-travel-storage/1407226/hopkins-led-test-4-flat-vehicle-side-48-in-a5caad82-c304-4956-acc1-ccbb9eb7b4c5-jpgrendition.jpg?im=whresize&wid=200&hei=200,https://media-www.canadiantire.ca/product/automotive/automotive-outdoor-adventure/auto-travel-storage/1407226/hopkins-led-test-4-flat-vehicle-side-48-in-a5caad82-c304-4956-acc1-ccbb9eb7b4c5-jpgrendition.jpg?im=whresize&wid=200&hei=200,,1407226,140-7226-8,Il n’en reste que 1 #140-7226-8,Liquidation◊Mieux notés,54.35,"5,93","12,99"
30,"Warden & Eglinton, ON","Gradateur à palette à préréglage DEL/CFL Legrand RHCL453PNI Radiant, 700 W, incandescent/halogène, 450 W, DEL/CFL, nickel","Gradateur à palette à préréglage DEL/CFL Legrand RHCL453PNI Radiant, 700 W, incandescent/halogène, 450 W, DEL/CFL, nickel",24.93,"24,93 $",54.99,"Était±  54,99 $prix était 54,99 $",24.93,"24,93 $",24.93,"24,93 $",true,https://www.canadiantire.ca/fr/pdp/gradateur-a-palette-a-prereglage-del-cfl-legrand-rhcl453pni-radiant-700-w-incandescent-halogene-450-w-del-cfl-nickel-0529159p.html,https://www.canadiantire.ca/fr/pdp/gradateur-a-palette-a-prereglage-del-cfl-legrand-rhcl453pni-radiant-700-w-incandescent-halogene-450-w-del-cfl-nickel-0529159p.html,https://media-www.canadiantire.ca/product/fixing/electrical/rough-electrical/0529159/radiant-cfl-led-450-dimmer-nickel-b2c0e194-802f-4f15-beff-847a67a74c23-jpgrendition.jpg?im=whresize&wid=200&hei=200,https://media-www.canadiantire.ca/product/fixing/electrical/rough-electrical/0529159/radiant-cfl-led-450-dimmer-nickel-b2c0e194-802f-4f15-beff-847a67a74c23-jpgrendition.jpg?im=whresize&wid=200&hei=200,,0529159,052-9159-6,Il n’en reste que 5 #052-9159-6,Liquidation◊Mieux notés,54.66,"24,93","54,99"
30,"Warden & Eglinton, ON","Ampoules intelligentes Edison B11 Geeni LUX, paq. 2","Ampoules intelligentes Edison B11 Geeni LUX, paq. 2",14.93,"14,93 $",32.99,"Était±  32,99 $prix était 32,99 $",14.93,"14,93 $",14.93,"14,93 $",true,https://www.canadiantire.ca/fr/pdp/ampoules-intelligentes-edison-b11-geeni-lux-paq-2-1522576p.html,https://www.canadiantire.ca/fr/pdp/ampoules-intelligentes-edison-b11-geeni-lux-paq-2-1522576p.html,https://media-www.canadiantire.ca/product/fixing/electrical/light-bulbs/1522576/geeni-lux-edison-b11-dimmable-white-smart-bulb-2-pk-64beb2e3-2a1c-4c02-ada2-11e3aca5a802-jpgrendition.jpg?im=whresize&wid=200&hei=200,https://media-www.canadiantire.ca/product/fixing/electrical/light-bulbs/1522576/geeni-lux-edison-b11-dimmable-white-smart-bulb-2-pk-64beb2e3-2a1c-4c02-ada2-11e3aca5a802-jpgrendition.jpg?im=whresize&wid=200&hei=200,,1522576,152-2576-6,Il n’en reste que 4 #152-2576-6,Liquidation◊,54.74,"14,93","32,99"
30,"Warden & Eglinton, ON","Prise double à boîtier étroit Leviton 0CR15-733 NEMA 5-15R, 15 A, 125 V, auto-mise à la terre, qualité commerciale, brun","Prise double à boîtier étroit Leviton 0CR15-733 NEMA 5-15R, 15 A, 125 V, auto-mise à la terre, qualité commerciale, brun",1.43,"1,43 $",3.99,"Était±  3,99 $prix était 3,99 $",1.43,"1,43 $",1.43,"1,43 $",true,https://www.canadiantire.ca/fr/pdp/prise-double-a-boitier-etroit-leviton-0cr15-733-nema-5-15r-15-a-125-v-auto-mise-a-la-terre-qualite-commerciale-brun-0527238p.html,https://www.canadiantire.ca/fr/pdp/prise-double-a-boitier-etroit-leviton-0cr15-733-nema-5-15r-15-a-125-v-auto-mise-a-la-terre-qualite-commerciale-brun-0527238p.html,https://media-www.canadiantire.ca/product/fixing/electrical/rough-electrical/0527238/receptacle-special-grade-brown-a4b3e50d-09fc-44ef-ab39-2d1b7dfd9b09-jpgrendition.jpg?im=whresize&wid=200&hei=200,https://media-www.canadiantire.ca/product/fixing/electrical/rough-electrical/0527238/receptacle-special-grade-brown-a4b3e50d-09fc-44ef-ab39-2d1b7dfd9b09-jpgrendition.jpg?im=whresize&wid=200&hei=200,,0527238,052-7238-0,Il n’en reste que 2 #052-7238-0,Liquidation◊Mieux notés,64.16,"1,43","3,99"
30,"Warden & Eglinton, ON","Décoration de 3 citrouilles lanternes empilées en bois For Living, orange, 3 pi, décorations d'intérieur et d'extérieur pour l'Halloween","Décoration de 3 citrouilles lanternes empilées en bois For Living, orange, 3 pi, décorations d'intérieur et d'extérieur pour l'Halloween",17.43,"17,43 $",34.99,"Était±  34,99 $prix était 34,99 $",17.43,"17,43 $",17.43,"17,43 $",true,https://www.canadiantire.ca/fr/pdp/decoration-de-3-citrouilles-lanternes-empilees-en-bois-for-living-orange-3-pi-decorations-d-interieur-et-d-exterieur-pour-l-halloween-1510858p.html,https://www.canadiantire.ca/fr/pdp/decoration-de-3-citrouilles-lanternes-empilees-en-bois-for-living-orange-3-pi-decorations-d-interieur-et-d-exterieur-pour-l-halloween-1510858p.html,https://media-www.canadiantire.ca/product/seasonal-gardening/seasonal/halloween-harvest/1510858/3-stack-pumpkin-decor-77ec1042-aad7-4495-8461-11c8e0665519-jpgrendition.jpg?im=whresize&wid=200&hei=200,https://media-www.canadiantire.ca/product/seasonal-gardening/seasonal/halloween-harvest/1510858/3-stack-pumpkin-decor-77ec1042-aad7-4495-8461-11c8e0665519-jpgrendition.jpg?im=whresize&wid=200&hei=200,,1510858,151-0858-0,,Liquidation◊Mieux notés,50.19,"17,43","34,99"
30,"Warden & Eglinton, ON","Rug-All Tapis persan beige lavable, 5 x 7 pi","Rug-All Tapis persan beige lavable, 5 x 7 pi",59.93,"59,93 $",149.99,"Était±  149,99 $prix était 149,99 $",59.93,"59,93 $",59.93,"59,93 $",true,https://www.canadiantire.ca/fr/pdp/rug-all-tapis-persan-beige-lavable-5-x-7-pi-0680021p.html,https://www.canadiantire.ca/fr/pdp/rug-all-tapis-persan-beige-lavable-5-x-7-pi-0680021p.html,https://media-www.canadiantire.ca/product/living/home-decor/floor-window-decor/0680021/rugall-persian-beige-5x7--7f5db71d-f2ae-4f30-b990-385125d8f8a5-jpgrendition.jpg?im=whresize&wid=200&hei=200,https://media-www.canadiantire.ca/product/living/home-decor/floor-window-decor/0680021/rugall-persian-beige-5x7--7f5db71d-f2ae-4f30-b990-385125d8f8a5-jpgrendition.jpg?im=whresize&wid=200&hei=200,,0680021,068-0021-0,Il n’en reste que 2 #068-0021-0,Liquidation◊Mieux notés,60.04,"59,93","149,99"
30,"Warden & Eglinton, ON","Tapis en faux lin For Living, paq. 4, 24 x 24 pi, gris","Tapis en faux lin For Living, paq. 4, 24 x 24 pi, gris",19.93,"19,93 $",39.99,"Était±  39,99 $prix était 39,99 $",19.93,"19,93 $",19.93,"19,93 $",true,https://www.canadiantire.ca/fr/pdp/tapis-en-faux-lin-for-living-paq-4-24-x-24-pi-gris-0687101p.html,https://www.canadiantire.ca/fr/pdp/tapis-en-faux-lin-for-living-paq-4-24-x-24-pi-gris-0687101p.html,https://media-www.canadiantire.ca/product/living/home-decor/floor-window-decor/0687101/for-living-faux-grey-linen-floor-tile-4-pack-24--03b3f72a-a27c-447e-b3a9-d261d86a48eb-jpgrendition.jpg?im=whresize&wid=200&hei=200,https://media-www.canadiantire.ca/product/living/home-decor/floor-window-decor/0687101/for-living-faux-grey-linen-floor-tile-4-pack-24--03b3f72a-a27c-447e-b3a9-d261d86a48eb-jpgrendition.jpg?im=whresize&wid=200&hei=200,,0687101,068-7101-8,Il n’en reste que 1 #068-7101-8,Liquidation◊Mieux notés,50.16,"19,93","39,99"
30,"Warden & Eglinton, ON","Convecteur 1 500 W/1 125 W Stelpro avec thermostat électrique intégré, 240 V, blanc","Convecteur 1 500 W/1 125 W Stelpro avec thermostat électrique intégré, 240 V, blanc",149.93,"149,93 $",304.99,"Était±  304,99 $prix était 304,99 $",149.93,"149,93 $",149.93,"149,93 $",true,https://www.canadiantire.ca/fr/pdp/convecteur-1-500-w-1-125-w-stelpro-avec-thermostat-electrique-integre-240-v-blanc-0529114p.html,https://www.canadiantire.ca/fr/pdp/convecteur-1-500-w-1-125-w-stelpro-avec-thermostat-electrique-integre-240-v-blanc-0529114p.html,https://media-www.canadiantire.ca/product/fixing/home-environment/winter-climate-control/0529114/convector-wh-1500w-1125w-240v-208v-w-built-in-elctrnc-tstat-03ab0ac5-ce82-439c-a1f3-d285980206cb-jpgrendition.jpg?im=whresize&wid=200&hei=200,https://media-www.canadiantire.ca/product/fixing/home-environment/winter-climate-control/0529114/convector-wh-1500w-1125w-240v-208v-w-built-in-elctrnc-tstat-03ab0ac5-ce82-439c-a1f3-d285980206cb-jpgrendition.jpg?im=whresize&wid=200&hei=200,,0529114,052-9114-2,Il n’en reste que 1 #052-9114-2,Liquidation◊,50.84,"149,93","304,99"
30,"Warden & Eglinton, ON","Nappe en plastique classique avec feuilles d'érable rouges et blanches, fête du Canada, 54 x 96 po","Nappe en plastique classique avec feuilles d'érable rouges et blanches, fête du Canada, 54 x 96 po",3.93,"3,93 $",9.99,"Était±  9,99 $prix était 9,99 $",3.93,"3,93 $",3.93,"3,93 $",true,https://www.canadiantire.ca/fr/pdp/nappe-en-plastique-classique-avec-feuilles-d-erable-rouges-et-blanches-fete-du-canada-54-x-96-po-8542682p.html,https://www.canadiantire.ca/fr/pdp/nappe-en-plastique-classique-avec-feuilles-d-erable-rouges-et-blanches-fete-du-canada-54-x-96-po-8542682p.html,https://media-www.canadiantire.ca/product/automotive/party-city-seasonal/party-city-micro-season-decor/8542682/canada-day-canadian-classic-plastic-tablecover-54-x96--ca5e6aff-4418-41b1-9c9a-a2460cce9216-jpgrendition.jpg?im=whresize&wid=200&hei=200,https://media-www.canadiantire.ca/product/automotive/party-city-seasonal/party-city-micro-season-decor/8542682/canada-day-canadian-classic-plastic-tablecover-54-x96--ca5e6aff-4418-41b1-9c9a-a2460cce9216-jpgrendition.jpg?im=whresize&wid=200&hei=200,,8542682,854-2682-2,,Liquidation◊Mieux notés,60.66,"3,93","9,99"
30,"Warden & Eglinton, ON","Bougie pour fête d'anniversaire, Battle Royal","Bougie pour fête d'anniversaire, Battle Royal",1.93,"1,93 $",6.49,"Était±  6,49 $prix était 6,49 $",1.93,"1,93 $",1.93,"1,93 $",true,https://www.canadiantire.ca/fr/pdp/bougie-pour-fete-d-anniversaire-battle-royal-8421713p.html,https://www.canadiantire.ca/fr/pdp/bougie-pour-fete-d-anniversaire-battle-royal-8421713p.html,https://media-www.partycity.ca/product/seasonal-gardening/party-city-everyday/party-city-party-supplies-decor/8421713/3in-bday-cndl-battle-royal-a04a8788-7357-4588-b982-0908fc45a66a-jpgrendition.jpg?im=whresize&wid=200&hei=200,https://media-www.partycity.ca/product/seasonal-gardening/party-city-everyday/party-city-party-supplies-decor/8421713/3in-bday-cndl-battle-royal-a04a8788-7357-4588-b982-0908fc45a66a-jpgrendition.jpg?im=whresize&wid=200&hei=200,,8421713,842-1713-4,Il n’en reste que 5 #842-1713-4,Liquidation◊Mieux notés,70.26,"1,93","6,49"
30,"Warden & Eglinton, ON","Papier abrasif de précision, 3 2/3 x 9 po","Papier abrasif de précision, 3 2/3 x 9 po",2.93,"2,93 $",9.99,"9,99 $Était   et+ prix était à partir de 9,99 $",2.93,"2,93 $",2.93,"2,93 $",true,https://www.canadiantire.ca/fr/pdp/papier-abrasif-de-precision-3-2-3-x-9-po-0479346p.html,https://www.canadiantire.ca/fr/pdp/papier-abrasif-de-precision-3-2-3-x-9-po-0479346p.html,https://media-www.canadiantire.ca/product/automotive/car-care-accessories/auto-body-repair/0479346/precision-shaped-grain-3-2-3-x9-80-grit-18df5321-b0d6-48c8-90fd-61991db33543-jpgrendition.jpg?im=whresize&wid=200&hei=200,https://media-www.canadiantire.ca/product/automotive/car-care-accessories/auto-body-repair/0479346/precision-shaped-grain-3-2-3-x9-80-grit-18df5321-b0d6-48c8-90fd-61991db33543-jpgrendition.jpg?im=whresize&wid=200&hei=200,,0479346,047-9346,Vérifiez la disponibilité#047-9346X,Liquidation◊Mieux notés,70.67,"2,93","9,99"
30,"Warden & Eglinton, ON","Barre de remorquage à abaissement Reese Towpower, noir, 3 po","Barre de remorquage à abaissement Reese Towpower, noir, 3 po",27.93,"27,93 $",59.99,"Était±  59,99 $prix était 59,99 $",27.93,"27,93 $",27.93,"27,93 $",true,https://www.canadiantire.ca/fr/pdp/barre-de-remorquage-a-abaissement-reese-towpower-noir-3-po-0406825p.html,https://www.canadiantire.ca/fr/pdp/barre-de-remorquage-a-abaissement-reese-towpower-noir-3-po-0406825p.html,https://media-www.canadiantire.ca/product/automotive/automotive-outdoor-adventure/auto-travel-storage/0406825/reese-towpower-3-drop-blacknickel-carbon-forged-ball-mount-db4fd429-4413-4bf4-8928-81286c756be2-jpgrendition.jpg?im=whresize&wid=200&hei=200,https://media-www.canadiantire.ca/product/automotive/automotive-outdoor-adventure/auto-travel-storage/0406825/reese-towpower-3-drop-blacknickel-carbon-forged-ball-mount-db4fd429-4413-4bf4-8928-81286c756be2-jpgrendition.jpg?im=whresize&wid=200&hei=200,,0406825,040-6825-6,Il n’en reste que 3 #040-6825-6,Liquidation◊Mieux notés,53.44,"27,93","59,99"
30,"Warden & Eglinton, ON","Égaliseur de plancher Shur-Trim, or, 1,5 po x 3 pi","Égaliseur de plancher Shur-Trim, or, 1,5 po x 3 pi",3.93,"3,93 $",9.99,"Était±  9,99 $prix était 9,99 $",3.93,"3,93 $",3.93,"3,93 $",true,https://www.canadiantire.ca/fr/pdp/egaliseur-de-plancher-shur-trim-or-1-5-po-x-3-pi-0682822p.html,https://www.canadiantire.ca/fr/pdp/egaliseur-de-plancher-shur-trim-or-1-5-po-x-3-pi-0682822p.html,https://media-www.canadiantire.ca/product/living/home-decor/floor-window-decor/0682822/1-5x3-gold-equalizer-5907a440-5573-422c-8d16-ec49a3a60bd3-jpgrendition.jpg?im=whresize&wid=200&hei=200,https://media-www.canadiantire.ca/product/living/home-decor/floor-window-decor/0682822/1-5x3-gold-equalizer-5907a440-5573-422c-8d16-ec49a3a60bd3-jpgrendition.jpg?im=whresize&wid=200&hei=200,,0682822,068-2822-2,Il n’en reste que 3 #068-2822-2,Liquidation◊,60.66,"3,93","9,99"
30,"Warden & Eglinton, ON","Sacs de fête pour friandises en cellophane rectangulaires, transparent, 5 po, paq. 25, pour fête d'anniversaire","Sacs de fête pour friandises en cellophane rectangulaires, transparent, 5 po, paq. 25, pour fête d'anniversaire",1.93,"1,93 $",3.99,"Était±  3,99 $prix était 3,99 $",1.93,"1,93 $",1.93,"1,93 $",true,https://www.canadiantire.ca/fr/pdp/sacs-de-fete-pour-friandises-en-cellophane-rectangulaires-transparent-5-po-paq-25-pour-fete-d-anniversaire-8420948p.html,https://www.canadiantire.ca/fr/pdp/sacs-de-fete-pour-friandises-en-cellophane-rectangulaires-transparent-5-po-paq-25-pour-fete-d-anniversaire-8420948p.html,https://media-www.partycity.ca/product/seasonal-gardening/party-city-everyday/party-city-party-supplies-decor/8420948/clr-lg-prty-bag-0dd08de3-57eb-4f05-b4d8-9b541656c5f2-jpgrendition.jpg?im=whresize&wid=200&hei=200,https://media-www.partycity.ca/product/seasonal-gardening/party-city-everyday/party-city-party-supplies-decor/8420948/clr-lg-prty-bag-0dd08de3-57eb-4f05-b4d8-9b541656c5f2-jpgrendition.jpg?im=whresize&wid=200&hei=200,,8420948,842-0948-2,8 En Stock#842-0948-2,Liquidation◊Mieux notés,51.63,"1,93","3,99"
30,"Warden & Eglinton, ON","Chatière PetSafe BIG Cat avec ferrures, verrou à 4 positions, extérieur/intérieur, petit plus 0,45 à 11 kg (1 à 25 lb)","Chatière PetSafe BIG Cat avec ferrures, verrou à 4 positions, extérieur/intérieur, petit plus 0,45 à 11 kg (1 à 25 lb)",24.93,"24,93 $",49.99,"Était±  49,99 $prix était 49,99 $",24.93,"24,93 $",24.93,"24,93 $",true,https://www.canadiantire.ca/fr/pdp/chatiere-petsafe-big-cat-avec-ferrures-verrou-a-4-positions-exterieur-interieur-petit-plus-0-45-a-11-kg-1-a-25-lb-1423273p.html,https://www.canadiantire.ca/fr/pdp/chatiere-petsafe-big-cat-avec-ferrures-verrou-a-4-positions-exterieur-interieur-petit-plus-0-45-a-11-kg-1-a-25-lb-1423273p.html,https://media-www.canadiantire.ca/product/living/pet-care/pet-accessories/1423273/bigcatflap-da03064c-992d-41b9-9439-2173f95f53a2-jpgrendition.jpg?im=whresize&wid=200&hei=200,https://media-www.canadiantire.ca/product/living/pet-care/pet-accessories/1423273/bigcatflap-da03064c-992d-41b9-9439-2173f95f53a2-jpgrendition.jpg?im=whresize&wid=200&hei=200,,1423273,142-3273-4,Il n’en reste que 1 #142-3273-4,Liquidation◊,50.13,"24,93","49,99"
30,"Warden & Eglinton, ON",Connecteur VR à lame à 7 voies en métal côté remorque Hopkins Towing Solution Endurance,Connecteur VR à lame à 7 voies en métal côté remorque Hopkins Towing Solution Endurance,12.93,"12,93 $",26.99,"Était±  26,99 $prix était 26,99 $",12.93,"12,93 $",12.93,"12,93 $",true,https://www.canadiantire.ca/fr/pdp/connecteur-vr-a-lame-a-7-voies-en-metal-cote-remorque-hopkins-towing-solution-endurance-0409685p.html,https://www.canadiantire.ca/fr/pdp/connecteur-vr-a-lame-a-7-voies-en-metal-cote-remorque-hopkins-towing-solution-endurance-0409685p.html,https://media-www.canadiantire.ca/product/automotive/automotive-outdoor-adventure/auto-travel-storage/0409685/endurance-7-rv-blade-trailer-end-metal--9d041cfe-4362-43c3-b974-29e44abbd990-jpgrendition.jpg?im=whresize&wid=200&hei=200,https://media-www.canadiantire.ca/product/automotive/automotive-outdoor-adventure/auto-travel-storage/0409685/endurance-7-rv-blade-trailer-end-metal--9d041cfe-4362-43c3-b974-29e44abbd990-jpgrendition.jpg?im=whresize&wid=200&hei=200,,0409685,040-9685-0,Il n’en reste que 2 #040-9685-0,Liquidation◊,52.09,"12,93","26,99"
30,"Warden & Eglinton, ON","Lunettes antibuée anti-rayures Just1 pour sports motorisés, noir","Lunettes antibuée anti-rayures Just1 pour sports motorisés, noir",41.93,"41,93 $",84.99,"Était±  84,99 $prix était 84,99 $",41.93,"41,93 $",41.93,"41,93 $",true,https://www.canadiantire.ca/fr/pdp/lunettes-antibuee-anti-rayures-just1-pour-sports-motorises-noir-0272594p.html,https://www.canadiantire.ca/fr/pdp/lunettes-antibuee-anti-rayures-just1-pour-sports-motorises-noir-0272594p.html,https://media-www.canadiantire.ca/product/automotive/automotive-outdoor-adventure/powersport/0272594/just1-powersport-goggles-black--128ec76a-0719-4802-b825-fb69f6bbddc4-jpgrendition.jpg?im=whresize&wid=200&hei=200,https://media-www.canadiantire.ca/product/automotive/automotive-outdoor-adventure/powersport/0272594/just1-powersport-goggles-black--128ec76a-0719-4802-b825-fb69f6bbddc4-jpgrendition.jpg?im=whresize&wid=200&hei=200,,0272594,027-2594-2,Il n’en reste que 6 #027-2594-2,Liquidation◊Mieux notés,50.66,"41,93","84,99"
30,"Warden & Eglinton, ON","Appât Xcalibur Rigged Grubs, 1/8 once","Appât Xcalibur Rigged Grubs, 1/8 once",1.93,"1,93 $",4.99,"4,99 $Était   et+ prix était à partir de 4,99 $",1.93,"1,93 $",1.93,"1,93 $",true,https://www.canadiantire.ca/fr/pdp/appat-xcalibur-rigged-grubs-1-8-once-0778917p.html,https://www.canadiantire.ca/fr/pdp/appat-xcalibur-rigged-grubs-1-8-once-0778917p.html,https://media-www.canadiantire.ca/product/playing/fishing/fishing-lures/0778918/xcalibur-rigged-grubs-1-8-oz-black-glitter-e6a8789b-dc0b-4a7d-bff2-fa006bd9c972-jpgrendition.jpg?im=whresize&wid=200&hei=200,https://media-www.canadiantire.ca/product/playing/fishing/fishing-lures/0778918/xcalibur-rigged-grubs-1-8-oz-black-glitter-e6a8789b-dc0b-4a7d-bff2-fa006bd9c972-jpgrendition.jpg?im=whresize&wid=200&hei=200,,0778917,077-8917,Vérifiez la disponibilité#077-8917X,Liquidation◊Exclusivité,61.32,"1,93","4,99"
30,"Warden & Eglinton, ON",Filtre d’humidificateur auto-assainissant NOMA,Filtre d’humidificateur auto-assainissant NOMA,9.93,"9,93 $",19.99,"Était±  19,99 $prix était 19,99 $",9.93,"9,93 $",9.93,"9,93 $",true,https://www.canadiantire.ca/fr/pdp/filtre-d-humidificateur-auto-assainissant-noma-0430172p.html,https://www.canadiantire.ca/fr/pdp/filtre-d-humidificateur-auto-assainissant-noma-0430172p.html,https://media-www.canadiantire.ca/product/fixing/home-environment/home-air-quality-appliances/0430172/noma-self-sanitizing-humidifier-filter-3162dfdd-25aa-415e-8e90-104e014ed3a7-jpgrendition.jpg?im=whresize&wid=200&hei=200,https://media-www.canadiantire.ca/product/fixing/home-environment/home-air-quality-appliances/0430172/noma-self-sanitizing-humidifier-filter-3162dfdd-25aa-415e-8e90-104e014ed3a7-jpgrendition.jpg?im=whresize&wid=200&hei=200,,0430172,043-0172-8,300 En Stock#043-0172-8,Liquidation◊Mieux notés,50.33,"9,93","19,99"
30,"Warden & Eglinton, ON","Ligne d'amarre de mise à l'eau Launch Assist, hydrofuge","Ligne d'amarre de mise à l'eau Launch Assist, hydrofuge",62.93,"62,93 $",129.99,"Était±  129,99 $prix était 129,99 $",62.93,"62,93 $",62.93,"62,93 $",true,https://www.canadiantire.ca/fr/pdp/ligne-d-amarre-de-mise-a-l-eau-launch-assist-hydrofuge-0792488p.html,https://www.canadiantire.ca/fr/pdp/ligne-d-amarre-de-mise-a-l-eau-launch-assist-hydrofuge-0792488p.html,https://media-www.canadiantire.ca/product/playing/seasonal-recreation/marine-power-boating/0792488/launch-assist-29d6173f-d3c3-4f32-a0bd-6dedb85e9692-jpgrendition.jpg?im=whresize&wid=200&hei=200,https://media-www.canadiantire.ca/product/playing/seasonal-recreation/marine-power-boating/0792488/launch-assist-29d6173f-d3c3-4f32-a0bd-6dedb85e9692-jpgrendition.jpg?im=whresize&wid=200&hei=200,,0792488,079-2488-2,Il n’en reste que 3 #079-2488-2,Liquidation◊,51.59,"62,93","129,99"
30,"Warden & Eglinton, ON",Décoration de petits gâteaux pour fête d'anniversaire Battle Royal,Décoration de petits gâteaux pour fête d'anniversaire Battle Royal,0.93,"0,93 $",3.79,"Était±  3,79 $prix était 3,79 $",0.93,"0,93 $",0.93,"0,93 $",true,https://www.canadiantire.ca/fr/pdp/decoration-de-petits-gateaux-pour-fete-d-anniversaire-battle-royal-8435485p.html,https://www.canadiantire.ca/fr/pdp/decoration-de-petits-gateaux-pour-fete-d-anniversaire-battle-royal-8435485p.html,https://media-www.partycity.ca/product/seasonal-gardening/party-city-everyday/party-city-party-supplies-decor/8420171/paw-patrol-topper-kit-12-count-ce3dd773-dab9-490f-ae7e-38245c6e5389-jpgrendition.jpg?im=whresize&wid=200&hei=200,https://media-www.partycity.ca/product/seasonal-gardening/party-city-everyday/party-city-party-supplies-decor/8420171/paw-patrol-topper-kit-12-count-ce3dd773-dab9-490f-ae7e-38245c6e5389-jpgrendition.jpg?im=whresize&wid=200&hei=200,,8435485,843-5485-0,Il n’en reste que 3 #843-5485-0,Liquidation◊,75.46,"0,93","3,79"
30,"Warden & Eglinton, ON",Serviettes de table Achievement is Key,Serviettes de table Achievement is Key,1.93,"1,93 $",11.99,"Était±  11,99 $prix était 11,99 $",1.93,"1,93 $",1.93,"1,93 $",true,https://www.canadiantire.ca/fr/pdp/serviettes-de-table-achievement-is-key-8549451p.html,https://www.canadiantire.ca/fr/pdp/serviettes-de-table-achievement-is-key-8549451p.html,https://media-www.partycity.ca/product/seasonal-gardening/party-city-seasonal/party-city-micro-season-decor/8549451/achievement-is-key-luncheon-napkin-6a6d7292-089b-4e6e-b900-700544f56af0-jpgrendition.jpg?im=whresize&wid=200&hei=200,https://media-www.partycity.ca/product/seasonal-gardening/party-city-seasonal/party-city-micro-season-decor/8549451/achievement-is-key-luncheon-napkin-6a6d7292-089b-4e6e-b900-700544f56af0-jpgrendition.jpg?im=whresize&wid=200&hei=200,,8549451,854-9451-0,,Liquidation◊Mieux notés,83.9,"1,93","11,99"
30,"Warden & Eglinton, ON","Tampons de rechange pour vadrouille Bissell 31171 SpinWave série 2859, paq. 8","Tampons de rechange pour vadrouille Bissell 31171 SpinWave série 2859, paq. 8",17.93,"17,93 $",36.99,"Était±  36,99 $prix était 36,99 $",17.93,"17,93 $",17.93,"17,93 $",true,https://www.canadiantire.ca/fr/pdp/tampons-de-rechange-pour-vadrouille-bissell-31171-spinwave-serie-2859-paq-8-0439423p.html,https://www.canadiantire.ca/fr/pdp/tampons-de-rechange-pour-vadrouille-bissell-31171-spinwave-serie-2859-paq-8-0439423p.html,https://media-www.canadiantire.ca/product/living/cleaning/vacuums-and-floorcare/0439423/bissell-spinwave-robot-replacement-pads-07693c77-2b76-45fc-8730-2e48ac1485d5-jpgrendition.jpg?im=whresize&wid=200&hei=200,https://media-www.canadiantire.ca/product/living/cleaning/vacuums-and-floorcare/0439423/bissell-spinwave-robot-replacement-pads-07693c77-2b76-45fc-8730-2e48ac1485d5-jpgrendition.jpg?im=whresize&wid=200&hei=200,,0439423,043-9423-8,Il n’en reste que 2 #043-9423-8,Liquidation◊Mieux notés,51.53,"17,93","36,99"
30,"Warden & Eglinton, ON",Sondes de température de la viande en acier inoxydable Vermont Castings,Sondes de température de la viande en acier inoxydable Vermont Castings,19.93,"19,93 $",39.99,"Était±  39,99 $prix était 39,99 $",19.93,"19,93 $",19.93,"19,93 $",true,https://www.canadiantire.ca/fr/pdp/sondes-de-temperature-de-la-viande-en-acier-inoxydable-vermont-castings-0852381p.html,https://www.canadiantire.ca/fr/pdp/sondes-de-temperature-de-la-viande-en-acier-inoxydable-vermont-castings-0852381p.html,https://media-www.canadiantire.ca/product/seasonal-gardening/backyard-living/outdoor-cooking-accessories/0852381/vermont-castings-meat-probes-e20050fc-d148-4eb2-bd21-669acc7fe1e9-jpgrendition.jpg?im=whresize&wid=200&hei=200,https://media-www.canadiantire.ca/product/seasonal-gardening/backyard-living/outdoor-cooking-accessories/0852381/vermont-castings-meat-probes-e20050fc-d148-4eb2-bd21-669acc7fe1e9-jpgrendition.jpg?im=whresize&wid=200&hei=200,,0852381,085-2381-8,Il n’en reste que 1 #085-2381-8,Liquidation◊Mieux notés,50.16,"19,93","39,99"
30,"Warden & Eglinton, ON","Panier tissé à la main CANVAS Heidi, tailles variées","Panier tissé à la main CANVAS Heidi, tailles variées",17.93,"17,93 $",37.99,"37,99 $Était   et+ prix était à partir de 37,99 $",17.93,"17,93 $",17.93,"17,93 $",true,https://www.canadiantire.ca/fr/pdp/panier-tisse-a-la-main-canvas-heidi-tailles-variees-1429053p.html,https://www.canadiantire.ca/fr/pdp/panier-tisse-a-la-main-canvas-heidi-tailles-variees-1429053p.html,https://media-www.canadiantire.ca/product/living/home-decor/decor-accents/1429054/canvas-heidi-round-basket-6df90366-1e0e-40a1-b410-f1ef4274cd41-jpgrendition.jpg?im=whresize&wid=200&hei=200,https://media-www.canadiantire.ca/product/living/home-decor/decor-accents/1429054/canvas-heidi-round-basket-6df90366-1e0e-40a1-b410-f1ef4274cd41-jpgrendition.jpg?im=whresize&wid=200&hei=200,,1429053,142-9053,Vérifiez la disponibilité#142-9053X,Liquidation◊Mieux notés,52.8,"17,93","37,99"
30,"Warden & Eglinton, ON","Pâte à colmater Flex Seal Flex Paste, protection contre les inondations, cartouche, 9 oz","Pâte à colmater Flex Seal Flex Paste, protection contre les inondations, cartouche, 9 oz",14.93,"14,93 $",29.99,"Était±  29,99 $prix était 29,99 $",14.93,"14,93 $",14.93,"14,93 $",true,https://www.canadiantire.ca/fr/pdp/pate-a-colmater-flex-seal-flex-paste-protection-contre-les-inondations-cartouche-9-oz-0641543p.html,https://www.canadiantire.ca/fr/pdp/pate-a-colmater-flex-seal-flex-paste-protection-contre-les-inondations-cartouche-9-oz-0641543p.html,https://media-www.canadiantire.ca/product/fixing/paint/surface-prep-maintenance/0641543/flex-paste-flood-protection-9-oz-cartridge-d6b17ef1-6e53-44c9-9c80-2f293d363692-jpgrendition.jpg?im=whresize&wid=200&hei=200,https://media-www.canadiantire.ca/product/fixing/paint/surface-prep-maintenance/0641543/flex-paste-flood-protection-9-oz-cartridge-d6b17ef1-6e53-44c9-9c80-2f293d363692-jpgrendition.jpg?im=whresize&wid=200&hei=200,,0641543,064-1543-0,Il n’en reste que 1 #064-1543-0,Liquidation◊Mieux notés,50.22,"14,93","29,99"
30,"Warden & Eglinton, ON","Connect. plat 4voies Hopkins Endurance Easy-Pull, DEL vérif.","Connect. plat 4voies Hopkins Endurance Easy-Pull, DEL vérif.",6.93,"6,93 $",15.99,"Était±  15,99 $prix était 15,99 $",6.93,"6,93 $",6.93,"6,93 $",true,https://www.canadiantire.ca/fr/pdp/connect-plat-4voies-hopkins-endurance-easy-pull-del-verif-1407241p.html,https://www.canadiantire.ca/fr/pdp/connect-plat-4voies-hopkins-endurance-easy-pull-del-verif-1407241p.html,https://media-www.canadiantire.ca/product/automotive/automotive-outdoor-adventure/auto-travel-storage/1407241/hopkins-endurancea-easy-pulla-led-test-4-flat-connector-82cb77d1-0fee-472c-b0dc-ed9d2ec1cc95-jpgrendition.jpg?im=whresize&wid=200&hei=200,https://media-www.canadiantire.ca/product/automotive/automotive-outdoor-adventure/auto-travel-storage/1407241/hopkins-endurancea-easy-pulla-led-test-4-flat-connector-82cb77d1-0fee-472c-b0dc-ed9d2ec1cc95-jpgrendition.jpg?im=whresize&wid=200&hei=200,,1407241,140-7241-0,Il n’en reste que 6 #140-7241-0,Liquidation◊Mieux notés,56.66,"6,93","15,99"
30,"Warden & Eglinton, ON","Crampons robustes YakTrax Stabil Maxx2 pour chaussures et bottes pour la glace, adultes, tailles diverses","Crampons robustes YakTrax Stabil Maxx2 pour chaussures et bottes pour la glace, adultes, tailles diverses",24.93,"24,93 $",69.99,"69,99 $Était   et+ prix était à partir de 69,99 $",24.93,"24,93 $",24.93,"24,93 $",true,https://www.canadiantire.ca/fr/pdp/crampons-robustes-yaktrax-stabil-maxx2-pour-chaussures-et-bottes-pour-la-glace-adultes-tailles-diverses-1873153p.html,https://www.canadiantire.ca/fr/pdp/crampons-robustes-yaktrax-stabil-maxx2-pour-chaussures-et-bottes-pour-la-glace-adultes-tailles-diverses-1873153p.html,https://media-www.canadiantire.ca/product/playing/footwear-apparel/footwear-apparel-accessories/1873153/stabil-maxx2-traction-grips-medium-64e8f8c3-1cc8-4ea5-89ed-9d637f628dd6-jpgrendition.jpg?im=whresize&wid=200&hei=200,https://media-www.canadiantire.ca/product/playing/footwear-apparel/footwear-apparel-accessories/1873153/stabil-maxx2-traction-grips-medium-64e8f8c3-1cc8-4ea5-89ed-9d637f628dd6-jpgrendition.jpg?im=whresize&wid=200&hei=200,,1873153,187-3153,Vérifiez la disponibilité#187-3153X,Liquidation◊,64.38,"24,93","69,99"
30,"Warden & Eglinton, ON","Trousse d'arche guirlande en ballon en latex rond transparent confetti, rouge/orange/bleu/violet/vert, pour fête d'anniversaire","Trousse d'arche guirlande en ballon en latex rond transparent confetti, rouge/orange/bleu/violet/vert, pour fête d'anniversaire",4.93,"4,93 $",36.99,"36,99 $Était   et+ prix était à partir de 36,99 $",4.93,"4,93 $",4.93,"4,93 $",true,https://www.canadiantire.ca/fr/pdp/trousse-d-arche-guirlande-en-ballon-en-latex-rond-transparent-confetti-rouge-orange-bleu-violet-vert-pour-fete-d-anniversaire-8540299p.html,https://www.canadiantire.ca/fr/pdp/trousse-d-arche-guirlande-en-ballon-en-latex-rond-transparent-confetti-rouge-orange-bleu-violet-vert-pour-fete-d-anniversaire-8540299p.html,https://media-www.canadiantire.ca/product/seasonal-gardening/party-city-everyday/party-city-party-supplies-decor/8540299/rainbow-garland-kit-585f9fff-0022-4a96-87f8-b073f7fef1fb-jpgrendition.jpg?im=whresize&wid=200&hei=200,https://media-www.canadiantire.ca/product/seasonal-gardening/party-city-everyday/party-city-party-supplies-decor/8540299/rainbow-garland-kit-585f9fff-0022-4a96-87f8-b073f7fef1fb-jpgrendition.jpg?im=whresize&wid=200&hei=200,,8540299,854-0299-8,Il n’en reste que 2 #854-0299-8,Liquidation◊Mieux notés,86.67,"4,93","36,99"
30,"Warden & Eglinton, ON",Jeu de lumière à DEL multicolore pour véhicule avec télécommande,Jeu de lumière à DEL multicolore pour véhicule avec télécommande,12.93,"12,93 $",34.99,"Était±  34,99 $prix était 34,99 $",12.93,"12,93 $",12.93,"12,93 $",true,https://www.canadiantire.ca/fr/pdp/jeu-de-lumiere-a-del-multicolore-pour-vehicule-avec-telecommande-0370730p.html,https://www.canadiantire.ca/fr/pdp/jeu-de-lumiere-a-del-multicolore-pour-vehicule-avec-telecommande-0370730p.html,https://media-www.canadiantire.ca/product/automotive/car-care-accessories/auto-accessories/0370730/6-multi-color-ultra-bright-light-pods-with-remote--801a577c-1ebf-41e4-966c-11943553a380-jpgrendition.jpg?im=whresize&wid=200&hei=200,https://media-www.canadiantire.ca/product/automotive/car-care-accessories/auto-accessories/0370730/6-multi-color-ultra-bright-light-pods-with-remote--801a577c-1ebf-41e4-966c-11943553a380-jpgrendition.jpg?im=whresize&wid=200&hei=200,,0370730,037-0730-6,Il n’en reste que 2 #037-0730-6,Liquidation◊,63.05,"12,93","34,99"
30,"Warden & Eglinton, ON","Écrou de raccord de soupape de remplissage PlumbShop pour robinet à flotteur, en plastique","Écrou de raccord de soupape de remplissage PlumbShop pour robinet à flotteur, en plastique",0.43,"0,43 $",3.49,"Était±  3,49 $prix était 3,49 $",0.43,"0,43 $",0.43,"0,43 $",true,https://www.canadiantire.ca/fr/pdp/ecrou-de-raccord-de-soupape-de-remplissage-plumbshop-pour-robinet-a-flotteur-en-plastique-0632963p.html,https://www.canadiantire.ca/fr/pdp/ecrou-de-raccord-de-soupape-de-remplissage-plumbshop-pour-robinet-a-flotteur-en-plastique-0632963p.html,https://media-www.canadiantire.ca/product/fixing/plumbing/rough-plumbing/0632963/plumbshop-ballcock-coupling-nut-plastic-a69408a1-6b02-49f5-a51c-b1d6dadfa3ba-jpgrendition.jpg?im=whresize&wid=200&hei=200,https://media-www.canadiantire.ca/product/fixing/plumbing/rough-plumbing/0632963/plumbshop-ballcock-coupling-nut-plastic-a69408a1-6b02-49f5-a51c-b1d6dadfa3ba-jpgrendition.jpg?im=whresize&wid=200&hei=200,,0632963,063-2963-6,8 En Stock#063-2963-6,Liquidation◊,87.68,"0,43","3,49"
30,"Warden & Eglinton, ON","Serviettes à cocktails à 3 épaisseurs avec hydrangée printanières, paq. 20","Serviettes à cocktails à 3 épaisseurs avec hydrangée printanières, paq. 20",1.93,"1,93 $",5.99,"Était±  5,99 $prix était 5,99 $",1.93,"1,93 $",1.93,"1,93 $",true,https://www.canadiantire.ca/fr/pdp/serviettes-a-cocktails-a-3-epaisseurs-avec-hydrangee-printanieres-paq-20-8541455p.html,https://www.canadiantire.ca/fr/pdp/serviettes-a-cocktails-a-3-epaisseurs-avec-hydrangee-printanieres-paq-20-8541455p.html,https://media-www.canadiantire.ca/product/seasonal-gardening/party-city-seasonal/party-city-micro-season-decor/8541455/easter-hydrangea-cocktail-napkin-3ply-20ct-52866357-33d9-41d3-835c-61314086cd15-jpgrendition.jpg?im=whresize&wid=200&hei=200,https://media-www.canadiantire.ca/product/seasonal-gardening/party-city-seasonal/party-city-micro-season-decor/8541455/easter-hydrangea-cocktail-napkin-3ply-20ct-52866357-33d9-41d3-835c-61314086cd15-jpgrendition.jpg?im=whresize&wid=200&hei=200,,8541455,854-1455-0,Il n’en reste que 1 #854-1455-0,Liquidation◊Mieux notés,67.78,"1,93","5,99"
30,"Warden & Eglinton, ON",Trousse de vérification 12-V Hopkins Towing Solution,Trousse de vérification 12-V Hopkins Towing Solution,6.93,"6,93 $",17.99,"Était±  17,99 $prix était 17,99 $",6.93,"6,93 $",6.93,"6,93 $",true,https://www.canadiantire.ca/fr/pdp/trousse-de-verification-12-v-hopkins-towing-solution-0409687p.html,https://www.canadiantire.ca/fr/pdp/trousse-de-verification-12-v-hopkins-towing-solution-0409687p.html,https://media-www.canadiantire.ca/product/automotive/automotive-outdoor-adventure/auto-travel-storage/0409687/12-v-tester-kit-1b35882f-6b66-48de-a126-1ac3f1b7a09c-jpgrendition.jpg?im=whresize&wid=200&hei=200,https://media-www.canadiantire.ca/product/automotive/automotive-outdoor-adventure/auto-travel-storage/0409687/12-v-tester-kit-1b35882f-6b66-48de-a126-1ac3f1b7a09c-jpgrendition.jpg?im=whresize&wid=200&hei=200,,0409687,040-9687-6,,Liquidation◊Mieux notés,61.48,"6,93","17,99"
30,"Warden & Eglinton, ON","Plaque d'interrupteur à bascule Atron Electro Industries 65T, de style aztèque, 1 dispositif, nickel satiné","Plaque d'interrupteur à bascule Atron Electro Industries 65T, de style aztèque, 1 dispositif, nickel satiné",1.93,"1,93 $",6.99,"Était±  6,99 $prix était 6,99 $",1.93,"1,93 $",1.93,"1,93 $",true,https://www.canadiantire.ca/fr/pdp/plaque-d-interrupteur-a-bascule-atron-electro-industries-65t-de-style-azteque-1-dispositif-nickel-satine-0522760p.html,https://www.canadiantire.ca/fr/pdp/plaque-d-interrupteur-a-bascule-atron-electro-industries-65t-de-style-azteque-1-dispositif-nickel-satine-0522760p.html,https://media-www.canadiantire.ca/product/fixing/electrical/rough-electrical/0522760/aztec-satin-nickel-toggle-540728d0-651c-4605-88c9-9355468f080f-jpgrendition.jpg?im=whresize&wid=200&hei=200,https://media-www.canadiantire.ca/product/fixing/electrical/rough-electrical/0522760/aztec-satin-nickel-toggle-540728d0-651c-4605-88c9-9355468f080f-jpgrendition.jpg?im=whresize&wid=200&hei=200,,0522760,052-2760-4,Il n’en reste que 1 #052-2760-4,Liquidation◊Mieux notés,72.39,"1,93","6,99"
30,"Warden & Eglinton, ON",Convient à diverses modèles et marques,Convient à diverses modèles et marques,36.43,"36,43 $",79.99,"Était±  79,99 $prix était 79,99 $",36.43,"36,43 $",36.43,"36,43 $",true,https://www.canadiantire.ca/fr/pdp/convient-a-diverses-modeles-et-marques-0545784p.html,https://www.canadiantire.ca/fr/pdp/convient-a-diverses-modeles-et-marques-0545784p.html,https://media-www.canadiantire.ca/product/seasonal-gardening/outdoor-tools/ope-parts-accessories/0545784/powersharpa-conversion-kit-14--94f5f4bd-c347-4eaf-9a6f-90ee993f97a4-jpgrendition.jpg?im=whresize&wid=200&hei=200,https://media-www.canadiantire.ca/product/seasonal-gardening/outdoor-tools/ope-parts-accessories/0545784/powersharpa-conversion-kit-14--94f5f4bd-c347-4eaf-9a6f-90ee993f97a4-jpgrendition.jpg?im=whresize&wid=200&hei=200,,0545784,054-5784-6,Il n’en reste que 2 #054-5784-6,Liquidation◊,54.46,"36,43","79,99"
30,"Warden & Eglinton, ON",Support de fixation universel Hopkins Towing Solution,Support de fixation universel Hopkins Towing Solution,6.93,"6,93 $",15.99,"Était±  15,99 $prix était 15,99 $",6.93,"6,93 $",6.93,"6,93 $",true,https://www.canadiantire.ca/fr/pdp/support-de-fixation-universel-hopkins-towing-solution-0409686p.html,https://www.canadiantire.ca/fr/pdp/support-de-fixation-universel-hopkins-towing-solution-0409686p.html,https://media-www.canadiantire.ca/product/automotive/automotive-outdoor-adventure/auto-travel-storage/0409686/universal-mounting-bracket-eb9f8c8b-d760-4196-84a8-83ce451aa02e-jpgrendition.jpg?im=whresize&wid=200&hei=200,https://media-www.canadiantire.ca/product/automotive/automotive-outdoor-adventure/auto-travel-storage/0409686/universal-mounting-bracket-eb9f8c8b-d760-4196-84a8-83ce451aa02e-jpgrendition.jpg?im=whresize&wid=200&hei=200,,0409686,040-9686-8,35 En Stock#040-9686-8,Liquidation◊Mieux notés,56.66,"6,93","15,99"
30,"Warden & Eglinton, ON",Recharge pour tête de vadrouille à rouleau à récurer Rubbermaid,Recharge pour tête de vadrouille à rouleau à récurer Rubbermaid,0.93,"0,93 $",7.99,"Était±  7,99 $prix était 7,99 $",0.93,"0,93 $",0.93,"0,93 $",true,https://www.canadiantire.ca/fr/pdp/recharge-pour-tete-de-vadrouille-a-rouleau-a-recurer-rubbermaid-1426820p.html,https://www.canadiantire.ca/fr/pdp/recharge-pour-tete-de-vadrouille-a-rouleau-a-recurer-rubbermaid-1426820p.html,https://media-www.canadiantire.ca/product/living/cleaning/household-cleaning-tools/1426820/rubbermaid-scrubbing-roller-mop-refill-1470f2cf-526c-4f20-a249-179d9a1efa37-jpgrendition.jpg?im=whresize&wid=200&hei=200,https://media-www.canadiantire.ca/product/living/cleaning/household-cleaning-tools/1426820/rubbermaid-scrubbing-roller-mop-refill-1470f2cf-526c-4f20-a249-179d9a1efa37-jpgrendition.jpg?im=whresize&wid=200&hei=200,,1426820,142-6820-4,13 En Stock#142-6820-4,Liquidation◊,88.36,"0,93","7,99"
30,"Warden & Eglinton, ON","Trousse de changement de couleur pour DDFT Leviton Renu, 20 A, écorce de noyer","Trousse de changement de couleur pour DDFT Leviton Renu, 20 A, écorce de noyer",0.43,"0,43 $",2.39,"Était±  2,39 $prix était 2,39 $",0.43,"0,43 $",0.43,"0,43 $",true,https://www.canadiantire.ca/fr/pdp/trousse-de-changement-de-couleur-pour-ddft-leviton-renu-20-a-ecorce-de-noyer-0527102p.html,https://www.canadiantire.ca/fr/pdp/trousse-de-changement-de-couleur-pour-ddft-leviton-renu-20-a-ecorce-de-noyer-0527102p.html,https://media-www.canadiantire.ca/product/fixing/electrical/rough-electrical/0527102/reno-colour-change-kit-walnut-bark-gfci-20a-12830550-30e3-464f-a01d-839a158974ba-jpgrendition.jpg?im=whresize&wid=200&hei=200,https://media-www.canadiantire.ca/product/fixing/electrical/rough-electrical/0527102/reno-colour-change-kit-walnut-bark-gfci-20a-12830550-30e3-464f-a01d-839a158974ba-jpgrendition.jpg?im=whresize&wid=200&hei=200,,0527102,052-7102-2,10 En Stock#052-7102-2,Liquidation◊,82.01,"0,43","2,39"
30,"Warden & Eglinton, ON","Cosses à anneau Gardner Bender C14-104, calibre 16 à 14 AWG, calibre de goujon 8 à 10 po, paq. 7","Cosses à anneau Gardner Bender C14-104, calibre 16 à 14 AWG, calibre de goujon 8 à 10 po, paq. 7",0.93,"0,93 $",2.29,"Était±  2,29 $prix était 2,29 $",0.93,"0,93 $",0.93,"0,93 $",true,https://www.canadiantire.ca/fr/pdp/cosses-a-anneau-gardner-bender-c14-104-calibre-16-a-14-awg-calibre-de-goujon-8-a-10-po-paq-7-0520200p.html,https://www.canadiantire.ca/fr/pdp/cosses-a-anneau-gardner-bender-c14-104-calibre-16-a-14-awg-calibre-de-goujon-8-a-10-po-paq-7-0520200p.html,https://media-www.canadiantire.ca/product/fixing/electrical/rough-electrical/0520200/ring-terminals-8-10-stud-blue-pkg-7-78304a27-67f0-4472-b301-a70fc78e1613-jpgrendition.jpg?im=whresize&wid=200&hei=200,https://media-www.canadiantire.ca/product/fixing/electrical/rough-electrical/0520200/ring-terminals-8-10-stud-blue-pkg-7-78304a27-67f0-4472-b301-a70fc78e1613-jpgrendition.jpg?im=whresize&wid=200&hei=200,,0520200,052-0200-0,Il n’en reste que 5 #052-0200-0,Liquidation◊Mieux notés,59.39,"0,93","2,29"
30,"Warden & Eglinton, ON",Scie-cloche à pointes en carbure Lenox. pour bois et métal,Scie-cloche à pointes en carbure Lenox. pour bois et métal,7.93,"7,93 $",22.99,"Était±  22,99 $prix était 22,99 $",7.93,"7,93 $",7.93,"7,93 $",true,https://www.canadiantire.ca/fr/pdp/scie-cloche-a-pointes-en-carbure-lenox-pour-bois-et-metal-0540762p.html,https://www.canadiantire.ca/fr/pdp/scie-cloche-a-pointes-en-carbure-lenox-pour-bois-et-metal-0540762p.html,https://media-www.canadiantire.ca/product/fixing/tools/power-tool-accessories/0540762/lenox-carbide-tipped-hole-saw-3-4-19mm-6124b739-15b4-4248-9095-1113c0f93eab-jpgrendition.jpg?im=whresize&wid=200&hei=200,https://media-www.canadiantire.ca/product/fixing/tools/power-tool-accessories/0540762/lenox-carbide-tipped-hole-saw-3-4-19mm-6124b739-15b4-4248-9095-1113c0f93eab-jpgrendition.jpg?im=whresize&wid=200&hei=200,,0540762,054-0762-8,Il n’en reste que 2 #054-0762-8,Liquidation◊Mieux notés,65.51,"7,93","22,99"
30,"Warden & Eglinton, ON","Plaques en caoutchouc pour l'article 060-0583 (souffleuse à neige à cordon électrique Yardworks, 15 A, 22 po)","Plaques en caoutchouc pour l'article 060-0583 (souffleuse à neige à cordon électrique Yardworks, 15 A, 22 po)",11.43,"11,43 $",29.99,"Était±  29,99 $prix était 29,99 $",11.43,"11,43 $",11.43,"11,43 $",true,https://www.canadiantire.ca/fr/pdp/plaques-en-caoutchouc-pour-l-article-060-0583-souffleuse-a-neige-a-cordon-electrique-yardworks-15-a-22-po-0604025p.html,https://www.canadiantire.ca/fr/pdp/plaques-en-caoutchouc-pour-l-article-060-0583-souffleuse-a-neige-a-cordon-electrique-yardworks-15-a-22-po-0604025p.html,https://media-www.canadiantire.ca/product/seasonal-gardening/outdoor-tools/ope-parts-accessories/0604025/rubber-plate-for-0600583-yardworks-corded-snowblower-22--caf4d2ed-2594-450f-a7cb-5defb16b9099-jpgrendition.jpg?im=whresize&wid=200&hei=200,https://media-www.canadiantire.ca/product/seasonal-gardening/outdoor-tools/ope-parts-accessories/0604025/rubber-plate-for-0600583-yardworks-corded-snowblower-22--caf4d2ed-2594-450f-a7cb-5defb16b9099-jpgrendition.jpg?im=whresize&wid=200&hei=200,,0604025,060-4025-4,,Liquidation◊Mieux notés,61.89,"11,43","29,99"
30,"Warden & Eglinton, ON",Coupleur cadre en A catégorie III/IV,Coupleur cadre en A catégorie III/IV,9.93,"9,93 $",69.99,"Était±  69,99 $prix était 69,99 $",9.93,"9,93 $",9.93,"9,93 $",true,https://www.canadiantire.ca/fr/pdp/coupleur-cadre-en-a-categorie-iii-iv-0406916p.html,https://www.canadiantire.ca/fr/pdp/coupleur-cadre-en-a-categorie-iii-iv-0406916p.html,https://media-www.canadiantire.ca/product/automotive/automotive-outdoor-adventure/auto-travel-storage/0406916/reese-towpower-a-frame-coupler-2-ball-primer-finish-ab78a20b-0191-46ff-86a3-43a5d03203ed-jpgrendition.jpg?im=whresize&wid=200&hei=200,https://media-www.canadiantire.ca/product/automotive/automotive-outdoor-adventure/auto-travel-storage/0406916/reese-towpower-a-frame-coupler-2-ball-primer-finish-ab78a20b-0191-46ff-86a3-43a5d03203ed-jpgrendition.jpg?im=whresize&wid=200&hei=200,,0406916,040-6916-0,Il n’en reste que 2 #040-6916-0,Liquidation◊Mieux notés,85.81,"9,93","69,99"
30,"Warden & Eglinton, ON",Ensemble d'éventails décoratifs pour la Divali,Ensemble d'éventails décoratifs pour la Divali,4.93,"4,93 $",14.99,"Était±  14,99 $prix était 14,99 $",4.93,"4,93 $",4.93,"4,93 $",true,https://www.canadiantire.ca/fr/pdp/ensemble-d-eventails-decoratifs-pour-la-divali-8540606p.html,https://www.canadiantire.ca/fr/pdp/ensemble-d-eventails-decoratifs-pour-la-divali-8540606p.html,https://media-www.canadiantire.ca/product/party-city/party-city-seasonal/party-city-micro-season-decor/8527702/diwali-orange-marigold-garland-2-pack-41715398-0855-493a-9d62-304851020e6a-jpgrendition.jpg?im=whresize&wid=200&hei=200,https://media-www.canadiantire.ca/product/party-city/party-city-seasonal/party-city-micro-season-decor/8527702/diwali-orange-marigold-garland-2-pack-41715398-0855-493a-9d62-304851020e6a-jpgrendition.jpg?im=whresize&wid=200&hei=200,,8540606,854-0606-8,Il n’en reste que 1 #854-0606-8,Liquidation◊,67.11,"4,93","14,99"
30,"Warden & Eglinton, ON","Adaptateur Hopkins avec test DEL, rond 6 fils à plat 4 fils","Adaptateur Hopkins avec test DEL, rond 6 fils à plat 4 fils",4.93,"4,93 $",24.99,"Était±  24,99 $prix était 24,99 $",4.93,"4,93 $",4.93,"4,93 $",true,https://www.canadiantire.ca/fr/pdp/adaptateur-hopkins-avec-test-del-rond-6-fils-a-plat-4-fils-1407231p.html,https://www.canadiantire.ca/fr/pdp/adaptateur-hopkins-avec-test-del-rond-6-fils-a-plat-4-fils-1407231p.html,https://media-www.canadiantire.ca/product/automotive/automotive-outdoor-adventure/auto-travel-storage/1407231/hopkins-led-test-6-round-to-4-flat-adapter-ad872c7c-526f-42ac-ba71-3bc6d8b17cf7-jpgrendition.jpg?im=whresize&wid=200&hei=200,https://media-www.canadiantire.ca/product/automotive/automotive-outdoor-adventure/auto-travel-storage/1407231/hopkins-led-test-6-round-to-4-flat-adapter-ad872c7c-526f-42ac-ba71-3bc6d8b17cf7-jpgrendition.jpg?im=whresize&wid=200&hei=200,,1407231,140-7231-4,19 En Stock#140-7231-4,Liquidation◊,80.27,"4,93","24,99"
30,"Warden & Eglinton, ON",Crochet pour abri de pêche blanche HT,Crochet pour abri de pêche blanche HT,1.93,"1,93 $",6.49,"Était±  6,49 $prix était 6,49 $",1.93,"1,93 $",1.93,"1,93 $",true,https://www.canadiantire.ca/fr/pdp/crochet-pour-abri-de-peche-blanche-ht-0788017p.html,https://www.canadiantire.ca/fr/pdp/crochet-pour-abri-de-peche-blanche-ht-0788017p.html,https://media-www.canadiantire.ca/product/playing/fishing/ice-fishing/0788017/ht-ice-shelter-anchors-753c768b-823b-436b-a49c-dab8bb0249bc-jpgrendition.jpg?im=whresize&wid=200&hei=200,https://media-www.canadiantire.ca/product/playing/fishing/ice-fishing/0788017/ht-ice-shelter-anchors-753c768b-823b-436b-a49c-dab8bb0249bc-jpgrendition.jpg?im=whresize&wid=200&hei=200,,0788017,078-8017-0,Il n’en reste que 2 #078-8017-0,Liquidation◊Mieux notés,70.26,"1,93","6,49"
30,"Warden & Eglinton, ON","Tête de dandinette à tube Danielson, non peinte, paq. 10","Tête de dandinette à tube Danielson, non peinte, paq. 10",1.93,"1,93 $",4.99,"4,99 $Était   et+ prix était à partir de 4,99 $",1.93,"1,93 $",1.93,"1,93 $",true,https://www.canadiantire.ca/fr/pdp/tete-de-dandinette-a-tube-danielson-non-peinte-paq-10-0787763p.html,https://www.canadiantire.ca/fr/pdp/tete-de-dandinette-a-tube-danielson-non-peinte-paq-10-0787763p.html,https://media-www.canadiantire.ca/product/playing/fishing/fishing-lures/0787763/danielson-jig-head-unpainted-tube-1-4oz-a8cba4dd-f1cf-4bcd-9875-5f33556c0066-jpgrendition.jpg?im=whresize&wid=200&hei=200,https://media-www.canadiantire.ca/product/playing/fishing/fishing-lures/0787763/danielson-jig-head-unpainted-tube-1-4oz-a8cba4dd-f1cf-4bcd-9875-5f33556c0066-jpgrendition.jpg?im=whresize&wid=200&hei=200,,0787763,078-7763,Vérifiez la disponibilité#078-7763X,Liquidation◊Exclusivité,61.32,"1,93","4,99"
30,"Warden & Eglinton, ON","Métal plastique Bondo, 5 oz","Métal plastique Bondo, 5 oz",3.93,"3,93 $",17.99,"Était±  17,99 $prix était 17,99 $",3.93,"3,93 $",3.93,"3,93 $",true,https://www.canadiantire.ca/fr/pdp/metal-plastique-bondo-5-oz-0475645p.html,https://www.canadiantire.ca/fr/pdp/metal-plastique-bondo-5-oz-0475645p.html,https://media-www.canadiantire.ca/product/automotive/car-care-accessories/auto-body-repair/0475645/plastic-metal-141-8-g-5-oz--615df648-a8c6-41a6-9b3a-9fe4693c916a-jpgrendition.jpg?im=whresize&wid=200&hei=200,https://media-www.canadiantire.ca/product/automotive/car-care-accessories/auto-body-repair/0475645/plastic-metal-141-8-g-5-oz--615df648-a8c6-41a6-9b3a-9fe4693c916a-jpgrendition.jpg?im=whresize&wid=200&hei=200,,0475645,047-5645-6,,Liquidation◊Mieux notés,78.15,"3,93","17,99"
30,"Warden & Eglinton, ON","Jouet durable pour chien en caoutchouc Browning, écureuil","Jouet durable pour chien en caoutchouc Browning, écureuil",14.99,"14,99 $",29.99,"Était±  29,99 $prix était 29,99 $",14.99,"14,99 $",14.99,"14,99 $",true,https://www.canadiantire.ca/fr/pdp/jouet-durable-pour-chien-en-caoutchouc-browning-ecureuil-3750580p.html,https://www.canadiantire.ca/fr/pdp/jouet-durable-pour-chien-en-caoutchouc-browning-ecureuil-3750580p.html,https://media-www.canadiantire.ca/product/playing/hunting/hunting-accessories/3750580/browning-pet-rubber-squirrel-e3744c97-9c02-495a-bc8a-379624a407bf-jpgrendition.jpg?im=whresize&wid=200&hei=200,https://media-www.canadiantire.ca/product/playing/hunting/hunting-accessories/3750580/browning-pet-rubber-squirrel-e3744c97-9c02-495a-bc8a-379624a407bf-jpgrendition.jpg?im=whresize&wid=200&hei=200,,3750580,375-0580-6,Il n’en reste que 1 #375-0580-6,Liquidation◊Exclusivité,50.02,"14,99","29,99"
30,"Warden & Eglinton, ON",Décalcomanie gorille,Décalcomanie gorille,2,"2,00 $",4.79,"Était±  4,79 $prix était 4,79 $",2,"2,00 $",2,"2,00 $",true,https://www.canadiantire.ca/fr/pdp/decalcomanie-gorille-0379292p.html,https://www.canadiantire.ca/fr/pdp/decalcomanie-gorille-0379292p.html,https://media-www.canadiantire.ca/product/automotive/car-care-accessories/auto-accessories/0379292/gorilla-decal-662f9001-dd07-453d-bba2-ad359c680779-jpgrendition.jpg?im=whresize&wid=200&hei=200,https://media-www.canadiantire.ca/product/automotive/car-care-accessories/auto-accessories/0379292/gorilla-decal-662f9001-dd07-453d-bba2-ad359c680779-jpgrendition.jpg?im=whresize&wid=200&hei=200,,0379292,037-9292-4,129 En Stock#037-9292-4,Liquidation◊,58.25,"2,00","4,79"
30,"Warden & Eglinton, ON","Plaque d'interrupteur à bascule surdimensionnée Atron Electro Industries 1037RR, 2 dispositifs, blanc","Plaque d'interrupteur à bascule surdimensionnée Atron Electro Industries 1037RR, 2 dispositifs, blanc",2.93,"2,93 $",5.99,"Était±  5,99 $prix était 5,99 $",2.93,"2,93 $",2.93,"2,93 $",true,https://www.canadiantire.ca/fr/pdp/plaque-d-interrupteur-a-bascule-surdimensionnee-atron-electro-industries-1037rr-2-dispositifs-blanc-0522740p.html,https://www.canadiantire.ca/fr/pdp/plaque-d-interrupteur-a-bascule-surdimensionnee-atron-electro-industries-1037rr-2-dispositifs-blanc-0522740p.html,https://media-www.canadiantire.ca/product/fixing/electrical/rough-electrical/0522740/classic-oversized-white-double-rocker-ace4c38e-6724-4188-a9c8-e006f9f3e5b8-jpgrendition.jpg?im=whresize&wid=200&hei=200,https://media-www.canadiantire.ca/product/fixing/electrical/rough-electrical/0522740/classic-oversized-white-double-rocker-ace4c38e-6724-4188-a9c8-e006f9f3e5b8-jpgrendition.jpg?im=whresize&wid=200&hei=200,,0522740,052-2740-2,22 En Stock#052-2740-2,Liquidation◊,51.09,"2,93","5,99"
30,"Warden & Eglinton, ON",Amortisseur pour arc à branche double Limbsaver TwistLox,Amortisseur pour arc à branche double Limbsaver TwistLox,23.79,"23,79 $",69.99,"Était±  69,99 $prix était 69,99 $",23.79,"23,79 $",23.79,"23,79 $",true,https://www.canadiantire.ca/fr/pdp/amortisseur-pour-arc-a-branche-double-limbsaver-twistlox-1759133p.html,https://www.canadiantire.ca/fr/pdp/amortisseur-pour-arc-a-branche-double-limbsaver-twistlox-1759133p.html,https://media-www.canadiantire.ca/product/playing/hunting/hunting-equipment/1759133/twistlox-split-limb-dampner-compound-camo-a8ca9e3e-e375-4fff-8e2f-c6e2c7ee4ed6.png?im=whresize&wid=200&hei=200,https://media-www.canadiantire.ca/product/playing/hunting/hunting-equipment/1759133/twistlox-split-limb-dampner-compound-camo-a8ca9e3e-e375-4fff-8e2f-c6e2c7ee4ed6.png?im=whresize&wid=200&hei=200,,1759133,175-9133-4,Il n’en reste que 2 #175-9133-4,Liquidation◊,66.01,"23,79","69,99"
30,"Warden & Eglinton, ON","Goule gonflable Gemmy, décoration extérieure pour la cour, petite","Goule gonflable Gemmy, décoration extérieure pour la cour, petite",17.43,"17,43 $",34.99,"Était±  34,99 $prix était 34,99 $",17.43,"17,43 $",17.43,"17,43 $",true,https://www.canadiantire.ca/fr/pdp/goule-gonflable-gemmy-decoration-exterieure-pour-la-cour-petite-1511042p.html,https://www.canadiantire.ca/fr/pdp/goule-gonflable-gemmy-decoration-exterieure-pour-la-cour-petite-1511042p.html,https://media-www.canadiantire.ca/product/seasonal-gardening/seasonal/halloween-harvest/1511042/airblown-ghoul-ghost-sm-32256c73-6717-4bde-a6c5-3942d4907983-jpgrendition.jpg?im=whresize&wid=200&hei=200,https://media-www.canadiantire.ca/product/seasonal-gardening/seasonal/halloween-harvest/1511042/airblown-ghoul-ghost-sm-32256c73-6717-4bde-a6c5-3942d4907983-jpgrendition.jpg?im=whresize&wid=200&hei=200,,1511042,151-1042-4,,Liquidation◊Mieux notés,50.19,"17,43","34,99"
30,"Warden & Eglinton, ON","Barre d'attelage REESE Towpower, 10 000 lb, 2 po x 8,25 po","Barre d'attelage REESE Towpower, 10 000 lb, 2 po x 8,25 po",41.93,"41,93 $",99.99,"Était±  99,99 $prix était 99,99 $",41.93,"41,93 $",41.93,"41,93 $",true,https://www.canadiantire.ca/fr/pdp/barre-d-attelage-reese-towpower-10-000-lb-2-po-x-8-25-po-0409047p.html,https://www.canadiantire.ca/fr/pdp/barre-d-attelage-reese-towpower-10-000-lb-2-po-x-8-25-po-0409047p.html,https://media-www.canadiantire.ca/product/automotive/automotive-outdoor-adventure/auto-travel-storage/0409047/2-x8-25-hitch-bar-cd8d10bf-86bf-4d1d-9cfa-48ff155110fc-jpgrendition.jpg?im=whresize&wid=200&hei=200,https://media-www.canadiantire.ca/product/automotive/automotive-outdoor-adventure/auto-travel-storage/0409047/2-x8-25-hitch-bar-cd8d10bf-86bf-4d1d-9cfa-48ff155110fc-jpgrendition.jpg?im=whresize&wid=200&hei=200,,0409047,040-9047-0,Il n’en reste que 2 #040-9047-0,Liquidation◊Mieux notés,58.07,"41,93","99,99"
30,"Warden & Eglinton, ON","Plaque pour interrupteur à bascule Renu de Leviton, écorce de noyer, 1 dispositif","Plaque pour interrupteur à bascule Renu de Leviton, écorce de noyer, 1 dispositif",0.43,"0,43 $",2.49,"Était±  2,49 $prix était 2,49 $",0.43,"0,43 $",0.43,"0,43 $",true,https://www.canadiantire.ca/fr/pdp/plaque-pour-interrupteur-a-bascule-renu-de-leviton-ecorce-de-noyer-1-dispositif-0523454p.html,https://www.canadiantire.ca/fr/pdp/plaque-pour-interrupteur-a-bascule-renu-de-leviton-ecorce-de-noyer-1-dispositif-0523454p.html,https://media-www.canadiantire.ca/product/fixing/electrical/rough-electrical/0523454/renu-walnut-bark-wallplate-single-gang-f81f9e7e-9b0a-4612-bd46-189079530cee-jpgrendition.jpg?im=whresize&wid=200&hei=200,https://media-www.canadiantire.ca/product/fixing/electrical/rough-electrical/0523454/renu-walnut-bark-wallplate-single-gang-f81f9e7e-9b0a-4612-bd46-189079530cee-jpgrendition.jpg?im=whresize&wid=200&hei=200,,0523454,052-3454-8,24 En Stock#052-3454-8,Liquidation◊,82.73,"0,43","2,49"
30,"Warden & Eglinton, ON","Meule à tronçonner mince DEWALT en oxyde d'aluminium, type 01, pour métal","Meule à tronçonner mince DEWALT en oxyde d'aluminium, type 01, pour métal",3.93,"3,93 $",9.49,"9,49 $Était   et+ prix était à partir de 9,49 $",3.93,"3,93 $",3.93,"3,93 $",true,https://www.canadiantire.ca/fr/pdp/meule-a-tronconner-mince-dewalt-en-oxyde-d-aluminium-type-01-pour-metal-0547171p.html,https://www.canadiantire.ca/fr/pdp/meule-a-tronconner-mince-dewalt-en-oxyde-d-aluminium-type-01-pour-metal-0547171p.html,https://media-www.canadiantire.ca/product/fixing/tools/power-tool-accessories/0547172/dewalt-5-x-045-x-7-8-a60t-metal-thin-cut-off-wheel-type-f835f4a8-5f2c-4d9f-ba4d-af6b2f2d0d25-jpgrendition.jpg?im=whresize&wid=200&hei=200,https://media-www.canadiantire.ca/product/fixing/tools/power-tool-accessories/0547172/dewalt-5-x-045-x-7-8-a60t-metal-thin-cut-off-wheel-type-f835f4a8-5f2c-4d9f-ba4d-af6b2f2d0d25-jpgrendition.jpg?im=whresize&wid=200&hei=200,,0547171,054-7171,Vérifiez la disponibilité#054-7171X,Liquidation◊,58.59,"3,93","9,49"
30,"Warden & Eglinton, ON","Trousse de changement de couleur Leviton Renu, noir","Trousse de changement de couleur Leviton Renu, noir",0.43,"0,43 $",2.39,"Était±  2,39 $prix était 2,39 $",0.43,"0,43 $",0.43,"0,43 $",true,https://www.canadiantire.ca/fr/pdp/trousse-de-changement-de-couleur-leviton-renu-noir-0527197p.html,https://www.canadiantire.ca/fr/pdp/trousse-de-changement-de-couleur-leviton-renu-noir-0527197p.html,https://media-www.canadiantire.ca/product/fixing/electrical/rough-electrical/0527197/renu-colour-change-kit-black-20-amp-receptacle-aec794e0-6525-49dd-bb59-c1bbcda23909-jpgrendition.jpg?im=whresize&wid=200&hei=200,https://media-www.canadiantire.ca/product/fixing/electrical/rough-electrical/0527197/renu-colour-change-kit-black-20-amp-receptacle-aec794e0-6525-49dd-bb59-c1bbcda23909-jpgrendition.jpg?im=whresize&wid=200&hei=200,,0527197,052-7197-6,14 En Stock#052-7197-6,Liquidation◊,82.01,"0,43","2,39"
30,"Warden & Eglinton, ON","Marqueur de neige géant à deux pointes géant pour enfants Snow Fun, jouet d'artiste d'hiver extérieur, bleu/rouge, 5 ans et plus","Marqueur de neige géant à deux pointes géant pour enfants Snow Fun, jouet d'artiste d'hiver extérieur, bleu/rouge, 5 ans et plus",3.43,"3,43 $",8.29,"Était±  8,29 $prix était 8,29 $",3.43,"3,43 $",3.43,"3,43 $",true,https://www.canadiantire.ca/fr/pdp/marqueur-de-neige-geant-a-deux-pointes-geant-pour-enfants-snow-fun-jouet-d-artiste-d-hiver-exterieur-bleu-rouge-5-ans-et-plus-0821092p.html,https://www.canadiantire.ca/fr/pdp/marqueur-de-neige-geant-a-deux-pointes-geant-pour-enfants-snow-fun-jouet-d-artiste-d-hiver-exterieur-bleu-rouge-5-ans-et-plus-0821092p.html,https://media-www.canadiantire.ca/product/playing/seasonal-recreation/winter-recreation/0821092/jumbo-sno-marker-18200921-4b5e-44b7-9c68-3bf82f31fd5f-jpgrendition.jpg?im=whresize&wid=200&hei=200,https://media-www.canadiantire.ca/product/playing/seasonal-recreation/winter-recreation/0821092/jumbo-sno-marker-18200921-4b5e-44b7-9c68-3bf82f31fd5f-jpgrendition.jpg?im=whresize&wid=200&hei=200,,0821092,082-1092-8,Il n’en reste que 1 #082-1092-8,Liquidation◊,58.62,"3,43","8,29"
30,"Warden & Eglinton, ON","Nettoyeur haute pression à essence avec roues à eau froide Champion avec moteur Honda, 3200 lb/po, 2,5 gal/min","Nettoyeur haute pression à essence avec roues à eau froide Champion avec moteur Honda, 3200 lb/po, 2,5 gal/min",349.93,"349,93 $",899.99,"Était±  899,99 $prix était 899,99 $",349.93,"349,93 $",349.93,"349,93 $",true,https://www.canadiantire.ca/fr/pdp/nettoyeur-haute-pression-a-essence-avec-roues-a-eau-froide-champion-avec-moteur-honda-3200-lb-po-2-5-gal-min-0398726p.html,https://www.canadiantire.ca/fr/pdp/nettoyeur-haute-pression-a-essence-avec-roues-a-eau-froide-champion-avec-moteur-honda-3200-lb-po-2-5-gal-min-0398726p.html,https://media-www.canadiantire.ca/product/automotive/car-care-accessories/pressure-washers-accessories/0398726/champion-3200psi-gas-pressure-washer-w-honda-engine-5d8798a7-46ce-40e9-8eb0-b71f88de6dec-jpgrendition.jpg?im=whresize&wid=200&hei=200,https://media-www.canadiantire.ca/product/automotive/car-care-accessories/pressure-washers-accessories/0398726/champion-3200psi-gas-pressure-washer-w-honda-engine-5d8798a7-46ce-40e9-8eb0-b71f88de6dec-jpgrendition.jpg?im=whresize&wid=200&hei=200,,0398726,039-8726-6,Il n’en reste que 1 #039-8726-6,Liquidation◊Mieux notés,61.12,"349,93","899,99"
30,"Warden & Eglinton, ON","Plaque pour interrupteur à bascule Renu de Leviton, 1 dispositif","Plaque pour interrupteur à bascule Renu de Leviton, 1 dispositif",0.43,"0,43 $",2.49,"2,49 $Était   et+ prix était à partir de 2,49 $",0.43,"0,43 $",0.43,"0,43 $",true,https://www.canadiantire.ca/fr/pdp/plaque-pour-interrupteur-a-bascule-renu-de-leviton-1-dispositif-0523597p.html,https://www.canadiantire.ca/fr/pdp/plaque-pour-interrupteur-a-bascule-renu-de-leviton-1-dispositif-0523597p.html,https://media-www.canadiantire.ca/product/fixing/electrical/rough-electrical/0523598/reno-rich-navy-1-gang-wallplate-ee6e7b8a-c484-4400-a174-613283655174-jpgrendition.jpg?im=whresize&wid=200&hei=200,https://media-www.canadiantire.ca/product/fixing/electrical/rough-electrical/0523598/reno-rich-navy-1-gang-wallplate-ee6e7b8a-c484-4400-a174-613283655174-jpgrendition.jpg?im=whresize&wid=200&hei=200,,0523597,052-3597,Vérifiez la disponibilité#052-3597X,Liquidation◊,82.73,"0,43","2,49"
30,"Warden & Eglinton, ON",Serviettes pour boissons Achievement is Key,Serviettes pour boissons Achievement is Key,1.93,"1,93 $",9.99,"Était±  9,99 $prix était 9,99 $",1.93,"1,93 $",1.93,"1,93 $",true,https://www.canadiantire.ca/fr/pdp/serviettes-pour-boissons-achievement-is-key-8549454p.html,https://www.canadiantire.ca/fr/pdp/serviettes-pour-boissons-achievement-is-key-8549454p.html,https://media-www.partycity.ca/product/seasonal-gardening/party-city-seasonal/party-city-micro-season-decor/8549451/achievement-is-key-luncheon-napkin-6a6d7292-089b-4e6e-b900-700544f56af0-jpgrendition.jpg?im=whresize&wid=200&hei=200,https://media-www.partycity.ca/product/seasonal-gardening/party-city-seasonal/party-city-micro-season-decor/8549451/achievement-is-key-luncheon-napkin-6a6d7292-089b-4e6e-b900-700544f56af0-jpgrendition.jpg?im=whresize&wid=200&hei=200,,8549454,854-9454-4,,Liquidation◊Mieux notés,80.68,"1,93","9,99"
30,"Warden & Eglinton, ON","Balise d'entrée solaire à tête réfléchissante National, 46 po","Balise d'entrée solaire à tête réfléchissante National, 46 po",6.93,"6,93 $",16.99,"Était±  16,99 $prix était 16,99 $",6.93,"6,93 $",6.93,"6,93 $",true,https://www.canadiantire.ca/fr/pdp/balise-d-entree-solaire-a-tete-reflechissante-national-46-po-0203896p.html,https://www.canadiantire.ca/fr/pdp/balise-d-entree-solaire-a-tete-reflechissante-national-46-po-0203896p.html,https://media-www.canadiantire.ca/product/automotive/automotive-outdoor-adventure/auto-travel-storage/0203896/46-solar-reflector-head-fiberglass-driveway-marker-1pk-eb9b44ec-075d-49de-92dc-a600b9737ee0-jpgrendition.jpg?im=whresize&wid=200&hei=200,https://media-www.canadiantire.ca/product/automotive/automotive-outdoor-adventure/auto-travel-storage/0203896/46-solar-reflector-head-fiberglass-driveway-marker-1pk-eb9b44ec-075d-49de-92dc-a600b9737ee0-jpgrendition.jpg?im=whresize&wid=200&hei=200,,0203896,020-3896-2,Il n’en reste que 2 #020-3896-2,Liquidation◊,59.21,"6,93","16,99"
30,"Warden & Eglinton, ON","Gilet de chasse de luxe Yukon Gear, orange vif","Gilet de chasse de luxe Yukon Gear, orange vif",19.93,"19,93 $",44.99,"44,99 $Était   et+ prix était à partir de 44,99 $",19.93,"19,93 $",19.93,"19,93 $",true,https://www.canadiantire.ca/fr/pdp/gilet-de-chasse-de-luxe-yukon-gear-orange-vif-0753614p.html,https://www.canadiantire.ca/fr/pdp/gilet-de-chasse-de-luxe-yukon-gear-orange-vif-0753614p.html,https://media-www.canadiantire.ca/product/playing/hunting/hunting-apparel-footwear/0753614/yukon-gear-deluxe-vest-large-16e04a66-e8ff-4ea6-b77a-770526b79cb2-jpgrendition.jpg?im=whresize&wid=200&hei=200,https://media-www.canadiantire.ca/product/playing/hunting/hunting-apparel-footwear/0753614/yukon-gear-deluxe-vest-large-16e04a66-e8ff-4ea6-b77a-770526b79cb2-jpgrendition.jpg?im=whresize&wid=200&hei=200,,0753614,075-3614,Vérifiez la disponibilité#075-3614X,Liquidation◊Mieux notés,55.7,"19,93","44,99"
30,"Warden & Eglinton, ON","Guirlande de ballons, rose","Guirlande de ballons, rose",17.93,"17,93 $",36.99,"36,99 $Était   et+ prix était à partir de 36,99 $",17.93,"17,93 $",17.93,"17,93 $",true,https://www.canadiantire.ca/fr/pdp/guirlande-de-ballons-rose-8539196p.html,https://www.canadiantire.ca/fr/pdp/guirlande-de-ballons-rose-8539196p.html,https://media-www.partycity.ca/product/seasonal-gardening/party-city-everyday/party-city-party-supplies-decor/8539196/pnk-blln-grlnd-kit-578d33c5-3923-47f9-8480-b8fe355fcafc-jpgrendition.jpg?im=whresize&wid=200&hei=200,https://media-www.partycity.ca/product/seasonal-gardening/party-city-everyday/party-city-party-supplies-decor/8539196/pnk-blln-grlnd-kit-578d33c5-3923-47f9-8480-b8fe355fcafc-jpgrendition.jpg?im=whresize&wid=200&hei=200,,8539196,853-9196-0,Il n’en reste que 1 #853-9196-0,Liquidation◊Mieux notés,51.53,"17,93","36,99"
30,"Warden & Eglinton, ON","Coiffe à polir Terry SIMONIZ, 7 à 8 po, paq. 2","Coiffe à polir Terry SIMONIZ, 7 à 8 po, paq. 2",2.93,"2,93 $",11.99,"Était±  11,99 $prix était 11,99 $",2.93,"2,93 $",2.93,"2,93 $",true,https://www.canadiantire.ca/fr/pdp/coiffe-a-polir-terry-simoniz-7-a-8-po-paq-2-0399085p.html,https://www.canadiantire.ca/fr/pdp/coiffe-a-polir-terry-simoniz-7-a-8-po-paq-2-0399085p.html,https://media-www.canadiantire.ca/product/automotive/car-care-accessories/auto-cleaning-tools/0399085/simoniz-8-terry-bonnet-2-pack-40af4821-579e-461f-90bf-0512fc89a7e6-jpgrendition.jpg?im=whresize&wid=200&hei=200,https://media-www.canadiantire.ca/product/automotive/car-care-accessories/auto-cleaning-tools/0399085/simoniz-8-terry-bonnet-2-pack-40af4821-579e-461f-90bf-0512fc89a7e6-jpgrendition.jpg?im=whresize&wid=200&hei=200,,0399085,039-9085-4,,Liquidation◊Exclusivité,75.56,"2,93","11,99"
30,"Warden & Eglinton, ON",Filtre rinçable primaire Hoover,Filtre rinçable primaire Hoover,9.93,"9,93 $",27.99,"Était±  27,99 $prix était 27,99 $",9.93,"9,93 $",9.93,"9,93 $",true,https://www.canadiantire.ca/fr/pdp/filtre-rincable-primaire-hoover-0439458p.html,https://www.canadiantire.ca/fr/pdp/filtre-rincable-primaire-hoover-0439458p.html,https://media-www.canadiantire.ca/product/living/cleaning/vacuums-and-floorcare/0439458/hoover-reusable-upright-pre-motor-filter-6f7e61a6-e08e-406a-986c-562bf9504271-jpgrendition.jpg?im=whresize&wid=200&hei=200,https://media-www.canadiantire.ca/product/living/cleaning/vacuums-and-floorcare/0439458/hoover-reusable-upright-pre-motor-filter-6f7e61a6-e08e-406a-986c-562bf9504271-jpgrendition.jpg?im=whresize&wid=200&hei=200,,0439458,043-9458-6,23 En Stock#043-9458-6,Liquidation◊Mieux notés,64.52,"9,93","27,99"
30,"Warden & Eglinton, ON","Thermostat électronique non programmable à convection Stelpro, 2 500 W/240 V, blanc, paq. 2","Thermostat électronique non programmable à convection Stelpro, 2 500 W/240 V, blanc, paq. 2",34.93,"34,93 $",78.99,"Était±  78,99 $prix était 78,99 $",34.93,"34,93 $",34.93,"34,93 $",true,https://www.canadiantire.ca/fr/pdp/thermostat-electronique-non-programmable-a-convection-stelpro-2-500-w-240-v-blanc-paq-2-0529687p.html,https://www.canadiantire.ca/fr/pdp/thermostat-electronique-non-programmable-a-convection-stelpro-2-500-w-240-v-blanc-paq-2-0529687p.html,https://media-www.canadiantire.ca/product/fixing/home-environment/winter-climate-control/0529687/convection-electric-thermostat-2500w-240v-0535228d-9f9e-42c9-9d05-8e082c12e1cb-jpgrendition.jpg?im=whresize&wid=200&hei=200,https://media-www.canadiantire.ca/product/fixing/home-environment/winter-climate-control/0529687/convection-electric-thermostat-2500w-240v-0535228d-9f9e-42c9-9d05-8e082c12e1cb-jpgrendition.jpg?im=whresize&wid=200&hei=200,,0529687,052-9687-8,Il n’en reste que 1 #052-9687-8,Liquidation◊,55.78,"34,93","78,99"
30,"Warden & Eglinton, ON",Écran teinté Joe Rocket RKT15,Écran teinté Joe Rocket RKT15,19.99,"19,99 $",39.99,"Était±  39,99 $prix était 39,99 $",19.99,"19,99 $",19.99,"19,99 $",true,https://www.canadiantire.ca/fr/pdp/ecran-teinte-joe-rocket-rkt15-0274310p.html,https://www.canadiantire.ca/fr/pdp/ecran-teinte-joe-rocket-rkt15-0274310p.html,https://media-www.canadiantire.ca/product/automotive/automotive-outdoor-adventure/powersport/0274310/joe-rocket-rkt15-tint-shield-7c555850-ddfd-4192-bf11-7a2f464f16b0-jpgrendition.jpg?im=whresize&wid=200&hei=200,https://media-www.canadiantire.ca/product/automotive/automotive-outdoor-adventure/powersport/0274310/joe-rocket-rkt15-tint-shield-7c555850-ddfd-4192-bf11-7a2f464f16b0-jpgrendition.jpg?im=whresize&wid=200&hei=200,,0274310,027-4310-6,,Liquidation◊,50.01,"19,99","39,99"
30,"Warden & Eglinton, ON","Trousse de changement de couleur double Leviton Renu, rouge délicieux","Trousse de changement de couleur double Leviton Renu, rouge délicieux",0.43,"0,43 $",2.39,"Était±  2,39 $prix était 2,39 $",0.43,"0,43 $",0.43,"0,43 $",true,https://www.canadiantire.ca/fr/pdp/trousse-de-changement-de-couleur-double-leviton-renu-rouge-delicieux-0528294p.html,https://www.canadiantire.ca/fr/pdp/trousse-de-changement-de-couleur-double-leviton-renu-rouge-delicieux-0528294p.html,https://media-www.canadiantire.ca/product/fixing/electrical/rough-electrical/0528294/renu-colour-change-kit-red-delicious-20a-receptacle-35ef19fa-a2fc-4abd-966a-8ba09cacad3a-jpgrendition.jpg?im=whresize&wid=200&hei=200,https://media-www.canadiantire.ca/product/fixing/electrical/rough-electrical/0528294/renu-colour-change-kit-red-delicious-20a-receptacle-35ef19fa-a2fc-4abd-966a-8ba09cacad3a-jpgrendition.jpg?im=whresize&wid=200&hei=200,,0528294,052-8294-8,21 En Stock#052-8294-8,Liquidation◊,82.01,"0,43","2,39"
30,"Warden & Eglinton, ON",Trousses de filtres à carburant Twin Power,Trousses de filtres à carburant Twin Power,3.93,"3,93 $",18.99,"18,99 $Était   et+ prix était à partir de 18,99 $",3.93,"3,93 $",3.93,"3,93 $",true,https://www.canadiantire.ca/fr/pdp/trousses-de-filtres-a-carburant-twin-power-1276651p.html,https://www.canadiantire.ca/fr/pdp/trousses-de-filtres-a-carburant-twin-power-1276651p.html,https://media-www.canadiantire.ca/product/automotive/automotive-outdoor-adventure/powersport/1276651/484238-tp-fuel-filter-kit-bbd6db17-bd67-47f0-b7bc-305e53c843c0-jpgrendition.jpg?im=whresize&wid=200&hei=200,https://media-www.canadiantire.ca/product/automotive/automotive-outdoor-adventure/powersport/1276651/484238-tp-fuel-filter-kit-bbd6db17-bd67-47f0-b7bc-305e53c843c0-jpgrendition.jpg?im=whresize&wid=200&hei=200,,1276651,127-6651,Vérifiez la disponibilité#127-6651X,Liquidation◊,79.3,"3,93","18,99"
30,"Warden & Eglinton, ON","Ballon en aluminium satiné, point d'interrogation, choix de couleurs, 16 po, gonflé d'air, pour anniversaire/remise de diplômes/fête prénatale/mariage de finissants","Ballon en aluminium satiné, point d'interrogation, choix de couleurs, 16 po, gonflé d'air, pour anniversaire/remise de diplômes/fête prénatale/mariage de finissants",0.43,"0,43 $",2.99,"2,99 $Était   et+ prix était à partir de 2,99 $",0.43,"0,43 $",0.43,"0,43 $",true,https://www.canadiantire.ca/fr/pdp/ballon-en-aluminium-satine-point-d-interrogation-choix-de-couleurs-16-po-gonfle-d-air-pour-anniversaire-remise-de-diplomes-fete-prenatale-mariage-de-finissants-8424326p.html,https://www.canadiantire.ca/fr/pdp/ballon-en-aluminium-satine-point-d-interrogation-choix-de-couleurs-16-po-gonfle-d-air-pour-anniversaire-remise-de-diplomes-fete-prenatale-mariage-de-finissants-8424326p.html,https://media-www.partycity.ca/product/seasonal-gardening/party-city-everyday/party-city-party-supplies-decor/8424327/blln-air-filled-symbl-gld-0355ff74-96ca-45ad-8f1c-f38e0d425abf-jpgrendition.jpg?im=whresize&wid=200&hei=200,https://media-www.partycity.ca/product/seasonal-gardening/party-city-everyday/party-city-party-supplies-decor/8424327/blln-air-filled-symbl-gld-0355ff74-96ca-45ad-8f1c-f38e0d425abf-jpgrendition.jpg?im=whresize&wid=200&hei=200,,8424326,842-4326,Vérifiez la disponibilité#842-4326X,Liquidation◊Mieux notés,85.62,"0,43","2,99"
30,"Warden & Eglinton, ON",Décoration murale suspendue Battle Royal,Décoration murale suspendue Battle Royal,1.93,"1,93 $",7.99,"Était±  7,99 $prix était 7,99 $",1.93,"1,93 $",1.93,"1,93 $",true,https://www.canadiantire.ca/fr/pdp/decoration-murale-suspendue-battle-royal-8546717p.html,https://www.canadiantire.ca/fr/pdp/decoration-murale-suspendue-battle-royal-8546717p.html,https://media-www.canadiantire.ca/product/seasonal-gardening/party-city-everyday/party-city-kids-birthday-pinatas/8546717/battle-royal-hanging-decoration-42bffe00-15c7-477b-bea8-42a1a9c2153d-jpgrendition.jpg?im=whresize&wid=200&hei=200,https://media-www.canadiantire.ca/product/seasonal-gardening/party-city-everyday/party-city-kids-birthday-pinatas/8546717/battle-royal-hanging-decoration-42bffe00-15c7-477b-bea8-42a1a9c2153d-jpgrendition.jpg?im=whresize&wid=200&hei=200,,8546717,854-6717-8,Il n’en reste que 2 #854-6717-8,Liquidation◊,75.84,"1,93","7,99"
30,"Warden & Eglinton, ON","Affiches personnalisables de type tableau noir avec chevalet, paq. 5","Affiches personnalisables de type tableau noir avec chevalet, paq. 5",3.49,"3,49 $",6.99,"Était±  6,99 $prix était 6,99 $",3.49,"3,49 $",3.49,"3,49 $",true,https://www.canadiantire.ca/fr/pdp/affiches-personnalisables-de-type-tableau-noir-avec-chevalet-paq-5-8440152p.html,https://www.canadiantire.ca/fr/pdp/affiches-personnalisables-de-type-tableau-noir-avec-chevalet-paq-5-8440152p.html,https://media-www.partycity.ca/product/seasonal-gardening/party-city-everyday/party-city-party-supplies-decor/8440152/9x7in-chlkbrd-sgn-wed-cstm-mdf-d03fa5b1-f5f4-4998-81a6-bda14627bb0e-jpgrendition.jpg?im=whresize&wid=200&hei=200,https://media-www.partycity.ca/product/seasonal-gardening/party-city-everyday/party-city-party-supplies-decor/8440152/9x7in-chlkbrd-sgn-wed-cstm-mdf-d03fa5b1-f5f4-4998-81a6-bda14627bb0e-jpgrendition.jpg?im=whresize&wid=200&hei=200,,8440152,844-0152-0,Il n’en reste que 1 #844-0152-0,Liquidation◊,50.07,"3,49","6,99"
30,"Warden & Eglinton, ON",Rideau pour seuil de porte Divali,Rideau pour seuil de porte Divali,4.93,"4,93 $",12.99,"Était±  12,99 $prix était 12,99 $",4.93,"4,93 $",4.93,"4,93 $",true,https://www.canadiantire.ca/fr/pdp/rideau-pour-seuil-de-porte-divali-8525408p.html,https://www.canadiantire.ca/fr/pdp/rideau-pour-seuil-de-porte-divali-8525408p.html,https://media-www.partycity.ca/product/seasonal-gardening/party-city-seasonal/party-city-micro-season-decor/8525408/diwali-doorway-curtain-df1cbc29-fe9b-4d8d-9a73-c1a722e9232c-jpgrendition.jpg?im=whresize&wid=200&hei=200,https://media-www.partycity.ca/product/seasonal-gardening/party-city-seasonal/party-city-micro-season-decor/8525408/diwali-doorway-curtain-df1cbc29-fe9b-4d8d-9a73-c1a722e9232c-jpgrendition.jpg?im=whresize&wid=200&hei=200,,8525408,852-5408-4,Il n’en reste que 1 #852-5408-4,Liquidation◊,62.05,"4,93","12,99"
30,"Warden & Eglinton, ON","Tiges filetées Atron Electro Industries, choix variés, paq. 2","Tiges filetées Atron Electro Industries, choix variés, paq. 2",0.93,"0,93 $",1.99,"1,99 $Était   et+ prix était à partir de 1,99 $",0.93,"0,93 $",0.93,"0,93 $",true,https://www.canadiantire.ca/fr/pdp/tiges-filetees-atron-electro-industries-choix-varies-paq-2-0523027p.html,https://www.canadiantire.ca/fr/pdp/tiges-filetees-atron-electro-industries-choix-varies-paq-2-0523027p.html,https://media-www.canadiantire.ca/product/fixing/electrical/rough-electrical/0523027/nipples-1--5e3d3c4e-177b-4120-a6b1-e4e8fe050169-jpgrendition.jpg?im=whresize&wid=200&hei=200,https://media-www.canadiantire.ca/product/fixing/electrical/rough-electrical/0523027/nipples-1--5e3d3c4e-177b-4120-a6b1-e4e8fe050169-jpgrendition.jpg?im=whresize&wid=200&hei=200,,0523027,052-3027,Vérifiez la disponibilité#052-3027X,Liquidation◊Mieux notés,53.27,"0,93","1,99"
30,"Warden & Eglinton, ON","Trousse de changement de couleur Leviton Renu pour prise DDFT, noir","Trousse de changement de couleur Leviton Renu pour prise DDFT, noir",0.43,"0,43 $",2.39,"Était±  2,39 $prix était 2,39 $",0.43,"0,43 $",0.43,"0,43 $",true,https://www.canadiantire.ca/fr/pdp/trousse-de-changement-de-couleur-leviton-renu-pour-prise-ddft-noir-0527536p.html,https://www.canadiantire.ca/fr/pdp/trousse-de-changement-de-couleur-leviton-renu-pour-prise-ddft-noir-0527536p.html,https://media-www.canadiantire.ca/product/fixing/electrical/rough-electrical/0527536/renu-colour-change-kit-black-gfci-ee7bd3d6-e26e-421d-8de9-35b6ff9dee4f-jpgrendition.jpg?im=whresize&wid=200&hei=200,https://media-www.canadiantire.ca/product/fixing/electrical/rough-electrical/0527536/renu-colour-change-kit-black-gfci-ee7bd3d6-e26e-421d-8de9-35b6ff9dee4f-jpgrendition.jpg?im=whresize&wid=200&hei=200,,0527536,052-7536-0,Il n’en reste que 5 #052-7536-0,Liquidation◊,82.01,"0,43","2,39"
30,"Warden & Eglinton, ON","Plaque d'interrupteur à bascule double Atron Electro Industries 65RR, de style aztèque, 2 dispositifs, nickel satiné","Plaque d'interrupteur à bascule double Atron Electro Industries 65RR, de style aztèque, 2 dispositifs, nickel satiné",0.93,"0,93 $",8.99,"Était±  8,99 $prix était 8,99 $",0.93,"0,93 $",0.93,"0,93 $",true,https://www.canadiantire.ca/fr/pdp/plaque-d-interrupteur-a-bascule-double-atron-electro-industries-65rr-de-style-azteque-2-dispositifs-nickel-satine-0522763p.html,https://www.canadiantire.ca/fr/pdp/plaque-d-interrupteur-a-bascule-double-atron-electro-industries-65rr-de-style-azteque-2-dispositifs-nickel-satine-0522763p.html,https://media-www.canadiantire.ca/product/fixing/electrical/rough-electrical/0522763/aztec-satin-nickel-double-rocker-ce3752e0-5c58-43ba-8185-b12cb725c4d5-jpgrendition.jpg?im=whresize&wid=200&hei=200,https://media-www.canadiantire.ca/product/fixing/electrical/rough-electrical/0522763/aztec-satin-nickel-double-rocker-ce3752e0-5c58-43ba-8185-b12cb725c4d5-jpgrendition.jpg?im=whresize&wid=200&hei=200,,0522763,052-2763-8,Il n’en reste que 6 #052-2763-8,Liquidation◊,89.66,"0,93","8,99"
30,"Warden & Eglinton, ON","Bouchon d’aération de rechange universel CAMCO 40034 pour plomberie, blanc polaire","Bouchon d’aération de rechange universel CAMCO 40034 pour plomberie, blanc polaire",2.93,"2,93 $",9.99,"Était±  9,99 $prix était 9,99 $",2.93,"2,93 $",2.93,"2,93 $",true,https://www.canadiantire.ca/fr/pdp/bouchon-d-aeration-de-rechange-universel-camco-40034-pour-plomberie-blanc-polaire-0408365p.html,https://www.canadiantire.ca/fr/pdp/bouchon-d-aeration-de-rechange-universel-camco-40034-pour-plomberie-blanc-polaire-0408365p.html,https://media-www.canadiantire.ca/product/automotive/automotive-outdoor-adventure/auto-travel-storage/0408365/vent-cap-2--aea5b8e3-e92a-43dc-9ecf-86cd2f3335a2-jpgrendition.jpg?im=whresize&wid=200&hei=200,https://media-www.canadiantire.ca/product/automotive/automotive-outdoor-adventure/auto-travel-storage/0408365/vent-cap-2--aea5b8e3-e92a-43dc-9ecf-86cd2f3335a2-jpgrendition.jpg?im=whresize&wid=200&hei=200,,0408365,040-8365-8,,Liquidation◊Mieux notés,70.67,"2,93","9,99"
30,"Warden & Eglinton, ON",Trousse de changement de couleur pour interrupteur à bascule Leviton Renu,Trousse de changement de couleur pour interrupteur à bascule Leviton Renu,0.43,"0,43 $",2.39,"2,39 $Était   et+ prix était à partir de 2,39 $",0.43,"0,43 $",0.43,"0,43 $",true,https://www.canadiantire.ca/fr/pdp/trousse-de-changement-de-couleur-pour-interrupteur-a-bascule-leviton-renu-0528326p.html,https://www.canadiantire.ca/fr/pdp/trousse-de-changement-de-couleur-pour-interrupteur-a-bascule-leviton-renu-0528326p.html,https://media-www.canadiantire.ca/product/fixing/electrical/rough-electrical/0528328/renu-rich-navy-colour-change-kit-switch-6aa4987b-e085-4558-8fd1-30f3c83ff987-jpgrendition.jpg?im=whresize&wid=200&hei=200,https://media-www.canadiantire.ca/product/fixing/electrical/rough-electrical/0528328/renu-rich-navy-colour-change-kit-switch-6aa4987b-e085-4558-8fd1-30f3c83ff987-jpgrendition.jpg?im=whresize&wid=200&hei=200,,0528326,052-8326,Vérifiez la disponibilité#052-8326X,Liquidation◊,82.01,"0,43","2,39"
30,"Warden & Eglinton, ON","Chaussettes mi-longues Ligue majeure de la LNH, Jets Winnipeg, Mark Scheifele, taille unique","Chaussettes mi-longues Ligue majeure de la LNH, Jets Winnipeg, Mark Scheifele, taille unique",7.93,"7,93 $",22.99,"Était±  22,99 $prix était 22,99 $",7.93,"7,93 $",7.93,"7,93 $",true,https://www.canadiantire.ca/fr/pdp/chaussettes-mi-longues-ligue-majeure-de-la-lnh-jets-winnipeg-mark-scheifele-taille-unique-1830137p.html,https://www.canadiantire.ca/fr/pdp/chaussettes-mi-longues-ligue-majeure-de-la-lnh-jets-winnipeg-mark-scheifele-taille-unique-1830137p.html,https://media-www.canadiantire.ca/product/playing/hockey/hockey-accessories/1830137/grosnor-nhl-sockey-winnipeg-jets-mark-scheifele-8f1e5d39-a799-492b-94dd-63a14b4d7908-jpgrendition.jpg?im=whresize&wid=200&hei=200,https://media-www.canadiantire.ca/product/playing/hockey/hockey-accessories/1830137/grosnor-nhl-sockey-winnipeg-jets-mark-scheifele-8f1e5d39-a799-492b-94dd-63a14b4d7908-jpgrendition.jpg?im=whresize&wid=200&hei=200,,1830137,183-0137-0,Il n’en reste que 2 #183-0137-0,Liquidation◊,65.51,"7,93","22,99"
30,"Warden & Eglinton, ON","Bottes de chasse en caoutchouc et néoprène isolées Yukon Gear pour hommes, automne/hiver, imperméables, noir/camouflage","Bottes de chasse en caoutchouc et néoprène isolées Yukon Gear pour hommes, automne/hiver, imperméables, noir/camouflage",57.93,"57,93 $",119.99,"119,99 $Était   et+ prix était à partir de 119,99 $",57.93,"57,93 $",57.93,"57,93 $",true,https://www.canadiantire.ca/fr/pdp/bottes-de-chasse-en-caoutchouc-et-neoprene-isolees-yukon-gear-pour-hommes-automne-hiver-impermeables-noir-camouflage-3751221p.html,https://www.canadiantire.ca/fr/pdp/bottes-de-chasse-en-caoutchouc-et-neoprene-isolees-yukon-gear-pour-hommes-automne-hiver-impermeables-noir-camouflage-3751221p.html,https://media-www.canadiantire.ca/product/playing/hunting/hunting-apparel-footwear/3751221/yukon-gear12-rubber-neoprene-boot-sizes-9-9142ce46-bf4b-4846-a548-431eda4968a0-jpgrendition.jpg?im=whresize&wid=200&hei=200,https://media-www.canadiantire.ca/product/playing/hunting/hunting-apparel-footwear/3751221/yukon-gear12-rubber-neoprene-boot-sizes-9-9142ce46-bf4b-4846-a548-431eda4968a0-jpgrendition.jpg?im=whresize&wid=200&hei=200,,3751221,375-1221,Vérifiez la disponibilité#375-1221X,Liquidation◊Exclusivité,51.72,"57,93","119,99"
30,"Warden & Eglinton, ON",Dispositif Super Siphon à amorçage automatique Vertically Driven avec tuyau de 5 po,Dispositif Super Siphon à amorçage automatique Vertically Driven avec tuyau de 5 po,6.93,"6,93 $",19.99,"Était±  19,99 $prix était 19,99 $",6.93,"6,93 $",6.93,"6,93 $",true,https://www.canadiantire.ca/fr/pdp/dispositif-super-siphon-a-amorcage-automatique-vertically-driven-avec-tuyau-de-5-po-0278100p.html,https://www.canadiantire.ca/fr/pdp/dispositif-super-siphon-a-amorcage-automatique-vertically-driven-avec-tuyau-de-5-po-0278100p.html,https://media-www.canadiantire.ca/product/automotive/automotive-outdoor-adventure/powersport/0278100/self-priming-super-siphon-f178bc3f-4ada-430f-90ed-e38d2e8a2edb-jpgrendition.jpg?im=whresize&wid=200&hei=200,https://media-www.canadiantire.ca/product/automotive/automotive-outdoor-adventure/powersport/0278100/self-priming-super-siphon-f178bc3f-4ada-430f-90ed-e38d2e8a2edb-jpgrendition.jpg?im=whresize&wid=200&hei=200,,0278100,027-8100-2,Il n’en reste que 1 #027-8100-2,Liquidation◊,65.33,"6,93","19,99"
30,"Warden & Eglinton, ON","Trousse de changement de couleur double Leviton Renu, bleu marin profond","Trousse de changement de couleur double Leviton Renu, bleu marin profond",0.43,"0,43 $",2.39,"Était±  2,39 $prix était 2,39 $",0.43,"0,43 $",0.43,"0,43 $",true,https://www.canadiantire.ca/fr/pdp/trousse-de-changement-de-couleur-double-leviton-renu-bleu-marin-profond-0528297p.html,https://www.canadiantire.ca/fr/pdp/trousse-de-changement-de-couleur-double-leviton-renu-bleu-marin-profond-0528297p.html,https://media-www.canadiantire.ca/product/fixing/electrical/rough-electrical/0528297/renu-colour-change-kit-rich-navy-20a-receptacle-c5354162-444d-4d6a-8768-febe0bd83b74-jpgrendition.jpg?im=whresize&wid=200&hei=200,https://media-www.canadiantire.ca/product/fixing/electrical/rough-electrical/0528297/renu-colour-change-kit-rich-navy-20a-receptacle-c5354162-444d-4d6a-8768-febe0bd83b74-jpgrendition.jpg?im=whresize&wid=200&hei=200,,0528297,052-8297-2,Il n’en reste que 7 #052-8297-2,Liquidation◊,82.01,"0,43","2,39"
30,"Warden & Eglinton, ON","Douilles de lampe double à culot moyen Thomas & Betts 37149-728, 75 W, 125 V, noir","Douilles de lampe double à culot moyen Thomas & Betts 37149-728, 75 W, 125 V, noir",14.93,"14,93 $",34.99,"Était±  34,99 $prix était 34,99 $",14.93,"14,93 $",14.93,"14,93 $",true,https://www.canadiantire.ca/fr/pdp/douilles-de-lampe-double-a-culot-moyen-thomas-betts-37149-728-75-w-125-v-noir-0524237p.html,https://www.canadiantire.ca/fr/pdp/douilles-de-lampe-double-a-culot-moyen-thomas-betts-37149-728-75-w-125-v-noir-0524237p.html,https://media-www.canadiantire.ca/product/fixing/electrical/rough-electrical/0524237/lampholder-kit-round-grey-ea236ce0-031f-48fc-814a-d69acf999c3d-jpgrendition.jpg?im=whresize&wid=200&hei=200,https://media-www.canadiantire.ca/product/fixing/electrical/rough-electrical/0524237/lampholder-kit-round-grey-ea236ce0-031f-48fc-814a-d69acf999c3d-jpgrendition.jpg?im=whresize&wid=200&hei=200,,0524237,052-4237-0,Il n’en reste que 4 #052-4237-0,Liquidation◊Mieux notés,57.33,"14,93","34,99"
30,"Warden & Eglinton, ON","Toilettes géantes mystères Skibidi Toilet avec jouets surprises, article sous licence officielle, 13 ans et plus, choix varié","Toilettes géantes mystères Skibidi Toilet avec jouets surprises, article sous licence officielle, 13 ans et plus, choix varié",44.99,"44,99 $",89.99,"Était±  89,99 $prix était 89,99 $",44.99,"44,99 $",44.99,"44,99 $",true,https://www.canadiantire.ca/fr/pdp/toilettes-geantes-mysteres-skibidi-toilet-avec-jouets-surprises-article-sous-licence-officielle-13-ans-et-plus-choix-varie-1501951p.html,https://www.canadiantire.ca/fr/pdp/toilettes-geantes-mysteres-skibidi-toilet-avec-jouets-surprises-article-sous-licence-officielle-13-ans-et-plus-choix-varie-1501951p.html,https://media-www.canadiantire.ca/product/seasonal-gardening/toys/toys-games/1501951/skibidi-toilet-mystery-toilet-set-57f5805e-f5e2-4b75-b396-0de04c8c8ddf-jpgrendition.jpg?im=whresize&wid=200&hei=200,https://media-www.canadiantire.ca/product/seasonal-gardening/toys/toys-games/1501951/skibidi-toilet-mystery-toilet-set-57f5805e-f5e2-4b75-b396-0de04c8c8ddf-jpgrendition.jpg?im=whresize&wid=200&hei=200,,1501951,150-1951-2,Il n’en reste que 2 #150-1951-2,Liquidation◊,50.01,"44,99","89,99"
30,"Warden & Eglinton, ON","Ensemble de sculpture de citrouille avec 6 pochoirs, orange, paq. 10, décorations d'intérieur et d'extérieur pour l'Halloween","Ensemble de sculpture de citrouille avec 6 pochoirs, orange, paq. 10, décorations d'intérieur et d'extérieur pour l'Halloween",4.93,"4,93 $",9.99,"Était±  9,99 $prix était 9,99 $",4.93,"4,93 $",4.93,"4,93 $",true,https://www.canadiantire.ca/fr/pdp/ensemble-de-sculpture-de-citrouille-avec-6-pochoirs-orange-paq-10-decorations-d-interieur-et-d-exterieur-pour-l-halloween-8513135p.html,https://www.canadiantire.ca/fr/pdp/ensemble-de-sculpture-de-citrouille-avec-6-pochoirs-orange-paq-10-decorations-d-interieur-et-d-exterieur-pour-l-halloween-8513135p.html,https://media-www.partycity.ca/product/seasonal-gardening/party-city-seasonal/party-city-halloween-and-fall-decor/8513135/10-count-pumpkin-carving-kit-eb4b115b-7418-472f-81a6-9c2d8a1756c5-jpgrendition.jpg?im=whresize&wid=200&hei=200,https://media-www.partycity.ca/product/seasonal-gardening/party-city-seasonal/party-city-halloween-and-fall-decor/8513135/10-count-pumpkin-carving-kit-eb4b115b-7418-472f-81a6-9c2d8a1756c5-jpgrendition.jpg?im=whresize&wid=200&hei=200,,8513135,851-3135-6,,Liquidation◊,50.65,"4,93","9,99"
30,"Warden & Eglinton, ON","Mini chapeaux coniques pour anniversaire moderne, aluminium","Mini chapeaux coniques pour anniversaire moderne, aluminium",2.93,"2,93 $",5.99,"Était±  5,99 $prix était 5,99 $",2.93,"2,93 $",2.93,"2,93 $",true,https://www.canadiantire.ca/fr/pdp/mini-chapeaux-coniques-pour-anniversaire-moderne-aluminium-8541831p.html,https://www.canadiantire.ca/fr/pdp/mini-chapeaux-coniques-pour-anniversaire-moderne-aluminium-8541831p.html,https://media-www.canadiantire.ca/product/automotive/party-city-everyday/party-city-general-birthday/8541831/modern-mini-foil-cone-hats-5262fe73-88b4-4fd8-b67f-8e8dce0adac5-jpgrendition.jpg?im=whresize&wid=200&hei=200,https://media-www.canadiantire.ca/product/automotive/party-city-everyday/party-city-general-birthday/8541831/modern-mini-foil-cone-hats-5262fe73-88b4-4fd8-b67f-8e8dce0adac5-jpgrendition.jpg?im=whresize&wid=200&hei=200,,8541831,854-1831-4,Il n’en reste que 4 #854-1831-4,Liquidation◊Mieux notés,51.09,"2,93","5,99"
30,"Warden & Eglinton, ON","Manivelle de lève-vitre Dorman HELP, Chrysler, chromé / noir","Manivelle de lève-vitre Dorman HELP, Chrysler, chromé / noir",3.39,"3,39 $",9.99,"Était±  9,99 $prix était 9,99 $",3.39,"3,39 $",3.39,"3,39 $",true,https://www.canadiantire.ca/fr/pdp/manivelle-de-leve-vitre-dorman-help-chrysler-chrome-noir-0245011p.html,https://www.canadiantire.ca/fr/pdp/manivelle-de-leve-vitre-dorman-help-chrysler-chrome-noir-0245011p.html,https://media-www.canadiantire.ca/product/automotive/light-auto-parts/general-auto-repair/0245011/motormite-help-window-handle-chrysler-78-up-8d2be467-142a-4a88-a1e1-adc882b9b195.png?im=whresize&wid=200&hei=200,https://media-www.canadiantire.ca/product/automotive/light-auto-parts/general-auto-repair/0245011/motormite-help-window-handle-chrysler-78-up-8d2be467-142a-4a88-a1e1-adc882b9b195.png?im=whresize&wid=200&hei=200,,0245011,024-5011-8,Il n’en reste que 1 #024-5011-8,Liquidation◊Mieux notés,66.07,"3,39","9,99"
30,"Warden & Eglinton, ON","Plaque murale pour prise de 1,406 po en nylon Leviton 00PJ7-741, taille intermédiaire, 1 dispositif, ivoire","Plaque murale pour prise de 1,406 po en nylon Leviton 00PJ7-741, taille intermédiaire, 1 dispositif, ivoire",1.43,"1,43 $",3.99,"Était±  3,99 $prix était 3,99 $",1.43,"1,43 $",1.43,"1,43 $",true,https://www.canadiantire.ca/fr/pdp/plaque-murale-pour-prise-de-1-406-po-en-nylon-leviton-00pj7-741-taille-intermediaire-1-dispositif-ivoire-0528429p.html,https://www.canadiantire.ca/fr/pdp/plaque-murale-pour-prise-de-1-406-po-en-nylon-leviton-00pj7-741-taille-intermediaire-1-dispositif-ivoire-0528429p.html,https://media-www.canadiantire.ca/product/fixing/electrical/rough-electrical/0528429/1-406-inch-hole-device-wallplate-1-gang-ivory-midway-893c9c70-f2a8-4317-952f-540f91c21754-jpgrendition.jpg?im=whresize&wid=200&hei=200,https://media-www.canadiantire.ca/product/fixing/electrical/rough-electrical/0528429/1-406-inch-hole-device-wallplate-1-gang-ivory-midway-893c9c70-f2a8-4317-952f-540f91c21754-jpgrendition.jpg?im=whresize&wid=200&hei=200,,0528429,052-8429-0,9 En Stock#052-8429-0,Liquidation◊,64.16,"1,43","3,99"
30,"Warden & Eglinton, ON","Sortie d'échappement Rock Tamers RT200, 2 pièces","Sortie d'échappement Rock Tamers RT200, 2 pièces",12.93,"12,93 $",54.99,"Était±  54,99 $prix était 54,99 $",12.93,"12,93 $",12.93,"12,93 $",true,https://www.canadiantire.ca/fr/pdp/sortie-d-echappement-rock-tamers-rt200-2-pieces-0376265p.html,https://www.canadiantire.ca/fr/pdp/sortie-d-echappement-rock-tamers-rt200-2-pieces-0376265p.html,https://media-www.canadiantire.ca/product/automotive/car-care-accessories/auto-accessories/0376265/rock-tamers-2-pack-exhaust-outlet-b632d45b-1cae-4a4d-9787-18d772e3e6ef-jpgrendition.jpg?im=whresize&wid=200&hei=200,https://media-www.canadiantire.ca/product/automotive/car-care-accessories/auto-accessories/0376265/rock-tamers-2-pack-exhaust-outlet-b632d45b-1cae-4a4d-9787-18d772e3e6ef-jpgrendition.jpg?im=whresize&wid=200&hei=200,,0376265,037-6265-8,Il n’en reste que 1 #037-6265-8,Liquidation◊,76.49,"12,93","54,99"
