store_id,city,name,title,price,price_raw,regular_price,regular_price_raw,liquidation_price,liquidation_price_raw,sale_price,sale_price_raw,liquidation,url,link,image,image_url,product_id,sku,sku_formatted,availability,badges,discount_percent,price_sale_clean,price_original_clean
58,"London South, ON",Garde-robe à miroir rétractable Canvas,Garde-robe à miroir rétractable Canvas,199.93,"199,93 $",499.99,"Était±  499,99 $prix était 499,99 $",199.93,"199,93 $",199.93,"199,93 $",true,https://www.canadiantire.ca/fr/pdp/garde-robe-a-miroir-retractable-canvas-1680201p.html,https://www.canadiantire.ca/fr/pdp/garde-robe-a-miroir-retractable-canvas-1680201p.html,https://media-www.canadiantire.ca/product/living/home-decor/furniture/1680201/canvas-wardrobe-with-pullout-mirror-22f525bf-93c2-43fc-b5b1-e5ba5516f382-jpgrendition.jpg?im=whresize&wid=200&hei=200,https://media-www.canadiantire.ca/product/living/home-decor/furniture/1680201/canvas-wardrobe-with-pullout-mirror-22f525bf-93c2-43fc-b5b1-e5ba5516f382-jpgrendition.jpg?im=whresize&wid=200&hei=200,,1680201,168-0201-4,Il n’en reste que 1 #168-0201-4,Liquidation◊Exclusivité,60.01,"199,93","499,99"
58,"London South, ON","Échelle de piscine en A en acier Bestway Flowclear avec rampe, 42 po","Échelle de piscine en A en acier Bestway Flowclear avec rampe, 42 po",29.93,"29,93 $",99.99,"Était±  99,99 $prix était 99,99 $",29.93,"29,93 $",29.93,"29,93 $",true,https://www.canadiantire.ca/fr/pdp/echelle-de-piscine-en-a-en-acier-bestway-flowclear-avec-rampe-42-po-0813926p.html,https://www.canadiantire.ca/fr/pdp/echelle-de-piscine-en-a-en-acier-bestway-flowclear-avec-rampe-42-po-0813926p.html,https://media-www.canadiantire.ca/product/seasonal-gardening/backyard-fun/pool-maintenance/0813926/42-pool-ladder-1e5af39a-d711-4efc-88d9-7f79508fac9d-jpgrendition.jpg?im=whresize&wid=200&hei=200,https://media-www.canadiantire.ca/product/seasonal-gardening/backyard-fun/pool-maintenance/0813926/42-pool-ladder-1e5af39a-d711-4efc-88d9-7f79508fac9d-jpgrendition.jpg?im=whresize&wid=200&hei=200,,0813926,081-3926-6,26 En Stock#081-3926-6,Liquidation◊,70.07,"29,93","99,99"
58,"London South, ON","Tasses à mesurer empilables en plastique MASTER Chef, paq. 10","Tasses à mesurer empilables en plastique MASTER Chef, paq. 10",8.93,"8,93 $",24.99,"Était±  24,99 $prix était 24,99 $",8.93,"8,93 $",8.93,"8,93 $",true,https://www.canadiantire.ca/fr/pdp/tasses-a-mesurer-empilables-en-plastique-master-chef-paq-10-1429676p.html,https://www.canadiantire.ca/fr/pdp/tasses-a-mesurer-empilables-en-plastique-master-chef-paq-10-1429676p.html,https://media-www.canadiantire.ca/product/living/kitchen/bakeware-baking-prep/1429676/master-chef-10pc-measuring-cup-set-73c761cb-c28c-42fe-a32e-f57a30c6b9a6-jpgrendition.jpg?im=whresize&wid=200&hei=200,https://media-www.canadiantire.ca/product/living/kitchen/bakeware-baking-prep/1429676/master-chef-10pc-measuring-cup-set-73c761cb-c28c-42fe-a32e-f57a30c6b9a6-jpgrendition.jpg?im=whresize&wid=200&hei=200,,1429676,142-9676-0,Il n’en reste que 3 #142-9676-0,Liquidation◊Mieux notés,64.27,"8,93","24,99"
58,"London South, ON","Tasse de voyage à double paroi avec poignée Bubba Keg Classic, 20 oz, choix de couleurs","Tasse de voyage à double paroi avec poignée Bubba Keg Classic, 20 oz, choix de couleurs",9.93,"9,93 $",24.99,"24,99 $Était   et+ prix était à partir de 24,99 $",9.93,"9,93 $",9.93,"9,93 $",true,https://www.canadiantire.ca/fr/pdp/tasse-de-voyage-a-double-paroi-avec-poignee-bubba-keg-classic-20-oz-choix-de-couleurs-2425153p.html,https://www.canadiantire.ca/fr/pdp/tasse-de-voyage-a-double-paroi-avec-poignee-bubba-keg-classic-20-oz-choix-de-couleurs-2425153p.html,https://media-www.canadiantire.ca/product/living/kitchen/food-storage/2425154/bubba-20-oz-keg-mug-magenta-0effc0af-c6a5-482f-b1fb-0de772f237a0-jpgrendition.jpg?im=whresize&wid=200&hei=200,https://media-www.canadiantire.ca/product/living/kitchen/food-storage/2425154/bubba-20-oz-keg-mug-magenta-0effc0af-c6a5-482f-b1fb-0de772f237a0-jpgrendition.jpg?im=whresize&wid=200&hei=200,,2425153,242-5153,Vérifiez la disponibilité#242-5153X,Liquidation◊Mieux notés,60.26,"9,93","24,99"
58,"London South, ON",Abri soleil Outbound Haven à système de 2 moyeux,Abri soleil Outbound Haven à système de 2 moyeux,39.93,"39,93 $",79.99,"Était±  79,99 $prix était 79,99 $",39.93,"39,93 $",39.93,"39,93 $",true,https://www.canadiantire.ca/fr/pdp/abri-soleil-outbound-haven-a-systeme-de-2-moyeux-0766442p.html,https://www.canadiantire.ca/fr/pdp/abri-soleil-outbound-haven-a-systeme-de-2-moyeux-0766442p.html,https://media-www.canadiantire.ca/product/playing/camping/tents-shelters/0766442/outbound-haven-2hub-sun-shelter-dd9ff823-d50f-4269-a2f3-7cb00e9450a9-jpgrendition.jpg?im=whresize&wid=200&hei=200,https://media-www.canadiantire.ca/product/playing/camping/tents-shelters/0766442/outbound-haven-2hub-sun-shelter-dd9ff823-d50f-4269-a2f3-7cb00e9450a9-jpgrendition.jpg?im=whresize&wid=200&hei=200,,0766442,076-6442-2,,Liquidation◊Mieux notés,50.08,"39,93","79,99"
58,"London South, ON","Bouteille d'eau isotherme en acier inoxydable à rotation Owala FreeSip, sans BPA, choix de couleurs, 24 oz","Bouteille d'eau isotherme en acier inoxydable à rotation Owala FreeSip, sans BPA, choix de couleurs, 24 oz",19.93,"19,93 $",41.99,"41,99 $Était   et+ prix était à partir de 41,99 $",19.93,"19,93 $",19.93,"19,93 $",true,https://www.canadiantire.ca/fr/pdp/bouteille-d-eau-isotherme-en-acier-inoxydable-a-rotation-owala-freesip-sans-bpa-choix-de-couleurs-24-oz-2425435p.html,https://www.canadiantire.ca/fr/pdp/bouteille-d-eau-isotherme-en-acier-inoxydable-a-rotation-owala-freesip-sans-bpa-choix-de-couleurs-24-oz-2425435p.html,https://media-www.canadiantire.ca/product/living/kitchen/food-storage/2425436/owala-24oz-freesip-twist-water-bottle-sleepy-lavender-5af8f9a9-6c8d-4f41-bcba-abcafe8f1759-jpgrendition.jpg?im=whresize&wid=200&hei=200,https://media-www.canadiantire.ca/product/living/kitchen/food-storage/2425436/owala-24oz-freesip-twist-water-bottle-sleepy-lavender-5af8f9a9-6c8d-4f41-bcba-abcafe8f1759-jpgrendition.jpg?im=whresize&wid=200&hei=200,,2425435,242-5435,Vérifiez la disponibilité#242-5435X,Liquidation◊Mieux notés,52.54,"19,93","41,99"
58,"London South, ON","Sac de couchage double isotherme pour temps froid Coleman Flatlands avec sac de rangement, 10 °C","Sac de couchage double isotherme pour temps froid Coleman Flatlands avec sac de rangement, 10 °C",44.93,"44,93 $",99.99,"Était±  99,99 $prix était 99,99 $",44.93,"44,93 $",44.93,"44,93 $",true,https://www.canadiantire.ca/fr/pdp/sac-de-couchage-double-isotherme-pour-temps-froid-coleman-flatlands-avec-sac-de-rangement-10-c-0766638p.html,https://www.canadiantire.ca/fr/pdp/sac-de-couchage-double-isotherme-pour-temps-froid-coleman-flatlands-avec-sac-de-rangement-10-c-0766638p.html,https://media-www.canadiantire.ca/product/playing/camping/camping-furniture/0766638/coleman-flatlands-10c-sleeping-bag-cda9afb3-1271-4c50-9ed4-56d12c8e2b36-jpgrendition.jpg?im=whresize&wid=200&hei=200,https://media-www.canadiantire.ca/product/playing/camping/camping-furniture/0766638/coleman-flatlands-10c-sleeping-bag-cda9afb3-1271-4c50-9ed4-56d12c8e2b36-jpgrendition.jpg?im=whresize&wid=200&hei=200,,0766638,076-6638-8,Il n’en reste que 1 #076-6638-8,Liquidation◊Mieux notés,55.07,"44,93","99,99"
58,"London South, ON",Aspirateur sans fil de déchets secs/humides tout-en-un et appareil de nettoyage de planchers durs Bissell CrossWave OmniFind Pet Pro,Aspirateur sans fil de déchets secs/humides tout-en-un et appareil de nettoyage de planchers durs Bissell CrossWave OmniFind Pet Pro,179.93,"179,93 $",379.99,"Était±  379,99 $prix était 379,99 $",179.93,"179,93 $",179.93,"179,93 $",true,https://www.canadiantire.ca/fr/pdp/aspirateur-sans-fil-de-dechets-secs-humides-tout-en-un-et-appareil-de-nettoyage-de-planchers-durs-bissell-crosswave-omnifind-pet-pro-0437233p.html,https://www.canadiantire.ca/fr/pdp/aspirateur-sans-fil-de-dechets-secs-humides-tout-en-un-et-appareil-de-nettoyage-de-planchers-durs-bissell-crosswave-omnifind-pet-pro-0437233p.html,https://media-www.canadiantire.ca/product/living/cleaning/vacuums-and-floorcare/0437233/bissell-omnifind-petpro-hard-floor-wet-cleaner-a8a44b1c-d6db-472c-a2a7-50098c512b75-jpgrendition.jpg?im=whresize&wid=200&hei=200,https://media-www.canadiantire.ca/product/living/cleaning/vacuums-and-floorcare/0437233/bissell-omnifind-petpro-hard-floor-wet-cleaner-a8a44b1c-d6db-472c-a2a7-50098c512b75-jpgrendition.jpg?im=whresize&wid=200&hei=200,,0437233,043-7233-2,Il n’en reste que 2 #043-7233-2,Liquidation◊Exclusivité,52.65,"179,93","379,99"
58,"London South, ON","Bibliothèque à cadre en métal à 5 niveaux avec rangement CANVAS Robson, fini chêne","Bibliothèque à cadre en métal à 5 niveaux avec rangement CANVAS Robson, fini chêne",139.93,"139,93 $",349.99,"Était±  349,99 $prix était 349,99 $",139.93,"139,93 $",139.93,"139,93 $",true,https://www.canadiantire.ca/fr/pdp/bibliotheque-a-cadre-en-metal-a-5-niveaux-avec-rangement-canvas-robson-fini-chene-1680047p.html,https://www.canadiantire.ca/fr/pdp/bibliotheque-a-cadre-en-metal-a-5-niveaux-avec-rangement-canvas-robson-fini-chene-1680047p.html,https://media-www.canadiantire.ca/product/living/home-decor/furniture/1680047/canvas-robson-wide-bookcase-cc404526-7e49-447a-b2ad-88a6bd2c5a81-jpgrendition.jpg?im=whresize&wid=200&hei=200,https://media-www.canadiantire.ca/product/living/home-decor/furniture/1680047/canvas-robson-wide-bookcase-cc404526-7e49-447a-b2ad-88a6bd2c5a81-jpgrendition.jpg?im=whresize&wid=200&hei=200,,1680047,168-0047-2,Il n’en reste que 2 #168-0047-2,Liquidation◊Mieux notés,60.02,"139,93","349,99"
58,"London South, ON","Pompe à air électrique Coleman QuickPump 12 V avec adaptateur pour auto, matelas pneumatiques et jouets","Pompe à air électrique Coleman QuickPump 12 V avec adaptateur pour auto, matelas pneumatiques et jouets",24.93,"24,93 $",54.99,"Était±  54,99 $prix était 54,99 $",24.93,"24,93 $",24.93,"24,93 $",true,https://www.canadiantire.ca/fr/pdp/pompe-a-air-electrique-coleman-quickpump-12-v-avec-adaptateur-pour-auto-matelas-pneumatiques-et-jouets-0760234p.html,https://www.canadiantire.ca/fr/pdp/pompe-a-air-electrique-coleman-quickpump-12-v-avec-adaptateur-pour-auto-matelas-pneumatiques-et-jouets-0760234p.html,https://media-www.canadiantire.ca/product/playing/camping/camping-furniture/0760234/coleman-12v-inflate-deflate-quickpump--1e25d88c-6e5a-4c03-8b38-3c767c69f8cf-jpgrendition.jpg?im=whresize&wid=200&hei=200,https://media-www.canadiantire.ca/product/playing/camping/camping-furniture/0760234/coleman-12v-inflate-deflate-quickpump--1e25d88c-6e5a-4c03-8b38-3c767c69f8cf-jpgrendition.jpg?im=whresize&wid=200&hei=200,,0760234,076-0234-4,Il n’en reste que 3 #076-0234-4,Liquidation◊Mieux notés,54.66,"24,93","54,99"
58,"London South, ON","Sac banane/Sac de taille pour hanche/épaule Outbound avec sangle ajustable, choix varié, 2 l","Sac banane/Sac de taille pour hanche/épaule Outbound avec sangle ajustable, choix varié, 2 l",4.93,"4,93 $",9.99,"Était±  9,99 $prix était 9,99 $",4.93,"4,93 $",4.93,"4,93 $",true,https://www.canadiantire.ca/fr/pdp/sac-banane-sac-de-taille-pour-hanche-epaule-outbound-avec-sangle-ajustable-choix-varie-2-l-0766195p.html,https://www.canadiantire.ca/fr/pdp/sac-banane-sac-de-taille-pour-hanche-epaule-outbound-avec-sangle-ajustable-choix-varie-2-l-0766195p.html,https://media-www.canadiantire.ca/product/playing/camping/backpacks-luggage-accessories/0766195/outbound-hip-pack-27a2088e-6a32-45e0-ab5f-bf6f9f92e327-jpgrendition.jpg?im=whresize&wid=200&hei=200,https://media-www.canadiantire.ca/product/playing/camping/backpacks-luggage-accessories/0766195/outbound-hip-pack-27a2088e-6a32-45e0-ab5f-bf6f9f92e327-jpgrendition.jpg?im=whresize&wid=200&hei=200,,0766195,076-6195-0,Il n’en reste que 6 #076-6195-0,Liquidation◊Mieux notés,50.65,"4,93","9,99"
58,"London South, ON",Huitre à enfourcher flottante gonflable pour lac,Huitre à enfourcher flottante gonflable pour lac,39.93,"39,93 $",99.99,"Était±  99,99 $prix était 99,99 $",39.93,"39,93 $",39.93,"39,93 $",true,https://www.canadiantire.ca/fr/pdp/huitre-a-enfourcher-flottante-gonflable-pour-lac-0791411p.html,https://www.canadiantire.ca/fr/pdp/huitre-a-enfourcher-flottante-gonflable-pour-lac-0791411p.html,https://media-www.canadiantire.ca/product/playing/seasonal-recreation/marine-water-fun/0791411/clamshell-lake-inflatable-84c224b6-f74f-43cb-add7-f18aa0e52402-jpgrendition.jpg?im=whresize&wid=200&hei=200,https://media-www.canadiantire.ca/product/playing/seasonal-recreation/marine-water-fun/0791411/clamshell-lake-inflatable-84c224b6-f74f-43cb-add7-f18aa0e52402-jpgrendition.jpg?im=whresize&wid=200&hei=200,,0791411,079-1411-0,,Liquidation◊,60.07,"39,93","99,99"
58,"London South, ON","Ciseaux à prise confortable pour enfants de Merangue, pointe arrondie, couleurs variées, 5 po, paq. 2","Ciseaux à prise confortable pour enfants de Merangue, pointe arrondie, couleurs variées, 5 po, paq. 2",1.93,"1,93 $",3.99,"Était±  3,99 $prix était 3,99 $",1.93,"1,93 $",1.93,"1,93 $",true,https://www.canadiantire.ca/fr/pdp/ciseaux-a-prise-confortable-pour-enfants-de-merangue-pointe-arrondie-couleurs-variees-5-po-paq-2-1420189p.html,https://www.canadiantire.ca/fr/pdp/ciseaux-a-prise-confortable-pour-enfants-de-merangue-pointe-arrondie-couleurs-variees-5-po-paq-2-1420189p.html,https://media-www.canadiantire.ca/product/seasonal-gardening/toys/home-office-supplies/1420189/5-inch-scissors-2-pack-202ee474-b695-4995-8070-a8b862e0e850-jpgrendition.jpg?im=whresize&wid=200&hei=200,https://media-www.canadiantire.ca/product/seasonal-gardening/toys/home-office-supplies/1420189/5-inch-scissors-2-pack-202ee474-b695-4995-8070-a8b862e0e850-jpgrendition.jpg?im=whresize&wid=200&hei=200,,1420189,142-0189-4,Il n’en reste que 6 #142-0189-4,Liquidation◊Mieux notés,51.63,"1,93","3,99"
58,"London South, ON","Planche à pagaie pour 1 personne junior Pelican Vibe 80, lime, 8 pi","Planche à pagaie pour 1 personne junior Pelican Vibe 80, lime, 8 pi",149.93,"149,93 $",299.99,"Était±  299,99 $prix était 299,99 $",149.93,"149,93 $",149.93,"149,93 $",true,https://www.canadiantire.ca/fr/pdp/planche-a-pagaie-pour-1-personne-junior-pelican-vibe-80-lime-8-pi-0798536p.html,https://www.canadiantire.ca/fr/pdp/planche-a-pagaie-pour-1-personne-junior-pelican-vibe-80-lime-8-pi-0798536p.html,https://media-www.canadiantire.ca/product/playing/seasonal-recreation/marine-water-fun/0798536/sup-pelican-junior-vibe-80-908d32af-d15f-46f4-92d9-e57b6ad88a8f-jpgrendition.jpg?im=whresize&wid=200&hei=200,https://media-www.canadiantire.ca/product/playing/seasonal-recreation/marine-water-fun/0798536/sup-pelican-junior-vibe-80-908d32af-d15f-46f4-92d9-e57b6ad88a8f-jpgrendition.jpg?im=whresize&wid=200&hei=200,,0798536,079-8536-2,Il n’en reste que 1 #079-8536-2,Liquidation◊,50.02,"149,93","299,99"
58,"London South, ON","Lampe à faisceau large à DEL Mastercraft, 1500 lumens, compatible PWR POD","Lampe à faisceau large à DEL Mastercraft, 1500 lumens, compatible PWR POD",31.93,"31,93 $",119.99,"Était±  119,99 $prix était 119,99 $",31.93,"31,93 $",31.93,"31,93 $",true,https://www.canadiantire.ca/fr/pdp/lampe-a-faisceau-large-a-del-mastercraft-1500-lumens-compatible-pwr-pod-0372969p.html,https://www.canadiantire.ca/fr/pdp/lampe-a-faisceau-large-a-del-mastercraft-1500-lumens-compatible-pwr-pod-0372969p.html,https://media-www.canadiantire.ca/product/automotive/car-care-accessories/auto-accessories/0372969/mastercraft-1500-lumens-spotlight-pwr-pod-compatible-363c7083-04a4-4a37-b863-da8214fd1958-jpgrendition.jpg?im=whresize&wid=200&hei=200,https://media-www.canadiantire.ca/product/automotive/car-care-accessories/auto-accessories/0372969/mastercraft-1500-lumens-spotlight-pwr-pod-compatible-363c7083-04a4-4a37-b863-da8214fd1958-jpgrendition.jpg?im=whresize&wid=200&hei=200,,0372969,037-2969-8,,Liquidation◊Mieux notés,73.39,"31,93","119,99"
58,"London South, ON","Bibliothèque à 2 niveaux et 3 tiroirs pour rangement et présentation CANVAS Copenhagen, blanc","Bibliothèque à 2 niveaux et 3 tiroirs pour rangement et présentation CANVAS Copenhagen, blanc",124.93,"124,93 $",249.99,"Était±  249,99 $prix était 249,99 $",124.93,"124,93 $",124.93,"124,93 $",true,https://www.canadiantire.ca/fr/pdp/bibliotheque-a-2-niveaux-et-3-tiroirs-pour-rangement-et-presentation-canvas-copenhagen-blanc-1680002p.html,https://www.canadiantire.ca/fr/pdp/bibliotheque-a-2-niveaux-et-3-tiroirs-pour-rangement-et-presentation-canvas-copenhagen-blanc-1680002p.html,https://media-www.canadiantire.ca/product/living/home-decor/furniture/1680002/canvas-copenhagen-2-shelf-bookcase-with-3-drawers-white-c62a249f-ff8f-4a89-a69c-e1cb36cb860e-jpgrendition.jpg?im=whresize&wid=200&hei=200,https://media-www.canadiantire.ca/product/living/home-decor/furniture/1680002/canvas-copenhagen-2-shelf-bookcase-with-3-drawers-white-c62a249f-ff8f-4a89-a69c-e1cb36cb860e-jpgrendition.jpg?im=whresize&wid=200&hei=200,,1680002,168-0002-8,Il n’en reste que 2 #168-0002-8,Liquidation◊Exclusivité,50.03,"124,93","249,99"
58,"London South, ON","Short cargo Outbound pour hommes, grandes poches, havane","Short cargo Outbound pour hommes, grandes poches, havane",9.93,"9,93 $",25.99,"25,99 $Était   et+ prix était à partir de 25,99 $",9.93,"9,93 $",9.93,"9,93 $",true,https://www.canadiantire.ca/fr/pdp/short-cargo-outbound-pour-hommes-grandes-poches-havane-1873520p.html,https://www.canadiantire.ca/fr/pdp/short-cargo-outbound-pour-hommes-grandes-poches-havane-1873520p.html,https://media-www.canadiantire.ca/product/playing/footwear-apparel/summer-footwear-apparel/1873520/outbound-men-s-cargo-shorts-tan-m-c66af4ed-b35b-4c1f-82ee-7afbf190f779-jpgrendition.jpg?im=whresize&wid=200&hei=200,https://media-www.canadiantire.ca/product/playing/footwear-apparel/summer-footwear-apparel/1873520/outbound-men-s-cargo-shorts-tan-m-c66af4ed-b35b-4c1f-82ee-7afbf190f779-jpgrendition.jpg?im=whresize&wid=200&hei=200,,1873520,187-3520,Vérifiez la disponibilité#187-3520X,Liquidation◊Mieux notés,61.79,"9,93","25,99"
58,"London South, ON","Pergola modulaire CANVAS Horizon, extérieur et patio, 10 x 10 pi","Pergola modulaire CANVAS Horizon, extérieur et patio, 10 x 10 pi",599.93,"599,93 $",1199.99,"Était±  1 199,99 $prix était 1 199,99 $",599.93,"599,93 $",599.93,"599,93 $",true,https://www.canadiantire.ca/fr/pdp/pergola-modulaire-canvas-horizon-exterieur-et-patio-10-x-10-pi-1880240p.html,https://www.canadiantire.ca/fr/pdp/pergola-modulaire-canvas-horizon-exterieur-et-patio-10-x-10-pi-1880240p.html,https://media-www.canadiantire.ca/product/seasonal-gardening/backyard-living/outdoor-furniture/1880240/canvas-horizon-10-x-10-modular-pergola-036babcc-70d8-48f1-b1f2-73666688de06-jpgrendition.jpg?im=whresize&wid=200&hei=200,https://media-www.canadiantire.ca/product/seasonal-gardening/backyard-living/outdoor-furniture/1880240/canvas-horizon-10-x-10-modular-pergola-036babcc-70d8-48f1-b1f2-73666688de06-jpgrendition.jpg?im=whresize&wid=200&hei=200,,1880240,188-0240-2,Il n’en reste que 2 #188-0240-2,Liquidation◊Exclusivité,50.01,"599,93","1199,99"
58,"London South, ON","Tapis de salle de bains For Living en coton, 20 x 30 po","Tapis de salle de bains For Living en coton, 20 x 30 po",9.93,"9,93 $",19.99,"19,99 $Était   et+ prix était à partir de 19,99 $",9.93,"9,93 $",9.93,"9,93 $",true,https://www.canadiantire.ca/fr/pdp/tapis-de-salle-de-bains-for-living-en-coton-20-x-30-po-0632706p.html,https://www.canadiantire.ca/fr/pdp/tapis-de-salle-de-bains-for-living-en-coton-20-x-30-po-0632706p.html,https://media-www.canadiantire.ca/product/living/home-decor/bed-bath-decor/0632707/beige-bathroom-mat-20x30-44f298ec-9e3f-4f3f-9512-dbedcfe6946b-jpgrendition.jpg?im=whresize&wid=200&hei=200,https://media-www.canadiantire.ca/product/living/home-decor/bed-bath-decor/0632707/beige-bathroom-mat-20x30-44f298ec-9e3f-4f3f-9512-dbedcfe6946b-jpgrendition.jpg?im=whresize&wid=200&hei=200,,0632706,063-2706,Vérifiez la disponibilité#063-2706X,Liquidation◊Exclusivité,50.33,"9,93","19,99"
58,"London South, ON",Ceinture de flottaison gonflable Helly Hansen,Ceinture de flottaison gonflable Helly Hansen,99.93,"99,93 $",219.99,"Était±  219,99 $prix était 219,99 $",99.93,"99,93 $",99.93,"99,93 $",true,https://www.canadiantire.ca/fr/pdp/ceinture-de-flottaison-gonflable-helly-hansen-0793041p.html,https://www.canadiantire.ca/fr/pdp/ceinture-de-flottaison-gonflable-helly-hansen-0793041p.html,https://media-www.canadiantire.ca/product/playing/seasonal-recreation/marine-water-fun/0793041/helly-hansen-personal-flotation-device-belt-inflate-242c3a5b-947d-400e-9648-0f3abaa0f59b-jpgrendition.jpg?im=whresize&wid=200&hei=200,https://media-www.canadiantire.ca/product/playing/seasonal-recreation/marine-water-fun/0793041/helly-hansen-personal-flotation-device-belt-inflate-242c3a5b-947d-400e-9648-0f3abaa0f59b-jpgrendition.jpg?im=whresize&wid=200&hei=200,,0793041,079-3041-8,Il n’en reste que 2 #079-3041-8,Liquidation◊Exclusivité,54.58,"99,93","219,99"
58,"London South, ON","Chandail Huntshield Brome No Fly Zone, hommes, gris","Chandail Huntshield Brome No Fly Zone, hommes, gris",29.93,"29,93 $",69.99,"69,99 $Était   et+ prix était à partir de 69,99 $",29.93,"29,93 $",29.93,"29,93 $",true,https://www.canadiantire.ca/fr/pdp/chandail-huntshield-brome-no-fly-zone-hommes-gris-3751411p.html,https://www.canadiantire.ca/fr/pdp/chandail-huntshield-brome-no-fly-zone-hommes-gris-3751411p.html,https://media-www.canadiantire.ca/product/playing/hunting/hunting-apparel-footwear/3751411/mens-brome-no-fly-zone-shirt-m-grey-421aa9a4-0769-4460-b7a2-0de01a1a2957-jpgrendition.jpg?im=whresize&wid=200&hei=200,https://media-www.canadiantire.ca/product/playing/hunting/hunting-apparel-footwear/3751411/mens-brome-no-fly-zone-shirt-m-grey-421aa9a4-0769-4460-b7a2-0de01a1a2957-jpgrendition.jpg?im=whresize&wid=200&hei=200,,3751411,375-1411,Vérifiez la disponibilité#375-1411X,Liquidation◊Mieux notés,57.24,"29,93","69,99"
58,"London South, ON","Pagaie 2-en-1 pour kayak ou planche à pagaie Outbound, réglable, 85 po","Pagaie 2-en-1 pour kayak ou planche à pagaie Outbound, réglable, 85 po",29.93,"29,93 $",74.99,"Était±  74,99 $prix était 74,99 $",29.93,"29,93 $",29.93,"29,93 $",true,https://www.canadiantire.ca/fr/pdp/pagaie-2-en-1-pour-kayak-ou-planche-a-pagaie-outbound-reglable-85-po-0792067p.html,https://www.canadiantire.ca/fr/pdp/pagaie-2-en-1-pour-kayak-ou-planche-a-pagaie-outbound-reglable-85-po-0792067p.html,https://media-www.canadiantire.ca/product/playing/seasonal-recreation/marine-power-boating/0792067/outbound-2-in-1-kayak-sup-paddle-d4eb97d2-7846-423b-9b2d-8b7e6efd9d90-jpgrendition.jpg?im=whresize&wid=200&hei=200,https://media-www.canadiantire.ca/product/playing/seasonal-recreation/marine-power-boating/0792067/outbound-2-in-1-kayak-sup-paddle-d4eb97d2-7846-423b-9b2d-8b7e6efd9d90-jpgrendition.jpg?im=whresize&wid=200&hei=200,,0792067,079-2067-4,,Liquidation◊Exclusivité,60.09,"29,93","74,99"
58,"London South, ON","Centre de jeu de cuisine J'Adore avec lumières et sons, 3 ans et +","Centre de jeu de cuisine J'Adore avec lumières et sons, 3 ans et +",124.93,"124,93 $",249.99,"Était±  249,99 $prix était 249,99 $",124.93,"124,93 $",124.93,"124,93 $",true,https://www.canadiantire.ca/fr/pdp/centre-de-jeu-de-cuisine-j-adore-avec-lumieres-et-sons-3-ans-et-1501118p.html,https://www.canadiantire.ca/fr/pdp/centre-de-jeu-de-cuisine-j-adore-avec-lumieres-et-sons-3-ans-et-1501118p.html,https://media-www.canadiantire.ca/product/seasonal-gardening/toys/preschool-toys-activities/1501118/j-adore-deluxe-corner-kitchen-9fc8fee3-c347-4fb0-8f2a-bd4de0056a32-jpgrendition.jpg?im=whresize&wid=200&hei=200,https://media-www.canadiantire.ca/product/seasonal-gardening/toys/preschool-toys-activities/1501118/j-adore-deluxe-corner-kitchen-9fc8fee3-c347-4fb0-8f2a-bd4de0056a32-jpgrendition.jpg?im=whresize&wid=200&hei=200,,1501118,150-1118-8,Il n’en reste que 4 #150-1118-8,Liquidation◊Mieux notés,50.03,"124,93","249,99"
58,"London South, ON",Aspirateur-balai sans fil à 2 moteurs Kenmore CSV,Aspirateur-balai sans fil à 2 moteurs Kenmore CSV,129.93,"129,93 $",269.99,"Était±  269,99 $prix était 269,99 $",129.93,"129,93 $",129.93,"129,93 $",true,https://www.canadiantire.ca/fr/pdp/aspirateur-balai-sans-fil-a-2-moteurs-kenmore-csv-0437195p.html,https://www.canadiantire.ca/fr/pdp/aspirateur-balai-sans-fil-a-2-moteurs-kenmore-csv-0437195p.html,https://media-www.canadiantire.ca/product/living/cleaning/vacuums-and-floorcare/0437195/kenmore-csv-cordless-stick-vacuum-5305dd9e-78aa-427b-8168-777cfc70e06c-jpgrendition.jpg?im=whresize&wid=200&hei=200,https://media-www.canadiantire.ca/product/living/cleaning/vacuums-and-floorcare/0437195/kenmore-csv-cordless-stick-vacuum-5305dd9e-78aa-427b-8168-777cfc70e06c-jpgrendition.jpg?im=whresize&wid=200&hei=200,,0437195,043-7195-2,,Liquidation◊,51.88,"129,93","269,99"
58,"London South, ON","Bols pour chiens Woods pliants étanches PAW-THORN, camping et voyage, paq. 2, 2 L chacun","Bols pour chiens Woods pliants étanches PAW-THORN, camping et voyage, paq. 2, 2 L chacun",8.93,"8,93 $",19.99,"Était±  19,99 $prix était 19,99 $",8.93,"8,93 $",8.93,"8,93 $",true,https://www.canadiantire.ca/fr/pdp/bols-pour-chiens-woods-pliants-etanches-paw-thorn-camping-et-voyage-paq-2-2-l-chacun-0766426p.html,https://www.canadiantire.ca/fr/pdp/bols-pour-chiens-woods-pliants-etanches-paw-thorn-camping-et-voyage-paq-2-2-l-chacun-0766426p.html,https://media-www.canadiantire.ca/product/playing/camping/camping-accessories/0766426/woods-pawthorn-pet-bowls-10c337e6-6f18-495f-a5d6-0f0ef4d7ab3b-jpgrendition.jpg?im=whresize&wid=200&hei=200,https://media-www.canadiantire.ca/product/playing/camping/camping-accessories/0766426/woods-pawthorn-pet-bowls-10c337e6-6f18-495f-a5d6-0f0ef4d7ab3b-jpgrendition.jpg?im=whresize&wid=200&hei=200,,0766426,076-6426-2,34 En Stock#076-6426-2,Liquidation◊Mieux notés,55.33,"8,93","19,99"
58,"London South, ON","Barbecue portatif de table à granules de bois Pit Boss avec commandes numériques et verrou pour couvercle, acajou","Barbecue portatif de table à granules de bois Pit Boss avec commandes numériques et verrou pour couvercle, acajou",199.93,"199,93 $",449.99,"Était±  449,99 $prix était 449,99 $",199.93,"199,93 $",199.93,"199,93 $",true,https://www.canadiantire.ca/fr/pdp/barbecue-portatif-de-table-a-granules-de-bois-pit-boss-avec-commandes-numeriques-et-verrou-pour-couvercle-acajou-0853193p.html,https://www.canadiantire.ca/fr/pdp/barbecue-portatif-de-table-a-granules-de-bois-pit-boss-avec-commandes-numeriques-et-verrou-pour-couvercle-acajou-0853193p.html,https://media-www.canadiantire.ca/product/seasonal-gardening/backyard-living/outdoor-cooking/0853193/pit-boss-portable-pellet-grill-dd4f5692-b18a-4d9a-a58f-d7319f139f32-jpgrendition.jpg?im=whresize&wid=200&hei=200,https://media-www.canadiantire.ca/product/seasonal-gardening/backyard-living/outdoor-cooking/0853193/pit-boss-portable-pellet-grill-dd4f5692-b18a-4d9a-a58f-d7319f139f32-jpgrendition.jpg?im=whresize&wid=200&hei=200,,0853193,085-3193-0,Il n’en reste que 1 #085-3193-0,Liquidation◊,55.57,"199,93","449,99"
58,"London South, ON","Table à dîner d'extérieur en carreaux CANVAS Jasper, cadre en aluminium, fini marbre, 29 po","Table à dîner d'extérieur en carreaux CANVAS Jasper, cadre en aluminium, fini marbre, 29 po",269.93,"269,93 $",699.99,"Était±  699,99 $prix était 699,99 $",269.93,"269,93 $",269.93,"269,93 $",true,https://www.canadiantire.ca/fr/pdp/table-a-diner-d-exterieur-en-carreaux-canvas-jasper-cadre-en-aluminium-fini-marbre-29-po-1880273p.html,https://www.canadiantire.ca/fr/pdp/table-a-diner-d-exterieur-en-carreaux-canvas-jasper-cadre-en-aluminium-fini-marbre-29-po-1880273p.html,https://media-www.canadiantire.ca/product/seasonal-gardening/backyard-living/outdoor-furniture/1880273/canvas-jasper-dining-table-220dddd1-42ac-4979-a86e-935108e39691-jpgrendition.jpg?im=whresize&wid=200&hei=200,https://media-www.canadiantire.ca/product/seasonal-gardening/backyard-living/outdoor-furniture/1880273/canvas-jasper-dining-table-220dddd1-42ac-4979-a86e-935108e39691-jpgrendition.jpg?im=whresize&wid=200&hei=200,,1880273,188-0273-4,Il n’en reste que 1 #188-0273-4,Liquidation◊Exclusivité,61.44,"269,93","699,99"
58,"London South, ON",Fauteuil en aluminium empilable CANVAS Hastings,Fauteuil en aluminium empilable CANVAS Hastings,49.93,"49,93 $",99.99,"Était±  99,99 $prix était 99,99 $",49.93,"49,93 $",49.93,"49,93 $",true,https://www.canadiantire.ca/fr/pdp/fauteuil-en-aluminium-empilable-canvas-hastings-1881375p.html,https://www.canadiantire.ca/fr/pdp/fauteuil-en-aluminium-empilable-canvas-hastings-1881375p.html,https://media-www.canadiantire.ca/product/seasonal-gardening/backyard-living/outdoor-furniture/1881375/canvas-hastings-stacking-aluminum-chair-618a8055-0d90-40fa-b420-6e2ee713fb52-jpgrendition.jpg?im=whresize&wid=200&hei=200,https://media-www.canadiantire.ca/product/seasonal-gardening/backyard-living/outdoor-furniture/1881375/canvas-hastings-stacking-aluminum-chair-618a8055-0d90-40fa-b420-6e2ee713fb52-jpgrendition.jpg?im=whresize&wid=200&hei=200,,1881375,188-1375-6,Il n’en reste que 2 #188-1375-6,Liquidation◊Mieux notés,50.07,"49,93","99,99"
58,"London South, ON","Poêle géante PADERNO Signature canadienne, antiadhésive, allant au four, 5 pintes","Poêle géante PADERNO Signature canadienne, antiadhésive, allant au four, 5 pintes",79.93,"79,93 $",169.99,"Était±  169,99 $prix était 169,99 $",79.93,"79,93 $",79.93,"79,93 $",true,https://www.canadiantire.ca/fr/pdp/poele-geante-paderno-signature-canadienne-antiadhesive-allant-au-four-5-pintes-1425570p.html,https://www.canadiantire.ca/fr/pdp/poele-geante-paderno-signature-canadienne-antiadhesive-allant-au-four-5-pintes-1425570p.html,https://media-www.canadiantire.ca/product/living/kitchen/cookware/1425570/paderno-canadian-signature-5qt-non-stick-jumbo-cooker-27d5b1f8-fa37-4ebc-b7c9-b28d012b8116-jpgrendition.jpg?im=whresize&wid=200&hei=200,https://media-www.canadiantire.ca/product/living/kitchen/cookware/1425570/paderno-canadian-signature-5qt-non-stick-jumbo-cooker-27d5b1f8-fa37-4ebc-b7c9-b28d012b8116-jpgrendition.jpg?im=whresize&wid=200&hei=200,,1425570,142-5570-4,,Liquidation◊Mieux notés,52.98,"79,93","169,99"
58,"London South, ON",Système d’élimination déchets de cuisine écologique Sepura,Système d’élimination déchets de cuisine écologique Sepura,99.93,"99,93 $",749.99,"Était±  749,99 $prix était 749,99 $",99.93,"99,93 $",99.93,"99,93 $",true,https://www.canadiantire.ca/fr/pdp/systeme-d-elimination-dechets-de-cuisine-ecologique-sepura-0633486p.html,https://www.canadiantire.ca/fr/pdp/systeme-d-elimination-dechets-de-cuisine-ecologique-sepura-0633486p.html,https://media-www.canadiantire.ca/product/fixing/plumbing/rough-plumbing/0633486/sepura-in-sink-food-waste-separator-and-collector-9742ff37-21c0-40c1-babb-e09184b6c6bc-jpgrendition.jpg?im=whresize&wid=200&hei=200,https://media-www.canadiantire.ca/product/fixing/plumbing/rough-plumbing/0633486/sepura-in-sink-food-waste-separator-and-collector-9742ff37-21c0-40c1-babb-e09184b6c6bc-jpgrendition.jpg?im=whresize&wid=200&hei=200,,0633486,063-3486-6,Il n’en reste que 1 #063-3486-6,Liquidation◊Exclusivité,86.68,"99,93","749,99"
58,"London South, ON","Système d'organisation latéral de la lessive Type A Linear, blanc","Système d'organisation latéral de la lessive Type A Linear, blanc",34.93,"34,93 $",99.99,"Était±  99,99 $prix était 99,99 $",34.93,"34,93 $",34.93,"34,93 $",true,https://www.canadiantire.ca/fr/pdp/systeme-d-organisation-lateral-de-la-lessive-type-a-linear-blanc-2420004p.html,https://www.canadiantire.ca/fr/pdp/systeme-d-organisation-lateral-de-la-lessive-type-a-linear-blanc-2420004p.html,https://media-www.canadiantire.ca/product/living/home-organization/laundry/2420004/type-a-side-unit-laundry-organization-system-44db3078-e2d8-4d52-bd8b-2f44f616a61e-jpgrendition.jpg?im=whresize&wid=200&hei=200,https://media-www.canadiantire.ca/product/living/home-organization/laundry/2420004/type-a-side-unit-laundry-organization-system-44db3078-e2d8-4d52-bd8b-2f44f616a61e-jpgrendition.jpg?im=whresize&wid=200&hei=200,,2420004,242-0004-6,Il n’en reste que 1 #242-0004-6,Liquidation◊Mieux notés,65.07,"34,93","99,99"
58,"London South, ON",Projecteur à DEL de 1 000 lumens Mastercraft pour service intense,Projecteur à DEL de 1 000 lumens Mastercraft pour service intense,38.93,"38,93 $",149.99,"Était±  149,99 $prix était 149,99 $",38.93,"38,93 $",38.93,"38,93 $",true,https://www.canadiantire.ca/fr/pdp/projecteur-a-del-de-1-000-lumens-mastercraft-pour-service-intense-0372426p.html,https://www.canadiantire.ca/fr/pdp/projecteur-a-del-de-1-000-lumens-mastercraft-pour-service-intense-0372426p.html,https://media-www.canadiantire.ca/product/automotive/car-care-accessories/auto-accessories/0372426/mastercraft-1000lumen-heavy-duty-spotlight-c0d329db-7a7e-4302-a634-a31ceb039174-jpgrendition.jpg?im=whresize&wid=200&hei=200,https://media-www.canadiantire.ca/product/automotive/car-care-accessories/auto-accessories/0372426/mastercraft-1000lumen-heavy-duty-spotlight-c0d329db-7a7e-4302-a634-a31ceb039174-jpgrendition.jpg?im=whresize&wid=200&hei=200,,0372426,037-2426-0,,Liquidation◊Mieux notés,74.04,"38,93","149,99"
58,"London South, ON","Craies d'extérieur aux couleurs vives et audacieuses pour trottoir Crayola Superchalk, lavables, 4 ans et plus","Craies d'extérieur aux couleurs vives et audacieuses pour trottoir Crayola Superchalk, lavables, 4 ans et plus",0.43,"0,43 $",1.99,"Était±  1,99 $prix était 1,99 $",0.43,"0,43 $",0.43,"0,43 $",true,https://www.canadiantire.ca/fr/pdp/craies-d-exterieur-aux-couleurs-vives-et-audacieuses-pour-trottoir-crayola-superchalk-lavables-4-ans-et-plus-0509725p.html,https://www.canadiantire.ca/fr/pdp/craies-d-exterieur-aux-couleurs-vives-et-audacieuses-pour-trottoir-crayola-superchalk-lavables-4-ans-et-plus-0509725p.html,https://media-www.canadiantire.ca/product/seasonal-gardening/toys/seasonal-toys/0509725/crayola-superchalk-55b77fce-a226-4f82-8438-cf57fc64801c-jpgrendition.jpg?im=whresize&wid=200&hei=200,https://media-www.canadiantire.ca/product/seasonal-gardening/toys/seasonal-toys/0509725/crayola-superchalk-55b77fce-a226-4f82-8438-cf57fc64801c-jpgrendition.jpg?im=whresize&wid=200&hei=200,,0509725,050-9725-2,28 En Stock#050-9725-2,Liquidation◊Mieux notés,78.39,"0,43","1,99"
58,"London South, ON","Lampe de travail COB Motomaster, pile sèche","Lampe de travail COB Motomaster, pile sèche",6.93,"6,93 $",22.99,"Était±  22,99 $prix était 22,99 $",6.93,"6,93 $",6.93,"6,93 $",true,https://www.canadiantire.ca/fr/pdp/lampe-de-travail-cob-motomaster-pile-seche-0378076p.html,https://www.canadiantire.ca/fr/pdp/lampe-de-travail-cob-motomaster-pile-seche-0378076p.html,https://media-www.canadiantire.ca/product/automotive/car-care-accessories/auto-accessories/0378076/motomaster-cob-dry-battery-worklight-79121987-169f-468e-ac18-5d54166c93e6-jpgrendition.jpg?im=whresize&wid=200&hei=200,https://media-www.canadiantire.ca/product/automotive/car-care-accessories/auto-accessories/0378076/motomaster-cob-dry-battery-worklight-79121987-169f-468e-ac18-5d54166c93e6-jpgrendition.jpg?im=whresize&wid=200&hei=200,,0378076,037-8076-6,,Liquidation◊Exclusivité,69.86,"6,93","22,99"
58,"London South, ON","Cafetière à infusion à froid PADERNO en verre, 6 tasses, va au lave-vaisselle","Cafetière à infusion à froid PADERNO en verre, 6 tasses, va au lave-vaisselle",19.93,"19,93 $",39.99,"Était±  39,99 $prix était 39,99 $",19.93,"19,93 $",19.93,"19,93 $",true,https://www.canadiantire.ca/fr/pdp/cafetiere-a-infusion-a-froid-paderno-en-verre-6-tasses-va-au-lave-vaisselle-1429874p.html,https://www.canadiantire.ca/fr/pdp/cafetiere-a-infusion-a-froid-paderno-en-verre-6-tasses-va-au-lave-vaisselle-1429874p.html,https://media-www.canadiantire.ca/product/living/kitchen/dining-and-entertaining/1429874/paderno-precision-cold-brew-coffee-maker-be0b37ba-c771-452d-a07c-d9ddb75c463b-jpgrendition.jpg?im=whresize&wid=200&hei=200,https://media-www.canadiantire.ca/product/living/kitchen/dining-and-entertaining/1429874/paderno-precision-cold-brew-coffee-maker-be0b37ba-c771-452d-a07c-d9ddb75c463b-jpgrendition.jpg?im=whresize&wid=200&hei=200,,1429874,142-9874-8,Il n’en reste que 3 #142-9874-8,Liquidation◊Mieux notés,50.16,"19,93","39,99"
58,"London South, ON",Console escamotable CANVAS Nelson,Console escamotable CANVAS Nelson,124.93,"124,93 $",249.99,"Était±  249,99 $prix était 249,99 $",124.93,"124,93 $",124.93,"124,93 $",true,https://www.canadiantire.ca/fr/pdp/console-escamotable-canvas-nelson-1680098p.html,https://www.canadiantire.ca/fr/pdp/console-escamotable-canvas-nelson-1680098p.html,https://media-www.canadiantire.ca/product/living/home-decor/furniture/1680098/canvas-nelson-extending-console-desk-75ec90a9-b17e-4e01-b2a5-010b27fda019-jpgrendition.jpg?im=whresize&wid=200&hei=200,https://media-www.canadiantire.ca/product/living/home-decor/furniture/1680098/canvas-nelson-extending-console-desk-75ec90a9-b17e-4e01-b2a5-010b27fda019-jpgrendition.jpg?im=whresize&wid=200&hei=200,,1680098,168-0098-0,Il n’en reste que 2 #168-0098-0,Liquidation◊Articles à succès,50.03,"124,93","249,99"
58,"London South, ON","Filtre à eau/douche de camping Woods, 20 L, gris","Filtre à eau/douche de camping Woods, 20 L, gris",44.93,"44,93 $",89.99,"Était±  89,99 $prix était 89,99 $",44.93,"44,93 $",44.93,"44,93 $",true,https://www.canadiantire.ca/fr/pdp/filtre-a-eau-douche-de-camping-woods-20-l-gris-0765991p.html,https://www.canadiantire.ca/fr/pdp/filtre-a-eau-douche-de-camping-woods-20-l-gris-0765991p.html,https://media-www.canadiantire.ca/product/playing/camping/hydration-coolers/0765991/woods-water-filter-camp-shower-combo-8f701d62-642d-43c6-95a3-8630b18cb9c6-jpgrendition.jpg?im=whresize&wid=200&hei=200,https://media-www.canadiantire.ca/product/playing/camping/hydration-coolers/0765991/woods-water-filter-camp-shower-combo-8f701d62-642d-43c6-95a3-8630b18cb9c6-jpgrendition.jpg?im=whresize&wid=200&hei=200,,0765991,076-5991-0,0 En Stock#076-5991-0,Liquidation◊Exclusivité,50.07,"44,93","89,99"
58,"London South, ON","Haut antifrottements Outbound à manches longues, glissière intégrale, protection UV, dames","Haut antifrottements Outbound à manches longues, glissière intégrale, protection UV, dames",12.93,"12,93 $",32.99,"32,99 $Était   et+ prix était à partir de 32,99 $",12.93,"12,93 $",12.93,"12,93 $",true,https://www.canadiantire.ca/fr/pdp/haut-antifrottements-outbound-a-manches-longues-glissiere-integrale-protection-uv-dames-1873368p.html,https://www.canadiantire.ca/fr/pdp/haut-antifrottements-outbound-a-manches-longues-glissiere-integrale-protection-uv-dames-1873368p.html,https://media-www.canadiantire.ca/product/playing/footwear-apparel/summer-footwear-apparel/1873368/ooutbound-upf-full-zip-long-sleeve-rashguard-women-size-s-80411dc9-f90c-4141-8442-4e825f646b82-jpgrendition.jpg?im=whresize&wid=200&hei=200,https://media-www.canadiantire.ca/product/playing/footwear-apparel/summer-footwear-apparel/1873368/ooutbound-upf-full-zip-long-sleeve-rashguard-women-size-s-80411dc9-f90c-4141-8442-4e825f646b82-jpgrendition.jpg?im=whresize&wid=200&hei=200,,1873368,187-3368,Vérifiez la disponibilité#187-3368X,Liquidation◊Mieux notés,60.81,"12,93","32,99"
58,"London South, ON","Bureau d'écriture à 2 tiroirs avec pattes en bois CANVAS Copenhagen, blanc","Bureau d'écriture à 2 tiroirs avec pattes en bois CANVAS Copenhagen, blanc",124.93,"124,93 $",249.99,"Était±  249,99 $prix était 249,99 $",124.93,"124,93 $",124.93,"124,93 $",true,https://www.canadiantire.ca/fr/pdp/bureau-d-ecriture-a-2-tiroirs-avec-pattes-en-bois-canvas-copenhagen-blanc-1680001p.html,https://www.canadiantire.ca/fr/pdp/bureau-d-ecriture-a-2-tiroirs-avec-pattes-en-bois-canvas-copenhagen-blanc-1680001p.html,https://media-www.canadiantire.ca/product/living/home-decor/furniture/1680001/canvas-copenhagen-desk-white-65504d37-b163-413f-8c21-d7b38602a9a3-jpgrendition.jpg?im=whresize&wid=200&hei=200,https://media-www.canadiantire.ca/product/living/home-decor/furniture/1680001/canvas-copenhagen-desk-white-65504d37-b163-413f-8c21-d7b38602a9a3-jpgrendition.jpg?im=whresize&wid=200&hei=200,,1680001,168-0001-0,Il n’en reste que 3 #168-0001-0,Liquidation◊Exclusivité,50.03,"124,93","249,99"
58,"London South, ON",Bâton de marche rabattable à bouton-poussoir réglable Woods ADAPT en aluminium pour la marche et la randonnée,Bâton de marche rabattable à bouton-poussoir réglable Woods ADAPT en aluminium pour la marche et la randonnée,44.93,"44,93 $",94.99,"Était±  94,99 $prix était 94,99 $",44.93,"44,93 $",44.93,"44,93 $",true,https://www.canadiantire.ca/fr/pdp/baton-de-marche-rabattable-a-bouton-poussoir-reglable-woods-adapt-en-aluminium-pour-la-marche-et-la-randonnee-0766429p.html,https://www.canadiantire.ca/fr/pdp/baton-de-marche-rabattable-a-bouton-poussoir-reglable-woods-adapt-en-aluminium-pour-la-marche-et-la-randonnee-0766429p.html,https://media-www.canadiantire.ca/product/playing/camping/camping-furniture/0766409/woods-o-hara-camp-pad-f9a605c6-5ea4-4c2f-9ac6-194932d14c12-jpgrendition.jpg?im=whresize&wid=200&hei=200,https://media-www.canadiantire.ca/product/playing/camping/camping-furniture/0766409/woods-o-hara-camp-pad-f9a605c6-5ea4-4c2f-9ac6-194932d14c12-jpgrendition.jpg?im=whresize&wid=200&hei=200,,0766429,076-6429-6,,Liquidation◊Mieux notés,52.7,"44,93","94,99"
58,"London South, ON","Coussin décoratif réversible For Living collection estivale, nageurs, 16 x 16 po","Coussin décoratif réversible For Living collection estivale, nageurs, 16 x 16 po",9.93,"9,93 $",19.99,"Était±  19,99 $prix était 19,99 $",9.93,"9,93 $",9.93,"9,93 $",true,https://www.canadiantire.ca/fr/pdp/coussin-decoratif-reversible-for-living-collection-estivale-nageurs-16-x-16-po-1881331p.html,https://www.canadiantire.ca/fr/pdp/coussin-decoratif-reversible-for-living-collection-estivale-nageurs-16-x-16-po-1881331p.html,https://media-www.canadiantire.ca/product/seasonal-gardening/backyard-living/outdoor-living-accessories/1881331/for-living-summer-series-toss-cushions-swimmers-1855176e-1b0f-4840-819b-f34aecac6353-jpgrendition.jpg?im=whresize&wid=200&hei=200,https://media-www.canadiantire.ca/product/seasonal-gardening/backyard-living/outdoor-living-accessories/1881331/for-living-summer-series-toss-cushions-swimmers-1855176e-1b0f-4840-819b-f34aecac6353-jpgrendition.jpg?im=whresize&wid=200&hei=200,,1881331,188-1331-0,Il n’en reste que 5 #188-1331-0,Liquidation◊Exclusivité,50.33,"9,93","19,99"
58,"London South, ON","Tabouret de bar métal et bois CANVAS Union, paq. 2, brun","Tabouret de bar métal et bois CANVAS Union, paq. 2, brun",74.93,"74,93 $",229.99,"Était±  229,99 $prix était 229,99 $",74.93,"74,93 $",74.93,"74,93 $",true,https://www.canadiantire.ca/fr/pdp/tabouret-de-bar-metal-et-bois-canvas-union-paq-2-brun-0687563p.html,https://www.canadiantire.ca/fr/pdp/tabouret-de-bar-metal-et-bois-canvas-union-paq-2-brun-0687563p.html,https://media-www.canadiantire.ca/product/living/home-decor/furniture/0687563/canvas-union-stool-2-pk-29ecf7e3-3af9-4631-ab03-ba8946104db3-jpgrendition.jpg?im=whresize&wid=200&hei=200,https://media-www.canadiantire.ca/product/living/home-decor/furniture/0687563/canvas-union-stool-2-pk-29ecf7e3-3af9-4631-ab03-ba8946104db3-jpgrendition.jpg?im=whresize&wid=200&hei=200,,0687563,068-7563-8,Il n’en reste que 1 #068-7563-8,Liquidation◊Mieux notés,67.42,"74,93","229,99"
58,"London South, ON",Shark HyperAIR IQ - Sèche-cheveux ionique à séchage rapide avec concentrateur 2-en-1,Shark HyperAIR IQ - Sèche-cheveux ionique à séchage rapide avec concentrateur 2-en-1,99.93,"99,93 $",249.99,"Était±  249,99 $prix était 249,99 $",99.93,"99,93 $",99.93,"99,93 $",true,https://www.canadiantire.ca/fr/pdp/shark-hyperair-iq-seche-cheveux-ionique-a-sechage-rapide-avec-concentrateur-2-en-1-0438670p.html,https://www.canadiantire.ca/fr/pdp/shark-hyperair-iq-seche-cheveux-ionique-a-sechage-rapide-avec-concentrateur-2-en-1-0438670p.html,https://media-www.canadiantire.ca/product/living/personal-garment-care/personal-care/0438670/shark-hyperair-fast-drying-ionic-hair-dryer-9754f838-add4-4a69-ac79-92451a52ad69-jpgrendition.jpg?im=whresize&wid=200&hei=200,https://media-www.canadiantire.ca/product/living/personal-garment-care/personal-care/0438670/shark-hyperair-fast-drying-ionic-hair-dryer-9754f838-add4-4a69-ac79-92451a52ad69-jpgrendition.jpg?im=whresize&wid=200&hei=200,,0438670,043-8670-4,Il n’en reste que 1 #043-8670-4,Liquidation◊,60.03,"99,93","249,99"
58,"London South, ON","Mini lanterne de camping à piles Outbound avec crochet de suspension, 130 lumens","Mini lanterne de camping à piles Outbound avec crochet de suspension, 130 lumens",22.43,"22,43 $",44.99,"Était±  44,99 $prix était 44,99 $",22.43,"22,43 $",22.43,"22,43 $",true,https://www.canadiantire.ca/fr/pdp/mini-lanterne-de-camping-a-piles-outbound-avec-crochet-de-suspension-130-lumens-0765620p.html,https://www.canadiantire.ca/fr/pdp/mini-lanterne-de-camping-a-piles-outbound-avec-crochet-de-suspension-130-lumens-0765620p.html,https://media-www.canadiantire.ca/product/playing/camping/camping-living/0765620/outbound-mini-lantern-d60f44b8-fcd7-4c23-a4e5-fc550534f8a1-jpgrendition.jpg?im=whresize&wid=200&hei=200,https://media-www.canadiantire.ca/product/playing/camping/camping-living/0765620/outbound-mini-lantern-d60f44b8-fcd7-4c23-a4e5-fc550534f8a1-jpgrendition.jpg?im=whresize&wid=200&hei=200,,0765620,076-5620-4,16 En Stock#076-5620-4,Liquidation◊Mieux notés,50.14,"22,43","44,99"
58,"London South, ON","Chaise longue flottante gonflable en toile pour piscine Stella and Finn, 60 x 29 po, couleurs assorties","Chaise longue flottante gonflable en toile pour piscine Stella and Finn, 60 x 29 po, couleurs assorties",24.93,"24,93 $",49.99,"Était±  49,99 $prix était 49,99 $",24.93,"24,93 $",24.93,"24,93 $",true,https://www.canadiantire.ca/fr/pdp/chaise-longue-flottante-gonflable-en-toile-pour-piscine-stella-and-finn-60-x-29-po-couleurs-assorties-0810200p.html,https://www.canadiantire.ca/fr/pdp/chaise-longue-flottante-gonflable-en-toile-pour-piscine-stella-and-finn-60-x-29-po-couleurs-assorties-0810200p.html,https://media-www.canadiantire.ca/product/seasonal-gardening/backyard-fun/pool-fun/0810200/stella-finn-canvas-float-60x29-ee962c5a-577e-49a1-8b14-8fabb07ea846-jpgrendition.jpg?im=whresize&wid=200&hei=200,https://media-www.canadiantire.ca/product/seasonal-gardening/backyard-fun/pool-fun/0810200/stella-finn-canvas-float-60x29-ee962c5a-577e-49a1-8b14-8fabb07ea846-jpgrendition.jpg?im=whresize&wid=200&hei=200,,0810200,081-0200-0,,Liquidation◊Mieux notés,50.13,"24,93","49,99"
58,"London South, ON",Batterie de cuisine pour sac à dos Woods O'Hara,Batterie de cuisine pour sac à dos Woods O'Hara,24.93,"24,93 $",52.99,"Était±  52,99 $prix était 52,99 $",24.93,"24,93 $",24.93,"24,93 $",true,https://www.canadiantire.ca/fr/pdp/batterie-de-cuisine-pour-sac-a-dos-woods-o-hara-0766500p.html,https://www.canadiantire.ca/fr/pdp/batterie-de-cuisine-pour-sac-a-dos-woods-o-hara-0766500p.html,https://media-www.canadiantire.ca/product/playing/camping/camping-living/0766500/woods-o-hara-pot-set-0428ba47-d5f6-481e-9910-2a9cf8f10b99-jpgrendition.jpg?im=whresize&wid=200&hei=200,https://media-www.canadiantire.ca/product/playing/camping/camping-living/0766500/woods-o-hara-pot-set-0428ba47-d5f6-481e-9910-2a9cf8f10b99-jpgrendition.jpg?im=whresize&wid=200&hei=200,,0766500,076-6500-4,Il n’en reste que 1 #076-6500-4,Liquidation◊Mieux notés,52.95,"24,93","52,99"
58,"London South, ON","Chaussures aquatiques Outbound pour enfants, à enfiler, grises/noires","Chaussures aquatiques Outbound pour enfants, à enfiler, grises/noires",4.43,"4,43 $",11.99,"11,99 $Était   et+ prix était à partir de 11,99 $",4.43,"4,43 $",4.43,"4,43 $",true,https://www.canadiantire.ca/fr/pdp/chaussures-aquatiques-outbound-pour-enfants-a-enfiler-grises-noires-1872264p.html,https://www.canadiantire.ca/fr/pdp/chaussures-aquatiques-outbound-pour-enfants-a-enfiler-grises-noires-1872264p.html,https://media-www.canadiantire.ca/product/playing/footwear-apparel/summer-footwear-apparel/1872264/outbound-children-s-water-shoe-7-6de2f675-0e4b-44fb-b91f-4533aecb0d27-jpgrendition.jpg?im=whresize&wid=200&hei=200,https://media-www.canadiantire.ca/product/playing/footwear-apparel/summer-footwear-apparel/1872264/outbound-children-s-water-shoe-7-6de2f675-0e4b-44fb-b91f-4533aecb0d27-jpgrendition.jpg?im=whresize&wid=200&hei=200,,1872264,187-2264,Vérifiez la disponibilité#187-2264X,Liquidation◊Mieux notés,63.05,"4,43","11,99"
58,"London South, ON","Coussin de siège profond hydrofuge résistant aux taches CANVAS, bleu","Coussin de siège profond hydrofuge résistant aux taches CANVAS, bleu",69.93,"69,93 $",139.99,"Était±  139,99 $prix était 139,99 $",69.93,"69,93 $",69.93,"69,93 $",true,https://www.canadiantire.ca/fr/pdp/coussin-de-siege-profond-hydrofuge-resistant-aux-taches-canvas-bleu-0882125p.html,https://www.canadiantire.ca/fr/pdp/coussin-de-siege-profond-hydrofuge-resistant-aux-taches-canvas-bleu-0882125p.html,https://media-www.canadiantire.ca/product/seasonal-gardening/backyard-living/outdoor-living-accessories/0882125/canvas-deep-seat-chair-cushion-blue-27c8ec33-9c35-4fa3-b07d-4c393699e04a-jpgrendition.jpg?im=whresize&wid=200&hei=200,https://media-www.canadiantire.ca/product/seasonal-gardening/backyard-living/outdoor-living-accessories/0882125/canvas-deep-seat-chair-cushion-blue-27c8ec33-9c35-4fa3-b07d-4c393699e04a-jpgrendition.jpg?im=whresize&wid=200&hei=200,,0882125,088-2125-4,Il n’en reste que 6 #088-2125-4,Liquidation◊Exclusivité,50.05,"69,93","139,99"
58,"London South, ON","Table basse d'extérieur/de jardin CANVAS Hunter Circle, brun","Table basse d'extérieur/de jardin CANVAS Hunter Circle, brun",119.93,"119,93 $",279.99,"Était±  279,99 $prix était 279,99 $",119.93,"119,93 $",119.93,"119,93 $",true,https://www.canadiantire.ca/fr/pdp/table-basse-d-exterieur-de-jardin-canvas-hunter-circle-brun-1880276p.html,https://www.canadiantire.ca/fr/pdp/table-basse-d-exterieur-de-jardin-canvas-hunter-circle-brun-1880276p.html,https://media-www.canadiantire.ca/product/seasonal-gardening/backyard-living/outdoor-furniture/1880276/canvas-hunter-coffee-table-491473be-72a0-4025-be82-acb6220fc9a0-jpgrendition.jpg?im=whresize&wid=200&hei=200,https://media-www.canadiantire.ca/product/seasonal-gardening/backyard-living/outdoor-furniture/1880276/canvas-hunter-coffee-table-491473be-72a0-4025-be82-acb6220fc9a0-jpgrendition.jpg?im=whresize&wid=200&hei=200,,1880276,188-0276-8,Il n’en reste que 1 #188-0276-8,Liquidation◊Exclusivité,57.17,"119,93","279,99"
58,"London South, ON","Stylos à bille rétractable Paper Mate InkJoy 300RT, pointe moyenne (1,0 mm), couleurs variées, paq. 8","Stylos à bille rétractable Paper Mate InkJoy 300RT, pointe moyenne (1,0 mm), couleurs variées, paq. 8",3.43,"3,43 $",6.99,"Était±  6,99 $prix était 6,99 $",3.43,"3,43 $",3.43,"3,43 $",true,https://www.canadiantire.ca/fr/pdp/stylos-a-bille-retractable-paper-mate-inkjoy-300rt-pointe-moyenne-1-0-mm-couleurs-variees-paq-8-1424126p.html,https://www.canadiantire.ca/fr/pdp/stylos-a-bille-retractable-paper-mate-inkjoy-300rt-pointe-moyenne-1-0-mm-couleurs-variees-paq-8-1424126p.html,https://media-www.canadiantire.ca/product/seasonal-gardening/toys/home-office-supplies/1424126/inkjoy-300rt-8-count-fasn-038b39f4-577a-4cdc-813e-38423483f11a-jpgrendition.jpg?im=whresize&wid=200&hei=200,https://media-www.canadiantire.ca/product/seasonal-gardening/toys/home-office-supplies/1424126/inkjoy-300rt-8-count-fasn-038b39f4-577a-4cdc-813e-38423483f11a-jpgrendition.jpg?im=whresize&wid=200&hei=200,,1424126,142-4126-0,,Liquidation◊Mieux notés,50.93,"3,43","6,99"
58,"London South, ON",Panneau de mur végétal CANVAS Horizon,Panneau de mur végétal CANVAS Horizon,129.93,"129,93 $",299.99,"Était±  299,99 $prix était 299,99 $",129.93,"129,93 $",129.93,"129,93 $",true,https://www.canadiantire.ca/fr/pdp/panneau-de-mur-vegetal-canvas-horizon-1881323p.html,https://www.canadiantire.ca/fr/pdp/panneau-de-mur-vegetal-canvas-horizon-1881323p.html,https://media-www.canadiantire.ca/product/seasonal-gardening/backyard-living/outdoor-furniture/1881323/canvas-horizon-living-wall-panel-72679b9b-e8c8-474d-a651-97d97c1f1f8b-jpgrendition.jpg?im=whresize&wid=200&hei=200,https://media-www.canadiantire.ca/product/seasonal-gardening/backyard-living/outdoor-furniture/1881323/canvas-horizon-living-wall-panel-72679b9b-e8c8-474d-a651-97d97c1f1f8b-jpgrendition.jpg?im=whresize&wid=200&hei=200,,1881323,188-1323-0,Il n’en reste que 4 #188-1323-0,Liquidation◊Exclusivité,56.69,"129,93","299,99"
58,"London South, ON","Tapis de salle de bains en mousse viscoélastique For Living, 20 x 34 po","Tapis de salle de bains en mousse viscoélastique For Living, 20 x 34 po",9.93,"9,93 $",19.99,"19,99 $Était   et+ prix était à partir de 19,99 $",9.93,"9,93 $",9.93,"9,93 $",true,https://www.canadiantire.ca/fr/pdp/tapis-de-salle-de-bains-en-mousse-viscoelastique-for-living-20-x-34-po-0632716p.html,https://www.canadiantire.ca/fr/pdp/tapis-de-salle-de-bains-en-mousse-viscoelastique-for-living-20-x-34-po-0632716p.html,https://media-www.canadiantire.ca/product/living/home-decor/bed-bath-decor/0632716/grey-memory-foam-bathroom-mat-20x34-113377ca-3b86-4ef6-b896-8244d52d7afd-jpgrendition.jpg?im=whresize&wid=200&hei=200,https://media-www.canadiantire.ca/product/living/home-decor/bed-bath-decor/0632716/grey-memory-foam-bathroom-mat-20x34-113377ca-3b86-4ef6-b896-8244d52d7afd-jpgrendition.jpg?im=whresize&wid=200&hei=200,,0632716,063-2716,Vérifiez la disponibilité#063-2716X,Liquidation◊Exclusivité,50.33,"9,93","19,99"
58,"London South, ON","Bac à litière fermé à entrée par le haut So Phresh avec couvercle, havane","Bac à litière fermé à entrée par le haut So Phresh avec couvercle, havane",24.93,"24,93 $",54.99,"Était±  54,99 $prix était 54,99 $",24.93,"24,93 $",24.93,"24,93 $",true,https://www.canadiantire.ca/fr/pdp/bac-a-litiere-ferme-a-entree-par-le-haut-so-phresh-avec-couvercle-havane-2425660p.html,https://www.canadiantire.ca/fr/pdp/bac-a-litiere-ferme-a-entree-par-le-haut-so-phresh-avec-couvercle-havane-2425660p.html,https://media-www.canadiantire.ca/product/living/pet-care/pet-accessories/2425660/sophresh-23-x15-top-entry-enclosed-litter-box-633e81d0-2ff6-4f89-91d5-2053c2a95574-jpgrendition.jpg?im=whresize&wid=200&hei=200,https://media-www.canadiantire.ca/product/living/pet-care/pet-accessories/2425660/sophresh-23-x15-top-entry-enclosed-litter-box-633e81d0-2ff6-4f89-91d5-2053c2a95574-jpgrendition.jpg?im=whresize&wid=200&hei=200,,2425660,242-5660-2,Il n’en reste que 2 #242-5660-2,Liquidation◊Mieux notés,54.66,"24,93","54,99"
58,"London South, ON","Pagaie de kayak classique Pelican, aluminium, 220 cm (87 po), vert","Pagaie de kayak classique Pelican, aluminium, 220 cm (87 po), vert",24.93,"24,93 $",59.99,"Était±  59,99 $prix était 59,99 $",24.93,"24,93 $",24.93,"24,93 $",true,https://www.canadiantire.ca/fr/pdp/pagaie-de-kayak-classique-pelican-aluminium-220-cm-87-po-vert-0791265p.html,https://www.canadiantire.ca/fr/pdp/pagaie-de-kayak-classique-pelican-aluminium-220-cm-87-po-vert-0791265p.html,https://media-www.canadiantire.ca/product/playing/seasonal-recreation/marine-water-fun/0791265/pelican-kayak-paddle-84-green-76bce811-ce32-4e15-abca-9dde51e5bb40-jpgrendition.jpg?im=whresize&wid=200&hei=200,https://media-www.canadiantire.ca/product/playing/seasonal-recreation/marine-water-fun/0791265/pelican-kayak-paddle-84-green-76bce811-ce32-4e15-abca-9dde51e5bb40-jpgrendition.jpg?im=whresize&wid=200&hei=200,,0791265,079-1265-8,,Liquidation◊Mieux notés,58.44,"24,93","59,99"
58,"London South, ON","Short de randonnée en nylon et élasthanne Outbound, femmes, gris","Short de randonnée en nylon et élasthanne Outbound, femmes, gris",9.93,"9,93 $",25.99,"25,99 $Était   et+ prix était à partir de 25,99 $",9.93,"9,93 $",9.93,"9,93 $",true,https://www.canadiantire.ca/fr/pdp/short-de-randonnee-en-nylon-et-elasthanne-outbound-femmes-gris-1873983p.html,https://www.canadiantire.ca/fr/pdp/short-de-randonnee-en-nylon-et-elasthanne-outbound-femmes-gris-1873983p.html,https://media-www.canadiantire.ca/product/playing/footwear-apparel/summer-footwear-apparel/1873983/outbound-nylon-spandex-women-s-shorts-size-s-0d9780b6-6583-4cea-9707-2cad0f0ccab5-jpgrendition.jpg?im=whresize&wid=200&hei=200,https://media-www.canadiantire.ca/product/playing/footwear-apparel/summer-footwear-apparel/1873983/outbound-nylon-spandex-women-s-shorts-size-s-0d9780b6-6583-4cea-9707-2cad0f0ccab5-jpgrendition.jpg?im=whresize&wid=200&hei=200,,1873983,187-3983,Vérifiez la disponibilité#187-3983X,Liquidation◊Exclusivité,61.79,"9,93","25,99"
58,"London South, ON","Surligneurs BIC Intensity à pointe biseautée, pastel, paq. 6","Surligneurs BIC Intensity à pointe biseautée, pastel, paq. 6",3.43,"3,43 $",6.99,"Était±  6,99 $prix était 6,99 $",3.43,"3,43 $",3.43,"3,43 $",true,https://www.canadiantire.ca/fr/pdp/surligneurs-bic-intensity-a-pointe-biseautee-pastel-paq-6-2420342p.html,https://www.canadiantire.ca/fr/pdp/surligneurs-bic-intensity-a-pointe-biseautee-pastel-paq-6-2420342p.html,https://media-www.canadiantire.ca/product/seasonal-gardening/toys/home-office-supplies/2420342/bic-intensity-highlighter-pastel-6pk-92a94091-d9ce-46d8-ad02-49d33c9dfd66-jpgrendition.jpg?im=whresize&wid=200&hei=200,https://media-www.canadiantire.ca/product/seasonal-gardening/toys/home-office-supplies/2420342/bic-intensity-highlighter-pastel-6pk-92a94091-d9ce-46d8-ad02-49d33c9dfd66-jpgrendition.jpg?im=whresize&wid=200&hei=200,,2420342,242-0342-0,,Liquidation◊Mieux notés,50.93,"3,43","6,99"
58,"London South, ON","Cubes de rangement pour sac à dos de camping Outbound, vert","Cubes de rangement pour sac à dos de camping Outbound, vert",12.93,"12,93 $",27.99,"Était±  27,99 $prix était 27,99 $",12.93,"12,93 $",12.93,"12,93 $",true,https://www.canadiantire.ca/fr/pdp/cubes-de-rangement-pour-sac-a-dos-de-camping-outbound-vert-0766609p.html,https://www.canadiantire.ca/fr/pdp/cubes-de-rangement-pour-sac-a-dos-de-camping-outbound-vert-0766609p.html,https://media-www.canadiantire.ca/product/playing/camping/backpacks-luggage-accessories/0766609/outbound-backpack-packing-cubes-a6686238-2cf8-4e3c-89f0-fe6ff2f2e752-jpgrendition.jpg?im=whresize&wid=200&hei=200,https://media-www.canadiantire.ca/product/playing/camping/backpacks-luggage-accessories/0766609/outbound-backpack-packing-cubes-a6686238-2cf8-4e3c-89f0-fe6ff2f2e752-jpgrendition.jpg?im=whresize&wid=200&hei=200,,0766609,076-6609-8,Il n’en reste que 2 #076-6609-8,Liquidation◊Exclusivité,53.8,"12,93","27,99"
58,"London South, ON","Recharge de mousse non toxique Fom Mania Fomanche, transparent, 12 oz, 5 ans et plus, pour activités estivales/d'extérieur","Recharge de mousse non toxique Fom Mania Fomanche, transparent, 12 oz, 5 ans et plus, pour activités estivales/d'extérieur",2.93,"2,93 $",8.49,"Était±  8,49 $prix était 8,49 $",2.93,"2,93 $",2.93,"2,93 $",true,https://www.canadiantire.ca/fr/pdp/recharge-de-mousse-non-toxique-fom-mania-fomanche-transparent-12-oz-5-ans-et-plus-pour-activites-estivales-d-exterieur-0508702p.html,https://www.canadiantire.ca/fr/pdp/recharge-de-mousse-non-toxique-fom-mania-fomanche-transparent-12-oz-5-ans-et-plus-pour-activites-estivales-d-exterieur-0508702p.html,https://media-www.canadiantire.ca/product/seasonal-gardening/toys/seasonal-toys/0508702/fomalanche-refills-70cfff0f-25c8-4b83-aae3-39a23b5cd154-jpgrendition.jpg?im=whresize&wid=200&hei=200,https://media-www.canadiantire.ca/product/seasonal-gardening/toys/seasonal-toys/0508702/fomalanche-refills-70cfff0f-25c8-4b83-aae3-39a23b5cd154-jpgrendition.jpg?im=whresize&wid=200&hei=200,,0508702,050-8702-2,,Liquidation◊,65.49,"2,93","8,49"
58,"London South, ON","Contenant The Home Edit par iDesign, outils pour cheveux","Contenant The Home Edit par iDesign, outils pour cheveux",9.93,"9,93 $",19.99,"Était±  19,99 $prix était 19,99 $",9.93,"9,93 $",9.93,"9,93 $",true,https://www.canadiantire.ca/fr/pdp/contenant-the-home-edit-par-idesign-outils-pour-cheveux-0636322p.html,https://www.canadiantire.ca/fr/pdp/contenant-the-home-edit-par-idesign-outils-pour-cheveux-0636322p.html,https://media-www.canadiantire.ca/product/living/home-decor/bed-bath-decor/0636334/the-home-edit-tall-bin-divider-3a2ac359-b6eb-4ce8-8e14-e91e10249df7-jpgrendition.jpg?im=whresize&wid=200&hei=200,https://media-www.canadiantire.ca/product/living/home-decor/bed-bath-decor/0636334/the-home-edit-tall-bin-divider-3a2ac359-b6eb-4ce8-8e14-e91e10249df7-jpgrendition.jpg?im=whresize&wid=200&hei=200,,0636322,063-6322-8,8 En Stock#063-6322-8,Liquidation◊Articles à succès,50.33,"9,93","19,99"
58,"London South, ON","Treuil en acier pour VTT MotoMaster, 3 500 lb","Treuil en acier pour VTT MotoMaster, 3 500 lb",123.93,"123,93 $",249.99,"Était±  249,99 $prix était 249,99 $",123.93,"123,93 $",123.93,"123,93 $",true,https://www.canadiantire.ca/fr/pdp/treuil-en-acier-pour-vtt-motomaster-3-500-lb-1400067p.html,https://www.canadiantire.ca/fr/pdp/treuil-en-acier-pour-vtt-motomaster-3-500-lb-1400067p.html,https://media-www.canadiantire.ca/product/automotive/automotive-outdoor-adventure/powersport/1400067/motomaster-3500lb-atv-winch-7eb3b10c-89d2-4b16-8b92-f191e7ed585c-jpgrendition.jpg?im=whresize&wid=200&hei=200,https://media-www.canadiantire.ca/product/automotive/automotive-outdoor-adventure/powersport/1400067/motomaster-3500lb-atv-winch-7eb3b10c-89d2-4b16-8b92-f191e7ed585c-jpgrendition.jpg?im=whresize&wid=200&hei=200,,1400067,140-0067-8,Il n’en reste que 2 #140-0067-8,Liquidation◊Mieux notés,50.43,"123,93","249,99"
58,"London South, ON","Bâton lumineux/lampe de sécurité étanche Outbound, 12 heures, pour le camping, la randonnée et le bateau, paq. 8","Bâton lumineux/lampe de sécurité étanche Outbound, 12 heures, pour le camping, la randonnée et le bateau, paq. 8",4.93,"4,93 $",11.99,"Était±  11,99 $prix était 11,99 $",4.93,"4,93 $",4.93,"4,93 $",true,https://www.canadiantire.ca/fr/pdp/baton-lumineux-lampe-de-securite-etanche-outbound-12-heures-pour-le-camping-la-randonnee-et-le-bateau-paq-8-0765649p.html,https://www.canadiantire.ca/fr/pdp/baton-lumineux-lampe-de-securite-etanche-outbound-12-heures-pour-le-camping-la-randonnee-et-le-bateau-paq-8-0765649p.html,https://media-www.canadiantire.ca/product/playing/camping/camping-accessories/0765649/outbound-glow-sticks-69cd1ed2-f0a4-4ea3-85e9-4b204b01518b-jpgrendition.jpg?im=whresize&wid=200&hei=200,https://media-www.canadiantire.ca/product/playing/camping/camping-accessories/0765649/outbound-glow-sticks-69cd1ed2-f0a4-4ea3-85e9-4b204b01518b-jpgrendition.jpg?im=whresize&wid=200&hei=200,,0765649,076-5649-8,,Liquidation◊Exclusivité,58.88,"4,93","11,99"
58,"London South, ON","Virevent paon For Living, 47,64 po","Virevent paon For Living, 47,64 po",14.93,"14,93 $",37.99,"Était±  37,99 $prix était 37,99 $",14.93,"14,93 $",14.93,"14,93 $",true,https://www.canadiantire.ca/fr/pdp/virevent-paon-for-living-47-64-po-0597831p.html,https://www.canadiantire.ca/fr/pdp/virevent-paon-for-living-47-64-po-0597831p.html,https://media-www.canadiantire.ca/product/seasonal-gardening/backyard-living/outdoor-living-accessories/0597831/for-living-peacock-wind-spinner-garden-stake-5be5905c-4337-4511-a0d5-bb03ffa2088b-jpgrendition.jpg?im=whresize&wid=200&hei=200,https://media-www.canadiantire.ca/product/seasonal-gardening/backyard-living/outdoor-living-accessories/0597831/for-living-peacock-wind-spinner-garden-stake-5be5905c-4337-4511-a0d5-bb03ffa2088b-jpgrendition.jpg?im=whresize&wid=200&hei=200,,0597831,059-7831-2,Il n’en reste que 2 #059-7831-2,Liquidation◊Exclusivité,60.7,"14,93","37,99"
58,"London South, ON",Sangle de kayak sans anneau robuste,Sangle de kayak sans anneau robuste,4.93,"4,93 $",14.99,"Était±  14,99 $prix était 14,99 $",4.93,"4,93 $",4.93,"4,93 $",true,https://www.canadiantire.ca/fr/pdp/sangle-de-kayak-sans-anneau-robuste-0793323p.html,https://www.canadiantire.ca/fr/pdp/sangle-de-kayak-sans-anneau-robuste-0793323p.html,https://media-www.canadiantire.ca/product/playing/seasonal-recreation/marine-power-boating/0793323/seattlesport-coil-less-sportsman-paddle-leash-72e2b725-286b-479f-93cd-12d21e86d4d1-jpgrendition.jpg?im=whresize&wid=200&hei=200,https://media-www.canadiantire.ca/product/playing/seasonal-recreation/marine-power-boating/0793323/seattlesport-coil-less-sportsman-paddle-leash-72e2b725-286b-479f-93cd-12d21e86d4d1-jpgrendition.jpg?im=whresize&wid=200&hei=200,,0793323,079-3323-8,,Liquidation◊Mieux notés,67.11,"4,93","14,99"
58,"London South, ON","Système d'organisation de la lessive Type A Linear à 1 unité, blanc","Système d'organisation de la lessive Type A Linear à 1 unité, blanc",34.93,"34,93 $",99.99,"Était±  99,99 $prix était 99,99 $",34.93,"34,93 $",34.93,"34,93 $",true,https://www.canadiantire.ca/fr/pdp/systeme-d-organisation-de-la-lessive-type-a-linear-a-1-unite-blanc-2420003p.html,https://www.canadiantire.ca/fr/pdp/systeme-d-organisation-de-la-lessive-type-a-linear-a-1-unite-blanc-2420003p.html,https://media-www.canadiantire.ca/product/living/home-organization/laundry/2420003/type-a-single-unit-laundry-organization-system-bdd82a3e-249f-4a5e-8f15-c46219c7a1b7-jpgrendition.jpg?im=whresize&wid=200&hei=200,https://media-www.canadiantire.ca/product/living/home-organization/laundry/2420003/type-a-single-unit-laundry-organization-system-bdd82a3e-249f-4a5e-8f15-c46219c7a1b7-jpgrendition.jpg?im=whresize&wid=200&hei=200,,2420003,242-0003-8,Il n’en reste que 1 #242-0003-8,Liquidation◊Mieux notés,65.07,"34,93","99,99"
58,"London South, ON",Cap Barbell Strength - Banc de musculation utilitaire réglable permettant un entraînement complet avec un ensemble de poids de 100 lb,Cap Barbell Strength - Banc de musculation utilitaire réglable permettant un entraînement complet avec un ensemble de poids de 100 lb,139.93,"139,93 $",299.99,"Était±  299,99 $prix était 299,99 $",139.93,"139,93 $",139.93,"139,93 $",true,https://www.canadiantire.ca/fr/pdp/cap-barbell-strength-banc-de-musculation-utilitaire-reglable-permettant-un-entrainement-complet-avec-un-ensemble-de-poids-de-100-lb-0840542p.html,https://www.canadiantire.ca/fr/pdp/cap-barbell-strength-banc-de-musculation-utilitaire-reglable-permettant-un-entrainement-complet-avec-un-ensemble-de-poids-de-100-lb-0840542p.html,https://media-www.canadiantire.ca/product/playing/exercise/exercise-equipment/0840542/bench-100lb-weight-set-67a783f2-a5df-4a55-85cf-c776d27eb78d-jpgrendition.jpg?im=whresize&wid=200&hei=200,https://media-www.canadiantire.ca/product/playing/exercise/exercise-equipment/0840542/bench-100lb-weight-set-67a783f2-a5df-4a55-85cf-c776d27eb78d-jpgrendition.jpg?im=whresize&wid=200&hei=200,,0840542,084-0542-0,,Liquidation◊,53.36,"139,93","299,99"
58,"London South, ON",Thermomètre à viande numérique sans fil Vermont Castings,Thermomètre à viande numérique sans fil Vermont Castings,59.93,"59,93 $",119.99,"Était±  119,99 $prix était 119,99 $",59.93,"59,93 $",59.93,"59,93 $",true,https://www.canadiantire.ca/fr/pdp/thermometre-a-viande-numerique-sans-fil-vermont-castings-0853780p.html,https://www.canadiantire.ca/fr/pdp/thermometre-a-viande-numerique-sans-fil-vermont-castings-0853780p.html,https://media-www.canadiantire.ca/product/seasonal-gardening/backyard-living/outdoor-cooking-accessories/0853780/vermont-castings-digital-thermometer-d071313c-23d6-4a8e-9c07-7cef9f0e81fd-jpgrendition.jpg?im=whresize&wid=200&hei=200,https://media-www.canadiantire.ca/product/seasonal-gardening/backyard-living/outdoor-cooking-accessories/0853780/vermont-castings-digital-thermometer-d071313c-23d6-4a8e-9c07-7cef9f0e81fd-jpgrendition.jpg?im=whresize&wid=200&hei=200,,0853780,085-3780-2,Il n’en reste que 1 #085-3780-2,Liquidation◊Exclusivité,50.05,"59,93","119,99"
58,"London South, ON","Coussin lombaire quadrillé CANVAS, résistant à l'eau, aux taches et à la décoloration, 12 x 20 po","Coussin lombaire quadrillé CANVAS, résistant à l'eau, aux taches et à la décoloration, 12 x 20 po",9.93,"9,93 $",24.99,"Était±  24,99 $prix était 24,99 $",9.93,"9,93 $",9.93,"9,93 $",true,https://www.canadiantire.ca/fr/pdp/coussin-lombaire-quadrille-canvas-resistant-a-l-eau-aux-taches-et-a-la-decoloration-12-x-20-po-0882399p.html,https://www.canadiantire.ca/fr/pdp/coussin-lombaire-quadrille-canvas-resistant-a-l-eau-aux-taches-et-a-la-decoloration-12-x-20-po-0882399p.html,https://media-www.canadiantire.ca/product/seasonal-gardening/backyard-living/outdoor-living-accessories/0882399/canvas-grid-12-x20-lumbar-cushion-4060c439-9c63-4d2b-8553-b82eaf78466b-jpgrendition.jpg?im=whresize&wid=200&hei=200,https://media-www.canadiantire.ca/product/seasonal-gardening/backyard-living/outdoor-living-accessories/0882399/canvas-grid-12-x20-lumbar-cushion-4060c439-9c63-4d2b-8553-b82eaf78466b-jpgrendition.jpg?im=whresize&wid=200&hei=200,,0882399,088-2399-2,,Liquidation◊Mieux notés,60.26,"9,93","24,99"
58,"London South, ON","Chaussures de randonnée de sécurité à coupe basse Stanley CSA pour hommes, tailles variées","Chaussures de randonnée de sécurité à coupe basse Stanley CSA pour hommes, tailles variées",56.93,"56,93 $",119.99,"119,99 $Était   et+ prix était à partir de 119,99 $",56.93,"56,93 $",56.93,"56,93 $",true,https://www.canadiantire.ca/fr/pdp/chaussures-de-randonnee-de-securite-a-coupe-basse-stanley-csa-pour-hommes-tailles-variees-1871797p.html,https://www.canadiantire.ca/fr/pdp/chaussures-de-randonnee-de-securite-a-coupe-basse-stanley-csa-pour-hommes-tailles-variees-1871797p.html,https://media-www.canadiantire.ca/product/playing/footwear-apparel/work-footwear-apparel/1871797/stanley-men-s-low-cut-csa-hiker-size-7-bebdb36c-7d5f-4bb3-baa0-4ad3368adc08-jpgrendition.jpg?im=whresize&wid=200&hei=200,https://media-www.canadiantire.ca/product/playing/footwear-apparel/work-footwear-apparel/1871797/stanley-men-s-low-cut-csa-hiker-size-7-bebdb36c-7d5f-4bb3-baa0-4ad3368adc08-jpgrendition.jpg?im=whresize&wid=200&hei=200,,1871797,187-1797,Vérifiez la disponibilité#187-1797X,Liquidation◊Mieux notés,52.55,"56,93","119,99"
58,"London South, ON","Casque de vélo Raleigh Venture MIPS, jeune, gris/orange","Casque de vélo Raleigh Venture MIPS, jeune, gris/orange",39.99,"39,99 $",79.99,"Était±  79,99 $prix était 79,99 $",39.99,"39,99 $",39.99,"39,99 $",true,https://www.canadiantire.ca/fr/pdp/casque-de-velo-raleigh-venture-mips-jeune-gris-orange-0733635p.html,https://www.canadiantire.ca/fr/pdp/casque-de-velo-raleigh-venture-mips-jeune-gris-orange-0733635p.html,https://media-www.canadiantire.ca/product/playing/cycling/bicycle-accessories/0733635/raleigh-venture-youth-mips-bike-helmet-grey-orange-8646df90-04ba-4f82-bd51-5facc8d31343-jpgrendition.jpg?im=whresize&wid=200&hei=200,https://media-www.canadiantire.ca/product/playing/cycling/bicycle-accessories/0733635/raleigh-venture-youth-mips-bike-helmet-grey-orange-8646df90-04ba-4f82-bd51-5facc8d31343-jpgrendition.jpg?im=whresize&wid=200&hei=200,,0733635,073-3635-8,Il n’en reste que 2 #073-3635-8,Liquidation◊Mieux notés,50.01,"39,99","79,99"
58,"London South, ON","Sac fourre-tout de camping Woods Haul 45, 45 L, anthracite","Sac fourre-tout de camping Woods Haul 45, 45 L, anthracite",49.93,"49,93 $",99.99,"Était±  99,99 $prix était 99,99 $",49.93,"49,93 $",49.93,"49,93 $",true,https://www.canadiantire.ca/fr/pdp/sac-fourre-tout-de-camping-woods-haul-45-45-l-anthracite-0766610p.html,https://www.canadiantire.ca/fr/pdp/sac-fourre-tout-de-camping-woods-haul-45-45-l-anthracite-0766610p.html,https://media-www.canadiantire.ca/product/playing/camping/backpacks-luggage-accessories/0766610/woods-campfire-tote-a68e35d0-677b-486b-ad97-24a2ad763e01-jpgrendition.jpg?im=whresize&wid=200&hei=200,https://media-www.canadiantire.ca/product/playing/camping/backpacks-luggage-accessories/0766610/woods-campfire-tote-a68e35d0-677b-486b-ad97-24a2ad763e01-jpgrendition.jpg?im=whresize&wid=200&hei=200,,0766610,076-6610-2,Il n’en reste que 2 #076-6610-2,Liquidation◊Exclusivité,50.07,"49,93","99,99"
58,"London South, ON","Ponceuse pneumatique légère à double action DeWALT DWMT70780 avec gâchette à commande tactile, 12 000 tr/min","Ponceuse pneumatique légère à double action DeWALT DWMT70780 avec gâchette à commande tactile, 12 000 tr/min",79.93,"79,93 $",169.99,"Était±  169,99 $prix était 169,99 $",79.93,"79,93 $",79.93,"79,93 $",true,https://www.canadiantire.ca/fr/pdp/ponceuse-pneumatique-legere-a-double-action-dewalt-dwmt70780-avec-gachette-a-commande-tactile-12-000-tr-min-0589848p.html,https://www.canadiantire.ca/fr/pdp/ponceuse-pneumatique-legere-a-double-action-dewalt-dwmt70780-avec-gachette-a-commande-tactile-12-000-tr-min-0589848p.html,https://media-www.canadiantire.ca/product/fixing/tools/air-tools-accessories/0589848/dewalt-dual-action-air-sander-fcfb25c0-0291-4c22-ba17-189152751fbe-jpgrendition.jpg?im=whresize&wid=200&hei=200,https://media-www.canadiantire.ca/product/fixing/tools/air-tools-accessories/0589848/dewalt-dual-action-air-sander-fcfb25c0-0291-4c22-ba17-189152751fbe-jpgrendition.jpg?im=whresize&wid=200&hei=200,,0589848,058-9848-4,Il n’en reste que 2 #058-9848-4,Liquidation◊,52.98,"79,93","169,99"
58,"London South, ON","Gilet de sauvetage/veste de flottaison pour chiens Petco, imperméable, tailles variées, jaune","Gilet de sauvetage/veste de flottaison pour chiens Petco, imperméable, tailles variées, jaune",7.93,"7,93 $",44.99,"44,99 $Était   et+ prix était à partir de 44,99 $",7.93,"7,93 $",7.93,"7,93 $",true,https://www.canadiantire.ca/fr/pdp/gilet-de-sauvetage-veste-de-flottaison-pour-chiens-petco-impermeable-tailles-variees-jaune-1423977p.html,https://www.canadiantire.ca/fr/pdp/gilet-de-sauvetage-veste-de-flottaison-pour-chiens-petco-impermeable-tailles-variees-jaune-1423977p.html,https://media-www.canadiantire.ca/product/living/pet-care/pet-accessories/1423976/petco-yellow-dog-flotation-vest-medium-e440def6-f557-47fa-be02-0ffe37483aa5-jpgrendition.jpg?im=whresize&wid=200&hei=200,https://media-www.canadiantire.ca/product/living/pet-care/pet-accessories/1423976/petco-yellow-dog-flotation-vest-medium-e440def6-f557-47fa-be02-0ffe37483aa5-jpgrendition.jpg?im=whresize&wid=200&hei=200,,1423977,142-3975,Vérifiez la disponibilité#142-3975X,Liquidation◊Mieux notés,82.37,"7,93","44,99"
58,"London South, ON","Chiffons vaisselle en coton gaufré MASTER Chef à motif à carreaux, choix de couleurs, 14 x 14 po, paq. 12","Chiffons vaisselle en coton gaufré MASTER Chef à motif à carreaux, choix de couleurs, 14 x 14 po, paq. 12",7.93,"7,93 $",19.99,"Était±  19,99 $prix était 19,99 $",7.93,"7,93 $",7.93,"7,93 $",true,https://www.canadiantire.ca/fr/pdp/chiffons-vaisselle-en-coton-gaufre-master-chef-a-motif-a-carreaux-choix-de-couleurs-14-x-14-po-paq-12-1422705p.html,https://www.canadiantire.ca/fr/pdp/chiffons-vaisselle-en-coton-gaufre-master-chef-a-motif-a-carreaux-choix-de-couleurs-14-x-14-po-paq-12-1422705p.html,https://media-www.canadiantire.ca/product/living/kitchen/dining-and-entertaining/1422705/masterchef-12-pack-dish-cloths-11c8cd4b-0f79-44f9-870b-6a5129d614ed-jpgrendition.jpg?im=whresize&wid=200&hei=200,https://media-www.canadiantire.ca/product/living/kitchen/dining-and-entertaining/1422705/masterchef-12-pack-dish-cloths-11c8cd4b-0f79-44f9-870b-6a5129d614ed-jpgrendition.jpg?im=whresize&wid=200&hei=200,,1422705,142-2705-4,,Liquidation◊Exclusivité,60.33,"7,93","19,99"
58,"London South, ON","Tasse de voyage portative Contigo Shake & Go avec couvercle antifuite, couleurs variées, 20 oz","Tasse de voyage portative Contigo Shake & Go avec couvercle antifuite, couleurs variées, 20 oz",9.93,"9,93 $",26.99,"26,99 $Était   et+ prix était à partir de 26,99 $",9.93,"9,93 $",9.93,"9,93 $",true,https://www.canadiantire.ca/fr/pdp/tasse-de-voyage-portative-contigo-shake-go-avec-couvercle-antifuite-couleurs-variees-20-oz-2421071p.html,https://www.canadiantire.ca/fr/pdp/tasse-de-voyage-portative-contigo-shake-go-avec-couvercle-antifuite-couleurs-variees-20-oz-2421071p.html,https://media-www.canadiantire.ca/product/living/kitchen/food-storage/2421072/contigo-shake-go-20oz-tumbler-glacier-2ca2963b-854d-4a54-8d22-436cd3b4f98b-jpgrendition.jpg?im=whresize&wid=200&hei=200,https://media-www.canadiantire.ca/product/living/kitchen/food-storage/2421072/contigo-shake-go-20oz-tumbler-glacier-2ca2963b-854d-4a54-8d22-436cd3b4f98b-jpgrendition.jpg?im=whresize&wid=200&hei=200,,2421071,242-1071,Vérifiez la disponibilité#242-1071X,Liquidation◊Mieux notés,63.21,"9,93","26,99"
58,"London South, ON","Bol Manna Milo, paroi simple, 4 tasses","Bol Manna Milo, paroi simple, 4 tasses",12.93,"12,93 $",35.99,"35,99 $Était   et+ prix était à partir de 35,99 $",12.93,"12,93 $",12.93,"12,93 $",true,https://www.canadiantire.ca/fr/pdp/bol-manna-milo-paroi-simple-4-tasses-1427562p.html,https://www.canadiantire.ca/fr/pdp/bol-manna-milo-paroi-simple-4-tasses-1427562p.html,https://media-www.canadiantire.ca/product/living/pet-care/pet-accessories/1427562/manna-milo-bowl-single-walled-blk-4-cup-6d0e258b-0d9d-44bd-b344-8eabe5a38161-jpgrendition.jpg?im=whresize&wid=200&hei=200,https://media-www.canadiantire.ca/product/living/pet-care/pet-accessories/1427562/manna-milo-bowl-single-walled-blk-4-cup-6d0e258b-0d9d-44bd-b344-8eabe5a38161-jpgrendition.jpg?im=whresize&wid=200&hei=200,,1427562,142-7562,Vérifiez la disponibilité#142-7562X,Liquidation◊,64.07,"12,93","35,99"
58,"London South, ON","Huile à moteur 10W-30 4 temps BRP XPS Marine, 1 L","Huile à moteur 10W-30 4 temps BRP XPS Marine, 1 L",10.93,"10,93 $",22.99,"Était±  22,99 $prix était 22,99 $",10.93,"10,93 $",10.93,"10,93 $",true,https://www.canadiantire.ca/fr/pdp/huile-a-moteur-10w-30-4-temps-brp-xps-marine-1-l-0281884p.html,https://www.canadiantire.ca/fr/pdp/huile-a-moteur-10w-30-4-temps-brp-xps-marine-1-l-0281884p.html,https://media-www.canadiantire.ca/product/automotive/auto-maintenance/specialty-oil-lubricants/0281884/brp-xps-4-cycle-10w30-1l-4ff39db0-9e85-4434-86ab-fde25c6b6f2c-jpgrendition.jpg?im=whresize&wid=200&hei=200,https://media-www.canadiantire.ca/product/automotive/auto-maintenance/specialty-oil-lubricants/0281884/brp-xps-4-cycle-10w30-1l-4ff39db0-9e85-4434-86ab-fde25c6b6f2c-jpgrendition.jpg?im=whresize&wid=200&hei=200,,0281884,028-1884-6,Il n’en reste que 6 #028-1884-6,Liquidation◊Mieux notés,52.46,"10,93","22,99"
58,"London South, ON","Sangle à cliquet MotoMaster Tire Bonnet, résistance à la rupture de 10 000 lb, 2 po","Sangle à cliquet MotoMaster Tire Bonnet, résistance à la rupture de 10 000 lb, 2 po",24.93,"24,93 $",52.99,"Était±  52,99 $prix était 52,99 $",24.93,"24,93 $",24.93,"24,93 $",true,https://www.canadiantire.ca/fr/pdp/sangle-a-cliquet-motomaster-tire-bonnet-resistance-a-la-rupture-de-10-000-lb-2-po-0403059p.html,https://www.canadiantire.ca/fr/pdp/sangle-a-cliquet-motomaster-tire-bonnet-resistance-a-la-rupture-de-10-000-lb-2-po-0403059p.html,https://media-www.canadiantire.ca/product/automotive/automotive-outdoor-adventure/tarps-cords/0403059/10-000lb-tire-bonnet-ratchet-tie-down-1-pk-486469da-61b4-4ac6-b835-7eed7496afde-jpgrendition.jpg?im=whresize&wid=200&hei=200,https://media-www.canadiantire.ca/product/automotive/automotive-outdoor-adventure/tarps-cords/0403059/10-000lb-tire-bonnet-ratchet-tie-down-1-pk-486469da-61b4-4ac6-b835-7eed7496afde-jpgrendition.jpg?im=whresize&wid=200&hei=200,,0403059,040-3059-8,,Liquidation◊Exclusivité,52.95,"24,93","52,99"
58,"London South, ON","Ampoules à filament à DEL à intensité variable à culot E26 NOMA B10, blanc chaud, 40 W","Ampoules à filament à DEL à intensité variable à culot E26 NOMA B10, blanc chaud, 40 W",4.93,"4,93 $",10.99,"Était±  10,99 $prix était 10,99 $",4.93,"4,93 $",4.93,"4,93 $",true,https://www.canadiantire.ca/fr/pdp/ampoules-a-filament-a-del-a-intensite-variable-a-culot-e26-noma-b10-blanc-chaud-40-w-0529611p.html,https://www.canadiantire.ca/fr/pdp/ampoules-a-filament-a-del-a-intensite-variable-a-culot-e26-noma-b10-blanc-chaud-40-w-0529611p.html,https://media-www.canadiantire.ca/product/fixing/electrical/light-bulbs/0529611/noma-40w-b10-warm-white-led-bulbs-2-pack-d8ccbe5a-899c-490e-b5f8-348c1c9af633-jpgrendition.jpg?im=whresize&wid=200&hei=200,https://media-www.canadiantire.ca/product/fixing/electrical/light-bulbs/0529611/noma-40w-b10-warm-white-led-bulbs-2-pack-d8ccbe5a-899c-490e-b5f8-348c1c9af633-jpgrendition.jpg?im=whresize&wid=200&hei=200,,0529611,052-9611-8,Il n’en reste que 1 #052-9611-8,Liquidation◊Mieux notés,55.14,"4,93","10,99"
58,"London South, ON","Applique murale à 1 lampe CANVAS Ambleside, fini en bois, noir mat","Applique murale à 1 lampe CANVAS Ambleside, fini en bois, noir mat",49.93,"49,93 $",99.99,"Était±  99,99 $prix était 99,99 $",49.93,"49,93 $",49.93,"49,93 $",true,https://www.canadiantire.ca/fr/pdp/applique-murale-a-1-lampe-canvas-ambleside-fini-en-bois-noir-mat-1522608p.html,https://www.canadiantire.ca/fr/pdp/applique-murale-a-1-lampe-canvas-ambleside-fini-en-bois-noir-mat-1522608p.html,https://media-www.canadiantire.ca/product/living/home-decor/lighting/1522608/canvas-ambleside-wall-sconce-5f161ca9-8f79-4160-8e68-d82720c0005f-jpgrendition.jpg?im=whresize&wid=200&hei=200,https://media-www.canadiantire.ca/product/living/home-decor/lighting/1522608/canvas-ambleside-wall-sconce-5f161ca9-8f79-4160-8e68-d82720c0005f-jpgrendition.jpg?im=whresize&wid=200&hei=200,,1522608,152-2608-2,Il n’en reste que 3 #152-2608-2,Liquidation◊Exclusivité,50.07,"49,93","99,99"
58,"London South, ON","Pochette de rangement en filet mural Mastercraft, 30 x 50 po, capacité de charge de 35 lb","Pochette de rangement en filet mural Mastercraft, 30 x 50 po, capacité de charge de 35 lb",24.93,"24,93 $",49.99,"Était±  49,99 $prix était 49,99 $",24.93,"24,93 $",24.93,"24,93 $",true,https://www.canadiantire.ca/fr/pdp/pochette-de-rangement-en-filet-mural-mastercraft-30-x-50-po-capacite-de-charge-de-35-lb-0469421p.html,https://www.canadiantire.ca/fr/pdp/pochette-de-rangement-en-filet-mural-mastercraft-30-x-50-po-capacite-de-charge-de-35-lb-0469421p.html,https://media-www.canadiantire.ca/product/fixing/tools/garage-organization/0469421/mastercraft-mod-net-pocket-wall-b80f2283-1fab-4a29-9323-4b9253f92914-jpgrendition.jpg?im=whresize&wid=200&hei=200,https://media-www.canadiantire.ca/product/fixing/tools/garage-organization/0469421/mastercraft-mod-net-pocket-wall-b80f2283-1fab-4a29-9323-4b9253f92914-jpgrendition.jpg?im=whresize&wid=200&hei=200,,0469421,046-9421-6,Il n’en reste que 5 #046-9421-6,Liquidation◊Mieux notés,50.13,"24,93","49,99"
58,"London South, ON","Pistolet à eau à pompe pour enfants The Original Max Liquidator, multicolore, 21 po, 6 ans et plus, pour plage/piscine","Pistolet à eau à pompe pour enfants The Original Max Liquidator, multicolore, 21 po, 6 ans et plus, pour plage/piscine",4.93,"4,93 $",12.99,"Était±  12,99 $prix était 12,99 $",4.93,"4,93 $",4.93,"4,93 $",true,https://www.canadiantire.ca/fr/pdp/pistolet-a-eau-a-pompe-pour-enfants-the-original-max-liquidator-multicolore-21-po-6-ans-et-plus-pour-plage-piscine-0813543p.html,https://www.canadiantire.ca/fr/pdp/pistolet-a-eau-a-pompe-pour-enfants-the-original-max-liquidator-multicolore-21-po-6-ans-et-plus-pour-plage-piscine-0813543p.html,https://media-www.canadiantire.ca/product/seasonal-gardening/backyard-fun/pool-fun/0813543/max-liquidator-pool-noodle-water-shooter-21--76c15ecd-5b42-418f-81bb-563916e550dd-jpgrendition.jpg?im=whresize&wid=200&hei=200,https://media-www.canadiantire.ca/product/seasonal-gardening/backyard-fun/pool-fun/0813543/max-liquidator-pool-noodle-water-shooter-21--76c15ecd-5b42-418f-81bb-563916e550dd-jpgrendition.jpg?im=whresize&wid=200&hei=200,,0813543,081-3543-6,,Liquidation◊Mieux notés,62.05,"4,93","12,99"
58,"London South, ON","Aspirateur à main sans fil au lithium-ion 20 V Max Mastercraft Mastervac avec buses, outil seulement, compatible avec PWR POD","Aspirateur à main sans fil au lithium-ion 20 V Max Mastercraft Mastervac avec buses, outil seulement, compatible avec PWR POD",29.93,"29,93 $",59.99,"Était±  59,99 $prix était 59,99 $",29.93,"29,93 $",29.93,"29,93 $",true,https://www.canadiantire.ca/fr/pdp/aspirateur-a-main-sans-fil-au-lithium-ion-20-v-max-mastercraft-mastervac-avec-buses-outil-seulement-compatible-avec-pwr-pod-0547548p.html,https://www.canadiantire.ca/fr/pdp/aspirateur-a-main-sans-fil-au-lithium-ion-20-v-max-mastercraft-mastervac-avec-buses-outil-seulement-compatible-avec-pwr-pod-0547548p.html,https://media-www.canadiantire.ca/product/fixing/tools/portable-power-tools/0547548/mastervac-20v-li-ion-hand-vac-bare-tool-4169f40d-7060-4a8f-a460-440927869d75-jpgrendition.jpg?im=whresize&wid=200&hei=200,https://media-www.canadiantire.ca/product/fixing/tools/portable-power-tools/0547548/mastervac-20v-li-ion-hand-vac-bare-tool-4169f40d-7060-4a8f-a460-440927869d75-jpgrendition.jpg?im=whresize&wid=200&hei=200,,0547548,054-7548-8,,Liquidation◊Exclusivité,50.11,"29,93","59,99"
58,"London South, ON","Tubes salés prémontés Matzuo, paq. 3","Tubes salés prémontés Matzuo, paq. 3",2.93,"2,93 $",5.99,"5,99 $Était   et+ prix était à partir de 5,99 $",2.93,"2,93 $",2.93,"2,93 $",true,https://www.canadiantire.ca/fr/pdp/tubes-sales-premontes-matzuo-paq-3-0787946p.html,https://www.canadiantire.ca/fr/pdp/tubes-sales-premontes-matzuo-paq-3-0787946p.html,https://media-www.canadiantire.ca/product/playing/fishing/fishing-lures/0787946/matzuo-tubes-3-pack-pumpkin-chartreuse-d9d8aa79-f300-4740-8d58-7a4eb492cc48-jpgrendition.jpg?im=whresize&wid=200&hei=200,https://media-www.canadiantire.ca/product/playing/fishing/fishing-lures/0787946/matzuo-tubes-3-pack-pumpkin-chartreuse-d9d8aa79-f300-4740-8d58-7a4eb492cc48-jpgrendition.jpg?im=whresize&wid=200&hei=200,,0787946,078-7946,Vérifiez la disponibilité#078-7946X,Liquidation◊Exclusivité,51.09,"2,93","5,99"
58,"London South, ON","Housse de siège robuste à dossier bas AutoTrends, noir et gris, paq. 2","Housse de siège robuste à dossier bas AutoTrends, noir et gris, paq. 2",28.93,"28,93 $",69.99,"Était±  69,99 $prix était 69,99 $",28.93,"28,93 $",28.93,"28,93 $",true,https://www.canadiantire.ca/fr/pdp/housse-de-siege-robuste-a-dossier-bas-autotrends-noir-et-gris-paq-2-0326280p.html,https://www.canadiantire.ca/fr/pdp/housse-de-siege-robuste-a-dossier-bas-autotrends-noir-et-gris-paq-2-0326280p.html,https://media-www.canadiantire.ca/product/automotive/car-care-accessories/auto-comfort/0326280/autotrends-heavy-duty-flax-grey-low-back-seat-cover-2pc-c6b3e4fe-eea9-4caa-b9ff-e1a9df6ea33d-jpgrendition.jpg?im=whresize&wid=200&hei=200,https://media-www.canadiantire.ca/product/automotive/car-care-accessories/auto-comfort/0326280/autotrends-heavy-duty-flax-grey-low-back-seat-cover-2pc-c6b3e4fe-eea9-4caa-b9ff-e1a9df6ea33d-jpgrendition.jpg?im=whresize&wid=200&hei=200,,0326280,032-6280-0,,Liquidation◊Exclusivité,58.67,"28,93","69,99"
58,"London South, ON","Interrupteur silencieux à bascule 3 voies CA Decorator, 15 A, 120 V, aucune mise à la terre, qualité résidentielle, couleurs variées","Interrupteur silencieux à bascule 3 voies CA Decorator, 15 A, 120 V, aucune mise à la terre, qualité résidentielle, couleurs variées",1.93,"1,93 $",4.79,"4,79 $Était   et+ prix était à partir de 4,79 $",1.93,"1,93 $",1.93,"1,93 $",true,https://www.canadiantire.ca/fr/pdp/interrupteur-silencieux-a-bascule-3-voies-ca-decorator-15-a-120-v-aucune-mise-a-la-terre-qualite-residentielle-couleurs-variees-0528225p.html,https://www.canadiantire.ca/fr/pdp/interrupteur-silencieux-a-bascule-3-voies-ca-decorator-15-a-120-v-aucune-mise-a-la-terre-qualite-residentielle-couleurs-variees-0528225p.html,undefined,undefined,,0528225,052-8225,Vérifiez la disponibilité#052-8225X,Liquidation◊Mieux notés,59.71,"1,93","4,79"
58,"London South, ON","Couteau à viande MASTER Chef, 12 po","Couteau à viande MASTER Chef, 12 po",7.93,"7,93 $",15.99,"Était±  15,99 $prix était 15,99 $",7.93,"7,93 $",7.93,"7,93 $",true,https://www.canadiantire.ca/fr/pdp/couteau-a-viande-master-chef-12-po-0850210p.html,https://www.canadiantire.ca/fr/pdp/couteau-a-viande-master-chef-12-po-0850210p.html,https://media-www.canadiantire.ca/product/seasonal-gardening/backyard-living/outdoor-cooking-accessories/0850210/master-chef-12-brisket-knife-09fb1eb9-2429-4326-a23f-8dcf34ac23d7-jpgrendition.jpg?im=whresize&wid=200&hei=200,https://media-www.canadiantire.ca/product/seasonal-gardening/backyard-living/outdoor-cooking-accessories/0850210/master-chef-12-brisket-knife-09fb1eb9-2429-4326-a23f-8dcf34ac23d7-jpgrendition.jpg?im=whresize&wid=200&hei=200,,0850210,085-0210-8,,Liquidation◊Mieux notés,50.41,"7,93","15,99"
58,"London South, ON",Tapis d'entraînement piqués contre les fuites pour chiens So Phresh,Tapis d'entraînement piqués contre les fuites pour chiens So Phresh,11.93,"11,93 $",23.99,"Était±  23,99 $prix était 23,99 $",11.93,"11,93 $",11.93,"11,93 $",true,https://www.canadiantire.ca/fr/pdp/tapis-d-entrainement-piques-contre-les-fuites-pour-chiens-so-phresh-1424484p.html,https://www.canadiantire.ca/fr/pdp/tapis-d-entrainement-piques-contre-les-fuites-pour-chiens-so-phresh-1424484p.html,https://media-www.canadiantire.ca/product/living/pet-care/pet-accessories/1424484/petco-leak-guard-quilted-potty-pads-30-count-efa81054-0e8e-471c-8f9b-f72e85b5ba23-jpgrendition.jpg?im=whresize&wid=200&hei=200,https://media-www.canadiantire.ca/product/living/pet-care/pet-accessories/1424484/petco-leak-guard-quilted-potty-pads-30-count-efa81054-0e8e-471c-8f9b-f72e85b5ba23-jpgrendition.jpg?im=whresize&wid=200&hei=200,,1424484,142-4484-6,,Liquidation◊Mieux notés,50.27,"11,93","23,99"
58,"London South, ON","Bouche-toit incolore Rust-Oleum LeakSeal, intérieur/extérieur, scellant résistant à l'eau et aux intempéries, 3,78 L","Bouche-toit incolore Rust-Oleum LeakSeal, intérieur/extérieur, scellant résistant à l'eau et aux intempéries, 3,78 L",69.93,"69,93 $",139.99,"Était±  139,99 $prix était 139,99 $",69.93,"69,93 $",69.93,"69,93 $",true,https://www.canadiantire.ca/fr/pdp/bouche-toit-incolore-rust-oleum-leakseal-interieur-exterieur-scellant-resistant-a-l-eau-et-aux-intemperies-3-78-l-0641571p.html,https://www.canadiantire.ca/fr/pdp/bouche-toit-incolore-rust-oleum-leakseal-interieur-exterieur-scellant-resistant-a-l-eau-et-aux-intemperies-3-78-l-0641571p.html,https://media-www.canadiantire.ca/product/fixing/paint/surface-prep-maintenance/0641571/clear-roof-patch-3-78-l-9c267c49-4660-47a8-a847-4a51ff8a9844-jpgrendition.jpg?im=whresize&wid=200&hei=200,https://media-www.canadiantire.ca/product/fixing/paint/surface-prep-maintenance/0641571/clear-roof-patch-3-78-l-9c267c49-4660-47a8-a847-4a51ff8a9844-jpgrendition.jpg?im=whresize&wid=200&hei=200,,0641571,064-1571-2,Il n’en reste que 1 #064-1571-2,Liquidation◊,50.05,"69,93","139,99"
58,"London South, ON",Récepteur multimédia numérique à double DIN JVC KW-X850BTS avec Bluetooth et Alexa intégrés,Récepteur multimédia numérique à double DIN JVC KW-X850BTS avec Bluetooth et Alexa intégrés,76.93,"76,93 $",179.99,"Était±  179,99 $prix était 179,99 $",76.93,"76,93 $",76.93,"76,93 $",true,https://www.canadiantire.ca/fr/pdp/recepteur-multimedia-numerique-a-double-din-jvc-kw-x850bts-avec-bluetooth-et-alexa-integres-0355527p.html,https://www.canadiantire.ca/fr/pdp/recepteur-multimedia-numerique-a-double-din-jvc-kw-x850bts-avec-bluetooth-et-alexa-integres-0355527p.html,https://media-www.canadiantire.ca/product/automotive/car-care-accessories/auto-electronics/0355527/jvc-kw-x850bts-double-din-digital-media-receiver-5063d263-1526-4315-abff-25798f0231ee-jpgrendition.jpg?im=whresize&wid=200&hei=200,https://media-www.canadiantire.ca/product/automotive/car-care-accessories/auto-electronics/0355527/jvc-kw-x850bts-double-din-digital-media-receiver-5063d263-1526-4315-abff-25798f0231ee-jpgrendition.jpg?im=whresize&wid=200&hei=200,,0355527,035-5527-6,Il n’en reste que 1 #035-5527-6,Liquidation◊,57.26,"76,93","179,99"
58,"London South, ON","Désinfectant antibactérien tout usage VIM Refill Eco-Pack Power & Shine, 70 mL","Désinfectant antibactérien tout usage VIM Refill Eco-Pack Power & Shine, 70 mL",1.93,"1,93 $",4.49,"Était±  4,49 $prix était 4,49 $",1.93,"1,93 $",1.93,"1,93 $",true,https://www.canadiantire.ca/fr/pdp/desinfectant-antibacterien-tout-usage-vim-refill-eco-pack-power-shine-70-ml-1531491p.html,https://www.canadiantire.ca/fr/pdp/desinfectant-antibacterien-tout-usage-vim-refill-eco-pack-power-shine-70-ml-1531491p.html,https://media-www.canadiantire.ca/product/living/cleaning/household-cleaning-solutions/1531491/vim-refill-eco-pack-power-shine-disinfectant-70ml-717adfcf-9189-4028-b514-b7171f02873d-jpgrendition.jpg?im=whresize&wid=200&hei=200,https://media-www.canadiantire.ca/product/living/cleaning/household-cleaning-solutions/1531491/vim-refill-eco-pack-power-shine-disinfectant-70ml-717adfcf-9189-4028-b514-b7171f02873d-jpgrendition.jpg?im=whresize&wid=200&hei=200,,1531491,153-1491-0,,Liquidation◊Mieux notés,57.02,"1,93","4,49"
58,"London South, ON","Balise d’entrée en fibre de verre Blazer, robuste, rouge/jaune","Balise d’entrée en fibre de verre Blazer, robuste, rouge/jaune",6.93,"6,93 $",16.99,"Était±  16,99 $prix était 16,99 $",6.93,"6,93 $",6.93,"6,93 $",true,https://www.canadiantire.ca/fr/pdp/balise-d-entree-en-fibre-de-verre-blazer-robuste-rouge-jaune-0203341p.html,https://www.canadiantire.ca/fr/pdp/balise-d-entree-en-fibre-de-verre-blazer-robuste-rouge-jaune-0203341p.html,https://media-www.canadiantire.ca/product/automotive/automotive-outdoor-adventure/auto-travel-storage/0203342/72-reflective-marker-with-peg-98bb25dd-6a93-41f9-8dab-92f7e81fbd14-jpgrendition.jpg?im=whresize&wid=200&hei=200,https://media-www.canadiantire.ca/product/automotive/automotive-outdoor-adventure/auto-travel-storage/0203342/72-reflective-marker-with-peg-98bb25dd-6a93-41f9-8dab-92f7e81fbd14-jpgrendition.jpg?im=whresize&wid=200&hei=200,,0203341,020-3342-0,Il n’en reste que 4 #020-3342-0,Liquidation◊,59.21,"6,93","16,99"
58,"London South, ON","Support 3-en-1 magnétique BLUEHIVE, 15 W pivotant sur 360 degrés pour la recharge sans fil","Support 3-en-1 magnétique BLUEHIVE, 15 W pivotant sur 360 degrés pour la recharge sans fil",12.93,"12,93 $",62.99,"Était±  62,99 $prix était 62,99 $",12.93,"12,93 $",12.93,"12,93 $",true,https://www.canadiantire.ca/fr/pdp/support-3-en-1-magnetique-bluehive-15-w-pivotant-sur-360-degres-pour-la-recharge-sans-fil-0358105p.html,https://www.canadiantire.ca/fr/pdp/support-3-en-1-magnetique-bluehive-15-w-pivotant-sur-360-degres-pour-la-recharge-sans-fil-0358105p.html,https://media-www.canadiantire.ca/product/automotive/electronics/mobile-electronics/0358105/bluehive-3-in-1-magnetic-mount-15w-de607fa3-fddd-4833-94aa-217e6aadd4ae-jpgrendition.jpg?im=whresize&wid=200&hei=200,https://media-www.canadiantire.ca/product/automotive/electronics/mobile-electronics/0358105/bluehive-3-in-1-magnetic-mount-15w-de607fa3-fddd-4833-94aa-217e6aadd4ae-jpgrendition.jpg?im=whresize&wid=200&hei=200,,0358105,035-8105-2,,Liquidation◊Exclusivité,79.47,"12,93","62,99"
58,"London South, ON",Pince-nez et bouchons d'oreille Speedo,Pince-nez et bouchons d'oreille Speedo,4.93,"4,93 $",10.99,"Était±  10,99 $prix était 10,99 $",4.93,"4,93 $",4.93,"4,93 $",true,https://www.canadiantire.ca/fr/pdp/pince-nez-et-bouchons-d-oreille-speedo-0813965p.html,https://www.canadiantire.ca/fr/pdp/pince-nez-et-bouchons-d-oreille-speedo-0813965p.html,https://media-www.canadiantire.ca/product/seasonal-gardening/backyard-fun/pool-fun/0813965/speedo-nose-clip-and-ear-plug-combo-87080c24-8d7f-45d7-8faf-b30e23d8daf6-jpgrendition.jpg?im=whresize&wid=200&hei=200,https://media-www.canadiantire.ca/product/seasonal-gardening/backyard-fun/pool-fun/0813965/speedo-nose-clip-and-ear-plug-combo-87080c24-8d7f-45d7-8faf-b30e23d8daf6-jpgrendition.jpg?im=whresize&wid=200&hei=200,,0813965,081-3965-2,,Liquidation◊Exclusivité,55.14,"4,93","10,99"
58,"London South, ON","Haut à capuchon de chasse Browning Emma pour femmes avec imprimé Buckmark et poche, gris/bleu","Haut à capuchon de chasse Browning Emma pour femmes avec imprimé Buckmark et poche, gris/bleu",11.93,"11,93 $",59.99,"59,99 $Était   et+ prix était à partir de 59,99 $",11.93,"11,93 $",11.93,"11,93 $",true,https://www.canadiantire.ca/fr/pdp/haut-a-capuchon-de-chasse-browning-emma-pour-femmes-avec-imprime-buckmark-et-poche-gris-bleu-3750740p.html,https://www.canadiantire.ca/fr/pdp/haut-a-capuchon-de-chasse-browning-emma-pour-femmes-avec-imprime-buckmark-et-poche-gris-bleu-3750740p.html,https://media-www.canadiantire.ca/product/playing/hunting/hunting-apparel-footwear/3750740/browning-emma-hoody-s-994d37d6-53c5-4fda-b22b-bb1df70f4fe7-jpgrendition.jpg?im=whresize&wid=200&hei=200,https://media-www.canadiantire.ca/product/playing/hunting/hunting-apparel-footwear/3750740/browning-emma-hoody-s-994d37d6-53c5-4fda-b22b-bb1df70f4fe7-jpgrendition.jpg?im=whresize&wid=200&hei=200,,3750740,375-0740,Vérifiez la disponibilité#375-0740X,Liquidation◊Mieux notés,80.11,"11,93","59,99"
58,"London South, ON","Sac à dos pour aventure de plusieurs jours pour la randonnée, le camping et les voyages Woods TUZO, pour femmes, 70 L","Sac à dos pour aventure de plusieurs jours pour la randonnée, le camping et les voyages Woods TUZO, pour femmes, 70 L",99.93,"99,93 $",199.99,"Était±  199,99 $prix était 199,99 $",99.93,"99,93 $",99.93,"99,93 $",true,https://www.canadiantire.ca/fr/pdp/sac-a-dos-pour-aventure-de-plusieurs-jours-pour-la-randonnee-le-camping-et-les-voyages-woods-tuzo-pour-femmes-70-l-0766805p.html,https://www.canadiantire.ca/fr/pdp/sac-a-dos-pour-aventure-de-plusieurs-jours-pour-la-randonnee-le-camping-et-les-voyages-woods-tuzo-pour-femmes-70-l-0766805p.html,https://media-www.canadiantire.ca/product/playing/camping/camping-accessories/0766805/woods-tuzo-70l-women-s-backpack-048195e2-66b7-4db1-ac44-a1a779f2441f-jpgrendition.jpg?im=whresize&wid=200&hei=200,https://media-www.canadiantire.ca/product/playing/camping/camping-accessories/0766805/woods-tuzo-70l-women-s-backpack-048195e2-66b7-4db1-ac44-a1a779f2441f-jpgrendition.jpg?im=whresize&wid=200&hei=200,,0766805,076-6805-0,Il n’en reste que 1 #076-6805-0,Liquidation◊Mieux notés,50.03,"99,93","199,99"
58,"London South, ON","Tente de camping en dôme Woods Creekside pour 3 saisons, 6 personnes avec auvent, bâche de pluie et sac de transport","Tente de camping en dôme Woods Creekside pour 3 saisons, 6 personnes avec auvent, bâche de pluie et sac de transport",99.93,"99,93 $",219.99,"Était±  219,99 $prix était 219,99 $",99.93,"99,93 $",99.93,"99,93 $",true,https://www.canadiantire.ca/fr/pdp/tente-de-camping-en-dome-woods-creekside-pour-3-saisons-6-personnes-avec-auvent-bache-de-pluie-et-sac-de-transport-0766068p.html,https://www.canadiantire.ca/fr/pdp/tente-de-camping-en-dome-woods-creekside-pour-3-saisons-6-personnes-avec-auvent-bache-de-pluie-et-sac-de-transport-0766068p.html,https://media-www.canadiantire.ca/product/playing/camping/tents-shelters/0766068/woods-creekside-6-person-tent-a3d25992-756e-49c8-9e53-b707c9350416-jpgrendition.jpg?im=whresize&wid=200&hei=200,https://media-www.canadiantire.ca/product/playing/camping/tents-shelters/0766068/woods-creekside-6-person-tent-a3d25992-756e-49c8-9e53-b707c9350416-jpgrendition.jpg?im=whresize&wid=200&hei=200,,0766068,076-6068-4,,Liquidation◊Exclusivité,54.58,"99,93","219,99"
58,"London South, ON","Manteau imperméable coupe-vent léger Yukon Gear pour femmes pour la chasse et la pêche, camouflage","Manteau imperméable coupe-vent léger Yukon Gear pour femmes pour la chasse et la pêche, camouflage",69.93,"69,93 $",154.99,"154,99 $Était   et+ prix était à partir de 154,99 $",69.93,"69,93 $",69.93,"69,93 $",true,https://www.canadiantire.ca/fr/pdp/manteau-impermeable-coupe-vent-leger-yukon-gear-pour-femmes-pour-la-chasse-et-la-peche-camouflage-1759656p.html,https://www.canadiantire.ca/fr/pdp/manteau-impermeable-coupe-vent-leger-yukon-gear-pour-femmes-pour-la-chasse-et-la-peche-camouflage-1759656p.html,https://media-www.canadiantire.ca/product/playing/hunting/hunting-apparel-footwear/1759656/ladies-lightweight-jacket-m-87e6dfb9-59d8-43d9-acc0-65f9156babac-jpgrendition.jpg?im=whresize&wid=200&hei=200,https://media-www.canadiantire.ca/product/playing/hunting/hunting-apparel-footwear/1759656/ladies-lightweight-jacket-m-87e6dfb9-59d8-43d9-acc0-65f9156babac-jpgrendition.jpg?im=whresize&wid=200&hei=200,,1759656,175-9656,Vérifiez la disponibilité#175-9656X,Liquidation◊Mieux notés,54.88,"69,93","154,99"
58,"London South, ON","Bol en fibre de bambou CANVAS, gris","Bol en fibre de bambou CANVAS, gris",2.43,"2,43 $",6.99,"Était±  6,99 $prix était 6,99 $",2.43,"2,43 $",2.43,"2,43 $",true,https://www.canadiantire.ca/fr/pdp/bol-en-fibre-de-bambou-canvas-gris-0597850p.html,https://www.canadiantire.ca/fr/pdp/bol-en-fibre-de-bambou-canvas-gris-0597850p.html,https://media-www.canadiantire.ca/product/seasonal-gardening/backyard-living/outdoor-living-accessories/0597850/canvas-dual-tone-organic-dinner-bowl-2ed9ccb1-fb59-464c-baec-bf33c08a0b2c-jpgrendition.jpg?im=whresize&wid=200&hei=200,https://media-www.canadiantire.ca/product/seasonal-gardening/backyard-living/outdoor-living-accessories/0597850/canvas-dual-tone-organic-dinner-bowl-2ed9ccb1-fb59-464c-baec-bf33c08a0b2c-jpgrendition.jpg?im=whresize&wid=200&hei=200,,0597850,059-7850-6,Il n’en reste que 1 #059-7850-6,Liquidation◊Mieux notés,65.24,"2,43","6,99"
58,"London South, ON","Leurres Lucky Strike Devil Bait, paq. 6","Leurres Lucky Strike Devil Bait, paq. 6",14.43,"14,43 $",31.99,"31,99 $Était   et+ prix était à partir de 31,99 $",14.43,"14,43 $",14.43,"14,43 $",true,https://www.canadiantire.ca/fr/pdp/leurres-lucky-strike-devil-bait-paq-6-0777652p.html,https://www.canadiantire.ca/fr/pdp/leurres-lucky-strike-devil-bait-paq-6-0777652p.html,https://media-www.canadiantire.ca/product/playing/fishing/fishing-lures/0777652/lucky-strike-devil-bait-kit-fire-tiger-a5f32d40-a226-4d4a-abe0-2b62f6f23eff-jpgrendition.jpg?im=whresize&wid=200&hei=200,https://media-www.canadiantire.ca/product/playing/fishing/fishing-lures/0777652/lucky-strike-devil-bait-kit-fire-tiger-a5f32d40-a226-4d4a-abe0-2b62f6f23eff-jpgrendition.jpg?im=whresize&wid=200&hei=200,,0777652,077-7652,Vérifiez la disponibilité#077-7652X,Liquidation◊Mieux notés,54.89,"14,43","31,99"
58,"London South, ON","Nappe en plastique réutilisable gâteau de fête moderne pour usage intérieur/extérieur, 54 x 102 po","Nappe en plastique réutilisable gâteau de fête moderne pour usage intérieur/extérieur, 54 x 102 po",2.93,"2,93 $",6.99,"Était±  6,99 $prix était 6,99 $",2.93,"2,93 $",2.93,"2,93 $",true,https://www.canadiantire.ca/fr/pdp/nappe-en-plastique-reutilisable-gateau-de-fete-moderne-pour-usage-interieur-exterieur-54-x-102-po-8541858p.html,https://www.canadiantire.ca/fr/pdp/nappe-en-plastique-reutilisable-gateau-de-fete-moderne-pour-usage-interieur-exterieur-54-x-102-po-8541858p.html,https://media-www.canadiantire.ca/product/automotive/party-city-everyday/party-city-general-birthday/8541858/modern-plastic-tablecover-7f57fa24-39b4-4f92-97c1-15ef183d77c0-jpgrendition.jpg?im=whresize&wid=200&hei=200,https://media-www.canadiantire.ca/product/automotive/party-city-everyday/party-city-general-birthday/8541858/modern-plastic-tablecover-7f57fa24-39b4-4f92-97c1-15ef183d77c0-jpgrendition.jpg?im=whresize&wid=200&hei=200,,8541858,854-1858-2,,Liquidation◊,58.08,"2,93","6,99"
58,"London South, ON","Porte-outils pour cheveux avec encart en silicone The Home Edit par iDesign, résistant à la chaleur","Porte-outils pour cheveux avec encart en silicone The Home Edit par iDesign, résistant à la chaleur",9.93,"9,93 $",19.99,"Était±  19,99 $prix était 19,99 $",9.93,"9,93 $",9.93,"9,93 $",true,https://www.canadiantire.ca/fr/pdp/porte-outils-pour-cheveux-avec-encart-en-silicone-the-home-edit-par-idesign-resistant-a-la-chaleur-0636329p.html,https://www.canadiantire.ca/fr/pdp/porte-outils-pour-cheveux-avec-encart-en-silicone-the-home-edit-par-idesign-resistant-a-la-chaleur-0636329p.html,https://media-www.canadiantire.ca/product/living/home-decor/bed-bath-decor/0636334/the-home-edit-tall-bin-divider-acf5a87f-bb2c-4e16-91c4-03dc1c4e2ce6-jpgrendition.jpg?im=whresize&wid=200&hei=200,https://media-www.canadiantire.ca/product/living/home-decor/bed-bath-decor/0636334/the-home-edit-tall-bin-divider-acf5a87f-bb2c-4e16-91c4-03dc1c4e2ce6-jpgrendition.jpg?im=whresize&wid=200&hei=200,,0636329,063-6329-4,Il n’en reste que 4 #063-6329-4,Liquidation◊Exclusivité,50.33,"9,93","19,99"
58,"London South, ON","Bouquets de ballons en aluminium satiné étoile/rond licorne Believe in Unicorns, rose/blanc, paq. 5, gonflement à l'hélium et ruban inclus, pour fête d'anniversaire","Bouquets de ballons en aluminium satiné étoile/rond licorne Believe in Unicorns, rose/blanc, paq. 5, gonflement à l'hélium et ruban inclus, pour fête d'anniversaire",11.93,"11,93 $",33.99,"Était±  33,99 $prix était 33,99 $",11.93,"11,93 $",11.93,"11,93 $",true,https://www.canadiantire.ca/fr/pdp/bouquets-de-ballons-en-aluminium-satine-etoile-rond-licorne-believe-in-unicorns-rose-blanc-paq-5-gonflement-a-l-helium-et-ruban-inclus-pour-fete-d-anniversaire-8424566p.html,https://www.canadiantire.ca/fr/pdp/bouquets-de-ballons-en-aluminium-satine-etoile-rond-licorne-believe-in-unicorns-rose-blanc-paq-5-gonflement-a-l-helium-et-ruban-inclus-pour-fete-d-anniversaire-8424566p.html,https://media-www.partycity.ca/product/seasonal-gardening/party-city-everyday/party-city-party-supplies-decor/8424566/blln-5pc-bqt-magical-unicorn-2391f545-dbbb-46bb-aa83-c9b753a85335-jpgrendition.jpg?im=whresize&wid=200&hei=200,https://media-www.partycity.ca/product/seasonal-gardening/party-city-everyday/party-city-party-supplies-decor/8424566/blln-5pc-bqt-magical-unicorn-2391f545-dbbb-46bb-aa83-c9b753a85335-jpgrendition.jpg?im=whresize&wid=200&hei=200,,8424566,842-4566-6,,Liquidation◊Mieux notés,64.9,"11,93","33,99"
58,"London South, ON","Ballon en aluminium satiné lettres Happy, choix de couleurs, 33 x 9 po, gonflé d'air, pour fête d'anniversaire","Ballon en aluminium satiné lettres Happy, choix de couleurs, 33 x 9 po, gonflé d'air, pour fête d'anniversaire",1.93,"1,93 $",8.99,"8,99 $Était   et+ prix était à partir de 8,99 $",1.93,"1,93 $",1.93,"1,93 $",true,https://www.canadiantire.ca/fr/pdp/ballon-en-aluminium-satine-lettres-happy-choix-de-couleurs-33-x-9-po-gonfle-d-air-pour-fete-d-anniversaire-8420826p.html,https://www.canadiantire.ca/fr/pdp/ballon-en-aluminium-satine-lettres-happy-choix-de-couleurs-33-x-9-po-gonfle-d-air-pour-fete-d-anniversaire-8420826p.html,https://media-www.partycity.ca/product/seasonal-gardening/party-city-everyday/party-city-party-supplies-decor/8420831/mini-gld-air-filled-blln-hpy-bf805b01-27b6-4103-82a8-34e9075a7633-jpgrendition.jpg?im=whresize&wid=200&hei=200,https://media-www.partycity.ca/product/seasonal-gardening/party-city-everyday/party-city-party-supplies-decor/8420831/mini-gld-air-filled-blln-hpy-bf805b01-27b6-4103-82a8-34e9075a7633-jpgrendition.jpg?im=whresize&wid=200&hei=200,,8420826,842-0826,Vérifiez la disponibilité#842-0826X,Liquidation◊Mieux notés,78.53,"1,93","8,99"
58,"London South, ON","Leurre Berkley Gulp!, méné, 4 po","Leurre Berkley Gulp!, méné, 4 po",5.43,"5,43 $",11.99,"11,99 $Était   et+ prix était à partir de 11,99 $",5.43,"5,43 $",5.43,"5,43 $",true,https://www.canadiantire.ca/fr/pdp/leurre-berkley-gulp-mene-4-po-0787782p.html,https://www.canadiantire.ca/fr/pdp/leurre-berkley-gulp-mene-4-po-0787782p.html,https://media-www.canadiantire.ca/product/playing/fishing/fishing-lures/0787782/berkley-gulp-minnow-black-shad-4--4b5fda62-2ef3-4e2a-91f6-7d465dc5c957-jpgrendition.jpg?im=whresize&wid=200&hei=200,https://media-www.canadiantire.ca/product/playing/fishing/fishing-lures/0787782/berkley-gulp-minnow-black-shad-4--4b5fda62-2ef3-4e2a-91f6-7d465dc5c957-jpgrendition.jpg?im=whresize&wid=200&hei=200,,0787782,078-7782,Vérifiez la disponibilité#078-7782X,Liquidation◊Mieux notés,54.71,"5,43","11,99"
58,"London South, ON","Collier pour chien en cuir avec rivets pointus Petco, réglable, tailles variées, noir","Collier pour chien en cuir avec rivets pointus Petco, réglable, tailles variées, noir",19.93,"19,93 $",39.99,"39,99 $Était   et+ prix était à partir de 39,99 $",19.93,"19,93 $",19.93,"19,93 $",true,https://www.canadiantire.ca/fr/pdp/collier-pour-chien-en-cuir-avec-rivets-pointus-petco-reglable-tailles-variees-noir-1429497p.html,https://www.canadiantire.ca/fr/pdp/collier-pour-chien-en-cuir-avec-rivets-pointus-petco-reglable-tailles-variees-noir-1429497p.html,https://media-www.canadiantire.ca/product/living/pet-care/pet-accessories/1429496/petco-leather-black-spike-collar-lg-ff621fbe-9e6f-474c-9905-8ba18a3ed543-jpgrendition.jpg?im=whresize&wid=200&hei=200,https://media-www.canadiantire.ca/product/living/pet-care/pet-accessories/1429496/petco-leather-black-spike-collar-lg-ff621fbe-9e6f-474c-9905-8ba18a3ed543-jpgrendition.jpg?im=whresize&wid=200&hei=200,,1429497,142-9496,Vérifiez la disponibilité#142-9496X,Liquidation◊Mieux notés,50.16,"19,93","39,99"
58,"London South, ON","Plaque d'interrupteur à bascule Atron Estate Electro Industries 2490R, 1 dispositif, blanc et nickel satiné","Plaque d'interrupteur à bascule Atron Estate Electro Industries 2490R, 1 dispositif, blanc et nickel satiné",1.93,"1,93 $",5.99,"Était±  5,99 $prix était 5,99 $",1.93,"1,93 $",1.93,"1,93 $",true,https://www.canadiantire.ca/fr/pdp/plaque-d-interrupteur-a-bascule-atron-estate-electro-industries-2490r-1-dispositif-blanc-et-nickel-satine-0522751p.html,https://www.canadiantire.ca/fr/pdp/plaque-d-interrupteur-a-bascule-atron-estate-electro-industries-2490r-1-dispositif-blanc-et-nickel-satine-0522751p.html,https://media-www.canadiantire.ca/product/fixing/electrical/rough-electrical/0522751/estate-white-on-satin-nickel-rocker-b89c167b-ad1e-417c-81ab-b0369dc59c05-jpgrendition.jpg?im=whresize&wid=200&hei=200,https://media-www.canadiantire.ca/product/fixing/electrical/rough-electrical/0522751/estate-white-on-satin-nickel-rocker-b89c167b-ad1e-417c-81ab-b0369dc59c05-jpgrendition.jpg?im=whresize&wid=200&hei=200,,0522751,052-2751-6,,Liquidation◊Mieux notés,67.78,"1,93","5,99"
58,"London South, ON","Lampe de travail sans fil Hoover ONEPWR, outil seulement","Lampe de travail sans fil Hoover ONEPWR, outil seulement",14.93,"14,93 $",54.99,"Était±  54,99 $prix était 54,99 $",14.93,"14,93 $",14.93,"14,93 $",true,https://www.canadiantire.ca/fr/pdp/lampe-de-travail-sans-fil-hoover-onepwr-outil-seulement-0438263p.html,https://www.canadiantire.ca/fr/pdp/lampe-de-travail-sans-fil-hoover-onepwr-outil-seulement-0438263p.html,https://media-www.canadiantire.ca/product/living/cleaning/vacuums-and-floorcare/0438263/hoover-onepwr-task-light-bare-tool--0b66a674-92f1-4692-921f-d7c1c1c3b759-jpgrendition.jpg?im=whresize&wid=200&hei=200,https://media-www.canadiantire.ca/product/living/cleaning/vacuums-and-floorcare/0438263/hoover-onepwr-task-light-bare-tool--0b66a674-92f1-4692-921f-d7c1c1c3b759-jpgrendition.jpg?im=whresize&wid=200&hei=200,,0438263,043-8263-4,,Liquidation◊Mieux notés,72.85,"14,93","54,99"
58,"London South, ON",Pinceau à badigeonner en tissu Vermont Castings avec anneau en cuir,Pinceau à badigeonner en tissu Vermont Castings avec anneau en cuir,9.93,"9,93 $",21.99,"Était±  21,99 $prix était 21,99 $",9.93,"9,93 $",9.93,"9,93 $",true,https://www.canadiantire.ca/fr/pdp/pinceau-a-badigeonner-en-tissu-vermont-castings-avec-anneau-en-cuir-0852157p.html,https://www.canadiantire.ca/fr/pdp/pinceau-a-badigeonner-en-tissu-vermont-castings-avec-anneau-en-cuir-0852157p.html,https://media-www.canadiantire.ca/product/seasonal-gardening/backyard-living/outdoor-cooking-accessories/0852157/vermont-castings-sauce-mop-c3400c13-5240-4244-926d-099929ac008d-jpgrendition.jpg?im=whresize&wid=200&hei=200,https://media-www.canadiantire.ca/product/seasonal-gardening/backyard-living/outdoor-cooking-accessories/0852157/vermont-castings-sauce-mop-c3400c13-5240-4244-926d-099929ac008d-jpgrendition.jpg?im=whresize&wid=200&hei=200,,0852157,085-2157-4,Il n’en reste que 3 #085-2157-4,Liquidation◊Exclusivité,54.84,"9,93","21,99"
58,"London South, ON","Cisaille pneumatique robuste Mastercraft pour le métal et le plastique, 1800 tr/min","Cisaille pneumatique robuste Mastercraft pour le métal et le plastique, 1800 tr/min",29.93,"29,93 $",59.99,"Était±  59,99 $prix était 59,99 $",29.93,"29,93 $",29.93,"29,93 $",true,https://www.canadiantire.ca/fr/pdp/cisaille-pneumatique-robuste-mastercraft-pour-le-metal-et-le-plastique-1800-tr-min-0587732p.html,https://www.canadiantire.ca/fr/pdp/cisaille-pneumatique-robuste-mastercraft-pour-le-metal-et-le-plastique-1800-tr-min-0587732p.html,https://media-www.canadiantire.ca/product/fixing/tools/air-tools-accessories/0587732/mastercraft-air-powered-shear-48799c63-8d9a-42d8-a197-8415013359ff-jpgrendition.jpg?im=whresize&wid=200&hei=200,https://media-www.canadiantire.ca/product/fixing/tools/air-tools-accessories/0587732/mastercraft-air-powered-shear-48799c63-8d9a-42d8-a197-8415013359ff-jpgrendition.jpg?im=whresize&wid=200&hei=200,,0587732,058-7732-0,,Liquidation◊Exclusivité,50.11,"29,93","59,99"
58,"London South, ON",Trousse de sécurité routière MotoMaster avec câbles de démarrage et trousse de premiers soins,Trousse de sécurité routière MotoMaster avec câbles de démarrage et trousse de premiers soins,9.93,"9,93 $",59.99,"Était±  59,99 $prix était 59,99 $",9.93,"9,93 $",9.93,"9,93 $",true,https://www.canadiantire.ca/fr/pdp/trousse-de-securite-routiere-motomaster-avec-cables-de-demarrage-et-trousse-de-premiers-soins-0091631p.html,https://www.canadiantire.ca/fr/pdp/trousse-de-securite-routiere-motomaster-avec-cables-de-demarrage-et-trousse-de-premiers-soins-0091631p.html,https://media-www.canadiantire.ca/product/automotive/car-care-accessories/auto-winter-accessories/0091631/roadside-safety-kit-a301ea3e-97ff-4947-b6ee-852f9d45825d-jpgrendition.jpg?im=whresize&wid=200&hei=200,https://media-www.canadiantire.ca/product/automotive/car-care-accessories/auto-winter-accessories/0091631/roadside-safety-kit-a301ea3e-97ff-4947-b6ee-852f9d45825d-jpgrendition.jpg?im=whresize&wid=200&hei=200,,0091631,009-1631-4,,Liquidation◊Mieux notés,83.45,"9,93","59,99"
58,"London South, ON","Douille de lampe à détecteur de présence pour plafond Leviton 09864-R50, avec module à DEL 8,7 W, 60 Hz, 120 V, blanc","Douille de lampe à détecteur de présence pour plafond Leviton 09864-R50, avec module à DEL 8,7 W, 60 Hz, 120 V, blanc",24.93,"24,93 $",50.99,"Était±  50,99 $prix était 50,99 $",24.93,"24,93 $",24.93,"24,93 $",true,https://www.canadiantire.ca/fr/pdp/douille-de-lampe-a-detecteur-de-presence-pour-plafond-leviton-09864-r50-avec-module-a-del-8-7-w-60-hz-120-v-blanc-0522888p.html,https://www.canadiantire.ca/fr/pdp/douille-de-lampe-a-detecteur-de-presence-pour-plafond-leviton-09864-r50-avec-module-a-del-8-7-w-60-hz-120-v-blanc-0522888p.html,https://media-www.canadiantire.ca/product/fixing/electrical/rough-electrical/0522888/led-lampholder-motion-sensor-ec10e094-717d-497a-8641-9efa5922b89c-jpgrendition.jpg?im=whresize&wid=200&hei=200,https://media-www.canadiantire.ca/product/fixing/electrical/rough-electrical/0522888/led-lampholder-motion-sensor-ec10e094-717d-497a-8641-9efa5922b89c-jpgrendition.jpg?im=whresize&wid=200&hei=200,,0522888,052-2888-2,Il n’en reste que 1 #052-2888-2,Liquidation◊Mieux notés,51.11,"24,93","50,99"
58,"London South, ON",Aspirateur sec/humide sans fil Tineco Floor One S3 Ultra et nettoyant de plancher dur,Aspirateur sec/humide sans fil Tineco Floor One S3 Ultra et nettoyant de plancher dur,249.93,"249,93 $",549.99,"Était±  549,99 $prix était 549,99 $",249.93,"249,93 $",249.93,"249,93 $",true,https://www.canadiantire.ca/fr/pdp/aspirateur-sec-humide-sans-fil-tineco-floor-one-s3-ultra-et-nettoyant-de-plancher-dur-0439487p.html,https://www.canadiantire.ca/fr/pdp/aspirateur-sec-humide-sans-fil-tineco-floor-one-s3-ultra-et-nettoyant-de-plancher-dur-0439487p.html,https://media-www.canadiantire.ca/product/living/cleaning/vacuums-and-floorcare/0439487/tineco-floor-one-s3-ultra-wet-dry-vacuum-hard-floor-washer-6b1a6f42-c13e-483e-be39-20213823b214-jpgrendition.jpg?im=whresize&wid=200&hei=200,https://media-www.canadiantire.ca/product/living/cleaning/vacuums-and-floorcare/0439487/tineco-floor-one-s3-ultra-wet-dry-vacuum-hard-floor-washer-6b1a6f42-c13e-483e-be39-20213823b214-jpgrendition.jpg?im=whresize&wid=200&hei=200,,0439487,043-9487-6,,Liquidation◊Articles à succès,54.56,"249,93","549,99"
58,"London South, ON","Barre lumineuse à DEL multicolore pour véhicule avec télécommande, 9 po","Barre lumineuse à DEL multicolore pour véhicule avec télécommande, 9 po",19.93,"19,93 $",44.99,"Était±  44,99 $prix était 44,99 $",19.93,"19,93 $",19.93,"19,93 $",true,https://www.canadiantire.ca/fr/pdp/barre-lumineuse-a-del-multicolore-pour-vehicule-avec-telecommande-9-po-0370732p.html,https://www.canadiantire.ca/fr/pdp/barre-lumineuse-a-del-multicolore-pour-vehicule-avec-telecommande-9-po-0370732p.html,https://media-www.canadiantire.ca/product/automotive/car-care-accessories/auto-accessories/0370732/9-multi-color-ultra-bright-light-strips-with-remote--ae200ed9-26a6-4111-8535-6b2f0b6f1a20-jpgrendition.jpg?im=whresize&wid=200&hei=200,https://media-www.canadiantire.ca/product/automotive/car-care-accessories/auto-accessories/0370732/9-multi-color-ultra-bright-light-strips-with-remote--ae200ed9-26a6-4111-8535-6b2f0b6f1a20-jpgrendition.jpg?im=whresize&wid=200&hei=200,,0370732,037-0732-2,Il n’en reste que 1 #037-0732-2,Liquidation◊,55.7,"19,93","44,99"
58,"London South, ON","Gants d'entraînement Everlast Elite 2.0, noirs, 8 oz","Gants d'entraînement Everlast Elite 2.0, noirs, 8 oz",27.93,"27,93 $",59.99,"59,99 $Était   et+ prix était à partir de 59,99 $",27.93,"27,93 $",27.93,"27,93 $",true,https://www.canadiantire.ca/fr/pdp/gants-d-entrainement-everlast-elite-2-0-noirs-8-oz-1841018p.html,https://www.canadiantire.ca/fr/pdp/gants-d-entrainement-everlast-elite-2-0-noirs-8-oz-1841018p.html,https://media-www.canadiantire.ca/product/playing/exercise/combat-sports-fitness-accessories/1841018/everlast-elite-2-0-gloves-black-8oz-72ef4692-6828-4cd5-a52c-3a2ef18363af-jpgrendition.jpg?im=whresize&wid=200&hei=200,https://media-www.canadiantire.ca/product/playing/exercise/combat-sports-fitness-accessories/1841018/everlast-elite-2-0-gloves-black-8oz-72ef4692-6828-4cd5-a52c-3a2ef18363af-jpgrendition.jpg?im=whresize&wid=200&hei=200,,1841018,184-1018,Vérifiez la disponibilité#184-1018X,Liquidation◊,53.44,"27,93","59,99"
58,"London South, ON","Collier pour chien réfléchissant tissé Petco, ajustable, rose, tailles variées","Collier pour chien réfléchissant tissé Petco, ajustable, rose, tailles variées",11.93,"11,93 $",24.99,"24,99 $Était   et+ prix était à partir de 24,99 $",11.93,"11,93 $",11.93,"11,93 $",true,https://www.canadiantire.ca/fr/pdp/collier-pour-chien-reflechissant-tisse-petco-ajustable-rose-tailles-variees-1427516p.html,https://www.canadiantire.ca/fr/pdp/collier-pour-chien-reflechissant-tisse-petco-ajustable-rose-tailles-variees-1427516p.html,https://media-www.canadiantire.ca/product/living/pet-care/pet-accessories/1427518/petco-pink-reflective-dog-collar-small-c3df1428-d4d2-4166-af08-2ebb0889632c-jpgrendition.jpg?im=whresize&wid=200&hei=200,https://media-www.canadiantire.ca/product/living/pet-care/pet-accessories/1427518/petco-pink-reflective-dog-collar-small-c3df1428-d4d2-4166-af08-2ebb0889632c-jpgrendition.jpg?im=whresize&wid=200&hei=200,,1427516,142-7516,Vérifiez la disponibilité#142-7516X,Liquidation◊Mieux notés,52.26,"11,93","24,99"
58,"London South, ON","Trousse d'embout de pulvérisation de peinture Graco TrueCoat 360, limite la surpulvérisation","Trousse d'embout de pulvérisation de peinture Graco TrueCoat 360, limite la surpulvérisation",12.93,"12,93 $",33.99,"Était±  33,99 $prix était 33,99 $",12.93,"12,93 $",12.93,"12,93 $",true,https://www.canadiantire.ca/fr/pdp/trousse-d-embout-de-pulverisation-de-peinture-graco-truecoat-360-limite-la-surpulverisation-0492579p.html,https://www.canadiantire.ca/fr/pdp/trousse-d-embout-de-pulverisation-de-peinture-graco-truecoat-360-limite-la-surpulverisation-0492579p.html,https://media-www.canadiantire.ca/product/fixing/paint/paint-accessories/0492579/truecoat-360-paint-tip-kit-257171c4-e90d-4afe-bce1-89070aafb21a-jpgrendition.jpg?im=whresize&wid=200&hei=200,https://media-www.canadiantire.ca/product/fixing/paint/paint-accessories/0492579/truecoat-360-paint-tip-kit-257171c4-e90d-4afe-bce1-89070aafb21a-jpgrendition.jpg?im=whresize&wid=200&hei=200,,0492579,049-2579-8,Il n’en reste que 2 #049-2579-8,Liquidation◊Mieux notés,61.96,"12,93","33,99"
58,"London South, ON","Interrupteur à bascule silencieux unipolaire CA Decorator, 15 A, 120 V, mise à la terre, qualité résidentielle, couleurs variées","Interrupteur à bascule silencieux unipolaire CA Decorator, 15 A, 120 V, mise à la terre, qualité résidentielle, couleurs variées",0.93,"0,93 $",2.79,"2,79 $Était   et+ prix était à partir de 2,79 $",0.93,"0,93 $",0.93,"0,93 $",true,https://www.canadiantire.ca/fr/pdp/interrupteur-a-bascule-silencieux-unipolaire-ca-decorator-15-a-120-v-mise-a-la-terre-qualite-residentielle-couleurs-variees-0528222p.html,https://www.canadiantire.ca/fr/pdp/interrupteur-a-bascule-silencieux-unipolaire-ca-decorator-15-a-120-v-mise-a-la-terre-qualite-residentielle-couleurs-variees-0528222p.html,https://media-www.canadiantire.ca/product/fixing/electrical/rough-electrical/0528352/decora-switch-1-pole-black-c26060b3-be73-4c84-bfd0-55a05b4de038-jpgrendition.jpg?im=whresize&wid=200&hei=200,https://media-www.canadiantire.ca/product/fixing/electrical/rough-electrical/0528352/decora-switch-1-pole-black-c26060b3-be73-4c84-bfd0-55a05b4de038-jpgrendition.jpg?im=whresize&wid=200&hei=200,,0528222,052-8222,Vérifiez la disponibilité#052-8222X,Liquidation◊Mieux notés,66.67,"0,93","2,79"
58,"London South, ON",Support de plaque d'immatriculation pour repérage de véhicule AutoTrends,Support de plaque d'immatriculation pour repérage de véhicule AutoTrends,8.93,"8,93 $",19.99,"Était±  19,99 $prix était 19,99 $",8.93,"8,93 $",8.93,"8,93 $",true,https://www.canadiantire.ca/fr/pdp/support-de-plaque-d-immatriculation-pour-reperage-de-vehicule-autotrends-0372925p.html,https://www.canadiantire.ca/fr/pdp/support-de-plaque-d-immatriculation-pour-reperage-de-vehicule-autotrends-0372925p.html,https://media-www.canadiantire.ca/product/automotive/car-care-accessories/auto-accessories/0372925/autotrends-find-my-auto-license-plate-frame-41d8c2a3-7d2a-4373-8046-7d337eb238a9-jpgrendition.jpg?im=whresize&wid=200&hei=200,https://media-www.canadiantire.ca/product/automotive/car-care-accessories/auto-accessories/0372925/autotrends-find-my-auto-license-plate-frame-41d8c2a3-7d2a-4373-8046-7d337eb238a9-jpgrendition.jpg?im=whresize&wid=200&hei=200,,0372925,037-2925-2,34 En Stock#037-2925-2,Liquidation◊Exclusivité,55.33,"8,93","19,99"
58,"London South, ON","Caméra de sécurité intelligente Geeni pour l'intérieur, 1080p, connexion Wi-Fi, noir","Caméra de sécurité intelligente Geeni pour l'intérieur, 1080p, connexion Wi-Fi, noir",49.93,"49,93 $",124.99,"Était±  124,99 $prix était 124,99 $",49.93,"49,93 $",49.93,"49,93 $",true,https://www.canadiantire.ca/fr/pdp/camera-de-securite-intelligente-geeni-pour-l-interieur-1080p-connexion-wi-fi-noir-0463296p.html,https://www.canadiantire.ca/fr/pdp/camera-de-securite-intelligente-geeni-pour-l-interieur-1080p-connexion-wi-fi-noir-0463296p.html,https://media-www.canadiantire.ca/product/fixing/hardware/home-safety/0463296/geeni-1080p-smart-doorbell-camera-bbcaf775-2ee8-44c1-abf4-4c4ede06a092-jpgrendition.jpg?im=whresize&wid=200&hei=200,https://media-www.canadiantire.ca/product/fixing/hardware/home-safety/0463296/geeni-1080p-smart-doorbell-camera-bbcaf775-2ee8-44c1-abf4-4c4ede06a092-jpgrendition.jpg?im=whresize&wid=200&hei=200,,0463296,046-3296-0,Il n’en reste que 1 #046-3296-0,Liquidation◊,60.05,"49,93","124,99"
58,"London South, ON","Jouet tubulaire à tirer Reddy, bleu","Jouet tubulaire à tirer Reddy, bleu",9.93,"9,93 $",20.99,"20,99 $Était   et+ prix était à partir de 20,99 $",9.93,"9,93 $",9.93,"9,93 $",true,https://www.canadiantire.ca/fr/pdp/jouet-tubulaire-a-tirer-reddy-bleu-1427457p.html,https://www.canadiantire.ca/fr/pdp/jouet-tubulaire-a-tirer-reddy-bleu-1427457p.html,https://media-www.canadiantire.ca/product/living/pet-care/pet-accessories/1427457/reddy-blue-tube-tug-toy-small-bc5a704c-42be-426a-b679-e2c28d08bcbd-jpgrendition.jpg?im=whresize&wid=200&hei=200,https://media-www.canadiantire.ca/product/living/pet-care/pet-accessories/1427457/reddy-blue-tube-tug-toy-small-bc5a704c-42be-426a-b679-e2c28d08bcbd-jpgrendition.jpg?im=whresize&wid=200&hei=200,,1427457,142-7457,Vérifiez la disponibilité#142-7457X,Liquidation◊Exclusivité,52.69,"9,93","20,99"
58,"London South, ON","Tampons Meguiar's DA Compound Power, G3507C, 10,16 cm (4 po), paq. 2, brun","Tampons Meguiar's DA Compound Power, G3507C, 10,16 cm (4 po), paq. 2, brun",9.93,"9,93 $",27.99,"Était±  27,99 $prix était 27,99 $",9.93,"9,93 $",9.93,"9,93 $",true,https://www.canadiantire.ca/fr/pdp/tampons-meguiar-s-da-compound-power-g3507c-10-16-cm-4-po-paq-2-brun-0399022p.html,https://www.canadiantire.ca/fr/pdp/tampons-meguiar-s-da-compound-power-g3507c-10-16-cm-4-po-paq-2-brun-0399022p.html,https://media-www.canadiantire.ca/product/automotive/car-care-accessories/auto-cleaning-tools/0399022/meguiar-s-da-power-system-compound-pack-c5d9f02e-e28a-4ac2-9ff4-ebea099ea39b-jpgrendition.jpg?im=whresize&wid=200&hei=200,https://media-www.canadiantire.ca/product/automotive/car-care-accessories/auto-cleaning-tools/0399022/meguiar-s-da-power-system-compound-pack-c5d9f02e-e28a-4ac2-9ff4-ebea099ea39b-jpgrendition.jpg?im=whresize&wid=200&hei=200,,0399022,039-9022-4,Il n’en reste que 2 #039-9022-4,Liquidation◊Mieux notés,64.52,"9,93","27,99"
58,"London South, ON","Agrafeuse pneumatique robuste et légère à couronne Bostitch avec double gâchette, 3/8 po","Agrafeuse pneumatique robuste et légère à couronne Bostitch avec double gâchette, 3/8 po",44.93,"44,93 $",89.99,"Était±  89,99 $prix était 89,99 $",44.93,"44,93 $",44.93,"44,93 $",true,https://www.canadiantire.ca/fr/pdp/agrafeuse-pneumatique-robuste-et-legere-a-couronne-bostitch-avec-double-gachette-3-8-po-0589846p.html,https://www.canadiantire.ca/fr/pdp/agrafeuse-pneumatique-robuste-et-legere-a-couronne-bostitch-avec-double-gachette-3-8-po-0589846p.html,https://media-www.canadiantire.ca/product/fixing/tools/air-tools-accessories/0589846/bostitch-3-8-crown-stapler-736f97e1-a54a-4709-971b-53aede8732d0-jpgrendition.jpg?im=whresize&wid=200&hei=200,https://media-www.canadiantire.ca/product/fixing/tools/air-tools-accessories/0589846/bostitch-3-8-crown-stapler-736f97e1-a54a-4709-971b-53aede8732d0-jpgrendition.jpg?im=whresize&wid=200&hei=200,,0589846,058-9846-8,,Liquidation◊,50.07,"44,93","89,99"
58,"London South, ON","Cuillère Danielson Renegade, 1/4 oz","Cuillère Danielson Renegade, 1/4 oz",2.43,"2,43 $",4.99,"4,99 $Était   et+ prix était à partir de 4,99 $",2.43,"2,43 $",2.43,"2,43 $",true,https://www.canadiantire.ca/fr/pdp/cuillere-danielson-renegade-1-4-oz-0782223p.html,https://www.canadiantire.ca/fr/pdp/cuillere-danielson-renegade-1-4-oz-0782223p.html,https://media-www.canadiantire.ca/product/playing/fishing/fishing-lures/0782225/danielson-renegade-spoon-nickel-blue-1-4oz-b8ff7c23-e55e-46ee-a1c6-9c681911dc68-jpgrendition.jpg?im=whresize&wid=200&hei=200,https://media-www.canadiantire.ca/product/playing/fishing/fishing-lures/0782225/danielson-renegade-spoon-nickel-blue-1-4oz-b8ff7c23-e55e-46ee-a1c6-9c681911dc68-jpgrendition.jpg?im=whresize&wid=200&hei=200,,0782223,078-2223,Vérifiez la disponibilité#078-2223X,Liquidation◊Mieux notés,51.3,"2,43","4,99"
58,"London South, ON","Barre lumineuse COB Custom Accessories, blanc, 12 V, 4 po, paq. 2","Barre lumineuse COB Custom Accessories, blanc, 12 V, 4 po, paq. 2",12.93,"12,93 $",32.99,"Était±  32,99 $prix était 32,99 $",12.93,"12,93 $",12.93,"12,93 $",true,https://www.canadiantire.ca/fr/pdp/barre-lumineuse-cob-custom-accessories-blanc-12-v-4-po-paq-2-0374606p.html,https://www.canadiantire.ca/fr/pdp/barre-lumineuse-cob-custom-accessories-blanc-12-v-4-po-paq-2-0374606p.html,https://media-www.canadiantire.ca/product/automotive/car-care-accessories/auto-accessories/0374606/truck-tuff-4-white-cob-light-bar-2-pack-3d974a47-1783-479b-ba78-77efa1cc2f1c-jpgrendition.jpg?im=whresize&wid=200&hei=200,https://media-www.canadiantire.ca/product/automotive/car-care-accessories/auto-accessories/0374606/truck-tuff-4-white-cob-light-bar-2-pack-3d974a47-1783-479b-ba78-77efa1cc2f1c-jpgrendition.jpg?im=whresize&wid=200&hei=200,,0374606,037-4606-0,Il n’en reste que 2 #037-4606-0,Liquidation◊Mieux notés,60.81,"12,93","32,99"
58,"London South, ON","Ballon en aluminium satiné lettres B-Day, choix de couleurs, 26x9 po, gonflé d'air, pour fête d'anniversaire","Ballon en aluminium satiné lettres B-Day, choix de couleurs, 26x9 po, gonflé d'air, pour fête d'anniversaire",1.93,"1,93 $",8.99,"8,99 $Était   et+ prix était à partir de 8,99 $",1.93,"1,93 $",1.93,"1,93 $",true,https://www.canadiantire.ca/fr/pdp/ballon-en-aluminium-satine-lettres-b-day-choix-de-couleurs-26x9-po-gonfle-d-air-pour-fete-d-anniversaire-8420828p.html,https://www.canadiantire.ca/fr/pdp/ballon-en-aluminium-satine-lettres-b-day-choix-de-couleurs-26x9-po-gonfle-d-air-pour-fete-d-anniversaire-8420828p.html,https://media-www.partycity.ca/product/seasonal-gardening/party-city-everyday/party-city-party-supplies-decor/8420832/mini-gld-air-filled-blln-bday-d1d7def3-cc0d-4b69-804a-59f041551bf2-jpgrendition.jpg?im=whresize&wid=200&hei=200,https://media-www.partycity.ca/product/seasonal-gardening/party-city-everyday/party-city-party-supplies-decor/8420832/mini-gld-air-filled-blln-bday-d1d7def3-cc0d-4b69-804a-59f041551bf2-jpgrendition.jpg?im=whresize&wid=200&hei=200,,8420828,842-0828,Vérifiez la disponibilité#842-0828X,Liquidation◊,78.53,"1,93","8,99"
58,"London South, ON","Stylos à bille à pointe moyenne rétractable BIC Glide, encre bleue, paq. 4","Stylos à bille à pointe moyenne rétractable BIC Glide, encre bleue, paq. 4",2.93,"2,93 $",5.99,"Était±  5,99 $prix était 5,99 $",2.93,"2,93 $",2.93,"2,93 $",true,https://www.canadiantire.ca/fr/pdp/stylos-a-bille-a-pointe-moyenne-retractable-bic-glide-encre-bleue-paq-4-2420317p.html,https://www.canadiantire.ca/fr/pdp/stylos-a-bille-a-pointe-moyenne-retractable-bic-glide-encre-bleue-paq-4-2420317p.html,https://media-www.canadiantire.ca/product/seasonal-gardening/toys/home-office-supplies/2420317/bic-glide-medium-point-4pk-retractable-blue-7f9ded4d-8531-4cfc-a3e4-560b3f287a65-jpgrendition.jpg?im=whresize&wid=200&hei=200,https://media-www.canadiantire.ca/product/seasonal-gardening/toys/home-office-supplies/2420317/bic-glide-medium-point-4pk-retractable-blue-7f9ded4d-8531-4cfc-a3e4-560b3f287a65-jpgrendition.jpg?im=whresize&wid=200&hei=200,,2420317,242-0317-2,Il n’en reste que 2 #242-0317-2,Liquidation◊Mieux notés,51.09,"2,93","5,99"
58,"London South, ON","Lumière/lampe utilitaire Alpena Moto CycleFire, 12 à 24 V, 5 W, éclairage auxiliaire à DEL, blanc, paq. 2","Lumière/lampe utilitaire Alpena Moto CycleFire, 12 à 24 V, 5 W, éclairage auxiliaire à DEL, blanc, paq. 2",12.93,"12,93 $",54.99,"Était±  54,99 $prix était 54,99 $",12.93,"12,93 $",12.93,"12,93 $",true,https://www.canadiantire.ca/fr/pdp/lumiere-lampe-utilitaire-alpena-moto-cyclefire-12-a-24-v-5-w-eclairage-auxiliaire-a-del-blanc-paq-2-0203357p.html,https://www.canadiantire.ca/fr/pdp/lumiere-lampe-utilitaire-alpena-moto-cyclefire-12-a-24-v-5-w-eclairage-auxiliaire-a-del-blanc-paq-2-0203357p.html,https://media-www.canadiantire.ca/product/automotive/automotive-outdoor-adventure/auto-travel-storage/0203357/alpena-moto-cyclefire-9bddce4b-f351-40c8-b9d7-e04f4127d1b0-jpgrendition.jpg?im=whresize&wid=200&hei=200,https://media-www.canadiantire.ca/product/automotive/automotive-outdoor-adventure/auto-travel-storage/0203357/alpena-moto-cyclefire-9bddce4b-f351-40c8-b9d7-e04f4127d1b0-jpgrendition.jpg?im=whresize&wid=200&hei=200,,0203357,020-3357-6,,Liquidation◊Mieux notés,76.49,"12,93","54,99"
58,"London South, ON",Adaptateur Android Ottocast sans fil,Adaptateur Android Ottocast sans fil,59.93,"59,93 $",139.99,"Était±  139,99 $prix était 139,99 $",59.93,"59,93 $",59.93,"59,93 $",true,https://www.canadiantire.ca/fr/pdp/adaptateur-android-ottocast-sans-fil-0355599p.html,https://www.canadiantire.ca/fr/pdp/adaptateur-android-ottocast-sans-fil-0355599p.html,https://media-www.canadiantire.ca/product/automotive/electronics/auto-electronics/0355599/ottocast-wireless-android-auto-adapter-5dfaec52-ba94-4890-b1b1-ebb502bc5f08-jpgrendition.jpg?im=whresize&wid=200&hei=200,https://media-www.canadiantire.ca/product/automotive/electronics/auto-electronics/0355599/ottocast-wireless-android-auto-adapter-5dfaec52-ba94-4890-b1b1-ebb502bc5f08-jpgrendition.jpg?im=whresize&wid=200&hei=200,,0355599,035-5599-4,Il n’en reste que 1 #035-5599-4,Liquidation◊,57.19,"59,93","139,99"
58,"London South, ON","Plaque murale en nylon pour interrupteur à bascule Leviton 0PJ26-747, taille intermédiaire, 1 dispositif, amande pâle","Plaque murale en nylon pour interrupteur à bascule Leviton 0PJ26-747, taille intermédiaire, 1 dispositif, amande pâle",0.93,"0,93 $",1.99,"Était±  1,99 $prix était 1,99 $",0.93,"0,93 $",0.93,"0,93 $",true,https://www.canadiantire.ca/fr/pdp/plaque-murale-en-nylon-pour-interrupteur-a-bascule-leviton-0pj26-747-taille-intermediaire-1-dispositif-amande-pale-0522899p.html,https://www.canadiantire.ca/fr/pdp/plaque-murale-en-nylon-pour-interrupteur-a-bascule-leviton-0pj26-747-taille-intermediaire-1-dispositif-amande-pale-0522899p.html,https://media-www.canadiantire.ca/product/fixing/electrical/rough-electrical/0522899/decora-wallplate-1-gang-light-almond-midway-size-c5675d50-2133-4de8-8024-48e62f8bfff0-jpgrendition.jpg?im=whresize&wid=200&hei=200,https://media-www.canadiantire.ca/product/fixing/electrical/rough-electrical/0522899/decora-wallplate-1-gang-light-almond-midway-size-c5675d50-2133-4de8-8024-48e62f8bfff0-jpgrendition.jpg?im=whresize&wid=200&hei=200,,0522899,052-2899-6,Il n’en reste que 7 #052-2899-6,Liquidation◊Mieux notés,53.27,"0,93","1,99"
58,"London South, ON","Mèche tarière Bosch Daredevil en acier rapide, pour bois","Mèche tarière Bosch Daredevil en acier rapide, pour bois",12.93,"12,93 $",26.99,"26,99 $Était   et+ prix était à partir de 26,99 $",12.93,"12,93 $",12.93,"12,93 $",true,https://www.canadiantire.ca/fr/pdp/meche-tariere-bosch-daredevil-en-acier-rapide-pour-bois-0540423p.html,https://www.canadiantire.ca/fr/pdp/meche-tariere-bosch-daredevil-en-acier-rapide-pour-bois-0540423p.html,https://media-www.canadiantire.ca/product/fixing/tools/power-tool-accessories/0540423/bosch-1-2-x-7-1-2-daredevil-auger-bits-99a4e56c-de10-4a37-ac12-cdef43c94b3d-jpgrendition.jpg?im=whresize&wid=200&hei=200,https://media-www.canadiantire.ca/product/fixing/tools/power-tool-accessories/0540423/bosch-1-2-x-7-1-2-daredevil-auger-bits-99a4e56c-de10-4a37-ac12-cdef43c94b3d-jpgrendition.jpg?im=whresize&wid=200&hei=200,,0540423,054-0423,Vérifiez la disponibilité#054-0423X,Liquidation◊Mieux notés,52.09,"12,93","26,99"
58,"London South, ON","Crochets de suspension pour lampe Atron Electro Industries LA708, laiton antique, paq. 2","Crochets de suspension pour lampe Atron Electro Industries LA708, laiton antique, paq. 2",1.43,"1,43 $",3.49,"Était±  3,49 $prix était 3,49 $",1.43,"1,43 $",1.43,"1,43 $",true,https://www.canadiantire.ca/fr/pdp/crochets-de-suspension-pour-lampe-atron-electro-industries-la708-laiton-antique-paq-2-0523126p.html,https://www.canadiantire.ca/fr/pdp/crochets-de-suspension-pour-lampe-atron-electro-industries-la708-laiton-antique-paq-2-0523126p.html,https://media-www.canadiantire.ca/product/fixing/electrical/rough-electrical/0523126/swag-hooks-antique-brass-602c2dda-7557-424f-82f3-ffef77b42f36-jpgrendition.jpg?im=whresize&wid=200&hei=200,https://media-www.canadiantire.ca/product/fixing/electrical/rough-electrical/0523126/swag-hooks-antique-brass-602c2dda-7557-424f-82f3-ffef77b42f36-jpgrendition.jpg?im=whresize&wid=200&hei=200,,0523126,052-3126-0,Il n’en reste que 2 #052-3126-0,Liquidation◊,59.03,"1,43","3,49"
58,"London South, ON","Louche en silicone MASTER Chef, choix varié","Louche en silicone MASTER Chef, choix varié",2.93,"2,93 $",7.99,"Était±  7,99 $prix était 7,99 $",2.93,"2,93 $",2.93,"2,93 $",true,https://www.canadiantire.ca/fr/pdp/louche-en-silicone-master-chef-choix-varie-1424258p.html,https://www.canadiantire.ca/fr/pdp/louche-en-silicone-master-chef-choix-varie-1424258p.html,https://media-www.canadiantire.ca/product/living/kitchen/kitchen-tools-thermometers/1424258/masterched-e-silicone-ladle-53ce07b2-31dd-4026-9afa-8f842d9cd9e4.png?im=whresize&wid=200&hei=200,https://media-www.canadiantire.ca/product/living/kitchen/kitchen-tools-thermometers/1424258/masterched-e-silicone-ladle-53ce07b2-31dd-4026-9afa-8f842d9cd9e4.png?im=whresize&wid=200&hei=200,,1424258,142-4258-6,Il n’en reste que 2 #142-4258-6,Liquidation◊Mieux notés,63.33,"2,93","7,99"
58,"London South, ON","Coussin de fauteuil de patio CANVAS Boho, résistant aux UV, à l'eau et aux taches, noir","Coussin de fauteuil de patio CANVAS Boho, résistant aux UV, à l'eau et aux taches, noir",39.93,"39,93 $",84.99,"Était±  84,99 $prix était 84,99 $",39.93,"39,93 $",39.93,"39,93 $",true,https://www.canadiantire.ca/fr/pdp/coussin-de-fauteuil-de-patio-canvas-boho-resistant-aux-uv-a-l-eau-et-aux-taches-noir-0882158p.html,https://www.canadiantire.ca/fr/pdp/coussin-de-fauteuil-de-patio-canvas-boho-resistant-aux-uv-a-l-eau-et-aux-taches-noir-0882158p.html,https://media-www.canadiantire.ca/product/seasonal-gardening/backyard-living/outdoor-living-accessories/0882158/canvas-bo-ho-chair-cushion-73502143-3901-4e34-8c85-94ec54ccf35c-jpgrendition.jpg?im=whresize&wid=200&hei=200,https://media-www.canadiantire.ca/product/seasonal-gardening/backyard-living/outdoor-living-accessories/0882158/canvas-bo-ho-chair-cushion-73502143-3901-4e34-8c85-94ec54ccf35c-jpgrendition.jpg?im=whresize&wid=200&hei=200,,0882158,088-2158-6,Il n’en reste que 1 #088-2158-6,Liquidation◊Mieux notés,53.02,"39,93","84,99"
58,"London South, ON",Cuiller rapide Northland Crawler Hauler,Cuiller rapide Northland Crawler Hauler,3.43,"3,43 $",7.99,"7,99 $Était   et+ prix était à partir de 7,99 $",3.43,"3,43 $",3.43,"3,43 $",true,https://www.canadiantire.ca/fr/pdp/cuiller-rapide-northland-crawler-hauler-0776850p.html,https://www.canadiantire.ca/fr/pdp/cuiller-rapide-northland-crawler-hauler-0776850p.html,https://media-www.canadiantire.ca/product/playing/fishing/fishing-lures/0776850/northland-tackle-pro-harness-uv-gold-x-mas-4-b3fdb983-68af-4cd2-9a11-d6979928e9c1-jpgrendition.jpg?im=whresize&wid=200&hei=200,https://media-www.canadiantire.ca/product/playing/fishing/fishing-lures/0776850/northland-tackle-pro-harness-uv-gold-x-mas-4-b3fdb983-68af-4cd2-9a11-d6979928e9c1-jpgrendition.jpg?im=whresize&wid=200&hei=200,,0776850,077-6850,Vérifiez la disponibilité#077-6850X,Liquidation◊Mieux notés,57.07,"3,43","7,99"
58,"London South, ON",Lampe à DEL rechargeable 40 lumens Energizer,Lampe à DEL rechargeable 40 lumens Energizer,9.93,"9,93 $",21.99,"Était±  21,99 $prix était 21,99 $",9.93,"9,93 $",9.93,"9,93 $",true,https://www.canadiantire.ca/fr/pdp/lampe-a-del-rechargeable-40-lumens-energizer-0653049p.html,https://www.canadiantire.ca/fr/pdp/lampe-a-del-rechargeable-40-lumens-energizer-0653049p.html,https://media-www.canadiantire.ca/product/fixing/hardware/household-flashlights/0653049/energizer-rechargeable-compact-handheld-led-flashlight-8980c6cc-96c8-4da3-9356-6173b4842847-jpgrendition.jpg?im=whresize&wid=200&hei=200,https://media-www.canadiantire.ca/product/fixing/hardware/household-flashlights/0653049/energizer-rechargeable-compact-handheld-led-flashlight-8980c6cc-96c8-4da3-9356-6173b4842847-jpgrendition.jpg?im=whresize&wid=200&hei=200,,0653049,065-3049-4,,Liquidation◊Mieux notés,54.84,"9,93","21,99"
58,"London South, ON","Ballon de basketball en caoutchouc Wilson Dribbler NBA Raptors de Toronto, noir","Ballon de basketball en caoutchouc Wilson Dribbler NBA Raptors de Toronto, noir",1.43,"1,43 $",6.99,"Était±  6,99 $prix était 6,99 $",1.43,"1,43 $",1.43,"1,43 $",true,https://www.canadiantire.ca/fr/pdp/ballon-de-basketball-en-caoutchouc-wilson-dribbler-nba-raptors-de-toronto-noir-1841109p.html,https://www.canadiantire.ca/fr/pdp/ballon-de-basketball-en-caoutchouc-wilson-dribbler-nba-raptors-de-toronto-noir-1841109p.html,https://media-www.canadiantire.ca/product/playing/team-sports-and-golf/sports-equipment-accessories/1841109/wilson-nba-raptors-high-bounce-ball-200c34b8-f801-4122-8e63-b47b3de99753-jpgrendition.jpg?im=whresize&wid=200&hei=200,https://media-www.canadiantire.ca/product/playing/team-sports-and-golf/sports-equipment-accessories/1841109/wilson-nba-raptors-high-bounce-ball-200c34b8-f801-4122-8e63-b47b3de99753-jpgrendition.jpg?im=whresize&wid=200&hei=200,,1841109,184-1109-0,,Liquidation◊Articles à succès,79.54,"1,43","6,99"
58,"London South, ON","Barre lumineuse et projecteur à DEL Alpena TREKTECMC D22P, 6 300 lumens","Barre lumineuse et projecteur à DEL Alpena TREKTECMC D22P, 6 300 lumens",54.93,"54,93 $",199.99,"Était±  199,99 $prix était 199,99 $",54.93,"54,93 $",54.93,"54,93 $",true,https://www.canadiantire.ca/fr/pdp/barre-lumineuse-et-projecteur-a-del-alpena-trektec-sup-mc-sup-d22p-6-300-lumens-0203535p.html,https://www.canadiantire.ca/fr/pdp/barre-lumineuse-et-projecteur-a-del-alpena-trektec-sup-mc-sup-d22p-6-300-lumens-0203535p.html,https://media-www.canadiantire.ca/product/automotive/automotive-outdoor-adventure/auto-travel-storage/0203535/alpena-trektec-d22p-led-light-bar-8000-lumens-ecc19f5a-e30d-4a87-8e83-0cdade367b06-jpgrendition.jpg?im=whresize&wid=200&hei=200,https://media-www.canadiantire.ca/product/automotive/automotive-outdoor-adventure/auto-travel-storage/0203535/alpena-trektec-d22p-led-light-bar-8000-lumens-ecc19f5a-e30d-4a87-8e83-0cdade367b06-jpgrendition.jpg?im=whresize&wid=200&hei=200,,0203535,020-3535-2,Il n’en reste que 2 #020-3535-2,Liquidation◊Mieux notés,72.53,"54,93","199,99"
58,"London South, ON",Porte-bagages arrière universel Raleigh,Porte-bagages arrière universel Raleigh,27.93,"27,93 $",58.99,"Était±  58,99 $prix était 58,99 $",27.93,"27,93 $",27.93,"27,93 $",true,https://www.canadiantire.ca/fr/pdp/porte-bagages-arriere-universel-raleigh-0730575p.html,https://www.canadiantire.ca/fr/pdp/porte-bagages-arriere-universel-raleigh-0730575p.html,https://media-www.canadiantire.ca/product/playing/cycling/bicycle-accessories/0730575/raleigh-universal-rear-bike-rack-c2a23ec5-9f87-4fde-a2d6-7725e406efc9-jpgrendition.jpg?im=whresize&wid=200&hei=200,https://media-www.canadiantire.ca/product/playing/cycling/bicycle-accessories/0730575/raleigh-universal-rear-bike-rack-c2a23ec5-9f87-4fde-a2d6-7725e406efc9-jpgrendition.jpg?im=whresize&wid=200&hei=200,,0730575,073-0575-8,,Liquidation◊Exclusivité,52.65,"27,93","58,99"
58,"London South, ON","Collier pour chat/chien, bleu/orange","Collier pour chat/chien, bleu/orange",4.93,"4,93 $",14.99,"14,99 $Était   et+ prix était à partir de 14,99 $",4.93,"4,93 $",4.93,"4,93 $",true,https://www.canadiantire.ca/fr/pdp/collier-pour-chat-chien-bleu-orange-1427569p.html,https://www.canadiantire.ca/fr/pdp/collier-pour-chat-chien-bleu-orange-1427569p.html,https://media-www.canadiantire.ca/product/living/pet-care/pet-accessories/1427569/perri-s-pet-collar-blue-orange-multi-small-564bef44-a3be-495c-bc22-d1682eb4660a-jpgrendition.jpg?im=whresize&wid=200&hei=200,https://media-www.canadiantire.ca/product/living/pet-care/pet-accessories/1427569/perri-s-pet-collar-blue-orange-multi-small-564bef44-a3be-495c-bc22-d1682eb4660a-jpgrendition.jpg?im=whresize&wid=200&hei=200,,1427569,142-7569,Vérifiez la disponibilité#142-7569X,Liquidation◊Exclusivité,67.11,"4,93","14,99"
58,"London South, ON","Tapis Certified, paq. 4","Tapis Certified, paq. 4",6.93,"6,93 $",29.99,"29,99 $Était   et+ prix était à partir de 29,99 $",6.93,"6,93 $",6.93,"6,93 $",true,https://www.canadiantire.ca/fr/pdp/tapis-certified-paq-4-0312632p.html,https://www.canadiantire.ca/fr/pdp/tapis-certified-paq-4-0312632p.html,https://media-www.canadiantire.ca/product/automotive/car-care-accessories/auto-comfort/0312632/certified-4-piece-black-287d79f6-4cf1-409c-8299-d3e437cd6f38-jpgrendition.jpg?im=whresize&wid=200&hei=200,https://media-www.canadiantire.ca/product/automotive/car-care-accessories/auto-comfort/0312632/certified-4-piece-black-287d79f6-4cf1-409c-8299-d3e437cd6f38-jpgrendition.jpg?im=whresize&wid=200&hei=200,,0312632,031-2632,Vérifiez la disponibilité#031-2632X,Liquidation◊Mieux notés,76.89,"6,93","29,99"
58,"London South, ON",Boule pour coupleur antivol et verrou Rightline Gear,Boule pour coupleur antivol et verrou Rightline Gear,12.93,"12,93 $",29.99,"Était±  29,99 $prix était 29,99 $",12.93,"12,93 $",12.93,"12,93 $",true,https://www.canadiantire.ca/fr/pdp/boule-pour-coupleur-antivol-et-verrou-rightline-gear-0406983p.html,https://www.canadiantire.ca/fr/pdp/boule-pour-coupleur-antivol-et-verrou-rightline-gear-0406983p.html,https://media-www.canadiantire.ca/product/automotive/automotive-outdoor-adventure/auto-travel-storage/0406983/anti-theft-coupler-ball-lock-40555987-9ba2-4d50-b9a0-07559a0b0240-jpgrendition.jpg?im=whresize&wid=200&hei=200,https://media-www.canadiantire.ca/product/automotive/automotive-outdoor-adventure/auto-travel-storage/0406983/anti-theft-coupler-ball-lock-40555987-9ba2-4d50-b9a0-07559a0b0240-jpgrendition.jpg?im=whresize&wid=200&hei=200,,0406983,040-6983-8,,Liquidation◊Mieux notés,56.89,"12,93","29,99"
58,"London South, ON","Planche à découper en poly MASTER chef, résistant aux taches et aux odeurs, paq. 3","Planche à découper en poly MASTER chef, résistant aux taches et aux odeurs, paq. 3",9.93,"9,93 $",29.99,"Était±  29,99 $prix était 29,99 $",9.93,"9,93 $",9.93,"9,93 $",true,https://www.canadiantire.ca/fr/pdp/planche-a-decouper-en-poly-master-chef-resistant-aux-taches-et-aux-odeurs-paq-3-1426747p.html,https://www.canadiantire.ca/fr/pdp/planche-a-decouper-en-poly-master-chef-resistant-aux-taches-et-aux-odeurs-paq-3-1426747p.html,https://media-www.canadiantire.ca/product/living/kitchen/cutlery/1426747/3pc-poly-set-ee7c8086-a840-44c9-ad80-f9b559bad3c7-jpgrendition.jpg?im=whresize&wid=200&hei=200,https://media-www.canadiantire.ca/product/living/kitchen/cutlery/1426747/3pc-poly-set-ee7c8086-a840-44c9-ad80-f9b559bad3c7-jpgrendition.jpg?im=whresize&wid=200&hei=200,,1426747,142-6747-0,,Liquidation◊Exclusivité,66.89,"9,93","29,99"
58,"London South, ON",Interrupteur pour ventilateur de plafond à 3 vitesses Atron Electro Industries FA86 avec chaînette perlée,Interrupteur pour ventilateur de plafond à 3 vitesses Atron Electro Industries FA86 avec chaînette perlée,1.93,"1,93 $",4.79,"Était±  4,79 $prix était 4,79 $",1.93,"1,93 $",1.93,"1,93 $",true,https://www.canadiantire.ca/fr/pdp/interrupteur-pour-ventilateur-de-plafond-a-3-vitesses-atron-electro-industries-fa86-avec-chainette-perlee-0522880p.html,https://www.canadiantire.ca/fr/pdp/interrupteur-pour-ventilateur-de-plafond-a-3-vitesses-atron-electro-industries-fa86-avec-chainette-perlee-0522880p.html,undefined,undefined,,0522880,052-2880-8,Il n’en reste que 4 #052-2880-8,Liquidation◊,59.71,"1,93","4,79"
58,"London South, ON","Mélangeur à immersion à vitesse variable PADERNO à lame Vortex, acier inoxydable noir","Mélangeur à immersion à vitesse variable PADERNO à lame Vortex, acier inoxydable noir",79.93,"79,93 $",179.99,"Était±  179,99 $prix était 179,99 $",79.93,"79,93 $",79.93,"79,93 $",true,https://www.canadiantire.ca/fr/pdp/melangeur-a-immersion-a-vitesse-variable-paderno-a-lame-vortex-acier-inoxydable-noir-0435270p.html,https://www.canadiantire.ca/fr/pdp/melangeur-a-immersion-a-vitesse-variable-paderno-a-lame-vortex-acier-inoxydable-noir-0435270p.html,https://media-www.canadiantire.ca/product/living/kitchen/kitchen-appliances/0435270/paderno-variable-spd-immersion-blender-blk-stainless-steel-0a50bbb9-dcca-4176-b8b3-e063957fcc72-jpgrendition.jpg?im=whresize&wid=200&hei=200,https://media-www.canadiantire.ca/product/living/kitchen/kitchen-appliances/0435270/paderno-variable-spd-immersion-blender-blk-stainless-steel-0a50bbb9-dcca-4176-b8b3-e063957fcc72-jpgrendition.jpg?im=whresize&wid=200&hei=200,,0435270,043-5270-4,,Liquidation◊Mieux notés,55.59,"79,93","179,99"
58,"London South, ON",Hameçon en faucille Xcalibur Octopus,Hameçon en faucille Xcalibur Octopus,0.93,"0,93 $",3.99,"3,99 $Était   et+ prix était à partir de 3,99 $",0.93,"0,93 $",0.93,"0,93 $",true,https://www.canadiantire.ca/fr/pdp/hamecon-en-faucille-xcalibur-octopus-0770366p.html,https://www.canadiantire.ca/fr/pdp/hamecon-en-faucille-xcalibur-octopus-0770366p.html,https://media-www.canadiantire.ca/product/playing/fishing/fishing-lures/0770366/matzuo-octopus-sickle-size-6-7ef44089-7bd0-4794-a1f8-2f0cdbbdac95-jpgrendition.jpg?im=whresize&wid=200&hei=200,https://media-www.canadiantire.ca/product/playing/fishing/fishing-lures/0770366/matzuo-octopus-sickle-size-6-7ef44089-7bd0-4794-a1f8-2f0cdbbdac95-jpgrendition.jpg?im=whresize&wid=200&hei=200,,0770366,077-0366,Vérifiez la disponibilité#077-0366X,Liquidation◊Mieux notés,76.69,"0,93","3,99"
58,"London South, ON",Trousse de câblage pour connecteur métallique à 4 broches plates à 6 broches rondes Hopkins,Trousse de câblage pour connecteur métallique à 4 broches plates à 6 broches rondes Hopkins,6.93,"6,93 $",44.99,"Était±  44,99 $prix était 44,99 $",6.93,"6,93 $",6.93,"6,93 $",true,https://www.canadiantire.ca/fr/pdp/trousse-de-cablage-pour-connecteur-metallique-a-4-broches-plates-a-6-broches-rondes-hopkins-1407233p.html,https://www.canadiantire.ca/fr/pdp/trousse-de-cablage-pour-connecteur-metallique-a-4-broches-plates-a-6-broches-rondes-hopkins-1407233p.html,https://media-www.canadiantire.ca/product/automotive/automotive-outdoor-adventure/auto-travel-storage/1407233/hopkins-4-flat-to-6-round-wiring-kit-metal--aa93cdea-5675-459b-93bd-96d163c5de2a-jpgrendition.jpg?im=whresize&wid=200&hei=200,https://media-www.canadiantire.ca/product/automotive/automotive-outdoor-adventure/auto-travel-storage/1407233/hopkins-4-flat-to-6-round-wiring-kit-metal--aa93cdea-5675-459b-93bd-96d163c5de2a-jpgrendition.jpg?im=whresize&wid=200&hei=200,,1407233,140-7233-0,Il n’en reste que 1 #140-7233-0,Liquidation◊,84.6,"6,93","44,99"
58,"London South, ON","Bouteille d'eau Contigo Bubba Radiant en acier inoxydable, fraise et rhubarbe, 40 oz","Bouteille d'eau Contigo Bubba Radiant en acier inoxydable, fraise et rhubarbe, 40 oz",19.93,"19,93 $",49.99,"Était±  49,99 $prix était 49,99 $",19.93,"19,93 $",19.93,"19,93 $",true,https://www.canadiantire.ca/fr/pdp/bouteille-d-eau-contigo-bubba-radiant-en-acier-inoxydable-fraise-et-rhubarbe-40-oz-1426683p.html,https://www.canadiantire.ca/fr/pdp/bouteille-d-eau-contigo-bubba-radiant-en-acier-inoxydable-fraise-et-rhubarbe-40-oz-1426683p.html,https://media-www.canadiantire.ca/product/living/kitchen/food-storage/1426683/bubba-radiant-ss-stawberry-rubarb-40oz-bottle-4f44cf7b-7715-4d6b-9c86-32c9130af437-jpgrendition.jpg?im=whresize&wid=200&hei=200,https://media-www.canadiantire.ca/product/living/kitchen/food-storage/1426683/bubba-radiant-ss-stawberry-rubarb-40oz-bottle-4f44cf7b-7715-4d6b-9c86-32c9130af437-jpgrendition.jpg?im=whresize&wid=200&hei=200,,1426683,142-6683-0,,Liquidation◊Mieux notés,60.13,"19,93","49,99"
58,"London South, ON","Casque de vélo Raleigh Venture MIPS, jeune, gris/rose","Casque de vélo Raleigh Venture MIPS, jeune, gris/rose",39.99,"39,99 $",79.99,"Était±  79,99 $prix était 79,99 $",39.99,"39,99 $",39.99,"39,99 $",true,https://www.canadiantire.ca/fr/pdp/casque-de-velo-raleigh-venture-mips-jeune-gris-rose-0733636p.html,https://www.canadiantire.ca/fr/pdp/casque-de-velo-raleigh-venture-mips-jeune-gris-rose-0733636p.html,https://media-www.canadiantire.ca/product/playing/cycling/bicycle-accessories/0733636/raleigh-venture-youth-mips-bike-helmet-grey-pink-29aea483-2fd5-4425-96db-11f23e78d8f4-jpgrendition.jpg?im=whresize&wid=200&hei=200,https://media-www.canadiantire.ca/product/playing/cycling/bicycle-accessories/0733636/raleigh-venture-youth-mips-bike-helmet-grey-pink-29aea483-2fd5-4425-96db-11f23e78d8f4-jpgrendition.jpg?im=whresize&wid=200&hei=200,,0733636,073-3636-6,Il n’en reste que 1 #073-3636-6,Liquidation◊Mieux notés,50.01,"39,99","79,99"
58,"London South, ON",Tapis de vidange d’huile robuste STP,Tapis de vidange d’huile robuste STP,9.93,"9,93 $",25.99,"Était±  25,99 $prix était 25,99 $",9.93,"9,93 $",9.93,"9,93 $",true,https://www.canadiantire.ca/fr/pdp/tapis-de-vidange-d-huile-robuste-stp-0380080p.html,https://www.canadiantire.ca/fr/pdp/tapis-de-vidange-d-huile-robuste-stp-0380080p.html,https://media-www.canadiantire.ca/product/automotive/auto-maintenance/oil-change-and-fuel-accessories/0380080/stp-oil-change-mat-7fdc0717-0b64-4775-aad0-34f273826e40-jpgrendition.jpg?im=whresize&wid=200&hei=200,https://media-www.canadiantire.ca/product/automotive/auto-maintenance/oil-change-and-fuel-accessories/0380080/stp-oil-change-mat-7fdc0717-0b64-4775-aad0-34f273826e40-jpgrendition.jpg?im=whresize&wid=200&hei=200,,0380080,038-0080-0,Il n’en reste que 1 #038-0080-0,Liquidation◊,61.79,"9,93","25,99"
58,"London South, ON",Drapeau du Canada en polyester,Drapeau du Canada en polyester,1.93,"1,93 $",11.99,"Était±  11,99 $prix était 11,99 $",1.93,"1,93 $",1.93,"1,93 $",true,https://www.canadiantire.ca/fr/pdp/drapeau-du-canada-en-polyester-0791643p.html,https://www.canadiantire.ca/fr/pdp/drapeau-du-canada-en-polyester-0791643p.html,https://media-www.canadiantire.ca/product/playing/seasonal-recreation/marine-power-boating/0791643/boat-flag-canadian-18-x-9--01234446-68d3-4fe7-aa64-414eb6d1d0af-jpgrendition.jpg?im=whresize&wid=200&hei=200,https://media-www.canadiantire.ca/product/playing/seasonal-recreation/marine-power-boating/0791643/boat-flag-canadian-18-x-9--01234446-68d3-4fe7-aa64-414eb6d1d0af-jpgrendition.jpg?im=whresize&wid=200&hei=200,,0791643,079-1643-8,,Liquidation◊Mieux notés,83.9,"1,93","11,99"
58,"London South, ON","Ballon en aluminium satiné Baby en lettres attachées, choix de couleurs, 39 x 33 po, gonflé à l'air, pour fête prénatale ou de dévoilement du sexe","Ballon en aluminium satiné Baby en lettres attachées, choix de couleurs, 39 x 33 po, gonflé à l'air, pour fête prénatale ou de dévoilement du sexe",1.93,"1,93 $",8.99,"8,99 $Était   et+ prix était à partir de 8,99 $",1.93,"1,93 $",1.93,"1,93 $",true,https://www.canadiantire.ca/fr/pdp/ballon-en-aluminium-satine-baby-en-lettres-attachees-choix-de-couleurs-39-x-33-po-gonfle-a-l-air-pour-fete-prenatale-ou-de-devoilement-du-sexe-8423775p.html,https://www.canadiantire.ca/fr/pdp/ballon-en-aluminium-satine-baby-en-lettres-attachees-choix-de-couleurs-39-x-33-po-gonfle-a-l-air-pour-fete-prenatale-ou-de-devoilement-du-sexe-8423775p.html,https://media-www.canadiantire.ca/product/seasonal-gardening/party-city-everyday/party-city-party-supplies-decor/8423776/mini-gld-fl-bln-a-f-scrpt-baby-cfeac9f6-bf0f-4c81-9208-352380614bad-jpgrendition.jpg?im=whresize&wid=200&hei=200,https://media-www.canadiantire.ca/product/seasonal-gardening/party-city-everyday/party-city-party-supplies-decor/8423776/mini-gld-fl-bln-a-f-scrpt-baby-cfeac9f6-bf0f-4c81-9208-352380614bad-jpgrendition.jpg?im=whresize&wid=200&hei=200,,8423775,842-3775,Vérifiez la disponibilité#842-3775X,Liquidation◊Mieux notés,78.53,"1,93","8,99"
58,"London South, ON",Protège-roulements de roue,Protège-roulements de roue,16.93,"16,93 $",34.99,"Était±  34,99 $prix était 34,99 $",16.93,"16,93 $",16.93,"16,93 $",true,https://www.canadiantire.ca/fr/pdp/protege-roulements-de-roue-0408420p.html,https://www.canadiantire.ca/fr/pdp/protege-roulements-de-roue-0408420p.html,https://media-www.canadiantire.ca/product/automotive/automotive-outdoor-adventure/auto-travel-storage/0408420/bearing-protector-c4eaf605-962c-447a-92d9-d8291f7220e4-jpgrendition.jpg?im=whresize&wid=200&hei=200,https://media-www.canadiantire.ca/product/automotive/automotive-outdoor-adventure/auto-travel-storage/0408420/bearing-protector-c4eaf605-962c-447a-92d9-d8291f7220e4-jpgrendition.jpg?im=whresize&wid=200&hei=200,,0408420,040-8420-6,Il n’en reste que 5 #040-8420-6,Liquidation◊,51.61,"16,93","34,99"
58,"London South, ON","Trousse de décoration ballon en latex rond lama Battle Royal Storm the Party, jaune/mauve/bleu/vert, 12 po, paq. 6, pour fête d'anniversaire","Trousse de décoration ballon en latex rond lama Battle Royal Storm the Party, jaune/mauve/bleu/vert, 12 po, paq. 6, pour fête d'anniversaire",0.93,"0,93 $",4.99,"Était±  4,99 $prix était 4,99 $",0.93,"0,93 $",0.93,"0,93 $",true,https://www.canadiantire.ca/fr/pdp/trousse-de-decoration-ballon-en-latex-rond-lama-battle-royal-storm-the-party-jaune-mauve-bleu-vert-12-po-paq-6-pour-fete-d-anniversaire-8546701p.html,https://www.canadiantire.ca/fr/pdp/trousse-de-decoration-ballon-en-latex-rond-lama-battle-royal-storm-the-party-jaune-mauve-bleu-vert-12-po-paq-6-pour-fete-d-anniversaire-8546701p.html,https://media-www.partycity.ca/product/seasonal-gardening/party-city-everyday/party-city-kids-birthday-pinatas/8546701/battle-royal-balloon-decoration-kit-77866f35-9f65-4a54-8bea-b21ab7525ba6-jpgrendition.jpg?im=whresize&wid=200&hei=200,https://media-www.partycity.ca/product/seasonal-gardening/party-city-everyday/party-city-kids-birthday-pinatas/8546701/battle-royal-balloon-decoration-kit-77866f35-9f65-4a54-8bea-b21ab7525ba6-jpgrendition.jpg?im=whresize&wid=200&hei=200,,8546701,854-6701-4,,Liquidation◊,81.36,"0,93","4,99"
58,"London South, ON","Affiche d'allée voie canadienne de l'équipe olympique canadienne pour amateurs et collectionneurs, 23 x 4 po","Affiche d'allée voie canadienne de l'équipe olympique canadienne pour amateurs et collectionneurs, 23 x 4 po",5.93,"5,93 $",11.99,"Était±  11,99 $prix était 11,99 $",5.93,"5,93 $",5.93,"5,93 $",true,https://www.canadiantire.ca/fr/pdp/affiche-d-allee-voie-canadienne-de-l-equipe-olympique-canadienne-pour-amateurs-et-collectionneurs-23-x-4-po-0845877p.html,https://www.canadiantire.ca/fr/pdp/affiche-d-allee-voie-canadienne-de-l-equipe-olympique-canadienne-pour-amateurs-et-collectionneurs-23-x-4-po-0845877p.html,https://media-www.canadiantire.ca/product/playing/team-sports-and-golf/sports-equipment-accessories/0845877/canadian-olympic-committee-street-sign-d5282f16-1917-4f74-9eee-bb378f09d275-jpgrendition.jpg?im=whresize&wid=200&hei=200,https://media-www.canadiantire.ca/product/playing/team-sports-and-golf/sports-equipment-accessories/0845877/canadian-olympic-committee-street-sign-d5282f16-1917-4f74-9eee-bb378f09d275-jpgrendition.jpg?im=whresize&wid=200&hei=200,,0845877,084-5877-4,Il n’en reste que 2 #084-5877-4,Liquidation◊,50.54,"5,93","11,99"
58,"London South, ON","Raquettes Woods, dames, bleu","Raquettes Woods, dames, bleu",79.93,"79,93 $",159.99,"159,99 $Était   et+ prix était à partir de 159,99 $",79.93,"79,93 $",79.93,"79,93 $",true,https://www.canadiantire.ca/fr/pdp/raquettes-woods-dames-bleu-0823112p.html,https://www.canadiantire.ca/fr/pdp/raquettes-woods-dames-bleu-0823112p.html,https://media-www.canadiantire.ca/product/playing/seasonal-recreation/winter-recreation/0823112/woods-snowshoe-women-s-21--6a22187a-5d06-4c70-a608-15922415ed9d-jpgrendition.jpg?im=whresize&wid=200&hei=200,https://media-www.canadiantire.ca/product/playing/seasonal-recreation/winter-recreation/0823112/woods-snowshoe-women-s-21--6a22187a-5d06-4c70-a608-15922415ed9d-jpgrendition.jpg?im=whresize&wid=200&hei=200,,0823112,082-3112,Vérifiez la disponibilité#082-3112X,Liquidation◊Exclusivité,50.04,"79,93","159,99"
58,"London South, ON","Ballons d'eau réutilisables Hurricane, bleu/vert/orange, 5 ans et plus, pour activités estivales/plage, paq. 3","Ballons d'eau réutilisables Hurricane, bleu/vert/orange, 5 ans et plus, pour activités estivales/plage, paq. 3",2.93,"2,93 $",8.99,"Était±  8,99 $prix était 8,99 $",2.93,"2,93 $",2.93,"2,93 $",true,https://www.canadiantire.ca/fr/pdp/ballons-d-eau-reutilisables-hurricane-bleu-vert-orange-5-ans-et-plus-pour-activites-estivales-plage-paq-3-0849132p.html,https://www.canadiantire.ca/fr/pdp/ballons-d-eau-reutilisables-hurricane-bleu-vert-orange-5-ans-et-plus-pour-activites-estivales-plage-paq-3-0849132p.html,https://media-www.canadiantire.ca/product/seasonal-gardening/toys/seasonal-toys/0849132/hurricane-reusable-water-ballons-10f13659-7849-4a8b-a39e-ef5c9d0e36ca-jpgrendition.jpg?im=whresize&wid=200&hei=200,https://media-www.canadiantire.ca/product/seasonal-gardening/toys/seasonal-toys/0849132/hurricane-reusable-water-ballons-10f13659-7849-4a8b-a39e-ef5c9d0e36ca-jpgrendition.jpg?im=whresize&wid=200&hei=200,,0849132,084-9132-2,,Liquidation◊,67.41,"2,93","8,99"
58,"London South, ON","Véhicule Micro Movers Big Truck Pups de la Pat'Patrouille, 3 ans et plus","Véhicule Micro Movers Big Truck Pups de la Pat'Patrouille, 3 ans et plus",0.43,"0,43 $",3.99,"Était±  3,99 $prix était 3,99 $",0.43,"0,43 $",0.43,"0,43 $",true,https://www.canadiantire.ca/fr/pdp/vehicule-micro-movers-big-truck-pups-de-la-pat-patrouille-3-ans-et-plus-0508919p.html,https://www.canadiantire.ca/fr/pdp/vehicule-micro-movers-big-truck-pups-de-la-pat-patrouille-3-ans-et-plus-0508919p.html,https://media-www.canadiantire.ca/product/seasonal-gardening/toys/preschool-toys-activities/0508919/paw-patrol-big-truck-pups-micro-movers-figures-asst-eee7901b-2622-47e0-a35e-5c633010b087-jpgrendition.jpg?im=whresize&wid=200&hei=200,https://media-www.canadiantire.ca/product/seasonal-gardening/toys/preschool-toys-activities/0508919/paw-patrol-big-truck-pups-micro-movers-figures-asst-eee7901b-2622-47e0-a35e-5c633010b087-jpgrendition.jpg?im=whresize&wid=200&hei=200,,0508919,050-8919-8,,Liquidation◊,89.22,"0,43","3,99"
58,"London South, ON","Mousqueton en plastique Black Diamond JiveWire pour accessoire de faible poids, petit, couleurs variées","Mousqueton en plastique Black Diamond JiveWire pour accessoire de faible poids, petit, couleurs variées",2.43,"2,43 $",4.99,"Était±  4,99 $prix était 4,99 $",2.43,"2,43 $",2.43,"2,43 $",true,https://www.canadiantire.ca/fr/pdp/mousqueton-en-plastique-black-diamond-jivewire-pour-accessoire-de-faible-poids-petit-couleurs-variees-0766142p.html,https://www.canadiantire.ca/fr/pdp/mousqueton-en-plastique-black-diamond-jivewire-pour-accessoire-de-faible-poids-petit-couleurs-variees-0766142p.html,https://media-www.canadiantire.ca/product/playing/camping/camping-accessories/0766142/black-diamond-small-jivewire-88bcd4ab-c392-4254-8ad1-0a055c9173c0-jpgrendition.jpg?im=whresize&wid=200&hei=200,https://media-www.canadiantire.ca/product/playing/camping/camping-accessories/0766142/black-diamond-small-jivewire-88bcd4ab-c392-4254-8ad1-0a055c9173c0-jpgrendition.jpg?im=whresize&wid=200&hei=200,,0766142,076-6142-6,,Liquidation◊Exclusivité,51.3,"2,43","4,99"
58,"London South, ON","Ballon en aluminium satiné lettres Baby, choix de couleurs, 26 x 9 po, gonflé d'air, pour fête prénatale/dévoilement du sexe","Ballon en aluminium satiné lettres Baby, choix de couleurs, 26 x 9 po, gonflé d'air, pour fête prénatale/dévoilement du sexe",1.93,"1,93 $",8.99,"8,99 $Était   et+ prix était à partir de 8,99 $",1.93,"1,93 $",1.93,"1,93 $",true,https://www.canadiantire.ca/fr/pdp/ballon-en-aluminium-satine-lettres-baby-choix-de-couleurs-26-x-9-po-gonfle-d-air-pour-fete-prenatale-devoilement-du-sexe-8420829p.html,https://www.canadiantire.ca/fr/pdp/ballon-en-aluminium-satine-lettres-baby-choix-de-couleurs-26-x-9-po-gonfle-d-air-pour-fete-prenatale-devoilement-du-sexe-8420829p.html,https://media-www.partycity.ca/product/seasonal-gardening/party-city-everyday/party-city-party-supplies-decor/8420834/mini-gld-air-filled-blln-baby-a7f25de3-18c4-450f-a09f-1e612cb39e36-jpgrendition.jpg?im=whresize&wid=200&hei=200,https://media-www.partycity.ca/product/seasonal-gardening/party-city-everyday/party-city-party-supplies-decor/8420834/mini-gld-air-filled-blln-baby-a7f25de3-18c4-450f-a09f-1e612cb39e36-jpgrendition.jpg?im=whresize&wid=200&hei=200,,8420829,842-0829,Vérifiez la disponibilité#842-0829X,Liquidation◊Mieux notés,78.53,"1,93","8,99"
58,"London South, ON",Bottes d'hiver isolées en nylon et en caoutchouc chaudes imperméables antidérapantes Kamik Supreme pour hommes,Bottes d'hiver isolées en nylon et en caoutchouc chaudes imperméables antidérapantes Kamik Supreme pour hommes,74.93,"74,93 $",159.99,"159,99 $Était   et+ prix était à partir de 159,99 $",74.93,"74,93 $",74.93,"74,93 $",true,https://www.canadiantire.ca/fr/pdp/bottes-d-hiver-isolees-en-nylon-et-en-caoutchouc-chaudes-impermeables-antiderapantes-kamik-supreme-pour-hommes-0872578p.html,https://www.canadiantire.ca/fr/pdp/bottes-d-hiver-isolees-en-nylon-et-en-caoutchouc-chaudes-impermeables-antiderapantes-kamik-supreme-pour-hommes-0872578p.html,https://media-www.canadiantire.ca/product/playing/footwear-apparel/winter-footwear-apparel/0872580/kamik-men-s-supreme-winter-boot-size-10-55e34c82-e39d-4535-aed6-8f918700617d-jpgrendition.jpg?im=whresize&wid=200&hei=200,https://media-www.canadiantire.ca/product/playing/footwear-apparel/winter-footwear-apparel/0872580/kamik-men-s-supreme-winter-boot-size-10-55e34c82-e39d-4535-aed6-8f918700617d-jpgrendition.jpg?im=whresize&wid=200&hei=200,,0872578,087-2578,Vérifiez la disponibilité#087-2578X,Liquidation◊Mieux notés,53.17,"74,93","159,99"
58,"London South, ON",Thermomètre à infrarouge 2-en-1 Vida par PADERNO avec sonde,Thermomètre à infrarouge 2-en-1 Vida par PADERNO avec sonde,14.93,"14,93 $",34.99,"Était±  34,99 $prix était 34,99 $",14.93,"14,93 $",14.93,"14,93 $",true,https://www.canadiantire.ca/fr/pdp/thermometre-a-infrarouge-2-en-1-vida-par-paderno-avec-sonde-0850120p.html,https://www.canadiantire.ca/fr/pdp/thermometre-a-infrarouge-2-en-1-vida-par-paderno-avec-sonde-0850120p.html,https://media-www.canadiantire.ca/product/seasonal-gardening/backyard-living/outdoor-cooking-accessories/0850120/vida-infrared-thermometer-probe-19b88db6-206f-494f-90cd-aef1ad7ebe6d-jpgrendition.jpg?im=whresize&wid=200&hei=200,https://media-www.canadiantire.ca/product/seasonal-gardening/backyard-living/outdoor-cooking-accessories/0850120/vida-infrared-thermometer-probe-19b88db6-206f-494f-90cd-aef1ad7ebe6d-jpgrendition.jpg?im=whresize&wid=200&hei=200,,0850120,085-0120-2,,Liquidation◊Exclusivité,57.33,"14,93","34,99"
58,"London South, ON","Feux à DEL avant et arrière pour vélo Supercycle, caoutchouc, 3 réglages, paq. 2","Feux à DEL avant et arrière pour vélo Supercycle, caoutchouc, 3 réglages, paq. 2",10.43,"10,43 $",20.99,"Était±  20,99 $prix était 20,99 $",10.43,"10,43 $",10.43,"10,43 $",true,https://www.canadiantire.ca/fr/pdp/feux-a-del-avant-et-arriere-pour-velo-supercycle-caoutchouc-3-reglages-paq-2-0731218p.html,https://www.canadiantire.ca/fr/pdp/feux-a-del-avant-et-arriere-pour-velo-supercycle-caoutchouc-3-reglages-paq-2-0731218p.html,https://media-www.canadiantire.ca/product/playing/cycling/bicycle-accessories/0731218/2-pack-rubber-led-light-set-5ad9d518-5df4-46f1-b8b9-bec6f7676f24-jpgrendition.jpg?im=whresize&wid=200&hei=200,https://media-www.canadiantire.ca/product/playing/cycling/bicycle-accessories/0731218/2-pack-rubber-led-light-set-5ad9d518-5df4-46f1-b8b9-bec6f7676f24-jpgrendition.jpg?im=whresize&wid=200&hei=200,,0731218,073-1218-4,,Liquidation◊Exclusivité,50.31,"10,43","20,99"
58,"London South, ON",Cuillère à crème glacée manuelle en acier inoxydable T-fal,Cuillère à crème glacée manuelle en acier inoxydable T-fal,4.93,"4,93 $",9.99,"Était±  9,99 $prix était 9,99 $",4.93,"4,93 $",4.93,"4,93 $",true,https://www.canadiantire.ca/fr/pdp/cuillere-a-creme-glacee-manuelle-en-acier-inoxydable-t-fal-1426664p.html,https://www.canadiantire.ca/fr/pdp/cuillere-a-creme-glacee-manuelle-en-acier-inoxydable-t-fal-1426664p.html,https://media-www.canadiantire.ca/product/living/kitchen/kitchen-tools-thermometers/1426664/tfal-manual-ice-cream-scoop-no-trigger--5679e8ee-163b-4fce-836a-1080c370ad5d-jpgrendition.jpg?im=whresize&wid=200&hei=200,https://media-www.canadiantire.ca/product/living/kitchen/kitchen-tools-thermometers/1426664/tfal-manual-ice-cream-scoop-no-trigger--5679e8ee-163b-4fce-836a-1080c370ad5d-jpgrendition.jpg?im=whresize&wid=200&hei=200,,1426664,142-6664-6,,Liquidation◊,50.65,"4,93","9,99"
58,"London South, ON","Leurre Red Eye d’Xcalibur, 1/4 oz","Leurre Red Eye d’Xcalibur, 1/4 oz",2.93,"2,93 $",8.49,"8,49 $Était   et+ prix était à partir de 8,49 $",2.93,"2,93 $",2.93,"2,93 $",true,https://www.canadiantire.ca/fr/pdp/leurre-red-eye-d-xcalibur-1-4-oz-0778961p.html,https://www.canadiantire.ca/fr/pdp/leurre-red-eye-d-xcalibur-1-4-oz-0778961p.html,https://media-www.canadiantire.ca/product/playing/fishing/fishing-lures/0778963/xcalibur-red-eye-jig-1-4-oz-black-b0ca85c9-2462-4bb4-b572-b12ee0c22bda-jpgrendition.jpg?im=whresize&wid=200&hei=200,https://media-www.canadiantire.ca/product/playing/fishing/fishing-lures/0778963/xcalibur-red-eye-jig-1-4-oz-black-b0ca85c9-2462-4bb4-b572-b12ee0c22bda-jpgrendition.jpg?im=whresize&wid=200&hei=200,,0778961,077-8961,Vérifiez la disponibilité#077-8961X,Liquidation◊Exclusivité,65.49,"2,93","8,49"
58,"London South, ON","Projecteur à DEL Boo! Gemmy Ghost Lightshow Neon Glo, multicolore, 29 po, paq. 2, décoration intérieure/extérieure pour l'Halloween","Projecteur à DEL Boo! Gemmy Ghost Lightshow Neon Glo, multicolore, 29 po, paq. 2, décoration intérieure/extérieure pour l'Halloween",22.43,"22,43 $",44.99,"Était±  44,99 $prix était 44,99 $",22.43,"22,43 $",22.43,"22,43 $",true,https://www.canadiantire.ca/fr/pdp/projecteur-a-del-boo-gemmy-ghost-lightshow-neon-glo-multicolore-29-po-paq-2-decoration-interieure-exterieure-pour-l-halloween-1517977p.html,https://www.canadiantire.ca/fr/pdp/projecteur-a-del-boo-gemmy-ghost-lightshow-neon-glo-multicolore-29-po-paq-2-decoration-interieure-exterieure-pour-l-halloween-1517977p.html,https://media-www.canadiantire.ca/product/seasonal-gardening/seasonal/halloween-harvest/1517977/light-projection-neon-glo-fd7f3452-b1f5-41e7-be18-bc78863b92b1-jpgrendition.jpg?im=whresize&wid=200&hei=200,https://media-www.canadiantire.ca/product/seasonal-gardening/seasonal/halloween-harvest/1517977/light-projection-neon-glo-fd7f3452-b1f5-41e7-be18-bc78863b92b1-jpgrendition.jpg?im=whresize&wid=200&hei=200,,1517977,151-7977-4,,Liquidation◊Mieux notés,50.14,"22,43","44,99"
58,"London South, ON","Interrupteur unipolaire Legrand TM870NICC10 Radiant, 15 A, nickel","Interrupteur unipolaire Legrand TM870NICC10 Radiant, 15 A, nickel",2.93,"2,93 $",6.79,"Était±  6,79 $prix était 6,79 $",2.93,"2,93 $",2.93,"2,93 $",true,https://www.canadiantire.ca/fr/pdp/interrupteur-unipolaire-legrand-tm870nicc10-radiant-15-a-nickel-0529163p.html,https://www.canadiantire.ca/fr/pdp/interrupteur-unipolaire-legrand-tm870nicc10-radiant-15-a-nickel-0529163p.html,https://media-www.canadiantire.ca/product/fixing/electrical/rough-electrical/0529163/15a-single-pole-switch-nickel-bc974007-f1f2-4aeb-a529-0256cbeb2835-jpgrendition.jpg?im=whresize&wid=200&hei=200,https://media-www.canadiantire.ca/product/fixing/electrical/rough-electrical/0529163/15a-single-pole-switch-nickel-bc974007-f1f2-4aeb-a529-0256cbeb2835-jpgrendition.jpg?im=whresize&wid=200&hei=200,,0529163,052-9163-4,9 En Stock#052-9163-4,Liquidation◊Mieux notés,56.85,"2,93","6,79"
58,"London South, ON","Citrouille lanterne sinistre gonflable Gemmy, décoration extérieure pour la cour, petit","Citrouille lanterne sinistre gonflable Gemmy, décoration extérieure pour la cour, petit",17.43,"17,43 $",34.99,"Était±  34,99 $prix était 34,99 $",17.43,"17,43 $",17.43,"17,43 $",true,https://www.canadiantire.ca/fr/pdp/citrouille-lanterne-sinistre-gonflable-gemmy-decoration-exterieure-pour-la-cour-petit-1511041p.html,https://www.canadiantire.ca/fr/pdp/citrouille-lanterne-sinistre-gonflable-gemmy-decoration-exterieure-pour-la-cour-petit-1511041p.html,https://media-www.canadiantire.ca/product/seasonal-gardening/seasonal/halloween-harvest/1511041/airblown-sinister-jol-sm-398faf3f-6fe9-4471-be4e-05e63fc9cbdc-jpgrendition.jpg?im=whresize&wid=200&hei=200,https://media-www.canadiantire.ca/product/seasonal-gardening/seasonal/halloween-harvest/1511041/airblown-sinister-jol-sm-398faf3f-6fe9-4471-be4e-05e63fc9cbdc-jpgrendition.jpg?im=whresize&wid=200&hei=200,,1511041,151-1041-6,,Liquidation◊Mieux notés,50.19,"17,43","34,99"
58,"London South, ON","Enlève-égratignures Chemical Guys VSS, 473 mL","Enlève-égratignures Chemical Guys VSS, 473 mL",9.93,"9,93 $",33.99,"Était±  33,99 $prix était 33,99 $",9.93,"9,93 $",9.93,"9,93 $",true,https://www.canadiantire.ca/fr/pdp/enleve-egratignures-chemical-guys-vss-473-ml-0391024p.html,https://www.canadiantire.ca/fr/pdp/enleve-egratignures-chemical-guys-vss-473-ml-0391024p.html,https://media-www.canadiantire.ca/product/automotive/car-care-accessories/auto-cleaning-chemicals/0391024/chemical-guys-vss-scratch-remover-473ml-685f90b4-4adb-485c-bb1e-d9e1ea2b5798-jpgrendition.jpg?im=whresize&wid=200&hei=200,https://media-www.canadiantire.ca/product/automotive/car-care-accessories/auto-cleaning-chemicals/0391024/chemical-guys-vss-scratch-remover-473ml-685f90b4-4adb-485c-bb1e-d9e1ea2b5798-jpgrendition.jpg?im=whresize&wid=200&hei=200,,0391024,039-1024-8,,Liquidation◊,70.79,"9,93","33,99"
58,"London South, ON","Tubes thermorétractables en polyoléfine Gardner Bender HST-250B, noir, 4 po, rapport de réduction de 2:1, 1/4 à 1/8 po, paq. 5","Tubes thermorétractables en polyoléfine Gardner Bender HST-250B, noir, 4 po, rapport de réduction de 2:1, 1/4 à 1/8 po, paq. 5",1.93,"1,93 $",4.49,"Était±  4,49 $prix était 4,49 $",1.93,"1,93 $",1.93,"1,93 $",true,https://www.canadiantire.ca/fr/pdp/tubes-thermoretractables-en-polyolefine-gardner-bender-hst-250b-noir-4-po-rapport-de-reduction-de-2-1-1-4-a-1-8-po-paq-5-0520668p.html,https://www.canadiantire.ca/fr/pdp/tubes-thermoretractables-en-polyolefine-gardner-bender-hst-250b-noir-4-po-rapport-de-reduction-de-2-1-1-4-a-1-8-po-paq-5-0520668p.html,https://media-www.canadiantire.ca/product/fixing/electrical/rough-electrical/0520668/1-4-x1-8-x3-black-heat-shrink-tubing-d6e68715-87c1-4add-9139-7243cfdbdcfd-jpgrendition.jpg?im=whresize&wid=200&hei=200,https://media-www.canadiantire.ca/product/fixing/electrical/rough-electrical/0520668/1-4-x1-8-x3-black-heat-shrink-tubing-d6e68715-87c1-4add-9139-7243cfdbdcfd-jpgrendition.jpg?im=whresize&wid=200&hei=200,,0520668,052-0668-8,,Liquidation◊Mieux notés,57.02,"1,93","4,49"
58,"London South, ON","Caméra d'inspection robuste MAXIMUM, 17 mm","Caméra d'inspection robuste MAXIMUM, 17 mm",12.93,"12,93 $",59.99,"Était±  59,99 $prix était 59,99 $",12.93,"12,93 $",12.93,"12,93 $",true,https://www.canadiantire.ca/fr/pdp/camera-d-inspection-robuste-maximum-17-mm-0574668p.html,https://www.canadiantire.ca/fr/pdp/camera-d-inspection-robuste-maximum-17-mm-0574668p.html,https://media-www.canadiantire.ca/product/fixing/tools/cutting-measuring/0574668/maximum-17mm-heavy-duty-inspection-camera-cable-215d5d96-b6ae-43cb-a052-372e78f941ef-jpgrendition.jpg?im=whresize&wid=200&hei=200,https://media-www.canadiantire.ca/product/fixing/tools/cutting-measuring/0574668/maximum-17mm-heavy-duty-inspection-camera-cable-215d5d96-b6ae-43cb-a052-372e78f941ef-jpgrendition.jpg?im=whresize&wid=200&hei=200,,0574668,057-4668-4,Il n’en reste que 2 #057-4668-4,Liquidation◊Mieux notés,78.45,"12,93","59,99"
58,"London South, ON","Collier réglable à carreaux pour chiens Petco, petit","Collier réglable à carreaux pour chiens Petco, petit",9.93,"9,93 $",19.99,"Était±  19,99 $prix était 19,99 $",9.93,"9,93 $",9.93,"9,93 $",true,https://www.canadiantire.ca/fr/pdp/collier-reglable-a-carreaux-pour-chiens-petco-petit-1424429p.html,https://www.canadiantire.ca/fr/pdp/collier-reglable-a-carreaux-pour-chiens-petco-petit-1424429p.html,https://media-www.canadiantire.ca/product/living/pet-care/pet-accessories/1424429/petco-buffalo-check-dog-collar-12-15-small-0da3e21c-7a54-40bd-b87c-dc8e7f02e7cd-jpgrendition.jpg?im=whresize&wid=200&hei=200,https://media-www.canadiantire.ca/product/living/pet-care/pet-accessories/1424429/petco-buffalo-check-dog-collar-12-15-small-0da3e21c-7a54-40bd-b87c-dc8e7f02e7cd-jpgrendition.jpg?im=whresize&wid=200&hei=200,,1424429,142-4429-0,Il n’en reste que 1 #142-4429-0,Liquidation◊Mieux notés,50.33,"9,93","19,99"
58,"London South, ON","Ballon en aluminium satiné lettres Party, choix de couleurs, 33 x 9 po, gonflé d'air, pour remise de diplôme/fiançailles/anniversaire/retraite","Ballon en aluminium satiné lettres Party, choix de couleurs, 33 x 9 po, gonflé d'air, pour remise de diplôme/fiançailles/anniversaire/retraite",1.93,"1,93 $",8.99,"8,99 $Était   et+ prix était à partir de 8,99 $",1.93,"1,93 $",1.93,"1,93 $",true,https://www.canadiantire.ca/fr/pdp/ballon-en-aluminium-satine-lettres-party-choix-de-couleurs-33-x-9-po-gonfle-d-air-pour-remise-de-diplome-fiancailles-anniversaire-retraite-8420825p.html,https://www.canadiantire.ca/fr/pdp/ballon-en-aluminium-satine-lettres-party-choix-de-couleurs-33-x-9-po-gonfle-d-air-pour-remise-de-diplome-fiancailles-anniversaire-retraite-8420825p.html,https://media-www.partycity.ca/product/seasonal-gardening/party-city-everyday/party-city-party-supplies-decor/8423772/mini-gld-af-bn-p-a1859d84-05a9-4025-a1c4-cd1cd8b30680-jpgrendition.jpg?im=whresize&wid=200&hei=200,https://media-www.partycity.ca/product/seasonal-gardening/party-city-everyday/party-city-party-supplies-decor/8423772/mini-gld-af-bn-p-a1859d84-05a9-4025-a1c4-cd1cd8b30680-jpgrendition.jpg?im=whresize&wid=200&hei=200,,8420825,842-0825,Vérifiez la disponibilité#842-0825X,Liquidation◊,78.53,"1,93","8,99"
58,"London South, ON","Gaine de volant basique AutoTrends Glovebox, similucuir","Gaine de volant basique AutoTrends Glovebox, similucuir",4.93,"4,93 $",19.99,"19,99 $Était   et+ prix était à partir de 19,99 $",4.93,"4,93 $",4.93,"4,93 $",true,https://www.canadiantire.ca/fr/pdp/gaine-de-volant-basique-autotrends-glovebox-similucuir-0326007p.html,https://www.canadiantire.ca/fr/pdp/gaine-de-volant-basique-autotrends-glovebox-similucuir-0326007p.html,https://media-www.canadiantire.ca/product/automotive/car-care-accessories/auto-comfort/0326007/autotrends-deluxe-steering-wheel-cover-black-6df57e0f-d434-4811-9661-a6834bc80669-jpgrendition.jpg?im=whresize&wid=200&hei=200,https://media-www.canadiantire.ca/product/automotive/car-care-accessories/auto-comfort/0326007/autotrends-deluxe-steering-wheel-cover-black-6df57e0f-d434-4811-9661-a6834bc80669-jpgrendition.jpg?im=whresize&wid=200&hei=200,,0326007,032-6007,Vérifiez la disponibilité#032-6007X,Liquidation◊Exclusivité,75.34,"4,93","19,99"
58,"London South, ON","Mousqueton en plastique Black Diamond JiveWire pour accessoire de faible poids, grand, couleurs variées","Mousqueton en plastique Black Diamond JiveWire pour accessoire de faible poids, grand, couleurs variées",0.93,"0,93 $",4.99,"Était±  4,99 $prix était 4,99 $",0.93,"0,93 $",0.93,"0,93 $",true,https://www.canadiantire.ca/fr/pdp/mousqueton-en-plastique-black-diamond-jivewire-pour-accessoire-de-faible-poids-grand-couleurs-variees-0766143p.html,https://www.canadiantire.ca/fr/pdp/mousqueton-en-plastique-black-diamond-jivewire-pour-accessoire-de-faible-poids-grand-couleurs-variees-0766143p.html,https://media-www.canadiantire.ca/product/playing/camping/camping-accessories/0766143/black-diamond-large-jive-wire-b6866e1a-0a05-4f6b-b20d-d2b3357123eb-jpgrendition.jpg?im=whresize&wid=200&hei=200,https://media-www.canadiantire.ca/product/playing/camping/camping-accessories/0766143/black-diamond-large-jive-wire-b6866e1a-0a05-4f6b-b20d-d2b3357123eb-jpgrendition.jpg?im=whresize&wid=200&hei=200,,0766143,076-6143-4,,Liquidation◊Exclusivité,81.36,"0,93","4,99"
58,"London South, ON","Bandage élastique autoadhésif Tensor, beige, 3 po","Bandage élastique autoadhésif Tensor, beige, 3 po",4.93,"4,93 $",9.99,"Était±  9,99 $prix était 9,99 $",4.93,"4,93 $",4.93,"4,93 $",true,https://www.canadiantire.ca/fr/pdp/bandage-elastique-autoadhesif-tensor-beige-3-po-0833780p.html,https://www.canadiantire.ca/fr/pdp/bandage-elastique-autoadhesif-tensor-beige-3-po-0833780p.html,https://media-www.canadiantire.ca/product/playing/hockey/hockey-accessories/0833780/tensor-3-self-adhering-elastic-bandage-d5e079b2-8d78-4a41-8fb6-6746ee153be9-jpgrendition.jpg?im=whresize&wid=200&hei=200,https://media-www.canadiantire.ca/product/playing/hockey/hockey-accessories/0833780/tensor-3-self-adhering-elastic-bandage-d5e079b2-8d78-4a41-8fb6-6746ee153be9-jpgrendition.jpg?im=whresize&wid=200&hei=200,,0833780,083-3780-6,,Liquidation◊,50.65,"4,93","9,99"
58,"London South, ON","Prise à port USB inviolable Legrand TM826USBNI Radiant, 15 A, 125 V, nickel","Prise à port USB inviolable Legrand TM826USBNI Radiant, 15 A, 125 V, nickel",19.93,"19,93 $",41.99,"Était±  41,99 $prix était 41,99 $",19.93,"19,93 $",19.93,"19,93 $",true,https://www.canadiantire.ca/fr/pdp/prise-a-port-usb-inviolable-legrand-tm826usbni-radiant-15-a-125-v-nickel-0529158p.html,https://www.canadiantire.ca/fr/pdp/prise-a-port-usb-inviolable-legrand-tm826usbni-radiant-15-a-125-v-nickel-0529158p.html,https://media-www.canadiantire.ca/product/fixing/electrical/rough-electrical/0529158/15a-dual-outlet-decorator-nickel-0e5d1116-914e-4a58-afca-c4aeda58a39e-jpgrendition.jpg?im=whresize&wid=200&hei=200,https://media-www.canadiantire.ca/product/fixing/electrical/rough-electrical/0529158/15a-dual-outlet-decorator-nickel-0e5d1116-914e-4a58-afca-c4aeda58a39e-jpgrendition.jpg?im=whresize&wid=200&hei=200,,0529158,052-9158-8,,Liquidation◊Mieux notés,52.54,"19,93","41,99"
58,"London South, ON","Plafonnier à 4 lampes avec abat-jour en cristal NOMA Cora, chrome","Plafonnier à 4 lampes avec abat-jour en cristal NOMA Cora, chrome",59.93,"59,93 $",139.99,"Était±  139,99 $prix était 139,99 $",59.93,"59,93 $",59.93,"59,93 $",true,https://www.canadiantire.ca/fr/pdp/plafonnier-a-4-lampes-avec-abat-jour-en-cristal-noma-cora-chrome-0528001p.html,https://www.canadiantire.ca/fr/pdp/plafonnier-a-4-lampes-avec-abat-jour-en-cristal-noma-cora-chrome-0528001p.html,https://media-www.canadiantire.ca/product/living/home-decor/lighting/0528001/track-4-light-canopy-cora-038278df-36de-44e8-acd6-3a767ca802cd-jpgrendition.jpg?im=whresize&wid=200&hei=200,https://media-www.canadiantire.ca/product/living/home-decor/lighting/0528001/track-4-light-canopy-cora-038278df-36de-44e8-acd6-3a767ca802cd-jpgrendition.jpg?im=whresize&wid=200&hei=200,,0528001,052-8001-6,,Liquidation◊Exclusivité,57.19,"59,93","139,99"
58,"London South, ON","Ligne d'amarre de mise à l'eau Launch Assist, hydrofuge","Ligne d'amarre de mise à l'eau Launch Assist, hydrofuge",62.93,"62,93 $",129.99,"Était±  129,99 $prix était 129,99 $",62.93,"62,93 $",62.93,"62,93 $",true,https://www.canadiantire.ca/fr/pdp/ligne-d-amarre-de-mise-a-l-eau-launch-assist-hydrofuge-0792488p.html,https://www.canadiantire.ca/fr/pdp/ligne-d-amarre-de-mise-a-l-eau-launch-assist-hydrofuge-0792488p.html,https://media-www.canadiantire.ca/product/playing/seasonal-recreation/marine-power-boating/0792488/launch-assist-29d6173f-d3c3-4f32-a0bd-6dedb85e9692-jpgrendition.jpg?im=whresize&wid=200&hei=200,https://media-www.canadiantire.ca/product/playing/seasonal-recreation/marine-power-boating/0792488/launch-assist-29d6173f-d3c3-4f32-a0bd-6dedb85e9692-jpgrendition.jpg?im=whresize&wid=200&hei=200,,0792488,079-2488-2,,Liquidation◊,51.59,"62,93","129,99"
58,"London South, ON",Décoration de petits gâteaux pour fête d'anniversaire Battle Royal,Décoration de petits gâteaux pour fête d'anniversaire Battle Royal,0.93,"0,93 $",3.79,"Était±  3,79 $prix était 3,79 $",0.93,"0,93 $",0.93,"0,93 $",true,https://www.canadiantire.ca/fr/pdp/decoration-de-petits-gateaux-pour-fete-d-anniversaire-battle-royal-8435485p.html,https://www.canadiantire.ca/fr/pdp/decoration-de-petits-gateaux-pour-fete-d-anniversaire-battle-royal-8435485p.html,https://media-www.partycity.ca/product/seasonal-gardening/party-city-everyday/party-city-party-supplies-decor/8420171/paw-patrol-topper-kit-12-count-ce3dd773-dab9-490f-ae7e-38245c6e5389-jpgrendition.jpg?im=whresize&wid=200&hei=200,https://media-www.partycity.ca/product/seasonal-gardening/party-city-everyday/party-city-party-supplies-decor/8420171/paw-patrol-topper-kit-12-count-ce3dd773-dab9-490f-ae7e-38245c6e5389-jpgrendition.jpg?im=whresize&wid=200&hei=200,,8435485,843-5485-0,,Liquidation◊,75.46,"0,93","3,79"
58,"London South, ON","VFI/gilet de sauvetage confortable Outbound, tailles variées","VFI/gilet de sauvetage confortable Outbound, tailles variées",39.93,"39,93 $",79.99,"79,99 $Était   et+ prix était à partir de 79,99 $",39.93,"39,93 $",39.93,"39,93 $",true,https://www.canadiantire.ca/fr/pdp/vfi-gilet-de-sauvetage-confortable-outbound-tailles-variees-0792077p.html,https://www.canadiantire.ca/fr/pdp/vfi-gilet-de-sauvetage-confortable-outbound-tailles-variees-0792077p.html,https://media-www.canadiantire.ca/product/playing/seasonal-recreation/marine-water-fun/0792077/outbound-s-m-paddling-vest-332cfb33-4e1e-4000-93e1-0ae37727c5fc-jpgrendition.jpg?im=whresize&wid=200&hei=200,https://media-www.canadiantire.ca/product/playing/seasonal-recreation/marine-water-fun/0792077/outbound-s-m-paddling-vest-332cfb33-4e1e-4000-93e1-0ae37727c5fc-jpgrendition.jpg?im=whresize&wid=200&hei=200,,0792077,079-2077,Vérifiez la disponibilité#079-2077X,Liquidation◊Mieux notés,50.08,"39,93","79,99"
58,"London South, ON","Radio-réveil FM numérique à DEL Westclox avec port de chargement USB, aux sons de la nature, 1,4 po","Radio-réveil FM numérique à DEL Westclox avec port de chargement USB, aux sons de la nature, 1,4 po",11.93,"11,93 $",34.99,"Était±  34,99 $prix était 34,99 $",11.93,"11,93 $",11.93,"11,93 $",true,https://www.canadiantire.ca/fr/pdp/radio-reveil-fm-numerique-a-del-westclox-avec-port-de-chargement-usb-aux-sons-de-la-nature-1-4-po-0441299p.html,https://www.canadiantire.ca/fr/pdp/radio-reveil-fm-numerique-a-del-westclox-avec-port-de-chargement-usb-aux-sons-de-la-nature-1-4-po-0441299p.html,https://media-www.canadiantire.ca/product/living/electronics/home-communications/0441299/westclox-nature-sounds-clock-radio-with-usb-charging-6e3ef769-7fba-4901-9eba-50b9cd022fa5-jpgrendition.jpg?im=whresize&wid=200&hei=200,https://media-www.canadiantire.ca/product/living/electronics/home-communications/0441299/westclox-nature-sounds-clock-radio-with-usb-charging-6e3ef769-7fba-4901-9eba-50b9cd022fa5-jpgrendition.jpg?im=whresize&wid=200&hei=200,,0441299,044-1299-0,,Liquidation◊,65.9,"11,93","34,99"
58,"London South, ON","Cuillère Danielson Renegade, 1/8 oz","Cuillère Danielson Renegade, 1/8 oz",1.73,"1,73 $",3.49,"3,49 $Était   et+ prix était à partir de 3,49 $",1.73,"1,73 $",1.73,"1,73 $",true,https://www.canadiantire.ca/fr/pdp/cuillere-danielson-renegade-1-8-oz-0782361p.html,https://www.canadiantire.ca/fr/pdp/cuillere-danielson-renegade-1-8-oz-0782361p.html,https://media-www.canadiantire.ca/product/playing/fishing/fishing-lures/0786302/danielson-renegade-spoon-nickel-blue-1-8oz-2c7616e9-fd28-446a-b256-a660da96ba0b-jpgrendition.jpg?im=whresize&wid=200&hei=200,https://media-www.canadiantire.ca/product/playing/fishing/fishing-lures/0786302/danielson-renegade-spoon-nickel-blue-1-8oz-2c7616e9-fd28-446a-b256-a660da96ba0b-jpgrendition.jpg?im=whresize&wid=200&hei=200,,0782361,078-2361,Vérifiez la disponibilité#078-2361X,Liquidation◊Mieux notés,50.43,"1,73","3,49"
58,"London South, ON","Mini porte-clés à compresser Alex, varié","Mini porte-clés à compresser Alex, varié",1.93,"1,93 $",5.99,"Était±  5,99 $prix était 5,99 $",1.93,"1,93 $",1.93,"1,93 $",true,https://www.canadiantire.ca/fr/pdp/mini-porte-cles-a-compresser-alex-varie-8442571p.html,https://www.canadiantire.ca/fr/pdp/mini-porte-cles-a-compresser-alex-varie-8442571p.html,undefined,undefined,,8442571,844-2571-0,,Liquidation◊,67.78,"1,93","5,99"
58,"London South, ON","Gants perméables à l'air ajustés Mechanix Wear FastFit, bleu, tailles variées","Gants perméables à l'air ajustés Mechanix Wear FastFit, bleu, tailles variées",8.93,"8,93 $",19.99,"19,99 $Était   et+ prix était à partir de 19,99 $",8.93,"8,93 $",8.93,"8,93 $",true,https://www.canadiantire.ca/fr/pdp/gants-permeables-a-l-air-ajustes-mechanix-wear-fastfit-bleu-tailles-variees-0257089p.html,https://www.canadiantire.ca/fr/pdp/gants-permeables-a-l-air-ajustes-mechanix-wear-fastfit-bleu-tailles-variees-0257089p.html,https://media-www.canadiantire.ca/product/automotive/auto-maintenance/oil-change-and-fuel-accessories/0257089/mechanix-wear-fastfit-glove-blue-md-76f70270-ff81-4045-a754-96d3a959d6da-jpgrendition.jpg?im=whresize&wid=200&hei=200,https://media-www.canadiantire.ca/product/automotive/auto-maintenance/oil-change-and-fuel-accessories/0257089/mechanix-wear-fastfit-glove-blue-md-76f70270-ff81-4045-a754-96d3a959d6da-jpgrendition.jpg?im=whresize&wid=200&hei=200,,0257089,025-7089,Vérifiez la disponibilité#025-7089X,Liquidation◊Mieux notés,55.33,"8,93","19,99"
58,"London South, ON","Ruban-cache pour automobile 3M, 36 mm x 32 m","Ruban-cache pour automobile 3M, 36 mm x 32 m",2.93,"2,93 $",10.99,"Était±  10,99 $prix était 10,99 $",2.93,"2,93 $",2.93,"2,93 $",true,https://www.canadiantire.ca/fr/pdp/ruban-cache-pour-automobile-3m-36-mm-x-32-m-0477600p.html,https://www.canadiantire.ca/fr/pdp/ruban-cache-pour-automobile-3m-36-mm-x-32-m-0477600p.html,https://media-www.canadiantire.ca/product/automotive/car-care-accessories/auto-body-repair/0477600/auto-masking-tape-36-mm-x-32-m-c1076740-3104-4bbd-ade6-81c21ffb6063-jpgrendition.jpg?im=whresize&wid=200&hei=200,https://media-www.canadiantire.ca/product/automotive/car-care-accessories/auto-body-repair/0477600/auto-masking-tape-36-mm-x-32-m-c1076740-3104-4bbd-ade6-81c21ffb6063-jpgrendition.jpg?im=whresize&wid=200&hei=200,,0477600,047-7600-0,,Liquidation◊Mieux notés,73.34,"2,93","10,99"
58,"London South, ON","Trousse de premiers soins de 7 jours Adventure Medical Kits Sportsman Series Bighorn, fournitures pour blessures et survie, sept personnes","Trousse de premiers soins de 7 jours Adventure Medical Kits Sportsman Series Bighorn, fournitures pour blessures et survie, sept personnes",44.93,"44,93 $",89.99,"Était±  89,99 $prix était 89,99 $",44.93,"44,93 $",44.93,"44,93 $",true,https://www.canadiantire.ca/fr/pdp/trousse-de-premiers-soins-de-7-jours-adventure-medical-kits-sportsman-series-bighorn-fournitures-pour-blessures-et-survie-sept-personnes-0762846p.html,https://www.canadiantire.ca/fr/pdp/trousse-de-premiers-soins-de-7-jours-adventure-medical-kits-sportsman-series-bighorn-fournitures-pour-blessures-et-survie-sept-personnes-0762846p.html,https://media-www.canadiantire.ca/product/playing/camping/camping-accessories/0762846/sportsman-firstaid-kit-bighorn-91958813-17f7-47e9-b95d-dc148061518f-jpgrendition.jpg?im=whresize&wid=200&hei=200,https://media-www.canadiantire.ca/product/playing/camping/camping-accessories/0762846/sportsman-firstaid-kit-bighorn-91958813-17f7-47e9-b95d-dc148061518f-jpgrendition.jpg?im=whresize&wid=200&hei=200,,0762846,076-2846-6,,Liquidation◊Exclusivité,50.07,"44,93","89,99"
58,"London South, ON","Papier abrasif 3M, 4 x 9 po","Papier abrasif 3M, 4 x 9 po",2.93,"2,93 $",5.99,"5,99 $Était   et+ prix était à partir de 5,99 $",2.93,"2,93 $",2.93,"2,93 $",true,https://www.canadiantire.ca/fr/pdp/papier-abrasif-3m-4-x-9-po-0475726p.html,https://www.canadiantire.ca/fr/pdp/papier-abrasif-3m-4-x-9-po-0475726p.html,https://media-www.canadiantire.ca/product/automotive/car-care-accessories/auto-body-repair/0475726/alum-oxide-s-p-3-2-3-x9-fine-p180-1377e035-c7f8-408d-b5a1-a6f98bd745be-jpgrendition.jpg?im=whresize&wid=200&hei=200,https://media-www.canadiantire.ca/product/automotive/car-care-accessories/auto-body-repair/0475726/alum-oxide-s-p-3-2-3-x9-fine-p180-1377e035-c7f8-408d-b5a1-a6f98bd745be-jpgrendition.jpg?im=whresize&wid=200&hei=200,,0475726,047-5726,Vérifiez la disponibilité#047-5726X,Liquidation◊Articles à succès,51.09,"2,93","5,99"
58,"London South, ON","Phares à DEL Alpena OpticDrive 2400 lumens, lumière/lampe utilitaire, véhicules tout terrain et motocyclettes, 7 po","Phares à DEL Alpena OpticDrive 2400 lumens, lumière/lampe utilitaire, véhicules tout terrain et motocyclettes, 7 po",27.93,"27,93 $",189.99,"Était±  189,99 $prix était 189,99 $",27.93,"27,93 $",27.93,"27,93 $",true,https://www.canadiantire.ca/fr/pdp/phares-a-del-alpena-opticdrive-2400-lumens-lumiere-lampe-utilitaire-vehicules-tout-terrain-et-motocyclettes-7-po-0203500p.html,https://www.canadiantire.ca/fr/pdp/phares-a-del-alpena-opticdrive-2400-lumens-lumiere-lampe-utilitaire-vehicules-tout-terrain-et-motocyclettes-7-po-0203500p.html,https://media-www.canadiantire.ca/product/automotive/automotive-outdoor-adventure/auto-travel-storage/0203500/alpena-opticdrive-7-led-headlight-b081e921-4dc2-429d-a6ff-78a44317f203.png?im=whresize&wid=200&hei=200,https://media-www.canadiantire.ca/product/automotive/automotive-outdoor-adventure/auto-travel-storage/0203500/alpena-opticdrive-7-led-headlight-b081e921-4dc2-429d-a6ff-78a44317f203.png?im=whresize&wid=200&hei=200,,0203500,020-3500-4,Il n’en reste que 1 #020-3500-4,Liquidation◊Mieux notés,85.3,"27,93","189,99"
58,"London South, ON","Barre d’attelage Reese en carbone forgé, noir, 2 x 8 x 2 po","Barre d’attelage Reese en carbone forgé, noir, 2 x 8 x 2 po",24.93,"24,93 $",52.99,"Était±  52,99 $prix était 52,99 $",24.93,"24,93 $",24.93,"24,93 $",true,https://www.canadiantire.ca/fr/pdp/barre-d-attelage-reese-en-carbone-forge-noir-2-x-8-x-2-po-0403014p.html,https://www.canadiantire.ca/fr/pdp/barre-d-attelage-reese-en-carbone-forge-noir-2-x-8-x-2-po-0403014p.html,https://media-www.canadiantire.ca/product/automotive/automotive-outdoor-adventure/auto-travel-storage/0403014/reese-carbon-forged-ball-mount-2-x-8-l-x-2-drop-black-46d163c7-b230-4478-b3d8-66c45f9e79f4-jpgrendition.jpg?im=whresize&wid=200&hei=200,https://media-www.canadiantire.ca/product/automotive/automotive-outdoor-adventure/auto-travel-storage/0403014/reese-carbon-forged-ball-mount-2-x-8-l-x-2-drop-black-46d163c7-b230-4478-b3d8-66c45f9e79f4-jpgrendition.jpg?im=whresize&wid=200&hei=200,,0403014,040-3014-4,Il n’en reste que 1 #040-3014-4,Liquidation◊,52.95,"24,93","52,99"
58,"London South, ON","Interrupteur unipolaire à montage en surface Leviton 05231-742, blanc","Interrupteur unipolaire à montage en surface Leviton 05231-742, blanc",4.93,"4,93 $",13.99,"Était±  13,99 $prix était 13,99 $",4.93,"4,93 $",4.93,"4,93 $",true,https://www.canadiantire.ca/fr/pdp/interrupteur-unipolaire-a-montage-en-surface-leviton-05231-742-blanc-0528260p.html,https://www.canadiantire.ca/fr/pdp/interrupteur-unipolaire-a-montage-en-surface-leviton-05231-742-blanc-0528260p.html,https://media-www.canadiantire.ca/product/fixing/electrical/rough-electrical/0528260/white-switch-single-pole-lev-o-let-3902a7f0-ac84-4bc6-86c9-283e04ea992c-jpgrendition.jpg?im=whresize&wid=200&hei=200,https://media-www.canadiantire.ca/product/fixing/electrical/rough-electrical/0528260/white-switch-single-pole-lev-o-let-3902a7f0-ac84-4bc6-86c9-283e04ea992c-jpgrendition.jpg?im=whresize&wid=200&hei=200,,0528260,052-8260-8,Il n’en reste que 6 #052-8260-8,Liquidation◊Mieux notés,64.76,"4,93","13,99"
58,"London South, ON","Crampons robustes YakTrax Stabil Maxx2 pour chaussures et bottes pour la glace, adultes, tailles diverses","Crampons robustes YakTrax Stabil Maxx2 pour chaussures et bottes pour la glace, adultes, tailles diverses",24.93,"24,93 $",69.99,"69,99 $Était   et+ prix était à partir de 69,99 $",24.93,"24,93 $",24.93,"24,93 $",true,https://www.canadiantire.ca/fr/pdp/crampons-robustes-yaktrax-stabil-maxx2-pour-chaussures-et-bottes-pour-la-glace-adultes-tailles-diverses-1873153p.html,https://www.canadiantire.ca/fr/pdp/crampons-robustes-yaktrax-stabil-maxx2-pour-chaussures-et-bottes-pour-la-glace-adultes-tailles-diverses-1873153p.html,https://media-www.canadiantire.ca/product/playing/footwear-apparel/footwear-apparel-accessories/1873153/stabil-maxx2-traction-grips-medium-64e8f8c3-1cc8-4ea5-89ed-9d637f628dd6-jpgrendition.jpg?im=whresize&wid=200&hei=200,https://media-www.canadiantire.ca/product/playing/footwear-apparel/footwear-apparel-accessories/1873153/stabil-maxx2-traction-grips-medium-64e8f8c3-1cc8-4ea5-89ed-9d637f628dd6-jpgrendition.jpg?im=whresize&wid=200&hei=200,,1873153,187-3153,Vérifiez la disponibilité#187-3153X,Liquidation◊,64.38,"24,93","69,99"
58,"London South, ON","Ballon en aluminium satiné coeur Love Always & Forever, blanc/or, à pour, 17 po, gonflement à l'hélium et ruban inclus, pour anniversaire/mariage","Ballon en aluminium satiné coeur Love Always & Forever, blanc/or, à pour, 17 po, gonflement à l'hélium et ruban inclus, pour anniversaire/mariage",0.93,"0,93 $",6.99,"Était±  6,99 $prix était 6,99 $",0.93,"0,93 $",0.93,"0,93 $",true,https://www.canadiantire.ca/fr/pdp/ballon-en-aluminium-satine-coeur-love-always-forever-blanc-or-a-pour-17-po-gonflement-a-l-helium-et-ruban-inclus-pour-anniversaire-mariage-8420748p.html,https://www.canadiantire.ca/fr/pdp/ballon-en-aluminium-satine-coeur-love-always-forever-blanc-or-a-pour-17-po-gonflement-a-l-helium-et-ruban-inclus-pour-anniversaire-mariage-8420748p.html,https://media-www.partycity.ca/product/seasonal-gardening/party-city-everyday/party-city-party-supplies-decor/8420748/777-18in-spklg-gld-blln-weddng-6b751443-73cb-4e67-8717-f84e8ffa699f-jpgrendition.jpg?im=whresize&wid=200&hei=200,https://media-www.partycity.ca/product/seasonal-gardening/party-city-everyday/party-city-party-supplies-decor/8420748/777-18in-spklg-gld-blln-weddng-6b751443-73cb-4e67-8717-f84e8ffa699f-jpgrendition.jpg?im=whresize&wid=200&hei=200,,8420748,842-0748-8,,Liquidation◊Mieux notés,86.7,"0,93","6,99"
58,"London South, ON","Collier réfléchissant pour chiens Perri's Pet Products, mini citrouilles, choix de tailles","Collier réfléchissant pour chiens Perri's Pet Products, mini citrouilles, choix de tailles",7.43,"7,43 $",14.99,"14,99 $Était   et+ prix était à partir de 14,99 $",7.43,"7,43 $",7.43,"7,43 $",true,https://www.canadiantire.ca/fr/pdp/collier-reflechissant-pour-chiens-perri-s-pet-products-mini-citrouilles-choix-de-tailles-2420529p.html,https://www.canadiantire.ca/fr/pdp/collier-reflechissant-pour-chiens-perri-s-pet-products-mini-citrouilles-choix-de-tailles-2420529p.html,https://media-www.canadiantire.ca/product/living/pet-care/pet-accessories/2420529/perri-s-reflective-mini-pumpkins-dog-collar-small-c5ff5390-2022-45cf-b8d3-c4a6c89a1803-jpgrendition.jpg?im=whresize&wid=200&hei=200,https://media-www.canadiantire.ca/product/living/pet-care/pet-accessories/2420529/perri-s-reflective-mini-pumpkins-dog-collar-small-c5ff5390-2022-45cf-b8d3-c4a6c89a1803-jpgrendition.jpg?im=whresize&wid=200&hei=200,,2420529,242-0529,Vérifiez la disponibilité#242-0529X,Liquidation◊Exclusivité,50.43,"7,43","14,99"
58,"London South, ON","Dissolvant de taches bleues Autosol, 125 mL","Dissolvant de taches bleues Autosol, 125 mL",2.93,"2,93 $",21.99,"Était±  21,99 $prix était 21,99 $",2.93,"2,93 $",2.93,"2,93 $",true,https://www.canadiantire.ca/fr/pdp/dissolvant-de-taches-bleues-autosol-125-ml-0390587p.html,https://www.canadiantire.ca/fr/pdp/dissolvant-de-taches-bleues-autosol-125-ml-0390587p.html,https://media-www.canadiantire.ca/product/automotive/car-care-accessories/auto-cleaning-chemicals/0390587/autosol-bluing-remover-125ml-7d0f4bf6-8443-4d1e-b372-f90e6e927243-jpgrendition.jpg?im=whresize&wid=200&hei=200,https://media-www.canadiantire.ca/product/automotive/car-care-accessories/auto-cleaning-chemicals/0390587/autosol-bluing-remover-125ml-7d0f4bf6-8443-4d1e-b372-f90e6e927243-jpgrendition.jpg?im=whresize&wid=200&hei=200,,0390587,039-0587-4,,Liquidation◊,86.68,"2,93","21,99"
58,"London South, ON","Bottes de randonnée athlétiques mi-hauteur Outbound Recess pour jeunes avec semelle d'usure durable, gris/bleu","Bottes de randonnée athlétiques mi-hauteur Outbound Recess pour jeunes avec semelle d'usure durable, gris/bleu",14.93,"14,93 $",44.99,"44,99 $Était   et+ prix était à partir de 44,99 $",14.93,"14,93 $",14.93,"14,93 $",true,https://www.canadiantire.ca/fr/pdp/bottes-de-randonnee-athletiques-mi-hauteur-outbound-recess-pour-jeunes-avec-semelle-d-usure-durable-gris-bleu-1872761p.html,https://www.canadiantire.ca/fr/pdp/bottes-de-randonnee-athletiques-mi-hauteur-outbound-recess-pour-jeunes-avec-semelle-d-usure-durable-gris-bleu-1872761p.html,https://media-www.canadiantire.ca/product/playing/footwear-apparel/summer-footwear-apparel/1872761/outbound-youth-recess-mid-athletic-hiker-1-281b07f2-2d05-4cbb-bd81-9e910dfd8312-jpgrendition.jpg?im=whresize&wid=200&hei=200,https://media-www.canadiantire.ca/product/playing/footwear-apparel/summer-footwear-apparel/1872761/outbound-youth-recess-mid-athletic-hiker-1-281b07f2-2d05-4cbb-bd81-9e910dfd8312-jpgrendition.jpg?im=whresize&wid=200&hei=200,,1872761,187-2761,Vérifiez la disponibilité#187-2761X,Liquidation◊Mieux notés,66.81,"14,93","44,99"
58,"London South, ON","Appât en plastique souple Xcalibur Live, méné","Appât en plastique souple Xcalibur Live, méné",4.43,"4,43 $",9.99,"9,99 $Était   et+ prix était à partir de 9,99 $",4.43,"4,43 $",4.43,"4,43 $",true,https://www.canadiantire.ca/fr/pdp/appat-en-plastique-souple-xcalibur-live-mene-0774091p.html,https://www.canadiantire.ca/fr/pdp/appat-en-plastique-souple-xcalibur-live-mene-0774091p.html,https://media-www.canadiantire.ca/product/playing/fishing/fishing-lures/0774091/xcalibur-live-minnow-2--6ce89233-00b7-4b2d-b619-4d774c5272b7-jpgrendition.jpg?im=whresize&wid=200&hei=200,https://media-www.canadiantire.ca/product/playing/fishing/fishing-lures/0774091/xcalibur-live-minnow-2--6ce89233-00b7-4b2d-b619-4d774c5272b7-jpgrendition.jpg?im=whresize&wid=200&hei=200,,0774091,077-4091,Vérifiez la disponibilité#077-4091X,Liquidation◊Mieux notés,55.66,"4,43","9,99"
58,"London South, ON","Embout de tournevis à percussion MAXIMUM PH3, 2 po, paq. 1","Embout de tournevis à percussion MAXIMUM PH3, 2 po, paq. 1",2.43,"2,43 $",5.49,"Était±  5,49 $prix était 5,49 $",2.43,"2,43 $",2.43,"2,43 $",true,https://www.canadiantire.ca/fr/pdp/embout-de-tournevis-a-percussion-maximum-ph3-2-po-paq-1-0544091p.html,https://www.canadiantire.ca/fr/pdp/embout-de-tournevis-a-percussion-maximum-ph3-2-po-paq-1-0544091p.html,https://media-www.canadiantire.ca/product/fixing/tools/power-tool-accessories/0544091/1pc-2-ph3-impact-bit-maximum-772af054-6bfb-4bb3-9707-9d29b91c5ca0-jpgrendition.jpg?im=whresize&wid=200&hei=200,https://media-www.canadiantire.ca/product/fixing/tools/power-tool-accessories/0544091/1pc-2-ph3-impact-bit-maximum-772af054-6bfb-4bb3-9707-9d29b91c5ca0-jpgrendition.jpg?im=whresize&wid=200&hei=200,,0544091,054-4091-0,Il n’en reste que 4 #054-4091-0,Liquidation◊Exclusivité,55.74,"2,43","5,49"
58,"London South, ON","Agrafeuse et agrafeuse à fil à double usage Arrow, T2025-6","Agrafeuse et agrafeuse à fil à double usage Arrow, T2025-6",17.93,"17,93 $",36.99,"Était±  36,99 $prix était 36,99 $",17.93,"17,93 $",17.93,"17,93 $",true,https://www.canadiantire.ca/fr/pdp/agrafeuse-et-agrafeuse-a-fil-a-double-usage-arrow-t2025-6-0577919p.html,https://www.canadiantire.ca/fr/pdp/agrafeuse-et-agrafeuse-a-fil-a-double-usage-arrow-t2025-6-0577919p.html,https://media-www.canadiantire.ca/product/fixing/tools/manual-fastening/0577919/arrow-the-attacker-double-purpose-stapler-tacker-3ef32f1e-2bbd-45b0-8359-0330cb662466-jpgrendition.jpg?im=whresize&wid=200&hei=200,https://media-www.canadiantire.ca/product/fixing/tools/manual-fastening/0577919/arrow-the-attacker-double-purpose-stapler-tacker-3ef32f1e-2bbd-45b0-8359-0330cb662466-jpgrendition.jpg?im=whresize&wid=200&hei=200,,0577919,057-7919-0,,Liquidation◊Mieux notés,51.53,"17,93","36,99"
58,"London South, ON",Trousse de réparation de vélo compacte Raleigh sans colle,Trousse de réparation de vélo compacte Raleigh sans colle,8.93,"8,93 $",17.99,"Était±  17,99 $prix était 17,99 $",8.93,"8,93 $",8.93,"8,93 $",true,https://www.canadiantire.ca/fr/pdp/trousse-de-reparation-de-velo-compacte-raleigh-sans-colle-0733086p.html,https://www.canadiantire.ca/fr/pdp/trousse-de-reparation-de-velo-compacte-raleigh-sans-colle-0733086p.html,https://media-www.canadiantire.ca/product/playing/cycling/bicycle-accessories/0733086/raleigh-glueless-patch-repair-kit-9af99465-117b-42e7-a661-f16135db87d0-jpgrendition.jpg?im=whresize&wid=200&hei=200,https://media-www.canadiantire.ca/product/playing/cycling/bicycle-accessories/0733086/raleigh-glueless-patch-repair-kit-9af99465-117b-42e7-a661-f16135db87d0-jpgrendition.jpg?im=whresize&wid=200&hei=200,,0733086,073-3086-4,,Liquidation◊Exclusivité,50.36,"8,93","17,99"
58,"London South, ON","Bonbon Laser Pop Projector Hot Wheels, saveurs variées, 20 g","Bonbon Laser Pop Projector Hot Wheels, saveurs variées, 20 g",0.43,"0,43 $",2.49,"Était±  2,49 $prix était 2,49 $",0.43,"0,43 $",0.43,"0,43 $",true,https://www.canadiantire.ca/fr/pdp/bonbon-laser-pop-projector-hot-wheels-saveurs-variees-20-g-1534106p.html,https://www.canadiantire.ca/fr/pdp/bonbon-laser-pop-projector-hot-wheels-saveurs-variees-20-g-1534106p.html,https://media-www.canadiantire.ca/product/living/food-drink/everyday-food-and-drink/1534106/hot-wheel-laser-pop-e0833871-ca26-44dc-8032-e3ba92c0d3a4-jpgrendition.jpg?im=whresize&wid=200&hei=200,https://media-www.canadiantire.ca/product/living/food-drink/everyday-food-and-drink/1534106/hot-wheel-laser-pop-e0833871-ca26-44dc-8032-e3ba92c0d3a4-jpgrendition.jpg?im=whresize&wid=200&hei=200,,1534106,153-4106-2,,Liquidation◊Mieux notés,82.73,"0,43","2,49"
58,"London South, ON","Table à eau avec glissoire en spirale Step2, 2 ans et plus","Table à eau avec glissoire en spirale Step2, 2 ans et plus",42.93,"42,93 $",85.99,"Était±  85,99 $prix était 85,99 $",42.93,"42,93 $",42.93,"42,93 $",true,https://www.canadiantire.ca/fr/pdp/table-a-eau-avec-glissoire-en-spirale-step2-2-ans-et-plus-1840763p.html,https://www.canadiantire.ca/fr/pdp/table-a-eau-avec-glissoire-en-spirale-step2-2-ans-et-plus-1840763p.html,https://media-www.canadiantire.ca/product/seasonal-gardening/backyard-fun/backyard-amusement/1840763/step-2-spiral-slide-water-table-f37ec27d-21c3-4bdf-9db3-b90f42ffbe7b-jpgrendition.jpg?im=whresize&wid=200&hei=200,https://media-www.canadiantire.ca/product/seasonal-gardening/backyard-fun/backyard-amusement/1840763/step-2-spiral-slide-water-table-f37ec27d-21c3-4bdf-9db3-b90f42ffbe7b-jpgrendition.jpg?im=whresize&wid=200&hei=200,,1840763,184-0763-6,,Liquidation◊Mieux notés,50.08,"42,93","85,99"
58,"London South, ON","Gants jetables, paq. 100","Gants jetables, paq. 100",4.93,"4,93 $",14.99,"14,99 $Était   et+ prix était à partir de 14,99 $",4.93,"4,93 $",4.93,"4,93 $",true,https://www.canadiantire.ca/fr/pdp/gants-jetables-paq-100-1426496p.html,https://www.canadiantire.ca/fr/pdp/gants-jetables-paq-100-1426496p.html,https://media-www.canadiantire.ca/product/living/cleaning/household-cleaning-tools/1426496/disposable-gloves-small-100-pack-bff21a05-ddbd-44d4-8572-bc889d04616d-jpgrendition.jpg?im=whresize&wid=200&hei=200,https://media-www.canadiantire.ca/product/living/cleaning/household-cleaning-tools/1426496/disposable-gloves-small-100-pack-bff21a05-ddbd-44d4-8572-bc889d04616d-jpgrendition.jpg?im=whresize&wid=200&hei=200,,1426496,142-6496,Vérifiez la disponibilité#142-6496X,Liquidation◊,67.11,"4,93","14,99"
58,"London South, ON",Centre de table 3D Battle Royal,Centre de table 3D Battle Royal,1.93,"1,93 $",7.99,"Était±  7,99 $prix était 7,99 $",1.93,"1,93 $",1.93,"1,93 $",true,https://www.canadiantire.ca/fr/pdp/centre-de-table-3d-battle-royal-8546709p.html,https://www.canadiantire.ca/fr/pdp/centre-de-table-3d-battle-royal-8546709p.html,https://media-www.canadiantire.ca/product/seasonal-gardening/party-city-everyday/party-city-kids-birthday-pinatas/8546709/battle-royal-3d-centerpiece-decoration-446f7d38-c61e-428c-b94d-11247b24ea6a-jpgrendition.jpg?im=whresize&wid=200&hei=200,https://media-www.canadiantire.ca/product/seasonal-gardening/party-city-everyday/party-city-kids-birthday-pinatas/8546709/battle-royal-3d-centerpiece-decoration-446f7d38-c61e-428c-b94d-11247b24ea6a-jpgrendition.jpg?im=whresize&wid=200&hei=200,,8546709,854-6709-8,,Liquidation◊,75.84,"1,93","7,99"
58,"London South, ON","Ballon en aluminium satiné rond 3D Sweet 16, or rose/rose, à pois, 28 po, gonflement à l'hélium et ruban inclus, pour fête d'anniversaire","Ballon en aluminium satiné rond 3D Sweet 16, or rose/rose, à pois, 28 po, gonflement à l'hélium et ruban inclus, pour fête d'anniversaire",2.93,"2,93 $",24.99,"Était±  24,99 $prix était 24,99 $",2.93,"2,93 $",2.93,"2,93 $",true,https://www.canadiantire.ca/fr/pdp/ballon-en-aluminium-satine-rond-3d-sweet-16-or-rose-rose-a-pois-28-po-gonflement-a-l-helium-et-ruban-inclus-pour-fete-d-anniversaire-8424214p.html,https://www.canadiantire.ca/fr/pdp/ballon-en-aluminium-satine-rond-3d-sweet-16-or-rose-rose-a-pois-28-po-gonflement-a-l-helium-et-ruban-inclus-pour-fete-d-anniversaire-8424214p.html,https://media-www.partycity.ca/product/seasonal-gardening/party-city-everyday/party-city-party-supplies-decor/8424214/338-multiblln-sixteen-blush-775254f8-5cb4-4b46-8856-2f890a726bc2-jpgrendition.jpg?im=whresize&wid=200&hei=200,https://media-www.partycity.ca/product/seasonal-gardening/party-city-everyday/party-city-party-supplies-decor/8424214/338-multiblln-sixteen-blush-775254f8-5cb4-4b46-8856-2f890a726bc2-jpgrendition.jpg?im=whresize&wid=200&hei=200,,8424214,842-4214-4,,Liquidation◊Mieux notés,88.28,"2,93","24,99"
58,"London South, ON","Ballon en aluminium satiné lettres It's A, choix de couleurs, 20 x 9 po, gonflé d'air, pour fête prénatale/dévoilement du sexe","Ballon en aluminium satiné lettres It's A, choix de couleurs, 20 x 9 po, gonflé d'air, pour fête prénatale/dévoilement du sexe",1.93,"1,93 $",8.99,"8,99 $Était   et+ prix était à partir de 8,99 $",1.93,"1,93 $",1.93,"1,93 $",true,https://www.canadiantire.ca/fr/pdp/ballon-en-aluminium-satine-lettres-it-s-a-choix-de-couleurs-20-x-9-po-gonfle-d-air-pour-fete-prenatale-devoilement-du-sexe-8420830p.html,https://www.canadiantire.ca/fr/pdp/ballon-en-aluminium-satine-lettres-it-s-a-choix-de-couleurs-20-x-9-po-gonfle-d-air-pour-fete-prenatale-devoilement-du-sexe-8420830p.html,https://media-www.partycity.ca/product/seasonal-gardening/party-city-everyday/party-city-party-supplies-decor/8423773/mini-gld-af-bn-i-5b3acd3a-f4eb-457e-a322-7df3b13b2348-jpgrendition.jpg?im=whresize&wid=200&hei=200,https://media-www.partycity.ca/product/seasonal-gardening/party-city-everyday/party-city-party-supplies-decor/8423773/mini-gld-af-bn-i-5b3acd3a-f4eb-457e-a322-7df3b13b2348-jpgrendition.jpg?im=whresize&wid=200&hei=200,,8420830,842-0830,Vérifiez la disponibilité#842-0830X,Liquidation◊,78.53,"1,93","8,99"
58,"London South, ON",Hameçon à large écartement Xcalibur Sickle,Hameçon à large écartement Xcalibur Sickle,2.43,"2,43 $",5.49,"5,49 $Était   et+ prix était à partir de 5,49 $",2.43,"2,43 $",2.43,"2,43 $",true,https://www.canadiantire.ca/fr/pdp/hamecon-a-large-ecartement-xcalibur-sickle-0784256p.html,https://www.canadiantire.ca/fr/pdp/hamecon-a-large-ecartement-xcalibur-sickle-0784256p.html,https://media-www.canadiantire.ca/product/playing/fishing/fishing-lures/0784256/matzuo-wide-gap-sickle-hook-size-2-0-f39d6d77-c773-465a-bd14-f3b7eeeebbb3-jpgrendition.jpg?im=whresize&wid=200&hei=200,https://media-www.canadiantire.ca/product/playing/fishing/fishing-lures/0784256/matzuo-wide-gap-sickle-hook-size-2-0-f39d6d77-c773-465a-bd14-f3b7eeeebbb3-jpgrendition.jpg?im=whresize&wid=200&hei=200,,0784256,078-4256,Vérifiez la disponibilité#078-4256X,Liquidation◊Mieux notés,55.74,"2,43","5,49"
58,"London South, ON","Carillon de porte avec fil Globe Heath Zenith, fini métallique","Carillon de porte avec fil Globe Heath Zenith, fini métallique",9.93,"9,93 $",19.99,"Était±  19,99 $prix était 19,99 $",9.93,"9,93 $",9.93,"9,93 $",true,https://www.canadiantire.ca/fr/pdp/carillon-de-porte-avec-fil-globe-heath-zenith-fini-metallique-0521745p.html,https://www.canadiantire.ca/fr/pdp/carillon-de-porte-avec-fil-globe-heath-zenith-fini-metallique-0521745p.html,https://media-www.canadiantire.ca/product/fixing/hardware/curb-appeal/0521745/wired-buzzer-metal-719f587d-4a0a-48aa-b5e8-df76639e53a5-jpgrendition.jpg?im=whresize&wid=200&hei=200,https://media-www.canadiantire.ca/product/fixing/hardware/curb-appeal/0521745/wired-buzzer-metal-719f587d-4a0a-48aa-b5e8-df76639e53a5-jpgrendition.jpg?im=whresize&wid=200&hei=200,,0521745,052-1745-8,Il n’en reste que 3 #052-1745-8,Liquidation◊,50.33,"9,93","19,99"
58,"London South, ON",Très grand sac Feuilles de jardin,Très grand sac Feuilles de jardin,2.89,"2,89 $",5.79,"Était±  5,79 $prix était 5,79 $",2.89,"2,89 $",2.89,"2,89 $",true,https://www.canadiantire.ca/fr/pdp/tres-grand-sac-feuilles-de-jardin-8536918p.html,https://www.canadiantire.ca/fr/pdp/tres-grand-sac-feuilles-de-jardin-8536918p.html,https://media-www.canadiantire.ca/product/seasonal-gardening/party-city-everyday/party-city-party-supplies-decor/8536918/garden-leaf-super-large-bag-89d861ba-e228-4482-84a7-e1b3ebf90958-jpgrendition.jpg?im=whresize&wid=200&hei=200,https://media-www.canadiantire.ca/product/seasonal-gardening/party-city-everyday/party-city-party-supplies-decor/8536918/garden-leaf-super-large-bag-89d861ba-e228-4482-84a7-e1b3ebf90958-jpgrendition.jpg?im=whresize&wid=200&hei=200,,8536918,853-6918-2,,Liquidation◊Mieux notés,50.09,"2,89","5,79"
58,"London South, ON",Gants de conduite d'hiver tout-aller en cuir souple chauds pour temps froid doublure isotherme Hot Paws pour hommes,Gants de conduite d'hiver tout-aller en cuir souple chauds pour temps froid doublure isotherme Hot Paws pour hommes,14.93,"14,93 $",37.99,"37,99 $Était   et+ prix était à partir de 37,99 $",14.93,"14,93 $",14.93,"14,93 $",true,https://www.canadiantire.ca/fr/pdp/gants-de-conduite-d-hiver-tout-aller-en-cuir-souple-chauds-pour-temps-froid-doublure-isotherme-hot-paws-pour-hommes-0872823p.html,https://www.canadiantire.ca/fr/pdp/gants-de-conduite-d-hiver-tout-aller-en-cuir-souple-chauds-pour-temps-froid-doublure-isotherme-hot-paws-pour-hommes-0872823p.html,https://media-www.canadiantire.ca/product/playing/footwear-apparel/winter-footwear-apparel/0872823/leather-gloves-men-s-medium-fdd025c7-0608-4d44-944e-fbd538c96ddc-jpgrendition.jpg?im=whresize&wid=200&hei=200,https://media-www.canadiantire.ca/product/playing/footwear-apparel/winter-footwear-apparel/0872823/leather-gloves-men-s-medium-fdd025c7-0608-4d44-944e-fbd538c96ddc-jpgrendition.jpg?im=whresize&wid=200&hei=200,,0872823,087-2823,Vérifiez la disponibilité#087-2823X,Liquidation◊Exclusivité,60.7,"14,93","37,99"
58,"London South, ON",Connecteur rond 6 pôles côté remorque Hopkins Towing Solution,Connecteur rond 6 pôles côté remorque Hopkins Towing Solution,6.93,"6,93 $",15.99,"Était±  15,99 $prix était 15,99 $",6.93,"6,93 $",6.93,"6,93 $",true,https://www.canadiantire.ca/fr/pdp/connecteur-rond-6-poles-cote-remorque-hopkins-towing-solution-0409681p.html,https://www.canadiantire.ca/fr/pdp/connecteur-rond-6-poles-cote-remorque-hopkins-towing-solution-0409681p.html,https://media-www.canadiantire.ca/product/automotive/automotive-outdoor-adventure/auto-travel-storage/0409681/6-pole-round-trailer-end-005e55c4-38e8-441f-a6c8-453cc72cd2f4-jpgrendition.jpg?im=whresize&wid=200&hei=200,https://media-www.canadiantire.ca/product/automotive/automotive-outdoor-adventure/auto-travel-storage/0409681/6-pole-round-trailer-end-005e55c4-38e8-441f-a6c8-453cc72cd2f4-jpgrendition.jpg?im=whresize&wid=200&hei=200,,0409681,040-9681-8,Il n’en reste que 1 #040-9681-8,Liquidation◊Mieux notés,56.66,"6,93","15,99"
58,"London South, ON","Cosse femelle débranchable Gardner Bender C14-145F, calibre 10 à 12 AWG, paq. 6","Cosse femelle débranchable Gardner Bender C14-145F, calibre 10 à 12 AWG, paq. 6",0.93,"0,93 $",2.49,"Était±  2,49 $prix était 2,49 $",0.93,"0,93 $",0.93,"0,93 $",true,https://www.canadiantire.ca/fr/pdp/cosse-femelle-debranchable-gardner-bender-c14-145f-calibre-10-a-12-awg-paq-6-0520210p.html,https://www.canadiantire.ca/fr/pdp/cosse-femelle-debranchable-gardner-bender-c14-145f-calibre-10-a-12-awg-paq-6-0520210p.html,https://media-www.canadiantire.ca/product/fixing/electrical/rough-electrical/0520210/disconnect-terminals-female-yellow-pkg-6-a668c87c-a954-4c44-bffb-2983dc61c7b1-jpgrendition.jpg?im=whresize&wid=200&hei=200,https://media-www.canadiantire.ca/product/fixing/electrical/rough-electrical/0520210/disconnect-terminals-female-yellow-pkg-6-a668c87c-a954-4c44-bffb-2983dc61c7b1-jpgrendition.jpg?im=whresize&wid=200&hei=200,,0520210,052-0210-6,Il n’en reste que 4 #052-0210-6,Liquidation◊,62.65,"0,93","2,49"
58,"London South, ON","Bobine de fil à 4 fils collés Hopkins de calibre 14, 25 pi","Bobine de fil à 4 fils collés Hopkins de calibre 14, 25 pi",20.93,"20,93 $",49.99,"Était±  49,99 $prix était 49,99 $",20.93,"20,93 $",20.93,"20,93 $",true,https://www.canadiantire.ca/fr/pdp/bobine-de-fil-a-4-fils-colles-hopkins-de-calibre-14-25-pi-1407215p.html,https://www.canadiantire.ca/fr/pdp/bobine-de-fil-a-4-fils-colles-hopkins-de-calibre-14-25-pi-1407215p.html,https://media-www.canadiantire.ca/product/automotive/automotive-outdoor-adventure/auto-travel-storage/1407215/hopkins-14-gauge-4-wire-bonded-25-ft-ee991274-d40f-4f55-ba3a-97031f998ca2-jpgrendition.jpg?im=whresize&wid=200&hei=200,https://media-www.canadiantire.ca/product/automotive/automotive-outdoor-adventure/auto-travel-storage/1407215/hopkins-14-gauge-4-wire-bonded-25-ft-ee991274-d40f-4f55-ba3a-97031f998ca2-jpgrendition.jpg?im=whresize&wid=200&hei=200,,1407215,140-7215-4,Il n’en reste que 1 #140-7215-4,Liquidation◊,58.13,"20,93","49,99"
58,"London South, ON","Kit d'éclairage extérieur intelligent Type S, 72 po","Kit d'éclairage extérieur intelligent Type S, 72 po",69.93,"69,93 $",154.99,"Était±  154,99 $prix était 154,99 $",69.93,"69,93 $",69.93,"69,93 $",true,https://www.canadiantire.ca/fr/pdp/kit-d-eclairage-exterieur-intelligent-type-s-72-po-0378011p.html,https://www.canadiantire.ca/fr/pdp/kit-d-eclairage-exterieur-intelligent-type-s-72-po-0378011p.html,https://media-www.canadiantire.ca/product/automotive/car-care-accessories/auto-accessories/0378011/types-smart-72-exterior-led-kit-eb8da8eb-2c9b-40d6-81c5-88376166b279-jpgrendition.jpg?im=whresize&wid=200&hei=200,https://media-www.canadiantire.ca/product/automotive/car-care-accessories/auto-accessories/0378011/types-smart-72-exterior-led-kit-eb8da8eb-2c9b-40d6-81c5-88376166b279-jpgrendition.jpg?im=whresize&wid=200&hei=200,,0378011,037-8011-0,Il n’en reste que 1 #037-8011-0,Liquidation◊,54.88,"69,93","154,99"
58,"London South, ON",Support de fixation universel Hopkins Towing Solution,Support de fixation universel Hopkins Towing Solution,6.93,"6,93 $",15.99,"Était±  15,99 $prix était 15,99 $",6.93,"6,93 $",6.93,"6,93 $",true,https://www.canadiantire.ca/fr/pdp/support-de-fixation-universel-hopkins-towing-solution-0409686p.html,https://www.canadiantire.ca/fr/pdp/support-de-fixation-universel-hopkins-towing-solution-0409686p.html,https://media-www.canadiantire.ca/product/automotive/automotive-outdoor-adventure/auto-travel-storage/0409686/universal-mounting-bracket-eb9f8c8b-d760-4196-84a8-83ce451aa02e-jpgrendition.jpg?im=whresize&wid=200&hei=200,https://media-www.canadiantire.ca/product/automotive/automotive-outdoor-adventure/auto-travel-storage/0409686/universal-mounting-bracket-eb9f8c8b-d760-4196-84a8-83ce451aa02e-jpgrendition.jpg?im=whresize&wid=200&hei=200,,0409686,040-9686-8,Il n’en reste que 2 #040-9686-8,Liquidation◊Mieux notés,56.66,"6,93","15,99"
58,"London South, ON",Filtre pour aspirateur de rechange Dirt Devil F77 Vibe,Filtre pour aspirateur de rechange Dirt Devil F77 Vibe,2.93,"2,93 $",11.99,"Était±  11,99 $prix était 11,99 $",2.93,"2,93 $",2.93,"2,93 $",true,https://www.canadiantire.ca/fr/pdp/filtre-pour-aspirateur-de-rechange-dirt-devil-f77-vibe-0439453p.html,https://www.canadiantire.ca/fr/pdp/filtre-pour-aspirateur-de-rechange-dirt-devil-f77-vibe-0439453p.html,https://media-www.canadiantire.ca/product/living/cleaning/vacuums-and-floorcare/0439453/dirt-devil-f77-vibe-vacuum-filter-16e912f4-2084-4aaa-b66c-0eeef7dd00e4-jpgrendition.jpg?im=whresize&wid=200&hei=200,https://media-www.canadiantire.ca/product/living/cleaning/vacuums-and-floorcare/0439453/dirt-devil-f77-vibe-vacuum-filter-16e912f4-2084-4aaa-b66c-0eeef7dd00e4-jpgrendition.jpg?im=whresize&wid=200&hei=200,,0439453,043-9453-6,,Liquidation◊Mieux notés,75.56,"2,93","11,99"
58,"London South, ON",Chiot Real Little dans son sac,Chiot Real Little dans son sac,6.23,"6,23 $",12.99,"Était±  12,99 $prix était 12,99 $",6.23,"6,23 $",6.23,"6,23 $",true,https://www.canadiantire.ca/fr/pdp/chiot-real-little-dans-son-sac-0509457p.html,https://www.canadiantire.ca/fr/pdp/chiot-real-little-dans-son-sac-0509457p.html,https://media-www.canadiantire.ca/product/seasonal-gardening/toys/toys-games/0509457/real-little-puppy-in-bag-a46a2a02-8b29-4b6c-a22f-1180b4426a22-jpgrendition.jpg?im=whresize&wid=200&hei=200,https://media-www.canadiantire.ca/product/seasonal-gardening/toys/toys-games/0509457/real-little-puppy-in-bag-a46a2a02-8b29-4b6c-a22f-1180b4426a22-jpgrendition.jpg?im=whresize&wid=200&hei=200,,0509457,050-9457-0,,Liquidation◊Mieux notés,52.04,"6,23","12,99"
58,"London South, ON",Scie-cloche à pointes en carbure Lenox. pour bois et métal,Scie-cloche à pointes en carbure Lenox. pour bois et métal,7.93,"7,93 $",22.99,"Était±  22,99 $prix était 22,99 $",7.93,"7,93 $",7.93,"7,93 $",true,https://www.canadiantire.ca/fr/pdp/scie-cloche-a-pointes-en-carbure-lenox-pour-bois-et-metal-0540762p.html,https://www.canadiantire.ca/fr/pdp/scie-cloche-a-pointes-en-carbure-lenox-pour-bois-et-metal-0540762p.html,https://media-www.canadiantire.ca/product/fixing/tools/power-tool-accessories/0540762/lenox-carbide-tipped-hole-saw-3-4-19mm-6124b739-15b4-4248-9095-1113c0f93eab-jpgrendition.jpg?im=whresize&wid=200&hei=200,https://media-www.canadiantire.ca/product/fixing/tools/power-tool-accessories/0540762/lenox-carbide-tipped-hole-saw-3-4-19mm-6124b739-15b4-4248-9095-1113c0f93eab-jpgrendition.jpg?im=whresize&wid=200&hei=200,,0540762,054-0762-8,Il n’en reste que 1 #054-0762-8,Liquidation◊Mieux notés,65.51,"7,93","22,99"
58,"London South, ON","Gants de chasse Manzella Shooter avec paume à points antidérapants pour une prise sûre, camouflage Realtree XTRA","Gants de chasse Manzella Shooter avec paume à points antidérapants pour une prise sûre, camouflage Realtree XTRA",16.43,"16,43 $",34.99,"34,99 $Était   et+ prix était à partir de 34,99 $",16.43,"16,43 $",16.43,"16,43 $",true,https://www.canadiantire.ca/fr/pdp/gants-de-chasse-manzella-shooter-avec-paume-a-points-antiderapants-pour-une-prise-sure-camouflage-realtree-xtra-1754357p.html,https://www.canadiantire.ca/fr/pdp/gants-de-chasse-manzella-shooter-avec-paume-a-points-antiderapants-pour-une-prise-sure-camouflage-realtree-xtra-1754357p.html,https://media-www.canadiantire.ca/product/playing/hunting/hunting-apparel-footwear/1754357/manzella-shooter-gloves-l-fc56d7d3-fc15-4aa3-b584-d6912f2b90c7-jpgrendition.jpg?im=whresize&wid=200&hei=200,https://media-www.canadiantire.ca/product/playing/hunting/hunting-apparel-footwear/1754357/manzella-shooter-gloves-l-fc56d7d3-fc15-4aa3-b584-d6912f2b90c7-jpgrendition.jpg?im=whresize&wid=200&hei=200,,1754357,175-4357,Vérifiez la disponibilité#175-4357X,Liquidation◊,53.04,"16,43","34,99"
58,"London South, ON",Casquette feuille d'étable du Canada,Casquette feuille d'étable du Canada,4.93,"4,93 $",9.99,"Était±  9,99 $prix était 9,99 $",4.93,"4,93 $",4.93,"4,93 $",true,https://www.canadiantire.ca/fr/pdp/casquette-feuille-d-etable-du-canada-8529511p.html,https://www.canadiantire.ca/fr/pdp/casquette-feuille-d-etable-du-canada-8529511p.html,https://media-www.canadiantire.ca/product/seasonal-gardening/party-city-seasonal/party-city-micro-season-decor/8529511/canadian-maple-leaf-baseball-hat-1be76a2d-b70a-4858-9561-a651a21bdd41-jpgrendition.jpg?im=whresize&wid=200&hei=200,https://media-www.canadiantire.ca/product/seasonal-gardening/party-city-seasonal/party-city-micro-season-decor/8529511/canadian-maple-leaf-baseball-hat-1be76a2d-b70a-4858-9561-a651a21bdd41-jpgrendition.jpg?im=whresize&wid=200&hei=200,,8529511,852-9511-2,Il n’en reste que 2 #852-9511-2,Liquidation◊,50.65,"4,93","9,99"
58,"London South, ON",Grand sac-cadeau d’anniversaire rayé arc-en-ciel,Grand sac-cadeau d’anniversaire rayé arc-en-ciel,1.99,"1,99 $",3.99,"Était±  3,99 $prix était 3,99 $",1.99,"1,99 $",1.99,"1,99 $",true,https://www.canadiantire.ca/fr/pdp/grand-sac-cadeau-d-anniversaire-raye-arc-en-ciel-8536748p.html,https://www.canadiantire.ca/fr/pdp/grand-sac-cadeau-d-anniversaire-raye-arc-en-ciel-8536748p.html,https://media-www.canadiantire.ca/product/seasonal-gardening/party-city-everyday/party-city-party-supplies-decor/8536748/bag-large-feminine-stripe-b17accb7-c3d1-4e6b-9667-9be2e26fff9e-jpgrendition.jpg?im=whresize&wid=200&hei=200,https://media-www.canadiantire.ca/product/seasonal-gardening/party-city-everyday/party-city-party-supplies-decor/8536748/bag-large-feminine-stripe-b17accb7-c3d1-4e6b-9667-9be2e26fff9e-jpgrendition.jpg?im=whresize&wid=200&hei=200,,8536748,853-6748-6,,Liquidation◊Mieux notés,50.13,"1,99","3,99"
58,"London South, ON","Dandinette ronde Xcalibur, lever de soleil, 3/8 oz","Dandinette ronde Xcalibur, lever de soleil, 3/8 oz",2.93,"2,93 $",5.99,"Était±  5,99 $prix était 5,99 $",2.93,"2,93 $",2.93,"2,93 $",true,https://www.canadiantire.ca/fr/pdp/dandinette-ronde-xcalibur-lever-de-soleil-3-8-oz-0773779p.html,https://www.canadiantire.ca/fr/pdp/dandinette-ronde-xcalibur-lever-de-soleil-3-8-oz-0773779p.html,https://media-www.canadiantire.ca/product/playing/fishing/fishing-lures/0773779/matzuo-round-jig-sunrise-3-8-823b54c5-bf61-4960-8a04-ef9491c2547b-jpgrendition.jpg?im=whresize&wid=200&hei=200,https://media-www.canadiantire.ca/product/playing/fishing/fishing-lures/0773779/matzuo-round-jig-sunrise-3-8-823b54c5-bf61-4960-8a04-ef9491c2547b-jpgrendition.jpg?im=whresize&wid=200&hei=200,,0773779,077-3779-8,,Liquidation◊Mieux notés,51.09,"2,93","5,99"
58,"London South, ON","Ballon en aluminium satiné rond Nintendo Pokémon Pikachu, bleu/jaune, 17 po, gonflement à l'hélium et ruban inclus, pour fête d'anniversaire","Ballon en aluminium satiné rond Nintendo Pokémon Pikachu, bleu/jaune, 17 po, gonflement à l'hélium et ruban inclus, pour fête d'anniversaire",2.93,"2,93 $",6.99,"Était±  6,99 $prix était 6,99 $",2.93,"2,93 $",2.93,"2,93 $",true,https://www.canadiantire.ca/fr/pdp/ballon-en-aluminium-satine-rond-nintendo-pokemon-pikachu-bleu-jaune-17-po-gonflement-a-l-helium-et-ruban-inclus-pour-fete-d-anniversaire-8424417p.html,https://www.canadiantire.ca/fr/pdp/ballon-en-aluminium-satine-rond-nintendo-pokemon-pikachu-bleu-jaune-17-po-gonflement-a-l-helium-et-ruban-inclus-pour-fete-d-anniversaire-8424417p.html,https://media-www.canadiantire.ca/product/party-city/party-city-everyday/party-city-balloons-accessories/8424417/pok-mon-pikachu-18-standard-balloon-338b5b30-58fd-4dd6-9b98-873a6bcca11d-jpgrendition.jpg?im=whresize&wid=200&hei=200,https://media-www.canadiantire.ca/product/party-city/party-city-everyday/party-city-balloons-accessories/8424417/pok-mon-pikachu-18-standard-balloon-338b5b30-58fd-4dd6-9b98-873a6bcca11d-jpgrendition.jpg?im=whresize&wid=200&hei=200,,8424417,842-4417-2,,Liquidation◊Mieux notés,58.08,"2,93","6,99"
58,"London South, ON","Leurres pour achigan RedWolf, vers, paq. 100","Leurres pour achigan RedWolf, vers, paq. 100",13.93,"13,93 $",32.99,"Était±  32,99 $prix était 32,99 $",13.93,"13,93 $",13.93,"13,93 $",true,https://www.canadiantire.ca/fr/pdp/leurres-pour-achigan-redwolf-vers-paq-100-0777767p.html,https://www.canadiantire.ca/fr/pdp/leurres-pour-achigan-redwolf-vers-paq-100-0777767p.html,https://media-www.canadiantire.ca/product/playing/fishing/fishing-lures/0777767/red-wolf-bass-worm-kit-100-piece-aba403cd-7df8-4275-910b-0db99378c1a6-jpgrendition.jpg?im=whresize&wid=200&hei=200,https://media-www.canadiantire.ca/product/playing/fishing/fishing-lures/0777767/red-wolf-bass-worm-kit-100-piece-aba403cd-7df8-4275-910b-0db99378c1a6-jpgrendition.jpg?im=whresize&wid=200&hei=200,,0777767,077-7767-2,,Liquidation◊Exclusivité,57.78,"13,93","32,99"
58,"London South, ON","Mini gaufrier antiadhésif compact Dash, forme de cœur, rose","Mini gaufrier antiadhésif compact Dash, forme de cœur, rose",7.93,"7,93 $",19.99,"Était±  19,99 $prix était 19,99 $",7.93,"7,93 $",7.93,"7,93 $",true,https://www.canadiantire.ca/fr/pdp/mini-gaufrier-antiadhesif-compact-dash-forme-de-c-ur-rose-0437063p.html,https://www.canadiantire.ca/fr/pdp/mini-gaufrier-antiadhesif-compact-dash-forme-de-c-ur-rose-0437063p.html,https://media-www.canadiantire.ca/product/living/kitchen/kitchen-appliances/0437063/rise-by-dash-heart-mini-waffle-maker-8479145c-d096-4738-8869-b69383ff54cb-jpgrendition.jpg?im=whresize&wid=200&hei=200,https://media-www.canadiantire.ca/product/living/kitchen/kitchen-appliances/0437063/rise-by-dash-heart-mini-waffle-maker-8479145c-d096-4738-8869-b69383ff54cb-jpgrendition.jpg?im=whresize&wid=200&hei=200,,0437063,043-7063-6,,Liquidation◊Mieux notés,60.33,"7,93","19,99"
58,"London South, ON","Barres de chocolat format standard assorties Nestlé, paq. 14","Barres de chocolat format standard assorties Nestlé, paq. 14",9.49,"9,49 $",18.99,"Était±  18,99 $prix était 18,99 $",9.49,"9,49 $",9.49,"9,49 $",true,https://www.canadiantire.ca/fr/pdp/barres-de-chocolat-format-standard-assorties-nestle-paq-14-1517261p.html,https://www.canadiantire.ca/fr/pdp/barres-de-chocolat-format-standard-assorties-nestle-paq-14-1517261p.html,https://media-www.canadiantire.ca/product/living/food-drink/seasonal-confectionery/1517261/nestle-assorted-singles-bars-14-count-b44bb029-1bc1-4124-a4a6-0f05ecec4407-jpgrendition.jpg?im=whresize&wid=200&hei=200,https://media-www.canadiantire.ca/product/living/food-drink/seasonal-confectionery/1517261/nestle-assorted-singles-bars-14-count-b44bb029-1bc1-4124-a4a6-0f05ecec4407-jpgrendition.jpg?im=whresize&wid=200&hei=200,,1517261,151-7261-6,,Liquidation◊Mieux notés,50.03,"9,49","18,99"
58,"London South, ON","Lunettes de natation antibuée à protection UV pour enfants Speedo, couleurs variées","Lunettes de natation antibuée à protection UV pour enfants Speedo, couleurs variées",3.93,"3,93 $",10.99,"Était±  10,99 $prix était 10,99 $",3.93,"3,93 $",3.93,"3,93 $",true,https://www.canadiantire.ca/fr/pdp/lunettes-de-natation-antibuee-a-protection-uv-pour-enfants-speedo-couleurs-variees-0813958p.html,https://www.canadiantire.ca/fr/pdp/lunettes-de-natation-antibuee-a-protection-uv-pour-enfants-speedo-couleurs-variees-0813958p.html,https://media-www.canadiantire.ca/product/seasonal-gardening/backyard-fun/pool-fun/0813958/speedo-kids-goggle-8c146c52-97e4-4691-8ea8-fe170eda1be1-jpgrendition.jpg?im=whresize&wid=200&hei=200,https://media-www.canadiantire.ca/product/seasonal-gardening/backyard-fun/pool-fun/0813958/speedo-kids-goggle-8c146c52-97e4-4691-8ea8-fe170eda1be1-jpgrendition.jpg?im=whresize&wid=200&hei=200,,0813958,081-3958-0,,Liquidation◊Mieux notés,64.24,"3,93","10,99"
58,"London South, ON","Bornes coniques mâles et femelles Gardner Bender C14-163P, calibre 16 à 14 AWG, paq. 4","Bornes coniques mâles et femelles Gardner Bender C14-163P, calibre 16 à 14 AWG, paq. 4",0.93,"0,93 $",2.79,"Était±  2,79 $prix était 2,79 $",0.93,"0,93 $",0.93,"0,93 $",true,https://www.canadiantire.ca/fr/pdp/bornes-coniques-males-et-femelles-gardner-bender-c14-163p-calibre-16-a-14-awg-paq-4-0520215p.html,https://www.canadiantire.ca/fr/pdp/bornes-coniques-males-et-femelles-gardner-bender-c14-163p-calibre-16-a-14-awg-paq-4-0520215p.html,https://media-www.canadiantire.ca/product/fixing/electrical/rough-electrical/0520215/bullet-terminals-m-f-pairs-blue-pkg-4-5c3e2a95-1ab3-4c3d-b0a1-548a525a3d92-jpgrendition.jpg?im=whresize&wid=200&hei=200,https://media-www.canadiantire.ca/product/fixing/electrical/rough-electrical/0520215/bullet-terminals-m-f-pairs-blue-pkg-4-5c3e2a95-1ab3-4c3d-b0a1-548a525a3d92-jpgrendition.jpg?im=whresize&wid=200&hei=200,,0520215,052-0215-6,Il n’en reste que 3 #052-0215-6,Liquidation◊Mieux notés,66.67,"0,93","2,79"
58,"London South, ON","Lunettes de natation pour enfants Eye Candy, choix varié","Lunettes de natation pour enfants Eye Candy, choix varié",4.93,"4,93 $",12.99,"Était±  12,99 $prix était 12,99 $",4.93,"4,93 $",4.93,"4,93 $",true,https://www.canadiantire.ca/fr/pdp/lunettes-de-natation-pour-enfants-eye-candy-choix-varie-0813093p.html,https://www.canadiantire.ca/fr/pdp/lunettes-de-natation-pour-enfants-eye-candy-choix-varie-0813093p.html,https://media-www.canadiantire.ca/product/seasonal-gardening/backyard-fun/pool-fun/0813093/coral-totz-eye-candy-swimming-goggles-assorted-18690b32-6afd-4666-b9cb-c81bbea1f68b-jpgrendition.jpg?im=whresize&wid=200&hei=200,https://media-www.canadiantire.ca/product/seasonal-gardening/backyard-fun/pool-fun/0813093/coral-totz-eye-candy-swimming-goggles-assorted-18690b32-6afd-4666-b9cb-c81bbea1f68b-jpgrendition.jpg?im=whresize&wid=200&hei=200,,0813093,081-3093-6,,Liquidation◊,62.05,"4,93","12,99"
58,"London South, ON","Cadenas à clé miniatures de voyage/valise en laiton Maple Leaf, paq. 2","Cadenas à clé miniatures de voyage/valise en laiton Maple Leaf, paq. 2",2.43,"2,43 $",9.99,"Était±  9,99 $prix était 9,99 $",2.43,"2,43 $",2.43,"2,43 $",true,https://www.canadiantire.ca/fr/pdp/cadenas-a-cle-miniatures-de-voyage-valise-en-laiton-maple-leaf-paq-2-0762966p.html,https://www.canadiantire.ca/fr/pdp/cadenas-a-cle-miniatures-de-voyage-valise-en-laiton-maple-leaf-paq-2-0762966p.html,https://media-www.canadiantire.ca/product/playing/camping/backpacks-luggage-accessories/0762966/maple-leaf-brass-key-locks-set-of-2-bfb2caf9-9ca2-4806-b984-2870aeccbf13-jpgrendition.jpg?im=whresize&wid=200&hei=200,https://media-www.canadiantire.ca/product/playing/camping/backpacks-luggage-accessories/0762966/maple-leaf-brass-key-locks-set-of-2-bfb2caf9-9ca2-4806-b984-2870aeccbf13-jpgrendition.jpg?im=whresize&wid=200&hei=200,,0762966,076-2966-0,,Liquidation◊Mieux notés,75.68,"2,43","9,99"
58,"London South, ON","Bâton de hockey en composite Sherwood Rekker XT Pro, sénior, rigidité de 75","Bâton de hockey en composite Sherwood Rekker XT Pro, sénior, rigidité de 75",44.93,"44,93 $",89.99,"89,99 $Était   et+ prix était à partir de 89,99 $",44.93,"44,93 $",44.93,"44,93 $",true,https://www.canadiantire.ca/fr/pdp/baton-de-hockey-en-composite-sherwood-rekker-xt-pro-senior-rigidite-de-75-0839584p.html,https://www.canadiantire.ca/fr/pdp/baton-de-hockey-en-composite-sherwood-rekker-xt-pro-senior-rigidite-de-75-0839584p.html,https://media-www.canadiantire.ca/product/playing/hockey/hockey-sticks/0839584/sherwood-rekker-xt-pro-stick-sr-75-flex-pp92-left-9d19b4ed-2044-4a25-95b1-d1cdeedc57bc-jpgrendition.jpg?im=whresize&wid=200&hei=200,https://media-www.canadiantire.ca/product/playing/hockey/hockey-sticks/0839584/sherwood-rekker-xt-pro-stick-sr-75-flex-pp92-left-9d19b4ed-2044-4a25-95b1-d1cdeedc57bc-jpgrendition.jpg?im=whresize&wid=200&hei=200,,0839584,083-9584,Vérifiez la disponibilité#083-9584X,Liquidation◊Exclusivité,50.07,"44,93","89,99"
58,"London South, ON","Mélangeur à 3 vitesses NutriBullet, sans BPA, gris, 1 200 W","Mélangeur à 3 vitesses NutriBullet, sans BPA, gris, 1 200 W",69.93,"69,93 $",154.99,"Était±  154,99 $prix était 154,99 $",69.93,"69,93 $",69.93,"69,93 $",true,https://www.canadiantire.ca/fr/pdp/melangeur-a-3-vitesses-nutribullet-sans-bpa-gris-1-200-w-0432761p.html,https://www.canadiantire.ca/fr/pdp/melangeur-a-3-vitesses-nutribullet-sans-bpa-gris-1-200-w-0432761p.html,https://media-www.canadiantire.ca/product/living/kitchen/kitchen-appliances/0432761/nutribullet-blender-289cbdf7-c62a-42dd-b475-960f7c192f27-jpgrendition.jpg?im=whresize&wid=200&hei=200,https://media-www.canadiantire.ca/product/living/kitchen/kitchen-appliances/0432761/nutribullet-blender-289cbdf7-c62a-42dd-b475-960f7c192f27-jpgrendition.jpg?im=whresize&wid=200&hei=200,,0432761,043-2761-4,,Liquidation◊Mieux notés,54.88,"69,93","154,99"
58,"London South, ON","Nettoyant syst. alim complet STP, kilométrage élevé, 354 mL","Nettoyant syst. alim complet STP, kilométrage élevé, 354 mL",9.93,"9,93 $",22.99,"Était±  22,99 $prix était 22,99 $",9.93,"9,93 $",9.93,"9,93 $",true,https://www.canadiantire.ca/fr/pdp/nettoyant-syst-alim-complet-stp-kilometrage-eleve-354-ml-0380273p.html,https://www.canadiantire.ca/fr/pdp/nettoyant-syst-alim-complet-stp-kilometrage-eleve-354-ml-0380273p.html,https://media-www.canadiantire.ca/product/automotive/auto-maintenance/auto-fluids/0380273/stp-high-mileage-complete-fuel-system-cleaner-354ml-3958f5c5-fcdf-4e61-8941-24e8358b2c76-jpgrendition.jpg?im=whresize&wid=200&hei=200,https://media-www.canadiantire.ca/product/automotive/auto-maintenance/auto-fluids/0380273/stp-high-mileage-complete-fuel-system-cleaner-354ml-3958f5c5-fcdf-4e61-8941-24e8358b2c76-jpgrendition.jpg?im=whresize&wid=200&hei=200,,0380273,038-0273-2,,Liquidation◊Mieux notés,56.81,"9,93","22,99"
58,"London South, ON","Coiffe à polir Terry SIMONIZ, 7 à 8 po, paq. 2","Coiffe à polir Terry SIMONIZ, 7 à 8 po, paq. 2",2.93,"2,93 $",11.99,"Était±  11,99 $prix était 11,99 $",2.93,"2,93 $",2.93,"2,93 $",true,https://www.canadiantire.ca/fr/pdp/coiffe-a-polir-terry-simoniz-7-a-8-po-paq-2-0399085p.html,https://www.canadiantire.ca/fr/pdp/coiffe-a-polir-terry-simoniz-7-a-8-po-paq-2-0399085p.html,https://media-www.canadiantire.ca/product/automotive/car-care-accessories/auto-cleaning-tools/0399085/simoniz-8-terry-bonnet-2-pack-40af4821-579e-461f-90bf-0512fc89a7e6-jpgrendition.jpg?im=whresize&wid=200&hei=200,https://media-www.canadiantire.ca/product/automotive/car-care-accessories/auto-cleaning-tools/0399085/simoniz-8-terry-bonnet-2-pack-40af4821-579e-461f-90bf-0512fc89a7e6-jpgrendition.jpg?im=whresize&wid=200&hei=200,,0399085,039-9085-4,,Liquidation◊Exclusivité,75.56,"2,93","11,99"
58,"London South, ON","Collier pour chiens ajustable Perri's, camouflage vert, choix de tailles","Collier pour chiens ajustable Perri's, camouflage vert, choix de tailles",7.93,"7,93 $",17.99,"17,99 $Était   et+ prix était à partir de 17,99 $",7.93,"7,93 $",7.93,"7,93 $",true,https://www.canadiantire.ca/fr/pdp/collier-pour-chiens-ajustable-perri-s-camouflage-vert-choix-de-tailles-2420737p.html,https://www.canadiantire.ca/fr/pdp/collier-pour-chiens-ajustable-perri-s-camouflage-vert-choix-de-tailles-2420737p.html,https://media-www.canadiantire.ca/product/living/pet-care/pet-accessories/2420737/perri-s-camo-green-dog-collar-small-281b1e66-f5f7-40e0-9e5a-049be2434acc-jpgrendition.jpg?im=whresize&wid=200&hei=200,https://media-www.canadiantire.ca/product/living/pet-care/pet-accessories/2420737/perri-s-camo-green-dog-collar-small-281b1e66-f5f7-40e0-9e5a-049be2434acc-jpgrendition.jpg?im=whresize&wid=200&hei=200,,2420737,242-0737,Vérifiez la disponibilité#242-0737X,Liquidation◊Exclusivité,55.92,"7,93","17,99"
58,"London South, ON",Masque pour les yeux en gel chaud et froid pour mal de tête et migraine HoMedics avec sangle réglable,Masque pour les yeux en gel chaud et froid pour mal de tête et migraine HoMedics avec sangle réglable,24.93,"24,93 $",54.99,"Était±  54,99 $prix était 54,99 $",24.93,"24,93 $",24.93,"24,93 $",true,https://www.canadiantire.ca/fr/pdp/masque-pour-les-yeux-en-gel-chaud-et-froid-pour-mal-de-tete-et-migraine-homedics-avec-sangle-reglable-0438662p.html,https://www.canadiantire.ca/fr/pdp/masque-pour-les-yeux-en-gel-chaud-et-froid-pour-mal-de-tete-et-migraine-homedics-avec-sangle-reglable-0438662p.html,https://media-www.canadiantire.ca/product/living/personal-garment-care/personal-care/0438662/homedics-gel-eye-mask-051c190a-a418-46a5-8f3a-7799a894864d-jpgrendition.jpg?im=whresize&wid=200&hei=200,https://media-www.canadiantire.ca/product/living/personal-garment-care/personal-care/0438662/homedics-gel-eye-mask-051c190a-a418-46a5-8f3a-7799a894864d-jpgrendition.jpg?im=whresize&wid=200&hei=200,,0438662,043-8662-4,,Liquidation◊,54.66,"24,93","54,99"
58,"London South, ON",Spatule en silicone marbrée MASTER Chef,Spatule en silicone marbrée MASTER Chef,2.93,"2,93 $",7.99,"Était±  7,99 $prix était 7,99 $",2.93,"2,93 $",2.93,"2,93 $",true,https://www.canadiantire.ca/fr/pdp/spatule-en-silicone-marbree-master-chef-1423777p.html,https://www.canadiantire.ca/fr/pdp/spatule-en-silicone-marbree-master-chef-1423777p.html,https://media-www.canadiantire.ca/product/living/kitchen/kitchen-tools-thermometers/1423777/master-chef-marble-silicone-spatula-744ceab1-7929-4a23-811c-3d8ae356f628-jpgrendition.jpg?im=whresize&wid=200&hei=200,https://media-www.canadiantire.ca/product/living/kitchen/kitchen-tools-thermometers/1423777/master-chef-marble-silicone-spatula-744ceab1-7929-4a23-811c-3d8ae356f628-jpgrendition.jpg?im=whresize&wid=200&hei=200,,1423777,142-3777-6,Il n’en reste que 2 #142-3777-6,Liquidation◊Mieux notés,63.33,"2,93","7,99"
58,"London South, ON",Sac-cadeau géant à carrés Happy Birthday,Sac-cadeau géant à carrés Happy Birthday,2.93,"2,93 $",5.99,"Était±  5,99 $prix était 5,99 $",2.93,"2,93 $",2.93,"2,93 $",true,https://www.canadiantire.ca/fr/pdp/sac-cadeau-geant-a-carres-happy-birthday-8421685p.html,https://www.canadiantire.ca/fr/pdp/sac-cadeau-geant-a-carres-happy-birthday-8421685p.html,https://media-www.partycity.ca/product/seasonal-gardening/party-city-everyday/party-city-party-supplies-decor/8421685/jmb-gft-bag-checkerboard-bday-0f371fbf-9538-47d0-bd66-373322ba4160-jpgrendition.jpg?im=whresize&wid=200&hei=200,https://media-www.partycity.ca/product/seasonal-gardening/party-city-everyday/party-city-party-supplies-decor/8421685/jmb-gft-bag-checkerboard-bday-0f371fbf-9538-47d0-bd66-373322ba4160-jpgrendition.jpg?im=whresize&wid=200&hei=200,,8421685,842-1685-0,,Liquidation◊Articles à succès,51.09,"2,93","5,99"
58,"London South, ON","Jouet pour chiens Petco, Dinosaure en peluche","Jouet pour chiens Petco, Dinosaure en peluche",14.92,"14,92 $",29.99,"Était±  29,99 $prix était 29,99 $",14.92,"14,92 $",14.92,"14,92 $",true,https://www.canadiantire.ca/fr/pdp/jouet-pour-chiens-petco-dinosaure-en-peluche-1429447p.html,https://www.canadiantire.ca/fr/pdp/jouet-pour-chiens-petco-dinosaure-en-peluche-1429447p.html,https://media-www.canadiantire.ca/product/living/pet-care/pet-accessories/1429447/petco-dino-tough-plush-9--380f08af-db30-4897-be7d-e6b13ae50190-jpgrendition.jpg?im=whresize&wid=200&hei=200,https://media-www.canadiantire.ca/product/living/pet-care/pet-accessories/1429447/petco-dino-tough-plush-9--380f08af-db30-4897-be7d-e6b13ae50190-jpgrendition.jpg?im=whresize&wid=200&hei=200,,1429447,142-9447-6,,Liquidation◊Exclusivité,50.25,"14,92","29,99"
58,"London South, ON","Biscuits Snickerdoodle Hershey's Kisses, 180 g","Biscuits Snickerdoodle Hershey's Kisses, 180 g",2.37,"2,37 $",6.99,"Était±  6,99 $prix était 6,99 $",2.37,"2,37 $",2.37,"2,37 $",true,https://www.canadiantire.ca/fr/pdp/biscuits-snickerdoodle-hershey-s-kisses-180-g-1519637p.html,https://www.canadiantire.ca/fr/pdp/biscuits-snickerdoodle-hershey-s-kisses-180-g-1519637p.html,https://media-www.canadiantire.ca/product/living/food-drink/seasonal-confectionery/1519637/hershey-s-snickerdoodle-cookie-kisses-180g-c7ecdf4b-1d5b-40f4-985b-d53fbd7423f2-jpgrendition.jpg?im=whresize&wid=200&hei=200,https://media-www.canadiantire.ca/product/living/food-drink/seasonal-confectionery/1519637/hershey-s-snickerdoodle-cookie-kisses-180g-c7ecdf4b-1d5b-40f4-985b-d53fbd7423f2-jpgrendition.jpg?im=whresize&wid=200&hei=200,,1519637,151-9637-2,,Liquidation◊,66.09,"2,37","6,99"
58,"London South, ON","Cosse femelle débranchable Gardner Bender C14-143F, calibre 16 à 14 AWG, paq. 6","Cosse femelle débranchable Gardner Bender C14-143F, calibre 16 à 14 AWG, paq. 6",0.93,"0,93 $",2.29,"Était±  2,29 $prix était 2,29 $",0.93,"0,93 $",0.93,"0,93 $",true,https://www.canadiantire.ca/fr/pdp/cosse-femelle-debranchable-gardner-bender-c14-143f-calibre-16-a-14-awg-paq-6-0520208p.html,https://www.canadiantire.ca/fr/pdp/cosse-femelle-debranchable-gardner-bender-c14-143f-calibre-16-a-14-awg-paq-6-0520208p.html,https://media-www.canadiantire.ca/product/fixing/electrical/rough-electrical/0520208/disconnect-terminals-female-blue-pkg-6-1579404e-f252-423e-b966-2e32061c6118-jpgrendition.jpg?im=whresize&wid=200&hei=200,https://media-www.canadiantire.ca/product/fixing/electrical/rough-electrical/0520208/disconnect-terminals-female-blue-pkg-6-1579404e-f252-423e-b966-2e32061c6118-jpgrendition.jpg?im=whresize&wid=200&hei=200,,0520208,052-0208-4,,Liquidation◊Mieux notés,59.39,"0,93","2,29"
58,"London South, ON","Ensemble de contenants alimentaires Vida de PADERNO, 2 tasses, 4 pièces","Ensemble de contenants alimentaires Vida de PADERNO, 2 tasses, 4 pièces",8.93,"8,93 $",18.99,"Était±  18,99 $prix était 18,99 $",8.93,"8,93 $",8.93,"8,93 $",true,https://www.canadiantire.ca/fr/pdp/ensemble-de-contenants-alimentaires-vida-de-paderno-2-tasses-4-pieces-1429698p.html,https://www.canadiantire.ca/fr/pdp/ensemble-de-contenants-alimentaires-vida-de-paderno-2-tasses-4-pieces-1429698p.html,https://media-www.canadiantire.ca/product/living/kitchen/bakeware-baking-prep/1429698/vida-3x2cup-glass-food-storage-set-cf638928-b726-41e3-b063-145b83d044aa-jpgrendition.jpg?im=whresize&wid=200&hei=200,https://media-www.canadiantire.ca/product/living/kitchen/bakeware-baking-prep/1429698/vida-3x2cup-glass-food-storage-set-cf638928-b726-41e3-b063-145b83d044aa-jpgrendition.jpg?im=whresize&wid=200&hei=200,,1429698,142-9698-8,,Liquidation◊Exclusivité,52.98,"8,93","18,99"
58,"London South, ON",Hameçon VMC,Hameçon VMC,3.43,"3,43 $",6.99,"6,99 $Était   et+ prix était à partir de 6,99 $",3.43,"3,43 $",3.43,"3,43 $",true,https://www.canadiantire.ca/fr/pdp/hamecon-vmc-0777212p.html,https://www.canadiantire.ca/fr/pdp/hamecon-vmc-0777212p.html,https://media-www.canadiantire.ca/product/playing/fishing/fishing-lures/0777212/vmc-octopus-hook-chartreuse-size-2-6-pack-8acf9e02-0129-40be-8faf-beed3b04c2f5-jpgrendition.jpg?im=whresize&wid=200&hei=200,https://media-www.canadiantire.ca/product/playing/fishing/fishing-lures/0777212/vmc-octopus-hook-chartreuse-size-2-6-pack-8acf9e02-0129-40be-8faf-beed3b04c2f5-jpgrendition.jpg?im=whresize&wid=200&hei=200,,0777212,077-7212,Vérifiez la disponibilité#077-7212X,Liquidation◊Mieux notés,50.93,"3,43","6,99"
58,"London South, ON","Flotteurs à ressort pour pêche blanche en eau dure HT, paq. 2","Flotteurs à ressort pour pêche blanche en eau dure HT, paq. 2",1.93,"1,93 $",5.49,"Était±  5,49 $prix était 5,49 $",1.93,"1,93 $",1.93,"1,93 $",true,https://www.canadiantire.ca/fr/pdp/flotteurs-a-ressort-pour-peche-blanche-en-eau-dure-ht-paq-2-0778520p.html,https://www.canadiantire.ca/fr/pdp/flotteurs-a-ressort-pour-peche-blanche-en-eau-dure-ht-paq-2-0778520p.html,https://media-www.canadiantire.ca/product/playing/fishing/ice-fishing/0778520/ht-hardwater-spring-bobbers-2-pack-c875082d-be5a-422a-86f0-43d012dd2183-jpgrendition.jpg?im=whresize&wid=200&hei=200,https://media-www.canadiantire.ca/product/playing/fishing/ice-fishing/0778520/ht-hardwater-spring-bobbers-2-pack-c875082d-be5a-422a-86f0-43d012dd2183-jpgrendition.jpg?im=whresize&wid=200&hei=200,,0778520,077-8520-2,,Liquidation◊,64.85,"1,93","5,49"
58,"London South, ON","Tapis à motifs géométriques lavable Rug-All, argile, 3 x 5 pi","Tapis à motifs géométriques lavable Rug-All, argile, 3 x 5 pi",34.93,"34,93 $",79.99,"Était±  79,99 $prix était 79,99 $",34.93,"34,93 $",34.93,"34,93 $",true,https://www.canadiantire.ca/fr/pdp/tapis-a-motifs-geometriques-lavable-rug-all-argile-3-x-5-pi-0680024p.html,https://www.canadiantire.ca/fr/pdp/tapis-a-motifs-geometriques-lavable-rug-all-argile-3-x-5-pi-0680024p.html,https://media-www.canadiantire.ca/product/living/home-decor/floor-window-decor/0680024/rugall-geometric-clay-3x5--1ce094c7-207a-4fd6-bd01-e39d5174de95-jpgrendition.jpg?im=whresize&wid=200&hei=200,https://media-www.canadiantire.ca/product/living/home-decor/floor-window-decor/0680024/rugall-geometric-clay-3x5--1ce094c7-207a-4fd6-bd01-e39d5174de95-jpgrendition.jpg?im=whresize&wid=200&hei=200,,0680024,068-0024-4,,Liquidation◊Mieux notés,56.33,"34,93","79,99"
58,"London South, ON","Tapis touffeté For Living Logan, intérieur, écru, 24 x 36 po","Tapis touffeté For Living Logan, intérieur, écru, 24 x 36 po",7.93,"7,93 $",19.99,"Était±  19,99 $prix était 19,99 $",7.93,"7,93 $",7.93,"7,93 $",true,https://www.canadiantire.ca/fr/pdp/tapis-touffete-for-living-logan-interieur-ecru-24-x-36-po-0682485p.html,https://www.canadiantire.ca/fr/pdp/tapis-touffete-for-living-logan-interieur-ecru-24-x-36-po-0682485p.html,https://media-www.canadiantire.ca/product/living/home-decor/floor-window-decor/0682485/mat-logan2-x3-asst-04c11029-de92-42d2-85bd-a911c49b12ba-jpgrendition.jpg?im=whresize&wid=200&hei=200,https://media-www.canadiantire.ca/product/living/home-decor/floor-window-decor/0682485/mat-logan2-x3-asst-04c11029-de92-42d2-85bd-a911c49b12ba-jpgrendition.jpg?im=whresize&wid=200&hei=200,,0682485,068-2485-4,,Liquidation◊Mieux notés,60.33,"7,93","19,99"
58,"London South, ON",Support de poteau porte-drapeau Erickson,Support de poteau porte-drapeau Erickson,24.93,"24,93 $",54.99,"Était±  54,99 $prix était 54,99 $",24.93,"24,93 $",24.93,"24,93 $",true,https://www.canadiantire.ca/fr/pdp/support-de-poteau-porte-drapeau-erickson-0340186p.html,https://www.canadiantire.ca/fr/pdp/support-de-poteau-porte-drapeau-erickson-0340186p.html,https://media-www.canadiantire.ca/product/automotive/light-auto-parts/truck-accessories/0340186/flag-post-holder-8f1f625c-9d90-4064-a271-621172a32ab2-jpgrendition.jpg?im=whresize&wid=200&hei=200,https://media-www.canadiantire.ca/product/automotive/light-auto-parts/truck-accessories/0340186/flag-post-holder-8f1f625c-9d90-4064-a271-621172a32ab2-jpgrendition.jpg?im=whresize&wid=200&hei=200,,0340186,034-0186-8,Il n’en reste que 1 #034-0186-8,Liquidation◊,54.66,"24,93","54,99"
58,"London South, ON","Boîte polyvalente The Home Edit par iDESIGN, très grand","Boîte polyvalente The Home Edit par iDESIGN, très grand",24.93,"24,93 $",49.99,"49,99 $Était   et+ prix était à partir de 49,99 $",24.93,"24,93 $",24.93,"24,93 $",true,https://www.canadiantire.ca/fr/pdp/boite-polyvalente-the-home-edit-par-idesign-tres-grand-1429617p.html,https://www.canadiantire.ca/fr/pdp/boite-polyvalente-the-home-edit-par-idesign-tres-grand-1429617p.html,https://media-www.canadiantire.ca/product/living/home-organization/storage-containers/1429618/the-home-edit-by-idesign-xl-bin-onyx-7f318ffc-cf66-49a1-b3df-4436874d2e59-jpgrendition.jpg?im=whresize&wid=200&hei=200,https://media-www.canadiantire.ca/product/living/home-organization/storage-containers/1429618/the-home-edit-by-idesign-xl-bin-onyx-7f318ffc-cf66-49a1-b3df-4436874d2e59-jpgrendition.jpg?im=whresize&wid=200&hei=200,,1429617,142-9617,Vérifiez la disponibilité#142-9617X,Liquidation◊Exclusivité,50.13,"24,93","49,99"
58,"London South, ON","Projection de fantôme avec lumière à DEL Gemmy sur trépied, noir, 1 pi, décoration intérieure/extérieure pour l'Halloween","Projection de fantôme avec lumière à DEL Gemmy sur trépied, noir, 1 pi, décoration intérieure/extérieure pour l'Halloween",19.93,"19,93 $",39.99,"Était±  39,99 $prix était 39,99 $",19.93,"19,93 $",19.93,"19,93 $",true,https://www.canadiantire.ca/fr/pdp/projection-de-fantome-avec-lumiere-a-del-gemmy-sur-trepied-noir-1-pi-decoration-interieure-exterieure-pour-l-halloween-1519174p.html,https://www.canadiantire.ca/fr/pdp/projection-de-fantome-avec-lumiere-a-del-gemmy-sur-trepied-noir-1-pi-decoration-interieure-exterieure-pour-l-halloween-1519174p.html,https://media-www.canadiantire.ca/product/seasonal-gardening/seasonal/halloween-harvest/1519174/shutter-flasher-female-projection-f5fc20fd-7e55-4e0c-9ca6-1e7f38bfa5d9-jpgrendition.jpg?im=whresize&wid=200&hei=200,https://media-www.canadiantire.ca/product/seasonal-gardening/seasonal/halloween-harvest/1519174/shutter-flasher-female-projection-f5fc20fd-7e55-4e0c-9ca6-1e7f38bfa5d9-jpgrendition.jpg?im=whresize&wid=200&hei=200,,1519174,151-9174-2,,Liquidation◊,50.16,"19,93","39,99"
58,"London South, ON","Boîte à leurres rigide Plano, rose, 3 plateaux","Boîte à leurres rigide Plano, rose, 3 plateaux",16.93,"16,93 $",34.99,"Était±  34,99 $prix était 34,99 $",16.93,"16,93 $",16.93,"16,93 $",true,https://www.canadiantire.ca/fr/pdp/boite-a-leurres-rigide-plano-rose-3-plateaux-0782523p.html,https://www.canadiantire.ca/fr/pdp/boite-a-leurres-rigide-plano-rose-3-plateaux-0782523p.html,https://media-www.canadiantire.ca/product/playing/fishing/fishing-accessories/0782523/plano-pink-tackle-box-one-tray-744a461a-9b94-407a-a90a-eb5b3dabf5bf-jpgrendition.jpg?im=whresize&wid=200&hei=200,https://media-www.canadiantire.ca/product/playing/fishing/fishing-accessories/0782523/plano-pink-tackle-box-one-tray-744a461a-9b94-407a-a90a-eb5b3dabf5bf-jpgrendition.jpg?im=whresize&wid=200&hei=200,,0782523,078-2523-0,,Liquidation◊Mieux notés,51.61,"16,93","34,99"
58,"London South, ON","Bandelettes d’analyse pour piscine et spa Aqua Check TruTest, paq. 50","Bandelettes d’analyse pour piscine et spa Aqua Check TruTest, paq. 50",8.93,"8,93 $",17.99,"Était±  17,99 $prix était 17,99 $",8.93,"8,93 $",8.93,"8,93 $",true,https://www.canadiantire.ca/fr/pdp/bandelettes-d-analyse-pour-piscine-et-spa-aqua-check-trutest-paq-50-0813763p.html,https://www.canadiantire.ca/fr/pdp/bandelettes-d-analyse-pour-piscine-et-spa-aqua-check-trutest-paq-50-0813763p.html,https://media-www.canadiantire.ca/product/seasonal-gardening/backyard-fun/pool-maintenance/0813763/aquachek-trutest-pool-test-strips-b5ec90fe-d713-47de-a956-9e6f6313d1ff-jpgrendition.jpg?im=whresize&wid=200&hei=200,https://media-www.canadiantire.ca/product/seasonal-gardening/backyard-fun/pool-maintenance/0813763/aquachek-trutest-pool-test-strips-b5ec90fe-d713-47de-a956-9e6f6313d1ff-jpgrendition.jpg?im=whresize&wid=200&hei=200,,0813763,081-3763-2,,Liquidation◊Exclusivité,50.36,"8,93","17,99"
58,"London South, ON","Dosettes McCafé torréfaction foncée compatibles Nespresso, paq. 10","Dosettes McCafé torréfaction foncée compatibles Nespresso, paq. 10",2.93,"2,93 $",10.99,"Était±  10,99 $prix était 10,99 $",2.93,"2,93 $",2.93,"2,93 $",true,https://www.canadiantire.ca/fr/pdp/dosettes-mccafe-torrefaction-foncee-compatibles-nespresso-paq-10-1534440p.html,https://www.canadiantire.ca/fr/pdp/dosettes-mccafe-torrefaction-foncee-compatibles-nespresso-paq-10-1534440p.html,https://media-www.canadiantire.ca/product/living/food-drink/coffee-tea-hot-chocolate/1534440/mccafe-dark-roast-nespresso-compatible-capsules-10-count-31e00b5d-d951-486e-8fc6-d0a438e48404-jpgrendition.jpg?im=whresize&wid=200&hei=200,https://media-www.canadiantire.ca/product/living/food-drink/coffee-tea-hot-chocolate/1534440/mccafe-dark-roast-nespresso-compatible-capsules-10-count-31e00b5d-d951-486e-8fc6-d0a438e48404-jpgrendition.jpg?im=whresize&wid=200&hei=200,,1534440,153-4440-4,,Liquidation◊Mieux notés,73.34,"2,93","10,99"
58,"London South, ON","Garde-boues avant et arrière personnalisés Husky Liners 58176 pour camion Dodge Ram, 2009 à 2018, paquet de 4","Garde-boues avant et arrière personnalisés Husky Liners 58176 pour camion Dodge Ram, 2009 à 2018, paquet de 4",59.93,"59,93 $",134.99,"Était±  134,99 $prix était 134,99 $",59.93,"59,93 $",59.93,"59,93 $",true,https://www.canadiantire.ca/fr/pdp/garde-boues-avant-et-arriere-personnalises-husky-liners-58176-pour-camion-dodge-ram-2009-a-2018-paquet-de-4-0376237p.html,https://www.canadiantire.ca/fr/pdp/garde-boues-avant-et-arriere-personnalises-husky-liners-58176-pour-camion-dodge-ram-2009-a-2018-paquet-de-4-0376237p.html,https://media-www.canadiantire.ca/product/automotive/car-care-accessories/auto-accessories/0376237/husky-custom-fit-mud-flaps-dodge-ram-09-18-4pc-391e7949-326e-45e9-a4df-5934463bcad4-jpgrendition.jpg?im=whresize&wid=200&hei=200,https://media-www.canadiantire.ca/product/automotive/car-care-accessories/auto-accessories/0376237/husky-custom-fit-mud-flaps-dodge-ram-09-18-4pc-391e7949-326e-45e9-a4df-5934463bcad4-jpgrendition.jpg?im=whresize&wid=200&hei=200,,0376237,037-6237-6,Il n’en reste que 1 #037-6237-6,Liquidation◊,55.6,"59,93","134,99"
58,"London South, ON","Prise double à montage en surface Leviton 05238-741, 15 A, 125 V, mise à la terre, qualité résidentielle, blanc","Prise double à montage en surface Leviton 05238-741, 15 A, 125 V, mise à la terre, qualité résidentielle, blanc",4.93,"4,93 $",13.99,"Était±  13,99 $prix était 13,99 $",4.93,"4,93 $",4.93,"4,93 $",true,https://www.canadiantire.ca/fr/pdp/prise-double-a-montage-en-surface-leviton-05238-741-15-a-125-v-mise-a-la-terre-qualite-residentielle-blanc-0527246p.html,https://www.canadiantire.ca/fr/pdp/prise-double-a-montage-en-surface-leviton-05238-741-15-a-125-v-mise-a-la-terre-qualite-residentielle-blanc-0527246p.html,https://media-www.canadiantire.ca/product/fixing/electrical/rough-electrical/0527246/receptacle-surface-mount-white-0eda7611-f504-461f-98a3-3a1fcc88fcd7-jpgrendition.jpg?im=whresize&wid=200&hei=200,https://media-www.canadiantire.ca/product/fixing/electrical/rough-electrical/0527246/receptacle-surface-mount-white-0eda7611-f504-461f-98a3-3a1fcc88fcd7-jpgrendition.jpg?im=whresize&wid=200&hei=200,,0527246,052-7246-0,Il n’en reste que 4 #052-7246-0,Liquidation◊Mieux notés,64.76,"4,93","13,99"
58,"London South, ON",Manivelle de rechange pour cric de remorque Bulldog,Manivelle de rechange pour cric de remorque Bulldog,4.93,"4,93 $",25.99,"Était±  25,99 $prix était 25,99 $",4.93,"4,93 $",4.93,"4,93 $",true,https://www.canadiantire.ca/fr/pdp/manivelle-de-rechange-pour-cric-de-remorque-bulldog-0406911p.html,https://www.canadiantire.ca/fr/pdp/manivelle-de-rechange-pour-cric-de-remorque-bulldog-0406911p.html,https://media-www.canadiantire.ca/product/automotive/automotive-outdoor-adventure/auto-travel-storage/0406911/bulldog-trailer-jack-replacement-topwind-hand-crank-f8c1834b-9d12-44ba-8994-1e79bb0dba57-jpgrendition.jpg?im=whresize&wid=200&hei=200,https://media-www.canadiantire.ca/product/automotive/automotive-outdoor-adventure/auto-travel-storage/0406911/bulldog-trailer-jack-replacement-topwind-hand-crank-f8c1834b-9d12-44ba-8994-1e79bb0dba57-jpgrendition.jpg?im=whresize&wid=200&hei=200,,0406911,040-6911-0,Il n’en reste que 3 #040-6911-0,Liquidation◊,81.03,"4,93","25,99"
58,"London South, ON","Bouchon d’aération de rechange universel CAMCO 40034 pour plomberie, blanc polaire","Bouchon d’aération de rechange universel CAMCO 40034 pour plomberie, blanc polaire",2.93,"2,93 $",9.99,"Était±  9,99 $prix était 9,99 $",2.93,"2,93 $",2.93,"2,93 $",true,https://www.canadiantire.ca/fr/pdp/bouchon-d-aeration-de-rechange-universel-camco-40034-pour-plomberie-blanc-polaire-0408365p.html,https://www.canadiantire.ca/fr/pdp/bouchon-d-aeration-de-rechange-universel-camco-40034-pour-plomberie-blanc-polaire-0408365p.html,https://media-www.canadiantire.ca/product/automotive/automotive-outdoor-adventure/auto-travel-storage/0408365/vent-cap-2--aea5b8e3-e92a-43dc-9ecf-86cd2f3335a2-jpgrendition.jpg?im=whresize&wid=200&hei=200,https://media-www.canadiantire.ca/product/automotive/automotive-outdoor-adventure/auto-travel-storage/0408365/vent-cap-2--aea5b8e3-e92a-43dc-9ecf-86cd2f3335a2-jpgrendition.jpg?im=whresize&wid=200&hei=200,,0408365,040-8365-8,,Liquidation◊Mieux notés,70.67,"2,93","9,99"
58,"London South, ON",Écouteurs boutons vraiment sans fil Sony WF-C500,Écouteurs boutons vraiment sans fil Sony WF-C500,29.93,"29,93 $",129.99,"Était±  129,99 $prix était 129,99 $",29.93,"29,93 $",29.93,"29,93 $",true,https://www.canadiantire.ca/fr/pdp/ecouteurs-boutons-vraiment-sans-fil-sony-wf-c500-0358093p.html,https://www.canadiantire.ca/fr/pdp/ecouteurs-boutons-vraiment-sans-fil-sony-wf-c500-0358093p.html,https://media-www.canadiantire.ca/product/automotive/car-care-accessories/auto-electronics/0358093/sony-wf-c500-truly-wireless-earbuds-b3042ce8-8617-4f88-9c37-89e372631e16-jpgrendition.jpg?im=whresize&wid=200&hei=200,https://media-www.canadiantire.ca/product/automotive/car-care-accessories/auto-electronics/0358093/sony-wf-c500-truly-wireless-earbuds-b3042ce8-8617-4f88-9c37-89e372631e16-jpgrendition.jpg?im=whresize&wid=200&hei=200,,0358093,035-8093-8,,Liquidation◊Mieux notés,76.98,"29,93","129,99"
58,"London South, ON","Prise décorative double inviolable Legrand 885TRNICC12, 15 A, 125 V, nickel","Prise décorative double inviolable Legrand 885TRNICC12, 15 A, 125 V, nickel",1.93,"1,93 $",5.29,"Était±  5,29 $prix était 5,29 $",1.93,"1,93 $",1.93,"1,93 $",true,https://www.canadiantire.ca/fr/pdp/prise-decorative-double-inviolable-legrand-885trnicc12-15-a-125-v-nickel-0529165p.html,https://www.canadiantire.ca/fr/pdp/prise-decorative-double-inviolable-legrand-885trnicc12-15-a-125-v-nickel-0529165p.html,https://media-www.canadiantire.ca/product/fixing/electrical/rough-electrical/0529165/15a-decorator-outlet-nickel-836d8e8f-23dd-416a-b948-fca09886115f-jpgrendition.jpg?im=whresize&wid=200&hei=200,https://media-www.canadiantire.ca/product/fixing/electrical/rough-electrical/0529165/15a-decorator-outlet-nickel-836d8e8f-23dd-416a-b948-fca09886115f-jpgrendition.jpg?im=whresize&wid=200&hei=200,,0529165,052-9165-0,Il n’en reste que 5 #052-9165-0,Liquidation◊Mieux notés,63.52,"1,93","5,29"
58,"London South, ON","Cuissarde à semelles en néoprène Woods Big Man, camouflage","Cuissarde à semelles en néoprène Woods Big Man, camouflage",94.93,"94,93 $",259.99,"259,99 $Était   et+ prix était à partir de 259,99 $",94.93,"94,93 $",94.93,"94,93 $",true,https://www.canadiantire.ca/fr/pdp/cuissarde-a-semelles-en-neoprene-woods-big-man-camouflage-0778456p.html,https://www.canadiantire.ca/fr/pdp/cuissarde-a-semelles-en-neoprene-woods-big-man-camouflage-0778456p.html,https://media-www.canadiantire.ca/product/playing/fishing/fishing-accessories/0778456/woods-king-size-camoflage-neoprene-chest-wader-9-2adf6194-d0ed-400c-8c03-50225fcdd0e8-jpgrendition.jpg?im=whresize&wid=200&hei=200,https://media-www.canadiantire.ca/product/playing/fishing/fishing-accessories/0778456/woods-king-size-camoflage-neoprene-chest-wader-9-2adf6194-d0ed-400c-8c03-50225fcdd0e8-jpgrendition.jpg?im=whresize&wid=200&hei=200,,0778456,077-8456,Vérifiez la disponibilité#077-8456X,Liquidation◊Exclusivité,63.49,"94,93","259,99"
58,"London South, ON",Mélangeur à cocktails en acier inoxydable Houdini,Mélangeur à cocktails en acier inoxydable Houdini,4.93,"4,93 $",9.99,"Était±  9,99 $prix était 9,99 $",4.93,"4,93 $",4.93,"4,93 $",true,https://www.canadiantire.ca/fr/pdp/melangeur-a-cocktails-en-acier-inoxydable-houdini-2420078p.html,https://www.canadiantire.ca/fr/pdp/melangeur-a-cocktails-en-acier-inoxydable-houdini-2420078p.html,https://media-www.canadiantire.ca/product/living/kitchen/dining-and-entertaining/2420078/houdini-stirrer-cd4d06fa-9356-4bc8-a58e-8ff5bb6b53d1-jpgrendition.jpg?im=whresize&wid=200&hei=200,https://media-www.canadiantire.ca/product/living/kitchen/dining-and-entertaining/2420078/houdini-stirrer-cd4d06fa-9356-4bc8-a58e-8ff5bb6b53d1-jpgrendition.jpg?im=whresize&wid=200&hei=200,,2420078,242-0078-0,,Liquidation◊Mieux notés,50.65,"4,93","9,99"
58,"London South, ON",Patins de frein à disque Supercycle J6,Patins de frein à disque Supercycle J6,6.43,"6,43 $",15.99,"Était±  15,99 $prix était 15,99 $",6.43,"6,43 $",6.43,"6,43 $",true,https://www.canadiantire.ca/fr/pdp/patins-de-frein-a-disque-supercycle-j6-0737468p.html,https://www.canadiantire.ca/fr/pdp/patins-de-frein-a-disque-supercycle-j6-0737468p.html,https://media-www.canadiantire.ca/product/playing/cycling/bicycle-accessories/0737468/supercycle-j6-disc-brake-pads-fad95ff6-cc1a-4652-92c5-875a9f408fd1-jpgrendition.jpg?im=whresize&wid=200&hei=200,https://media-www.canadiantire.ca/product/playing/cycling/bicycle-accessories/0737468/supercycle-j6-disc-brake-pads-fad95ff6-cc1a-4652-92c5-875a9f408fd1-jpgrendition.jpg?im=whresize&wid=200&hei=200,,0737468,073-7468-2,,Liquidation◊Exclusivité,59.79,"6,43","15,99"
58,"London South, ON","Plaque murale pour interrupteur à bascule en nylon Leviton PJ262-748 Decora, taille intermédiaire, 2 dispositifs, gris","Plaque murale pour interrupteur à bascule en nylon Leviton PJ262-748 Decora, taille intermédiaire, 2 dispositifs, gris",1.43,"1,43 $",3.99,"Était±  3,99 $prix était 3,99 $",1.43,"1,43 $",1.43,"1,43 $",true,https://www.canadiantire.ca/fr/pdp/plaque-murale-pour-interrupteur-a-bascule-en-nylon-leviton-pj262-748-decora-taille-intermediaire-2-dispositifs-gris-0523444p.html,https://www.canadiantire.ca/fr/pdp/plaque-murale-pour-interrupteur-a-bascule-en-nylon-leviton-pj262-748-decora-taille-intermediaire-2-dispositifs-gris-0523444p.html,https://media-www.canadiantire.ca/product/fixing/electrical/rough-electrical/0523444/decora-wallplate-2-gang-grey-midway-size-64cdd973-2450-4a32-885e-78474587a602-jpgrendition.jpg?im=whresize&wid=200&hei=200,https://media-www.canadiantire.ca/product/fixing/electrical/rough-electrical/0523444/decora-wallplate-2-gang-grey-midway-size-64cdd973-2450-4a32-885e-78474587a602-jpgrendition.jpg?im=whresize&wid=200&hei=200,,0523444,052-3444-2,9 En Stock#052-3444-2,Liquidation◊,64.16,"1,43","3,99"
58,"London South, ON","Bracelet Battle Royal Storm the Party! Bracelets en caoutchouc, bleus, taille unique, paq. 4, cadeaux-surprises à porter pour les anniversaires","Bracelet Battle Royal Storm the Party! Bracelets en caoutchouc, bleus, taille unique, paq. 4, cadeaux-surprises à porter pour les anniversaires",0.93,"0,93 $",5.99,"Était±  5,99 $prix était 5,99 $",0.93,"0,93 $",0.93,"0,93 $",true,https://www.canadiantire.ca/fr/pdp/bracelet-battle-royal-storm-the-party-bracelets-en-caoutchouc-bleus-taille-unique-paq-4-cadeaux-surprises-a-porter-pour-les-anniversaires-8437380p.html,https://www.canadiantire.ca/fr/pdp/bracelet-battle-royal-storm-the-party-bracelets-en-caoutchouc-bleus-taille-unique-paq-4-cadeaux-surprises-a-porter-pour-les-anniversaires-8437380p.html,https://media-www.partycity.ca/product/seasonal-gardening/party-city-everyday/party-city-party-supplies-decor/8437380/battle-royal-wristbands-4ct-64b32fde-79d8-49cb-ac81-4f27940308a1-jpgrendition.jpg?im=whresize&wid=200&hei=200,https://media-www.partycity.ca/product/seasonal-gardening/party-city-everyday/party-city-party-supplies-decor/8437380/battle-royal-wristbands-4ct-64b32fde-79d8-49cb-ac81-4f27940308a1-jpgrendition.jpg?im=whresize&wid=200&hei=200,,8437380,843-7380-6,,Liquidation◊,84.47,"0,93","5,99"
58,"London South, ON",Barre d'attelage à abaissement Reese Towpower carbone 2x4 po,Barre d'attelage à abaissement Reese Towpower carbone 2x4 po,24.93,"24,93 $",52.99,"Était±  52,99 $prix était 52,99 $",24.93,"24,93 $",24.93,"24,93 $",true,https://www.canadiantire.ca/fr/pdp/barre-d-attelage-a-abaissement-reese-towpower-carbone-2x4-po-0403017p.html,https://www.canadiantire.ca/fr/pdp/barre-d-attelage-a-abaissement-reese-towpower-carbone-2x4-po-0403017p.html,https://media-www.canadiantire.ca/product/automotive/automotive-outdoor-adventure/auto-travel-storage/0403017/reese-carbon-forged-ball-mount-2-x-4-black-7effc9f1-0861-49ae-bc57-41992d831762-jpgrendition.jpg?im=whresize&wid=200&hei=200,https://media-www.canadiantire.ca/product/automotive/automotive-outdoor-adventure/auto-travel-storage/0403017/reese-carbon-forged-ball-mount-2-x-4-black-7effc9f1-0861-49ae-bc57-41992d831762-jpgrendition.jpg?im=whresize&wid=200&hei=200,,0403017,040-3017-8,Il n’en reste que 3 #040-3017-8,Liquidation◊Mieux notés,52.95,"24,93","52,99"
58,"London South, ON","Camion téléguidé Rockzilla de série Pro avec chargeur USB, 8 ans et plus","Camion téléguidé Rockzilla de série Pro avec chargeur USB, 8 ans et plus",49.93,"49,93 $",99.99,"Était±  99,99 $prix était 99,99 $",49.93,"49,93 $",49.93,"49,93 $",true,https://www.canadiantire.ca/fr/pdp/camion-teleguide-rockzilla-de-serie-pro-avec-chargeur-usb-8-ans-et-plus-0500562p.html,https://www.canadiantire.ca/fr/pdp/camion-teleguide-rockzilla-de-serie-pro-avec-chargeur-usb-8-ans-et-plus-0500562p.html,https://media-www.canadiantire.ca/product/seasonal-gardening/toys/toys-games/0500562/r-c-rock-crawler-pro-series-4ws-d3e36703-c756-49f0-9c2c-49c133fa2647-jpgrendition.jpg?im=whresize&wid=200&hei=200,https://media-www.canadiantire.ca/product/seasonal-gardening/toys/toys-games/0500562/r-c-rock-crawler-pro-series-4ws-d3e36703-c756-49f0-9c2c-49c133fa2647-jpgrendition.jpg?im=whresize&wid=200&hei=200,,0500562,050-0562-2,,Liquidation◊,50.07,"49,93","99,99"
58,"London South, ON","Écharpe cache-cou protection d'hiver pour l'extérieur imperméable pare-vent Kombie HalfClava, noir","Écharpe cache-cou protection d'hiver pour l'extérieur imperméable pare-vent Kombie HalfClava, noir",9.93,"9,93 $",21.99,"21,99 $Était   et+ prix était à partir de 21,99 $",9.93,"9,93 $",9.93,"9,93 $",true,https://www.canadiantire.ca/fr/pdp/echarpe-cache-cou-protection-d-hiver-pour-l-exterieur-impermeable-pare-vent-kombie-halfclava-noir-1873008p.html,https://www.canadiantire.ca/fr/pdp/echarpe-cache-cou-protection-d-hiver-pour-l-exterieur-impermeable-pare-vent-kombie-halfclava-noir-1873008p.html,https://media-www.canadiantire.ca/product/playing/footwear-apparel/winter-footwear-apparel/1873008/kombi-face-mask-black-s-m-80cb2ed3-409f-40e0-b849-b46aa20e639b-jpgrendition.jpg?im=whresize&wid=200&hei=200,https://media-www.canadiantire.ca/product/playing/footwear-apparel/winter-footwear-apparel/1873008/kombi-face-mask-black-s-m-80cb2ed3-409f-40e0-b849-b46aa20e639b-jpgrendition.jpg?im=whresize&wid=200&hei=200,,1873008,187-3008,Vérifiez la disponibilité#187-3008X,Liquidation◊Exclusivité,54.84,"9,93","21,99"
58,"London South, ON","Crampons à glace Eagle Claw, noir, très grand","Crampons à glace Eagle Claw, noir, très grand",8.93,"8,93 $",17.99,"Était±  17,99 $prix était 17,99 $",8.93,"8,93 $",8.93,"8,93 $",true,https://www.canadiantire.ca/fr/pdp/crampons-a-glace-eagle-claw-noir-tres-grand-0774538p.html,https://www.canadiantire.ca/fr/pdp/crampons-a-glace-eagle-claw-noir-tres-grand-0774538p.html,https://media-www.canadiantire.ca/product/playing/fishing/ice-fishing/0774537/eagle-claw-ice-cleats-large-2998e334-7fdd-440c-8b1f-2af6ebfd515c-jpgrendition.jpg?im=whresize&wid=200&hei=200,https://media-www.canadiantire.ca/product/playing/fishing/ice-fishing/0774537/eagle-claw-ice-cleats-large-2998e334-7fdd-440c-8b1f-2af6ebfd515c-jpgrendition.jpg?im=whresize&wid=200&hei=200,,0774538,077-4538-6,,Liquidation◊,50.36,"8,93","17,99"
58,"London South, ON",Raton laveur en peluche avec corde pour chiens Petco,Raton laveur en peluche avec corde pour chiens Petco,1.93,"1,93 $",3.99,"Était±  3,99 $prix était 3,99 $",1.93,"1,93 $",1.93,"1,93 $",true,https://www.canadiantire.ca/fr/pdp/raton-laveur-en-peluche-avec-corde-pour-chiens-petco-1427440p.html,https://www.canadiantire.ca/fr/pdp/raton-laveur-en-peluche-avec-corde-pour-chiens-petco-1427440p.html,https://media-www.canadiantire.ca/product/living/pet-care/pet-accessories/1427440/petco-2fr-plush-racoon-with-rope-dog-toy-d68ced16-41c7-4f16-8dae-4de499f5be9f.png?im=whresize&wid=200&hei=200,https://media-www.canadiantire.ca/product/living/pet-care/pet-accessories/1427440/petco-2fr-plush-racoon-with-rope-dog-toy-d68ced16-41c7-4f16-8dae-4de499f5be9f.png?im=whresize&wid=200&hei=200,,1427440,142-7440-2,,Liquidation◊Mieux notés,51.63,"1,93","3,99"
58,"London South, ON","Leurre pour pêche blanche Rapala Jigging Shad Rap, taille","Leurre pour pêche blanche Rapala Jigging Shad Rap, taille",4.93,"4,93 $",10.99,"10,99 $Était   et+ prix était à partir de 10,99 $",4.93,"4,93 $",4.93,"4,93 $",true,https://www.canadiantire.ca/fr/pdp/leurre-pour-peche-blanche-rapala-jigging-shad-rap-taille-0777123p.html,https://www.canadiantire.ca/fr/pdp/leurre-pour-peche-blanche-rapala-jigging-shad-rap-taille-0777123p.html,https://media-www.canadiantire.ca/product/playing/fishing/ice-fishing/0777125/rapala-jigging-shad-rap-perch-05-3e07e9c1-180f-40f6-83c1-c7186cc1a85c-jpgrendition.jpg?im=whresize&wid=200&hei=200,https://media-www.canadiantire.ca/product/playing/fishing/ice-fishing/0777125/rapala-jigging-shad-rap-perch-05-3e07e9c1-180f-40f6-83c1-c7186cc1a85c-jpgrendition.jpg?im=whresize&wid=200&hei=200,,0777123,077-7123,Vérifiez la disponibilité#077-7123X,Liquidation◊,55.14,"4,93","10,99"
58,"London South, ON",Adaptateur pour perceuse à pêche blanche,Adaptateur pour perceuse à pêche blanche,8.93,"8,93 $",19.99,"Était±  19,99 $prix était 19,99 $",8.93,"8,93 $",8.93,"8,93 $",true,https://www.canadiantire.ca/fr/pdp/adaptateur-pour-perceuse-a-peche-blanche-0788167p.html,https://www.canadiantire.ca/fr/pdp/adaptateur-pour-perceuse-a-peche-blanche-0788167p.html,https://media-www.canadiantire.ca/product/playing/fishing/ice-fishing/0788167/strikemaster-ice-drill-adaptor-980d1776-80c3-4075-b3be-8f714756eeff-jpgrendition.jpg?im=whresize&wid=200&hei=200,https://media-www.canadiantire.ca/product/playing/fishing/ice-fishing/0788167/strikemaster-ice-drill-adaptor-980d1776-80c3-4075-b3be-8f714756eeff-jpgrendition.jpg?im=whresize&wid=200&hei=200,,0788167,078-8167-2,,Liquidation◊,55.33,"8,93","19,99"
58,"London South, ON",Connecteur rond 6 pôles en métal côté véhicule Hopkins Towing Solution Endurance,Connecteur rond 6 pôles en métal côté véhicule Hopkins Towing Solution Endurance,4.93,"4,93 $",24.99,"Était±  24,99 $prix était 24,99 $",4.93,"4,93 $",4.93,"4,93 $",true,https://www.canadiantire.ca/fr/pdp/connecteur-rond-6-poles-en-metal-cote-vehicule-hopkins-towing-solution-endurance-0409680p.html,https://www.canadiantire.ca/fr/pdp/connecteur-rond-6-poles-en-metal-cote-vehicule-hopkins-towing-solution-endurance-0409680p.html,https://media-www.canadiantire.ca/product/automotive/automotive-outdoor-adventure/auto-travel-storage/0409680/endurance-6-pole-round-vehicle-end-metal--206f47b2-dbb0-4b2a-b2f9-d6d4022185c6-jpgrendition.jpg?im=whresize&wid=200&hei=200,https://media-www.canadiantire.ca/product/automotive/automotive-outdoor-adventure/auto-travel-storage/0409680/endurance-6-pole-round-vehicle-end-metal--206f47b2-dbb0-4b2a-b2f9-d6d4022185c6-jpgrendition.jpg?im=whresize&wid=200&hei=200,,0409680,040-9680-0,Il n’en reste que 2 #040-9680-0,Liquidation◊Mieux notés,80.27,"4,93","24,99"
58,"London South, ON","Crâne parlant de couleur os décoratif d'Halloween, 6,3 po","Crâne parlant de couleur os décoratif d'Halloween, 6,3 po",14.93,"14,93 $",29.99,"Était±  29,99 $prix était 29,99 $",14.93,"14,93 $",14.93,"14,93 $",true,https://www.canadiantire.ca/fr/pdp/crane-parlant-de-couleur-os-decoratif-d-halloween-6-3-po-1519584p.html,https://www.canadiantire.ca/fr/pdp/crane-parlant-de-couleur-os-decoratif-d-halloween-6-3-po-1519584p.html,https://media-www.canadiantire.ca/product/party-city/party-city-seasonal/halloween-harvest/1519584/6-3-bone-colour-talking-skull-434b7e56-7043-4450-90cb-fe7d081e9357-jpgrendition.jpg?im=whresize&wid=200&hei=200,https://media-www.canadiantire.ca/product/party-city/party-city-seasonal/halloween-harvest/1519584/6-3-bone-colour-talking-skull-434b7e56-7043-4450-90cb-fe7d081e9357-jpgrendition.jpg?im=whresize&wid=200&hei=200,,1519584,151-9584-6,,Liquidation◊Mieux notés,50.22,"14,93","29,99"
58,"London South, ON","Dandinette bouton Matzuo, 3/4 oz","Dandinette bouton Matzuo, 3/4 oz",3.93,"3,93 $",7.99,"7,99 $Était   et+ prix était à partir de 7,99 $",3.93,"3,93 $",3.93,"3,93 $",true,https://www.canadiantire.ca/fr/pdp/dandinette-bouton-matzuo-3-4-oz-1784500p.html,https://www.canadiantire.ca/fr/pdp/dandinette-bouton-matzuo-3-4-oz-1784500p.html,https://media-www.canadiantire.ca/product/playing/fishing/fishing-lures/1784501/matzuo-button-jig-glow-rainbow-3-4-oz-7f2124aa-cbc9-4c6f-b01b-0cc43cca0128-jpgrendition.jpg?im=whresize&wid=200&hei=200,https://media-www.canadiantire.ca/product/playing/fishing/fishing-lures/1784501/matzuo-button-jig-glow-rainbow-3-4-oz-7f2124aa-cbc9-4c6f-b01b-0cc43cca0128-jpgrendition.jpg?im=whresize&wid=200&hei=200,,1784500,178-4500,Vérifiez la disponibilité#178-4500X,Liquidation◊Exclusivité,50.81,"3,93","7,99"
58,"London South, ON","Désinfectant pour les mains en gel avec pompe One Step Live Clean, aloès, parfum naturel, formats variés","Désinfectant pour les mains en gel avec pompe One Step Live Clean, aloès, parfum naturel, formats variés",0.93,"0,93 $",2.29,"2,29 $Était   et+ prix était à partir de 2,29 $",0.93,"0,93 $",0.93,"0,93 $",true,https://www.canadiantire.ca/fr/pdp/desinfectant-pour-les-mains-en-gel-avec-pompe-one-step-live-clean-aloes-parfum-naturel-formats-varies-1531444p.html,https://www.canadiantire.ca/fr/pdp/desinfectant-pour-les-mains-en-gel-avec-pompe-one-step-live-clean-aloes-parfum-naturel-formats-varies-1531444p.html,https://media-www.canadiantire.ca/product/living/home-essentials/laundry-hand-dish-cleaning-solutions/1531447/one-step-hand-sanitizer-60ml-5c8cf803-68e1-4bad-b26a-6474c3df960e-jpgrendition.jpg?im=whresize&wid=200&hei=200,https://media-www.canadiantire.ca/product/living/home-essentials/laundry-hand-dish-cleaning-solutions/1531447/one-step-hand-sanitizer-60ml-5c8cf803-68e1-4bad-b26a-6474c3df960e-jpgrendition.jpg?im=whresize&wid=200&hei=200,,1531444,153-1444,Vérifiez la disponibilité#153-1444X,Liquidation◊Mieux notés,59.39,"0,93","2,29"
58,"London South, ON",Adaptateur Hymair pour peinture,Adaptateur Hymair pour peinture,7.93,"7,93 $",15.99,"Était±  15,99 $prix était 15,99 $",7.93,"7,93 $",7.93,"7,93 $",true,https://www.canadiantire.ca/fr/pdp/adaptateur-hymair-pour-peinture-0581960p.html,https://www.canadiantire.ca/fr/pdp/adaptateur-hymair-pour-peinture-0581960p.html,https://media-www.canadiantire.ca/product/fixing/tools/air-tools-accessories/0581960/hymiar-paint-adaptor-2ede0503-35a6-449b-b84a-87b52f7fc5cb-jpgrendition.jpg?im=whresize&wid=200&hei=200,https://media-www.canadiantire.ca/product/fixing/tools/air-tools-accessories/0581960/hymiar-paint-adaptor-2ede0503-35a6-449b-b84a-87b52f7fc5cb-jpgrendition.jpg?im=whresize&wid=200&hei=200,,0581960,058-1960-2,8 En Stock#058-1960-2,Liquidation◊,50.41,"7,93","15,99"
58,"London South, ON",Brosse à manchette en nylon pour doublure de caisse Sure Seal Dominion,Brosse à manchette en nylon pour doublure de caisse Sure Seal Dominion,9.93,"9,93 $",39.99,"Était±  39,99 $prix était 39,99 $",9.93,"9,93 $",9.93,"9,93 $",true,https://www.canadiantire.ca/fr/pdp/brosse-a-manchette-en-nylon-pour-doublure-de-caisse-sure-seal-dominion-0479976p.html,https://www.canadiantire.ca/fr/pdp/brosse-a-manchette-en-nylon-pour-doublure-de-caisse-sure-seal-dominion-0479976p.html,https://media-www.canadiantire.ca/product/automotive/car-care-accessories/auto-body-repair/0479976/bedliner-nylon-scuff-brush-fb1198af-02e4-4e78-9992-2116f42c874b-jpgrendition.jpg?im=whresize&wid=200&hei=200,https://media-www.canadiantire.ca/product/automotive/car-care-accessories/auto-body-repair/0479976/bedliner-nylon-scuff-brush-fb1198af-02e4-4e78-9992-2116f42c874b-jpgrendition.jpg?im=whresize&wid=200&hei=200,,0479976,047-9976-4,Il n’en reste que 2 #047-9976-4,Liquidation◊,75.17,"9,93","39,99"
58,"London South, ON",Sangle élastique réglable pour valise Maple Leaf,Sangle élastique réglable pour valise Maple Leaf,3.39,"3,39 $",9.99,"Était±  9,99 $prix était 9,99 $",3.39,"3,39 $",3.39,"3,39 $",true,https://www.canadiantire.ca/fr/pdp/sangle-elastique-reglable-pour-valise-maple-leaf-0762970p.html,https://www.canadiantire.ca/fr/pdp/sangle-elastique-reglable-pour-valise-maple-leaf-0762970p.html,https://media-www.canadiantire.ca/product/playing/camping/backpacks-luggage-accessories/0762970/maple-leaf-bungee-strap-0b1913e8-daec-44a5-aac0-3c96fe3d811b-jpgrendition.jpg?im=whresize&wid=200&hei=200,https://media-www.canadiantire.ca/product/playing/camping/backpacks-luggage-accessories/0762970/maple-leaf-bungee-strap-0b1913e8-daec-44a5-aac0-3c96fe3d811b-jpgrendition.jpg?im=whresize&wid=200&hei=200,,0762970,076-2970-8,,Liquidation◊Mieux notés,66.07,"3,39","9,99"
58,"London South, ON",Radiateur Mr. Heater Buddy FLEX 11 000 BTU,Radiateur Mr. Heater Buddy FLEX 11 000 BTU,89.93,"89,93 $",299.99,"Était±  299,99 $prix était 299,99 $",89.93,"89,93 $",89.93,"89,93 $",true,https://www.canadiantire.ca/fr/pdp/radiateur-mr-heater-buddy-flex-11-000-btu-0766270p.html,https://www.canadiantire.ca/fr/pdp/radiateur-mr-heater-buddy-flex-11-000-btu-0766270p.html,https://media-www.canadiantire.ca/product/playing/camping/camping-living/0766270/11k-btu-flex-heater-864e2972-0754-4702-a8e1-442d84e80cee-jpgrendition.jpg?im=whresize&wid=200&hei=200,https://media-www.canadiantire.ca/product/playing/camping/camping-living/0766270/11k-btu-flex-heater-864e2972-0754-4702-a8e1-442d84e80cee-jpgrendition.jpg?im=whresize&wid=200&hei=200,,0766270,076-6270-0,,Liquidation◊,70.02,"89,93","299,99"
58,"London South, ON","Leurre pour pêche blanche Rapala Jigging Rap, taille 3","Leurre pour pêche blanche Rapala Jigging Rap, taille 3",4.43,"4,43 $",9.79,"9,79 $Était   et+ prix était à partir de 9,79 $",4.43,"4,43 $",4.43,"4,43 $",true,https://www.canadiantire.ca/fr/pdp/leurre-pour-peche-blanche-rapala-jigging-rap-taille-3-0777890p.html,https://www.canadiantire.ca/fr/pdp/leurre-pour-peche-blanche-rapala-jigging-rap-taille-3-0777890p.html,https://media-www.canadiantire.ca/product/playing/fishing/ice-fishing/0777892/rapala-jigging-rap-live-goby-03-b5e03ae1-0d91-4ff3-ad74-03f020bea3ba-jpgrendition.jpg?im=whresize&wid=200&hei=200,https://media-www.canadiantire.ca/product/playing/fishing/ice-fishing/0777892/rapala-jigging-rap-live-goby-03-b5e03ae1-0d91-4ff3-ad74-03f020bea3ba-jpgrendition.jpg?im=whresize&wid=200&hei=200,,0777890,077-7890,Vérifiez la disponibilité#077-7890X,Liquidation◊Mieux notés,54.75,"4,43","9,79"
58,"London South, ON","Les voitures de course BMW M4 GT3 et BMW M Hybride V8 LEGO Speed Champions, 76922, paq. 676, 9 ans et plus","Les voitures de course BMW M4 GT3 et BMW M Hybride V8 LEGO Speed Champions, 76922, paq. 676, 9 ans et plus",5.93,"5,93 $",69.99,"Était±  69,99 $prix était 69,99 $",5.93,"5,93 $",5.93,"5,93 $",true,https://www.canadiantire.ca/fr/pdp/les-voitures-de-course-bmw-m4-gt3-et-bmw-m-hybride-v8-lego-speed-champions-76922-paq-676-9-ans-et-plus-1500855p.html,https://www.canadiantire.ca/fr/pdp/les-voitures-de-course-bmw-m4-gt3-et-bmw-m-hybride-v8-lego-speed-champions-76922-paq-676-9-ans-et-plus-1500855p.html,https://media-www.canadiantire.ca/product/seasonal-gardening/toys/preschool-toys-activities/1500855/lego-bmw-m4-gt3-and-bmw-m-hybrid-v8-race-cars-cd4436bb-d811-4b8e-9aa0-9e7397e55e7f-jpgrendition.jpg?im=whresize&wid=200&hei=200,https://media-www.canadiantire.ca/product/seasonal-gardening/toys/preschool-toys-activities/1500855/lego-bmw-m4-gt3-and-bmw-m-hybrid-v8-race-cars-cd4436bb-d811-4b8e-9aa0-9e7397e55e7f-jpgrendition.jpg?im=whresize&wid=200&hei=200,,1500855,150-0855-8,,Liquidation◊Mieux notés,91.53,"5,93","69,99"
58,"London South, ON","Trio de crânes illuminés gonflable Gemmy, décoration extérieure pour la cour, moyenne, blanc","Trio de crânes illuminés gonflable Gemmy, décoration extérieure pour la cour, moyenne, blanc",39.93,"39,93 $",79.99,"Était±  79,99 $prix était 79,99 $",39.93,"39,93 $",39.93,"39,93 $",true,https://www.canadiantire.ca/fr/pdp/trio-de-cranes-illumines-gonflable-gemmy-decoration-exterieure-pour-la-cour-moyenne-blanc-1511043p.html,https://www.canadiantire.ca/fr/pdp/trio-de-cranes-illumines-gonflable-gemmy-decoration-exterieure-pour-la-cour-moyenne-blanc-1511043p.html,https://media-www.canadiantire.ca/product/seasonal-gardening/seasonal/halloween-harvest/1511043/airblown-flashing-skull-trio-md-scene-white--eaf010a6-2cb6-449f-9420-c0c82fb91962-jpgrendition.jpg?im=whresize&wid=200&hei=200,https://media-www.canadiantire.ca/product/seasonal-gardening/seasonal/halloween-harvest/1511043/airblown-flashing-skull-trio-md-scene-white--eaf010a6-2cb6-449f-9420-c0c82fb91962-jpgrendition.jpg?im=whresize&wid=200&hei=200,,1511043,151-1043-2,,Liquidation◊,50.08,"39,93","79,99"
58,"London South, ON","Bouchées au chocolat Laura Secord, 210 g","Bouchées au chocolat Laura Secord, 210 g",3.39,"3,39 $",9.99,"Était±  9,99 $prix était 9,99 $",3.39,"3,39 $",3.39,"3,39 $",true,https://www.canadiantire.ca/fr/pdp/bouchees-au-chocolat-laura-secord-210-g-1519554p.html,https://www.canadiantire.ca/fr/pdp/bouchees-au-chocolat-laura-secord-210-g-1519554p.html,https://media-www.canadiantire.ca/product/living/food-drink/seasonal-confectionery/1519554/laura-secord-chocolate-bites-210g-a3bb2f43-c3fc-4067-9a4e-8c29a52be682-jpgrendition.jpg?im=whresize&wid=200&hei=200,https://media-www.canadiantire.ca/product/living/food-drink/seasonal-confectionery/1519554/laura-secord-chocolate-bites-210g-a3bb2f43-c3fc-4067-9a4e-8c29a52be682-jpgrendition.jpg?im=whresize&wid=200&hei=200,,1519554,151-9554-8,Il n’en reste que 2 #151-9554-8,Liquidation◊Mieux notés,66.07,"3,39","9,99"
58,"London South, ON","Bouquet de ballons en aluminium satiné étoile Happy New Year, noir/or, paq. 5, gonflement à l'hélium et ruban inclus, pour veille du jour de l'An","Bouquet de ballons en aluminium satiné étoile Happy New Year, noir/or, paq. 5, gonflement à l'hélium et ruban inclus, pour veille du jour de l'An",8.93,"8,93 $",33.99,"Était±  33,99 $prix était 33,99 $",8.93,"8,93 $",8.93,"8,93 $",true,https://www.canadiantire.ca/fr/pdp/bouquet-de-ballons-en-aluminium-satine-etoile-happy-new-year-noir-or-paq-5-gonflement-a-l-helium-et-ruban-inclus-pour-veille-du-jour-de-l-an-8548813p.html,https://www.canadiantire.ca/fr/pdp/bouquet-de-ballons-en-aluminium-satine-etoile-happy-new-year-noir-or-paq-5-gonflement-a-l-helium-et-ruban-inclus-pour-veille-du-jour-de-l-an-8548813p.html,https://media-www.canadiantire.ca/product/seasonal-gardening/party-city-everyday/party-city-balloons-accessories/8548813/midnight-hour-balloon-bouquet-03bf832b-1036-44d0-860c-980ef7824d13-jpgrendition.jpg?im=whresize&wid=200&hei=200,https://media-www.canadiantire.ca/product/seasonal-gardening/party-city-everyday/party-city-balloons-accessories/8548813/midnight-hour-balloon-bouquet-03bf832b-1036-44d0-860c-980ef7824d13-jpgrendition.jpg?im=whresize&wid=200&hei=200,,8548813,854-8813-6,Il n’en reste que 4 #854-8813-6,Liquidation◊Mieux notés,73.73,"8,93","33,99"
58,"London South, ON","Pochette étanche pour portefeuille Nite Ize RunOff, pour le voyage, le camping, la randonnée et les sports aquatiques","Pochette étanche pour portefeuille Nite Ize RunOff, pour le voyage, le camping, la randonnée et les sports aquatiques",6.93,"6,93 $",41.99,"Était±  41,99 $prix était 41,99 $",6.93,"6,93 $",6.93,"6,93 $",true,https://www.canadiantire.ca/fr/pdp/pochette-etanche-pour-portefeuille-nite-ize-runoff-pour-le-voyage-le-camping-la-randonnee-et-les-sports-aquatiques-0765973p.html,https://www.canadiantire.ca/fr/pdp/pochette-etanche-pour-portefeuille-nite-ize-runoff-pour-le-voyage-le-camping-la-randonnee-et-les-sports-aquatiques-0765973p.html,https://media-www.canadiantire.ca/product/playing/camping/camping-accessories/0765973/runoffa-waterproof-wallet--bde3147c-13e1-428c-a177-a6bf281c683b-jpgrendition.jpg?im=whresize&wid=200&hei=200,https://media-www.canadiantire.ca/product/playing/camping/camping-accessories/0765973/runoffa-waterproof-wallet--bde3147c-13e1-428c-a177-a6bf281c683b-jpgrendition.jpg?im=whresize&wid=200&hei=200,,0765973,076-5973-4,,Liquidation◊Mieux notés,83.5,"6,93","41,99"
58,"London South, ON","Tuque de style aviateur d'hiver à rabats isolés hydrofuge en fourrure Outbound, unisexe, gris","Tuque de style aviateur d'hiver à rabats isolés hydrofuge en fourrure Outbound, unisexe, gris",12.93,"12,93 $",29.99,"Était±  29,99 $prix était 29,99 $",12.93,"12,93 $",12.93,"12,93 $",true,https://www.canadiantire.ca/fr/pdp/tuque-de-style-aviateur-d-hiver-a-rabats-isoles-hydrofuge-en-fourrure-outbound-unisexe-gris-1870858p.html,https://www.canadiantire.ca/fr/pdp/tuque-de-style-aviateur-d-hiver-a-rabats-isoles-hydrofuge-en-fourrure-outbound-unisexe-gris-1870858p.html,https://media-www.canadiantire.ca/product/playing/footwear-apparel/winter-footwear-apparel/1870858/outbound-helmet-hat-unisex-grey-009a80ce-106c-4771-8944-23a5ff6e25b1-jpgrendition.jpg?im=whresize&wid=200&hei=200,https://media-www.canadiantire.ca/product/playing/footwear-apparel/winter-footwear-apparel/1870858/outbound-helmet-hat-unisex-grey-009a80ce-106c-4771-8944-23a5ff6e25b1-jpgrendition.jpg?im=whresize&wid=200&hei=200,,1870858,187-0858-6,,Liquidation◊Mieux notés,56.89,"12,93","29,99"
58,"London South, ON","Bouquet de ballons en aluminium satiné lama Battle Royal, bleu, paq. 5, gonflement à l'hélium et ruban inclus, pour fête d'anniversaire","Bouquet de ballons en aluminium satiné lama Battle Royal, bleu, paq. 5, gonflement à l'hélium et ruban inclus, pour fête d'anniversaire",3.93,"3,93 $",33.99,"Était±  33,99 $prix était 33,99 $",3.93,"3,93 $",3.93,"3,93 $",true,https://www.canadiantire.ca/fr/pdp/bouquet-de-ballons-en-aluminium-satine-lama-battle-royal-bleu-paq-5-gonflement-a-l-helium-et-ruban-inclus-pour-fete-d-anniversaire-8432883p.html,https://www.canadiantire.ca/fr/pdp/bouquet-de-ballons-en-aluminium-satine-lama-battle-royal-bleu-paq-5-gonflement-a-l-helium-et-ruban-inclus-pour-fete-d-anniversaire-8432883p.html,https://media-www.canadiantire.ca/product/seasonal-gardening/party-city-everyday/party-city-party-supplies-decor/8432883/battle-royal-balloon-bouquet-5pc-eadcd2d7-6445-4b79-98a2-d8022ecabd9a-jpgrendition.jpg?im=whresize&wid=200&hei=200,https://media-www.canadiantire.ca/product/seasonal-gardening/party-city-everyday/party-city-party-supplies-decor/8432883/battle-royal-balloon-bouquet-5pc-eadcd2d7-6445-4b79-98a2-d8022ecabd9a-jpgrendition.jpg?im=whresize&wid=200&hei=200,,8432883,843-2883-0,,Liquidation◊Hélium compris,88.44,"3,93","33,99"
58,"London South, ON","Cosses ouvertes Gardner Bender C14-116, calibre 12 à 10 AWG, calibre de goujon 8 à 10 po, paq. 5","Cosses ouvertes Gardner Bender C14-116, calibre 12 à 10 AWG, calibre de goujon 8 à 10 po, paq. 5",0.93,"0,93 $",2.29,"Était±  2,29 $prix était 2,29 $",0.93,"0,93 $",0.93,"0,93 $",true,https://www.canadiantire.ca/fr/pdp/cosses-ouvertes-gardner-bender-c14-116-calibre-12-a-10-awg-calibre-de-goujon-8-a-10-po-paq-5-0520205p.html,https://www.canadiantire.ca/fr/pdp/cosses-ouvertes-gardner-bender-c14-116-calibre-12-a-10-awg-calibre-de-goujon-8-a-10-po-paq-5-0520205p.html,https://media-www.canadiantire.ca/product/fixing/electrical/rough-electrical/0520205/spade-terminal-8-10-stud-yellow-pkg-5-61460cef-7ced-4805-aa38-d4e12bbf1544-jpgrendition.jpg?im=whresize&wid=200&hei=200,https://media-www.canadiantire.ca/product/fixing/electrical/rough-electrical/0520205/spade-terminal-8-10-stud-yellow-pkg-5-61460cef-7ced-4805-aa38-d4e12bbf1544-jpgrendition.jpg?im=whresize&wid=200&hei=200,,0520205,052-0205-0,Il n’en reste que 6 #052-0205-0,Liquidation◊Mieux notés,59.39,"0,93","2,29"
58,"London South, ON","Plaque murale pour prise de 1,406 po en nylon Leviton 00PJ7-741, taille intermédiaire, 1 dispositif, ivoire","Plaque murale pour prise de 1,406 po en nylon Leviton 00PJ7-741, taille intermédiaire, 1 dispositif, ivoire",1.43,"1,43 $",3.99,"Était±  3,99 $prix était 3,99 $",1.43,"1,43 $",1.43,"1,43 $",true,https://www.canadiantire.ca/fr/pdp/plaque-murale-pour-prise-de-1-406-po-en-nylon-leviton-00pj7-741-taille-intermediaire-1-dispositif-ivoire-0528429p.html,https://www.canadiantire.ca/fr/pdp/plaque-murale-pour-prise-de-1-406-po-en-nylon-leviton-00pj7-741-taille-intermediaire-1-dispositif-ivoire-0528429p.html,https://media-www.canadiantire.ca/product/fixing/electrical/rough-electrical/0528429/1-406-inch-hole-device-wallplate-1-gang-ivory-midway-893c9c70-f2a8-4317-952f-540f91c21754-jpgrendition.jpg?im=whresize&wid=200&hei=200,https://media-www.canadiantire.ca/product/fixing/electrical/rough-electrical/0528429/1-406-inch-hole-device-wallplate-1-gang-ivory-midway-893c9c70-f2a8-4317-952f-540f91c21754-jpgrendition.jpg?im=whresize&wid=200&hei=200,,0528429,052-8429-0,Il n’en reste que 1 #052-8429-0,Liquidation◊,64.16,"1,43","3,99"
58,"London South, ON","Leurres pour doré jaune RedWolf, grand, paq. 49","Leurres pour doré jaune RedWolf, grand, paq. 49",6.93,"6,93 $",15.99,"Était±  15,99 $prix était 15,99 $",6.93,"6,93 $",6.93,"6,93 $",true,https://www.canadiantire.ca/fr/pdp/leurres-pour-dore-jaune-redwolf-grand-paq-49-0777763p.html,https://www.canadiantire.ca/fr/pdp/leurres-pour-dore-jaune-redwolf-grand-paq-49-0777763p.html,https://media-www.canadiantire.ca/product/playing/fishing/fishing-lures/0777763/red-wolf-walleye-kit-49-piece-248df284-fbec-4039-97d7-e8394209babf-jpgrendition.jpg?im=whresize&wid=200&hei=200,https://media-www.canadiantire.ca/product/playing/fishing/fishing-lures/0777763/red-wolf-walleye-kit-49-piece-248df284-fbec-4039-97d7-e8394209babf-jpgrendition.jpg?im=whresize&wid=200&hei=200,,0777763,077-7763-0,,Liquidation◊Mieux notés,56.66,"6,93","15,99"
58,"London South, ON",Leurre pour pêche blanche Rapala Ultra Light Rippin' Rap Live,Leurre pour pêche blanche Rapala Ultra Light Rippin' Rap Live,4.93,"4,93 $",10.99,"10,99 $Était   et+ prix était à partir de 10,99 $",4.93,"4,93 $",4.93,"4,93 $",true,https://www.canadiantire.ca/fr/pdp/leurre-pour-peche-blanche-rapala-ultra-light-rippin-rap-live-0777977p.html,https://www.canadiantire.ca/fr/pdp/leurre-pour-peche-blanche-rapala-ultra-light-rippin-rap-live-0777977p.html,https://media-www.canadiantire.ca/product/playing/fishing/ice-fishing/0777977/rapala-ultra-light-rippin-rap-live-series-black-crappie-04-d79b8ed0-5459-4307-8d80-30c62e74b6f1-jpgrendition.jpg?im=whresize&wid=200&hei=200,https://media-www.canadiantire.ca/product/playing/fishing/ice-fishing/0777977/rapala-ultra-light-rippin-rap-live-series-black-crappie-04-d79b8ed0-5459-4307-8d80-30c62e74b6f1-jpgrendition.jpg?im=whresize&wid=200&hei=200,,0777977,077-7977,Vérifiez la disponibilité#077-7977X,Liquidation◊,55.14,"4,93","10,99"
58,"London South, ON","Cuiller de pêche blanche VMC Flash Champ, 1/8 oz","Cuiller de pêche blanche VMC Flash Champ, 1/8 oz",4.43,"4,43 $",8.99,"8,99 $Était   et+ prix était à partir de 8,99 $",4.43,"4,43 $",4.43,"4,43 $",true,https://www.canadiantire.ca/fr/pdp/cuiller-de-peche-blanche-vmc-flash-champ-1-8-oz-0778547p.html,https://www.canadiantire.ca/fr/pdp/cuiller-de-peche-blanche-vmc-flash-champ-1-8-oz-0778547p.html,https://media-www.canadiantire.ca/product/playing/fishing/ice-fishing/0778547/vmc-flash-champ-spoon-glow-green-fire-uv-1-8oz-7af560c4-18a5-485f-b691-770c4f0b6ee1-jpgrendition.jpg?im=whresize&wid=200&hei=200,https://media-www.canadiantire.ca/product/playing/fishing/ice-fishing/0778547/vmc-flash-champ-spoon-glow-green-fire-uv-1-8oz-7af560c4-18a5-485f-b691-770c4f0b6ee1-jpgrendition.jpg?im=whresize&wid=200&hei=200,,0778547,077-8547,Vérifiez la disponibilité#077-8547X,Liquidation◊Mieux notés,50.72,"4,43","8,99"
58,"London South, ON",Spatule à fentes Lagostina en acier inoxydable avec tête en nylon,Spatule à fentes Lagostina en acier inoxydable avec tête en nylon,7.93,"7,93 $",16.99,"Était±  16,99 $prix était 16,99 $",7.93,"7,93 $",7.93,"7,93 $",true,https://www.canadiantire.ca/fr/pdp/spatule-a-fentes-lagostina-en-acier-inoxydable-avec-tete-en-nylon-1421302p.html,https://www.canadiantire.ca/fr/pdp/spatule-a-fentes-lagostina-en-acier-inoxydable-avec-tete-en-nylon-1421302p.html,https://media-www.canadiantire.ca/product/living/kitchen/kitchen-tools-thermometers/1421302/lagostina-slotted-turner-with-nylon-head-f1effa7b-6f3b-4880-9ba0-c7b5ef5e7a7e-jpgrendition.jpg?im=whresize&wid=200&hei=200,https://media-www.canadiantire.ca/product/living/kitchen/kitchen-tools-thermometers/1421302/lagostina-slotted-turner-with-nylon-head-f1effa7b-6f3b-4880-9ba0-c7b5ef5e7a7e-jpgrendition.jpg?im=whresize&wid=200&hei=200,,1421302,142-1302-8,Il n’en reste que 1 #142-1302-8,Liquidation◊Mieux notés,53.33,"7,93","16,99"
58,"London South, ON","Passoire en plastique T-Fal, 1,94 L","Passoire en plastique T-Fal, 1,94 L",4.93,"4,93 $",11.99,"Était±  11,99 $prix était 11,99 $",4.93,"4,93 $",4.93,"4,93 $",true,https://www.canadiantire.ca/fr/pdp/passoire-en-plastique-t-fal-1-94-l-1421334p.html,https://www.canadiantire.ca/fr/pdp/passoire-en-plastique-t-fal-1-94-l-1421334p.html,https://media-www.canadiantire.ca/product/living/kitchen/kitchen-tools-thermometers/1421334/t-fal-3-quart-plastic-colander-b606b82d-1873-4ff2-abcc-e7e7c03a5165-jpgrendition.jpg?im=whresize&wid=200&hei=200,https://media-www.canadiantire.ca/product/living/kitchen/kitchen-tools-thermometers/1421334/t-fal-3-quart-plastic-colander-b606b82d-1873-4ff2-abcc-e7e7c03a5165-jpgrendition.jpg?im=whresize&wid=200&hei=200,,1421334,142-1334-2,,Liquidation◊Mieux notés,58.88,"4,93","11,99"
58,"London South, ON","Tapis de yoga en caoutchouc Gaiam, turquoise, 4 mm","Tapis de yoga en caoutchouc Gaiam, turquoise, 4 mm",29.93,"29,93 $",79.99,"Était±  79,99 $prix était 79,99 $",29.93,"29,93 $",29.93,"29,93 $",true,https://www.canadiantire.ca/fr/pdp/tapis-de-yoga-en-caoutchouc-gaiam-turquoise-4-mm-1841609p.html,https://www.canadiantire.ca/fr/pdp/tapis-de-yoga-en-caoutchouc-gaiam-turquoise-4-mm-1841609p.html,https://media-www.canadiantire.ca/product/playing/exercise/exercise-accessories/1841609/gaiam-4mm-power-grip-rubber-yoga-mat-2f7b1bae-0ea8-40cc-a491-518690d8f784-jpgrendition.jpg?im=whresize&wid=200&hei=200,https://media-www.canadiantire.ca/product/playing/exercise/exercise-accessories/1841609/gaiam-4mm-power-grip-rubber-yoga-mat-2f7b1bae-0ea8-40cc-a491-518690d8f784-jpgrendition.jpg?im=whresize&wid=200&hei=200,,1841609,184-1609-0,Il n’en reste que 1 #184-1609-0,Liquidation◊,62.58,"29,93","79,99"
