store_id,city,name,title,price,price_raw,regular_price,regular_price_raw,liquidation_price,liquidation_price_raw,sale_price,sale_price_raw,liquidation,url,link,image,image_url,product_id,sku,sku_formatted,availability,badges,discount_percent,price_sale_clean,price_original_clean
127,"Uxbridge, ON","Échelle de piscine en A en acier Bestway Flowclear avec rampe, 42 po","Échelle de piscine en A en acier Bestway Flowclear avec rampe, 42 po",29.93,"29,93 $",99.99,"Était±  99,99 $prix était 99,99 $",29.93,"29,93 $",29.93,"29,93 $",true,https://www.canadiantire.ca/fr/pdp/echelle-de-piscine-en-a-en-acier-bestway-flowclear-avec-rampe-42-po-0813926p.html,https://www.canadiantire.ca/fr/pdp/echelle-de-piscine-en-a-en-acier-bestway-flowclear-avec-rampe-42-po-0813926p.html,https://media-www.canadiantire.ca/product/seasonal-gardening/backyard-fun/pool-maintenance/0813926/42-pool-ladder-1e5af39a-d711-4efc-88d9-7f79508fac9d-jpgrendition.jpg?im=whresize&wid=200&hei=200,https://media-www.canadiantire.ca/product/seasonal-gardening/backyard-fun/pool-maintenance/0813926/42-pool-ladder-1e5af39a-d711-4efc-88d9-7f79508fac9d-jpgrendition.jpg?im=whresize&wid=200&hei=200,,0813926,081-3926-6,Il n’en reste que 5 #081-3926-6,Liquidation◊,70.07,"29,93","99,99"
127,"Uxbridge, ON",Garde-robe à miroir rétractable Canvas,Garde-robe à miroir rétractable Canvas,199.93,"199,93 $",499.99,"Était±  499,99 $prix était 499,99 $",199.93,"199,93 $",199.93,"199,93 $",true,https://www.canadiantire.ca/fr/pdp/garde-robe-a-miroir-retractable-canvas-1680201p.html,https://www.canadiantire.ca/fr/pdp/garde-robe-a-miroir-retractable-canvas-1680201p.html,https://media-www.canadiantire.ca/product/living/home-decor/furniture/1680201/canvas-wardrobe-with-pullout-mirror-22f525bf-93c2-43fc-b5b1-e5ba5516f382-jpgrendition.jpg?im=whresize&wid=200&hei=200,https://media-www.canadiantire.ca/product/living/home-decor/furniture/1680201/canvas-wardrobe-with-pullout-mirror-22f525bf-93c2-43fc-b5b1-e5ba5516f382-jpgrendition.jpg?im=whresize&wid=200&hei=200,,1680201,168-0201-4,Il n’en reste que 1 #168-0201-4,Liquidation◊Exclusivité,60.01,"199,93","499,99"
127,"Uxbridge, ON","Garde-robe à 2 portes Sauder, blanc","Garde-robe à 2 portes Sauder, blanc",79.93,"79,93 $",199.99,"Était±  199,99 $prix était 199,99 $",79.93,"79,93 $",79.93,"79,93 $",true,https://www.canadiantire.ca/fr/pdp/garde-robe-a-2-portes-sauder-blanc-1680208p.html,https://www.canadiantire.ca/fr/pdp/garde-robe-a-2-portes-sauder-blanc-1680208p.html,https://media-www.canadiantire.ca/product/living/home-decor/furniture/1680208/sauder-2-door-wardrobe-white-46b84ecb-6c99-4d6b-a82c-a46023dd83a0-jpgrendition.jpg?im=whresize&wid=200&hei=200,https://media-www.canadiantire.ca/product/living/home-decor/furniture/1680208/sauder-2-door-wardrobe-white-46b84ecb-6c99-4d6b-a82c-a46023dd83a0-jpgrendition.jpg?im=whresize&wid=200&hei=200,,1680208,168-0208-0,Il n’en reste que 1 #168-0208-0,Liquidation◊,60.03,"79,93","199,99"
127,"Uxbridge, ON","Tasses à mesurer empilables en plastique MASTER Chef, paq. 10","Tasses à mesurer empilables en plastique MASTER Chef, paq. 10",8.93,"8,93 $",24.99,"Était±  24,99 $prix était 24,99 $",8.93,"8,93 $",8.93,"8,93 $",true,https://www.canadiantire.ca/fr/pdp/tasses-a-mesurer-empilables-en-plastique-master-chef-paq-10-1429676p.html,https://www.canadiantire.ca/fr/pdp/tasses-a-mesurer-empilables-en-plastique-master-chef-paq-10-1429676p.html,https://media-www.canadiantire.ca/product/living/kitchen/bakeware-baking-prep/1429676/master-chef-10pc-measuring-cup-set-73c761cb-c28c-42fe-a32e-f57a30c6b9a6-jpgrendition.jpg?im=whresize&wid=200&hei=200,https://media-www.canadiantire.ca/product/living/kitchen/bakeware-baking-prep/1429676/master-chef-10pc-measuring-cup-set-73c761cb-c28c-42fe-a32e-f57a30c6b9a6-jpgrendition.jpg?im=whresize&wid=200&hei=200,,1429676,142-9676-0,Il n’en reste que 3 #142-9676-0,Liquidation◊Mieux notés,64.27,"8,93","24,99"
127,"Uxbridge, ON","Cintres pivotants compacts en velours Type A avec barre à pantalon, couleurs variées, paq. 40","Cintres pivotants compacts en velours Type A avec barre à pantalon, couleurs variées, paq. 40",12.93,"12,93 $",32.99,"32,99 $Était   et+ prix était à partir de 32,99 $",12.93,"12,93 $",12.93,"12,93 $",true,https://www.canadiantire.ca/fr/pdp/cintres-pivotants-compacts-en-velours-type-a-avec-barre-a-pantalon-couleurs-variees-paq-40-0688307p.html,https://www.canadiantire.ca/fr/pdp/cintres-pivotants-compacts-en-velours-type-a-avec-barre-a-pantalon-couleurs-variees-paq-40-0688307p.html,https://media-www.canadiantire.ca/product/living/home-organization/closet-organization/0688308/type-a-velvet-suit-hanger-black-10pk-4afb3f73-0449-46d6-975c-369ae2760de2-jpgrendition.jpg?im=whresize&wid=200&hei=200,https://media-www.canadiantire.ca/product/living/home-organization/closet-organization/0688308/type-a-velvet-suit-hanger-black-10pk-4afb3f73-0449-46d6-975c-369ae2760de2-jpgrendition.jpg?im=whresize&wid=200&hei=200,,0688307,068-8307,Vérifiez la disponibilité#068-8307X,Liquidation◊Mieux notés,60.81,"12,93","32,99"
127,"Uxbridge, ON","Tasse de voyage à double paroi avec poignée Bubba Keg Classic, 20 oz, choix de couleurs","Tasse de voyage à double paroi avec poignée Bubba Keg Classic, 20 oz, choix de couleurs",9.93,"9,93 $",24.99,"24,99 $Était   et+ prix était à partir de 24,99 $",9.93,"9,93 $",9.93,"9,93 $",true,https://www.canadiantire.ca/fr/pdp/tasse-de-voyage-a-double-paroi-avec-poignee-bubba-keg-classic-20-oz-choix-de-couleurs-2425153p.html,https://www.canadiantire.ca/fr/pdp/tasse-de-voyage-a-double-paroi-avec-poignee-bubba-keg-classic-20-oz-choix-de-couleurs-2425153p.html,https://media-www.canadiantire.ca/product/living/kitchen/food-storage/2425154/bubba-20-oz-keg-mug-magenta-0effc0af-c6a5-482f-b1fb-0de772f237a0-jpgrendition.jpg?im=whresize&wid=200&hei=200,https://media-www.canadiantire.ca/product/living/kitchen/food-storage/2425154/bubba-20-oz-keg-mug-magenta-0effc0af-c6a5-482f-b1fb-0de772f237a0-jpgrendition.jpg?im=whresize&wid=200&hei=200,,2425153,242-5153,Vérifiez la disponibilité#242-5153X,Liquidation◊Mieux notés,60.26,"9,93","24,99"
127,"Uxbridge, ON",Aspirateur sans fil de déchets secs/humides tout-en-un et appareil de nettoyage de planchers durs Bissell CrossWave OmniFind Pet Pro,Aspirateur sans fil de déchets secs/humides tout-en-un et appareil de nettoyage de planchers durs Bissell CrossWave OmniFind Pet Pro,179.93,"179,93 $",379.99,"Était±  379,99 $prix était 379,99 $",179.93,"179,93 $",179.93,"179,93 $",true,https://www.canadiantire.ca/fr/pdp/aspirateur-sans-fil-de-dechets-secs-humides-tout-en-un-et-appareil-de-nettoyage-de-planchers-durs-bissell-crosswave-omnifind-pet-pro-0437233p.html,https://www.canadiantire.ca/fr/pdp/aspirateur-sans-fil-de-dechets-secs-humides-tout-en-un-et-appareil-de-nettoyage-de-planchers-durs-bissell-crosswave-omnifind-pet-pro-0437233p.html,https://media-www.canadiantire.ca/product/living/cleaning/vacuums-and-floorcare/0437233/bissell-omnifind-petpro-hard-floor-wet-cleaner-a8a44b1c-d6db-472c-a2a7-50098c512b75-jpgrendition.jpg?im=whresize&wid=200&hei=200,https://media-www.canadiantire.ca/product/living/cleaning/vacuums-and-floorcare/0437233/bissell-omnifind-petpro-hard-floor-wet-cleaner-a8a44b1c-d6db-472c-a2a7-50098c512b75-jpgrendition.jpg?im=whresize&wid=200&hei=200,,0437233,043-7233-2,Il n’en reste que 2 #043-7233-2,Liquidation◊Exclusivité,52.65,"179,93","379,99"
127,"Uxbridge, ON",Nettoyant pour plancher dur humide Dyson WashG1,Nettoyant pour plancher dur humide Dyson WashG1,299.93,"299,93 $",899.99,"Était±  899,99 $prix était 899,99 $",299.93,"299,93 $",299.93,"299,93 $",true,https://www.canadiantire.ca/fr/pdp/nettoyant-pour-plancher-dur-humide-dyson-washg1-0437203p.html,https://www.canadiantire.ca/fr/pdp/nettoyant-pour-plancher-dur-humide-dyson-washg1-0437203p.html,https://media-www.canadiantire.ca/product/living/cleaning/vacuums-and-floorcare/0437203/dyson-washg1a-is-the-latest-wet-cleaning-technology--78d707ef-8aa9-4cfb-9da1-6723242c10bc-jpgrendition.jpg?im=whresize&wid=200&hei=200,https://media-www.canadiantire.ca/product/living/cleaning/vacuums-and-floorcare/0437203/dyson-washg1a-is-the-latest-wet-cleaning-technology--78d707ef-8aa9-4cfb-9da1-6723242c10bc-jpgrendition.jpg?im=whresize&wid=200&hei=200,,0437203,043-7203-4,,Liquidation◊,66.67,"299,93","899,99"
127,"Uxbridge, ON",Affûteur de couteaux et de ciseaux facile à utiliser en 3 étapes MASTER Chef,Affûteur de couteaux et de ciseaux facile à utiliser en 3 étapes MASTER Chef,4.93,"4,93 $",18.99,"Était±  18,99 $prix était 18,99 $",4.93,"4,93 $",4.93,"4,93 $",true,https://www.canadiantire.ca/fr/pdp/affuteur-de-couteaux-et-de-ciseaux-facile-a-utiliser-en-3-etapes-master-chef-2421029p.html,https://www.canadiantire.ca/fr/pdp/affuteur-de-couteaux-et-de-ciseaux-facile-a-utiliser-en-3-etapes-master-chef-2421029p.html,https://media-www.canadiantire.ca/product/living/kitchen/cutlery/2421029/master-chef-3stage-knife-sharpener-b9ab2767-c8c0-473e-a296-6cb70527856a-jpgrendition.jpg?im=whresize&wid=200&hei=200,https://media-www.canadiantire.ca/product/living/kitchen/cutlery/2421029/master-chef-3stage-knife-sharpener-b9ab2767-c8c0-473e-a296-6cb70527856a-jpgrendition.jpg?im=whresize&wid=200&hei=200,,2421029,242-1029-2,Il n’en reste que 3 #242-1029-2,Liquidation◊Exclusivité,74.04,"4,93","18,99"
127,"Uxbridge, ON","Support à pneus à tablette réglable MotoMaster, capacité de 300 lb","Support à pneus à tablette réglable MotoMaster, capacité de 300 lb",33.93,"33,93 $",74.99,"Était±  74,99 $prix était 74,99 $",33.93,"33,93 $",33.93,"33,93 $",true,https://www.canadiantire.ca/fr/pdp/support-a-pneus-a-tablette-reglable-motomaster-capacite-de-300-lb-0091537p.html,https://www.canadiantire.ca/fr/pdp/support-a-pneus-a-tablette-reglable-motomaster-capacite-de-300-lb-0091537p.html,https://media-www.canadiantire.ca/product/automotive/auto-maintenance/auto-shop-equipment-supplies/0091537/motomaster-adjustable-tire-storage-shelves-797f8bda-21ae-4374-ab65-dfc1341fe0c4-jpgrendition.jpg?im=whresize&wid=200&hei=200,https://media-www.canadiantire.ca/product/automotive/auto-maintenance/auto-shop-equipment-supplies/0091537/motomaster-adjustable-tire-storage-shelves-797f8bda-21ae-4374-ab65-dfc1341fe0c4-jpgrendition.jpg?im=whresize&wid=200&hei=200,,0091537,009-1537-0,Il n’en reste que 2 #009-1537-0,Liquidation◊Exclusivité,54.75,"33,93","74,99"
127,"Uxbridge, ON","Ensemble de détente For Living Avenue, 4 pièces","Ensemble de détente For Living Avenue, 4 pièces",349.93,"349,93 $",699.99,"Était±  699,99 $prix était 699,99 $",349.93,"349,93 $",349.93,"349,93 $",true,https://www.canadiantire.ca/fr/pdp/ensemble-de-detente-for-living-avenue-4-pieces-1881372p.html,https://www.canadiantire.ca/fr/pdp/ensemble-de-detente-for-living-avenue-4-pieces-1881372p.html,https://media-www.canadiantire.ca/product/seasonal-gardening/backyard-living/outdoor-furniture/1881372/for-living-avenue-4-pc-conversation-set-3f6194c7-af31-4b20-8c68-e15c8926954d-jpgrendition.jpg?im=whresize&wid=200&hei=200,https://media-www.canadiantire.ca/product/seasonal-gardening/backyard-living/outdoor-furniture/1881372/for-living-avenue-4-pc-conversation-set-3f6194c7-af31-4b20-8c68-e15c8926954d-jpgrendition.jpg?im=whresize&wid=200&hei=200,,1881372,188-1372-2,Il n’en reste que 1 #188-1372-2,Liquidation◊Exclusivité,50.01,"349,93","699,99"
127,"Uxbridge, ON","Table et train en bois Rocky Mountain, paq. 50","Table et train en bois Rocky Mountain, paq. 50",50.43,"50,43 $",149.99,"Était±  149,99 $prix était 149,99 $",50.43,"50,43 $",50.43,"50,43 $",true,https://www.canadiantire.ca/fr/pdp/table-et-train-en-bois-rocky-mountain-paq-50-1501272p.html,https://www.canadiantire.ca/fr/pdp/table-et-train-en-bois-rocky-mountain-paq-50-1501272p.html,https://media-www.canadiantire.ca/product/seasonal-gardening/toys/preschool-toys-activities/1501272/rocky-mountain-wooden-train-set-and-table-d9702a1d-eceb-406f-99bf-dc0cf5d5b2e9-jpgrendition.jpg?im=whresize&wid=200&hei=200,https://media-www.canadiantire.ca/product/seasonal-gardening/toys/preschool-toys-activities/1501272/rocky-mountain-wooden-train-set-and-table-d9702a1d-eceb-406f-99bf-dc0cf5d5b2e9-jpgrendition.jpg?im=whresize&wid=200&hei=200,,1501272,150-1272-8,,Liquidation◊,66.38,"50,43","149,99"
127,"Uxbridge, ON","Ciseaux à prise confortable pour enfants de Merangue, pointe arrondie, couleurs variées, 5 po, paq. 2","Ciseaux à prise confortable pour enfants de Merangue, pointe arrondie, couleurs variées, 5 po, paq. 2",1.93,"1,93 $",3.99,"Était±  3,99 $prix était 3,99 $",1.93,"1,93 $",1.93,"1,93 $",true,https://www.canadiantire.ca/fr/pdp/ciseaux-a-prise-confortable-pour-enfants-de-merangue-pointe-arrondie-couleurs-variees-5-po-paq-2-1420189p.html,https://www.canadiantire.ca/fr/pdp/ciseaux-a-prise-confortable-pour-enfants-de-merangue-pointe-arrondie-couleurs-variees-5-po-paq-2-1420189p.html,https://media-www.canadiantire.ca/product/seasonal-gardening/toys/home-office-supplies/1420189/5-inch-scissors-2-pack-202ee474-b695-4995-8070-a8b862e0e850-jpgrendition.jpg?im=whresize&wid=200&hei=200,https://media-www.canadiantire.ca/product/seasonal-gardening/toys/home-office-supplies/1420189/5-inch-scissors-2-pack-202ee474-b695-4995-8070-a8b862e0e850-jpgrendition.jpg?im=whresize&wid=200&hei=200,,1420189,142-0189-4,14 En Stock#142-0189-4,Liquidation◊Mieux notés,51.63,"1,93","3,99"
127,"Uxbridge, ON","Lampe à faisceau large à DEL Mastercraft, 1500 lumens, compatible PWR POD","Lampe à faisceau large à DEL Mastercraft, 1500 lumens, compatible PWR POD",31.93,"31,93 $",119.99,"Était±  119,99 $prix était 119,99 $",31.93,"31,93 $",31.93,"31,93 $",true,https://www.canadiantire.ca/fr/pdp/lampe-a-faisceau-large-a-del-mastercraft-1500-lumens-compatible-pwr-pod-0372969p.html,https://www.canadiantire.ca/fr/pdp/lampe-a-faisceau-large-a-del-mastercraft-1500-lumens-compatible-pwr-pod-0372969p.html,https://media-www.canadiantire.ca/product/automotive/car-care-accessories/auto-accessories/0372969/mastercraft-1500-lumens-spotlight-pwr-pod-compatible-363c7083-04a4-4a37-b863-da8214fd1958-jpgrendition.jpg?im=whresize&wid=200&hei=200,https://media-www.canadiantire.ca/product/automotive/car-care-accessories/auto-accessories/0372969/mastercraft-1500-lumens-spotlight-pwr-pod-compatible-363c7083-04a4-4a37-b863-da8214fd1958-jpgrendition.jpg?im=whresize&wid=200&hei=200,,0372969,037-2969-8,Il n’en reste que 1 #037-2969-8,Liquidation◊Mieux notés,73.39,"31,93","119,99"
127,"Uxbridge, ON","Décanteur et verres whisky en verre Trudeau, 5 pièces","Décanteur et verres whisky en verre Trudeau, 5 pièces",19.93,"19,93 $",39.99,"Était±  39,99 $prix était 39,99 $",19.93,"19,93 $",19.93,"19,93 $",true,https://www.canadiantire.ca/fr/pdp/decanteur-et-verres-whisky-en-verre-trudeau-5-pieces-1426174p.html,https://www.canadiantire.ca/fr/pdp/decanteur-et-verres-whisky-en-verre-trudeau-5-pieces-1426174p.html,https://media-www.canadiantire.ca/product/living/kitchen/dining-and-entertaining/1426174/trudeau-whiskey-set-5-pc-19b99451-15bf-4b77-b69f-9d77f38abab3-jpgrendition.jpg?im=whresize&wid=200&hei=200,https://media-www.canadiantire.ca/product/living/kitchen/dining-and-entertaining/1426174/trudeau-whiskey-set-5-pc-19b99451-15bf-4b77-b69f-9d77f38abab3-jpgrendition.jpg?im=whresize&wid=200&hei=200,,1426174,142-6174-2,Il n’en reste que 7 #142-6174-2,Liquidation◊,50.16,"19,93","39,99"
127,"Uxbridge, ON","Lit de voyage pour chiens Woods Dogwood, polyester, intérieur, bleu, taille unique","Lit de voyage pour chiens Woods Dogwood, polyester, intérieur, bleu, taille unique",22.43,"22,43 $",49.99,"Était±  49,99 $prix était 49,99 $",22.43,"22,43 $",22.43,"22,43 $",true,https://www.canadiantire.ca/fr/pdp/lit-de-voyage-pour-chiens-woods-dogwood-polyester-interieur-bleu-taille-unique-0766423p.html,https://www.canadiantire.ca/fr/pdp/lit-de-voyage-pour-chiens-woods-dogwood-polyester-interieur-bleu-taille-unique-0766423p.html,https://media-www.canadiantire.ca/product/playing/camping/camping-accessories/0766423/woods-dogwood-dog-bed-204aeb41-a4de-4e9e-8087-c56e21eb53f1-jpgrendition.jpg?im=whresize&wid=200&hei=200,https://media-www.canadiantire.ca/product/playing/camping/camping-accessories/0766423/woods-dogwood-dog-bed-204aeb41-a4de-4e9e-8087-c56e21eb53f1-jpgrendition.jpg?im=whresize&wid=200&hei=200,,0766423,076-6423-8,Il n’en reste que 1 #076-6423-8,Liquidation◊Exclusivité,55.13,"22,43","49,99"
127,"Uxbridge, ON","Meuble de rangement d'angle ouvert à tablette et 9 cubes For Living, blanc","Meuble de rangement d'angle ouvert à tablette et 9 cubes For Living, blanc",79.93,"79,93 $",159.99,"Était±  159,99 $prix était 159,99 $",79.93,"79,93 $",79.93,"79,93 $",true,https://www.canadiantire.ca/fr/pdp/meuble-de-rangement-d-angle-ouvert-a-tablette-et-9-cubes-for-living-blanc-1680221p.html,https://www.canadiantire.ca/fr/pdp/meuble-de-rangement-d-angle-ouvert-a-tablette-et-9-cubes-for-living-blanc-1680221p.html,https://media-www.canadiantire.ca/product/living/home-decor/furniture/1680221/for-living-corner-9-cube-organizer-7b7dc5f9-de00-4529-ab60-96254faa2854-jpgrendition.jpg?im=whresize&wid=200&hei=200,https://media-www.canadiantire.ca/product/living/home-decor/furniture/1680221/for-living-corner-9-cube-organizer-7b7dc5f9-de00-4529-ab60-96254faa2854-jpgrendition.jpg?im=whresize&wid=200&hei=200,,1680221,168-0221-6,Il n’en reste que 1 #168-0221-6,Liquidation◊Exclusivité,50.04,"79,93","159,99"
127,"Uxbridge, ON","Système d'attelage pour chien de camping Woods BALSAM-FUR avec corde réfléchissante, sac de rangement et mousqueton, 26,2 pi","Système d'attelage pour chien de camping Woods BALSAM-FUR avec corde réfléchissante, sac de rangement et mousqueton, 26,2 pi",22.43,"22,43 $",59.99,"Était±  59,99 $prix était 59,99 $",22.43,"22,43 $",22.43,"22,43 $",true,https://www.canadiantire.ca/fr/pdp/systeme-d-attelage-pour-chien-de-camping-woods-balsam-fur-avec-corde-reflechissante-sac-de-rangement-et-mousqueton-26-2-pi-0766428p.html,https://www.canadiantire.ca/fr/pdp/systeme-d-attelage-pour-chien-de-camping-woods-balsam-fur-avec-corde-reflechissante-sac-de-rangement-et-mousqueton-26-2-pi-0766428p.html,https://media-www.canadiantire.ca/product/playing/camping/camping-accessories/0766428/woods-balsam-fir-leash-hitch-system-7ceb8dca-bd85-4168-9006-4a582dc9b9c8-jpgrendition.jpg?im=whresize&wid=200&hei=200,https://media-www.canadiantire.ca/product/playing/camping/camping-accessories/0766428/woods-balsam-fir-leash-hitch-system-7ceb8dca-bd85-4168-9006-4a582dc9b9c8-jpgrendition.jpg?im=whresize&wid=200&hei=200,,0766428,076-6428-8,Il n’en reste que 1 #076-6428-8,Liquidation◊Exclusivité,62.61,"22,43","59,99"
127,"Uxbridge, ON","Vélo hybride Stratus Endure, noir, 700C","Vélo hybride Stratus Endure, noir, 700C",299.93,"299,93 $",599.99,"599,99 $Était   et+ prix était à partir de 599,99 $",299.93,"299,93 $",299.93,"299,93 $",true,https://www.canadiantire.ca/fr/pdp/velo-hybride-stratus-endure-noir-700c-0712059p.html,https://www.canadiantire.ca/fr/pdp/velo-hybride-stratus-endure-noir-700c-0712059p.html,https://media-www.canadiantire.ca/product/playing/cycling/bicycles/0712059/stratus-700c-black-blue-endure-00057a26-d166-44ba-9ed8-86f7f39c7d87-jpgrendition.jpg?im=whresize&wid=200&hei=200,https://media-www.canadiantire.ca/product/playing/cycling/bicycles/0712059/stratus-700c-black-blue-endure-00057a26-d166-44ba-9ed8-86f7f39c7d87-jpgrendition.jpg?im=whresize&wid=200&hei=200,,0712059,071-2059,Vérifiez la disponibilité#071-2059X,Liquidation◊Exclusivité,50.01,"299,93","599,99"
127,"Uxbridge, ON","Bottes de travail imperméables en cuir à bouts en composite CSA Stanley pour hommes, 6 po de hauteur, noir","Bottes de travail imperméables en cuir à bouts en composite CSA Stanley pour hommes, 6 po de hauteur, noir",97.93,"97,93 $",209.99,"209,99 $Était   et+ prix était à partir de 209,99 $",97.93,"97,93 $",97.93,"97,93 $",true,https://www.canadiantire.ca/fr/pdp/bottes-de-travail-impermeables-en-cuir-a-bouts-en-composite-csa-stanley-pour-hommes-6-po-de-hauteur-noir-1873347p.html,https://www.canadiantire.ca/fr/pdp/bottes-de-travail-impermeables-en-cuir-a-bouts-en-composite-csa-stanley-pour-hommes-6-po-de-hauteur-noir-1873347p.html,https://media-www.canadiantire.ca/product/playing/footwear-apparel/work-footwear-apparel/1873347/stanley-csa-safety-boot-black-m7-7b483c2b-4d37-4a3c-9c8f-2924f50d9117-jpgrendition.jpg?im=whresize&wid=200&hei=200,https://media-www.canadiantire.ca/product/playing/footwear-apparel/work-footwear-apparel/1873347/stanley-csa-safety-boot-black-m7-7b483c2b-4d37-4a3c-9c8f-2924f50d9117-jpgrendition.jpg?im=whresize&wid=200&hei=200,,1873347,187-3347,Vérifiez la disponibilité#187-3347X,Liquidation◊Exclusivité,53.36,"97,93","209,99"
127,"Uxbridge, ON","Support pour micro-ondes CANVAS Lawson, blanc","Support pour micro-ondes CANVAS Lawson, blanc",119.93,"119,93 $",299.99,"Était±  299,99 $prix était 299,99 $",119.93,"119,93 $",119.93,"119,93 $",true,https://www.canadiantire.ca/fr/pdp/support-pour-micro-ondes-canvas-lawson-blanc-1680134p.html,https://www.canadiantire.ca/fr/pdp/support-pour-micro-ondes-canvas-lawson-blanc-1680134p.html,https://media-www.canadiantire.ca/product/living/home-decor/furniture/1680134/canvas-lawson-console-microwave-stand-f18630e3-002e-4b03-b693-7ffde9e3382d-jpgrendition.jpg?im=whresize&wid=200&hei=200,https://media-www.canadiantire.ca/product/living/home-decor/furniture/1680134/canvas-lawson-console-microwave-stand-f18630e3-002e-4b03-b693-7ffde9e3382d-jpgrendition.jpg?im=whresize&wid=200&hei=200,,1680134,168-0134-4,Il n’en reste que 1 #168-0134-4,Liquidation◊Exclusivité,60.02,"119,93","299,99"
127,"Uxbridge, ON","Ensemble de détente CANVAS Meridian, filet, 4 pièces","Ensemble de détente CANVAS Meridian, filet, 4 pièces",279.93,"279,93 $",799.99,"Était±  799,99 $prix était 799,99 $",279.93,"279,93 $",279.93,"279,93 $",true,https://www.canadiantire.ca/fr/pdp/ensemble-de-detente-canvas-meridian-filet-4-pieces-1881374p.html,https://www.canadiantire.ca/fr/pdp/ensemble-de-detente-canvas-meridian-filet-4-pieces-1881374p.html,https://media-www.canadiantire.ca/product/seasonal-gardening/backyard-living/outdoor-furniture/1881374/canvas-meridian-mesh-conversation-set-850cea28-97ab-4a8f-b6df-b3de52a806d5-jpgrendition.jpg?im=whresize&wid=200&hei=200,https://media-www.canadiantire.ca/product/seasonal-gardening/backyard-living/outdoor-furniture/1881374/canvas-meridian-mesh-conversation-set-850cea28-97ab-4a8f-b6df-b3de52a806d5-jpgrendition.jpg?im=whresize&wid=200&hei=200,,1881374,188-1374-8,Il n’en reste que 5 #188-1374-8,Liquidation◊Exclusivité,65.01,"279,93","799,99"
127,"Uxbridge, ON","Bureau d'écriture à 2 tiroirs Sauder County Line, fini chêne salé","Bureau d'écriture à 2 tiroirs Sauder County Line, fini chêne salé",139.93,"139,93 $",279.99,"Était±  279,99 $prix était 279,99 $",139.93,"139,93 $",139.93,"139,93 $",true,https://www.canadiantire.ca/fr/pdp/bureau-d-ecriture-a-2-tiroirs-sauder-county-line-fini-chene-sale-0687567p.html,https://www.canadiantire.ca/fr/pdp/bureau-d-ecriture-a-2-tiroirs-sauder-county-line-fini-chene-sale-0687567p.html,https://media-www.canadiantire.ca/product/living/home-decor/furniture/0687567/sauder-county-line-writing-desk-af7848e1-0bc1-49cf-8b41-1897f059410b-jpgrendition.jpg?im=whresize&wid=200&hei=200,https://media-www.canadiantire.ca/product/living/home-decor/furniture/0687567/sauder-county-line-writing-desk-af7848e1-0bc1-49cf-8b41-1897f059410b-jpgrendition.jpg?im=whresize&wid=200&hei=200,,0687567,068-7567-0,Il n’en reste que 2 #068-7567-0,Liquidation◊Articles à succès,50.02,"139,93","279,99"
127,"Uxbridge, ON","Bols pour chiens Woods pliants étanches PAW-THORN, camping et voyage, paq. 2, 2 L chacun","Bols pour chiens Woods pliants étanches PAW-THORN, camping et voyage, paq. 2, 2 L chacun",8.93,"8,93 $",19.99,"Était±  19,99 $prix était 19,99 $",8.93,"8,93 $",8.93,"8,93 $",true,https://www.canadiantire.ca/fr/pdp/bols-pour-chiens-woods-pliants-etanches-paw-thorn-camping-et-voyage-paq-2-2-l-chacun-0766426p.html,https://www.canadiantire.ca/fr/pdp/bols-pour-chiens-woods-pliants-etanches-paw-thorn-camping-et-voyage-paq-2-2-l-chacun-0766426p.html,https://media-www.canadiantire.ca/product/playing/camping/camping-accessories/0766426/woods-pawthorn-pet-bowls-10c337e6-6f18-495f-a5d6-0f0ef4d7ab3b-jpgrendition.jpg?im=whresize&wid=200&hei=200,https://media-www.canadiantire.ca/product/playing/camping/camping-accessories/0766426/woods-pawthorn-pet-bowls-10c337e6-6f18-495f-a5d6-0f0ef4d7ab3b-jpgrendition.jpg?im=whresize&wid=200&hei=200,,0766426,076-6426-2,Il n’en reste que 3 #076-6426-2,Liquidation◊Mieux notés,55.33,"8,93","19,99"
127,"Uxbridge, ON","Contenants en verre étanche pour aliments LockNLock Easy Match de Starfrit avec couvercle hermétique à pinces, paq. 12","Contenants en verre étanche pour aliments LockNLock Easy Match de Starfrit avec couvercle hermétique à pinces, paq. 12",24.93,"24,93 $",49.99,"Était±  49,99 $prix était 49,99 $",24.93,"24,93 $",24.93,"24,93 $",true,https://www.canadiantire.ca/fr/pdp/contenants-en-verre-etanche-pour-aliments-locknlock-easy-match-de-starfrit-avec-couvercle-hermetique-a-pinces-paq-12-2423481p.html,https://www.canadiantire.ca/fr/pdp/contenants-en-verre-etanche-pour-aliments-locknlock-easy-match-de-starfrit-avec-couvercle-hermetique-a-pinces-paq-12-2423481p.html,https://media-www.canadiantire.ca/product/living/kitchen/food-storage/2423481/12-pc-lock-n-lock-glass-easy-match-container-set-5f204714-5fee-4ebe-b96a-e36ac87d84a7-jpgrendition.jpg?im=whresize&wid=200&hei=200,https://media-www.canadiantire.ca/product/living/kitchen/food-storage/2423481/12-pc-lock-n-lock-glass-easy-match-container-set-5f204714-5fee-4ebe-b96a-e36ac87d84a7-jpgrendition.jpg?im=whresize&wid=200&hei=200,,2423481,242-3481-0,Il n’en reste que 1 #242-3481-0,Liquidation◊,50.13,"24,93","49,99"
127,"Uxbridge, ON","Flotteur gonflable pour piscine/eau Stella and Finn, paresseux","Flotteur gonflable pour piscine/eau Stella and Finn, paresseux",14.93,"14,93 $",39.99,"Était±  39,99 $prix était 39,99 $",14.93,"14,93 $",14.93,"14,93 $",true,https://www.canadiantire.ca/fr/pdp/flotteur-gonflable-pour-piscine-eau-stella-and-finn-paresseux-0810233p.html,https://www.canadiantire.ca/fr/pdp/flotteur-gonflable-pour-piscine-eau-stella-and-finn-paresseux-0810233p.html,https://media-www.canadiantire.ca/product/seasonal-gardening/backyard-fun/pools-spas/0810233/sloth-canopy-pool-b490c080-0bad-4f70-b0e7-7355c307cdc3-jpgrendition.jpg?im=whresize&wid=200&hei=200,https://media-www.canadiantire.ca/product/seasonal-gardening/backyard-fun/pools-spas/0810233/sloth-canopy-pool-b490c080-0bad-4f70-b0e7-7355c307cdc3-jpgrendition.jpg?im=whresize&wid=200&hei=200,,0810233,081-0233-2,Il n’en reste que 2 #081-0233-2,Liquidation◊Mieux notés,62.67,"14,93","39,99"
127,"Uxbridge, ON","Bibliothèque For Living, 5 tablettes, style Dakota, chêne","Bibliothèque For Living, 5 tablettes, style Dakota, chêne",99.93,"99,93 $",199.99,"Était±  199,99 $prix était 199,99 $",99.93,"99,93 $",99.93,"99,93 $",true,https://www.canadiantire.ca/fr/pdp/bibliotheque-for-living-5-tablettes-style-dakota-chene-1680199p.html,https://www.canadiantire.ca/fr/pdp/bibliotheque-for-living-5-tablettes-style-dakota-chene-1680199p.html,https://media-www.canadiantire.ca/product/living/home-decor/furniture/1680199/for-living-5-shelf-bookcase-dakota-oak-92e182af-be3c-47c4-927c-5831ce70de5d-jpgrendition.jpg?im=whresize&wid=200&hei=200,https://media-www.canadiantire.ca/product/living/home-decor/furniture/1680199/for-living-5-shelf-bookcase-dakota-oak-92e182af-be3c-47c4-927c-5831ce70de5d-jpgrendition.jpg?im=whresize&wid=200&hei=200,,1680199,168-0199-0,Il n’en reste que 1 #168-0199-0,Liquidation◊Mieux notés,50.03,"99,93","199,99"
127,"Uxbridge, ON",Sac d'aliments pour chiens à fermeture à enrouler Woods PAW-THORN,Sac d'aliments pour chiens à fermeture à enrouler Woods PAW-THORN,7.93,"7,93 $",23.99,"Était±  23,99 $prix était 23,99 $",7.93,"7,93 $",7.93,"7,93 $",true,https://www.canadiantire.ca/fr/pdp/sac-d-aliments-pour-chiens-a-fermeture-a-enrouler-woods-paw-thorn-0766427p.html,https://www.canadiantire.ca/fr/pdp/sac-d-aliments-pour-chiens-a-fermeture-a-enrouler-woods-paw-thorn-0766427p.html,https://media-www.canadiantire.ca/product/playing/camping/camping-furniture/0766409/woods-o-hara-camp-pad-eaf0561c-b507-479f-8a74-585ab3804103-jpgrendition.jpg?im=whresize&wid=200&hei=200,https://media-www.canadiantire.ca/product/playing/camping/camping-furniture/0766409/woods-o-hara-camp-pad-eaf0561c-b507-479f-8a74-585ab3804103-jpgrendition.jpg?im=whresize&wid=200&hei=200,,0766427,076-6427-0,Il n’en reste que 1 #076-6427-0,Liquidation◊Mieux notés,66.94,"7,93","23,99"
127,"Uxbridge, ON","Bureau d'écriture à 2 tiroirs avec pattes en bois CANVAS Copenhagen, blanc","Bureau d'écriture à 2 tiroirs avec pattes en bois CANVAS Copenhagen, blanc",124.93,"124,93 $",249.99,"Était±  249,99 $prix était 249,99 $",124.93,"124,93 $",124.93,"124,93 $",true,https://www.canadiantire.ca/fr/pdp/bureau-d-ecriture-a-2-tiroirs-avec-pattes-en-bois-canvas-copenhagen-blanc-1680001p.html,https://www.canadiantire.ca/fr/pdp/bureau-d-ecriture-a-2-tiroirs-avec-pattes-en-bois-canvas-copenhagen-blanc-1680001p.html,https://media-www.canadiantire.ca/product/living/home-decor/furniture/1680001/canvas-copenhagen-desk-white-65504d37-b163-413f-8c21-d7b38602a9a3-jpgrendition.jpg?im=whresize&wid=200&hei=200,https://media-www.canadiantire.ca/product/living/home-decor/furniture/1680001/canvas-copenhagen-desk-white-65504d37-b163-413f-8c21-d7b38602a9a3-jpgrendition.jpg?im=whresize&wid=200&hei=200,,1680001,168-0001-0,Il n’en reste que 2 #168-0001-0,Liquidation◊Exclusivité,50.03,"124,93","249,99"
127,"Uxbridge, ON","Tente de camping Coleman Slylodge pour 10 personnes avec pièce à moustiquaire convertible, double-toit et sac de transport","Tente de camping Coleman Slylodge pour 10 personnes avec pièce à moustiquaire convertible, double-toit et sac de transport",244.93,"244,93 $",489.99,"Était±  489,99 $prix était 489,99 $",244.93,"244,93 $",244.93,"244,93 $",true,https://www.canadiantire.ca/fr/pdp/tente-de-camping-coleman-slylodge-pour-10-personnes-avec-piece-a-moustiquaire-convertible-double-toit-et-sac-de-transport-0766127p.html,https://www.canadiantire.ca/fr/pdp/tente-de-camping-coleman-slylodge-pour-10-personnes-avec-piece-a-moustiquaire-convertible-double-toit-et-sac-de-transport-0766127p.html,https://media-www.canadiantire.ca/product/playing/camping/tents-shelters/0766127/coleman-10-person-cabin-tent-with-screen-room-508408d3-620b-447f-8946-288dc1cdbc12-jpgrendition.jpg?im=whresize&wid=200&hei=200,https://media-www.canadiantire.ca/product/playing/camping/tents-shelters/0766127/coleman-10-person-cabin-tent-with-screen-room-508408d3-620b-447f-8946-288dc1cdbc12-jpgrendition.jpg?im=whresize&wid=200&hei=200,,0766127,076-6127-4,Il n’en reste que 2 #076-6127-4,Liquidation◊,50.01,"244,93","489,99"
127,"Uxbridge, ON","Cache-maillot à FPS Outbound, femmes, bleu","Cache-maillot à FPS Outbound, femmes, bleu",12.93,"12,93 $",32.99,"32,99 $Était   et+ prix était à partir de 32,99 $",12.93,"12,93 $",12.93,"12,93 $",true,https://www.canadiantire.ca/fr/pdp/cache-maillot-a-fps-outbound-femmes-bleu-1873987p.html,https://www.canadiantire.ca/fr/pdp/cache-maillot-a-fps-outbound-femmes-bleu-1873987p.html,https://media-www.canadiantire.ca/product/playing/footwear-apparel/summer-footwear-apparel/1874005/outbound-upf-kids-rashguard-top-youth-size-7-67896ae5-4060-4016-b0d8-d49d7fc21597-jpgrendition.jpg?im=whresize&wid=200&hei=200,https://media-www.canadiantire.ca/product/playing/footwear-apparel/summer-footwear-apparel/1874005/outbound-upf-kids-rashguard-top-youth-size-7-67896ae5-4060-4016-b0d8-d49d7fc21597-jpgrendition.jpg?im=whresize&wid=200&hei=200,,1873987,187-3987,Vérifiez la disponibilité#187-3987X,Liquidation◊Mieux notés,60.81,"12,93","32,99"
127,"Uxbridge, ON","Tapis de couloir d'intérieur et d'extérieur CANVAS Elmken, 3 x 5 pi","Tapis de couloir d'intérieur et d'extérieur CANVAS Elmken, 3 x 5 pi",9.93,"9,93 $",29.99,"Était±  29,99 $prix était 29,99 $",9.93,"9,93 $",9.93,"9,93 $",true,https://www.canadiantire.ca/fr/pdp/tapis-de-couloir-d-interieur-et-d-exterieur-canvas-elmken-3-x-5-pi-0680046p.html,https://www.canadiantire.ca/fr/pdp/tapis-de-couloir-d-interieur-et-d-exterieur-canvas-elmken-3-x-5-pi-0680046p.html,https://media-www.canadiantire.ca/product/living/home-decor/floor-window-decor/0680046/baldi-3x5-outdoor-runner-rug-350670e1-7256-4998-93eb-5ec048a7e9e4-jpgrendition.jpg?im=whresize&wid=200&hei=200,https://media-www.canadiantire.ca/product/living/home-decor/floor-window-decor/0680046/baldi-3x5-outdoor-runner-rug-350670e1-7256-4998-93eb-5ec048a7e9e4-jpgrendition.jpg?im=whresize&wid=200&hei=200,,0680046,068-0046-2,Il n’en reste que 1 #068-0046-2,Liquidation◊Mieux notés,66.89,"9,93","29,99"
127,"Uxbridge, ON","Coussin décoratif réversible For Living collection estivale, nageurs, 16 x 16 po","Coussin décoratif réversible For Living collection estivale, nageurs, 16 x 16 po",9.93,"9,93 $",19.99,"Était±  19,99 $prix était 19,99 $",9.93,"9,93 $",9.93,"9,93 $",true,https://www.canadiantire.ca/fr/pdp/coussin-decoratif-reversible-for-living-collection-estivale-nageurs-16-x-16-po-1881331p.html,https://www.canadiantire.ca/fr/pdp/coussin-decoratif-reversible-for-living-collection-estivale-nageurs-16-x-16-po-1881331p.html,https://media-www.canadiantire.ca/product/seasonal-gardening/backyard-living/outdoor-living-accessories/1881331/for-living-summer-series-toss-cushions-swimmers-1855176e-1b0f-4840-819b-f34aecac6353-jpgrendition.jpg?im=whresize&wid=200&hei=200,https://media-www.canadiantire.ca/product/seasonal-gardening/backyard-living/outdoor-living-accessories/1881331/for-living-summer-series-toss-cushions-swimmers-1855176e-1b0f-4840-819b-f34aecac6353-jpgrendition.jpg?im=whresize&wid=200&hei=200,,1881331,188-1331-0,Il n’en reste que 1 #188-1331-0,Liquidation◊Exclusivité,50.33,"9,93","19,99"
127,"Uxbridge, ON","Statue de jardin en flamant turquoise For Living, résistant aux intempéries, plastique, bleu","Statue de jardin en flamant turquoise For Living, résistant aux intempéries, plastique, bleu",19.93,"19,93 $",54.99,"Était±  54,99 $prix était 54,99 $",19.93,"19,93 $",19.93,"19,93 $",true,https://www.canadiantire.ca/fr/pdp/statue-de-jardin-en-flamant-turquoise-for-living-resistant-aux-intemperies-plastique-bleu-1592466p.html,https://www.canadiantire.ca/fr/pdp/statue-de-jardin-en-flamant-turquoise-for-living-resistant-aux-intemperies-plastique-bleu-1592466p.html,https://media-www.canadiantire.ca/product/seasonal-gardening/backyard-living/outdoor-living-accessories/1592466/for-living-turquoise-flamingo-garden-statue-739e4b47-0835-4a4f-9d15-ea3efcb5fa8d-jpgrendition.jpg?im=whresize&wid=200&hei=200,https://media-www.canadiantire.ca/product/seasonal-gardening/backyard-living/outdoor-living-accessories/1592466/for-living-turquoise-flamingo-garden-statue-739e4b47-0835-4a4f-9d15-ea3efcb5fa8d-jpgrendition.jpg?im=whresize&wid=200&hei=200,,1592466,159-2466-4,Il n’en reste que 1 #159-2466-4,Liquidation◊Mieux notés,63.76,"19,93","54,99"
127,"Uxbridge, ON","Bureau d'ordinateur en coin en L Sauder North Avenue, fini chêne fumé","Bureau d'ordinateur en coin en L Sauder North Avenue, fini chêne fumé",134.93,"134,93 $",269.99,"Était±  269,99 $prix était 269,99 $",134.93,"134,93 $",134.93,"134,93 $",true,https://www.canadiantire.ca/fr/pdp/bureau-d-ordinateur-en-coin-en-l-sauder-north-avenue-fini-chene-fume-1680088p.html,https://www.canadiantire.ca/fr/pdp/bureau-d-ordinateur-en-coin-en-l-sauder-north-avenue-fini-chene-fume-1680088p.html,https://media-www.canadiantire.ca/product/living/home-decor/furniture/1680088/sauder-north-avenue-l-shaped-desk-9be9836f-4dba-4df2-9ef2-baf4b028174a-jpgrendition.jpg?im=whresize&wid=200&hei=200,https://media-www.canadiantire.ca/product/living/home-decor/furniture/1680088/sauder-north-avenue-l-shaped-desk-9be9836f-4dba-4df2-9ef2-baf4b028174a-jpgrendition.jpg?im=whresize&wid=200&hei=200,,1680088,168-0088-4,Il n’en reste que 2 #168-0088-4,Liquidation◊Mieux notés,50.02,"134,93","269,99"
127,"Uxbridge, ON","Ensemble à dîner CANVAS Trent, 5 pièces","Ensemble à dîner CANVAS Trent, 5 pièces",549.93,"549,93 $",1299.99,"Était±  1 299,99 $prix était 1 299,99 $",549.93,"549,93 $",549.93,"549,93 $",true,https://www.canadiantire.ca/fr/pdp/ensemble-a-diner-canvas-trent-5-pieces-1881392p.html,https://www.canadiantire.ca/fr/pdp/ensemble-a-diner-canvas-trent-5-pieces-1881392p.html,https://media-www.canadiantire.ca/product/seasonal-gardening/backyard-living/outdoor-furniture/1881392/canvas-trent-5-piece-dining-set-d43da3f4-a4da-4a5a-af72-5569b2bb5eee-jpgrendition.jpg?im=whresize&wid=200&hei=200,https://media-www.canadiantire.ca/product/seasonal-gardening/backyard-living/outdoor-furniture/1881392/canvas-trent-5-piece-dining-set-d43da3f4-a4da-4a5a-af72-5569b2bb5eee-jpgrendition.jpg?im=whresize&wid=200&hei=200,,1881392,188-1392-4,,Liquidation◊Mieux notés,57.7,"549,93","1299,99"
127,"Uxbridge, ON","Bateau gonflable Outbound, 2 personnes, 6 ans et plus","Bateau gonflable Outbound, 2 personnes, 6 ans et plus",24.93,"24,93 $",49.99,"Était±  49,99 $prix était 49,99 $",24.93,"24,93 $",24.93,"24,93 $",true,https://www.canadiantire.ca/fr/pdp/bateau-gonflable-outbound-2-personnes-6-ans-et-plus-0798313p.html,https://www.canadiantire.ca/fr/pdp/bateau-gonflable-outbound-2-personnes-6-ans-et-plus-0798313p.html,https://media-www.canadiantire.ca/product/playing/seasonal-recreation/marine-water-fun/0798313/2-person-inflatable-boat-set-7b11aa03-fddd-4477-ada1-c5f82db3059c-jpgrendition.jpg?im=whresize&wid=200&hei=200,https://media-www.canadiantire.ca/product/playing/seasonal-recreation/marine-water-fun/0798313/2-person-inflatable-boat-set-7b11aa03-fddd-4477-ada1-c5f82db3059c-jpgrendition.jpg?im=whresize&wid=200&hei=200,,0798313,079-8313-2,10 En Stock#079-8313-2,Liquidation◊Exclusivité,50.13,"24,93","49,99"
127,"Uxbridge, ON",Costume de bain short rayé Outbound à entrejambe de 7 po pour hommes,Costume de bain short rayé Outbound à entrejambe de 7 po pour hommes,7.93,"7,93 $",22.99,"22,99 $Était   et+ prix était à partir de 22,99 $",7.93,"7,93 $",7.93,"7,93 $",true,https://www.canadiantire.ca/fr/pdp/costume-de-bain-short-raye-outbound-a-entrejambe-de-7-po-pour-hommes-1873524p.html,https://www.canadiantire.ca/fr/pdp/costume-de-bain-short-raye-outbound-a-entrejambe-de-7-po-pour-hommes-1873524p.html,https://media-www.canadiantire.ca/product/playing/footwear-apparel/summer-footwear-apparel/1873524/outbound-men-s-7-swim-shorts-striped-m-5e401f67-55b4-4cdb-b1e8-25f912faa608-jpgrendition.jpg?im=whresize&wid=200&hei=200,https://media-www.canadiantire.ca/product/playing/footwear-apparel/summer-footwear-apparel/1873524/outbound-men-s-7-swim-shorts-striped-m-5e401f67-55b4-4cdb-b1e8-25f912faa608-jpgrendition.jpg?im=whresize&wid=200&hei=200,,1873524,187-3524,Vérifiez la disponibilité#187-3524X,Liquidation◊Mieux notés,65.51,"7,93","22,99"
127,"Uxbridge, ON","Banc pliant à dossier Outbound pour 4 personnes, gris","Banc pliant à dossier Outbound pour 4 personnes, gris",54.93,"54,93 $",109.99,"Était±  109,99 $prix était 109,99 $",54.93,"54,93 $",54.93,"54,93 $",true,https://www.canadiantire.ca/fr/pdp/banc-pliant-a-dossier-outbound-pour-4-personnes-gris-0766407p.html,https://www.canadiantire.ca/fr/pdp/banc-pliant-a-dossier-outbound-pour-4-personnes-gris-0766407p.html,https://media-www.canadiantire.ca/product/playing/camping/camping-furniture/0766407/outbound-4-person-quad-fold-bench-with-backrest-4756bfb5-0d11-4262-a4eb-7b34a2c6f5d0-jpgrendition.jpg?im=whresize&wid=200&hei=200,https://media-www.canadiantire.ca/product/playing/camping/camping-furniture/0766407/outbound-4-person-quad-fold-bench-with-backrest-4756bfb5-0d11-4262-a4eb-7b34a2c6f5d0-jpgrendition.jpg?im=whresize&wid=200&hei=200,,0766407,076-6407-8,Il n’en reste que 4 #076-6407-8,Liquidation◊Mieux notés,50.06,"54,93","109,99"
127,"Uxbridge, ON","Polisseuse orbitale sans fil à 1 vitesse au lithium-ion 20 V Max Mastercraft, avec tampons, 7 po, outil seulement, compatible avec batterie PWR POD","Polisseuse orbitale sans fil à 1 vitesse au lithium-ion 20 V Max Mastercraft, avec tampons, 7 po, outil seulement, compatible avec batterie PWR POD",49.93,"49,93 $",99.99,"Était±  99,99 $prix était 99,99 $",49.93,"49,93 $",49.93,"49,93 $",true,https://www.canadiantire.ca/fr/pdp/polisseuse-orbitale-sans-fil-a-1-vitesse-au-lithium-ion-20-v-max-mastercraft-avec-tampons-7-po-outil-seulement-compatible-avec-batterie-pwr-pod-0547285p.html,https://www.canadiantire.ca/fr/pdp/polisseuse-orbitale-sans-fil-a-1-vitesse-au-lithium-ion-20-v-max-mastercraft-avec-tampons-7-po-outil-seulement-compatible-avec-batterie-pwr-pod-0547285p.html,https://media-www.canadiantire.ca/product/fixing/tools/portable-power-tools/0547285/mastercraft-20v-li-ion-7-buffer-polisher-bare-tool-38d172fe-8874-4974-9581-d1146f87c51d-jpgrendition.jpg?im=whresize&wid=200&hei=200,https://media-www.canadiantire.ca/product/fixing/tools/portable-power-tools/0547285/mastercraft-20v-li-ion-7-buffer-polisher-bare-tool-38d172fe-8874-4974-9581-d1146f87c51d-jpgrendition.jpg?im=whresize&wid=200&hei=200,,0547285,054-7285-2,Il n’en reste que 3 #054-7285-2,Liquidation◊Exclusivité,50.07,"49,93","99,99"
127,"Uxbridge, ON",Outil de correspondance des couleurs Swipe par Premier,Outil de correspondance des couleurs Swipe par Premier,9.93,"9,93 $",59.99,"Était±  59,99 $prix était 59,99 $",9.93,"9,93 $",9.93,"9,93 $",true,https://www.canadiantire.ca/fr/pdp/outil-de-correspondance-des-couleurs-swipe-par-premier-0495853p.html,https://www.canadiantire.ca/fr/pdp/outil-de-correspondance-des-couleurs-swipe-par-premier-0495853p.html,https://media-www.canadiantire.ca/product/fixing/paint/paint-accessories/0495853/swipe-by-premier-colour-match-tool-aad8521c-81ac-49e2-8d18-d62133b49727-jpgrendition.jpg?im=whresize&wid=200&hei=200,https://media-www.canadiantire.ca/product/fixing/paint/paint-accessories/0495853/swipe-by-premier-colour-match-tool-aad8521c-81ac-49e2-8d18-d62133b49727-jpgrendition.jpg?im=whresize&wid=200&hei=200,,0495853,049-5853-6,,Liquidation◊Exclusivité,83.45,"9,93","59,99"
127,"Uxbridge, ON","Applique de salle de bains à 3 lampes CANVAS Abbeyglen, laiton mat","Applique de salle de bains à 3 lampes CANVAS Abbeyglen, laiton mat",59.93,"59,93 $",149.99,"Était±  149,99 $prix était 149,99 $",59.93,"59,93 $",59.93,"59,93 $",true,https://www.canadiantire.ca/fr/pdp/applique-de-salle-de-bains-a-3-lampes-canvas-abbeyglen-laiton-mat-1522634p.html,https://www.canadiantire.ca/fr/pdp/applique-de-salle-de-bains-a-3-lampes-canvas-abbeyglen-laiton-mat-1522634p.html,https://media-www.canadiantire.ca/product/living/home-decor/lighting/1522634/canvas-abbeyglen-matte-brass-vanity-light-006b10bc-7092-4136-804a-ce9deb15f10e-jpgrendition.jpg?im=whresize&wid=200&hei=200,https://media-www.canadiantire.ca/product/living/home-decor/lighting/1522634/canvas-abbeyglen-matte-brass-vanity-light-006b10bc-7092-4136-804a-ce9deb15f10e-jpgrendition.jpg?im=whresize&wid=200&hei=200,,1522634,152-2634-8,Il n’en reste que 2 #152-2634-8,Liquidation◊Mieux notés,60.04,"59,93","149,99"
127,"Uxbridge, ON",Plomb pour ver,Plomb pour ver,1.23,"1,23 $",3.49,"3,49 $Était   et+ prix était à partir de 3,49 $",1.23,"1,23 $",1.23,"1,23 $",true,https://www.canadiantire.ca/fr/pdp/plomb-pour-ver-0784909p.html,https://www.canadiantire.ca/fr/pdp/plomb-pour-ver-0784909p.html,https://media-www.canadiantire.ca/product/playing/fishing/fishing-lures/0784909/danielson-sinker-worm-size-3-1-4-oz-fe6683f5-60ca-40ca-a054-84638f38a614-jpgrendition.jpg?im=whresize&wid=200&hei=200,https://media-www.canadiantire.ca/product/playing/fishing/fishing-lures/0784909/danielson-sinker-worm-size-3-1-4-oz-fe6683f5-60ca-40ca-a054-84638f38a614-jpgrendition.jpg?im=whresize&wid=200&hei=200,,0784909,078-4909,Vérifiez la disponibilité#078-4909X,Liquidation◊Exclusivité,64.76,"1,23","3,49"
127,"Uxbridge, ON","Chaussures de randonnée de sécurité à coupe basse Stanley CSA pour hommes, tailles variées","Chaussures de randonnée de sécurité à coupe basse Stanley CSA pour hommes, tailles variées",56.93,"56,93 $",119.99,"119,99 $Était   et+ prix était à partir de 119,99 $",56.93,"56,93 $",56.93,"56,93 $",true,https://www.canadiantire.ca/fr/pdp/chaussures-de-randonnee-de-securite-a-coupe-basse-stanley-csa-pour-hommes-tailles-variees-1871797p.html,https://www.canadiantire.ca/fr/pdp/chaussures-de-randonnee-de-securite-a-coupe-basse-stanley-csa-pour-hommes-tailles-variees-1871797p.html,https://media-www.canadiantire.ca/product/playing/footwear-apparel/work-footwear-apparel/1871797/stanley-men-s-low-cut-csa-hiker-size-7-bebdb36c-7d5f-4bb3-baa0-4ad3368adc08-jpgrendition.jpg?im=whresize&wid=200&hei=200,https://media-www.canadiantire.ca/product/playing/footwear-apparel/work-footwear-apparel/1871797/stanley-men-s-low-cut-csa-hiker-size-7-bebdb36c-7d5f-4bb3-baa0-4ad3368adc08-jpgrendition.jpg?im=whresize&wid=200&hei=200,,1871797,187-1797,Vérifiez la disponibilité#187-1797X,Liquidation◊Mieux notés,52.55,"56,93","119,99"
127,"Uxbridge, ON","Planche de surf 1 personne Airhead Charge pour junior/adulte, blanc/rouge, 4,9 pi","Planche de surf 1 personne Airhead Charge pour junior/adulte, blanc/rouge, 4,9 pi",121.43,"121,43 $",279.99,"Était±  279,99 $prix était 279,99 $",121.43,"121,43 $",121.43,"121,43 $",true,https://www.canadiantire.ca/fr/pdp/planche-de-surf-1-personne-airhead-charge-pour-junior-adulte-blanc-rouge-4-9-pi-0797183p.html,https://www.canadiantire.ca/fr/pdp/planche-de-surf-1-personne-airhead-charge-pour-junior-adulte-blanc-rouge-4-9-pi-0797183p.html,https://media-www.canadiantire.ca/product/playing/seasonal-recreation/marine-water-fun/0797183/airhead-wakesurf-board-4ac4f475-a78b-4d44-92ec-e0058b244434-jpgrendition.jpg?im=whresize&wid=200&hei=200,https://media-www.canadiantire.ca/product/playing/seasonal-recreation/marine-water-fun/0797183/airhead-wakesurf-board-4ac4f475-a78b-4d44-92ec-e0058b244434-jpgrendition.jpg?im=whresize&wid=200&hei=200,,0797183,079-7183-6,Il n’en reste que 4 #079-7183-6,Liquidation◊,56.63,"121,43","279,99"
127,"Uxbridge, ON","Bouée tractable gonflable pour 1 passager pompes à air Outbound, blanc/bleu","Bouée tractable gonflable pour 1 passager pompes à air Outbound, blanc/bleu",35.93,"35,93 $",99.99,"Était±  99,99 $prix était 99,99 $",35.93,"35,93 $",35.93,"35,93 $",true,https://www.canadiantire.ca/fr/pdp/bouee-tractable-gonflable-pour-1-passager-pompes-a-air-outbound-blanc-bleu-0797190p.html,https://www.canadiantire.ca/fr/pdp/bouee-tractable-gonflable-pour-1-passager-pompes-a-air-outbound-blanc-bleu-0797190p.html,https://media-www.canadiantire.ca/product/playing/seasonal-recreation/marine-water-fun/0797190/outbound-1-rider-towable-499da708-6b56-433c-ad5f-e75630ee0596-jpgrendition.jpg?im=whresize&wid=200&hei=200,https://media-www.canadiantire.ca/product/playing/seasonal-recreation/marine-water-fun/0797190/outbound-1-rider-towable-499da708-6b56-433c-ad5f-e75630ee0596-jpgrendition.jpg?im=whresize&wid=200&hei=200,,0797190,079-7190-8,Il n’en reste que 4 #079-7190-8,Liquidation◊Exclusivité,64.07,"35,93","99,99"
127,"Uxbridge, ON","Couvercles (non-scellant) à ouverture large Masontops Chalk Tops pour bocaux Mason, paq. 8","Couvercles (non-scellant) à ouverture large Masontops Chalk Tops pour bocaux Mason, paq. 8",4.93,"4,93 $",13.49,"Était±  13,49 $prix était 13,49 $",4.93,"4,93 $",4.93,"4,93 $",true,https://www.canadiantire.ca/fr/pdp/couvercles-non-scellant-a-ouverture-large-masontops-chalk-tops-pour-bocaux-mason-paq-8-1429509p.html,https://www.canadiantire.ca/fr/pdp/couvercles-non-scellant-a-ouverture-large-masontops-chalk-tops-pour-bocaux-mason-paq-8-1429509p.html,https://media-www.canadiantire.ca/product/living/kitchen/canning/1429509/masontops-chalktop-wide-mouth-0a4a58e7-2ead-4549-88bc-da8854c5b64f-jpgrendition.jpg?im=whresize&wid=200&hei=200,https://media-www.canadiantire.ca/product/living/kitchen/canning/1429509/masontops-chalktop-wide-mouth-0a4a58e7-2ead-4549-88bc-da8854c5b64f-jpgrendition.jpg?im=whresize&wid=200&hei=200,,1429509,142-9509-0,12 En Stock#142-9509-0,Liquidation◊,63.45,"4,93","13,49"
127,"Uxbridge, ON","Anneau d’écoulement d’eau pour pagaies de kayak, noir, paq. 2","Anneau d’écoulement d’eau pour pagaies de kayak, noir, paq. 2",2.93,"2,93 $",7.99,"Était±  7,99 $prix était 7,99 $",2.93,"2,93 $",2.93,"2,93 $",true,https://www.canadiantire.ca/fr/pdp/anneau-d-ecoulement-d-eau-pour-pagaies-de-kayak-noir-paq-2-0793339p.html,https://www.canadiantire.ca/fr/pdp/anneau-d-ecoulement-d-eau-pour-pagaies-de-kayak-noir-paq-2-0793339p.html,https://media-www.canadiantire.ca/product/playing/seasonal-recreation/marine-power-boating/0793339/sealectdesigns-1-1-16-kayak-paddle-drip-ring-056ec302-a07a-49d2-b198-86f387386f50-jpgrendition.jpg?im=whresize&wid=200&hei=200,https://media-www.canadiantire.ca/product/playing/seasonal-recreation/marine-power-boating/0793339/sealectdesigns-1-1-16-kayak-paddle-drip-ring-056ec302-a07a-49d2-b198-86f387386f50-jpgrendition.jpg?im=whresize&wid=200&hei=200,,0793339,079-3339-2,Il n’en reste que 2 #079-3339-2,Liquidation◊Exclusivité,63.33,"2,93","7,99"
127,"Uxbridge, ON","Service de couverts en acier inoxydable 2 tons au fini miroir PADERNO Eldon, paq, 20","Service de couverts en acier inoxydable 2 tons au fini miroir PADERNO Eldon, paq, 20",29.93,"29,93 $",79.99,"Était±  79,99 $prix était 79,99 $",29.93,"29,93 $",29.93,"29,93 $",true,https://www.canadiantire.ca/fr/pdp/service-de-couverts-en-acier-inoxydable-2-tons-au-fini-miroir-paderno-eldon-paq-20-1427767p.html,https://www.canadiantire.ca/fr/pdp/service-de-couverts-en-acier-inoxydable-2-tons-au-fini-miroir-paderno-eldon-paq-20-1427767p.html,https://media-www.canadiantire.ca/product/living/kitchen/dining-and-entertaining/1427767/paderno-20pc-ss-mirror-finish-black-flatware-set-2dc9f228-3561-4dfa-b567-ec7efe73c201-jpgrendition.jpg?im=whresize&wid=200&hei=200,https://media-www.canadiantire.ca/product/living/kitchen/dining-and-entertaining/1427767/paderno-20pc-ss-mirror-finish-black-flatware-set-2dc9f228-3561-4dfa-b567-ec7efe73c201-jpgrendition.jpg?im=whresize&wid=200&hei=200,,1427767,142-7767-6,Il n’en reste que 1 #142-7767-6,Liquidation◊Mieux notés,62.58,"29,93","79,99"
127,"Uxbridge, ON","Couvre-réceptacle de remorque REESE Towpower, 1 1/4 po","Couvre-réceptacle de remorque REESE Towpower, 1 1/4 po",4.93,"4,93 $",10.99,"Était±  10,99 $prix était 10,99 $",4.93,"4,93 $",4.93,"4,93 $",true,https://www.canadiantire.ca/fr/pdp/couvre-receptacle-de-remorque-reese-towpower-1-1-4-po-0406052p.html,https://www.canadiantire.ca/fr/pdp/couvre-receptacle-de-remorque-reese-towpower-1-1-4-po-0406052p.html,https://media-www.canadiantire.ca/product/automotive/automotive-outdoor-adventure/auto-travel-storage/0408608/reese-towpower-1-1-4-hitch-cover--afb2e1b5-dbdb-4f14-a91c-0c718e21b4f2-jpgrendition.jpg?im=whresize&wid=200&hei=200,https://media-www.canadiantire.ca/product/automotive/automotive-outdoor-adventure/auto-travel-storage/0408608/reese-towpower-1-1-4-hitch-cover--afb2e1b5-dbdb-4f14-a91c-0c718e21b4f2-jpgrendition.jpg?im=whresize&wid=200&hei=200,,0406052,040-8608-2,Il n’en reste que 3 #040-8608-2,Liquidation◊Mieux notés,55.14,"4,93","10,99"
127,"Uxbridge, ON",Panneau solaire cristallin hors réseau Coleman de 175 W pour batteries de 12 V,Panneau solaire cristallin hors réseau Coleman de 175 W pour batteries de 12 V,269.93,"269,93 $",599.99,"Était±  599,99 $prix était 599,99 $",269.93,"269,93 $",269.93,"269,93 $",true,https://www.canadiantire.ca/fr/pdp/panneau-solaire-cristallin-hors-reseau-coleman-de-175-w-pour-batteries-de-12-v-0112521p.html,https://www.canadiantire.ca/fr/pdp/panneau-solaire-cristallin-hors-reseau-coleman-de-175-w-pour-batteries-de-12-v-0112521p.html,https://media-www.canadiantire.ca/product/seasonal-gardening/outdoor-tools/power-creation/0112521/coleman-175w-crystalline-solar-panel-8fa85021-6ba8-4bdd-a311-66ba54870ae0.png?im=whresize&wid=200&hei=200,https://media-www.canadiantire.ca/product/seasonal-gardening/outdoor-tools/power-creation/0112521/coleman-175w-crystalline-solar-panel-8fa85021-6ba8-4bdd-a311-66ba54870ae0.png?im=whresize&wid=200&hei=200,,0112521,011-2521-2,Il n’en reste que 3 #011-2521-2,Liquidation◊Exclusivité,55.01,"269,93","599,99"
127,"Uxbridge, ON","Anneaux de rideau de douche durables en plastique antirouille Simplicité, chromé, paq. 12","Anneaux de rideau de douche durables en plastique antirouille Simplicité, chromé, paq. 12",2.93,"2,93 $",6.99,"Était±  6,99 $prix était 6,99 $",2.93,"2,93 $",2.93,"2,93 $",true,https://www.canadiantire.ca/fr/pdp/anneaux-de-rideau-de-douche-durables-en-plastique-antirouille-simplicite-chrome-paq-12-0636058p.html,https://www.canadiantire.ca/fr/pdp/anneaux-de-rideau-de-douche-durables-en-plastique-antirouille-simplicite-chrome-paq-12-0636058p.html,https://media-www.canadiantire.ca/product/living/home-decor/bed-bath-decor/0636058/simplicite-plastic-shower-curtain-rings-chrome-64f30b57-0f22-406b-873c-76e08348a0e1-jpgrendition.jpg?im=whresize&wid=200&hei=200,https://media-www.canadiantire.ca/product/living/home-decor/bed-bath-decor/0636058/simplicite-plastic-shower-curtain-rings-chrome-64f30b57-0f22-406b-873c-76e08348a0e1-jpgrendition.jpg?im=whresize&wid=200&hei=200,,0636058,063-6058-8,Il n’en reste que 4 #063-6058-8,Liquidation◊Exclusivité,58.08,"2,93","6,99"
127,"Uxbridge, ON","Vélo de montagne semi-rigide Raleigh Ridge, roue de 27,5 po, vert/sable","Vélo de montagne semi-rigide Raleigh Ridge, roue de 27,5 po, vert/sable",379.93,"379,93 $",769.99,"Était±  769,99 $prix était 769,99 $",379.93,"379,93 $",379.93,"379,93 $",true,https://www.canadiantire.ca/fr/pdp/velo-de-montagne-semi-rigide-raleigh-ridge-roue-de-27-5-po-vert-sable-0711972p.html,https://www.canadiantire.ca/fr/pdp/velo-de-montagne-semi-rigide-raleigh-ridge-roue-de-27-5-po-vert-sable-0711972p.html,https://media-www.canadiantire.ca/product/playing/cycling/bicycles/0711972/raleigh-ridge-hardtail-mountain-bike-27-5-in-0abc7cfa-41a4-467a-9fcf-122d2928be50-jpgrendition.jpg?im=whresize&wid=200&hei=200,https://media-www.canadiantire.ca/product/playing/cycling/bicycles/0711972/raleigh-ridge-hardtail-mountain-bike-27-5-in-0abc7cfa-41a4-467a-9fcf-122d2928be50-jpgrendition.jpg?im=whresize&wid=200&hei=200,,0711972,071-1972-0,Il n’en reste que 1 #071-1972-0,Liquidation◊Exclusivité,50.66,"379,93","769,99"
127,"Uxbridge, ON","Legging doux et confortable Yukon Gear pour femmes pour la chasse et la randonnée, camouflage noir","Legging doux et confortable Yukon Gear pour femmes pour la chasse et la randonnée, camouflage noir",11.93,"11,93 $",34.99,"34,99 $Était   et+ prix était à partir de 34,99 $",11.93,"11,93 $",11.93,"11,93 $",true,https://www.canadiantire.ca/fr/pdp/legging-doux-et-confortable-yukon-gear-pour-femmes-pour-la-chasse-et-la-randonnee-camouflage-noir-3750768p.html,https://www.canadiantire.ca/fr/pdp/legging-doux-et-confortable-yukon-gear-pour-femmes-pour-la-chasse-et-la-randonnee-camouflage-noir-3750768p.html,https://media-www.canadiantire.ca/product/playing/hunting/hunting-apparel-footwear/3750768/yukon-gear-women-legging-camo-s-4828498b-f77f-497c-bff3-50ed44048cad-jpgrendition.jpg?im=whresize&wid=200&hei=200,https://media-www.canadiantire.ca/product/playing/hunting/hunting-apparel-footwear/3750768/yukon-gear-women-legging-camo-s-4828498b-f77f-497c-bff3-50ed44048cad-jpgrendition.jpg?im=whresize&wid=200&hei=200,,3750768,375-0768,Vérifiez la disponibilité#375-0768X,Liquidation◊Mieux notés,65.9,"11,93","34,99"
127,"Uxbridge, ON","Barre lumineuse à DEL multicolore pour véhicule avec télécommande, 9 po","Barre lumineuse à DEL multicolore pour véhicule avec télécommande, 9 po",19.93,"19,93 $",44.99,"Était±  44,99 $prix était 44,99 $",19.93,"19,93 $",19.93,"19,93 $",true,https://www.canadiantire.ca/fr/pdp/barre-lumineuse-a-del-multicolore-pour-vehicule-avec-telecommande-9-po-0370732p.html,https://www.canadiantire.ca/fr/pdp/barre-lumineuse-a-del-multicolore-pour-vehicule-avec-telecommande-9-po-0370732p.html,https://media-www.canadiantire.ca/product/automotive/car-care-accessories/auto-accessories/0370732/9-multi-color-ultra-bright-light-strips-with-remote--ae200ed9-26a6-4111-8535-6b2f0b6f1a20-jpgrendition.jpg?im=whresize&wid=200&hei=200,https://media-www.canadiantire.ca/product/automotive/car-care-accessories/auto-accessories/0370732/9-multi-color-ultra-bright-light-strips-with-remote--ae200ed9-26a6-4111-8535-6b2f0b6f1a20-jpgrendition.jpg?im=whresize&wid=200&hei=200,,0370732,037-0732-2,Il n’en reste que 1 #037-0732-2,Liquidation◊,55.7,"19,93","44,99"
127,"Uxbridge, ON",Barre lumineuse d’identification incandescente étanche Optronics,Barre lumineuse d’identification incandescente étanche Optronics,12.93,"12,93 $",25.99,"Était±  25,99 $prix était 25,99 $",12.93,"12,93 $",12.93,"12,93 $",true,https://www.canadiantire.ca/fr/pdp/barre-lumineuse-d-identification-incandescente-etanche-optronics-0203987p.html,https://www.canadiantire.ca/fr/pdp/barre-lumineuse-d-identification-incandescente-etanche-optronics-0203987p.html,https://media-www.canadiantire.ca/product/automotive/automotive-outdoor-adventure/auto-travel-storage/0203987/incandescent-identification-bar-28059947-5ae6-47b0-ac93-757ea70b3e36-jpgrendition.jpg?im=whresize&wid=200&hei=200,https://media-www.canadiantire.ca/product/automotive/automotive-outdoor-adventure/auto-travel-storage/0203987/incandescent-identification-bar-28059947-5ae6-47b0-ac93-757ea70b3e36-jpgrendition.jpg?im=whresize&wid=200&hei=200,,0203987,020-3987-6,Il n’en reste que 1 #020-3987-6,Liquidation◊,50.25,"12,93","25,99"
127,"Uxbridge, ON","Collier pour chat/chien Perri, Daisy","Collier pour chat/chien Perri, Daisy",4.93,"4,93 $",14.99,"14,99 $Était   et+ prix était à partir de 14,99 $",4.93,"4,93 $",4.93,"4,93 $",true,https://www.canadiantire.ca/fr/pdp/collier-pour-chat-chien-perri-daisy-1426960p.html,https://www.canadiantire.ca/fr/pdp/collier-pour-chat-chien-perri-daisy-1426960p.html,https://media-www.canadiantire.ca/product/living/pet-care/pet-accessories/1426960/perri-s-pet-collar-daisy-small-245675fb-2769-46a4-8a56-094ffb3eaf7d-jpgrendition.jpg?im=whresize&wid=200&hei=200,https://media-www.canadiantire.ca/product/living/pet-care/pet-accessories/1426960/perri-s-pet-collar-daisy-small-245675fb-2769-46a4-8a56-094ffb3eaf7d-jpgrendition.jpg?im=whresize&wid=200&hei=200,,1426960,142-6960,Vérifiez la disponibilité#142-6960X,Liquidation◊Exclusivité,67.11,"4,93","14,99"
127,"Uxbridge, ON","Pavillon de plafond de luxe Atron Electro Industries LA612, blanc","Pavillon de plafond de luxe Atron Electro Industries LA612, blanc",2.93,"2,93 $",5.99,"Était±  5,99 $prix était 5,99 $",2.93,"2,93 $",2.93,"2,93 $",true,https://www.canadiantire.ca/fr/pdp/pavillon-de-plafond-de-luxe-atron-electro-industries-la612-blanc-0523116p.html,https://www.canadiantire.ca/fr/pdp/pavillon-de-plafond-de-luxe-atron-electro-industries-la612-blanc-0523116p.html,https://media-www.canadiantire.ca/product/fixing/electrical/rough-electrical/0523117/canopy-kit-deluxe-antiqued-brass-2ad24e31-8476-49ee-9612-944b3672fc82-jpgrendition.jpg?im=whresize&wid=200&hei=200,https://media-www.canadiantire.ca/product/fixing/electrical/rough-electrical/0523117/canopy-kit-deluxe-antiqued-brass-2ad24e31-8476-49ee-9612-944b3672fc82-jpgrendition.jpg?im=whresize&wid=200&hei=200,,0523116,052-3117-2,Il n’en reste que 1 #052-3117-2,Liquidation◊,51.09,"2,93","5,99"
127,"Uxbridge, ON",Prises de dame de nage chromées pour kayak ou canot,Prises de dame de nage chromées pour kayak ou canot,11.93,"11,93 $",29.99,"Était±  29,99 $prix était 29,99 $",11.93,"11,93 $",11.93,"11,93 $",true,https://www.canadiantire.ca/fr/pdp/prises-de-dame-de-nage-chromees-pour-kayak-ou-canot-0792470p.html,https://www.canadiantire.ca/fr/pdp/prises-de-dame-de-nage-chromees-pour-kayak-ou-canot-0792470p.html,https://media-www.canadiantire.ca/product/playing/seasonal-recreation/marine-power-boating/0792470/oar-sockets-chrome-00094463-040e-43c3-85b6-5a093733a7b1-jpgrendition.jpg?im=whresize&wid=200&hei=200,https://media-www.canadiantire.ca/product/playing/seasonal-recreation/marine-power-boating/0792470/oar-sockets-chrome-00094463-040e-43c3-85b6-5a093733a7b1-jpgrendition.jpg?im=whresize&wid=200&hei=200,,0792470,079-2470-2,Il n’en reste que 4 #079-2470-2,Liquidation◊Exclusivité,60.22,"11,93","29,99"
127,"Uxbridge, ON",Adaptateur Android Ottocast sans fil,Adaptateur Android Ottocast sans fil,59.93,"59,93 $",139.99,"Était±  139,99 $prix était 139,99 $",59.93,"59,93 $",59.93,"59,93 $",true,https://www.canadiantire.ca/fr/pdp/adaptateur-android-ottocast-sans-fil-0355599p.html,https://www.canadiantire.ca/fr/pdp/adaptateur-android-ottocast-sans-fil-0355599p.html,https://media-www.canadiantire.ca/product/automotive/electronics/auto-electronics/0355599/ottocast-wireless-android-auto-adapter-5dfaec52-ba94-4890-b1b1-ebb502bc5f08-jpgrendition.jpg?im=whresize&wid=200&hei=200,https://media-www.canadiantire.ca/product/automotive/electronics/auto-electronics/0355599/ottocast-wireless-android-auto-adapter-5dfaec52-ba94-4890-b1b1-ebb502bc5f08-jpgrendition.jpg?im=whresize&wid=200&hei=200,,0355599,035-5599-4,Il n’en reste que 2 #035-5599-4,Liquidation◊,57.19,"59,93","139,99"
127,"Uxbridge, ON","Tapis robuste à crampons MotoMaster, toutes saisons, paq. 4","Tapis robuste à crampons MotoMaster, toutes saisons, paq. 4",19.93,"19,93 $",47.99,"Était±  47,99 $prix était 47,99 $",19.93,"19,93 $",19.93,"19,93 $",true,https://www.canadiantire.ca/fr/pdp/tapis-robuste-a-crampons-motomaster-toutes-saisons-paq-4-0313453p.html,https://www.canadiantire.ca/fr/pdp/tapis-robuste-a-crampons-motomaster-toutes-saisons-paq-4-0313453p.html,https://media-www.canadiantire.ca/product/automotive/car-care-accessories/auto-comfort/0313453/motomaster-heavy-duty-studded-mat-4pc-a7308725-212e-43ca-81f7-227189931494-jpgrendition.jpg?im=whresize&wid=200&hei=200,https://media-www.canadiantire.ca/product/automotive/car-care-accessories/auto-comfort/0313453/motomaster-heavy-duty-studded-mat-4pc-a7308725-212e-43ca-81f7-227189931494-jpgrendition.jpg?im=whresize&wid=200&hei=200,,0313453,031-3453-0,Il n’en reste que 1 #031-3453-0,Liquidation◊Exclusivité,58.47,"19,93","47,99"
127,"Uxbridge, ON",Barre d'identification à DEL Optronics pour remorques larges,Barre d'identification à DEL Optronics pour remorques larges,16.93,"16,93 $",34.99,"Était±  34,99 $prix était 34,99 $",16.93,"16,93 $",16.93,"16,93 $",true,https://www.canadiantire.ca/fr/pdp/barre-d-identification-a-del-optronics-pour-remorques-larges-0203426p.html,https://www.canadiantire.ca/fr/pdp/barre-d-identification-a-del-optronics-pour-remorques-larges-0203426p.html,https://media-www.canadiantire.ca/product/automotive/automotive-outdoor-adventure/auto-travel-storage/0203426/led-id-bar-over-under-80-red-79947496-af18-4ecc-9282-f2c394271a26-jpgrendition.jpg?im=whresize&wid=200&hei=200,https://media-www.canadiantire.ca/product/automotive/automotive-outdoor-adventure/auto-travel-storage/0203426/led-id-bar-over-under-80-red-79947496-af18-4ecc-9282-f2c394271a26-jpgrendition.jpg?im=whresize&wid=200&hei=200,,0203426,020-3426-2,Il n’en reste que 3 #020-3426-2,Liquidation◊Mieux notés,51.61,"16,93","34,99"
127,"Uxbridge, ON","Prise simple à boîtier étroit Leviton 05029-751 NEMA 6-15R, 15 A, 250 V, mise à la terre, qualité commerciale, ivoire","Prise simple à boîtier étroit Leviton 05029-751 NEMA 6-15R, 15 A, 250 V, mise à la terre, qualité commerciale, ivoire",3.93,"3,93 $",9.99,"Était±  9,99 $prix était 9,99 $",3.93,"3,93 $",3.93,"3,93 $",true,https://www.canadiantire.ca/fr/pdp/prise-simple-a-boitier-etroit-leviton-05029-751-nema-6-15r-15-a-250-v-mise-a-la-terre-qualite-commerciale-ivoire-0527239p.html,https://www.canadiantire.ca/fr/pdp/prise-simple-a-boitier-etroit-leviton-05029-751-nema-6-15r-15-a-250-v-mise-a-la-terre-qualite-commerciale-ivoire-0527239p.html,https://media-www.canadiantire.ca/product/fixing/electrical/rough-electrical/0527239/receptacle-special-grade-15a-b-d6972ff1-8cb2-4898-a411-2d13210a533b-jpgrendition.jpg?im=whresize&wid=200&hei=200,https://media-www.canadiantire.ca/product/fixing/electrical/rough-electrical/0527239/receptacle-special-grade-15a-b-d6972ff1-8cb2-4898-a411-2d13210a533b-jpgrendition.jpg?im=whresize&wid=200&hei=200,,0527239,052-7239-8,Il n’en reste que 3 #052-7239-8,Liquidation◊,60.66,"3,93","9,99"
127,"Uxbridge, ON","Bande lumineuse RVB à DEL avec Bluetooth Merkury, 4 m","Bande lumineuse RVB à DEL avec Bluetooth Merkury, 4 m",17.93,"17,93 $",37.99,"Était±  37,99 $prix était 37,99 $",17.93,"17,93 $",17.93,"17,93 $",true,https://www.canadiantire.ca/fr/pdp/bande-lumineuse-rvb-a-del-avec-bluetooth-merkury-4-m-0373145p.html,https://www.canadiantire.ca/fr/pdp/bande-lumineuse-rvb-a-del-avec-bluetooth-merkury-4-m-0373145p.html,https://media-www.canadiantire.ca/product/automotive/car-care-accessories/auto-accessories/0373145/merkury-rgbic-usb-led-strip-light-4m-with-bluetooth-703cfb5b-463d-4199-ab14-2741668a30ec-jpgrendition.jpg?im=whresize&wid=200&hei=200,https://media-www.canadiantire.ca/product/automotive/car-care-accessories/auto-accessories/0373145/merkury-rgbic-usb-led-strip-light-4m-with-bluetooth-703cfb5b-463d-4199-ab14-2741668a30ec-jpgrendition.jpg?im=whresize&wid=200&hei=200,,0373145,037-3145-2,Il n’en reste que 1 #037-3145-2,Liquidation◊,52.8,"17,93","37,99"
127,"Uxbridge, ON","Toile d'araignée extensible, blanc, 8,4 oz, décoration intérieure/extérieure pour l'Halloween","Toile d'araignée extensible, blanc, 8,4 oz, décoration intérieure/extérieure pour l'Halloween",7.43,"7,43 $",14.99,"Était±  14,99 $prix était 14,99 $",7.43,"7,43 $",7.43,"7,43 $",true,https://www.canadiantire.ca/fr/pdp/toile-d-araignee-extensible-blanc-8-4-oz-decoration-interieure-exterieure-pour-l-halloween-8512806p.html,https://www.canadiantire.ca/fr/pdp/toile-d-araignee-extensible-blanc-8-4-oz-decoration-interieure-exterieure-pour-l-halloween-8512806p.html,https://media-www.canadiantire.ca/product/automotive/party-city-seasonal/party-city-halloween-harvest/8512806/8-4oz-white-stretch-spider-web-790142d2-0299-4d59-92fd-5985716d58c7-jpgrendition.jpg?im=whresize&wid=200&hei=200,https://media-www.canadiantire.ca/product/automotive/party-city-seasonal/party-city-halloween-harvest/8512806/8-4oz-white-stretch-spider-web-790142d2-0299-4d59-92fd-5985716d58c7-jpgrendition.jpg?im=whresize&wid=200&hei=200,,8512806,851-2806-6,,Liquidation◊,50.43,"7,43","14,99"
127,"Uxbridge, ON","Support de poignet pour dames Tensor, main gauche","Support de poignet pour dames Tensor, main gauche",17.93,"17,93 $",37.99,"Était±  37,99 $prix était 37,99 $",17.93,"17,93 $",17.93,"17,93 $",true,https://www.canadiantire.ca/fr/pdp/support-de-poignet-pour-dames-tensor-main-gauche-0838858p.html,https://www.canadiantire.ca/fr/pdp/support-de-poignet-pour-dames-tensor-main-gauche-0838858p.html,https://media-www.canadiantire.ca/product/playing/hockey/hockey-accessories/0838858/tensor-womens-wrist-left-d287ede7-5114-4d68-b49c-5fbfbb3e01cd-jpgrendition.jpg?im=whresize&wid=200&hei=200,https://media-www.canadiantire.ca/product/playing/hockey/hockey-accessories/0838858/tensor-womens-wrist-left-d287ede7-5114-4d68-b49c-5fbfbb3e01cd-jpgrendition.jpg?im=whresize&wid=200&hei=200,,0838858,083-8858-4,Il n’en reste que 6 #083-8858-4,Liquidation◊Mieux notés,52.8,"17,93","37,99"
127,"Uxbridge, ON","Phare stroboscopique à DEL Alpena prime, 2 couleurs, blanc, ambre","Phare stroboscopique à DEL Alpena prime, 2 couleurs, blanc, ambre",6.93,"6,93 $",24.99,"Était±  24,99 $prix était 24,99 $",6.93,"6,93 $",6.93,"6,93 $",true,https://www.canadiantire.ca/fr/pdp/phare-stroboscopique-a-del-alpena-prime-2-couleurs-blanc-ambre-0203383p.html,https://www.canadiantire.ca/fr/pdp/phare-stroboscopique-a-del-alpena-prime-2-couleurs-blanc-ambre-0203383p.html,https://media-www.canadiantire.ca/product/automotive/automotive-outdoor-adventure/auto-travel-storage/0203383/alpena-stealth-led-strobe-f5cd19e2-9148-4786-8a34-dc03966d9429-jpgrendition.jpg?im=whresize&wid=200&hei=200,https://media-www.canadiantire.ca/product/automotive/automotive-outdoor-adventure/auto-travel-storage/0203383/alpena-stealth-led-strobe-f5cd19e2-9148-4786-8a34-dc03966d9429-jpgrendition.jpg?im=whresize&wid=200&hei=200,,0203383,020-3383-2,Il n’en reste que 1 #020-3383-2,Liquidation◊,72.27,"6,93","24,99"
127,"Uxbridge, ON","Imperméable à capuchon hydrofuge à coquille souple isolé Outbound Alex pour jeunes, camouflage bleu","Imperméable à capuchon hydrofuge à coquille souple isolé Outbound Alex pour jeunes, camouflage bleu",15.93,"15,93 $",84.99,"84,99 $Était   et+ prix était à partir de 84,99 $",15.93,"15,93 $",15.93,"15,93 $",true,https://www.canadiantire.ca/fr/pdp/impermeable-a-capuchon-hydrofuge-a-coquille-souple-isole-outbound-alex-pour-jeunes-camouflage-bleu-1872883p.html,https://www.canadiantire.ca/fr/pdp/impermeable-a-capuchon-hydrofuge-a-coquille-souple-isole-outbound-alex-pour-jeunes-camouflage-bleu-1872883p.html,https://media-www.canadiantire.ca/product/playing/footwear-apparel/winter-footwear-apparel/1872883/outbound-youth-alex-jacket-camo-blue-m-9a1be4e1-60c2-4785-b33f-27d1c89162d0-jpgrendition.jpg?im=whresize&wid=200&hei=200,https://media-www.canadiantire.ca/product/playing/footwear-apparel/winter-footwear-apparel/1872883/outbound-youth-alex-jacket-camo-blue-m-9a1be4e1-60c2-4785-b33f-27d1c89162d0-jpgrendition.jpg?im=whresize&wid=200&hei=200,,1872883,187-2883,Vérifiez la disponibilité#187-2883X,Liquidation◊Mieux notés,81.26,"15,93","84,99"
127,"Uxbridge, ON",Bottillons isolés Outbound pour l'intérieur et l'extérieur,Bottillons isolés Outbound pour l'intérieur et l'extérieur,12.93,"12,93 $",34.99,"34,99 $Était   et+ prix était à partir de 34,99 $",12.93,"12,93 $",12.93,"12,93 $",true,https://www.canadiantire.ca/fr/pdp/bottillons-isoles-outbound-pour-l-interieur-et-l-exterieur-1873819p.html,https://www.canadiantire.ca/fr/pdp/bottillons-isoles-outbound-pour-l-interieur-et-l-exterieur-1873819p.html,https://media-www.canadiantire.ca/product/playing/footwear-apparel/winter-footwear-apparel/1873819/outbound-insulated-bootie-size-s-bae3f8b6-5168-4646-a33a-cc66a084233b-jpgrendition.jpg?im=whresize&wid=200&hei=200,https://media-www.canadiantire.ca/product/playing/footwear-apparel/winter-footwear-apparel/1873819/outbound-insulated-bootie-size-s-bae3f8b6-5168-4646-a33a-cc66a084233b-jpgrendition.jpg?im=whresize&wid=200&hei=200,,1873819,187-3819,Vérifiez la disponibilité#187-3819X,Liquidation◊Mieux notés,63.05,"12,93","34,99"
127,"Uxbridge, ON","Robot culinaire, hachoir et mélangeur tout-en-un WizNMix de Salton","Robot culinaire, hachoir et mélangeur tout-en-un WizNMix de Salton",69.93,"69,93 $",199.99,"Était±  199,99 $prix était 199,99 $",69.93,"69,93 $",69.93,"69,93 $",true,https://www.canadiantire.ca/fr/pdp/robot-culinaire-hachoir-et-melangeur-tout-en-un-wiznmix-de-salton-0439025p.html,https://www.canadiantire.ca/fr/pdp/robot-culinaire-hachoir-et-melangeur-tout-en-un-wiznmix-de-salton-0439025p.html,https://media-www.canadiantire.ca/product/living/kitchen/kitchen-appliances/0439025/salton-wiznmix-all-in-one-food-processor-f9063688-840f-4650-ab5f-c8254407d308-jpgrendition.jpg?im=whresize&wid=200&hei=200,https://media-www.canadiantire.ca/product/living/kitchen/kitchen-appliances/0439025/salton-wiznmix-all-in-one-food-processor-f9063688-840f-4650-ab5f-c8254407d308-jpgrendition.jpg?im=whresize&wid=200&hei=200,,0439025,043-9025-6,Il n’en reste que 1 #043-9025-6,Liquidation◊Mieux notés,65.03,"69,93","199,99"
127,"Uxbridge, ON",Démarreur au lithium robuste Schumacher 2500 W SL1596 et source d'alimentation USB,Démarreur au lithium robuste Schumacher 2500 W SL1596 et source d'alimentation USB,139.93,"139,93 $",289.99,"Était±  289,99 $prix était 289,99 $",139.93,"139,93 $",139.93,"139,93 $",true,https://www.canadiantire.ca/fr/pdp/demarreur-au-lithium-robuste-schumacher-2500-w-sl1596-et-source-d-alimentation-usb-0112077p.html,https://www.canadiantire.ca/fr/pdp/demarreur-au-lithium-robuste-schumacher-2500-w-sl1596-et-source-d-alimentation-usb-0112077p.html,https://media-www.canadiantire.ca/product/automotive/light-auto-parts/auto-battery-accessories/0112077/schumacher-2500a-lithium-jump-starter-91bf60ed-bb31-4ddb-8d4f-16b056cfd1ea-jpgrendition.jpg?im=whresize&wid=200&hei=200,https://media-www.canadiantire.ca/product/automotive/light-auto-parts/auto-battery-accessories/0112077/schumacher-2500a-lithium-jump-starter-91bf60ed-bb31-4ddb-8d4f-16b056cfd1ea-jpgrendition.jpg?im=whresize&wid=200&hei=200,,0112077,011-2077-0,Il n’en reste que 1 #011-2077-0,Liquidation◊Mieux notés,51.75,"139,93","289,99"
127,"Uxbridge, ON","Supplément de superaliments pour animaux Totally Raw Booster+, vitamines et minéraux, 110 g","Supplément de superaliments pour animaux Totally Raw Booster+, vitamines et minéraux, 110 g",2.93,"2,93 $",12.99,"Était±  12,99 $prix était 12,99 $",2.93,"2,93 $",2.93,"2,93 $",true,https://www.canadiantire.ca/fr/pdp/supplement-de-superaliments-pour-animaux-totally-raw-booster-vitamines-et-mineraux-110-g-1429560p.html,https://www.canadiantire.ca/fr/pdp/supplement-de-superaliments-pour-animaux-totally-raw-booster-vitamines-et-mineraux-110-g-1429560p.html,https://media-www.canadiantire.ca/product/living/pet-care/pet-food/1429560/booster-vitamin-mineral-superfood-topper-4fffbcd6-ac87-4c24-9953-6c2d1f796269-jpgrendition.jpg?im=whresize&wid=200&hei=200,https://media-www.canadiantire.ca/product/living/pet-care/pet-food/1429560/booster-vitamin-mineral-superfood-topper-4fffbcd6-ac87-4c24-9953-6c2d1f796269-jpgrendition.jpg?im=whresize&wid=200&hei=200,,1429560,142-9560-4,Il n’en reste que 2 #142-9560-4,Liquidation◊,77.44,"2,93","12,99"
127,"Uxbridge, ON",Connecteur à lame 7 voies câble gainé à DEL de vérification Hopkins Towing Solution,Connecteur à lame 7 voies câble gainé à DEL de vérification Hopkins Towing Solution,41.93,"41,93 $",99.99,"Était±  99,99 $prix était 99,99 $",41.93,"41,93 $",41.93,"41,93 $",true,https://www.canadiantire.ca/fr/pdp/connecteur-a-lame-7-voies-cable-gaine-a-del-de-verification-hopkins-towing-solution-0409670p.html,https://www.canadiantire.ca/fr/pdp/connecteur-a-lame-7-voies-cable-gaine-a-del-de-verification-hopkins-towing-solution-0409670p.html,https://media-www.canadiantire.ca/product/automotive/automotive-outdoor-adventure/auto-travel-storage/0409670/led-test-jacketed-cable-7-blade-connector-61660711-970d-4903-a30f-cfb9c23ba3e1-jpgrendition.jpg?im=whresize&wid=200&hei=200,https://media-www.canadiantire.ca/product/automotive/automotive-outdoor-adventure/auto-travel-storage/0409670/led-test-jacketed-cable-7-blade-connector-61660711-970d-4903-a30f-cfb9c23ba3e1-jpgrendition.jpg?im=whresize&wid=200&hei=200,,0409670,040-9670-4,Il n’en reste que 1 #040-9670-4,Liquidation◊,58.07,"41,93","99,99"
127,"Uxbridge, ON","Pince assainisseur pour bouche d'aération Axe Phoenix, paq. 2","Pince assainisseur pour bouche d'aération Axe Phoenix, paq. 2",4.93,"4,93 $",9.99,"Était±  9,99 $prix était 9,99 $",4.93,"4,93 $",4.93,"4,93 $",true,https://www.canadiantire.ca/fr/pdp/pince-assainisseur-pour-bouche-d-aeration-axe-phoenix-paq-2-0372196p.html,https://www.canadiantire.ca/fr/pdp/pince-assainisseur-pour-bouche-d-aeration-axe-phoenix-paq-2-0372196p.html,https://media-www.canadiantire.ca/product/automotive/car-care-accessories/auto-accessories/0372196/axe-phoenix-vent-clip-2pk-d7b51b22-9625-4b9d-a139-218d9d6a8178-jpgrendition.jpg?im=whresize&wid=200&hei=200,https://media-www.canadiantire.ca/product/automotive/car-care-accessories/auto-accessories/0372196/axe-phoenix-vent-clip-2pk-d7b51b22-9625-4b9d-a139-218d9d6a8178-jpgrendition.jpg?im=whresize&wid=200&hei=200,,0372196,037-2196-6,Il n’en reste que 2 #037-2196-6,Liquidation◊,50.65,"4,93","9,99"
127,"Uxbridge, ON","Caméra de sécurité intérieure articulée Geeni Sentinel de 1080p, avec Wi-Fi, noir","Caméra de sécurité intérieure articulée Geeni Sentinel de 1080p, avec Wi-Fi, noir",39.93,"39,93 $",84.99,"Était±  84,99 $prix était 84,99 $",39.93,"39,93 $",39.93,"39,93 $",true,https://www.canadiantire.ca/fr/pdp/camera-de-securite-interieure-articulee-geeni-sentinel-de-1080p-avec-wi-fi-noir-0463270p.html,https://www.canadiantire.ca/fr/pdp/camera-de-securite-interieure-articulee-geeni-sentinel-de-1080p-avec-wi-fi-noir-0463270p.html,https://media-www.canadiantire.ca/product/fixing/hardware/home-safety/0463270/geeni-sentinel-pan-tilt-smart-wi-fi-security-camera-1080p-a7eea1e9-16ce-4311-a3a4-e3d9702317c1-jpgrendition.jpg?im=whresize&wid=200&hei=200,https://media-www.canadiantire.ca/product/fixing/hardware/home-safety/0463270/geeni-sentinel-pan-tilt-smart-wi-fi-security-camera-1080p-a7eea1e9-16ce-4311-a3a4-e3d9702317c1-jpgrendition.jpg?im=whresize&wid=200&hei=200,,0463270,046-3270-0,Il n’en reste que 1 #046-3270-0,Liquidation◊,53.02,"39,93","84,99"
127,"Uxbridge, ON","Tapis en faux lin For Living, paq. 4, 24 x 24 pi, gris","Tapis en faux lin For Living, paq. 4, 24 x 24 pi, gris",19.93,"19,93 $",39.99,"Était±  39,99 $prix était 39,99 $",19.93,"19,93 $",19.93,"19,93 $",true,https://www.canadiantire.ca/fr/pdp/tapis-en-faux-lin-for-living-paq-4-24-x-24-pi-gris-0687101p.html,https://www.canadiantire.ca/fr/pdp/tapis-en-faux-lin-for-living-paq-4-24-x-24-pi-gris-0687101p.html,https://media-www.canadiantire.ca/product/living/home-decor/floor-window-decor/0687101/for-living-faux-grey-linen-floor-tile-4-pack-24--03b3f72a-a27c-447e-b3a9-d261d86a48eb-jpgrendition.jpg?im=whresize&wid=200&hei=200,https://media-www.canadiantire.ca/product/living/home-decor/floor-window-decor/0687101/for-living-faux-grey-linen-floor-tile-4-pack-24--03b3f72a-a27c-447e-b3a9-d261d86a48eb-jpgrendition.jpg?im=whresize&wid=200&hei=200,,0687101,068-7101-8,Il n’en reste que 1 #068-7101-8,Liquidation◊Mieux notés,50.16,"19,93","39,99"
127,"Uxbridge, ON","Bougie pour fête d'anniversaire, Battle Royal","Bougie pour fête d'anniversaire, Battle Royal",1.93,"1,93 $",6.49,"Était±  6,49 $prix était 6,49 $",1.93,"1,93 $",1.93,"1,93 $",true,https://www.canadiantire.ca/fr/pdp/bougie-pour-fete-d-anniversaire-battle-royal-8421713p.html,https://www.canadiantire.ca/fr/pdp/bougie-pour-fete-d-anniversaire-battle-royal-8421713p.html,https://media-www.partycity.ca/product/seasonal-gardening/party-city-everyday/party-city-party-supplies-decor/8421713/3in-bday-cndl-battle-royal-a04a8788-7357-4588-b982-0908fc45a66a-jpgrendition.jpg?im=whresize&wid=200&hei=200,https://media-www.partycity.ca/product/seasonal-gardening/party-city-everyday/party-city-party-supplies-decor/8421713/3in-bday-cndl-battle-royal-a04a8788-7357-4588-b982-0908fc45a66a-jpgrendition.jpg?im=whresize&wid=200&hei=200,,8421713,842-1713-4,Il n’en reste que 3 #842-1713-4,Liquidation◊Mieux notés,70.26,"1,93","6,49"
127,"Uxbridge, ON","Rail d'éclairage à 6 lampes NOMA Protino, nickel brossé/chrome","Rail d'éclairage à 6 lampes NOMA Protino, nickel brossé/chrome",69.93,"69,93 $",189.99,"Était±  189,99 $prix était 189,99 $",69.93,"69,93 $",69.93,"69,93 $",true,https://www.canadiantire.ca/fr/pdp/rail-d-eclairage-a-6-lampes-noma-protino-nickel-brosse-chrome-0527889p.html,https://www.canadiantire.ca/fr/pdp/rail-d-eclairage-a-6-lampes-noma-protino-nickel-brosse-chrome-0527889p.html,https://media-www.canadiantire.ca/product/living/home-decor/lighting/0527889/track-6-light-protino-8836ef79-f9ce-4ab5-a55c-e55bee1c8d93-jpgrendition.jpg?im=whresize&wid=200&hei=200,https://media-www.canadiantire.ca/product/living/home-decor/lighting/0527889/track-6-light-protino-8836ef79-f9ce-4ab5-a55c-e55bee1c8d93-jpgrendition.jpg?im=whresize&wid=200&hei=200,,0527889,052-7889-0,Il n’en reste que 1 #052-7889-0,Liquidation◊Mieux notés,63.19,"69,93","189,99"
127,"Uxbridge, ON","Bandage élastique autoadhésif Tensor, beige, 3 po","Bandage élastique autoadhésif Tensor, beige, 3 po",4.93,"4,93 $",9.99,"Était±  9,99 $prix était 9,99 $",4.93,"4,93 $",4.93,"4,93 $",true,https://www.canadiantire.ca/fr/pdp/bandage-elastique-autoadhesif-tensor-beige-3-po-0833780p.html,https://www.canadiantire.ca/fr/pdp/bandage-elastique-autoadhesif-tensor-beige-3-po-0833780p.html,https://media-www.canadiantire.ca/product/playing/hockey/hockey-accessories/0833780/tensor-3-self-adhering-elastic-bandage-d5e079b2-8d78-4a41-8fb6-6746ee153be9-jpgrendition.jpg?im=whresize&wid=200&hei=200,https://media-www.canadiantire.ca/product/playing/hockey/hockey-accessories/0833780/tensor-3-self-adhering-elastic-bandage-d5e079b2-8d78-4a41-8fb6-6746ee153be9-jpgrendition.jpg?im=whresize&wid=200&hei=200,,0833780,083-3780-6,Il n’en reste que 5 #083-3780-6,Liquidation◊,50.65,"4,93","9,99"
127,"Uxbridge, ON","Collier réglable à carreaux pour chiens Petco, grand","Collier réglable à carreaux pour chiens Petco, grand",9.93,"9,93 $",21.99,"Était±  21,99 $prix était 21,99 $",9.93,"9,93 $",9.93,"9,93 $",true,https://www.canadiantire.ca/fr/pdp/collier-reglable-a-carreaux-pour-chiens-petco-grand-1424432p.html,https://www.canadiantire.ca/fr/pdp/collier-reglable-a-carreaux-pour-chiens-petco-grand-1424432p.html,https://media-www.canadiantire.ca/product/living/pet-care/pet-accessories/1424432/petco-buffalo-check-dog-collar-18-21-large--acbd92a5-b018-43e0-b8db-c0de2af28b02-jpgrendition.jpg?im=whresize&wid=200&hei=200,https://media-www.canadiantire.ca/product/living/pet-care/pet-accessories/1424432/petco-buffalo-check-dog-collar-18-21-large--acbd92a5-b018-43e0-b8db-c0de2af28b02-jpgrendition.jpg?im=whresize&wid=200&hei=200,,1424432,142-4432-0,Il n’en reste que 1 #142-4432-0,Liquidation◊Mieux notés,54.84,"9,93","21,99"
127,"Uxbridge, ON","Panier cubique en tissu CANVAS Echo, bleu sarcelle, 10 x 12 x 10 po","Panier cubique en tissu CANVAS Echo, bleu sarcelle, 10 x 12 x 10 po",4.93,"4,93 $",10.99,"Était±  10,99 $prix était 10,99 $",4.93,"4,93 $",4.93,"4,93 $",true,https://www.canadiantire.ca/fr/pdp/panier-cubique-en-tissu-canvas-echo-bleu-sarcelle-10-x-12-x-10-po-1429045p.html,https://www.canadiantire.ca/fr/pdp/panier-cubique-en-tissu-canvas-echo-bleu-sarcelle-10-x-12-x-10-po-1429045p.html,https://media-www.canadiantire.ca/product/living/home-decor/decor-accents/1429045/canvas-echo-cube-teal-5160e6a4-8f58-492e-bd10-f846666f7773-jpgrendition.jpg?im=whresize&wid=200&hei=200,https://media-www.canadiantire.ca/product/living/home-decor/decor-accents/1429045/canvas-echo-cube-teal-5160e6a4-8f58-492e-bd10-f846666f7773-jpgrendition.jpg?im=whresize&wid=200&hei=200,,1429045,142-9045-2,Il n’en reste que 1 #142-9045-2,Liquidation◊Mieux notés,55.14,"4,93","10,99"
127,"Uxbridge, ON","Cuiller hypocrite Danielson, rouge et blanc, 3/8 oz","Cuiller hypocrite Danielson, rouge et blanc, 3/8 oz",1.23,"1,23 $",3.49,"Était±  3,49 $prix était 3,49 $",1.23,"1,23 $",1.23,"1,23 $",true,https://www.canadiantire.ca/fr/pdp/cuiller-hypocrite-danielson-rouge-et-blanc-3-8-oz-0773534p.html,https://www.canadiantire.ca/fr/pdp/cuiller-hypocrite-danielson-rouge-et-blanc-3-8-oz-0773534p.html,https://media-www.canadiantire.ca/product/playing/fishing/fishing-lures/0773534/danielson-hyprocrite-spoon-red-white-3-8oz-d07a4dce-b37c-42ca-a9c2-3c0b62be0bb9-jpgrendition.jpg?im=whresize&wid=200&hei=200,https://media-www.canadiantire.ca/product/playing/fishing/fishing-lures/0773534/danielson-hyprocrite-spoon-red-white-3-8oz-d07a4dce-b37c-42ca-a9c2-3c0b62be0bb9-jpgrendition.jpg?im=whresize&wid=200&hei=200,,0773534,077-3534-0,,Liquidation◊Mieux notés,64.76,"1,23","3,49"
127,"Uxbridge, ON","Tampons de rechange pour vadrouille Bissell 31171 SpinWave série 2859, paq. 8","Tampons de rechange pour vadrouille Bissell 31171 SpinWave série 2859, paq. 8",17.93,"17,93 $",36.99,"Était±  36,99 $prix était 36,99 $",17.93,"17,93 $",17.93,"17,93 $",true,https://www.canadiantire.ca/fr/pdp/tampons-de-rechange-pour-vadrouille-bissell-31171-spinwave-serie-2859-paq-8-0439423p.html,https://www.canadiantire.ca/fr/pdp/tampons-de-rechange-pour-vadrouille-bissell-31171-spinwave-serie-2859-paq-8-0439423p.html,https://media-www.canadiantire.ca/product/living/cleaning/vacuums-and-floorcare/0439423/bissell-spinwave-robot-replacement-pads-07693c77-2b76-45fc-8730-2e48ac1485d5-jpgrendition.jpg?im=whresize&wid=200&hei=200,https://media-www.canadiantire.ca/product/living/cleaning/vacuums-and-floorcare/0439423/bissell-spinwave-robot-replacement-pads-07693c77-2b76-45fc-8730-2e48ac1485d5-jpgrendition.jpg?im=whresize&wid=200&hei=200,,0439423,043-9423-8,Il n’en reste que 4 #043-9423-8,Liquidation◊Mieux notés,51.53,"17,93","36,99"
127,"Uxbridge, ON","Tuque de chasse en laine brossée Yukon Gear pour hommes avec doublure en molleton chaud, camouflage","Tuque de chasse en laine brossée Yukon Gear pour hommes avec doublure en molleton chaud, camouflage",9.73,"9,73 $",19.99,"Était±  19,99 $prix était 19,99 $",9.73,"9,73 $",9.73,"9,73 $",true,https://www.canadiantire.ca/fr/pdp/tuque-de-chasse-en-laine-brossee-yukon-gear-pour-hommes-avec-doublure-en-molleton-chaud-camouflage-1759677p.html,https://www.canadiantire.ca/fr/pdp/tuque-de-chasse-en-laine-brossee-yukon-gear-pour-hommes-avec-doublure-en-molleton-chaud-camouflage-1759677p.html,https://media-www.canadiantire.ca/product/playing/hunting/hunting-apparel-footwear/1759677/mens-brushed-wool-blend-camo-toque-13bd3893-36a4-4ec8-a4e7-6f962fc12774-jpgrendition.jpg?im=whresize&wid=200&hei=200,https://media-www.canadiantire.ca/product/playing/hunting/hunting-apparel-footwear/1759677/mens-brushed-wool-blend-camo-toque-13bd3893-36a4-4ec8-a4e7-6f962fc12774-jpgrendition.jpg?im=whresize&wid=200&hei=200,,1759677,175-9677-0,12 En Stock#175-9677-0,Liquidation◊Exclusivité,51.33,"9,73","19,99"
127,"Uxbridge, ON","Détecteur d'eau et de dégât d'eau intelligent Wi-Fi Geeni, aucun concentrateur requis, blanc","Détecteur d'eau et de dégât d'eau intelligent Wi-Fi Geeni, aucun concentrateur requis, blanc",12.93,"12,93 $",39.99,"Était±  39,99 $prix était 39,99 $",12.93,"12,93 $",12.93,"12,93 $",true,https://www.canadiantire.ca/fr/pdp/detecteur-d-eau-et-de-degat-d-eau-intelligent-wi-fi-geeni-aucun-concentrateur-requis-blanc-0463275p.html,https://www.canadiantire.ca/fr/pdp/detecteur-d-eau-et-de-degat-d-eau-intelligent-wi-fi-geeni-aucun-concentrateur-requis-blanc-0463275p.html,https://media-www.canadiantire.ca/product/fixing/hardware/home-safety/0463275/geeni-water-flood-sensor-55a6a994-898d-4388-892d-4ad36567f8e7-jpgrendition.jpg?im=whresize&wid=200&hei=200,https://media-www.canadiantire.ca/product/fixing/hardware/home-safety/0463275/geeni-water-flood-sensor-55a6a994-898d-4388-892d-4ad36567f8e7-jpgrendition.jpg?im=whresize&wid=200&hei=200,,0463275,046-3275-0,Il n’en reste que 1 #046-3275-0,Liquidation◊,67.67,"12,93","39,99"
127,"Uxbridge, ON",Tente de camping étanche pour 2 personnes Woods Pinnacle avec toile de sol et fourre-tout,Tente de camping étanche pour 2 personnes Woods Pinnacle avec toile de sol et fourre-tout,12.93,"12,93 $",26.99,"Était±  26,99 $prix était 26,99 $",12.93,"12,93 $",12.93,"12,93 $",true,https://www.canadiantire.ca/fr/pdp/tente-de-camping-etanche-pour-2-personnes-woods-pinnacle-avec-toile-de-sol-et-fourre-tout-0766205p.html,https://www.canadiantire.ca/fr/pdp/tente-de-camping-etanche-pour-2-personnes-woods-pinnacle-avec-toile-de-sol-et-fourre-tout-0766205p.html,https://media-www.canadiantire.ca/product/playing/camping/tents-shelters/0766205/woods-pinnacle-2p-tent-footprint-c17d840d-752c-49d9-a825-cb2eb8740c02-jpgrendition.jpg?im=whresize&wid=200&hei=200,https://media-www.canadiantire.ca/product/playing/camping/tents-shelters/0766205/woods-pinnacle-2p-tent-footprint-c17d840d-752c-49d9-a825-cb2eb8740c02-jpgrendition.jpg?im=whresize&wid=200&hei=200,,0766205,076-6205-8,Il n’en reste que 2 #076-6205-8,Liquidation◊Mieux notés,52.09,"12,93","26,99"
127,"Uxbridge, ON","Peinture de retouche Scratch Fix All-in-1, Flamme rayonnante (PRB, R87)","Peinture de retouche Scratch Fix All-in-1, Flamme rayonnante (PRB, R87)",4.93,"4,93 $",28.99,"Était±  28,99 $prix était 28,99 $",4.93,"4,93 $",4.93,"4,93 $",true,https://www.canadiantire.ca/fr/pdp/peinture-de-retouche-scratch-fix-all-in-1-flamme-rayonnante-prb-r87-0474937p.html,https://www.canadiantire.ca/fr/pdp/peinture-de-retouche-scratch-fix-all-in-1-flamme-rayonnante-prb-r87-0474937p.html,https://media-www.canadiantire.ca/product/automotive/car-care-accessories/auto-body-repair/0474937/scratch-fix-chrysler-radiant-fire-all-in-1-e4c5c075-f76b-408a-9c88-3b85f8685123-jpgrendition.jpg?im=whresize&wid=200&hei=200,https://media-www.canadiantire.ca/product/automotive/car-care-accessories/auto-body-repair/0474937/scratch-fix-chrysler-radiant-fire-all-in-1-e4c5c075-f76b-408a-9c88-3b85f8685123-jpgrendition.jpg?im=whresize&wid=200&hei=200,,0474937,047-4937-8,Il n’en reste que 1 #047-4937-8,Liquidation◊Mieux notés,82.99,"4,93","28,99"
127,"Uxbridge, ON","Collier pour chien Petco facile à essuyer, bleu sarcelle ombré, tailles variées","Collier pour chien Petco facile à essuyer, bleu sarcelle ombré, tailles variées",9.93,"9,93 $",19.99,"19,99 $Était   et+ prix était à partir de 19,99 $",9.93,"9,93 $",9.93,"9,93 $",true,https://www.canadiantire.ca/fr/pdp/collier-pour-chien-petco-facile-a-essuyer-bleu-sarcelle-ombre-tailles-variees-1427522p.html,https://www.canadiantire.ca/fr/pdp/collier-pour-chien-petco-facile-a-essuyer-bleu-sarcelle-ombre-tailles-variees-1427522p.html,https://media-www.canadiantire.ca/product/living/pet-care/pet-accessories/1427524/petco-teal-ombre-wipeable-dog-collar-small-0410f91a-15fe-4d33-8254-aada052b72b1-jpgrendition.jpg?im=whresize&wid=200&hei=200,https://media-www.canadiantire.ca/product/living/pet-care/pet-accessories/1427524/petco-teal-ombre-wipeable-dog-collar-small-0410f91a-15fe-4d33-8254-aada052b72b1-jpgrendition.jpg?im=whresize&wid=200&hei=200,,1427522,142-7522,Vérifiez la disponibilité#142-7522X,Liquidation◊Exclusivité,50.33,"9,93","19,99"
127,"Uxbridge, ON","Élément de chauffe-eau Eastman 60046, en cuivre, 1 500 W / 240 V, gris","Élément de chauffe-eau Eastman 60046, en cuivre, 1 500 W / 240 V, gris",14.93,"14,93 $",29.99,"Était±  29,99 $prix était 29,99 $",14.93,"14,93 $",14.93,"14,93 $",true,https://www.canadiantire.ca/fr/pdp/element-de-chauffe-eau-eastman-60046-en-cuivre-1-500-w-240-v-gris-0630134p.html,https://www.canadiantire.ca/fr/pdp/element-de-chauffe-eau-eastman-60046-en-cuivre-1-500-w-240-v-gris-0630134p.html,https://media-www.canadiantire.ca/product/fixing/plumbing/water-management/0630134/water-heater-element-1500-watt-240-volt-dfd7d8f7-5436-48dd-a607-46e0807986e0-jpgrendition.jpg?im=whresize&wid=200&hei=200,https://media-www.canadiantire.ca/product/fixing/plumbing/water-management/0630134/water-heater-element-1500-watt-240-volt-dfd7d8f7-5436-48dd-a607-46e0807986e0-jpgrendition.jpg?im=whresize&wid=200&hei=200,,0630134,063-0134-2,Il n’en reste que 1 #063-0134-2,Liquidation◊,50.22,"14,93","29,99"
127,"Uxbridge, ON","Bouton-pressoir lumineux hydrofuge sans fil pour sonnette avec montage en surface Globe, plastique blanc","Bouton-pressoir lumineux hydrofuge sans fil pour sonnette avec montage en surface Globe, plastique blanc",9.93,"9,93 $",19.99,"Était±  19,99 $prix était 19,99 $",9.93,"9,93 $",9.93,"9,93 $",true,https://www.canadiantire.ca/fr/pdp/bouton-pressoir-lumineux-hydrofuge-sans-fil-pour-sonnette-avec-montage-en-surface-globe-plastique-blanc-0521743p.html,https://www.canadiantire.ca/fr/pdp/bouton-pressoir-lumineux-hydrofuge-sans-fil-pour-sonnette-avec-montage-en-surface-globe-plastique-blanc-0521743p.html,https://media-www.canadiantire.ca/product/fixing/hardware/curb-appeal/0521743/wireless-push-button-white-plastic-lighted-surface-mount-882c4999-5d5d-4e16-8c55-e410b8ab90ea-jpgrendition.jpg?im=whresize&wid=200&hei=200,https://media-www.canadiantire.ca/product/fixing/hardware/curb-appeal/0521743/wireless-push-button-white-plastic-lighted-surface-mount-882c4999-5d5d-4e16-8c55-e410b8ab90ea-jpgrendition.jpg?im=whresize&wid=200&hei=200,,0521743,052-1743-2,Il n’en reste que 2 #052-1743-2,Liquidation◊,50.33,"9,93","19,99"
127,"Uxbridge, ON",Nettoyant au graphène pour auto SIMONIZ Platinum,Nettoyant au graphène pour auto SIMONIZ Platinum,5.93,"5,93 $",25.99,"Était±  25,99 $prix était 25,99 $",5.93,"5,93 $",5.93,"5,93 $",true,https://www.canadiantire.ca/fr/pdp/nettoyant-au-graphene-pour-auto-simoniz-platinum-0393651p.html,https://www.canadiantire.ca/fr/pdp/nettoyant-au-graphene-pour-auto-simoniz-platinum-0393651p.html,https://media-www.canadiantire.ca/product/automotive/car-care-accessories/auto-cleaning-chemicals/0393651/simoniz-platinum-graphene-car-wash-4f96494e-4d79-4834-aa61-e10a0703c2f6-jpgrendition.jpg?im=whresize&wid=200&hei=200,https://media-www.canadiantire.ca/product/automotive/car-care-accessories/auto-cleaning-chemicals/0393651/simoniz-platinum-graphene-car-wash-4f96494e-4d79-4834-aa61-e10a0703c2f6-jpgrendition.jpg?im=whresize&wid=200&hei=200,,0393651,039-3651-2,Il n’en reste que 1 #039-3651-2,Liquidation◊Mieux notés,77.18,"5,93","25,99"
127,"Uxbridge, ON","Filet à bagages de planche debout Shoreline Marine, 12 L x 6 po","Filet à bagages de planche debout Shoreline Marine, 12 L x 6 po",5.93,"5,93 $",17.99,"Était±  17,99 $prix était 17,99 $",5.93,"5,93 $",5.93,"5,93 $",true,https://www.canadiantire.ca/fr/pdp/filet-a-bagages-de-planche-debout-shoreline-marine-12-l-x-6-po-0793369p.html,https://www.canadiantire.ca/fr/pdp/filet-a-bagages-de-planche-debout-shoreline-marine-12-l-x-6-po-0793369p.html,https://media-www.canadiantire.ca/product/playing/seasonal-recreation/marine-power-boating/0793369/sup-cargo-net-430ff607-19d3-4c75-b511-d13a1eb5096c-jpgrendition.jpg?im=whresize&wid=200&hei=200,https://media-www.canadiantire.ca/product/playing/seasonal-recreation/marine-power-boating/0793369/sup-cargo-net-430ff607-19d3-4c75-b511-d13a1eb5096c-jpgrendition.jpg?im=whresize&wid=200&hei=200,,0793369,079-3369-0,Il n’en reste que 5 #079-3369-0,Liquidation◊Mieux notés,67.04,"5,93","17,99"
127,"Uxbridge, ON",Hameçon à large écartement Xcalibur Sickle,Hameçon à large écartement Xcalibur Sickle,2.43,"2,43 $",5.49,"5,49 $Était   et+ prix était à partir de 5,49 $",2.43,"2,43 $",2.43,"2,43 $",true,https://www.canadiantire.ca/fr/pdp/hamecon-a-large-ecartement-xcalibur-sickle-0784256p.html,https://www.canadiantire.ca/fr/pdp/hamecon-a-large-ecartement-xcalibur-sickle-0784256p.html,https://media-www.canadiantire.ca/product/playing/fishing/fishing-lures/0784256/matzuo-wide-gap-sickle-hook-size-2-0-f39d6d77-c773-465a-bd14-f3b7eeeebbb3-jpgrendition.jpg?im=whresize&wid=200&hei=200,https://media-www.canadiantire.ca/product/playing/fishing/fishing-lures/0784256/matzuo-wide-gap-sickle-hook-size-2-0-f39d6d77-c773-465a-bd14-f3b7eeeebbb3-jpgrendition.jpg?im=whresize&wid=200&hei=200,,0784256,078-4256,Vérifiez la disponibilité#078-4256X,Liquidation◊Mieux notés,55.74,"2,43","5,49"
127,"Uxbridge, ON",Mèche de rechange pour radiateur au kérosène,Mèche de rechange pour radiateur au kérosène,2.93,"2,93 $",29.99,"Était±  29,99 $prix était 29,99 $",2.93,"2,93 $",2.93,"2,93 $",true,https://www.canadiantire.ca/fr/pdp/meche-de-rechange-pour-radiateur-au-kerosene-0762909p.html,https://www.canadiantire.ca/fr/pdp/meche-de-rechange-pour-radiateur-au-kerosene-0762909p.html,https://media-www.canadiantire.ca/product/playing/camping/camping-living/0762909/wick-for-convection-heater-2e164ae9-7f0b-4f73-8ca3-7249ed39a3c2-jpgrendition.jpg?im=whresize&wid=200&hei=200,https://media-www.canadiantire.ca/product/playing/camping/camping-living/0762909/wick-for-convection-heater-2e164ae9-7f0b-4f73-8ca3-7249ed39a3c2-jpgrendition.jpg?im=whresize&wid=200&hei=200,,0762909,076-2909-8,Il n’en reste que 4 #076-2909-8,Liquidation◊,90.23,"2,93","29,99"
127,"Uxbridge, ON",Filtre de rechange pour aspirateur Hoover ONEPWR Evolve,Filtre de rechange pour aspirateur Hoover ONEPWR Evolve,4.93,"4,93 $",21.99,"Était±  21,99 $prix était 21,99 $",4.93,"4,93 $",4.93,"4,93 $",true,https://www.canadiantire.ca/fr/pdp/filtre-de-rechange-pour-aspirateur-hoover-onepwr-evolve-0439450p.html,https://www.canadiantire.ca/fr/pdp/filtre-de-rechange-pour-aspirateur-hoover-onepwr-evolve-0439450p.html,https://media-www.canadiantire.ca/product/living/cleaning/vacuums-and-floorcare/0439450/hoover-onepwr-evolve-vacuum-filter-20d9da65-2fc3-4540-ac74-50d717d43b28-jpgrendition.jpg?im=whresize&wid=200&hei=200,https://media-www.canadiantire.ca/product/living/cleaning/vacuums-and-floorcare/0439450/hoover-onepwr-evolve-vacuum-filter-20d9da65-2fc3-4540-ac74-50d717d43b28-jpgrendition.jpg?im=whresize&wid=200&hei=200,,0439450,043-9450-2,,Liquidation◊Mieux notés,77.58,"4,93","21,99"
127,"Uxbridge, ON","Tampons de nettoyage Hoppe's no 1 pour pistolet de chasse, petit, paq. 60","Tampons de nettoyage Hoppe's no 1 pour pistolet de chasse, petit, paq. 60",1.43,"1,43 $",2.99,"Était±  2,99 $prix était 2,99 $",1.43,"1,43 $",1.43,"1,43 $",true,https://www.canadiantire.ca/fr/pdp/tampons-de-nettoyage-hoppe-s-no-1-pour-pistolet-de-chasse-petit-paq-60-1758726p.html,https://www.canadiantire.ca/fr/pdp/tampons-de-nettoyage-hoppe-s-no-1-pour-pistolet-de-chasse-petit-paq-60-1758726p.html,https://media-www.canadiantire.ca/product/playing/hunting/hunting-accessories/1758726/hoppe-s-patch-no-1-small-bore-60-pack-fbbf1c98-7c90-4460-90ea-f831343c8ad8-jpgrendition.jpg?im=whresize&wid=200&hei=200,https://media-www.canadiantire.ca/product/playing/hunting/hunting-accessories/1758726/hoppe-s-patch-no-1-small-bore-60-pack-fbbf1c98-7c90-4460-90ea-f831343c8ad8-jpgrendition.jpg?im=whresize&wid=200&hei=200,,1758726,175-8726-0,Il n’en reste que 2 #175-8726-0,Liquidation◊Mieux notés,52.17,"1,43","2,99"
127,"Uxbridge, ON","Nettoyant auto Chemical Guys, mat méticuleux","Nettoyant auto Chemical Guys, mat méticuleux",6.93,"6,93 $",19.99,"Était±  19,99 $prix était 19,99 $",6.93,"6,93 $",6.93,"6,93 $",true,https://www.canadiantire.ca/fr/pdp/nettoyant-auto-chemical-guys-mat-meticuleux-0390598p.html,https://www.canadiantire.ca/fr/pdp/nettoyant-auto-chemical-guys-mat-meticuleux-0390598p.html,https://media-www.canadiantire.ca/product/automotive/car-care-accessories/auto-cleaning-chemicals/0390598/chemical-guys-meticulous-matte-auto-wash-1ee1abd1-7fd4-49c1-ab91-096052fb02a6-jpgrendition.jpg?im=whresize&wid=200&hei=200,https://media-www.canadiantire.ca/product/automotive/car-care-accessories/auto-cleaning-chemicals/0390598/chemical-guys-meticulous-matte-auto-wash-1ee1abd1-7fd4-49c1-ab91-096052fb02a6-jpgrendition.jpg?im=whresize&wid=200&hei=200,,0390598,039-0598-8,Il n’en reste que 3 #039-0598-8,Liquidation◊Mieux notés,65.33,"6,93","19,99"
127,"Uxbridge, ON",Accessoire turbo motorisé pour poils d'animaux Hoover OnePWR,Accessoire turbo motorisé pour poils d'animaux Hoover OnePWR,24.93,"24,93 $",79.99,"Était±  79,99 $prix était 79,99 $",24.93,"24,93 $",24.93,"24,93 $",true,https://www.canadiantire.ca/fr/pdp/accessoire-turbo-motorise-pour-poils-d-animaux-hoover-onepwr-0438265p.html,https://www.canadiantire.ca/fr/pdp/accessoire-turbo-motorise-pour-poils-d-animaux-hoover-onepwr-0438265p.html,https://media-www.canadiantire.ca/product/living/cleaning/vacuums-and-floorcare/0438265/hoover-onepwr-blade-motorized-pet-turbo-tool-428aedde-61cd-4390-804e-a012d17d22f1-jpgrendition.jpg?im=whresize&wid=200&hei=200,https://media-www.canadiantire.ca/product/living/cleaning/vacuums-and-floorcare/0438265/hoover-onepwr-blade-motorized-pet-turbo-tool-428aedde-61cd-4390-804e-a012d17d22f1-jpgrendition.jpg?im=whresize&wid=200&hei=200,,0438265,043-8265-0,Il n’en reste que 2 #043-8265-0,Liquidation◊,68.83,"24,93","79,99"
127,"Uxbridge, ON","Embout de tournevis à percussion MAXIMUM PH1, 2 po, paq. 1","Embout de tournevis à percussion MAXIMUM PH1, 2 po, paq. 1",2.43,"2,43 $",5.49,"Était±  5,49 $prix était 5,49 $",2.43,"2,43 $",2.43,"2,43 $",true,https://www.canadiantire.ca/fr/pdp/embout-de-tournevis-a-percussion-maximum-ph1-2-po-paq-1-0544088p.html,https://www.canadiantire.ca/fr/pdp/embout-de-tournevis-a-percussion-maximum-ph1-2-po-paq-1-0544088p.html,https://media-www.canadiantire.ca/product/fixing/tools/power-tool-accessories/0544089/1pc-2-ph2-impact-bit-maximum-bcd6dde0-d975-4709-8515-67e5d3dd2b6a-jpgrendition.jpg?im=whresize&wid=200&hei=200,https://media-www.canadiantire.ca/product/fixing/tools/power-tool-accessories/0544089/1pc-2-ph2-impact-bit-maximum-bcd6dde0-d975-4709-8515-67e5d3dd2b6a-jpgrendition.jpg?im=whresize&wid=200&hei=200,,0544088,054-4088-0,Il n’en reste que 1 #054-4088-0,Liquidation◊Exclusivité,55.74,"2,43","5,49"
127,"Uxbridge, ON","Ruban autocollant antidérapant Shoreline Marine, blanc, 2 po x 10 pi","Ruban autocollant antidérapant Shoreline Marine, blanc, 2 po x 10 pi",2.93,"2,93 $",11.99,"Était±  11,99 $prix était 11,99 $",2.93,"2,93 $",2.93,"2,93 $",true,https://www.canadiantire.ca/fr/pdp/ruban-autocollant-antiderapant-shoreline-marine-blanc-2-po-x-10-pi-0790409p.html,https://www.canadiantire.ca/fr/pdp/ruban-autocollant-antiderapant-shoreline-marine-blanc-2-po-x-10-pi-0790409p.html,undefined,undefined,,0790409,079-0409-4,Il n’en reste que 6 #079-0409-4,Liquidation◊,75.56,"2,93","11,99"
127,"Uxbridge, ON",Décalcomanie RAM robuste,Décalcomanie RAM robuste,8.93,"8,93 $",17.99,"Était±  17,99 $prix était 17,99 $",8.93,"8,93 $",8.93,"8,93 $",true,https://www.canadiantire.ca/fr/pdp/decalcomanie-ram-robuste-0379285p.html,https://www.canadiantire.ca/fr/pdp/decalcomanie-ram-robuste-0379285p.html,https://media-www.canadiantire.ca/product/automotive/car-care-accessories/auto-accessories/0379285/ram-rugged-decal-e0985f92-5087-4e6b-9f67-1558590e9c92-jpgrendition.jpg?im=whresize&wid=200&hei=200,https://media-www.canadiantire.ca/product/automotive/car-care-accessories/auto-accessories/0379285/ram-rugged-decal-e0985f92-5087-4e6b-9f67-1558590e9c92-jpgrendition.jpg?im=whresize&wid=200&hei=200,,0379285,037-9285-2,Il n’en reste que 1 #037-9285-2,Liquidation◊,50.36,"8,93","17,99"
127,"Uxbridge, ON","Pistolet à bulles Gazillion Bubbles Mega avec 4 oz de solution à bulles, 3 ans et plus","Pistolet à bulles Gazillion Bubbles Mega avec 4 oz de solution à bulles, 3 ans et plus",4.93,"4,93 $",14.99,"Était±  14,99 $prix était 14,99 $",4.93,"4,93 $",4.93,"4,93 $",true,https://www.canadiantire.ca/fr/pdp/pistolet-a-bulles-gazillion-bubbles-mega-avec-4-oz-de-solution-a-bulles-3-ans-et-plus-0509730p.html,https://www.canadiantire.ca/fr/pdp/pistolet-a-bulles-gazillion-bubbles-mega-avec-4-oz-de-solution-a-bulles-3-ans-et-plus-0509730p.html,https://media-www.canadiantire.ca/product/seasonal-gardening/toys/seasonal-toys/0509730/mega-bubble-blaster-de636d8c-2cb3-4cbd-a379-9131c1774b9f-jpgrendition.jpg?im=whresize&wid=200&hei=200,https://media-www.canadiantire.ca/product/seasonal-gardening/toys/seasonal-toys/0509730/mega-bubble-blaster-de636d8c-2cb3-4cbd-a379-9131c1774b9f-jpgrendition.jpg?im=whresize&wid=200&hei=200,,0509730,050-9730-8,,Liquidation◊,67.11,"4,93","14,99"
127,"Uxbridge, ON","Pince assainisseur pour bouche d'aération Axe Dark Temp, paq. 2","Pince assainisseur pour bouche d'aération Axe Dark Temp, paq. 2",4.93,"4,93 $",9.99,"Était±  9,99 $prix était 9,99 $",4.93,"4,93 $",4.93,"4,93 $",true,https://www.canadiantire.ca/fr/pdp/pince-assainisseur-pour-bouche-d-aeration-axe-dark-temp-paq-2-0372198p.html,https://www.canadiantire.ca/fr/pdp/pince-assainisseur-pour-bouche-d-aeration-axe-dark-temp-paq-2-0372198p.html,https://media-www.canadiantire.ca/product/automotive/car-care-accessories/auto-accessories/0372198/axe-dark-temp-vent-clip-2pk-fc0bec1e-41d6-4f91-8143-5e0d4f4832c6-jpgrendition.jpg?im=whresize&wid=200&hei=200,https://media-www.canadiantire.ca/product/automotive/car-care-accessories/auto-accessories/0372198/axe-dark-temp-vent-clip-2pk-fc0bec1e-41d6-4f91-8143-5e0d4f4832c6-jpgrendition.jpg?im=whresize&wid=200&hei=200,,0372198,037-2198-2,Il n’en reste que 3 #037-2198-2,Liquidation◊,50.65,"4,93","9,99"
127,"Uxbridge, ON","Jardinière Bloem Saturn avec soucoupe, rond, résine, vert menthe, 7 po","Jardinière Bloem Saturn avec soucoupe, rond, résine, vert menthe, 7 po",2.93,"2,93 $",6.99,"Était±  6,99 $prix était 6,99 $",2.93,"2,93 $",2.93,"2,93 $",true,https://www.canadiantire.ca/fr/pdp/jardiniere-bloem-saturn-avec-soucoupe-rond-resine-vert-menthe-7-po-1592631p.html,https://www.canadiantire.ca/fr/pdp/jardiniere-bloem-saturn-avec-soucoupe-rond-resine-vert-menthe-7-po-1592631p.html,https://media-www.canadiantire.ca/product/seasonal-gardening/gardening/gardening-plant-accessories/1592631/7-saturn-in-mint-green-4b82edf8-2218-4858-bc44-094b47f42f5d-jpgrendition.jpg?im=whresize&wid=200&hei=200,https://media-www.canadiantire.ca/product/seasonal-gardening/gardening/gardening-plant-accessories/1592631/7-saturn-in-mint-green-4b82edf8-2218-4858-bc44-094b47f42f5d-jpgrendition.jpg?im=whresize&wid=200&hei=200,,1592631,159-2631-0,Il n’en reste que 1 #159-2631-0,Liquidation◊Mieux notés,58.08,"2,93","6,99"
127,"Uxbridge, ON","Feux à DEL ronds tout terrain Blazer C3067K, 12V","Feux à DEL ronds tout terrain Blazer C3067K, 12V",20.93,"20,93 $",49.99,"Était±  49,99 $prix était 49,99 $",20.93,"20,93 $",20.93,"20,93 $",true,https://www.canadiantire.ca/fr/pdp/feux-a-del-ronds-tout-terrain-blazer-c3067k-12v-0203780p.html,https://www.canadiantire.ca/fr/pdp/feux-a-del-ronds-tout-terrain-blazer-c3067k-12v-0203780p.html,https://media-www.canadiantire.ca/product/automotive/automotive-outdoor-adventure/auto-travel-storage/0203780/led-3-round-light-d76df1ca-28bd-4734-a648-4e309facfe4d-jpgrendition.jpg?im=whresize&wid=200&hei=200,https://media-www.canadiantire.ca/product/automotive/automotive-outdoor-adventure/auto-travel-storage/0203780/led-3-round-light-d76df1ca-28bd-4734-a648-4e309facfe4d-jpgrendition.jpg?im=whresize&wid=200&hei=200,,0203780,020-3780-6,Il n’en reste que 2 #020-3780-6,Liquidation◊,58.13,"20,93","49,99"
127,"Uxbridge, ON","Ruban à conduit pour basses températures CanTech, résistant à l'humidité et à l'eau, adhère à 5 °C, 48 mm x 33 m","Ruban à conduit pour basses températures CanTech, résistant à l'humidité et à l'eau, adhère à 5 °C, 48 mm x 33 m",9.93,"9,93 $",19.99,"Était±  19,99 $prix était 19,99 $",9.93,"9,93 $",9.93,"9,93 $",true,https://www.canadiantire.ca/fr/pdp/ruban-a-conduit-pour-basses-temperatures-cantech-resistant-a-l-humidite-et-a-l-eau-adhere-a-5-c-48-mm-x-33-m-0676014p.html,https://www.canadiantire.ca/fr/pdp/ruban-a-conduit-pour-basses-temperatures-cantech-resistant-a-l-humidite-et-a-l-eau-adhere-a-5-c-48-mm-x-33-m-0676014p.html,https://media-www.canadiantire.ca/product/fixing/paint/surface-prep-maintenance/0676014/snow-ice-duct-tape-66e07fbc-2fe0-40f9-b917-88a9f9e361f7-jpgrendition.jpg?im=whresize&wid=200&hei=200,https://media-www.canadiantire.ca/product/fixing/paint/surface-prep-maintenance/0676014/snow-ice-duct-tape-66e07fbc-2fe0-40f9-b917-88a9f9e361f7-jpgrendition.jpg?im=whresize&wid=200&hei=200,,0676014,067-6014-4,,Liquidation◊Mieux notés,50.33,"9,93","19,99"
127,"Uxbridge, ON","Poupée Elsa La Reine des neiges et accessoires, 3 ans et plus","Poupée Elsa La Reine des neiges et accessoires, 3 ans et plus",28.73,"28,73 $",59.99,"Était±  59,99 $prix était 59,99 $",28.73,"28,73 $",28.73,"28,73 $",true,https://www.canadiantire.ca/fr/pdp/poupee-elsa-la-reine-des-neiges-et-accessoires-3-ans-et-plus-1500320p.html,https://www.canadiantire.ca/fr/pdp/poupee-elsa-la-reine-des-neiges-et-accessoires-3-ans-et-plus-1500320p.html,https://media-www.canadiantire.ca/product/seasonal-gardening/toys/toys-games/1500320/frozen-doll-with-accessories-gift-set-686799ba-f4ab-4c69-b6e5-43301dc16819-jpgrendition.jpg?im=whresize&wid=200&hei=200,https://media-www.canadiantire.ca/product/seasonal-gardening/toys/toys-games/1500320/frozen-doll-with-accessories-gift-set-686799ba-f4ab-4c69-b6e5-43301dc16819-jpgrendition.jpg?im=whresize&wid=200&hei=200,,1500320,150-0320-0,Il n’en reste que 1 #150-0320-0,Liquidation◊Exclusivité,52.11,"28,73","59,99"
127,"Uxbridge, ON","Leurre Redwolf Fancy Popper, paq. 3","Leurre Redwolf Fancy Popper, paq. 3",8.93,"8,93 $",19.99,"Était±  19,99 $prix était 19,99 $",8.93,"8,93 $",8.93,"8,93 $",true,https://www.canadiantire.ca/fr/pdp/leurre-redwolf-fancy-popper-paq-3-0771719p.html,https://www.canadiantire.ca/fr/pdp/leurre-redwolf-fancy-popper-paq-3-0771719p.html,https://media-www.canadiantire.ca/product/playing/fishing/fishing-lures/0771719/redwolf-fancy-popper-3-pack-28df5c9c-f256-430c-95cd-b68bd9adbfa6-jpgrendition.jpg?im=whresize&wid=200&hei=200,https://media-www.canadiantire.ca/product/playing/fishing/fishing-lures/0771719/redwolf-fancy-popper-3-pack-28df5c9c-f256-430c-95cd-b68bd9adbfa6-jpgrendition.jpg?im=whresize&wid=200&hei=200,,0771719,077-1719-4,,Liquidation◊Exclusivité,55.33,"8,93","19,99"
127,"Uxbridge, ON","Leurre pour pêche blanche Rapala Jigging Rap, taille 7","Leurre pour pêche blanche Rapala Jigging Rap, taille 7",4.93,"4,93 $",10.99,"10,99 $Était   et+ prix était à partir de 10,99 $",4.93,"4,93 $",4.93,"4,93 $",true,https://www.canadiantire.ca/fr/pdp/leurre-pour-peche-blanche-rapala-jigging-rap-taille-7-0777894p.html,https://www.canadiantire.ca/fr/pdp/leurre-pour-peche-blanche-rapala-jigging-rap-taille-7-0777894p.html,https://media-www.canadiantire.ca/product/playing/fishing/ice-fishing/0777894/rapala-jigging-rap-live-goby-07-10c72cac-cd3e-4f31-8fa3-b7a775979e25-jpgrendition.jpg?im=whresize&wid=200&hei=200,https://media-www.canadiantire.ca/product/playing/fishing/ice-fishing/0777894/rapala-jigging-rap-live-goby-07-10c72cac-cd3e-4f31-8fa3-b7a775979e25-jpgrendition.jpg?im=whresize&wid=200&hei=200,,0777894,077-7894,Vérifiez la disponibilité#077-7894X,Liquidation◊,55.14,"4,93","10,99"
127,"Uxbridge, ON",Passoire à cocktail en acier inoxydable Houdini,Passoire à cocktail en acier inoxydable Houdini,7.93,"7,93 $",19.99,"Était±  19,99 $prix était 19,99 $",7.93,"7,93 $",7.93,"7,93 $",true,https://www.canadiantire.ca/fr/pdp/passoire-a-cocktail-en-acier-inoxydable-houdini-2420080p.html,https://www.canadiantire.ca/fr/pdp/passoire-a-cocktail-en-acier-inoxydable-houdini-2420080p.html,https://media-www.canadiantire.ca/product/living/kitchen/dining-and-entertaining/2420080/houdini-strainer-281d3542-cf96-4f0b-ac95-1f29d63f58ad-jpgrendition.jpg?im=whresize&wid=200&hei=200,https://media-www.canadiantire.ca/product/living/kitchen/dining-and-entertaining/2420080/houdini-strainer-281d3542-cf96-4f0b-ac95-1f29d63f58ad-jpgrendition.jpg?im=whresize&wid=200&hei=200,,2420080,242-0080-2,Il n’en reste que 1 #242-0080-2,Liquidation◊,60.33,"7,93","19,99"
127,"Uxbridge, ON","Poignées en métal en forme d’arc Peerless, nickel satiné, 3 po, paq. 6","Poignées en métal en forme d’arc Peerless, nickel satiné, 3 po, paq. 6",7.93,"7,93 $",23.99,"Était±  23,99 $prix était 23,99 $",7.93,"7,93 $",7.93,"7,93 $",true,https://www.canadiantire.ca/fr/pdp/poignees-en-metal-en-forme-d-arc-peerless-nickel-satine-3-po-paq-6-0467410p.html,https://www.canadiantire.ca/fr/pdp/poignees-en-metal-en-forme-d-arc-peerless-nickel-satine-3-po-paq-6-0467410p.html,https://media-www.canadiantire.ca/product/living/home-decor/decor-accents/0467410/peerless-3-arch-pull-6pk-satin-nickel-a6285460-d9dd-4616-9f86-6ef479cbc3d4-jpgrendition.jpg?im=whresize&wid=200&hei=200,https://media-www.canadiantire.ca/product/living/home-decor/decor-accents/0467410/peerless-3-arch-pull-6pk-satin-nickel-a6285460-d9dd-4616-9f86-6ef479cbc3d4-jpgrendition.jpg?im=whresize&wid=200&hei=200,,0467410,046-7410-4,Il n’en reste que 5 #046-7410-4,Liquidation◊Mieux notés,66.94,"7,93","23,99"
127,"Uxbridge, ON","Poignées étagées en métal Peerless, fixation double, fer doux, 3 po, paq. 6","Poignées étagées en métal Peerless, fixation double, fer doux, 3 po, paq. 6",9.93,"9,93 $",24.99,"Était±  24,99 $prix était 24,99 $",9.93,"9,93 $",9.93,"9,93 $",true,https://www.canadiantire.ca/fr/pdp/poignees-etagees-en-metal-peerless-fixation-double-fer-doux-3-po-paq-6-0467087p.html,https://www.canadiantire.ca/fr/pdp/poignees-etagees-en-metal-peerless-fixation-double-fer-doux-3-po-paq-6-0467087p.html,https://media-www.canadiantire.ca/product/living/home-decor/decor-accents/0467087/peerless-3-96mm-dual-mount-step-edge-pull-6pk-soft-iron-adb386f9-37d1-4f81-99ff-d1cf1cf5c508-jpgrendition.jpg?im=whresize&wid=200&hei=200,https://media-www.canadiantire.ca/product/living/home-decor/decor-accents/0467087/peerless-3-96mm-dual-mount-step-edge-pull-6pk-soft-iron-adb386f9-37d1-4f81-99ff-d1cf1cf5c508-jpgrendition.jpg?im=whresize&wid=200&hei=200,,0467087,046-7087-4,Il n’en reste que 5 #046-7087-4,Liquidation◊Mieux notés,60.26,"9,93","24,99"
127,"Uxbridge, ON","Lampe stroboscopique courbée imperméable de Hendo, blanc et ambre","Lampe stroboscopique courbée imperméable de Hendo, blanc et ambre",19.93,"19,93 $",69.99,"Était±  69,99 $prix était 69,99 $",19.93,"19,93 $",19.93,"19,93 $",true,https://www.canadiantire.ca/fr/pdp/lampe-stroboscopique-courbee-impermeable-de-hendo-blanc-et-ambre-0203809p.html,https://www.canadiantire.ca/fr/pdp/lampe-stroboscopique-courbee-impermeable-de-hendo-blanc-et-ambre-0203809p.html,https://media-www.canadiantire.ca/product/automotive/automotive-outdoor-adventure/auto-travel-storage/0203809/hendo-curved-white-and-amber-strobe-light-0b705f05-fd5a-4b01-9b00-cccbccce93ba-jpgrendition.jpg?im=whresize&wid=200&hei=200,https://media-www.canadiantire.ca/product/automotive/automotive-outdoor-adventure/auto-travel-storage/0203809/hendo-curved-white-and-amber-strobe-light-0b705f05-fd5a-4b01-9b00-cccbccce93ba-jpgrendition.jpg?im=whresize&wid=200&hei=200,,0203809,020-3809-2,11 En Stock#020-3809-2,Liquidation◊Exclusivité,71.52,"19,93","69,99"
127,"Uxbridge, ON",Adaptateur Hymair pour peinture,Adaptateur Hymair pour peinture,7.93,"7,93 $",15.99,"Était±  15,99 $prix était 15,99 $",7.93,"7,93 $",7.93,"7,93 $",true,https://www.canadiantire.ca/fr/pdp/adaptateur-hymair-pour-peinture-0581960p.html,https://www.canadiantire.ca/fr/pdp/adaptateur-hymair-pour-peinture-0581960p.html,https://media-www.canadiantire.ca/product/fixing/tools/air-tools-accessories/0581960/hymiar-paint-adaptor-2ede0503-35a6-449b-b84a-87b52f7fc5cb-jpgrendition.jpg?im=whresize&wid=200&hei=200,https://media-www.canadiantire.ca/product/fixing/tools/air-tools-accessories/0581960/hymiar-paint-adaptor-2ede0503-35a6-449b-b84a-87b52f7fc5cb-jpgrendition.jpg?im=whresize&wid=200&hei=200,,0581960,058-1960-2,8 En Stock#058-1960-2,Liquidation◊,50.41,"7,93","15,99"
127,"Uxbridge, ON","Ballon en aluminium satiné, perluète, choix de couleurs, 11 x 14 po, gonflé d'air, pour anniversaire/remise de diplômes/fête prénatale/mariage de finissants","Ballon en aluminium satiné, perluète, choix de couleurs, 11 x 14 po, gonflé d'air, pour anniversaire/remise de diplômes/fête prénatale/mariage de finissants",0.43,"0,43 $",2.99,"2,99 $Était   et+ prix était à partir de 2,99 $",0.43,"0,43 $",0.43,"0,43 $",true,https://www.canadiantire.ca/fr/pdp/ballon-en-aluminium-satine-perluete-choix-de-couleurs-11-x-14-po-gonfle-d-air-pour-anniversaire-remise-de-diplomes-fete-prenatale-mariage-de-finissants-8423768p.html,https://www.canadiantire.ca/fr/pdp/ballon-en-aluminium-satine-perluete-choix-de-couleurs-11-x-14-po-gonfle-d-air-pour-anniversaire-remise-de-diplomes-fete-prenatale-mariage-de-finissants-8423768p.html,https://media-www.canadiantire.ca/product/seasonal-gardening/party-city-everyday/party-city-party-supplies-decor/8423768/gld-blln-a-f-a-1427563c-4a8c-40a9-80e5-738dea6ac968-jpgrendition.jpg?im=whresize&wid=200&hei=200,https://media-www.canadiantire.ca/product/seasonal-gardening/party-city-everyday/party-city-party-supplies-decor/8423768/gld-blln-a-f-a-1427563c-4a8c-40a9-80e5-738dea6ac968-jpgrendition.jpg?im=whresize&wid=200&hei=200,,8423768,842-3768,Vérifiez la disponibilité#842-3768X,Liquidation◊,85.62,"0,43","2,99"
