store_id,city,name,title,price,price_raw,regular_price,regular_price_raw,liquidation_price,liquidation_price_raw,sale_price,sale_price_raw,liquidation,url,link,image,image_url,product_id,sku,sku_formatted,availability,badges,discount_percent,price_sale_clean,price_original_clean
285,"Amos, QC","Housse de pare-brise 2-en-1 MyRide pour soleil et neige, convient à la plupart des véhicules","Housse de pare-brise 2-en-1 MyRide pour soleil et neige, convient à la plupart des véhicules",9.93,"9,93 $",32.99,"Était±  32,99 $prix était 32,99 $",9.93,"9,93 $",9.93,"9,93 $",true,https://www.canadiantire.ca/fr/pdp/housse-de-pare-brise-2-en-1-myride-pour-soleil-et-neige-convient-a-la-plupart-des-vehicules-0304491p.html,https://www.canadiantire.ca/fr/pdp/housse-de-pare-brise-2-en-1-myride-pour-soleil-et-neige-convient-a-la-plupart-des-vehicules-0304491p.html,https://media-www.canadiantire.ca/product/automotive/car-care-accessories/auto-winter-accessories/0304491/myride-sun-and-snow-windshield-cover-1d0e1f73-cc79-4090-b8a5-bdaefbe970b7-jpgrendition.jpg?im=whresize&wid=200&hei=200,https://media-www.canadiantire.ca/product/automotive/car-care-accessories/auto-winter-accessories/0304491/myride-sun-and-snow-windshield-cover-1d0e1f73-cc79-4090-b8a5-bdaefbe970b7-jpgrendition.jpg?im=whresize&wid=200&hei=200,,0304491,030-4491-4,10 En Stock#030-4491-4,Liquidation◊Articles à succès,69.9,"9,93","32,99"
285,"Amos, QC","Service de vaisselle en porcelaine festonnée CANVAS Odessa, blanc, paq. 12","Service de vaisselle en porcelaine festonnée CANVAS Odessa, blanc, paq. 12",39.93,"39,93 $",79.99,"Était±  79,99 $prix était 79,99 $",39.93,"39,93 $",39.93,"39,93 $",true,https://www.canadiantire.ca/fr/pdp/service-de-vaisselle-en-porcelaine-festonnee-canvas-odessa-blanc-paq-12-2421125p.html,https://www.canadiantire.ca/fr/pdp/service-de-vaisselle-en-porcelaine-festonnee-canvas-odessa-blanc-paq-12-2421125p.html,https://media-www.canadiantire.ca/product/living/kitchen/dining-and-entertaining/2421125/canvas-12-pc-scalloped-porcelain-dinnerware-set-ee9e4e35-9ab4-4375-aacf-2b058a08cc90-jpgrendition.jpg?im=whresize&wid=200&hei=200,https://media-www.canadiantire.ca/product/living/kitchen/dining-and-entertaining/2421125/canvas-12-pc-scalloped-porcelain-dinnerware-set-ee9e4e35-9ab4-4375-aacf-2b058a08cc90-jpgrendition.jpg?im=whresize&wid=200&hei=200,,2421125,242-1125-2,Il n’en reste que 1 #242-1125-2,Liquidation◊Mieux notés,50.08,"39,93","79,99"
285,"Amos, QC","Cintres pivotants compacts en velours Type A avec barre à pantalon, couleurs variées, paq. 40","Cintres pivotants compacts en velours Type A avec barre à pantalon, couleurs variées, paq. 40",12.93,"12,93 $",32.99,"32,99 $Était   et+ prix était à partir de 32,99 $",12.93,"12,93 $",12.93,"12,93 $",true,https://www.canadiantire.ca/fr/pdp/cintres-pivotants-compacts-en-velours-type-a-avec-barre-a-pantalon-couleurs-variees-paq-40-0688307p.html,https://www.canadiantire.ca/fr/pdp/cintres-pivotants-compacts-en-velours-type-a-avec-barre-a-pantalon-couleurs-variees-paq-40-0688307p.html,https://media-www.canadiantire.ca/product/living/home-organization/closet-organization/0688308/type-a-velvet-suit-hanger-black-10pk-4afb3f73-0449-46d6-975c-369ae2760de2-jpgrendition.jpg?im=whresize&wid=200&hei=200,https://media-www.canadiantire.ca/product/living/home-organization/closet-organization/0688308/type-a-velvet-suit-hanger-black-10pk-4afb3f73-0449-46d6-975c-369ae2760de2-jpgrendition.jpg?im=whresize&wid=200&hei=200,,0688307,068-8307,Vérifiez la disponibilité#068-8307X,Liquidation◊Mieux notés,60.81,"12,93","32,99"
285,"Amos, QC","Toile pare soleil triangulaire ShelterLogic, 12 pi","Toile pare soleil triangulaire ShelterLogic, 12 pi",24.93,"24,93 $",54.99,"Était±  54,99 $prix était 54,99 $",24.93,"24,93 $",24.93,"24,93 $",true,https://www.canadiantire.ca/fr/pdp/toile-pare-soleil-triangulaire-shelterlogic-12-pi-0882307p.html,https://www.canadiantire.ca/fr/pdp/toile-pare-soleil-triangulaire-shelterlogic-12-pi-0882307p.html,https://media-www.canadiantire.ca/product/seasonal-gardening/backyard-living/outdoor-furniture/0882240/shelter-logic-triangle-shade-sail-12--2c190960-0271-482d-a439-b31dbf8f42e7-jpgrendition.jpg?im=whresize&wid=200&hei=200,https://media-www.canadiantire.ca/product/seasonal-gardening/backyard-living/outdoor-furniture/0882240/shelter-logic-triangle-shade-sail-12--2c190960-0271-482d-a439-b31dbf8f42e7-jpgrendition.jpg?im=whresize&wid=200&hei=200,,0882307,088-2307-2,Il n’en reste que 1 #088-2307-2,Liquidation◊,54.66,"24,93","54,99"
285,"Amos, QC","Tasse de voyage à double paroi avec poignée Bubba Keg Classic, 20 oz, choix de couleurs","Tasse de voyage à double paroi avec poignée Bubba Keg Classic, 20 oz, choix de couleurs",9.93,"9,93 $",24.99,"24,99 $Était   et+ prix était à partir de 24,99 $",9.93,"9,93 $",9.93,"9,93 $",true,https://www.canadiantire.ca/fr/pdp/tasse-de-voyage-a-double-paroi-avec-poignee-bubba-keg-classic-20-oz-choix-de-couleurs-2425153p.html,https://www.canadiantire.ca/fr/pdp/tasse-de-voyage-a-double-paroi-avec-poignee-bubba-keg-classic-20-oz-choix-de-couleurs-2425153p.html,https://media-www.canadiantire.ca/product/living/kitchen/food-storage/2425154/bubba-20-oz-keg-mug-magenta-0effc0af-c6a5-482f-b1fb-0de772f237a0-jpgrendition.jpg?im=whresize&wid=200&hei=200,https://media-www.canadiantire.ca/product/living/kitchen/food-storage/2425154/bubba-20-oz-keg-mug-magenta-0effc0af-c6a5-482f-b1fb-0de772f237a0-jpgrendition.jpg?im=whresize&wid=200&hei=200,,2425153,242-5153,Vérifiez la disponibilité#242-5153X,Liquidation◊Mieux notés,60.26,"9,93","24,99"
285,"Amos, QC","Bouteille d'eau isotherme en acier inoxydable à rotation Owala FreeSip, sans BPA, choix de couleurs, 24 oz","Bouteille d'eau isotherme en acier inoxydable à rotation Owala FreeSip, sans BPA, choix de couleurs, 24 oz",19.93,"19,93 $",41.99,"41,99 $Était   et+ prix était à partir de 41,99 $",19.93,"19,93 $",19.93,"19,93 $",true,https://www.canadiantire.ca/fr/pdp/bouteille-d-eau-isotherme-en-acier-inoxydable-a-rotation-owala-freesip-sans-bpa-choix-de-couleurs-24-oz-2425435p.html,https://www.canadiantire.ca/fr/pdp/bouteille-d-eau-isotherme-en-acier-inoxydable-a-rotation-owala-freesip-sans-bpa-choix-de-couleurs-24-oz-2425435p.html,https://media-www.canadiantire.ca/product/living/kitchen/food-storage/2425436/owala-24oz-freesip-twist-water-bottle-sleepy-lavender-5af8f9a9-6c8d-4f41-bcba-abcafe8f1759-jpgrendition.jpg?im=whresize&wid=200&hei=200,https://media-www.canadiantire.ca/product/living/kitchen/food-storage/2425436/owala-24oz-freesip-twist-water-bottle-sleepy-lavender-5af8f9a9-6c8d-4f41-bcba-abcafe8f1759-jpgrendition.jpg?im=whresize&wid=200&hei=200,,2425435,242-5435,Vérifiez la disponibilité#242-5435X,Liquidation◊Mieux notés,52.54,"19,93","41,99"
285,"Amos, QC",Aspirateur sans fil de déchets secs/humides tout-en-un et appareil de nettoyage de planchers durs Bissell CrossWave OmniFind Pet Pro,Aspirateur sans fil de déchets secs/humides tout-en-un et appareil de nettoyage de planchers durs Bissell CrossWave OmniFind Pet Pro,179.93,"179,93 $",379.99,"Était±  379,99 $prix était 379,99 $",179.93,"179,93 $",179.93,"179,93 $",true,https://www.canadiantire.ca/fr/pdp/aspirateur-sans-fil-de-dechets-secs-humides-tout-en-un-et-appareil-de-nettoyage-de-planchers-durs-bissell-crosswave-omnifind-pet-pro-0437233p.html,https://www.canadiantire.ca/fr/pdp/aspirateur-sans-fil-de-dechets-secs-humides-tout-en-un-et-appareil-de-nettoyage-de-planchers-durs-bissell-crosswave-omnifind-pet-pro-0437233p.html,https://media-www.canadiantire.ca/product/living/cleaning/vacuums-and-floorcare/0437233/bissell-omnifind-petpro-hard-floor-wet-cleaner-a8a44b1c-d6db-472c-a2a7-50098c512b75-jpgrendition.jpg?im=whresize&wid=200&hei=200,https://media-www.canadiantire.ca/product/living/cleaning/vacuums-and-floorcare/0437233/bissell-omnifind-petpro-hard-floor-wet-cleaner-a8a44b1c-d6db-472c-a2a7-50098c512b75-jpgrendition.jpg?im=whresize&wid=200&hei=200,,0437233,043-7233-2,Il n’en reste que 3 #043-7233-2,Liquidation◊Exclusivité,52.65,"179,93","379,99"
285,"Amos, QC","Sac de couchage double isotherme pour temps froid Coleman Flatlands avec sac de rangement, 10 °C","Sac de couchage double isotherme pour temps froid Coleman Flatlands avec sac de rangement, 10 °C",44.93,"44,93 $",99.99,"Était±  99,99 $prix était 99,99 $",44.93,"44,93 $",44.93,"44,93 $",true,https://www.canadiantire.ca/fr/pdp/sac-de-couchage-double-isotherme-pour-temps-froid-coleman-flatlands-avec-sac-de-rangement-10-c-0766638p.html,https://www.canadiantire.ca/fr/pdp/sac-de-couchage-double-isotherme-pour-temps-froid-coleman-flatlands-avec-sac-de-rangement-10-c-0766638p.html,https://media-www.canadiantire.ca/product/playing/camping/camping-furniture/0766638/coleman-flatlands-10c-sleeping-bag-cda9afb3-1271-4c50-9ed4-56d12c8e2b36-jpgrendition.jpg?im=whresize&wid=200&hei=200,https://media-www.canadiantire.ca/product/playing/camping/camping-furniture/0766638/coleman-flatlands-10c-sleeping-bag-cda9afb3-1271-4c50-9ed4-56d12c8e2b36-jpgrendition.jpg?im=whresize&wid=200&hei=200,,0766638,076-6638-8,Il n’en reste que 1 #076-6638-8,Liquidation◊Mieux notés,55.07,"44,93","99,99"
285,"Amos, QC","Fauteuil de salle à manger de jardin/d'extérieur en osier CANVAS Jasper, toute saison, paq. 2","Fauteuil de salle à manger de jardin/d'extérieur en osier CANVAS Jasper, toute saison, paq. 2",179.93,"179,93 $",499.99,"Était±  499,99 $prix était 499,99 $",179.93,"179,93 $",179.93,"179,93 $",true,https://www.canadiantire.ca/fr/pdp/fauteuil-de-salle-a-manger-de-jardin-d-exterieur-en-osier-canvas-jasper-toute-saison-paq-2-1880272p.html,https://www.canadiantire.ca/fr/pdp/fauteuil-de-salle-a-manger-de-jardin-d-exterieur-en-osier-canvas-jasper-toute-saison-paq-2-1880272p.html,https://media-www.canadiantire.ca/product/seasonal-gardening/backyard-living/outdoor-furniture/1880272/canvas-jasper-dining-chair-2pk-2a5479fd-5f27-4f3d-85e2-8b4b9fa230c9-jpgrendition.jpg?im=whresize&wid=200&hei=200,https://media-www.canadiantire.ca/product/seasonal-gardening/backyard-living/outdoor-furniture/1880272/canvas-jasper-dining-chair-2pk-2a5479fd-5f27-4f3d-85e2-8b4b9fa230c9-jpgrendition.jpg?im=whresize&wid=200&hei=200,,1880272,188-0272-6,Il n’en reste que 1 #188-0272-6,Liquidation◊Exclusivité,64.01,"179,93","499,99"
285,"Amos, QC","Ensemble de détente For Living Avenue, 4 pièces","Ensemble de détente For Living Avenue, 4 pièces",349.93,"349,93 $",699.99,"Était±  699,99 $prix était 699,99 $",349.93,"349,93 $",349.93,"349,93 $",true,https://www.canadiantire.ca/fr/pdp/ensemble-de-detente-for-living-avenue-4-pieces-1881372p.html,https://www.canadiantire.ca/fr/pdp/ensemble-de-detente-for-living-avenue-4-pieces-1881372p.html,https://media-www.canadiantire.ca/product/seasonal-gardening/backyard-living/outdoor-furniture/1881372/for-living-avenue-4-pc-conversation-set-3f6194c7-af31-4b20-8c68-e15c8926954d-jpgrendition.jpg?im=whresize&wid=200&hei=200,https://media-www.canadiantire.ca/product/seasonal-gardening/backyard-living/outdoor-furniture/1881372/for-living-avenue-4-pc-conversation-set-3f6194c7-af31-4b20-8c68-e15c8926954d-jpgrendition.jpg?im=whresize&wid=200&hei=200,,1881372,188-1372-2,Il n’en reste que 1 #188-1372-2,Liquidation◊Exclusivité,50.01,"349,93","699,99"
285,"Amos, QC","Lampe à faisceau large à DEL Mastercraft, 1500 lumens, compatible PWR POD","Lampe à faisceau large à DEL Mastercraft, 1500 lumens, compatible PWR POD",31.96,"31,96 $",119.99,"Était±  119,99 $prix était 119,99 $",31.96,"31,96 $",31.96,"31,96 $",true,https://www.canadiantire.ca/fr/pdp/lampe-a-faisceau-large-a-del-mastercraft-1500-lumens-compatible-pwr-pod-0372969p.html,https://www.canadiantire.ca/fr/pdp/lampe-a-faisceau-large-a-del-mastercraft-1500-lumens-compatible-pwr-pod-0372969p.html,https://media-www.canadiantire.ca/product/automotive/car-care-accessories/auto-accessories/0372969/mastercraft-1500-lumens-spotlight-pwr-pod-compatible-363c7083-04a4-4a37-b863-da8214fd1958-jpgrendition.jpg?im=whresize&wid=200&hei=200,https://media-www.canadiantire.ca/product/automotive/car-care-accessories/auto-accessories/0372969/mastercraft-1500-lumens-spotlight-pwr-pod-compatible-363c7083-04a4-4a37-b863-da8214fd1958-jpgrendition.jpg?im=whresize&wid=200&hei=200,,0372969,037-2969-8,32 En Stock#037-2969-8,Liquidation◊Mieux notés,73.36,"31,96","119,99"
285,"Amos, QC","Ciseaux à prise confortable pour enfants de Merangue, pointe arrondie, couleurs variées, 5 po, paq. 2","Ciseaux à prise confortable pour enfants de Merangue, pointe arrondie, couleurs variées, 5 po, paq. 2",1.93,"1,93 $",3.99,"Était±  3,99 $prix était 3,99 $",1.93,"1,93 $",1.93,"1,93 $",true,https://www.canadiantire.ca/fr/pdp/ciseaux-a-prise-confortable-pour-enfants-de-merangue-pointe-arrondie-couleurs-variees-5-po-paq-2-1420189p.html,https://www.canadiantire.ca/fr/pdp/ciseaux-a-prise-confortable-pour-enfants-de-merangue-pointe-arrondie-couleurs-variees-5-po-paq-2-1420189p.html,https://media-www.canadiantire.ca/product/seasonal-gardening/toys/home-office-supplies/1420189/5-inch-scissors-2-pack-202ee474-b695-4995-8070-a8b862e0e850-jpgrendition.jpg?im=whresize&wid=200&hei=200,https://media-www.canadiantire.ca/product/seasonal-gardening/toys/home-office-supplies/1420189/5-inch-scissors-2-pack-202ee474-b695-4995-8070-a8b862e0e850-jpgrendition.jpg?im=whresize&wid=200&hei=200,,1420189,142-0189-4,12 En Stock#142-0189-4,Liquidation◊Mieux notés,51.63,"1,93","3,99"
285,"Amos, QC",Barbecue électrique pour balcon Vermont Castings Ascent à 3 brûleurs avec couvercle en fonte,Barbecue électrique pour balcon Vermont Castings Ascent à 3 brûleurs avec couvercle en fonte,349.93,"349,93 $",699.99,"Était±  699,99 $prix était 699,99 $",349.93,"349,93 $",349.93,"349,93 $",true,https://www.canadiantire.ca/fr/pdp/barbecue-electrique-pour-balcon-vermont-castings-ascent-a-3-bruleurs-avec-couvercle-en-fonte-0853188p.html,https://www.canadiantire.ca/fr/pdp/barbecue-electrique-pour-balcon-vermont-castings-ascent-a-3-bruleurs-avec-couvercle-en-fonte-0853188p.html,https://media-www.canadiantire.ca/product/seasonal-gardening/backyard-living/outdoor-cooking/0853188/vermont-castings-electric-grill-177bcaa9-dfaf-4c3c-964a-6ba85ac3e518-jpgrendition.jpg?im=whresize&wid=200&hei=200,https://media-www.canadiantire.ca/product/seasonal-gardening/backyard-living/outdoor-cooking/0853188/vermont-castings-electric-grill-177bcaa9-dfaf-4c3c-964a-6ba85ac3e518-jpgrendition.jpg?im=whresize&wid=200&hei=200,,0853188,085-3188-4,,Liquidation◊Exclusivité,50.01,"349,93","699,99"
285,"Amos, QC","Porte-boisson flottant gonflable rond pour piscine à thème de fruit Stella & Finn, choix variés","Porte-boisson flottant gonflable rond pour piscine à thème de fruit Stella & Finn, choix variés",1.93,"1,93 $",4.99,"Était±  4,99 $prix était 4,99 $",1.93,"1,93 $",1.93,"1,93 $",true,https://www.canadiantire.ca/fr/pdp/porte-boisson-flottant-gonflable-rond-pour-piscine-a-theme-de-fruit-stella-finn-choix-varies-0813493p.html,https://www.canadiantire.ca/fr/pdp/porte-boisson-flottant-gonflable-rond-pour-piscine-a-theme-de-fruit-stella-finn-choix-varies-0813493p.html,https://media-www.canadiantire.ca/product/seasonal-gardening/backyard-fun/pool-fun/0813493/stella-finn-inflatable-fruit-beverage-holder-assorted-b38690c3-0945-4779-ad45-d571fb059501-jpgrendition.jpg?im=whresize&wid=200&hei=200,https://media-www.canadiantire.ca/product/seasonal-gardening/backyard-fun/pool-fun/0813493/stella-finn-inflatable-fruit-beverage-holder-assorted-b38690c3-0945-4779-ad45-d571fb059501-jpgrendition.jpg?im=whresize&wid=200&hei=200,,0813493,081-3493-4,Il n’en reste que 4 #081-3493-4,Liquidation◊Exclusivité,61.32,"1,93","4,99"
285,"Amos, QC","Coussin décoratif réversible For Living collection estivale, nageurs, 16 x 16 po","Coussin décoratif réversible For Living collection estivale, nageurs, 16 x 16 po",9.93,"9,93 $",19.99,"Était±  19,99 $prix était 19,99 $",9.93,"9,93 $",9.93,"9,93 $",true,https://www.canadiantire.ca/fr/pdp/coussin-decoratif-reversible-for-living-collection-estivale-nageurs-16-x-16-po-1881331p.html,https://www.canadiantire.ca/fr/pdp/coussin-decoratif-reversible-for-living-collection-estivale-nageurs-16-x-16-po-1881331p.html,https://media-www.canadiantire.ca/product/seasonal-gardening/backyard-living/outdoor-living-accessories/1881331/for-living-summer-series-toss-cushions-swimmers-1855176e-1b0f-4840-819b-f34aecac6353-jpgrendition.jpg?im=whresize&wid=200&hei=200,https://media-www.canadiantire.ca/product/seasonal-gardening/backyard-living/outdoor-living-accessories/1881331/for-living-summer-series-toss-cushions-swimmers-1855176e-1b0f-4840-819b-f34aecac6353-jpgrendition.jpg?im=whresize&wid=200&hei=200,,1881331,188-1331-0,8 En Stock#188-1331-0,Liquidation◊Exclusivité,50.33,"9,93","19,99"
285,"Amos, QC","Armoire de salle de bains For Living Ladder, blanc","Armoire de salle de bains For Living Ladder, blanc",89.93,"89,93 $",184.99,"Était±  184,99 $prix était 184,99 $",89.93,"89,93 $",89.93,"89,93 $",true,https://www.canadiantire.ca/fr/pdp/armoire-de-salle-de-bains-for-living-ladder-blanc-1680133p.html,https://www.canadiantire.ca/fr/pdp/armoire-de-salle-de-bains-for-living-ladder-blanc-1680133p.html,https://media-www.canadiantire.ca/product/living/home-decor/furniture/1680133/for-living-ladder-bathroom-space-saver-a72e0b0e-3a99-49ca-9b93-5c68dc6c9527-jpgrendition.jpg?im=whresize&wid=200&hei=200,https://media-www.canadiantire.ca/product/living/home-decor/furniture/1680133/for-living-ladder-bathroom-space-saver-a72e0b0e-3a99-49ca-9b93-5c68dc6c9527-jpgrendition.jpg?im=whresize&wid=200&hei=200,,1680133,168-0133-6,Il n’en reste que 1 #168-0133-6,Liquidation◊Mieux notés,51.39,"89,93","184,99"
285,"Amos, QC","Meuble-lavabo simple CANVAS Creston à 1 porte, dessus en porcelaine vitrifiée, 20 po, noir","Meuble-lavabo simple CANVAS Creston à 1 porte, dessus en porcelaine vitrifiée, 20 po, noir",149.93,"149,93 $",299.99,"Était±  299,99 $prix était 299,99 $",149.93,"149,93 $",149.93,"149,93 $",true,https://www.canadiantire.ca/fr/pdp/meuble-lavabo-simple-canvas-creston-a-1-porte-dessus-en-porcelaine-vitrifiee-20-po-noir-0636374p.html,https://www.canadiantire.ca/fr/pdp/meuble-lavabo-simple-canvas-creston-a-1-porte-dessus-en-porcelaine-vitrifiee-20-po-noir-0636374p.html,https://media-www.canadiantire.ca/product/fixing/plumbing/faucets-fixtures/0636374/canvas-20a-creston-1-door-black-08058f48-d96e-4bca-b53b-a0634e072aae-jpgrendition.jpg?im=whresize&wid=200&hei=200,https://media-www.canadiantire.ca/product/fixing/plumbing/faucets-fixtures/0636374/canvas-20a-creston-1-door-black-08058f48-d96e-4bca-b53b-a0634e072aae-jpgrendition.jpg?im=whresize&wid=200&hei=200,,0636374,063-6374-4,Il n’en reste que 1 #063-6374-4,Liquidation◊Exclusivité,50.02,"149,93","299,99"
285,"Amos, QC","Virevent paon For Living, 47,64 po","Virevent paon For Living, 47,64 po",14.93,"14,93 $",37.99,"Était±  37,99 $prix était 37,99 $",14.93,"14,93 $",14.93,"14,93 $",true,https://www.canadiantire.ca/fr/pdp/virevent-paon-for-living-47-64-po-0597831p.html,https://www.canadiantire.ca/fr/pdp/virevent-paon-for-living-47-64-po-0597831p.html,https://media-www.canadiantire.ca/product/seasonal-gardening/backyard-living/outdoor-living-accessories/0597831/for-living-peacock-wind-spinner-garden-stake-5be5905c-4337-4511-a0d5-bb03ffa2088b-jpgrendition.jpg?im=whresize&wid=200&hei=200,https://media-www.canadiantire.ca/product/seasonal-gardening/backyard-living/outdoor-living-accessories/0597831/for-living-peacock-wind-spinner-garden-stake-5be5905c-4337-4511-a0d5-bb03ffa2088b-jpgrendition.jpg?im=whresize&wid=200&hei=200,,0597831,059-7831-2,Il n’en reste que 4 #059-7831-2,Liquidation◊Exclusivité,60.7,"14,93","37,99"
285,"Amos, QC",Pare-éclaboussures pliable en silicone Starfrit,Pare-éclaboussures pliable en silicone Starfrit,6.93,"6,93 $",16.99,"Était±  16,99 $prix était 16,99 $",6.93,"6,93 $",6.93,"6,93 $",true,https://www.canadiantire.ca/fr/pdp/pare-eclaboussures-pliable-en-silicone-starfrit-1426630p.html,https://www.canadiantire.ca/fr/pdp/pare-eclaboussures-pliable-en-silicone-starfrit-1426630p.html,https://media-www.canadiantire.ca/product/living/kitchen/kitchen-tools-thermometers/1426630/starfrit-silicone-folding-splatter-guard-c71a05e7-0731-4a15-babc-06d1ab20430d-jpgrendition.jpg?im=whresize&wid=200&hei=200,https://media-www.canadiantire.ca/product/living/kitchen/kitchen-tools-thermometers/1426630/starfrit-silicone-folding-splatter-guard-c71a05e7-0731-4a15-babc-06d1ab20430d-jpgrendition.jpg?im=whresize&wid=200&hei=200,,1426630,142-6630-6,Il n’en reste que 4 #142-6630-6,Liquidation◊Mieux notés,59.21,"6,93","16,99"
285,"Amos, QC","Statue d'abeille décorative à énergie solaire pour l'extérieur For Living, 7 po","Statue d'abeille décorative à énergie solaire pour l'extérieur For Living, 7 po",14.93,"14,93 $",35.99,"Était±  35,99 $prix était 35,99 $",14.93,"14,93 $",14.93,"14,93 $",true,https://www.canadiantire.ca/fr/pdp/statue-d-abeille-decorative-a-energie-solaire-pour-l-exterieur-for-living-7-po-1590037p.html,https://www.canadiantire.ca/fr/pdp/statue-d-abeille-decorative-a-energie-solaire-pour-l-exterieur-for-living-7-po-1590037p.html,https://media-www.canadiantire.ca/product/seasonal-gardening/backyard-living/outdoor-living-accessories/1590037/for-living-honey-bee-house-0a9ccb95-33fd-414c-8e30-2889fee38f62-jpgrendition.jpg?im=whresize&wid=200&hei=200,https://media-www.canadiantire.ca/product/seasonal-gardening/backyard-living/outdoor-living-accessories/1590037/for-living-honey-bee-house-0a9ccb95-33fd-414c-8e30-2889fee38f62-jpgrendition.jpg?im=whresize&wid=200&hei=200,,1590037,159-0037-8,Il n’en reste que 2 #159-0037-8,Liquidation◊Exclusivité,58.52,"14,93","35,99"
285,"Amos, QC","Planche de surf 1 personne Airhead Charge pour junior/adulte, blanc/rouge, 4,9 pi","Planche de surf 1 personne Airhead Charge pour junior/adulte, blanc/rouge, 4,9 pi",121.43,"121,43 $",279.99,"Était±  279,99 $prix était 279,99 $",121.43,"121,43 $",121.43,"121,43 $",true,https://www.canadiantire.ca/fr/pdp/planche-de-surf-1-personne-airhead-charge-pour-junior-adulte-blanc-rouge-4-9-pi-0797183p.html,https://www.canadiantire.ca/fr/pdp/planche-de-surf-1-personne-airhead-charge-pour-junior-adulte-blanc-rouge-4-9-pi-0797183p.html,https://media-www.canadiantire.ca/product/playing/seasonal-recreation/marine-water-fun/0797183/airhead-wakesurf-board-4ac4f475-a78b-4d44-92ec-e0058b244434-jpgrendition.jpg?im=whresize&wid=200&hei=200,https://media-www.canadiantire.ca/product/playing/seasonal-recreation/marine-water-fun/0797183/airhead-wakesurf-board-4ac4f475-a78b-4d44-92ec-e0058b244434-jpgrendition.jpg?im=whresize&wid=200&hei=200,,0797183,079-7183-6,Il n’en reste que 2 #079-7183-6,Liquidation◊,56.63,"121,43","279,99"
285,"Amos, QC",Coussin de chaise longue CANVAS Helene,Coussin de chaise longue CANVAS Helene,69.93,"69,93 $",154.99,"Était±  154,99 $prix était 154,99 $",69.93,"69,93 $",69.93,"69,93 $",true,https://www.canadiantire.ca/fr/pdp/coussin-de-chaise-longue-canvas-helene-0882515p.html,https://www.canadiantire.ca/fr/pdp/coussin-de-chaise-longue-canvas-helene-0882515p.html,https://media-www.canadiantire.ca/product/seasonal-gardening/backyard-living/outdoor-living-accessories/0882515/canvas-adelaide-lounger-cushion-a0e7f217-2034-456f-98bb-6eea1e163b80-jpgrendition.jpg?im=whresize&wid=200&hei=200,https://media-www.canadiantire.ca/product/seasonal-gardening/backyard-living/outdoor-living-accessories/0882515/canvas-adelaide-lounger-cushion-a0e7f217-2034-456f-98bb-6eea1e163b80-jpgrendition.jpg?im=whresize&wid=200&hei=200,,0882515,088-2515-6,Il n’en reste que 2 #088-2515-6,Liquidation◊Mieux notés,54.88,"69,93","154,99"
285,"Amos, QC",Foyer avec manteau For Living,Foyer avec manteau For Living,199.93,"199,93 $",499.99,"Était±  499,99 $prix était 499,99 $",199.93,"199,93 $",199.93,"199,93 $",true,https://www.canadiantire.ca/fr/pdp/foyer-avec-manteau-for-living-0644024p.html,https://www.canadiantire.ca/fr/pdp/foyer-avec-manteau-for-living-0644024p.html,https://media-www.canadiantire.ca/product/living/home-decor/electric-fireplaces/0644024/for-living-mantel-fireplace-725ed74c-7099-48e1-b8b0-c1788c6d89fb-jpgrendition.jpg?im=whresize&wid=200&hei=200,https://media-www.canadiantire.ca/product/living/home-decor/electric-fireplaces/0644024/for-living-mantel-fireplace-725ed74c-7099-48e1-b8b0-c1788c6d89fb-jpgrendition.jpg?im=whresize&wid=200&hei=200,,0644024,064-4024-8,Il n’en reste que 1 #064-4024-8,Liquidation◊Mieux notés,60.01,"199,93","499,99"
285,"Amos, QC","Couteau à viande MASTER Chef, 12 po","Couteau à viande MASTER Chef, 12 po",7.93,"7,93 $",15.99,"Était±  15,99 $prix était 15,99 $",7.93,"7,93 $",7.93,"7,93 $",true,https://www.canadiantire.ca/fr/pdp/couteau-a-viande-master-chef-12-po-0850210p.html,https://www.canadiantire.ca/fr/pdp/couteau-a-viande-master-chef-12-po-0850210p.html,https://media-www.canadiantire.ca/product/seasonal-gardening/backyard-living/outdoor-cooking-accessories/0850210/master-chef-12-brisket-knife-09fb1eb9-2429-4326-a23f-8dcf34ac23d7-jpgrendition.jpg?im=whresize&wid=200&hei=200,https://media-www.canadiantire.ca/product/seasonal-gardening/backyard-living/outdoor-cooking-accessories/0850210/master-chef-12-brisket-knife-09fb1eb9-2429-4326-a23f-8dcf34ac23d7-jpgrendition.jpg?im=whresize&wid=200&hei=200,,0850210,085-0210-8,Il n’en reste que 1 #085-0210-8,Liquidation◊Mieux notés,50.41,"7,93","15,99"
285,"Amos, QC","Verres de cantine CANVAS, paq. 4","Verres de cantine CANVAS, paq. 4",13.93,"13,93 $",27.99,"Était±  27,99 $prix était 27,99 $",13.93,"13,93 $",13.93,"13,93 $",true,https://www.canadiantire.ca/fr/pdp/verres-de-cantine-canvas-paq-4-0597859p.html,https://www.canadiantire.ca/fr/pdp/verres-de-cantine-canvas-paq-4-0597859p.html,https://media-www.canadiantire.ca/product/seasonal-gardening/backyard-living/outdoor-living-accessories/0597859/canvas-cantina-class-set-of-4-20385af3-19a0-432f-804d-35c51b20c768-jpgrendition.jpg?im=whresize&wid=200&hei=200,https://media-www.canadiantire.ca/product/seasonal-gardening/backyard-living/outdoor-living-accessories/0597859/canvas-cantina-class-set-of-4-20385af3-19a0-432f-804d-35c51b20c768-jpgrendition.jpg?im=whresize&wid=200&hei=200,,0597859,059-7859-8,Il n’en reste que 1 #059-7859-8,Liquidation◊Mieux notés,50.23,"13,93","27,99"
285,"Amos, QC","Support de jardinière For Living, oiseau, 8 po, multicolore","Support de jardinière For Living, oiseau, 8 po, multicolore",1.93,"1,93 $",4.49,"Était±  4,49 $prix était 4,49 $",1.93,"1,93 $",1.93,"1,93 $",true,https://www.canadiantire.ca/fr/pdp/support-de-jardiniere-for-living-oiseau-8-po-multicolore-0597804p.html,https://www.canadiantire.ca/fr/pdp/support-de-jardiniere-for-living-oiseau-8-po-multicolore-0597804p.html,https://media-www.canadiantire.ca/product/seasonal-gardening/backyard-living/outdoor-living-accessories/0597804/for-living-bird-pot-stakes-a069abd0-e4e0-43de-b79e-0a99d9ba9615-jpgrendition.jpg?im=whresize&wid=200&hei=200,https://media-www.canadiantire.ca/product/seasonal-gardening/backyard-living/outdoor-living-accessories/0597804/for-living-bird-pot-stakes-a069abd0-e4e0-43de-b79e-0a99d9ba9615-jpgrendition.jpg?im=whresize&wid=200&hei=200,,0597804,059-7804-8,Il n’en reste que 4 #059-7804-8,Liquidation◊Mieux notés,57.02,"1,93","4,49"
285,"Amos, QC",Gobelet de retouche de peinture Premier,Gobelet de retouche de peinture Premier,2.93,"2,93 $",7.99,"7,99 $Était   et+ prix était à partir de 7,99 $",2.93,"2,93 $",2.93,"2,93 $",true,https://www.canadiantire.ca/fr/pdp/gobelet-de-retouche-de-peinture-premier-0495850p.html,https://www.canadiantire.ca/fr/pdp/gobelet-de-retouche-de-peinture-premier-0495850p.html,https://media-www.canadiantire.ca/product/fixing/paint/paint-accessories/0495850/premier-single-touch-up-cup-51899b96-1e87-439b-b0fa-b3ec674c0e97-jpgrendition.jpg?im=whresize&wid=200&hei=200,https://media-www.canadiantire.ca/product/fixing/paint/paint-accessories/0495850/premier-single-touch-up-cup-51899b96-1e87-439b-b0fa-b3ec674c0e97-jpgrendition.jpg?im=whresize&wid=200&hei=200,,0495850,049-5850,Vérifiez la disponibilité#049-5850X,Liquidation◊Mieux notés,63.33,"2,93","7,99"
285,"Amos, QC","Planche à découper en polypropylène, va au lave-vaisselle, 14 x 11 po, blanc","Planche à découper en polypropylène, va au lave-vaisselle, 14 x 11 po, blanc",3.93,"3,93 $",7.99,"Était±  7,99 $prix était 7,99 $",3.93,"3,93 $",3.93,"3,93 $",true,https://www.canadiantire.ca/fr/pdp/planche-a-decouper-en-polypropylene-va-au-lave-vaisselle-14-x-11-po-blanc-0423921p.html,https://www.canadiantire.ca/fr/pdp/planche-a-decouper-en-polypropylene-va-au-lave-vaisselle-14-x-11-po-blanc-0423921p.html,https://media-www.canadiantire.ca/product/living/kitchen/cutlery/0423921/11-x-14-white-poly-board-ea01223e-8347-4ecd-844f-52891ccf390d-jpgrendition.jpg?im=whresize&wid=200&hei=200,https://media-www.canadiantire.ca/product/living/kitchen/cutlery/0423921/11-x-14-white-poly-board-ea01223e-8347-4ecd-844f-52891ccf390d-jpgrendition.jpg?im=whresize&wid=200&hei=200,,0423921,042-3921-0,,Liquidation◊Articles à succès,50.81,"3,93","7,99"
285,"Amos, QC","Pince de pagaie pliable en nylon pour supports de pagaie de kayak, noir","Pince de pagaie pliable en nylon pour supports de pagaie de kayak, noir",2.93,"2,93 $",8.99,"Était±  8,99 $prix était 8,99 $",2.93,"2,93 $",2.93,"2,93 $",true,https://www.canadiantire.ca/fr/pdp/pince-de-pagaie-pliable-en-nylon-pour-supports-de-pagaie-de-kayak-noir-0793342p.html,https://www.canadiantire.ca/fr/pdp/pince-de-pagaie-pliable-en-nylon-pour-supports-de-pagaie-de-kayak-noir-0793342p.html,https://media-www.canadiantire.ca/product/playing/seasonal-recreation/marine-power-boating/0793342/select-designs-1-1-8-kayak-folding-paddle-clip-04d516e9-ecdd-46b0-aac3-2c5ddb02f8c9-jpgrendition.jpg?im=whresize&wid=200&hei=200,https://media-www.canadiantire.ca/product/playing/seasonal-recreation/marine-power-boating/0793342/select-designs-1-1-8-kayak-folding-paddle-clip-04d516e9-ecdd-46b0-aac3-2c5ddb02f8c9-jpgrendition.jpg?im=whresize&wid=200&hei=200,,0793342,079-3342-2,Il n’en reste que 4 #079-3342-2,Liquidation◊Mieux notés,67.41,"2,93","8,99"
285,"Amos, QC","Bol en fibre de bambou CANVAS, gris","Bol en fibre de bambou CANVAS, gris",2.43,"2,43 $",6.99,"Était±  6,99 $prix était 6,99 $",2.43,"2,43 $",2.43,"2,43 $",true,https://www.canadiantire.ca/fr/pdp/bol-en-fibre-de-bambou-canvas-gris-0597850p.html,https://www.canadiantire.ca/fr/pdp/bol-en-fibre-de-bambou-canvas-gris-0597850p.html,https://media-www.canadiantire.ca/product/seasonal-gardening/backyard-living/outdoor-living-accessories/0597850/canvas-dual-tone-organic-dinner-bowl-2ed9ccb1-fb59-464c-baec-bf33c08a0b2c-jpgrendition.jpg?im=whresize&wid=200&hei=200,https://media-www.canadiantire.ca/product/seasonal-gardening/backyard-living/outdoor-living-accessories/0597850/canvas-dual-tone-organic-dinner-bowl-2ed9ccb1-fb59-464c-baec-bf33c08a0b2c-jpgrendition.jpg?im=whresize&wid=200&hei=200,,0597850,059-7850-6,Il n’en reste que 3 #059-7850-6,Liquidation◊Mieux notés,65.24,"2,43","6,99"
285,"Amos, QC",Verrou de pivot d'attelage de remorque Reese,Verrou de pivot d'attelage de remorque Reese,34.93,"34,93 $",79.99,"Était±  79,99 $prix était 79,99 $",34.93,"34,93 $",34.93,"34,93 $",true,https://www.canadiantire.ca/fr/pdp/verrou-de-pivot-d-attelage-de-remorque-reese-0406932p.html,https://www.canadiantire.ca/fr/pdp/verrou-de-pivot-d-attelage-de-remorque-reese-0406932p.html,https://media-www.canadiantire.ca/product/automotive/automotive-outdoor-adventure/auto-travel-storage/0406932/king-pin-coupler-lock-b5b499b8-680e-4ec5-86c8-60e5a5162d50-jpgrendition.jpg?im=whresize&wid=200&hei=200,https://media-www.canadiantire.ca/product/automotive/automotive-outdoor-adventure/auto-travel-storage/0406932/king-pin-coupler-lock-b5b499b8-680e-4ec5-86c8-60e5a5162d50-jpgrendition.jpg?im=whresize&wid=200&hei=200,,0406932,040-6932-0,Il n’en reste que 4 #040-6932-0,Liquidation◊Mieux notés,56.33,"34,93","79,99"
285,"Amos, QC","Surligneurs BIC Brite Liner Grip à pointe biseautée, couleurs variées, paq. 5","Surligneurs BIC Brite Liner Grip à pointe biseautée, couleurs variées, paq. 5",2.93,"2,93 $",5.99,"Était±  5,99 $prix était 5,99 $",2.93,"2,93 $",2.93,"2,93 $",true,https://www.canadiantire.ca/fr/pdp/surligneurs-bic-brite-liner-grip-a-pointe-biseautee-couleurs-variees-paq-5-2420351p.html,https://www.canadiantire.ca/fr/pdp/surligneurs-bic-brite-liner-grip-a-pointe-biseautee-couleurs-variees-paq-5-2420351p.html,https://media-www.canadiantire.ca/product/seasonal-gardening/toys/home-office-supplies/2420351/bic-brite-liner-grip-chisel-point-5pk-ast-f0278621-4955-4f66-bea7-60b6e3bc3e6f-jpgrendition.jpg?im=whresize&wid=200&hei=200,https://media-www.canadiantire.ca/product/seasonal-gardening/toys/home-office-supplies/2420351/bic-brite-liner-grip-chisel-point-5pk-ast-f0278621-4955-4f66-bea7-60b6e3bc3e6f-jpgrendition.jpg?im=whresize&wid=200&hei=200,,2420351,242-0351-8,Il n’en reste que 4 #242-0351-8,Liquidation◊Mieux notés,51.09,"2,93","5,99"
285,"Amos, QC","Foret à découper à haute vitesse pour cloison sèche Dremel 560 avec tige en acier pour outil rotatif, 1/8 po","Foret à découper à haute vitesse pour cloison sèche Dremel 560 avec tige en acier pour outil rotatif, 1/8 po",4.93,"4,93 $",10.99,"Était±  10,99 $prix était 10,99 $",4.93,"4,93 $",4.93,"4,93 $",true,https://www.canadiantire.ca/fr/pdp/foret-a-decouper-a-haute-vitesse-pour-cloison-seche-dremel-560-avec-tige-en-acier-pour-outil-rotatif-1-8-po-0544722p.html,https://www.canadiantire.ca/fr/pdp/foret-a-decouper-a-haute-vitesse-pour-cloison-seche-dremel-560-avec-tige-en-acier-pour-outil-rotatif-1-8-po-0544722p.html,https://media-www.canadiantire.ca/product/fixing/tools/portable-power-tools/0544722/bit-drywall-cutting-dremel-af2ba486-bf9d-44a1-8428-ca18342aa481-jpgrendition.jpg?im=whresize&wid=200&hei=200,https://media-www.canadiantire.ca/product/fixing/tools/portable-power-tools/0544722/bit-drywall-cutting-dremel-af2ba486-bf9d-44a1-8428-ca18342aa481-jpgrendition.jpg?im=whresize&wid=200&hei=200,,0544722,054-4722-0,Il n’en reste que 1 #054-4722-0,Liquidation◊Mieux notés,55.14,"4,93","10,99"
285,"Amos, QC","Vaporisateur chasse-moustiques/insectes en aérosol parfumé 10 % DEET Muskol famille et enfants, 170 g","Vaporisateur chasse-moustiques/insectes en aérosol parfumé 10 % DEET Muskol famille et enfants, 170 g",4.93,"4,93 $",9.99,"Était±  9,99 $prix était 9,99 $",4.93,"4,93 $",4.93,"4,93 $",true,https://www.canadiantire.ca/fr/pdp/vaporisateur-chasse-moustiques-insectes-en-aerosol-parfume-10-deet-muskol-famille-et-enfants-170-g-1591172p.html,https://www.canadiantire.ca/fr/pdp/vaporisateur-chasse-moustiques-insectes-en-aerosol-parfume-10-deet-muskol-famille-et-enfants-170-g-1591172p.html,https://media-www.canadiantire.ca/product/seasonal-gardening/gardening/mosquito-sun-protection/1591173/muskol-family-kids-pump-100ml-083a3377-0692-4b81-9576-86737ff618de-jpgrendition.jpg?im=whresize&wid=200&hei=200,https://media-www.canadiantire.ca/product/seasonal-gardening/gardening/mosquito-sun-protection/1591173/muskol-family-kids-pump-100ml-083a3377-0692-4b81-9576-86737ff618de-jpgrendition.jpg?im=whresize&wid=200&hei=200,,1591172,159-1172-8,,Liquidation◊Exclusivité,50.65,"4,93","9,99"
285,"Amos, QC","Couvre-réceptacle de remorque REESE Towpower, 1 1/4 po","Couvre-réceptacle de remorque REESE Towpower, 1 1/4 po",4.93,"4,93 $",10.99,"Était±  10,99 $prix était 10,99 $",4.93,"4,93 $",4.93,"4,93 $",true,https://www.canadiantire.ca/fr/pdp/couvre-receptacle-de-remorque-reese-towpower-1-1-4-po-0406052p.html,https://www.canadiantire.ca/fr/pdp/couvre-receptacle-de-remorque-reese-towpower-1-1-4-po-0406052p.html,https://media-www.canadiantire.ca/product/automotive/automotive-outdoor-adventure/auto-travel-storage/0408608/reese-towpower-1-1-4-hitch-cover--afb2e1b5-dbdb-4f14-a91c-0c718e21b4f2-jpgrendition.jpg?im=whresize&wid=200&hei=200,https://media-www.canadiantire.ca/product/automotive/automotive-outdoor-adventure/auto-travel-storage/0408608/reese-towpower-1-1-4-hitch-cover--afb2e1b5-dbdb-4f14-a91c-0c718e21b4f2-jpgrendition.jpg?im=whresize&wid=200&hei=200,,0406052,040-8608-2,Il n’en reste que 4 #040-8608-2,Liquidation◊Mieux notés,55.14,"4,93","10,99"
285,"Amos, QC",Plomb en forme de ver,Plomb en forme de ver,2.93,"2,93 $",6.99,"Était±  6,99 $prix était 6,99 $",2.93,"2,93 $",2.93,"2,93 $",true,https://www.canadiantire.ca/fr/pdp/plomb-en-forme-de-ver-0784901p.html,https://www.canadiantire.ca/fr/pdp/plomb-en-forme-de-ver-0784901p.html,https://media-www.canadiantire.ca/product/playing/fishing/fishing-lures/0784901/danielson-worm-weight-sinkers-28-piece-07cb0b7c-0a16-4506-a1ea-c7bb6d582075-jpgrendition.jpg?im=whresize&wid=200&hei=200,https://media-www.canadiantire.ca/product/playing/fishing/fishing-lures/0784901/danielson-worm-weight-sinkers-28-piece-07cb0b7c-0a16-4506-a1ea-c7bb6d582075-jpgrendition.jpg?im=whresize&wid=200&hei=200,,0784901,078-4901-8,,Liquidation◊Mieux notés,58.08,"2,93","6,99"
285,"Amos, QC","Chaîne de rechange pour scie à chaîne Oregon P60 AdvanceCut, convient à diverses marques et modèles, 16 po","Chaîne de rechange pour scie à chaîne Oregon P60 AdvanceCut, convient à diverses marques et modèles, 16 po",17.93,"17,93 $",39.99,"Était±  39,99 $prix était 39,99 $",17.93,"17,93 $",17.93,"17,93 $",true,https://www.canadiantire.ca/fr/pdp/chaine-de-rechange-pour-scie-a-chaine-oregon-p60-advancecut-convient-a-diverses-marques-et-modeles-16-po-0545697p.html,https://www.canadiantire.ca/fr/pdp/chaine-de-rechange-pour-scie-a-chaine-oregon-p60-advancecut-convient-a-diverses-marques-et-modeles-16-po-0545697p.html,https://media-www.canadiantire.ca/product/seasonal-gardening/outdoor-tools/ope-parts-accessories/0545697/16-73v-3-8-chain-7586279d-15a9-4d9d-9f06-120b478ee5b3-jpgrendition.jpg?im=whresize&wid=200&hei=200,https://media-www.canadiantire.ca/product/seasonal-gardening/outdoor-tools/ope-parts-accessories/0545697/16-73v-3-8-chain-7586279d-15a9-4d9d-9f06-120b478ee5b3-jpgrendition.jpg?im=whresize&wid=200&hei=200,,0545697,054-5697-4,Il n’en reste que 5 #054-5697-4,Liquidation◊,55.16,"17,93","39,99"
285,"Amos, QC","Tapis à motifs géométriques lavable Rug-All, beige, 5 x 7 pi","Tapis à motifs géométriques lavable Rug-All, beige, 5 x 7 pi",49.93,"49,93 $",149.99,"Était±  149,99 $prix était 149,99 $",49.93,"49,93 $",49.93,"49,93 $",true,https://www.canadiantire.ca/fr/pdp/tapis-a-motifs-geometriques-lavable-rug-all-beige-5-x-7-pi-0680017p.html,https://www.canadiantire.ca/fr/pdp/tapis-a-motifs-geometriques-lavable-rug-all-beige-5-x-7-pi-0680017p.html,https://media-www.canadiantire.ca/product/living/home-decor/furniture/1680147/canvas-overbrook-tall-shoe-organizer-377aedb3-518d-46fd-bbe8-8b10f8ec2c71-jpgrendition.jpg?im=whresize&wid=200&hei=200,https://media-www.canadiantire.ca/product/living/home-decor/furniture/1680147/canvas-overbrook-tall-shoe-organizer-377aedb3-518d-46fd-bbe8-8b10f8ec2c71-jpgrendition.jpg?im=whresize&wid=200&hei=200,,0680017,068-0017-2,Il n’en reste que 2 #068-0017-2,Liquidation◊Exclusivité,66.71,"49,93","149,99"
285,"Amos, QC","Tapis de chargement sans fil Bamboo de Blueive, compatible avec tous les appareils compatibles Qi","Tapis de chargement sans fil Bamboo de Blueive, compatible avec tous les appareils compatibles Qi",7.93,"7,93 $",17.99,"Était±  17,99 $prix était 17,99 $",7.93,"7,93 $",7.93,"7,93 $",true,https://www.canadiantire.ca/fr/pdp/tapis-de-chargement-sans-fil-bamboo-de-blueive-compatible-avec-tous-les-appareils-compatibles-qi-0355505p.html,https://www.canadiantire.ca/fr/pdp/tapis-de-chargement-sans-fil-bamboo-de-blueive-compatible-avec-tous-les-appareils-compatibles-qi-0355505p.html,https://media-www.canadiantire.ca/product/automotive/car-care-accessories/auto-electronics/0355505/bluehive-bamboo-wireless-charging-pad-2bd5e105-8777-4ad0-9374-ff23d45eae2f-jpgrendition.jpg?im=whresize&wid=200&hei=200,https://media-www.canadiantire.ca/product/automotive/car-care-accessories/auto-electronics/0355505/bluehive-bamboo-wireless-charging-pad-2bd5e105-8777-4ad0-9374-ff23d45eae2f-jpgrendition.jpg?im=whresize&wid=200&hei=200,,0355505,035-5505-8,16 En Stock#035-5505-8,Liquidation◊Articles à succès,55.92,"7,93","17,99"
285,"Amos, QC","Câble de chargement micro USB pour téléphones intelligents et plus, 3 pi","Câble de chargement micro USB pour téléphones intelligents et plus, 3 pi",1.93,"1,93 $",5.99,"Était±  5,99 $prix était 5,99 $",1.93,"1,93 $",1.93,"1,93 $",true,https://www.canadiantire.ca/fr/pdp/cable-de-chargement-micro-usb-pour-telephones-intelligents-et-plus-3-pi-0355187p.html,https://www.canadiantire.ca/fr/pdp/cable-de-chargement-micro-usb-pour-telephones-intelligents-et-plus-3-pi-0355187p.html,https://media-www.canadiantire.ca/product/automotive/car-care-accessories/auto-electronics/0355187/micro-usb-cable-2050fe18-44ab-4a7f-8fe6-8191c875b6a3-jpgrendition.jpg?im=whresize&wid=200&hei=200,https://media-www.canadiantire.ca/product/automotive/car-care-accessories/auto-electronics/0355187/micro-usb-cable-2050fe18-44ab-4a7f-8fe6-8191c875b6a3-jpgrendition.jpg?im=whresize&wid=200&hei=200,,0355187,035-5187-4,,Liquidation◊,67.78,"1,93","5,99"
285,"Amos, QC","Coussin décoratif rayé For Living Cabana, rouge, 16 x 16 po","Coussin décoratif rayé For Living Cabana, rouge, 16 x 16 po",4.93,"4,93 $",17.99,"Était±  17,99 $prix était 17,99 $",4.93,"4,93 $",4.93,"4,93 $",true,https://www.canadiantire.ca/fr/pdp/coussin-decoratif-raye-for-living-cabana-rouge-16-x-16-po-0882052p.html,https://www.canadiantire.ca/fr/pdp/coussin-decoratif-raye-for-living-cabana-rouge-16-x-16-po-0882052p.html,https://media-www.canadiantire.ca/product/seasonal-gardening/backyard-living/outdoor-living-accessories/0882052/for-living-cabana-stripe-toss-cushion-red-16-in-b986358b-d828-45fa-a2df-8850c63ece1f-jpgrendition.jpg?im=whresize&wid=200&hei=200,https://media-www.canadiantire.ca/product/seasonal-gardening/backyard-living/outdoor-living-accessories/0882052/for-living-cabana-stripe-toss-cushion-red-16-in-b986358b-d828-45fa-a2df-8850c63ece1f-jpgrendition.jpg?im=whresize&wid=200&hei=200,,0882052,088-2052-6,,Liquidation◊Mieux notés,72.6,"4,93","17,99"
285,"Amos, QC","Protecteur anti-frottement Blueline, paq. 2","Protecteur anti-frottement Blueline, paq. 2",3.93,"3,93 $",16.49,"Était±  16,49 $prix était 16,49 $",3.93,"3,93 $",3.93,"3,93 $",true,https://www.canadiantire.ca/fr/pdp/protecteur-anti-frottement-blueline-paq-2-0793733p.html,https://www.canadiantire.ca/fr/pdp/protecteur-anti-frottement-blueline-paq-2-0793733p.html,https://media-www.canadiantire.ca/product/playing/seasonal-recreation/marine-power-boating/0793733/chafe-guard-d919dbf3-756d-4c11-933f-165787ee9af6-jpgrendition.jpg?im=whresize&wid=200&hei=200,https://media-www.canadiantire.ca/product/playing/seasonal-recreation/marine-power-boating/0793733/chafe-guard-d919dbf3-756d-4c11-933f-165787ee9af6-jpgrendition.jpg?im=whresize&wid=200&hei=200,,0793733,079-3733-2,Il n’en reste que 2 #079-3733-2,Liquidation◊Mieux notés,76.17,"3,93","16,49"
285,"Amos, QC","Doublure de rideau de douche Simplicité en CAV/E, poids léger, couleurs variées, 70 x 72 po","Doublure de rideau de douche Simplicité en CAV/E, poids léger, couleurs variées, 70 x 72 po",2.93,"2,93 $",5.99,"5,99 $Était   et+ prix était à partir de 5,99 $",2.93,"2,93 $",2.93,"2,93 $",true,https://www.canadiantire.ca/fr/pdp/doublure-de-rideau-de-douche-simplicite-en-cav-e-poids-leger-couleurs-variees-70-x-72-po-0632418p.html,https://www.canadiantire.ca/fr/pdp/doublure-de-rideau-de-douche-simplicite-en-cav-e-poids-leger-couleurs-variees-70-x-72-po-0632418p.html,https://media-www.canadiantire.ca/product/living/home-decor/bed-bath-decor/0632419/simplicite-light-weight-peva-liner-clear-b7d1d300-794d-4706-9784-4a091b2799c4-jpgrendition.jpg?im=whresize&wid=200&hei=200,https://media-www.canadiantire.ca/product/living/home-decor/bed-bath-decor/0632419/simplicite-light-weight-peva-liner-clear-b7d1d300-794d-4706-9784-4a091b2799c4-jpgrendition.jpg?im=whresize&wid=200&hei=200,,0632418,063-2418,Vérifiez la disponibilité#063-2418X,Liquidation◊Exclusivité,51.09,"2,93","5,99"
285,"Amos, QC","Ensemble de détente d'extérieur/de jardin/de balcon à cadre en acier CANVAS Nero, gris, paq. 3","Ensemble de détente d'extérieur/de jardin/de balcon à cadre en acier CANVAS Nero, gris, paq. 3",199.93,"199,93 $",599.99,"Était±  599,99 $prix était 599,99 $",199.93,"199,93 $",199.93,"199,93 $",true,https://www.canadiantire.ca/fr/pdp/ensemble-de-detente-d-exterieur-de-jardin-de-balcon-a-cadre-en-acier-canvas-nero-gris-paq-3-1880299p.html,https://www.canadiantire.ca/fr/pdp/ensemble-de-detente-d-exterieur-de-jardin-de-balcon-a-cadre-en-acier-canvas-nero-gris-paq-3-1880299p.html,https://media-www.canadiantire.ca/product/seasonal-gardening/backyard-living/outdoor-furniture/1880299/canvas-nero-3-piece-chat-set-e1afc5e0-df44-4492-a7a2-58dc33c1ab07-jpgrendition.jpg?im=whresize&wid=200&hei=200,https://media-www.canadiantire.ca/product/seasonal-gardening/backyard-living/outdoor-furniture/1880299/canvas-nero-3-piece-chat-set-e1afc5e0-df44-4492-a7a2-58dc33c1ab07-jpgrendition.jpg?im=whresize&wid=200&hei=200,,1880299,188-0299-4,,Liquidation◊Mieux notés,66.68,"199,93","599,99"
285,"Amos, QC","Coussin lombaire CANVAS Bloom, 20 x 12 po, rouge","Coussin lombaire CANVAS Bloom, 20 x 12 po, rouge",9.93,"9,93 $",24.99,"Était±  24,99 $prix était 24,99 $",9.93,"9,93 $",9.93,"9,93 $",true,https://www.canadiantire.ca/fr/pdp/coussin-lombaire-canvas-bloom-20-x-12-po-rouge-0880064p.html,https://www.canadiantire.ca/fr/pdp/coussin-lombaire-canvas-bloom-20-x-12-po-rouge-0880064p.html,https://media-www.canadiantire.ca/product/seasonal-gardening/backyard-living/outdoor-living-accessories/0880064/canvas-bloom-lumbar-cushion-e5de6b26-f82e-4775-bef0-37badb76bd94-jpgrendition.jpg?im=whresize&wid=200&hei=200,https://media-www.canadiantire.ca/product/seasonal-gardening/backyard-living/outdoor-living-accessories/0880064/canvas-bloom-lumbar-cushion-e5de6b26-f82e-4775-bef0-37badb76bd94-jpgrendition.jpg?im=whresize&wid=200&hei=200,,0880064,088-0064-0,,Liquidation◊Mieux notés,60.26,"9,93","24,99"
285,"Amos, QC","Couche de base pour revêtement de plancher intérieur Rust-Oleum HOME, gris vapeur, 3,78 L/1 gallon","Couche de base pour revêtement de plancher intérieur Rust-Oleum HOME, gris vapeur, 3,78 L/1 gallon",64.93,"64,93 $",164.99,"Était±  164,99 $prix était 164,99 $",64.93,"64,93 $",64.93,"64,93 $",true,https://www.canadiantire.ca/fr/pdp/couche-de-base-pour-revetement-de-plancher-interieur-rust-oleum-home-gris-vapeur-3-78-l-1-gallon-0489018p.html,https://www.canadiantire.ca/fr/pdp/couche-de-base-pour-revetement-de-plancher-interieur-rust-oleum-home-gris-vapeur-3-78-l-1-gallon-0489018p.html,https://media-www.canadiantire.ca/product/fixing/paint/paints/0489018/rustoleum-home-steam-grey-pretint-30c718b4-f1d3-4057-931e-8d308135ba59-jpgrendition.jpg?im=whresize&wid=200&hei=200,https://media-www.canadiantire.ca/product/fixing/paint/paints/0489018/rustoleum-home-steam-grey-pretint-30c718b4-f1d3-4057-931e-8d308135ba59-jpgrendition.jpg?im=whresize&wid=200&hei=200,,0489018,048-9018-4,Il n’en reste que 4 #048-9018-4,Liquidation◊Mieux notés,60.65,"64,93","164,99"
285,"Amos, QC",Lunettes de motocross antibuée Origine Focus pour jeunes,Lunettes de motocross antibuée Origine Focus pour jeunes,17.93,"17,93 $",49.99,"Était±  49,99 $prix était 49,99 $",17.93,"17,93 $",17.93,"17,93 $",true,https://www.canadiantire.ca/fr/pdp/lunettes-de-motocross-antibuee-origine-focus-pour-jeunes-0272537p.html,https://www.canadiantire.ca/fr/pdp/lunettes-de-motocross-antibuee-origine-focus-pour-jeunes-0272537p.html,https://media-www.canadiantire.ca/product/automotive/automotive-outdoor-adventure/powersport/0272537/origine-goggle-youth-72635223-30e8-441f-a7b0-ca38da90edb5-jpgrendition.jpg?im=whresize&wid=200&hei=200,https://media-www.canadiantire.ca/product/automotive/automotive-outdoor-adventure/powersport/0272537/origine-goggle-youth-72635223-30e8-441f-a7b0-ca38da90edb5-jpgrendition.jpg?im=whresize&wid=200&hei=200,,0272537,027-2537-0,18 En Stock#027-2537-0,Liquidation◊Exclusivité,64.13,"17,93","49,99"
285,"Amos, QC","Craquelins chocolat chaud des Fêtes Thoughtfully, paq. 4","Craquelins chocolat chaud des Fêtes Thoughtfully, paq. 4",4.93,"4,93 $",10.99,"Était±  10,99 $prix était 10,99 $",4.93,"4,93 $",4.93,"4,93 $",true,https://www.canadiantire.ca/fr/pdp/craquelins-chocolat-chaud-des-fetes-thoughtfully-paq-4-1519534p.html,https://www.canadiantire.ca/fr/pdp/craquelins-chocolat-chaud-des-fetes-thoughtfully-paq-4-1519534p.html,https://media-www.canadiantire.ca/product/living/food-drink/seasonal-confectionery/1519534/holiday-hot-cocoa-crackers-4-pk-0ab339f2-6585-4313-a988-ea2f641667a9-jpgrendition.jpg?im=whresize&wid=200&hei=200,https://media-www.canadiantire.ca/product/living/food-drink/seasonal-confectionery/1519534/holiday-hot-cocoa-crackers-4-pk-0ab339f2-6585-4313-a988-ea2f641667a9-jpgrendition.jpg?im=whresize&wid=200&hei=200,,1519534,151-9534-6,Il n’en reste que 4 #151-9534-6,Liquidation◊Mieux notés,55.14,"4,93","10,99"
285,"Amos, QC","Tampons de rechange pour vadrouille à vapeur Hoover TwinTank, paq. 2","Tampons de rechange pour vadrouille à vapeur Hoover TwinTank, paq. 2",17.93,"17,93 $",36.99,"Était±  36,99 $prix était 36,99 $",17.93,"17,93 $",17.93,"17,93 $",true,https://www.canadiantire.ca/fr/pdp/tampons-de-rechange-pour-vadrouille-a-vapeur-hoover-twintank-paq-2-0437804p.html,https://www.canadiantire.ca/fr/pdp/tampons-de-rechange-pour-vadrouille-a-vapeur-hoover-twintank-paq-2-0437804p.html,https://media-www.canadiantire.ca/product/living/cleaning/vacuums-and-floorcare/0437804/hoover-twin-tank-steam-mop-pads-14469a65-baaa-4983-bcdc-a306bfde2dbb-jpgrendition.jpg?im=whresize&wid=200&hei=200,https://media-www.canadiantire.ca/product/living/cleaning/vacuums-and-floorcare/0437804/hoover-twin-tank-steam-mop-pads-14469a65-baaa-4983-bcdc-a306bfde2dbb-jpgrendition.jpg?im=whresize&wid=200&hei=200,,0437804,043-7804-4,Il n’en reste que 7 #043-7804-4,Liquidation◊Mieux notés,51.53,"17,93","36,99"
285,"Amos, QC","Sac de golf sur pied PowerBilt TPS à 5 divisions, noir/rouge","Sac de golf sur pied PowerBilt TPS à 5 divisions, noir/rouge",99.93,"99,93 $",199.99,"Était±  199,99 $prix était 199,99 $",99.93,"99,93 $",99.93,"99,93 $",true,https://www.canadiantire.ca/fr/pdp/sac-de-golf-sur-pied-powerbilt-tps-a-5-divisions-noir-rouge-0860297p.html,https://www.canadiantire.ca/fr/pdp/sac-de-golf-sur-pied-powerbilt-tps-a-5-divisions-noir-rouge-0860297p.html,https://media-www.canadiantire.ca/product/playing/team-sports-and-golf/golf/0860297/powerbilt-hydrolite-6-0-stand-bag-black-89703a79-c3ae-4e58-87c2-369192b1d60f-jpgrendition.jpg?im=whresize&wid=200&hei=200,https://media-www.canadiantire.ca/product/playing/team-sports-and-golf/golf/0860297/powerbilt-hydrolite-6-0-stand-bag-black-89703a79-c3ae-4e58-87c2-369192b1d60f-jpgrendition.jpg?im=whresize&wid=200&hei=200,,0860297,086-0297-0,Il n’en reste que 1 #086-0297-0,Liquidation◊,50.03,"99,93","199,99"
285,"Amos, QC","Gaine de volant à prise à effet massant AutoTrends, noir","Gaine de volant à prise à effet massant AutoTrends, noir",9.93,"9,93 $",22.99,"Était±  22,99 $prix était 22,99 $",9.93,"9,93 $",9.93,"9,93 $",true,https://www.canadiantire.ca/fr/pdp/gaine-de-volant-a-prise-a-effet-massant-autotrends-noir-0329054p.html,https://www.canadiantire.ca/fr/pdp/gaine-de-volant-a-prise-a-effet-massant-autotrends-noir-0329054p.html,https://media-www.canadiantire.ca/product/automotive/car-care-accessories/auto-comfort/0329054/autotrends-massage-grip-steering-wheel-cover-d5b01643-420d-44e3-b13b-5fba04057745-jpgrendition.jpg?im=whresize&wid=200&hei=200,https://media-www.canadiantire.ca/product/automotive/car-care-accessories/auto-comfort/0329054/autotrends-massage-grip-steering-wheel-cover-d5b01643-420d-44e3-b13b-5fba04057745-jpgrendition.jpg?im=whresize&wid=200&hei=200,,0329054,032-9054-2,Il n’en reste que 1 #032-9054-2,Liquidation◊Mieux notés,56.81,"9,93","22,99"
285,"Amos, QC",Anneaux diviseurs,Anneaux diviseurs,0.93,"0,93 $",2.99,"2,99 $Était   et+ prix était à partir de 2,99 $",0.93,"0,93 $",0.93,"0,93 $",true,https://www.canadiantire.ca/fr/pdp/anneaux-diviseurs-0785004p.html,https://www.canadiantire.ca/fr/pdp/anneaux-diviseurs-0785004p.html,https://media-www.canadiantire.ca/product/playing/fishing/fishing-lures/0785004/danielson-split-ring-size-4-74882971-9134-4f97-9dbb-6c21bb3e3c7e-jpgrendition.jpg?im=whresize&wid=200&hei=200,https://media-www.canadiantire.ca/product/playing/fishing/fishing-lures/0785004/danielson-split-ring-size-4-74882971-9134-4f97-9dbb-6c21bb3e3c7e-jpgrendition.jpg?im=whresize&wid=200&hei=200,,0785004,078-5004,Vérifiez la disponibilité#078-5004X,Liquidation◊Mieux notés,68.9,"0,93","2,99"
285,"Amos, QC","Robinet de lavabo de salle de bains central Danze Kenzie Trough à poignée simple et à tirette de vidage, trou unique, 4 po, nickel brossé","Robinet de lavabo de salle de bains central Danze Kenzie Trough à poignée simple et à tirette de vidage, trou unique, 4 po, nickel brossé",69.93,"69,93 $",159.99,"Était±  159,99 $prix était 159,99 $",69.93,"69,93 $",69.93,"69,93 $",true,https://www.canadiantire.ca/fr/pdp/robinet-de-lavabo-de-salle-de-bains-central-danze-kenzie-trough-a-poignee-simple-et-a-tirette-de-vidage-trou-unique-4-po-nickel-brosse-0639840p.html,https://www.canadiantire.ca/fr/pdp/robinet-de-lavabo-de-salle-de-bains-central-danze-kenzie-trough-a-poignee-simple-et-a-tirette-de-vidage-trou-unique-4-po-nickel-brosse-0639840p.html,https://media-www.canadiantire.ca/product/fixing/plumbing/faucets-fixtures/0639840/danze-kenzie-trough-brushed-nickel-1-handle-lavatory-faucet-fdfffad0-e525-486e-96da-3301baf4b5f5.png?im=whresize&wid=200&hei=200,https://media-www.canadiantire.ca/product/fixing/plumbing/faucets-fixtures/0639840/danze-kenzie-trough-brushed-nickel-1-handle-lavatory-faucet-fdfffad0-e525-486e-96da-3301baf4b5f5.png?im=whresize&wid=200&hei=200,,0639840,063-9840-6,Il n’en reste que 1 #063-9840-6,Liquidation◊Mieux notés,56.29,"69,93","159,99"
285,"Amos, QC","Peinture de retouche Dupli-Color Scratch Fix All-in-1 Exact-Match pour automobile, brume argentée (KT3)","Peinture de retouche Dupli-Color Scratch Fix All-in-1 Exact-Match pour automobile, brume argentée (KT3)",4.93,"4,93 $",28.99,"Était±  28,99 $prix était 28,99 $",4.93,"4,93 $",4.93,"4,93 $",true,https://www.canadiantire.ca/fr/pdp/peinture-de-retouche-dupli-color-scratch-fix-all-in-1-exact-match-pour-automobile-brume-argentee-kt3-0475137p.html,https://www.canadiantire.ca/fr/pdp/peinture-de-retouche-dupli-color-scratch-fix-all-in-1-exact-match-pour-automobile-brume-argentee-kt3-0475137p.html,https://media-www.canadiantire.ca/product/automotive/car-care-accessories/auto-body-repair/0475137/scratch-fix-nissan-sterling-mist-all-in-1-e3bb888d-989f-473a-a51f-82acb0a0b30d-jpgrendition.jpg?im=whresize&wid=200&hei=200,https://media-www.canadiantire.ca/product/automotive/car-care-accessories/auto-body-repair/0475137/scratch-fix-nissan-sterling-mist-all-in-1-e3bb888d-989f-473a-a51f-82acb0a0b30d-jpgrendition.jpg?im=whresize&wid=200&hei=200,,0475137,047-5137-6,Il n’en reste que 1 #047-5137-6,Liquidation◊Mieux notés,82.99,"4,93","28,99"
285,"Amos, QC","Chapeau rond de bébé à protection UV Speedo Begin to Swim, choix varié","Chapeau rond de bébé à protection UV Speedo Begin to Swim, choix varié",7.93,"7,93 $",15.99,"Était±  15,99 $prix était 15,99 $",7.93,"7,93 $",7.93,"7,93 $",true,https://www.canadiantire.ca/fr/pdp/chapeau-rond-de-bebe-a-protection-uv-speedo-begin-to-swim-choix-varie-0811085p.html,https://www.canadiantire.ca/fr/pdp/chapeau-rond-de-bebe-a-protection-uv-speedo-begin-to-swim-choix-varie-0811085p.html,https://media-www.canadiantire.ca/product/seasonal-gardening/backyard-fun/pool-fun/0811085/speedo-bucket-hat-assorted-c0aac976-b81e-4d33-be35-f3697bbf6933-jpgrendition.jpg?im=whresize&wid=200&hei=200,https://media-www.canadiantire.ca/product/seasonal-gardening/backyard-fun/pool-fun/0811085/speedo-bucket-hat-assorted-c0aac976-b81e-4d33-be35-f3697bbf6933-jpgrendition.jpg?im=whresize&wid=200&hei=200,,0811085,081-1085-8,9 En Stock#081-1085-8,Liquidation◊Mieux notés,50.41,"7,93","15,99"
285,"Amos, QC","Embouts pour vissage à percussion CR2 MAXIMUM, boîte de Tic-Tac, 1 po, paq. 16","Embouts pour vissage à percussion CR2 MAXIMUM, boîte de Tic-Tac, 1 po, paq. 16",7.93,"7,93 $",18.99,"Était±  18,99 $prix était 18,99 $",7.93,"7,93 $",7.93,"7,93 $",true,https://www.canadiantire.ca/fr/pdp/embouts-pour-vissage-a-percussion-cr2-maximum-boite-de-tic-tac-1-po-paq-16-0540525p.html,https://www.canadiantire.ca/fr/pdp/embouts-pour-vissage-a-percussion-cr2-maximum-boite-de-tic-tac-1-po-paq-16-0540525p.html,https://media-www.canadiantire.ca/product/fixing/tools/power-tool-accessories/0540525/maximum-1-ph2-impact-ready-tic-tac-with-holder-16pk-5da9593e-babe-4312-a29d-d470bb2cb556-jpgrendition.jpg?im=whresize&wid=200&hei=200,https://media-www.canadiantire.ca/product/fixing/tools/power-tool-accessories/0540525/maximum-1-ph2-impact-ready-tic-tac-with-holder-16pk-5da9593e-babe-4312-a29d-d470bb2cb556-jpgrendition.jpg?im=whresize&wid=200&hei=200,,0540525,054-0525-4,9 En Stock#054-0525-4,Liquidation◊Mieux notés,58.24,"7,93","18,99"
285,"Amos, QC","Suçon Pop Ups Trolls de Dreamworks, paq. 3","Suçon Pop Ups Trolls de Dreamworks, paq. 3",0.43,"0,43 $",5.99,"Était±  5,99 $prix était 5,99 $",0.43,"0,43 $",0.43,"0,43 $",true,https://www.canadiantire.ca/fr/pdp/sucon-pop-ups-trolls-de-dreamworks-paq-3-1532509p.html,https://www.canadiantire.ca/fr/pdp/sucon-pop-ups-trolls-de-dreamworks-paq-3-1532509p.html,https://media-www.canadiantire.ca/product/living/food-drink/everyday-food-and-drink/1532509/trolls-pop-up-lollipop-0052d5c5-fc85-4f5c-8b95-2496eb228f22-jpgrendition.jpg?im=whresize&wid=200&hei=200,https://media-www.canadiantire.ca/product/living/food-drink/everyday-food-and-drink/1532509/trolls-pop-up-lollipop-0052d5c5-fc85-4f5c-8b95-2496eb228f22-jpgrendition.jpg?im=whresize&wid=200&hei=200,,1532509,153-2509-6,,TaxableLiquidation◊,92.82,"0,43","5,99"
285,"Amos, QC",Trousse de bornes lumineuses à DEL Alpena PositionPodz,Trousse de bornes lumineuses à DEL Alpena PositionPodz,12.93,"12,93 $",28.99,"Était±  28,99 $prix était 28,99 $",12.93,"12,93 $",12.93,"12,93 $",true,https://www.canadiantire.ca/fr/pdp/trousse-de-bornes-lumineuses-a-del-alpena-positionpodz-0203369p.html,https://www.canadiantire.ca/fr/pdp/trousse-de-bornes-lumineuses-a-del-alpena-positionpodz-0203369p.html,https://media-www.canadiantire.ca/product/automotive/car-care-accessories/auto-accessories/0374910/led-position-pod-lights-3b2c6aab-48ef-4128-8429-d77aef0aa022-jpgrendition.jpg?im=whresize&wid=200&hei=200,https://media-www.canadiantire.ca/product/automotive/car-care-accessories/auto-accessories/0374910/led-position-pod-lights-3b2c6aab-48ef-4128-8429-d77aef0aa022-jpgrendition.jpg?im=whresize&wid=200&hei=200,,0203369,020-3369-8,Il n’en reste que 2 #020-3369-8,Liquidation◊,55.4,"12,93","28,99"
285,"Amos, QC","Parasol de jardin et d'extérieur en tissu For Living, turquoise, 7 pi","Parasol de jardin et d'extérieur en tissu For Living, turquoise, 7 pi",29.93,"29,93 $",69.99,"Était±  69,99 $prix était 69,99 $",29.93,"29,93 $",29.93,"29,93 $",true,https://www.canadiantire.ca/fr/pdp/parasol-de-jardin-et-d-exterieur-en-tissu-for-living-turquoise-7-pi-0882500p.html,https://www.canadiantire.ca/fr/pdp/parasol-de-jardin-et-d-exterieur-en-tissu-for-living-turquoise-7-pi-0882500p.html,https://media-www.canadiantire.ca/product/seasonal-gardening/backyard-living/outdoor-furniture/0882500/for-living-7-ft-umbrella-aqua-aebdc85b-92e8-4976-8ca7-f16e585c1977-jpgrendition.jpg?im=whresize&wid=200&hei=200,https://media-www.canadiantire.ca/product/seasonal-gardening/backyard-living/outdoor-furniture/0882500/for-living-7-ft-umbrella-aqua-aebdc85b-92e8-4976-8ca7-f16e585c1977-jpgrendition.jpg?im=whresize&wid=200&hei=200,,0882500,088-2500-0,Il n’en reste que 1 #088-2500-0,Liquidation◊Mieux notés,57.24,"29,93","69,99"
285,"Amos, QC","Masque de natation Speedo Luca pour enfants avec tuba et lentilles antibuée, 3 ans et plus","Masque de natation Speedo Luca pour enfants avec tuba et lentilles antibuée, 3 ans et plus",19.93,"19,93 $",39.99,"Était±  39,99 $prix était 39,99 $",19.93,"19,93 $",19.93,"19,93 $",true,https://www.canadiantire.ca/fr/pdp/masque-de-natation-speedo-luca-pour-enfants-avec-tuba-et-lentilles-antibuee-3-ans-et-plus-0810215p.html,https://www.canadiantire.ca/fr/pdp/masque-de-natation-speedo-luca-pour-enfants-avec-tuba-et-lentilles-antibuee-3-ans-et-plus-0810215p.html,https://media-www.canadiantire.ca/product/seasonal-gardening/backyard-fun/pool-fun/0810215/kids-luca-mask-w-snorkel-1e76cf32-8c00-46b0-84f9-d2dfc7f068fb-jpgrendition.jpg?im=whresize&wid=200&hei=200,https://media-www.canadiantire.ca/product/seasonal-gardening/backyard-fun/pool-fun/0810215/kids-luca-mask-w-snorkel-1e76cf32-8c00-46b0-84f9-d2dfc7f068fb-jpgrendition.jpg?im=whresize&wid=200&hei=200,,0810215,081-0215-6,Il n’en reste que 3 #081-0215-6,Liquidation◊Exclusivité,50.16,"19,93","39,99"
285,"Amos, QC","Pédales de vélo à cage Raleigh en alliage avec réflecteurs, paq. 2","Pédales de vélo à cage Raleigh en alliage avec réflecteurs, paq. 2",11.43,"11,43 $",22.99,"Était±  22,99 $prix était 22,99 $",11.43,"11,43 $",11.43,"11,43 $",true,https://www.canadiantire.ca/fr/pdp/pedales-de-velo-a-cage-raleigh-en-alliage-avec-reflecteurs-paq-2-0733387p.html,https://www.canadiantire.ca/fr/pdp/pedales-de-velo-a-cage-raleigh-en-alliage-avec-reflecteurs-paq-2-0733387p.html,https://media-www.canadiantire.ca/product/playing/cycling/bicycle-accessories/0733387/raleigh-alloy-cage-bike-pedals-d545dcab-c833-4a04-8c27-5565bf30733b-jpgrendition.jpg?im=whresize&wid=200&hei=200,https://media-www.canadiantire.ca/product/playing/cycling/bicycle-accessories/0733387/raleigh-alloy-cage-bike-pedals-d545dcab-c833-4a04-8c27-5565bf30733b-jpgrendition.jpg?im=whresize&wid=200&hei=200,,0733387,073-3387-8,Il n’en reste que 2 #073-3387-8,Liquidation◊Exclusivité,50.28,"11,43","22,99"
285,"Amos, QC","Accessoire de crâne humain réaliste en décomposition For Living, blanc/brun, 10-1/4 po, décoration d'intérieur/d'extérieur pour l'Halloween","Accessoire de crâne humain réaliste en décomposition For Living, blanc/brun, 10-1/4 po, décoration d'intérieur/d'extérieur pour l'Halloween",9.93,"9,93 $",19.99,"Était±  19,99 $prix était 19,99 $",9.93,"9,93 $",9.93,"9,93 $",true,https://www.canadiantire.ca/fr/pdp/accessoire-de-crane-humain-realiste-en-decomposition-for-living-blanc-brun-10-1-4-po-decoration-d-interieur-d-exterieur-pour-l-halloween-1510852p.html,https://www.canadiantire.ca/fr/pdp/accessoire-de-crane-humain-realiste-en-decomposition-for-living-blanc-brun-10-1-4-po-decoration-d-interieur-d-exterieur-pour-l-halloween-1510852p.html,https://media-www.canadiantire.ca/product/seasonal-gardening/seasonal/halloween-harvest/1510852/10-25-skull-31c45c74-ba4e-49d1-b288-564b52884bba-jpgrendition.jpg?im=whresize&wid=200&hei=200,https://media-www.canadiantire.ca/product/seasonal-gardening/seasonal/halloween-harvest/1510852/10-25-skull-31c45c74-ba4e-49d1-b288-564b52884bba-jpgrendition.jpg?im=whresize&wid=200&hei=200,,1510852,151-0852-2,Il n’en reste que 2 #151-0852-2,Liquidation◊Mieux notés,50.33,"9,93","19,99"
285,"Amos, QC","Leurres Lucky Strike Devil Bait, paq. 6","Leurres Lucky Strike Devil Bait, paq. 6",14.43,"14,43 $",31.99,"31,99 $Était   et+ prix était à partir de 31,99 $",14.43,"14,43 $",14.43,"14,43 $",true,https://www.canadiantire.ca/fr/pdp/leurres-lucky-strike-devil-bait-paq-6-0777652p.html,https://www.canadiantire.ca/fr/pdp/leurres-lucky-strike-devil-bait-paq-6-0777652p.html,https://media-www.canadiantire.ca/product/playing/fishing/fishing-lures/0777652/lucky-strike-devil-bait-kit-fire-tiger-a5f32d40-a226-4d4a-abe0-2b62f6f23eff-jpgrendition.jpg?im=whresize&wid=200&hei=200,https://media-www.canadiantire.ca/product/playing/fishing/fishing-lures/0777652/lucky-strike-devil-bait-kit-fire-tiger-a5f32d40-a226-4d4a-abe0-2b62f6f23eff-jpgrendition.jpg?im=whresize&wid=200&hei=200,,0777652,077-7652,Vérifiez la disponibilité#077-7652X,Liquidation◊Mieux notés,54.89,"14,43","31,99"
285,"Amos, QC","Tuba, masque et ailette Speedo pour adulte","Tuba, masque et ailette Speedo pour adulte",44.93,"44,93 $",89.99,"Était±  89,99 $prix était 89,99 $",44.93,"44,93 $",44.93,"44,93 $",true,https://www.canadiantire.ca/fr/pdp/tuba-masque-et-ailette-speedo-pour-adulte-0810217p.html,https://www.canadiantire.ca/fr/pdp/tuba-masque-et-ailette-speedo-pour-adulte-0810217p.html,https://media-www.canadiantire.ca/product/seasonal-gardening/backyard-fun/pool-fun/0810217/speedo-adult-mask-snorkel-fin-combo-set-4ab8fe48-b2ed-46aa-b988-2eaf6fb94553-jpgrendition.jpg?im=whresize&wid=200&hei=200,https://media-www.canadiantire.ca/product/seasonal-gardening/backyard-fun/pool-fun/0810217/speedo-adult-mask-snorkel-fin-combo-set-4ab8fe48-b2ed-46aa-b988-2eaf6fb94553-jpgrendition.jpg?im=whresize&wid=200&hei=200,,0810217,081-0217-2,Il n’en reste que 2 #081-0217-2,Liquidation◊Exclusivité,50.07,"44,93","89,99"
285,"Amos, QC","Balai à neige monopièce novateur Garant en mousse EVA anti-égratignures avec grattoir, 26 po","Balai à neige monopièce novateur Garant en mousse EVA anti-égratignures avec grattoir, 26 po",4.93,"4,93 $",17.99,"Était±  17,99 $prix était 17,99 $",4.93,"4,93 $",4.93,"4,93 $",true,https://www.canadiantire.ca/fr/pdp/balai-a-neige-monopiece-novateur-garant-en-mousse-eva-anti-egratignures-avec-grattoir-26-po-0304499p.html,https://www.canadiantire.ca/fr/pdp/balai-a-neige-monopiece-novateur-garant-en-mousse-eva-anti-egratignures-avec-grattoir-26-po-0304499p.html,https://media-www.canadiantire.ca/product/automotive/car-care-accessories/auto-winter-accessories/0304499/garant-26-eva-snowbrush-8b7f00da-98f6-4211-94aa-34b90551d96e-jpgrendition.jpg?im=whresize&wid=200&hei=200,https://media-www.canadiantire.ca/product/automotive/car-care-accessories/auto-winter-accessories/0304499/garant-26-eva-snowbrush-8b7f00da-98f6-4211-94aa-34b90551d96e-jpgrendition.jpg?im=whresize&wid=200&hei=200,,0304499,030-4499-8,Il n’en reste que 4 #030-4499-8,Liquidation◊Mieux notés,72.6,"4,93","17,99"
285,"Amos, QC","Embouts de tournevis carrés Mastercraft en carbure, pour métal, plastique, maçonnerie, 1 po, paq. 5","Embouts de tournevis carrés Mastercraft en carbure, pour métal, plastique, maçonnerie, 1 po, paq. 5",2.93,"2,93 $",6.79,"6,79 $Était   et+ prix était à partir de 6,79 $",2.93,"2,93 $",2.93,"2,93 $",true,https://www.canadiantire.ca/fr/pdp/embouts-de-tournevis-carres-mastercraft-en-carbure-pour-metal-plastique-maconnerie-1-po-paq-5-0540780p.html,https://www.canadiantire.ca/fr/pdp/embouts-de-tournevis-carres-mastercraft-en-carbure-pour-metal-plastique-maconnerie-1-po-paq-5-0540780p.html,https://media-www.canadiantire.ca/product/fixing/tools/power-tool-accessories/0540780/mastercraft-1-sq1-screwdriver-bit-5-pk-6cedeaa0-c993-4a96-a958-428451203ace-jpgrendition.jpg?im=whresize&wid=200&hei=200,https://media-www.canadiantire.ca/product/fixing/tools/power-tool-accessories/0540780/mastercraft-1-sq1-screwdriver-bit-5-pk-6cedeaa0-c993-4a96-a958-428451203ace-jpgrendition.jpg?im=whresize&wid=200&hei=200,,0540780,054-0780,Vérifiez la disponibilité#054-0780X,Liquidation◊Mieux notés,56.85,"2,93","6,79"
285,"Amos, QC",Housse de pare-brise Mallory Artic,Housse de pare-brise Mallory Artic,9.93,"9,93 $",19.99,"Était±  19,99 $prix était 19,99 $",9.93,"9,93 $",9.93,"9,93 $",true,https://www.canadiantire.ca/fr/pdp/housse-de-pare-brise-mallory-artic-0304231p.html,https://www.canadiantire.ca/fr/pdp/housse-de-pare-brise-mallory-artic-0304231p.html,https://media-www.canadiantire.ca/product/automotive/car-care-accessories/auto-winter-accessories/0304231/mallory-artic-windshield-cover-011618a4-6e16-4b05-acca-39665bdfee0b-jpgrendition.jpg?im=whresize&wid=200&hei=200,https://media-www.canadiantire.ca/product/automotive/car-care-accessories/auto-winter-accessories/0304231/mallory-artic-windshield-cover-011618a4-6e16-4b05-acca-39665bdfee0b-jpgrendition.jpg?im=whresize&wid=200&hei=200,,0304231,030-4231-4,Il n’en reste que 6 #030-4231-4,Liquidation◊,50.33,"9,93","19,99"
285,"Amos, QC","Bande lumineuse à DEL RVB USB avec Bluetooth Merkury, 13 pi","Bande lumineuse à DEL RVB USB avec Bluetooth Merkury, 13 pi",9.93,"9,93 $",19.99,"Était±  19,99 $prix était 19,99 $",9.93,"9,93 $",9.93,"9,93 $",true,https://www.canadiantire.ca/fr/pdp/bande-lumineuse-a-del-rvb-usb-avec-bluetooth-merkury-13-pi-0373143p.html,https://www.canadiantire.ca/fr/pdp/bande-lumineuse-a-del-rvb-usb-avec-bluetooth-merkury-13-pi-0373143p.html,https://media-www.canadiantire.ca/product/automotive/car-care-accessories/auto-accessories/3999455/led-light-strip-4m-bt-df57ae3e-c2bc-47f7-8d42-b86b6a733f1d-jpgrendition.jpg?im=whresize&wid=200&hei=200,https://media-www.canadiantire.ca/product/automotive/car-care-accessories/auto-accessories/3999455/led-light-strip-4m-bt-df57ae3e-c2bc-47f7-8d42-b86b6a733f1d-jpgrendition.jpg?im=whresize&wid=200&hei=200,,0373143,037-3143-6,0 En Stock#037-3143-6,Liquidation◊,50.33,"9,93","19,99"
285,"Amos, QC","Plaque murale sans vis Legrand RWP26NICC6 Radiant, 1 dispositif, nickel","Plaque murale sans vis Legrand RWP26NICC6 Radiant, 1 dispositif, nickel",3.93,"3,93 $",8.79,"Était±  8,79 $prix était 8,79 $",3.93,"3,93 $",3.93,"3,93 $",true,https://www.canadiantire.ca/fr/pdp/plaque-murale-sans-vis-legrand-rwp26nicc6-radiant-1-dispositif-nickel-0529162p.html,https://www.canadiantire.ca/fr/pdp/plaque-murale-sans-vis-legrand-rwp26nicc6-radiant-1-dispositif-nickel-0529162p.html,https://media-www.canadiantire.ca/product/fixing/electrical/rough-electrical/0529162/1-gang-screwless-plate-nickel-b1159c4a-e3c5-44eb-a9dc-28ec7abcc7c7-jpgrendition.jpg?im=whresize&wid=200&hei=200,https://media-www.canadiantire.ca/product/fixing/electrical/rough-electrical/0529162/1-gang-screwless-plate-nickel-b1159c4a-e3c5-44eb-a9dc-28ec7abcc7c7-jpgrendition.jpg?im=whresize&wid=200&hei=200,,0529162,052-9162-6,Il n’en reste que 1 #052-9162-6,Liquidation◊Mieux notés,55.29,"3,93","8,79"
285,"Amos, QC","Goule animée sur pied avec éclairage à DEL, vert, 63 po, décoration intérieure/extérieure activée par le son et la lumière pour Halloween","Goule animée sur pied avec éclairage à DEL, vert, 63 po, décoration intérieure/extérieure activée par le son et la lumière pour Halloween",49.93,"49,93 $",99.99,"Était±  99,99 $prix était 99,99 $",49.93,"49,93 $",49.93,"49,93 $",true,https://www.canadiantire.ca/fr/pdp/goule-animee-sur-pied-avec-eclairage-a-del-vert-63-po-decoration-interieure-exterieure-activee-par-le-son-et-la-lumiere-pour-halloween-1511090p.html,https://www.canadiantire.ca/fr/pdp/goule-animee-sur-pied-avec-eclairage-a-del-vert-63-po-decoration-interieure-exterieure-activee-par-le-son-et-la-lumiere-pour-halloween-1511090p.html,https://media-www.canadiantire.ca/product/seasonal-gardening/seasonal/halloween-harvest/1511090/63a-animated-standing-ghoul-77440345-2397-4ce9-a4b2-c60428642fcf-jpgrendition.jpg?im=whresize&wid=200&hei=200,https://media-www.canadiantire.ca/product/seasonal-gardening/seasonal/halloween-harvest/1511090/63a-animated-standing-ghoul-77440345-2397-4ce9-a4b2-c60428642fcf-jpgrendition.jpg?im=whresize&wid=200&hei=200,,1511090,151-1090-8,,Liquidation◊Mieux notés,50.07,"49,93","99,99"
285,"Amos, QC",Coussin d'accoudoir ergonomique AutoTrends,Coussin d'accoudoir ergonomique AutoTrends,11.93,"11,93 $",25.99,"Était±  25,99 $prix était 25,99 $",11.93,"11,93 $",11.93,"11,93 $",true,https://www.canadiantire.ca/fr/pdp/coussin-d-accoudoir-ergonomique-autotrends-0372413p.html,https://www.canadiantire.ca/fr/pdp/coussin-d-accoudoir-ergonomique-autotrends-0372413p.html,https://media-www.canadiantire.ca/product/automotive/car-care-accessories/auto-accessories/0372413/autotrends-ergonomic-armrest-pad-151b7a10-5ac3-4386-93b9-6e8f1ca01d4b-jpgrendition.jpg?im=whresize&wid=200&hei=200,https://media-www.canadiantire.ca/product/automotive/car-care-accessories/auto-accessories/0372413/autotrends-ergonomic-armrest-pad-151b7a10-5ac3-4386-93b9-6e8f1ca01d4b-jpgrendition.jpg?im=whresize&wid=200&hei=200,,0372413,037-2413-0,Il n’en reste que 2 #037-2413-0,Liquidation◊Mieux notés,54.1,"11,93","25,99"
285,"Amos, QC","Accessoires Huntshield, coffre-fort pour armes à feu","Accessoires Huntshield, coffre-fort pour armes à feu",24.93,"24,93 $",49.99,"Était±  49,99 $prix était 49,99 $",24.93,"24,93 $",24.93,"24,93 $",true,https://www.canadiantire.ca/fr/pdp/accessoires-huntshield-coffre-fort-pour-armes-a-feu-0755347p.html,https://www.canadiantire.ca/fr/pdp/accessoires-huntshield-coffre-fort-pour-armes-a-feu-0755347p.html,https://media-www.canadiantire.ca/product/playing/hunting/hunting-equipment/0755347/huntshield-gun-safe-accessory-pack-f6e315ee-7d93-42fc-b5d4-1944760edf8c-jpgrendition.jpg?im=whresize&wid=200&hei=200,https://media-www.canadiantire.ca/product/playing/hunting/hunting-equipment/0755347/huntshield-gun-safe-accessory-pack-f6e315ee-7d93-42fc-b5d4-1944760edf8c-jpgrendition.jpg?im=whresize&wid=200&hei=200,,0755347,075-5347-8,Il n’en reste que 1 #075-5347-8,Liquidation◊Exclusivité,50.13,"24,93","49,99"
285,"Amos, QC",Plomb fendu sans plomb Red Wolf,Plomb fendu sans plomb Red Wolf,6.73,"6,73 $",14.99,"Était±  14,99 $prix était 14,99 $",6.73,"6,73 $",6.73,"6,73 $",true,https://www.canadiantire.ca/fr/pdp/plomb-fendu-sans-plomb-red-wolf-0784291p.html,https://www.canadiantire.ca/fr/pdp/plomb-fendu-sans-plomb-red-wolf-0784291p.html,undefined,undefined,,0784291,078-4291-8,Il n’en reste que 1 #078-4291-8,Liquidation◊Mieux notés,55.1,"6,73","14,99"
285,"Amos, QC",Trousse d'installation de commande de freins Hopkins Towing Solution,Trousse d'installation de commande de freins Hopkins Towing Solution,20.93,"20,93 $",42.99,"Était±  42,99 $prix était 42,99 $",20.93,"20,93 $",20.93,"20,93 $",true,https://www.canadiantire.ca/fr/pdp/trousse-d-installation-de-commande-de-freins-hopkins-towing-solution-0409674p.html,https://www.canadiantire.ca/fr/pdp/trousse-d-installation-de-commande-de-freins-hopkins-towing-solution-0409674p.html,https://media-www.canadiantire.ca/product/automotive/automotive-outdoor-adventure/auto-travel-storage/0409674/brake-control-installation-kit-d710317d-967c-4129-88a0-51154c7edbab-jpgrendition.jpg?im=whresize&wid=200&hei=200,https://media-www.canadiantire.ca/product/automotive/automotive-outdoor-adventure/auto-travel-storage/0409674/brake-control-installation-kit-d710317d-967c-4129-88a0-51154c7edbab-jpgrendition.jpg?im=whresize&wid=200&hei=200,,0409674,040-9674-6,Il n’en reste que 3 #040-9674-6,Liquidation◊,51.31,"20,93","42,99"
285,"Amos, QC","Filet pour panier de toit élastique SportRack SR0033, 40 x 36 po","Filet pour panier de toit élastique SportRack SR0033, 40 x 36 po",9.93,"9,93 $",69.99,"Était±  69,99 $prix était 69,99 $",9.93,"9,93 $",9.93,"9,93 $",true,https://www.canadiantire.ca/fr/pdp/filet-pour-panier-de-toit-elastique-sportrack-sr0033-40-x-36-po-0401147p.html,https://www.canadiantire.ca/fr/pdp/filet-pour-panier-de-toit-elastique-sportrack-sr0033-40-x-36-po-0401147p.html,https://media-www.canadiantire.ca/product/automotive/automotive-outdoor-adventure/auto-travel-storage/0401146/sport-rack-roof-basket-1659bde3-a046-49ef-8fe4-b7c8ed4e72e0-jpgrendition.jpg?im=whresize&wid=200&hei=200,https://media-www.canadiantire.ca/product/automotive/automotive-outdoor-adventure/auto-travel-storage/0401146/sport-rack-roof-basket-1659bde3-a046-49ef-8fe4-b7c8ed4e72e0-jpgrendition.jpg?im=whresize&wid=200&hei=200,,0401147,040-1147-0,Il n’en reste que 2 #040-1147-0,Liquidation◊,85.81,"9,93","69,99"
285,"Amos, QC","Verre à whisky haut nervuré bleu CANVAS, sans BPA, 19 oz","Verre à whisky haut nervuré bleu CANVAS, sans BPA, 19 oz",2.43,"2,43 $",6.99,"Était±  6,99 $prix était 6,99 $",2.43,"2,43 $",2.43,"2,43 $",true,https://www.canadiantire.ca/fr/pdp/verre-a-whisky-haut-nervure-bleu-canvas-sans-bpa-19-oz-1590048p.html,https://www.canadiantire.ca/fr/pdp/verre-a-whisky-haut-nervure-bleu-canvas-sans-bpa-19-oz-1590048p.html,https://media-www.canadiantire.ca/product/seasonal-gardening/backyard-living/outdoor-living-accessories/1590047/canvas-blue-ribbed-low-ball-15oz-glass-e9de210a-72b7-485d-bfd4-433a70eb4205-jpgrendition.jpg?im=whresize&wid=200&hei=200,https://media-www.canadiantire.ca/product/seasonal-gardening/backyard-living/outdoor-living-accessories/1590047/canvas-blue-ribbed-low-ball-15oz-glass-e9de210a-72b7-485d-bfd4-433a70eb4205-jpgrendition.jpg?im=whresize&wid=200&hei=200,,1590048,159-0048-2,9 En Stock#159-0048-2,Liquidation◊Exclusivité,65.24,"2,43","6,99"
285,"Amos, QC",Mitaines d'hiver isothermes en cuir matelassé avec poignets en tricot chaudes Hot Paws pour femmes,Mitaines d'hiver isothermes en cuir matelassé avec poignets en tricot chaudes Hot Paws pour femmes,14.93,"14,93 $",37.99,"37,99 $Était   et+ prix était à partir de 37,99 $",14.93,"14,93 $",14.93,"14,93 $",true,https://www.canadiantire.ca/fr/pdp/mitaines-d-hiver-isothermes-en-cuir-matelasse-avec-poignets-en-tricot-chaudes-hot-paws-pour-femmes-1870852p.html,https://www.canadiantire.ca/fr/pdp/mitaines-d-hiver-isothermes-en-cuir-matelasse-avec-poignets-en-tricot-chaudes-hot-paws-pour-femmes-1870852p.html,https://media-www.canadiantire.ca/product/playing/footwear-apparel/winter-footwear-apparel/1870852/perrin-fine-leather-mitt-ladies-s-a77c3451-d36f-45e2-9b24-c0ec29bb96fe-jpgrendition.jpg?im=whresize&wid=200&hei=200,https://media-www.canadiantire.ca/product/playing/footwear-apparel/winter-footwear-apparel/1870852/perrin-fine-leather-mitt-ladies-s-a77c3451-d36f-45e2-9b24-c0ec29bb96fe-jpgrendition.jpg?im=whresize&wid=200&hei=200,,1870852,187-0852,Vérifiez la disponibilité#187-0852X,Liquidation◊Exclusivité,60.7,"14,93","37,99"
285,"Amos, QC","Chapeau de cadet à patte Outbound, hommes","Chapeau de cadet à patte Outbound, hommes",8.93,"8,93 $",17.99,"Était±  17,99 $prix était 17,99 $",8.93,"8,93 $",8.93,"8,93 $",true,https://www.canadiantire.ca/fr/pdp/chapeau-de-cadet-a-patte-outbound-hommes-1870586p.html,https://www.canadiantire.ca/fr/pdp/chapeau-de-cadet-a-patte-outbound-hommes-1870586p.html,https://media-www.canadiantire.ca/product/playing/footwear-apparel/footwear-apparel-accessories/1870586/outbound-cadet-hat-w-tab-on-peak-645bd80d-35ef-4339-9632-f3d23c667f03-jpgrendition.jpg?im=whresize&wid=200&hei=200,https://media-www.canadiantire.ca/product/playing/footwear-apparel/footwear-apparel-accessories/1870586/outbound-cadet-hat-w-tab-on-peak-645bd80d-35ef-4339-9632-f3d23c667f03-jpgrendition.jpg?im=whresize&wid=200&hei=200,,1870586,187-0586-2,Il n’en reste que 2 #187-0586-2,Liquidation◊Mieux notés,50.36,"8,93","17,99"
285,"Amos, QC","Mini appareil à crème fouettée en inox iSi, sans BPA, 500 mL","Mini appareil à crème fouettée en inox iSi, sans BPA, 500 mL",34.93,"34,93 $",89.99,"Était±  89,99 $prix était 89,99 $",34.93,"34,93 $",34.93,"34,93 $",true,https://www.canadiantire.ca/fr/pdp/mini-appareil-a-creme-fouettee-en-inox-isi-sans-bpa-500-ml-0421143p.html,https://www.canadiantire.ca/fr/pdp/mini-appareil-a-creme-fouettee-en-inox-isi-sans-bpa-500-ml-0421143p.html,https://media-www.canadiantire.ca/product/living/kitchen/dining-and-entertaining/0421143/mini-cream-whipper-c5599136-6f8f-4a08-a2a1-b0ccefaa12b5-jpgrendition.jpg?im=whresize&wid=200&hei=200,https://media-www.canadiantire.ca/product/living/kitchen/dining-and-entertaining/0421143/mini-cream-whipper-c5599136-6f8f-4a08-a2a1-b0ccefaa12b5-jpgrendition.jpg?im=whresize&wid=200&hei=200,,0421143,042-1143-4,Il n’en reste que 2 #042-1143-4,Liquidation◊Mieux notés,61.18,"34,93","89,99"
285,"Amos, QC","Émerillon à barillet Danielson, laiton, taille 5, paq. 6","Émerillon à barillet Danielson, laiton, taille 5, paq. 6",0.43,"0,43 $",0.99,"Était±  0,99 $prix était 0,99 $",0.43,"0,43 $",0.43,"0,43 $",true,https://www.canadiantire.ca/fr/pdp/emerillon-a-barillet-danielson-laiton-taille-5-paq-6-0774430p.html,https://www.canadiantire.ca/fr/pdp/emerillon-a-barillet-danielson-laiton-taille-5-paq-6-0774430p.html,https://media-www.canadiantire.ca/product/playing/fishing/fishing-lures/0774430/danielson-barrel-swivel-brass-size-5-6pk-cdee1007-948c-47cb-8caa-415cd9120e20-jpgrendition.jpg?im=whresize&wid=200&hei=200,https://media-www.canadiantire.ca/product/playing/fishing/fishing-lures/0774430/danielson-barrel-swivel-brass-size-5-6pk-cdee1007-948c-47cb-8caa-415cd9120e20-jpgrendition.jpg?im=whresize&wid=200&hei=200,,0774430,077-4430-0,,Liquidation◊,56.57,"0,43","0,99"
285,"Amos, QC","Mélanges de chocolat chaud, Batman, paq. 4","Mélanges de chocolat chaud, Batman, paq. 4",5.93,"5,93 $",12.99,"Était±  12,99 $prix était 12,99 $",5.93,"5,93 $",5.93,"5,93 $",true,https://www.canadiantire.ca/fr/pdp/melanges-de-chocolat-chaud-batman-paq-4-1519520p.html,https://www.canadiantire.ca/fr/pdp/melanges-de-chocolat-chaud-batman-paq-4-1519520p.html,https://media-www.canadiantire.ca/product/living/food-drink/seasonal-confectionery/1519520/batman-hot-cocoa-mixes-4-pk-d3167311-6134-4c59-a3dc-c19bbc0e020e-jpgrendition.jpg?im=whresize&wid=200&hei=200,https://media-www.canadiantire.ca/product/living/food-drink/seasonal-confectionery/1519520/batman-hot-cocoa-mixes-4-pk-d3167311-6134-4c59-a3dc-c19bbc0e020e-jpgrendition.jpg?im=whresize&wid=200&hei=200,,1519520,151-9520-8,Il n’en reste que 7 #151-9520-8,Liquidation◊Mieux notés,54.35,"5,93","12,99"
285,"Amos, QC","Hameçon Danielson Aberdeen, bronze, taille 8","Hameçon Danielson Aberdeen, bronze, taille 8",0.43,"0,43 $",1.99,"Était±  1,99 $prix était 1,99 $",0.43,"0,43 $",0.43,"0,43 $",true,https://www.canadiantire.ca/fr/pdp/hamecon-danielson-aberdeen-bronze-taille-8-0774116p.html,https://www.canadiantire.ca/fr/pdp/hamecon-danielson-aberdeen-bronze-taille-8-0774116p.html,https://media-www.canadiantire.ca/product/playing/fishing/fishing-lures/0774116/danielson-aberdeen-hook-bronze-size-8-63eabc04-98c9-4a40-bd92-5c15e1f3485c-jpgrendition.jpg?im=whresize&wid=200&hei=200,https://media-www.canadiantire.ca/product/playing/fishing/fishing-lures/0774116/danielson-aberdeen-hook-bronze-size-8-63eabc04-98c9-4a40-bd92-5c15e1f3485c-jpgrendition.jpg?im=whresize&wid=200&hei=200,,0774116,077-4116-0,,Liquidation◊,78.39,"0,43","1,99"
285,"Amos, QC","Aérateur à vin MASTER Chef à bec verseur, support, paq. 2","Aérateur à vin MASTER Chef à bec verseur, support, paq. 2",1.93,"1,93 $",11.99,"Était±  11,99 $prix était 11,99 $",1.93,"1,93 $",1.93,"1,93 $",true,https://www.canadiantire.ca/fr/pdp/aerateur-a-vin-master-chef-a-bec-verseur-support-paq-2-1421413p.html,https://www.canadiantire.ca/fr/pdp/aerateur-a-vin-master-chef-a-bec-verseur-support-paq-2-1421413p.html,https://media-www.canadiantire.ca/product/living/kitchen/dining-and-entertaining/1421413/master-chef-wine-aerator-a69806ad-6616-4db3-b049-b2eeecee642d-jpgrendition.jpg?im=whresize&wid=200&hei=200,https://media-www.canadiantire.ca/product/living/kitchen/dining-and-entertaining/1421413/master-chef-wine-aerator-a69806ad-6616-4db3-b049-b2eeecee642d-jpgrendition.jpg?im=whresize&wid=200&hei=200,,1421413,142-1413-4,Il n’en reste que 6 #142-1413-4,Liquidation◊Mieux notés,83.9,"1,93","11,99"
285,"Amos, QC",Rétroviseur grand-angle à montage au rétroviseur intérieur K-Source,Rétroviseur grand-angle à montage au rétroviseur intérieur K-Source,6.93,"6,93 $",13.99,"Était±  13,99 $prix était 13,99 $",6.93,"6,93 $",6.93,"6,93 $",true,https://www.canadiantire.ca/fr/pdp/retroviseur-grand-angle-a-montage-au-retroviseur-interieur-k-source-0371991p.html,https://www.canadiantire.ca/fr/pdp/retroviseur-grand-angle-a-montage-au-retroviseur-interieur-k-source-0371991p.html,https://media-www.canadiantire.ca/product/automotive/car-care-accessories/auto-accessories/0371991/interior-mirror-mount-blind-spot-mirror-36737456-aee9-4c86-a7b4-ef4225869865-jpgrendition.jpg?im=whresize&wid=200&hei=200,https://media-www.canadiantire.ca/product/automotive/car-care-accessories/auto-accessories/0371991/interior-mirror-mount-blind-spot-mirror-36737456-aee9-4c86-a7b4-ef4225869865-jpgrendition.jpg?im=whresize&wid=200&hei=200,,0371991,037-1991-8,Il n’en reste que 2 #037-1991-8,Liquidation◊,50.46,"6,93","13,99"
285,"Amos, QC",Ciseaux de cuisine microdentelés en acier inoxydable MASTER Chef Edgekeeper avec fourreau d'affûtage,Ciseaux de cuisine microdentelés en acier inoxydable MASTER Chef Edgekeeper avec fourreau d'affûtage,4.93,"4,93 $",9.99,"Était±  9,99 $prix était 9,99 $",4.93,"4,93 $",4.93,"4,93 $",true,https://www.canadiantire.ca/fr/pdp/ciseaux-de-cuisine-microdenteles-en-acier-inoxydable-master-chef-edgekeeper-avec-fourreau-d-affutage-1423920p.html,https://www.canadiantire.ca/fr/pdp/ciseaux-de-cuisine-microdenteles-en-acier-inoxydable-master-chef-edgekeeper-avec-fourreau-d-affutage-1423920p.html,https://media-www.canadiantire.ca/product/living/kitchen/cutlery/1423920/master-chef-edgekeeper-kitchen-shears-b322785b-1a16-4715-849b-0db7babe112a-jpgrendition.jpg?im=whresize&wid=200&hei=200,https://media-www.canadiantire.ca/product/living/kitchen/cutlery/1423920/master-chef-edgekeeper-kitchen-shears-b322785b-1a16-4715-849b-0db7babe112a-jpgrendition.jpg?im=whresize&wid=200&hei=200,,1423920,142-3920-4,Il n’en reste que 1 #142-3920-4,Liquidation◊Exclusivité,50.65,"4,93","9,99"
285,"Amos, QC","Canne à pêche blanche HT, choix varié","Canne à pêche blanche HT, choix varié",8.93,"8,93 $",19.99,"Était±  19,99 $prix était 19,99 $",8.93,"8,93 $",8.93,"8,93 $",true,https://www.canadiantire.ca/fr/pdp/canne-a-peche-blanche-ht-choix-varie-0784733p.html,https://www.canadiantire.ca/fr/pdp/canne-a-peche-blanche-ht-choix-varie-0784733p.html,https://media-www.canadiantire.ca/product/playing/fishing/ice-fishing/0784733/ht-assorted-ice-fishing-medium-spinning-rod-83a770a4-f6b8-4d7c-91ae-6ffebb6ca6c3-jpgrendition.jpg?im=whresize&wid=200&hei=200,https://media-www.canadiantire.ca/product/playing/fishing/ice-fishing/0784733/ht-assorted-ice-fishing-medium-spinning-rod-83a770a4-f6b8-4d7c-91ae-6ffebb6ca6c3-jpgrendition.jpg?im=whresize&wid=200&hei=200,,0784733,078-4733-8,Il n’en reste que 2 #078-4733-8,Liquidation◊,55.33,"8,93","19,99"
285,"Amos, QC","Brosse de nettoyage pour canon de fusil Hoppe's Tornado Hunting, calibre 12 et 20","Brosse de nettoyage pour canon de fusil Hoppe's Tornado Hunting, calibre 12 et 20",3.43,"3,43 $",6.99,"Était±  6,99 $prix était 6,99 $",3.43,"3,43 $",3.43,"3,43 $",true,https://www.canadiantire.ca/fr/pdp/brosse-de-nettoyage-pour-canon-de-fusil-hoppe-s-tornado-hunting-calibre-12-et-20-1754409p.html,https://www.canadiantire.ca/fr/pdp/brosse-de-nettoyage-pour-canon-de-fusil-hoppe-s-tornado-hunting-calibre-12-et-20-1754409p.html,https://media-www.canadiantire.ca/product/playing/hunting/hunting-accessories/1754409/hoppe-s-tornado-brush-12ga-shotgun-1b10bafd-5ae3-48bf-9d47-b64f32ee72a2-jpgrendition.jpg?im=whresize&wid=200&hei=200,https://media-www.canadiantire.ca/product/playing/hunting/hunting-accessories/1754409/hoppe-s-tornado-brush-12ga-shotgun-1b10bafd-5ae3-48bf-9d47-b64f32ee72a2-jpgrendition.jpg?im=whresize&wid=200&hei=200,,1754409,175-4409-0,Il n’en reste que 3 #175-4409-0,Liquidation◊,50.93,"3,43","6,99"
285,"Amos, QC","Tuque à pompon et mitaines en tricot avec doublure en molleton Hot Paws pour femmes, variés","Tuque à pompon et mitaines en tricot avec doublure en molleton Hot Paws pour femmes, variés",9.93,"9,93 $",21.99,"Était±  21,99 $prix était 21,99 $",9.93,"9,93 $",9.93,"9,93 $",true,https://www.canadiantire.ca/fr/pdp/tuque-a-pompon-et-mitaines-en-tricot-avec-doublure-en-molleton-hot-paws-pour-femmes-varies-1872992p.html,https://www.canadiantire.ca/fr/pdp/tuque-a-pompon-et-mitaines-en-tricot-avec-doublure-en-molleton-hot-paws-pour-femmes-varies-1872992p.html,https://media-www.canadiantire.ca/product/playing/footwear-apparel/winter-footwear-apparel/1872992/hot-paws-w-pompom-knit-hat-mitt-set-o-s-12f71c4f-b5dd-4ef3-95b8-fe5574f859c7-jpgrendition.jpg?im=whresize&wid=200&hei=200,https://media-www.canadiantire.ca/product/playing/footwear-apparel/winter-footwear-apparel/1872992/hot-paws-w-pompom-knit-hat-mitt-set-o-s-12f71c4f-b5dd-4ef3-95b8-fe5574f859c7-jpgrendition.jpg?im=whresize&wid=200&hei=200,,1872992,187-2992-2,,Liquidation◊Mieux notés,54.84,"9,93","21,99"
285,"Amos, QC","Panier de rangement emboîtable Type A, 18 L","Panier de rangement emboîtable Type A, 18 L",4.93,"4,93 $",11.99,"Était±  11,99 $prix était 11,99 $",4.93,"4,93 $",4.93,"4,93 $",true,https://www.canadiantire.ca/fr/pdp/panier-de-rangement-emboitable-type-a-18-l-1427607p.html,https://www.canadiantire.ca/fr/pdp/panier-de-rangement-emboitable-type-a-18-l-1427607p.html,https://media-www.canadiantire.ca/product/living/home-organization/storage-solutions/1427607/type-a-18l-storage-basket-6e91a27c-d33e-42b6-b915-38f75de30a19-jpgrendition.jpg?im=whresize&wid=200&hei=200,https://media-www.canadiantire.ca/product/living/home-organization/storage-solutions/1427607/type-a-18l-storage-basket-6e91a27c-d33e-42b6-b915-38f75de30a19-jpgrendition.jpg?im=whresize&wid=200&hei=200,,1427607,142-7607-8,Il n’en reste que 4 #142-7607-8,Liquidation◊Mieux notés,58.88,"4,93","11,99"
285,"Amos, QC","Système d’inversion universel FlexiFit pour baril d’eau de pluie, trousse Easy Connect","Système d’inversion universel FlexiFit pour baril d’eau de pluie, trousse Easy Connect",28.93,"28,93 $",64.99,"Était±  64,99 $prix était 64,99 $",28.93,"28,93 $",28.93,"28,93 $",true,https://www.canadiantire.ca/fr/pdp/systeme-d-inversion-universel-flexifit-pour-baril-d-eau-de-pluie-trousse-easy-connect-0597194p.html,https://www.canadiantire.ca/fr/pdp/systeme-d-inversion-universel-flexifit-pour-baril-d-eau-de-pluie-trousse-easy-connect-0597194p.html,https://media-www.canadiantire.ca/product/seasonal-gardening/outdoor-tools/watering/0597194/rain-barrel-ez-connect-kit-ae6a9e52-8006-4074-a4fe-6c22500c098b-jpgrendition.jpg?im=whresize&wid=200&hei=200,https://media-www.canadiantire.ca/product/seasonal-gardening/outdoor-tools/watering/0597194/rain-barrel-ez-connect-kit-ae6a9e52-8006-4074-a4fe-6c22500c098b-jpgrendition.jpg?im=whresize&wid=200&hei=200,,0597194,059-7194-8,Il n’en reste que 1 #059-7194-8,Liquidation◊Mieux notés,55.49,"28,93","64,99"
285,"Amos, QC","Tampons Meguiar's DA Polishing Power Pads, G3508C, 10,16 cm (4 po), paq. 2, jaune","Tampons Meguiar's DA Polishing Power Pads, G3508C, 10,16 cm (4 po), paq. 2, jaune",9.93,"9,93 $",26.99,"Était±  26,99 $prix était 26,99 $",9.93,"9,93 $",9.93,"9,93 $",true,https://www.canadiantire.ca/fr/pdp/tampons-meguiar-s-da-polishing-power-pads-g3508c-10-16-cm-4-po-paq-2-jaune-0399030p.html,https://www.canadiantire.ca/fr/pdp/tampons-meguiar-s-da-polishing-power-pads-g3508c-10-16-cm-4-po-paq-2-jaune-0399030p.html,https://media-www.canadiantire.ca/product/automotive/car-care-accessories/auto-cleaning-tools/0399030/meguiar-s-da-power-system-polish-pack-a3c95d16-b850-4318-855b-40fe5d9656e2-jpgrendition.jpg?im=whresize&wid=200&hei=200,https://media-www.canadiantire.ca/product/automotive/car-care-accessories/auto-cleaning-tools/0399030/meguiar-s-da-power-system-polish-pack-a3c95d16-b850-4318-855b-40fe5d9656e2-jpgrendition.jpg?im=whresize&wid=200&hei=200,,0399030,039-9030-4,Il n’en reste que 1 #039-9030-4,Liquidation◊,63.21,"9,93","26,99"
285,"Amos, QC","Canne et moulinet à lancer lourd Pyjamasques pour enfants, préembobiné, 29,5 po","Canne et moulinet à lancer lourd Pyjamasques pour enfants, préembobiné, 29,5 po",5.99,"5,99 $",29.99,"Était±  29,99 $prix était 29,99 $",5.99,"5,99 $",5.99,"5,99 $",true,https://www.canadiantire.ca/fr/pdp/canne-et-moulinet-a-lancer-lourd-pyjamasques-pour-enfants-preembobine-29-5-po-1783717p.html,https://www.canadiantire.ca/fr/pdp/canne-et-moulinet-a-lancer-lourd-pyjamasques-pour-enfants-preembobine-29-5-po-1783717p.html,https://media-www.canadiantire.ca/product/playing/fishing/fishing-equipment/1783717/pj-mask-spincast-combo-5c52621d-4225-4d15-b569-7d991c419622-jpgrendition.jpg?im=whresize&wid=200&hei=200,https://media-www.canadiantire.ca/product/playing/fishing/fishing-equipment/1783717/pj-mask-spincast-combo-5c52621d-4225-4d15-b569-7d991c419622-jpgrendition.jpg?im=whresize&wid=200&hei=200,,1783717,178-3717-6,Il n’en reste que 1 #178-3717-6,Liquidation◊,80.03,"5,99","29,99"
285,"Amos, QC","Adaptateur d'attelage Reese Towpower 3 po vers 2 po, 4 po","Adaptateur d'attelage Reese Towpower 3 po vers 2 po, 4 po",41.93,"41,93 $",99.99,"Était±  99,99 $prix était 99,99 $",41.93,"41,93 $",41.93,"41,93 $",true,https://www.canadiantire.ca/fr/pdp/adaptateur-d-attelage-reese-towpower-3-po-vers-2-po-4-po-0406057p.html,https://www.canadiantire.ca/fr/pdp/adaptateur-d-attelage-reese-towpower-3-po-vers-2-po-4-po-0406057p.html,https://media-www.canadiantire.ca/product/automotive/automotive-outdoor-adventure/auto-travel-storage/0408601/reese-towpower-3-to-2-adapter--d1220170-1807-439d-b485-ef06ba138ae7-jpgrendition.jpg?im=whresize&wid=200&hei=200,https://media-www.canadiantire.ca/product/automotive/automotive-outdoor-adventure/auto-travel-storage/0408601/reese-towpower-3-to-2-adapter--d1220170-1807-439d-b485-ef06ba138ae7-jpgrendition.jpg?im=whresize&wid=200&hei=200,,0406057,040-8601-6,Il n’en reste que 1 #040-8601-6,Liquidation◊,58.07,"41,93","99,99"
285,"Amos, QC",Fixation sur pare-brise pour téléphone Weathertech,Fixation sur pare-brise pour téléphone Weathertech,13.93,"13,93 $",64.99,"Était±  64,99 $prix était 64,99 $",13.93,"13,93 $",13.93,"13,93 $",true,https://www.canadiantire.ca/fr/pdp/fixation-sur-pare-brise-pour-telephone-weathertech-0357427p.html,https://www.canadiantire.ca/fr/pdp/fixation-sur-pare-brise-pour-telephone-weathertech-0357427p.html,https://media-www.canadiantire.ca/product/automotive/electronics/mobile-electronics/0357427/weathertech-windshield-phone-mount-70660ec6-09c1-42af-9a3d-c1c1c14375f0-jpgrendition.jpg?im=whresize&wid=200&hei=200,https://media-www.canadiantire.ca/product/automotive/electronics/mobile-electronics/0357427/weathertech-windshield-phone-mount-70660ec6-09c1-42af-9a3d-c1c1c14375f0-jpgrendition.jpg?im=whresize&wid=200&hei=200,,0357427,035-7427-2,Il n’en reste que 2 #035-7427-2,Liquidation◊,78.57,"13,93","64,99"
285,"Amos, QC",Connecteur à lame 7 voies câble gainé à DEL de vérification Hopkins Towing Solution,Connecteur à lame 7 voies câble gainé à DEL de vérification Hopkins Towing Solution,41.93,"41,93 $",99.99,"Était±  99,99 $prix était 99,99 $",41.93,"41,93 $",41.93,"41,93 $",true,https://www.canadiantire.ca/fr/pdp/connecteur-a-lame-7-voies-cable-gaine-a-del-de-verification-hopkins-towing-solution-0409670p.html,https://www.canadiantire.ca/fr/pdp/connecteur-a-lame-7-voies-cable-gaine-a-del-de-verification-hopkins-towing-solution-0409670p.html,https://media-www.canadiantire.ca/product/automotive/automotive-outdoor-adventure/auto-travel-storage/0409670/led-test-jacketed-cable-7-blade-connector-61660711-970d-4903-a30f-cfb9c23ba3e1-jpgrendition.jpg?im=whresize&wid=200&hei=200,https://media-www.canadiantire.ca/product/automotive/automotive-outdoor-adventure/auto-travel-storage/0409670/led-test-jacketed-cable-7-blade-connector-61660711-970d-4903-a30f-cfb9c23ba3e1-jpgrendition.jpg?im=whresize&wid=200&hei=200,,0409670,040-9670-4,Il n’en reste que 1 #040-9670-4,Liquidation◊,58.07,"41,93","99,99"
285,"Amos, QC","Sas à dos de motoneige Raider, noir","Sas à dos de motoneige Raider, noir",14.93,"14,93 $",109.99,"Était±  109,99 $prix était 109,99 $",14.93,"14,93 $",14.93,"14,93 $",true,https://www.canadiantire.ca/fr/pdp/sas-a-dos-de-motoneige-raider-noir-0260596p.html,https://www.canadiantire.ca/fr/pdp/sas-a-dos-de-motoneige-raider-noir-0260596p.html,https://media-www.canadiantire.ca/product/automotive/automotive-outdoor-adventure/powersport/0260596/snowmobile-backpack-f3384045-0f0c-4312-a988-418c484d2633-jpgrendition.jpg?im=whresize&wid=200&hei=200,https://media-www.canadiantire.ca/product/automotive/automotive-outdoor-adventure/powersport/0260596/snowmobile-backpack-f3384045-0f0c-4312-a988-418c484d2633-jpgrendition.jpg?im=whresize&wid=200&hei=200,,0260596,026-0596-2,,Liquidation◊Mieux notés,86.43,"14,93","109,99"
285,"Amos, QC",Hameçon VMC,Hameçon VMC,3.43,"3,43 $",6.99,"6,99 $Était   et+ prix était à partir de 6,99 $",3.43,"3,43 $",3.43,"3,43 $",true,https://www.canadiantire.ca/fr/pdp/hamecon-vmc-0777212p.html,https://www.canadiantire.ca/fr/pdp/hamecon-vmc-0777212p.html,https://media-www.canadiantire.ca/product/playing/fishing/fishing-lures/0777212/vmc-octopus-hook-chartreuse-size-2-6-pack-8acf9e02-0129-40be-8faf-beed3b04c2f5-jpgrendition.jpg?im=whresize&wid=200&hei=200,https://media-www.canadiantire.ca/product/playing/fishing/fishing-lures/0777212/vmc-octopus-hook-chartreuse-size-2-6-pack-8acf9e02-0129-40be-8faf-beed3b04c2f5-jpgrendition.jpg?im=whresize&wid=200&hei=200,,0777212,077-7212,Vérifiez la disponibilité#077-7212X,Liquidation◊Mieux notés,50.93,"3,43","6,99"
285,"Amos, QC","Courroies pour aspirateur Bissell, type 7/9/10/12/14, paq. 2","Courroies pour aspirateur Bissell, type 7/9/10/12/14, paq. 2",4.93,"4,93 $",16.99,"Était±  16,99 $prix était 16,99 $",4.93,"4,93 $",4.93,"4,93 $",true,https://www.canadiantire.ca/fr/pdp/courroies-pour-aspirateur-bissell-type-7-9-10-12-14-paq-2-0436475p.html,https://www.canadiantire.ca/fr/pdp/courroies-pour-aspirateur-bissell-type-7-9-10-12-14-paq-2-0436475p.html,https://media-www.canadiantire.ca/product/living/cleaning/vacuums-and-floorcare/0436475/vac-bissell-7-9-10-12-14-belt-2pk--0ecbdfde-a61a-4010-bf62-02d6348462f1-jpgrendition.jpg?im=whresize&wid=200&hei=200,https://media-www.canadiantire.ca/product/living/cleaning/vacuums-and-floorcare/0436475/vac-bissell-7-9-10-12-14-belt-2pk--0ecbdfde-a61a-4010-bf62-02d6348462f1-jpgrendition.jpg?im=whresize&wid=200&hei=200,,0436475,043-6475-2,Il n’en reste que 2 #043-6475-2,Liquidation◊,70.98,"4,93","16,99"
285,"Amos, QC","Émerillon à barillet Danielson, laiton, taille 7, paq. 7","Émerillon à barillet Danielson, laiton, taille 7, paq. 7",0.43,"0,43 $",0.99,"Était±  0,99 $prix était 0,99 $",0.43,"0,43 $",0.43,"0,43 $",true,https://www.canadiantire.ca/fr/pdp/emerillon-a-barillet-danielson-laiton-taille-7-paq-7-0774431p.html,https://www.canadiantire.ca/fr/pdp/emerillon-a-barillet-danielson-laiton-taille-7-paq-7-0774431p.html,https://media-www.canadiantire.ca/product/playing/fishing/fishing-lures/0774431/danielson-barrel-swivel-brass-size-7-7pk-fc743887-bb22-4cec-aa24-857c2a5d45dc-jpgrendition.jpg?im=whresize&wid=200&hei=200,https://media-www.canadiantire.ca/product/playing/fishing/fishing-lures/0774431/danielson-barrel-swivel-brass-size-7-7pk-fc743887-bb22-4cec-aa24-857c2a5d45dc-jpgrendition.jpg?im=whresize&wid=200&hei=200,,0774431,077-4431-8,,Liquidation◊,56.57,"0,43","0,99"
285,"Amos, QC","Cuiller pour pêche blanche Northland Glo-Shot, 44565 oz","Cuiller pour pêche blanche Northland Glo-Shot, 44565 oz",4.43,"4,43 $",9.99,"9,99 $Était   et+ prix était à partir de 9,99 $",4.43,"4,43 $",4.43,"4,43 $",true,https://www.canadiantire.ca/fr/pdp/cuiller-pour-peche-blanche-northland-glo-shot-44565-oz-0777879p.html,https://www.canadiantire.ca/fr/pdp/cuiller-pour-peche-blanche-northland-glo-shot-44565-oz-0777879p.html,https://media-www.canadiantire.ca/product/playing/fishing/ice-fishing/0777879/northland-glo-shot-spoon-uv-glo-perch-1-4-oz-9c8c65b7-449c-4356-87ff-fb34b0fd2e27-jpgrendition.jpg?im=whresize&wid=200&hei=200,https://media-www.canadiantire.ca/product/playing/fishing/ice-fishing/0777879/northland-glo-shot-spoon-uv-glo-perch-1-4-oz-9c8c65b7-449c-4356-87ff-fb34b0fd2e27-jpgrendition.jpg?im=whresize&wid=200&hei=200,,0777879,077-7879,Vérifiez la disponibilité#077-7879X,Liquidation◊Mieux notés,55.66,"4,43","9,99"
285,"Amos, QC","Housses de siège avant Dickies rés. aux perforations, noir paq. 2","Housses de siège avant Dickies rés. aux perforations, noir paq. 2",23.93,"23,93 $",59.99,"Était±  59,99 $prix était 59,99 $",23.93,"23,93 $",23.93,"23,93 $",true,https://www.canadiantire.ca/fr/pdp/housses-de-siege-avant-dickies-res-aux-perforations-noir-paq-2-0323932p.html,https://www.canadiantire.ca/fr/pdp/housses-de-siege-avant-dickies-res-aux-perforations-noir-paq-2-0323932p.html,https://media-www.canadiantire.ca/product/automotive/car-care-accessories/auto-comfort/0323932/dickies-puncture-resist-front-seat-cover-2-pk-2721e20c-5fe1-4736-9297-73d8e92e8076-jpgrendition.jpg?im=whresize&wid=200&hei=200,https://media-www.canadiantire.ca/product/automotive/car-care-accessories/auto-comfort/0323932/dickies-puncture-resist-front-seat-cover-2-pk-2721e20c-5fe1-4736-9297-73d8e92e8076-jpgrendition.jpg?im=whresize&wid=200&hei=200,,0323932,032-3932-8,Il n’en reste que 2 #032-3932-8,Liquidation◊Exclusivité,60.11,"23,93","59,99"
285,"Amos, QC",Adaptateur Hymair pour peinture,Adaptateur Hymair pour peinture,7.93,"7,93 $",15.99,"Était±  15,99 $prix était 15,99 $",7.93,"7,93 $",7.93,"7,93 $",true,https://www.canadiantire.ca/fr/pdp/adaptateur-hymair-pour-peinture-0581960p.html,https://www.canadiantire.ca/fr/pdp/adaptateur-hymair-pour-peinture-0581960p.html,https://media-www.canadiantire.ca/product/fixing/tools/air-tools-accessories/0581960/hymiar-paint-adaptor-2ede0503-35a6-449b-b84a-87b52f7fc5cb-jpgrendition.jpg?im=whresize&wid=200&hei=200,https://media-www.canadiantire.ca/product/fixing/tools/air-tools-accessories/0581960/hymiar-paint-adaptor-2ede0503-35a6-449b-b84a-87b52f7fc5cb-jpgrendition.jpg?im=whresize&wid=200&hei=200,,0581960,058-1960-2,Il n’en reste que 6 #058-1960-2,Liquidation◊,50.41,"7,93","15,99"
285,"Amos, QC","Feux à DEL avant et arrière pour vélo Supercycle, caoutchouc, 3 réglages, paq. 2","Feux à DEL avant et arrière pour vélo Supercycle, caoutchouc, 3 réglages, paq. 2",10.43,"10,43 $",20.99,"Était±  20,99 $prix était 20,99 $",10.43,"10,43 $",10.43,"10,43 $",true,https://www.canadiantire.ca/fr/pdp/feux-a-del-avant-et-arriere-pour-velo-supercycle-caoutchouc-3-reglages-paq-2-0731218p.html,https://www.canadiantire.ca/fr/pdp/feux-a-del-avant-et-arriere-pour-velo-supercycle-caoutchouc-3-reglages-paq-2-0731218p.html,https://media-www.canadiantire.ca/product/playing/cycling/bicycle-accessories/0731218/2-pack-rubber-led-light-set-5ad9d518-5df4-46f1-b8b9-bec6f7676f24-jpgrendition.jpg?im=whresize&wid=200&hei=200,https://media-www.canadiantire.ca/product/playing/cycling/bicycle-accessories/0731218/2-pack-rubber-led-light-set-5ad9d518-5df4-46f1-b8b9-bec6f7676f24-jpgrendition.jpg?im=whresize&wid=200&hei=200,,0731218,073-1218-4,Il n’en reste que 1 #073-1218-4,Liquidation◊Exclusivité,50.31,"10,43","20,99"
