store_id,city,name,title,price,price_raw,regular_price,regular_price_raw,liquidation_price,liquidation_price_raw,sale_price,sale_price_raw,liquidation,url,link,image,image_url,product_id,sku,sku_formatted,availability,badges,discount_percent,price_sale_clean,price_original_clean
77,"Owen Sound, ON","Échelle de piscine en A en acier Bestway Flowclear avec rampe, 42 po","Échelle de piscine en A en acier Bestway Flowclear avec rampe, 42 po",12,"12,00 $",99.99,"Était±  99,99 $prix était 99,99 $",12,"12,00 $",12,"12,00 $",true,https://www.canadiantire.ca/fr/pdp/echelle-de-piscine-en-a-en-acier-bestway-flowclear-avec-rampe-42-po-0813926p.html,https://www.canadiantire.ca/fr/pdp/echelle-de-piscine-en-a-en-acier-bestway-flowclear-avec-rampe-42-po-0813926p.html,https://media-www.canadiantire.ca/product/seasonal-gardening/backyard-fun/pool-maintenance/0813926/42-pool-ladder-1e5af39a-d711-4efc-88d9-7f79508fac9d-jpgrendition.jpg?im=whresize&wid=200&hei=200,https://media-www.canadiantire.ca/product/seasonal-gardening/backyard-fun/pool-maintenance/0813926/42-pool-ladder-1e5af39a-d711-4efc-88d9-7f79508fac9d-jpgrendition.jpg?im=whresize&wid=200&hei=200,,0813926,081-3926-6,100 En Stock#081-3926-6,Liquidation◊,88,"12,00","99,99"
77,"Owen Sound, ON",Abri de camping à auvent chapiteau Woods,Abri de camping à auvent chapiteau Woods,99.93,"99,93 $",289.99,"Était±  289,99 $prix était 289,99 $",99.93,"99,93 $",99.93,"99,93 $",true,https://www.canadiantire.ca/fr/pdp/abri-de-camping-a-auvent-chapiteau-woods-0766532p.html,https://www.canadiantire.ca/fr/pdp/abri-de-camping-a-auvent-chapiteau-woods-0766532p.html,https://media-www.canadiantire.ca/product/playing/camping/tents-shelters/0766532/woods-marquee-camp-shelter-098d48ca-7473-4b64-a3a7-00643d1edbd7-jpgrendition.jpg?im=whresize&wid=200&hei=200,https://media-www.canadiantire.ca/product/playing/camping/tents-shelters/0766532/woods-marquee-camp-shelter-098d48ca-7473-4b64-a3a7-00643d1edbd7-jpgrendition.jpg?im=whresize&wid=200&hei=200,,0766532,076-6532-8,12 En Stock#076-6532-8,Liquidation◊Mieux notés,65.54,"99,93","289,99"
77,"Owen Sound, ON",Garde-manger polyvalent Canvas Wittmore,Garde-manger polyvalent Canvas Wittmore,199.93,"199,93 $",499.99,"Était±  499,99 $prix était 499,99 $",199.93,"199,93 $",199.93,"199,93 $",true,https://www.canadiantire.ca/fr/pdp/garde-manger-polyvalent-canvas-wittmore-1680200p.html,https://www.canadiantire.ca/fr/pdp/garde-manger-polyvalent-canvas-wittmore-1680200p.html,https://media-www.canadiantire.ca/product/living/home-decor/furniture/1680200/canvas-whittmore-pantry-cabinet-88855d97-fc3c-4726-984c-bc946be0a9b7-jpgrendition.jpg?im=whresize&wid=200&hei=200,https://media-www.canadiantire.ca/product/living/home-decor/furniture/1680200/canvas-whittmore-pantry-cabinet-88855d97-fc3c-4726-984c-bc946be0a9b7-jpgrendition.jpg?im=whresize&wid=200&hei=200,,1680200,168-0200-6,Il n’en reste que 1 #168-0200-6,Liquidation◊Exclusivité,60.01,"199,93","499,99"
77,"Owen Sound, ON","Tasses à mesurer empilables en plastique MASTER Chef, paq. 10","Tasses à mesurer empilables en plastique MASTER Chef, paq. 10",8.93,"8,93 $",24.99,"Était±  24,99 $prix était 24,99 $",8.93,"8,93 $",8.93,"8,93 $",true,https://www.canadiantire.ca/fr/pdp/tasses-a-mesurer-empilables-en-plastique-master-chef-paq-10-1429676p.html,https://www.canadiantire.ca/fr/pdp/tasses-a-mesurer-empilables-en-plastique-master-chef-paq-10-1429676p.html,https://media-www.canadiantire.ca/product/living/kitchen/bakeware-baking-prep/1429676/master-chef-10pc-measuring-cup-set-73c761cb-c28c-42fe-a32e-f57a30c6b9a6-jpgrendition.jpg?im=whresize&wid=200&hei=200,https://media-www.canadiantire.ca/product/living/kitchen/bakeware-baking-prep/1429676/master-chef-10pc-measuring-cup-set-73c761cb-c28c-42fe-a32e-f57a30c6b9a6-jpgrendition.jpg?im=whresize&wid=200&hei=200,,1429676,142-9676-0,544 En Stock#142-9676-0,Liquidation◊Mieux notés,64.27,"8,93","24,99"
77,"Owen Sound, ON","Lit de camp pliant portatif pour chiens Woods DOG-WOOD avec sac de transport, capacité de 70 lb, bleu","Lit de camp pliant portatif pour chiens Woods DOG-WOOD avec sac de transport, capacité de 70 lb, bleu",35.93,"35,93 $",79.99,"Était±  79,99 $prix était 79,99 $",35.93,"35,93 $",35.93,"35,93 $",true,https://www.canadiantire.ca/fr/pdp/lit-de-camp-pliant-portatif-pour-chiens-woods-dog-wood-avec-sac-de-transport-capacite-de-70-lb-bleu-0766424p.html,https://www.canadiantire.ca/fr/pdp/lit-de-camp-pliant-portatif-pour-chiens-woods-dog-wood-avec-sac-de-transport-capacite-de-70-lb-bleu-0766424p.html,https://media-www.canadiantire.ca/product/playing/camping/camping-accessories/0766424/woods-dogwood-quad-fold-pet-cot-fe2e4cef-58fa-4578-93b8-795fe70105e1-jpgrendition.jpg?im=whresize&wid=200&hei=200,https://media-www.canadiantire.ca/product/playing/camping/camping-accessories/0766424/woods-dogwood-quad-fold-pet-cot-fe2e4cef-58fa-4578-93b8-795fe70105e1-jpgrendition.jpg?im=whresize&wid=200&hei=200,,0766424,076-6424-6,Il n’en reste que 2 #076-6424-6,Liquidation◊Mieux notés,55.08,"35,93","79,99"
77,"Owen Sound, ON","Housse de pare-brise 2-en-1 MyRide pour soleil et neige, convient à la plupart des véhicules","Housse de pare-brise 2-en-1 MyRide pour soleil et neige, convient à la plupart des véhicules",9.93,"9,93 $",32.99,"Était±  32,99 $prix était 32,99 $",9.93,"9,93 $",9.93,"9,93 $",true,https://www.canadiantire.ca/fr/pdp/housse-de-pare-brise-2-en-1-myride-pour-soleil-et-neige-convient-a-la-plupart-des-vehicules-0304491p.html,https://www.canadiantire.ca/fr/pdp/housse-de-pare-brise-2-en-1-myride-pour-soleil-et-neige-convient-a-la-plupart-des-vehicules-0304491p.html,https://media-www.canadiantire.ca/product/automotive/car-care-accessories/auto-winter-accessories/0304491/myride-sun-and-snow-windshield-cover-1d0e1f73-cc79-4090-b8a5-bdaefbe970b7-jpgrendition.jpg?im=whresize&wid=200&hei=200,https://media-www.canadiantire.ca/product/automotive/car-care-accessories/auto-winter-accessories/0304491/myride-sun-and-snow-windshield-cover-1d0e1f73-cc79-4090-b8a5-bdaefbe970b7-jpgrendition.jpg?im=whresize&wid=200&hei=200,,0304491,030-4491-4,Il n’en reste que 1 #030-4491-4,Liquidation◊Articles à succès,69.9,"9,93","32,99"
77,"Owen Sound, ON","Service de vaisselle en porcelaine festonnée CANVAS Odessa, blanc, paq. 12","Service de vaisselle en porcelaine festonnée CANVAS Odessa, blanc, paq. 12",39.93,"39,93 $",79.99,"Était±  79,99 $prix était 79,99 $",39.93,"39,93 $",39.93,"39,93 $",true,https://www.canadiantire.ca/fr/pdp/service-de-vaisselle-en-porcelaine-festonnee-canvas-odessa-blanc-paq-12-2421125p.html,https://www.canadiantire.ca/fr/pdp/service-de-vaisselle-en-porcelaine-festonnee-canvas-odessa-blanc-paq-12-2421125p.html,https://media-www.canadiantire.ca/product/living/kitchen/dining-and-entertaining/2421125/canvas-12-pc-scalloped-porcelain-dinnerware-set-ee9e4e35-9ab4-4375-aacf-2b058a08cc90-jpgrendition.jpg?im=whresize&wid=200&hei=200,https://media-www.canadiantire.ca/product/living/kitchen/dining-and-entertaining/2421125/canvas-12-pc-scalloped-porcelain-dinnerware-set-ee9e4e35-9ab4-4375-aacf-2b058a08cc90-jpgrendition.jpg?im=whresize&wid=200&hei=200,,2421125,242-1125-2,Il n’en reste que 1 #242-1125-2,Liquidation◊Mieux notés,50.08,"39,93","79,99"
77,"Owen Sound, ON","Cintres pivotants compacts en velours Type A avec barre à pantalon, couleurs variées, paq. 40","Cintres pivotants compacts en velours Type A avec barre à pantalon, couleurs variées, paq. 40",12.93,"12,93 $",32.99,"32,99 $Était   et+ prix était à partir de 32,99 $",12.93,"12,93 $",12.93,"12,93 $",true,https://www.canadiantire.ca/fr/pdp/cintres-pivotants-compacts-en-velours-type-a-avec-barre-a-pantalon-couleurs-variees-paq-40-0688307p.html,https://www.canadiantire.ca/fr/pdp/cintres-pivotants-compacts-en-velours-type-a-avec-barre-a-pantalon-couleurs-variees-paq-40-0688307p.html,https://media-www.canadiantire.ca/product/living/home-organization/closet-organization/0688308/type-a-velvet-suit-hanger-black-10pk-4afb3f73-0449-46d6-975c-369ae2760de2-jpgrendition.jpg?im=whresize&wid=200&hei=200,https://media-www.canadiantire.ca/product/living/home-organization/closet-organization/0688308/type-a-velvet-suit-hanger-black-10pk-4afb3f73-0449-46d6-975c-369ae2760de2-jpgrendition.jpg?im=whresize&wid=200&hei=200,,0688307,068-8307,Vérifiez la disponibilité#068-8307X,Liquidation◊Mieux notés,60.81,"12,93","32,99"
77,"Owen Sound, ON",Aspirateur sans fil de déchets secs/humides tout-en-un et appareil de nettoyage de planchers durs Bissell CrossWave OmniFind Pet Pro,Aspirateur sans fil de déchets secs/humides tout-en-un et appareil de nettoyage de planchers durs Bissell CrossWave OmniFind Pet Pro,179.93,"179,93 $",379.99,"Était±  379,99 $prix était 379,99 $",179.93,"179,93 $",179.93,"179,93 $",true,https://www.canadiantire.ca/fr/pdp/aspirateur-sans-fil-de-dechets-secs-humides-tout-en-un-et-appareil-de-nettoyage-de-planchers-durs-bissell-crosswave-omnifind-pet-pro-0437233p.html,https://www.canadiantire.ca/fr/pdp/aspirateur-sans-fil-de-dechets-secs-humides-tout-en-un-et-appareil-de-nettoyage-de-planchers-durs-bissell-crosswave-omnifind-pet-pro-0437233p.html,https://media-www.canadiantire.ca/product/living/cleaning/vacuums-and-floorcare/0437233/bissell-omnifind-petpro-hard-floor-wet-cleaner-a8a44b1c-d6db-472c-a2a7-50098c512b75-jpgrendition.jpg?im=whresize&wid=200&hei=200,https://media-www.canadiantire.ca/product/living/cleaning/vacuums-and-floorcare/0437233/bissell-omnifind-petpro-hard-floor-wet-cleaner-a8a44b1c-d6db-472c-a2a7-50098c512b75-jpgrendition.jpg?im=whresize&wid=200&hei=200,,0437233,043-7233-2,Il n’en reste que 3 #043-7233-2,Liquidation◊Exclusivité,52.65,"179,93","379,99"
77,"Owen Sound, ON","Bouteille d'eau Woods, 650 ml, acier inoxydable, étanche, noire","Bouteille d'eau Woods, 650 ml, acier inoxydable, étanche, noire",9.93,"9,93 $",24.99,"24,99 $Était   et+ prix était à partir de 24,99 $",9.93,"9,93 $",9.93,"9,93 $",true,https://www.canadiantire.ca/fr/pdp/bouteille-d-eau-woods-650-ml-acier-inoxydable-etanche-noire-0761301p.html,https://www.canadiantire.ca/fr/pdp/bouteille-d-eau-woods-650-ml-acier-inoxydable-etanche-noire-0761301p.html,https://media-www.canadiantire.ca/product/playing/camping/camping-living/0761303/woods-water-bottle-medium-black-2b72db9e-5b04-46c0-8136-97dc000522cb-jpgrendition.jpg?im=whresize&wid=200&hei=200,https://media-www.canadiantire.ca/product/playing/camping/camping-living/0761303/woods-water-bottle-medium-black-2b72db9e-5b04-46c0-8136-97dc000522cb-jpgrendition.jpg?im=whresize&wid=200&hei=200,,0761301,076-1301,Vérifiez la disponibilité#076-1301X,Liquidation◊Mieux notés,60.26,"9,93","24,99"
77,"Owen Sound, ON","Tasse de voyage à double paroi avec poignée Bubba Keg Classic, 20 oz, choix de couleurs","Tasse de voyage à double paroi avec poignée Bubba Keg Classic, 20 oz, choix de couleurs",9.93,"9,93 $",24.99,"24,99 $Était   et+ prix était à partir de 24,99 $",9.93,"9,93 $",9.93,"9,93 $",true,https://www.canadiantire.ca/fr/pdp/tasse-de-voyage-a-double-paroi-avec-poignee-bubba-keg-classic-20-oz-choix-de-couleurs-2425153p.html,https://www.canadiantire.ca/fr/pdp/tasse-de-voyage-a-double-paroi-avec-poignee-bubba-keg-classic-20-oz-choix-de-couleurs-2425153p.html,https://media-www.canadiantire.ca/product/living/kitchen/food-storage/2425154/bubba-20-oz-keg-mug-magenta-0effc0af-c6a5-482f-b1fb-0de772f237a0-jpgrendition.jpg?im=whresize&wid=200&hei=200,https://media-www.canadiantire.ca/product/living/kitchen/food-storage/2425154/bubba-20-oz-keg-mug-magenta-0effc0af-c6a5-482f-b1fb-0de772f237a0-jpgrendition.jpg?im=whresize&wid=200&hei=200,,2425153,242-5153,Vérifiez la disponibilité#242-5153X,Liquidation◊Mieux notés,60.26,"9,93","24,99"
77,"Owen Sound, ON","Bibliothèque à cadre en métal à 5 niveaux avec rangement CANVAS Robson, fini chêne","Bibliothèque à cadre en métal à 5 niveaux avec rangement CANVAS Robson, fini chêne",139.93,"139,93 $",349.99,"Était±  349,99 $prix était 349,99 $",139.93,"139,93 $",139.93,"139,93 $",true,https://www.canadiantire.ca/fr/pdp/bibliotheque-a-cadre-en-metal-a-5-niveaux-avec-rangement-canvas-robson-fini-chene-1680047p.html,https://www.canadiantire.ca/fr/pdp/bibliotheque-a-cadre-en-metal-a-5-niveaux-avec-rangement-canvas-robson-fini-chene-1680047p.html,https://media-www.canadiantire.ca/product/living/home-decor/furniture/1680047/canvas-robson-wide-bookcase-cc404526-7e49-447a-b2ad-88a6bd2c5a81-jpgrendition.jpg?im=whresize&wid=200&hei=200,https://media-www.canadiantire.ca/product/living/home-decor/furniture/1680047/canvas-robson-wide-bookcase-cc404526-7e49-447a-b2ad-88a6bd2c5a81-jpgrendition.jpg?im=whresize&wid=200&hei=200,,1680047,168-0047-2,Il n’en reste que 3 #168-0047-2,Liquidation◊Mieux notés,60.02,"139,93","349,99"
77,"Owen Sound, ON","Bibliothèque étroite à cadre en métal à 4 niveaux avec porte de rangement CANVAS Robson, fini chêne","Bibliothèque étroite à cadre en métal à 4 niveaux avec porte de rangement CANVAS Robson, fini chêne",119.93,"119,93 $",299.99,"Était±  299,99 $prix était 299,99 $",119.93,"119,93 $",119.93,"119,93 $",true,https://www.canadiantire.ca/fr/pdp/bibliotheque-etroite-a-cadre-en-metal-a-4-niveaux-avec-porte-de-rangement-canvas-robson-fini-chene-1680046p.html,https://www.canadiantire.ca/fr/pdp/bibliotheque-etroite-a-cadre-en-metal-a-4-niveaux-avec-porte-de-rangement-canvas-robson-fini-chene-1680046p.html,https://media-www.canadiantire.ca/product/living/home-decor/furniture/1680046/canvas-robson-narrow-bookcase-e1615183-0b8a-49f9-8dc3-0a09bf7290ad-jpgrendition.jpg?im=whresize&wid=200&hei=200,https://media-www.canadiantire.ca/product/living/home-decor/furniture/1680046/canvas-robson-narrow-bookcase-e1615183-0b8a-49f9-8dc3-0a09bf7290ad-jpgrendition.jpg?im=whresize&wid=200&hei=200,,1680046,168-0046-4,Il n’en reste que 1 #168-0046-4,Liquidation◊Articles à succès,60.02,"119,93","299,99"
77,"Owen Sound, ON","Lampe à faisceau large à DEL Mastercraft, 1500 lumens, compatible PWR POD","Lampe à faisceau large à DEL Mastercraft, 1500 lumens, compatible PWR POD",31.93,"31,93 $",119.99,"Était±  119,99 $prix était 119,99 $",31.93,"31,93 $",31.93,"31,93 $",true,https://www.canadiantire.ca/fr/pdp/lampe-a-faisceau-large-a-del-mastercraft-1500-lumens-compatible-pwr-pod-0372969p.html,https://www.canadiantire.ca/fr/pdp/lampe-a-faisceau-large-a-del-mastercraft-1500-lumens-compatible-pwr-pod-0372969p.html,https://media-www.canadiantire.ca/product/automotive/car-care-accessories/auto-accessories/0372969/mastercraft-1500-lumens-spotlight-pwr-pod-compatible-363c7083-04a4-4a37-b863-da8214fd1958-jpgrendition.jpg?im=whresize&wid=200&hei=200,https://media-www.canadiantire.ca/product/automotive/car-care-accessories/auto-accessories/0372969/mastercraft-1500-lumens-spotlight-pwr-pod-compatible-363c7083-04a4-4a37-b863-da8214fd1958-jpgrendition.jpg?im=whresize&wid=200&hei=200,,0372969,037-2969-8,Il n’en reste que 5 #037-2969-8,Liquidation◊Mieux notés,73.39,"31,93","119,99"
77,"Owen Sound, ON","Meuble pour téléviseur avec foyer électrique multimédia CANVAS Lotus, 67 po, 1 500 W, télécommande comprise, brun","Meuble pour téléviseur avec foyer électrique multimédia CANVAS Lotus, 67 po, 1 500 W, télécommande comprise, brun",274.93,"274,93 $",549.99,"Était±  549,99 $prix était 549,99 $",274.93,"274,93 $",274.93,"274,93 $",true,https://www.canadiantire.ca/fr/pdp/meuble-pour-televiseur-avec-foyer-electrique-multimedia-canvas-lotus-67-po-1-500-w-telecommande-comprise-brun-0643590p.html,https://www.canadiantire.ca/fr/pdp/meuble-pour-televiseur-avec-foyer-electrique-multimedia-canvas-lotus-67-po-1-500-w-telecommande-comprise-brun-0643590p.html,https://media-www.canadiantire.ca/product/living/home-decor/electric-fireplaces/0643590/masterflame-lotus-fireplace-aa87f256-c025-40e6-b060-d1a987f18559-jpgrendition.jpg?im=whresize&wid=200&hei=200,https://media-www.canadiantire.ca/product/living/home-decor/electric-fireplaces/0643590/masterflame-lotus-fireplace-aa87f256-c025-40e6-b060-d1a987f18559-jpgrendition.jpg?im=whresize&wid=200&hei=200,,0643590,064-3590-4,Il n’en reste que 2 #064-3590-4,Liquidation◊Exclusivité,50.01,"274,93","549,99"
77,"Owen Sound, ON","Pergola modulaire CANVAS Horizon, extérieur et patio, 10 x 10 pi","Pergola modulaire CANVAS Horizon, extérieur et patio, 10 x 10 pi",599.93,"599,93 $",1199.99,"Était±  1 199,99 $prix était 1 199,99 $",599.93,"599,93 $",599.93,"599,93 $",true,https://www.canadiantire.ca/fr/pdp/pergola-modulaire-canvas-horizon-exterieur-et-patio-10-x-10-pi-1880240p.html,https://www.canadiantire.ca/fr/pdp/pergola-modulaire-canvas-horizon-exterieur-et-patio-10-x-10-pi-1880240p.html,https://media-www.canadiantire.ca/product/seasonal-gardening/backyard-living/outdoor-furniture/1880240/canvas-horizon-10-x-10-modular-pergola-036babcc-70d8-48f1-b1f2-73666688de06-jpgrendition.jpg?im=whresize&wid=200&hei=200,https://media-www.canadiantire.ca/product/seasonal-gardening/backyard-living/outdoor-furniture/1880240/canvas-horizon-10-x-10-modular-pergola-036babcc-70d8-48f1-b1f2-73666688de06-jpgrendition.jpg?im=whresize&wid=200&hei=200,,1880240,188-0240-2,Il n’en reste que 2 #188-0240-2,Liquidation◊Exclusivité,50.01,"599,93","1199,99"
77,"Owen Sound, ON","Lit de voyage pour chiens Woods Dogwood, polyester, intérieur, bleu, taille unique","Lit de voyage pour chiens Woods Dogwood, polyester, intérieur, bleu, taille unique",22.43,"22,43 $",49.99,"Était±  49,99 $prix était 49,99 $",22.43,"22,43 $",22.43,"22,43 $",true,https://www.canadiantire.ca/fr/pdp/lit-de-voyage-pour-chiens-woods-dogwood-polyester-interieur-bleu-taille-unique-0766423p.html,https://www.canadiantire.ca/fr/pdp/lit-de-voyage-pour-chiens-woods-dogwood-polyester-interieur-bleu-taille-unique-0766423p.html,https://media-www.canadiantire.ca/product/playing/camping/camping-accessories/0766423/woods-dogwood-dog-bed-204aeb41-a4de-4e9e-8087-c56e21eb53f1-jpgrendition.jpg?im=whresize&wid=200&hei=200,https://media-www.canadiantire.ca/product/playing/camping/camping-accessories/0766423/woods-dogwood-dog-bed-204aeb41-a4de-4e9e-8087-c56e21eb53f1-jpgrendition.jpg?im=whresize&wid=200&hei=200,,0766423,076-6423-8,Il n’en reste que 1 #076-6423-8,Liquidation◊Mieux notés,55.13,"22,43","49,99"
77,"Owen Sound, ON","Vélo de montagne semi-rigide Raleigh Rogue, pneus surdimensionnés, roue de 26 po, rouge","Vélo de montagne semi-rigide Raleigh Rogue, pneus surdimensionnés, roue de 26 po, rouge",399.93,"399,93 $",849.99,"Était±  849,99 $prix était 849,99 $",399.93,"399,93 $",399.93,"399,93 $",true,https://www.canadiantire.ca/fr/pdp/velo-de-montagne-semi-rigide-raleigh-rogue-pneus-surdimensionnes-roue-de-26-po-rouge-0711974p.html,https://www.canadiantire.ca/fr/pdp/velo-de-montagne-semi-rigide-raleigh-rogue-pneus-surdimensionnes-roue-de-26-po-rouge-0711974p.html,https://media-www.canadiantire.ca/product/playing/cycling/bicycles/0711974/raleigh-rogue-4-0-fat-tire-hardtail-mountain-bike-26-in-9d6902e1-33ed-4939-aa46-03c0ee34c9bd-jpgrendition.jpg?im=whresize&wid=200&hei=200,https://media-www.canadiantire.ca/product/playing/cycling/bicycles/0711974/raleigh-rogue-4-0-fat-tire-hardtail-mountain-bike-26-in-9d6902e1-33ed-4939-aa46-03c0ee34c9bd-jpgrendition.jpg?im=whresize&wid=200&hei=200,,0711974,071-1974-6,Il n’en reste que 1 #071-1974-6,Liquidation◊Exclusivité,52.95,"399,93","849,99"
77,"Owen Sound, ON","Vélo électrique Raleigh Dobson Comfort, léger, écran ACL intégré, 700C roues, blanc","Vélo électrique Raleigh Dobson Comfort, léger, écran ACL intégré, 700C roues, blanc",799.93,"799,93 $",1999.99,"Était±  1 999,99 $prix était 1 999,99 $",799.93,"799,93 $",799.93,"799,93 $",true,https://www.canadiantire.ca/fr/pdp/velo-electrique-raleigh-dobson-comfort-leger-ecran-acl-integre-700c-roues-blanc-0712020p.html,https://www.canadiantire.ca/fr/pdp/velo-electrique-raleigh-dobson-comfort-leger-ecran-acl-integre-700c-roues-blanc-0712020p.html,https://media-www.canadiantire.ca/product/seasonal-gardening/cycling/bicycles/0712020/raleigh-dobson-electric-bike-700c-white-46befcab-abaf-4947-ae19-7764447767ed-jpgrendition.jpg?im=whresize&wid=200&hei=200,https://media-www.canadiantire.ca/product/seasonal-gardening/cycling/bicycles/0712020/raleigh-dobson-electric-bike-700c-white-46befcab-abaf-4947-ae19-7764447767ed-jpgrendition.jpg?im=whresize&wid=200&hei=200,,0712020,071-2020-0,Il n’en reste que 3 #071-2020-0,Liquidation◊Exclusivité,60,"799,93","1999,99"
77,"Owen Sound, ON","Panier de basketball d'extérieur fixe Spalding U-TURN, 60 po","Panier de basketball d'extérieur fixe Spalding U-TURN, 60 po",499.93,"499,93 $",999.99,"Était±  999,99 $prix était 999,99 $",499.93,"499,93 $",499.93,"499,93 $",true,https://www.canadiantire.ca/fr/pdp/panier-de-basketball-d-exterieur-fixe-spalding-u-turn-60-po-1840808p.html,https://www.canadiantire.ca/fr/pdp/panier-de-basketball-d-exterieur-fixe-spalding-u-turn-60-po-1840808p.html,https://media-www.canadiantire.ca/product/playing/team-sports-and-golf/sports-equipment-accessories/1840808/spalding-60-glass-in-ground-basketball-system-0694c723-1f02-444a-99e6-83123f28c329-jpgrendition.jpg?im=whresize&wid=200&hei=200,https://media-www.canadiantire.ca/product/playing/team-sports-and-golf/sports-equipment-accessories/1840808/spalding-60-glass-in-ground-basketball-system-0694c723-1f02-444a-99e6-83123f28c329-jpgrendition.jpg?im=whresize&wid=200&hei=200,,1840808,184-0808-2,Il n’en reste que 1 #184-0808-2,Liquidation◊Articles à succès,50.01,"499,93","999,99"
77,"Owen Sound, ON","Lampes de table d’extérieur à DEL CANVAS Raven, noir mat, paq. 2","Lampes de table d’extérieur à DEL CANVAS Raven, noir mat, paq. 2",34.93,"34,93 $",69.99,"Était±  69,99 $prix était 69,99 $",34.93,"34,93 $",34.93,"34,93 $",true,https://www.canadiantire.ca/fr/pdp/lampes-de-table-d-exterieur-a-del-canvas-raven-noir-mat-paq-2-0525990p.html,https://www.canadiantire.ca/fr/pdp/lampes-de-table-d-exterieur-a-del-canvas-raven-noir-mat-paq-2-0525990p.html,https://media-www.canadiantire.ca/product/seasonal-gardening/backyard-living/outdoor-lighting/0525990/canvas-raven-led-outdoor-table-lamp-set-2pk-ed896a16-9154-446d-8dd9-c5170905bed9-jpgrendition.jpg?im=whresize&wid=200&hei=200,https://media-www.canadiantire.ca/product/seasonal-gardening/backyard-living/outdoor-lighting/0525990/canvas-raven-led-outdoor-table-lamp-set-2pk-ed896a16-9154-446d-8dd9-c5170905bed9-jpgrendition.jpg?im=whresize&wid=200&hei=200,,0525990,052-5990-8,Il n’en reste que 1 #052-5990-8,Liquidation◊Exclusivité,50.09,"34,93","69,99"
77,"Owen Sound, ON","Barre d'attelage réglable MotoMaster, 2 po, 5 000 lb","Barre d'attelage réglable MotoMaster, 2 po, 5 000 lb",19,"19,00 $",49.99,"Était±  49,99 $prix était 49,99 $",19,"19,00 $",19,"19,00 $",true,https://www.canadiantire.ca/fr/pdp/barre-d-attelage-reglable-motomaster-2-po-5-000-lb-0406575p.html,https://www.canadiantire.ca/fr/pdp/barre-d-attelage-reglable-motomaster-2-po-5-000-lb-0406575p.html,https://media-www.canadiantire.ca/product/automotive/automotive-outdoor-adventure/auto-travel-storage/0406575/reese-towpower-adjustable-ball-mount-ce57ec66-3694-489a-8c97-36bc3fa161e8-jpgrendition.jpg?im=whresize&wid=200&hei=200,https://media-www.canadiantire.ca/product/automotive/automotive-outdoor-adventure/auto-travel-storage/0406575/reese-towpower-adjustable-ball-mount-ce57ec66-3694-489a-8c97-36bc3fa161e8-jpgrendition.jpg?im=whresize&wid=200&hei=200,,0406575,040-6575-0,30 En Stock#040-6575-0,Liquidation◊Mieux notés,61.99,"19,00","49,99"
77,"Owen Sound, ON","Pistolet mousse sans fil SIMONIZ, outil seul, compatible PWRPOD","Pistolet mousse sans fil SIMONIZ, outil seul, compatible PWRPOD",19.93,"19,93 $",79.99,"Était±  79,99 $prix était 79,99 $",19.93,"19,93 $",19.93,"19,93 $",true,https://www.canadiantire.ca/fr/pdp/pistolet-mousse-sans-fil-simoniz-outil-seul-compatible-pwrpod-0393650p.html,https://www.canadiantire.ca/fr/pdp/pistolet-mousse-sans-fil-simoniz-outil-seul-compatible-pwrpod-0393650p.html,https://media-www.canadiantire.ca/product/automotive/car-care-accessories/auto-cleaning-tools/0393650/simoniz-cordless-foam-gun-bare-tool--d9e374cc-260e-4071-806a-f16d2d580548-jpgrendition.jpg?im=whresize&wid=200&hei=200,https://media-www.canadiantire.ca/product/automotive/car-care-accessories/auto-cleaning-tools/0393650/simoniz-cordless-foam-gun-bare-tool--d9e374cc-260e-4071-806a-f16d2d580548-jpgrendition.jpg?im=whresize&wid=200&hei=200,,0393650,039-3650-4,44 En Stock#039-3650-4,Liquidation◊Exclusivité,75.08,"19,93","79,99"
77,"Owen Sound, ON","Craies d'extérieur aux couleurs vives et audacieuses pour trottoir Crayola Superchalk, lavables, 4 ans et plus","Craies d'extérieur aux couleurs vives et audacieuses pour trottoir Crayola Superchalk, lavables, 4 ans et plus",0.43,"0,43 $",1.99,"Était±  1,99 $prix était 1,99 $",0.43,"0,43 $",0.43,"0,43 $",true,https://www.canadiantire.ca/fr/pdp/craies-d-exterieur-aux-couleurs-vives-et-audacieuses-pour-trottoir-crayola-superchalk-lavables-4-ans-et-plus-0509725p.html,https://www.canadiantire.ca/fr/pdp/craies-d-exterieur-aux-couleurs-vives-et-audacieuses-pour-trottoir-crayola-superchalk-lavables-4-ans-et-plus-0509725p.html,https://media-www.canadiantire.ca/product/seasonal-gardening/toys/seasonal-toys/0509725/crayola-superchalk-55b77fce-a226-4f82-8438-cf57fc64801c-jpgrendition.jpg?im=whresize&wid=200&hei=200,https://media-www.canadiantire.ca/product/seasonal-gardening/toys/seasonal-toys/0509725/crayola-superchalk-55b77fce-a226-4f82-8438-cf57fc64801c-jpgrendition.jpg?im=whresize&wid=200&hei=200,,0509725,050-9725-2,Il n’en reste que 1 #050-9725-2,Liquidation◊Mieux notés,78.39,"0,43","1,99"
77,"Owen Sound, ON",Projecteur à DEL de 1 000 lumens Mastercraft pour service intense,Projecteur à DEL de 1 000 lumens Mastercraft pour service intense,38.93,"38,93 $",149.99,"Était±  149,99 $prix était 149,99 $",38.93,"38,93 $",38.93,"38,93 $",true,https://www.canadiantire.ca/fr/pdp/projecteur-a-del-de-1-000-lumens-mastercraft-pour-service-intense-0372426p.html,https://www.canadiantire.ca/fr/pdp/projecteur-a-del-de-1-000-lumens-mastercraft-pour-service-intense-0372426p.html,https://media-www.canadiantire.ca/product/automotive/car-care-accessories/auto-accessories/0372426/mastercraft-1000lumen-heavy-duty-spotlight-c0d329db-7a7e-4302-a634-a31ceb039174-jpgrendition.jpg?im=whresize&wid=200&hei=200,https://media-www.canadiantire.ca/product/automotive/car-care-accessories/auto-accessories/0372426/mastercraft-1000lumen-heavy-duty-spotlight-c0d329db-7a7e-4302-a634-a31ceb039174-jpgrendition.jpg?im=whresize&wid=200&hei=200,,0372426,037-2426-0,,Liquidation◊Mieux notés,74.04,"38,93","149,99"
77,"Owen Sound, ON","Vélo hybride Stratus Endure, noir, 700C","Vélo hybride Stratus Endure, noir, 700C",299.93,"299,93 $",599.99,"599,99 $Était   et+ prix était à partir de 599,99 $",299.93,"299,93 $",299.93,"299,93 $",true,https://www.canadiantire.ca/fr/pdp/velo-hybride-stratus-endure-noir-700c-0712059p.html,https://www.canadiantire.ca/fr/pdp/velo-hybride-stratus-endure-noir-700c-0712059p.html,https://media-www.canadiantire.ca/product/playing/cycling/bicycles/0712059/stratus-700c-black-blue-endure-00057a26-d166-44ba-9ed8-86f7f39c7d87-jpgrendition.jpg?im=whresize&wid=200&hei=200,https://media-www.canadiantire.ca/product/playing/cycling/bicycles/0712059/stratus-700c-black-blue-endure-00057a26-d166-44ba-9ed8-86f7f39c7d87-jpgrendition.jpg?im=whresize&wid=200&hei=200,,0712059,071-2059,Vérifiez la disponibilité#071-2059X,Liquidation◊Exclusivité,50.01,"299,93","599,99"
77,"Owen Sound, ON","Gobelet en acier inoxydable ISOLÉ Woods, 900 mL","Gobelet en acier inoxydable ISOLÉ Woods, 900 mL",9.93,"9,93 $",24.99,"24,99 $Était   et+ prix était à partir de 24,99 $",9.93,"9,93 $",9.93,"9,93 $",true,https://www.canadiantire.ca/fr/pdp/gobelet-en-acier-inoxydable-isole-woods-900-ml-0761316p.html,https://www.canadiantire.ca/fr/pdp/gobelet-en-acier-inoxydable-isole-woods-900-ml-0761316p.html,https://media-www.canadiantire.ca/product/playing/camping/camping-living/0761318/woods-tumbler-large-black-c5b94128-2d63-4e48-88b0-d14b8cac3307-jpgrendition.jpg?im=whresize&wid=200&hei=200,https://media-www.canadiantire.ca/product/playing/camping/camping-living/0761318/woods-tumbler-large-black-c5b94128-2d63-4e48-88b0-d14b8cac3307-jpgrendition.jpg?im=whresize&wid=200&hei=200,,0761316,076-1316,Vérifiez la disponibilité#076-1316X,Liquidation◊Exclusivité,60.26,"9,93","24,99"
77,"Owen Sound, ON","Applique d'extérieur NOMA Hemingway, 19,2 po, noir mat","Applique d'extérieur NOMA Hemingway, 19,2 po, noir mat",49.93,"49,93 $",109.99,"Était±  109,99 $prix était 109,99 $",49.93,"49,93 $",49.93,"49,93 $",true,https://www.canadiantire.ca/fr/pdp/applique-d-exterieur-noma-hemingway-19-2-po-noir-mat-1522791p.html,https://www.canadiantire.ca/fr/pdp/applique-d-exterieur-noma-hemingway-19-2-po-noir-mat-1522791p.html,https://media-www.canadiantire.ca/product/fixing/electrical/lighting/1522791/noma-hemingway-19-2a-outdoor-wall-sconce-e06c12ad-b641-4a75-aaae-a210989c086d-jpgrendition.jpg?im=whresize&wid=200&hei=200,https://media-www.canadiantire.ca/product/fixing/electrical/lighting/1522791/noma-hemingway-19-2a-outdoor-wall-sconce-e06c12ad-b641-4a75-aaae-a210989c086d-jpgrendition.jpg?im=whresize&wid=200&hei=200,,1522791,152-2791-2,Il n’en reste que 1 #152-2791-2,Liquidation◊Mieux notés,54.6,"49,93","109,99"
77,"Owen Sound, ON","Cafetière à infusion à froid PADERNO en verre, 6 tasses, va au lave-vaisselle","Cafetière à infusion à froid PADERNO en verre, 6 tasses, va au lave-vaisselle",19.93,"19,93 $",39.99,"Était±  39,99 $prix était 39,99 $",19.93,"19,93 $",19.93,"19,93 $",true,https://www.canadiantire.ca/fr/pdp/cafetiere-a-infusion-a-froid-paderno-en-verre-6-tasses-va-au-lave-vaisselle-1429874p.html,https://www.canadiantire.ca/fr/pdp/cafetiere-a-infusion-a-froid-paderno-en-verre-6-tasses-va-au-lave-vaisselle-1429874p.html,https://media-www.canadiantire.ca/product/living/kitchen/dining-and-entertaining/1429874/paderno-precision-cold-brew-coffee-maker-be0b37ba-c771-452d-a07c-d9ddb75c463b-jpgrendition.jpg?im=whresize&wid=200&hei=200,https://media-www.canadiantire.ca/product/living/kitchen/dining-and-entertaining/1429874/paderno-precision-cold-brew-coffee-maker-be0b37ba-c771-452d-a07c-d9ddb75c463b-jpgrendition.jpg?im=whresize&wid=200&hei=200,,1429874,142-9874-8,Il n’en reste que 2 #142-9874-8,Liquidation◊Mieux notés,50.16,"19,93","39,99"
77,"Owen Sound, ON","Coussin de siège profond hydrofuge et résistant aux taches CANVAS, gris","Coussin de siège profond hydrofuge et résistant aux taches CANVAS, gris",69.93,"69,93 $",139.99,"Était±  139,99 $prix était 139,99 $",69.93,"69,93 $",69.93,"69,93 $",true,https://www.canadiantire.ca/fr/pdp/coussin-de-siege-profond-hydrofuge-et-resistant-aux-taches-canvas-gris-0882161p.html,https://www.canadiantire.ca/fr/pdp/coussin-de-siege-profond-hydrofuge-et-resistant-aux-taches-canvas-gris-0882161p.html,https://media-www.canadiantire.ca/product/seasonal-gardening/backyard-living/outdoor-living-accessories/0882161/canvas-deep-seat-cushion-grey-fa2d2095-2c71-43a3-a80c-9881f7935b2a-jpgrendition.jpg?im=whresize&wid=200&hei=200,https://media-www.canadiantire.ca/product/seasonal-gardening/backyard-living/outdoor-living-accessories/0882161/canvas-deep-seat-cushion-grey-fa2d2095-2c71-43a3-a80c-9881f7935b2a-jpgrendition.jpg?im=whresize&wid=200&hei=200,,0882161,088-2161-6,,Liquidation◊Exclusivité,50.05,"69,93","139,99"
77,"Owen Sound, ON","Tabouret de bar pivotant en métal hauteur réglable CANVAS Turner, paq. 2, noir/brun","Tabouret de bar pivotant en métal hauteur réglable CANVAS Turner, paq. 2, noir/brun",79.93,"79,93 $",174.99,"Était±  174,99 $prix était 174,99 $",79.93,"79,93 $",79.93,"79,93 $",true,https://www.canadiantire.ca/fr/pdp/tabouret-de-bar-pivotant-en-metal-hauteur-reglable-canvas-turner-paq-2-noir-brun-0687554p.html,https://www.canadiantire.ca/fr/pdp/tabouret-de-bar-pivotant-en-metal-hauteur-reglable-canvas-turner-paq-2-noir-brun-0687554p.html,https://media-www.canadiantire.ca/product/living/home-decor/furniture/0687554/canvas-turner-stool-2-pack-84c1b1ad-45f7-4a96-a4c4-5a3f394d31ee-jpgrendition.jpg?im=whresize&wid=200&hei=200,https://media-www.canadiantire.ca/product/living/home-decor/furniture/0687554/canvas-turner-stool-2-pack-84c1b1ad-45f7-4a96-a4c4-5a3f394d31ee-jpgrendition.jpg?im=whresize&wid=200&hei=200,,0687554,068-7554-0,8 En Stock#068-7554-0,Liquidation◊Exclusivité,54.32,"79,93","174,99"
77,"Owen Sound, ON","Chaise d'extérieur empilable en plastique léger CANVAS Como pour la terrasse et la salle à manger. Résistante à la décoloration et aux taches, 18 po","Chaise d'extérieur empilable en plastique léger CANVAS Como pour la terrasse et la salle à manger. Résistante à la décoloration et aux taches, 18 po",35,"35,00 $",79.99,"79,99 $Était   et+ prix était à partir de 79,99 $",35,"35,00 $",35,"35,00 $",true,https://www.canadiantire.ca/fr/pdp/chaise-d-exterieur-empilable-en-plastique-leger-canvas-como-pour-la-terrasse-et-la-salle-a-manger-resistante-a-la-decoloration-et-aux-taches-18-po-1880396p.html,https://www.canadiantire.ca/fr/pdp/chaise-d-exterieur-empilable-en-plastique-leger-canvas-como-pour-la-terrasse-et-la-salle-a-manger-resistante-a-la-decoloration-et-aux-taches-18-po-1880396p.html,https://media-www.canadiantire.ca/product/seasonal-gardening/backyard-living/outdoor-furniture/1880397/canvas-como-stacking-chair-black-5d68b743-a549-4973-8cf0-faabf4c56fa1-jpgrendition.jpg?im=whresize&wid=200&hei=200,https://media-www.canadiantire.ca/product/seasonal-gardening/backyard-living/outdoor-furniture/1880397/canvas-como-stacking-chair-black-5d68b743-a549-4973-8cf0-faabf4c56fa1-jpgrendition.jpg?im=whresize&wid=200&hei=200,,1880396,188-0396,Vérifiez la disponibilité#188-0396X,Liquidation◊Exclusivité,56.24,"35,00","79,99"
77,"Owen Sound, ON",Unité de rangement empilable For Living,Unité de rangement empilable For Living,89.93,"89,93 $",179.99,"Était±  179,99 $prix était 179,99 $",89.93,"89,93 $",89.93,"89,93 $",true,https://www.canadiantire.ca/fr/pdp/unite-de-rangement-empilable-for-living-1680172p.html,https://www.canadiantire.ca/fr/pdp/unite-de-rangement-empilable-for-living-1680172p.html,https://media-www.canadiantire.ca/product/living/home-decor/furniture/1680172/for-living-stackable-storage-organizer-eeaf3bcf-5313-4834-af8f-0f80d959dc76-jpgrendition.jpg?im=whresize&wid=200&hei=200,https://media-www.canadiantire.ca/product/living/home-decor/furniture/1680172/for-living-stackable-storage-organizer-eeaf3bcf-5313-4834-af8f-0f80d959dc76-jpgrendition.jpg?im=whresize&wid=200&hei=200,,1680172,168-0172-2,Il n’en reste que 1 #168-0172-2,Liquidation◊Mieux notés,50.04,"89,93","179,99"
77,"Owen Sound, ON","Portemines à pression Merangue 0,7 mm, avec gomme et mines de rechange, paq. 5","Portemines à pression Merangue 0,7 mm, avec gomme et mines de rechange, paq. 5",1.93,"1,93 $",3.99,"Était±  3,99 $prix était 3,99 $",1.93,"1,93 $",1.93,"1,93 $",true,https://www.canadiantire.ca/fr/pdp/portemines-a-pression-merangue-0-7-mm-avec-gomme-et-mines-de-rechange-paq-5-1428920p.html,https://www.canadiantire.ca/fr/pdp/portemines-a-pression-merangue-0-7-mm-avec-gomme-et-mines-de-rechange-paq-5-1428920p.html,https://media-www.canadiantire.ca/product/seasonal-gardening/toys/home-office-supplies/1428920/5-pack-grip-click-combo-pencil-74c3b6d2-0c0a-4097-9ccd-1514c835ba40-jpgrendition.jpg?im=whresize&wid=200&hei=200,https://media-www.canadiantire.ca/product/seasonal-gardening/toys/home-office-supplies/1428920/5-pack-grip-click-combo-pencil-74c3b6d2-0c0a-4097-9ccd-1514c835ba40-jpgrendition.jpg?im=whresize&wid=200&hei=200,,1428920,142-8920-4,Il n’en reste que 2 #142-8920-4,Liquidation◊Mieux notés,51.63,"1,93","3,99"
77,"Owen Sound, ON","Meuble-lavabo simple CANVAS Milford à 2 portes, dessus en marbre, 24 po, blanc","Meuble-lavabo simple CANVAS Milford à 2 portes, dessus en marbre, 24 po, blanc",199.93,"199,93 $",399.99,"Était±  399,99 $prix était 399,99 $",199.93,"199,93 $",199.93,"199,93 $",true,https://www.canadiantire.ca/fr/pdp/meuble-lavabo-simple-canvas-milford-a-2-portes-dessus-en-marbre-24-po-blanc-0636411p.html,https://www.canadiantire.ca/fr/pdp/meuble-lavabo-simple-canvas-milford-a-2-portes-dessus-en-marbre-24-po-blanc-0636411p.html,https://media-www.canadiantire.ca/product/fixing/plumbing/faucets-fixtures/0636411/canvas-milford-24-vanity-double-doors-white-601b53df-7ae6-48af-a16b-17edb896c846-jpgrendition.jpg?im=whresize&wid=200&hei=200,https://media-www.canadiantire.ca/product/fixing/plumbing/faucets-fixtures/0636411/canvas-milford-24-vanity-double-doors-white-601b53df-7ae6-48af-a16b-17edb896c846-jpgrendition.jpg?im=whresize&wid=200&hei=200,,0636411,063-6411-6,Il n’en reste que 1 #063-6411-6,Liquidation◊Articles à succès,50.02,"199,93","399,99"
77,"Owen Sound, ON","Lampe de travail COB Motomaster, pile sèche","Lampe de travail COB Motomaster, pile sèche",6.93,"6,93 $",22.99,"Était±  22,99 $prix était 22,99 $",6.93,"6,93 $",6.93,"6,93 $",true,https://www.canadiantire.ca/fr/pdp/lampe-de-travail-cob-motomaster-pile-seche-0378076p.html,https://www.canadiantire.ca/fr/pdp/lampe-de-travail-cob-motomaster-pile-seche-0378076p.html,https://media-www.canadiantire.ca/product/automotive/car-care-accessories/auto-accessories/0378076/motomaster-cob-dry-battery-worklight-79121987-169f-468e-ac18-5d54166c93e6-jpgrendition.jpg?im=whresize&wid=200&hei=200,https://media-www.canadiantire.ca/product/automotive/car-care-accessories/auto-accessories/0378076/motomaster-cob-dry-battery-worklight-79121987-169f-468e-ac18-5d54166c93e6-jpgrendition.jpg?im=whresize&wid=200&hei=200,,0378076,037-8076-6,19 En Stock#037-8076-6,Liquidation◊Exclusivité,69.86,"6,93","22,99"
77,"Owen Sound, ON","Liquide de transmission automatique OEM à faible viscosité pour véhicules multiples, Euro, 946 mL","Liquide de transmission automatique OEM à faible viscosité pour véhicules multiples, Euro, 946 mL",6.93,"6,93 $",23.99,"Était±  23,99 $prix était 23,99 $",6.93,"6,93 $",6.93,"6,93 $",true,https://www.canadiantire.ca/fr/pdp/liquide-de-transmission-automatique-oem-a-faible-viscosite-pour-vehicules-multiples-euro-946-ml-0281596p.html,https://www.canadiantire.ca/fr/pdp/liquide-de-transmission-automatique-oem-a-faible-viscosite-pour-vehicules-multiples-euro-946-ml-0281596p.html,https://media-www.canadiantire.ca/product/automotive/auto-maintenance/auto-fluids/0281596/oem-euro-atf-mv-946ml-964921f3-866a-483f-9bc3-4f6f23af7a17-jpgrendition.jpg?im=whresize&wid=200&hei=200,https://media-www.canadiantire.ca/product/automotive/auto-maintenance/auto-fluids/0281596/oem-euro-atf-mv-946ml-964921f3-866a-483f-9bc3-4f6f23af7a17-jpgrendition.jpg?im=whresize&wid=200&hei=200,,0281596,028-1596-2,,Liquidation◊Exclusivité,71.11,"6,93","23,99"
77,"Owen Sound, ON","Housse/étui de protection pour rasoir Outbound, pour le camping, les randonnées et les voyages, convient aux rasoirs standard","Housse/étui de protection pour rasoir Outbound, pour le camping, les randonnées et les voyages, convient aux rasoirs standard",0.73,"0,73 $",1.99,"Était±  1,99 $prix était 1,99 $",0.73,"0,73 $",0.73,"0,73 $",true,https://www.canadiantire.ca/fr/pdp/housse-etui-de-protection-pour-rasoir-outbound-pour-le-camping-les-randonnees-et-les-voyages-convient-aux-rasoirs-standard-0763292p.html,https://www.canadiantire.ca/fr/pdp/housse-etui-de-protection-pour-rasoir-outbound-pour-le-camping-les-randonnees-et-les-voyages-convient-aux-rasoirs-standard-0763292p.html,https://media-www.canadiantire.ca/product/playing/camping/camping-accessories/0763292/outbound-razor-cover-b88ada25-215a-480e-b8c2-267d37bd09bd-jpgrendition.jpg?im=whresize&wid=200&hei=200,https://media-www.canadiantire.ca/product/playing/camping/camping-accessories/0763292/outbound-razor-cover-b88ada25-215a-480e-b8c2-267d37bd09bd-jpgrendition.jpg?im=whresize&wid=200&hei=200,,0763292,076-3292-6,Il n’en reste que 7 #076-3292-6,Liquidation◊Exclusivité,63.32,"0,73","1,99"
77,"Owen Sound, ON","Contenants en plastique étanche pour aliments LockNLock Easy Match de Starfrit avec couvercle hermétique à pinces, paq. 14","Contenants en plastique étanche pour aliments LockNLock Easy Match de Starfrit avec couvercle hermétique à pinces, paq. 14",19.93,"19,93 $",39.99,"Était±  39,99 $prix était 39,99 $",19.93,"19,93 $",19.93,"19,93 $",true,https://www.canadiantire.ca/fr/pdp/contenants-en-plastique-etanche-pour-aliments-locknlock-easy-match-de-starfrit-avec-couvercle-hermetique-a-pinces-paq-14-2423480p.html,https://www.canadiantire.ca/fr/pdp/contenants-en-plastique-etanche-pour-aliments-locknlock-easy-match-de-starfrit-avec-couvercle-hermetique-a-pinces-paq-14-2423480p.html,https://media-www.canadiantire.ca/product/living/kitchen/food-storage/2423480/starfrit-14-pc-lock-n-lock-easy-match-container-set-ca658e8c-efda-41dc-a2a5-32cad248106a-jpgrendition.jpg?im=whresize&wid=200&hei=200,https://media-www.canadiantire.ca/product/living/kitchen/food-storage/2423480/starfrit-14-pc-lock-n-lock-easy-match-container-set-ca658e8c-efda-41dc-a2a5-32cad248106a-jpgrendition.jpg?im=whresize&wid=200&hei=200,,2423480,242-3480-2,10 En Stock#242-3480-2,Liquidation◊,50.16,"19,93","39,99"
77,"Owen Sound, ON",Pare-éclaboussures pliable en silicone Starfrit,Pare-éclaboussures pliable en silicone Starfrit,6.93,"6,93 $",16.99,"Était±  16,99 $prix était 16,99 $",6.93,"6,93 $",6.93,"6,93 $",true,https://www.canadiantire.ca/fr/pdp/pare-eclaboussures-pliable-en-silicone-starfrit-1426630p.html,https://www.canadiantire.ca/fr/pdp/pare-eclaboussures-pliable-en-silicone-starfrit-1426630p.html,https://media-www.canadiantire.ca/product/living/kitchen/kitchen-tools-thermometers/1426630/starfrit-silicone-folding-splatter-guard-c71a05e7-0731-4a15-babc-06d1ab20430d-jpgrendition.jpg?im=whresize&wid=200&hei=200,https://media-www.canadiantire.ca/product/living/kitchen/kitchen-tools-thermometers/1426630/starfrit-silicone-folding-splatter-guard-c71a05e7-0731-4a15-babc-06d1ab20430d-jpgrendition.jpg?im=whresize&wid=200&hei=200,,1426630,142-6630-6,Il n’en reste que 1 #142-6630-6,Liquidation◊Mieux notés,59.21,"6,93","16,99"
77,"Owen Sound, ON","Chaise à dîner CANVAS Windsor, blanc","Chaise à dîner CANVAS Windsor, blanc",84.93,"84,93 $",169.99,"Était±  169,99 $prix était 169,99 $",84.93,"84,93 $",84.93,"84,93 $",true,https://www.canadiantire.ca/fr/pdp/chaise-a-diner-canvas-windsor-blanc-1680126p.html,https://www.canadiantire.ca/fr/pdp/chaise-a-diner-canvas-windsor-blanc-1680126p.html,https://media-www.canadiantire.ca/product/living/home-decor/furniture/1680126/canvas-windsor-white-dining-chair-308adadd-fff5-4b03-9585-49671be60cca-jpgrendition.jpg?im=whresize&wid=200&hei=200,https://media-www.canadiantire.ca/product/living/home-decor/furniture/1680126/canvas-windsor-white-dining-chair-308adadd-fff5-4b03-9585-49671be60cca-jpgrendition.jpg?im=whresize&wid=200&hei=200,,1680126,168-0126-4,Il n’en reste que 2 #168-0126-4,Liquidation◊Articles à succès,50.04,"84,93","169,99"
77,"Owen Sound, ON","Système d'organisation de la lessive Type A Linear à 2 unités, blanc","Système d'organisation de la lessive Type A Linear à 2 unités, blanc",49.93,"49,93 $",129.99,"Était±  129,99 $prix était 129,99 $",49.93,"49,93 $",49.93,"49,93 $",true,https://www.canadiantire.ca/fr/pdp/systeme-d-organisation-de-la-lessive-type-a-linear-a-2-unites-blanc-2420002p.html,https://www.canadiantire.ca/fr/pdp/systeme-d-organisation-de-la-lessive-type-a-linear-a-2-unites-blanc-2420002p.html,https://media-www.canadiantire.ca/product/living/home-organization/laundry/2420002/type-a-dual-unit-laundry-organization-system-39845bdd-0b07-43f6-868c-c7c39708d8bb-jpgrendition.jpg?im=whresize&wid=200&hei=200,https://media-www.canadiantire.ca/product/living/home-organization/laundry/2420002/type-a-dual-unit-laundry-organization-system-39845bdd-0b07-43f6-868c-c7c39708d8bb-jpgrendition.jpg?im=whresize&wid=200&hei=200,,2420002,242-0002-0,Il n’en reste que 3 #242-0002-0,Liquidation◊Mieux notés,61.59,"49,93","129,99"
77,"Owen Sound, ON",Verrou de volant universel en forme de T Certified,Verrou de volant universel en forme de T Certified,17.93,"17,93 $",37.99,"Était±  37,99 $prix était 37,99 $",17.93,"17,93 $",17.93,"17,93 $",true,https://www.canadiantire.ca/fr/pdp/verrou-de-volant-universel-en-forme-de-t-certified-0372977p.html,https://www.canadiantire.ca/fr/pdp/verrou-de-volant-universel-en-forme-de-t-certified-0372977p.html,https://media-www.canadiantire.ca/product/automotive/car-care-accessories/auto-accessories/0372977/certified-universal-steering-wheel-lock-c09a6d0d-b5e9-4201-82b6-5cf88b4f0bd8-jpgrendition.jpg?im=whresize&wid=200&hei=200,https://media-www.canadiantire.ca/product/automotive/car-care-accessories/auto-accessories/0372977/certified-universal-steering-wheel-lock-c09a6d0d-b5e9-4201-82b6-5cf88b4f0bd8-jpgrendition.jpg?im=whresize&wid=200&hei=200,,0372977,037-2977-8,Il n’en reste que 3 #037-2977-8,Liquidation◊Exclusivité,52.8,"17,93","37,99"
77,"Owen Sound, ON","Tabouret de bar réglable FOR LIVING avec dossier incurvé, noir","Tabouret de bar réglable FOR LIVING avec dossier incurvé, noir",79.93,"79,93 $",199.99,"Était±  199,99 $prix était 199,99 $",79.93,"79,93 $",79.93,"79,93 $",true,https://www.canadiantire.ca/fr/pdp/tabouret-de-bar-reglable-for-living-avec-dossier-incurve-noir-1680124p.html,https://www.canadiantire.ca/fr/pdp/tabouret-de-bar-reglable-for-living-avec-dossier-incurve-noir-1680124p.html,https://media-www.canadiantire.ca/product/living/home-decor/furniture/1680124/for-living-adjustable-bar-stool-a5255c71-f960-41f9-a8f1-6cdbaf086b0c-jpgrendition.jpg?im=whresize&wid=200&hei=200,https://media-www.canadiantire.ca/product/living/home-decor/furniture/1680124/for-living-adjustable-bar-stool-a5255c71-f960-41f9-a8f1-6cdbaf086b0c-jpgrendition.jpg?im=whresize&wid=200&hei=200,,1680124,168-0124-8,Il n’en reste que 4 #168-0124-8,Liquidation◊Exclusivité,60.03,"79,93","199,99"
77,"Owen Sound, ON","Ampoules à DEL à intensité variable globe à culot E26 NOMA G25, 350 lumens, blanc chaud, 40 W, paq. 2","Ampoules à DEL à intensité variable globe à culot E26 NOMA G25, 350 lumens, blanc chaud, 40 W, paq. 2",4.93,"4,93 $",18.99,"Était±  18,99 $prix était 18,99 $",4.93,"4,93 $",4.93,"4,93 $",true,https://www.canadiantire.ca/fr/pdp/ampoules-a-del-a-intensite-variable-globe-a-culot-e26-noma-g25-350-lumens-blanc-chaud-40-w-paq-2-0529899p.html,https://www.canadiantire.ca/fr/pdp/ampoules-a-del-a-intensite-variable-globe-a-culot-e26-noma-g25-350-lumens-blanc-chaud-40-w-paq-2-0529899p.html,https://media-www.canadiantire.ca/product/fixing/electrical/light-bulbs/0529899/noma-40w-g25-clear-warm-white-2-pack-led-bulbs-db97b8fa-1061-4bd6-a9b4-72d1a5c1b328-jpgrendition.jpg?im=whresize&wid=200&hei=200,https://media-www.canadiantire.ca/product/fixing/electrical/light-bulbs/0529899/noma-40w-g25-clear-warm-white-2-pack-led-bulbs-db97b8fa-1061-4bd6-a9b4-72d1a5c1b328-jpgrendition.jpg?im=whresize&wid=200&hei=200,,0529899,052-9899-4,Il n’en reste que 1 #052-9899-4,Liquidation◊Exclusivité,74.04,"4,93","18,99"
77,"Owen Sound, ON","Cubes de rangement pour sac à dos de camping Outbound, vert","Cubes de rangement pour sac à dos de camping Outbound, vert",12.93,"12,93 $",27.99,"Était±  27,99 $prix était 27,99 $",12.93,"12,93 $",12.93,"12,93 $",true,https://www.canadiantire.ca/fr/pdp/cubes-de-rangement-pour-sac-a-dos-de-camping-outbound-vert-0766609p.html,https://www.canadiantire.ca/fr/pdp/cubes-de-rangement-pour-sac-a-dos-de-camping-outbound-vert-0766609p.html,https://media-www.canadiantire.ca/product/playing/camping/backpacks-luggage-accessories/0766609/outbound-backpack-packing-cubes-a6686238-2cf8-4e3c-89f0-fe6ff2f2e752-jpgrendition.jpg?im=whresize&wid=200&hei=200,https://media-www.canadiantire.ca/product/playing/camping/backpacks-luggage-accessories/0766609/outbound-backpack-packing-cubes-a6686238-2cf8-4e3c-89f0-fe6ff2f2e752-jpgrendition.jpg?im=whresize&wid=200&hei=200,,0766609,076-6609-8,Il n’en reste que 3 #076-6609-8,Liquidation◊Exclusivité,53.8,"12,93","27,99"
77,"Owen Sound, ON","Arroseur baleine géante gonflable, bleu, 45 po, 3 ans et plus, pour plage/piscine","Arroseur baleine géante gonflable, bleu, 45 po, 3 ans et plus, pour plage/piscine",14.93,"14,93 $",39.99,"Était±  39,99 $prix était 39,99 $",14.93,"14,93 $",14.93,"14,93 $",true,https://www.canadiantire.ca/fr/pdp/arroseur-baleine-geante-gonflable-bleu-45-po-3-ans-et-plus-pour-plage-piscine-0500654p.html,https://www.canadiantire.ca/fr/pdp/arroseur-baleine-geante-gonflable-bleu-45-po-3-ans-et-plus-pour-plage-piscine-0500654p.html,https://media-www.canadiantire.ca/product/seasonal-gardening/toys/seasonal-toys/0500654/whale-giant-sprinkler-c97f32e7-63a3-4936-b3bf-24b6340b3eb7-jpgrendition.jpg?im=whresize&wid=200&hei=200,https://media-www.canadiantire.ca/product/seasonal-gardening/toys/seasonal-toys/0500654/whale-giant-sprinkler-c97f32e7-63a3-4936-b3bf-24b6340b3eb7-jpgrendition.jpg?im=whresize&wid=200&hei=200,,0500654,050-0654-4,Il n’en reste que 3 #050-0654-4,Liquidation◊,62.67,"14,93","39,99"
77,"Owen Sound, ON","Lampe de travail et haut-parleur 4-en-1 MotoMaster, 1000 lumens","Lampe de travail et haut-parleur 4-en-1 MotoMaster, 1000 lumens",41.93,"41,93 $",99.99,"Était±  99,99 $prix était 99,99 $",41.93,"41,93 $",41.93,"41,93 $",true,https://www.canadiantire.ca/fr/pdp/lampe-de-travail-et-haut-parleur-4-en-1-motomaster-1000-lumens-0379893p.html,https://www.canadiantire.ca/fr/pdp/lampe-de-travail-et-haut-parleur-4-en-1-motomaster-1000-lumens-0379893p.html,https://media-www.canadiantire.ca/product/automotive/car-care-accessories/auto-accessories/0379893/4-in-1-worklight-and-speaker-3befce74-4dcc-4ce2-b1f7-96297e54aa10-jpgrendition.jpg?im=whresize&wid=200&hei=200,https://media-www.canadiantire.ca/product/automotive/car-care-accessories/auto-accessories/0379893/4-in-1-worklight-and-speaker-3befce74-4dcc-4ce2-b1f7-96297e54aa10-jpgrendition.jpg?im=whresize&wid=200&hei=200,,0379893,037-9893-4,Il n’en reste que 1 #037-9893-4,Liquidation◊Mieux notés,58.07,"41,93","99,99"
77,"Owen Sound, ON","Webcaméra Sylvania SWCM230 1080p, noir","Webcaméra Sylvania SWCM230 1080p, noir",4.93,"4,93 $",49.99,"Était±  49,99 $prix était 49,99 $",4.93,"4,93 $",4.93,"4,93 $",true,https://www.canadiantire.ca/fr/pdp/webcamera-sylvania-swcm230-1080p-noir-0691921p.html,https://www.canadiantire.ca/fr/pdp/webcamera-sylvania-swcm230-1080p-noir-0691921p.html,https://media-www.canadiantire.ca/product/living/electronics/home-communications/0691921/sylvania-1080p-webcam-swcm230-a8eab816-dbf4-411f-a774-01f0d4d976f7-jpgrendition.jpg?im=whresize&wid=200&hei=200,https://media-www.canadiantire.ca/product/living/electronics/home-communications/0691921/sylvania-1080p-webcam-swcm230-a8eab816-dbf4-411f-a774-01f0d4d976f7-jpgrendition.jpg?im=whresize&wid=200&hei=200,,0691921,069-1921-0,19 En Stock#069-1921-0,Liquidation◊,90.14,"4,93","49,99"
77,"Owen Sound, ON","Meuble-lavabo CANVAS Gibsons, 2 portes, gris, 30 po","Meuble-lavabo CANVAS Gibsons, 2 portes, gris, 30 po",239,"239,00 $",489.99,"Était±  489,99 $prix était 489,99 $",239,"239,00 $",239,"239,00 $",true,https://www.canadiantire.ca/fr/pdp/meuble-lavabo-canvas-gibsons-2-portes-gris-30-po-0636349p.html,https://www.canadiantire.ca/fr/pdp/meuble-lavabo-canvas-gibsons-2-portes-gris-30-po-0636349p.html,https://media-www.canadiantire.ca/product/fixing/plumbing/faucets-fixtures/0636349/canvas-gibsons-30-vanity-double-doors-grey-woodgrain-a30907e0-873b-4f8a-bd10-32ba01ff2232-jpgrendition.jpg?im=whresize&wid=200&hei=200,https://media-www.canadiantire.ca/product/fixing/plumbing/faucets-fixtures/0636349/canvas-gibsons-30-vanity-double-doors-grey-woodgrain-a30907e0-873b-4f8a-bd10-32ba01ff2232-jpgrendition.jpg?im=whresize&wid=200&hei=200,,0636349,063-6349-6,Il n’en reste que 4 #063-6349-6,Liquidation◊Exclusivité,51.22,"239,00","489,99"
77,"Owen Sound, ON",Plombs pour pêche au lancer à l'achigan,Plombs pour pêche au lancer à l'achigan,0.93,"0,93 $",2.99,"2,99 $Était   et+ prix était à partir de 2,99 $",0.93,"0,93 $",0.93,"0,93 $",true,https://www.canadiantire.ca/fr/pdp/plombs-pour-peche-au-lancer-a-l-achigan-0784913p.html,https://www.canadiantire.ca/fr/pdp/plombs-pour-peche-au-lancer-a-l-achigan-0784913p.html,https://media-www.canadiantire.ca/product/playing/fishing/fishing-lures/0784913/danielson-sinker-bass-cast-size-1-1-1-2-oz-1e71f3c8-2d96-4cf3-b1e1-64b6cd181630-jpgrendition.jpg?im=whresize&wid=200&hei=200,https://media-www.canadiantire.ca/product/playing/fishing/fishing-lures/0784913/danielson-sinker-bass-cast-size-1-1-1-2-oz-1e71f3c8-2d96-4cf3-b1e1-64b6cd181630-jpgrendition.jpg?im=whresize&wid=200&hei=200,,0784913,078-4913,Vérifiez la disponibilité#078-4913X,Liquidation◊Mieux notés,68.9,"0,93","2,99"
77,"Owen Sound, ON",Lampe à suspendre sous le capot CMS MotoMaster,Lampe à suspendre sous le capot CMS MotoMaster,27.93,"27,93 $",99.99,"Était±  99,99 $prix était 99,99 $",27.93,"27,93 $",27.93,"27,93 $",true,https://www.canadiantire.ca/fr/pdp/lampe-a-suspendre-sous-le-capot-cms-motomaster-0370744p.html,https://www.canadiantire.ca/fr/pdp/lampe-a-suspendre-sous-le-capot-cms-motomaster-0370744p.html,https://media-www.canadiantire.ca/product/automotive/car-care-accessories/auto-accessories/0370744/motomaster-smd-underhood-hanging-light-06675b9a-b8ab-4eb4-af06-ed0658a3b085-jpgrendition.jpg?im=whresize&wid=200&hei=200,https://media-www.canadiantire.ca/product/automotive/car-care-accessories/auto-accessories/0370744/motomaster-smd-underhood-hanging-light-06675b9a-b8ab-4eb4-af06-ed0658a3b085-jpgrendition.jpg?im=whresize&wid=200&hei=200,,0370744,037-0744-4,8 En Stock#037-0744-4,Liquidation◊Exclusivité,72.07,"27,93","99,99"
77,"Owen Sound, ON",Détecteur de métal étanche Discovery 2200 Bounty Hunter avec pavé tactile,Détecteur de métal étanche Discovery 2200 Bounty Hunter avec pavé tactile,159.93,"159,93 $",329.99,"Était±  329,99 $prix était 329,99 $",159.93,"159,93 $",159.93,"159,93 $",true,https://www.canadiantire.ca/fr/pdp/detecteur-de-metal-etanche-discovery-2200-bounty-hunter-avec-pave-tactile-0793946p.html,https://www.canadiantire.ca/fr/pdp/detecteur-de-metal-etanche-discovery-2200-bounty-hunter-avec-pave-tactile-0793946p.html,https://media-www.canadiantire.ca/product/playing/camping/camping-living/0793946/metal-detector-disc-2200-d7de91db-988b-4b59-b574-72a55907387c-jpgrendition.jpg?im=whresize&wid=200&hei=200,https://media-www.canadiantire.ca/product/playing/camping/camping-living/0793946/metal-detector-disc-2200-d7de91db-988b-4b59-b574-72a55907387c-jpgrendition.jpg?im=whresize&wid=200&hei=200,,0793946,079-3946-6,Il n’en reste que 3 #079-3946-6,Liquidation◊,51.53,"159,93","329,99"
77,"Owen Sound, ON","Tabouret de bar réglable CANVAS Dutton avec siège pivotant, noir","Tabouret de bar réglable CANVAS Dutton avec siège pivotant, noir",54.93,"54,93 $",139.99,"Était±  139,99 $prix était 139,99 $",54.93,"54,93 $",54.93,"54,93 $",true,https://www.canadiantire.ca/fr/pdp/tabouret-de-bar-reglable-canvas-dutton-avec-siege-pivotant-noir-1680125p.html,https://www.canadiantire.ca/fr/pdp/tabouret-de-bar-reglable-canvas-dutton-avec-siege-pivotant-noir-1680125p.html,https://media-www.canadiantire.ca/product/living/home-decor/furniture/1680125/canvas-dutton-stool-5e8f6bb1-d167-4f04-905a-2ffac877a377-jpgrendition.jpg?im=whresize&wid=200&hei=200,https://media-www.canadiantire.ca/product/living/home-decor/furniture/1680125/canvas-dutton-stool-5e8f6bb1-d167-4f04-905a-2ffac877a377-jpgrendition.jpg?im=whresize&wid=200&hei=200,,1680125,168-0125-6,,Liquidation◊Mieux notés,60.76,"54,93","139,99"
77,"Owen Sound, ON",Allume-feu Vermont Castings PWR POD (outil seulement),Allume-feu Vermont Castings PWR POD (outil seulement),49.93,"49,93 $",99.99,"Était±  99,99 $prix était 99,99 $",49.93,"49,93 $",49.93,"49,93 $",true,https://www.canadiantire.ca/fr/pdp/allume-feu-vermont-castings-pwr-pod-outil-seulement-0850200p.html,https://www.canadiantire.ca/fr/pdp/allume-feu-vermont-castings-pwr-pod-outil-seulement-0850200p.html,https://media-www.canadiantire.ca/product/seasonal-gardening/backyard-living/outdoor-cooking-fuels-flavours/0850200/vermont-castings-pwr-pod-charcoal-igniter-13e51890-ecea-462a-a3d0-cf8469353367-jpgrendition.jpg?im=whresize&wid=200&hei=200,https://media-www.canadiantire.ca/product/seasonal-gardening/backyard-living/outdoor-cooking-fuels-flavours/0850200/vermont-castings-pwr-pod-charcoal-igniter-13e51890-ecea-462a-a3d0-cf8469353367-jpgrendition.jpg?im=whresize&wid=200&hei=200,,0850200,085-0200-2,Il n’en reste que 2 #085-0200-2,Liquidation◊Mieux notés,50.07,"49,93","99,99"
77,"Owen Sound, ON",Trousse de nettoyage biodégradable pour barbecue Vermont Castings,Trousse de nettoyage biodégradable pour barbecue Vermont Castings,14.93,"14,93 $",32.99,"Était±  32,99 $prix était 32,99 $",14.93,"14,93 $",14.93,"14,93 $",true,https://www.canadiantire.ca/fr/pdp/trousse-de-nettoyage-biodegradable-pour-barbecue-vermont-castings-0852386p.html,https://www.canadiantire.ca/fr/pdp/trousse-de-nettoyage-biodegradable-pour-barbecue-vermont-castings-0852386p.html,https://media-www.canadiantire.ca/product/seasonal-gardening/backyard-living/outdoor-cooking-accessories/0852386/vermont-castings-cleaning-kit--450d630f-9878-4fb9-b23f-97474ec421bb-jpgrendition.jpg?im=whresize&wid=200&hei=200,https://media-www.canadiantire.ca/product/seasonal-gardening/backyard-living/outdoor-cooking-accessories/0852386/vermont-castings-cleaning-kit--450d630f-9878-4fb9-b23f-97474ec421bb-jpgrendition.jpg?im=whresize&wid=200&hei=200,,0852386,085-2386-8,Il n’en reste que 2 #085-2386-8,Liquidation◊Mieux notés,54.74,"14,93","32,99"
77,"Owen Sound, ON","Filet et poteaux à pince de tennis de table/ping-pong réglable professionnel Matrix Premium, noir","Filet et poteaux à pince de tennis de table/ping-pong réglable professionnel Matrix Premium, noir",16.93,"16,93 $",34.99,"Était±  34,99 $prix était 34,99 $",16.93,"16,93 $",16.93,"16,93 $",true,https://www.canadiantire.ca/fr/pdp/filet-et-poteaux-a-pince-de-tennis-de-table-ping-pong-reglable-professionnel-matrix-premium-noir-1840883p.html,https://www.canadiantire.ca/fr/pdp/filet-et-poteaux-a-pince-de-tennis-de-table-ping-pong-reglable-professionnel-matrix-premium-noir-1840883p.html,https://media-www.canadiantire.ca/product/playing/team-sports-and-golf/sports-equipment-accessories/1840883/matrix-premium-clip-on-table-tennis-net-723cf1ea-2ebb-4c6a-a702-9f6371c8dfac-jpgrendition.jpg?im=whresize&wid=200&hei=200,https://media-www.canadiantire.ca/product/playing/team-sports-and-golf/sports-equipment-accessories/1840883/matrix-premium-clip-on-table-tennis-net-723cf1ea-2ebb-4c6a-a702-9f6371c8dfac-jpgrendition.jpg?im=whresize&wid=200&hei=200,,1840883,184-0883-0,Il n’en reste que 3 #184-0883-0,Liquidation◊Mieux notés,51.61,"16,93","34,99"
77,"Owen Sound, ON","Shampoing sec à vaporiser pour chats Burt's Bees, 10 oz","Shampoing sec à vaporiser pour chats Burt's Bees, 10 oz",4.92,"4,92 $",9.99,"Était±  9,99 $prix était 9,99 $",4.92,"4,92 $",4.92,"4,92 $",true,https://www.canadiantire.ca/fr/pdp/shampoing-sec-a-vaporiser-pour-chats-burt-s-bees-10-oz-1429451p.html,https://www.canadiantire.ca/fr/pdp/shampoing-sec-a-vaporiser-pour-chats-burt-s-bees-10-oz-1429451p.html,https://media-www.canadiantire.ca/product/living/pet-care/pet-accessories/1429451/burt-s-bees-waterless-cat-shampoo-spray-10oz-b6551fd6-c71d-416a-8104-477489b33d79-jpgrendition.jpg?im=whresize&wid=200&hei=200,https://media-www.canadiantire.ca/product/living/pet-care/pet-accessories/1429451/burt-s-bees-waterless-cat-shampoo-spray-10oz-b6551fd6-c71d-416a-8104-477489b33d79-jpgrendition.jpg?im=whresize&wid=200&hei=200,,1429451,142-9451-4,Il n’en reste que 4 #142-9451-4,Liquidation◊,50.75,"4,92","9,99"
77,"Owen Sound, ON","Gilet de sauvetage confortable Outbound, adulte, bleu, tailles variées","Gilet de sauvetage confortable Outbound, adulte, bleu, tailles variées",24.93,"24,93 $",59.99,"59,99 $Était   et+ prix était à partir de 59,99 $",24.93,"24,93 $",24.93,"24,93 $",true,https://www.canadiantire.ca/fr/pdp/gilet-de-sauvetage-confortable-outbound-adulte-bleu-tailles-variees-0792248p.html,https://www.canadiantire.ca/fr/pdp/gilet-de-sauvetage-confortable-outbound-adulte-bleu-tailles-variees-0792248p.html,https://media-www.canadiantire.ca/product/playing/seasonal-recreation/marine-water-fun/0792248/outbound-adult-pfd-paddling-vest-s-m-f6a01101-710b-4ff9-8315-6ab73091694e-jpgrendition.jpg?im=whresize&wid=200&hei=200,https://media-www.canadiantire.ca/product/playing/seasonal-recreation/marine-water-fun/0792248/outbound-adult-pfd-paddling-vest-s-m-f6a01101-710b-4ff9-8315-6ab73091694e-jpgrendition.jpg?im=whresize&wid=200&hei=200,,0792248,079-2248,Vérifiez la disponibilité#079-2248X,Liquidation◊Mieux notés,58.44,"24,93","59,99"
77,"Owen Sound, ON","Couteau à viande MASTER Chef, 12 po","Couteau à viande MASTER Chef, 12 po",7.93,"7,93 $",15.99,"Était±  15,99 $prix était 15,99 $",7.93,"7,93 $",7.93,"7,93 $",true,https://www.canadiantire.ca/fr/pdp/couteau-a-viande-master-chef-12-po-0850210p.html,https://www.canadiantire.ca/fr/pdp/couteau-a-viande-master-chef-12-po-0850210p.html,https://media-www.canadiantire.ca/product/seasonal-gardening/backyard-living/outdoor-cooking-accessories/0850210/master-chef-12-brisket-knife-09fb1eb9-2429-4326-a23f-8dcf34ac23d7-jpgrendition.jpg?im=whresize&wid=200&hei=200,https://media-www.canadiantire.ca/product/seasonal-gardening/backyard-living/outdoor-cooking-accessories/0850210/master-chef-12-brisket-knife-09fb1eb9-2429-4326-a23f-8dcf34ac23d7-jpgrendition.jpg?im=whresize&wid=200&hei=200,,0850210,085-0210-8,14 En Stock#085-0210-8,Liquidation◊Mieux notés,50.41,"7,93","15,99"
77,"Owen Sound, ON","Tourne-écrous MAXIMUM, SAE, paq. 6","Tourne-écrous MAXIMUM, SAE, paq. 6",24,"24,00 $",49.99,"Était±  49,99 $prix était 49,99 $",24,"24,00 $",24,"24,00 $",true,https://www.canadiantire.ca/fr/pdp/tourne-ecrous-maximum-sae-paq-6-0589787p.html,https://www.canadiantire.ca/fr/pdp/tourne-ecrous-maximum-sae-paq-6-0589787p.html,https://media-www.canadiantire.ca/product/fixing/tools/metal-working/0589787/maximum-6-piece-nut-driver-set-sae-c670384d-0b2b-4d64-bdce-d424c3fd657f-jpgrendition.jpg?im=whresize&wid=200&hei=200,https://media-www.canadiantire.ca/product/fixing/tools/metal-working/0589787/maximum-6-piece-nut-driver-set-sae-c670384d-0b2b-4d64-bdce-d424c3fd657f-jpgrendition.jpg?im=whresize&wid=200&hei=200,,0589787,058-9787-8,29 En Stock#058-9787-8,Liquidation◊Mieux notés,51.99,"24,00","49,99"
77,"Owen Sound, ON","Verres à vin en plastique de grande fête, réutilisable, anniversaires, fêtes prénatales, plus, transparents, 5,5 oz, paq. 32","Verres à vin en plastique de grande fête, réutilisable, anniversaires, fêtes prénatales, plus, transparents, 5,5 oz, paq. 32",6.93,"6,93 $",18.99,"Était±  18,99 $prix était 18,99 $",6.93,"6,93 $",6.93,"6,93 $",true,https://www.canadiantire.ca/fr/pdp/verres-a-vin-en-plastique-de-grande-fete-reutilisable-anniversaires-fetes-prenatales-plus-transparents-5-5-oz-paq-32-8422343p.html,https://www.canadiantire.ca/fr/pdp/verres-a-vin-en-plastique-de-grande-fete-reutilisable-anniversaires-fetes-prenatales-plus-transparents-5-5-oz-paq-32-8422343p.html,https://media-www.partycity.ca/product/seasonal-gardening/party-city-everyday/party-city-dining-entertaining/8422343/32ct-5-5oz-clr-wine-plstc-57dead9e-a5ee-4382-b323-b1202373e5bf-jpgrendition.jpg?im=whresize&wid=200&hei=200,https://media-www.partycity.ca/product/seasonal-gardening/party-city-everyday/party-city-dining-entertaining/8422343/32ct-5-5oz-clr-wine-plstc-57dead9e-a5ee-4382-b323-b1202373e5bf-jpgrendition.jpg?im=whresize&wid=200&hei=200,,8422343,842-2343-8,8 En Stock#842-2343-8,Liquidation◊Mieux notés,63.51,"6,93","18,99"
77,"Owen Sound, ON","Patins en feutre résistants et autoadhésifs, protègent les murs et les planchers, beige, choix de tailles","Patins en feutre résistants et autoadhésifs, protègent les murs et les planchers, beige, choix de tailles",1.93,"1,93 $",5.79,"5,79 $Était   et+ prix était à partir de 5,79 $",1.93,"1,93 $",1.93,"1,93 $",true,https://www.canadiantire.ca/fr/pdp/patins-en-feutre-resistants-et-autoadhesifs-protegent-les-murs-et-les-planchers-beige-choix-de-tailles-0460800p.html,https://www.canadiantire.ca/fr/pdp/patins-en-feutre-resistants-et-autoadhesifs-protegent-les-murs-et-les-planchers-beige-choix-de-tailles-0460800p.html,https://media-www.canadiantire.ca/product/fixing/hardware/general-hardware/0460815/felt-pads-1-7-8-round-25d81458-221f-4043-b932-15ec46178c5a-jpgrendition.jpg?im=whresize&wid=200&hei=200,https://media-www.canadiantire.ca/product/fixing/hardware/general-hardware/0460815/felt-pads-1-7-8-round-25d81458-221f-4043-b932-15ec46178c5a-jpgrendition.jpg?im=whresize&wid=200&hei=200,,0460800,046-0800,Vérifiez la disponibilité#046-0800X,Liquidation◊Mieux notés,66.67,"1,93","5,79"
77,"Owen Sound, ON","Robinet d'évier de cuisine rétractable Danze Smartsense, noir mat","Robinet d'évier de cuisine rétractable Danze Smartsense, noir mat",169.93,"169,93 $",349.99,"Était±  349,99 $prix était 349,99 $",169.93,"169,93 $",169.93,"169,93 $",true,https://www.canadiantire.ca/fr/pdp/robinet-d-evier-de-cuisine-retractable-danze-smartsense-noir-mat-0634827p.html,https://www.canadiantire.ca/fr/pdp/robinet-d-evier-de-cuisine-retractable-danze-smartsense-noir-mat-0634827p.html,https://media-www.canadiantire.ca/product/fixing/plumbing/faucets-fixtures/0634827/danze-smartsense-1h-kitchen-pull-down-faucet-matte-black-4b62e466-333b-4162-aa92-9e22131316e9-jpgrendition.jpg?im=whresize&wid=200&hei=200,https://media-www.canadiantire.ca/product/fixing/plumbing/faucets-fixtures/0634827/danze-smartsense-1h-kitchen-pull-down-faucet-matte-black-4b62e466-333b-4162-aa92-9e22131316e9-jpgrendition.jpg?im=whresize&wid=200&hei=200,,0634827,063-4827-0,Il n’en reste que 2 #063-4827-0,Liquidation◊Exclusivité,51.45,"169,93","349,99"
77,"Owen Sound, ON",Support d'entraînement intérieur Saris Mag,Support d'entraînement intérieur Saris Mag,79,"79,00 $",314.99,"Était±  314,99 $prix était 314,99 $",79,"79,00 $",79,"79,00 $",true,https://www.canadiantire.ca/fr/pdp/support-d-entrainement-interieur-saris-mag-0730525p.html,https://www.canadiantire.ca/fr/pdp/support-d-entrainement-interieur-saris-mag-0730525p.html,https://media-www.canadiantire.ca/product/playing/cycling/bicycle-accessories/0730525/saris-mag-bike-trainer-fd5f68f4-114e-47b4-a327-bb44f087294b-jpgrendition.jpg?im=whresize&wid=200&hei=200,https://media-www.canadiantire.ca/product/playing/cycling/bicycle-accessories/0730525/saris-mag-bike-trainer-fd5f68f4-114e-47b4-a327-bb44f087294b-jpgrendition.jpg?im=whresize&wid=200&hei=200,,0730525,073-0525-8,9 En Stock#073-0525-8,Liquidation◊Mieux notés,74.92,"79,00","314,99"
77,"Owen Sound, ON","Plat de service d'extérieur en fibre de bambou CANVAS Summer Palm, 14 po","Plat de service d'extérieur en fibre de bambou CANVAS Summer Palm, 14 po",6.93,"6,93 $",14.99,"Était±  14,99 $prix était 14,99 $",6.93,"6,93 $",6.93,"6,93 $",true,https://www.canadiantire.ca/fr/pdp/plat-de-service-d-exterieur-en-fibre-de-bambou-canvas-summer-palm-14-po-1590044p.html,https://www.canadiantire.ca/fr/pdp/plat-de-service-d-exterieur-en-fibre-de-bambou-canvas-summer-palm-14-po-1590044p.html,https://media-www.canadiantire.ca/product/seasonal-gardening/backyard-living/outdoor-living-accessories/1590044/canvas-bamboo-summer-palm-14-platter-bb2e6866-612c-46ec-a269-0b3fd66589f2-jpgrendition.jpg?im=whresize&wid=200&hei=200,https://media-www.canadiantire.ca/product/seasonal-gardening/backyard-living/outdoor-living-accessories/1590044/canvas-bamboo-summer-palm-14-platter-bb2e6866-612c-46ec-a269-0b3fd66589f2-jpgrendition.jpg?im=whresize&wid=200&hei=200,,1590044,159-0044-0,Il n’en reste que 4 #159-0044-0,Liquidation◊Exclusivité,53.77,"6,93","14,99"
77,"Owen Sound, ON","Clé à chocs pneumatique courte Mastercraft, légère, 1/2 po, pour vis de 10 à 14 mm","Clé à chocs pneumatique courte Mastercraft, légère, 1/2 po, pour vis de 10 à 14 mm",59.93,"59,93 $",119.99,"Était±  119,99 $prix était 119,99 $",59.93,"59,93 $",59.93,"59,93 $",true,https://www.canadiantire.ca/fr/pdp/cle-a-chocs-pneumatique-courte-mastercraft-legere-1-2-po-pour-vis-de-10-a-14-mm-0589849p.html,https://www.canadiantire.ca/fr/pdp/cle-a-chocs-pneumatique-courte-mastercraft-legere-1-2-po-pour-vis-de-10-a-14-mm-0589849p.html,https://media-www.canadiantire.ca/product/fixing/tools/air-tools-accessories/0589849/mastercraft-1-2-stub-impact-wrench-56c9059b-f654-4b3c-8c59-832a5fcfeec3-jpgrendition.jpg?im=whresize&wid=200&hei=200,https://media-www.canadiantire.ca/product/fixing/tools/air-tools-accessories/0589849/mastercraft-1-2-stub-impact-wrench-56c9059b-f654-4b3c-8c59-832a5fcfeec3-jpgrendition.jpg?im=whresize&wid=200&hei=200,,0589849,058-9849-2,Il n’en reste que 1 #058-9849-2,Liquidation◊Mieux notés,50.05,"59,93","119,99"
77,"Owen Sound, ON",Trousse à préparation à beignets Thoughtfully,Trousse à préparation à beignets Thoughtfully,8.93,"8,93 $",17.99,"Était±  17,99 $prix était 17,99 $",8.93,"8,93 $",8.93,"8,93 $",true,https://www.canadiantire.ca/fr/pdp/trousse-a-preparation-a-beignets-thoughtfully-1519538p.html,https://www.canadiantire.ca/fr/pdp/trousse-a-preparation-a-beignets-thoughtfully-1519538p.html,https://media-www.canadiantire.ca/product/living/food-drink/seasonal-confectionery/1519538/mini-donut-making-kit-b165c425-7213-4bf8-a12c-259c6168414c-jpgrendition.jpg?im=whresize&wid=200&hei=200,https://media-www.canadiantire.ca/product/living/food-drink/seasonal-confectionery/1519538/mini-donut-making-kit-b165c425-7213-4bf8-a12c-259c6168414c-jpgrendition.jpg?im=whresize&wid=200&hei=200,,1519538,151-9538-8,Il n’en reste que 4 #151-9538-8,Liquidation◊,50.36,"8,93","17,99"
77,"Owen Sound, ON",Aspirateur de luxe de fond de piscine Aquarius avec poignée en plastique universelle,Aspirateur de luxe de fond de piscine Aquarius avec poignée en plastique universelle,14.73,"14,73 $",29.99,"Était±  29,99 $prix était 29,99 $",14.73,"14,73 $",14.73,"14,73 $",true,https://www.canadiantire.ca/fr/pdp/aspirateur-de-luxe-de-fond-de-piscine-aquarius-avec-poignee-en-plastique-universelle-0813579p.html,https://www.canadiantire.ca/fr/pdp/aspirateur-de-luxe-de-fond-de-piscine-aquarius-avec-poignee-en-plastique-universelle-0813579p.html,https://media-www.canadiantire.ca/product/seasonal-gardening/backyard-fun/pool-maintenance/0813579/aquarius-deluxe-underwater-vac-cleaner-b982a718-febc-4e40-896b-6febc915fdea-jpgrendition.jpg?im=whresize&wid=200&hei=200,https://media-www.canadiantire.ca/product/seasonal-gardening/backyard-fun/pool-maintenance/0813579/aquarius-deluxe-underwater-vac-cleaner-b982a718-febc-4e40-896b-6febc915fdea-jpgrendition.jpg?im=whresize&wid=200&hei=200,,0813579,081-3579-2,Il n’en reste que 5 #081-3579-2,Liquidation◊Exclusivité,50.88,"14,73","29,99"
77,"Owen Sound, ON",Récepteur Bluetooth à DIN simple Boss Audio Systems Elite BE7ACP-SD,Récepteur Bluetooth à DIN simple Boss Audio Systems Elite BE7ACP-SD,209.93,"209,93 $",524.99,"Était±  524,99 $prix était 524,99 $",209.93,"209,93 $",209.93,"209,93 $",true,https://www.canadiantire.ca/fr/pdp/recepteur-bluetooth-a-din-simple-boss-audio-systems-elite-be7acp-sd-0355582p.html,https://www.canadiantire.ca/fr/pdp/recepteur-bluetooth-a-din-simple-boss-audio-systems-elite-be7acp-sd-0355582p.html,https://media-www.canadiantire.ca/product/automotive/electronics/auto-electronics/0355582/boss-elite-be7acp-sd-single-din-bluetooth-receiver-5040f446-4bf6-45f1-bcfc-83c65b1222d6-jpgrendition.jpg?im=whresize&wid=200&hei=200,https://media-www.canadiantire.ca/product/automotive/electronics/auto-electronics/0355582/boss-elite-be7acp-sd-single-din-bluetooth-receiver-5040f446-4bf6-45f1-bcfc-83c65b1222d6-jpgrendition.jpg?im=whresize&wid=200&hei=200,,0355582,035-5582-2,Il n’en reste que 1 #035-5582-2,Liquidation◊,60.01,"209,93","524,99"
77,"Owen Sound, ON","Polisseuse orbitale sans fil à 1 vitesse au lithium-ion 20 V Max Mastercraft, avec tampons, 7 po, outil seulement, compatible avec batterie PWR POD","Polisseuse orbitale sans fil à 1 vitesse au lithium-ion 20 V Max Mastercraft, avec tampons, 7 po, outil seulement, compatible avec batterie PWR POD",49.93,"49,93 $",99.99,"Était±  99,99 $prix était 99,99 $",49.93,"49,93 $",49.93,"49,93 $",true,https://www.canadiantire.ca/fr/pdp/polisseuse-orbitale-sans-fil-a-1-vitesse-au-lithium-ion-20-v-max-mastercraft-avec-tampons-7-po-outil-seulement-compatible-avec-batterie-pwr-pod-0547285p.html,https://www.canadiantire.ca/fr/pdp/polisseuse-orbitale-sans-fil-a-1-vitesse-au-lithium-ion-20-v-max-mastercraft-avec-tampons-7-po-outil-seulement-compatible-avec-batterie-pwr-pod-0547285p.html,https://media-www.canadiantire.ca/product/fixing/tools/portable-power-tools/0547285/mastercraft-20v-li-ion-7-buffer-polisher-bare-tool-38d172fe-8874-4974-9581-d1146f87c51d-jpgrendition.jpg?im=whresize&wid=200&hei=200,https://media-www.canadiantire.ca/product/fixing/tools/portable-power-tools/0547285/mastercraft-20v-li-ion-7-buffer-polisher-bare-tool-38d172fe-8874-4974-9581-d1146f87c51d-jpgrendition.jpg?im=whresize&wid=200&hei=200,,0547285,054-7285-2,Il n’en reste que 1 #054-7285-2,Liquidation◊Exclusivité,50.07,"49,93","99,99"
77,"Owen Sound, ON","Boîte étanche Hubbell 5333-0 pour l'extérieur, 2 dispositifs, 3 sorties filetées de 1/2 po, gris, 32 po3","Boîte étanche Hubbell 5333-0 pour l'extérieur, 2 dispositifs, 3 sorties filetées de 1/2 po, gris, 32 po3",7.93,"7,93 $",19.99,"Était±  19,99 $prix était 19,99 $",7.93,"7,93 $",7.93,"7,93 $",true,https://www.canadiantire.ca/fr/pdp/boite-etanche-hubbell-5333-0-pour-l-exterieur-2-dispositifs-3-sorties-filetees-de-1-2-po-gris-32-po3-0524215p.html,https://www.canadiantire.ca/fr/pdp/boite-etanche-hubbell-5333-0-pour-l-exterieur-2-dispositifs-3-sorties-filetees-de-1-2-po-gris-32-po3-0524215p.html,https://media-www.canadiantire.ca/product/fixing/electrical/rough-electrical/0524215/4-x-4-x-2-outdoor-junction-box-a26ac007-d906-4bed-80ed-7925c86ef014-jpgrendition.jpg?im=whresize&wid=200&hei=200,https://media-www.canadiantire.ca/product/fixing/electrical/rough-electrical/0524215/4-x-4-x-2-outdoor-junction-box-a26ac007-d906-4bed-80ed-7925c86ef014-jpgrendition.jpg?im=whresize&wid=200&hei=200,,0524215,052-4215-2,Il n’en reste que 4 #052-4215-2,Liquidation◊,60.33,"7,93","19,99"
77,"Owen Sound, ON",Bretelles rembourrées taille unique robustes MAXIMUM avec étui pour téléphone,Bretelles rembourrées taille unique robustes MAXIMUM avec étui pour téléphone,17.93,"17,93 $",39.99,"Était±  39,99 $prix était 39,99 $",17.93,"17,93 $",17.93,"17,93 $",true,https://www.canadiantire.ca/fr/pdp/bretelles-rembourrees-taille-unique-robustes-maximum-avec-etui-pour-telephone-0586528p.html,https://www.canadiantire.ca/fr/pdp/bretelles-rembourrees-taille-unique-robustes-maximum-avec-etui-pour-telephone-0586528p.html,https://media-www.canadiantire.ca/product/fixing/tools/tool-storage/0586528/maximum-suspenders-47fac731-3950-4fb4-85e0-db92a11ae544-jpgrendition.jpg?im=whresize&wid=200&hei=200,https://media-www.canadiantire.ca/product/fixing/tools/tool-storage/0586528/maximum-suspenders-47fac731-3950-4fb4-85e0-db92a11ae544-jpgrendition.jpg?im=whresize&wid=200&hei=200,,0586528,058-6528-4,Il n’en reste que 7 #058-6528-4,Liquidation◊Exclusivité,55.16,"17,93","39,99"
77,"Owen Sound, ON","Phares antibrouillard/lumière/lampe utilitaire à DEL Pilot Landranger HD, tout terrain, paq. 2","Phares antibrouillard/lumière/lampe utilitaire à DEL Pilot Landranger HD, tout terrain, paq. 2",12.93,"12,93 $",49.99,"Était±  49,99 $prix était 49,99 $",12.93,"12,93 $",12.93,"12,93 $",true,https://www.canadiantire.ca/fr/pdp/phares-antibrouillard-lumiere-lampe-utilitaire-a-del-pilot-landranger-hd-tout-terrain-paq-2-0203755p.html,https://www.canadiantire.ca/fr/pdp/phares-antibrouillard-lumiere-lampe-utilitaire-a-del-pilot-landranger-hd-tout-terrain-paq-2-0203755p.html,https://media-www.canadiantire.ca/product/automotive/automotive-outdoor-adventure/auto-travel-storage/0203755/pilot-automotive-baja-fog-light-db0b2b6c-0a30-4a57-bbbd-37a6f3229a94-jpgrendition.jpg?im=whresize&wid=200&hei=200,https://media-www.canadiantire.ca/product/automotive/automotive-outdoor-adventure/auto-travel-storage/0203755/pilot-automotive-baja-fog-light-db0b2b6c-0a30-4a57-bbbd-37a6f3229a94-jpgrendition.jpg?im=whresize&wid=200&hei=200,,0203755,020-3755-8,Il n’en reste que 2 #020-3755-8,Liquidation◊,74.13,"12,93","49,99"
77,"Owen Sound, ON","Ensemble de départ de course à obstacles pour l'extérieur Ripline Ninja, 5 ans et plus","Ensemble de départ de course à obstacles pour l'extérieur Ripline Ninja, 5 ans et plus",80.93,"80,93 $",169.99,"Était±  169,99 $prix était 169,99 $",80.93,"80,93 $",80.93,"80,93 $",true,https://www.canadiantire.ca/fr/pdp/ensemble-de-depart-de-course-a-obstacles-pour-l-exterieur-ripline-ninja-5-ans-et-plus-1841049p.html,https://www.canadiantire.ca/fr/pdp/ensemble-de-depart-de-course-a-obstacles-pour-l-exterieur-ripline-ninja-5-ans-et-plus-1841049p.html,https://media-www.canadiantire.ca/product/seasonal-gardening/backyard-fun/backyard-amusement/1841049/ripline-ninja-starter-kit-04f9e484-3e85-4f38-9588-7e7d61612f5f-jpgrendition.jpg?im=whresize&wid=200&hei=200,https://media-www.canadiantire.ca/product/seasonal-gardening/backyard-fun/backyard-amusement/1841049/ripline-ninja-starter-kit-04f9e484-3e85-4f38-9588-7e7d61612f5f-jpgrendition.jpg?im=whresize&wid=200&hei=200,,1841049,184-1049-2,18 En Stock#184-1049-2,Liquidation◊Mieux notés,52.39,"80,93","169,99"
77,"Owen Sound, ON","Presse à panini/grille-sandwich antiadhésif Heritage The Rock, acier inoxydable","Presse à panini/grille-sandwich antiadhésif Heritage The Rock, acier inoxydable",49.93,"49,93 $",99.99,"Était±  99,99 $prix était 99,99 $",49.93,"49,93 $",49.93,"49,93 $",true,https://www.canadiantire.ca/fr/pdp/presse-a-panini-grille-sandwich-antiadhesif-heritage-the-rock-acier-inoxydable-0430058p.html,https://www.canadiantire.ca/fr/pdp/presse-a-panini-grille-sandwich-antiadhesif-heritage-the-rock-acier-inoxydable-0430058p.html,https://media-www.canadiantire.ca/product/living/kitchen/kitchen-appliances/0430058/heritage-rock-panini-grill-9d133625-1f01-4f8c-97e5-c500da685446-jpgrendition.jpg?im=whresize&wid=200&hei=200,https://media-www.canadiantire.ca/product/living/kitchen/kitchen-appliances/0430058/heritage-rock-panini-grill-9d133625-1f01-4f8c-97e5-c500da685446-jpgrendition.jpg?im=whresize&wid=200&hei=200,,0430058,043-0058-2,,Liquidation◊Mieux notés,50.07,"49,93","99,99"
77,"Owen Sound, ON","Bouchons de dalot pour kayak Invincible Marine, paq. 2, bleu","Bouchons de dalot pour kayak Invincible Marine, paq. 2, bleu",4.93,"4,93 $",15.99,"Était±  15,99 $prix était 15,99 $",4.93,"4,93 $",4.93,"4,93 $",true,https://www.canadiantire.ca/fr/pdp/bouchons-de-dalot-pour-kayak-invincible-marine-paq-2-bleu-0793358p.html,https://www.canadiantire.ca/fr/pdp/bouchons-de-dalot-pour-kayak-invincible-marine-paq-2-bleu-0793358p.html,https://media-www.canadiantire.ca/product/playing/seasonal-recreation/marine-power-boating/0793358/kayak-scupper-plugs-753e7c37-5523-4783-9dea-e3cc829a6cd3-jpgrendition.jpg?im=whresize&wid=200&hei=200,https://media-www.canadiantire.ca/product/playing/seasonal-recreation/marine-power-boating/0793358/kayak-scupper-plugs-753e7c37-5523-4783-9dea-e3cc829a6cd3-jpgrendition.jpg?im=whresize&wid=200&hei=200,,0793358,079-3358-6,Il n’en reste que 6 #079-3358-6,Liquidation◊Exclusivité,69.17,"4,93","15,99"
77,"Owen Sound, ON","Pot de peinture pliable Handy, 0,5 l, rouge","Pot de peinture pliable Handy, 0,5 l, rouge",4.93,"4,93 $",10.99,"Était±  10,99 $prix était 10,99 $",4.93,"4,93 $",4.93,"4,93 $",true,https://www.canadiantire.ca/fr/pdp/pot-de-peinture-pliable-handy-0-5-l-rouge-0492544p.html,https://www.canadiantire.ca/fr/pdp/pot-de-peinture-pliable-handy-0-5-l-rouge-0492544p.html,https://media-www.canadiantire.ca/product/fixing/paint/paint-accessories/0492544/handy-paint-collapsible-snap-cup-7576f265-9312-439f-9ae6-d8021ebac517-jpgrendition.jpg?im=whresize&wid=200&hei=200,https://media-www.canadiantire.ca/product/fixing/paint/paint-accessories/0492544/handy-paint-collapsible-snap-cup-7576f265-9312-439f-9ae6-d8021ebac517-jpgrendition.jpg?im=whresize&wid=200&hei=200,,0492544,049-2544-0,26 En Stock#049-2544-0,Liquidation◊Mieux notés,55.14,"4,93","10,99"
77,"Owen Sound, ON",Projecteur mural et de poteau à énergie solaire à DEL CANVAS Dawn,Projecteur mural et de poteau à énergie solaire à DEL CANVAS Dawn,17,"17,00 $",39.99,"Était±  39,99 $prix était 39,99 $",17,"17,00 $",17,"17,00 $",true,https://www.canadiantire.ca/fr/pdp/projecteur-mural-et-de-poteau-a-energie-solaire-a-del-canvas-dawn-0521734p.html,https://www.canadiantire.ca/fr/pdp/projecteur-mural-et-de-poteau-a-energie-solaire-a-del-canvas-dawn-0521734p.html,https://media-www.canadiantire.ca/product/seasonal-gardening/backyard-living/outdoor-lighting/0521734/canvas-dawn-led-wall-post-light-45d91fd1-606c-4eec-aebf-22c0c7c2b956-jpgrendition.jpg?im=whresize&wid=200&hei=200,https://media-www.canadiantire.ca/product/seasonal-gardening/backyard-living/outdoor-lighting/0521734/canvas-dawn-led-wall-post-light-45d91fd1-606c-4eec-aebf-22c0c7c2b956-jpgrendition.jpg?im=whresize&wid=200&hei=200,,0521734,052-1734-4,35 En Stock#052-1734-4,Liquidation◊Mieux notés,57.49,"17,00","39,99"
77,"Owen Sound, ON","Ballons en latex ronds Blush Birthday Happy Birthday, rose/blanc, 12 po, paq. 15, pour fête d'anniversaire","Ballons en latex ronds Blush Birthday Happy Birthday, rose/blanc, 12 po, paq. 15, pour fête d'anniversaire",2.93,"2,93 $",5.99,"5,99 $Était   et+ prix était à partir de 5,99 $",2.93,"2,93 $",2.93,"2,93 $",true,https://www.canadiantire.ca/fr/pdp/ballons-en-latex-ronds-blush-birthday-happy-birthday-rose-blanc-12-po-paq-15-pour-fete-d-anniversaire-8548159p.html,https://www.canadiantire.ca/fr/pdp/ballons-en-latex-ronds-blush-birthday-happy-birthday-rose-blanc-12-po-paq-15-pour-fete-d-anniversaire-8548159p.html,https://media-www.partycity.ca/product/seasonal-gardening/party-city-everyday/party-city-party-supplies-decor/8548159/15ct-12in-ltx-blln-blush-bday-d180acc3-9c3a-4ff6-9c00-23be2fc75ae3-jpgrendition.jpg?im=whresize&wid=200&hei=200,https://media-www.partycity.ca/product/seasonal-gardening/party-city-everyday/party-city-party-supplies-decor/8548159/15ct-12in-ltx-blln-blush-bday-d180acc3-9c3a-4ff6-9c00-23be2fc75ae3-jpgrendition.jpg?im=whresize&wid=200&hei=200,,8548159,854-8159-4,Il n’en reste que 4 #854-8159-4,Liquidation◊Mieux notés,51.09,"2,93","5,99"
77,"Owen Sound, ON","Cuiller Danielson Hypocrite, 1 oz","Cuiller Danielson Hypocrite, 1 oz",2.43,"2,43 $",4.99,"4,99 $Était   et+ prix était à partir de 4,99 $",2.43,"2,43 $",2.43,"2,43 $",true,https://www.canadiantire.ca/fr/pdp/cuiller-danielson-hypocrite-1-oz-0782105p.html,https://www.canadiantire.ca/fr/pdp/cuiller-danielson-hypocrite-1-oz-0782105p.html,https://media-www.canadiantire.ca/product/playing/fishing/fishing-lures/0782105/danielson-hyprocrite-spoon-red-white-1-2oz-91749a90-017e-462b-9892-d644c168d253-jpgrendition.jpg?im=whresize&wid=200&hei=200,https://media-www.canadiantire.ca/product/playing/fishing/fishing-lures/0782105/danielson-hyprocrite-spoon-red-white-1-2oz-91749a90-017e-462b-9892-d644c168d253-jpgrendition.jpg?im=whresize&wid=200&hei=200,,0782105,078-2105,Vérifiez la disponibilité#078-2105X,Liquidation◊Exclusivité,51.3,"2,43","4,99"
77,"Owen Sound, ON","Bande lumineuse à DEL d'extérieur CANVAS Horizon, blanc chaud, 2M, IP65, hydrofuge","Bande lumineuse à DEL d'extérieur CANVAS Horizon, blanc chaud, 2M, IP65, hydrofuge",14.93,"14,93 $",29.99,"Était±  29,99 $prix était 29,99 $",14.93,"14,93 $",14.93,"14,93 $",true,https://www.canadiantire.ca/fr/pdp/bande-lumineuse-a-del-d-exterieur-canvas-horizon-blanc-chaud-2m-ip65-hydrofuge-0525999p.html,https://www.canadiantire.ca/fr/pdp/bande-lumineuse-a-del-d-exterieur-canvas-horizon-blanc-chaud-2m-ip65-hydrofuge-0525999p.html,https://media-www.canadiantire.ca/product/seasonal-gardening/backyard-living/outdoor-lighting/0525999/canvas-horizon-strip-light-a73f5237-0eae-4075-b1b0-de95fd9d80ae-jpgrendition.jpg?im=whresize&wid=200&hei=200,https://media-www.canadiantire.ca/product/seasonal-gardening/backyard-living/outdoor-lighting/0525999/canvas-horizon-strip-light-a73f5237-0eae-4075-b1b0-de95fd9d80ae-jpgrendition.jpg?im=whresize&wid=200&hei=200,,0525999,052-5999-0,Il n’en reste que 3 #052-5999-0,Liquidation◊Exclusivité,50.22,"14,93","29,99"
77,"Owen Sound, ON","CANVAS Collingwood - Gazebo d'extérieur à toit rigide, 10 x 12 pi","CANVAS Collingwood - Gazebo d'extérieur à toit rigide, 10 x 12 pi",999.93,"999,93 $",2099.99,"Était±  2 099,99 $prix était 2 099,99 $",999.93,"999,93 $",999.93,"999,93 $",true,https://www.canadiantire.ca/fr/pdp/canvas-collingwood-gazebo-d-exterieur-a-toit-rigide-10-x-12-pi-0882022p.html,https://www.canadiantire.ca/fr/pdp/canvas-collingwood-gazebo-d-exterieur-a-toit-rigide-10-x-12-pi-0882022p.html,https://media-www.canadiantire.ca/product/seasonal-gardening/backyard-living/outdoor-furniture/0882022/collingwood-10-x-12-gazebo-27cb5e93-d95d-4104-884a-a1fbaa68f510-jpgrendition.jpg?im=whresize&wid=200&hei=200,https://media-www.canadiantire.ca/product/seasonal-gardening/backyard-living/outdoor-furniture/0882022/collingwood-10-x-12-gazebo-27cb5e93-d95d-4104-884a-a1fbaa68f510-jpgrendition.jpg?im=whresize&wid=200&hei=200,,0882022,088-2022-8,Il n’en reste que 1 #088-2022-8,Liquidation◊Mieux notés,52.38,"999,93","2099,99"
77,"Owen Sound, ON",Anneaux diviseurs,Anneaux diviseurs,0.93,"0,93 $",2.99,"2,99 $Était   et+ prix était à partir de 2,99 $",0.93,"0,93 $",0.93,"0,93 $",true,https://www.canadiantire.ca/fr/pdp/anneaux-diviseurs-0785004p.html,https://www.canadiantire.ca/fr/pdp/anneaux-diviseurs-0785004p.html,https://media-www.canadiantire.ca/product/playing/fishing/fishing-lures/0785004/danielson-split-ring-size-4-74882971-9134-4f97-9dbb-6c21bb3e3c7e-jpgrendition.jpg?im=whresize&wid=200&hei=200,https://media-www.canadiantire.ca/product/playing/fishing/fishing-lures/0785004/danielson-split-ring-size-4-74882971-9134-4f97-9dbb-6c21bb3e3c7e-jpgrendition.jpg?im=whresize&wid=200&hei=200,,0785004,078-5004,Vérifiez la disponibilité#078-5004X,Liquidation◊Mieux notés,68.9,"0,93","2,99"
77,"Owen Sound, ON","Accessoire de balançoire pour l'extérieur Ripline Build-A-Branch, 3 ans et plus","Accessoire de balançoire pour l'extérieur Ripline Build-A-Branch, 3 ans et plus",89.93,"89,93 $",189.99,"Était±  189,99 $prix était 189,99 $",89.93,"89,93 $",89.93,"89,93 $",true,https://www.canadiantire.ca/fr/pdp/accessoire-de-balancoire-pour-l-exterieur-ripline-build-a-branch-3-ans-et-plus-1841048p.html,https://www.canadiantire.ca/fr/pdp/accessoire-de-balancoire-pour-l-exterieur-ripline-build-a-branch-3-ans-et-plus-1841048p.html,https://media-www.canadiantire.ca/product/seasonal-gardening/backyard-fun/backyard-amusement/1841048/ripline-build-a-branch-f14f88a8-ca07-443c-9021-64d9af5d80fd-jpgrendition.jpg?im=whresize&wid=200&hei=200,https://media-www.canadiantire.ca/product/seasonal-gardening/backyard-fun/backyard-amusement/1841048/ripline-build-a-branch-f14f88a8-ca07-443c-9021-64d9af5d80fd-jpgrendition.jpg?im=whresize&wid=200&hei=200,,1841048,184-1048-4,Il n’en reste que 5 #184-1048-4,Liquidation◊,52.67,"89,93","189,99"
77,"Owen Sound, ON","Support d'attelage de remorques à 3 boules REESE, noir, tige de 2-1/2 po","Support d'attelage de remorques à 3 boules REESE, noir, tige de 2-1/2 po",48.93,"48,93 $",99.99,"Était±  99,99 $prix était 99,99 $",48.93,"48,93 $",48.93,"48,93 $",true,https://www.canadiantire.ca/fr/pdp/support-d-attelage-de-remorques-a-3-boules-reese-noir-tige-de-2-1-2-po-0406926p.html,https://www.canadiantire.ca/fr/pdp/support-d-attelage-de-remorques-a-3-boules-reese-noir-tige-de-2-1-2-po-0406926p.html,https://media-www.canadiantire.ca/product/automotive/automotive-outdoor-adventure/auto-travel-storage/0406926/reese-towpower-black-tri-ball-trailer-hitch-mount-class-v-6038f1ab-f106-485f-a23f-e1eab44eee97-jpgrendition.jpg?im=whresize&wid=200&hei=200,https://media-www.canadiantire.ca/product/automotive/automotive-outdoor-adventure/auto-travel-storage/0406926/reese-towpower-black-tri-ball-trailer-hitch-mount-class-v-6038f1ab-f106-485f-a23f-e1eab44eee97-jpgrendition.jpg?im=whresize&wid=200&hei=200,,0406926,040-6926-6,Il n’en reste que 2 #040-6926-6,Liquidation◊Mieux notés,51.07,"48,93","99,99"
77,"Owen Sound, ON","Housses de peinture légères Handy, compactes, emballage multiple","Housses de peinture légères Handy, compactes, emballage multiple",3.93,"3,93 $",8.99,"Était±  8,99 $prix était 8,99 $",3.93,"3,93 $",3.93,"3,93 $",true,https://www.canadiantire.ca/fr/pdp/housses-de-peinture-legeres-handy-compactes-emballage-multiple-0496510p.html,https://www.canadiantire.ca/fr/pdp/housses-de-peinture-legeres-handy-compactes-emballage-multiple-0496510p.html,https://media-www.canadiantire.ca/product/fixing/paint/paint-accessories/0496510/handy-paint-covers-multi-pack-bc09d967-5bd4-45de-9dc4-d434908f136e-jpgrendition.jpg?im=whresize&wid=200&hei=200,https://media-www.canadiantire.ca/product/fixing/paint/paint-accessories/0496510/handy-paint-covers-multi-pack-bc09d967-5bd4-45de-9dc4-d434908f136e-jpgrendition.jpg?im=whresize&wid=200&hei=200,,0496510,049-6510-6,Il n’en reste que 3 #049-6510-6,Liquidation◊Mieux notés,56.28,"3,93","8,99"
77,"Owen Sound, ON","Assainisseur d'air en anneau discret Refresh Your Car!, Fresh Linen","Assainisseur d'air en anneau discret Refresh Your Car!, Fresh Linen",2.93,"2,93 $",5.99,"Était±  5,99 $prix était 5,99 $",2.93,"2,93 $",2.93,"2,93 $",true,https://www.canadiantire.ca/fr/pdp/assainisseur-d-air-en-anneau-discret-refresh-your-car-fresh-linen-0372941p.html,https://www.canadiantire.ca/fr/pdp/assainisseur-d-air-en-anneau-discret-refresh-your-car-fresh-linen-0372941p.html,https://media-www.canadiantire.ca/product/automotive/car-care-accessories/auto-accessories/0372941/refresh-your-car-discrete-ring-fresh-linen-air-freshener-378dae18-2ff1-4881-a9b8-82fd687a5feb-jpgrendition.jpg?im=whresize&wid=200&hei=200,https://media-www.canadiantire.ca/product/automotive/car-care-accessories/auto-accessories/0372941/refresh-your-car-discrete-ring-fresh-linen-air-freshener-378dae18-2ff1-4881-a9b8-82fd687a5feb-jpgrendition.jpg?im=whresize&wid=200&hei=200,,0372941,037-2941-2,Il n’en reste que 2 #037-2941-2,Liquidation◊Mieux notés,51.09,"2,93","5,99"
77,"Owen Sound, ON",Manteau en molleton à glissière pour hommes Outbound Passage,Manteau en molleton à glissière pour hommes Outbound Passage,12.93,"12,93 $",29.99,"29,99 $Était   et+ prix était à partir de 29,99 $",12.93,"12,93 $",12.93,"12,93 $",true,https://www.canadiantire.ca/fr/pdp/manteau-en-molleton-a-glissiere-pour-hommes-outbound-passage-1873792p.html,https://www.canadiantire.ca/fr/pdp/manteau-en-molleton-a-glissiere-pour-hommes-outbound-passage-1873792p.html,https://media-www.canadiantire.ca/product/playing/footwear-apparel/winter-footwear-apparel/1873792/outbound-passage-fleece-zip-up-jacket-m-s-a3c6cb50-e279-4fd3-a01e-91f027996350-jpgrendition.jpg?im=whresize&wid=200&hei=200,https://media-www.canadiantire.ca/product/playing/footwear-apparel/winter-footwear-apparel/1873792/outbound-passage-fleece-zip-up-jacket-m-s-a3c6cb50-e279-4fd3-a01e-91f027996350-jpgrendition.jpg?im=whresize&wid=200&hei=200,,1873792,187-3792,Vérifiez la disponibilité#187-3792X,Liquidation◊Mieux notés,56.89,"12,93","29,99"
77,"Owen Sound, ON",Pointeur laser pour chats Petco en laiton,Pointeur laser pour chats Petco en laiton,4.92,"4,92 $",9.99,"Était±  9,99 $prix était 9,99 $",4.92,"4,92 $",4.92,"4,92 $",true,https://www.canadiantire.ca/fr/pdp/pointeur-laser-pour-chats-petco-en-laiton-1423856p.html,https://www.canadiantire.ca/fr/pdp/pointeur-laser-pour-chats-petco-en-laiton-1423856p.html,https://media-www.canadiantire.ca/product/living/pet-care/pet-accessories/1423856/petco-brass-laser-pointer-46235b73-5761-4a61-8306-ac07f72f8f75-jpgrendition.jpg?im=whresize&wid=200&hei=200,https://media-www.canadiantire.ca/product/living/pet-care/pet-accessories/1423856/petco-brass-laser-pointer-46235b73-5761-4a61-8306-ac07f72f8f75-jpgrendition.jpg?im=whresize&wid=200&hei=200,,1423856,142-3856-8,Il n’en reste que 2 #142-3856-8,Liquidation◊Mieux notés,50.75,"4,92","9,99"
77,"Owen Sound, ON",Jeu de lumières solaires à DEL étanche d'extérieur pour terrasse et spa NOMA,Jeu de lumières solaires à DEL étanche d'extérieur pour terrasse et spa NOMA,26.93,"26,93 $",59.99,"Était±  59,99 $prix était 59,99 $",26.93,"26,93 $",26.93,"26,93 $",true,https://www.canadiantire.ca/fr/pdp/jeu-de-lumieres-solaires-a-del-etanche-d-exterieur-pour-terrasse-et-spa-noma-0521728p.html,https://www.canadiantire.ca/fr/pdp/jeu-de-lumieres-solaires-a-del-etanche-d-exterieur-pour-terrasse-et-spa-noma-0521728p.html,https://media-www.canadiantire.ca/product/seasonal-gardening/backyard-living/outdoor-living-accessories/0521728/noma-waterproof-dock-hot-tub-string-light-2d2ec298-f8da-40e6-a7e4-186adfc9b6e3-jpgrendition.jpg?im=whresize&wid=200&hei=200,https://media-www.canadiantire.ca/product/seasonal-gardening/backyard-living/outdoor-living-accessories/0521728/noma-waterproof-dock-hot-tub-string-light-2d2ec298-f8da-40e6-a7e4-186adfc9b6e3-jpgrendition.jpg?im=whresize&wid=200&hei=200,,0521728,052-1728-0,Il n’en reste que 7 #052-1728-0,Liquidation◊Exclusivité,55.11,"26,93","59,99"
77,"Owen Sound, ON","Câbles de sécurité Reese, paire, 5 000 lb, 40 po","Câbles de sécurité Reese, paire, 5 000 lb, 40 po",24.93,"24,93 $",52.99,"Était±  52,99 $prix était 52,99 $",24.93,"24,93 $",24.93,"24,93 $",true,https://www.canadiantire.ca/fr/pdp/cables-de-securite-reese-paire-5-000-lb-40-po-0408286p.html,https://www.canadiantire.ca/fr/pdp/cables-de-securite-reese-paire-5-000-lb-40-po-0408286p.html,https://media-www.canadiantire.ca/product/automotive/automotive-outdoor-adventure/auto-travel-storage/0408286/reese-towpower-5000lbs-safety-cables-1a91c9f9-73eb-4f9d-811b-cb77eb5be457-jpgrendition.jpg?im=whresize&wid=200&hei=200,https://media-www.canadiantire.ca/product/automotive/automotive-outdoor-adventure/auto-travel-storage/0408286/reese-towpower-5000lbs-safety-cables-1a91c9f9-73eb-4f9d-811b-cb77eb5be457-jpgrendition.jpg?im=whresize&wid=200&hei=200,,0408286,040-8286-6,Il n’en reste que 2 #040-8286-6,Liquidation◊Mieux notés,52.95,"24,93","52,99"
77,"Owen Sound, ON","Peinture de retouche Scratch Fix All-in-1, Grès clair (M) (PKG)","Peinture de retouche Scratch Fix All-in-1, Grès clair (M) (PKG)",4.93,"4,93 $",28.99,"Était±  28,99 $prix était 28,99 $",4.93,"4,93 $",4.93,"4,93 $",true,https://www.canadiantire.ca/fr/pdp/peinture-de-retouche-scratch-fix-all-in-1-gres-clair-m-pkg-0475171p.html,https://www.canadiantire.ca/fr/pdp/peinture-de-retouche-scratch-fix-all-in-1-gres-clair-m-pkg-0475171p.html,https://media-www.canadiantire.ca/product/automotive/car-care-accessories/auto-body-repair/0475171/scratch-fix-light-sandstone-met-all-in-1-fe826dba-92ee-4d37-92a6-2e2ef13c2ce9.png?im=whresize&wid=200&hei=200,https://media-www.canadiantire.ca/product/automotive/car-care-accessories/auto-body-repair/0475171/scratch-fix-light-sandstone-met-all-in-1-fe826dba-92ee-4d37-92a6-2e2ef13c2ce9.png?im=whresize&wid=200&hei=200,,0475171,047-5171-2,Il n’en reste que 2 #047-5171-2,Liquidation◊,82.99,"4,93","28,99"
77,"Owen Sound, ON",Porte-clés/bouteille de désinfectant pour les mains AutoTrends,Porte-clés/bouteille de désinfectant pour les mains AutoTrends,1,"1,00 $",8.99,"Était±  8,99 $prix était 8,99 $",1,"1,00 $",1,"1,00 $",true,https://www.canadiantire.ca/fr/pdp/porte-cles-bouteille-de-desinfectant-pour-les-mains-autotrends-0373161p.html,https://www.canadiantire.ca/fr/pdp/porte-cles-bouteille-de-desinfectant-pour-les-mains-autotrends-0373161p.html,https://media-www.canadiantire.ca/product/automotive/car-care-accessories/auto-accessories/0373161/autotrends-hand-santizer-bottle-keychain-2377f301-da8b-48bc-aa4b-a007c2cacc50-jpgrendition.jpg?im=whresize&wid=200&hei=200,https://media-www.canadiantire.ca/product/automotive/car-care-accessories/auto-accessories/0373161/autotrends-hand-santizer-bottle-keychain-2377f301-da8b-48bc-aa4b-a007c2cacc50-jpgrendition.jpg?im=whresize&wid=200&hei=200,,0373161,037-3161-2,242 En Stock#037-3161-2,Liquidation◊Mieux notés,88.88,"1,00","8,99"
77,"Owen Sound, ON","Couverts en faux marbre CANVAS pour 4 personnes, paq. 16","Couverts en faux marbre CANVAS pour 4 personnes, paq. 16",13.93,"13,93 $",27.99,"Était±  27,99 $prix était 27,99 $",13.93,"13,93 $",13.93,"13,93 $",true,https://www.canadiantire.ca/fr/pdp/couverts-en-faux-marbre-canvas-pour-4-personnes-paq-16-0597215p.html,https://www.canadiantire.ca/fr/pdp/couverts-en-faux-marbre-canvas-pour-4-personnes-paq-16-0597215p.html,https://media-www.canadiantire.ca/product/seasonal-gardening/backyard-living/outdoor-living-accessories/0597215/canvas-marble-cutlery-set-5eae3979-90e2-49a3-8e23-2a80e78a3042-jpgrendition.jpg?im=whresize&wid=200&hei=200,https://media-www.canadiantire.ca/product/seasonal-gardening/backyard-living/outdoor-living-accessories/0597215/canvas-marble-cutlery-set-5eae3979-90e2-49a3-8e23-2a80e78a3042-jpgrendition.jpg?im=whresize&wid=200&hei=200,,0597215,059-7215-0,Il n’en reste que 1 #059-7215-0,Liquidation◊Exclusivité,50.23,"13,93","27,99"
77,"Owen Sound, ON",Chaussures nautiques légères Outbound pour femmes avec semelle intérieure en EVA rembourrée,Chaussures nautiques légères Outbound pour femmes avec semelle intérieure en EVA rembourrée,22.43,"22,43 $",64.99,"64,99 $Était   et+ prix était à partir de 64,99 $",22.43,"22,43 $",22.43,"22,43 $",true,https://www.canadiantire.ca/fr/pdp/chaussures-nautiques-legeres-outbound-pour-femmes-avec-semelle-interieure-en-eva-rembourree-1873557p.html,https://www.canadiantire.ca/fr/pdp/chaussures-nautiques-legeres-outbound-pour-femmes-avec-semelle-interieure-en-eva-rembourree-1873557p.html,https://media-www.canadiantire.ca/product/playing/footwear-apparel/summer-footwear-apparel/1873557/outbound-women-s-lightweight-river-shoes-size-5-f8b9f0c0-cd30-4241-8296-956c93296453-jpgrendition.jpg?im=whresize&wid=200&hei=200,https://media-www.canadiantire.ca/product/playing/footwear-apparel/summer-footwear-apparel/1873557/outbound-women-s-lightweight-river-shoes-size-5-f8b9f0c0-cd30-4241-8296-956c93296453-jpgrendition.jpg?im=whresize&wid=200&hei=200,,1873557,187-3557,Vérifiez la disponibilité#187-3557X,Liquidation◊Mieux notés,65.49,"22,43","64,99"
77,"Owen Sound, ON","Leurre doré jaune Xcalibur Hunter, 1/4 once","Leurre doré jaune Xcalibur Hunter, 1/4 once",2.73,"2,73 $",6.49,"6,49 $Était   et+ prix était à partir de 6,49 $",2.73,"2,73 $",2.73,"2,73 $",true,https://www.canadiantire.ca/fr/pdp/leurre-dore-jaune-xcalibur-hunter-1-4-once-0778945p.html,https://www.canadiantire.ca/fr/pdp/leurre-dore-jaune-xcalibur-hunter-1-4-once-0778945p.html,https://media-www.canadiantire.ca/product/playing/fishing/fishing-lures/0778945/xcalibur-walleye-hunter-jig-1-4-oz-chartreuse-5dcbd17b-6c42-45bb-979e-1504148e84c5-jpgrendition.jpg?im=whresize&wid=200&hei=200,https://media-www.canadiantire.ca/product/playing/fishing/fishing-lures/0778945/xcalibur-walleye-hunter-jig-1-4-oz-chartreuse-5dcbd17b-6c42-45bb-979e-1504148e84c5-jpgrendition.jpg?im=whresize&wid=200&hei=200,,0778945,077-8945,Vérifiez la disponibilité#077-8945X,Liquidation◊Mieux notés,57.94,"2,73","6,49"
77,"Owen Sound, ON",Gobelet de retouche de peinture Premier,Gobelet de retouche de peinture Premier,2.93,"2,93 $",7.99,"7,99 $Était   et+ prix était à partir de 7,99 $",2.93,"2,93 $",2.93,"2,93 $",true,https://www.canadiantire.ca/fr/pdp/gobelet-de-retouche-de-peinture-premier-0495850p.html,https://www.canadiantire.ca/fr/pdp/gobelet-de-retouche-de-peinture-premier-0495850p.html,https://media-www.canadiantire.ca/product/fixing/paint/paint-accessories/0495850/premier-single-touch-up-cup-51899b96-1e87-439b-b0fa-b3ec674c0e97-jpgrendition.jpg?im=whresize&wid=200&hei=200,https://media-www.canadiantire.ca/product/fixing/paint/paint-accessories/0495850/premier-single-touch-up-cup-51899b96-1e87-439b-b0fa-b3ec674c0e97-jpgrendition.jpg?im=whresize&wid=200&hei=200,,0495850,049-5850,Vérifiez la disponibilité#049-5850X,Liquidation◊Mieux notés,63.33,"2,93","7,99"
77,"Owen Sound, ON","Sangles à cliquet Stanley résistantes aux intempéries, 1 500 lb, 10 pi, paq. 8","Sangles à cliquet Stanley résistantes aux intempéries, 1 500 lb, 10 pi, paq. 8",39.93,"39,93 $",79.99,"Était±  79,99 $prix était 79,99 $",39.93,"39,93 $",39.93,"39,93 $",true,https://www.canadiantire.ca/fr/pdp/sangles-a-cliquet-stanley-resistantes-aux-intemperies-1-500-lb-10-pi-paq-8-0402958p.html,https://www.canadiantire.ca/fr/pdp/sangles-a-cliquet-stanley-resistantes-aux-intemperies-1-500-lb-10-pi-paq-8-0402958p.html,https://media-www.canadiantire.ca/product/automotive/automotive-outdoor-adventure/tarps-cords/0402958/stanley-8pk-tie-downs-07acb483-4920-4c6d-b84a-5a91c37a5fdb-jpgrendition.jpg?im=whresize&wid=200&hei=200,https://media-www.canadiantire.ca/product/automotive/automotive-outdoor-adventure/tarps-cords/0402958/stanley-8pk-tie-downs-07acb483-4920-4c6d-b84a-5a91c37a5fdb-jpgrendition.jpg?im=whresize&wid=200&hei=200,,0402958,040-2958-4,Il n’en reste que 3 #040-2958-4,Liquidation◊,50.08,"39,93","79,99"
77,"Owen Sound, ON","Cuiller Danielson, rouge/blanc","Cuiller Danielson, rouge/blanc",2.73,"2,73 $",6.49,"Était±  6,49 $prix était 6,49 $",2.73,"2,73 $",2.73,"2,73 $",true,https://www.canadiantire.ca/fr/pdp/cuiller-danielson-rouge-blanc-0782144p.html,https://www.canadiantire.ca/fr/pdp/cuiller-danielson-rouge-blanc-0782144p.html,https://media-www.canadiantire.ca/product/playing/fishing/fishing-lures/0782144/danielson-spoon-assortment-red-white-3-pack-20ee71fd-b37e-4b9f-a1fa-14ddc0b8bbb3-jpgrendition.jpg?im=whresize&wid=200&hei=200,https://media-www.canadiantire.ca/product/playing/fishing/fishing-lures/0782144/danielson-spoon-assortment-red-white-3-pack-20ee71fd-b37e-4b9f-a1fa-14ddc0b8bbb3-jpgrendition.jpg?im=whresize&wid=200&hei=200,,0782144,078-2144-2,Il n’en reste que 7 #078-2144-2,Liquidation◊Articles à succès,57.94,"2,73","6,49"
77,"Owen Sound, ON","Répulsif pour animaux à vaporiser prêt à l'emploi pour l'extérieur Ortho Animal B Gon MAX, 400 g","Répulsif pour animaux à vaporiser prêt à l'emploi pour l'extérieur Ortho Animal B Gon MAX, 400 g",4.93,"4,93 $",9.99,"Était±  9,99 $prix était 9,99 $",4.93,"4,93 $",4.93,"4,93 $",true,https://www.canadiantire.ca/fr/pdp/repulsif-pour-animaux-a-vaporiser-pret-a-l-emploi-pour-l-exterieur-ortho-animal-b-gon-max-400-g-0591116p.html,https://www.canadiantire.ca/fr/pdp/repulsif-pour-animaux-a-vaporiser-pret-a-l-emploi-pour-l-exterieur-ortho-animal-b-gon-max-400-g-0591116p.html,https://media-www.canadiantire.ca/product/seasonal-gardening/gardening/weed-insect-rodent-control/0591116/ortho-animal-b-gon-aerosol-400-g--1f4d5997-66b8-4095-aa7c-5984f4aaac1d-jpgrendition.jpg?im=whresize&wid=200&hei=200,https://media-www.canadiantire.ca/product/seasonal-gardening/gardening/weed-insect-rodent-control/0591116/ortho-animal-b-gon-aerosol-400-g--1f4d5997-66b8-4095-aa7c-5984f4aaac1d-jpgrendition.jpg?im=whresize&wid=200&hei=200,,0591116,059-1116-2,Il n’en reste que 7 #059-1116-2,Liquidation◊,50.65,"4,93","9,99"
77,"Owen Sound, ON","Élément de surface Laser 62474 pour cuisinière, cosses, 1 500 W, 240 V, 6 po","Élément de surface Laser 62474 pour cuisinière, cosses, 1 500 W, 240 V, 6 po",14.93,"14,93 $",29.99,"Était±  29,99 $prix était 29,99 $",14.93,"14,93 $",14.93,"14,93 $",true,https://www.canadiantire.ca/fr/pdp/element-de-surface-laser-62474-pour-cuisiniere-cosses-1-500-w-240-v-6-po-0522505p.html,https://www.canadiantire.ca/fr/pdp/element-de-surface-laser-62474-pour-cuisiniere-cosses-1-500-w-240-v-6-po-0522505p.html,https://media-www.canadiantire.ca/product/fixing/electrical/rough-electrical/0522505/spade-surface-element-6--8db34eaa-8b4e-4c73-8a89-41b1fcef74ca-jpgrendition.jpg?im=whresize&wid=200&hei=200,https://media-www.canadiantire.ca/product/fixing/electrical/rough-electrical/0522505/spade-surface-element-6--8db34eaa-8b4e-4c73-8a89-41b1fcef74ca-jpgrendition.jpg?im=whresize&wid=200&hei=200,,0522505,052-2505-4,Il n’en reste que 2 #052-2505-4,Liquidation◊,50.22,"14,93","29,99"
77,"Owen Sound, ON",Hameçon Danielson monté pour truites,Hameçon Danielson monté pour truites,2.73,"2,73 $",6.49,"Était±  6,49 $prix était 6,49 $",2.73,"2,73 $",2.73,"2,73 $",true,https://www.canadiantire.ca/fr/pdp/hamecon-danielson-monte-pour-truites-0783221p.html,https://www.canadiantire.ca/fr/pdp/hamecon-danielson-monte-pour-truites-0783221p.html,https://media-www.canadiantire.ca/product/playing/fishing/fishing-lures/0783221/danielson-snelled-hooks-trout-12-pack-4d6bae67-56da-4c74-abe0-b12c083cd40a-jpgrendition.jpg?im=whresize&wid=200&hei=200,https://media-www.canadiantire.ca/product/playing/fishing/fishing-lures/0783221/danielson-snelled-hooks-trout-12-pack-4d6bae67-56da-4c74-abe0-b12c083cd40a-jpgrendition.jpg?im=whresize&wid=200&hei=200,,0783221,078-3221-2,,Liquidation◊Mieux notés,57.94,"2,73","6,49"
77,"Owen Sound, ON","Tuba, masque et ailette Speedo pour adulte","Tuba, masque et ailette Speedo pour adulte",44.93,"44,93 $",89.99,"Était±  89,99 $prix était 89,99 $",44.93,"44,93 $",44.93,"44,93 $",true,https://www.canadiantire.ca/fr/pdp/tuba-masque-et-ailette-speedo-pour-adulte-0810217p.html,https://www.canadiantire.ca/fr/pdp/tuba-masque-et-ailette-speedo-pour-adulte-0810217p.html,https://media-www.canadiantire.ca/product/seasonal-gardening/backyard-fun/pool-fun/0810217/speedo-adult-mask-snorkel-fin-combo-set-4ab8fe48-b2ed-46aa-b988-2eaf6fb94553-jpgrendition.jpg?im=whresize&wid=200&hei=200,https://media-www.canadiantire.ca/product/seasonal-gardening/backyard-fun/pool-fun/0810217/speedo-adult-mask-snorkel-fin-combo-set-4ab8fe48-b2ed-46aa-b988-2eaf6fb94553-jpgrendition.jpg?im=whresize&wid=200&hei=200,,0810217,081-0217-2,Il n’en reste que 1 #081-0217-2,Liquidation◊Exclusivité,50.07,"44,93","89,99"
77,"Owen Sound, ON","Sac d'exercice prélesté robuste Power Core pour entraînement de force et de poids à domicile, 10 à 20 lb","Sac d'exercice prélesté robuste Power Core pour entraînement de force et de poids à domicile, 10 à 20 lb",20,"20,00 $",62.99,"62,99 $Était   et+ prix était à partir de 62,99 $",20,"20,00 $",20,"20,00 $",true,https://www.canadiantire.ca/fr/pdp/sac-d-exercice-preleste-robuste-power-core-pour-entrainement-de-force-et-de-poids-a-domicile-10-a-20-lb-1841605p.html,https://www.canadiantire.ca/fr/pdp/sac-d-exercice-preleste-robuste-power-core-pour-entrainement-de-force-et-de-poids-a-domicile-10-a-20-lb-1841605p.html,https://media-www.canadiantire.ca/product/playing/exercise/exercise-accessories/1841605/ziva-power-core-bag-10-lb-ce3f9282-1f3d-4816-9592-91432a644bd7-jpgrendition.jpg?im=whresize&wid=200&hei=200,https://media-www.canadiantire.ca/product/playing/exercise/exercise-accessories/1841605/ziva-power-core-bag-10-lb-ce3f9282-1f3d-4816-9592-91432a644bd7-jpgrendition.jpg?im=whresize&wid=200&hei=200,,1841605,184-1605,Vérifiez la disponibilité#184-1605X,Liquidation◊Mieux notés,68.25,"20,00","62,99"
77,"Owen Sound, ON","Verres en plastique transparent pour grosse fête, paq. 88","Verres en plastique transparent pour grosse fête, paq. 88",4.93,"4,93 $",16.99,"Était±  16,99 $prix était 16,99 $",4.93,"4,93 $",4.93,"4,93 $",true,https://www.canadiantire.ca/fr/pdp/verres-en-plastique-transparent-pour-grosse-fete-paq-88-8422335p.html,https://www.canadiantire.ca/fr/pdp/verres-en-plastique-transparent-pour-grosse-fete-paq-88-8422335p.html,https://media-www.partycity.ca/product/seasonal-gardening/party-city-everyday/party-city-dining-entertaining/8422335/88ct-5oz-clr-tmblr-9d9719e8-bae1-4c03-9630-4d3e1849a734-jpgrendition.jpg?im=whresize&wid=200&hei=200,https://media-www.partycity.ca/product/seasonal-gardening/party-city-everyday/party-city-dining-entertaining/8422335/88ct-5oz-clr-tmblr-9d9719e8-bae1-4c03-9630-4d3e1849a734-jpgrendition.jpg?im=whresize&wid=200&hei=200,,8422335,842-2335-8,Il n’en reste que 2 #842-2335-8,Liquidation◊Mieux notés,70.98,"4,93","16,99"
77,"Owen Sound, ON","Miroir rond grossissant CANVAS pour salle de bain/meuble-lavabo, fini nickel","Miroir rond grossissant CANVAS pour salle de bain/meuble-lavabo, fini nickel",17.93,"17,93 $",37.99,"Était±  37,99 $prix était 37,99 $",17.93,"17,93 $",17.93,"17,93 $",true,https://www.canadiantire.ca/fr/pdp/miroir-rond-grossissant-canvas-pour-salle-de-bain-meuble-lavabo-fini-nickel-0636269p.html,https://www.canadiantire.ca/fr/pdp/miroir-rond-grossissant-canvas-pour-salle-de-bain-meuble-lavabo-fini-nickel-0636269p.html,https://media-www.canadiantire.ca/product/living/home-decor/bed-bath-decor/0636269/canvas-storage-vanity-mirror-nickel--6ca21d1e-c176-465f-855b-206e450c8224-jpgrendition.jpg?im=whresize&wid=200&hei=200,https://media-www.canadiantire.ca/product/living/home-decor/bed-bath-decor/0636269/canvas-storage-vanity-mirror-nickel--6ca21d1e-c176-465f-855b-206e450c8224-jpgrendition.jpg?im=whresize&wid=200&hei=200,,0636269,063-6269-6,Il n’en reste que 1 #063-6269-6,Liquidation◊Mieux notés,52.8,"17,93","37,99"
77,"Owen Sound, ON","Leurres pour saumon RedWolf, paq. 80","Leurres pour saumon RedWolf, paq. 80",6.73,"6,73 $",14.99,"Était±  14,99 $prix était 14,99 $",6.73,"6,73 $",6.73,"6,73 $",true,https://www.canadiantire.ca/fr/pdp/leurres-pour-saumon-redwolf-paq-80-0777783p.html,https://www.canadiantire.ca/fr/pdp/leurres-pour-saumon-redwolf-paq-80-0777783p.html,https://media-www.canadiantire.ca/product/playing/fishing/fishing-lures/0777783/red-wolf-salmon-kit-80-piece-44f68743-e80f-4574-8c32-4088b9809583-jpgrendition.jpg?im=whresize&wid=200&hei=200,https://media-www.canadiantire.ca/product/playing/fishing/fishing-lures/0777783/red-wolf-salmon-kit-80-piece-44f68743-e80f-4574-8c32-4088b9809583-jpgrendition.jpg?im=whresize&wid=200&hei=200,,0777783,077-7783-2,25 En Stock#077-7783-2,Liquidation◊Exclusivité,55.1,"6,73","14,99"
77,"Owen Sound, ON","Miroir de salle de bain/meuble-lavabo rond, See Me One-Side Umbra, avec effet grossissant","Miroir de salle de bain/meuble-lavabo rond, See Me One-Side Umbra, avec effet grossissant",14.93,"14,93 $",32.99,"Était±  32,99 $prix était 32,99 $",14.93,"14,93 $",14.93,"14,93 $",true,https://www.canadiantire.ca/fr/pdp/miroir-de-salle-de-bain-meuble-lavabo-rond-see-me-one-side-umbra-avec-effet-grossissant-0636279p.html,https://www.canadiantire.ca/fr/pdp/miroir-de-salle-de-bain-meuble-lavabo-rond-see-me-one-side-umbra-avec-effet-grossissant-0636279p.html,https://media-www.canadiantire.ca/product/living/home-decor/bed-bath-decor/0636279/umbra-see-me-mirror-white-1442f57d-c97c-4f20-880a-613201e6275a-jpgrendition.jpg?im=whresize&wid=200&hei=200,https://media-www.canadiantire.ca/product/living/home-decor/bed-bath-decor/0636279/umbra-see-me-mirror-white-1442f57d-c97c-4f20-880a-613201e6275a-jpgrendition.jpg?im=whresize&wid=200&hei=200,,0636279,063-6279-2,Il n’en reste que 1 #063-6279-2,Liquidation◊Mieux notés,54.74,"14,93","32,99"
77,"Owen Sound, ON",Connecteur 7 voies VR vers rond 6 voies et plat 4 et 5 fils Hopkins Towing Solution Endurance Multi-Tow,Connecteur 7 voies VR vers rond 6 voies et plat 4 et 5 fils Hopkins Towing Solution Endurance Multi-Tow,19.93,"19,93 $",42.99,"Était±  42,99 $prix était 42,99 $",19.93,"19,93 $",19.93,"19,93 $",true,https://www.canadiantire.ca/fr/pdp/connecteur-7-voies-vr-vers-rond-6-voies-et-plat-4-et-5-fils-hopkins-towing-solution-endurance-multi-tow-0409679p.html,https://www.canadiantire.ca/fr/pdp/connecteur-7-voies-vr-vers-rond-6-voies-et-plat-4-et-5-fils-hopkins-towing-solution-endurance-multi-tow-0409679p.html,https://media-www.canadiantire.ca/product/automotive/automotive-outdoor-adventure/auto-travel-storage/0409679/endurance-multi-tow-7-rv-to-6-round-4-and-5-wire-flat-16fbcd7a-1e3c-461a-8663-603a7ed77f74-jpgrendition.jpg?im=whresize&wid=200&hei=200,https://media-www.canadiantire.ca/product/automotive/automotive-outdoor-adventure/auto-travel-storage/0409679/endurance-multi-tow-7-rv-to-6-round-4-and-5-wire-flat-16fbcd7a-1e3c-461a-8663-603a7ed77f74-jpgrendition.jpg?im=whresize&wid=200&hei=200,,0409679,040-9679-6,Il n’en reste que 3 #040-9679-6,Liquidation◊Mieux notés,53.64,"19,93","42,99"
77,"Owen Sound, ON","Appât Xcalibur Rigged Grubs, 1/4 once","Appât Xcalibur Rigged Grubs, 1/4 once",2.43,"2,43 $",5.99,"5,99 $Était   et+ prix était à partir de 5,99 $",2.43,"2,43 $",2.43,"2,43 $",true,https://www.canadiantire.ca/fr/pdp/appat-xcalibur-rigged-grubs-1-4-once-0778921p.html,https://www.canadiantire.ca/fr/pdp/appat-xcalibur-rigged-grubs-1-4-once-0778921p.html,https://media-www.canadiantire.ca/product/playing/fishing/fishing-lures/0778922/xcalibur-rigged-grubs-1-4-oz-black-glitter-e0bebc65-9c52-4750-8390-20d1349ad583-jpgrendition.jpg?im=whresize&wid=200&hei=200,https://media-www.canadiantire.ca/product/playing/fishing/fishing-lures/0778922/xcalibur-rigged-grubs-1-4-oz-black-glitter-e0bebc65-9c52-4750-8390-20d1349ad583-jpgrendition.jpg?im=whresize&wid=200&hei=200,,0778921,077-8921,Vérifiez la disponibilité#077-8921X,Liquidation◊Exclusivité,59.43,"2,43","5,99"
77,"Owen Sound, ON",Sonnette intelligente hydrofuge sans fil Globe,Sonnette intelligente hydrofuge sans fil Globe,24.93,"24,93 $",49.99,"Était±  49,99 $prix était 49,99 $",24.93,"24,93 $",24.93,"24,93 $",true,https://www.canadiantire.ca/fr/pdp/sonnette-intelligente-hydrofuge-sans-fil-globe-0521769p.html,https://www.canadiantire.ca/fr/pdp/sonnette-intelligente-hydrofuge-sans-fil-globe-0521769p.html,https://media-www.canadiantire.ca/product/fixing/hardware/curb-appeal/0521769/smart-wireless-chime-kits-272fbb97-6efb-4d6a-9fc6-7c79a0b68ae2-jpgrendition.jpg?im=whresize&wid=200&hei=200,https://media-www.canadiantire.ca/product/fixing/hardware/curb-appeal/0521769/smart-wireless-chime-kits-272fbb97-6efb-4d6a-9fc6-7c79a0b68ae2-jpgrendition.jpg?im=whresize&wid=200&hei=200,,0521769,052-1769-2,Il n’en reste que 1 #052-1769-2,Liquidation◊,50.13,"24,93","49,99"
77,"Owen Sound, ON","Étagère de rangement en métal pour garage Mastercraft avec crochets, noir, 17 x 3,5 x 4,5 po","Étagère de rangement en métal pour garage Mastercraft avec crochets, noir, 17 x 3,5 x 4,5 po",7.93,"7,93 $",17.99,"Était±  17,99 $prix était 17,99 $",7.93,"7,93 $",7.93,"7,93 $",true,https://www.canadiantire.ca/fr/pdp/etagere-de-rangement-en-metal-pour-garage-mastercraft-avec-crochets-noir-17-x-3-5-x-4-5-po-0582534p.html,https://www.canadiantire.ca/fr/pdp/etagere-de-rangement-en-metal-pour-garage-mastercraft-avec-crochets-noir-17-x-3-5-x-4-5-po-0582534p.html,https://media-www.canadiantire.ca/product/fixing/tools/tool-storage/0582534/mastercraft-garage-can-brush-organizer-3f1ad850-bed4-4ea5-8e34-73aea383df89-jpgrendition.jpg?im=whresize&wid=200&hei=200,https://media-www.canadiantire.ca/product/fixing/tools/tool-storage/0582534/mastercraft-garage-can-brush-organizer-3f1ad850-bed4-4ea5-8e34-73aea383df89-jpgrendition.jpg?im=whresize&wid=200&hei=200,,0582534,058-2534-2,41 En Stock#058-2534-2,Liquidation◊Mieux notés,55.92,"7,93","17,99"
77,"Owen Sound, ON","Douille de lampe à DEL sans interrupteur Leviton 09850-742 avec lampe à DEL GU24 et protection, 60 Hz, 10 W, 120 V, blanc","Douille de lampe à DEL sans interrupteur Leviton 09850-742 avec lampe à DEL GU24 et protection, 60 Hz, 10 W, 120 V, blanc",12.93,"12,93 $",30.99,"Était±  30,99 $prix était 30,99 $",12.93,"12,93 $",12.93,"12,93 $",true,https://www.canadiantire.ca/fr/pdp/douille-de-lampe-a-del-sans-interrupteur-leviton-09850-742-avec-lampe-a-del-gu24-et-protection-60-hz-10-w-120-v-blanc-0527502p.html,https://www.canadiantire.ca/fr/pdp/douille-de-lampe-a-del-sans-interrupteur-leviton-09850-742-avec-lampe-a-del-gu24-et-protection-60-hz-10-w-120-v-blanc-0527502p.html,https://media-www.canadiantire.ca/product/fixing/electrical/rough-electrical/0527502/fluorescent-energy-star-lampholder-ec67c18c-bdb1-4552-8dd3-0c4bdefc1325-jpgrendition.jpg?im=whresize&wid=200&hei=200,https://media-www.canadiantire.ca/product/fixing/electrical/rough-electrical/0527502/fluorescent-energy-star-lampholder-ec67c18c-bdb1-4552-8dd3-0c4bdefc1325-jpgrendition.jpg?im=whresize&wid=200&hei=200,,0527502,052-7502-0,Il n’en reste que 3 #052-7502-0,Liquidation◊Mieux notés,58.28,"12,93","30,99"
77,"Owen Sound, ON","Balle distributrice de gâteries Petco, choix de couleurs","Balle distributrice de gâteries Petco, choix de couleurs",4.93,"4,93 $",9.99,"Était±  9,99 $prix était 9,99 $",4.93,"4,93 $",4.93,"4,93 $",true,https://www.canadiantire.ca/fr/pdp/balle-distributrice-de-gateries-petco-choix-de-couleurs-2420946p.html,https://www.canadiantire.ca/fr/pdp/balle-distributrice-de-gateries-petco-choix-de-couleurs-2420946p.html,https://media-www.canadiantire.ca/product/living/pet-care/pet-accessories/2420946/petco-treat-dispensing-ball-assorted-colors-e927ef2d-30a9-40ba-a399-d690d75802da-jpgrendition.jpg?im=whresize&wid=200&hei=200,https://media-www.canadiantire.ca/product/living/pet-care/pet-accessories/2420946/petco-treat-dispensing-ball-assorted-colors-e927ef2d-30a9-40ba-a399-d690d75802da-jpgrendition.jpg?im=whresize&wid=200&hei=200,,2420946,242-0946-4,45 En Stock#242-0946-4,Liquidation◊Mieux notés,50.65,"4,93","9,99"
77,"Owen Sound, ON",Barre d'identification à DEL Optronics pour remorques larges,Barre d'identification à DEL Optronics pour remorques larges,16.93,"16,93 $",34.99,"Était±  34,99 $prix était 34,99 $",16.93,"16,93 $",16.93,"16,93 $",true,https://www.canadiantire.ca/fr/pdp/barre-d-identification-a-del-optronics-pour-remorques-larges-0203426p.html,https://www.canadiantire.ca/fr/pdp/barre-d-identification-a-del-optronics-pour-remorques-larges-0203426p.html,https://media-www.canadiantire.ca/product/automotive/automotive-outdoor-adventure/auto-travel-storage/0203426/led-id-bar-over-under-80-red-79947496-af18-4ecc-9282-f2c394271a26-jpgrendition.jpg?im=whresize&wid=200&hei=200,https://media-www.canadiantire.ca/product/automotive/automotive-outdoor-adventure/auto-travel-storage/0203426/led-id-bar-over-under-80-red-79947496-af18-4ecc-9282-f2c394271a26-jpgrendition.jpg?im=whresize&wid=200&hei=200,,0203426,020-3426-2,Il n’en reste que 5 #020-3426-2,Liquidation◊Mieux notés,51.61,"16,93","34,99"
77,"Owen Sound, ON",Fumoir en acier inoxydable MASTER Chef avec couvercle amovible pour copeaux de bois,Fumoir en acier inoxydable MASTER Chef avec couvercle amovible pour copeaux de bois,4.93,"4,93 $",11.99,"Était±  11,99 $prix était 11,99 $",4.93,"4,93 $",4.93,"4,93 $",true,https://www.canadiantire.ca/fr/pdp/fumoir-en-acier-inoxydable-master-chef-avec-couvercle-amovible-pour-copeaux-de-bois-0852363p.html,https://www.canadiantire.ca/fr/pdp/fumoir-en-acier-inoxydable-master-chef-avec-couvercle-amovible-pour-copeaux-de-bois-0852363p.html,https://media-www.canadiantire.ca/product/seasonal-gardening/backyard-living/outdoor-cooking-accessories/0852363/masterchef-rectangular-smoker-box-62767bee-333c-4e24-ac63-60971e7ff937-jpgrendition.jpg?im=whresize&wid=200&hei=200,https://media-www.canadiantire.ca/product/seasonal-gardening/backyard-living/outdoor-cooking-accessories/0852363/masterchef-rectangular-smoker-box-62767bee-333c-4e24-ac63-60971e7ff937-jpgrendition.jpg?im=whresize&wid=200&hei=200,,0852363,085-2363-2,,Liquidation◊Mieux notés,58.88,"4,93","11,99"
77,"Owen Sound, ON","Épices à frotter classiques Vermont Castings, 190 g","Épices à frotter classiques Vermont Castings, 190 g",3.93,"3,93 $",14.99,"Était±  14,99 $prix était 14,99 $",3.93,"3,93 $",3.93,"3,93 $",true,https://www.canadiantire.ca/fr/pdp/epices-a-frotter-classiques-vermont-castings-190-g-0850082p.html,https://www.canadiantire.ca/fr/pdp/epices-a-frotter-classiques-vermont-castings-190-g-0850082p.html,https://media-www.canadiantire.ca/product/seasonal-gardening/backyard-living/outdoor-cooking-fuels-flavours/0850082/vermont-castings-classic-rub-900e0165-6a16-4f93-a182-dc406109ded5-jpgrendition.jpg?im=whresize&wid=200&hei=200,https://media-www.canadiantire.ca/product/seasonal-gardening/backyard-living/outdoor-cooking-fuels-flavours/0850082/vermont-castings-classic-rub-900e0165-6a16-4f93-a182-dc406109ded5-jpgrendition.jpg?im=whresize&wid=200&hei=200,,0850082,085-0082-2,Il n’en reste que 2 #085-0082-2,Liquidation◊Exclusivité,73.78,"3,93","14,99"
77,"Owen Sound, ON",Station de recharge sans fil bluehive,Station de recharge sans fil bluehive,14.93,"14,93 $",49.99,"Était±  49,99 $prix était 49,99 $",14.93,"14,93 $",14.93,"14,93 $",true,https://www.canadiantire.ca/fr/pdp/station-de-recharge-sans-fil-bluehive-0351596p.html,https://www.canadiantire.ca/fr/pdp/station-de-recharge-sans-fil-bluehive-0351596p.html,https://media-www.canadiantire.ca/product/automotive/car-care-accessories/auto-electronics/0351596/bluehive-wireless-charging-dock-2ce0fb18-8296-4597-b9e3-2bd6b9d59968-jpgrendition.jpg?im=whresize&wid=200&hei=200,https://media-www.canadiantire.ca/product/automotive/car-care-accessories/auto-electronics/0351596/bluehive-wireless-charging-dock-2ce0fb18-8296-4597-b9e3-2bd6b9d59968-jpgrendition.jpg?im=whresize&wid=200&hei=200,,0351596,035-1596-4,Il n’en reste que 6 #035-1596-4,Liquidation◊Exclusivité,70.13,"14,93","49,99"
77,"Owen Sound, ON",Serre-joint réglable de coin/pour cadre Mastercraft avec sangle à 4 mâchoires,Serre-joint réglable de coin/pour cadre Mastercraft avec sangle à 4 mâchoires,9.93,"9,93 $",19.99,"Était±  19,99 $prix était 19,99 $",9.93,"9,93 $",9.93,"9,93 $",true,https://www.canadiantire.ca/fr/pdp/serre-joint-reglable-de-coin-pour-cadre-mastercraft-avec-sangle-a-4-machoires-0572601p.html,https://www.canadiantire.ca/fr/pdp/serre-joint-reglable-de-coin-pour-cadre-mastercraft-avec-sangle-a-4-machoires-0572601p.html,https://media-www.canadiantire.ca/product/fixing/tools/manual-fastening/0572601/mastercraft-frame-clamp-9788e5b1-f2bd-4445-a3ec-91d6b70c0bc1-jpgrendition.jpg?im=whresize&wid=200&hei=200,https://media-www.canadiantire.ca/product/fixing/tools/manual-fastening/0572601/mastercraft-frame-clamp-9788e5b1-f2bd-4445-a3ec-91d6b70c0bc1-jpgrendition.jpg?im=whresize&wid=200&hei=200,,0572601,057-2601-4,12 En Stock#057-2601-4,Liquidation◊Exclusivité,50.33,"9,93","19,99"
77,"Owen Sound, ON",Support d'entraînement intelligent Saris Fluid 2,Support d'entraînement intelligent Saris Fluid 2,178.93,"178,93 $",539.99,"Était±  539,99 $prix était 539,99 $",178.93,"178,93 $",178.93,"178,93 $",true,https://www.canadiantire.ca/fr/pdp/support-d-entrainement-intelligent-saris-fluid-2-0730526p.html,https://www.canadiantire.ca/fr/pdp/support-d-entrainement-intelligent-saris-fluid-2-0730526p.html,https://media-www.canadiantire.ca/product/seasonal-gardening/cycling/bicycle-accessories/0730526/saris-fluid-2-smart-equipped-bike-trainer-f5c5bf8b-a0ed-4b32-8aa6-3fe1f870041b-jpgrendition.jpg?im=whresize&wid=200&hei=200,https://media-www.canadiantire.ca/product/seasonal-gardening/cycling/bicycle-accessories/0730526/saris-fluid-2-smart-equipped-bike-trainer-f5c5bf8b-a0ed-4b32-8aa6-3fe1f870041b-jpgrendition.jpg?im=whresize&wid=200&hei=200,,0730526,073-0526-6,Il n’en reste que 1 #073-0526-6,Liquidation◊Mieux notés,66.86,"178,93","539,99"
77,"Owen Sound, ON","Pieds de rechange Drive Medical pour les cannes HurryCane Freedom, Go & HurryBright, noir, paq. 3","Pieds de rechange Drive Medical pour les cannes HurryCane Freedom, Go & HurryBright, noir, paq. 3",2.93,"2,93 $",16.99,"Était±  16,99 $prix était 16,99 $",2.93,"2,93 $",2.93,"2,93 $",true,https://www.canadiantire.ca/fr/pdp/pieds-de-rechange-drive-medical-pour-les-cannes-hurrycane-freedom-go-hurrybright-noir-paq-3-0439190p.html,https://www.canadiantire.ca/fr/pdp/pieds-de-rechange-drive-medical-pour-les-cannes-hurrycane-freedom-go-hurrybright-noir-paq-3-0439190p.html,https://media-www.canadiantire.ca/product/living/personal-garment-care/personal-care/0439190/hurrycane-replacement-foot-18fc9837-43be-402b-ad91-fc18c771fabd-jpgrendition.jpg?im=whresize&wid=200&hei=200,https://media-www.canadiantire.ca/product/living/personal-garment-care/personal-care/0439190/hurrycane-replacement-foot-18fc9837-43be-402b-ad91-fc18c771fabd-jpgrendition.jpg?im=whresize&wid=200&hei=200,,0439190,043-9190-0,Il n’en reste que 1 #043-9190-0,Liquidation◊Mieux notés,82.75,"2,93","16,99"
77,"Owen Sound, ON","Boule de lave requin Goofy Foot, pour l'intérieur et l'extérieur, 3 ans et plus","Boule de lave requin Goofy Foot, pour l'intérieur et l'extérieur, 3 ans et plus",3.93,"3,93 $",9.99,"Était±  9,99 $prix était 9,99 $",3.93,"3,93 $",3.93,"3,93 $",true,https://www.canadiantire.ca/fr/pdp/boule-de-lave-requin-goofy-foot-pour-l-interieur-et-l-exterieur-3-ans-et-plus-0509737p.html,https://www.canadiantire.ca/fr/pdp/boule-de-lave-requin-goofy-foot-pour-l-interieur-et-l-exterieur-3-ans-et-plus-0509737p.html,https://media-www.canadiantire.ca/product/seasonal-gardening/toys/seasonal-toys/0509737/shark-lava-ball-b417b47f-a51b-4d1a-b8b6-4bd4e60eeef9-jpgrendition.jpg?im=whresize&wid=200&hei=200,https://media-www.canadiantire.ca/product/seasonal-gardening/toys/seasonal-toys/0509737/shark-lava-ball-b417b47f-a51b-4d1a-b8b6-4bd4e60eeef9-jpgrendition.jpg?im=whresize&wid=200&hei=200,,0509737,050-9737-4,Il n’en reste que 1 #050-9737-4,Liquidation◊Mieux notés,60.66,"3,93","9,99"
77,"Owen Sound, ON",Leurre méné Berkley Gulp! Alive!,Leurre méné Berkley Gulp! Alive!,14.93,"14,93 $",29.99,"29,99 $Était   et+ prix était à partir de 29,99 $",14.93,"14,93 $",14.93,"14,93 $",true,https://www.canadiantire.ca/fr/pdp/leurre-mene-berkley-gulp-alive-0785119p.html,https://www.canadiantire.ca/fr/pdp/leurre-mene-berkley-gulp-alive-0785119p.html,https://media-www.canadiantire.ca/product/playing/fishing/fishing-lures/0785119/berkley-gulp-alive-minnow-black-shad-3--c8133d75-fe02-4ab2-ae90-04a83aebd557-jpgrendition.jpg?im=whresize&wid=200&hei=200,https://media-www.canadiantire.ca/product/playing/fishing/fishing-lures/0785119/berkley-gulp-alive-minnow-black-shad-3--c8133d75-fe02-4ab2-ae90-04a83aebd557-jpgrendition.jpg?im=whresize&wid=200&hei=200,,0785119,077-0939,Vérifiez la disponibilité#077-0939X,Liquidation◊Mieux notés,50.22,"14,93","29,99"
77,"Owen Sound, ON","Feux de gabarit à DEL à carte Hopkins Towing Solution, paq. 6, rouge","Feux de gabarit à DEL à carte Hopkins Towing Solution, paq. 6, rouge",17.93,"17,93 $",36.99,"Était±  36,99 $prix était 36,99 $",17.93,"17,93 $",17.93,"17,93 $",true,https://www.canadiantire.ca/fr/pdp/feux-de-gabarit-a-del-a-carte-hopkins-towing-solution-paq-6-rouge-0203849p.html,https://www.canadiantire.ca/fr/pdp/feux-de-gabarit-a-del-a-carte-hopkins-towing-solution-paq-6-rouge-0203849p.html,https://media-www.canadiantire.ca/product/automotive/automotive-outdoor-adventure/auto-travel-storage/0203849/6-pc-carded-led-clearance-light-red-fbc45337-d60f-4485-9f50-9d86ae2eb0a3-jpgrendition.jpg?im=whresize&wid=200&hei=200,https://media-www.canadiantire.ca/product/automotive/automotive-outdoor-adventure/auto-travel-storage/0203849/6-pc-carded-led-clearance-light-red-fbc45337-d60f-4485-9f50-9d86ae2eb0a3-jpgrendition.jpg?im=whresize&wid=200&hei=200,,0203849,020-3849-6,Il n’en reste que 2 #020-3849-6,Liquidation◊,51.53,"17,93","36,99"
77,"Owen Sound, ON",Assortiment de fil enduit de nylon,Assortiment de fil enduit de nylon,2.93,"2,93 $",6.99,"Était±  6,99 $prix était 6,99 $",2.93,"2,93 $",2.93,"2,93 $",true,https://www.canadiantire.ca/fr/pdp/assortiment-de-fil-enduit-de-nylon-0783400p.html,https://www.canadiantire.ca/fr/pdp/assortiment-de-fil-enduit-de-nylon-0783400p.html,https://media-www.canadiantire.ca/product/playing/fishing/fishing-lures/0783400/danielson-leader-wire-assortment-10-pack-57572a0f-1459-4f13-878e-5bb55080a9d4-jpgrendition.jpg?im=whresize&wid=200&hei=200,https://media-www.canadiantire.ca/product/playing/fishing/fishing-lures/0783400/danielson-leader-wire-assortment-10-pack-57572a0f-1459-4f13-878e-5bb55080a9d4-jpgrendition.jpg?im=whresize&wid=200&hei=200,,0783400,078-3400-6,Il n’en reste que 6 #078-3400-6,Liquidation◊Exclusivité,58.08,"2,93","6,99"
77,"Owen Sound, ON","Collier pour chien en chaîne confortable Petco, nylon, tailles variées, noir","Collier pour chien en chaîne confortable Petco, nylon, tailles variées, noir",9.92,"9,92 $",19.99,"19,99 $Était   et+ prix était à partir de 19,99 $",9.92,"9,92 $",9.92,"9,92 $",true,https://www.canadiantire.ca/fr/pdp/collier-pour-chien-en-chaine-confortable-petco-nylon-tailles-variees-noir-1426164p.html,https://www.canadiantire.ca/fr/pdp/collier-pour-chien-en-chaine-confortable-petco-nylon-tailles-variees-noir-1426164p.html,https://media-www.canadiantire.ca/product/living/pet-care/pet-accessories/1426164/petco-black-comfort-chain-20-x3mm-307ae738-f6dd-4d5a-82bd-34bd1f0bb539-jpgrendition.jpg?im=whresize&wid=200&hei=200,https://media-www.canadiantire.ca/product/living/pet-care/pet-accessories/1426164/petco-black-comfort-chain-20-x3mm-307ae738-f6dd-4d5a-82bd-34bd1f0bb539-jpgrendition.jpg?im=whresize&wid=200&hei=200,,1426164,142-6164,Vérifiez la disponibilité#142-6164X,Liquidation◊Exclusivité,50.38,"9,92","19,99"
77,"Owen Sound, ON","Tampons de rechange pour vadrouille à vapeur Hoover TwinTank, paq. 2","Tampons de rechange pour vadrouille à vapeur Hoover TwinTank, paq. 2",17.93,"17,93 $",36.99,"Était±  36,99 $prix était 36,99 $",17.93,"17,93 $",17.93,"17,93 $",true,https://www.canadiantire.ca/fr/pdp/tampons-de-rechange-pour-vadrouille-a-vapeur-hoover-twintank-paq-2-0437804p.html,https://www.canadiantire.ca/fr/pdp/tampons-de-rechange-pour-vadrouille-a-vapeur-hoover-twintank-paq-2-0437804p.html,https://media-www.canadiantire.ca/product/living/cleaning/vacuums-and-floorcare/0437804/hoover-twin-tank-steam-mop-pads-14469a65-baaa-4983-bcdc-a306bfde2dbb-jpgrendition.jpg?im=whresize&wid=200&hei=200,https://media-www.canadiantire.ca/product/living/cleaning/vacuums-and-floorcare/0437804/hoover-twin-tank-steam-mop-pads-14469a65-baaa-4983-bcdc-a306bfde2dbb-jpgrendition.jpg?im=whresize&wid=200&hei=200,,0437804,043-7804-4,Il n’en reste que 2 #043-7804-4,Liquidation◊Mieux notés,51.53,"17,93","36,99"
77,"Owen Sound, ON","Collier pour chien réfléchissant Petco, noir et orange, tailles variées","Collier pour chien réfléchissant Petco, noir et orange, tailles variées",11.93,"11,93 $",24.99,"24,99 $Était   et+ prix était à partir de 24,99 $",11.93,"11,93 $",11.93,"11,93 $",true,https://www.canadiantire.ca/fr/pdp/collier-pour-chien-reflechissant-petco-noir-et-orange-tailles-variees-1427513p.html,https://www.canadiantire.ca/fr/pdp/collier-pour-chien-reflechissant-petco-noir-et-orange-tailles-variees-1427513p.html,https://media-www.canadiantire.ca/product/living/pet-care/pet-accessories/1427515/petco-black-orange-reflective-dog-collar-small-9703f2e8-43f7-4a7e-9975-188ac426f762-jpgrendition.jpg?im=whresize&wid=200&hei=200,https://media-www.canadiantire.ca/product/living/pet-care/pet-accessories/1427515/petco-black-orange-reflective-dog-collar-small-9703f2e8-43f7-4a7e-9975-188ac426f762-jpgrendition.jpg?im=whresize&wid=200&hei=200,,1427513,142-7513,Vérifiez la disponibilité#142-7513X,Liquidation◊Mieux notés,52.26,"11,93","24,99"
77,"Owen Sound, ON","Plaque murale sans vis Legrand RWP26NICC6 Radiant, 1 dispositif, nickel","Plaque murale sans vis Legrand RWP26NICC6 Radiant, 1 dispositif, nickel",3.93,"3,93 $",8.79,"Était±  8,79 $prix était 8,79 $",3.93,"3,93 $",3.93,"3,93 $",true,https://www.canadiantire.ca/fr/pdp/plaque-murale-sans-vis-legrand-rwp26nicc6-radiant-1-dispositif-nickel-0529162p.html,https://www.canadiantire.ca/fr/pdp/plaque-murale-sans-vis-legrand-rwp26nicc6-radiant-1-dispositif-nickel-0529162p.html,https://media-www.canadiantire.ca/product/fixing/electrical/rough-electrical/0529162/1-gang-screwless-plate-nickel-b1159c4a-e3c5-44eb-a9dc-28ec7abcc7c7-jpgrendition.jpg?im=whresize&wid=200&hei=200,https://media-www.canadiantire.ca/product/fixing/electrical/rough-electrical/0529162/1-gang-screwless-plate-nickel-b1159c4a-e3c5-44eb-a9dc-28ec7abcc7c7-jpgrendition.jpg?im=whresize&wid=200&hei=200,,0529162,052-9162-6,,Liquidation◊Mieux notés,55.29,"3,93","8,79"
77,"Owen Sound, ON","Tiges de siège pour bateau en aluminium brossé Lock ’N-Pin, avec poteau de siège, 11 po","Tiges de siège pour bateau en aluminium brossé Lock ’N-Pin, avec poteau de siège, 11 po",10.43,"10,43 $",29.99,"Était±  29,99 $prix était 29,99 $",10.43,"10,43 $",10.43,"10,43 $",true,https://www.canadiantire.ca/fr/pdp/tiges-de-siege-pour-bateau-en-aluminium-brosse-lock-n-pin-avec-poteau-de-siege-11-po-0794406p.html,https://www.canadiantire.ca/fr/pdp/tiges-de-siege-pour-bateau-en-aluminium-brosse-lock-n-pin-avec-poteau-de-siege-11-po-0794406p.html,https://media-www.canadiantire.ca/product/playing/seasonal-recreation/marine-power-boating/0794406/seat-post-889a9bb6-1fba-49b5-ad32-53f39a3d3565-jpgrendition.jpg?im=whresize&wid=200&hei=200,https://media-www.canadiantire.ca/product/playing/seasonal-recreation/marine-power-boating/0794406/seat-post-889a9bb6-1fba-49b5-ad32-53f39a3d3565-jpgrendition.jpg?im=whresize&wid=200&hei=200,,0794406,079-4406-6,21 En Stock#079-4406-6,Liquidation◊Exclusivité,65.22,"10,43","29,99"
77,"Owen Sound, ON",Fouet en nylon Heritage,Fouet en nylon Heritage,4.93,"4,93 $",9.99,"Était±  9,99 $prix était 9,99 $",4.93,"4,93 $",4.93,"4,93 $",true,https://www.canadiantire.ca/fr/pdp/fouet-en-nylon-heritage-1423745p.html,https://www.canadiantire.ca/fr/pdp/fouet-en-nylon-heritage-1423745p.html,https://media-www.canadiantire.ca/product/living/kitchen/kitchen-tools-thermometers/1423745/heritage-whisk-a3332a50-782b-4634-9f63-29910961cc32-jpgrendition.jpg?im=whresize&wid=200&hei=200,https://media-www.canadiantire.ca/product/living/kitchen/kitchen-tools-thermometers/1423745/heritage-whisk-a3332a50-782b-4634-9f63-29910961cc32-jpgrendition.jpg?im=whresize&wid=200&hei=200,,1423745,142-3745-2,Il n’en reste que 1 #142-3745-2,Liquidation◊Exclusivité,50.65,"4,93","9,99"
77,"Owen Sound, ON","Bac de vidange d'huile ultra-robuste Flo Tool avec poignée intégrée, 15 L (42003MI)","Bac de vidange d'huile ultra-robuste Flo Tool avec poignée intégrée, 15 L (42003MI)",19.93,"19,93 $",39.99,"Était±  39,99 $prix était 39,99 $",19.93,"19,93 $",19.93,"19,93 $",true,https://www.canadiantire.ca/fr/pdp/bac-de-vidange-d-huile-ultra-robuste-flo-tool-avec-poignee-integree-15-l-42003mi-0283104p.html,https://www.canadiantire.ca/fr/pdp/bac-de-vidange-d-huile-ultra-robuste-flo-tool-avec-poignee-integree-15-l-42003mi-0283104p.html,https://media-www.canadiantire.ca/product/automotive/auto-maintenance/oil-change-and-fuel-accessories/0283104/15-litre-oil-drain-container-83e03f56-c57d-4990-90fa-c448318349c0-jpgrendition.jpg?im=whresize&wid=200&hei=200,https://media-www.canadiantire.ca/product/automotive/auto-maintenance/oil-change-and-fuel-accessories/0283104/15-litre-oil-drain-container-83e03f56-c57d-4990-90fa-c448318349c0-jpgrendition.jpg?im=whresize&wid=200&hei=200,,0283104,028-3104-2,Il n’en reste que 1 #028-3104-2,Liquidation◊,50.16,"19,93","39,99"
77,"Owen Sound, ON","Allume-barbecue sans flamme Vermont Castings USB, résistant au vent, pour le barbecue, la maison et le camping","Allume-barbecue sans flamme Vermont Castings USB, résistant au vent, pour le barbecue, la maison et le camping",9.93,"9,93 $",19.99,"Était±  19,99 $prix était 19,99 $",9.93,"9,93 $",9.93,"9,93 $",true,https://www.canadiantire.ca/fr/pdp/allume-barbecue-sans-flamme-vermont-castings-usb-resistant-au-vent-pour-le-barbecue-la-maison-et-le-camping-0766289p.html,https://www.canadiantire.ca/fr/pdp/allume-barbecue-sans-flamme-vermont-castings-usb-resistant-au-vent-pour-le-barbecue-la-maison-et-le-camping-0766289p.html,https://media-www.canadiantire.ca/product/playing/camping/camping-accessories/0766289/vermont-casting-usb-lighter-cb4267f5-6852-4b53-806c-79fff4d4b565-jpgrendition.jpg?im=whresize&wid=200&hei=200,https://media-www.canadiantire.ca/product/playing/camping/camping-accessories/0766289/vermont-casting-usb-lighter-cb4267f5-6852-4b53-806c-79fff4d4b565-jpgrendition.jpg?im=whresize&wid=200&hei=200,,0766289,076-6289-8,11 En Stock#076-6289-8,Liquidation◊Mieux notés,50.33,"9,93","19,99"
77,"Owen Sound, ON","Bol repliable pour chiens Petco, confetti, 3 tasses","Bol repliable pour chiens Petco, confetti, 3 tasses",8.92,"8,92 $",17.99,"Était±  17,99 $prix était 17,99 $",8.92,"8,92 $",8.92,"8,92 $",true,https://www.canadiantire.ca/fr/pdp/bol-repliable-pour-chiens-petco-confetti-3-tasses-1427483p.html,https://www.canadiantire.ca/fr/pdp/bol-repliable-pour-chiens-petco-confetti-3-tasses-1427483p.html,https://media-www.canadiantire.ca/product/living/pet-care/pet-accessories/1427483/petco-confetti-collapsible-dog-bowl-3-cups-3fe1bd2a-ee4b-44c9-818e-84f7f810cf50-jpgrendition.jpg?im=whresize&wid=200&hei=200,https://media-www.canadiantire.ca/product/living/pet-care/pet-accessories/1427483/petco-confetti-collapsible-dog-bowl-3-cups-3fe1bd2a-ee4b-44c9-818e-84f7f810cf50-jpgrendition.jpg?im=whresize&wid=200&hei=200,,1427483,142-7483-0,Il n’en reste que 1 #142-7483-0,Liquidation◊Exclusivité,50.42,"8,92","17,99"
77,"Owen Sound, ON","Plombs fendus amovibles Danielson, taille 5, paq. 20","Plombs fendus amovibles Danielson, taille 5, paq. 20",0.73,"0,73 $",2.49,"Était±  2,49 $prix était 2,49 $",0.73,"0,73 $",0.73,"0,73 $",true,https://www.canadiantire.ca/fr/pdp/plombs-fendus-amovibles-danielson-taille-5-paq-20-0784976p.html,https://www.canadiantire.ca/fr/pdp/plombs-fendus-amovibles-danielson-taille-5-paq-20-0784976p.html,https://media-www.canadiantire.ca/product/playing/fishing/fishing-lures/0784976/danielson-removable-split-shot-sinkers-size-5-670ed3e0-e413-4654-9786-3026dbb3d035-jpgrendition.jpg?im=whresize&wid=200&hei=200,https://media-www.canadiantire.ca/product/playing/fishing/fishing-lures/0784976/danielson-removable-split-shot-sinkers-size-5-670ed3e0-e413-4654-9786-3026dbb3d035-jpgrendition.jpg?im=whresize&wid=200&hei=200,,0784976,078-4976-0,,Liquidation◊Mieux notés,70.68,"0,73","2,49"
77,"Owen Sound, ON",Planche à neige en plastique pour enfants H2O,Planche à neige en plastique pour enfants H2O,29.93,"29,93 $",64.99,"Était±  64,99 $prix était 64,99 $",29.93,"29,93 $",29.93,"29,93 $",true,https://www.canadiantire.ca/fr/pdp/planche-a-neige-en-plastique-pour-enfants-h2o-0821116p.html,https://www.canadiantire.ca/fr/pdp/planche-a-neige-en-plastique-pour-enfants-h2o-0821116p.html,https://media-www.canadiantire.ca/product/playing/seasonal-recreation/winter-recreation/0821116/kids-plastic-snowboard-5f1fadd5-70bc-499f-8cbb-b2f2d7c5b808-jpgrendition.jpg?im=whresize&wid=200&hei=200,https://media-www.canadiantire.ca/product/playing/seasonal-recreation/winter-recreation/0821116/kids-plastic-snowboard-5f1fadd5-70bc-499f-8cbb-b2f2d7c5b808-jpgrendition.jpg?im=whresize&wid=200&hei=200,,0821116,082-1116-4,,Liquidation◊Exclusivité,53.95,"29,93","64,99"
77,"Owen Sound, ON","Tampons de rechange pour vadrouille Bissell 31171 SpinWave série 2859, paq. 8","Tampons de rechange pour vadrouille Bissell 31171 SpinWave série 2859, paq. 8",17.93,"17,93 $",36.99,"Était±  36,99 $prix était 36,99 $",17.93,"17,93 $",17.93,"17,93 $",true,https://www.canadiantire.ca/fr/pdp/tampons-de-rechange-pour-vadrouille-bissell-31171-spinwave-serie-2859-paq-8-0439423p.html,https://www.canadiantire.ca/fr/pdp/tampons-de-rechange-pour-vadrouille-bissell-31171-spinwave-serie-2859-paq-8-0439423p.html,https://media-www.canadiantire.ca/product/living/cleaning/vacuums-and-floorcare/0439423/bissell-spinwave-robot-replacement-pads-07693c77-2b76-45fc-8730-2e48ac1485d5-jpgrendition.jpg?im=whresize&wid=200&hei=200,https://media-www.canadiantire.ca/product/living/cleaning/vacuums-and-floorcare/0439423/bissell-spinwave-robot-replacement-pads-07693c77-2b76-45fc-8730-2e48ac1485d5-jpgrendition.jpg?im=whresize&wid=200&hei=200,,0439423,043-9423-8,Il n’en reste que 1 #043-9423-8,Liquidation◊Mieux notés,51.53,"17,93","36,99"
77,"Owen Sound, ON","Pointeur compact et léger Bounty Hunter, 11,5 x 3,4 x 1,5 po","Pointeur compact et léger Bounty Hunter, 11,5 x 3,4 x 1,5 po",26.93,"26,93 $",57.99,"Était±  57,99 $prix était 57,99 $",26.93,"26,93 $",26.93,"26,93 $",true,https://www.canadiantire.ca/fr/pdp/pointeur-compact-et-leger-bounty-hunter-11-5-x-3-4-x-1-5-po-0793998p.html,https://www.canadiantire.ca/fr/pdp/pointeur-compact-et-leger-bounty-hunter-11-5-x-3-4-x-1-5-po-0793998p.html,https://media-www.canadiantire.ca/product/playing/camping/camping-living/0793998/bounty-hunter-pinpointer-fc2a1ae7-e648-4555-9b1f-78f2a9d13a32-jpgrendition.jpg?im=whresize&wid=200&hei=200,https://media-www.canadiantire.ca/product/playing/camping/camping-living/0793998/bounty-hunter-pinpointer-fc2a1ae7-e648-4555-9b1f-78f2a9d13a32-jpgrendition.jpg?im=whresize&wid=200&hei=200,,0793998,079-3998-2,11 En Stock#079-3998-2,Liquidation◊Articles à succès,53.56,"26,93","57,99"
77,"Owen Sound, ON","Ballon en aluminium satiné lettres Party, choix de couleurs, 33 x 9 po, gonflé d'air, pour remise de diplôme/fiançailles/anniversaire/retraite","Ballon en aluminium satiné lettres Party, choix de couleurs, 33 x 9 po, gonflé d'air, pour remise de diplôme/fiançailles/anniversaire/retraite",1.93,"1,93 $",8.99,"8,99 $Était   et+ prix était à partir de 8,99 $",1.93,"1,93 $",1.93,"1,93 $",true,https://www.canadiantire.ca/fr/pdp/ballon-en-aluminium-satine-lettres-party-choix-de-couleurs-33-x-9-po-gonfle-d-air-pour-remise-de-diplome-fiancailles-anniversaire-retraite-8420825p.html,https://www.canadiantire.ca/fr/pdp/ballon-en-aluminium-satine-lettres-party-choix-de-couleurs-33-x-9-po-gonfle-d-air-pour-remise-de-diplome-fiancailles-anniversaire-retraite-8420825p.html,https://media-www.partycity.ca/product/seasonal-gardening/party-city-everyday/party-city-party-supplies-decor/8423772/mini-gld-af-bn-p-a1859d84-05a9-4025-a1c4-cd1cd8b30680-jpgrendition.jpg?im=whresize&wid=200&hei=200,https://media-www.partycity.ca/product/seasonal-gardening/party-city-everyday/party-city-party-supplies-decor/8423772/mini-gld-af-bn-p-a1859d84-05a9-4025-a1c4-cd1cd8b30680-jpgrendition.jpg?im=whresize&wid=200&hei=200,,8420825,842-0825,Vérifiez la disponibilité#842-0825X,Liquidation◊,78.53,"1,93","8,99"
77,"Owen Sound, ON","Carreaux de dosseret pierre à peler et coller UltraStone, Quartzite Cuivre antique, 3,9 pi2","Carreaux de dosseret pierre à peler et coller UltraStone, Quartzite Cuivre antique, 3,9 pi2",22.93,"22,93 $",62.99,"Était±  62,99 $prix était 62,99 $",22.93,"22,93 $",22.93,"22,93 $",true,https://www.canadiantire.ca/fr/pdp/carreaux-de-dosseret-pierre-a-peler-et-coller-ultrastone-quartzite-cuivre-antique-3-9-pi2-0700302p.html,https://www.canadiantire.ca/fr/pdp/carreaux-de-dosseret-pierre-a-peler-et-coller-ultrastone-quartzite-cuivre-antique-3-9-pi2-0700302p.html,https://media-www.canadiantire.ca/product/fixing/paint/paints/0700302/ultrastone-antique-copper-quartzite-5c48f50f-88d9-4c4a-95a6-3feb51c964a1-jpgrendition.jpg?im=whresize&wid=200&hei=200,https://media-www.canadiantire.ca/product/fixing/paint/paints/0700302/ultrastone-antique-copper-quartzite-5c48f50f-88d9-4c4a-95a6-3feb51c964a1-jpgrendition.jpg?im=whresize&wid=200&hei=200,,0700302,070-0302-4,Il n’en reste que 2 #070-0302-4,Liquidation◊Mieux notés,63.6,"22,93","62,99"
77,"Owen Sound, ON","Pinces coupe-carreaux professionnelle Richard avec pointe au carbure de tungstène pour carreaux de céramique, 8 1/4 po","Pinces coupe-carreaux professionnelle Richard avec pointe au carbure de tungstène pour carreaux de céramique, 8 1/4 po",3.93,"3,93 $",20.99,"Était±  20,99 $prix était 20,99 $",3.93,"3,93 $",3.93,"3,93 $",true,https://www.canadiantire.ca/fr/pdp/pinces-coupe-carreaux-professionnelle-richard-avec-pointe-au-carbure-de-tungstene-pour-carreaux-de-ceramique-8-1-4-po-0490697p.html,https://www.canadiantire.ca/fr/pdp/pinces-coupe-carreaux-professionnelle-richard-avec-pointe-au-carbure-de-tungstene-pour-carreaux-de-ceramique-8-1-4-po-0490697p.html,https://media-www.canadiantire.ca/product/fixing/paint/surface-prep-maintenance/0490697/professional-tile-nipping-pliers-tungsten-carbide-tipped-f4f2c81f-fc96-4c73-8224-76928ce428a9-jpgrendition.jpg?im=whresize&wid=200&hei=200,https://media-www.canadiantire.ca/product/fixing/paint/surface-prep-maintenance/0490697/professional-tile-nipping-pliers-tungsten-carbide-tipped-f4f2c81f-fc96-4c73-8224-76928ce428a9-jpgrendition.jpg?im=whresize&wid=200&hei=200,,0490697,049-0697-8,Il n’en reste que 1 #049-0697-8,Liquidation◊,81.28,"3,93","20,99"
77,"Owen Sound, ON","Robot culinaire, hachoir et mélangeur tout-en-un WizNMix de Salton","Robot culinaire, hachoir et mélangeur tout-en-un WizNMix de Salton",69.93,"69,93 $",199.99,"Était±  199,99 $prix était 199,99 $",69.93,"69,93 $",69.93,"69,93 $",true,https://www.canadiantire.ca/fr/pdp/robot-culinaire-hachoir-et-melangeur-tout-en-un-wiznmix-de-salton-0439025p.html,https://www.canadiantire.ca/fr/pdp/robot-culinaire-hachoir-et-melangeur-tout-en-un-wiznmix-de-salton-0439025p.html,https://media-www.canadiantire.ca/product/living/kitchen/kitchen-appliances/0439025/salton-wiznmix-all-in-one-food-processor-f9063688-840f-4650-ab5f-c8254407d308-jpgrendition.jpg?im=whresize&wid=200&hei=200,https://media-www.canadiantire.ca/product/living/kitchen/kitchen-appliances/0439025/salton-wiznmix-all-in-one-food-processor-f9063688-840f-4650-ab5f-c8254407d308-jpgrendition.jpg?im=whresize&wid=200&hei=200,,0439025,043-9025-6,16 En Stock#043-9025-6,Liquidation◊Mieux notés,65.03,"69,93","199,99"
77,"Owen Sound, ON","Ballon en aluminium satiné, perluète, choix de couleurs, 11 x 14 po, gonflé d'air, pour anniversaire/remise de diplômes/fête prénatale/mariage de finissants","Ballon en aluminium satiné, perluète, choix de couleurs, 11 x 14 po, gonflé d'air, pour anniversaire/remise de diplômes/fête prénatale/mariage de finissants",0.43,"0,43 $",2.99,"2,99 $Était   et+ prix était à partir de 2,99 $",0.43,"0,43 $",0.43,"0,43 $",true,https://www.canadiantire.ca/fr/pdp/ballon-en-aluminium-satine-perluete-choix-de-couleurs-11-x-14-po-gonfle-d-air-pour-anniversaire-remise-de-diplomes-fete-prenatale-mariage-de-finissants-8423770p.html,https://www.canadiantire.ca/fr/pdp/ballon-en-aluminium-satine-perluete-choix-de-couleurs-11-x-14-po-gonfle-d-air-pour-anniversaire-remise-de-diplomes-fete-prenatale-mariage-de-finissants-8423770p.html,https://media-www.partycity.ca/product/seasonal-gardening/party-city-everyday/party-city-party-supplies-decor/8423771/gld-blln-a-f-a-92be138f-0e28-4a35-bed3-8cd983ad4759-jpgrendition.jpg?im=whresize&wid=200&hei=200,https://media-www.partycity.ca/product/seasonal-gardening/party-city-everyday/party-city-party-supplies-decor/8423771/gld-blln-a-f-a-92be138f-0e28-4a35-bed3-8cd983ad4759-jpgrendition.jpg?im=whresize&wid=200&hei=200,,8423770,842-3770,Vérifiez la disponibilité#842-3770X,Liquidation◊Mieux notés,85.62,"0,43","2,99"
77,"Owen Sound, ON","Poissons rigides RedWolf, paq. 8","Poissons rigides RedWolf, paq. 8",11.93,"11,93 $",26.99,"Était±  26,99 $prix était 26,99 $",11.93,"11,93 $",11.93,"11,93 $",true,https://www.canadiantire.ca/fr/pdp/poissons-rigides-redwolf-paq-8-0777752p.html,https://www.canadiantire.ca/fr/pdp/poissons-rigides-redwolf-paq-8-0777752p.html,https://media-www.canadiantire.ca/product/playing/fishing/fishing-lures/0777752/red-wolf-hardbait-kit-8-piece-527369b2-440f-49d4-b888-c921efdee3bb-jpgrendition.jpg?im=whresize&wid=200&hei=200,https://media-www.canadiantire.ca/product/playing/fishing/fishing-lures/0777752/red-wolf-hardbait-kit-8-piece-527369b2-440f-49d4-b888-c921efdee3bb-jpgrendition.jpg?im=whresize&wid=200&hei=200,,0777752,077-7752-6,,Liquidation◊Mieux notés,55.8,"11,93","26,99"
77,"Owen Sound, ON","Leurre à bavette carrée Redwolf, paq. 3","Leurre à bavette carrée Redwolf, paq. 3",8.93,"8,93 $",19.99,"Était±  19,99 $prix était 19,99 $",8.93,"8,93 $",8.93,"8,93 $",true,https://www.canadiantire.ca/fr/pdp/leurre-a-bavette-carree-redwolf-paq-3-0771718p.html,https://www.canadiantire.ca/fr/pdp/leurre-a-bavette-carree-redwolf-paq-3-0771718p.html,https://media-www.canadiantire.ca/product/playing/fishing/fishing-lures/0771718/redwolf-squarebill-crankbait-3-pack-2a4bb0b7-11f4-4057-a316-fccf579d2265-jpgrendition.jpg?im=whresize&wid=200&hei=200,https://media-www.canadiantire.ca/product/playing/fishing/fishing-lures/0771718/redwolf-squarebill-crankbait-3-pack-2a4bb0b7-11f4-4057-a316-fccf579d2265-jpgrendition.jpg?im=whresize&wid=200&hei=200,,0771718,077-1718-6,Il n’en reste que 2 #077-1718-6,Liquidation◊Exclusivité,55.33,"8,93","19,99"
77,"Owen Sound, ON",Adaptateur Android Ottocast sans fil,Adaptateur Android Ottocast sans fil,59.93,"59,93 $",139.99,"Était±  139,99 $prix était 139,99 $",59.93,"59,93 $",59.93,"59,93 $",true,https://www.canadiantire.ca/fr/pdp/adaptateur-android-ottocast-sans-fil-0355599p.html,https://www.canadiantire.ca/fr/pdp/adaptateur-android-ottocast-sans-fil-0355599p.html,https://media-www.canadiantire.ca/product/automotive/electronics/auto-electronics/0355599/ottocast-wireless-android-auto-adapter-5dfaec52-ba94-4890-b1b1-ebb502bc5f08-jpgrendition.jpg?im=whresize&wid=200&hei=200,https://media-www.canadiantire.ca/product/automotive/electronics/auto-electronics/0355599/ottocast-wireless-android-auto-adapter-5dfaec52-ba94-4890-b1b1-ebb502bc5f08-jpgrendition.jpg?im=whresize&wid=200&hei=200,,0355599,035-5599-4,Il n’en reste que 1 #035-5599-4,Liquidation◊,57.19,"59,93","139,99"
77,"Owen Sound, ON",Support de bac de recyclage en métal galvanisé pour utilisation avec les bacs de recyclage de 59 L à 90 L,Support de bac de recyclage en métal galvanisé pour utilisation avec les bacs de recyclage de 59 L à 90 L,7.93,"7,93 $",19.99,"Était±  19,99 $prix était 19,99 $",7.93,"7,93 $",7.93,"7,93 $",true,https://www.canadiantire.ca/fr/pdp/support-de-bac-de-recyclage-en-metal-galvanise-pour-utilisation-avec-les-bacs-de-recyclage-de-59-l-a-90-l-1426700p.html,https://www.canadiantire.ca/fr/pdp/support-de-bac-de-recyclage-en-metal-galvanise-pour-utilisation-avec-les-bacs-de-recyclage-de-59-l-a-90-l-1426700p.html,https://media-www.canadiantire.ca/product/living/cleaning/refuse-containers/1426700/recycling-bin-cradle-9cf84ce3-f2d4-472c-9e0d-e5cf5699e77d-jpgrendition.jpg?im=whresize&wid=200&hei=200,https://media-www.canadiantire.ca/product/living/cleaning/refuse-containers/1426700/recycling-bin-cradle-9cf84ce3-f2d4-472c-9e0d-e5cf5699e77d-jpgrendition.jpg?im=whresize&wid=200&hei=200,,1426700,142-6700-0,Il n’en reste que 6 #142-6700-0,Liquidation◊Mieux notés,60.33,"7,93","19,99"
77,"Owen Sound, ON","Leurres pour doré jaune RedWolf, asticots, paq. 100","Leurres pour doré jaune RedWolf, asticots, paq. 100",13.93,"13,93 $",32.99,"Était±  32,99 $prix était 32,99 $",13.93,"13,93 $",13.93,"13,93 $",true,https://www.canadiantire.ca/fr/pdp/leurres-pour-dore-jaune-redwolf-asticots-paq-100-0777766p.html,https://www.canadiantire.ca/fr/pdp/leurres-pour-dore-jaune-redwolf-asticots-paq-100-0777766p.html,https://media-www.canadiantire.ca/product/playing/fishing/fishing-lures/0777766/red-wolf-walleye-grub-kit-100-piece-758b7780-4501-488e-b105-dd708056a00d-jpgrendition.jpg?im=whresize&wid=200&hei=200,https://media-www.canadiantire.ca/product/playing/fishing/fishing-lures/0777766/red-wolf-walleye-grub-kit-100-piece-758b7780-4501-488e-b105-dd708056a00d-jpgrendition.jpg?im=whresize&wid=200&hei=200,,0777766,077-7766-4,Il n’en reste que 3 #077-7766-4,Liquidation◊Exclusivité,57.78,"13,93","32,99"
77,"Owen Sound, ON","Mélanges de chocolat chaud, Batman, paq. 4","Mélanges de chocolat chaud, Batman, paq. 4",5.93,"5,93 $",12.99,"Était±  12,99 $prix était 12,99 $",5.93,"5,93 $",5.93,"5,93 $",true,https://www.canadiantire.ca/fr/pdp/melanges-de-chocolat-chaud-batman-paq-4-1519520p.html,https://www.canadiantire.ca/fr/pdp/melanges-de-chocolat-chaud-batman-paq-4-1519520p.html,https://media-www.canadiantire.ca/product/living/food-drink/seasonal-confectionery/1519520/batman-hot-cocoa-mixes-4-pk-d3167311-6134-4c59-a3dc-c19bbc0e020e-jpgrendition.jpg?im=whresize&wid=200&hei=200,https://media-www.canadiantire.ca/product/living/food-drink/seasonal-confectionery/1519520/batman-hot-cocoa-mixes-4-pk-d3167311-6134-4c59-a3dc-c19bbc0e020e-jpgrendition.jpg?im=whresize&wid=200&hei=200,,1519520,151-9520-8,Il n’en reste que 3 #151-9520-8,Liquidation◊Mieux notés,54.35,"5,93","12,99"
77,"Owen Sound, ON","Connecteur plat 4 fils côté véhicule voyant d'essai à DEL Hopkins, 48 po","Connecteur plat 4 fils côté véhicule voyant d'essai à DEL Hopkins, 48 po",5.93,"5,93 $",12.99,"Était±  12,99 $prix était 12,99 $",5.93,"5,93 $",5.93,"5,93 $",true,https://www.canadiantire.ca/fr/pdp/connecteur-plat-4-fils-cote-vehicule-voyant-d-essai-a-del-hopkins-48-po-1407226p.html,https://www.canadiantire.ca/fr/pdp/connecteur-plat-4-fils-cote-vehicule-voyant-d-essai-a-del-hopkins-48-po-1407226p.html,https://media-www.canadiantire.ca/product/automotive/automotive-outdoor-adventure/auto-travel-storage/1407226/hopkins-led-test-4-flat-vehicle-side-48-in-a5caad82-c304-4956-acc1-ccbb9eb7b4c5-jpgrendition.jpg?im=whresize&wid=200&hei=200,https://media-www.canadiantire.ca/product/automotive/automotive-outdoor-adventure/auto-travel-storage/1407226/hopkins-led-test-4-flat-vehicle-side-48-in-a5caad82-c304-4956-acc1-ccbb9eb7b4c5-jpgrendition.jpg?im=whresize&wid=200&hei=200,,1407226,140-7226-8,Il n’en reste que 1 #140-7226-8,Liquidation◊Mieux notés,54.35,"5,93","12,99"
77,"Owen Sound, ON",Casque éclatant Krash 3D pour jeunes,Casque éclatant Krash 3D pour jeunes,22.93,"22,93 $",47.99,"Était±  47,99 $prix était 47,99 $",22.93,"22,93 $",22.93,"22,93 $",true,https://www.canadiantire.ca/fr/pdp/casque-eclatant-krash-3d-pour-jeunes-0820216p.html,https://www.canadiantire.ca/fr/pdp/casque-eclatant-krash-3d-pour-jeunes-0820216p.html,https://media-www.canadiantire.ca/product/playing/seasonal-recreation/winter-recreation/0820216/3d-dazzle-youth-snow-helmet-2b1576ce-b05d-4c4e-b48a-278eb76ae030-jpgrendition.jpg?im=whresize&wid=200&hei=200,https://media-www.canadiantire.ca/product/playing/seasonal-recreation/winter-recreation/0820216/3d-dazzle-youth-snow-helmet-2b1576ce-b05d-4c4e-b48a-278eb76ae030-jpgrendition.jpg?im=whresize&wid=200&hei=200,,0820216,082-0216-2,,Liquidation◊Exclusivité,52.22,"22,93","47,99"
77,"Owen Sound, ON","Bulbes de liatris à épis Bulbs Are Easy, variétés assorties","Bulbes de liatris à épis Bulbs Are Easy, variétés assorties",4.5,"4,50 $",14.99,"Était±  14,99 $prix était 14,99 $",4.5,"4,50 $",4.5,"4,50 $",true,https://www.canadiantire.ca/fr/pdp/bulbes-de-liatris-a-epis-bulbs-are-easy-varietes-assorties-1591780p.html,https://www.canadiantire.ca/fr/pdp/bulbes-de-liatris-a-epis-bulbs-are-easy-varietes-assorties-1591780p.html,https://media-www.canadiantire.ca/product/seasonal-gardening/gardening/dormant-goods/1591780/bulbs-are-easy-liatris-assorted-bulbs-1ff27aa9-03bd-4f4d-8328-423bf12a2a10-jpgrendition.jpg?im=whresize&wid=200&hei=200,https://media-www.canadiantire.ca/product/seasonal-gardening/gardening/dormant-goods/1591780/bulbs-are-easy-liatris-assorted-bulbs-1ff27aa9-03bd-4f4d-8328-423bf12a2a10-jpgrendition.jpg?im=whresize&wid=200&hei=200,,1591780,159-1780-0,,Liquidation◊,69.98,"4,50","14,99"
77,"Owen Sound, ON","Cuillère Danielson Renegade, 1/8 oz","Cuillère Danielson Renegade, 1/8 oz",1.73,"1,73 $",3.49,"3,49 $Était   et+ prix était à partir de 3,49 $",1.73,"1,73 $",1.73,"1,73 $",true,https://www.canadiantire.ca/fr/pdp/cuillere-danielson-renegade-1-8-oz-0782361p.html,https://www.canadiantire.ca/fr/pdp/cuillere-danielson-renegade-1-8-oz-0782361p.html,https://media-www.canadiantire.ca/product/playing/fishing/fishing-lures/0786302/danielson-renegade-spoon-nickel-blue-1-8oz-2c7616e9-fd28-446a-b256-a660da96ba0b-jpgrendition.jpg?im=whresize&wid=200&hei=200,https://media-www.canadiantire.ca/product/playing/fishing/fishing-lures/0786302/danielson-renegade-spoon-nickel-blue-1-8oz-2c7616e9-fd28-446a-b256-a660da96ba0b-jpgrendition.jpg?im=whresize&wid=200&hei=200,,0782361,078-2361,Vérifiez la disponibilité#078-2361X,Liquidation◊Mieux notés,50.43,"1,73","3,49"
77,"Owen Sound, ON","Ballon en aluminium satiné lettres attachées Mr and Mrs, or rose, 59 x 10 po, gonflé d'air, pour fiançailles/mariage","Ballon en aluminium satiné lettres attachées Mr and Mrs, or rose, 59 x 10 po, gonflé d'air, pour fiançailles/mariage",6.93,"6,93 $",13.99,"13,99 $Était   et+ prix était à partir de 13,99 $",6.93,"6,93 $",6.93,"6,93 $",true,https://www.canadiantire.ca/fr/pdp/ballon-en-aluminium-satine-lettres-attachees-mr-and-mrs-or-rose-59-x-10-po-gonfle-d-air-pour-fiancailles-mariage-8423828p.html,https://www.canadiantire.ca/fr/pdp/ballon-en-aluminium-satine-lettres-attachees-mr-and-mrs-or-rose-59-x-10-po-gonfle-d-air-pour-fiancailles-mariage-8423828p.html,https://media-www.partycity.ca/product/seasonal-gardening/party-city-everyday/party-city-party-supplies-decor/8423828/rose-gld-blln-script-mr-mrs-b3d6a94e-b619-48cc-9199-89ac32af4edc-jpgrendition.jpg?im=whresize&wid=200&hei=200,https://media-www.partycity.ca/product/seasonal-gardening/party-city-everyday/party-city-party-supplies-decor/8423828/rose-gld-blln-script-mr-mrs-b3d6a94e-b619-48cc-9199-89ac32af4edc-jpgrendition.jpg?im=whresize&wid=200&hei=200,,8423828,842-3828-0,Il n’en reste que 3 #842-3828-0,Liquidation◊Mieux notés,50.46,"6,93","13,99"
77,"Owen Sound, ON","Jouet qui couine pour chats Petco, boîte Bento de Sushi, avec herbe à chat, 3 pièces","Jouet qui couine pour chats Petco, boîte Bento de Sushi, avec herbe à chat, 3 pièces",4.93,"4,93 $",10.99,"Était±  10,99 $prix était 10,99 $",4.93,"4,93 $",4.93,"4,93 $",true,https://www.canadiantire.ca/fr/pdp/jouet-qui-couine-pour-chats-petco-boite-bento-de-sushi-avec-herbe-a-chat-3-pieces-1426569p.html,https://www.canadiantire.ca/fr/pdp/jouet-qui-couine-pour-chats-petco-boite-bento-de-sushi-avec-herbe-a-chat-3-pieces-1426569p.html,https://media-www.canadiantire.ca/product/living/pet-care/pet-accessories/1426569/petco-sushi-bento-box-cat-toy-5bbf1499-779e-401a-9317-c649c4526cbf-jpgrendition.jpg?im=whresize&wid=200&hei=200,https://media-www.canadiantire.ca/product/living/pet-care/pet-accessories/1426569/petco-sushi-bento-box-cat-toy-5bbf1499-779e-401a-9317-c649c4526cbf-jpgrendition.jpg?im=whresize&wid=200&hei=200,,1426569,142-6569-4,Il n’en reste que 1 #142-6569-4,Liquidation◊Mieux notés,55.14,"4,93","10,99"
77,"Owen Sound, ON","Hameçon oeuf monté Danielson, taille 8","Hameçon oeuf monté Danielson, taille 8",0.43,"0,43 $",1.99,"Était±  1,99 $prix était 1,99 $",0.43,"0,43 $",0.43,"0,43 $",true,https://www.canadiantire.ca/fr/pdp/hamecon-oeuf-monte-danielson-taille-8-0774112p.html,https://www.canadiantire.ca/fr/pdp/hamecon-oeuf-monte-danielson-taille-8-0774112p.html,https://media-www.canadiantire.ca/product/playing/fishing/fishing-lures/0774112/danielson-snelled-egg-hook-size-8-3c4673ab-9299-4221-9690-ba38527be842-jpgrendition.jpg?im=whresize&wid=200&hei=200,https://media-www.canadiantire.ca/product/playing/fishing/fishing-lures/0774112/danielson-snelled-egg-hook-size-8-3c4673ab-9299-4221-9690-ba38527be842-jpgrendition.jpg?im=whresize&wid=200&hei=200,,0774112,077-4112-8,Il n’en reste que 4 #077-4112-8,Liquidation◊Exclusivité,78.39,"0,43","1,99"
77,"Owen Sound, ON","Tapis d'intérieur et d'extérieur Korhani Elena, 6 x 8 pi","Tapis d'intérieur et d'extérieur Korhani Elena, 6 x 8 pi",74.93,"74,93 $",149.99,"Était±  149,99 $prix était 149,99 $",74.93,"74,93 $",74.93,"74,93 $",true,https://www.canadiantire.ca/fr/pdp/tapis-d-interieur-et-d-exterieur-korhani-elena-6-x-8-pi-0680034p.html,https://www.canadiantire.ca/fr/pdp/tapis-d-interieur-et-d-exterieur-korhani-elena-6-x-8-pi-0680034p.html,https://media-www.canadiantire.ca/product/living/home-decor/floor-window-decor/0680034/maville-6x8-indoor-outdoor-rug-c6210407-b9bb-4738-9c56-f6da14cb1a69-jpgrendition.jpg?im=whresize&wid=200&hei=200,https://media-www.canadiantire.ca/product/living/home-decor/floor-window-decor/0680034/maville-6x8-indoor-outdoor-rug-c6210407-b9bb-4738-9c56-f6da14cb1a69-jpgrendition.jpg?im=whresize&wid=200&hei=200,,0680034,068-0034-0,Il n’en reste que 1 #068-0034-0,Liquidation◊Exclusivité,50.04,"74,93","149,99"
77,"Owen Sound, ON","Support pour casque de jeu ENHANCE 3-en-1 à DEL avec souris élastique, noir","Support pour casque de jeu ENHANCE 3-en-1 à DEL avec souris élastique, noir",7.93,"7,93 $",49.99,"Était±  49,99 $prix était 49,99 $",7.93,"7,93 $",7.93,"7,93 $",true,https://www.canadiantire.ca/fr/pdp/support-pour-casque-de-jeu-enhance-3-en-1-a-del-avec-souris-elastique-noir-0451209p.html,https://www.canadiantire.ca/fr/pdp/support-pour-casque-de-jeu-enhance-3-en-1-a-del-avec-souris-elastique-noir-0451209p.html,https://media-www.canadiantire.ca/product/living/electronics/home-entertainment-accessories/0451209/enhance-3-in-1-headset-stand-f2dc419e-3102-43c4-92b0-df3bbcae9b3f-jpgrendition.jpg?im=whresize&wid=200&hei=200,https://media-www.canadiantire.ca/product/living/electronics/home-entertainment-accessories/0451209/enhance-3-in-1-headset-stand-f2dc419e-3102-43c4-92b0-df3bbcae9b3f-jpgrendition.jpg?im=whresize&wid=200&hei=200,,0451209,045-1209-4,Il n’en reste que 2 #045-1209-4,Liquidation◊Mieux notés,84.14,"7,93","49,99"
77,"Owen Sound, ON","Napperons rectangulaires en vinyle CANVAS Welland, 13 x 19 po, paq. 4","Napperons rectangulaires en vinyle CANVAS Welland, 13 x 19 po, paq. 4",9.93,"9,93 $",19.99,"Était±  19,99 $prix était 19,99 $",9.93,"9,93 $",9.93,"9,93 $",true,https://www.canadiantire.ca/fr/pdp/napperons-rectangulaires-en-vinyle-canvas-welland-13-x-19-po-paq-4-1424813p.html,https://www.canadiantire.ca/fr/pdp/napperons-rectangulaires-en-vinyle-canvas-welland-13-x-19-po-paq-4-1424813p.html,https://media-www.canadiantire.ca/product/living/kitchen/dining-and-entertaining/1424813/canvas-welland-placemat-4-pk-8473626e-4a2a-4c29-9d09-cf1f9ec20658-jpgrendition.jpg?im=whresize&wid=200&hei=200,https://media-www.canadiantire.ca/product/living/kitchen/dining-and-entertaining/1424813/canvas-welland-placemat-4-pk-8473626e-4a2a-4c29-9d09-cf1f9ec20658-jpgrendition.jpg?im=whresize&wid=200&hei=200,,1424813,142-4813-4,Il n’en reste que 3 #142-4813-4,Liquidation◊Exclusivité,50.33,"9,93","19,99"
77,"Owen Sound, ON","Lampe de poche porte-clés à pile ion Black Diamond, 40 lumens","Lampe de poche porte-clés à pile ion Black Diamond, 40 lumens",13.43,"13,43 $",26.99,"Était±  26,99 $prix était 26,99 $",13.43,"13,43 $",13.43,"13,43 $",true,https://www.canadiantire.ca/fr/pdp/lampe-de-poche-porte-cles-a-pile-ion-black-diamond-40-lumens-0766150p.html,https://www.canadiantire.ca/fr/pdp/lampe-de-poche-porte-cles-a-pile-ion-black-diamond-40-lumens-0766150p.html,https://media-www.canadiantire.ca/product/playing/camping/camping-living/0766150/black-diamond-keychain-light-b266e47f-3262-4cb6-9e0e-29b349dc4ce9-jpgrendition.jpg?im=whresize&wid=200&hei=200,https://media-www.canadiantire.ca/product/playing/camping/camping-living/0766150/black-diamond-keychain-light-b266e47f-3262-4cb6-9e0e-29b349dc4ce9-jpgrendition.jpg?im=whresize&wid=200&hei=200,,0766150,076-6150-6,Il n’en reste que 4 #076-6150-6,Liquidation◊Mieux notés,50.24,"13,43","26,99"
77,"Owen Sound, ON",Boîte à cadran de plombs ovales,Boîte à cadran de plombs ovales,3.23,"3,23 $",7.49,"Était±  7,49 $prix était 7,49 $",3.23,"3,23 $",3.23,"3,23 $",true,https://www.canadiantire.ca/fr/pdp/boite-a-cadran-de-plombs-ovales-0784905p.html,https://www.canadiantire.ca/fr/pdp/boite-a-cadran-de-plombs-ovales-0784905p.html,https://media-www.canadiantire.ca/product/playing/fishing/fishing-lures/0784905/danielson-egg-and-shot-sinkers-55-piece-06d07f9c-7330-4ba5-b9e7-1f6861556209-jpgrendition.jpg?im=whresize&wid=200&hei=200,https://media-www.canadiantire.ca/product/playing/fishing/fishing-lures/0784905/danielson-egg-and-shot-sinkers-55-piece-06d07f9c-7330-4ba5-b9e7-1f6861556209-jpgrendition.jpg?im=whresize&wid=200&hei=200,,0784905,078-4905-0,Il n’en reste que 4 #078-4905-0,Liquidation◊Exclusivité,56.88,"3,23","7,49"
77,"Owen Sound, ON","Assiette d'extérieur en fibre de bambou CANVAS Summer Palm, 10 po","Assiette d'extérieur en fibre de bambou CANVAS Summer Palm, 10 po",3.93,"3,93 $",7.99,"Était±  7,99 $prix était 7,99 $",3.93,"3,93 $",3.93,"3,93 $",true,https://www.canadiantire.ca/fr/pdp/assiette-d-exterieur-en-fibre-de-bambou-canvas-summer-palm-10-po-1590043p.html,https://www.canadiantire.ca/fr/pdp/assiette-d-exterieur-en-fibre-de-bambou-canvas-summer-palm-10-po-1590043p.html,https://media-www.canadiantire.ca/product/seasonal-gardening/backyard-living/outdoor-living-accessories/1590043/canvas-bamboo-summer-palm-10-plate-1326b16f-c7f7-44bf-a7fe-616a1b2d49a3-jpgrendition.jpg?im=whresize&wid=200&hei=200,https://media-www.canadiantire.ca/product/seasonal-gardening/backyard-living/outdoor-living-accessories/1590043/canvas-bamboo-summer-palm-10-plate-1326b16f-c7f7-44bf-a7fe-616a1b2d49a3-jpgrendition.jpg?im=whresize&wid=200&hei=200,,1590043,159-0043-2,8 En Stock#159-0043-2,Liquidation◊Exclusivité,50.81,"3,93","7,99"
77,"Owen Sound, ON","Accessoires SMART, chargeur mural double USB, 2,1 A, couleurs variées","Accessoires SMART, chargeur mural double USB, 2,1 A, couleurs variées",4.93,"4,93 $",10.99,"Était±  10,99 $prix était 10,99 $",4.93,"4,93 $",4.93,"4,93 $",true,https://www.canadiantire.ca/fr/pdp/accessoires-smart-chargeur-mural-double-usb-2-1-a-couleurs-variees-0355363p.html,https://www.canadiantire.ca/fr/pdp/accessoires-smart-chargeur-mural-double-usb-2-1-a-couleurs-variees-0355363p.html,https://media-www.canadiantire.ca/product/automotive/car-care-accessories/auto-electronics/0355363/smart-accessories-2-1a-wall-charger-38f192a6-0ac1-48ca-ac7e-21f4eeb8f503-jpgrendition.jpg?im=whresize&wid=200&hei=200,https://media-www.canadiantire.ca/product/automotive/car-care-accessories/auto-electronics/0355363/smart-accessories-2-1a-wall-charger-38f192a6-0ac1-48ca-ac7e-21f4eeb8f503-jpgrendition.jpg?im=whresize&wid=200&hei=200,,0355363,035-5363-4,,Liquidation◊Articles à succès,55.14,"4,93","10,99"
77,"Owen Sound, ON","Lumière pour grille ambre ultra-brillante autocollante Custom Accessories Truck Tuff, paq. 3","Lumière pour grille ambre ultra-brillante autocollante Custom Accessories Truck Tuff, paq. 3",19.93,"19,93 $",49.99,"Était±  49,99 $prix était 49,99 $",19.93,"19,93 $",19.93,"19,93 $",true,https://www.canadiantire.ca/fr/pdp/lumiere-pour-grille-ambre-ultra-brillante-autocollante-custom-accessories-truck-tuff-paq-3-0374607p.html,https://www.canadiantire.ca/fr/pdp/lumiere-pour-grille-ambre-ultra-brillante-autocollante-custom-accessories-truck-tuff-paq-3-0374607p.html,https://media-www.canadiantire.ca/product/automotive/car-care-accessories/auto-accessories/0374607/truck-tuff-ultra-bright-amber-grill-lights-3-pack-d3b03aae-c679-47ba-b053-b7e113afc17b-jpgrendition.jpg?im=whresize&wid=200&hei=200,https://media-www.canadiantire.ca/product/automotive/car-care-accessories/auto-accessories/0374607/truck-tuff-ultra-bright-amber-grill-lights-3-pack-d3b03aae-c679-47ba-b053-b7e113afc17b-jpgrendition.jpg?im=whresize&wid=200&hei=200,,0374607,037-4607-8,Il n’en reste que 4 #037-4607-8,Liquidation◊Mieux notés,60.13,"19,93","49,99"
77,"Owen Sound, ON",Cordon élastique pour planche à pagaie et kayak Invincible Marine,Cordon élastique pour planche à pagaie et kayak Invincible Marine,4.93,"4,93 $",11.99,"Était±  11,99 $prix était 11,99 $",4.93,"4,93 $",4.93,"4,93 $",true,https://www.canadiantire.ca/fr/pdp/cordon-elastique-pour-planche-a-pagaie-et-kayak-invincible-marine-0793370p.html,https://www.canadiantire.ca/fr/pdp/cordon-elastique-pour-planche-a-pagaie-et-kayak-invincible-marine-0793370p.html,https://media-www.canadiantire.ca/product/playing/seasonal-recreation/marine-power-boating/0793370/sup-paddle-bung-46d9820b-c8f4-4eb5-92c9-a1449dfbb692-jpgrendition.jpg?im=whresize&wid=200&hei=200,https://media-www.canadiantire.ca/product/playing/seasonal-recreation/marine-power-boating/0793370/sup-paddle-bung-46d9820b-c8f4-4eb5-92c9-a1449dfbb692-jpgrendition.jpg?im=whresize&wid=200&hei=200,,0793370,079-3370-4,Il n’en reste que 2 #079-3370-4,Liquidation◊Mieux notés,58.88,"4,93","11,99"
77,"Owen Sound, ON","Bracelet caoutchouc Nintendo Pokémon, noir/bleu/rouge, taille unique, lot de 6, cadeaux d'anniversaire à porter","Bracelet caoutchouc Nintendo Pokémon, noir/bleu/rouge, taille unique, lot de 6, cadeaux d'anniversaire à porter",2.93,"2,93 $",6.99,"Était±  6,99 $prix était 6,99 $",2.93,"2,93 $",2.93,"2,93 $",true,https://www.canadiantire.ca/fr/pdp/bracelet-caoutchouc-nintendo-pokemon-noir-bleu-rouge-taille-unique-lot-de-6-cadeaux-d-anniversaire-a-porter-8420381p.html,https://www.canadiantire.ca/fr/pdp/bracelet-caoutchouc-nintendo-pokemon-noir-bleu-rouge-taille-unique-lot-de-6-cadeaux-d-anniversaire-a-porter-8420381p.html,https://media-www.partycity.ca/product/seasonal-gardening/party-city-everyday/party-city-party-supplies-decor/8420381/pokemon-core-wristbands-4ct-99dabe1c-e70f-49da-9da6-fdf32bf06b72-jpgrendition.jpg?im=whresize&wid=200&hei=200,https://media-www.partycity.ca/product/seasonal-gardening/party-city-everyday/party-city-party-supplies-decor/8420381/pokemon-core-wristbands-4ct-99dabe1c-e70f-49da-9da6-fdf32bf06b72-jpgrendition.jpg?im=whresize&wid=200&hei=200,,8420381,842-0381-8,,Liquidation◊Mieux notés,58.08,"2,93","6,99"
77,"Owen Sound, ON","Gilet de natation d'entraînement flottant à protection UV pour enfants Narly Noggins, styles variés, 4 à 6 ans","Gilet de natation d'entraînement flottant à protection UV pour enfants Narly Noggins, styles variés, 4 à 6 ans",9.93,"9,93 $",19.99,"Était±  19,99 $prix était 19,99 $",9.93,"9,93 $",9.93,"9,93 $",true,https://www.canadiantire.ca/fr/pdp/gilet-de-natation-d-entrainement-flottant-a-protection-uv-pour-enfants-narly-noggins-styles-varies-4-a-6-ans-0813540p.html,https://www.canadiantire.ca/fr/pdp/gilet-de-natation-d-entrainement-flottant-a-protection-uv-pour-enfants-narly-noggins-styles-varies-4-a-6-ans-0813540p.html,https://media-www.canadiantire.ca/product/seasonal-gardening/backyard-fun/pool-fun/0813540/coral-totz-swim-trainer-assorted-60f2c4a3-5033-4b3e-ab77-60df10c310de-jpgrendition.jpg?im=whresize&wid=200&hei=200,https://media-www.canadiantire.ca/product/seasonal-gardening/backyard-fun/pool-fun/0813540/coral-totz-swim-trainer-assorted-60f2c4a3-5033-4b3e-ab77-60df10c310de-jpgrendition.jpg?im=whresize&wid=200&hei=200,,0813540,081-3540-2,Il n’en reste que 2 #081-3540-2,Liquidation◊,50.33,"9,93","19,99"
77,"Owen Sound, ON","Support de poignet pour dames Tensor, main gauche","Support de poignet pour dames Tensor, main gauche",17.93,"17,93 $",37.99,"Était±  37,99 $prix était 37,99 $",17.93,"17,93 $",17.93,"17,93 $",true,https://www.canadiantire.ca/fr/pdp/support-de-poignet-pour-dames-tensor-main-gauche-0838858p.html,https://www.canadiantire.ca/fr/pdp/support-de-poignet-pour-dames-tensor-main-gauche-0838858p.html,https://media-www.canadiantire.ca/product/playing/hockey/hockey-accessories/0838858/tensor-womens-wrist-left-d287ede7-5114-4d68-b49c-5fbfbb3e01cd-jpgrendition.jpg?im=whresize&wid=200&hei=200,https://media-www.canadiantire.ca/product/playing/hockey/hockey-accessories/0838858/tensor-womens-wrist-left-d287ede7-5114-4d68-b49c-5fbfbb3e01cd-jpgrendition.jpg?im=whresize&wid=200&hei=200,,0838858,083-8858-4,Il n’en reste que 2 #083-8858-4,Liquidation◊Mieux notés,52.8,"17,93","37,99"
77,"Owen Sound, ON","Carreaux de dosseret pierre à peler et coller UltraStone, Quartzite noir galaxie, 3,9 pi2","Carreaux de dosseret pierre à peler et coller UltraStone, Quartzite noir galaxie, 3,9 pi2",22.93,"22,93 $",62.99,"Était±  62,99 $prix était 62,99 $",22.93,"22,93 $",22.93,"22,93 $",true,https://www.canadiantire.ca/fr/pdp/carreaux-de-dosseret-pierre-a-peler-et-coller-ultrastone-quartzite-noir-galaxie-3-9-pi2-0700300p.html,https://www.canadiantire.ca/fr/pdp/carreaux-de-dosseret-pierre-a-peler-et-coller-ultrastone-quartzite-noir-galaxie-3-9-pi2-0700300p.html,https://media-www.canadiantire.ca/product/fixing/paint/paints/0700300/ultrastone-galaxy-black-quartzite-0dcbfdfe-6db5-4501-99a6-9499f938b943-jpgrendition.jpg?im=whresize&wid=200&hei=200,https://media-www.canadiantire.ca/product/fixing/paint/paints/0700300/ultrastone-galaxy-black-quartzite-0dcbfdfe-6db5-4501-99a6-9499f938b943-jpgrendition.jpg?im=whresize&wid=200&hei=200,,0700300,070-0300-8,Il n’en reste que 1 #070-0300-8,Liquidation◊Mieux notés,63.6,"22,93","62,99"
77,"Owen Sound, ON","Phares à DEL 2000 PIAA, faisceau étroit, 2 po","Phares à DEL 2000 PIAA, faisceau étroit, 2 po",90.93,"90,93 $",189.99,"Était±  189,99 $prix était 189,99 $",90.93,"90,93 $",90.93,"90,93 $",true,https://www.canadiantire.ca/fr/pdp/phares-a-del-2000-piaa-faisceau-etroit-2-po-0203776p.html,https://www.canadiantire.ca/fr/pdp/phares-a-del-2000-piaa-faisceau-etroit-2-po-0203776p.html,https://media-www.canadiantire.ca/product/automotive/automotive-outdoor-adventure/auto-travel-storage/0203776/2000-2-led-lights-spot-beam-kit-97e0b68e-dc1b-45d2-9166-dd5761dbe18e-jpgrendition.jpg?im=whresize&wid=200&hei=200,https://media-www.canadiantire.ca/product/automotive/automotive-outdoor-adventure/auto-travel-storage/0203776/2000-2-led-lights-spot-beam-kit-97e0b68e-dc1b-45d2-9166-dd5761dbe18e-jpgrendition.jpg?im=whresize&wid=200&hei=200,,0203776,020-3776-8,Il n’en reste que 6 #020-3776-8,Liquidation◊,52.14,"90,93","189,99"
77,"Owen Sound, ON",Décor mural d'anniversaire Pat'Patrouille avec accessoire pour cabine de photo,Décor mural d'anniversaire Pat'Patrouille avec accessoire pour cabine de photo,4.93,"4,93 $",10.99,"Était±  10,99 $prix était 10,99 $",4.93,"4,93 $",4.93,"4,93 $",true,https://www.canadiantire.ca/fr/pdp/decor-mural-d-anniversaire-pat-patrouille-avec-accessoire-pour-cabine-de-photo-8420537p.html,https://www.canadiantire.ca/fr/pdp/decor-mural-d-anniversaire-pat-patrouille-avec-accessoire-pour-cabine-de-photo-8420537p.html,https://media-www.canadiantire.ca/product/seasonal-gardening/party-city-everyday/party-city-kids-birthday-pinatas/8420537/17pc-scn-sttr-prop-paw-patrol-49416cb4-fa21-4a45-973f-f1a5849862d1-jpgrendition.jpg?im=whresize&wid=200&hei=200,https://media-www.canadiantire.ca/product/seasonal-gardening/party-city-everyday/party-city-kids-birthday-pinatas/8420537/17pc-scn-sttr-prop-paw-patrol-49416cb4-fa21-4a45-973f-f1a5849862d1-jpgrendition.jpg?im=whresize&wid=200&hei=200,,8420537,842-0537-0,Il n’en reste que 4 #842-0537-0,Liquidation◊Mieux notés,55.14,"4,93","10,99"
77,"Owen Sound, ON","Gant de golf Nike Dura Feel X pour femmes, main gauche","Gant de golf Nike Dura Feel X pour femmes, main gauche",6.23,"6,23 $",14.99,"14,99 $Était   et+ prix était à partir de 14,99 $",6.23,"6,23 $",6.23,"6,23 $",true,https://www.canadiantire.ca/fr/pdp/gant-de-golf-nike-dura-feel-x-pour-femmes-main-gauche-0860820p.html,https://www.canadiantire.ca/fr/pdp/gant-de-golf-nike-dura-feel-x-pour-femmes-main-gauche-0860820p.html,https://media-www.canadiantire.ca/product/playing/team-sports-and-golf/golf/0860820/nike-dura-feel-ix-women-s-golf-glove-left-hand-small-7feac63c-5361-4e68-b135-cd1017f84597-jpgrendition.jpg?im=whresize&wid=200&hei=200,https://media-www.canadiantire.ca/product/playing/team-sports-and-golf/golf/0860820/nike-dura-feel-ix-women-s-golf-glove-left-hand-small-7feac63c-5361-4e68-b135-cd1017f84597-jpgrendition.jpg?im=whresize&wid=200&hei=200,,0860820,086-0820,Vérifiez la disponibilité#086-0820X,Liquidation◊Mieux notés,58.44,"6,23","14,99"
77,"Owen Sound, ON","Peinture de retouche Scratch Fix All-in-1, SAUGE antique PERLÉE (1B2)","Peinture de retouche Scratch Fix All-in-1, SAUGE antique PERLÉE (1B2)",4.93,"4,93 $",28.99,"Était±  28,99 $prix était 28,99 $",4.93,"4,93 $",4.93,"4,93 $",true,https://www.canadiantire.ca/fr/pdp/peinture-de-retouche-scratch-fix-all-in-1-sauge-antique-perlee-1b2-0475157p.html,https://www.canadiantire.ca/fr/pdp/peinture-de-retouche-scratch-fix-all-in-1-sauge-antique-perlee-1b2-0475157p.html,https://media-www.canadiantire.ca/product/automotive/car-care-accessories/auto-body-repair/0475157/scratch-fix-toyota-antique-sage-pearl-all-in-1-b2292936-861d-4ec9-85a2-d9a873718867.png?im=whresize&wid=200&hei=200,https://media-www.canadiantire.ca/product/automotive/car-care-accessories/auto-body-repair/0475157/scratch-fix-toyota-antique-sage-pearl-all-in-1-b2292936-861d-4ec9-85a2-d9a873718867.png?im=whresize&wid=200&hei=200,,0475157,047-5157-8,Il n’en reste que 2 #047-5157-8,Liquidation◊,82.99,"4,93","28,99"
77,"Owen Sound, ON",Papier abrasif 3M Imperial Wet or Dry,Papier abrasif 3M Imperial Wet or Dry,2.93,"2,93 $",10.99,"10,99 $Était   et+ prix était à partir de 10,99 $",2.93,"2,93 $",2.93,"2,93 $",true,https://www.canadiantire.ca/fr/pdp/papier-abrasif-3m-imperial-wet-or-dry-0475842p.html,https://www.canadiantire.ca/fr/pdp/papier-abrasif-3m-imperial-wet-or-dry-0475842p.html,https://media-www.canadiantire.ca/product/automotive/car-care-accessories/auto-body-repair/0475843/3m-imperial-wetordry-sandpaper-p600-f298a5c7-222c-49ff-95fb-1a0e6d2937f0-jpgrendition.jpg?im=whresize&wid=200&hei=200,https://media-www.canadiantire.ca/product/automotive/car-care-accessories/auto-body-repair/0475843/3m-imperial-wetordry-sandpaper-p600-f298a5c7-222c-49ff-95fb-1a0e6d2937f0-jpgrendition.jpg?im=whresize&wid=200&hei=200,,0475842,047-5843,Vérifiez la disponibilité#047-5843X,Liquidation◊Mieux notés,73.34,"2,93","10,99"
77,"Owen Sound, ON","Hameçon Danielson Aberdeen, bronze, taille 1/0","Hameçon Danielson Aberdeen, bronze, taille 1/0",0.43,"0,43 $",1.99,"Était±  1,99 $prix était 1,99 $",0.43,"0,43 $",0.43,"0,43 $",true,https://www.canadiantire.ca/fr/pdp/hamecon-danielson-aberdeen-bronze-taille-1-0-0774115p.html,https://www.canadiantire.ca/fr/pdp/hamecon-danielson-aberdeen-bronze-taille-1-0-0774115p.html,https://media-www.canadiantire.ca/product/playing/fishing/fishing-lures/0774115/danielson-aberdeen-hook-bronze-size-1-0-237a5683-21b5-40ac-b0f9-5d59bdbeb119-jpgrendition.jpg?im=whresize&wid=200&hei=200,https://media-www.canadiantire.ca/product/playing/fishing/fishing-lures/0774115/danielson-aberdeen-hook-bronze-size-1-0-237a5683-21b5-40ac-b0f9-5d59bdbeb119-jpgrendition.jpg?im=whresize&wid=200&hei=200,,0774115,077-4115-2,Il n’en reste que 4 #077-4115-2,Liquidation◊Mieux notés,78.39,"0,43","1,99"
77,"Owen Sound, ON","Coiffe à polir en mousse et en tissus éponge SIMONIZ, 8 po, paq. 2","Coiffe à polir en mousse et en tissus éponge SIMONIZ, 8 po, paq. 2",2.93,"2,93 $",10.99,"Était±  10,99 $prix était 10,99 $",2.93,"2,93 $",2.93,"2,93 $",true,https://www.canadiantire.ca/fr/pdp/coiffe-a-polir-en-mousse-et-en-tissus-eponge-simoniz-8-po-paq-2-0399087p.html,https://www.canadiantire.ca/fr/pdp/coiffe-a-polir-en-mousse-et-en-tissus-eponge-simoniz-8-po-paq-2-0399087p.html,https://media-www.canadiantire.ca/product/automotive/car-care-accessories/auto-cleaning-tools/0399087/simonix-8-foam-applicator-bonnet-2-pack-d21a8bbc-370e-4dee-a122-d36f58cf0c2a-jpgrendition.jpg?im=whresize&wid=200&hei=200,https://media-www.canadiantire.ca/product/automotive/car-care-accessories/auto-cleaning-tools/0399087/simonix-8-foam-applicator-bonnet-2-pack-d21a8bbc-370e-4dee-a122-d36f58cf0c2a-jpgrendition.jpg?im=whresize&wid=200&hei=200,,0399087,039-9087-0,,Liquidation◊Exclusivité,73.34,"2,93","10,99"
77,"Owen Sound, ON",Mangeoire à essieu en caoutchouc durable pour chiens Tonka,Mangeoire à essieu en caoutchouc durable pour chiens Tonka,9.93,"9,93 $",24.99,"Était±  24,99 $prix était 24,99 $",9.93,"9,93 $",9.93,"9,93 $",true,https://www.canadiantire.ca/fr/pdp/mangeoire-a-essieu-en-caoutchouc-durable-pour-chiens-tonka-1429433p.html,https://www.canadiantire.ca/fr/pdp/mangeoire-a-essieu-en-caoutchouc-durable-pour-chiens-tonka-1429433p.html,https://media-www.canadiantire.ca/product/living/pet-care/pet-accessories/1429433/tonka-axle-feeder-7--5daed22b-487d-429c-8143-9fc5aacbe82b-jpgrendition.jpg?im=whresize&wid=200&hei=200,https://media-www.canadiantire.ca/product/living/pet-care/pet-accessories/1429433/tonka-axle-feeder-7--5daed22b-487d-429c-8143-9fc5aacbe82b-jpgrendition.jpg?im=whresize&wid=200&hei=200,,1429433,142-9433-8,Il n’en reste que 1 #142-9433-8,Liquidation◊,60.26,"9,93","24,99"
77,"Owen Sound, ON",Rétroviseur grand-angle à montage au rétroviseur intérieur K-Source,Rétroviseur grand-angle à montage au rétroviseur intérieur K-Source,6.93,"6,93 $",13.99,"Était±  13,99 $prix était 13,99 $",6.93,"6,93 $",6.93,"6,93 $",true,https://www.canadiantire.ca/fr/pdp/retroviseur-grand-angle-a-montage-au-retroviseur-interieur-k-source-0371991p.html,https://www.canadiantire.ca/fr/pdp/retroviseur-grand-angle-a-montage-au-retroviseur-interieur-k-source-0371991p.html,https://media-www.canadiantire.ca/product/automotive/car-care-accessories/auto-accessories/0371991/interior-mirror-mount-blind-spot-mirror-36737456-aee9-4c86-a7b4-ef4225869865-jpgrendition.jpg?im=whresize&wid=200&hei=200,https://media-www.canadiantire.ca/product/automotive/car-care-accessories/auto-accessories/0371991/interior-mirror-mount-blind-spot-mirror-36737456-aee9-4c86-a7b4-ef4225869865-jpgrendition.jpg?im=whresize&wid=200&hei=200,,0371991,037-1991-8,Il n’en reste que 1 #037-1991-8,Liquidation◊,50.46,"6,93","13,99"
77,"Owen Sound, ON","Garde-boues avant et arrière personnalisés Husky Liners 56936 pour camion Toyota Tacoma, 2005 à 2015, paquet de 4","Garde-boues avant et arrière personnalisés Husky Liners 56936 pour camion Toyota Tacoma, 2005 à 2015, paquet de 4",27.93,"27,93 $",119.99,"Était±  119,99 $prix était 119,99 $",27.93,"27,93 $",27.93,"27,93 $",true,https://www.canadiantire.ca/fr/pdp/garde-boues-avant-et-arriere-personnalises-husky-liners-56936-pour-camion-toyota-tacoma-2005-a-2015-paquet-de-4-0376235p.html,https://www.canadiantire.ca/fr/pdp/garde-boues-avant-et-arriere-personnalises-husky-liners-56936-pour-camion-toyota-tacoma-2005-a-2015-paquet-de-4-0376235p.html,https://media-www.canadiantire.ca/product/automotive/car-care-accessories/auto-accessories/0376235/husky-custom-fit-mud-flaps-toyota-tacoma-05-15-4pc-7595a305-2456-4661-9a2f-e44c9e00360a-jpgrendition.jpg?im=whresize&wid=200&hei=200,https://media-www.canadiantire.ca/product/automotive/car-care-accessories/auto-accessories/0376235/husky-custom-fit-mud-flaps-toyota-tacoma-05-15-4pc-7595a305-2456-4661-9a2f-e44c9e00360a-jpgrendition.jpg?im=whresize&wid=200&hei=200,,0376235,037-6235-0,Il n’en reste que 1 #037-6235-0,Liquidation◊,76.72,"27,93","119,99"
77,"Owen Sound, ON","Pantoufles à enfiler à semelles en caoutchouc pour l'intérieur et l'extérieur en cuir avec doublure en molleton Outbound pour hommes, havane","Pantoufles à enfiler à semelles en caoutchouc pour l'intérieur et l'extérieur en cuir avec doublure en molleton Outbound pour hommes, havane",8.93,"8,93 $",29.99,"29,99 $Était   et+ prix était à partir de 29,99 $",8.93,"8,93 $",8.93,"8,93 $",true,https://www.canadiantire.ca/fr/pdp/pantoufles-a-enfiler-a-semelles-en-caoutchouc-pour-l-interieur-et-l-exterieur-en-cuir-avec-doublure-en-molleton-outbound-pour-hommes-havane-1871116p.html,https://www.canadiantire.ca/fr/pdp/pantoufles-a-enfiler-a-semelles-en-caoutchouc-pour-l-interieur-et-l-exterieur-en-cuir-avec-doublure-en-molleton-outbound-pour-hommes-havane-1871116p.html,https://media-www.canadiantire.ca/product/playing/footwear-apparel/winter-footwear-apparel/1871116/outbound-cable-tan-m8-b35f2635-284d-4d36-bad2-6093e018d580-jpgrendition.jpg?im=whresize&wid=200&hei=200,https://media-www.canadiantire.ca/product/playing/footwear-apparel/winter-footwear-apparel/1871116/outbound-cable-tan-m8-b35f2635-284d-4d36-bad2-6093e018d580-jpgrendition.jpg?im=whresize&wid=200&hei=200,,1871116,187-1116,Vérifiez la disponibilité#187-1116X,Liquidation◊Mieux notés,70.22,"8,93","29,99"
77,"Owen Sound, ON","Tampons de rechange pour vadrouille à vapeur Bissell Symphony, paq. 2","Tampons de rechange pour vadrouille à vapeur Bissell Symphony, paq. 2",17.93,"17,93 $",36.99,"Était±  36,99 $prix était 36,99 $",17.93,"17,93 $",17.93,"17,93 $",true,https://www.canadiantire.ca/fr/pdp/tampons-de-rechange-pour-vadrouille-a-vapeur-bissell-symphony-paq-2-0436955p.html,https://www.canadiantire.ca/fr/pdp/tampons-de-rechange-pour-vadrouille-a-vapeur-bissell-symphony-paq-2-0436955p.html,https://media-www.canadiantire.ca/product/living/cleaning/vacuums-and-floorcare/0436955/bissell-symphony-replacement-pads-0d4e473f-8b95-46fd-a564-6d55afcde7db-jpgrendition.jpg?im=whresize&wid=200&hei=200,https://media-www.canadiantire.ca/product/living/cleaning/vacuums-and-floorcare/0436955/bissell-symphony-replacement-pads-0d4e473f-8b95-46fd-a564-6d55afcde7db-jpgrendition.jpg?im=whresize&wid=200&hei=200,,0436955,043-6955-0,Il n’en reste que 6 #043-6955-0,Liquidation◊Mieux notés,51.53,"17,93","36,99"
77,"Owen Sound, ON","Support pour téléphone en tissu Nordique Bluehive, prise rembourrée, base à ventouse robuste, blanc","Support pour téléphone en tissu Nordique Bluehive, prise rembourrée, base à ventouse robuste, blanc",4.93,"4,93 $",19.99,"Était±  19,99 $prix était 19,99 $",4.93,"4,93 $",4.93,"4,93 $",true,https://www.canadiantire.ca/fr/pdp/support-pour-telephone-en-tissu-nordique-bluehive-prise-rembourree-base-a-ventouse-robuste-blanc-0355550p.html,https://www.canadiantire.ca/fr/pdp/support-pour-telephone-en-tissu-nordique-bluehive-prise-rembourree-base-a-ventouse-robuste-blanc-0355550p.html,https://media-www.canadiantire.ca/product/automotive/car-care-accessories/auto-electronics/0355550/bluehive-nordique-fabric-phone-mount-f1c1c1e4-2365-4430-91db-d117f295dec6-jpgrendition.jpg?im=whresize&wid=200&hei=200,https://media-www.canadiantire.ca/product/automotive/car-care-accessories/auto-electronics/0355550/bluehive-nordique-fabric-phone-mount-f1c1c1e4-2365-4430-91db-d117f295dec6-jpgrendition.jpg?im=whresize&wid=200&hei=200,,0355550,035-5550-8,Il n’en reste que 2 #035-5550-8,Liquidation◊Exclusivité,75.34,"4,93","19,99"
77,"Owen Sound, ON","Pantalon de chasse isolé imperméable coupe-vent Yukon Gear Max 5, camouflage Realtree Max 5","Pantalon de chasse isolé imperméable coupe-vent Yukon Gear Max 5, camouflage Realtree Max 5",61.43,"61,43 $",149.99,"149,99 $Était   et+ prix était à partir de 149,99 $",61.43,"61,43 $",61.43,"61,43 $",true,https://www.canadiantire.ca/fr/pdp/pantalon-de-chasse-isole-impermeable-coupe-vent-yukon-gear-max-5-camouflage-realtree-max-5-1758580p.html,https://www.canadiantire.ca/fr/pdp/pantalon-de-chasse-isole-impermeable-coupe-vent-yukon-gear-max-5-camouflage-realtree-max-5-1758580p.html,https://media-www.canadiantire.ca/product/playing/hunting/hunting-apparel-footwear/1758580/yukon-gear-realtree-max-5-pants-m-a244d43e-2c4b-4acc-8837-bdd79ebe07d1-jpgrendition.jpg?im=whresize&wid=200&hei=200,https://media-www.canadiantire.ca/product/playing/hunting/hunting-apparel-footwear/1758580/yukon-gear-realtree-max-5-pants-m-a244d43e-2c4b-4acc-8837-bdd79ebe07d1-jpgrendition.jpg?im=whresize&wid=200&hei=200,,1758580,175-8580,Vérifiez la disponibilité#175-8580X,Liquidation◊Exclusivité,59.04,"61,43","149,99"
77,"Owen Sound, ON","Barre d'attelage, 10 000 lb, 4 x 10,25 po","Barre d'attelage, 10 000 lb, 4 x 10,25 po",39.93,"39,93 $",129.99,"Était±  129,99 $prix était 129,99 $",39.93,"39,93 $",39.93,"39,93 $",true,https://www.canadiantire.ca/fr/pdp/barre-d-attelage-10-000-lb-4-x-10-25-po-0409049p.html,https://www.canadiantire.ca/fr/pdp/barre-d-attelage-10-000-lb-4-x-10-25-po-0409049p.html,https://media-www.canadiantire.ca/product/automotive/automotive-outdoor-adventure/auto-travel-storage/0409049/4-x10-25-hitch-bar-41995e0a-11be-44cc-9e1e-63b0bbbbde2a-jpgrendition.jpg?im=whresize&wid=200&hei=200,https://media-www.canadiantire.ca/product/automotive/automotive-outdoor-adventure/auto-travel-storage/0409049/4-x10-25-hitch-bar-41995e0a-11be-44cc-9e1e-63b0bbbbde2a-jpgrendition.jpg?im=whresize&wid=200&hei=200,,0409049,040-9049-6,Il n’en reste que 2 #040-9049-6,Liquidation◊Mieux notés,69.28,"39,93","129,99"
77,"Owen Sound, ON","Chaîne à maillons ovales Atron Electro Industries LA736, calibre 8, chrome, 3 pi","Chaîne à maillons ovales Atron Electro Industries LA736, calibre 8, chrome, 3 pi",1.43,"1,43 $",3.99,"Était±  3,99 $prix était 3,99 $",1.43,"1,43 $",1.43,"1,43 $",true,https://www.canadiantire.ca/fr/pdp/chaine-a-maillons-ovales-atron-electro-industries-la736-calibre-8-chrome-3-pi-0523184p.html,https://www.canadiantire.ca/fr/pdp/chaine-a-maillons-ovales-atron-electro-industries-la736-calibre-8-chrome-3-pi-0523184p.html,https://media-www.canadiantire.ca/product/fixing/electrical/rough-electrical/0523184/3-chrome-chain-3e6e5307-04fd-4275-9163-37f03ab17308-jpgrendition.jpg?im=whresize&wid=200&hei=200,https://media-www.canadiantire.ca/product/fixing/electrical/rough-electrical/0523184/3-chrome-chain-3e6e5307-04fd-4275-9163-37f03ab17308-jpgrendition.jpg?im=whresize&wid=200&hei=200,,0523184,052-3184-0,Il n’en reste que 2 #052-3184-0,Liquidation◊Mieux notés,64.16,"1,43","3,99"
77,"Owen Sound, ON","Bluehive – Support d’extension universel pour téléphone intelligent, compatible avec la plupart des téléphones intelligents","Bluehive – Support d’extension universel pour téléphone intelligent, compatible avec la plupart des téléphones intelligents",1.93,"1,93 $",9.99,"Était±  9,99 $prix était 9,99 $",1.93,"1,93 $",1.93,"1,93 $",true,https://www.canadiantire.ca/fr/pdp/bluehive-support-d-extension-universel-pour-telephone-intelligent-compatible-avec-la-plupart-des-telephones-intelligents-0355434p.html,https://www.canadiantire.ca/fr/pdp/bluehive-support-d-extension-universel-pour-telephone-intelligent-compatible-avec-la-plupart-des-telephones-intelligents-0355434p.html,https://media-www.canadiantire.ca/product/automotive/car-care-accessories/auto-electronics/0355434/bluehive-universal-smartphone-laptop-extension-stand-a3f0b6be-1d5d-4329-8913-c2ec84f28d6d-jpgrendition.jpg?im=whresize&wid=200&hei=200,https://media-www.canadiantire.ca/product/automotive/car-care-accessories/auto-electronics/0355434/bluehive-universal-smartphone-laptop-extension-stand-a3f0b6be-1d5d-4329-8913-c2ec84f28d6d-jpgrendition.jpg?im=whresize&wid=200&hei=200,,0355434,035-5434-6,59 En Stock#035-5434-6,Liquidation◊Exclusivité,80.68,"1,93","9,99"
77,"Owen Sound, ON","Épices à frotter pour côtes de boeuf Vermont Castings, 184 g","Épices à frotter pour côtes de boeuf Vermont Castings, 184 g",3.93,"3,93 $",14.99,"Était±  14,99 $prix était 14,99 $",3.93,"3,93 $",3.93,"3,93 $",true,https://www.canadiantire.ca/fr/pdp/epices-a-frotter-pour-cotes-de-boeuf-vermont-castings-184-g-0850075p.html,https://www.canadiantire.ca/fr/pdp/epices-a-frotter-pour-cotes-de-boeuf-vermont-castings-184-g-0850075p.html,https://media-www.canadiantire.ca/product/seasonal-gardening/backyard-living/outdoor-cooking-fuels-flavours/0850075/vermont-castings-prime-beef-rub-3eb2ab4a-12a3-4d61-88c7-689177a0bcc2-jpgrendition.jpg?im=whresize&wid=200&hei=200,https://media-www.canadiantire.ca/product/seasonal-gardening/backyard-living/outdoor-cooking-fuels-flavours/0850075/vermont-castings-prime-beef-rub-3eb2ab4a-12a3-4d61-88c7-689177a0bcc2-jpgrendition.jpg?im=whresize&wid=200&hei=200,,0850075,085-0075-0,,Liquidation◊Mieux notés,73.78,"3,93","14,99"
77,"Owen Sound, ON","Gaine annelée Hopkins classe I, 1/2 po x 7 pi","Gaine annelée Hopkins classe I, 1/2 po x 7 pi",4.93,"4,93 $",10.99,"Était±  10,99 $prix était 10,99 $",4.93,"4,93 $",4.93,"4,93 $",true,https://www.canadiantire.ca/fr/pdp/gaine-annelee-hopkins-classe-i-1-2-po-x-7-pi-1407235p.html,https://www.canadiantire.ca/fr/pdp/gaine-annelee-hopkins-classe-i-1-2-po-x-7-pi-1407235p.html,https://media-www.canadiantire.ca/product/automotive/automotive-outdoor-adventure/auto-travel-storage/1407235/hopkins-1-2-in-convoluted-tubing-7-ft-5deab093-f419-4434-ac01-f602a5a8ed0f-jpgrendition.jpg?im=whresize&wid=200&hei=200,https://media-www.canadiantire.ca/product/automotive/automotive-outdoor-adventure/auto-travel-storage/1407235/hopkins-1-2-in-convoluted-tubing-7-ft-5deab093-f419-4434-ac01-f602a5a8ed0f-jpgrendition.jpg?im=whresize&wid=200&hei=200,,1407235,140-7235-6,Il n’en reste que 3 #140-7235-6,Liquidation◊,55.14,"4,93","10,99"
77,"Owen Sound, ON",Connecteur à lame 7 voies câble gainé à DEL de vérification Hopkins Towing Solution,Connecteur à lame 7 voies câble gainé à DEL de vérification Hopkins Towing Solution,41.93,"41,93 $",99.99,"Était±  99,99 $prix était 99,99 $",41.93,"41,93 $",41.93,"41,93 $",true,https://www.canadiantire.ca/fr/pdp/connecteur-a-lame-7-voies-cable-gaine-a-del-de-verification-hopkins-towing-solution-0409670p.html,https://www.canadiantire.ca/fr/pdp/connecteur-a-lame-7-voies-cable-gaine-a-del-de-verification-hopkins-towing-solution-0409670p.html,https://media-www.canadiantire.ca/product/automotive/automotive-outdoor-adventure/auto-travel-storage/0409670/led-test-jacketed-cable-7-blade-connector-61660711-970d-4903-a30f-cfb9c23ba3e1-jpgrendition.jpg?im=whresize&wid=200&hei=200,https://media-www.canadiantire.ca/product/automotive/automotive-outdoor-adventure/auto-travel-storage/0409670/led-test-jacketed-cable-7-blade-connector-61660711-970d-4903-a30f-cfb9c23ba3e1-jpgrendition.jpg?im=whresize&wid=200&hei=200,,0409670,040-9670-4,Il n’en reste que 1 #040-9670-4,Liquidation◊,58.07,"41,93","99,99"
77,"Owen Sound, ON","Patins de hockey Bauer Vapor Volt Pro, intermédiaire, choix de tailles","Patins de hockey Bauer Vapor Volt Pro, intermédiaire, choix de tailles",97.93,"97,93 $",249.99,"249,99 $Était   et+ prix était à partir de 249,99 $",97.93,"97,93 $",97.93,"97,93 $",true,https://www.canadiantire.ca/fr/pdp/patins-de-hockey-bauer-vapor-volt-pro-intermediaire-choix-de-tailles-1830026p.html,https://www.canadiantire.ca/fr/pdp/patins-de-hockey-bauer-vapor-volt-pro-intermediaire-choix-de-tailles-1830026p.html,https://media-www.canadiantire.ca/product/playing/hockey/skates/1830029/bauer-vapor-volt-pro-hockey-skate-senior-size-7-2e5af7b0-2972-48e2-a2a2-1b54b7026bc7-jpgrendition.jpg?im=whresize&wid=200&hei=200,https://media-www.canadiantire.ca/product/playing/hockey/skates/1830029/bauer-vapor-volt-pro-hockey-skate-senior-size-7-2e5af7b0-2972-48e2-a2a2-1b54b7026bc7-jpgrendition.jpg?im=whresize&wid=200&hei=200,,1830026,183-0026,Vérifiez la disponibilité#183-0026X,Liquidation◊Mieux notés,60.83,"97,93","249,99"
77,"Owen Sound, ON","Câble de recharge micro à pince magnétique, choix varié, 3,5 po","Câble de recharge micro à pince magnétique, choix varié, 3,5 po",0.43,"0,43 $",3.99,"Était±  3,99 $prix était 3,99 $",0.43,"0,43 $",0.43,"0,43 $",true,https://www.canadiantire.ca/fr/pdp/cable-de-recharge-micro-a-pince-magnetique-choix-varie-3-5-po-0355389p.html,https://www.canadiantire.ca/fr/pdp/cable-de-recharge-micro-a-pince-magnetique-choix-varie-3-5-po-0355389p.html,https://media-www.canadiantire.ca/product/automotive/car-care-accessories/auto-electronics/0355389/magnetic-clip-micro-cable-fishbowl-55f7cad6-fc13-4668-99b3-d165a2751dca-jpgrendition.jpg?im=whresize&wid=200&hei=200,https://media-www.canadiantire.ca/product/automotive/car-care-accessories/auto-electronics/0355389/magnetic-clip-micro-cable-fishbowl-55f7cad6-fc13-4668-99b3-d165a2751dca-jpgrendition.jpg?im=whresize&wid=200&hei=200,,0355389,035-5389-4,Il n’en reste que 6 #035-5389-4,Liquidation◊,89.22,"0,43","3,99"
77,"Owen Sound, ON",Étui de transport Disney Les Bagnoles pour enfants,Étui de transport Disney Les Bagnoles pour enfants,7.93,"7,93 $",32.99,"Était±  32,99 $prix était 32,99 $",7.93,"7,93 $",7.93,"7,93 $",true,https://www.canadiantire.ca/fr/pdp/etui-de-transport-disney-les-bagnoles-pour-enfants-0730177p.html,https://www.canadiantire.ca/fr/pdp/etui-de-transport-disney-les-bagnoles-pour-enfants-0730177p.html,https://media-www.canadiantire.ca/product/playing/cycling/bicycle-accessories/0730177/disney-cars-kids-playtoy-129d5a6a-8391-4e16-8604-8a7726248db9-jpgrendition.jpg?im=whresize&wid=200&hei=200,https://media-www.canadiantire.ca/product/playing/cycling/bicycle-accessories/0730177/disney-cars-kids-playtoy-129d5a6a-8391-4e16-8604-8a7726248db9-jpgrendition.jpg?im=whresize&wid=200&hei=200,,0730177,073-0177-6,Il n’en reste que 7 #073-0177-6,Liquidation◊Exclusivité,75.96,"7,93","32,99"
77,"Owen Sound, ON","Chaussures de randonnée basses à lacets entrecroisés Outbound Pace, hommes, gris","Chaussures de randonnée basses à lacets entrecroisés Outbound Pace, hommes, gris",32.93,"32,93 $",89.99,"89,99 $Était   et+ prix était à partir de 89,99 $",32.93,"32,93 $",32.93,"32,93 $",true,https://www.canadiantire.ca/fr/pdp/chaussures-de-randonnee-basses-a-lacets-entrecroises-outbound-pace-hommes-gris-1873469p.html,https://www.canadiantire.ca/fr/pdp/chaussures-de-randonnee-basses-a-lacets-entrecroises-outbound-pace-hommes-gris-1873469p.html,https://media-www.canadiantire.ca/product/playing/footwear-apparel/summer-footwear-apparel/1873469/outbound-pace-low-hiking-shoes-brown-men-size-7-6dda0d72-6e10-4acc-a2e9-a5913f89e23b-jpgrendition.jpg?im=whresize&wid=200&hei=200,https://media-www.canadiantire.ca/product/playing/footwear-apparel/summer-footwear-apparel/1873469/outbound-pace-low-hiking-shoes-brown-men-size-7-6dda0d72-6e10-4acc-a2e9-a5913f89e23b-jpgrendition.jpg?im=whresize&wid=200&hei=200,,1873469,187-3469,Vérifiez la disponibilité#187-3469X,Liquidation◊Exclusivité,63.41,"32,93","89,99"
77,"Owen Sound, ON","Crochet de suspension pour fil métallique Hangman, rebords de sécurité, capacité de 40 lb","Crochet de suspension pour fil métallique Hangman, rebords de sécurité, capacité de 40 lb",0.43,"0,43 $",5.49,"Était±  5,49 $prix était 5,49 $",0.43,"0,43 $",0.43,"0,43 $",true,https://www.canadiantire.ca/fr/pdp/crochet-de-suspension-pour-fil-metallique-hangman-rebords-de-securite-capacite-de-40-lb-1611041p.html,https://www.canadiantire.ca/fr/pdp/crochet-de-suspension-pour-fil-metallique-hangman-rebords-de-securite-capacite-de-40-lb-1611041p.html,https://media-www.canadiantire.ca/product/fixing/hardware/general-hardware/1611041/hangman-security-wire-hanger-1-set-bb0bd6e5-85ce-46fe-a473-fc10c0793c27-jpgrendition.jpg?im=whresize&wid=200&hei=200,https://media-www.canadiantire.ca/product/fixing/hardware/general-hardware/1611041/hangman-security-wire-hanger-1-set-bb0bd6e5-85ce-46fe-a473-fc10c0793c27-jpgrendition.jpg?im=whresize&wid=200&hei=200,,1611041,161-1041-2,Il n’en reste que 6 #161-1041-2,Liquidation◊Mieux notés,92.17,"0,43","5,49"
77,"Owen Sound, ON",Manivelle de rechange pour cric de remorque Bulldog,Manivelle de rechange pour cric de remorque Bulldog,4.93,"4,93 $",25.99,"Était±  25,99 $prix était 25,99 $",4.93,"4,93 $",4.93,"4,93 $",true,https://www.canadiantire.ca/fr/pdp/manivelle-de-rechange-pour-cric-de-remorque-bulldog-0406911p.html,https://www.canadiantire.ca/fr/pdp/manivelle-de-rechange-pour-cric-de-remorque-bulldog-0406911p.html,https://media-www.canadiantire.ca/product/automotive/automotive-outdoor-adventure/auto-travel-storage/0406911/bulldog-trailer-jack-replacement-topwind-hand-crank-f8c1834b-9d12-44ba-8994-1e79bb0dba57-jpgrendition.jpg?im=whresize&wid=200&hei=200,https://media-www.canadiantire.ca/product/automotive/automotive-outdoor-adventure/auto-travel-storage/0406911/bulldog-trailer-jack-replacement-topwind-hand-crank-f8c1834b-9d12-44ba-8994-1e79bb0dba57-jpgrendition.jpg?im=whresize&wid=200&hei=200,,0406911,040-6911-0,Il n’en reste que 2 #040-6911-0,Liquidation◊,81.03,"4,93","25,99"
77,"Owen Sound, ON",Pile alcaline de rechange PetSafe L1325 6V,Pile alcaline de rechange PetSafe L1325 6V,0.93,"0,93 $",8.99,"Était±  8,99 $prix était 8,99 $",0.93,"0,93 $",0.93,"0,93 $",true,https://www.canadiantire.ca/fr/pdp/pile-alcaline-de-rechange-petsafe-l1325-6v-0426492p.html,https://www.canadiantire.ca/fr/pdp/pile-alcaline-de-rechange-petsafe-l1325-6v-0426492p.html,https://media-www.canadiantire.ca/product/living/pet-care/pet-accessories/0426492/replacement-battery-for-42-6490-91-89-91e0035b-8a0d-424b-b127-a65d3add2397-jpgrendition.jpg?im=whresize&wid=200&hei=200,https://media-www.canadiantire.ca/product/living/pet-care/pet-accessories/0426492/replacement-battery-for-42-6490-91-89-91e0035b-8a0d-424b-b127-a65d3add2397-jpgrendition.jpg?im=whresize&wid=200&hei=200,,0426492,042-6492-2,10 En Stock#042-6492-2,Liquidation◊Mieux notés,89.66,"0,93","8,99"
77,"Owen Sound, ON",Faisceau double DEL Kolpin,Faisceau double DEL Kolpin,125,"125,00 $",269.99,"Était±  269,99 $prix était 269,99 $",125,"125,00 $",125,"125,00 $",true,https://www.canadiantire.ca/fr/pdp/faisceau-double-del-kolpin-0271829p.html,https://www.canadiantire.ca/fr/pdp/faisceau-double-del-kolpin-0271829p.html,https://media-www.canadiantire.ca/product/automotive/automotive-outdoor-adventure/powersport/0271829/ledduallydouble-floodpattern-3ffd2fdb-5d4c-438b-be8e-8982d3179d48-jpgrendition.jpg?im=whresize&wid=200&hei=200,https://media-www.canadiantire.ca/product/automotive/automotive-outdoor-adventure/powersport/0271829/ledduallydouble-floodpattern-3ffd2fdb-5d4c-438b-be8e-8982d3179d48-jpgrendition.jpg?im=whresize&wid=200&hei=200,,0271829,027-1829-2,Il n’en reste que 1 #027-1829-2,Liquidation◊,53.7,"125,00","269,99"
77,"Owen Sound, ON","Projecteur très lumineux Custom Accessories LED Innovations, multicolore","Projecteur très lumineux Custom Accessories LED Innovations, multicolore",19.93,"19,93 $",39.99,"Était±  39,99 $prix était 39,99 $",19.93,"19,93 $",19.93,"19,93 $",true,https://www.canadiantire.ca/fr/pdp/projecteur-tres-lumineux-custom-accessories-led-innovations-multicolore-0374579p.html,https://www.canadiantire.ca/fr/pdp/projecteur-tres-lumineux-custom-accessories-led-innovations-multicolore-0374579p.html,https://media-www.canadiantire.ca/product/automotive/car-care-accessories/auto-accessories/0374579/led-innovation-ultra-bright-pod-light-multi-colour-b891d5b1-4bb2-494d-8e66-c0dcf16b6e12-jpgrendition.jpg?im=whresize&wid=200&hei=200,https://media-www.canadiantire.ca/product/automotive/car-care-accessories/auto-accessories/0374579/led-innovation-ultra-bright-pod-light-multi-colour-b891d5b1-4bb2-494d-8e66-c0dcf16b6e12-jpgrendition.jpg?im=whresize&wid=200&hei=200,,0374579,037-4579-4,Il n’en reste que 2 #037-4579-4,Liquidation◊,50.16,"19,93","39,99"
77,"Owen Sound, ON","Bottes de chasse en caoutchouc et néoprène isolées Yukon Gear pour hommes, automne/hiver, imperméables, noir/camouflage","Bottes de chasse en caoutchouc et néoprène isolées Yukon Gear pour hommes, automne/hiver, imperméables, noir/camouflage",57.93,"57,93 $",119.99,"119,99 $Était   et+ prix était à partir de 119,99 $",57.93,"57,93 $",57.93,"57,93 $",true,https://www.canadiantire.ca/fr/pdp/bottes-de-chasse-en-caoutchouc-et-neoprene-isolees-yukon-gear-pour-hommes-automne-hiver-impermeables-noir-camouflage-3751221p.html,https://www.canadiantire.ca/fr/pdp/bottes-de-chasse-en-caoutchouc-et-neoprene-isolees-yukon-gear-pour-hommes-automne-hiver-impermeables-noir-camouflage-3751221p.html,https://media-www.canadiantire.ca/product/playing/hunting/hunting-apparel-footwear/3751221/yukon-gear12-rubber-neoprene-boot-sizes-9-9142ce46-bf4b-4846-a548-431eda4968a0-jpgrendition.jpg?im=whresize&wid=200&hei=200,https://media-www.canadiantire.ca/product/playing/hunting/hunting-apparel-footwear/3751221/yukon-gear12-rubber-neoprene-boot-sizes-9-9142ce46-bf4b-4846-a548-431eda4968a0-jpgrendition.jpg?im=whresize&wid=200&hei=200,,3751221,375-1221,Vérifiez la disponibilité#375-1221X,Liquidation◊Exclusivité,51.72,"57,93","119,99"
77,"Owen Sound, ON",Brosse pour les poils d'animaux SIMONIZ,Brosse pour les poils d'animaux SIMONIZ,2.93,"2,93 $",7.99,"Était±  7,99 $prix était 7,99 $",2.93,"2,93 $",2.93,"2,93 $",true,https://www.canadiantire.ca/fr/pdp/brosse-pour-les-poils-d-animaux-simoniz-0396580p.html,https://www.canadiantire.ca/fr/pdp/brosse-pour-les-poils-d-animaux-simoniz-0396580p.html,https://media-www.canadiantire.ca/product/automotive/car-care-accessories/auto-cleaning-tools/0396580/simoniz-pet-hair-remover-2cda0371-2f5c-4e6f-b3a1-6df304aed4fb-jpgrendition.jpg?im=whresize&wid=200&hei=200,https://media-www.canadiantire.ca/product/automotive/car-care-accessories/auto-cleaning-tools/0396580/simoniz-pet-hair-remover-2cda0371-2f5c-4e6f-b3a1-6df304aed4fb-jpgrendition.jpg?im=whresize&wid=200&hei=200,,0396580,039-6580-2,Il n’en reste que 1 #039-6580-2,Liquidation◊Mieux notés,63.33,"2,93","7,99"
77,"Owen Sound, ON","Recharge de jouet ruban frisé Petco pour chats, 14 po","Recharge de jouet ruban frisé Petco pour chats, 14 po",2.93,"2,93 $",7.99,"Était±  7,99 $prix était 7,99 $",2.93,"2,93 $",2.93,"2,93 $",true,https://www.canadiantire.ca/fr/pdp/recharge-de-jouet-ruban-frise-petco-pour-chats-14-po-1427424p.html,https://www.canadiantire.ca/fr/pdp/recharge-de-jouet-ruban-frise-petco-pour-chats-14-po-1427424p.html,https://media-www.canadiantire.ca/product/living/pet-care/pet-accessories/1427424/petco-curly-ribbon-cat-teaser-refill-14--12363ecb-56b4-45c3-90bc-79838a5b7b40-jpgrendition.jpg?im=whresize&wid=200&hei=200,https://media-www.canadiantire.ca/product/living/pet-care/pet-accessories/1427424/petco-curly-ribbon-cat-teaser-refill-14--12363ecb-56b4-45c3-90bc-79838a5b7b40-jpgrendition.jpg?im=whresize&wid=200&hei=200,,1427424,142-7424-2,13 En Stock#142-7424-2,Liquidation◊Mieux notés,63.33,"2,93","7,99"
77,"Owen Sound, ON","Leurre Mister Twister, Sassy Shad","Leurre Mister Twister, Sassy Shad",3.43,"3,43 $",7.99,"Était±  7,99 $prix était 7,99 $",3.43,"3,43 $",3.43,"3,43 $",true,https://www.canadiantire.ca/fr/pdp/leurre-mister-twister-sassy-shad-0783979p.html,https://www.canadiantire.ca/fr/pdp/leurre-mister-twister-sassy-shad-0783979p.html,https://media-www.canadiantire.ca/product/playing/fishing/fishing-lures/0783979/mister-twister-sassy-shad-white-black-2-5-15-pack-09f59455-11e0-45b0-bd97-90b648bc1b76-jpgrendition.jpg?im=whresize&wid=200&hei=200,https://media-www.canadiantire.ca/product/playing/fishing/fishing-lures/0783979/mister-twister-sassy-shad-white-black-2-5-15-pack-09f59455-11e0-45b0-bd97-90b648bc1b76-jpgrendition.jpg?im=whresize&wid=200&hei=200,,0783979,078-3979-0,Il n’en reste que 3 #078-3979-0,Liquidation◊,57.07,"3,43","7,99"
77,"Owen Sound, ON",Barre lumineuse d'identification à DEL Hopkins Towing Solution,Barre lumineuse d'identification à DEL Hopkins Towing Solution,9.93,"9,93 $",20.99,"Était±  20,99 $prix était 20,99 $",9.93,"9,93 $",9.93,"9,93 $",true,https://www.canadiantire.ca/fr/pdp/barre-lumineuse-d-identification-a-del-hopkins-towing-solution-0203860p.html,https://www.canadiantire.ca/fr/pdp/barre-lumineuse-d-identification-a-del-hopkins-towing-solution-0203860p.html,https://media-www.canadiantire.ca/product/automotive/automotive-outdoor-adventure/auto-travel-storage/0203860/led-submersible-identification-light-bar-4253a6ad-29ad-4323-8167-1e8e045714c5-jpgrendition.jpg?im=whresize&wid=200&hei=200,https://media-www.canadiantire.ca/product/automotive/automotive-outdoor-adventure/auto-travel-storage/0203860/led-submersible-identification-light-bar-4253a6ad-29ad-4323-8167-1e8e045714c5-jpgrendition.jpg?im=whresize&wid=200&hei=200,,0203860,020-3860-6,Il n’en reste que 2 #020-3860-6,Liquidation◊,52.69,"9,93","20,99"
77,"Owen Sound, ON","Câble robuste Scosche StrikelineMC USB-C Lightning, certifié MFi Apple, câble robuste, noir, 4 pi","Câble robuste Scosche StrikelineMC USB-C Lightning, certifié MFi Apple, câble robuste, noir, 4 pi",11.93,"11,93 $",32.99,"Était±  32,99 $prix était 32,99 $",11.93,"11,93 $",11.93,"11,93 $",true,https://www.canadiantire.ca/fr/pdp/cable-robuste-scosche-strikelinemc-usb-c-lightning-certifie-mfi-apple-cable-robuste-noir-4-pi-0355559p.html,https://www.canadiantire.ca/fr/pdp/cable-robuste-scosche-strikelinemc-usb-c-lightning-certifie-mfi-apple-cable-robuste-noir-4-pi-0355559p.html,https://media-www.canadiantire.ca/product/automotive/car-care-accessories/auto-electronics/0355559/scosche-strikeline-heavy-duty-usb-c-to-lightning-cable-4ft-5edfca9a-52d3-4673-9d54-efd1de63ec65-jpgrendition.jpg?im=whresize&wid=200&hei=200,https://media-www.canadiantire.ca/product/automotive/car-care-accessories/auto-electronics/0355559/scosche-strikeline-heavy-duty-usb-c-to-lightning-cable-4ft-5edfca9a-52d3-4673-9d54-efd1de63ec65-jpgrendition.jpg?im=whresize&wid=200&hei=200,,0355559,035-5559-0,Il n’en reste que 1 #035-5559-0,Liquidation◊Mieux notés,63.84,"11,93","32,99"
77,"Owen Sound, ON",Filtre rinçable primaire Hoover,Filtre rinçable primaire Hoover,12.93,"12,93 $",27.99,"Était±  27,99 $prix était 27,99 $",12.93,"12,93 $",12.93,"12,93 $",true,https://www.canadiantire.ca/fr/pdp/filtre-rincable-primaire-hoover-0439458p.html,https://www.canadiantire.ca/fr/pdp/filtre-rincable-primaire-hoover-0439458p.html,https://media-www.canadiantire.ca/product/living/cleaning/vacuums-and-floorcare/0439458/hoover-reusable-upright-pre-motor-filter-6f7e61a6-e08e-406a-986c-562bf9504271-jpgrendition.jpg?im=whresize&wid=200&hei=200,https://media-www.canadiantire.ca/product/living/cleaning/vacuums-and-floorcare/0439458/hoover-reusable-upright-pre-motor-filter-6f7e61a6-e08e-406a-986c-562bf9504271-jpgrendition.jpg?im=whresize&wid=200&hei=200,,0439458,043-9458-6,Il n’en reste que 2 #043-9458-6,Liquidation◊Mieux notés,53.8,"12,93","27,99"
77,"Owen Sound, ON","Guirlande lumineuse de toile d'araignée For Living, lumière à DEL, argent, 5 1/2 pi, paq. 10, décorations d'intérieur et d'extérieur pour l'Halloween","Guirlande lumineuse de toile d'araignée For Living, lumière à DEL, argent, 5 1/2 pi, paq. 10, décorations d'intérieur et d'extérieur pour l'Halloween",2.93,"2,93 $",22.99,"Était±  22,99 $prix était 22,99 $",2.93,"2,93 $",2.93,"2,93 $",true,https://www.canadiantire.ca/fr/pdp/guirlande-lumineuse-de-toile-d-araignee-for-living-lumiere-a-del-argent-5-1-2-pi-paq-10-decorations-d-interieur-et-d-exterieur-pour-l-halloween-1519159p.html,https://www.canadiantire.ca/fr/pdp/guirlande-lumineuse-de-toile-d-araignee-for-living-lumiere-a-del-argent-5-1-2-pi-paq-10-decorations-d-interieur-et-d-exterieur-pour-l-halloween-1519159p.html,https://media-www.canadiantire.ca/product/seasonal-gardening/seasonal/halloween-harvest/1519159/10-blub-string-lights-spider-d1706d8d-d9b6-4e9d-9ef4-a2d883996e33-jpgrendition.jpg?im=whresize&wid=200&hei=200,https://media-www.canadiantire.ca/product/seasonal-gardening/seasonal/halloween-harvest/1519159/10-blub-string-lights-spider-d1706d8d-d9b6-4e9d-9ef4-a2d883996e33-jpgrendition.jpg?im=whresize&wid=200&hei=200,,1519159,151-9159-0,,Liquidation◊Mieux notés,87.26,"2,93","22,99"
77,"Owen Sound, ON","Ballon en aluminium satiné rond Pixel Party Happy B-Day, vert/brun, 18 po, gonflement à l'hélium et ruban inclus, pour fête d'anniversaire","Ballon en aluminium satiné rond Pixel Party Happy B-Day, vert/brun, 18 po, gonflement à l'hélium et ruban inclus, pour fête d'anniversaire",2.93,"2,93 $",6.99,"Était±  6,99 $prix était 6,99 $",2.93,"2,93 $",2.93,"2,93 $",true,https://www.canadiantire.ca/fr/pdp/ballon-en-aluminium-satine-rond-pixel-party-happy-b-day-vert-brun-18-po-gonflement-a-l-helium-et-ruban-inclus-pour-fete-d-anniversaire-8547161p.html,https://www.canadiantire.ca/fr/pdp/ballon-en-aluminium-satine-rond-pixel-party-happy-b-day-vert-brun-18-po-gonflement-a-l-helium-et-ruban-inclus-pour-fete-d-anniversaire-8547161p.html,https://media-www.canadiantire.ca/product/seasonal-gardening/party-city-everyday/party-city-balloons-accessories/8547161/pixel-party-standard-balloon-a398bb3d-b38b-4050-a4ad-eaee3c3bcc70-jpgrendition.jpg?im=whresize&wid=200&hei=200,https://media-www.canadiantire.ca/product/seasonal-gardening/party-city-everyday/party-city-balloons-accessories/8547161/pixel-party-standard-balloon-a398bb3d-b38b-4050-a4ad-eaee3c3bcc70-jpgrendition.jpg?im=whresize&wid=200&hei=200,,8547161,854-7161-2,Il n’en reste que 1 #854-7161-2,Liquidation◊Mieux notés,58.08,"2,93","6,99"
77,"Owen Sound, ON","Fil de connexion NOMA, 10 po","Fil de connexion NOMA, 10 po",0.43,"0,43 $",2.99,"2,99 $Était   et+ prix était à partir de 2,99 $",0.43,"0,43 $",0.43,"0,43 $",true,https://www.canadiantire.ca/fr/pdp/fil-de-connexion-noma-10-po-0527856p.html,https://www.canadiantire.ca/fr/pdp/fil-de-connexion-noma-10-po-0527856p.html,https://media-www.canadiantire.ca/product/living/home-decor/lighting/0527856/wave-10-connect-wire-fc8fdb8a-aea4-44b5-8d1b-b6310b4ec24d-jpgrendition.jpg?im=whresize&wid=200&hei=200,https://media-www.canadiantire.ca/product/living/home-decor/lighting/0527856/wave-10-connect-wire-fc8fdb8a-aea4-44b5-8d1b-b6310b4ec24d-jpgrendition.jpg?im=whresize&wid=200&hei=200,,0527856,052-7856,Vérifiez la disponibilité#052-7856X,Liquidation◊Mieux notés,85.62,"0,43","2,99"
77,"Owen Sound, ON",Vérificateur de circuit avec voyant Innova 3410,Vérificateur de circuit avec voyant Innova 3410,4.93,"4,93 $",17.49,"Était±  17,49 $prix était 17,49 $",4.93,"4,93 $",4.93,"4,93 $",true,https://www.canadiantire.ca/fr/pdp/verificateur-de-circuit-avec-voyant-innova-3410-0251061p.html,https://www.canadiantire.ca/fr/pdp/verificateur-de-circuit-avec-voyant-innova-3410-0251061p.html,https://media-www.canadiantire.ca/product/automotive/auto-maintenance/auto-shop-equipment-supplies/0251061/testlight-circuittester-3b0b069c-aa8b-4ebe-95bd-92ca9b311407-jpgrendition.jpg?im=whresize&wid=200&hei=200,https://media-www.canadiantire.ca/product/automotive/auto-maintenance/auto-shop-equipment-supplies/0251061/testlight-circuittester-3b0b069c-aa8b-4ebe-95bd-92ca9b311407-jpgrendition.jpg?im=whresize&wid=200&hei=200,,0251061,025-1061-0,10 En Stock#025-1061-0,Liquidation◊Mieux notés,71.81,"4,93","17,49"
77,"Owen Sound, ON","Manuel automobile Haynes, 38005","Manuel automobile Haynes, 38005",1.73,"1,73 $",32.99,"Était±  32,99 $prix était 32,99 $",1.73,"1,73 $",1.73,"1,73 $",true,https://www.canadiantire.ca/fr/pdp/manuel-automobile-haynes-38005-0259090p.html,https://www.canadiantire.ca/fr/pdp/manuel-automobile-haynes-38005-0259090p.html,https://media-www.canadiantire.ca/product/automotive/auto-maintenance/auto-shop-equipment-supplies/0259090/38005-gm-cent-celeb-ciera-cruis-6k-82-96-baf4ee8c-b31d-4932-8330-de703bd9be76-jpgrendition.jpg?im=whresize&wid=200&hei=200,https://media-www.canadiantire.ca/product/automotive/auto-maintenance/auto-shop-equipment-supplies/0259090/38005-gm-cent-celeb-ciera-cruis-6k-82-96-baf4ee8c-b31d-4932-8330-de703bd9be76-jpgrendition.jpg?im=whresize&wid=200&hei=200,,0259090,025-9090-2,Il n’en reste que 1 #025-9090-2,Liquidation◊,94.76,"1,73","32,99"
77,"Owen Sound, ON",Bottes dʼhiver isolées Outbound Snowfall pour dames,Bottes dʼhiver isolées Outbound Snowfall pour dames,44.93,"44,93 $",99.99,"99,99 $Était   et+ prix était à partir de 99,99 $",44.93,"44,93 $",44.93,"44,93 $",true,https://www.canadiantire.ca/fr/pdp/bottes-d-hiver-isolees-outbound-snowfall-pour-dames-1873621p.html,https://www.canadiantire.ca/fr/pdp/bottes-d-hiver-isolees-outbound-snowfall-pour-dames-1873621p.html,https://media-www.canadiantire.ca/product/playing/footwear-apparel/winter-footwear-apparel/1873621/women-s-snowfall-insulated-winter-boot-6-bd92a426-ced5-40b5-a104-e7adb8f24c58-jpgrendition.jpg?im=whresize&wid=200&hei=200,https://media-www.canadiantire.ca/product/playing/footwear-apparel/winter-footwear-apparel/1873621/women-s-snowfall-insulated-winter-boot-6-bd92a426-ced5-40b5-a104-e7adb8f24c58-jpgrendition.jpg?im=whresize&wid=200&hei=200,,1873621,187-3621,Vérifiez la disponibilité#187-3621X,Liquidation◊Exclusivité,55.07,"44,93","99,99"
77,"Owen Sound, ON","Pavillon de plafond de luxe Atron Electro Industries LA612, blanc","Pavillon de plafond de luxe Atron Electro Industries LA612, blanc",2.93,"2,93 $",5.99,"Était±  5,99 $prix était 5,99 $",2.93,"2,93 $",2.93,"2,93 $",true,https://www.canadiantire.ca/fr/pdp/pavillon-de-plafond-de-luxe-atron-electro-industries-la612-blanc-0523116p.html,https://www.canadiantire.ca/fr/pdp/pavillon-de-plafond-de-luxe-atron-electro-industries-la612-blanc-0523116p.html,https://media-www.canadiantire.ca/product/fixing/electrical/rough-electrical/0523117/canopy-kit-deluxe-antiqued-brass-2ad24e31-8476-49ee-9612-944b3672fc82-jpgrendition.jpg?im=whresize&wid=200&hei=200,https://media-www.canadiantire.ca/product/fixing/electrical/rough-electrical/0523117/canopy-kit-deluxe-antiqued-brass-2ad24e31-8476-49ee-9612-944b3672fc82-jpgrendition.jpg?im=whresize&wid=200&hei=200,,0523116,052-3117-2,Il n’en reste que 2 #052-3117-2,Liquidation◊,51.09,"2,93","5,99"
77,"Owen Sound, ON","Leurre remorque en plastique souple durable Lunkerhunt Tandem, 3 po","Leurre remorque en plastique souple durable Lunkerhunt Tandem, 3 po",3.43,"3,43 $",8.99,"8,99 $Était   et+ prix était à partir de 8,99 $",3.43,"3,43 $",3.43,"3,43 $",true,https://www.canadiantire.ca/fr/pdp/leurre-remorque-en-plastique-souple-durable-lunkerhunt-tandem-3-po-1785301p.html,https://www.canadiantire.ca/fr/pdp/leurre-remorque-en-plastique-souple-durable-lunkerhunt-tandem-3-po-1785301p.html,https://media-www.canadiantire.ca/product/playing/fishing/fishing-lures/1785316/lunkerhunt-tandem-trailer-3--ab75e2eb-37cd-4b0d-bd81-4d1b479d1b26-jpgrendition.jpg?im=whresize&wid=200&hei=200,https://media-www.canadiantire.ca/product/playing/fishing/fishing-lures/1785316/lunkerhunt-tandem-trailer-3--ab75e2eb-37cd-4b0d-bd81-4d1b479d1b26-jpgrendition.jpg?im=whresize&wid=200&hei=200,,1785301,178-5301,Vérifiez la disponibilité#178-5301X,Liquidation◊,61.85,"3,43","8,99"
77,"Owen Sound, ON","Housse hydrofuge pour trampoline rond, 8 pi, sangles robustes, bleu","Housse hydrofuge pour trampoline rond, 8 pi, sangles robustes, bleu",5,"5,00 $",19.99,"Était±  19,99 $prix était 19,99 $",5,"5,00 $",5,"5,00 $",true,https://www.canadiantire.ca/fr/pdp/housse-hydrofuge-pour-trampoline-rond-8-pi-sangles-robustes-bleu-0846890p.html,https://www.canadiantire.ca/fr/pdp/housse-hydrofuge-pour-trampoline-rond-8-pi-sangles-robustes-bleu-0846890p.html,https://media-www.canadiantire.ca/product/seasonal-gardening/backyard-fun/backyard-amusement/0846890/trampoline-cover-8--8c784a3a-3ac1-4366-81b8-72f341ce4c04-jpgrendition.jpg?im=whresize&wid=200&hei=200,https://media-www.canadiantire.ca/product/seasonal-gardening/backyard-fun/backyard-amusement/0846890/trampoline-cover-8--8c784a3a-3ac1-4366-81b8-72f341ce4c04-jpgrendition.jpg?im=whresize&wid=200&hei=200,,0846890,084-6890-4,9 En Stock#084-6890-4,Liquidation◊,74.99,"5,00","19,99"
77,"Owen Sound, ON",Repose flèche-lanceur Mossy Oak,Repose flèche-lanceur Mossy Oak,8.43,"8,43 $",21.99,"Était±  21,99 $prix était 21,99 $",8.43,"8,43 $",8.43,"8,43 $",true,https://www.canadiantire.ca/fr/pdp/repose-fleche-lanceur-mossy-oak-0758052p.html,https://www.canadiantire.ca/fr/pdp/repose-fleche-lanceur-mossy-oak-0758052p.html,https://media-www.canadiantire.ca/product/playing/hunting/hunting-equipment/0758052/mossy-oak-launcher-arrow-rest-09612722-9107-402c-bca1-8687632f6be3-jpgrendition.jpg?im=whresize&wid=200&hei=200,https://media-www.canadiantire.ca/product/playing/hunting/hunting-equipment/0758052/mossy-oak-launcher-arrow-rest-09612722-9107-402c-bca1-8687632f6be3-jpgrendition.jpg?im=whresize&wid=200&hei=200,,0758052,075-8052-0,Il n’en reste que 1 #075-8052-0,Liquidation◊,61.66,"8,43","21,99"
77,"Owen Sound, ON",Harnais Xcalibur pour le brochet,Harnais Xcalibur pour le brochet,1.93,"1,93 $",5.99,"5,99 $Était   et+ prix était à partir de 5,99 $",1.93,"1,93 $",1.93,"1,93 $",true,https://www.canadiantire.ca/fr/pdp/harnais-xcalibur-pour-le-brochet-0786846p.html,https://www.canadiantire.ca/fr/pdp/harnais-xcalibur-pour-le-brochet-0786846p.html,https://media-www.canadiantire.ca/product/playing/fishing/fishing-lures/0786846/matzuo-pike-harness-firetiger-e9dfe828-903b-4613-a7c2-e57189a7991a-jpgrendition.jpg?im=whresize&wid=200&hei=200,https://media-www.canadiantire.ca/product/playing/fishing/fishing-lures/0786846/matzuo-pike-harness-firetiger-e9dfe828-903b-4613-a7c2-e57189a7991a-jpgrendition.jpg?im=whresize&wid=200&hei=200,,0786846,078-6846,Vérifiez la disponibilité#078-6846X,Liquidation◊Exclusivité,67.78,"1,93","5,99"
77,"Owen Sound, ON","Ballon en aluminium satiné, perluète, choix de couleurs, 11 x 14 po, gonflé d'air, pour anniversaire/remise de diplômes/fête prénatale/mariage de finissants","Ballon en aluminium satiné, perluète, choix de couleurs, 11 x 14 po, gonflé d'air, pour anniversaire/remise de diplômes/fête prénatale/mariage de finissants",0.43,"0,43 $",2.99,"2,99 $Était   et+ prix était à partir de 2,99 $",0.43,"0,43 $",0.43,"0,43 $",true,https://www.canadiantire.ca/fr/pdp/ballon-en-aluminium-satine-perluete-choix-de-couleurs-11-x-14-po-gonfle-d-air-pour-anniversaire-remise-de-diplomes-fete-prenatale-mariage-de-finissants-8423768p.html,https://www.canadiantire.ca/fr/pdp/ballon-en-aluminium-satine-perluete-choix-de-couleurs-11-x-14-po-gonfle-d-air-pour-anniversaire-remise-de-diplomes-fete-prenatale-mariage-de-finissants-8423768p.html,https://media-www.canadiantire.ca/product/seasonal-gardening/party-city-everyday/party-city-party-supplies-decor/8423768/gld-blln-a-f-a-1427563c-4a8c-40a9-80e5-738dea6ac968-jpgrendition.jpg?im=whresize&wid=200&hei=200,https://media-www.canadiantire.ca/product/seasonal-gardening/party-city-everyday/party-city-party-supplies-decor/8423768/gld-blln-a-f-a-1427563c-4a8c-40a9-80e5-738dea6ac968-jpgrendition.jpg?im=whresize&wid=200&hei=200,,8423768,842-3768,Vérifiez la disponibilité#842-3768X,Liquidation◊,85.62,"0,43","2,99"
77,"Owen Sound, ON",Support de chape Reese Towpower,Support de chape Reese Towpower,55.93,"55,93 $",134.99,"Était±  134,99 $prix était 134,99 $",55.93,"55,93 $",55.93,"55,93 $",true,https://www.canadiantire.ca/fr/pdp/support-de-chape-reese-towpower-0403042p.html,https://www.canadiantire.ca/fr/pdp/support-de-chape-reese-towpower-0403042p.html,https://media-www.canadiantire.ca/product/automotive/automotive-outdoor-adventure/auto-travel-storage/0403042/receivermountclevis-6d867ccb-9a4a-4915-a5c2-2a5cee1c44ea-jpgrendition.jpg?im=whresize&wid=200&hei=200,https://media-www.canadiantire.ca/product/automotive/automotive-outdoor-adventure/auto-travel-storage/0403042/receivermountclevis-6d867ccb-9a4a-4915-a5c2-2a5cee1c44ea-jpgrendition.jpg?im=whresize&wid=200&hei=200,,0403042,040-3042-6,Il n’en reste que 2 #040-3042-6,Liquidation◊Mieux notés,58.57,"55,93","134,99"
77,"Owen Sound, ON",Bottes d'hiver avec doublure en feutre isolées en nylon et caoutchouc à double Velcro enfants Outbound pour garçons,Bottes d'hiver avec doublure en feutre isolées en nylon et caoutchouc à double Velcro enfants Outbound pour garçons,17.93,"17,93 $",44.99,"44,99 $Était   et+ prix était à partir de 44,99 $",17.93,"17,93 $",17.93,"17,93 $",true,https://www.canadiantire.ca/fr/pdp/bottes-d-hiver-avec-doublure-en-feutre-isolees-en-nylon-et-caoutchouc-a-double-velcro-enfants-outbound-pour-garcons-1870951p.html,https://www.canadiantire.ca/fr/pdp/bottes-d-hiver-avec-doublure-en-feutre-isolees-en-nylon-et-caoutchouc-a-double-velcro-enfants-outbound-pour-garcons-1870951p.html,https://media-www.canadiantire.ca/product/playing/footwear-apparel/winter-footwear-apparel/1870951/boy-s-nylon-boot-11-d1790236-9c0b-41a3-b6e3-bf78f88c192c-jpgrendition.jpg?im=whresize&wid=200&hei=200,https://media-www.canadiantire.ca/product/playing/footwear-apparel/winter-footwear-apparel/1870951/boy-s-nylon-boot-11-d1790236-9c0b-41a3-b6e3-bf78f88c192c-jpgrendition.jpg?im=whresize&wid=200&hei=200,,1870951,187-0951,Vérifiez la disponibilité#187-0951X,Liquidation◊Exclusivité,60.15,"17,93","44,99"
77,"Owen Sound, ON","Étiquette personnalisée pour chien Qalo TraQ, silicone","Étiquette personnalisée pour chien Qalo TraQ, silicone",19.93,"19,93 $",59.99,"59,99 $Était   et+ prix était à partir de 59,99 $",19.93,"19,93 $",19.93,"19,93 $",true,https://www.canadiantire.ca/fr/pdp/etiquette-personnalisee-pour-chien-qalo-traq-silicone-1427537p.html,https://www.canadiantire.ca/fr/pdp/etiquette-personnalisee-pour-chien-qalo-traq-silicone-1427537p.html,https://media-www.canadiantire.ca/product/living/pet-care/pet-accessories/1427541/qalotraq-classic-navy-silicone-dog-id-tag-8d763508-8e0d-49af-a7b3-5c6e8819f701-jpgrendition.jpg?im=whresize&wid=200&hei=200,https://media-www.canadiantire.ca/product/living/pet-care/pet-accessories/1427541/qalotraq-classic-navy-silicone-dog-id-tag-8d763508-8e0d-49af-a7b3-5c6e8819f701-jpgrendition.jpg?im=whresize&wid=200&hei=200,,1427537,142-7537,Vérifiez la disponibilité#142-7537X,Liquidation◊,66.78,"19,93","59,99"
