store_id,city,name,title,price,price_raw,regular_price,regular_price_raw,liquidation_price,liquidation_price_raw,sale_price,sale_price_raw,liquidation,url,link,image,image_url,product_id,sku,sku_formatted,availability,badges,discount_percent,price_sale_clean,price_original_clean
90,"St. Catharines, ON",Garde-robe à miroir rétractable Canvas,Garde-robe à miroir rétractable Canvas,199.93,"199,93 $",499.99,"Était±  499,99 $prix était 499,99 $",199.93,"199,93 $",199.93,"199,93 $",true,https://www.canadiantire.ca/fr/pdp/garde-robe-a-miroir-retractable-canvas-1680201p.html,https://www.canadiantire.ca/fr/pdp/garde-robe-a-miroir-retractable-canvas-1680201p.html,https://media-www.canadiantire.ca/product/living/home-decor/furniture/1680201/canvas-wardrobe-with-pullout-mirror-22f525bf-93c2-43fc-b5b1-e5ba5516f382-jpgrendition.jpg?im=whresize&wid=200&hei=200,https://media-www.canadiantire.ca/product/living/home-decor/furniture/1680201/canvas-wardrobe-with-pullout-mirror-22f525bf-93c2-43fc-b5b1-e5ba5516f382-jpgrendition.jpg?im=whresize&wid=200&hei=200,,1680201,168-0201-4,Il n’en reste que 1 #168-0201-4,Liquidation◊Exclusivité,60.01,"199,93","499,99"
90,"St. Catharines, ON","Tasses à mesurer empilables en plastique MASTER Chef, paq. 10","Tasses à mesurer empilables en plastique MASTER Chef, paq. 10",6.88,"6,88 $",24.99,"Était±  24,99 $prix était 24,99 $",6.88,"6,88 $",6.88,"6,88 $",true,https://www.canadiantire.ca/fr/pdp/tasses-a-mesurer-empilables-en-plastique-master-chef-paq-10-1429676p.html,https://www.canadiantire.ca/fr/pdp/tasses-a-mesurer-empilables-en-plastique-master-chef-paq-10-1429676p.html,https://media-www.canadiantire.ca/product/living/kitchen/bakeware-baking-prep/1429676/master-chef-10pc-measuring-cup-set-73c761cb-c28c-42fe-a32e-f57a30c6b9a6-jpgrendition.jpg?im=whresize&wid=200&hei=200,https://media-www.canadiantire.ca/product/living/kitchen/bakeware-baking-prep/1429676/master-chef-10pc-measuring-cup-set-73c761cb-c28c-42fe-a32e-f57a30c6b9a6-jpgrendition.jpg?im=whresize&wid=200&hei=200,,1429676,142-9676-0,164 En Stock#142-9676-0,Liquidation◊Mieux notés,72.47,"6,88","24,99"
90,"St. Catharines, ON",Abri soleil Outbound Haven à système de 2 moyeux,Abri soleil Outbound Haven à système de 2 moyeux,29.88,"29,88 $",79.99,"Était±  79,99 $prix était 79,99 $",29.88,"29,88 $",29.88,"29,88 $",true,https://www.canadiantire.ca/fr/pdp/abri-soleil-outbound-haven-a-systeme-de-2-moyeux-0766442p.html,https://www.canadiantire.ca/fr/pdp/abri-soleil-outbound-haven-a-systeme-de-2-moyeux-0766442p.html,https://media-www.canadiantire.ca/product/playing/camping/tents-shelters/0766442/outbound-haven-2hub-sun-shelter-dd9ff823-d50f-4269-a2f3-7cb00e9450a9-jpgrendition.jpg?im=whresize&wid=200&hei=200,https://media-www.canadiantire.ca/product/playing/camping/tents-shelters/0766442/outbound-haven-2hub-sun-shelter-dd9ff823-d50f-4269-a2f3-7cb00e9450a9-jpgrendition.jpg?im=whresize&wid=200&hei=200,,0766442,076-6442-2,Il n’en reste que 7 #076-6442-2,Liquidation◊Mieux notés,62.65,"29,88","79,99"
90,"St. Catharines, ON","Sorbetière numérique Vida par PADERNO, machine à crème glacée et gâteries 4-en-1, acier inoxydable, 1,9 L","Sorbetière numérique Vida par PADERNO, machine à crème glacée et gâteries 4-en-1, acier inoxydable, 1,9 L",59.88,"59,88 $",149.99,"Était±  149,99 $prix était 149,99 $",59.88,"59,88 $",59.88,"59,88 $",true,https://www.canadiantire.ca/fr/pdp/sorbetiere-numerique-vida-par-paderno-machine-a-creme-glacee-et-gateries-4-en-1-acier-inoxydable-1-9-l-0431564p.html,https://www.canadiantire.ca/fr/pdp/sorbetiere-numerique-vida-par-paderno-machine-a-creme-glacee-et-gateries-4-en-1-acier-inoxydable-1-9-l-0431564p.html,https://media-www.canadiantire.ca/product/living/kitchen/kitchen-appliances/0431564/vida-by-paderno-ice-cream-maker-cab802eb-a002-46c2-b174-7fca7a24c75c-jpgrendition.jpg?im=whresize&wid=200&hei=200,https://media-www.canadiantire.ca/product/living/kitchen/kitchen-appliances/0431564/vida-by-paderno-ice-cream-maker-cab802eb-a002-46c2-b174-7fca7a24c75c-jpgrendition.jpg?im=whresize&wid=200&hei=200,,0431564,043-1564-0,31 En Stock#043-1564-0,Liquidation◊Mieux notés,60.08,"59,88","149,99"
90,"St. Catharines, ON","Service de vaisselle coupé en grès MasterChef pour 8 personnes, paq. 24, bleu sodalite","Service de vaisselle coupé en grès MasterChef pour 8 personnes, paq. 24, bleu sodalite",39.88,"39,88 $",99.99,"Était±  99,99 $prix était 99,99 $",39.88,"39,88 $",39.88,"39,88 $",true,https://www.canadiantire.ca/fr/pdp/service-de-vaisselle-coupe-en-gres-masterchef-pour-8-personnes-paq-24-bleu-sodalite-2421196p.html,https://www.canadiantire.ca/fr/pdp/service-de-vaisselle-coupe-en-gres-masterchef-pour-8-personnes-paq-24-bleu-sodalite-2421196p.html,https://media-www.canadiantire.ca/product/living/kitchen/dining-and-entertaining/2421196/master-chef-essential-coupe-24pc-dinnerware-set-blue-c85cb18a-8249-4642-84cd-a5744c25b94f-jpgrendition.jpg?im=whresize&wid=200&hei=200,https://media-www.canadiantire.ca/product/living/kitchen/dining-and-entertaining/2421196/master-chef-essential-coupe-24pc-dinnerware-set-blue-c85cb18a-8249-4642-84cd-a5744c25b94f-jpgrendition.jpg?im=whresize&wid=200&hei=200,,2421196,242-1196-2,10 En Stock#242-1196-2,Liquidation◊Exclusivité,60.12,"39,88","99,99"
90,"St. Catharines, ON","Ponceuse à bande Mastercraft 20 V, sans balais","Ponceuse à bande Mastercraft 20 V, sans balais",39.88,"39,88 $",134.99,"Était±  134,99 $prix était 134,99 $",39.88,"39,88 $",39.88,"39,88 $",true,https://www.canadiantire.ca/fr/pdp/ponceuse-a-bande-mastercraft-20-v-sans-balais-0547577p.html,https://www.canadiantire.ca/fr/pdp/ponceuse-a-bande-mastercraft-20-v-sans-balais-0547577p.html,https://media-www.canadiantire.ca/product/fixing/tools/portable-power-tools/0547577/mastercraft-20v-belt-sander-29b77927-3d92-4f92-b246-28781e24ea2d-jpgrendition.jpg?im=whresize&wid=200&hei=200,https://media-www.canadiantire.ca/product/fixing/tools/portable-power-tools/0547577/mastercraft-20v-belt-sander-29b77927-3d92-4f92-b246-28781e24ea2d-jpgrendition.jpg?im=whresize&wid=200&hei=200,,0547577,054-7577-8,22 En Stock#054-7577-8,Liquidation◊Mieux notés,70.46,"39,88","134,99"
90,"St. Catharines, ON","Bouteille d'eau Woods, 650 ml, acier inoxydable, étanche, noire","Bouteille d'eau Woods, 650 ml, acier inoxydable, étanche, noire",9.88,"9,88 $",24.99,"24,99 $Était   et+ prix était à partir de 24,99 $",9.88,"9,88 $",9.88,"9,88 $",true,https://www.canadiantire.ca/fr/pdp/bouteille-d-eau-woods-650-ml-acier-inoxydable-etanche-noire-0761301p.html,https://www.canadiantire.ca/fr/pdp/bouteille-d-eau-woods-650-ml-acier-inoxydable-etanche-noire-0761301p.html,https://media-www.canadiantire.ca/product/playing/camping/camping-living/0761303/woods-water-bottle-medium-black-2b72db9e-5b04-46c0-8136-97dc000522cb-jpgrendition.jpg?im=whresize&wid=200&hei=200,https://media-www.canadiantire.ca/product/playing/camping/camping-living/0761303/woods-water-bottle-medium-black-2b72db9e-5b04-46c0-8136-97dc000522cb-jpgrendition.jpg?im=whresize&wid=200&hei=200,,0761301,076-1301,Vérifiez la disponibilité#076-1301X,Liquidation◊Mieux notés,60.46,"9,88","24,99"
90,"St. Catharines, ON","Bluehive - Ecouteurs boutons sans fil, 22h autonomie et charge rapide","Bluehive - Ecouteurs boutons sans fil, 22h autonomie et charge rapide",14.93,"14,93 $",39.99,"Était±  39,99 $prix était 39,99 $",14.93,"14,93 $",14.93,"14,93 $",true,https://www.canadiantire.ca/fr/pdp/bluehive-ecouteurs-boutons-sans-fil-22h-autonomie-et-charge-rapide-0355551p.html,https://www.canadiantire.ca/fr/pdp/bluehive-ecouteurs-boutons-sans-fil-22h-autonomie-et-charge-rapide-0355551p.html,https://media-www.canadiantire.ca/product/automotive/car-care-accessories/auto-electronics/0355551/bluehive-bluepods-true-wireless-earbuds-d801aae0-977a-4b93-998a-00bad4241385-jpgrendition.jpg?im=whresize&wid=200&hei=200,https://media-www.canadiantire.ca/product/automotive/car-care-accessories/auto-electronics/0355551/bluehive-bluepods-true-wireless-earbuds-d801aae0-977a-4b93-998a-00bad4241385-jpgrendition.jpg?im=whresize&wid=200&hei=200,,0355551,035-5551-6,12 En Stock#035-5551-6,Liquidation◊Exclusivité,62.67,"14,93","39,99"
90,"St. Catharines, ON","Système de chasse-neige Kolpin Switchblade 17-0000 pour VTT, 48 à 60 po","Système de chasse-neige Kolpin Switchblade 17-0000 pour VTT, 48 à 60 po",259.93,"259,93 $",539.99,"Était±  539,99 $prix était 539,99 $",259.93,"259,93 $",259.93,"259,93 $",true,https://www.canadiantire.ca/fr/pdp/systeme-de-chasse-neige-kolpin-switchblade-17-0000-pour-vtt-48-a-60-po-0278190p.html,https://www.canadiantire.ca/fr/pdp/systeme-de-chasse-neige-kolpin-switchblade-17-0000-pour-vtt-48-a-60-po-0278190p.html,https://media-www.canadiantire.ca/product/automotive/automotive-outdoor-adventure/powersport/0278190/kolpin-switchblade-atv-snow-plow-52354734-5dda-4ae2-b6c8-873c986b6c5e-jpgrendition.jpg?im=whresize&wid=200&hei=200,https://media-www.canadiantire.ca/product/automotive/automotive-outdoor-adventure/powersport/0278190/kolpin-switchblade-atv-snow-plow-52354734-5dda-4ae2-b6c8-873c986b6c5e-jpgrendition.jpg?im=whresize&wid=200&hei=200,,0278190,027-8190-6,Il n’en reste que 2 #027-8190-6,Liquidation◊Mieux notés,51.86,"259,93","539,99"
90,"St. Catharines, ON","Tasse de voyage à double paroi avec poignée Bubba Keg Classic, 20 oz, choix de couleurs","Tasse de voyage à double paroi avec poignée Bubba Keg Classic, 20 oz, choix de couleurs",9.93,"9,93 $",24.99,"24,99 $Était   et+ prix était à partir de 24,99 $",9.93,"9,93 $",9.93,"9,93 $",true,https://www.canadiantire.ca/fr/pdp/tasse-de-voyage-a-double-paroi-avec-poignee-bubba-keg-classic-20-oz-choix-de-couleurs-2425153p.html,https://www.canadiantire.ca/fr/pdp/tasse-de-voyage-a-double-paroi-avec-poignee-bubba-keg-classic-20-oz-choix-de-couleurs-2425153p.html,https://media-www.canadiantire.ca/product/living/kitchen/food-storage/2425154/bubba-20-oz-keg-mug-magenta-0effc0af-c6a5-482f-b1fb-0de772f237a0-jpgrendition.jpg?im=whresize&wid=200&hei=200,https://media-www.canadiantire.ca/product/living/kitchen/food-storage/2425154/bubba-20-oz-keg-mug-magenta-0effc0af-c6a5-482f-b1fb-0de772f237a0-jpgrendition.jpg?im=whresize&wid=200&hei=200,,2425153,242-5153,Vérifiez la disponibilité#242-5153X,Liquidation◊Mieux notés,60.26,"9,93","24,99"
90,"St. Catharines, ON","Ampoules à DEL à intensité variable à culot E12 NOMA B10, 2700K, 350 lumens, blanc chaud, 40 W, paq. 2","Ampoules à DEL à intensité variable à culot E12 NOMA B10, 2700K, 350 lumens, blanc chaud, 40 W, paq. 2",1.93,"1,93 $",12.99,"Était±  12,99 $prix était 12,99 $",1.93,"1,93 $",1.93,"1,93 $",true,https://www.canadiantire.ca/fr/pdp/ampoules-a-del-a-intensite-variable-a-culot-e12-noma-b10-2700k-350-lumens-blanc-chaud-40-w-paq-2-0529347p.html,https://www.canadiantire.ca/fr/pdp/ampoules-a-del-a-intensite-variable-a-culot-e12-noma-b10-2700k-350-lumens-blanc-chaud-40-w-paq-2-0529347p.html,https://media-www.canadiantire.ca/product/fixing/electrical/light-bulbs/0529347/noma-2-pack-40w-e12-soft-white-led-lightbulbs-2abc2edf-7b69-449d-b49f-8024c6332e19-jpgrendition.jpg?im=whresize&wid=200&hei=200,https://media-www.canadiantire.ca/product/fixing/electrical/light-bulbs/0529347/noma-2-pack-40w-e12-soft-white-led-lightbulbs-2abc2edf-7b69-449d-b49f-8024c6332e19-jpgrendition.jpg?im=whresize&wid=200&hei=200,,0529347,052-9347-8,30 En Stock#052-9347-8,Liquidation◊Exclusivité,85.14,"1,93","12,99"
90,"St. Catharines, ON","Support à pneus à tablette réglable MotoMaster, capacité de 300 lb","Support à pneus à tablette réglable MotoMaster, capacité de 300 lb",33.93,"33,93 $",74.99,"Était±  74,99 $prix était 74,99 $",33.93,"33,93 $",33.93,"33,93 $",true,https://www.canadiantire.ca/fr/pdp/support-a-pneus-a-tablette-reglable-motomaster-capacite-de-300-lb-0091537p.html,https://www.canadiantire.ca/fr/pdp/support-a-pneus-a-tablette-reglable-motomaster-capacite-de-300-lb-0091537p.html,https://media-www.canadiantire.ca/product/automotive/auto-maintenance/auto-shop-equipment-supplies/0091537/motomaster-adjustable-tire-storage-shelves-797f8bda-21ae-4374-ab65-dfc1341fe0c4-jpgrendition.jpg?im=whresize&wid=200&hei=200,https://media-www.canadiantire.ca/product/automotive/auto-maintenance/auto-shop-equipment-supplies/0091537/motomaster-adjustable-tire-storage-shelves-797f8bda-21ae-4374-ab65-dfc1341fe0c4-jpgrendition.jpg?im=whresize&wid=200&hei=200,,0091537,009-1537-0,9 En Stock#009-1537-0,Liquidation◊Exclusivité,54.75,"33,93","74,99"
90,"St. Catharines, ON","CANVAS Bala - Fauteuil de jardin en osier, toute saison","CANVAS Bala - Fauteuil de jardin en osier, toute saison",119.88,"119,88 $",259.99,"Était±  259,99 $prix était 259,99 $",119.88,"119,88 $",119.88,"119,88 $",true,https://www.canadiantire.ca/fr/pdp/canvas-bala-fauteuil-de-jardin-en-osier-toute-saison-0880545p.html,https://www.canadiantire.ca/fr/pdp/canvas-bala-fauteuil-de-jardin-en-osier-toute-saison-0880545p.html,https://media-www.canadiantire.ca/product/seasonal-gardening/backyard-living/outdoor-furniture/0880545/canvas-bala-armless-chair-6907d876-27f8-4be2-8eb5-c6d739c1abb4-jpgrendition.jpg?im=whresize&wid=200&hei=200,https://media-www.canadiantire.ca/product/seasonal-gardening/backyard-living/outdoor-furniture/0880545/canvas-bala-armless-chair-6907d876-27f8-4be2-8eb5-c6d739c1abb4-jpgrendition.jpg?im=whresize&wid=200&hei=200,,0880545,088-0545-6,Il n’en reste que 6 #088-0545-6,Liquidation◊Mieux notés,53.89,"119,88","259,99"
90,"St. Catharines, ON","Sac de couchage double isotherme pour temps froid Coleman Flatlands avec sac de rangement, 10 °C","Sac de couchage double isotherme pour temps froid Coleman Flatlands avec sac de rangement, 10 °C",44.93,"44,93 $",99.99,"Était±  99,99 $prix était 99,99 $",44.93,"44,93 $",44.93,"44,93 $",true,https://www.canadiantire.ca/fr/pdp/sac-de-couchage-double-isotherme-pour-temps-froid-coleman-flatlands-avec-sac-de-rangement-10-c-0766638p.html,https://www.canadiantire.ca/fr/pdp/sac-de-couchage-double-isotherme-pour-temps-froid-coleman-flatlands-avec-sac-de-rangement-10-c-0766638p.html,https://media-www.canadiantire.ca/product/playing/camping/camping-furniture/0766638/coleman-flatlands-10c-sleeping-bag-cda9afb3-1271-4c50-9ed4-56d12c8e2b36-jpgrendition.jpg?im=whresize&wid=200&hei=200,https://media-www.canadiantire.ca/product/playing/camping/camping-furniture/0766638/coleman-flatlands-10c-sleeping-bag-cda9afb3-1271-4c50-9ed4-56d12c8e2b36-jpgrendition.jpg?im=whresize&wid=200&hei=200,,0766638,076-6638-8,8 En Stock#076-6638-8,Liquidation◊Mieux notés,55.07,"44,93","99,99"
90,"St. Catharines, ON","Étagère de rangement saisonnier Mastercraft avec chariot plateforme roulant, noir, 166,37 x 90,17 x 172,72 cm(65,5 x 35,5 x 68 po)","Étagère de rangement saisonnier Mastercraft avec chariot plateforme roulant, noir, 166,37 x 90,17 x 172,72 cm(65,5 x 35,5 x 68 po)",149.93,"149,93 $",299.99,"Était±  299,99 $prix était 299,99 $",149.93,"149,93 $",149.93,"149,93 $",true,https://www.canadiantire.ca/fr/pdp/etagere-de-rangement-saisonnier-mastercraft-avec-chariot-plateforme-roulant-noir-166-37-x-90-17-x-172-72-cm-65-5-x-35-5-x-68-po-0681822p.html,https://www.canadiantire.ca/fr/pdp/etagere-de-rangement-saisonnier-mastercraft-avec-chariot-plateforme-roulant-noir-166-37-x-90-17-x-172-72-cm-65-5-x-35-5-x-68-po-0681822p.html,https://media-www.canadiantire.ca/product/fixing/tools/garage-organization/0681822/mastercraft-seasonal-storage-rack-4657eb31-2d51-419f-a388-3dcc3e45f853-jpgrendition.jpg?im=whresize&wid=200&hei=200,https://media-www.canadiantire.ca/product/fixing/tools/garage-organization/0681822/mastercraft-seasonal-storage-rack-4657eb31-2d51-419f-a388-3dcc3e45f853-jpgrendition.jpg?im=whresize&wid=200&hei=200,,0681822,068-1822-8,Il n’en reste que 2 #068-1822-8,Liquidation◊Mieux notés,50.02,"149,93","299,99"
90,"St. Catharines, ON","Fauteuil de salle à manger d'extérieur/de terrasse CANVAS Belwood en aluminium et osier, paq. 2","Fauteuil de salle à manger d'extérieur/de terrasse CANVAS Belwood en aluminium et osier, paq. 2",249.93,"249,93 $",499.99,"Était±  499,99 $prix était 499,99 $",249.93,"249,93 $",249.93,"249,93 $",true,https://www.canadiantire.ca/fr/pdp/fauteuil-de-salle-a-manger-d-exterieur-de-terrasse-canvas-belwood-en-aluminium-et-osier-paq-2-0880541p.html,https://www.canadiantire.ca/fr/pdp/fauteuil-de-salle-a-manger-d-exterieur-de-terrasse-canvas-belwood-en-aluminium-et-osier-paq-2-0880541p.html,https://media-www.canadiantire.ca/product/seasonal-gardening/backyard-living/outdoor-furniture/0880541/canvas-belwood-aluminum-dining-chair-2-pack-de38f891-c44a-49df-a4e2-897c643e77fb-jpgrendition.jpg?im=whresize&wid=200&hei=200,https://media-www.canadiantire.ca/product/seasonal-gardening/backyard-living/outdoor-furniture/0880541/canvas-belwood-aluminum-dining-chair-2-pack-de38f891-c44a-49df-a4e2-897c643e77fb-jpgrendition.jpg?im=whresize&wid=200&hei=200,,0880541,088-0541-4,Il n’en reste que 1 #088-0541-4,Liquidation◊Mieux notés,50.01,"249,93","499,99"
90,"St. Catharines, ON",Aspirateur-robot Shark Navigator Spot Lidar,Aspirateur-robot Shark Navigator Spot Lidar,199.93,"199,93 $",399.99,"Était±  399,99 $prix était 399,99 $",199.93,"199,93 $",199.93,"199,93 $",true,https://www.canadiantire.ca/fr/pdp/aspirateur-robot-shark-navigator-spot-lidar-0439617p.html,https://www.canadiantire.ca/fr/pdp/aspirateur-robot-shark-navigator-spot-lidar-0439617p.html,https://media-www.canadiantire.ca/product/living/cleaning/vacuums-and-floorcare/0439617/shark-navigator-spot-lidar-robotic-vac-0da3fe11-906d-4be8-9ef1-35c7a6f4dccf-jpgrendition.jpg?im=whresize&wid=200&hei=200,https://media-www.canadiantire.ca/product/living/cleaning/vacuums-and-floorcare/0439617/shark-navigator-spot-lidar-robotic-vac-0da3fe11-906d-4be8-9ef1-35c7a6f4dccf-jpgrendition.jpg?im=whresize&wid=200&hei=200,,0439617,043-9617-8,Il n’en reste que 2 #043-9617-8,Liquidation◊Mieux notés,50.02,"199,93","399,99"
90,"St. Catharines, ON","Bibliothèque étroite à cadre en métal à 4 niveaux avec porte de rangement CANVAS Robson, fini chêne","Bibliothèque étroite à cadre en métal à 4 niveaux avec porte de rangement CANVAS Robson, fini chêne",119.93,"119,93 $",299.99,"Était±  299,99 $prix était 299,99 $",119.93,"119,93 $",119.93,"119,93 $",true,https://www.canadiantire.ca/fr/pdp/bibliotheque-etroite-a-cadre-en-metal-a-4-niveaux-avec-porte-de-rangement-canvas-robson-fini-chene-1680046p.html,https://www.canadiantire.ca/fr/pdp/bibliotheque-etroite-a-cadre-en-metal-a-4-niveaux-avec-porte-de-rangement-canvas-robson-fini-chene-1680046p.html,https://media-www.canadiantire.ca/product/living/home-decor/furniture/1680046/canvas-robson-narrow-bookcase-e1615183-0b8a-49f9-8dc3-0a09bf7290ad-jpgrendition.jpg?im=whresize&wid=200&hei=200,https://media-www.canadiantire.ca/product/living/home-decor/furniture/1680046/canvas-robson-narrow-bookcase-e1615183-0b8a-49f9-8dc3-0a09bf7290ad-jpgrendition.jpg?im=whresize&wid=200&hei=200,,1680046,168-0046-4,Il n’en reste que 2 #168-0046-4,Liquidation◊Articles à succès,60.02,"119,93","299,99"
90,"St. Catharines, ON","Short cargo Outbound pour hommes, grandes poches, havane","Short cargo Outbound pour hommes, grandes poches, havane",9.93,"9,93 $",25.99,"25,99 $Était   et+ prix était à partir de 25,99 $",9.93,"9,93 $",9.93,"9,93 $",true,https://www.canadiantire.ca/fr/pdp/short-cargo-outbound-pour-hommes-grandes-poches-havane-1873520p.html,https://www.canadiantire.ca/fr/pdp/short-cargo-outbound-pour-hommes-grandes-poches-havane-1873520p.html,https://media-www.canadiantire.ca/product/playing/footwear-apparel/summer-footwear-apparel/1873520/outbound-men-s-cargo-shorts-tan-m-c66af4ed-b35b-4c1f-82ee-7afbf190f779-jpgrendition.jpg?im=whresize&wid=200&hei=200,https://media-www.canadiantire.ca/product/playing/footwear-apparel/summer-footwear-apparel/1873520/outbound-men-s-cargo-shorts-tan-m-c66af4ed-b35b-4c1f-82ee-7afbf190f779-jpgrendition.jpg?im=whresize&wid=200&hei=200,,1873520,187-3520,Vérifiez la disponibilité#187-3520X,Liquidation◊Mieux notés,61.79,"9,93","25,99"
90,"St. Catharines, ON","T-shirt sport à manches courtes et extensibles avec encolure ras du cou Mooselander, hommes, couleur unie, tailles variées, noir/gris, paq. 2","T-shirt sport à manches courtes et extensibles avec encolure ras du cou Mooselander, hommes, couleur unie, tailles variées, noir/gris, paq. 2",4.88,"4,88 $",21.99,"21,99 $Était   et+ prix était à partir de 21,99 $",4.88,"4,88 $",4.88,"4,88 $",true,https://www.canadiantire.ca/fr/pdp/t-shirt-sport-a-manches-courtes-et-extensibles-avec-encolure-ras-du-cou-mooselander-hommes-couleur-unie-tailles-variees-noir-gris-paq-2-1874066p.html,https://www.canadiantire.ca/fr/pdp/t-shirt-sport-a-manches-courtes-et-extensibles-avec-encolure-ras-du-cou-mooselander-hommes-couleur-unie-tailles-variees-noir-gris-paq-2-1874066p.html,https://media-www.canadiantire.ca/product/playing/footwear-apparel/summer-footwear-apparel/1874066/active-2-pack-short-sleeve-tees-m-l-ce888845-ad24-41df-8604-c50d7052ca02-jpgrendition.jpg?im=whresize&wid=200&hei=200,https://media-www.canadiantire.ca/product/playing/footwear-apparel/summer-footwear-apparel/1874066/active-2-pack-short-sleeve-tees-m-l-ce888845-ad24-41df-8604-c50d7052ca02-jpgrendition.jpg?im=whresize&wid=200&hei=200,,1874066,187-4066,Vérifiez la disponibilité#187-4066X,Liquidation◊Mieux notés,77.81,"4,88","21,99"
90,"St. Catharines, ON",Sac d'aliments pour chiens à fermeture à enrouler Woods PAW-THORN,Sac d'aliments pour chiens à fermeture à enrouler Woods PAW-THORN,7.93,"7,93 $",23.99,"Était±  23,99 $prix était 23,99 $",7.93,"7,93 $",7.93,"7,93 $",true,https://www.canadiantire.ca/fr/pdp/sac-d-aliments-pour-chiens-a-fermeture-a-enrouler-woods-paw-thorn-0766427p.html,https://www.canadiantire.ca/fr/pdp/sac-d-aliments-pour-chiens-a-fermeture-a-enrouler-woods-paw-thorn-0766427p.html,https://media-www.canadiantire.ca/product/playing/camping/camping-furniture/0766409/woods-o-hara-camp-pad-eaf0561c-b507-479f-8a74-585ab3804103-jpgrendition.jpg?im=whresize&wid=200&hei=200,https://media-www.canadiantire.ca/product/playing/camping/camping-furniture/0766409/woods-o-hara-camp-pad-eaf0561c-b507-479f-8a74-585ab3804103-jpgrendition.jpg?im=whresize&wid=200&hei=200,,0766427,076-6427-0,Il n’en reste que 1 #076-6427-0,Liquidation◊Mieux notés,66.94,"7,93","23,99"
90,"St. Catharines, ON","Cric hydraulique MotoMaster, 20 tonnes","Cric hydraulique MotoMaster, 20 tonnes",48.93,"48,93 $",99.99,"Était±  99,99 $prix était 99,99 $",48.93,"48,93 $",48.93,"48,93 $",true,https://www.canadiantire.ca/fr/pdp/cric-hydraulique-motomaster-20-tonnes-0090027p.html,https://www.canadiantire.ca/fr/pdp/cric-hydraulique-motomaster-20-tonnes-0090027p.html,https://media-www.canadiantire.ca/product/automotive/auto-maintenance/auto-shop-equipment-supplies/0090027/motomaster-20-ton-hydraulic-jack-125844ca-4f38-423f-a6bd-4a0a64a87d8b-jpgrendition.jpg?im=whresize&wid=200&hei=200,https://media-www.canadiantire.ca/product/automotive/auto-maintenance/auto-shop-equipment-supplies/0090027/motomaster-20-ton-hydraulic-jack-125844ca-4f38-423f-a6bd-4a0a64a87d8b-jpgrendition.jpg?im=whresize&wid=200&hei=200,,0090027,009-0027-0,Il n’en reste que 5 #009-0027-0,Liquidation◊Exclusivité,51.07,"48,93","99,99"
90,"St. Catharines, ON","Tabouret de bar pivotant en métal hauteur réglable CANVAS Turner, paq. 2, noir/brun","Tabouret de bar pivotant en métal hauteur réglable CANVAS Turner, paq. 2, noir/brun",79.93,"79,93 $",174.99,"Était±  174,99 $prix était 174,99 $",79.93,"79,93 $",79.93,"79,93 $",true,https://www.canadiantire.ca/fr/pdp/tabouret-de-bar-pivotant-en-metal-hauteur-reglable-canvas-turner-paq-2-noir-brun-0687554p.html,https://www.canadiantire.ca/fr/pdp/tabouret-de-bar-pivotant-en-metal-hauteur-reglable-canvas-turner-paq-2-noir-brun-0687554p.html,https://media-www.canadiantire.ca/product/living/home-decor/furniture/0687554/canvas-turner-stool-2-pack-84c1b1ad-45f7-4a96-a4c4-5a3f394d31ee-jpgrendition.jpg?im=whresize&wid=200&hei=200,https://media-www.canadiantire.ca/product/living/home-decor/furniture/0687554/canvas-turner-stool-2-pack-84c1b1ad-45f7-4a96-a4c4-5a3f394d31ee-jpgrendition.jpg?im=whresize&wid=200&hei=200,,0687554,068-7554-0,Il n’en reste que 4 #068-7554-0,Liquidation◊Exclusivité,54.32,"79,93","174,99"
90,"St. Catharines, ON","Filtre à eau/douche de camping Woods, 20 L, gris","Filtre à eau/douche de camping Woods, 20 L, gris",44.93,"44,93 $",89.99,"Était±  89,99 $prix était 89,99 $",44.93,"44,93 $",44.93,"44,93 $",true,https://www.canadiantire.ca/fr/pdp/filtre-a-eau-douche-de-camping-woods-20-l-gris-0765991p.html,https://www.canadiantire.ca/fr/pdp/filtre-a-eau-douche-de-camping-woods-20-l-gris-0765991p.html,https://media-www.canadiantire.ca/product/playing/camping/hydration-coolers/0765991/woods-water-filter-camp-shower-combo-8f701d62-642d-43c6-95a3-8630b18cb9c6-jpgrendition.jpg?im=whresize&wid=200&hei=200,https://media-www.canadiantire.ca/product/playing/camping/hydration-coolers/0765991/woods-water-filter-camp-shower-combo-8f701d62-642d-43c6-95a3-8630b18cb9c6-jpgrendition.jpg?im=whresize&wid=200&hei=200,,0765991,076-5991-0,Il n’en reste que 2 #076-5991-0,Liquidation◊Exclusivité,50.07,"44,93","89,99"
90,"St. Catharines, ON","Abri de camping instantané, auvent ou abri Woods Lookout, 12 x 12 pi","Abri de camping instantané, auvent ou abri Woods Lookout, 12 x 12 pi",149.93,"149,93 $",399.99,"Était±  399,99 $prix était 399,99 $",149.93,"149,93 $",149.93,"149,93 $",true,https://www.canadiantire.ca/fr/pdp/abri-de-camping-instantane-auvent-ou-abri-woods-lookout-12-x-12-pi-0765842p.html,https://www.canadiantire.ca/fr/pdp/abri-de-camping-instantane-auvent-ou-abri-woods-lookout-12-x-12-pi-0765842p.html,https://media-www.canadiantire.ca/product/playing/camping/tents-shelters/0765842/woods-picnic-shelter-12-x-12--22067a99-7691-4fe1-a904-1d34c4ea07c0-jpgrendition.jpg?im=whresize&wid=200&hei=200,https://media-www.canadiantire.ca/product/playing/camping/tents-shelters/0765842/woods-picnic-shelter-12-x-12--22067a99-7691-4fe1-a904-1d34c4ea07c0-jpgrendition.jpg?im=whresize&wid=200&hei=200,,0765842,076-5842-6,Il n’en reste que 1 #076-5842-6,Liquidation◊Exclusivité,62.52,"149,93","399,99"
90,"St. Catharines, ON","Armoire de salle de bains For Living Ladder, blanc","Armoire de salle de bains For Living Ladder, blanc",49.88,"49,88 $",184.99,"Était±  184,99 $prix était 184,99 $",49.88,"49,88 $",49.88,"49,88 $",true,https://www.canadiantire.ca/fr/pdp/armoire-de-salle-de-bains-for-living-ladder-blanc-1680133p.html,https://www.canadiantire.ca/fr/pdp/armoire-de-salle-de-bains-for-living-ladder-blanc-1680133p.html,https://media-www.canadiantire.ca/product/living/home-decor/furniture/1680133/for-living-ladder-bathroom-space-saver-a72e0b0e-3a99-49ca-9b93-5c68dc6c9527-jpgrendition.jpg?im=whresize&wid=200&hei=200,https://media-www.canadiantire.ca/product/living/home-decor/furniture/1680133/for-living-ladder-bathroom-space-saver-a72e0b0e-3a99-49ca-9b93-5c68dc6c9527-jpgrendition.jpg?im=whresize&wid=200&hei=200,,1680133,168-0133-6,10 En Stock#168-0133-6,Liquidation◊Mieux notés,73.04,"49,88","184,99"
90,"St. Catharines, ON","Trampoline d'extérieur bleu Plum Springsafe avec filet de sécurité et couvercle, 8 pi, 6 ans et plus","Trampoline d'extérieur bleu Plum Springsafe avec filet de sécurité et couvercle, 8 pi, 6 ans et plus",224.93,"224,93 $",499.99,"Était±  499,99 $prix était 499,99 $",224.93,"224,93 $",224.93,"224,93 $",true,https://www.canadiantire.ca/fr/pdp/trampoline-d-exterieur-bleu-plum-springsafe-avec-filet-de-securite-et-couvercle-8-pi-6-ans-et-plus-1841346p.html,https://www.canadiantire.ca/fr/pdp/trampoline-d-exterieur-bleu-plum-springsafe-avec-filet-de-securite-et-couvercle-8-pi-6-ans-et-plus-1841346p.html,https://media-www.canadiantire.ca/product/seasonal-gardening/backyard-fun/backyard-amusement/1841346/plum-8ft-springsafe-colour-trampoline-d00a00d8-d52c-4283-b7e0-fb4a1877f6ee-jpgrendition.jpg?im=whresize&wid=200&hei=200,https://media-www.canadiantire.ca/product/seasonal-gardening/backyard-fun/backyard-amusement/1841346/plum-8ft-springsafe-colour-trampoline-d00a00d8-d52c-4283-b7e0-fb4a1877f6ee-jpgrendition.jpg?im=whresize&wid=200&hei=200,,1841346,184-1346-4,Il n’en reste que 1 #184-1346-4,Liquidation◊Exclusivité,55.01,"224,93","499,99"
90,"St. Catharines, ON","Raboteuse MAXIMUM, 13 po","Raboteuse MAXIMUM, 13 po",349.93,"349,93 $",729.99,"Était±  729,99 $prix était 729,99 $",349.93,"349,93 $",349.93,"349,93 $",true,https://www.canadiantire.ca/fr/pdp/raboteuse-maximum-13-po-0556971p.html,https://www.canadiantire.ca/fr/pdp/raboteuse-maximum-13-po-0556971p.html,https://media-www.canadiantire.ca/product/fixing/tools/stationary-tools/0556971/maximum-13-planer-with-stand-5293d4dd-ad69-44ae-8e0c-58294ed90772-jpgrendition.jpg?im=whresize&wid=200&hei=200,https://media-www.canadiantire.ca/product/fixing/tools/stationary-tools/0556971/maximum-13-planer-with-stand-5293d4dd-ad69-44ae-8e0c-58294ed90772-jpgrendition.jpg?im=whresize&wid=200&hei=200,,0556971,055-6971-2,Il n’en reste que 1 #055-6971-2,Liquidation◊Exclusivité,52.06,"349,93","729,99"
90,"St. Catharines, ON","Ampoules à DEL à intensité variable intelligentes à culot E26 NOMA iQ A19, luminosité ajustable/couleur, paq. 2","Ampoules à DEL à intensité variable intelligentes à culot E26 NOMA iQ A19, luminosité ajustable/couleur, paq. 2",14.93,"14,93 $",37.99,"Était±  37,99 $prix était 37,99 $",14.93,"14,93 $",14.93,"14,93 $",true,https://www.canadiantire.ca/fr/pdp/ampoules-a-del-a-intensite-variable-intelligentes-a-culot-e26-noma-iq-a19-luminosite-ajustable-couleur-paq-2-1522530p.html,https://www.canadiantire.ca/fr/pdp/ampoules-a-del-a-intensite-variable-intelligentes-a-culot-e26-noma-iq-a19-luminosite-ajustable-couleur-paq-2-1522530p.html,https://media-www.canadiantire.ca/product/fixing/electrical/light-bulbs/1522530/noma-iq-a19-white-colour-2-pack-7aa3e592-b142-49bf-95e6-84df5f3982aa-jpgrendition.jpg?im=whresize&wid=200&hei=200,https://media-www.canadiantire.ca/product/fixing/electrical/light-bulbs/1522530/noma-iq-a19-white-colour-2-pack-7aa3e592-b142-49bf-95e6-84df5f3982aa-jpgrendition.jpg?im=whresize&wid=200&hei=200,,1522530,152-2530-4,Il n’en reste que 2 #152-2530-4,Liquidation◊Mieux notés,60.7,"14,93","37,99"
90,"St. Catharines, ON","Housse/étui de protection pour rasoir Outbound, pour le camping, les randonnées et les voyages, convient aux rasoirs standard","Housse/étui de protection pour rasoir Outbound, pour le camping, les randonnées et les voyages, convient aux rasoirs standard",0.73,"0,73 $",1.99,"Était±  1,99 $prix était 1,99 $",0.73,"0,73 $",0.73,"0,73 $",true,https://www.canadiantire.ca/fr/pdp/housse-etui-de-protection-pour-rasoir-outbound-pour-le-camping-les-randonnees-et-les-voyages-convient-aux-rasoirs-standard-0763292p.html,https://www.canadiantire.ca/fr/pdp/housse-etui-de-protection-pour-rasoir-outbound-pour-le-camping-les-randonnees-et-les-voyages-convient-aux-rasoirs-standard-0763292p.html,https://media-www.canadiantire.ca/product/playing/camping/camping-accessories/0763292/outbound-razor-cover-b88ada25-215a-480e-b8c2-267d37bd09bd-jpgrendition.jpg?im=whresize&wid=200&hei=200,https://media-www.canadiantire.ca/product/playing/camping/camping-accessories/0763292/outbound-razor-cover-b88ada25-215a-480e-b8c2-267d37bd09bd-jpgrendition.jpg?im=whresize&wid=200&hei=200,,0763292,076-3292-6,Il n’en reste que 4 #076-3292-6,Liquidation◊Exclusivité,63.32,"0,73","1,99"
90,"St. Catharines, ON","Chargeur multi à 2 prises Mastercraft 20 V, outil seul, compatible avec PWR POD","Chargeur multi à 2 prises Mastercraft 20 V, outil seul, compatible avec PWR POD",19.88,"19,88 $",79.99,"Était±  79,99 $prix était 79,99 $",19.88,"19,88 $",19.88,"19,88 $",true,https://www.canadiantire.ca/fr/pdp/chargeur-multi-a-2-prises-mastercraft-20-v-outil-seul-compatible-avec-pwr-pod-0548299p.html,https://www.canadiantire.ca/fr/pdp/chargeur-multi-a-2-prises-mastercraft-20-v-outil-seul-compatible-avec-pwr-pod-0548299p.html,https://media-www.canadiantire.ca/product/fixing/tools/portable-power-tools/0548299/mastercraft-20v-dual-port-charger-tool-only-379e871d-f612-47c3-bac3-640397c3507e-jpgrendition.jpg?im=whresize&wid=200&hei=200,https://media-www.canadiantire.ca/product/fixing/tools/portable-power-tools/0548299/mastercraft-20v-dual-port-charger-tool-only-379e871d-f612-47c3-bac3-640397c3507e-jpgrendition.jpg?im=whresize&wid=200&hei=200,,0548299,054-8299-4,10 En Stock#054-8299-4,Liquidation◊Mieux notés,75.15,"19,88","79,99"
90,"St. Catharines, ON","Amplificateur céramique Silverwax, 500 ml","Amplificateur céramique Silverwax, 500 ml",7.93,"7,93 $",49.99,"Était±  49,99 $prix était 49,99 $",7.93,"7,93 $",7.93,"7,93 $",true,https://www.canadiantire.ca/fr/pdp/amplificateur-ceramique-silverwax-500-ml-0390796p.html,https://www.canadiantire.ca/fr/pdp/amplificateur-ceramique-silverwax-500-ml-0390796p.html,https://media-www.canadiantire.ca/product/automotive/car-care-accessories/auto-cleaning-chemicals/0390796/silverwax-ceramic-series-suit-up-500ml-2dd4ea0b-71f1-44ac-aad3-be2cd3f5eac2-jpgrendition.jpg?im=whresize&wid=200&hei=200,https://media-www.canadiantire.ca/product/automotive/car-care-accessories/auto-cleaning-chemicals/0390796/silverwax-ceramic-series-suit-up-500ml-2dd4ea0b-71f1-44ac-aad3-be2cd3f5eac2-jpgrendition.jpg?im=whresize&wid=200&hei=200,,0390796,039-0796-6,Il n’en reste que 5 #039-0796-6,Liquidation◊Mieux notés,84.14,"7,93","49,99"
90,"St. Catharines, ON","Patins de hockey CCM RIBXT3, intermédiaire","Patins de hockey CCM RIBXT3, intermédiaire",49.88,"49,88 $",104.99,"104,99 $Était   et+ prix était à partir de 104,99 $",49.88,"49,88 $",49.88,"49,88 $",true,https://www.canadiantire.ca/fr/pdp/patins-de-hockey-ccm-ribxt3-intermediaire-1830142p.html,https://www.canadiantire.ca/fr/pdp/patins-de-hockey-ccm-ribxt3-intermediaire-1830142p.html,https://media-www.canadiantire.ca/product/playing/hockey/skates/1830166/ccm-ribxt3-hockey-skate-sr-size-8-9aacf8e5-5023-489e-8461-1a85d75e0065-jpgrendition.jpg?im=whresize&wid=200&hei=200,https://media-www.canadiantire.ca/product/playing/hockey/skates/1830166/ccm-ribxt3-hockey-skate-sr-size-8-9aacf8e5-5023-489e-8461-1a85d75e0065-jpgrendition.jpg?im=whresize&wid=200&hei=200,,1830142,183-0142,Vérifiez la disponibilité#183-0142X,Liquidation◊Mieux notés,52.49,"49,88","104,99"
90,"St. Catharines, ON","Trousse de réparation de moustiquaire adhésif Woods, pour tentes, remorques, fenêtres et portes, paq. 5","Trousse de réparation de moustiquaire adhésif Woods, pour tentes, remorques, fenêtres et portes, paq. 5",3.93,"3,93 $",7.99,"Était±  7,99 $prix était 7,99 $",3.93,"3,93 $",3.93,"3,93 $",true,https://www.canadiantire.ca/fr/pdp/trousse-de-reparation-de-moustiquaire-adhesif-woods-pour-tentes-remorques-fenetres-et-portes-paq-5-0765748p.html,https://www.canadiantire.ca/fr/pdp/trousse-de-reparation-de-moustiquaire-adhesif-woods-pour-tentes-remorques-fenetres-et-portes-paq-5-0765748p.html,https://media-www.canadiantire.ca/product/playing/camping/camping-accessories/0765748/outbound-screen-patches-29c93183-3bb1-46c9-8dd2-9fff880fd779-jpgrendition.jpg?im=whresize&wid=200&hei=200,https://media-www.canadiantire.ca/product/playing/camping/camping-accessories/0765748/outbound-screen-patches-29c93183-3bb1-46c9-8dd2-9fff880fd779-jpgrendition.jpg?im=whresize&wid=200&hei=200,,0765748,076-5748-2,Il n’en reste que 1 #076-5748-2,Liquidation◊Exclusivité,50.81,"3,93","7,99"
90,"St. Catharines, ON","Suspension à 9 lampes de style industriel Artika Clyde, laiton et noir mat","Suspension à 9 lampes de style industriel Artika Clyde, laiton et noir mat",74.93,"74,93 $",269.99,"Était±  269,99 $prix était 269,99 $",74.93,"74,93 $",74.93,"74,93 $",true,https://www.canadiantire.ca/fr/pdp/suspension-a-9-lampes-de-style-industriel-artika-clyde-laiton-et-noir-mat-0521700p.html,https://www.canadiantire.ca/fr/pdp/suspension-a-9-lampes-de-style-industriel-artika-clyde-laiton-et-noir-mat-0521700p.html,https://media-www.canadiantire.ca/product/fixing/electrical/lighting/0521700/artika-clyde-pendant-ca7f183b-f5fd-4e60-a84c-4f231e33d201-jpgrendition.jpg?im=whresize&wid=200&hei=200,https://media-www.canadiantire.ca/product/fixing/electrical/lighting/0521700/artika-clyde-pendant-ca7f183b-f5fd-4e60-a84c-4f231e33d201-jpgrendition.jpg?im=whresize&wid=200&hei=200,,0521700,052-1700-4,Il n’en reste que 2 #052-1700-4,Liquidation◊,72.25,"74,93","269,99"
90,"St. Catharines, ON","Robinet de lavabo de salle de bains Peerless Precept, à poignée simple et trou unique, certifié WaterSense, chrome","Robinet de lavabo de salle de bains Peerless Precept, à poignée simple et trou unique, certifié WaterSense, chrome",94.93,"94,93 $",189.99,"Était±  189,99 $prix était 189,99 $",94.93,"94,93 $",94.93,"94,93 $",true,https://www.canadiantire.ca/fr/pdp/robinet-de-lavabo-de-salle-de-bains-peerless-precept-a-poignee-simple-et-trou-unique-certifie-watersense-chrome-0639944p.html,https://www.canadiantire.ca/fr/pdp/robinet-de-lavabo-de-salle-de-bains-peerless-precept-a-poignee-simple-et-trou-unique-certifie-watersense-chrome-0639944p.html,https://media-www.canadiantire.ca/product/fixing/plumbing/faucets-fixtures/0639944/peerless-precept-1-handle-lavatory-faucet-chrome-cad24aa7-e4ba-4e31-86be-970fb7183158-jpgrendition.jpg?im=whresize&wid=200&hei=200,https://media-www.canadiantire.ca/product/fixing/plumbing/faucets-fixtures/0639944/peerless-precept-1-handle-lavatory-faucet-chrome-cad24aa7-e4ba-4e31-86be-970fb7183158-jpgrendition.jpg?im=whresize&wid=200&hei=200,,0639944,063-9944-0,Il n’en reste que 3 #063-9944-0,Liquidation◊Mieux notés,50.03,"94,93","189,99"
90,"St. Catharines, ON",Cap Barbell - Support de rangement noir pour disque de musculation,Cap Barbell - Support de rangement noir pour disque de musculation,29.88,"29,88 $",89.99,"Était±  89,99 $prix était 89,99 $",29.88,"29,88 $",29.88,"29,88 $",true,https://www.canadiantire.ca/fr/pdp/cap-barbell-support-de-rangement-noir-pour-disque-de-musculation-1840928p.html,https://www.canadiantire.ca/fr/pdp/cap-barbell-support-de-rangement-noir-pour-disque-de-musculation-1840928p.html,https://media-www.canadiantire.ca/product/playing/exercise/exercise-accessories/1840928/cap-1-plate-tree-black-b506b40f-eea5-4a1a-aba2-36b19ee6ac28-jpgrendition.jpg?im=whresize&wid=200&hei=200,https://media-www.canadiantire.ca/product/playing/exercise/exercise-accessories/1840928/cap-1-plate-tree-black-b506b40f-eea5-4a1a-aba2-36b19ee6ac28-jpgrendition.jpg?im=whresize&wid=200&hei=200,,1840928,184-0928-6,Il n’en reste que 6 #184-0928-6,Liquidation◊Mieux notés,66.8,"29,88","89,99"
90,"St. Catharines, ON",Lampe à suspendre sous le capot CMS MotoMaster,Lampe à suspendre sous le capot CMS MotoMaster,27.93,"27,93 $",99.99,"Était±  99,99 $prix était 99,99 $",27.93,"27,93 $",27.93,"27,93 $",true,https://www.canadiantire.ca/fr/pdp/lampe-a-suspendre-sous-le-capot-cms-motomaster-0370744p.html,https://www.canadiantire.ca/fr/pdp/lampe-a-suspendre-sous-le-capot-cms-motomaster-0370744p.html,https://media-www.canadiantire.ca/product/automotive/car-care-accessories/auto-accessories/0370744/motomaster-smd-underhood-hanging-light-06675b9a-b8ab-4eb4-af06-ed0658a3b085-jpgrendition.jpg?im=whresize&wid=200&hei=200,https://media-www.canadiantire.ca/product/automotive/car-care-accessories/auto-accessories/0370744/motomaster-smd-underhood-hanging-light-06675b9a-b8ab-4eb4-af06-ed0658a3b085-jpgrendition.jpg?im=whresize&wid=200&hei=200,,0370744,037-0744-4,10 En Stock#037-0744-4,Liquidation◊Exclusivité,72.07,"27,93","99,99"
90,"St. Catharines, ON",Range-tout empilable pour sèche-cheveux The Home Edit par iDesign,Range-tout empilable pour sèche-cheveux The Home Edit par iDesign,9.93,"9,93 $",19.99,"Était±  19,99 $prix était 19,99 $",9.93,"9,93 $",9.93,"9,93 $",true,https://www.canadiantire.ca/fr/pdp/range-tout-empilable-pour-seche-cheveux-the-home-edit-par-idesign-0636321p.html,https://www.canadiantire.ca/fr/pdp/range-tout-empilable-pour-seche-cheveux-the-home-edit-par-idesign-0636321p.html,https://media-www.canadiantire.ca/product/living/home-decor/bed-bath-decor/0636334/the-home-edit-tall-bin-divider-d64e686e-395b-4b43-ae11-6447f7395195-jpgrendition.jpg?im=whresize&wid=200&hei=200,https://media-www.canadiantire.ca/product/living/home-decor/bed-bath-decor/0636334/the-home-edit-tall-bin-divider-d64e686e-395b-4b43-ae11-6447f7395195-jpgrendition.jpg?im=whresize&wid=200&hei=200,,0636321,063-6321-0,Il n’en reste que 5 #063-6321-0,Liquidation◊Mieux notés,50.33,"9,93","19,99"
90,"St. Catharines, ON","Épaulières de hockey Sherwood Rekker M65, sénior, noir/rouge, choix de tailles","Épaulières de hockey Sherwood Rekker M65, sénior, noir/rouge, choix de tailles",24.88,"24,88 $",54.99,"54,99 $Était   et+ prix était à partir de 54,99 $",24.88,"24,88 $",24.88,"24,88 $",true,https://www.canadiantire.ca/fr/pdp/epaulieres-de-hockey-sherwood-rekker-m65-senior-noir-rouge-choix-de-tailles-0837303p.html,https://www.canadiantire.ca/fr/pdp/epaulieres-de-hockey-sherwood-rekker-m65-senior-noir-rouge-choix-de-tailles-0837303p.html,https://media-www.canadiantire.ca/product/playing/hockey/hockey-equipment/0837303/sher-wood-m65-hockey-shoulder-pad-senior-medium-1aa529ee-bad4-412a-b6d2-b7d1fd67c407-jpgrendition.jpg?im=whresize&wid=200&hei=200,https://media-www.canadiantire.ca/product/playing/hockey/hockey-equipment/0837303/sher-wood-m65-hockey-shoulder-pad-senior-medium-1aa529ee-bad4-412a-b6d2-b7d1fd67c407-jpgrendition.jpg?im=whresize&wid=200&hei=200,,0837303,083-7303,Vérifiez la disponibilité#083-7303X,Liquidation◊Mieux notés,54.76,"24,88","54,99"
90,"St. Catharines, ON","Gobelets en silicone Outbound, plusieurs couleurs, 16 oz, paq. 4","Gobelets en silicone Outbound, plusieurs couleurs, 16 oz, paq. 4",4.43,"4,43 $",9.99,"Était±  9,99 $prix était 9,99 $",4.43,"4,43 $",4.43,"4,43 $",true,https://www.canadiantire.ca/fr/pdp/gobelets-en-silicone-outbound-plusieurs-couleurs-16-oz-paq-4-0763773p.html,https://www.canadiantire.ca/fr/pdp/gobelets-en-silicone-outbound-plusieurs-couleurs-16-oz-paq-4-0763773p.html,https://media-www.canadiantire.ca/product/playing/camping/camping-living/0763773/4pc-silicon-cups-d12ed467-8b98-461e-896e-d6dbbaa947e0-jpgrendition.jpg?im=whresize&wid=200&hei=200,https://media-www.canadiantire.ca/product/playing/camping/camping-living/0763773/4pc-silicon-cups-d12ed467-8b98-461e-896e-d6dbbaa947e0-jpgrendition.jpg?im=whresize&wid=200&hei=200,,0763773,076-3773-2,9 En Stock#076-3773-2,Liquidation◊Mieux notés,55.66,"4,43","9,99"
90,"St. Catharines, ON","Ampoule de rechange pour tue-moustiques/tue-insectes à lumière UV Stinger, compatible avec la série BKC90, paq. 2","Ampoule de rechange pour tue-moustiques/tue-insectes à lumière UV Stinger, compatible avec la série BKC90, paq. 2",3.93,"3,93 $",19.99,"Était±  19,99 $prix était 19,99 $",3.93,"3,93 $",3.93,"3,93 $",true,https://www.canadiantire.ca/fr/pdp/ampoule-de-rechange-pour-tue-moustiques-tue-insectes-a-lumiere-uv-stinger-compatible-avec-la-serie-bkc90-paq-2-0591241p.html,https://www.canadiantire.ca/fr/pdp/ampoule-de-rechange-pour-tue-moustiques-tue-insectes-a-lumiere-uv-stinger-compatible-avec-la-serie-bkc90-paq-2-0591241p.html,https://media-www.canadiantire.ca/product/seasonal-gardening/gardening/mosquito-sun-protection/0591241/stinger-replacement-bulb-for-0597564-fb86be26-0634-4e85-a312-ee3e546fa1d7-jpgrendition.jpg?im=whresize&wid=200&hei=200,https://media-www.canadiantire.ca/product/seasonal-gardening/gardening/mosquito-sun-protection/0591241/stinger-replacement-bulb-for-0597564-fb86be26-0634-4e85-a312-ee3e546fa1d7-jpgrendition.jpg?im=whresize&wid=200&hei=200,,0591241,059-1241-2,Il n’en reste que 2 #059-1241-2,Liquidation◊Mieux notés,80.34,"3,93","19,99"
90,"St. Catharines, ON","Marqueurs à pointe fine de 0,4 mm BIC Intensity, paq. 6","Marqueurs à pointe fine de 0,4 mm BIC Intensity, paq. 6",4.43,"4,43 $",9.29,"Était±  9,29 $prix était 9,29 $",4.43,"4,43 $",4.43,"4,43 $",true,https://www.canadiantire.ca/fr/pdp/marqueurs-a-pointe-fine-de-0-4-mm-bic-intensity-paq-6-2420356p.html,https://www.canadiantire.ca/fr/pdp/marqueurs-a-pointe-fine-de-0-4-mm-bic-intensity-paq-6-2420356p.html,https://media-www.canadiantire.ca/product/seasonal-gardening/toys/home-office-supplies/2420356/bic-intensity-fineliner-blister-fine-point-0-4-mm-9bbd330a-57cf-47cb-958f-40eaf90f5c2f-jpgrendition.jpg?im=whresize&wid=200&hei=200,https://media-www.canadiantire.ca/product/seasonal-gardening/toys/home-office-supplies/2420356/bic-intensity-fineliner-blister-fine-point-0-4-mm-9bbd330a-57cf-47cb-958f-40eaf90f5c2f-jpgrendition.jpg?im=whresize&wid=200&hei=200,,2420356,242-0356-8,Il n’en reste que 2 #242-0356-8,Liquidation◊Mieux notés,52.31,"4,43","9,29"
90,"St. Catharines, ON","Gobelet isotherme empilable Woods avec paille, sarcelle, 230 ml (28 oz)","Gobelet isotherme empilable Woods avec paille, sarcelle, 230 ml (28 oz)",8.93,"8,93 $",29.99,"Était±  29,99 $prix était 29,99 $",8.93,"8,93 $",8.93,"8,93 $",true,https://www.canadiantire.ca/fr/pdp/gobelet-isotherme-empilable-woods-avec-paille-sarcelle-230-ml-28-oz-0766516p.html,https://www.canadiantire.ca/fr/pdp/gobelet-isotherme-empilable-woods-avec-paille-sarcelle-230-ml-28-oz-0766516p.html,https://media-www.canadiantire.ca/product/playing/camping/hydration-coolers/0766516/woods-stackable-tumbler-teal-2254ac71-702c-44ce-8d20-e01f06e39a96-jpgrendition.jpg?im=whresize&wid=200&hei=200,https://media-www.canadiantire.ca/product/playing/camping/hydration-coolers/0766516/woods-stackable-tumbler-teal-2254ac71-702c-44ce-8d20-e01f06e39a96-jpgrendition.jpg?im=whresize&wid=200&hei=200,,0766516,076-6516-8,Il n’en reste que 2 #076-6516-8,Liquidation◊Mieux notés,70.22,"8,93","29,99"
90,"St. Catharines, ON",Mini chariot de kayak en aluminium avec sangles de retenue,Mini chariot de kayak en aluminium avec sangles de retenue,49.93,"49,93 $",109.99,"Était±  109,99 $prix était 109,99 $",49.93,"49,93 $",49.93,"49,93 $",true,https://www.canadiantire.ca/fr/pdp/mini-chariot-de-kayak-en-aluminium-avec-sangles-de-retenue-0791272p.html,https://www.canadiantire.ca/fr/pdp/mini-chariot-de-kayak-en-aluminium-avec-sangles-de-retenue-0791272p.html,https://media-www.canadiantire.ca/product/playing/seasonal-recreation/marine-power-boating/0791272/kayak-canoe-cart-mini-0947d870-4a75-4af4-bc6b-80b779831fd3-jpgrendition.jpg?im=whresize&wid=200&hei=200,https://media-www.canadiantire.ca/product/playing/seasonal-recreation/marine-power-boating/0791272/kayak-canoe-cart-mini-0947d870-4a75-4af4-bc6b-80b779831fd3-jpgrendition.jpg?im=whresize&wid=200&hei=200,,0791272,079-1272-0,Il n’en reste que 2 #079-1272-0,Liquidation◊Exclusivité,54.6,"49,93","109,99"
90,"St. Catharines, ON",Tente Spider-Man pour enfants,Tente Spider-Man pour enfants,24.93,"24,93 $",49.99,"Était±  49,99 $prix était 49,99 $",24.93,"24,93 $",24.93,"24,93 $",true,https://www.canadiantire.ca/fr/pdp/tente-spider-man-pour-enfants-0766472p.html,https://www.canadiantire.ca/fr/pdp/tente-spider-man-pour-enfants-0766472p.html,https://media-www.canadiantire.ca/product/playing/camping/tents-shelters/0766472/spiderman-kids-tent-98ce55df-994b-41f1-ab85-46d5931d33fc-jpgrendition.jpg?im=whresize&wid=200&hei=200,https://media-www.canadiantire.ca/product/playing/camping/tents-shelters/0766472/spiderman-kids-tent-98ce55df-994b-41f1-ab85-46d5931d33fc-jpgrendition.jpg?im=whresize&wid=200&hei=200,,0766472,076-6472-0,Il n’en reste que 1 #076-6472-0,Liquidation◊,50.13,"24,93","49,99"
90,"St. Catharines, ON","Sangle à cliquet MotoMaster Tire Bonnet, résistance à la rupture de 10 000 lb, 2 po","Sangle à cliquet MotoMaster Tire Bonnet, résistance à la rupture de 10 000 lb, 2 po",24.93,"24,93 $",52.99,"Était±  52,99 $prix était 52,99 $",24.93,"24,93 $",24.93,"24,93 $",true,https://www.canadiantire.ca/fr/pdp/sangle-a-cliquet-motomaster-tire-bonnet-resistance-a-la-rupture-de-10-000-lb-2-po-0403059p.html,https://www.canadiantire.ca/fr/pdp/sangle-a-cliquet-motomaster-tire-bonnet-resistance-a-la-rupture-de-10-000-lb-2-po-0403059p.html,https://media-www.canadiantire.ca/product/automotive/automotive-outdoor-adventure/tarps-cords/0403059/10-000lb-tire-bonnet-ratchet-tie-down-1-pk-486469da-61b4-4ac6-b835-7eed7496afde-jpgrendition.jpg?im=whresize&wid=200&hei=200,https://media-www.canadiantire.ca/product/automotive/automotive-outdoor-adventure/tarps-cords/0403059/10-000lb-tire-bonnet-ratchet-tie-down-1-pk-486469da-61b4-4ac6-b835-7eed7496afde-jpgrendition.jpg?im=whresize&wid=200&hei=200,,0403059,040-3059-8,Il n’en reste que 1 #040-3059-8,Liquidation◊Exclusivité,52.95,"24,93","52,99"
90,"St. Catharines, ON","Accessoire de balançoire pour l'extérieur Ripline Build-A-Branch, 3 ans et plus","Accessoire de balançoire pour l'extérieur Ripline Build-A-Branch, 3 ans et plus",89.93,"89,93 $",189.99,"Était±  189,99 $prix était 189,99 $",89.93,"89,93 $",89.93,"89,93 $",true,https://www.canadiantire.ca/fr/pdp/accessoire-de-balancoire-pour-l-exterieur-ripline-build-a-branch-3-ans-et-plus-1841048p.html,https://www.canadiantire.ca/fr/pdp/accessoire-de-balancoire-pour-l-exterieur-ripline-build-a-branch-3-ans-et-plus-1841048p.html,https://media-www.canadiantire.ca/product/seasonal-gardening/backyard-fun/backyard-amusement/1841048/ripline-build-a-branch-f14f88a8-ca07-443c-9021-64d9af5d80fd-jpgrendition.jpg?im=whresize&wid=200&hei=200,https://media-www.canadiantire.ca/product/seasonal-gardening/backyard-fun/backyard-amusement/1841048/ripline-build-a-branch-f14f88a8-ca07-443c-9021-64d9af5d80fd-jpgrendition.jpg?im=whresize&wid=200&hei=200,,1841048,184-1048-4,Il n’en reste que 1 #184-1048-4,Liquidation◊,52.67,"89,93","189,99"
90,"St. Catharines, ON","Napperons rectangulaires CANVAS Birchmont, vinyle et polyester, 13 x 19 po, paq. 4","Napperons rectangulaires CANVAS Birchmont, vinyle et polyester, 13 x 19 po, paq. 4",5.88,"5,88 $",14.99,"Était±  14,99 $prix était 14,99 $",5.88,"5,88 $",5.88,"5,88 $",true,https://www.canadiantire.ca/fr/pdp/napperons-rectangulaires-canvas-birchmont-vinyle-et-polyester-13-x-19-po-paq-4-1424817p.html,https://www.canadiantire.ca/fr/pdp/napperons-rectangulaires-canvas-birchmont-vinyle-et-polyester-13-x-19-po-paq-4-1424817p.html,https://media-www.canadiantire.ca/product/living/kitchen/dining-and-entertaining/1424817/canvas-birchmont-placemat-4-pk--90d74913-dd77-423c-8739-1ea8db60653f-jpgrendition.jpg?im=whresize&wid=200&hei=200,https://media-www.canadiantire.ca/product/living/kitchen/dining-and-entertaining/1424817/canvas-birchmont-placemat-4-pk--90d74913-dd77-423c-8739-1ea8db60653f-jpgrendition.jpg?im=whresize&wid=200&hei=200,,1424817,142-4817-6,23 En Stock#142-4817-6,Liquidation◊Mieux notés,60.77,"5,88","14,99"
90,"St. Catharines, ON","Bande lumineuse RVB à DEL avec télécommande Merkury, 4 m","Bande lumineuse RVB à DEL avec télécommande Merkury, 4 m",9.93,"9,93 $",19.99,"Était±  19,99 $prix était 19,99 $",9.93,"9,93 $",9.93,"9,93 $",true,https://www.canadiantire.ca/fr/pdp/bande-lumineuse-rvb-a-del-avec-telecommande-merkury-4-m-0373142p.html,https://www.canadiantire.ca/fr/pdp/bande-lumineuse-rvb-a-del-avec-telecommande-merkury-4-m-0373142p.html,https://media-www.canadiantire.ca/product/automotive/car-care-accessories/auto-accessories/0373142/merkury-rgb-usb-led-strip-light-4m-with-remote-d69d963f-c94d-4f43-8f72-d869a571313b-jpgrendition.jpg?im=whresize&wid=200&hei=200,https://media-www.canadiantire.ca/product/automotive/car-care-accessories/auto-accessories/0373142/merkury-rgb-usb-led-strip-light-4m-with-remote-d69d963f-c94d-4f43-8f72-d869a571313b-jpgrendition.jpg?im=whresize&wid=200&hei=200,,0373142,037-3142-8,Il n’en reste que 1 #037-3142-8,Liquidation◊,50.33,"9,93","19,99"
90,"St. Catharines, ON","Connecteur de faisceau stéréo Scosche, véhicules Volkswagen, 2006 à aujourd’hui","Connecteur de faisceau stéréo Scosche, véhicules Volkswagen, 2006 à aujourd’hui",6.93,"6,93 $",26.99,"Était±  26,99 $prix était 26,99 $",6.93,"6,93 $",6.93,"6,93 $",true,https://www.canadiantire.ca/fr/pdp/connecteur-de-faisceau-stereo-scosche-vehicules-volkswagen-2006-a-aujourd-hui-0350191p.html,https://www.canadiantire.ca/fr/pdp/connecteur-de-faisceau-stereo-scosche-vehicules-volkswagen-2006-a-aujourd-hui-0350191p.html,https://media-www.canadiantire.ca/product/automotive/car-care-accessories/auto-electronics/0350191/scosche-2006-up-volkswagen-car-stereo-installation-kit-b2b3eaf5-3175-4027-aec6-7a4190021df2-jpgrendition.jpg?im=whresize&wid=200&hei=200,https://media-www.canadiantire.ca/product/automotive/car-care-accessories/auto-electronics/0350191/scosche-2006-up-volkswagen-car-stereo-installation-kit-b2b3eaf5-3175-4027-aec6-7a4190021df2-jpgrendition.jpg?im=whresize&wid=200&hei=200,,0350191,035-0191-2,Il n’en reste que 1 #035-0191-2,Liquidation◊Exclusivité,74.32,"6,93","26,99"
90,"St. Catharines, ON",Jeu de 3 flotteurs encliquetables,Jeu de 3 flotteurs encliquetables,0.73,"0,73 $",2.49,"Était±  2,49 $prix était 2,49 $",0.73,"0,73 $",0.73,"0,73 $",true,https://www.canadiantire.ca/fr/pdp/jeu-de-3-flotteurs-encliquetables-0782905p.html,https://www.canadiantire.ca/fr/pdp/jeu-de-3-flotteurs-encliquetables-0782905p.html,https://media-www.canadiantire.ca/product/playing/fishing/fishing-lures/0782905/danielson-snap-on-float-red-white-1-3-pack-4244b524-2234-418a-9e28-df0f3d79f177-jpgrendition.jpg?im=whresize&wid=200&hei=200,https://media-www.canadiantire.ca/product/playing/fishing/fishing-lures/0782905/danielson-snap-on-float-red-white-1-3-pack-4244b524-2234-418a-9e28-df0f3d79f177-jpgrendition.jpg?im=whresize&wid=200&hei=200,,0782905,078-2905-2,86 En Stock#078-2905-2,Liquidation◊Exclusivité,70.68,"0,73","2,49"
90,"St. Catharines, ON","Crochet en J pour rangement de garage NOMA, 3,5 po, paq. 4","Crochet en J pour rangement de garage NOMA, 3,5 po, paq. 4",2.93,"2,93 $",7.49,"Était±  7,49 $prix était 7,49 $",2.93,"2,93 $",2.93,"2,93 $",true,https://www.canadiantire.ca/fr/pdp/crochet-en-j-pour-rangement-de-garage-noma-3-5-po-paq-4-0521437p.html,https://www.canadiantire.ca/fr/pdp/crochet-en-j-pour-rangement-de-garage-noma-3-5-po-paq-4-0521437p.html,https://media-www.canadiantire.ca/product/fixing/electrical/power-bars-extension-cords-timers/0521437/noma-j-hook-extension-cord-holder-88mm-6c5d8d89-21df-40de-82c7-c7d29b631092-jpgrendition.jpg?im=whresize&wid=200&hei=200,https://media-www.canadiantire.ca/product/fixing/electrical/power-bars-extension-cords-timers/0521437/noma-j-hook-extension-cord-holder-88mm-6c5d8d89-21df-40de-82c7-c7d29b631092-jpgrendition.jpg?im=whresize&wid=200&hei=200,,0521437,052-1437-2,Il n’en reste que 3 #052-1437-2,Liquidation◊Mieux notés,60.88,"2,93","7,49"
90,"St. Catharines, ON","Lampe de table à tête bombée CANVAS, 18 po, laiton/verre fumé","Lampe de table à tête bombée CANVAS, 18 po, laiton/verre fumé",29.93,"29,93 $",79.99,"Était±  79,99 $prix était 79,99 $",29.93,"29,93 $",29.93,"29,93 $",true,https://www.canadiantire.ca/fr/pdp/lampe-de-table-a-tete-bombee-canvas-18-po-laiton-verre-fume-0526165p.html,https://www.canadiantire.ca/fr/pdp/lampe-de-table-a-tete-bombee-canvas-18-po-laiton-verre-fume-0526165p.html,https://media-www.canadiantire.ca/product/living/home-decor/lighting/0526165/canvas-mushroom-table-lamp-brass-smoked-glass-b197344b-04fe-45a4-8cb2-0d33f0c8b34e-jpgrendition.jpg?im=whresize&wid=200&hei=200,https://media-www.canadiantire.ca/product/living/home-decor/lighting/0526165/canvas-mushroom-table-lamp-brass-smoked-glass-b197344b-04fe-45a4-8cb2-0d33f0c8b34e-jpgrendition.jpg?im=whresize&wid=200&hei=200,,0526165,052-6165-8,Il n’en reste que 1 #052-6165-8,Liquidation◊Mieux notés,62.58,"29,93","79,99"
90,"St. Catharines, ON",Chargeur de batterie au lithium-ion Yardworks de 40 V,Chargeur de batterie au lithium-ion Yardworks de 40 V,44.93,"44,93 $",89.99,"Était±  89,99 $prix était 89,99 $",44.93,"44,93 $",44.93,"44,93 $",true,https://www.canadiantire.ca/fr/pdp/chargeur-de-batterie-au-lithium-ion-yardworks-de-40-v-0607541p.html,https://www.canadiantire.ca/fr/pdp/chargeur-de-batterie-au-lithium-ion-yardworks-de-40-v-0607541p.html,https://media-www.canadiantire.ca/product/seasonal-gardening/outdoor-tools/tractor-lawn-mower-snowthrower-parts/0607541/yardworks-40-volt-battery-charger-8e7c0e92-8bdb-4bc8-aafc-6cf8b48bf638-jpgrendition.jpg?im=whresize&wid=200&hei=200,https://media-www.canadiantire.ca/product/seasonal-gardening/outdoor-tools/tractor-lawn-mower-snowthrower-parts/0607541/yardworks-40-volt-battery-charger-8e7c0e92-8bdb-4bc8-aafc-6cf8b48bf638-jpgrendition.jpg?im=whresize&wid=200&hei=200,,0607541,060-7541-6,Il n’en reste que 1 #060-7541-6,Liquidation◊Exclusivité,50.07,"44,93","89,99"
90,"St. Catharines, ON",Adaptateur CarPlay Ottocast sans fil pour iOS,Adaptateur CarPlay Ottocast sans fil pour iOS,59.93,"59,93 $",139.99,"Était±  139,99 $prix était 139,99 $",59.93,"59,93 $",59.93,"59,93 $",true,https://www.canadiantire.ca/fr/pdp/adaptateur-carplay-ottocast-sans-fil-pour-ios-0355598p.html,https://www.canadiantire.ca/fr/pdp/adaptateur-carplay-ottocast-sans-fil-pour-ios-0355598p.html,https://media-www.canadiantire.ca/product/automotive/electronics/auto-electronics/0355598/ottocast-wireless-carplay-adapter-for-ios-e4d0face-6c04-43c6-bf97-99f3d862a3e5-jpgrendition.jpg?im=whresize&wid=200&hei=200,https://media-www.canadiantire.ca/product/automotive/electronics/auto-electronics/0355598/ottocast-wireless-carplay-adapter-for-ios-e4d0face-6c04-43c6-bf97-99f3d862a3e5-jpgrendition.jpg?im=whresize&wid=200&hei=200,,0355598,035-5598-6,Il n’en reste que 1 #035-5598-6,Liquidation◊,57.19,"59,93","139,99"
90,"St. Catharines, ON",Récepteur/lecteur de CD à double DIN JVC KW-R950BTS avec Bluetooth et Alexa intégrés,Récepteur/lecteur de CD à double DIN JVC KW-R950BTS avec Bluetooth et Alexa intégrés,83.93,"83,93 $",199.99,"Était±  199,99 $prix était 199,99 $",83.93,"83,93 $",83.93,"83,93 $",true,https://www.canadiantire.ca/fr/pdp/recepteur-lecteur-de-cd-a-double-din-jvc-kw-r950bts-avec-bluetooth-et-alexa-integres-0355525p.html,https://www.canadiantire.ca/fr/pdp/recepteur-lecteur-de-cd-a-double-din-jvc-kw-r950bts-avec-bluetooth-et-alexa-integres-0355525p.html,https://media-www.canadiantire.ca/product/automotive/car-care-accessories/auto-electronics/0355525/jvc-kw-r950bts-double-din-cd-receiver-33f26b7b-7585-4f6f-adb7-7a6ae16ce4c4-jpgrendition.jpg?im=whresize&wid=200&hei=200,https://media-www.canadiantire.ca/product/automotive/car-care-accessories/auto-electronics/0355525/jvc-kw-r950bts-double-din-cd-receiver-33f26b7b-7585-4f6f-adb7-7a6ae16ce4c4-jpgrendition.jpg?im=whresize&wid=200&hei=200,,0355525,035-5525-0,Il n’en reste que 2 #035-5525-0,Liquidation◊,58.03,"83,93","199,99"
90,"St. Catharines, ON","Peinture en aérosol toute surface camouflage Rust-Oleum Specialty, ultra mat, 340 g","Peinture en aérosol toute surface camouflage Rust-Oleum Specialty, ultra mat, 340 g",7.93,"7,93 $",18.99,"18,99 $Était   et+ prix était à partir de 18,99 $",7.93,"7,93 $",7.93,"7,93 $",true,https://www.canadiantire.ca/fr/pdp/peinture-en-aerosol-toute-surface-camouflage-rust-oleum-specialty-ultra-mat-340-g-0482280p.html,https://www.canadiantire.ca/fr/pdp/peinture-en-aerosol-toute-surface-camouflage-rust-oleum-specialty-ultra-mat-340-g-0482280p.html,https://media-www.canadiantire.ca/product/fixing/paint/paints/0482394/specialty-camouflage-paint-black-340g-c3c66881-05d0-408a-a61c-9140533695c4-jpgrendition.jpg?im=whresize&wid=200&hei=200,https://media-www.canadiantire.ca/product/fixing/paint/paints/0482394/specialty-camouflage-paint-black-340g-c3c66881-05d0-408a-a61c-9140533695c4-jpgrendition.jpg?im=whresize&wid=200&hei=200,,0482280,048-2280,Vérifiez la disponibilité#048-2280X,Liquidation◊Mieux notés,58.24,"7,93","18,99"
90,"St. Catharines, ON","Tasse de voyage en acier inoxydable de l'équipe olympique canadienne pour amateurs et collectionneurs, rouge, 16 oz","Tasse de voyage en acier inoxydable de l'équipe olympique canadienne pour amateurs et collectionneurs, rouge, 16 oz",14.93,"14,93 $",29.99,"Était±  29,99 $prix était 29,99 $",14.93,"14,93 $",14.93,"14,93 $",true,https://www.canadiantire.ca/fr/pdp/tasse-de-voyage-en-acier-inoxydable-de-l-equipe-olympique-canadienne-pour-amateurs-et-collectionneurs-rouge-16-oz-0845869p.html,https://www.canadiantire.ca/fr/pdp/tasse-de-voyage-en-acier-inoxydable-de-l-equipe-olympique-canadienne-pour-amateurs-et-collectionneurs-rouge-16-oz-0845869p.html,https://media-www.canadiantire.ca/product/playing/team-sports-and-golf/sports-equipment-accessories/0845869/canadian-olympic-committee-full-wrap-travel-mug-dbeb8e14-9bf1-4dfe-a542-acb472f40d00-jpgrendition.jpg?im=whresize&wid=200&hei=200,https://media-www.canadiantire.ca/product/playing/team-sports-and-golf/sports-equipment-accessories/0845869/canadian-olympic-committee-full-wrap-travel-mug-dbeb8e14-9bf1-4dfe-a542-acb472f40d00-jpgrendition.jpg?im=whresize&wid=200&hei=200,,0845869,084-5869-4,8 En Stock#084-5869-4,Liquidation◊Articles à succès,50.22,"14,93","29,99"
90,"St. Catharines, ON","Nappe en plastique réutilisable toile d'araignée, blanc/noir, 54 x 108 po, décoration de table pour l'Halloween","Nappe en plastique réutilisable toile d'araignée, blanc/noir, 54 x 108 po, décoration de table pour l'Halloween",0.93,"0,93 $",2.99,"Était±  2,99 $prix était 2,99 $",0.93,"0,93 $",0.93,"0,93 $",true,https://www.canadiantire.ca/fr/pdp/nappe-en-plastique-reutilisable-toile-d-araignee-blanc-noir-54-x-108-po-decoration-de-table-pour-l-halloween-8550204p.html,https://www.canadiantire.ca/fr/pdp/nappe-en-plastique-reutilisable-toile-d-araignee-blanc-noir-54-x-108-po-decoration-de-table-pour-l-halloween-8550204p.html,https://media-www.canadiantire.ca/product/automotive/party-city-seasonal/party-city-halloween-harvest/8550204/spider-web-night-clear-tablecover-de77c8fc-42b1-4b72-87c0-fd8177ea0293-jpgrendition.jpg?im=whresize&wid=200&hei=200,https://media-www.canadiantire.ca/product/automotive/party-city-seasonal/party-city-halloween-harvest/8550204/spider-web-night-clear-tablecover-de77c8fc-42b1-4b72-87c0-fd8177ea0293-jpgrendition.jpg?im=whresize&wid=200&hei=200,,8550204,855-0204-2,,Liquidation◊Mieux notés,68.9,"0,93","2,99"
90,"St. Catharines, ON","Protège-oreilles numériques pour la chasse Walker's XCEL 500BT, gris","Protège-oreilles numériques pour la chasse Walker's XCEL 500BT, gris",74.88,"74,88 $",169.99,"Était±  169,99 $prix était 169,99 $",74.88,"74,88 $",74.88,"74,88 $",true,https://www.canadiantire.ca/fr/pdp/protege-oreilles-numeriques-pour-la-chasse-walker-s-xcel-500bt-gris-1759974p.html,https://www.canadiantire.ca/fr/pdp/protege-oreilles-numeriques-pour-la-chasse-walker-s-xcel-500bt-gris-1759974p.html,https://media-www.canadiantire.ca/product/playing/hunting/hunting-accessories/1759974/walker-xcel-500-bt-electonic-muff-c17353b7-74f0-42c8-8d69-1172eea79f16-jpgrendition.jpg?im=whresize&wid=200&hei=200,https://media-www.canadiantire.ca/product/playing/hunting/hunting-accessories/1759974/walker-xcel-500-bt-electonic-muff-c17353b7-74f0-42c8-8d69-1172eea79f16-jpgrendition.jpg?im=whresize&wid=200&hei=200,,1759974,175-9974-2,Il n’en reste que 2 #175-9974-2,Liquidation◊Mieux notés,55.95,"74,88","169,99"
90,"St. Catharines, ON","Cadres pour barbecue de cuisson d'extérieur Weber, série Spirit","Cadres pour barbecue de cuisson d'extérieur Weber, série Spirit",9.88,"9,88 $",84.99,"Était±  84,99 $prix était 84,99 $",9.88,"9,88 $",9.88,"9,88 $",true,https://www.canadiantire.ca/fr/pdp/cadres-pour-barbecue-de-cuisson-d-exterieur-weber-serie-spirit-1850314p.html,https://www.canadiantire.ca/fr/pdp/cadres-pour-barbecue-de-cuisson-d-exterieur-weber-serie-spirit-1850314p.html,https://media-www.canadiantire.ca/product/seasonal-gardening/backyard-living/outdoor-cooking-accessories/1850314/weber-crafted-spirit-frame-kit-fcbf91a5-8307-4fdc-ac4f-d63009db9063-jpgrendition.jpg?im=whresize&wid=200&hei=200,https://media-www.canadiantire.ca/product/seasonal-gardening/backyard-living/outdoor-cooking-accessories/1850314/weber-crafted-spirit-frame-kit-fcbf91a5-8307-4fdc-ac4f-d63009db9063-jpgrendition.jpg?im=whresize&wid=200&hei=200,,1850314,185-0314-4,14 En Stock#185-0314-4,Liquidation◊Mieux notés,88.38,"9,88","84,99"
90,"St. Catharines, ON","Casse-têtes d'art et de photographie 12 en 1, multicolore, choix variés, 12 ans et plus, pour anniversaire/cadeau-surprise, paq. 300","Casse-têtes d'art et de photographie 12 en 1, multicolore, choix variés, 12 ans et plus, pour anniversaire/cadeau-surprise, paq. 300",4.88,"4,88 $",16.99,"Était±  16,99 $prix était 16,99 $",4.88,"4,88 $",4.88,"4,88 $",true,https://www.canadiantire.ca/fr/pdp/casse-tetes-d-art-et-de-photographie-12-en-1-multicolore-choix-varies-12-ans-et-plus-pour-anniversaire-cadeau-surprise-paq-300-0506609p.html,https://www.canadiantire.ca/fr/pdp/casse-tetes-d-art-et-de-photographie-12-en-1-multicolore-choix-varies-12-ans-et-plus-pour-anniversaire-cadeau-surprise-paq-300-0506609p.html,https://media-www.canadiantire.ca/product/seasonal-gardening/toys/toys-games/0506609/-12-in-1-puzzle-assorted-98dbddfa-1f14-45f2-8c5c-95300e97caac-jpgrendition.jpg?im=whresize&wid=200&hei=200,https://media-www.canadiantire.ca/product/seasonal-gardening/toys/toys-games/0506609/-12-in-1-puzzle-assorted-98dbddfa-1f14-45f2-8c5c-95300e97caac-jpgrendition.jpg?im=whresize&wid=200&hei=200,,0506609,050-6609-8,13 En Stock#050-6609-8,Liquidation◊Mieux notés,71.28,"4,88","16,99"
90,"St. Catharines, ON","Bouton-pressoir lumineux hydrofuge sans fil pour sonnette avec montage en surface Globe, plastique noir","Bouton-pressoir lumineux hydrofuge sans fil pour sonnette avec montage en surface Globe, plastique noir",9.93,"9,93 $",19.99,"Était±  19,99 $prix était 19,99 $",9.93,"9,93 $",9.93,"9,93 $",true,https://www.canadiantire.ca/fr/pdp/bouton-pressoir-lumineux-hydrofuge-sans-fil-pour-sonnette-avec-montage-en-surface-globe-plastique-noir-0521744p.html,https://www.canadiantire.ca/fr/pdp/bouton-pressoir-lumineux-hydrofuge-sans-fil-pour-sonnette-avec-montage-en-surface-globe-plastique-noir-0521744p.html,https://media-www.canadiantire.ca/product/fixing/hardware/curb-appeal/0521744/wireless-push-button-black-plastic-lighted-surface-mount-b8a389f9-8140-4707-a7d0-913d2a9f16c1-jpgrendition.jpg?im=whresize&wid=200&hei=200,https://media-www.canadiantire.ca/product/fixing/hardware/curb-appeal/0521744/wireless-push-button-black-plastic-lighted-surface-mount-b8a389f9-8140-4707-a7d0-913d2a9f16c1-jpgrendition.jpg?im=whresize&wid=200&hei=200,,0521744,052-1744-0,Il n’en reste que 4 #052-1744-0,Liquidation◊,50.33,"9,93","19,99"
90,"St. Catharines, ON","Sac à dos recyclé et sac-repas isotherme Outbound Oak pour enfants pour école/voyage, 12 l","Sac à dos recyclé et sac-repas isotherme Outbound Oak pour enfants pour école/voyage, 12 l",9.88,"9,88 $",24.99,"Était±  24,99 $prix était 24,99 $",9.88,"9,88 $",9.88,"9,88 $",true,https://www.canadiantire.ca/fr/pdp/sac-a-dos-recycle-et-sac-repas-isotherme-outbound-oak-pour-enfants-pour-ecole-voyage-12-l-0763697p.html,https://www.canadiantire.ca/fr/pdp/sac-a-dos-recycle-et-sac-repas-isotherme-outbound-oak-pour-enfants-pour-ecole-voyage-12-l-0763697p.html,https://media-www.canadiantire.ca/product/playing/camping/backpacks-luggage-accessories/0763697/outbound-2-piece-junior-backpack-set-643ec1e9-8924-473c-b8d2-df5be8c8b076-jpgrendition.jpg?im=whresize&wid=200&hei=200,https://media-www.canadiantire.ca/product/playing/camping/backpacks-luggage-accessories/0763697/outbound-2-piece-junior-backpack-set-643ec1e9-8924-473c-b8d2-df5be8c8b076-jpgrendition.jpg?im=whresize&wid=200&hei=200,,0763697,076-3697-4,Il n’en reste que 4 #076-3697-4,Liquidation◊Mieux notés,60.46,"9,88","24,99"
90,"St. Catharines, ON",Coffre portatif Huntshield pour pistolet et accessoires,Coffre portatif Huntshield pour pistolet et accessoires,14.88,"14,88 $",39.99,"Était±  39,99 $prix était 39,99 $",14.88,"14,88 $",14.88,"14,88 $",true,https://www.canadiantire.ca/fr/pdp/coffre-portatif-huntshield-pour-pistolet-et-accessoires-0755348p.html,https://www.canadiantire.ca/fr/pdp/coffre-portatif-huntshield-pour-pistolet-et-accessoires-0755348p.html,https://media-www.canadiantire.ca/product/playing/hunting/hunting-equipment/0755348/huntshield-portable-pistol-and-acc-safe-b6c08d4f-d51d-4b10-9d65-892574f594f5-jpgrendition.jpg?im=whresize&wid=200&hei=200,https://media-www.canadiantire.ca/product/playing/hunting/hunting-equipment/0755348/huntshield-portable-pistol-and-acc-safe-b6c08d4f-d51d-4b10-9d65-892574f594f5-jpgrendition.jpg?im=whresize&wid=200&hei=200,,0755348,075-5348-6,27 En Stock#075-5348-6,Liquidation◊Exclusivité,62.79,"14,88","39,99"
90,"St. Catharines, ON","Ensemble de chasse Smith's, 14 pièces","Ensemble de chasse Smith's, 14 pièces",49.88,"49,88 $",199.99,"Était±  199,99 $prix était 199,99 $",49.88,"49,88 $",49.88,"49,88 $",true,https://www.canadiantire.ca/fr/pdp/ensemble-de-chasse-smith-s-14-pieces-0758532p.html,https://www.canadiantire.ca/fr/pdp/ensemble-de-chasse-smith-s-14-pieces-0758532p.html,https://media-www.canadiantire.ca/product/playing/hunting/hunting-equipment/0758532/smith-s-14-pc-ultimate-hunting-kit-4d7bab92-47b2-461f-b837-b184ac85cf69-jpgrendition.jpg?im=whresize&wid=200&hei=200,https://media-www.canadiantire.ca/product/playing/hunting/hunting-equipment/0758532/smith-s-14-pc-ultimate-hunting-kit-4d7bab92-47b2-461f-b837-b184ac85cf69-jpgrendition.jpg?im=whresize&wid=200&hei=200,,0758532,075-8532-8,14 En Stock#075-8532-8,Liquidation◊Exclusivité,75.06,"49,88","199,99"
90,"St. Catharines, ON",Spatule pour gelées Roots & Harvest LEM avec thermomètre intégré,Spatule pour gelées Roots & Harvest LEM avec thermomètre intégré,12.93,"12,93 $",29.99,"Était±  29,99 $prix était 29,99 $",12.93,"12,93 $",12.93,"12,93 $",true,https://www.canadiantire.ca/fr/pdp/spatule-pour-gelees-roots-harvest-lem-avec-thermometre-integre-2420195p.html,https://www.canadiantire.ca/fr/pdp/spatule-pour-gelees-roots-harvest-lem-avec-thermometre-integre-2420195p.html,https://media-www.canadiantire.ca/product/living/kitchen/canning/2420195/roots-harvest-jelly-spatula-with-integrated-thermometer-2737ff72-1e28-4faf-8e2e-a04959c9efe3-jpgrendition.jpg?im=whresize&wid=200&hei=200,https://media-www.canadiantire.ca/product/living/kitchen/canning/2420195/roots-harvest-jelly-spatula-with-integrated-thermometer-2737ff72-1e28-4faf-8e2e-a04959c9efe3-jpgrendition.jpg?im=whresize&wid=200&hei=200,,2420195,242-0195-0,Il n’en reste que 7 #242-0195-0,Liquidation◊,56.89,"12,93","29,99"
90,"St. Catharines, ON","Balle de tir truqué super rebondissante Aerobie Sonic, pour jouer à l'extérieur, 8 ans et plus","Balle de tir truqué super rebondissante Aerobie Sonic, pour jouer à l'extérieur, 8 ans et plus",4.93,"4,93 $",11.99,"Était±  11,99 $prix était 11,99 $",4.93,"4,93 $",4.93,"4,93 $",true,https://www.canadiantire.ca/fr/pdp/balle-de-tir-truque-super-rebondissante-aerobie-sonic-pour-jouer-a-l-exterieur-8-ans-et-plus-0509710p.html,https://www.canadiantire.ca/fr/pdp/balle-de-tir-truque-super-rebondissante-aerobie-sonic-pour-jouer-a-l-exterieur-8-ans-et-plus-0509710p.html,https://media-www.canadiantire.ca/product/seasonal-gardening/toys/seasonal-toys/0509710/aerobie-super-bounce-ball-0577bffd-1c36-4536-adb6-e671364c3cc9-jpgrendition.jpg?im=whresize&wid=200&hei=200,https://media-www.canadiantire.ca/product/seasonal-gardening/toys/seasonal-toys/0509710/aerobie-super-bounce-ball-0577bffd-1c36-4536-adb6-e671364c3cc9-jpgrendition.jpg?im=whresize&wid=200&hei=200,,0509710,050-9710-6,Il n’en reste que 1 #050-9710-6,Liquidation◊Mieux notés,58.88,"4,93","11,99"
90,"St. Catharines, ON","Assiettes à dîner jetables en papier hexagonales pour fête d'anniversaire, rose/rose doré, 9 po, paq. 8, pour anniversaire/enterrement de vie de jeune fille","Assiettes à dîner jetables en papier hexagonales pour fête d'anniversaire, rose/rose doré, 9 po, paq. 8, pour anniversaire/enterrement de vie de jeune fille",2.93,"2,93 $",5.99,"Était±  5,99 $prix était 5,99 $",2.93,"2,93 $",2.93,"2,93 $",true,https://www.canadiantire.ca/fr/pdp/assiettes-a-diner-jetables-en-papier-hexagonales-pour-fete-d-anniversaire-rose-rose-dore-9-po-paq-8-pour-anniversaire-enterrement-de-vie-de-jeune-fille-8537070p.html,https://www.canadiantire.ca/fr/pdp/assiettes-a-diner-jetables-en-papier-hexagonales-pour-fete-d-anniversaire-rose-rose-dore-9-po-paq-8-pour-anniversaire-enterrement-de-vie-de-jeune-fille-8537070p.html,https://media-www.partycity.ca/product/seasonal-gardening/party-city-everyday/party-city-party-supplies-decor/8537070/blush-birthday-9-hexagon-plate-metallic-af981b9a-c7e6-4864-a1ea-d0b49bc7bbf7-jpgrendition.jpg?im=whresize&wid=200&hei=200,https://media-www.partycity.ca/product/seasonal-gardening/party-city-everyday/party-city-party-supplies-decor/8537070/blush-birthday-9-hexagon-plate-metallic-af981b9a-c7e6-4864-a1ea-d0b49bc7bbf7-jpgrendition.jpg?im=whresize&wid=200&hei=200,,8537070,853-7070-0,Il n’en reste que 2 #853-7070-0,Liquidation◊,51.09,"2,93","5,99"
90,"St. Catharines, ON","Leurre Northland Weed Weasel, 1/8 oz","Leurre Northland Weed Weasel, 1/8 oz",2.93,"2,93 $",6.99,"6,99 $Était   et+ prix était à partir de 6,99 $",2.93,"2,93 $",2.93,"2,93 $",true,https://www.canadiantire.ca/fr/pdp/leurre-northland-weed-weasel-1-8-oz-0780669p.html,https://www.canadiantire.ca/fr/pdp/leurre-northland-weed-weasel-1-8-oz-0780669p.html,https://media-www.canadiantire.ca/product/playing/fishing/fishing-lures/0780669/northland-tackle-rainbow-spinner-yellow-rainbow-4-86358750-53d9-4cb2-83aa-becd74c8d121-jpgrendition.jpg?im=whresize&wid=200&hei=200,https://media-www.canadiantire.ca/product/playing/fishing/fishing-lures/0780669/northland-tackle-rainbow-spinner-yellow-rainbow-4-86358750-53d9-4cb2-83aa-becd74c8d121-jpgrendition.jpg?im=whresize&wid=200&hei=200,,0780669,078-0669,Vérifiez la disponibilité#078-0669X,Liquidation◊Mieux notés,58.08,"2,93","6,99"
90,"St. Catharines, ON","Laisse pour chiens Perri's, camouflage vert, choix de tailles","Laisse pour chiens Perri's, camouflage vert, choix de tailles",7.93,"7,93 $",17.99,"Était±  17,99 $prix était 17,99 $",7.93,"7,93 $",7.93,"7,93 $",true,https://www.canadiantire.ca/fr/pdp/laisse-pour-chiens-perri-s-camouflage-vert-choix-de-tailles-2420740p.html,https://www.canadiantire.ca/fr/pdp/laisse-pour-chiens-perri-s-camouflage-vert-choix-de-tailles-2420740p.html,https://media-www.canadiantire.ca/product/living/pet-care/pet-accessories/2420740/perri-s-camo-green-dog-leash-medium-ca790abd-2143-48c5-9715-4bc01a15d98f-jpgrendition.jpg?im=whresize&wid=200&hei=200,https://media-www.canadiantire.ca/product/living/pet-care/pet-accessories/2420740/perri-s-camo-green-dog-leash-medium-ca790abd-2143-48c5-9715-4bc01a15d98f-jpgrendition.jpg?im=whresize&wid=200&hei=200,,2420740,242-0740-2,Il n’en reste que 2 #242-0740-2,Liquidation◊Exclusivité,55.92,"7,93","17,99"
90,"St. Catharines, ON","Sac d'exercice prélesté robuste Power Core pour entraînement de force et de poids à domicile, 10 à 20 lb","Sac d'exercice prélesté robuste Power Core pour entraînement de force et de poids à domicile, 10 à 20 lb",29.88,"29,88 $",62.99,"62,99 $Était   et+ prix était à partir de 62,99 $",29.88,"29,88 $",29.88,"29,88 $",true,https://www.canadiantire.ca/fr/pdp/sac-d-exercice-preleste-robuste-power-core-pour-entrainement-de-force-et-de-poids-a-domicile-10-a-20-lb-1841605p.html,https://www.canadiantire.ca/fr/pdp/sac-d-exercice-preleste-robuste-power-core-pour-entrainement-de-force-et-de-poids-a-domicile-10-a-20-lb-1841605p.html,https://media-www.canadiantire.ca/product/playing/exercise/exercise-accessories/1841605/ziva-power-core-bag-10-lb-ce3f9282-1f3d-4816-9592-91432a644bd7-jpgrendition.jpg?im=whresize&wid=200&hei=200,https://media-www.canadiantire.ca/product/playing/exercise/exercise-accessories/1841605/ziva-power-core-bag-10-lb-ce3f9282-1f3d-4816-9592-91432a644bd7-jpgrendition.jpg?im=whresize&wid=200&hei=200,,1841605,184-1605,Vérifiez la disponibilité#184-1605X,Liquidation◊Mieux notés,52.56,"29,88","62,99"
90,"St. Catharines, ON","Chevalet de sciage en plastique Mastercraft avec pince, 27 x 15 po","Chevalet de sciage en plastique Mastercraft avec pince, 27 x 15 po",39.93,"39,93 $",79.99,"Était±  79,99 $prix était 79,99 $",39.93,"39,93 $",39.93,"39,93 $",true,https://www.canadiantire.ca/fr/pdp/chevalet-de-sciage-en-plastique-mastercraft-avec-pince-27-x-15-po-0586572p.html,https://www.canadiantire.ca/fr/pdp/chevalet-de-sciage-en-plastique-mastercraft-avec-pince-27-x-15-po-0586572p.html,https://media-www.canadiantire.ca/product/fixing/tools/tool-storage/0586572/mastercraft-clamping-sawhorse-cc7423e5-2d0e-4300-9b90-3a50f1696686-jpgrendition.jpg?im=whresize&wid=200&hei=200,https://media-www.canadiantire.ca/product/fixing/tools/tool-storage/0586572/mastercraft-clamping-sawhorse-cc7423e5-2d0e-4300-9b90-3a50f1696686-jpgrendition.jpg?im=whresize&wid=200&hei=200,,0586572,058-6572-6,Il n’en reste que 1 #058-6572-6,Liquidation◊Mieux notés,50.08,"39,93","79,99"
90,"St. Catharines, ON",Régulateur du débit d'air pour pompe à jet Burcam 750766,Régulateur du débit d'air pour pompe à jet Burcam 750766,2.93,"2,93 $",24.99,"Était±  24,99 $prix était 24,99 $",2.93,"2,93 $",2.93,"2,93 $",true,https://www.canadiantire.ca/fr/pdp/regulateur-du-debit-d-air-pour-pompe-a-jet-burcam-750766-0624101p.html,https://www.canadiantire.ca/fr/pdp/regulateur-du-debit-d-air-pour-pompe-a-jet-burcam-750766-0624101p.html,https://media-www.canadiantire.ca/product/fixing/plumbing/water-management/0624101/air-control-jet-pump-380cd66b-e80d-4ff1-ad53-8aa62587c80b-jpgrendition.jpg?im=whresize&wid=200&hei=200,https://media-www.canadiantire.ca/product/fixing/plumbing/water-management/0624101/air-control-jet-pump-380cd66b-e80d-4ff1-ad53-8aa62587c80b-jpgrendition.jpg?im=whresize&wid=200&hei=200,,0624101,062-4101-8,Il n’en reste que 1 #062-4101-8,Liquidation◊,88.28,"2,93","24,99"
90,"St. Catharines, ON","Enduit d'allumage MotoMaster, 170 g","Enduit d'allumage MotoMaster, 170 g",3.93,"3,93 $",9.99,"Était±  9,99 $prix était 9,99 $",3.93,"3,93 $",3.93,"3,93 $",true,https://www.canadiantire.ca/fr/pdp/enduit-d-allumage-motomaster-170-g-0383806p.html,https://www.canadiantire.ca/fr/pdp/enduit-d-allumage-motomaster-170-g-0383806p.html,https://media-www.canadiantire.ca/product/automotive/auto-maintenance/auto-fluids/0383806/motomaster-ignition-protector-170g-b1f9ec2d-ae4e-4d14-a9e5-1e787996294e-jpgrendition.jpg?im=whresize&wid=200&hei=200,https://media-www.canadiantire.ca/product/automotive/auto-maintenance/auto-fluids/0383806/motomaster-ignition-protector-170g-b1f9ec2d-ae4e-4d14-a9e5-1e787996294e-jpgrendition.jpg?im=whresize&wid=200&hei=200,,0383806,038-3806-8,13 En Stock#038-3806-8,Liquidation◊Mieux notés,60.66,"3,93","9,99"
90,"St. Catharines, ON","Chapeau cloche à facteur de protection solaire (FPS) 50+ Speedo pour enfants avec sangle pour le menton, rose","Chapeau cloche à facteur de protection solaire (FPS) 50+ Speedo pour enfants avec sangle pour le menton, rose",7.93,"7,93 $",15.99,"Était±  15,99 $prix était 15,99 $",7.93,"7,93 $",7.93,"7,93 $",true,https://www.canadiantire.ca/fr/pdp/chapeau-cloche-a-facteur-de-protection-solaire-fps-50-speedo-pour-enfants-avec-sangle-pour-le-menton-rose-0810212p.html,https://www.canadiantire.ca/fr/pdp/chapeau-cloche-a-facteur-de-protection-solaire-fps-50-speedo-pour-enfants-avec-sangle-pour-le-menton-rose-0810212p.html,https://media-www.canadiantire.ca/product/seasonal-gardening/backyard-fun/pool-fun/0810212/speedo-bucket-hat-pink-70339610-f51c-43b5-ade8-e77c151f08fe-jpgrendition.jpg?im=whresize&wid=200&hei=200,https://media-www.canadiantire.ca/product/seasonal-gardening/backyard-fun/pool-fun/0810212/speedo-bucket-hat-pink-70339610-f51c-43b5-ade8-e77c151f08fe-jpgrendition.jpg?im=whresize&wid=200&hei=200,,0810212,081-0212-2,25 En Stock#081-0212-2,Liquidation◊Exclusivité,50.41,"7,93","15,99"
90,"St. Catharines, ON","Interface de rechange pour chaîne stéréo Scosche ICVW6BN, véhicules Volkswagen, 2006 à 2015","Interface de rechange pour chaîne stéréo Scosche ICVW6BN, véhicules Volkswagen, 2006 à 2015",10.93,"10,93 $",99.99,"Était±  99,99 $prix était 99,99 $",10.93,"10,93 $",10.93,"10,93 $",true,https://www.canadiantire.ca/fr/pdp/interface-de-rechange-pour-chaine-stereo-scosche-icvw6bn-vehicules-volkswagen-2006-a-2015-0350190p.html,https://www.canadiantire.ca/fr/pdp/interface-de-rechange-pour-chaine-stereo-scosche-icvw6bn-vehicules-volkswagen-2006-a-2015-0350190p.html,https://media-www.canadiantire.ca/product/automotive/car-care-accessories/auto-electronics/0350190/2006-15-volkswagen-canbus-car-stereo-replacement-interface-755c1925-896a-4714-9915-58df0febcb4f-jpgrendition.jpg?im=whresize&wid=200&hei=200,https://media-www.canadiantire.ca/product/automotive/car-care-accessories/auto-electronics/0350190/2006-15-volkswagen-canbus-car-stereo-replacement-interface-755c1925-896a-4714-9915-58df0febcb4f-jpgrendition.jpg?im=whresize&wid=200&hei=200,,0350190,035-0190-4,Il n’en reste que 2 #035-0190-4,Liquidation◊,89.07,"10,93","99,99"
90,"St. Catharines, ON",Décalcomanies Star Wars,Décalcomanies Star Wars,2.93,"2,93 $",15.99,"Était±  15,99 $prix était 15,99 $",2.93,"2,93 $",2.93,"2,93 $",true,https://www.canadiantire.ca/fr/pdp/decalcomanies-star-wars-0379272p.html,https://www.canadiantire.ca/fr/pdp/decalcomanies-star-wars-0379272p.html,https://media-www.canadiantire.ca/product/automotive/car-care-accessories/auto-accessories/0379272/star-wars-decal-kit-16c047ea-367e-4e3c-ab87-a220cc89dfa4-jpgrendition.jpg?im=whresize&wid=200&hei=200,https://media-www.canadiantire.ca/product/automotive/car-care-accessories/auto-accessories/0379272/star-wars-decal-kit-16c047ea-367e-4e3c-ab87-a220cc89dfa4-jpgrendition.jpg?im=whresize&wid=200&hei=200,,0379272,037-9272-2,Il n’en reste que 2 #037-9272-2,Liquidation◊Mieux notés,81.68,"2,93","15,99"
90,"St. Catharines, ON","Balai à neige télescopique Certified, 45 po","Balai à neige télescopique Certified, 45 po",4.93,"4,93 $",21.99,"Était±  21,99 $prix était 21,99 $",4.93,"4,93 $",4.93,"4,93 $",true,https://www.canadiantire.ca/fr/pdp/balai-a-neige-telescopique-certified-45-po-0304452p.html,https://www.canadiantire.ca/fr/pdp/balai-a-neige-telescopique-certified-45-po-0304452p.html,https://media-www.canadiantire.ca/product/automotive/car-care-accessories/auto-winter-accessories/0304452/42-telescopic-snow-brush-693c8f1f-8474-4230-8772-fab63a2936e0-jpgrendition.jpg?im=whresize&wid=200&hei=200,https://media-www.canadiantire.ca/product/automotive/car-care-accessories/auto-winter-accessories/0304452/42-telescopic-snow-brush-693c8f1f-8474-4230-8772-fab63a2936e0-jpgrendition.jpg?im=whresize&wid=200&hei=200,,0304452,030-4452-8,Il n’en reste que 1 #030-4452-8,Liquidation◊Exclusivité,77.58,"4,93","21,99"
90,"St. Catharines, ON","Meule à aiguiser/affûter le métal en oxyde d'aluminium Dremel 932 pour outil rotatif, 3/16 po","Meule à aiguiser/affûter le métal en oxyde d'aluminium Dremel 932 pour outil rotatif, 3/16 po",4.93,"4,93 $",10.99,"Était±  10,99 $prix était 10,99 $",4.93,"4,93 $",4.93,"4,93 $",true,https://www.canadiantire.ca/fr/pdp/meule-a-aiguiser-affuter-le-metal-en-oxyde-d-aluminium-dremel-932-pour-outil-rotatif-3-16-po-0544662p.html,https://www.canadiantire.ca/fr/pdp/meule-a-aiguiser-affuter-le-metal-en-oxyde-d-aluminium-dremel-932-pour-outil-rotatif-3-16-po-0544662p.html,https://media-www.canadiantire.ca/product/fixing/tools/portable-power-tools/0544662/dremel-aluminum-oxide-bit-932-3001a44c-8f82-41f6-906d-681a8b524fe6-jpgrendition.jpg?im=whresize&wid=200&hei=200,https://media-www.canadiantire.ca/product/fixing/tools/portable-power-tools/0544662/dremel-aluminum-oxide-bit-932-3001a44c-8f82-41f6-906d-681a8b524fe6-jpgrendition.jpg?im=whresize&wid=200&hei=200,,0544662,054-4662-2,Il n’en reste que 2 #054-4662-2,Liquidation◊Mieux notés,55.14,"4,93","10,99"
90,"St. Catharines, ON","Gobelets en plastique farouche, sans faille et fabuleuse, rose, 9 oz, paq. 30","Gobelets en plastique farouche, sans faille et fabuleuse, rose, 9 oz, paq. 30",4.93,"4,93 $",13.99,"Était±  13,99 $prix était 13,99 $",4.93,"4,93 $",4.93,"4,93 $",true,https://www.canadiantire.ca/fr/pdp/gobelets-en-plastique-farouche-sans-faille-et-fabuleuse-rose-9-oz-paq-30-8420323p.html,https://www.canadiantire.ca/fr/pdp/gobelets-en-plastique-farouche-sans-faille-et-fabuleuse-rose-9-oz-paq-30-8420323p.html,https://media-www.partycity.ca/product/seasonal-gardening/party-city-everyday/party-city-party-supplies-decor/8420323/fierce-fabulous-pink-plastic-cups-30ct-f76eefbe-7e98-4487-b9ca-d07fee8c7b16-jpgrendition.jpg?im=whresize&wid=200&hei=200,https://media-www.partycity.ca/product/seasonal-gardening/party-city-everyday/party-city-party-supplies-decor/8420323/fierce-fabulous-pink-plastic-cups-30ct-f76eefbe-7e98-4487-b9ca-d07fee8c7b16-jpgrendition.jpg?im=whresize&wid=200&hei=200,,8420323,842-0323-8,Il n’en reste que 3 #842-0323-8,Liquidation◊Mieux notés,64.76,"4,93","13,99"
90,"St. Catharines, ON","Chiffons à récurer Type A, paq. 6","Chiffons à récurer Type A, paq. 6",3.88,"3,88 $",8.99,"Était±  8,99 $prix était 8,99 $",3.88,"3,88 $",3.88,"3,88 $",true,https://www.canadiantire.ca/fr/pdp/chiffons-a-recurer-type-a-paq-6-1427667p.html,https://www.canadiantire.ca/fr/pdp/chiffons-a-recurer-type-a-paq-6-1427667p.html,https://media-www.canadiantire.ca/product/living/cleaning/household-cleaning-tools/1427667/type-a-scour-cloths-6pk-bafeb521-40d6-47a7-8ebf-0216aba42d22-jpgrendition.jpg?im=whresize&wid=200&hei=200,https://media-www.canadiantire.ca/product/living/cleaning/household-cleaning-tools/1427667/type-a-scour-cloths-6pk-bafeb521-40d6-47a7-8ebf-0216aba42d22-jpgrendition.jpg?im=whresize&wid=200&hei=200,,1427667,142-7667-4,91 En Stock#142-7667-4,Liquidation◊Exclusivité,56.84,"3,88","8,99"
90,"St. Catharines, ON",Couvre-boule de remorquage,Couvre-boule de remorquage,3.93,"3,93 $",8.29,"Était±  8,29 $prix était 8,29 $",3.93,"3,93 $",3.93,"3,93 $",true,https://www.canadiantire.ca/fr/pdp/couvre-boule-de-remorquage-0406061p.html,https://www.canadiantire.ca/fr/pdp/couvre-boule-de-remorquage-0406061p.html,https://media-www.canadiantire.ca/product/automotive/automotive-outdoor-adventure/auto-travel-storage/0406061/reese-towpower-tow-ball-cover-with-4-flat-wiring-pocket-98d3a9d8-1151-4da1-8a91-d9e55369883e-jpgrendition.jpg?im=whresize&wid=200&hei=200,https://media-www.canadiantire.ca/product/automotive/automotive-outdoor-adventure/auto-travel-storage/0406061/reese-towpower-tow-ball-cover-with-4-flat-wiring-pocket-98d3a9d8-1151-4da1-8a91-d9e55369883e-jpgrendition.jpg?im=whresize&wid=200&hei=200,,0406061,040-6061-2,Il n’en reste que 4 #040-6061-2,Liquidation◊,52.59,"3,93","8,29"
90,"St. Catharines, ON","Citrouille lanterne en sisal For Living, lumière à DEL, orange, 16 po, paq. 2, décoration d'intérieur/extérieur pour l'Halloween","Citrouille lanterne en sisal For Living, lumière à DEL, orange, 16 po, paq. 2, décoration d'intérieur/extérieur pour l'Halloween",49.93,"49,93 $",99.99,"Était±  99,99 $prix était 99,99 $",49.93,"49,93 $",49.93,"49,93 $",true,https://www.canadiantire.ca/fr/pdp/citrouille-lanterne-en-sisal-for-living-lumiere-a-del-orange-16-po-paq-2-decoration-d-interieur-exterieur-pour-l-halloween-1519147p.html,https://www.canadiantire.ca/fr/pdp/citrouille-lanterne-en-sisal-for-living-lumiere-a-del-orange-16-po-paq-2-decoration-d-interieur-exterieur-pour-l-halloween-1519147p.html,https://media-www.canadiantire.ca/product/seasonal-gardening/seasonal/halloween-harvest/1519147/2pk-3d-sisial-pumpkin-76d535d7-2f69-44a8-95e7-9b97983df9c2-jpgrendition.jpg?im=whresize&wid=200&hei=200,https://media-www.canadiantire.ca/product/seasonal-gardening/seasonal/halloween-harvest/1519147/2pk-3d-sisial-pumpkin-76d535d7-2f69-44a8-95e7-9b97983df9c2-jpgrendition.jpg?im=whresize&wid=200&hei=200,,1519147,151-9147-8,0 En Stock#151-9147-8,Liquidation◊Exclusivité,50.07,"49,93","99,99"
90,"St. Catharines, ON","Marqueur pour fenêtre et affiche, bleu","Marqueur pour fenêtre et affiche, bleu",3.93,"3,93 $",7.99,"Était±  7,99 $prix était 7,99 $",3.93,"3,93 $",3.93,"3,93 $",true,https://www.canadiantire.ca/fr/pdp/marqueur-pour-fenetre-et-affiche-bleu-0379275p.html,https://www.canadiantire.ca/fr/pdp/marqueur-pour-fenetre-et-affiche-bleu-0379275p.html,https://media-www.canadiantire.ca/product/automotive/car-care-accessories/auto-accessories/0379275/window-sign-marker-blue-476c5c8f-1a01-4c6b-abac-fc681e5e85d4-jpgrendition.jpg?im=whresize&wid=200&hei=200,https://media-www.canadiantire.ca/product/automotive/car-care-accessories/auto-accessories/0379275/window-sign-marker-blue-476c5c8f-1a01-4c6b-abac-fc681e5e85d4-jpgrendition.jpg?im=whresize&wid=200&hei=200,,0379275,037-9275-6,Il n’en reste que 1 #037-9275-6,Liquidation◊Exclusivité,50.81,"3,93","7,99"
90,"St. Catharines, ON",Trousse d'installation de commande de freins Hopkins Towing Solution,Trousse d'installation de commande de freins Hopkins Towing Solution,20.93,"20,93 $",42.99,"Était±  42,99 $prix était 42,99 $",20.93,"20,93 $",20.93,"20,93 $",true,https://www.canadiantire.ca/fr/pdp/trousse-d-installation-de-commande-de-freins-hopkins-towing-solution-0409674p.html,https://www.canadiantire.ca/fr/pdp/trousse-d-installation-de-commande-de-freins-hopkins-towing-solution-0409674p.html,https://media-www.canadiantire.ca/product/automotive/automotive-outdoor-adventure/auto-travel-storage/0409674/brake-control-installation-kit-d710317d-967c-4129-88a0-51154c7edbab-jpgrendition.jpg?im=whresize&wid=200&hei=200,https://media-www.canadiantire.ca/product/automotive/automotive-outdoor-adventure/auto-travel-storage/0409674/brake-control-installation-kit-d710317d-967c-4129-88a0-51154c7edbab-jpgrendition.jpg?im=whresize&wid=200&hei=200,,0409674,040-9674-6,Il n’en reste que 3 #040-9674-6,Liquidation◊,51.31,"20,93","42,99"
90,"St. Catharines, ON","Décorations Ballons d'anniversaire, paq. 18","Décorations Ballons d'anniversaire, paq. 18",6.93,"6,93 $",19.99,"Était±  19,99 $prix était 19,99 $",6.93,"6,93 $",6.93,"6,93 $",true,https://www.canadiantire.ca/fr/pdp/decorations-ballons-d-anniversaire-paq-18-8420292p.html,https://www.canadiantire.ca/fr/pdp/decorations-ballons-d-anniversaire-paq-18-8420292p.html,https://media-www.partycity.ca/product/seasonal-gardening/party-city-everyday/party-city-party-supplies-decor/8420292/rm-deco-kit-bday-clbrtn-416e879e-9e25-4fd1-85ed-3f102a4b7269-jpgrendition.jpg?im=whresize&wid=200&hei=200,https://media-www.partycity.ca/product/seasonal-gardening/party-city-everyday/party-city-party-supplies-decor/8420292/rm-deco-kit-bday-clbrtn-416e879e-9e25-4fd1-85ed-3f102a4b7269-jpgrendition.jpg?im=whresize&wid=200&hei=200,,8420292,842-0292-0,Il n’en reste que 5 #842-0292-0,Liquidation◊,65.33,"6,93","19,99"
90,"St. Catharines, ON","Figurine interactive acolyte Rêve Disney Wish, 3 ans et plus","Figurine interactive acolyte Rêve Disney Wish, 3 ans et plus",10.93,"10,93 $",22.99,"Était±  22,99 $prix était 22,99 $",10.93,"10,93 $",10.93,"10,93 $",true,https://www.canadiantire.ca/fr/pdp/figurine-interactive-acolyte-reve-disney-wish-3-ans-et-plus-1501716p.html,https://www.canadiantire.ca/fr/pdp/figurine-interactive-acolyte-reve-disney-wish-3-ans-et-plus-1501716p.html,https://media-www.canadiantire.ca/product/seasonal-gardening/toys/toys-games/1501716/disney-wish-feature-sidekick-0866a880-8247-47a4-8a47-aed31a7cd26e-jpgrendition.jpg?im=whresize&wid=200&hei=200,https://media-www.canadiantire.ca/product/seasonal-gardening/toys/toys-games/1501716/disney-wish-feature-sidekick-0866a880-8247-47a4-8a47-aed31a7cd26e-jpgrendition.jpg?im=whresize&wid=200&hei=200,,1501716,150-1716-4,Il n’en reste que 1 #150-1716-4,Liquidation◊Mieux notés,52.46,"10,93","22,99"
90,"St. Catharines, ON","Serviettes de table pour boisson, Hibiscus blanches","Serviettes de table pour boisson, Hibiscus blanches",3.93,"3,93 $",10.99,"Était±  10,99 $prix était 10,99 $",3.93,"3,93 $",3.93,"3,93 $",true,https://www.canadiantire.ca/fr/pdp/serviettes-de-table-pour-boisson-hibiscus-blanches-8549349p.html,https://www.canadiantire.ca/fr/pdp/serviettes-de-table-pour-boisson-hibiscus-blanches-8549349p.html,https://media-www.partycity.ca/product/seasonal-gardening/party-city-seasonal/party-city-micro-season-decor/8549348/summer-hibiscus-ln-bpp-5bf5d7cd-4ba3-44e9-bd1e-a854f5478df9-jpgrendition.jpg?im=whresize&wid=200&hei=200,https://media-www.partycity.ca/product/seasonal-gardening/party-city-seasonal/party-city-micro-season-decor/8549348/summer-hibiscus-ln-bpp-5bf5d7cd-4ba3-44e9-bd1e-a854f5478df9-jpgrendition.jpg?im=whresize&wid=200&hei=200,,8549349,854-9349-6,Il n’en reste que 5 #854-9349-6,Liquidation◊,64.24,"3,93","10,99"
90,"St. Catharines, ON","Ampoules à DEL non variable à culot E12 NOMA B10, 3000K, 300 lumens, blanc chaud, 40 W, paq. 4","Ampoules à DEL non variable à culot E12 NOMA B10, 3000K, 300 lumens, blanc chaud, 40 W, paq. 4",9.88,"9,88 $",27.99,"Était±  27,99 $prix était 27,99 $",9.88,"9,88 $",9.88,"9,88 $",true,https://www.canadiantire.ca/fr/pdp/ampoules-a-del-non-variable-a-culot-e12-noma-b10-3000k-300-lumens-blanc-chaud-40-w-paq-4-0527028p.html,https://www.canadiantire.ca/fr/pdp/ampoules-a-del-non-variable-a-culot-e12-noma-b10-3000k-300-lumens-blanc-chaud-40-w-paq-4-0527028p.html,https://media-www.canadiantire.ca/product/fixing/electrical/light-bulbs/0527028/noma-led-candelabra-bulb-40w-non-dimmable-4-pack-97c9907b-6688-4781-9442-e149d92de2c5-jpgrendition.jpg?im=whresize&wid=200&hei=200,https://media-www.canadiantire.ca/product/fixing/electrical/light-bulbs/0527028/noma-led-candelabra-bulb-40w-non-dimmable-4-pack-97c9907b-6688-4781-9442-e149d92de2c5-jpgrendition.jpg?im=whresize&wid=200&hei=200,,0527028,052-7028-0,40 En Stock#052-7028-0,Liquidation◊Mieux notés,64.7,"9,88","27,99"
90,"St. Catharines, ON","Plafonnier à 3 lampes têtes pivotantes réglables abat-jour en forme de cage CANVAS Keele, bronze foncé","Plafonnier à 3 lampes têtes pivotantes réglables abat-jour en forme de cage CANVAS Keele, bronze foncé",49.93,"49,93 $",129.99,"Était±  129,99 $prix était 129,99 $",49.93,"49,93 $",49.93,"49,93 $",true,https://www.canadiantire.ca/fr/pdp/plafonnier-a-3-lampes-tetes-pivotantes-reglables-abat-jour-en-forme-de-cage-canvas-keele-bronze-fonce-0529739p.html,https://www.canadiantire.ca/fr/pdp/plafonnier-a-3-lampes-tetes-pivotantes-reglables-abat-jour-en-forme-de-cage-canvas-keele-bronze-fonce-0529739p.html,https://media-www.canadiantire.ca/product/living/home-decor/lighting/0529739/canvas-3-lt-keele-canopy-7200f000-1738-4ea9-9084-9586c5919a0f-jpgrendition.jpg?im=whresize&wid=200&hei=200,https://media-www.canadiantire.ca/product/living/home-decor/lighting/0529739/canvas-3-lt-keele-canopy-7200f000-1738-4ea9-9084-9586c5919a0f-jpgrendition.jpg?im=whresize&wid=200&hei=200,,0529739,052-9739-6,Il n’en reste que 2 #052-9739-6,Liquidation◊Mieux notés,61.59,"49,93","129,99"
90,"St. Catharines, ON","Cadran de rechange pour cuisinière électrique Laser 62211, noir","Cadran de rechange pour cuisinière électrique Laser 62211, noir",4.93,"4,93 $",10.99,"Était±  10,99 $prix était 10,99 $",4.93,"4,93 $",4.93,"4,93 $",true,https://www.canadiantire.ca/fr/pdp/cadran-de-rechange-pour-cuisiniere-electrique-laser-62211-noir-0522621p.html,https://www.canadiantire.ca/fr/pdp/cadran-de-rechange-pour-cuisiniere-electrique-laser-62211-noir-0522621p.html,https://media-www.canadiantire.ca/product/fixing/electrical/rough-electrical/0522621/black-stove-dial-kit-1pc-d5af5f0a-be7c-4aec-9b39-de69a93a54b1-jpgrendition.jpg?im=whresize&wid=200&hei=200,https://media-www.canadiantire.ca/product/fixing/electrical/rough-electrical/0522621/black-stove-dial-kit-1pc-d5af5f0a-be7c-4aec-9b39-de69a93a54b1-jpgrendition.jpg?im=whresize&wid=200&hei=200,,0522621,052-2621-6,Il n’en reste que 1 #052-2621-6,Liquidation◊,55.14,"4,93","10,99"
90,"St. Catharines, ON","Gilet de sauvetage VFI nylon La Reine des neiges Disney, poupons","Gilet de sauvetage VFI nylon La Reine des neiges Disney, poupons",24.93,"24,93 $",57.99,"Était±  57,99 $prix était 57,99 $",24.93,"24,93 $",24.93,"24,93 $",true,https://www.canadiantire.ca/fr/pdp/gilet-de-sauvetage-vfi-nylon-la-reine-des-neiges-disney-poupons-0791895p.html,https://www.canadiantire.ca/fr/pdp/gilet-de-sauvetage-vfi-nylon-la-reine-des-neiges-disney-poupons-0791895p.html,https://media-www.canadiantire.ca/product/playing/seasonal-recreation/marine-water-fun/0791895/disney-cartoon-infant-girl-nylon-pfd-4a2eb70f-ec3d-42ac-91d7-ec87a9cd3d42-jpgrendition.jpg?im=whresize&wid=200&hei=200,https://media-www.canadiantire.ca/product/playing/seasonal-recreation/marine-water-fun/0791895/disney-cartoon-infant-girl-nylon-pfd-4a2eb70f-ec3d-42ac-91d7-ec87a9cd3d42-jpgrendition.jpg?im=whresize&wid=200&hei=200,,0791895,079-1895-8,Il n’en reste que 1 #079-1895-8,Liquidation◊Exclusivité,57.01,"24,93","57,99"
90,"St. Catharines, ON","Ligne d'amarre de mise à l'eau Launch Assist, hydrofuge","Ligne d'amarre de mise à l'eau Launch Assist, hydrofuge",62.93,"62,93 $",129.99,"Était±  129,99 $prix était 129,99 $",62.93,"62,93 $",62.93,"62,93 $",true,https://www.canadiantire.ca/fr/pdp/ligne-d-amarre-de-mise-a-l-eau-launch-assist-hydrofuge-0792488p.html,https://www.canadiantire.ca/fr/pdp/ligne-d-amarre-de-mise-a-l-eau-launch-assist-hydrofuge-0792488p.html,https://media-www.canadiantire.ca/product/playing/seasonal-recreation/marine-power-boating/0792488/launch-assist-29d6173f-d3c3-4f32-a0bd-6dedb85e9692-jpgrendition.jpg?im=whresize&wid=200&hei=200,https://media-www.canadiantire.ca/product/playing/seasonal-recreation/marine-power-boating/0792488/launch-assist-29d6173f-d3c3-4f32-a0bd-6dedb85e9692-jpgrendition.jpg?im=whresize&wid=200&hei=200,,0792488,079-2488-2,Il n’en reste que 2 #079-2488-2,Liquidation◊,51.59,"62,93","129,99"
90,"St. Catharines, ON","Clous de finition enduits Bostitch BT1350B-1M, calibre 18, 2 po, paq. 1000","Clous de finition enduits Bostitch BT1350B-1M, calibre 18, 2 po, paq. 1000",7.93,"7,93 $",15.99,"Était±  15,99 $prix était 15,99 $",7.93,"7,93 $",7.93,"7,93 $",true,https://www.canadiantire.ca/fr/pdp/clous-de-finition-enduits-bostitch-bt1350b-1m-calibre-18-2-po-paq-1000-0580059p.html,https://www.canadiantire.ca/fr/pdp/clous-de-finition-enduits-bostitch-bt1350b-1m-calibre-18-2-po-paq-1000-0580059p.html,https://media-www.canadiantire.ca/product/fixing/tools/air-tools-accessories/0580059/bostitch-2-18-gauge-brad-nails-1000-pack-373b4e46-672f-4160-b18c-c8f7869b628a-jpgrendition.jpg?im=whresize&wid=200&hei=200,https://media-www.canadiantire.ca/product/fixing/tools/air-tools-accessories/0580059/bostitch-2-18-gauge-brad-nails-1000-pack-373b4e46-672f-4160-b18c-c8f7869b628a-jpgrendition.jpg?im=whresize&wid=200&hei=200,,0580059,058-0059-6,Il n’en reste que 2 #058-0059-6,Liquidation◊Mieux notés,50.41,"7,93","15,99"
90,"St. Catharines, ON",Moyeu de remorque Carlisle à 4 boulons,Moyeu de remorque Carlisle à 4 boulons,12.93,"12,93 $",89.99,"Était±  89,99 $prix était 89,99 $",12.93,"12,93 $",12.93,"12,93 $",true,https://www.canadiantire.ca/fr/pdp/moyeu-de-remorque-carlisle-a-4-boulons-0408450p.html,https://www.canadiantire.ca/fr/pdp/moyeu-de-remorque-carlisle-a-4-boulons-0408450p.html,https://media-www.canadiantire.ca/product/automotive/automotive-outdoor-adventure/auto-travel-storage/0408450/carlisle-trailer-hub-4-bolt-ac69d988-3204-48bd-b6de-cd893370fb2f-jpgrendition.jpg?im=whresize&wid=200&hei=200,https://media-www.canadiantire.ca/product/automotive/automotive-outdoor-adventure/auto-travel-storage/0408450/carlisle-trailer-hub-4-bolt-ac69d988-3204-48bd-b6de-cd893370fb2f-jpgrendition.jpg?im=whresize&wid=200&hei=200,,0408450,040-8450-4,Il n’en reste que 3 #040-8450-4,Liquidation◊Mieux notés,85.63,"12,93","89,99"
90,"St. Catharines, ON","Boule de lave requin Goofy Foot, pour l'intérieur et l'extérieur, 3 ans et plus","Boule de lave requin Goofy Foot, pour l'intérieur et l'extérieur, 3 ans et plus",3.93,"3,93 $",9.99,"Était±  9,99 $prix était 9,99 $",3.93,"3,93 $",3.93,"3,93 $",true,https://www.canadiantire.ca/fr/pdp/boule-de-lave-requin-goofy-foot-pour-l-interieur-et-l-exterieur-3-ans-et-plus-0509737p.html,https://www.canadiantire.ca/fr/pdp/boule-de-lave-requin-goofy-foot-pour-l-interieur-et-l-exterieur-3-ans-et-plus-0509737p.html,https://media-www.canadiantire.ca/product/seasonal-gardening/toys/seasonal-toys/0509737/shark-lava-ball-b417b47f-a51b-4d1a-b8b6-4bd4e60eeef9-jpgrendition.jpg?im=whresize&wid=200&hei=200,https://media-www.canadiantire.ca/product/seasonal-gardening/toys/seasonal-toys/0509737/shark-lava-ball-b417b47f-a51b-4d1a-b8b6-4bd4e60eeef9-jpgrendition.jpg?im=whresize&wid=200&hei=200,,0509737,050-9737-4,Il n’en reste que 3 #050-9737-4,Liquidation◊Mieux notés,60.66,"3,93","9,99"
90,"St. Catharines, ON","Rail d'éclairage à 4 lampes à têtes pivotantes réglables NOMA, acier brossé et chrome","Rail d'éclairage à 4 lampes à têtes pivotantes réglables NOMA, acier brossé et chrome",39.93,"39,93 $",169.99,"Était±  169,99 $prix était 169,99 $",39.93,"39,93 $",39.93,"39,93 $",true,https://www.canadiantire.ca/fr/pdp/rail-d-eclairage-a-4-lampes-a-tetes-pivotantes-reglables-noma-acier-brosse-et-chrome-0529506p.html,https://www.canadiantire.ca/fr/pdp/rail-d-eclairage-a-4-lampes-a-tetes-pivotantes-reglables-noma-acier-brosse-et-chrome-0529506p.html,https://media-www.canadiantire.ca/product/living/home-decor/lighting/0529506/noma-4-light-eglinton-track-light-eeb67221-3137-4a74-98b2-91a3c26878e7-jpgrendition.jpg?im=whresize&wid=200&hei=200,https://media-www.canadiantire.ca/product/living/home-decor/lighting/0529506/noma-4-light-eglinton-track-light-eeb67221-3137-4a74-98b2-91a3c26878e7-jpgrendition.jpg?im=whresize&wid=200&hei=200,,0529506,052-9506-0,Il n’en reste que 1 #052-9506-0,Liquidation◊Exclusivité,76.51,"39,93","169,99"
90,"St. Catharines, ON","Poignées droite en acier Peerless pour armoires et tiroirs, nickel satiné, 1 5⁄8 po, paq. 10","Poignées droite en acier Peerless pour armoires et tiroirs, nickel satiné, 1 5⁄8 po, paq. 10",17.93,"17,93 $",38.99,"Était±  38,99 $prix était 38,99 $",17.93,"17,93 $",17.93,"17,93 $",true,https://www.canadiantire.ca/fr/pdp/poignees-droite-en-acier-peerless-pour-armoires-et-tiroirs-nickel-satine-1-5-8-po-paq-10-0467402p.html,https://www.canadiantire.ca/fr/pdp/poignees-droite-en-acier-peerless-pour-armoires-et-tiroirs-nickel-satine-1-5-8-po-paq-10-0467402p.html,https://media-www.canadiantire.ca/product/living/home-decor/decor-accents/0467402/peerless-1-5-8-steel-bar-knob-10pk-satin-nickel-9822b683-6f63-46df-aa04-7d6652c2c523-jpgrendition.jpg?im=whresize&wid=200&hei=200,https://media-www.canadiantire.ca/product/living/home-decor/decor-accents/0467402/peerless-1-5-8-steel-bar-knob-10pk-satin-nickel-9822b683-6f63-46df-aa04-7d6652c2c523-jpgrendition.jpg?im=whresize&wid=200&hei=200,,0467402,046-7402-4,Il n’en reste que 2 #046-7402-4,Liquidation◊Mieux notés,54.01,"17,93","38,99"
90,"St. Catharines, ON","Décoration pinata suspendue Pixel Party B-Day bloc de TNT, rouge, 10 po, peut contenir 2 lb de garniture à pinata, pour fêtes d'anniversaire","Décoration pinata suspendue Pixel Party B-Day bloc de TNT, rouge, 10 po, peut contenir 2 lb de garniture à pinata, pour fêtes d'anniversaire",10.93,"10,93 $",27.99,"Était±  27,99 $prix était 27,99 $",10.93,"10,93 $",10.93,"10,93 $",true,https://www.canadiantire.ca/fr/pdp/decoration-pinata-suspendue-pixel-party-b-day-bloc-de-tnt-rouge-10-po-peut-contenir-2-lb-de-garniture-a-pinata-pour-fetes-d-anniversaire-8433679p.html,https://www.canadiantire.ca/fr/pdp/decoration-pinata-suspendue-pixel-party-b-day-bloc-de-tnt-rouge-10-po-peut-contenir-2-lb-de-garniture-a-pinata-pour-fetes-d-anniversaire-8433679p.html,https://media-www.partycity.ca/product/seasonal-gardening/party-city-everyday/party-city-party-supplies-decor/8433679/3d-pinata-tnt-9094c29c-ca41-477f-aa47-a7cc1f0f7c6c-jpgrendition.jpg?im=whresize&wid=200&hei=200,https://media-www.partycity.ca/product/seasonal-gardening/party-city-everyday/party-city-party-supplies-decor/8433679/3d-pinata-tnt-9094c29c-ca41-477f-aa47-a7cc1f0f7c6c-jpgrendition.jpg?im=whresize&wid=200&hei=200,,8433679,843-3679-2,Il n’en reste que 1 #843-3679-2,Liquidation◊,60.95,"10,93","27,99"
90,"St. Catharines, ON","Rallonge pour bande lumineuse intelligente DEL Philips Hue Plus, blanc et couleur, 40 po","Rallonge pour bande lumineuse intelligente DEL Philips Hue Plus, blanc et couleur, 40 po",19.93,"19,93 $",45.99,"Était±  45,99 $prix était 45,99 $",19.93,"19,93 $",19.93,"19,93 $",true,https://www.canadiantire.ca/fr/pdp/rallonge-pour-bande-lumineuse-intelligente-del-philips-hue-plus-blanc-et-couleur-40-po-0529758p.html,https://www.canadiantire.ca/fr/pdp/rallonge-pour-bande-lumineuse-intelligente-del-philips-hue-plus-blanc-et-couleur-40-po-0529758p.html,https://media-www.canadiantire.ca/product/fixing/electrical/light-bulbs/0529758/philips-hue-lightstrip-plus-extention-bf355678-4536-452f-b816-7ee208712f86-jpgrendition.jpg?im=whresize&wid=200&hei=200,https://media-www.canadiantire.ca/product/fixing/electrical/light-bulbs/0529758/philips-hue-lightstrip-plus-extention-bf355678-4536-452f-b816-7ee208712f86-jpgrendition.jpg?im=whresize&wid=200&hei=200,,0529758,052-9758-0,Il n’en reste que 2 #052-9758-0,Liquidation◊,56.66,"19,93","45,99"
90,"St. Catharines, ON","Bornes coniques isolées Gardner Bender C14-161P, calibre 22 à 18 AWG, paq. 4","Bornes coniques isolées Gardner Bender C14-161P, calibre 22 à 18 AWG, paq. 4",0.93,"0,93 $",2.79,"Était±  2,79 $prix était 2,79 $",0.93,"0,93 $",0.93,"0,93 $",true,https://www.canadiantire.ca/fr/pdp/bornes-coniques-isolees-gardner-bender-c14-161p-calibre-22-a-18-awg-paq-4-0520214p.html,https://www.canadiantire.ca/fr/pdp/bornes-coniques-isolees-gardner-bender-c14-161p-calibre-22-a-18-awg-paq-4-0520214p.html,https://media-www.canadiantire.ca/product/fixing/electrical/rough-electrical/0520214/bullet-terminals-m-f-pairs-red-pkg-4-52182616-0df8-492e-af92-c652cf66cde2-jpgrendition.jpg?im=whresize&wid=200&hei=200,https://media-www.canadiantire.ca/product/fixing/electrical/rough-electrical/0520214/bullet-terminals-m-f-pairs-red-pkg-4-52182616-0df8-492e-af92-c652cf66cde2-jpgrendition.jpg?im=whresize&wid=200&hei=200,,0520214,052-0214-8,13 En Stock#052-0214-8,Liquidation◊Mieux notés,66.67,"0,93","2,79"
90,"St. Catharines, ON","Moule à gâteau voûté à bord étroit PADERNO, antiadhésif","Moule à gâteau voûté à bord étroit PADERNO, antiadhésif",29.93,"29,93 $",62.99,"Était±  62,99 $prix était 62,99 $",29.93,"29,93 $",29.93,"29,93 $",true,https://www.canadiantire.ca/fr/pdp/moule-a-gateau-voute-a-bord-etroit-paderno-antiadhesif-1424995p.html,https://www.canadiantire.ca/fr/pdp/moule-a-gateau-voute-a-bord-etroit-paderno-antiadhesif-1424995p.html,https://media-www.canadiantire.ca/product/living/kitchen/bakeware-baking-prep/1424995/paderno-fine-edge-arched-cake-pan-b4279cec-37a2-45cf-807b-28bf98b98e01-jpgrendition.jpg?im=whresize&wid=200&hei=200,https://media-www.canadiantire.ca/product/living/kitchen/bakeware-baking-prep/1424995/paderno-fine-edge-arched-cake-pan-b4279cec-37a2-45cf-807b-28bf98b98e01-jpgrendition.jpg?im=whresize&wid=200&hei=200,,1424995,142-4995-0,Il n’en reste que 2 #142-4995-0,Liquidation◊Mieux notés,52.48,"29,93","62,99"
90,"St. Catharines, ON",Adaptateur Hopkins de connecteur rond 7 fils à plat 4 fils,Adaptateur Hopkins de connecteur rond 7 fils à plat 4 fils,9.93,"9,93 $",19.99,"Était±  19,99 $prix était 19,99 $",9.93,"9,93 $",9.93,"9,93 $",true,https://www.canadiantire.ca/fr/pdp/adaptateur-hopkins-de-connecteur-rond-7-fils-a-plat-4-fils-1407230p.html,https://www.canadiantire.ca/fr/pdp/adaptateur-hopkins-de-connecteur-rond-7-fils-a-plat-4-fils-1407230p.html,https://media-www.canadiantire.ca/product/automotive/automotive-outdoor-adventure/auto-travel-storage/1407230/hopkins-7-round-to-4-flat-adapter-d1985b05-c866-4861-a795-26371d3d43fa-jpgrendition.jpg?im=whresize&wid=200&hei=200,https://media-www.canadiantire.ca/product/automotive/automotive-outdoor-adventure/auto-travel-storage/1407230/hopkins-7-round-to-4-flat-adapter-d1985b05-c866-4861-a795-26371d3d43fa-jpgrendition.jpg?im=whresize&wid=200&hei=200,,1407230,140-7230-6,Il n’en reste que 1 #140-7230-6,Liquidation◊,50.33,"9,93","19,99"
90,"St. Catharines, ON",Connecteur rapide avec faisceau universel Hopkins Towing Solution Endurance,Connecteur rapide avec faisceau universel Hopkins Towing Solution Endurance,24.93,"24,93 $",52.99,"Était±  52,99 $prix était 52,99 $",24.93,"24,93 $",24.93,"24,93 $",true,https://www.canadiantire.ca/fr/pdp/connecteur-rapide-avec-faisceau-universel-hopkins-towing-solution-endurance-0409672p.html,https://www.canadiantire.ca/fr/pdp/connecteur-rapide-avec-faisceau-universel-hopkins-towing-solution-endurance-0409672p.html,https://media-www.canadiantire.ca/product/automotive/automotive-outdoor-adventure/auto-travel-storage/0409672/endurance-quick-install-connector-with-universal-harness-034654b3-d7d0-41df-8520-c8cd40de584a-jpgrendition.jpg?im=whresize&wid=200&hei=200,https://media-www.canadiantire.ca/product/automotive/automotive-outdoor-adventure/auto-travel-storage/0409672/endurance-quick-install-connector-with-universal-harness-034654b3-d7d0-41df-8520-c8cd40de584a-jpgrendition.jpg?im=whresize&wid=200&hei=200,,0409672,040-9672-0,Il n’en reste que 2 #040-9672-0,Liquidation◊Mieux notés,52.95,"24,93","52,99"
90,"St. Catharines, ON","Barre d'attelage, 10 000 lb, 4 x 10,25 po","Barre d'attelage, 10 000 lb, 4 x 10,25 po",39.93,"39,93 $",129.99,"Était±  129,99 $prix était 129,99 $",39.93,"39,93 $",39.93,"39,93 $",true,https://www.canadiantire.ca/fr/pdp/barre-d-attelage-10-000-lb-4-x-10-25-po-0409049p.html,https://www.canadiantire.ca/fr/pdp/barre-d-attelage-10-000-lb-4-x-10-25-po-0409049p.html,https://media-www.canadiantire.ca/product/automotive/automotive-outdoor-adventure/auto-travel-storage/0409049/4-x10-25-hitch-bar-41995e0a-11be-44cc-9e1e-63b0bbbbde2a-jpgrendition.jpg?im=whresize&wid=200&hei=200,https://media-www.canadiantire.ca/product/automotive/automotive-outdoor-adventure/auto-travel-storage/0409049/4-x10-25-hitch-bar-41995e0a-11be-44cc-9e1e-63b0bbbbde2a-jpgrendition.jpg?im=whresize&wid=200&hei=200,,0409049,040-9049-6,Il n’en reste que 1 #040-9049-6,Liquidation◊Mieux notés,69.28,"39,93","129,99"
90,"St. Catharines, ON","Rail d'éclairage à 3 lampes NOMA Summerhill, blanc lustré","Rail d'éclairage à 3 lampes NOMA Summerhill, blanc lustré",29.93,"29,93 $",74.99,"Était±  74,99 $prix était 74,99 $",29.93,"29,93 $",29.93,"29,93 $",true,https://www.canadiantire.ca/fr/pdp/rail-d-eclairage-a-3-lampes-noma-summerhill-blanc-lustre-0529504p.html,https://www.canadiantire.ca/fr/pdp/rail-d-eclairage-a-3-lampes-noma-summerhill-blanc-lustre-0529504p.html,https://media-www.canadiantire.ca/product/living/home-decor/lighting/0529504/noma-3-light-summerhill-track-light-183b4df5-b2ad-49fb-887f-a1b61c01052d.png?im=whresize&wid=200&hei=200,https://media-www.canadiantire.ca/product/living/home-decor/lighting/0529504/noma-3-light-summerhill-track-light-183b4df5-b2ad-49fb-887f-a1b61c01052d.png?im=whresize&wid=200&hei=200,,0529504,052-9504-4,Il n’en reste que 1 #052-9504-4,Liquidation◊Articles à succès,60.09,"29,93","74,99"
90,"St. Catharines, ON","Nettoyant pour planchers de bois franc Bona pour machine, 1,9 L","Nettoyant pour planchers de bois franc Bona pour machine, 1,9 L",11.93,"11,93 $",23.99,"23,99 $Était   et+ prix était à partir de 23,99 $",11.93,"11,93 $",11.93,"11,93 $",true,https://www.canadiantire.ca/fr/pdp/nettoyant-pour-planchers-de-bois-franc-bona-pour-machine-1-9-l-1531722p.html,https://www.canadiantire.ca/fr/pdp/nettoyant-pour-planchers-de-bois-franc-bona-pour-machine-1-9-l-1531722p.html,https://media-www.canadiantire.ca/product/living/cleaning/household-cleaning-solutions/1531723/bona-hard-surface-floor-cleaner-machine-formula-1-89l-853aaa80-3d54-4434-992d-dbfcbfe42648-jpgrendition.jpg?im=whresize&wid=200&hei=200,https://media-www.canadiantire.ca/product/living/cleaning/household-cleaning-solutions/1531723/bona-hard-surface-floor-cleaner-machine-formula-1-89l-853aaa80-3d54-4434-992d-dbfcbfe42648-jpgrendition.jpg?im=whresize&wid=200&hei=200,,1531722,153-1722,Vérifiez la disponibilité#153-1722X,Liquidation◊Mieux notés,50.27,"11,93","23,99"
90,"St. Catharines, ON",Rétroviseur grand angle pour motoneige K-Source CW1009,Rétroviseur grand angle pour motoneige K-Source CW1009,4.93,"4,93 $",31.99,"Était±  31,99 $prix était 31,99 $",4.93,"4,93 $",4.93,"4,93 $",true,https://www.canadiantire.ca/fr/pdp/retroviseur-grand-angle-pour-motoneige-k-source-cw1009-0269170p.html,https://www.canadiantire.ca/fr/pdp/retroviseur-grand-angle-pour-motoneige-k-source-cw1009-0269170p.html,https://media-www.canadiantire.ca/product/automotive/automotive-outdoor-adventure/powersport/0269170/bar-end-mirror-single-ce17e115-253b-4e91-ac9e-004293822688-jpgrendition.jpg?im=whresize&wid=200&hei=200,https://media-www.canadiantire.ca/product/automotive/automotive-outdoor-adventure/powersport/0269170/bar-end-mirror-single-ce17e115-253b-4e91-ac9e-004293822688-jpgrendition.jpg?im=whresize&wid=200&hei=200,,0269170,026-9170-0,Il n’en reste que 2 #026-9170-0,Liquidation◊Mieux notés,84.59,"4,93","31,99"
90,"St. Catharines, ON",Boîte à outils étanche pour camions DECKED,Boîte à outils étanche pour camions DECKED,489.93,"489,93 $",1249.99,"Était±  1 249,99 $prix était 1 249,99 $",489.93,"489,93 $",489.93,"489,93 $",true,https://www.canadiantire.ca/fr/pdp/boite-a-outils-etanche-pour-camions-decked-0342561p.html,https://www.canadiantire.ca/fr/pdp/boite-a-outils-etanche-pour-camions-decked-0342561p.html,https://media-www.canadiantire.ca/product/automotive/light-auto-parts/truck-accessories/0342561/tbfd-decked-toolbox-6f1e802e-beb5-42a0-83aa-e36baaa6065e-jpgrendition.jpg?im=whresize&wid=200&hei=200,https://media-www.canadiantire.ca/product/automotive/light-auto-parts/truck-accessories/0342561/tbfd-decked-toolbox-6f1e802e-beb5-42a0-83aa-e36baaa6065e-jpgrendition.jpg?im=whresize&wid=200&hei=200,,0342561,034-2561-2,Il n’en reste que 1 #034-2561-2,Liquidation◊,60.81,"489,93","1249,99"
90,"St. Catharines, ON",Voyant DEL magnétique rechargeable Hendo,Voyant DEL magnétique rechargeable Hendo,19.93,"19,93 $",69.99,"Était±  69,99 $prix était 69,99 $",19.93,"19,93 $",19.93,"19,93 $",true,https://www.canadiantire.ca/fr/pdp/voyant-del-magnetique-rechargeable-hendo-0203808p.html,https://www.canadiantire.ca/fr/pdp/voyant-del-magnetique-rechargeable-hendo-0203808p.html,https://media-www.canadiantire.ca/product/automotive/automotive-outdoor-adventure/auto-travel-storage/0203808/hendo-led-magnetic-warning-light-24e78bc8-818b-4494-932f-8a78235b21e7-jpgrendition.jpg?im=whresize&wid=200&hei=200,https://media-www.canadiantire.ca/product/automotive/automotive-outdoor-adventure/auto-travel-storage/0203808/hendo-led-magnetic-warning-light-24e78bc8-818b-4494-932f-8a78235b21e7-jpgrendition.jpg?im=whresize&wid=200&hei=200,,0203808,020-3808-4,Il n’en reste que 1 #020-3808-4,Liquidation◊Exclusivité,71.52,"19,93","69,99"
90,"St. Catharines, ON",Régulateur d'outil pneumatique intégré Mastercraft,Régulateur d'outil pneumatique intégré Mastercraft,19.93,"19,93 $",39.99,"Était±  39,99 $prix était 39,99 $",19.93,"19,93 $",19.93,"19,93 $",true,https://www.canadiantire.ca/fr/pdp/regulateur-d-outil-pneumatique-integre-mastercraft-0587728p.html,https://www.canadiantire.ca/fr/pdp/regulateur-d-outil-pneumatique-integre-mastercraft-0587728p.html,https://media-www.canadiantire.ca/product/fixing/tools/air-tools-accessories/0587728/mastercraft-inline-regulator-bb8dcc4f-a343-4a5b-9bef-acd87c24b26e-jpgrendition.jpg?im=whresize&wid=200&hei=200,https://media-www.canadiantire.ca/product/fixing/tools/air-tools-accessories/0587728/mastercraft-inline-regulator-bb8dcc4f-a343-4a5b-9bef-acd87c24b26e-jpgrendition.jpg?im=whresize&wid=200&hei=200,,0587728,058-7728-2,Il n’en reste que 3 #058-7728-2,Liquidation◊Exclusivité,50.16,"19,93","39,99"
90,"St. Catharines, ON","Sac de transport hydrofuge pour animaux Reddy doublé de molleton, 17 x 9,75 po","Sac de transport hydrofuge pour animaux Reddy doublé de molleton, 17 x 9,75 po",24.88,"24,88 $",79.99,"Était±  79,99 $prix était 79,99 $",24.88,"24,88 $",24.88,"24,88 $",true,https://www.canadiantire.ca/fr/pdp/sac-de-transport-hydrofuge-pour-animaux-reddy-double-de-molleton-17-x-9-75-po-2425528p.html,https://www.canadiantire.ca/fr/pdp/sac-de-transport-hydrofuge-pour-animaux-reddy-double-de-molleton-17-x-9-75-po-2425528p.html,https://media-www.canadiantire.ca/product/living/pet-care/pet-accessories/2425528/reddy-17-x-9-75-pet-carrier-tote-black-aa01900d-cfb8-495b-8a03-a8eca9868b7a-jpgrendition.jpg?im=whresize&wid=200&hei=200,https://media-www.canadiantire.ca/product/living/pet-care/pet-accessories/2425528/reddy-17-x-9-75-pet-carrier-tote-black-aa01900d-cfb8-495b-8a03-a8eca9868b7a-jpgrendition.jpg?im=whresize&wid=200&hei=200,,2425528,242-5528-0,9 En Stock#242-5528-0,Liquidation◊Mieux notés,68.9,"24,88","79,99"
90,"St. Catharines, ON","Gobelets en plastique réutilisables Halloween rétro, orange/noir, 16 oz, paq. 25, décoration de table pour l'Halloween","Gobelets en plastique réutilisables Halloween rétro, orange/noir, 16 oz, paq. 25, décoration de table pour l'Halloween",2.93,"2,93 $",6.99,"Était±  6,99 $prix était 6,99 $",2.93,"2,93 $",2.93,"2,93 $",true,https://www.canadiantire.ca/fr/pdp/gobelets-en-plastique-reutilisables-halloween-retro-orange-noir-16-oz-paq-25-decoration-de-table-pour-l-halloween-8550255p.html,https://www.canadiantire.ca/fr/pdp/gobelets-en-plastique-reutilisables-halloween-retro-orange-noir-16-oz-paq-25-decoration-de-table-pour-l-halloween-8550255p.html,https://media-www.canadiantire.ca/product/automotive/party-city-seasonal/party-city-halloween-harvest/8550255/vintage-halloween-printed-plastic-cups-af5c9ff4-cea3-4556-912b-25efc5974f9f-jpgrendition.jpg?im=whresize&wid=200&hei=200,https://media-www.canadiantire.ca/product/automotive/party-city-seasonal/party-city-halloween-harvest/8550255/vintage-halloween-printed-plastic-cups-af5c9ff4-cea3-4556-912b-25efc5974f9f-jpgrendition.jpg?im=whresize&wid=200&hei=200,,8550255,855-0255-0,,Liquidation◊Mieux notés,58.08,"2,93","6,99"
90,"St. Catharines, ON","Affiche d'allée voie canadienne de l'équipe olympique canadienne pour amateurs et collectionneurs, 23 x 4 po","Affiche d'allée voie canadienne de l'équipe olympique canadienne pour amateurs et collectionneurs, 23 x 4 po",5.93,"5,93 $",11.99,"Était±  11,99 $prix était 11,99 $",5.93,"5,93 $",5.93,"5,93 $",true,https://www.canadiantire.ca/fr/pdp/affiche-d-allee-voie-canadienne-de-l-equipe-olympique-canadienne-pour-amateurs-et-collectionneurs-23-x-4-po-0845877p.html,https://www.canadiantire.ca/fr/pdp/affiche-d-allee-voie-canadienne-de-l-equipe-olympique-canadienne-pour-amateurs-et-collectionneurs-23-x-4-po-0845877p.html,https://media-www.canadiantire.ca/product/playing/team-sports-and-golf/sports-equipment-accessories/0845877/canadian-olympic-committee-street-sign-d5282f16-1917-4f74-9eee-bb378f09d275-jpgrendition.jpg?im=whresize&wid=200&hei=200,https://media-www.canadiantire.ca/product/playing/team-sports-and-golf/sports-equipment-accessories/0845877/canadian-olympic-committee-street-sign-d5282f16-1917-4f74-9eee-bb378f09d275-jpgrendition.jpg?im=whresize&wid=200&hei=200,,0845877,084-5877-4,Il n’en reste que 1 #084-5877-4,Liquidation◊,50.54,"5,93","11,99"
90,"St. Catharines, ON",Anneau lumineux DEL de 6 po Mobifoto Mobilite avec trépied de bureau et support de téléphone,Anneau lumineux DEL de 6 po Mobifoto Mobilite avec trépied de bureau et support de téléphone,19.93,"19,93 $",49.99,"Était±  49,99 $prix était 49,99 $",19.93,"19,93 $",19.93,"19,93 $",true,https://www.canadiantire.ca/fr/pdp/anneau-lumineux-del-de-6-po-mobifoto-mobilite-avec-trepied-de-bureau-et-support-de-telephone-0522110p.html,https://www.canadiantire.ca/fr/pdp/anneau-lumineux-del-de-6-po-mobifoto-mobilite-avec-trepied-de-bureau-et-support-de-telephone-0522110p.html,https://media-www.canadiantire.ca/product/living/home-decor/lighting/0522110/mobifoto-mobilite-6-led-ring-light-999ee8b5-5576-43e1-9649-bfeb85dcddf7-jpgrendition.jpg?im=whresize&wid=200&hei=200,https://media-www.canadiantire.ca/product/living/home-decor/lighting/0522110/mobifoto-mobilite-6-led-ring-light-999ee8b5-5576-43e1-9649-bfeb85dcddf7-jpgrendition.jpg?im=whresize&wid=200&hei=200,,0522110,052-2110-2,Il n’en reste que 2 #052-2110-2,Liquidation◊Exclusivité,60.13,"19,93","49,99"
90,"St. Catharines, ON","Bande lumineuse à DEL pour garage Alpena 77045 450 LM, adhésif avec interrupteur en ligne, blanc froid","Bande lumineuse à DEL pour garage Alpena 77045 450 LM, adhésif avec interrupteur en ligne, blanc froid",34.93,"34,93 $",69.99,"Était±  69,99 $prix était 69,99 $",34.93,"34,93 $",34.93,"34,93 $",true,https://www.canadiantire.ca/fr/pdp/bande-lumineuse-a-del-pour-garage-alpena-77045-450-lm-adhesif-avec-interrupteur-en-ligne-blanc-froid-0203442p.html,https://www.canadiantire.ca/fr/pdp/bande-lumineuse-a-del-pour-garage-alpena-77045-450-lm-adhesif-avec-interrupteur-en-ligne-blanc-froid-0203442p.html,https://media-www.canadiantire.ca/product/automotive/car-care-accessories/auto-accessories/0203442/alpena-garage-led-kit-4cc42edd-6251-4216-96d2-d7a83d59129f-jpgrendition.jpg?im=whresize&wid=200&hei=200,https://media-www.canadiantire.ca/product/automotive/car-care-accessories/auto-accessories/0203442/alpena-garage-led-kit-4cc42edd-6251-4216-96d2-d7a83d59129f-jpgrendition.jpg?im=whresize&wid=200&hei=200,,0203442,020-3442-2,Il n’en reste que 4 #020-3442-2,Liquidation◊Mieux notés,50.09,"34,93","69,99"
90,"St. Catharines, ON","Plaque murale pour interrupteur à bascule en nylon Leviton 00PJ1-755, taille intermédiaire, 1 dispositif, blanc, paq. 10","Plaque murale pour interrupteur à bascule en nylon Leviton 00PJ1-755, taille intermédiaire, 1 dispositif, blanc, paq. 10",4.93,"4,93 $",11.99,"Était±  11,99 $prix était 11,99 $",4.93,"4,93 $",4.93,"4,93 $",true,https://www.canadiantire.ca/fr/pdp/plaque-murale-pour-interrupteur-a-bascule-en-nylon-leviton-00pj1-755-taille-intermediaire-1-dispositif-blanc-paq-10-0522890p.html,https://www.canadiantire.ca/fr/pdp/plaque-murale-pour-interrupteur-a-bascule-en-nylon-leviton-00pj1-755-taille-intermediaire-1-dispositif-blanc-paq-10-0522890p.html,https://media-www.canadiantire.ca/product/fixing/electrical/rough-electrical/0522890/toggle-wallplate-1-gang-white-midway-size-10-pack-df008b35-ee33-4654-9437-6ca5224ee4a8-jpgrendition.jpg?im=whresize&wid=200&hei=200,https://media-www.canadiantire.ca/product/fixing/electrical/rough-electrical/0522890/toggle-wallplate-1-gang-white-midway-size-10-pack-df008b35-ee33-4654-9437-6ca5224ee4a8-jpgrendition.jpg?im=whresize&wid=200&hei=200,,0522890,052-2890-4,Il n’en reste que 4 #052-2890-4,Liquidation◊,58.88,"4,93","11,99"
90,"St. Catharines, ON","Collier tribal pour chiens Petco, réglable, tailles variées, motif gris","Collier tribal pour chiens Petco, réglable, tailles variées, motif gris",1.93,"1,93 $",19.99,"19,99 $Était   et+ prix était à partir de 19,99 $",1.93,"1,93 $",1.93,"1,93 $",true,https://www.canadiantire.ca/fr/pdp/collier-tribal-pour-chiens-petco-reglable-tailles-variees-motif-gris-1426120p.html,https://www.canadiantire.ca/fr/pdp/collier-tribal-pour-chiens-petco-reglable-tailles-variees-motif-gris-1426120p.html,https://media-www.canadiantire.ca/product/living/pet-care/pet-accessories/1426120/petco-tribal-collar-sm-7ebb2c9a-f751-49bb-bca2-2ca31b6d8da2-jpgrendition.jpg?im=whresize&wid=200&hei=200,https://media-www.canadiantire.ca/product/living/pet-care/pet-accessories/1426120/petco-tribal-collar-sm-7ebb2c9a-f751-49bb-bca2-2ca31b6d8da2-jpgrendition.jpg?im=whresize&wid=200&hei=200,,1426120,142-6118,Vérifiez la disponibilité#142-6118X,Liquidation◊Mieux notés,90.35,"1,93","19,99"
90,"St. Catharines, ON","Citrouille en céramique CANVAS avec écureuil à piles, lumière à DEL, orange/blanc, 7-1/2 po, décoration intérieure pour l'automne","Citrouille en céramique CANVAS avec écureuil à piles, lumière à DEL, orange/blanc, 7-1/2 po, décoration intérieure pour l'automne",7.99,"7,99 $",19.99,"Était±  19,99 $prix était 19,99 $",7.99,"7,99 $",7.99,"7,99 $",true,https://www.canadiantire.ca/fr/pdp/citrouille-en-ceramique-canvas-avec-ecureuil-a-piles-lumiere-a-del-orange-blanc-7-1-2-po-decoration-interieure-pour-l-automne-1519209p.html,https://www.canadiantire.ca/fr/pdp/citrouille-en-ceramique-canvas-avec-ecureuil-a-piles-lumiere-a-del-orange-blanc-7-1-2-po-decoration-interieure-pour-l-automne-1519209p.html,https://media-www.canadiantire.ca/product/seasonal-gardening/seasonal/halloween-harvest/1519209/7-ceramic-light-pumpkin-with-squirrel-tall-pumpkin-41a8b159-f5a2-4ea9-8c42-a5f29edb2844-jpgrendition.jpg?im=whresize&wid=200&hei=200,https://media-www.canadiantire.ca/product/seasonal-gardening/seasonal/halloween-harvest/1519209/7-ceramic-light-pumpkin-with-squirrel-tall-pumpkin-41a8b159-f5a2-4ea9-8c42-a5f29edb2844-jpgrendition.jpg?im=whresize&wid=200&hei=200,,1519209,151-9209-2,,Liquidation◊Mieux notés,60.03,"7,99","19,99"
90,"St. Catharines, ON","Chaînes de pneu universelles de souffleuse à neige Certified, paq. 2, pour pneu 18 po x 4 po x 8 po","Chaînes de pneu universelles de souffleuse à neige Certified, paq. 2, pour pneu 18 po x 4 po x 8 po",19.99,"19,99 $",79.99,"Était±  79,99 $prix était 79,99 $",19.99,"19,99 $",19.99,"19,99 $",true,https://www.canadiantire.ca/fr/pdp/chaines-de-pneu-universelles-de-souffleuse-a-neige-certified-paq-2-pour-pneu-18-po-x-4-po-x-8-po-0604570p.html,https://www.canadiantire.ca/fr/pdp/chaines-de-pneu-universelles-de-souffleuse-a-neige-certified-paq-2-pour-pneu-18-po-x-4-po-x-8-po-0604570p.html,https://media-www.canadiantire.ca/product/seasonal-gardening/outdoor-tools/tractor-lawn-mower-snowthrower-parts/0604570/certified-universal-snowblower-chains-fit-18x4x8-inch-tire-a88ca7d5-b0e0-4d5b-844f-e69817cce51f-jpgrendition.jpg?im=whresize&wid=200&hei=200,https://media-www.canadiantire.ca/product/seasonal-gardening/outdoor-tools/tractor-lawn-mower-snowthrower-parts/0604570/certified-universal-snowblower-chains-fit-18x4x8-inch-tire-a88ca7d5-b0e0-4d5b-844f-e69817cce51f-jpgrendition.jpg?im=whresize&wid=200&hei=200,,0604570,060-4570-4,,Liquidation◊Exclusivité,75.01,"19,99","79,99"
90,"St. Catharines, ON","Rail d'éclairage à 4 lampes NOMA Dundas, bronze huilé","Rail d'éclairage à 4 lampes NOMA Dundas, bronze huilé",49.93,"49,93 $",119.99,"Était±  119,99 $prix était 119,99 $",49.93,"49,93 $",49.93,"49,93 $",true,https://www.canadiantire.ca/fr/pdp/rail-d-eclairage-a-4-lampes-noma-dundas-bronze-huile-0529502p.html,https://www.canadiantire.ca/fr/pdp/rail-d-eclairage-a-4-lampes-noma-dundas-bronze-huile-0529502p.html,https://media-www.canadiantire.ca/product/living/home-decor/lighting/0529502/noma-4-light-dundas-canopy-track-light-5608fbab-b0e8-4f55-80fc-61894a0ef91d-jpgrendition.jpg?im=whresize&wid=200&hei=200,https://media-www.canadiantire.ca/product/living/home-decor/lighting/0529502/noma-4-light-dundas-canopy-track-light-5608fbab-b0e8-4f55-80fc-61894a0ef91d-jpgrendition.jpg?im=whresize&wid=200&hei=200,,0529502,052-9502-8,Il n’en reste que 1 #052-9502-8,Liquidation◊Mieux notés,58.39,"49,93","119,99"
90,"St. Catharines, ON","Tige de soudage pour électrodes Lincoln Electric, 5 kg, 5/32 x 14 po","Tige de soudage pour électrodes Lincoln Electric, 5 kg, 5/32 x 14 po",14.93,"14,93 $",54.99,"Était±  54,99 $prix était 54,99 $",14.93,"14,93 $",14.93,"14,93 $",true,https://www.canadiantire.ca/fr/pdp/tige-de-soudage-pour-electrodes-lincoln-electric-5-kg-5-32-x-14-po-0585809p.html,https://www.canadiantire.ca/fr/pdp/tige-de-soudage-pour-electrodes-lincoln-electric-5-kg-5-32-x-14-po-0585809p.html,https://media-www.canadiantire.ca/product/fixing/tools/welding-soldering/0585809/fleetweld-5p-4-0-5-32x14-5kg-20kg-b86d1eed-e57e-4a02-a05c-c223da14a6c6-jpgrendition.jpg?im=whresize&wid=200&hei=200,https://media-www.canadiantire.ca/product/fixing/tools/welding-soldering/0585809/fleetweld-5p-4-0-5-32x14-5kg-20kg-b86d1eed-e57e-4a02-a05c-c223da14a6c6-jpgrendition.jpg?im=whresize&wid=200&hei=200,,0585809,058-5809-2,Il n’en reste que 2 #058-5809-2,Liquidation◊,72.85,"14,93","54,99"
90,"St. Catharines, ON","Cosses à débranchement isolées Gardner Bender C14-151P, calibre 22 à 18 AWG, paq. 4","Cosses à débranchement isolées Gardner Bender C14-151P, calibre 22 à 18 AWG, paq. 4",1.43,"1,43 $",3.79,"Était±  3,79 $prix était 3,79 $",1.43,"1,43 $",1.43,"1,43 $",true,https://www.canadiantire.ca/fr/pdp/cosses-a-debranchement-isolees-gardner-bender-c14-151p-calibre-22-a-18-awg-paq-4-0520212p.html,https://www.canadiantire.ca/fr/pdp/cosses-a-debranchement-isolees-gardner-bender-c14-151p-calibre-22-a-18-awg-paq-4-0520212p.html,https://media-www.canadiantire.ca/product/fixing/electrical/rough-electrical/0520212/disconnect-terminals-m-f-pairs-red-pkg-4-c69e66dc-1415-404f-87cd-ba0dda2fe2ef-jpgrendition.jpg?im=whresize&wid=200&hei=200,https://media-www.canadiantire.ca/product/fixing/electrical/rough-electrical/0520212/disconnect-terminals-m-f-pairs-red-pkg-4-c69e66dc-1415-404f-87cd-ba0dda2fe2ef-jpgrendition.jpg?im=whresize&wid=200&hei=200,,0520212,052-0212-2,Il n’en reste que 1 #052-0212-2,Liquidation◊,62.27,"1,43","3,79"
90,"St. Catharines, ON","Lame de scie circulaire DEWALT DWA11024 à sciage rapide, 24 dents en carbure, pour le bois, 10 po","Lame de scie circulaire DEWALT DWA11024 à sciage rapide, 24 dents en carbure, pour le bois, 10 po",24.93,"24,93 $",49.99,"Était±  49,99 $prix était 49,99 $",24.93,"24,93 $",24.93,"24,93 $",true,https://www.canadiantire.ca/fr/pdp/lame-de-scie-circulaire-dewalt-dwa11024-a-sciage-rapide-24-dents-en-carbure-pour-le-bois-10-po-0542565p.html,https://www.canadiantire.ca/fr/pdp/lame-de-scie-circulaire-dewalt-dwa11024-a-sciage-rapide-24-dents-en-carbure-pour-le-bois-10-po-0542565p.html,https://media-www.canadiantire.ca/product/fixing/tools/power-tool-accessories/0542565/dewalt-10-circular-saw-blade-24-tooth-e07d37b5-470b-4b7a-acbe-aeb2a3b6fba2-jpgrendition.jpg?im=whresize&wid=200&hei=200,https://media-www.canadiantire.ca/product/fixing/tools/power-tool-accessories/0542565/dewalt-10-circular-saw-blade-24-tooth-e07d37b5-470b-4b7a-acbe-aeb2a3b6fba2-jpgrendition.jpg?im=whresize&wid=200&hei=200,,0542565,054-2565-6,Il n’en reste que 1 #054-2565-6,Liquidation◊,50.13,"24,93","49,99"
90,"St. Catharines, ON","Bande lumineuse flexible très brillante à DEL Stallion Max, bleu, 24 po","Bande lumineuse flexible très brillante à DEL Stallion Max, bleu, 24 po",6.93,"6,93 $",29.99,"Était±  29,99 $prix était 29,99 $",6.93,"6,93 $",6.93,"6,93 $",true,https://www.canadiantire.ca/fr/pdp/bande-lumineuse-flexible-tres-brillante-a-del-stallion-max-bleu-24-po-0373131p.html,https://www.canadiantire.ca/fr/pdp/bande-lumineuse-flexible-tres-brillante-a-del-stallion-max-bleu-24-po-0373131p.html,https://media-www.canadiantire.ca/product/automotive/car-care-accessories/auto-accessories/0373131/stallion-24-2x12-flexible-max-led-strip-blue-90c5e509-c640-4881-8fb7-e77876d3764a-jpgrendition.jpg?im=whresize&wid=200&hei=200,https://media-www.canadiantire.ca/product/automotive/car-care-accessories/auto-accessories/0373131/stallion-24-2x12-flexible-max-led-strip-blue-90c5e509-c640-4881-8fb7-e77876d3764a-jpgrendition.jpg?im=whresize&wid=200&hei=200,,0373131,037-3131-4,Il n’en reste que 3 #037-3131-4,Liquidation◊Mieux notés,76.89,"6,93","29,99"
90,"St. Catharines, ON",Foyer multimédia For Living,Foyer multimédia For Living,179.93,"179,93 $",449.99,"Était±  449,99 $prix était 449,99 $",179.93,"179,93 $",179.93,"179,93 $",true,https://www.canadiantire.ca/fr/pdp/foyer-multimedia-for-living-0644025p.html,https://www.canadiantire.ca/fr/pdp/foyer-multimedia-for-living-0644025p.html,https://media-www.canadiantire.ca/product/living/home-decor/electric-fireplaces/0644025/for-living-media-fireplace-b1acfaac-1a4b-4d28-b854-d5e194e8f8a1-jpgrendition.jpg?im=whresize&wid=200&hei=200,https://media-www.canadiantire.ca/product/living/home-decor/electric-fireplaces/0644025/for-living-media-fireplace-b1acfaac-1a4b-4d28-b854-d5e194e8f8a1-jpgrendition.jpg?im=whresize&wid=200&hei=200,,0644025,064-4025-6,,Liquidation◊Mieux notés,60.01,"179,93","449,99"
90,"St. Catharines, ON","Garde-boues avant et arrière personnalisés Husky Liners 58186 pour camion Dodge Ram avec élargisseur d’ailes d’origine, 2009 à 2018, paquet de 4","Garde-boues avant et arrière personnalisés Husky Liners 58186 pour camion Dodge Ram avec élargisseur d’ailes d’origine, 2009 à 2018, paquet de 4",27.93,"27,93 $",119.99,"Était±  119,99 $prix était 119,99 $",27.93,"27,93 $",27.93,"27,93 $",true,https://www.canadiantire.ca/fr/pdp/garde-boues-avant-et-arriere-personnalises-husky-liners-58186-pour-camion-dodge-ram-avec-elargisseur-d-ailes-d-origine-2009-a-2018-paquet-de-4-0376238p.html,https://www.canadiantire.ca/fr/pdp/garde-boues-avant-et-arriere-personnalises-husky-liners-58186-pour-camion-dodge-ram-avec-elargisseur-d-ailes-d-origine-2009-a-2018-paquet-de-4-0376238p.html,https://media-www.canadiantire.ca/product/automotive/car-care-accessories/auto-accessories/0376238/husky-mud-flaps-dodge-ram-with-oem-fender-flares-09-18-4pc-867a7f00-fb2d-4ac8-8ab4-bc9c9099971b-jpgrendition.jpg?im=whresize&wid=200&hei=200,https://media-www.canadiantire.ca/product/automotive/car-care-accessories/auto-accessories/0376238/husky-mud-flaps-dodge-ram-with-oem-fender-flares-09-18-4pc-867a7f00-fb2d-4ac8-8ab4-bc9c9099971b-jpgrendition.jpg?im=whresize&wid=200&hei=200,,0376238,037-6238-4,Il n’en reste que 1 #037-6238-4,Liquidation◊,76.72,"27,93","119,99"
90,"St. Catharines, ON","Plaque murale pour interrupteur double en nylon Leviton 00PJ8-743, taille intermédiaire, 1 dispositif, brun","Plaque murale pour interrupteur double en nylon Leviton 00PJ8-743, taille intermédiaire, 1 dispositif, brun",0.5,"0,50 $",1.49,"Était±  1,49 $prix était 1,49 $",0.5,"0,50 $",0.5,"0,50 $",true,https://www.canadiantire.ca/fr/pdp/plaque-murale-pour-interrupteur-double-en-nylon-leviton-00pj8-743-taille-intermediaire-1-dispositif-brun-0522894p.html,https://www.canadiantire.ca/fr/pdp/plaque-murale-pour-interrupteur-double-en-nylon-leviton-00pj8-743-taille-intermediaire-1-dispositif-brun-0522894p.html,https://media-www.canadiantire.ca/product/fixing/electrical/rough-electrical/0522894/duplex-receptacle-wallplate-1-gang-brown-midway-51fc398d-f3d8-4bbf-ab30-de825b766b5a-jpgrendition.jpg?im=whresize&wid=200&hei=200,https://media-www.canadiantire.ca/product/fixing/electrical/rough-electrical/0522894/duplex-receptacle-wallplate-1-gang-brown-midway-51fc398d-f3d8-4bbf-ab30-de825b766b5a-jpgrendition.jpg?im=whresize&wid=200&hei=200,,0522894,052-2894-6,Il n’en reste que 3 #052-2894-6,Liquidation◊Mieux notés,66.44,"0,50","1,49"
90,"St. Catharines, ON","Protecteurs à roulements de roue, 1,98 po","Protecteurs à roulements de roue, 1,98 po",16.93,"16,93 $",34.99,"Était±  34,99 $prix était 34,99 $",16.93,"16,93 $",16.93,"16,93 $",true,https://www.canadiantire.ca/fr/pdp/protecteurs-a-roulements-de-roue-1-98-po-0408433p.html,https://www.canadiantire.ca/fr/pdp/protecteurs-a-roulements-de-roue-1-98-po-0408433p.html,https://media-www.canadiantire.ca/product/automotive/automotive-outdoor-adventure/auto-travel-storage/0408420/bearing-protector-c4eaf605-962c-447a-92d9-d8291f7220e4-jpgrendition.jpg?im=whresize&wid=200&hei=200,https://media-www.canadiantire.ca/product/automotive/automotive-outdoor-adventure/auto-travel-storage/0408420/bearing-protector-c4eaf605-962c-447a-92d9-d8291f7220e4-jpgrendition.jpg?im=whresize&wid=200&hei=200,,0408433,040-8433-6,Il n’en reste que 1 #040-8433-6,Liquidation◊,51.61,"16,93","34,99"
90,"St. Catharines, ON","Mini figurine dinosaure Jurassic World Unboxing Crushivores dans un emballage à déchirer avec plusieurs composés et surprises, choix de couleurs","Mini figurine dinosaure Jurassic World Unboxing Crushivores dans un emballage à déchirer avec plusieurs composés et surprises, choix de couleurs",6.43,"6,43 $",14.99,"Était±  14,99 $prix était 14,99 $",6.43,"6,43 $",6.43,"6,43 $",true,https://www.canadiantire.ca/fr/pdp/mini-figurine-dinosaure-jurassic-world-unboxing-crushivores-dans-un-emballage-a-dechirer-avec-plusieurs-composes-et-surprises-choix-de-couleurs-1501086p.html,https://www.canadiantire.ca/fr/pdp/mini-figurine-dinosaure-jurassic-world-unboxing-crushivores-dans-un-emballage-a-dechirer-avec-plusieurs-composes-et-surprises-choix-de-couleurs-1501086p.html,https://media-www.canadiantire.ca/product/seasonal-gardening/toys/preschool-toys-activities/1501086/jurassic-world-crushivores-single-assorted-95f4f4ce-8490-4ad7-be89-d1024a738e97-jpgrendition.jpg?im=whresize&wid=200&hei=200,https://media-www.canadiantire.ca/product/seasonal-gardening/toys/preschool-toys-activities/1501086/jurassic-world-crushivores-single-assorted-95f4f4ce-8490-4ad7-be89-d1024a738e97-jpgrendition.jpg?im=whresize&wid=200&hei=200,,1501086,150-1086-2,Il n’en reste que 3 #150-1086-2,Liquidation◊Mieux notés,57.1,"6,43","14,99"
90,"St. Catharines, ON","Ballon en aluminium satiné rond Happy New Year, or/noir, 18 po, ruban et gonflage hélium compris, pour veille du jour de l'An","Ballon en aluminium satiné rond Happy New Year, or/noir, 18 po, ruban et gonflage hélium compris, pour veille du jour de l'An",2.93,"2,93 $",6.99,"Était±  6,99 $prix était 6,99 $",2.93,"2,93 $",2.93,"2,93 $",true,https://www.canadiantire.ca/fr/pdp/ballon-en-aluminium-satine-rond-happy-new-year-or-noir-18-po-ruban-et-gonflage-helium-compris-pour-veille-du-jour-de-l-an-8432237p.html,https://www.canadiantire.ca/fr/pdp/ballon-en-aluminium-satine-rond-happy-new-year-or-noir-18-po-ruban-et-gonflage-helium-compris-pour-veille-du-jour-de-l-an-8432237p.html,https://media-www.partycity.ca/product/seasonal-gardening/party-city-everyday/party-city-party-supplies-decor/8432237/new-years-vintage-satin-balloon-f8a27cab-cc51-403a-991b-b33f5ac7afa2-jpgrendition.jpg?im=whresize&wid=200&hei=200,https://media-www.partycity.ca/product/seasonal-gardening/party-city-everyday/party-city-party-supplies-decor/8432237/new-years-vintage-satin-balloon-f8a27cab-cc51-403a-991b-b33f5ac7afa2-jpgrendition.jpg?im=whresize&wid=200&hei=200,,8432237,843-2237-0,17 En Stock#843-2237-0,Liquidation◊Hélium compris,58.08,"2,93","6,99"
90,"St. Catharines, ON","Verrouilleur d’abat-jour en verre Atron, nickel satiné","Verrouilleur d’abat-jour en verre Atron, nickel satiné",0.43,"0,43 $",2.79,"Était±  2,79 $prix était 2,79 $",0.43,"0,43 $",0.43,"0,43 $",true,https://www.canadiantire.ca/fr/pdp/verrouilleur-d-abat-jour-en-verre-atron-nickel-satine-0522884p.html,https://www.canadiantire.ca/fr/pdp/verrouilleur-d-abat-jour-en-verre-atron-nickel-satine-0522884p.html,https://media-www.canadiantire.ca/product/fixing/electrical/rough-electrical/0522884/satin-nickel-lock-up-9cc01424-7d7e-46f0-8bfb-0947f0bd4f51-jpgrendition.jpg?im=whresize&wid=200&hei=200,https://media-www.canadiantire.ca/product/fixing/electrical/rough-electrical/0522884/satin-nickel-lock-up-9cc01424-7d7e-46f0-8bfb-0947f0bd4f51-jpgrendition.jpg?im=whresize&wid=200&hei=200,,0522884,052-2884-0,Il n’en reste que 4 #052-2884-0,Liquidation◊,84.59,"0,43","2,79"
90,"St. Catharines, ON","Ballon en aluminium lapins mignons Happy Easter, 18 po","Ballon en aluminium lapins mignons Happy Easter, 18 po",2.93,"2,93 $",6.99,"Était±  6,99 $prix était 6,99 $",2.93,"2,93 $",2.93,"2,93 $",true,https://www.canadiantire.ca/fr/pdp/ballon-en-aluminium-lapins-mignons-happy-easter-18-po-8542334p.html,https://www.canadiantire.ca/fr/pdp/ballon-en-aluminium-lapins-mignons-happy-easter-18-po-8542334p.html,https://media-www.canadiantire.ca/product/seasonal-gardening/party-city-everyday/party-city-balloons-accessories/8542334/happy-easter-cute-bunnies-18--3fc97fec-408a-496f-ada6-d08dc54a935d-jpgrendition.jpg?im=whresize&wid=200&hei=200,https://media-www.canadiantire.ca/product/seasonal-gardening/party-city-everyday/party-city-balloons-accessories/8542334/happy-easter-cute-bunnies-18--3fc97fec-408a-496f-ada6-d08dc54a935d-jpgrendition.jpg?im=whresize&wid=200&hei=200,,8542334,854-2334-2,Il n’en reste que 5 #854-2334-2,Liquidation◊Hélium compris,58.08,"2,93","6,99"
90,"St. Catharines, ON","Bagues amovibles à monture supérieure Weaver, haut, fini mat, 1 po","Bagues amovibles à monture supérieure Weaver, haut, fini mat, 1 po",29.99,"29,99 $",59.99,"Était±  59,99 $prix était 59,99 $",29.99,"29,99 $",29.99,"29,99 $",true,https://www.canadiantire.ca/fr/pdp/bagues-amovibles-a-monture-superieure-weaver-haut-fini-mat-1-po-0762246p.html,https://www.canadiantire.ca/fr/pdp/bagues-amovibles-a-monture-superieure-weaver-haut-fini-mat-1-po-0762246p.html,https://media-www.canadiantire.ca/product/playing/hunting/hunting-equipment/0762246/weaver-1-ring-detachable-top-mount-high-matte-274c42c0-9f4c-4d5e-8ea5-69028ae809d9-jpgrendition.jpg?im=whresize&wid=200&hei=200,https://media-www.canadiantire.ca/product/playing/hunting/hunting-equipment/0762246/weaver-1-ring-detachable-top-mount-high-matte-274c42c0-9f4c-4d5e-8ea5-69028ae809d9-jpgrendition.jpg?im=whresize&wid=200&hei=200,,0762246,076-2246-4,Il n’en reste que 4 #076-2246-4,Liquidation◊Mieux notés,50.01,"29,99","59,99"
90,"St. Catharines, ON","Petit propulseur Sonic Go Go Racers, choix varié, comprend une figurine Amy, Sonic ou Tails, 3 ans et plus","Petit propulseur Sonic Go Go Racers, choix varié, comprend une figurine Amy, Sonic ou Tails, 3 ans et plus",7.93,"7,93 $",16.99,"Était±  16,99 $prix était 16,99 $",7.93,"7,93 $",7.93,"7,93 $",true,https://www.canadiantire.ca/fr/pdp/petit-propulseur-sonic-go-go-racers-choix-varie-comprend-une-figurine-amy-sonic-ou-tails-3-ans-et-plus-1501762p.html,https://www.canadiantire.ca/fr/pdp/petit-propulseur-sonic-go-go-racers-choix-varie-comprend-une-figurine-amy-sonic-ou-tails-3-ans-et-plus-1501762p.html,https://media-www.canadiantire.ca/product/seasonal-gardening/toys/toys-games/1501762/sonic-go-go-racers-asst-954747c9-ea8f-4db8-b7ae-df110fa7c34a-jpgrendition.jpg?im=whresize&wid=200&hei=200,https://media-www.canadiantire.ca/product/seasonal-gardening/toys/toys-games/1501762/sonic-go-go-racers-asst-954747c9-ea8f-4db8-b7ae-df110fa7c34a-jpgrendition.jpg?im=whresize&wid=200&hei=200,,1501762,150-1762-2,Il n’en reste que 3 #150-1762-2,Liquidation◊Mieux notés,53.33,"7,93","16,99"
90,"St. Catharines, ON",Barre d'attelage à abaissement Reese Towpower carbone 2x4 po,Barre d'attelage à abaissement Reese Towpower carbone 2x4 po,24.93,"24,93 $",52.99,"Était±  52,99 $prix était 52,99 $",24.93,"24,93 $",24.93,"24,93 $",true,https://www.canadiantire.ca/fr/pdp/barre-d-attelage-a-abaissement-reese-towpower-carbone-2x4-po-0403017p.html,https://www.canadiantire.ca/fr/pdp/barre-d-attelage-a-abaissement-reese-towpower-carbone-2x4-po-0403017p.html,https://media-www.canadiantire.ca/product/automotive/automotive-outdoor-adventure/auto-travel-storage/0403017/reese-carbon-forged-ball-mount-2-x-4-black-7effc9f1-0861-49ae-bc57-41992d831762-jpgrendition.jpg?im=whresize&wid=200&hei=200,https://media-www.canadiantire.ca/product/automotive/automotive-outdoor-adventure/auto-travel-storage/0403017/reese-carbon-forged-ball-mount-2-x-4-black-7effc9f1-0861-49ae-bc57-41992d831762-jpgrendition.jpg?im=whresize&wid=200&hei=200,,0403017,040-3017-8,Il n’en reste que 2 #040-3017-8,Liquidation◊Mieux notés,52.95,"24,93","52,99"
90,"St. Catharines, ON",Bottes d'hiver isothermes en cuir/caoutchouc imperméables chaudes Outbound Chillbo pour hommes,Bottes d'hiver isothermes en cuir/caoutchouc imperméables chaudes Outbound Chillbo pour hommes,44.93,"44,93 $",99.99,"99,99 $Était   et+ prix était à partir de 99,99 $",44.93,"44,93 $",44.93,"44,93 $",true,https://www.canadiantire.ca/fr/pdp/bottes-d-hiver-isothermes-en-cuir-caoutchouc-impermeables-chaudes-outbound-chillbo-pour-hommes-1872391p.html,https://www.canadiantire.ca/fr/pdp/bottes-d-hiver-isothermes-en-cuir-caoutchouc-impermeables-chaudes-outbound-chillbo-pour-hommes-1872391p.html,https://media-www.canadiantire.ca/product/playing/footwear-apparel/winter-footwear-apparel/1872391/outbound-men-s-chillbo-boot-8-b1f014ea-a596-4f9d-af48-a07a96a1a6e3-jpgrendition.jpg?im=whresize&wid=200&hei=200,https://media-www.canadiantire.ca/product/playing/footwear-apparel/winter-footwear-apparel/1872391/outbound-men-s-chillbo-boot-8-b1f014ea-a596-4f9d-af48-a07a96a1a6e3-jpgrendition.jpg?im=whresize&wid=200&hei=200,,1872391,187-2391,Vérifiez la disponibilité#187-2391X,Liquidation◊Mieux notés,55.07,"44,93","99,99"
90,"St. Catharines, ON","Porte-clés bouffant Pat'Patrouille Aventures pour cadeaux-surprises d'anniversaire, paq. 8","Porte-clés bouffant Pat'Patrouille Aventures pour cadeaux-surprises d'anniversaire, paq. 8",2.93,"2,93 $",6.49,"Était±  6,49 $prix était 6,49 $",2.93,"2,93 $",2.93,"2,93 $",true,https://www.canadiantire.ca/fr/pdp/porte-cles-bouffant-pat-patrouille-aventures-pour-cadeaux-surprises-d-anniversaire-paq-8-8422605p.html,https://www.canadiantire.ca/fr/pdp/porte-cles-bouffant-pat-patrouille-aventures-pour-cadeaux-surprises-d-anniversaire-paq-8-8422605p.html,https://media-www.partycity.ca/product/seasonal-gardening/party-city-everyday/party-city-party-supplies-decor/8422605/8ct-puffy-keychn-paw-ptrl-adv-25c76203-3cf7-4a4c-941e-88b0de95aa93-jpgrendition.jpg?im=whresize&wid=200&hei=200,https://media-www.partycity.ca/product/seasonal-gardening/party-city-everyday/party-city-party-supplies-decor/8422605/8ct-puffy-keychn-paw-ptrl-adv-25c76203-3cf7-4a4c-941e-88b0de95aa93-jpgrendition.jpg?im=whresize&wid=200&hei=200,,8422605,842-2605-6,Il n’en reste que 7 #842-2605-6,Liquidation◊Mieux notés,54.85,"2,93","6,49"
90,"St. Catharines, ON",Courroie de tarière de rechange pour souffleuse à neige Certified pour CT# : 060-0583,Courroie de tarière de rechange pour souffleuse à neige Certified pour CT# : 060-0583,9.73,"9,73 $",25.99,"Était±  25,99 $prix était 25,99 $",9.73,"9,73 $",9.73,"9,73 $",true,https://www.canadiantire.ca/fr/pdp/courroie-de-tariere-de-rechange-pour-souffleuse-a-neige-certified-pour-ct-060-0583-0606168p.html,https://www.canadiantire.ca/fr/pdp/courroie-de-tariere-de-rechange-pour-souffleuse-a-neige-certified-pour-ct-060-0583-0606168p.html,https://media-www.canadiantire.ca/product/seasonal-gardening/outdoor-tools/tractor-lawn-mower-snowthrower-parts/0606168/certified-replacement-auger-belt-for-060-0583-0afe8269-c1ee-4e79-8338-d67f27fb26fb-jpgrendition.jpg?im=whresize&wid=200&hei=200,https://media-www.canadiantire.ca/product/seasonal-gardening/outdoor-tools/tractor-lawn-mower-snowthrower-parts/0606168/certified-replacement-auger-belt-for-060-0583-0afe8269-c1ee-4e79-8338-d67f27fb26fb-jpgrendition.jpg?im=whresize&wid=200&hei=200,,0606168,060-6168-2,Il n’en reste que 3 #060-6168-2,Liquidation◊Mieux notés,62.56,"9,73","25,99"
90,"St. Catharines, ON","Ensemble Bushnell Prime Low Glow, piles et carte de 16 Go","Ensemble Bushnell Prime Low Glow, piles et carte de 16 Go",124.93,"124,93 $",259.99,"Était±  259,99 $prix était 259,99 $",124.93,"124,93 $",124.93,"124,93 $",true,https://www.canadiantire.ca/fr/pdp/ensemble-bushnell-prime-low-glow-piles-et-carte-de-16-go-3751275p.html,https://www.canadiantire.ca/fr/pdp/ensemble-bushnell-prime-low-glow-piles-et-carte-de-16-go-3751275p.html,https://media-www.canadiantire.ca/product/playing/hunting/hunting-equipment/3751275/busnell-prime-low-glow-combo-batteries-and-16-gb-card-15646674-e4ea-42bb-b0d5-c96391a8dfe6-jpgrendition.jpg?im=whresize&wid=200&hei=200,https://media-www.canadiantire.ca/product/playing/hunting/hunting-equipment/3751275/busnell-prime-low-glow-combo-batteries-and-16-gb-card-15646674-e4ea-42bb-b0d5-c96391a8dfe6-jpgrendition.jpg?im=whresize&wid=200&hei=200,,3751275,375-1275-8,Il n’en reste que 1 #375-1275-8,Liquidation◊,51.95,"124,93","259,99"
90,"St. Catharines, ON",Filtre rinçable primaire Hoover,Filtre rinçable primaire Hoover,12.93,"12,93 $",27.99,"Était±  27,99 $prix était 27,99 $",12.93,"12,93 $",12.93,"12,93 $",true,https://www.canadiantire.ca/fr/pdp/filtre-rincable-primaire-hoover-0439458p.html,https://www.canadiantire.ca/fr/pdp/filtre-rincable-primaire-hoover-0439458p.html,https://media-www.canadiantire.ca/product/living/cleaning/vacuums-and-floorcare/0439458/hoover-reusable-upright-pre-motor-filter-6f7e61a6-e08e-406a-986c-562bf9504271-jpgrendition.jpg?im=whresize&wid=200&hei=200,https://media-www.canadiantire.ca/product/living/cleaning/vacuums-and-floorcare/0439458/hoover-reusable-upright-pre-motor-filter-6f7e61a6-e08e-406a-986c-562bf9504271-jpgrendition.jpg?im=whresize&wid=200&hei=200,,0439458,043-9458-6,Il n’en reste que 4 #043-9458-6,Liquidation◊Mieux notés,53.8,"12,93","27,99"
90,"St. Catharines, ON","Cosse mâle débranchable Gardner Bender C14-145M, calibre 10 à 12 AWG, paq. 6","Cosse mâle débranchable Gardner Bender C14-145M, calibre 10 à 12 AWG, paq. 6",0.93,"0,93 $",2.29,"Était±  2,29 $prix était 2,29 $",0.93,"0,93 $",0.93,"0,93 $",true,https://www.canadiantire.ca/fr/pdp/cosse-male-debranchable-gardner-bender-c14-145m-calibre-10-a-12-awg-paq-6-0520211p.html,https://www.canadiantire.ca/fr/pdp/cosse-male-debranchable-gardner-bender-c14-145m-calibre-10-a-12-awg-paq-6-0520211p.html,https://media-www.canadiantire.ca/product/fixing/electrical/rough-electrical/0520211/disconnect-terminals-male-yellow-pkg-6-aab78759-7bf4-4f2d-aed0-deeef77bd47d-jpgrendition.jpg?im=whresize&wid=200&hei=200,https://media-www.canadiantire.ca/product/fixing/electrical/rough-electrical/0520211/disconnect-terminals-male-yellow-pkg-6-aab78759-7bf4-4f2d-aed0-deeef77bd47d-jpgrendition.jpg?im=whresize&wid=200&hei=200,,0520211,052-0211-4,Il n’en reste que 2 #052-0211-4,Liquidation◊Mieux notés,59.39,"0,93","2,29"
90,"St. Catharines, ON","Gants de motoneige Joe Rocket True North, hommes et dames, noir, choix de tailles","Gants de motoneige Joe Rocket True North, hommes et dames, noir, choix de tailles",49.88,"49,88 $",119.99,"119,99 $Était   et+ prix était à partir de 119,99 $",49.88,"49,88 $",49.88,"49,88 $",true,https://www.canadiantire.ca/fr/pdp/gants-de-motoneige-joe-rocket-true-north-hommes-et-dames-noir-choix-de-tailles-0261131p.html,https://www.canadiantire.ca/fr/pdp/gants-de-motoneige-joe-rocket-true-north-hommes-et-dames-noir-choix-de-tailles-0261131p.html,https://media-www.canadiantire.ca/product/automotive/automotive-outdoor-adventure/powersport/0261131/joe-rocket-true-north-glove-black-black-sm-89b159a4-2a0f-40b9-836a-203109a54540-jpgrendition.jpg?im=whresize&wid=200&hei=200,https://media-www.canadiantire.ca/product/automotive/automotive-outdoor-adventure/powersport/0261131/joe-rocket-true-north-glove-black-black-sm-89b159a4-2a0f-40b9-836a-203109a54540-jpgrendition.jpg?im=whresize&wid=200&hei=200,,0261131,026-1131,Vérifiez la disponibilité#026-1131X,Liquidation◊Exclusivité,58.43,"49,88","119,99"
90,"St. Catharines, ON","Lunettes de soleil néon des années 1980, rose/vert/orange/violet, taille unique, paq. 10, accessoires de costume prêt-à-porter pour l'Halloween","Lunettes de soleil néon des années 1980, rose/vert/orange/violet, taille unique, paq. 10, accessoires de costume prêt-à-porter pour l'Halloween",3.99,"3,99 $",16.99,"Était±  16,99 $prix était 16,99 $",3.99,"3,99 $",3.99,"3,99 $",true,https://www.canadiantire.ca/fr/pdp/lunettes-de-soleil-neon-des-annees-1980-rose-vert-orange-violet-taille-unique-paq-10-accessoires-de-costume-pret-a-porter-pour-l-halloween-8428435p.html,https://www.canadiantire.ca/fr/pdp/lunettes-de-soleil-neon-des-annees-1980-rose-vert-orange-violet-taille-unique-paq-10-accessoires-de-costume-pret-a-porter-pour-l-halloween-8428435p.html,https://media-www.partycity.ca/product/seasonal-gardening/party-city-everyday/party-city-party-supplies-decor/8428435/10pc-neon-glasses-80s-02fcc9a1-bf4e-45e8-8b8a-726a5ba80c4f-jpgrendition.jpg?im=whresize&wid=200&hei=200,https://media-www.partycity.ca/product/seasonal-gardening/party-city-everyday/party-city-party-supplies-decor/8428435/10pc-neon-glasses-80s-02fcc9a1-bf4e-45e8-8b8a-726a5ba80c4f-jpgrendition.jpg?im=whresize&wid=200&hei=200,,8428435,842-8435-4,Il n’en reste que 5 #842-8435-4,Liquidation◊,76.52,"3,99","16,99"
90,"St. Catharines, ON","Prise décorative double inviolable Legrand 885TRNICC12, 15 A, 125 V, nickel","Prise décorative double inviolable Legrand 885TRNICC12, 15 A, 125 V, nickel",1.93,"1,93 $",5.29,"Était±  5,29 $prix était 5,29 $",1.93,"1,93 $",1.93,"1,93 $",true,https://www.canadiantire.ca/fr/pdp/prise-decorative-double-inviolable-legrand-885trnicc12-15-a-125-v-nickel-0529165p.html,https://www.canadiantire.ca/fr/pdp/prise-decorative-double-inviolable-legrand-885trnicc12-15-a-125-v-nickel-0529165p.html,https://media-www.canadiantire.ca/product/fixing/electrical/rough-electrical/0529165/15a-decorator-outlet-nickel-836d8e8f-23dd-416a-b948-fca09886115f-jpgrendition.jpg?im=whresize&wid=200&hei=200,https://media-www.canadiantire.ca/product/fixing/electrical/rough-electrical/0529165/15a-decorator-outlet-nickel-836d8e8f-23dd-416a-b948-fca09886115f-jpgrendition.jpg?im=whresize&wid=200&hei=200,,0529165,052-9165-0,Il n’en reste que 1 #052-9165-0,Liquidation◊Mieux notés,63.52,"1,93","5,29"
90,"St. Catharines, ON","Cadenas pour vélo pour enfants en acier Supercycle avec combinaison de cadran à 3 chiffres, bleu, 3,3 po","Cadenas pour vélo pour enfants en acier Supercycle avec combinaison de cadran à 3 chiffres, bleu, 3,3 po",4.73,"4,73 $",15.99,"Était±  15,99 $prix était 15,99 $",4.73,"4,73 $",4.73,"4,73 $",true,https://www.canadiantire.ca/fr/pdp/cadenas-pour-velo-pour-enfants-en-acier-supercycle-avec-combinaison-de-cadran-a-3-chiffres-bleu-3-3-po-0730086p.html,https://www.canadiantire.ca/fr/pdp/cadenas-pour-velo-pour-enfants-en-acier-supercycle-avec-combinaison-de-cadran-a-3-chiffres-bleu-3-3-po-0730086p.html,https://media-www.canadiantire.ca/product/playing/cycling/bicycle-accessories/0730086/supercycle-kids-combo-cable-lock-blue-a8487c9d-ab97-4e61-bf9d-4f40cc4c42f7-jpgrendition.jpg?im=whresize&wid=200&hei=200,https://media-www.canadiantire.ca/product/playing/cycling/bicycle-accessories/0730086/supercycle-kids-combo-cable-lock-blue-a8487c9d-ab97-4e61-bf9d-4f40cc4c42f7-jpgrendition.jpg?im=whresize&wid=200&hei=200,,0730086,073-0086-2,Il n’en reste que 4 #073-0086-2,Liquidation◊Mieux notés,70.42,"4,73","15,99"
90,"St. Catharines, ON",Raccord de gril au gaz Vision Grills Kamado avec 3 réglages de chaleur,Raccord de gril au gaz Vision Grills Kamado avec 3 réglages de chaleur,199.93,"199,93 $",399.99,"Était±  399,99 $prix était 399,99 $",199.93,"199,93 $",199.93,"199,93 $",true,https://www.canadiantire.ca/fr/pdp/raccord-de-gril-au-gaz-vision-grills-kamado-avec-3-reglages-de-chaleur-0852308p.html,https://www.canadiantire.ca/fr/pdp/raccord-de-gril-au-gaz-vision-grills-kamado-avec-3-reglages-de-chaleur-0852308p.html,https://media-www.canadiantire.ca/product/seasonal-gardening/backyard-living/outdoor-cooking-accessories/0852308/vision-grills-kamado-gas-insert-c02f3e30-088d-404e-95ea-25b99b943660-jpgrendition.jpg?im=whresize&wid=200&hei=200,https://media-www.canadiantire.ca/product/seasonal-gardening/backyard-living/outdoor-cooking-accessories/0852308/vision-grills-kamado-gas-insert-c02f3e30-088d-404e-95ea-25b99b943660-jpgrendition.jpg?im=whresize&wid=200&hei=200,,0852308,085-2308-6,Il n’en reste que 2 #085-2308-6,Liquidation◊,50.02,"199,93","399,99"
90,"St. Catharines, ON",Mèche de rechange pour radiateur au kérosène,Mèche de rechange pour radiateur au kérosène,2.93,"2,93 $",29.99,"Était±  29,99 $prix était 29,99 $",2.93,"2,93 $",2.93,"2,93 $",true,https://www.canadiantire.ca/fr/pdp/meche-de-rechange-pour-radiateur-au-kerosene-0762909p.html,https://www.canadiantire.ca/fr/pdp/meche-de-rechange-pour-radiateur-au-kerosene-0762909p.html,https://media-www.canadiantire.ca/product/playing/camping/camping-living/0762909/wick-for-convection-heater-2e164ae9-7f0b-4f73-8ca3-7249ed39a3c2-jpgrendition.jpg?im=whresize&wid=200&hei=200,https://media-www.canadiantire.ca/product/playing/camping/camping-living/0762909/wick-for-convection-heater-2e164ae9-7f0b-4f73-8ca3-7249ed39a3c2-jpgrendition.jpg?im=whresize&wid=200&hei=200,,0762909,076-2909-8,Il n’en reste que 2 #076-2909-8,Liquidation◊,90.23,"2,93","29,99"
90,"St. Catharines, ON","Projecteur très lumineux Custom Accessories LED Innovations, multicolore","Projecteur très lumineux Custom Accessories LED Innovations, multicolore",19.93,"19,93 $",39.99,"Était±  39,99 $prix était 39,99 $",19.93,"19,93 $",19.93,"19,93 $",true,https://www.canadiantire.ca/fr/pdp/projecteur-tres-lumineux-custom-accessories-led-innovations-multicolore-0374579p.html,https://www.canadiantire.ca/fr/pdp/projecteur-tres-lumineux-custom-accessories-led-innovations-multicolore-0374579p.html,https://media-www.canadiantire.ca/product/automotive/car-care-accessories/auto-accessories/0374579/led-innovation-ultra-bright-pod-light-multi-colour-b891d5b1-4bb2-494d-8e66-c0dcf16b6e12-jpgrendition.jpg?im=whresize&wid=200&hei=200,https://media-www.canadiantire.ca/product/automotive/car-care-accessories/auto-accessories/0374579/led-innovation-ultra-bright-pod-light-multi-colour-b891d5b1-4bb2-494d-8e66-c0dcf16b6e12-jpgrendition.jpg?im=whresize&wid=200&hei=200,,0374579,037-4579-4,Il n’en reste que 2 #037-4579-4,Liquidation◊,50.16,"19,93","39,99"
90,"St. Catharines, ON","Plaque murale pour prise de 1,406 po en nylon Leviton 00PJ7-741, taille intermédiaire, 1 dispositif, ivoire","Plaque murale pour prise de 1,406 po en nylon Leviton 00PJ7-741, taille intermédiaire, 1 dispositif, ivoire",1.43,"1,43 $",3.99,"Était±  3,99 $prix était 3,99 $",1.43,"1,43 $",1.43,"1,43 $",true,https://www.canadiantire.ca/fr/pdp/plaque-murale-pour-prise-de-1-406-po-en-nylon-leviton-00pj7-741-taille-intermediaire-1-dispositif-ivoire-0528429p.html,https://www.canadiantire.ca/fr/pdp/plaque-murale-pour-prise-de-1-406-po-en-nylon-leviton-00pj7-741-taille-intermediaire-1-dispositif-ivoire-0528429p.html,https://media-www.canadiantire.ca/product/fixing/electrical/rough-electrical/0528429/1-406-inch-hole-device-wallplate-1-gang-ivory-midway-893c9c70-f2a8-4317-952f-540f91c21754-jpgrendition.jpg?im=whresize&wid=200&hei=200,https://media-www.canadiantire.ca/product/fixing/electrical/rough-electrical/0528429/1-406-inch-hole-device-wallplate-1-gang-ivory-midway-893c9c70-f2a8-4317-952f-540f91c21754-jpgrendition.jpg?im=whresize&wid=200&hei=200,,0528429,052-8429-0,Il n’en reste que 4 #052-8429-0,Liquidation◊,64.16,"1,43","3,99"
90,"St. Catharines, ON",Décalcomanie RAM robuste,Décalcomanie RAM robuste,8.93,"8,93 $",17.99,"Était±  17,99 $prix était 17,99 $",8.93,"8,93 $",8.93,"8,93 $",true,https://www.canadiantire.ca/fr/pdp/decalcomanie-ram-robuste-0379285p.html,https://www.canadiantire.ca/fr/pdp/decalcomanie-ram-robuste-0379285p.html,https://media-www.canadiantire.ca/product/automotive/car-care-accessories/auto-accessories/0379285/ram-rugged-decal-e0985f92-5087-4e6b-9f67-1558590e9c92-jpgrendition.jpg?im=whresize&wid=200&hei=200,https://media-www.canadiantire.ca/product/automotive/car-care-accessories/auto-accessories/0379285/ram-rugged-decal-e0985f92-5087-4e6b-9f67-1558590e9c92-jpgrendition.jpg?im=whresize&wid=200&hei=200,,0379285,037-9285-2,Il n’en reste que 4 #037-9285-2,Liquidation◊,50.36,"8,93","17,99"
90,"St. Catharines, ON",Connecteur universel de commande de frein Hopkins CHEVROLET/GMC,Connecteur universel de commande de frein Hopkins CHEVROLET/GMC,12.93,"12,93 $",26.99,"Était±  26,99 $prix était 26,99 $",12.93,"12,93 $",12.93,"12,93 $",true,https://www.canadiantire.ca/fr/pdp/connecteur-universel-de-commande-de-frein-hopkins-chevrolet-gmc-1407243p.html,https://www.canadiantire.ca/fr/pdp/connecteur-universel-de-commande-de-frein-hopkins-chevrolet-gmc-1407243p.html,https://media-www.canadiantire.ca/product/automotive/automotive-outdoor-adventure/auto-travel-storage/1407443/56300-dpt-tvwk-honda-crv-1-pk-afa56b4e-b668-4910-a503-a25dd7fdd01e-jpgrendition.jpg?im=whresize&wid=200&hei=200,https://media-www.canadiantire.ca/product/automotive/automotive-outdoor-adventure/auto-travel-storage/1407443/56300-dpt-tvwk-honda-crv-1-pk-afa56b4e-b668-4910-a503-a25dd7fdd01e-jpgrendition.jpg?im=whresize&wid=200&hei=200,,1407243,140-7243-6,Il n’en reste que 3 #140-7243-6,Liquidation◊Mieux notés,52.09,"12,93","26,99"
90,"St. Catharines, ON","Poupée Cry Babies larmes magiques bébés star, 3 ans et plus","Poupée Cry Babies larmes magiques bébés star, 3 ans et plus",4.99,"4,99 $",14.99,"Était±  14,99 $prix était 14,99 $",4.99,"4,99 $",4.99,"4,99 $",true,https://www.canadiantire.ca/fr/pdp/poupee-cry-babies-larmes-magiques-bebes-star-3-ans-et-plus-1500352p.html,https://www.canadiantire.ca/fr/pdp/poupee-cry-babies-larmes-magiques-bebes-star-3-ans-et-plus-1500352p.html,https://media-www.canadiantire.ca/product/seasonal-gardening/toys/toys-games/1500352/cry-babies-magic-tears-star-babies-2a9508f5-5bed-4b8b-a874-7279c34369a0-jpgrendition.jpg?im=whresize&wid=200&hei=200,https://media-www.canadiantire.ca/product/seasonal-gardening/toys/toys-games/1500352/cry-babies-magic-tears-star-babies-2a9508f5-5bed-4b8b-a874-7279c34369a0-jpgrendition.jpg?im=whresize&wid=200&hei=200,,1500352,150-0352-4,Il n’en reste que 2 #150-0352-4,Liquidation◊Mieux notés,66.71,"4,99","14,99"
90,"St. Catharines, ON",Crépine Graco pour les pulvérisateurs à peinture Magnum,Crépine Graco pour les pulvérisateurs à peinture Magnum,7.93,"7,93 $",19.99,"Était±  19,99 $prix était 19,99 $",7.93,"7,93 $",7.93,"7,93 $",true,https://www.canadiantire.ca/fr/pdp/crepine-graco-pour-les-pulverisateurs-a-peinture-magnum-0492559p.html,https://www.canadiantire.ca/fr/pdp/crepine-graco-pour-les-pulverisateurs-a-peinture-magnum-0492559p.html,https://media-www.canadiantire.ca/product/fixing/paint/paint-accessories/0492559/strainer-inlet-magnum-3f0e5053-5f8a-466d-88b6-755b7d8eba50-jpgrendition.jpg?im=whresize&wid=200&hei=200,https://media-www.canadiantire.ca/product/fixing/paint/paint-accessories/0492559/strainer-inlet-magnum-3f0e5053-5f8a-466d-88b6-755b7d8eba50-jpgrendition.jpg?im=whresize&wid=200&hei=200,,0492559,049-2559-6,Il n’en reste que 4 #049-2559-6,Liquidation◊,60.33,"7,93","19,99"
90,"St. Catharines, ON","Cafetière programmable à distribution One PressMD de Hamilton Beach, noir, 12 tasses","Cafetière programmable à distribution One PressMD de Hamilton Beach, noir, 12 tasses",69.88,"69,88 $",199.99,"Était±  199,99 $prix était 199,99 $",69.88,"69,88 $",69.88,"69,88 $",true,https://www.canadiantire.ca/fr/pdp/cafetiere-programmable-a-distribution-one-press-sup-md-sup-de-hamilton-beach-noir-12-tasses-0439014p.html,https://www.canadiantire.ca/fr/pdp/cafetiere-programmable-a-distribution-one-press-sup-md-sup-de-hamilton-beach-noir-12-tasses-0439014p.html,https://media-www.canadiantire.ca/product/living/kitchen/kitchen-appliances/0439014/hamilton-beach-12-cup-brew-station-2af66b5e-d3dc-4b20-aa92-25ed6ab10c51-jpgrendition.jpg?im=whresize&wid=200&hei=200,https://media-www.canadiantire.ca/product/living/kitchen/kitchen-appliances/0439014/hamilton-beach-12-cup-brew-station-2af66b5e-d3dc-4b20-aa92-25ed6ab10c51-jpgrendition.jpg?im=whresize&wid=200&hei=200,,0439014,043-9014-2,Il n’en reste que 4 #043-9014-2,Liquidation◊,65.06,"69,88","199,99"
90,"St. Catharines, ON","Jardinière en poterie décorative Chia Pet, la Schtroumpfette","Jardinière en poterie décorative Chia Pet, la Schtroumpfette",9.93,"9,93 $",19.99,"Était±  19,99 $prix était 19,99 $",9.93,"9,93 $",9.93,"9,93 $",true,https://www.canadiantire.ca/fr/pdp/jardiniere-en-poterie-decorative-chia-pet-la-schtroumpfette-1592715p.html,https://www.canadiantire.ca/fr/pdp/jardiniere-en-poterie-decorative-chia-pet-la-schtroumpfette-1592715p.html,https://media-www.canadiantire.ca/product/seasonal-gardening/gardening/dormant-goods/1592715/chia-pet-smurfette-0da313ac-a6ef-4aee-8990-2d9e4b5de720-jpgrendition.jpg?im=whresize&wid=200&hei=200,https://media-www.canadiantire.ca/product/seasonal-gardening/gardening/dormant-goods/1592715/chia-pet-smurfette-0da313ac-a6ef-4aee-8990-2d9e4b5de720-jpgrendition.jpg?im=whresize&wid=200&hei=200,,1592715,159-2715-2,Il n’en reste que 1 #159-2715-2,Liquidation◊,50.33,"9,93","19,99"
90,"St. Catharines, ON","Couteaux polyvalents et Tao Bar Yukon Gear, paq. 2","Couteaux polyvalents et Tao Bar Yukon Gear, paq. 2",18.73,"18,73 $",39.99,"Était±  39,99 $prix était 39,99 $",18.73,"18,73 $",18.73,"18,73 $",true,https://www.canadiantire.ca/fr/pdp/couteaux-polyvalents-et-tao-bar-yukon-gear-paq-2-3750548p.html,https://www.canadiantire.ca/fr/pdp/couteaux-polyvalents-et-tao-bar-yukon-gear-paq-2-3750548p.html,https://media-www.canadiantire.ca/product/playing/hunting/hunting-equipment/3750548/combo-pack-of-multi-knife-and-tao-bar-blister-pack--c972b52e-bbb3-420a-b23e-6a7a6608f651-jpgrendition.jpg?im=whresize&wid=200&hei=200,https://media-www.canadiantire.ca/product/playing/hunting/hunting-equipment/3750548/combo-pack-of-multi-knife-and-tao-bar-blister-pack--c972b52e-bbb3-420a-b23e-6a7a6608f651-jpgrendition.jpg?im=whresize&wid=200&hei=200,,3750548,375-0548-6,12 En Stock#375-0548-6,Liquidation◊Exclusivité,53.16,"18,73","39,99"
