store_id,city,name,title,price,price_raw,regular_price,regular_price_raw,liquidation_price,liquidation_price_raw,sale_price,sale_price_raw,liquidation,url,link,image,image_url,product_id,sku,sku_formatted,availability,badges,discount_percent,price_sale_clean,price_original_clean
170,"Bowmanville, ON",Garde-robe à miroir rétractable Canvas,Garde-robe à miroir rétractable Canvas,199.93,"199,93 $",499.99,"Était±  499,99 $prix était 499,99 $",199.93,"199,93 $",199.93,"199,93 $",true,https://www.canadiantire.ca/fr/pdp/garde-robe-a-miroir-retractable-canvas-1680201p.html,https://www.canadiantire.ca/fr/pdp/garde-robe-a-miroir-retractable-canvas-1680201p.html,https://media-www.canadiantire.ca/product/living/home-decor/furniture/1680201/canvas-wardrobe-with-pullout-mirror-22f525bf-93c2-43fc-b5b1-e5ba5516f382-jpgrendition.jpg?im=whresize&wid=200&hei=200,https://media-www.canadiantire.ca/product/living/home-decor/furniture/1680201/canvas-wardrobe-with-pullout-mirror-22f525bf-93c2-43fc-b5b1-e5ba5516f382-jpgrendition.jpg?im=whresize&wid=200&hei=200,,1680201,168-0201-4,Il n’en reste que 2 #168-0201-4,Liquidation◊Exclusivité,60.01,"199,93","499,99"
170,"Bowmanville, ON","Dispositif de géolocalisation Bluetooth Bluehive, paq. 2","Dispositif de géolocalisation Bluetooth Bluehive, paq. 2",12.96,"12,96 $",37.99,"Était±  37,99 $prix était 37,99 $",12.96,"12,96 $",12.96,"12,96 $",true,https://www.canadiantire.ca/fr/pdp/dispositif-de-geolocalisation-bluetooth-bluehive-paq-2-0355475p.html,https://www.canadiantire.ca/fr/pdp/dispositif-de-geolocalisation-bluetooth-bluehive-paq-2-0355475p.html,https://media-www.canadiantire.ca/product/automotive/electronics/mobile-electronics/0355475/bluetooth-item-tracker-2-pack-86e73bc6-6622-4979-abea-6a9516c11a63-jpgrendition.jpg?im=whresize&wid=200&hei=200,https://media-www.canadiantire.ca/product/automotive/electronics/mobile-electronics/0355475/bluetooth-item-tracker-2-pack-86e73bc6-6622-4979-abea-6a9516c11a63-jpgrendition.jpg?im=whresize&wid=200&hei=200,,0355475,035-5475-8,Il n’en reste que 2 #035-5475-8,Liquidation◊Mieux notés,65.89,"12,96","37,99"
170,"Bowmanville, ON","Service de vaisselle coupé en grès MasterChef pour 8 personnes, paq. 24, bleu sodalite","Service de vaisselle coupé en grès MasterChef pour 8 personnes, paq. 24, bleu sodalite",29.95,"29,95 $",99.99,"Était±  99,99 $prix était 99,99 $",29.95,"29,95 $",29.95,"29,95 $",true,https://www.canadiantire.ca/fr/pdp/service-de-vaisselle-coupe-en-gres-masterchef-pour-8-personnes-paq-24-bleu-sodalite-2421196p.html,https://www.canadiantire.ca/fr/pdp/service-de-vaisselle-coupe-en-gres-masterchef-pour-8-personnes-paq-24-bleu-sodalite-2421196p.html,https://media-www.canadiantire.ca/product/living/kitchen/dining-and-entertaining/2421196/master-chef-essential-coupe-24pc-dinnerware-set-blue-c85cb18a-8249-4642-84cd-a5744c25b94f-jpgrendition.jpg?im=whresize&wid=200&hei=200,https://media-www.canadiantire.ca/product/living/kitchen/dining-and-entertaining/2421196/master-chef-essential-coupe-24pc-dinnerware-set-blue-c85cb18a-8249-4642-84cd-a5744c25b94f-jpgrendition.jpg?im=whresize&wid=200&hei=200,,2421196,242-1196-2,Il n’en reste que 7 #242-1196-2,Liquidation◊Exclusivité,70.05,"29,95","99,99"
170,"Bowmanville, ON","Sorbetière numérique Vida par PADERNO, machine à crème glacée et gâteries 4-en-1, acier inoxydable, 1,9 L","Sorbetière numérique Vida par PADERNO, machine à crème glacée et gâteries 4-en-1, acier inoxydable, 1,9 L",59.95,"59,95 $",149.99,"Était±  149,99 $prix était 149,99 $",59.95,"59,95 $",59.95,"59,95 $",true,https://www.canadiantire.ca/fr/pdp/sorbetiere-numerique-vida-par-paderno-machine-a-creme-glacee-et-gateries-4-en-1-acier-inoxydable-1-9-l-0431564p.html,https://www.canadiantire.ca/fr/pdp/sorbetiere-numerique-vida-par-paderno-machine-a-creme-glacee-et-gateries-4-en-1-acier-inoxydable-1-9-l-0431564p.html,https://media-www.canadiantire.ca/product/living/kitchen/kitchen-appliances/0431564/vida-by-paderno-ice-cream-maker-cab802eb-a002-46c2-b174-7fca7a24c75c-jpgrendition.jpg?im=whresize&wid=200&hei=200,https://media-www.canadiantire.ca/product/living/kitchen/kitchen-appliances/0431564/vida-by-paderno-ice-cream-maker-cab802eb-a002-46c2-b174-7fca7a24c75c-jpgrendition.jpg?im=whresize&wid=200&hei=200,,0431564,043-1564-0,Il n’en reste que 4 #043-1564-0,Liquidation◊Mieux notés,60.03,"59,95","149,99"
170,"Bowmanville, ON","Ponceuse à courroie sans balais Mastercraft 20 V sans fil, outil seulement, compatibilité PWR POD","Ponceuse à courroie sans balais Mastercraft 20 V sans fil, outil seulement, compatibilité PWR POD",29.95,"29,95 $",134.99,"Était±  134,99 $prix était 134,99 $",29.95,"29,95 $",29.95,"29,95 $",true,https://www.canadiantire.ca/fr/pdp/ponceuse-a-courroie-sans-balais-mastercraft-20-v-sans-fil-outil-seulement-compatibilite-pwr-pod-0547577p.html,https://www.canadiantire.ca/fr/pdp/ponceuse-a-courroie-sans-balais-mastercraft-20-v-sans-fil-outil-seulement-compatibilite-pwr-pod-0547577p.html,https://media-www.canadiantire.ca/product/fixing/tools/portable-power-tools/0547577/mastercraft-20v-belt-sander-29b77927-3d92-4f92-b246-28781e24ea2d-jpgrendition.jpg?im=whresize&wid=200&hei=200,https://media-www.canadiantire.ca/product/fixing/tools/portable-power-tools/0547577/mastercraft-20v-belt-sander-29b77927-3d92-4f92-b246-28781e24ea2d-jpgrendition.jpg?im=whresize&wid=200&hei=200,,0547577,054-7577-8,33 En Stock#054-7577-8,Liquidation◊Mieux notés,77.81,"29,95","134,99"
170,"Bowmanville, ON",Support d'entraînement à vélo d'intérieur Raleigh,Support d'entraînement à vélo d'intérieur Raleigh,89.93,"89,93 $",219.99,"Était±  219,99 $prix était 219,99 $",89.93,"89,93 $",89.93,"89,93 $",true,https://www.canadiantire.ca/fr/pdp/support-d-entrainement-a-velo-d-interieur-raleigh-0730584p.html,https://www.canadiantire.ca/fr/pdp/support-d-entrainement-a-velo-d-interieur-raleigh-0730584p.html,https://media-www.canadiantire.ca/product/playing/cycling/bicycle-accessories/0730584/raleigh-bike-trainer-e2630b61-37b1-4963-ba4f-de2eb849f90f-jpgrendition.jpg?im=whresize&wid=200&hei=200,https://media-www.canadiantire.ca/product/playing/cycling/bicycle-accessories/0730584/raleigh-bike-trainer-e2630b61-37b1-4963-ba4f-de2eb849f90f-jpgrendition.jpg?im=whresize&wid=200&hei=200,,0730584,073-0584-6,Il n’en reste que 3 #073-0584-6,Liquidation◊Mieux notés,59.12,"89,93","219,99"
170,"Bowmanville, ON","Chasse-moustiques Thermacell, édition métallique","Chasse-moustiques Thermacell, édition métallique",24.95,"24,95 $",49.99,"Était±  49,99 $prix était 49,99 $",24.95,"24,95 $",24.95,"24,95 $",true,https://www.canadiantire.ca/fr/pdp/chasse-moustiques-thermacell-edition-metallique-1591161p.html,https://www.canadiantire.ca/fr/pdp/chasse-moustiques-thermacell-edition-metallique-1591161p.html,https://media-www.canadiantire.ca/product/seasonal-gardening/gardening/weed-insect-and-pest-control/1591161/thermacell-halo-stainless-camping-9fbd30e6-3851-4e8f-9711-65814041d303-jpgrendition.jpg?im=whresize&wid=200&hei=200,https://media-www.canadiantire.ca/product/seasonal-gardening/gardening/weed-insect-and-pest-control/1591161/thermacell-halo-stainless-camping-9fbd30e6-3851-4e8f-9711-65814041d303-jpgrendition.jpg?im=whresize&wid=200&hei=200,,1591161,159-1161-4,Il n’en reste que 4 #159-1161-4,Liquidation◊Mieux notés,50.09,"24,95","49,99"
170,"Bowmanville, ON","Raquette et balle de tennis léger Matrix de taille officielle, paq. 5","Raquette et balle de tennis léger Matrix de taille officielle, paq. 5",59.95,"59,95 $",129.99,"Était±  129,99 $prix était 129,99 $",59.95,"59,95 $",59.95,"59,95 $",true,https://www.canadiantire.ca/fr/pdp/raquette-et-balle-de-tennis-leger-matrix-de-taille-officielle-paq-5-0844797p.html,https://www.canadiantire.ca/fr/pdp/raquette-et-balle-de-tennis-leger-matrix-de-taille-officielle-paq-5-0844797p.html,https://media-www.canadiantire.ca/product/playing/team-sports-and-golf/court-sports/0844797/matrix-recreational-official-size-pickleball-set-4c8d6609-d474-46cc-9de3-b502e8b563d3-jpgrendition.jpg?im=whresize&wid=200&hei=200,https://media-www.canadiantire.ca/product/playing/team-sports-and-golf/court-sports/0844797/matrix-recreational-official-size-pickleball-set-4c8d6609-d474-46cc-9de3-b502e8b563d3-jpgrendition.jpg?im=whresize&wid=200&hei=200,,0844797,084-4797-0,21 En Stock#084-4797-0,Liquidation◊Articles à succès,53.88,"59,95","129,99"
170,"Bowmanville, ON",Armoire de cuisine de camping Woods Renfrew,Armoire de cuisine de camping Woods Renfrew,49.95,"49,95 $",124.99,"Était±  124,99 $prix était 124,99 $",49.95,"49,95 $",49.95,"49,95 $",true,https://www.canadiantire.ca/fr/pdp/armoire-de-cuisine-de-camping-woods-renfrew-0766619p.html,https://www.canadiantire.ca/fr/pdp/armoire-de-cuisine-de-camping-woods-renfrew-0766619p.html,https://media-www.canadiantire.ca/product/playing/camping/camping-furniture/0766619/woods-kitchen-cupboard-1c48223a-adca-4248-bcdd-d38fef7edf80-jpgrendition.jpg?im=whresize&wid=200&hei=200,https://media-www.canadiantire.ca/product/playing/camping/camping-furniture/0766619/woods-kitchen-cupboard-1c48223a-adca-4248-bcdd-d38fef7edf80-jpgrendition.jpg?im=whresize&wid=200&hei=200,,0766619,076-6619-4,Il n’en reste que 4 #076-6619-4,Liquidation◊Exclusivité,60.04,"49,95","124,99"
170,"Bowmanville, ON","Lit de camp pliant rembourré portatif pour chien Woods Dog-Wood, bleu corail, grand","Lit de camp pliant rembourré portatif pour chien Woods Dog-Wood, bleu corail, grand",29.95,"29,95 $",99.99,"Était±  99,99 $prix était 99,99 $",29.95,"29,95 $",29.95,"29,95 $",true,https://www.canadiantire.ca/fr/pdp/lit-de-camp-pliant-rembourre-portatif-pour-chien-woods-dog-wood-bleu-corail-grand-0766812p.html,https://www.canadiantire.ca/fr/pdp/lit-de-camp-pliant-rembourre-portatif-pour-chien-woods-dog-wood-bleu-corail-grand-0766812p.html,https://media-www.canadiantire.ca/product/playing/camping/camping-accessories/0766812/woods-large-padded-dog-cot-ee167b2b-8e9d-405c-a046-44f2b4c6ec5a-jpgrendition.jpg?im=whresize&wid=200&hei=200,https://media-www.canadiantire.ca/product/playing/camping/camping-accessories/0766812/woods-large-padded-dog-cot-ee167b2b-8e9d-405c-a046-44f2b4c6ec5a-jpgrendition.jpg?im=whresize&wid=200&hei=200,,0766812,076-6812-2,15 En Stock#076-6812-2,Liquidation◊Mieux notés,70.05,"29,95","99,99"
170,"Bowmanville, ON","Tasse de voyage à double paroi avec poignée Bubba Keg Classic, 20 oz, choix de couleurs","Tasse de voyage à double paroi avec poignée Bubba Keg Classic, 20 oz, choix de couleurs",9.93,"9,93 $",24.99,"24,99 $Était   et+ prix était à partir de 24,99 $",9.93,"9,93 $",9.93,"9,93 $",true,https://www.canadiantire.ca/fr/pdp/tasse-de-voyage-a-double-paroi-avec-poignee-bubba-keg-classic-20-oz-choix-de-couleurs-2425153p.html,https://www.canadiantire.ca/fr/pdp/tasse-de-voyage-a-double-paroi-avec-poignee-bubba-keg-classic-20-oz-choix-de-couleurs-2425153p.html,https://media-www.canadiantire.ca/product/living/kitchen/food-storage/2425154/bubba-20-oz-keg-mug-magenta-0effc0af-c6a5-482f-b1fb-0de772f237a0-jpgrendition.jpg?im=whresize&wid=200&hei=200,https://media-www.canadiantire.ca/product/living/kitchen/food-storage/2425154/bubba-20-oz-keg-mug-magenta-0effc0af-c6a5-482f-b1fb-0de772f237a0-jpgrendition.jpg?im=whresize&wid=200&hei=200,,2425153,242-5153,Vérifiez la disponibilité#242-5153X,Liquidation◊Mieux notés,60.26,"9,93","24,99"
170,"Bowmanville, ON","Bouteille d'eau isotherme en acier inoxydable à rotation Owala FreeSip, sans BPA, choix de couleurs, 24 oz","Bouteille d'eau isotherme en acier inoxydable à rotation Owala FreeSip, sans BPA, choix de couleurs, 24 oz",19.93,"19,93 $",41.99,"41,99 $Était   et+ prix était à partir de 41,99 $",19.93,"19,93 $",19.93,"19,93 $",true,https://www.canadiantire.ca/fr/pdp/bouteille-d-eau-isotherme-en-acier-inoxydable-a-rotation-owala-freesip-sans-bpa-choix-de-couleurs-24-oz-2425435p.html,https://www.canadiantire.ca/fr/pdp/bouteille-d-eau-isotherme-en-acier-inoxydable-a-rotation-owala-freesip-sans-bpa-choix-de-couleurs-24-oz-2425435p.html,https://media-www.canadiantire.ca/product/living/kitchen/food-storage/2425436/owala-24oz-freesip-twist-water-bottle-sleepy-lavender-5af8f9a9-6c8d-4f41-bcba-abcafe8f1759-jpgrendition.jpg?im=whresize&wid=200&hei=200,https://media-www.canadiantire.ca/product/living/kitchen/food-storage/2425436/owala-24oz-freesip-twist-water-bottle-sleepy-lavender-5af8f9a9-6c8d-4f41-bcba-abcafe8f1759-jpgrendition.jpg?im=whresize&wid=200&hei=200,,2425435,242-5435,Vérifiez la disponibilité#242-5435X,Liquidation◊Mieux notés,52.54,"19,93","41,99"
170,"Bowmanville, ON",Affûteur de couteaux et de ciseaux facile à utiliser en 3 étapes MASTER Chef,Affûteur de couteaux et de ciseaux facile à utiliser en 3 étapes MASTER Chef,5.95,"5,95 $",18.99,"Était±  18,99 $prix était 18,99 $",5.95,"5,95 $",5.95,"5,95 $",true,https://www.canadiantire.ca/fr/pdp/affuteur-de-couteaux-et-de-ciseaux-facile-a-utiliser-en-3-etapes-master-chef-2421029p.html,https://www.canadiantire.ca/fr/pdp/affuteur-de-couteaux-et-de-ciseaux-facile-a-utiliser-en-3-etapes-master-chef-2421029p.html,https://media-www.canadiantire.ca/product/living/kitchen/cutlery/2421029/master-chef-3stage-knife-sharpener-b9ab2767-c8c0-473e-a296-6cb70527856a-jpgrendition.jpg?im=whresize&wid=200&hei=200,https://media-www.canadiantire.ca/product/living/kitchen/cutlery/2421029/master-chef-3stage-knife-sharpener-b9ab2767-c8c0-473e-a296-6cb70527856a-jpgrendition.jpg?im=whresize&wid=200&hei=200,,2421029,242-1029-2,32 En Stock#242-1029-2,Liquidation◊Exclusivité,68.67,"5,95","18,99"
170,"Bowmanville, ON","Bluehive - Ecouteurs boutons sans fil, 22h autonomie et charge rapide","Bluehive - Ecouteurs boutons sans fil, 22h autonomie et charge rapide",14.75,"14,75 $",39.99,"Était±  39,99 $prix était 39,99 $",14.75,"14,75 $",14.75,"14,75 $",true,https://www.canadiantire.ca/fr/pdp/bluehive-ecouteurs-boutons-sans-fil-22h-autonomie-et-charge-rapide-0355551p.html,https://www.canadiantire.ca/fr/pdp/bluehive-ecouteurs-boutons-sans-fil-22h-autonomie-et-charge-rapide-0355551p.html,https://media-www.canadiantire.ca/product/automotive/car-care-accessories/auto-electronics/0355551/bluehive-bluepods-true-wireless-earbuds-d801aae0-977a-4b93-998a-00bad4241385-jpgrendition.jpg?im=whresize&wid=200&hei=200,https://media-www.canadiantire.ca/product/automotive/car-care-accessories/auto-electronics/0355551/bluehive-bluepods-true-wireless-earbuds-d801aae0-977a-4b93-998a-00bad4241385-jpgrendition.jpg?im=whresize&wid=200&hei=200,,0355551,035-5551-6,60 En Stock#035-5551-6,Liquidation◊Exclusivité,63.12,"14,75","39,99"
170,"Bowmanville, ON","Ampoules à DEL à intensité variable à culot E12 NOMA B10, 2700K, 350 lumens, blanc chaud, 40 W, paq. 2","Ampoules à DEL à intensité variable à culot E12 NOMA B10, 2700K, 350 lumens, blanc chaud, 40 W, paq. 2",1.93,"1,93 $",12.99,"Était±  12,99 $prix était 12,99 $",1.93,"1,93 $",1.93,"1,93 $",true,https://www.canadiantire.ca/fr/pdp/ampoules-a-del-a-intensite-variable-a-culot-e12-noma-b10-2700k-350-lumens-blanc-chaud-40-w-paq-2-0529347p.html,https://www.canadiantire.ca/fr/pdp/ampoules-a-del-a-intensite-variable-a-culot-e12-noma-b10-2700k-350-lumens-blanc-chaud-40-w-paq-2-0529347p.html,https://media-www.canadiantire.ca/product/fixing/electrical/light-bulbs/0529347/noma-2-pack-40w-e12-soft-white-led-lightbulbs-2abc2edf-7b69-449d-b49f-8024c6332e19-jpgrendition.jpg?im=whresize&wid=200&hei=200,https://media-www.canadiantire.ca/product/fixing/electrical/light-bulbs/0529347/noma-2-pack-40w-e12-soft-white-led-lightbulbs-2abc2edf-7b69-449d-b49f-8024c6332e19-jpgrendition.jpg?im=whresize&wid=200&hei=200,,0529347,052-9347-8,1565 En Stock#052-9347-8,Liquidation◊Exclusivité,85.14,"1,93","12,99"
170,"Bowmanville, ON",Aspirateur-robot Shark Navigator Spot Lidar,Aspirateur-robot Shark Navigator Spot Lidar,199.93,"199,93 $",399.99,"Était±  399,99 $prix était 399,99 $",199.93,"199,93 $",199.93,"199,93 $",true,https://www.canadiantire.ca/fr/pdp/aspirateur-robot-shark-navigator-spot-lidar-0439617p.html,https://www.canadiantire.ca/fr/pdp/aspirateur-robot-shark-navigator-spot-lidar-0439617p.html,https://media-www.canadiantire.ca/product/living/cleaning/vacuums-and-floorcare/0439617/shark-navigator-spot-lidar-robotic-vac-0da3fe11-906d-4be8-9ef1-35c7a6f4dccf-jpgrendition.jpg?im=whresize&wid=200&hei=200,https://media-www.canadiantire.ca/product/living/cleaning/vacuums-and-floorcare/0439617/shark-navigator-spot-lidar-robotic-vac-0da3fe11-906d-4be8-9ef1-35c7a6f4dccf-jpgrendition.jpg?im=whresize&wid=200&hei=200,,0439617,043-9617-8,Il n’en reste que 2 #043-9617-8,Liquidation◊Mieux notés,50.02,"199,93","399,99"
170,"Bowmanville, ON","Contenants transparents pour aliments avec couvercle à clic Clearlock avec base TritanMC, emboîtable, 12 pièces","Contenants transparents pour aliments avec couvercle à clic Clearlock avec base TritanMC, emboîtable, 12 pièces",24.93,"24,93 $",49.99,"Était±  49,99 $prix était 49,99 $",24.93,"24,93 $",24.93,"24,93 $",true,https://www.canadiantire.ca/fr/pdp/contenants-transparents-pour-aliments-avec-couvercle-a-clic-clearlock-avec-base-tritan-sup-mc-sup-emboitable-12-pieces-2421065p.html,https://www.canadiantire.ca/fr/pdp/contenants-transparents-pour-aliments-avec-couvercle-a-clic-clearlock-avec-base-tritan-sup-mc-sup-emboitable-12-pieces-2421065p.html,https://media-www.canadiantire.ca/product/living/kitchen/food-storage/2421065/clearlock-12-pc-set-a5d86578-0990-45bf-88d0-399a9bb335d2-jpgrendition.jpg?im=whresize&wid=200&hei=200,https://media-www.canadiantire.ca/product/living/kitchen/food-storage/2421065/clearlock-12-pc-set-a5d86578-0990-45bf-88d0-399a9bb335d2-jpgrendition.jpg?im=whresize&wid=200&hei=200,,2421065,242-1065-4,Il n’en reste que 2 #242-1065-4,Liquidation◊Mieux notés,50.13,"24,93","49,99"
170,"Bowmanville, ON","Système de chasse-neige Kolpin Switchblade 17-0000 pour VTT, 48 à 60 po","Système de chasse-neige Kolpin Switchblade 17-0000 pour VTT, 48 à 60 po",259.93,"259,93 $",539.99,"Était±  539,99 $prix était 539,99 $",259.93,"259,93 $",259.93,"259,93 $",true,https://www.canadiantire.ca/fr/pdp/systeme-de-chasse-neige-kolpin-switchblade-17-0000-pour-vtt-48-a-60-po-0278190p.html,https://www.canadiantire.ca/fr/pdp/systeme-de-chasse-neige-kolpin-switchblade-17-0000-pour-vtt-48-a-60-po-0278190p.html,https://media-www.canadiantire.ca/product/automotive/automotive-outdoor-adventure/powersport/0278190/kolpin-switchblade-atv-snow-plow-52354734-5dda-4ae2-b6c8-873c986b6c5e-jpgrendition.jpg?im=whresize&wid=200&hei=200,https://media-www.canadiantire.ca/product/automotive/automotive-outdoor-adventure/powersport/0278190/kolpin-switchblade-atv-snow-plow-52354734-5dda-4ae2-b6c8-873c986b6c5e-jpgrendition.jpg?im=whresize&wid=200&hei=200,,0278190,027-8190-6,Il n’en reste que 3 #027-8190-6,Liquidation◊Mieux notés,51.86,"259,93","539,99"
170,"Bowmanville, ON","Étagère de rangement saisonnier Mastercraft avec chariot plateforme roulant, noir, 166,37 x 90,17 x 172,72 cm(65,5 x 35,5 x 68 po)","Étagère de rangement saisonnier Mastercraft avec chariot plateforme roulant, noir, 166,37 x 90,17 x 172,72 cm(65,5 x 35,5 x 68 po)",99.95,"99,95 $",299.99,"Était±  299,99 $prix était 299,99 $",99.95,"99,95 $",99.95,"99,95 $",true,https://www.canadiantire.ca/fr/pdp/etagere-de-rangement-saisonnier-mastercraft-avec-chariot-plateforme-roulant-noir-166-37-x-90-17-x-172-72-cm-65-5-x-35-5-x-68-po-0681822p.html,https://www.canadiantire.ca/fr/pdp/etagere-de-rangement-saisonnier-mastercraft-avec-chariot-plateforme-roulant-noir-166-37-x-90-17-x-172-72-cm-65-5-x-35-5-x-68-po-0681822p.html,https://media-www.canadiantire.ca/product/fixing/tools/garage-organization/0681822/mastercraft-seasonal-storage-rack-4657eb31-2d51-419f-a388-3dcc3e45f853-jpgrendition.jpg?im=whresize&wid=200&hei=200,https://media-www.canadiantire.ca/product/fixing/tools/garage-organization/0681822/mastercraft-seasonal-storage-rack-4657eb31-2d51-419f-a388-3dcc3e45f853-jpgrendition.jpg?im=whresize&wid=200&hei=200,,0681822,068-1822-8,32 En Stock#068-1822-8,Liquidation◊Mieux notés,66.68,"99,95","299,99"
170,"Bowmanville, ON","Friteuse à air chaud à deux zones T-Fal Easy Fry, 8,3 L/8,7 ptes","Friteuse à air chaud à deux zones T-Fal Easy Fry, 8,3 L/8,7 ptes",79.95,"79,95 $",199.99,"Était±  199,99 $prix était 199,99 $",79.95,"79,95 $",79.95,"79,95 $",true,https://www.canadiantire.ca/fr/pdp/friteuse-a-air-chaud-a-deux-zones-t-fal-easy-fry-8-3-l-8-7-ptes-0430340p.html,https://www.canadiantire.ca/fr/pdp/friteuse-a-air-chaud-a-deux-zones-t-fal-easy-fry-8-3-l-8-7-ptes-0430340p.html,https://media-www.canadiantire.ca/product/living/kitchen/kitchen-appliances/0430340/t-fal-dual-zone-air-fryer-f30f9c50-9b02-4977-a8b9-2e9b9249a74e-jpgrendition.jpg?im=whresize&wid=200&hei=200,https://media-www.canadiantire.ca/product/living/kitchen/kitchen-appliances/0430340/t-fal-dual-zone-air-fryer-f30f9c50-9b02-4977-a8b9-2e9b9249a74e-jpgrendition.jpg?im=whresize&wid=200&hei=200,,0430340,043-0340-8,25 En Stock#043-0340-8,Liquidation◊Mieux notés,60.02,"79,95","199,99"
170,"Bowmanville, ON","Bibliothèque à cadre en métal à 5 niveaux avec rangement CANVAS Robson, fini chêne","Bibliothèque à cadre en métal à 5 niveaux avec rangement CANVAS Robson, fini chêne",139.93,"139,93 $",349.99,"Était±  349,99 $prix était 349,99 $",139.93,"139,93 $",139.93,"139,93 $",true,https://www.canadiantire.ca/fr/pdp/bibliotheque-a-cadre-en-metal-a-5-niveaux-avec-rangement-canvas-robson-fini-chene-1680047p.html,https://www.canadiantire.ca/fr/pdp/bibliotheque-a-cadre-en-metal-a-5-niveaux-avec-rangement-canvas-robson-fini-chene-1680047p.html,https://media-www.canadiantire.ca/product/living/home-decor/furniture/1680047/canvas-robson-wide-bookcase-cc404526-7e49-447a-b2ad-88a6bd2c5a81-jpgrendition.jpg?im=whresize&wid=200&hei=200,https://media-www.canadiantire.ca/product/living/home-decor/furniture/1680047/canvas-robson-wide-bookcase-cc404526-7e49-447a-b2ad-88a6bd2c5a81-jpgrendition.jpg?im=whresize&wid=200&hei=200,,1680047,168-0047-2,Il n’en reste que 1 #168-0047-2,Liquidation◊Mieux notés,60.02,"139,93","349,99"
170,"Bowmanville, ON",Auvent de piscine Swimways pour piscines de 14 à 16 pi,Auvent de piscine Swimways pour piscines de 14 à 16 pi,12.95,"12,95 $",129.99,"Était±  129,99 $prix était 129,99 $",12.95,"12,95 $",12.95,"12,95 $",true,https://www.canadiantire.ca/fr/pdp/auvent-de-piscine-swimways-pour-piscines-de-14-a-16-pi-0813966p.html,https://www.canadiantire.ca/fr/pdp/auvent-de-piscine-swimways-pour-piscines-de-14-a-16-pi-0813966p.html,https://media-www.canadiantire.ca/product/seasonal-gardening/backyard-fun/pool-maintenance/0813966/swimways-pool-canopy-14-16ft-pools-a133b43e-5c2b-41b5-b17a-4fc6ba302c17-jpgrendition.jpg?im=whresize&wid=200&hei=200,https://media-www.canadiantire.ca/product/seasonal-gardening/backyard-fun/pool-maintenance/0813966/swimways-pool-canopy-14-16ft-pools-a133b43e-5c2b-41b5-b17a-4fc6ba302c17-jpgrendition.jpg?im=whresize&wid=200&hei=200,,0813966,081-3966-0,31 En Stock#081-3966-0,Liquidation◊,90.04,"12,95","129,99"
170,"Bowmanville, ON","Mélangeur à mortier Mastercraft, 20 V, 200 650 tr/min","Mélangeur à mortier Mastercraft, 20 V, 200 650 tr/min",49.96,"49,96 $",239.99,"Était±  239,99 $prix était 239,99 $",49.96,"49,96 $",49.96,"49,96 $",true,https://www.canadiantire.ca/fr/pdp/melangeur-a-mortier-mastercraft-20-v-200-650-tr-min-0547576p.html,https://www.canadiantire.ca/fr/pdp/melangeur-a-mortier-mastercraft-20-v-200-650-tr-min-0547576p.html,https://media-www.canadiantire.ca/product/fixing/tools/portable-power-tools/0547576/mastercraft-20v-mud-mixer-281cbc35-47d7-45e0-a958-ce6994b3d9e8-jpgrendition.jpg?im=whresize&wid=200&hei=200,https://media-www.canadiantire.ca/product/fixing/tools/portable-power-tools/0547576/mastercraft-20v-mud-mixer-281cbc35-47d7-45e0-a958-ce6994b3d9e8-jpgrendition.jpg?im=whresize&wid=200&hei=200,,0547576,054-7576-0,Il n’en reste que 4 #054-7576-0,Liquidation◊Mieux notés,79.18,"49,96","239,99"
170,"Bowmanville, ON","Four à pizza de table portatif au gaz Vida par PADERNO, 1 brûleur, 12 po","Four à pizza de table portatif au gaz Vida par PADERNO, 1 brûleur, 12 po",169.95,"169,95 $",399.99,"Était±  399,99 $prix était 399,99 $",169.95,"169,95 $",169.95,"169,95 $",true,https://www.canadiantire.ca/fr/pdp/four-a-pizza-de-table-portatif-au-gaz-vida-par-paderno-1-bruleur-12-po-0850001p.html,https://www.canadiantire.ca/fr/pdp/four-a-pizza-de-table-portatif-au-gaz-vida-par-paderno-1-bruleur-12-po-0850001p.html,https://media-www.canadiantire.ca/product/seasonal-gardening/backyard-living/outdoor-cooking/0850001/vida-by-paderno-pizza-oven-c3f6852d-30b5-4ad8-96fe-41ea01ff0eaa-jpgrendition.jpg?im=whresize&wid=200&hei=200,https://media-www.canadiantire.ca/product/seasonal-gardening/backyard-living/outdoor-cooking/0850001/vida-by-paderno-pizza-oven-c3f6852d-30b5-4ad8-96fe-41ea01ff0eaa-jpgrendition.jpg?im=whresize&wid=200&hei=200,,0850001,085-0001-6,Il n’en reste que 4 #085-0001-6,Liquidation◊Exclusivité,57.51,"169,95","399,99"
170,"Bowmanville, ON","Gants de cuisine en silicone à prise antidérapante MASTER Chef, rouge, paq. 2","Gants de cuisine en silicone à prise antidérapante MASTER Chef, rouge, paq. 2",7.93,"7,93 $",17.99,"Était±  17,99 $prix était 17,99 $",7.93,"7,93 $",7.93,"7,93 $",true,https://www.canadiantire.ca/fr/pdp/gants-de-cuisine-en-silicone-a-prise-antiderapante-master-chef-rouge-paq-2-1424819p.html,https://www.canadiantire.ca/fr/pdp/gants-de-cuisine-en-silicone-a-prise-antiderapante-master-chef-rouge-paq-2-1424819p.html,https://media-www.canadiantire.ca/product/living/kitchen/dining-and-entertaining/1424819/masterchef-2-pack-silicone-oven-mitt-b89ae6ab-2ac5-45f8-b10e-5c3836792b55-jpgrendition.jpg?im=whresize&wid=200&hei=200,https://media-www.canadiantire.ca/product/living/kitchen/dining-and-entertaining/1424819/masterchef-2-pack-silicone-oven-mitt-b89ae6ab-2ac5-45f8-b10e-5c3836792b55-jpgrendition.jpg?im=whresize&wid=200&hei=200,,1424819,142-4819-2,Il n’en reste que 3 #142-4819-2,Liquidation◊Articles à succès,55.92,"7,93","17,99"
170,"Bowmanville, ON",Ensemble d'accessoires pour chariot Woods avec support à glacière pliable et filet,Ensemble d'accessoires pour chariot Woods avec support à glacière pliable et filet,19.95,"19,95 $",69.99,"Était±  69,99 $prix était 69,99 $",19.95,"19,95 $",19.95,"19,95 $",true,https://www.canadiantire.ca/fr/pdp/ensemble-d-accessoires-pour-chariot-woods-avec-support-a-glaciere-pliable-et-filet-0766822p.html,https://www.canadiantire.ca/fr/pdp/ensemble-d-accessoires-pour-chariot-woods-avec-support-a-glaciere-pliable-et-filet-0766822p.html,https://media-www.canadiantire.ca/product/playing/camping/camping-furniture/0766822/wds-wagon-acc-kit-e987721d-a395-4f7b-b807-bea9668847cf-jpgrendition.jpg?im=whresize&wid=200&hei=200,https://media-www.canadiantire.ca/product/playing/camping/camping-furniture/0766822/wds-wagon-acc-kit-e987721d-a395-4f7b-b807-bea9668847cf-jpgrendition.jpg?im=whresize&wid=200&hei=200,,0766822,076-6822-8,19 En Stock#076-6822-8,Liquidation◊Mieux notés,71.5,"19,95","69,99"
170,"Bowmanville, ON","Pergola modulaire CANVAS Horizon, extérieur et patio, 10 x 10 pi","Pergola modulaire CANVAS Horizon, extérieur et patio, 10 x 10 pi",599.93,"599,93 $",1199.99,"Était±  1 199,99 $prix était 1 199,99 $",599.93,"599,93 $",599.93,"599,93 $",true,https://www.canadiantire.ca/fr/pdp/pergola-modulaire-canvas-horizon-exterieur-et-patio-10-x-10-pi-1880240p.html,https://www.canadiantire.ca/fr/pdp/pergola-modulaire-canvas-horizon-exterieur-et-patio-10-x-10-pi-1880240p.html,https://media-www.canadiantire.ca/product/seasonal-gardening/backyard-living/outdoor-furniture/1880240/canvas-horizon-10-x-10-modular-pergola-036babcc-70d8-48f1-b1f2-73666688de06-jpgrendition.jpg?im=whresize&wid=200&hei=200,https://media-www.canadiantire.ca/product/seasonal-gardening/backyard-living/outdoor-furniture/1880240/canvas-horizon-10-x-10-modular-pergola-036babcc-70d8-48f1-b1f2-73666688de06-jpgrendition.jpg?im=whresize&wid=200&hei=200,,1880240,188-0240-2,Il n’en reste que 5 #188-0240-2,Liquidation◊Exclusivité,50.01,"599,93","1199,99"
170,"Bowmanville, ON","Meuble de rangement d'angle ouvert à tablette et 9 cubes For Living, blanc","Meuble de rangement d'angle ouvert à tablette et 9 cubes For Living, blanc",59.75,"59,75 $",159.99,"Était±  159,99 $prix était 159,99 $",59.75,"59,75 $",59.75,"59,75 $",true,https://www.canadiantire.ca/fr/pdp/meuble-de-rangement-d-angle-ouvert-a-tablette-et-9-cubes-for-living-blanc-1680221p.html,https://www.canadiantire.ca/fr/pdp/meuble-de-rangement-d-angle-ouvert-a-tablette-et-9-cubes-for-living-blanc-1680221p.html,https://media-www.canadiantire.ca/product/living/home-decor/furniture/1680221/for-living-corner-9-cube-organizer-7b7dc5f9-de00-4529-ab60-96254faa2854-jpgrendition.jpg?im=whresize&wid=200&hei=200,https://media-www.canadiantire.ca/product/living/home-decor/furniture/1680221/for-living-corner-9-cube-organizer-7b7dc5f9-de00-4529-ab60-96254faa2854-jpgrendition.jpg?im=whresize&wid=200&hei=200,,1680221,168-0221-6,,Liquidation◊Exclusivité,62.65,"59,75","159,99"
170,"Bowmanville, ON","Gilet de sauvetage/veste de flottaison de couleur néon pour chiens Petco, avec poignée, orange et bleu","Gilet de sauvetage/veste de flottaison de couleur néon pour chiens Petco, avec poignée, orange et bleu",14.95,"14,95 $",39.99,"39,99 $Était   et+ prix était à partir de 39,99 $",14.95,"14,95 $",14.95,"14,95 $",true,https://www.canadiantire.ca/fr/pdp/gilet-de-sauvetage-veste-de-flottaison-de-couleur-neon-pour-chiens-petco-avec-poignee-orange-et-bleu-1425050p.html,https://www.canadiantire.ca/fr/pdp/gilet-de-sauvetage-veste-de-flottaison-de-couleur-neon-pour-chiens-petco-avec-poignee-orange-et-bleu-1425050p.html,https://media-www.canadiantire.ca/product/living/pet-care/pet-accessories/1425050/petco-orange-and-blue-dog-flotation-vest-x-small-ad3d68cd-adb2-4524-9feb-c9cffd8cfc3c-jpgrendition.jpg?im=whresize&wid=200&hei=200,https://media-www.canadiantire.ca/product/living/pet-care/pet-accessories/1425050/petco-orange-and-blue-dog-flotation-vest-x-small-ad3d68cd-adb2-4524-9feb-c9cffd8cfc3c-jpgrendition.jpg?im=whresize&wid=200&hei=200,,1425050,142-5050,Vérifiez la disponibilité#142-5050X,Liquidation◊Mieux notés,62.62,"14,95","39,99"
170,"Bowmanville, ON","Selle de vélo Raleigh Comfort, gel","Selle de vélo Raleigh Comfort, gel",12.95,"12,95 $",47.99,"Était±  47,99 $prix était 47,99 $",12.95,"12,95 $",12.95,"12,95 $",true,https://www.canadiantire.ca/fr/pdp/selle-de-velo-raleigh-comfort-gel-0733062p.html,https://www.canadiantire.ca/fr/pdp/selle-de-velo-raleigh-comfort-gel-0733062p.html,https://media-www.canadiantire.ca/product/playing/cycling/bicycle-accessories/0733062/raleigh-comfort-gel-saddle-06b0d8b2-671a-4f77-8e18-c52371f07958-jpgrendition.jpg?im=whresize&wid=200&hei=200,https://media-www.canadiantire.ca/product/playing/cycling/bicycle-accessories/0733062/raleigh-comfort-gel-saddle-06b0d8b2-671a-4f77-8e18-c52371f07958-jpgrendition.jpg?im=whresize&wid=200&hei=200,,0733062,073-3062-0,27 En Stock#073-3062-0,Liquidation◊Mieux notés,73.02,"12,95","47,99"
170,"Bowmanville, ON","Système d'attelage pour chien de camping Woods BALSAM-FUR avec corde réfléchissante, sac de rangement et mousqueton, 26,2 pi","Système d'attelage pour chien de camping Woods BALSAM-FUR avec corde réfléchissante, sac de rangement et mousqueton, 26,2 pi",19.95,"19,95 $",59.99,"Était±  59,99 $prix était 59,99 $",19.95,"19,95 $",19.95,"19,95 $",true,https://www.canadiantire.ca/fr/pdp/systeme-d-attelage-pour-chien-de-camping-woods-balsam-fur-avec-corde-reflechissante-sac-de-rangement-et-mousqueton-26-2-pi-0766428p.html,https://www.canadiantire.ca/fr/pdp/systeme-d-attelage-pour-chien-de-camping-woods-balsam-fur-avec-corde-reflechissante-sac-de-rangement-et-mousqueton-26-2-pi-0766428p.html,https://media-www.canadiantire.ca/product/playing/camping/camping-accessories/0766428/woods-balsam-fir-leash-hitch-system-7ceb8dca-bd85-4168-9006-4a582dc9b9c8-jpgrendition.jpg?im=whresize&wid=200&hei=200,https://media-www.canadiantire.ca/product/playing/camping/camping-accessories/0766428/woods-balsam-fir-leash-hitch-system-7ceb8dca-bd85-4168-9006-4a582dc9b9c8-jpgrendition.jpg?im=whresize&wid=200&hei=200,,0766428,076-6428-8,9 En Stock#076-6428-8,Liquidation◊Exclusivité,66.74,"19,95","59,99"
170,"Bowmanville, ON",Marcy MWM-7072 - Cage de musculation multifonction réglable,Marcy MWM-7072 - Cage de musculation multifonction réglable,149.95,"149,95 $",449.99,"Était±  449,99 $prix était 449,99 $",149.95,"149,95 $",149.95,"149,95 $",true,https://www.canadiantire.ca/fr/pdp/marcy-mwm-7072-cage-de-musculation-multifonction-reglable-1841012p.html,https://www.canadiantire.ca/fr/pdp/marcy-mwm-7072-cage-de-musculation-multifonction-reglable-1841012p.html,https://media-www.canadiantire.ca/product/playing/exercise/exercise-equipment/1841012/mwm-7072-cage-66aecb0e-cf9f-4270-b017-ffd878dfbddd-jpgrendition.jpg?im=whresize&wid=200&hei=200,https://media-www.canadiantire.ca/product/playing/exercise/exercise-equipment/1841012/mwm-7072-cage-66aecb0e-cf9f-4270-b017-ffd878dfbddd-jpgrendition.jpg?im=whresize&wid=200&hei=200,,1841012,184-1012-8,11 En Stock#184-1012-8,Liquidation◊Mieux notés,66.68,"149,95","449,99"
170,"Bowmanville, ON","Bottes de travail imperméables en cuir à bouts en composite CSA Stanley pour hommes, 6 po de hauteur, noir","Bottes de travail imperméables en cuir à bouts en composite CSA Stanley pour hommes, 6 po de hauteur, noir",97.93,"97,93 $",209.99,"209,99 $Était   et+ prix était à partir de 209,99 $",97.93,"97,93 $",97.93,"97,93 $",true,https://www.canadiantire.ca/fr/pdp/bottes-de-travail-impermeables-en-cuir-a-bouts-en-composite-csa-stanley-pour-hommes-6-po-de-hauteur-noir-1873347p.html,https://www.canadiantire.ca/fr/pdp/bottes-de-travail-impermeables-en-cuir-a-bouts-en-composite-csa-stanley-pour-hommes-6-po-de-hauteur-noir-1873347p.html,https://media-www.canadiantire.ca/product/playing/footwear-apparel/work-footwear-apparel/1873347/stanley-csa-safety-boot-black-m7-7b483c2b-4d37-4a3c-9c8f-2924f50d9117-jpgrendition.jpg?im=whresize&wid=200&hei=200,https://media-www.canadiantire.ca/product/playing/footwear-apparel/work-footwear-apparel/1873347/stanley-csa-safety-boot-black-m7-7b483c2b-4d37-4a3c-9c8f-2924f50d9117-jpgrendition.jpg?im=whresize&wid=200&hei=200,,1873347,187-3347,Vérifiez la disponibilité#187-3347X,Liquidation◊Exclusivité,53.36,"97,93","209,99"
170,"Bowmanville, ON","Meuble pour téléviseur avec foyer électrique multimédia CANVAS Hanover, 58 po, 1 400 W, télécommande comprise, brun","Meuble pour téléviseur avec foyer électrique multimédia CANVAS Hanover, 58 po, 1 400 W, télécommande comprise, brun",349.9,"349,90 $",699.99,"Était±  699,99 $prix était 699,99 $",349.9,"349,90 $",349.9,"349,90 $",true,https://www.canadiantire.ca/fr/pdp/meuble-pour-televiseur-avec-foyer-electrique-multimedia-canvas-hanover-58-po-1-400-w-telecommande-comprise-brun-0644016p.html,https://www.canadiantire.ca/fr/pdp/meuble-pour-televiseur-avec-foyer-electrique-multimedia-canvas-hanover-58-po-1-400-w-telecommande-comprise-brun-0644016p.html,https://media-www.canadiantire.ca/product/living/home-decor/electric-fireplaces/0644016/58-hanover-media-fireplace-09797aee-7b1b-4dab-a0b5-b7fdd10b96e8-jpgrendition.jpg?im=whresize&wid=200&hei=200,https://media-www.canadiantire.ca/product/living/home-decor/electric-fireplaces/0644016/58-hanover-media-fireplace-09797aee-7b1b-4dab-a0b5-b7fdd10b96e8-jpgrendition.jpg?im=whresize&wid=200&hei=200,,0644016,064-4016-8,9 En Stock#064-4016-8,Liquidation◊Mieux notés,50.01,"349,90","699,99"
170,"Bowmanville, ON",Sac de transport universel pour réchaud de camping Outbound,Sac de transport universel pour réchaud de camping Outbound,14.95,"14,95 $",46.99,"Était±  46,99 $prix était 46,99 $",14.95,"14,95 $",14.95,"14,95 $",true,https://www.canadiantire.ca/fr/pdp/sac-de-transport-universel-pour-rechaud-de-camping-outbound-0766450p.html,https://www.canadiantire.ca/fr/pdp/sac-de-transport-universel-pour-rechaud-de-camping-outbound-0766450p.html,https://media-www.canadiantire.ca/product/playing/camping/tents-shelters/0766435/outbound-beach-umbrella-anchor-7104e527-0195-41b3-aded-f5329cf725d1-jpgrendition.jpg?im=whresize&wid=200&hei=200,https://media-www.canadiantire.ca/product/playing/camping/tents-shelters/0766435/outbound-beach-umbrella-anchor-7104e527-0195-41b3-aded-f5329cf725d1-jpgrendition.jpg?im=whresize&wid=200&hei=200,,0766450,076-6450-2,16 En Stock#076-6450-2,Liquidation◊Mieux notés,68.18,"14,95","46,99"
170,"Bowmanville, ON","Foyer électrique à montage mural Napoleon avec Bluetooth, 50 po, 1 500 W, télécommande comprise, noir","Foyer électrique à montage mural Napoleon avec Bluetooth, 50 po, 1 500 W, télécommande comprise, noir",279.93,"279,93 $",599.99,"Était±  599,99 $prix était 599,99 $",279.93,"279,93 $",279.93,"279,93 $",true,https://www.canadiantire.ca/fr/pdp/foyer-electrique-a-montage-mural-napoleon-avec-bluetooth-50-po-1-500-w-telecommande-comprise-noir-0644019p.html,https://www.canadiantire.ca/fr/pdp/foyer-electrique-a-montage-mural-napoleon-avec-bluetooth-50-po-1-500-w-telecommande-comprise-noir-0644019p.html,https://media-www.canadiantire.ca/product/living/home-decor/electric-fireplaces/0644019/napoleon-50-wall-mount-fireplace-with-bluetooth-7f341207-ab4a-41d0-a2fc-4c086c913816-jpgrendition.jpg?im=whresize&wid=200&hei=200,https://media-www.canadiantire.ca/product/living/home-decor/electric-fireplaces/0644019/napoleon-50-wall-mount-fireplace-with-bluetooth-7f341207-ab4a-41d0-a2fc-4c086c913816-jpgrendition.jpg?im=whresize&wid=200&hei=200,,0644019,064-4019-2,Il n’en reste que 2 #064-4019-2,Liquidation◊,53.34,"279,93","599,99"
170,"Bowmanville, ON","Centre de jeu de cuisine J'Adore avec lumières et sons, 3 ans et +","Centre de jeu de cuisine J'Adore avec lumières et sons, 3 ans et +",124.93,"124,93 $",249.99,"Était±  249,99 $prix était 249,99 $",124.93,"124,93 $",124.93,"124,93 $",true,https://www.canadiantire.ca/fr/pdp/centre-de-jeu-de-cuisine-j-adore-avec-lumieres-et-sons-3-ans-et-1501118p.html,https://www.canadiantire.ca/fr/pdp/centre-de-jeu-de-cuisine-j-adore-avec-lumieres-et-sons-3-ans-et-1501118p.html,https://media-www.canadiantire.ca/product/seasonal-gardening/toys/preschool-toys-activities/1501118/j-adore-deluxe-corner-kitchen-9fc8fee3-c347-4fb0-8f2a-bd4de0056a32-jpgrendition.jpg?im=whresize&wid=200&hei=200,https://media-www.canadiantire.ca/product/seasonal-gardening/toys/preschool-toys-activities/1501118/j-adore-deluxe-corner-kitchen-9fc8fee3-c347-4fb0-8f2a-bd4de0056a32-jpgrendition.jpg?im=whresize&wid=200&hei=200,,1501118,150-1118-8,Il n’en reste que 2 #150-1118-8,Liquidation◊Mieux notés,50.03,"124,93","249,99"
170,"Bowmanville, ON","Luminaire de salle de bain à 3 ampoules avec abat-jour en verre opale CANVAS Winslow, or brossé","Luminaire de salle de bain à 3 ampoules avec abat-jour en verre opale CANVAS Winslow, or brossé",39.95,"39,95 $",134.99,"Était±  134,99 $prix était 134,99 $",39.95,"39,95 $",39.95,"39,95 $",true,https://www.canadiantire.ca/fr/pdp/luminaire-de-salle-de-bain-a-3-ampoules-avec-abat-jour-en-verre-opale-canvas-winslow-or-brosse-1522652p.html,https://www.canadiantire.ca/fr/pdp/luminaire-de-salle-de-bain-a-3-ampoules-avec-abat-jour-en-verre-opale-canvas-winslow-or-brosse-1522652p.html,https://media-www.canadiantire.ca/product/fixing/electrical/lighting/1522652/canvas-winslow-vanity-light-f7cd9005-37f8-468c-b791-18a07f5bea85-jpgrendition.jpg?im=whresize&wid=200&hei=200,https://media-www.canadiantire.ca/product/fixing/electrical/lighting/1522652/canvas-winslow-vanity-light-f7cd9005-37f8-468c-b791-18a07f5bea85-jpgrendition.jpg?im=whresize&wid=200&hei=200,,1522652,152-2652-4,32 En Stock#152-2652-4,Liquidation◊Mieux notés,70.41,"39,95","134,99"
170,"Bowmanville, ON","Machine à café et espresso automatique avec buse à vapeur à lait Smeg, pompe de 19 bars, noir","Machine à café et espresso automatique avec buse à vapeur à lait Smeg, pompe de 19 bars, noir",499.93,"499,93 $",999.99,"Était±  999,99 $prix était 999,99 $",499.93,"499,93 $",499.93,"499,93 $",true,https://www.canadiantire.ca/fr/pdp/machine-a-cafe-et-espresso-automatique-avec-buse-a-vapeur-a-lait-smeg-pompe-de-19-bars-noir-0430368p.html,https://www.canadiantire.ca/fr/pdp/machine-a-cafe-et-espresso-automatique-avec-buse-a-vapeur-a-lait-smeg-pompe-de-19-bars-noir-0430368p.html,https://media-www.canadiantire.ca/product/living/kitchen/kitchen-appliances/0430368/smeg-fully-automatic-espresso-maker-w-milk-wand-57ea23ee-5b49-4f4a-9035-1ccedfae5311-jpgrendition.jpg?im=whresize&wid=200&hei=200,https://media-www.canadiantire.ca/product/living/kitchen/kitchen-appliances/0430368/smeg-fully-automatic-espresso-maker-w-milk-wand-57ea23ee-5b49-4f4a-9035-1ccedfae5311-jpgrendition.jpg?im=whresize&wid=200&hei=200,,0430368,043-0368-4,Il n’en reste que 3 #043-0368-4,Liquidation◊Exclusivité,50.01,"499,93","999,99"
170,"Bowmanville, ON","Panier de basketball d'extérieur fixe Spalding U-TURN, 60 po","Panier de basketball d'extérieur fixe Spalding U-TURN, 60 po",199.95,"199,95 $",999.99,"Était±  999,99 $prix était 999,99 $",199.95,"199,95 $",199.95,"199,95 $",true,https://www.canadiantire.ca/fr/pdp/panier-de-basketball-d-exterieur-fixe-spalding-u-turn-60-po-1840808p.html,https://www.canadiantire.ca/fr/pdp/panier-de-basketball-d-exterieur-fixe-spalding-u-turn-60-po-1840808p.html,https://media-www.canadiantire.ca/product/playing/team-sports-and-golf/sports-equipment-accessories/1840808/spalding-60-glass-in-ground-basketball-system-0694c723-1f02-444a-99e6-83123f28c329-jpgrendition.jpg?im=whresize&wid=200&hei=200,https://media-www.canadiantire.ca/product/playing/team-sports-and-golf/sports-equipment-accessories/1840808/spalding-60-glass-in-ground-basketball-system-0694c723-1f02-444a-99e6-83123f28c329-jpgrendition.jpg?im=whresize&wid=200&hei=200,,1840808,184-0808-2,Il n’en reste que 1 #184-0808-2,Liquidation◊Articles à succès,80,"199,95","999,99"
170,"Bowmanville, ON","Serviettes de cuisine en coton gaufré MASTER Chef, motif à carreaux, 22 x 32 po, choix de couleurs, paq. 5","Serviettes de cuisine en coton gaufré MASTER Chef, motif à carreaux, 22 x 32 po, choix de couleurs, paq. 5",9.93,"9,93 $",19.99,"Était±  19,99 $prix était 19,99 $",9.93,"9,93 $",9.93,"9,93 $",true,https://www.canadiantire.ca/fr/pdp/serviettes-de-cuisine-en-coton-gaufre-master-chef-motif-a-carreaux-22-x-32-po-choix-de-couleurs-paq-5-1422703p.html,https://www.canadiantire.ca/fr/pdp/serviettes-de-cuisine-en-coton-gaufre-master-chef-motif-a-carreaux-22-x-32-po-choix-de-couleurs-paq-5-1422703p.html,https://media-www.canadiantire.ca/product/living/kitchen/dining-and-entertaining/1422703/masterchef-5-pack-kitchen-towel-f792214c-17b8-45de-ab32-6fd9a1e21c54-jpgrendition.jpg?im=whresize&wid=200&hei=200,https://media-www.canadiantire.ca/product/living/kitchen/dining-and-entertaining/1422703/masterchef-5-pack-kitchen-towel-f792214c-17b8-45de-ab32-6fd9a1e21c54-jpgrendition.jpg?im=whresize&wid=200&hei=200,,1422703,142-2703-8,Il n’en reste que 3 #142-2703-8,Liquidation◊Mieux notés,50.33,"9,93","19,99"
170,"Bowmanville, ON","Service de vaisselle en porcelaine CANVAS Quatro pour 8 personnes, blanc, 34 pièces","Service de vaisselle en porcelaine CANVAS Quatro pour 8 personnes, blanc, 34 pièces",79.95,"79,95 $",189.99,"Était±  189,99 $prix était 189,99 $",79.95,"79,95 $",79.95,"79,95 $",true,https://www.canadiantire.ca/fr/pdp/service-de-vaisselle-en-porcelaine-canvas-quatro-pour-8-personnes-blanc-34-pieces-1428191p.html,https://www.canadiantire.ca/fr/pdp/service-de-vaisselle-en-porcelaine-canvas-quatro-pour-8-personnes-blanc-34-pieces-1428191p.html,https://media-www.canadiantire.ca/product/living/kitchen/dining-and-entertaining/1428191/canvas-34-piece-quatro-dinnerware-set-37398927-0e0e-435a-b6ac-8a61c7c8ad5c-jpgrendition.jpg?im=whresize&wid=200&hei=200,https://media-www.canadiantire.ca/product/living/kitchen/dining-and-entertaining/1428191/canvas-34-piece-quatro-dinnerware-set-37398927-0e0e-435a-b6ac-8a61c7c8ad5c-jpgrendition.jpg?im=whresize&wid=200&hei=200,,1428191,142-8191-8,9 En Stock#142-8191-8,Liquidation◊Exclusivité,57.92,"79,95","189,99"
170,"Bowmanville, ON","Serviette de sport de camping Outbound en microfibre compacte et légère avec sac, absorbante et à séchage rapide, 29 x 55 po","Serviette de sport de camping Outbound en microfibre compacte et légère avec sac, absorbante et à séchage rapide, 29 x 55 po",4.95,"4,95 $",17.99,"Était±  17,99 $prix était 17,99 $",4.95,"4,95 $",4.95,"4,95 $",true,https://www.canadiantire.ca/fr/pdp/serviette-de-sport-de-camping-outbound-en-microfibre-compacte-et-legere-avec-sac-absorbante-et-a-sechage-rapide-29-x-55-po-0765766p.html,https://www.canadiantire.ca/fr/pdp/serviette-de-sport-de-camping-outbound-en-microfibre-compacte-et-legere-avec-sac-absorbante-et-a-sechage-rapide-29-x-55-po-0765766p.html,https://media-www.canadiantire.ca/product/playing/camping/camping-accessories/0765766/outbound-micro-fibre-towel-068a58a3-d354-42c1-aa49-33755dd531e8-jpgrendition.jpg?im=whresize&wid=200&hei=200,https://media-www.canadiantire.ca/product/playing/camping/camping-accessories/0765766/outbound-micro-fibre-towel-068a58a3-d354-42c1-aa49-33755dd531e8-jpgrendition.jpg?im=whresize&wid=200&hei=200,,0765766,076-5766-8,22 En Stock#076-5766-8,Liquidation◊Mieux notés,72.48,"4,95","17,99"
170,"Bowmanville, ON",Caméra de tableau de bord myGEKOgear Orbit 951,Caméra de tableau de bord myGEKOgear Orbit 951,99.93,"99,93 $",239.99,"Était±  239,99 $prix était 239,99 $",99.93,"99,93 $",99.93,"99,93 $",true,https://www.canadiantire.ca/fr/pdp/camera-de-tableau-de-bord-mygekogear-orbit-951-0350757p.html,https://www.canadiantire.ca/fr/pdp/camera-de-tableau-de-bord-mygekogear-orbit-951-0350757p.html,https://media-www.canadiantire.ca/product/automotive/electronics/auto-electronics/0350757/orbit-951-dash-camera-d65c6ca4-8e12-4d10-b27f-b6a020a4bd9b-jpgrendition.jpg?im=whresize&wid=200&hei=200,https://media-www.canadiantire.ca/product/automotive/electronics/auto-electronics/0350757/orbit-951-dash-camera-d65c6ca4-8e12-4d10-b27f-b6a020a4bd9b-jpgrendition.jpg?im=whresize&wid=200&hei=200,,0350757,035-0757-8,Il n’en reste que 1 #035-0757-8,Liquidation◊,58.36,"99,93","239,99"
170,"Bowmanville, ON","Portemines à pression Merangue 0,7 mm, avec gomme et mines de rechange, paq. 5","Portemines à pression Merangue 0,7 mm, avec gomme et mines de rechange, paq. 5",1.93,"1,93 $",3.99,"Était±  3,99 $prix était 3,99 $",1.93,"1,93 $",1.93,"1,93 $",true,https://www.canadiantire.ca/fr/pdp/portemines-a-pression-merangue-0-7-mm-avec-gomme-et-mines-de-rechange-paq-5-1428920p.html,https://www.canadiantire.ca/fr/pdp/portemines-a-pression-merangue-0-7-mm-avec-gomme-et-mines-de-rechange-paq-5-1428920p.html,https://media-www.canadiantire.ca/product/seasonal-gardening/toys/home-office-supplies/1428920/5-pack-grip-click-combo-pencil-74c3b6d2-0c0a-4097-9ccd-1514c835ba40-jpgrendition.jpg?im=whresize&wid=200&hei=200,https://media-www.canadiantire.ca/product/seasonal-gardening/toys/home-office-supplies/1428920/5-pack-grip-click-combo-pencil-74c3b6d2-0c0a-4097-9ccd-1514c835ba40-jpgrendition.jpg?im=whresize&wid=200&hei=200,,1428920,142-8920-4,Il n’en reste que 1 #142-8920-4,Liquidation◊Mieux notés,51.63,"1,93","3,99"
170,"Bowmanville, ON","Chaise longue empilable For Living, bleu","Chaise longue empilable For Living, bleu",29.95,"29,95 $",79.99,"Était±  79,99 $prix était 79,99 $",29.95,"29,95 $",29.95,"29,95 $",true,https://www.canadiantire.ca/fr/pdp/chaise-longue-empilable-for-living-bleu-1881311p.html,https://www.canadiantire.ca/fr/pdp/chaise-longue-empilable-for-living-bleu-1881311p.html,https://media-www.canadiantire.ca/product/seasonal-gardening/backyard-living/outdoor-furniture/1881311/for-living-stacking-lounge-chair-blue-ffdc524a-12aa-4b4a-9bd0-c3d4eb89e7dd-jpgrendition.jpg?im=whresize&wid=200&hei=200,https://media-www.canadiantire.ca/product/seasonal-gardening/backyard-living/outdoor-furniture/1881311/for-living-stacking-lounge-chair-blue-ffdc524a-12aa-4b4a-9bd0-c3d4eb89e7dd-jpgrendition.jpg?im=whresize&wid=200&hei=200,,1881311,188-1311-8,32 En Stock#188-1311-8,Liquidation◊Exclusivité,62.56,"29,95","79,99"
170,"Bowmanville, ON","Filtre à eau/douche de camping Woods, 20 L, gris","Filtre à eau/douche de camping Woods, 20 L, gris",44.93,"44,93 $",89.99,"Était±  89,99 $prix était 89,99 $",44.93,"44,93 $",44.93,"44,93 $",true,https://www.canadiantire.ca/fr/pdp/filtre-a-eau-douche-de-camping-woods-20-l-gris-0765991p.html,https://www.canadiantire.ca/fr/pdp/filtre-a-eau-douche-de-camping-woods-20-l-gris-0765991p.html,https://media-www.canadiantire.ca/product/playing/camping/hydration-coolers/0765991/woods-water-filter-camp-shower-combo-8f701d62-642d-43c6-95a3-8630b18cb9c6-jpgrendition.jpg?im=whresize&wid=200&hei=200,https://media-www.canadiantire.ca/product/playing/camping/hydration-coolers/0765991/woods-water-filter-camp-shower-combo-8f701d62-642d-43c6-95a3-8630b18cb9c6-jpgrendition.jpg?im=whresize&wid=200&hei=200,,0765991,076-5991-0,Il n’en reste que 1 #076-5991-0,Liquidation◊Exclusivité,50.07,"44,93","89,99"
170,"Bowmanville, ON","Lampe de travail COB Motomaster, pile sèche","Lampe de travail COB Motomaster, pile sèche",6.93,"6,93 $",22.99,"Était±  22,99 $prix était 22,99 $",6.93,"6,93 $",6.93,"6,93 $",true,https://www.canadiantire.ca/fr/pdp/lampe-de-travail-cob-motomaster-pile-seche-0378076p.html,https://www.canadiantire.ca/fr/pdp/lampe-de-travail-cob-motomaster-pile-seche-0378076p.html,https://media-www.canadiantire.ca/product/automotive/car-care-accessories/auto-accessories/0378076/motomaster-cob-dry-battery-worklight-79121987-169f-468e-ac18-5d54166c93e6-jpgrendition.jpg?im=whresize&wid=200&hei=200,https://media-www.canadiantire.ca/product/automotive/car-care-accessories/auto-accessories/0378076/motomaster-cob-dry-battery-worklight-79121987-169f-468e-ac18-5d54166c93e6-jpgrendition.jpg?im=whresize&wid=200&hei=200,,0378076,037-8076-6,8 En Stock#037-8076-6,Liquidation◊Exclusivité,69.86,"6,93","22,99"
170,"Bowmanville, ON","Boîtier à blocage de signal AutoTrends RFID, grand","Boîtier à blocage de signal AutoTrends RFID, grand",12.95,"12,95 $",34.99,"Était±  34,99 $prix était 34,99 $",12.95,"12,95 $",12.95,"12,95 $",true,https://www.canadiantire.ca/fr/pdp/boitier-a-blocage-de-signal-autotrends-rfid-grand-0379851p.html,https://www.canadiantire.ca/fr/pdp/boitier-a-blocage-de-signal-autotrends-rfid-grand-0379851p.html,https://media-www.canadiantire.ca/product/automotive/car-care-accessories/auto-accessories/0379851/rfid-signal-blocking-box-large-e22fbcf5-fa89-47c7-82b4-dab723e0f15c-jpgrendition.jpg?im=whresize&wid=200&hei=200,https://media-www.canadiantire.ca/product/automotive/car-care-accessories/auto-accessories/0379851/rfid-signal-blocking-box-large-e22fbcf5-fa89-47c7-82b4-dab723e0f15c-jpgrendition.jpg?im=whresize&wid=200&hei=200,,0379851,037-9851-4,Il n’en reste que 6 #037-9851-4,Liquidation◊Exclusivité,62.99,"12,95","34,99"
170,"Bowmanville, ON","Caméra de sentier/de faune Stealth Cam Revolver 360 degrés, jusqu'à 36 Mpx","Caméra de sentier/de faune Stealth Cam Revolver 360 degrés, jusqu'à 36 Mpx",89.95,"89,95 $",249.99,"Était±  249,99 $prix était 249,99 $",89.95,"89,95 $",89.95,"89,95 $",true,https://www.canadiantire.ca/fr/pdp/camera-de-sentier-de-faune-stealth-cam-revolver-360-degres-jusqu-a-36-mpx-3751790p.html,https://www.canadiantire.ca/fr/pdp/camera-de-sentier-de-faune-stealth-cam-revolver-360-degres-jusqu-a-36-mpx-3751790p.html,https://media-www.canadiantire.ca/product/playing/hunting/hunting-equipment/3751790/stealth-cam-revolver-360-degree-trail-camera-22b4a3f0-95dd-4316-8eae-f9e7606f091e-jpgrendition.jpg?im=whresize&wid=200&hei=200,https://media-www.canadiantire.ca/product/playing/hunting/hunting-equipment/3751790/stealth-cam-revolver-360-degree-trail-camera-22b4a3f0-95dd-4316-8eae-f9e7606f091e-jpgrendition.jpg?im=whresize&wid=200&hei=200,,3751790,375-1790-0,Il n’en reste que 2 #375-1790-0,Liquidation◊,64.02,"89,95","249,99"
170,"Bowmanville, ON","Machine à espresso avec mousseur à lait Paderno, pompe de 20 bars, noir, 12 tasses","Machine à espresso avec mousseur à lait Paderno, pompe de 20 bars, noir, 12 tasses",149.95,"149,95 $",299.99,"Était±  299,99 $prix était 299,99 $",149.95,"149,95 $",149.95,"149,95 $",true,https://www.canadiantire.ca/fr/pdp/machine-a-espresso-avec-mousseur-a-lait-paderno-pompe-de-20-bars-noir-12-tasses-0430185p.html,https://www.canadiantire.ca/fr/pdp/machine-a-espresso-avec-mousseur-a-lait-paderno-pompe-de-20-bars-noir-12-tasses-0430185p.html,https://media-www.canadiantire.ca/product/living/kitchen/kitchen-appliances/0430185/paderno-espresso-maker-69c2b380-df38-4631-8bbf-d7ee5ee86e20-jpgrendition.jpg?im=whresize&wid=200&hei=200,https://media-www.canadiantire.ca/product/living/kitchen/kitchen-appliances/0430185/paderno-espresso-maker-69c2b380-df38-4631-8bbf-d7ee5ee86e20-jpgrendition.jpg?im=whresize&wid=200&hei=200,,0430185,043-0185-8,Il n’en reste que 3 #043-0185-8,Liquidation◊Mieux notés,50.02,"149,95","299,99"
170,"Bowmanville, ON","Pantalon Huntshield Sutton No Fly Zone, hommes, gris","Pantalon Huntshield Sutton No Fly Zone, hommes, gris",29.93,"29,93 $",69.99,"69,99 $Était   et+ prix était à partir de 69,99 $",29.93,"29,93 $",29.93,"29,93 $",true,https://www.canadiantire.ca/fr/pdp/pantalon-huntshield-sutton-no-fly-zone-hommes-gris-3751415p.html,https://www.canadiantire.ca/fr/pdp/pantalon-huntshield-sutton-no-fly-zone-hommes-gris-3751415p.html,https://media-www.canadiantire.ca/product/playing/hunting/hunting-apparel-footwear/3751415/mens-sutton-no-fly-zone-pants-m-grey-d6d714cf-1a68-4dfd-a8d1-674b83deb7b6-jpgrendition.jpg?im=whresize&wid=200&hei=200,https://media-www.canadiantire.ca/product/playing/hunting/hunting-apparel-footwear/3751415/mens-sutton-no-fly-zone-pants-m-grey-d6d714cf-1a68-4dfd-a8d1-674b83deb7b6-jpgrendition.jpg?im=whresize&wid=200&hei=200,,3751415,375-1415,Vérifiez la disponibilité#375-1415X,Liquidation◊Mieux notés,57.24,"29,93","69,99"
170,"Bowmanville, ON","Détecteur de montants de base à DEL Mastercraft, 3/4 po","Détecteur de montants de base à DEL Mastercraft, 3/4 po",9.93,"9,93 $",19.99,"Était±  19,99 $prix était 19,99 $",9.93,"9,93 $",9.93,"9,93 $",true,https://www.canadiantire.ca/fr/pdp/detecteur-de-montants-de-base-a-del-mastercraft-3-4-po-0574657p.html,https://www.canadiantire.ca/fr/pdp/detecteur-de-montants-de-base-a-del-mastercraft-3-4-po-0574657p.html,https://media-www.canadiantire.ca/product/fixing/tools/cutting-measuring/0574657/mastercraft-basic-stud-finder-64e0c55e-9e7f-435f-a8a8-a053de98684d-jpgrendition.jpg?im=whresize&wid=200&hei=200,https://media-www.canadiantire.ca/product/fixing/tools/cutting-measuring/0574657/mastercraft-basic-stud-finder-64e0c55e-9e7f-435f-a8a8-a053de98684d-jpgrendition.jpg?im=whresize&wid=200&hei=200,,0574657,057-4657-0,Il n’en reste que 5 #057-4657-0,Liquidation◊Exclusivité,50.33,"9,93","19,99"
170,"Bowmanville, ON","Luminaire de salle de bain à 2 ampoules avec abat-jour en verre transparent CANVAS Owen, doré brossé","Luminaire de salle de bain à 2 ampoules avec abat-jour en verre transparent CANVAS Owen, doré brossé",69.93,"69,93 $",139.99,"Était±  139,99 $prix était 139,99 $",69.93,"69,93 $",69.93,"69,93 $",true,https://www.canadiantire.ca/fr/pdp/luminaire-de-salle-de-bain-a-2-ampoules-avec-abat-jour-en-verre-transparent-canvas-owen-dore-brosse-1522644p.html,https://www.canadiantire.ca/fr/pdp/luminaire-de-salle-de-bain-a-2-ampoules-avec-abat-jour-en-verre-transparent-canvas-owen-dore-brosse-1522644p.html,https://media-www.canadiantire.ca/product/fixing/electrical/lighting/1522644/canvas-2-light-vanity-light-c1cbe8be-45c7-4424-857a-5feec8d8f37c-jpgrendition.jpg?im=whresize&wid=200&hei=200,https://media-www.canadiantire.ca/product/fixing/electrical/lighting/1522644/canvas-2-light-vanity-light-c1cbe8be-45c7-4424-857a-5feec8d8f37c-jpgrendition.jpg?im=whresize&wid=200&hei=200,,1522644,152-2644-4,Il n’en reste que 1 #152-2644-4,Liquidation◊Mieux notés,50.05,"69,93","139,99"
170,"Bowmanville, ON","Scie circulaire sans balais MAXIMUM, 40 V (7 1/4)","Scie circulaire sans balais MAXIMUM, 40 V (7 1/4)",139.95,"139,95 $",399.99,"Était±  399,99 $prix était 399,99 $",139.95,"139,95 $",139.95,"139,95 $",true,https://www.canadiantire.ca/fr/pdp/scie-circulaire-sans-balais-maximum-40-v-7-1-4-0548800p.html,https://www.canadiantire.ca/fr/pdp/scie-circulaire-sans-balais-maximum-40-v-7-1-4-0548800p.html,https://media-www.canadiantire.ca/product/fixing/tools/portable-power-tools/0548800/mx-40v-bl-circular-saw-7-1-4--a2aaaaef-3c45-41d8-9b9a-289eccaa5377-jpgrendition.jpg?im=whresize&wid=200&hei=200,https://media-www.canadiantire.ca/product/fixing/tools/portable-power-tools/0548800/mx-40v-bl-circular-saw-7-1-4--a2aaaaef-3c45-41d8-9b9a-289eccaa5377-jpgrendition.jpg?im=whresize&wid=200&hei=200,,0548800,054-8800-0,Il n’en reste que 2 #054-8800-0,Liquidation◊Mieux notés,65.01,"139,95","399,99"
170,"Bowmanville, ON","Miroir mural rond CANVAS Devon, noir, 30 po","Miroir mural rond CANVAS Devon, noir, 30 po",49.95,"49,95 $",129.99,"Était±  129,99 $prix était 129,99 $",49.95,"49,95 $",49.95,"49,95 $",true,https://www.canadiantire.ca/fr/pdp/miroir-mural-rond-canvas-devon-noir-30-po-0681700p.html,https://www.canadiantire.ca/fr/pdp/miroir-mural-rond-canvas-devon-noir-30-po-0681700p.html,https://media-www.canadiantire.ca/product/living/home-decor/decor-accents/0681700/canvas-30-devon-black-round-mirror-76a0f163-c706-4617-98c0-488071843d7a-jpgrendition.jpg?im=whresize&wid=200&hei=200,https://media-www.canadiantire.ca/product/living/home-decor/decor-accents/0681700/canvas-30-devon-black-round-mirror-76a0f163-c706-4617-98c0-488071843d7a-jpgrendition.jpg?im=whresize&wid=200&hei=200,,0681700,068-1700-8,22 En Stock#068-1700-8,Liquidation◊Mieux notés,61.57,"49,95","129,99"
170,"Bowmanville, ON","Contenant à aliments isolant souple Outbound avec glacière, capacité de 24 canettes, 30 L, noir","Contenant à aliments isolant souple Outbound avec glacière, capacité de 24 canettes, 30 L, noir",19.95,"19,95 $",49.99,"Était±  49,99 $prix était 49,99 $",19.95,"19,95 $",19.95,"19,95 $",true,https://www.canadiantire.ca/fr/pdp/contenant-a-aliments-isolant-souple-outbound-avec-glaciere-capacite-de-24-canettes-30-l-noir-0853727p.html,https://www.canadiantire.ca/fr/pdp/contenant-a-aliments-isolant-souple-outbound-avec-glaciere-capacite-de-24-canettes-30-l-noir-0853727p.html,https://media-www.canadiantire.ca/product/playing/camping/hydration-coolers/0853727/outbound-soft-cooler-with-thermos-24-can-b8f9f166-5d21-480d-97cd-ea4acbca9e6d-jpgrendition.jpg?im=whresize&wid=200&hei=200,https://media-www.canadiantire.ca/product/playing/camping/hydration-coolers/0853727/outbound-soft-cooler-with-thermos-24-can-b8f9f166-5d21-480d-97cd-ea4acbca9e6d-jpgrendition.jpg?im=whresize&wid=200&hei=200,,0853727,085-3727-2,26 En Stock#085-3727-2,Liquidation◊Mieux notés,60.09,"19,95","49,99"
170,"Bowmanville, ON","Peinture d'intérieur et d'extérieur en aérosol Rust-Oleum, fini métallique, résistant aux intempéries, 312 g","Peinture d'intérieur et d'extérieur en aérosol Rust-Oleum, fini métallique, résistant aux intempéries, 312 g",9.95,"9,95 $",21.99,"21,99 $Était   et+ prix était à partir de 21,99 $",9.95,"9,95 $",9.95,"9,95 $",true,https://www.canadiantire.ca/fr/pdp/peinture-d-interieur-et-d-exterieur-en-aerosol-rust-oleum-fini-metallique-resistant-aux-intemperies-312-g-0482391p.html,https://www.canadiantire.ca/fr/pdp/peinture-d-interieur-et-d-exterieur-en-aerosol-rust-oleum-fini-metallique-resistant-aux-intemperies-312-g-0482391p.html,https://media-www.canadiantire.ca/product/fixing/paint/paints/0482392/metallic-finish-antique-brass-312g-02dae10d-04f5-4b9e-8d7a-243567e5ab56-jpgrendition.jpg?im=whresize&wid=200&hei=200,https://media-www.canadiantire.ca/product/fixing/paint/paints/0482392/metallic-finish-antique-brass-312g-02dae10d-04f5-4b9e-8d7a-243567e5ab56-jpgrendition.jpg?im=whresize&wid=200&hei=200,,0482391,048-2391,Vérifiez la disponibilité#048-2391X,Liquidation◊Mieux notés,54.75,"9,95","21,99"
170,"Bowmanville, ON","Aspirateur-shampouineuse compact Simoniz PWR POD pour traitement localisé des tapis et tissus, outil seulement","Aspirateur-shampouineuse compact Simoniz PWR POD pour traitement localisé des tapis et tissus, outil seulement",39.95,"39,95 $",129.99,"Était±  129,99 $prix était 129,99 $",39.95,"39,95 $",39.95,"39,95 $",true,https://www.canadiantire.ca/fr/pdp/aspirateur-shampouineuse-compact-simoniz-pwr-pod-pour-traitement-localise-des-tapis-et-tissus-outil-seulement-0398251p.html,https://www.canadiantire.ca/fr/pdp/aspirateur-shampouineuse-compact-simoniz-pwr-pod-pour-traitement-localise-des-tapis-et-tissus-outil-seulement-0398251p.html,https://media-www.canadiantire.ca/product/automotive/car-care-accessories/auto-cleaning-tools/0398251/simoniz-pwr-pod-spot-cleaner-b3cd04e3-64cb-4fa9-b749-9ef34bbf2e9d-jpgrendition.jpg?im=whresize&wid=200&hei=200,https://media-www.canadiantire.ca/product/automotive/car-care-accessories/auto-cleaning-tools/0398251/simoniz-pwr-pod-spot-cleaner-b3cd04e3-64cb-4fa9-b749-9ef34bbf2e9d-jpgrendition.jpg?im=whresize&wid=200&hei=200,,0398251,039-8251-4,14 En Stock#039-8251-4,Liquidation◊Exclusivité,69.27,"39,95","129,99"
170,"Bowmanville, ON","Sac à dos résistant à l’eau léger Woods Chilkoot pour randonnée/camping/voyage, 40 l","Sac à dos résistant à l’eau léger Woods Chilkoot pour randonnée/camping/voyage, 40 l",49.95,"49,95 $",139.99,"Était±  139,99 $prix était 139,99 $",49.95,"49,95 $",49.95,"49,95 $",true,https://www.canadiantire.ca/fr/pdp/sac-a-dos-resistant-a-l-eau-leger-woods-chilkoot-pour-randonnee-camping-voyage-40-l-0766178p.html,https://www.canadiantire.ca/fr/pdp/sac-a-dos-resistant-a-l-eau-leger-woods-chilkoot-pour-randonnee-camping-voyage-40-l-0766178p.html,https://media-www.canadiantire.ca/product/playing/camping/backpacks-luggage-accessories/0766178/woods-chilkoot-40l-591d1df4-4ef6-4546-88c9-f7d47662ef0a-jpgrendition.jpg?im=whresize&wid=200&hei=200,https://media-www.canadiantire.ca/product/playing/camping/backpacks-luggage-accessories/0766178/woods-chilkoot-40l-591d1df4-4ef6-4546-88c9-f7d47662ef0a-jpgrendition.jpg?im=whresize&wid=200&hei=200,,0766178,076-6178-2,12 En Stock#076-6178-2,Liquidation◊Mieux notés,64.32,"49,95","139,99"
170,"Bowmanville, ON",Fauteuil de bureau personnalisable For Living,Fauteuil de bureau personnalisable For Living,199.93,"199,93 $",399.99,"Était±  399,99 $prix était 399,99 $",199.93,"199,93 $",199.93,"199,93 $",true,https://www.canadiantire.ca/fr/pdp/fauteuil-de-bureau-personnalisable-for-living-1680183p.html,https://www.canadiantire.ca/fr/pdp/fauteuil-de-bureau-personnalisable-for-living-1680183p.html,https://media-www.canadiantire.ca/product/living/home-decor/furniture/1680183/for-living-customizable-office-chair-90561d36-5424-4fd4-98ad-503f0c1d7e9e-jpgrendition.jpg?im=whresize&wid=200&hei=200,https://media-www.canadiantire.ca/product/living/home-decor/furniture/1680183/for-living-customizable-office-chair-90561d36-5424-4fd4-98ad-503f0c1d7e9e-jpgrendition.jpg?im=whresize&wid=200&hei=200,,1680183,168-0183-6,Il n’en reste que 1 #168-0183-6,Liquidation◊Mieux notés,50.02,"199,93","399,99"
170,"Bowmanville, ON","Glacière biodégradable recyclable Brrr Box, 15 L, blanc","Glacière biodégradable recyclable Brrr Box, 15 L, blanc",7.93,"7,93 $",17.99,"Était±  17,99 $prix était 17,99 $",7.93,"7,93 $",7.93,"7,93 $",true,https://www.canadiantire.ca/fr/pdp/glaciere-biodegradable-recyclable-brrr-box-15-l-blanc-0854309p.html,https://www.canadiantire.ca/fr/pdp/glaciere-biodegradable-recyclable-brrr-box-15-l-blanc-0854309p.html,https://media-www.canadiantire.ca/product/playing/camping/hydration-coolers/0854309/brrr-box-9570bd0e-cc8e-4cdf-9c52-4985a0c809f0-jpgrendition.jpg?im=whresize&wid=200&hei=200,https://media-www.canadiantire.ca/product/playing/camping/hydration-coolers/0854309/brrr-box-9570bd0e-cc8e-4cdf-9c52-4985a0c809f0-jpgrendition.jpg?im=whresize&wid=200&hei=200,,0854309,085-4309-2,26 En Stock#085-4309-2,Liquidation◊Mieux notés,55.92,"7,93","17,99"
170,"Bowmanville, ON","Verre à boisson haut incassable CANVAS, transparent, 21,3 oz","Verre à boisson haut incassable CANVAS, transparent, 21,3 oz",3.93,"3,93 $",8.99,"Était±  8,99 $prix était 8,99 $",3.93,"3,93 $",3.93,"3,93 $",true,https://www.canadiantire.ca/fr/pdp/verre-a-boisson-haut-incassable-canvas-transparent-21-3-oz-1592105p.html,https://www.canadiantire.ca/fr/pdp/verre-a-boisson-haut-incassable-canvas-transparent-21-3-oz-1592105p.html,https://media-www.canadiantire.ca/product/seasonal-gardening/backyard-living/outdoor-living-accessories/1592105/canvas-clear-shatterproof-glass-885afbd7-a71b-4145-82d7-bef8cfee69b9-jpgrendition.jpg?im=whresize&wid=200&hei=200,https://media-www.canadiantire.ca/product/seasonal-gardening/backyard-living/outdoor-living-accessories/1592105/canvas-clear-shatterproof-glass-885afbd7-a71b-4145-82d7-bef8cfee69b9-jpgrendition.jpg?im=whresize&wid=200&hei=200,,1592105,159-2105-4,Il n’en reste que 2 #159-2105-4,Liquidation◊Exclusivité,56.28,"3,93","8,99"
170,"Bowmanville, ON","Décoration de jardin For Living, maison de gnomes enchantée","Décoration de jardin For Living, maison de gnomes enchantée",14.75,"14,75 $",37.99,"Était±  37,99 $prix était 37,99 $",14.75,"14,75 $",14.75,"14,75 $",true,https://www.canadiantire.ca/fr/pdp/decoration-de-jardin-for-living-maison-de-gnomes-enchantee-0597870p.html,https://www.canadiantire.ca/fr/pdp/decoration-de-jardin-for-living-maison-de-gnomes-enchantee-0597870p.html,https://media-www.canadiantire.ca/product/seasonal-gardening/backyard-living/outdoor-living-accessories/0597870/for-living-enchanted-gnome-cabin-kit-05083210-f13f-41f8-b2b1-c7d784eb461e-jpgrendition.jpg?im=whresize&wid=200&hei=200,https://media-www.canadiantire.ca/product/seasonal-gardening/backyard-living/outdoor-living-accessories/0597870/for-living-enchanted-gnome-cabin-kit-05083210-f13f-41f8-b2b1-c7d784eb461e-jpgrendition.jpg?im=whresize&wid=200&hei=200,,0597870,059-7870-8,10 En Stock#059-7870-8,Liquidation◊Mieux notés,61.17,"14,75","37,99"
170,"Bowmanville, ON",Nettoyeur de taches portatif NOMA,Nettoyeur de taches portatif NOMA,59.95,"59,95 $",199.99,"Était±  199,99 $prix était 199,99 $",59.95,"59,95 $",59.95,"59,95 $",true,https://www.canadiantire.ca/fr/pdp/nettoyeur-de-taches-portatif-noma-0437128p.html,https://www.canadiantire.ca/fr/pdp/nettoyeur-de-taches-portatif-noma-0437128p.html,https://media-www.canadiantire.ca/product/living/cleaning/vacuums-and-floorcare/0437128/noma-portable-spot-cleaner-34cbe184-8100-4bdb-a118-b9abf4e800c7-jpgrendition.jpg?im=whresize&wid=200&hei=200,https://media-www.canadiantire.ca/product/living/cleaning/vacuums-and-floorcare/0437128/noma-portable-spot-cleaner-34cbe184-8100-4bdb-a118-b9abf4e800c7-jpgrendition.jpg?im=whresize&wid=200&hei=200,,0437128,043-7128-4,12 En Stock#043-7128-4,Liquidation◊Mieux notés,70.02,"59,95","199,99"
170,"Bowmanville, ON","Statue d'abeille décorative à énergie solaire pour l'extérieur For Living, 7 po","Statue d'abeille décorative à énergie solaire pour l'extérieur For Living, 7 po",17.95,"17,95 $",35.99,"Était±  35,99 $prix était 35,99 $",17.95,"17,95 $",17.95,"17,95 $",true,https://www.canadiantire.ca/fr/pdp/statue-d-abeille-decorative-a-energie-solaire-pour-l-exterieur-for-living-7-po-1590037p.html,https://www.canadiantire.ca/fr/pdp/statue-d-abeille-decorative-a-energie-solaire-pour-l-exterieur-for-living-7-po-1590037p.html,https://media-www.canadiantire.ca/product/seasonal-gardening/backyard-living/outdoor-living-accessories/1590037/for-living-honey-bee-house-0a9ccb95-33fd-414c-8e30-2889fee38f62-jpgrendition.jpg?im=whresize&wid=200&hei=200,https://media-www.canadiantire.ca/product/seasonal-gardening/backyard-living/outdoor-living-accessories/1590037/for-living-honey-bee-house-0a9ccb95-33fd-414c-8e30-2889fee38f62-jpgrendition.jpg?im=whresize&wid=200&hei=200,,1590037,159-0037-8,Il n’en reste que 6 #159-0037-8,Liquidation◊Exclusivité,50.13,"17,95","35,99"
170,"Bowmanville, ON","Vase en verre CANVAS, fougère","Vase en verre CANVAS, fougère",19.93,"19,93 $",39.99,"Était±  39,99 $prix était 39,99 $",19.93,"19,93 $",19.93,"19,93 $",true,https://www.canadiantire.ca/fr/pdp/vase-en-verre-canvas-fougere-1592477p.html,https://www.canadiantire.ca/fr/pdp/vase-en-verre-canvas-fougere-1592477p.html,https://media-www.canadiantire.ca/product/seasonal-gardening/backyard-living/outdoor-living-accessories/1592477/canvas-fern-glass-vase-58e079e7-6ef4-46dc-a22d-6b38082e7b8f-jpgrendition.jpg?im=whresize&wid=200&hei=200,https://media-www.canadiantire.ca/product/seasonal-gardening/backyard-living/outdoor-living-accessories/1592477/canvas-fern-glass-vase-58e079e7-6ef4-46dc-a22d-6b38082e7b8f-jpgrendition.jpg?im=whresize&wid=200&hei=200,,1592477,159-2477-8,Il n’en reste que 5 #159-2477-8,Liquidation◊Exclusivité,50.16,"19,93","39,99"
170,"Bowmanville, ON","Revêtement antidérapant DAP Tank Bond Liquid Grip pour fixations, vis et boulons, 6 mL","Revêtement antidérapant DAP Tank Bond Liquid Grip pour fixations, vis et boulons, 6 mL",2.95,"2,95 $",13.99,"Était±  13,99 $prix était 13,99 $",2.95,"2,95 $",2.95,"2,95 $",true,https://www.canadiantire.ca/fr/pdp/revetement-antiderapant-dap-tank-bond-liquid-grip-pour-fixations-vis-et-boulons-6-ml-0670057p.html,https://www.canadiantire.ca/fr/pdp/revetement-antiderapant-dap-tank-bond-liquid-grip-pour-fixations-vis-et-boulons-6-ml-0670057p.html,https://media-www.canadiantire.ca/product/fixing/paint/surface-prep-maintenance/0670057/dap-tank-bond-liquid-grip-74962919-e563-41c7-a786-f07ef6736345-jpgrendition.jpg?im=whresize&wid=200&hei=200,https://media-www.canadiantire.ca/product/fixing/paint/surface-prep-maintenance/0670057/dap-tank-bond-liquid-grip-74962919-e563-41c7-a786-f07ef6736345-jpgrendition.jpg?im=whresize&wid=200&hei=200,,0670057,067-0057-8,16 En Stock#067-0057-8,Liquidation◊,78.91,"2,95","13,99"
170,"Bowmanville, ON","Engrais à pelouse et jardin à l'azote longue durée ProLong, 30-0-3, 6 kg","Engrais à pelouse et jardin à l'azote longue durée ProLong, 30-0-3, 6 kg",9.95,"9,95 $",19.99,"Était±  19,99 $prix était 19,99 $",9.95,"9,95 $",9.95,"9,95 $",true,https://www.canadiantire.ca/fr/pdp/engrais-a-pelouse-et-jardin-a-l-azote-longue-duree-prolong-30-0-3-6-kg-1592025p.html,https://www.canadiantire.ca/fr/pdp/engrais-a-pelouse-et-jardin-a-l-azote-longue-duree-prolong-30-0-3-6-kg-1592025p.html,https://media-www.canadiantire.ca/product/seasonal-gardening/gardening/lawn-plant-care/1592025/prolong-lawn-fertilizer-30-0-3-39cab010-9f71-458d-99d0-507472428172-jpgrendition.jpg?im=whresize&wid=200&hei=200,https://media-www.canadiantire.ca/product/seasonal-gardening/gardening/lawn-plant-care/1592025/prolong-lawn-fertilizer-30-0-3-39cab010-9f71-458d-99d0-507472428172-jpgrendition.jpg?im=whresize&wid=200&hei=200,,1592025,159-2025-4,Il n’en reste que 2 #159-2025-4,Liquidation◊,50.23,"9,95","19,99"
170,"Bowmanville, ON","Barre pour porte à 4 crochets Peerless Devoe, acier, argent","Barre pour porte à 4 crochets Peerless Devoe, acier, argent",9.93,"9,93 $",19.99,"Était±  19,99 $prix était 19,99 $",9.93,"9,93 $",9.93,"9,93 $",true,https://www.canadiantire.ca/fr/pdp/barre-pour-porte-a-4-crochets-peerless-devoe-acier-argent-0465612p.html,https://www.canadiantire.ca/fr/pdp/barre-pour-porte-a-4-crochets-peerless-devoe-acier-argent-0465612p.html,https://media-www.canadiantire.ca/product/living/home-decor/decor-accents/0465612/peerless-devoe-over-the-door-rail-with-4-double-hooks-4097e20e-7f0d-434c-bb47-46523c53d45f-jpgrendition.jpg?im=whresize&wid=200&hei=200,https://media-www.canadiantire.ca/product/living/home-decor/decor-accents/0465612/peerless-devoe-over-the-door-rail-with-4-double-hooks-4097e20e-7f0d-434c-bb47-46523c53d45f-jpgrendition.jpg?im=whresize&wid=200&hei=200,,0465612,046-5612-6,Il n’en reste que 1 #046-5612-6,Liquidation◊Mieux notés,50.33,"9,93","19,99"
170,"Bowmanville, ON","Jardinière roulante avec étagère 3M EverBloom, 36 po","Jardinière roulante avec étagère 3M EverBloom, 36 po",89.95,"89,95 $",179.99,"Était±  179,99 $prix était 179,99 $",89.95,"89,95 $",89.95,"89,95 $",true,https://www.canadiantire.ca/fr/pdp/jardiniere-roulante-avec-etagere-3m-everbloom-36-po-1592297p.html,https://www.canadiantire.ca/fr/pdp/jardiniere-roulante-avec-etagere-3m-everbloom-36-po-1592297p.html,https://media-www.canadiantire.ca/product/seasonal-gardening/gardening/gardening-plant-accessories/1592297/everbloom-rolling-garden-planter-with-shelf-4c9c8106-49f0-430e-a103-48119ccb674c-jpgrendition.jpg?im=whresize&wid=200&hei=200,https://media-www.canadiantire.ca/product/seasonal-gardening/gardening/gardening-plant-accessories/1592297/everbloom-rolling-garden-planter-with-shelf-4c9c8106-49f0-430e-a103-48119ccb674c-jpgrendition.jpg?im=whresize&wid=200&hei=200,,1592297,159-2297-6,Il n’en reste que 4 #159-2297-6,Liquidation◊Exclusivité,50.03,"89,95","179,99"
170,"Bowmanville, ON","Pneu de vélo de ville avant et arrière Kenda K193, noir, 700 x 25C","Pneu de vélo de ville avant et arrière Kenda K193, noir, 700 x 25C",17.93,"17,93 $",47.99,"Était±  47,99 $prix était 47,99 $",17.93,"17,93 $",17.93,"17,93 $",true,https://www.canadiantire.ca/fr/pdp/pneu-de-velo-de-ville-avant-et-arriere-kenda-k193-noir-700-x-25c-0737356p.html,https://www.canadiantire.ca/fr/pdp/pneu-de-velo-de-ville-avant-et-arriere-kenda-k193-noir-700-x-25c-0737356p.html,https://media-www.canadiantire.ca/product/playing/cycling/bicycle-accessories/0737356/kenda-k193-700cx25c-urban-bike-tire-b56b1607-cf14-4754-8a9f-d6318fbddce7-jpgrendition.jpg?im=whresize&wid=200&hei=200,https://media-www.canadiantire.ca/product/playing/cycling/bicycle-accessories/0737356/kenda-k193-700cx25c-urban-bike-tire-b56b1607-cf14-4754-8a9f-d6318fbddce7-jpgrendition.jpg?im=whresize&wid=200&hei=200,,0737356,073-7356-8,Il n’en reste que 1 #073-7356-8,Liquidation◊Mieux notés,62.64,"17,93","47,99"
170,"Bowmanville, ON",Allume-feu Vermont Castings PWR POD (outil seulement),Allume-feu Vermont Castings PWR POD (outil seulement),39.95,"39,95 $",99.99,"Était±  99,99 $prix était 99,99 $",39.95,"39,95 $",39.95,"39,95 $",true,https://www.canadiantire.ca/fr/pdp/allume-feu-vermont-castings-pwr-pod-outil-seulement-0850200p.html,https://www.canadiantire.ca/fr/pdp/allume-feu-vermont-castings-pwr-pod-outil-seulement-0850200p.html,https://media-www.canadiantire.ca/product/seasonal-gardening/backyard-living/outdoor-cooking-fuels-flavours/0850200/vermont-castings-pwr-pod-charcoal-igniter-13e51890-ecea-462a-a3d0-cf8469353367-jpgrendition.jpg?im=whresize&wid=200&hei=200,https://media-www.canadiantire.ca/product/seasonal-gardening/backyard-living/outdoor-cooking-fuels-flavours/0850200/vermont-castings-pwr-pod-charcoal-igniter-13e51890-ecea-462a-a3d0-cf8469353367-jpgrendition.jpg?im=whresize&wid=200&hei=200,,0850200,085-0200-2,8 En Stock#085-0200-2,Liquidation◊Mieux notés,60.05,"39,95","99,99"
170,"Bowmanville, ON","Pneu de vélo Kenda de montagne K1027, noir, 20 po x 2,8 po","Pneu de vélo Kenda de montagne K1027, noir, 20 po x 2,8 po",14.93,"14,93 $",41.99,"Était±  41,99 $prix était 41,99 $",14.93,"14,93 $",14.93,"14,93 $",true,https://www.canadiantire.ca/fr/pdp/pneu-de-velo-kenda-de-montagne-k1027-noir-20-po-x-2-8-po-0737344p.html,https://www.canadiantire.ca/fr/pdp/pneu-de-velo-kenda-de-montagne-k1027-noir-20-po-x-2-8-po-0737344p.html,https://media-www.canadiantire.ca/product/playing/cycling/bicycle-accessories/0737344/kenda-k1027-20-x-2-8-mountain-plus-bike-tire-5720285b-6f86-47b6-b912-9a2ede97804d-jpgrendition.jpg?im=whresize&wid=200&hei=200,https://media-www.canadiantire.ca/product/playing/cycling/bicycle-accessories/0737344/kenda-k1027-20-x-2-8-mountain-plus-bike-tire-5720285b-6f86-47b6-b912-9a2ede97804d-jpgrendition.jpg?im=whresize&wid=200&hei=200,,0737344,073-7344-6,11 En Stock#073-7344-6,Liquidation◊Mieux notés,64.44,"14,93","41,99"
170,"Bowmanville, ON","‌Bottes-pantalons à chaussons Outbound, femmes, vert","‌Bottes-pantalons à chaussons Outbound, femmes, vert",62.93,"62,93 $",129.99,"129,99 $Était   et+ prix était à partir de 129,99 $",62.93,"62,93 $",62.93,"62,93 $",true,https://www.canadiantire.ca/fr/pdp/-bottes-pantalons-a-chaussons-outbound-femmes-vert-1783710p.html,https://www.canadiantire.ca/fr/pdp/-bottes-pantalons-a-chaussons-outbound-femmes-vert-1783710p.html,https://media-www.canadiantire.ca/product/playing/fishing/fishing-accessories/1783710/outbound-women-s-bootfoot-wader-s6-60837388-8ecc-4d07-83f7-bfbeaeb56e53-jpgrendition.jpg?im=whresize&wid=200&hei=200,https://media-www.canadiantire.ca/product/playing/fishing/fishing-accessories/1783710/outbound-women-s-bootfoot-wader-s6-60837388-8ecc-4d07-83f7-bfbeaeb56e53-jpgrendition.jpg?im=whresize&wid=200&hei=200,,1783710,178-3710,Vérifiez la disponibilité#178-3710X,Liquidation◊Exclusivité,51.59,"62,93","129,99"
170,"Bowmanville, ON","Pneu de vélo de montagne Kenda K1027, noir, 27,5 po x 2,8 po","Pneu de vélo de montagne Kenda K1027, noir, 27,5 po x 2,8 po",24.93,"24,93 $",60.99,"Était±  60,99 $prix était 60,99 $",24.93,"24,93 $",24.93,"24,93 $",true,https://www.canadiantire.ca/fr/pdp/pneu-de-velo-de-montagne-kenda-k1027-noir-27-5-po-x-2-8-po-0737352p.html,https://www.canadiantire.ca/fr/pdp/pneu-de-velo-de-montagne-kenda-k1027-noir-27-5-po-x-2-8-po-0737352p.html,https://media-www.canadiantire.ca/product/playing/cycling/bicycle-accessories/0737352/kenda-k1027-27-5-x-2-8-mountain-plus-bike-tire-e18dc59b-cd48-4ced-9049-83abb900d05e-jpgrendition.jpg?im=whresize&wid=200&hei=200,https://media-www.canadiantire.ca/product/playing/cycling/bicycle-accessories/0737352/kenda-k1027-27-5-x-2-8-mountain-plus-bike-tire-e18dc59b-cd48-4ced-9049-83abb900d05e-jpgrendition.jpg?im=whresize&wid=200&hei=200,,0737352,073-7352-6,Il n’en reste que 1 #073-7352-6,Liquidation◊Mieux notés,59.12,"24,93","60,99"
170,"Bowmanville, ON","Serrure à pêne dormant électronique ronde Garrison, noir mat","Serrure à pêne dormant électronique ronde Garrison, noir mat",29.95,"29,95 $",129.99,"Était±  129,99 $prix était 129,99 $",29.95,"29,95 $",29.95,"29,95 $",true,https://www.canadiantire.ca/fr/pdp/serrure-a-pene-dormant-electronique-ronde-garrison-noir-mat-0467495p.html,https://www.canadiantire.ca/fr/pdp/serrure-a-pene-dormant-electronique-ronde-garrison-noir-mat-0467495p.html,https://media-www.canadiantire.ca/product/fixing/hardware/curb-appeal/0467495/garrison-round-electronic-deadbolt-matte-black-95851cfc-66aa-4b0f-808d-4bce00e5f378-jpgrendition.jpg?im=whresize&wid=200&hei=200,https://media-www.canadiantire.ca/product/fixing/hardware/curb-appeal/0467495/garrison-round-electronic-deadbolt-matte-black-95851cfc-66aa-4b0f-808d-4bce00e5f378-jpgrendition.jpg?im=whresize&wid=200&hei=200,,0467495,046-7495-2,Il n’en reste que 5 #046-7495-2,Liquidation◊Exclusivité,76.96,"29,95","129,99"
170,"Bowmanville, ON","Plafonnier suspendu à 1 lampe à abat-jour givré en verre CANVAS Westwood, or","Plafonnier suspendu à 1 lampe à abat-jour givré en verre CANVAS Westwood, or",24.95,"24,95 $",84.99,"Était±  84,99 $prix était 84,99 $",24.95,"24,95 $",24.95,"24,95 $",true,https://www.canadiantire.ca/fr/pdp/plafonnier-suspendu-a-1-lampe-a-abat-jour-givre-en-verre-canvas-westwood-or-1523085p.html,https://www.canadiantire.ca/fr/pdp/plafonnier-suspendu-a-1-lampe-a-abat-jour-givre-en-verre-canvas-westwood-or-1523085p.html,https://media-www.canadiantire.ca/product/fixing/electrical/lighting/1523085/canvas-oakhurst-1-light-pendant-gold-7166a377-9c23-4f84-a2cb-fc3259b5d547-jpgrendition.jpg?im=whresize&wid=200&hei=200,https://media-www.canadiantire.ca/product/fixing/electrical/lighting/1523085/canvas-oakhurst-1-light-pendant-gold-7166a377-9c23-4f84-a2cb-fc3259b5d547-jpgrendition.jpg?im=whresize&wid=200&hei=200,,1523085,152-3085-8,Il n’en reste que 2 #152-3085-8,Liquidation◊Exclusivité,70.64,"24,95","84,99"
170,"Bowmanville, ON","Ensemble de cuillères tournantes Matzuo, 5 pces","Ensemble de cuillères tournantes Matzuo, 5 pces",5.93,"5,93 $",16.99,"16,99 $Était   et+ prix était à partir de 16,99 $",5.93,"5,93 $",5.93,"5,93 $",true,https://www.canadiantire.ca/fr/pdp/ensemble-de-cuilleres-tournantes-matzuo-5-pces-0770318p.html,https://www.canadiantire.ca/fr/pdp/ensemble-de-cuilleres-tournantes-matzuo-5-pces-0770318p.html,https://media-www.canadiantire.ca/product/playing/fishing/fishing-lures/0770318/matzuo-spinner-lure-kit-5-pack-1-16-oz-3b48dbd8-eedc-4c02-9a5e-d73926b47887-jpgrendition.jpg?im=whresize&wid=200&hei=200,https://media-www.canadiantire.ca/product/playing/fishing/fishing-lures/0770318/matzuo-spinner-lure-kit-5-pack-1-16-oz-3b48dbd8-eedc-4c02-9a5e-d73926b47887-jpgrendition.jpg?im=whresize&wid=200&hei=200,,0770318,077-0318,Vérifiez la disponibilité#077-0318X,Liquidation◊Exclusivité,65.1,"5,93","16,99"
170,"Bowmanville, ON","Salopette Yukon Gear Conceal imperméable pour homme, hydrofuge, résistante au vent et isolée, tricot doux et silencieux, facteur d'odeur","Salopette Yukon Gear Conceal imperméable pour homme, hydrofuge, résistante au vent et isolée, tricot doux et silencieux, facteur d'odeur",89.93,"89,93 $",179.99,"179,99 $Était   et+ prix était à partir de 179,99 $",89.93,"89,93 $",89.93,"89,93 $",true,https://www.canadiantire.ca/fr/pdp/salopette-yukon-gear-conceal-impermeable-pour-homme-hydrofuge-resistante-au-vent-et-isolee-tricot-doux-et-silencieux-facteur-d-odeur-0750924p.html,https://www.canadiantire.ca/fr/pdp/salopette-yukon-gear-conceal-impermeable-pour-homme-hydrofuge-resistante-au-vent-et-isolee-tricot-doux-et-silencieux-facteur-d-odeur-0750924p.html,https://media-www.canadiantire.ca/product/playing/hunting/hunting-apparel-footwear/0750924/yukon-gear-conceal-men-s-insulated-hunting-coverall-m-2b44b49f-9d73-4026-8b5b-68891721e836-jpgrendition.jpg?im=whresize&wid=200&hei=200,https://media-www.canadiantire.ca/product/playing/hunting/hunting-apparel-footwear/0750924/yukon-gear-conceal-men-s-insulated-hunting-coverall-m-2b44b49f-9d73-4026-8b5b-68891721e836-jpgrendition.jpg?im=whresize&wid=200&hei=200,,0750924,075-0924,Vérifiez la disponibilité#075-0924X,Liquidation◊Mieux notés,50.04,"89,93","179,99"
170,"Bowmanville, ON","Câble d'attache à clé rétractable long Master Lock, 3 pi","Câble d'attache à clé rétractable long Master Lock, 3 pi",4.93,"4,93 $",13.99,"Était±  13,99 $prix était 13,99 $",4.93,"4,93 $",4.93,"4,93 $",true,https://www.canadiantire.ca/fr/pdp/cable-d-attache-a-cle-retractable-long-master-lock-3-pi-0463554p.html,https://www.canadiantire.ca/fr/pdp/cable-d-attache-a-cle-retractable-long-master-lock-3-pi-0463554p.html,https://media-www.canadiantire.ca/product/fixing/hardware/curb-appeal/0463554/3ft-long-retractable-key-tether-cable-c6dc12e5-9988-4281-bac4-ff2e7bf5c619-jpgrendition.jpg?im=whresize&wid=200&hei=200,https://media-www.canadiantire.ca/product/fixing/hardware/curb-appeal/0463554/3ft-long-retractable-key-tether-cable-c6dc12e5-9988-4281-bac4-ff2e7bf5c619-jpgrendition.jpg?im=whresize&wid=200&hei=200,,0463554,046-3554-6,14 En Stock#046-3554-6,Liquidation◊,64.76,"4,93","13,99"
170,"Bowmanville, ON","Plateau en fibres de bambou CANVAS, gris","Plateau en fibres de bambou CANVAS, gris",6.93,"6,93 $",14.99,"Était±  14,99 $prix était 14,99 $",6.93,"6,93 $",6.93,"6,93 $",true,https://www.canadiantire.ca/fr/pdp/plateau-en-fibres-de-bambou-canvas-gris-0597851p.html,https://www.canadiantire.ca/fr/pdp/plateau-en-fibres-de-bambou-canvas-gris-0597851p.html,https://media-www.canadiantire.ca/product/seasonal-gardening/backyard-living/outdoor-living-accessories/0597851/canvas-dual-tone-organic-dinner-platter-f6b24e53-a0be-4f13-83b7-44d181027b3d-jpgrendition.jpg?im=whresize&wid=200&hei=200,https://media-www.canadiantire.ca/product/seasonal-gardening/backyard-living/outdoor-living-accessories/0597851/canvas-dual-tone-organic-dinner-platter-f6b24e53-a0be-4f13-83b7-44d181027b3d-jpgrendition.jpg?im=whresize&wid=200&hei=200,,0597851,059-7851-4,Il n’en reste que 3 #059-7851-4,Liquidation◊Mieux notés,53.77,"6,93","14,99"
170,"Bowmanville, ON","Pot de peinture pliable Handy, 0,5 l, rouge","Pot de peinture pliable Handy, 0,5 l, rouge",2.93,"2,93 $",10.99,"Était±  10,99 $prix était 10,99 $",2.93,"2,93 $",2.93,"2,93 $",true,https://www.canadiantire.ca/fr/pdp/pot-de-peinture-pliable-handy-0-5-l-rouge-0492544p.html,https://www.canadiantire.ca/fr/pdp/pot-de-peinture-pliable-handy-0-5-l-rouge-0492544p.html,https://media-www.canadiantire.ca/product/fixing/paint/paint-accessories/0492544/handy-paint-collapsible-snap-cup-7576f265-9312-439f-9ae6-d8021ebac517-jpgrendition.jpg?im=whresize&wid=200&hei=200,https://media-www.canadiantire.ca/product/fixing/paint/paint-accessories/0492544/handy-paint-collapsible-snap-cup-7576f265-9312-439f-9ae6-d8021ebac517-jpgrendition.jpg?im=whresize&wid=200&hei=200,,0492544,049-2544-0,Il n’en reste que 3 #049-2544-0,Liquidation◊Mieux notés,73.34,"2,93","10,99"
170,"Bowmanville, ON",Caisse SafeCrates LEM pour 6 bocaux de 1 chopine,Caisse SafeCrates LEM pour 6 bocaux de 1 chopine,7.93,"7,93 $",25.99,"Était±  25,99 $prix était 25,99 $",7.93,"7,93 $",7.93,"7,93 $",true,https://www.canadiantire.ca/fr/pdp/caisse-safecrates-lem-pour-6-bocaux-de-1-chopine-2420189p.html,https://www.canadiantire.ca/fr/pdp/caisse-safecrates-lem-pour-6-bocaux-de-1-chopine-2420189p.html,https://media-www.canadiantire.ca/product/living/kitchen/canning/2420189/safecrates-for-6-pint-jars-4f34dd03-3dc4-4c5b-8f8f-b8f2c278d2b4-jpgrendition.jpg?im=whresize&wid=200&hei=200,https://media-www.canadiantire.ca/product/living/kitchen/canning/2420189/safecrates-for-6-pint-jars-4f34dd03-3dc4-4c5b-8f8f-b8f2c278d2b4-jpgrendition.jpg?im=whresize&wid=200&hei=200,,2420189,242-0189-6,Il n’en reste que 3 #242-0189-6,Liquidation◊Mieux notés,69.49,"7,93","25,99"
170,"Bowmanville, ON","Tablette de rangement utilitaire MOD Mastercraft, capacité de charge de 30 lb, support mural","Tablette de rangement utilitaire MOD Mastercraft, capacité de charge de 30 lb, support mural",7.95,"7,95 $",15.99,"Était±  15,99 $prix était 15,99 $",7.95,"7,95 $",7.95,"7,95 $",true,https://www.canadiantire.ca/fr/pdp/tablette-de-rangement-utilitaire-mod-mastercraft-capacite-de-charge-de-30-lb-support-mural-0469419p.html,https://www.canadiantire.ca/fr/pdp/tablette-de-rangement-utilitaire-mod-mastercraft-capacite-de-charge-de-30-lb-support-mural-0469419p.html,https://media-www.canadiantire.ca/product/fixing/tools/garage-organization/0469419/mastercraft-mod-utility-shelf-fb1abbb8-d27f-4ecb-a70d-d17205554b66-jpgrendition.jpg?im=whresize&wid=200&hei=200,https://media-www.canadiantire.ca/product/fixing/tools/garage-organization/0469419/mastercraft-mod-utility-shelf-fb1abbb8-d27f-4ecb-a70d-d17205554b66-jpgrendition.jpg?im=whresize&wid=200&hei=200,,0469419,046-9419-4,12 En Stock#046-9419-4,Liquidation◊Mieux notés,50.28,"7,95","15,99"
170,"Bowmanville, ON","Tubes salés prémontés Matzuo, paq. 3","Tubes salés prémontés Matzuo, paq. 3",1.95,"1,95 $",5.99,"5,99 $Était   et+ prix était à partir de 5,99 $",1.95,"1,95 $",1.95,"1,95 $",true,https://www.canadiantire.ca/fr/pdp/tubes-sales-premontes-matzuo-paq-3-0787946p.html,https://www.canadiantire.ca/fr/pdp/tubes-sales-premontes-matzuo-paq-3-0787946p.html,https://media-www.canadiantire.ca/product/playing/fishing/fishing-lures/0787946/matzuo-tubes-3-pack-pumpkin-chartreuse-d9d8aa79-f300-4740-8d58-7a4eb492cc48-jpgrendition.jpg?im=whresize&wid=200&hei=200,https://media-www.canadiantire.ca/product/playing/fishing/fishing-lures/0787946/matzuo-tubes-3-pack-pumpkin-chartreuse-d9d8aa79-f300-4740-8d58-7a4eb492cc48-jpgrendition.jpg?im=whresize&wid=200&hei=200,,0787946,078-7946,Vérifiez la disponibilité#078-7946X,Liquidation◊Exclusivité,67.45,"1,95","5,99"
170,"Bowmanville, ON","Tasse en grès CANVAS, Number One Fan, 13 oz","Tasse en grès CANVAS, Number One Fan, 13 oz",1.95,"1,95 $",5.49,"Était±  5,49 $prix était 5,49 $",1.95,"1,95 $",1.95,"1,95 $",true,https://www.canadiantire.ca/fr/pdp/tasse-en-gres-canvas-number-one-fan-13-oz-1427932p.html,https://www.canadiantire.ca/fr/pdp/tasse-en-gres-canvas-number-one-fan-13-oz-1427932p.html,https://media-www.canadiantire.ca/product/living/kitchen/kitchen-appliances/1427932/canvas-number-one-fan-mug-072d8a37-6a7e-4fe3-a113-da66a0c5b1ad-jpgrendition.jpg?im=whresize&wid=200&hei=200,https://media-www.canadiantire.ca/product/living/kitchen/kitchen-appliances/1427932/canvas-number-one-fan-mug-072d8a37-6a7e-4fe3-a113-da66a0c5b1ad-jpgrendition.jpg?im=whresize&wid=200&hei=200,,1427932,142-7932-2,55 En Stock#142-7932-2,Liquidation◊Mieux notés,64.48,"1,95","5,49"
170,"Bowmanville, ON","Crochet à peignoir double Peerless, acier inoxydable, nickel satiné, paq. 4","Crochet à peignoir double Peerless, acier inoxydable, nickel satiné, paq. 4",6.93,"6,93 $",13.99,"Était±  13,99 $prix était 13,99 $",6.93,"6,93 $",6.93,"6,93 $",true,https://www.canadiantire.ca/fr/pdp/crochet-a-peignoir-double-peerless-acier-inoxydable-nickel-satine-paq-4-0467397p.html,https://www.canadiantire.ca/fr/pdp/crochet-a-peignoir-double-peerless-acier-inoxydable-nickel-satine-paq-4-0467397p.html,https://media-www.canadiantire.ca/product/living/home-decor/decor-accents/0467397/peerless-double-prong-robe-hook-4pk-nickel-648ba904-3258-495c-9fda-e6970331cc23.png?im=whresize&wid=200&hei=200,https://media-www.canadiantire.ca/product/living/home-decor/decor-accents/0467397/peerless-double-prong-robe-hook-4pk-nickel-648ba904-3258-495c-9fda-e6970331cc23.png?im=whresize&wid=200&hei=200,,0467397,046-7397-6,Il n’en reste que 1 #046-7397-6,Liquidation◊Mieux notés,50.46,"6,93","13,99"
170,"Bowmanville, ON",Bande lumineuse de culture intelligente DEL Wi-Fi NOMA iQMC,Bande lumineuse de culture intelligente DEL Wi-Fi NOMA iQMC,34.93,"34,93 $",77.99,"Était±  77,99 $prix était 77,99 $",34.93,"34,93 $",34.93,"34,93 $",true,https://www.canadiantire.ca/fr/pdp/bande-lumineuse-de-culture-intelligente-del-wi-fi-noma-iq-sup-mc-sup-1522558p.html,https://www.canadiantire.ca/fr/pdp/bande-lumineuse-de-culture-intelligente-del-wi-fi-noma-iq-sup-mc-sup-1522558p.html,https://media-www.canadiantire.ca/product/fixing/electrical/light-bulbs/1522558/noma-iq-led-grow-light-strip-6b442464-4524-4b51-ac97-d324f34b586f-jpgrendition.jpg?im=whresize&wid=200&hei=200,https://media-www.canadiantire.ca/product/fixing/electrical/light-bulbs/1522558/noma-iq-led-grow-light-strip-6b442464-4524-4b51-ac97-d324f34b586f-jpgrendition.jpg?im=whresize&wid=200&hei=200,,1522558,152-2558-0,Il n’en reste que 6 #152-2558-0,Liquidation◊Mieux notés,55.21,"34,93","77,99"
170,"Bowmanville, ON","Cartable à reliure à 3 anneaux en vinyle de Merangue, 1 po, couleurs variées","Cartable à reliure à 3 anneaux en vinyle de Merangue, 1 po, couleurs variées",2.4,"2,40 $",5.49,"Était±  5,49 $prix était 5,49 $",2.4,"2,40 $",2.4,"2,40 $",true,https://www.canadiantire.ca/fr/pdp/cartable-a-reliure-a-3-anneaux-en-vinyle-de-merangue-1-po-couleurs-variees-1427169p.html,https://www.canadiantire.ca/fr/pdp/cartable-a-reliure-a-3-anneaux-en-vinyle-de-merangue-1-po-couleurs-variees-1427169p.html,https://media-www.canadiantire.ca/product/seasonal-gardening/toys/home-office-supplies/1427169/1-overlay-binder-multi-10c69af8-4230-4574-b068-3a95d870135e-jpgrendition.jpg?im=whresize&wid=200&hei=200,https://media-www.canadiantire.ca/product/seasonal-gardening/toys/home-office-supplies/1427169/1-overlay-binder-multi-10c69af8-4230-4574-b068-3a95d870135e-jpgrendition.jpg?im=whresize&wid=200&hei=200,,1427169,142-7169-0,9 En Stock#142-7169-0,Liquidation◊Mieux notés,56.28,"2,40","5,49"
170,"Bowmanville, ON","Barrière rétractable en filet pour animaux de compagnie Petco avec quincaillerie de fixation, 50 x 30 po","Barrière rétractable en filet pour animaux de compagnie Petco avec quincaillerie de fixation, 50 x 30 po",49.92,"49,92 $",99.99,"Était±  99,99 $prix était 99,99 $",49.92,"49,92 $",49.92,"49,92 $",true,https://www.canadiantire.ca/fr/pdp/barriere-retractable-en-filet-pour-animaux-de-compagnie-petco-avec-quincaillerie-de-fixation-50-x-30-po-2425694p.html,https://www.canadiantire.ca/fr/pdp/barriere-retractable-en-filet-pour-animaux-de-compagnie-petco-avec-quincaillerie-de-fixation-50-x-30-po-2425694p.html,https://media-www.canadiantire.ca/product/living/pet-care/pet-accessories/2425694/petco-retractable-mesh-pet-gate-96b7e646-f2cf-49fa-a2cf-52c797e52608-jpgrendition.jpg?im=whresize&wid=200&hei=200,https://media-www.canadiantire.ca/product/living/pet-care/pet-accessories/2425694/petco-retractable-mesh-pet-gate-96b7e646-f2cf-49fa-a2cf-52c797e52608-jpgrendition.jpg?im=whresize&wid=200&hei=200,,2425694,242-5694-2,Il n’en reste que 2 #242-5694-2,Liquidation◊Exclusivité,50.08,"49,92","99,99"
170,"Bowmanville, ON","Bouteille d’eau Raleigh pour vélo, valve à débit élevé, noir","Bouteille d’eau Raleigh pour vélo, valve à débit élevé, noir",9.75,"9,75 $",29.99,"Était±  29,99 $prix était 29,99 $",9.75,"9,75 $",9.75,"9,75 $",true,https://www.canadiantire.ca/fr/pdp/bouteille-d-eau-raleigh-pour-velo-valve-a-debit-eleve-noir-0733632p.html,https://www.canadiantire.ca/fr/pdp/bouteille-d-eau-raleigh-pour-velo-valve-a-debit-eleve-noir-0733632p.html,https://media-www.canadiantire.ca/product/playing/cycling/bicycle-accessories/0733632/raleigh-water-bottle-fbbd750d-fcce-4fdb-befd-330566407f92-jpgrendition.jpg?im=whresize&wid=200&hei=200,https://media-www.canadiantire.ca/product/playing/cycling/bicycle-accessories/0733632/raleigh-water-bottle-fbbd750d-fcce-4fdb-befd-330566407f92-jpgrendition.jpg?im=whresize&wid=200&hei=200,,0733632,073-3632-4,26 En Stock#073-3632-4,Liquidation◊Exclusivité,67.49,"9,75","29,99"
170,"Bowmanville, ON","Gourde de camping sans BPA avec filtre Woods, 750 mL","Gourde de camping sans BPA avec filtre Woods, 750 mL",11.95,"11,95 $",59.99,"Était±  59,99 $prix était 59,99 $",11.95,"11,95 $",11.95,"11,95 $",true,https://www.canadiantire.ca/fr/pdp/gourde-de-camping-sans-bpa-avec-filtre-woods-750-ml-0766457p.html,https://www.canadiantire.ca/fr/pdp/gourde-de-camping-sans-bpa-avec-filtre-woods-750-ml-0766457p.html,https://media-www.canadiantire.ca/product/playing/camping/hydration-coolers/0766457/woods-water-bottle-with-filter-cb059a46-f91c-41e8-94b5-9768f4dc54a6-jpgrendition.jpg?im=whresize&wid=200&hei=200,https://media-www.canadiantire.ca/product/playing/camping/hydration-coolers/0766457/woods-water-bottle-with-filter-cb059a46-f91c-41e8-94b5-9768f4dc54a6-jpgrendition.jpg?im=whresize&wid=200&hei=200,,0766457,076-6457-8,23 En Stock#076-6457-8,Liquidation◊Exclusivité,80.08,"11,95","59,99"
170,"Bowmanville, ON","Nappe rectangulaire CANVAS en simili-lin, 60 x 84 po, gris pâle","Nappe rectangulaire CANVAS en simili-lin, 60 x 84 po, gris pâle",8.95,"8,95 $",21.99,"Était±  21,99 $prix était 21,99 $",8.95,"8,95 $",8.95,"8,95 $",true,https://www.canadiantire.ca/fr/pdp/nappe-rectangulaire-canvas-en-simili-lin-60-x-84-po-gris-pale-1422764p.html,https://www.canadiantire.ca/fr/pdp/nappe-rectangulaire-canvas-en-simili-lin-60-x-84-po-gris-pale-1422764p.html,https://media-www.canadiantire.ca/product/living/kitchen/dining-and-entertaining/1422764/canvas-faux-linen-table-cloth-light-grey-60x84--c36590fc-0553-4922-9eeb-3516d8cb5318-jpgrendition.jpg?im=whresize&wid=200&hei=200,https://media-www.canadiantire.ca/product/living/kitchen/dining-and-entertaining/1422764/canvas-faux-linen-table-cloth-light-grey-60x84--c36590fc-0553-4922-9eeb-3516d8cb5318-jpgrendition.jpg?im=whresize&wid=200&hei=200,,1422764,142-2764-2,Il n’en reste que 4 #142-2764-2,Liquidation◊Mieux notés,59.3,"8,95","21,99"
170,"Bowmanville, ON","Sac de frappe lourd Everlast Cardio Blast, rose, 40 lb","Sac de frappe lourd Everlast Cardio Blast, rose, 40 lb",69.93,"69,93 $",149.99,"Était±  149,99 $prix était 149,99 $",69.93,"69,93 $",69.93,"69,93 $",true,https://www.canadiantire.ca/fr/pdp/sac-de-frappe-lourd-everlast-cardio-blast-rose-40-lb-0847892p.html,https://www.canadiantire.ca/fr/pdp/sac-de-frappe-lourd-everlast-cardio-blast-rose-40-lb-0847892p.html,https://media-www.canadiantire.ca/product/playing/exercise/combat-sports-fitness-accessories/0847892/everlast-cardio-blast-40-lbs-4c00c2c6-3bd6-4765-a2aa-f1c0fd862d18-jpgrendition.jpg?im=whresize&wid=200&hei=200,https://media-www.canadiantire.ca/product/playing/exercise/combat-sports-fitness-accessories/0847892/everlast-cardio-blast-40-lbs-4c00c2c6-3bd6-4765-a2aa-f1c0fd862d18-jpgrendition.jpg?im=whresize&wid=200&hei=200,,0847892,084-7892-4,Il n’en reste que 1 #084-7892-4,Liquidation◊Mieux notés,53.38,"69,93","149,99"
170,"Bowmanville, ON",Mélange de bulbes printaniers Bulbs Are Easy,Mélange de bulbes printaniers Bulbs Are Easy,5.99,"5,99 $",11.99,"Était±  11,99 $prix était 11,99 $",5.99,"5,99 $",5.99,"5,99 $",true,https://www.canadiantire.ca/fr/pdp/melange-de-bulbes-printaniers-bulbs-are-easy-1592846p.html,https://www.canadiantire.ca/fr/pdp/melange-de-bulbes-printaniers-bulbs-are-easy-1592846p.html,https://media-www.canadiantire.ca/product/seasonal-gardening/gardening/dormant-goods/1592846/lupinus-mixed--3be5853a-9895-4dee-bda4-59105f361dee-jpgrendition.jpg?im=whresize&wid=200&hei=200,https://media-www.canadiantire.ca/product/seasonal-gardening/gardening/dormant-goods/1592846/lupinus-mixed--3be5853a-9895-4dee-bda4-59105f361dee-jpgrendition.jpg?im=whresize&wid=200&hei=200,,1592846,159-2846-0,0 En Stock#159-2846-0,Liquidation◊,50.04,"5,99","11,99"
170,"Bowmanville, ON","Chaîne de rechange pour scie à chaîne Oregon P60 AdvanceCut, convient à diverses marques et modèles, 16 po","Chaîne de rechange pour scie à chaîne Oregon P60 AdvanceCut, convient à diverses marques et modèles, 16 po",17.93,"17,93 $",39.99,"Était±  39,99 $prix était 39,99 $",17.93,"17,93 $",17.93,"17,93 $",true,https://www.canadiantire.ca/fr/pdp/chaine-de-rechange-pour-scie-a-chaine-oregon-p60-advancecut-convient-a-diverses-marques-et-modeles-16-po-0545697p.html,https://www.canadiantire.ca/fr/pdp/chaine-de-rechange-pour-scie-a-chaine-oregon-p60-advancecut-convient-a-diverses-marques-et-modeles-16-po-0545697p.html,https://media-www.canadiantire.ca/product/seasonal-gardening/outdoor-tools/ope-parts-accessories/0545697/16-73v-3-8-chain-7586279d-15a9-4d9d-9f06-120b478ee5b3-jpgrendition.jpg?im=whresize&wid=200&hei=200,https://media-www.canadiantire.ca/product/seasonal-gardening/outdoor-tools/ope-parts-accessories/0545697/16-73v-3-8-chain-7586279d-15a9-4d9d-9f06-120b478ee5b3-jpgrendition.jpg?im=whresize&wid=200&hei=200,,0545697,054-5697-4,Il n’en reste que 1 #054-5697-4,Liquidation◊,55.16,"17,93","39,99"
170,"Bowmanville, ON","Pneu de vélo confortable Kenda K1008A, noir, 20 po x 1 3/3,0 po","Pneu de vélo confortable Kenda K1008A, noir, 20 po x 1 3/3,0 po",19.93,"19,93 $",45.99,"Était±  45,99 $prix était 45,99 $",19.93,"19,93 $",19.93,"19,93 $",true,https://www.canadiantire.ca/fr/pdp/pneu-de-velo-confortable-kenda-k1008a-noir-20-po-x-1-3-3-0-po-0737343p.html,https://www.canadiantire.ca/fr/pdp/pneu-de-velo-confortable-kenda-k1008a-noir-20-po-x-1-3-3-0-po-0737343p.html,https://media-www.canadiantire.ca/product/playing/cycling/bicycle-accessories/0737343/kenda-k1008a-20-x-3-0-comfort-bike-tire-3e622288-519d-45eb-b0ab-3eb526f10de4-jpgrendition.jpg?im=whresize&wid=200&hei=200,https://media-www.canadiantire.ca/product/playing/cycling/bicycle-accessories/0737343/kenda-k1008a-20-x-3-0-comfort-bike-tire-3e622288-519d-45eb-b0ab-3eb526f10de4-jpgrendition.jpg?im=whresize&wid=200&hei=200,,0737343,073-7343-8,Il n’en reste que 1 #073-7343-8,Liquidation◊Mieux notés,56.66,"19,93","45,99"
170,"Bowmanville, ON","Robinet d'évier de cuisine rétractable Danze Smartsense, acier inoxydable","Robinet d'évier de cuisine rétractable Danze Smartsense, acier inoxydable",159.93,"159,93 $",339.99,"Était±  339,99 $prix était 339,99 $",159.93,"159,93 $",159.93,"159,93 $",true,https://www.canadiantire.ca/fr/pdp/robinet-d-evier-de-cuisine-retractable-danze-smartsense-acier-inoxydable-0634826p.html,https://www.canadiantire.ca/fr/pdp/robinet-d-evier-de-cuisine-retractable-danze-smartsense-acier-inoxydable-0634826p.html,https://media-www.canadiantire.ca/product/fixing/plumbing/faucets-fixtures/0634826/danze-smartsense-1h-kitchen-pull-down-faucet-stainless-steel-d22462dc-b7db-475f-a0b2-dbe4ec318ffe-jpgrendition.jpg?im=whresize&wid=200&hei=200,https://media-www.canadiantire.ca/product/fixing/plumbing/faucets-fixtures/0634826/danze-smartsense-1h-kitchen-pull-down-faucet-stainless-steel-d22462dc-b7db-475f-a0b2-dbe4ec318ffe-jpgrendition.jpg?im=whresize&wid=200&hei=200,,0634826,063-4826-2,Il n’en reste que 2 #063-4826-2,Liquidation◊Exclusivité,52.96,"159,93","339,99"
170,"Bowmanville, ON","Prise double Leviton, blanc","Prise double Leviton, blanc",0.43,"0,43 $",4.49,"4,49 $Était   et+ prix était à partir de 4,49 $",0.43,"0,43 $",0.43,"0,43 $",true,https://www.canadiantire.ca/fr/pdp/prise-double-leviton-blanc-0527242p.html,https://www.canadiantire.ca/fr/pdp/prise-double-leviton-blanc-0527242p.html,https://media-www.canadiantire.ca/product/fixing/electrical/rough-electrical/0527242/heavy-duty-self-grounding-duplex-receptacle-cfad6ef3-dadb-4911-a589-24783de925c3-jpgrendition.jpg?im=whresize&wid=200&hei=200,https://media-www.canadiantire.ca/product/fixing/electrical/rough-electrical/0527242/heavy-duty-self-grounding-duplex-receptacle-cfad6ef3-dadb-4911-a589-24783de925c3-jpgrendition.jpg?im=whresize&wid=200&hei=200,,0527242,052-7242,Vérifiez la disponibilité#052-7242X,Liquidation◊Mieux notés,90.42,"0,43","4,49"
170,"Bowmanville, ON","Haut-parleur de fête portatif sans fil Bluetooth Vivitar avec microphone câblé, radio FM et lumières DEL, noir","Haut-parleur de fête portatif sans fil Bluetooth Vivitar avec microphone câblé, radio FM et lumières DEL, noir",64.93,"64,93 $",139.99,"Était±  139,99 $prix était 139,99 $",64.93,"64,93 $",64.93,"64,93 $",true,https://www.canadiantire.ca/fr/pdp/haut-parleur-de-fete-portatif-sans-fil-bluetooth-vivitar-avec-microphone-cable-radio-fm-et-lumieres-del-noir-0442221p.html,https://www.canadiantire.ca/fr/pdp/haut-parleur-de-fete-portatif-sans-fil-bluetooth-vivitar-avec-microphone-cable-radio-fm-et-lumieres-del-noir-0442221p.html,https://media-www.canadiantire.ca/product/automotive/electronics/home-electronics/0442221/vivitar-party-speaker-b5e8d062-70de-482d-a098-1619742a0500-jpgrendition.jpg?im=whresize&wid=200&hei=200,https://media-www.canadiantire.ca/product/automotive/electronics/home-electronics/0442221/vivitar-party-speaker-b5e8d062-70de-482d-a098-1619742a0500-jpgrendition.jpg?im=whresize&wid=200&hei=200,,0442221,044-2221-8,Il n’en reste que 2 #044-2221-8,Liquidation◊,53.62,"64,93","139,99"
170,"Bowmanville, ON","Veste de protection antifrottements hydrofuge pour chiens Petco, bleu et vert","Veste de protection antifrottements hydrofuge pour chiens Petco, bleu et vert",4.93,"4,93 $",24.99,"24,99 $Était   et+ prix était à partir de 24,99 $",4.93,"4,93 $",4.93,"4,93 $",true,https://www.canadiantire.ca/fr/pdp/veste-de-protection-antifrottements-hydrofuge-pour-chiens-petco-bleu-et-vert-1425984p.html,https://www.canadiantire.ca/fr/pdp/veste-de-protection-antifrottements-hydrofuge-pour-chiens-petco-bleu-et-vert-1425984p.html,https://media-www.canadiantire.ca/product/living/pet-care/pet-accessories/1425986/petco-blue-cooling-rashguard-for-dogs-medium-db219857-0e45-4af5-b487-5a03d8b6e952-jpgrendition.jpg?im=whresize&wid=200&hei=200,https://media-www.canadiantire.ca/product/living/pet-care/pet-accessories/1425986/petco-blue-cooling-rashguard-for-dogs-medium-db219857-0e45-4af5-b487-5a03d8b6e952-jpgrendition.jpg?im=whresize&wid=200&hei=200,,1425984,142-5984,Vérifiez la disponibilité#142-5984X,Liquidation◊Mieux notés,80.27,"4,93","24,99"
170,"Bowmanville, ON","Lustre à 4 lampes CANVAS, gris/nickel brossé","Lustre à 4 lampes CANVAS, gris/nickel brossé",39.95,"39,95 $",189.99,"Était±  189,99 $prix était 189,99 $",39.95,"39,95 $",39.95,"39,95 $",true,https://www.canadiantire.ca/fr/pdp/lustre-a-4-lampes-canvas-gris-nickel-brosse-1522688p.html,https://www.canadiantire.ca/fr/pdp/lustre-a-4-lampes-canvas-gris-nickel-brosse-1522688p.html,https://media-www.canadiantire.ca/product/fixing/electrical/lighting/1522688/canvas-4-light-chandelier-grey-brushed-nickel-84b4afd6-a26a-4576-8aed-4370b71718da-jpgrendition.jpg?im=whresize&wid=200&hei=200,https://media-www.canadiantire.ca/product/fixing/electrical/lighting/1522688/canvas-4-light-chandelier-grey-brushed-nickel-84b4afd6-a26a-4576-8aed-4370b71718da-jpgrendition.jpg?im=whresize&wid=200&hei=200,,1522688,152-2688-0,13 En Stock#152-2688-0,Liquidation◊Exclusivité,78.97,"39,95","189,99"
170,"Bowmanville, ON","Ciseaux et couteaux tout usage en acier inoxydable Zwilling, rose, 2 pièces","Ciseaux et couteaux tout usage en acier inoxydable Zwilling, rose, 2 pièces",39.95,"39,95 $",149.99,"Était±  149,99 $prix était 149,99 $",39.95,"39,95 $",39.95,"39,95 $",true,https://www.canadiantire.ca/fr/pdp/ciseaux-et-couteaux-tout-usage-en-acier-inoxydable-zwilling-rose-2-pieces-2421021p.html,https://www.canadiantire.ca/fr/pdp/ciseaux-et-couteaux-tout-usage-en-acier-inoxydable-zwilling-rose-2-pieces-2421021p.html,https://media-www.canadiantire.ca/product/living/kitchen/cutlery/2421021/zwilling-now-2pc-set-pink-7cfe9d1d-e4a9-4143-a1e8-b86dab788343-jpgrendition.jpg?im=whresize&wid=200&hei=200,https://media-www.canadiantire.ca/product/living/kitchen/cutlery/2421021/zwilling-now-2pc-set-pink-7cfe9d1d-e4a9-4143-a1e8-b86dab788343-jpgrendition.jpg?im=whresize&wid=200&hei=200,,2421021,242-1021-8,17 En Stock#242-1021-8,Liquidation◊Mieux notés,73.36,"39,95","149,99"
170,"Bowmanville, ON","Plafonnier encastré à 4 lampes CANVAS Seely, bronze et noir","Plafonnier encastré à 4 lampes CANVAS Seely, bronze et noir",79.95,"79,95 $",174.99,"Était±  174,99 $prix était 174,99 $",79.95,"79,95 $",79.95,"79,95 $",true,https://www.canadiantire.ca/fr/pdp/plafonnier-encastre-a-4-lampes-canvas-seely-bronze-et-noir-1522638p.html,https://www.canadiantire.ca/fr/pdp/plafonnier-encastre-a-4-lampes-canvas-seely-bronze-et-noir-1522638p.html,https://media-www.canadiantire.ca/product/living/home-decor/lighting/1522638/canvas-seely-flushmount-875bb88e-2ab3-4749-9a03-649d28e088e8-jpgrendition.jpg?im=whresize&wid=200&hei=200,https://media-www.canadiantire.ca/product/living/home-decor/lighting/1522638/canvas-seely-flushmount-875bb88e-2ab3-4749-9a03-649d28e088e8-jpgrendition.jpg?im=whresize&wid=200&hei=200,,1522638,152-2638-0,Il n’en reste que 6 #152-2638-0,Liquidation◊Exclusivité,54.31,"79,95","174,99"
170,"Bowmanville, ON","Chaussures lacées tout-aller Flyknit en tricot Outbound, semelle intérieure amovible, hommes, noir à motif","Chaussures lacées tout-aller Flyknit en tricot Outbound, semelle intérieure amovible, hommes, noir à motif",14.93,"14,93 $",34.99,"34,99 $Était   et+ prix était à partir de 34,99 $",14.93,"14,93 $",14.93,"14,93 $",true,https://www.canadiantire.ca/fr/pdp/chaussures-lacees-tout-aller-flyknit-en-tricot-outbound-semelle-interieure-amovible-hommes-noir-a-motif-1873716p.html,https://www.canadiantire.ca/fr/pdp/chaussures-lacees-tout-aller-flyknit-en-tricot-outbound-semelle-interieure-amovible-hommes-noir-a-motif-1873716p.html,https://media-www.canadiantire.ca/product/playing/footwear-apparel/summer-footwear-apparel/1873716/knit-laced-shoe-men-size-7-94fd4240-ed49-453f-a8ed-e613b11059bd-jpgrendition.jpg?im=whresize&wid=200&hei=200,https://media-www.canadiantire.ca/product/playing/footwear-apparel/summer-footwear-apparel/1873716/knit-laced-shoe-men-size-7-94fd4240-ed49-453f-a8ed-e613b11059bd-jpgrendition.jpg?im=whresize&wid=200&hei=200,,1873716,187-3716,Vérifiez la disponibilité#187-3716X,Liquidation◊Exclusivité,57.33,"14,93","34,99"
170,"Bowmanville, ON","Robinet de lavabo de salle de bains central Danze Marisol à poignée unique et à tirette de vidage, trou unique, 4 po, chrome","Robinet de lavabo de salle de bains central Danze Marisol à poignée unique et à tirette de vidage, trou unique, 4 po, chrome",59.93,"59,93 $",154.99,"Était±  154,99 $prix était 154,99 $",59.93,"59,93 $",59.93,"59,93 $",true,https://www.canadiantire.ca/fr/pdp/robinet-de-lavabo-de-salle-de-bains-central-danze-marisol-a-poignee-unique-et-a-tirette-de-vidage-trou-unique-4-po-chrome-0639923p.html,https://www.canadiantire.ca/fr/pdp/robinet-de-lavabo-de-salle-de-bains-central-danze-marisol-a-poignee-unique-et-a-tirette-de-vidage-trou-unique-4-po-chrome-0639923p.html,https://media-www.canadiantire.ca/product/fixing/plumbing/faucets-fixtures/0639923/danze-marisol-bathroom-faucet-chrome-587b3c67-bb52-4063-81ef-79bbb6eb3d2b.png?im=whresize&wid=200&hei=200,https://media-www.canadiantire.ca/product/fixing/plumbing/faucets-fixtures/0639923/danze-marisol-bathroom-faucet-chrome-587b3c67-bb52-4063-81ef-79bbb6eb3d2b.png?im=whresize&wid=200&hei=200,,0639923,063-9923-0,Il n’en reste que 1 #063-9923-0,Liquidation◊Mieux notés,61.33,"59,93","154,99"
170,"Bowmanville, ON","Ballon en aluminium satiné rond Welcome Home, bleu/multicolore, rayé, 32 po, ruban et gonflage hélium compris","Ballon en aluminium satiné rond Welcome Home, bleu/multicolore, rayé, 32 po, ruban et gonflage hélium compris",7.93,"7,93 $",16.99,"Était±  16,99 $prix était 16,99 $",7.93,"7,93 $",7.93,"7,93 $",true,https://www.canadiantire.ca/fr/pdp/ballon-en-aluminium-satine-rond-welcome-home-bleu-multicolore-raye-32-po-ruban-et-gonflage-helium-compris-8423929p.html,https://www.canadiantire.ca/fr/pdp/ballon-en-aluminium-satine-rond-welcome-home-bleu-multicolore-raye-32-po-ruban-et-gonflage-helium-compris-8423929p.html,https://media-www.partycity.ca/product/seasonal-gardening/party-city-everyday/party-city-party-supplies-decor/8423929/167-32x32in-welcome-home-blitz-7aa16951-3437-4d67-9579-f5cb65c732d5-jpgrendition.jpg?im=whresize&wid=200&hei=200,https://media-www.partycity.ca/product/seasonal-gardening/party-city-everyday/party-city-party-supplies-decor/8423929/167-32x32in-welcome-home-blitz-7aa16951-3437-4d67-9579-f5cb65c732d5-jpgrendition.jpg?im=whresize&wid=200&hei=200,,8423929,842-3929-0,Il n’en reste que 7 #842-3929-0,Liquidation◊Hélium compris,53.33,"7,93","16,99"
170,"Bowmanville, ON","Animatronique de loup-garou hurlant, 6,5 pi, décor d'Halloween avec détecteur de mouvement","Animatronique de loup-garou hurlant, 6,5 pi, décor d'Halloween avec détecteur de mouvement",249.93,"249,93 $",499.99,"Était±  499,99 $prix était 499,99 $",249.93,"249,93 $",249.93,"249,93 $",true,https://www.canadiantire.ca/fr/pdp/animatronique-de-loup-garou-hurlant-6-5-pi-decor-d-halloween-avec-detecteur-de-mouvement-8554811p.html,https://www.canadiantire.ca/fr/pdp/animatronique-de-loup-garou-hurlant-6-5-pi-decor-d-halloween-avec-detecteur-de-mouvement-8554811p.html,https://media-www.canadiantire.ca/product/party-city/party-city-seasonal/party-city-halloween-harvest/8554811/howling-werewolf-animatronic-8b47afea-4fd2-46a3-99c4-91707e2a747e-jpgrendition.jpg?im=whresize&wid=200&hei=200,https://media-www.canadiantire.ca/product/party-city/party-city-seasonal/party-city-halloween-harvest/8554811/howling-werewolf-animatronic-8b47afea-4fd2-46a3-99c4-91707e2a747e-jpgrendition.jpg?im=whresize&wid=200&hei=200,,8554811,855-4811-2,Il n’en reste que 1 #855-4811-2,Liquidation◊Exclusivité,50.01,"249,93","499,99"
170,"Bowmanville, ON","Jardinière en poterie décorative Chia Pet, La Chose","Jardinière en poterie décorative Chia Pet, La Chose",4.93,"4,93 $",19.99,"Était±  19,99 $prix était 19,99 $",4.93,"4,93 $",4.93,"4,93 $",true,https://www.canadiantire.ca/fr/pdp/jardiniere-en-poterie-decorative-chia-pet-la-chose-1591981p.html,https://www.canadiantire.ca/fr/pdp/jardiniere-en-poterie-decorative-chia-pet-la-chose-1591981p.html,https://media-www.canadiantire.ca/product/seasonal-gardening/gardening/dormant-goods/1591981/chia-pet-thing-25295b1d-4c82-47a7-a433-629bbc7e717e-jpgrendition.jpg?im=whresize&wid=200&hei=200,https://media-www.canadiantire.ca/product/seasonal-gardening/gardening/dormant-goods/1591981/chia-pet-thing-25295b1d-4c82-47a7-a433-629bbc7e717e-jpgrendition.jpg?im=whresize&wid=200&hei=200,,1591981,159-1981-2,Il n’en reste que 5 #159-1981-2,Liquidation◊,75.34,"4,93","19,99"
170,"Bowmanville, ON","Collier pour chien en chaîne confortable Petco, nylon, tailles variées, noir","Collier pour chien en chaîne confortable Petco, nylon, tailles variées, noir",9.92,"9,92 $",19.99,"19,99 $Était   et+ prix était à partir de 19,99 $",9.92,"9,92 $",9.92,"9,92 $",true,https://www.canadiantire.ca/fr/pdp/collier-pour-chien-en-chaine-confortable-petco-nylon-tailles-variees-noir-1426164p.html,https://www.canadiantire.ca/fr/pdp/collier-pour-chien-en-chaine-confortable-petco-nylon-tailles-variees-noir-1426164p.html,https://media-www.canadiantire.ca/product/living/pet-care/pet-accessories/1426164/petco-black-comfort-chain-20-x3mm-307ae738-f6dd-4d5a-82bd-34bd1f0bb539-jpgrendition.jpg?im=whresize&wid=200&hei=200,https://media-www.canadiantire.ca/product/living/pet-care/pet-accessories/1426164/petco-black-comfort-chain-20-x3mm-307ae738-f6dd-4d5a-82bd-34bd1f0bb539-jpgrendition.jpg?im=whresize&wid=200&hei=200,,1426164,142-6164,Vérifiez la disponibilité#142-6164X,Liquidation◊Exclusivité,50.38,"9,92","19,99"
170,"Bowmanville, ON","Interrupteur à bascule triple Leviton 01755-712 Decora, aucune mise à la terre, 15 A, 120 V, blanc","Interrupteur à bascule triple Leviton 01755-712 Decora, aucune mise à la terre, 15 A, 120 V, blanc",9.93,"9,93 $",33.99,"Était±  33,99 $prix était 33,99 $",9.93,"9,93 $",9.93,"9,93 $",true,https://www.canadiantire.ca/fr/pdp/interrupteur-a-bascule-triple-leviton-01755-712-decora-aucune-mise-a-la-terre-15-a-120-v-blanc-0528245p.html,https://www.canadiantire.ca/fr/pdp/interrupteur-a-bascule-triple-leviton-01755-712-decora-aucune-mise-a-la-terre-15-a-120-v-blanc-0528245p.html,https://media-www.canadiantire.ca/product/fixing/electrical/rough-electrical/0528245/decorative-3-rocker-white-combination-switch-6a766c3b-5cdd-4e4c-a9a1-4578ca4791d7-jpgrendition.jpg?im=whresize&wid=200&hei=200,https://media-www.canadiantire.ca/product/fixing/electrical/rough-electrical/0528245/decorative-3-rocker-white-combination-switch-6a766c3b-5cdd-4e4c-a9a1-4578ca4791d7-jpgrendition.jpg?im=whresize&wid=200&hei=200,,0528245,052-8245-6,Il n’en reste que 1 #052-8245-6,Liquidation◊Mieux notés,70.79,"9,93","33,99"
170,"Bowmanville, ON","Crochets torsadés CANVAS Horizon, noir, paq. 16","Crochets torsadés CANVAS Horizon, noir, paq. 16",3.93,"3,93 $",8.99,"Était±  8,99 $prix était 8,99 $",3.93,"3,93 $",3.93,"3,93 $",true,https://www.canadiantire.ca/fr/pdp/crochets-torsades-canvas-horizon-noir-paq-16-1881317p.html,https://www.canadiantire.ca/fr/pdp/crochets-torsades-canvas-horizon-noir-paq-16-1881317p.html,https://media-www.canadiantire.ca/product/seasonal-gardening/backyard-living/outdoor-furniture/1881317/canvas-horizon-twist-hooks-16-pack-86cb6865-519b-4c50-8253-76b59ebcaf65-jpgrendition.jpg?im=whresize&wid=200&hei=200,https://media-www.canadiantire.ca/product/seasonal-gardening/backyard-living/outdoor-furniture/1881317/canvas-horizon-twist-hooks-16-pack-86cb6865-519b-4c50-8253-76b59ebcaf65-jpgrendition.jpg?im=whresize&wid=200&hei=200,,1881317,188-1317-6,Il n’en reste que 1 #188-1317-6,Liquidation◊Exclusivité,56.28,"3,93","8,99"
170,"Bowmanville, ON","Collier pour chien en cuir avec rivets pointus Petco, réglable, tailles variées, noir","Collier pour chien en cuir avec rivets pointus Petco, réglable, tailles variées, noir",14.93,"14,93 $",39.99,"39,99 $Était   et+ prix était à partir de 39,99 $",14.93,"14,93 $",14.93,"14,93 $",true,https://www.canadiantire.ca/fr/pdp/collier-pour-chien-en-cuir-avec-rivets-pointus-petco-reglable-tailles-variees-noir-1429497p.html,https://www.canadiantire.ca/fr/pdp/collier-pour-chien-en-cuir-avec-rivets-pointus-petco-reglable-tailles-variees-noir-1429497p.html,https://media-www.canadiantire.ca/product/living/pet-care/pet-accessories/1429496/petco-leather-black-spike-collar-lg-ff621fbe-9e6f-474c-9905-8ba18a3ed543-jpgrendition.jpg?im=whresize&wid=200&hei=200,https://media-www.canadiantire.ca/product/living/pet-care/pet-accessories/1429496/petco-leather-black-spike-collar-lg-ff621fbe-9e6f-474c-9905-8ba18a3ed543-jpgrendition.jpg?im=whresize&wid=200&hei=200,,1429497,142-9496,Vérifiez la disponibilité#142-9496X,Liquidation◊Mieux notés,62.67,"14,93","39,99"
170,"Bowmanville, ON","Robinet droit BrassCraft, raccord femelle à braser et bille, laiton brut, 1/2 x 1/2 po","Robinet droit BrassCraft, raccord femelle à braser et bille, laiton brut, 1/2 x 1/2 po",7.93,"7,93 $",16.99,"Était±  16,99 $prix était 16,99 $",7.93,"7,93 $",7.93,"7,93 $",true,https://www.canadiantire.ca/fr/pdp/robinet-droit-brasscraft-raccord-femelle-a-braser-et-bille-laiton-brut-1-2-x-1-2-po-0633655p.html,https://www.canadiantire.ca/fr/pdp/robinet-droit-brasscraft-raccord-femelle-a-braser-et-bille-laiton-brut-1-2-x-1-2-po-0633655p.html,https://media-www.canadiantire.ca/product/fixing/plumbing/rough-plumbing/0633655/dahl-mini-ball-valve-1-2-copper-x-copper-9763a231-5af0-4816-84a3-00283cf93169-jpgrendition.jpg?im=whresize&wid=200&hei=200,https://media-www.canadiantire.ca/product/fixing/plumbing/rough-plumbing/0633655/dahl-mini-ball-valve-1-2-copper-x-copper-9763a231-5af0-4816-84a3-00283cf93169-jpgrendition.jpg?im=whresize&wid=200&hei=200,,0633655,063-3655-4,9 En Stock#063-3655-4,Liquidation◊,53.33,"7,93","16,99"
170,"Bowmanville, ON","Lame à déchaumer universelle pour tondeuse Atlas, 16 po","Lame à déchaumer universelle pour tondeuse Atlas, 16 po",29.93,"29,93 $",59.99,"Était±  59,99 $prix était 59,99 $",29.93,"29,93 $",29.93,"29,93 $",true,https://www.canadiantire.ca/fr/pdp/lame-a-dechaumer-universelle-pour-tondeuse-atlas-16-po-0607131p.html,https://www.canadiantire.ca/fr/pdp/lame-a-dechaumer-universelle-pour-tondeuse-atlas-16-po-0607131p.html,https://media-www.canadiantire.ca/product/seasonal-gardening/outdoor-tools/ope-parts-accessories/0607131/16-universal-dethatching-blade-972d9957-2ad6-4dda-a811-0fa984bd60a7-jpgrendition.jpg?im=whresize&wid=200&hei=200,https://media-www.canadiantire.ca/product/seasonal-gardening/outdoor-tools/ope-parts-accessories/0607131/16-universal-dethatching-blade-972d9957-2ad6-4dda-a811-0fa984bd60a7-jpgrendition.jpg?im=whresize&wid=200&hei=200,,0607131,060-7131-2,Il n’en reste que 3 #060-7131-2,Liquidation◊,50.11,"29,93","59,99"
170,"Bowmanville, ON",Connecteur 7 voies VR vers rond 6 voies et plat 4 et 5 fils Hopkins Towing Solution Endurance Multi-Tow,Connecteur 7 voies VR vers rond 6 voies et plat 4 et 5 fils Hopkins Towing Solution Endurance Multi-Tow,19.93,"19,93 $",42.99,"Était±  42,99 $prix était 42,99 $",19.93,"19,93 $",19.93,"19,93 $",true,https://www.canadiantire.ca/fr/pdp/connecteur-7-voies-vr-vers-rond-6-voies-et-plat-4-et-5-fils-hopkins-towing-solution-endurance-multi-tow-0409679p.html,https://www.canadiantire.ca/fr/pdp/connecteur-7-voies-vr-vers-rond-6-voies-et-plat-4-et-5-fils-hopkins-towing-solution-endurance-multi-tow-0409679p.html,https://media-www.canadiantire.ca/product/automotive/automotive-outdoor-adventure/auto-travel-storage/0409679/endurance-multi-tow-7-rv-to-6-round-4-and-5-wire-flat-16fbcd7a-1e3c-461a-8663-603a7ed77f74-jpgrendition.jpg?im=whresize&wid=200&hei=200,https://media-www.canadiantire.ca/product/automotive/automotive-outdoor-adventure/auto-travel-storage/0409679/endurance-multi-tow-7-rv-to-6-round-4-and-5-wire-flat-16fbcd7a-1e3c-461a-8663-603a7ed77f74-jpgrendition.jpg?im=whresize&wid=200&hei=200,,0409679,040-9679-6,Il n’en reste que 1 #040-9679-6,Liquidation◊Mieux notés,53.64,"19,93","42,99"
170,"Bowmanville, ON","Masque de plongée teinté antibuée pour jeunes et adultes Bestway Hydro-ProMC, G/TG, bleu","Masque de plongée teinté antibuée pour jeunes et adultes Bestway Hydro-ProMC, G/TG, bleu",34.95,"34,95 $",79.99,"Était±  79,99 $prix était 79,99 $",34.95,"34,95 $",34.95,"34,95 $",true,https://www.canadiantire.ca/fr/pdp/masque-de-plongee-teinte-antibuee-pour-jeunes-et-adultes-bestway-hydro-promc-g-tg-bleu-0813870p.html,https://www.canadiantire.ca/fr/pdp/masque-de-plongee-teinte-antibuee-pour-jeunes-et-adultes-bestway-hydro-promc-g-tg-bleu-0813870p.html,https://media-www.canadiantire.ca/product/seasonal-gardening/backyard-fun/pool-fun/0813870/hydro-force-flowtech-snorkeling-mask-l-xl-6d97dc69-f8ce-493e-9903-58b92212e931-jpgrendition.jpg?im=whresize&wid=200&hei=200,https://media-www.canadiantire.ca/product/seasonal-gardening/backyard-fun/pool-fun/0813870/hydro-force-flowtech-snorkeling-mask-l-xl-6d97dc69-f8ce-493e-9903-58b92212e931-jpgrendition.jpg?im=whresize&wid=200&hei=200,,0813870,081-3870-6,9 En Stock#081-3870-6,Liquidation◊,56.31,"34,95","79,99"
170,"Bowmanville, ON","Housses de siège AutoTrends, jacquard gaufré et cuir, paq. 2","Housses de siège AutoTrends, jacquard gaufré et cuir, paq. 2",29.95,"29,95 $",72.99,"Était±  72,99 $prix était 72,99 $",29.95,"29,95 $",29.95,"29,95 $",true,https://www.canadiantire.ca/fr/pdp/housses-de-siege-autotrends-jacquard-gaufre-et-cuir-paq-2-0329035p.html,https://www.canadiantire.ca/fr/pdp/housses-de-siege-autotrends-jacquard-gaufre-et-cuir-paq-2-0329035p.html,https://media-www.canadiantire.ca/product/automotive/car-care-accessories/auto-comfort/0329035/autotrends-embossed-jaquard-with-leather-seat-covers-2-pk-1aa01ca9-c82e-4dc6-b39f-c37640d34651-jpgrendition.jpg?im=whresize&wid=200&hei=200,https://media-www.canadiantire.ca/product/automotive/car-care-accessories/auto-comfort/0329035/autotrends-embossed-jaquard-with-leather-seat-covers-2-pk-1aa01ca9-c82e-4dc6-b39f-c37640d34651-jpgrendition.jpg?im=whresize&wid=200&hei=200,,0329035,032-9035-8,Il n’en reste que 1 #032-9035-8,Liquidation◊Exclusivité,58.97,"29,95","72,99"
170,"Bowmanville, ON","Plaque murale en nylon pour interrupteur à bascule Leviton 0PJ26-747, taille intermédiaire, 1 dispositif, amande pâle","Plaque murale en nylon pour interrupteur à bascule Leviton 0PJ26-747, taille intermédiaire, 1 dispositif, amande pâle",0.25,"0,25 $",1.99,"Était±  1,99 $prix était 1,99 $",0.25,"0,25 $",0.25,"0,25 $",true,https://www.canadiantire.ca/fr/pdp/plaque-murale-en-nylon-pour-interrupteur-a-bascule-leviton-0pj26-747-taille-intermediaire-1-dispositif-amande-pale-0522899p.html,https://www.canadiantire.ca/fr/pdp/plaque-murale-en-nylon-pour-interrupteur-a-bascule-leviton-0pj26-747-taille-intermediaire-1-dispositif-amande-pale-0522899p.html,https://media-www.canadiantire.ca/product/fixing/electrical/rough-electrical/0522899/decora-wallplate-1-gang-light-almond-midway-size-c5675d50-2133-4de8-8024-48e62f8bfff0-jpgrendition.jpg?im=whresize&wid=200&hei=200,https://media-www.canadiantire.ca/product/fixing/electrical/rough-electrical/0522899/decora-wallplate-1-gang-light-almond-midway-size-c5675d50-2133-4de8-8024-48e62f8bfff0-jpgrendition.jpg?im=whresize&wid=200&hei=200,,0522899,052-2899-6,Il n’en reste que 4 #052-2899-6,Liquidation◊Mieux notés,87.44,"0,25","1,99"
170,"Bowmanville, ON",Voyant DEL magnétique rechargeable Hendo,Voyant DEL magnétique rechargeable Hendo,19.93,"19,93 $",69.99,"Était±  69,99 $prix était 69,99 $",19.93,"19,93 $",19.93,"19,93 $",true,https://www.canadiantire.ca/fr/pdp/voyant-del-magnetique-rechargeable-hendo-0203808p.html,https://www.canadiantire.ca/fr/pdp/voyant-del-magnetique-rechargeable-hendo-0203808p.html,https://media-www.canadiantire.ca/product/automotive/automotive-outdoor-adventure/auto-travel-storage/0203808/hendo-led-magnetic-warning-light-24e78bc8-818b-4494-932f-8a78235b21e7-jpgrendition.jpg?im=whresize&wid=200&hei=200,https://media-www.canadiantire.ca/product/automotive/automotive-outdoor-adventure/auto-travel-storage/0203808/hendo-led-magnetic-warning-light-24e78bc8-818b-4494-932f-8a78235b21e7-jpgrendition.jpg?im=whresize&wid=200&hei=200,,0203808,020-3808-4,Il n’en reste que 2 #020-3808-4,Liquidation◊Exclusivité,71.52,"19,93","69,99"
170,"Bowmanville, ON","Dandinettes en tungstène Eagle Claw, Arctic/Disco Dream, P5","Dandinettes en tungstène Eagle Claw, Arctic/Disco Dream, P5",6.93,"6,93 $",13.99,"Était±  13,99 $prix était 13,99 $",6.93,"6,93 $",6.93,"6,93 $",true,https://www.canadiantire.ca/fr/pdp/dandinettes-en-tungstene-eagle-claw-arctic-disco-dream-p5-0774592p.html,https://www.canadiantire.ca/fr/pdp/dandinettes-en-tungstene-eagle-claw-arctic-disco-dream-p5-0774592p.html,https://media-www.canadiantire.ca/product/playing/fishing/ice-fishing/0774592/eagle-claw-arctic-disco-dream-tungsten-jig-kit-5-pc-743362c6-6b86-4b4b-8e5f-c2575add988a-jpgrendition.jpg?im=whresize&wid=200&hei=200,https://media-www.canadiantire.ca/product/playing/fishing/ice-fishing/0774592/eagle-claw-arctic-disco-dream-tungsten-jig-kit-5-pc-743362c6-6b86-4b4b-8e5f-c2575add988a-jpgrendition.jpg?im=whresize&wid=200&hei=200,,0774592,077-4592-4,Il n’en reste que 3 #077-4592-4,Liquidation◊Mieux notés,50.46,"6,93","13,99"
170,"Bowmanville, ON","Graco 243104 Pump Armor pour pulvérisateur à peinture Graco, 1 pinte","Graco 243104 Pump Armor pour pulvérisateur à peinture Graco, 1 pinte",5.93,"5,93 $",19.99,"Était±  19,99 $prix était 19,99 $",5.93,"5,93 $",5.93,"5,93 $",true,https://www.canadiantire.ca/fr/pdp/graco-243104-pump-armor-pour-pulverisateur-a-peinture-graco-1-pinte-0492557p.html,https://www.canadiantire.ca/fr/pdp/graco-243104-pump-armor-pour-pulverisateur-a-peinture-graco-1-pinte-0492557p.html,https://media-www.canadiantire.ca/product/fixing/paint/paint-accessories/0492557/pump-armour-1-qt--4a05a15e-d9e9-4c78-be7b-268efe83f962-jpgrendition.jpg?im=whresize&wid=200&hei=200,https://media-www.canadiantire.ca/product/fixing/paint/paint-accessories/0492557/pump-armour-1-qt--4a05a15e-d9e9-4c78-be7b-268efe83f962-jpgrendition.jpg?im=whresize&wid=200&hei=200,,0492557,049-2557-0,Il n’en reste que 1 #049-2557-0,Liquidation◊,70.34,"5,93","19,99"
170,"Bowmanville, ON","Lampe de travail portative à DEL sans fil au lithium-ion 20 V Max Mastercraft, 850 lumens, outil seulement, compatible avec PWR POD","Lampe de travail portative à DEL sans fil au lithium-ion 20 V Max Mastercraft, 850 lumens, outil seulement, compatible avec PWR POD",29.93,"29,93 $",77.99,"Était±  77,99 $prix était 77,99 $",29.93,"29,93 $",29.93,"29,93 $",true,https://www.canadiantire.ca/fr/pdp/lampe-de-travail-portative-a-del-sans-fil-au-lithium-ion-20-v-max-mastercraft-850-lumens-outil-seulement-compatible-avec-pwr-pod-0544267p.html,https://www.canadiantire.ca/fr/pdp/lampe-de-travail-portative-a-del-sans-fil-au-lithium-ion-20-v-max-mastercraft-850-lumens-outil-seulement-compatible-avec-pwr-pod-0544267p.html,https://media-www.canadiantire.ca/product/fixing/tools/portable-power-tools/0544267/mastercraft-20v-li-ion-area-light-bare-tool-371d980b-bc83-44e6-9589-782ec6883a2d-jpgrendition.jpg?im=whresize&wid=200&hei=200,https://media-www.canadiantire.ca/product/fixing/tools/portable-power-tools/0544267/mastercraft-20v-li-ion-area-light-bare-tool-371d980b-bc83-44e6-9589-782ec6883a2d-jpgrendition.jpg?im=whresize&wid=200&hei=200,,0544267,054-4267-4,Il n’en reste que 2 #054-4267-4,Liquidation◊Mieux notés,61.62,"29,93","77,99"
170,"Bowmanville, ON","Nappe en plastique réutilisable toile d'araignée, blanc/noir, 54 x 108 po, décoration de table pour l'Halloween","Nappe en plastique réutilisable toile d'araignée, blanc/noir, 54 x 108 po, décoration de table pour l'Halloween",0.93,"0,93 $",2.99,"Était±  2,99 $prix était 2,99 $",0.93,"0,93 $",0.93,"0,93 $",true,https://www.canadiantire.ca/fr/pdp/nappe-en-plastique-reutilisable-toile-d-araignee-blanc-noir-54-x-108-po-decoration-de-table-pour-l-halloween-8550204p.html,https://www.canadiantire.ca/fr/pdp/nappe-en-plastique-reutilisable-toile-d-araignee-blanc-noir-54-x-108-po-decoration-de-table-pour-l-halloween-8550204p.html,https://media-www.canadiantire.ca/product/automotive/party-city-seasonal/party-city-halloween-harvest/8550204/spider-web-night-clear-tablecover-de77c8fc-42b1-4b72-87c0-fd8177ea0293-jpgrendition.jpg?im=whresize&wid=200&hei=200,https://media-www.canadiantire.ca/product/automotive/party-city-seasonal/party-city-halloween-harvest/8550204/spider-web-night-clear-tablecover-de77c8fc-42b1-4b72-87c0-fd8177ea0293-jpgrendition.jpg?im=whresize&wid=200&hei=200,,8550204,855-0204-2,,Liquidation◊Mieux notés,68.9,"0,93","2,99"
170,"Bowmanville, ON","Collier lune et étoile pour chatons Petco avec clochette amovible, bleu","Collier lune et étoile pour chatons Petco avec clochette amovible, bleu",2.95,"2,95 $",9.99,"Était±  9,99 $prix était 9,99 $",2.95,"2,95 $",2.95,"2,95 $",true,https://www.canadiantire.ca/fr/pdp/collier-lune-et-etoile-pour-chatons-petco-avec-clochette-amovible-bleu-1426555p.html,https://www.canadiantire.ca/fr/pdp/collier-lune-et-etoile-pour-chatons-petco-avec-clochette-amovible-bleu-1426555p.html,https://media-www.canadiantire.ca/product/living/pet-care/pet-accessories/1426555/petco-moon-and-star-kitten-collar-cad1bc33-1020-44bf-8193-6179309d0d0c-jpgrendition.jpg?im=whresize&wid=200&hei=200,https://media-www.canadiantire.ca/product/living/pet-care/pet-accessories/1426555/petco-moon-and-star-kitten-collar-cad1bc33-1020-44bf-8193-6179309d0d0c-jpgrendition.jpg?im=whresize&wid=200&hei=200,,1426555,142-6555-6,33 En Stock#142-6555-6,Liquidation◊Mieux notés,70.47,"2,95","9,99"
170,"Bowmanville, ON","Teinture à bois à base d'eau Minwax, opaque, 946 mL","Teinture à bois à base d'eau Minwax, opaque, 946 mL",7.93,"7,93 $",29.99,"29,99 $Était   et+ prix était à partir de 29,99 $",7.93,"7,93 $",7.93,"7,93 $",true,https://www.canadiantire.ca/fr/pdp/teinture-a-bois-a-base-d-eau-minwax-opaque-946-ml-0480941p.html,https://www.canadiantire.ca/fr/pdp/teinture-a-bois-a-base-d-eau-minwax-opaque-946-ml-0480941p.html,https://media-www.canadiantire.ca/product/fixing/paint/paints/0480943/minwax-water-based-solid-wood-stain-classic-gray-946ml-76bd923d-4c29-47e7-90f5-88e322e1512b-jpgrendition.jpg?im=whresize&wid=200&hei=200,https://media-www.canadiantire.ca/product/fixing/paint/paints/0480943/minwax-water-based-solid-wood-stain-classic-gray-946ml-76bd923d-4c29-47e7-90f5-88e322e1512b-jpgrendition.jpg?im=whresize&wid=200&hei=200,,0480941,048-0941,Vérifiez la disponibilité#048-0941X,Liquidation◊,73.56,"7,93","29,99"
170,"Bowmanville, ON",Hameçon en faucille Xcalibur Octopus,Hameçon en faucille Xcalibur Octopus,1.95,"1,95 $",3.99,"3,99 $Était   et+ prix était à partir de 3,99 $",1.95,"1,95 $",1.95,"1,95 $",true,https://www.canadiantire.ca/fr/pdp/hamecon-en-faucille-xcalibur-octopus-0770366p.html,https://www.canadiantire.ca/fr/pdp/hamecon-en-faucille-xcalibur-octopus-0770366p.html,https://media-www.canadiantire.ca/product/playing/fishing/fishing-lures/0770366/matzuo-octopus-sickle-size-6-7ef44089-7bd0-4794-a1f8-2f0cdbbdac95-jpgrendition.jpg?im=whresize&wid=200&hei=200,https://media-www.canadiantire.ca/product/playing/fishing/fishing-lures/0770366/matzuo-octopus-sickle-size-6-7ef44089-7bd0-4794-a1f8-2f0cdbbdac95-jpgrendition.jpg?im=whresize&wid=200&hei=200,,0770366,077-0366,Vérifiez la disponibilité#077-0366X,Liquidation◊Mieux notés,51.13,"1,95","3,99"
170,"Bowmanville, ON","Barre d’alimentation Globe à 3 prises et 2 ports USB, cordon recouvert de tissu de 5 pi et prise à angle droit, blanc/gris","Barre d’alimentation Globe à 3 prises et 2 ports USB, cordon recouvert de tissu de 5 pi et prise à angle droit, blanc/gris",7.95,"7,95 $",39.99,"Était±  39,99 $prix était 39,99 $",7.95,"7,95 $",7.95,"7,95 $",true,https://www.canadiantire.ca/fr/pdp/barre-d-alimentation-globe-a-3-prises-et-2-ports-usb-cordon-recouvert-de-tissu-de-5-pi-et-prise-a-angle-droit-blanc-gris-0529629p.html,https://www.canadiantire.ca/fr/pdp/barre-d-alimentation-globe-a-3-prises-et-2-ports-usb-cordon-recouvert-de-tissu-de-5-pi-et-prise-a-angle-droit-blanc-gris-0529629p.html,https://media-www.canadiantire.ca/product/fixing/electrical/power-bars-extension-cords-timers/0529629/globe-3-outlet-power-cube-2-usb-5-designer-cord-white-grey-b8ea9deb-a1a3-4f23-bd6c-e8eb57cf30bc-jpgrendition.jpg?im=whresize&wid=200&hei=200,https://media-www.canadiantire.ca/product/fixing/electrical/power-bars-extension-cords-timers/0529629/globe-3-outlet-power-cube-2-usb-5-designer-cord-white-grey-b8ea9deb-a1a3-4f23-bd6c-e8eb57cf30bc-jpgrendition.jpg?im=whresize&wid=200&hei=200,,0529629,052-9629-8,46 En Stock#052-9629-8,Liquidation◊Mieux notés,80.12,"7,95","39,99"
170,"Bowmanville, ON","Leurre Northland Weed Weasel, 1/8 oz","Leurre Northland Weed Weasel, 1/8 oz",2.93,"2,93 $",6.99,"6,99 $Était   et+ prix était à partir de 6,99 $",2.93,"2,93 $",2.93,"2,93 $",true,https://www.canadiantire.ca/fr/pdp/leurre-northland-weed-weasel-1-8-oz-0780669p.html,https://www.canadiantire.ca/fr/pdp/leurre-northland-weed-weasel-1-8-oz-0780669p.html,https://media-www.canadiantire.ca/product/playing/fishing/fishing-lures/0780669/northland-tackle-rainbow-spinner-yellow-rainbow-4-86358750-53d9-4cb2-83aa-becd74c8d121-jpgrendition.jpg?im=whresize&wid=200&hei=200,https://media-www.canadiantire.ca/product/playing/fishing/fishing-lures/0780669/northland-tackle-rainbow-spinner-yellow-rainbow-4-86358750-53d9-4cb2-83aa-becd74c8d121-jpgrendition.jpg?im=whresize&wid=200&hei=200,,0780669,078-0669,Vérifiez la disponibilité#078-0669X,Liquidation◊Mieux notés,58.08,"2,93","6,99"
170,"Bowmanville, ON","Bande lumineuse intelligente à DEL RVB Wi-Fi Globe Electric, 5 m/16,4 pi","Bande lumineuse intelligente à DEL RVB Wi-Fi Globe Electric, 5 m/16,4 pi",39.93,"39,93 $",99.99,"Était±  99,99 $prix était 99,99 $",39.93,"39,93 $",39.93,"39,93 $",true,https://www.canadiantire.ca/fr/pdp/bande-lumineuse-intelligente-a-del-rvb-wi-fi-globe-electric-5-m-16-4-pi-0529789p.html,https://www.canadiantire.ca/fr/pdp/bande-lumineuse-intelligente-a-del-rvb-wi-fi-globe-electric-5-m-16-4-pi-0529789p.html,https://media-www.canadiantire.ca/product/fixing/electrical/lighting/0529789/globe-smart-rgb-led-strip-light-5m-a7a99415-6080-43d8-8d9f-b32d8467837a-jpgrendition.jpg?im=whresize&wid=200&hei=200,https://media-www.canadiantire.ca/product/fixing/electrical/lighting/0529789/globe-smart-rgb-led-strip-light-5m-a7a99415-6080-43d8-8d9f-b32d8467837a-jpgrendition.jpg?im=whresize&wid=200&hei=200,,0529789,052-9789-6,Il n’en reste que 6 #052-9789-6,Liquidation◊,60.07,"39,93","99,99"
170,"Bowmanville, ON","Ballon en aluminium satiné Baby en lettres attachées, choix de couleurs, 39 x 33 po, gonflé à l'air, pour fête prénatale ou de dévoilement du sexe","Ballon en aluminium satiné Baby en lettres attachées, choix de couleurs, 39 x 33 po, gonflé à l'air, pour fête prénatale ou de dévoilement du sexe",0.43,"0,43 $",8.99,"8,99 $Était   et+ prix était à partir de 8,99 $",0.43,"0,43 $",0.43,"0,43 $",true,https://www.canadiantire.ca/fr/pdp/ballon-en-aluminium-satine-baby-en-lettres-attachees-choix-de-couleurs-39-x-33-po-gonfle-a-l-air-pour-fete-prenatale-ou-de-devoilement-du-sexe-8423775p.html,https://www.canadiantire.ca/fr/pdp/ballon-en-aluminium-satine-baby-en-lettres-attachees-choix-de-couleurs-39-x-33-po-gonfle-a-l-air-pour-fete-prenatale-ou-de-devoilement-du-sexe-8423775p.html,https://media-www.canadiantire.ca/product/seasonal-gardening/party-city-everyday/party-city-party-supplies-decor/8423776/mini-gld-fl-bln-a-f-scrpt-baby-cfeac9f6-bf0f-4c81-9208-352380614bad-jpgrendition.jpg?im=whresize&wid=200&hei=200,https://media-www.canadiantire.ca/product/seasonal-gardening/party-city-everyday/party-city-party-supplies-decor/8423776/mini-gld-fl-bln-a-f-scrpt-baby-cfeac9f6-bf0f-4c81-9208-352380614bad-jpgrendition.jpg?im=whresize&wid=200&hei=200,,8423775,842-3775,Vérifiez la disponibilité#842-3775X,Liquidation◊Mieux notés,95.22,"0,43","8,99"
170,"Bowmanville, ON","Figurine interactive acolyte Rêve Disney Wish, 3 ans et plus","Figurine interactive acolyte Rêve Disney Wish, 3 ans et plus",10.93,"10,93 $",22.99,"Était±  22,99 $prix était 22,99 $",10.93,"10,93 $",10.93,"10,93 $",true,https://www.canadiantire.ca/fr/pdp/figurine-interactive-acolyte-reve-disney-wish-3-ans-et-plus-1501716p.html,https://www.canadiantire.ca/fr/pdp/figurine-interactive-acolyte-reve-disney-wish-3-ans-et-plus-1501716p.html,https://media-www.canadiantire.ca/product/seasonal-gardening/toys/toys-games/1501716/disney-wish-feature-sidekick-0866a880-8247-47a4-8a47-aed31a7cd26e-jpgrendition.jpg?im=whresize&wid=200&hei=200,https://media-www.canadiantire.ca/product/seasonal-gardening/toys/toys-games/1501716/disney-wish-feature-sidekick-0866a880-8247-47a4-8a47-aed31a7cd26e-jpgrendition.jpg?im=whresize&wid=200&hei=200,,1501716,150-1716-4,Il n’en reste que 2 #150-1716-4,Liquidation◊Mieux notés,52.46,"10,93","22,99"
170,"Bowmanville, ON","Pneu de vélo de ville avant et arrière Kenda K193, noir, 700 x 32C","Pneu de vélo de ville avant et arrière Kenda K193, noir, 700 x 32C",12.93,"12,93 $",31.99,"Était±  31,99 $prix était 31,99 $",12.93,"12,93 $",12.93,"12,93 $",true,https://www.canadiantire.ca/fr/pdp/pneu-de-velo-de-ville-avant-et-arriere-kenda-k193-noir-700-x-32c-0737274p.html,https://www.canadiantire.ca/fr/pdp/pneu-de-velo-de-ville-avant-et-arriere-kenda-k193-noir-700-x-32c-0737274p.html,https://media-www.canadiantire.ca/product/playing/cycling/bicycle-accessories/0737274/kenda-k193-700cx32c-urban-bike-tire-5735406e-a8dd-47ec-8cda-e09fec18add4-jpgrendition.jpg?im=whresize&wid=200&hei=200,https://media-www.canadiantire.ca/product/playing/cycling/bicycle-accessories/0737274/kenda-k193-700cx32c-urban-bike-tire-5735406e-a8dd-47ec-8cda-e09fec18add4-jpgrendition.jpg?im=whresize&wid=200&hei=200,,0737274,073-7274-2,Il n’en reste que 1 #073-7274-2,Liquidation◊Mieux notés,59.58,"12,93","31,99"
170,"Bowmanville, ON","Colliers de fleurs à franges à porter 2 tons, multicolore, taille unique, paq. 6, pour festivités tropicales","Colliers de fleurs à franges à porter 2 tons, multicolore, taille unique, paq. 6, pour festivités tropicales",1.93,"1,93 $",3.99,"Était±  3,99 $prix était 3,99 $",1.93,"1,93 $",1.93,"1,93 $",true,https://www.canadiantire.ca/fr/pdp/colliers-de-fleurs-a-franges-a-porter-2-tons-multicolore-taille-unique-paq-6-pour-festivites-tropicales-8422165p.html,https://www.canadiantire.ca/fr/pdp/colliers-de-fleurs-a-franges-a-porter-2-tons-multicolore-taille-unique-paq-6-pour-festivites-tropicales-8422165p.html,https://media-www.partycity.ca/product/seasonal-gardening/party-city-seasonal/party-city-micro-season-decor/8422165/6pk-multi-poly-frng-lei-28e538f6-0c83-4ae8-9ca8-a0f770652f8b-jpgrendition.jpg?im=whresize&wid=200&hei=200,https://media-www.partycity.ca/product/seasonal-gardening/party-city-seasonal/party-city-micro-season-decor/8422165/6pk-multi-poly-frng-lei-28e538f6-0c83-4ae8-9ca8-a0f770652f8b-jpgrendition.jpg?im=whresize&wid=200&hei=200,,8422165,842-2165-2,15 En Stock#842-2165-2,Liquidation◊,51.63,"1,93","3,99"
170,"Bowmanville, ON","Conquest Scents EverCalm, parfum synthétique calmant pour la chasse, 113 g","Conquest Scents EverCalm, parfum synthétique calmant pour la chasse, 113 g",9.93,"9,93 $",24.99,"Était±  24,99 $prix était 24,99 $",9.93,"9,93 $",9.93,"9,93 $",true,https://www.canadiantire.ca/fr/pdp/conquest-scents-evercalm-parfum-synthetique-calmant-pour-la-chasse-113-g-3751249p.html,https://www.canadiantire.ca/fr/pdp/conquest-scents-evercalm-parfum-synthetique-calmant-pour-la-chasse-113-g-3751249p.html,https://media-www.canadiantire.ca/product/playing/hunting/hunting-accessories/3751249/conquest-scents-synthetic-evercalm-liquid-4-oz-eeec9c15-4ccc-4866-bccb-3193301b4978-jpgrendition.jpg?im=whresize&wid=200&hei=200,https://media-www.canadiantire.ca/product/playing/hunting/hunting-accessories/3751249/conquest-scents-synthetic-evercalm-liquid-4-oz-eeec9c15-4ccc-4866-bccb-3193301b4978-jpgrendition.jpg?im=whresize&wid=200&hei=200,,3751249,375-1249-2,Il n’en reste que 4 #375-1249-2,Liquidation◊,60.26,"9,93","24,99"
170,"Bowmanville, ON","Chapeau cloche à facteur de protection solaire (FPS) 50+ Speedo pour enfants avec sangle pour le menton, rose","Chapeau cloche à facteur de protection solaire (FPS) 50+ Speedo pour enfants avec sangle pour le menton, rose",7.93,"7,93 $",15.99,"Était±  15,99 $prix était 15,99 $",7.93,"7,93 $",7.93,"7,93 $",true,https://www.canadiantire.ca/fr/pdp/chapeau-cloche-a-facteur-de-protection-solaire-fps-50-speedo-pour-enfants-avec-sangle-pour-le-menton-rose-0810212p.html,https://www.canadiantire.ca/fr/pdp/chapeau-cloche-a-facteur-de-protection-solaire-fps-50-speedo-pour-enfants-avec-sangle-pour-le-menton-rose-0810212p.html,https://media-www.canadiantire.ca/product/seasonal-gardening/backyard-fun/pool-fun/0810212/speedo-bucket-hat-pink-70339610-f51c-43b5-ade8-e77c151f08fe-jpgrendition.jpg?im=whresize&wid=200&hei=200,https://media-www.canadiantire.ca/product/seasonal-gardening/backyard-fun/pool-fun/0810212/speedo-bucket-hat-pink-70339610-f51c-43b5-ade8-e77c151f08fe-jpgrendition.jpg?im=whresize&wid=200&hei=200,,0810212,081-0212-2,11 En Stock#081-0212-2,Liquidation◊Exclusivité,50.41,"7,93","15,99"
170,"Bowmanville, ON","Gradateur à palette à préréglage DEL/CFL Legrand RHCL453PNI Radiant, 700 W, incandescent/halogène, 450 W, DEL/CFL, nickel","Gradateur à palette à préréglage DEL/CFL Legrand RHCL453PNI Radiant, 700 W, incandescent/halogène, 450 W, DEL/CFL, nickel",7.95,"7,95 $",54.99,"Était±  54,99 $prix était 54,99 $",7.95,"7,95 $",7.95,"7,95 $",true,https://www.canadiantire.ca/fr/pdp/gradateur-a-palette-a-prereglage-del-cfl-legrand-rhcl453pni-radiant-700-w-incandescent-halogene-450-w-del-cfl-nickel-0529159p.html,https://www.canadiantire.ca/fr/pdp/gradateur-a-palette-a-prereglage-del-cfl-legrand-rhcl453pni-radiant-700-w-incandescent-halogene-450-w-del-cfl-nickel-0529159p.html,https://media-www.canadiantire.ca/product/fixing/electrical/rough-electrical/0529159/radiant-cfl-led-450-dimmer-nickel-b2c0e194-802f-4f15-beff-847a67a74c23-jpgrendition.jpg?im=whresize&wid=200&hei=200,https://media-www.canadiantire.ca/product/fixing/electrical/rough-electrical/0529159/radiant-cfl-led-450-dimmer-nickel-b2c0e194-802f-4f15-beff-847a67a74c23-jpgrendition.jpg?im=whresize&wid=200&hei=200,,0529159,052-9159-6,27 En Stock#052-9159-6,Liquidation◊Mieux notés,85.54,"7,95","54,99"
170,"Bowmanville, ON","Connecteur plat 4 fils côté véhicule voyant d'essai à DEL Hopkins, 48 po","Connecteur plat 4 fils côté véhicule voyant d'essai à DEL Hopkins, 48 po",5.93,"5,93 $",12.99,"Était±  12,99 $prix était 12,99 $",5.93,"5,93 $",5.93,"5,93 $",true,https://www.canadiantire.ca/fr/pdp/connecteur-plat-4-fils-cote-vehicule-voyant-d-essai-a-del-hopkins-48-po-1407226p.html,https://www.canadiantire.ca/fr/pdp/connecteur-plat-4-fils-cote-vehicule-voyant-d-essai-a-del-hopkins-48-po-1407226p.html,https://media-www.canadiantire.ca/product/automotive/automotive-outdoor-adventure/auto-travel-storage/1407226/hopkins-led-test-4-flat-vehicle-side-48-in-a5caad82-c304-4956-acc1-ccbb9eb7b4c5-jpgrendition.jpg?im=whresize&wid=200&hei=200,https://media-www.canadiantire.ca/product/automotive/automotive-outdoor-adventure/auto-travel-storage/1407226/hopkins-led-test-4-flat-vehicle-side-48-in-a5caad82-c304-4956-acc1-ccbb9eb7b4c5-jpgrendition.jpg?im=whresize&wid=200&hei=200,,1407226,140-7226-8,Il n’en reste que 1 #140-7226-8,Liquidation◊Mieux notés,54.35,"5,93","12,99"
170,"Bowmanville, ON",Capteur de mouvement supplémentaire Swann,Capteur de mouvement supplémentaire Swann,14.93,"14,93 $",32.99,"Était±  32,99 $prix était 32,99 $",14.93,"14,93 $",14.93,"14,93 $",true,https://www.canadiantire.ca/fr/pdp/capteur-de-mouvement-supplementaire-swann-0460341p.html,https://www.canadiantire.ca/fr/pdp/capteur-de-mouvement-supplementaire-swann-0460341p.html,https://media-www.canadiantire.ca/product/fixing/hardware/home-safety/0460341/add-on-motion-sensor-7aa4a37a-96e6-491e-ae62-2255e3544051-jpgrendition.jpg?im=whresize&wid=200&hei=200,https://media-www.canadiantire.ca/product/fixing/hardware/home-safety/0460341/add-on-motion-sensor-7aa4a37a-96e6-491e-ae62-2255e3544051-jpgrendition.jpg?im=whresize&wid=200&hei=200,,0460341,046-0341-0,Il n’en reste que 1 #046-0341-0,Liquidation◊Mieux notés,54.74,"14,93","32,99"
170,"Bowmanville, ON",Centre de table en gerbe scintillante 65e anniversaire,Centre de table en gerbe scintillante 65e anniversaire,1.93,"1,93 $",7.99,"Était±  7,99 $prix était 7,99 $",1.93,"1,93 $",1.93,"1,93 $",true,https://www.canadiantire.ca/fr/pdp/centre-de-table-en-gerbe-scintillante-65e-anniversaire-8420183p.html,https://www.canadiantire.ca/fr/pdp/centre-de-table-en-gerbe-scintillante-65e-anniversaire-8420183p.html,https://media-www.partycity.ca/product/seasonal-gardening/party-city-everyday/party-city-party-supplies-decor/8420183/65th-birthday-spray-centerpiece-sparkling-celebration-1f255461-b329-42fb-9142-a1c6b0825350-jpgrendition.jpg?im=whresize&wid=200&hei=200,https://media-www.partycity.ca/product/seasonal-gardening/party-city-everyday/party-city-party-supplies-decor/8420183/65th-birthday-spray-centerpiece-sparkling-celebration-1f255461-b329-42fb-9142-a1c6b0825350-jpgrendition.jpg?im=whresize&wid=200&hei=200,,8420183,842-0183-0,,Liquidation◊Mieux notés,75.84,"1,93","7,99"
170,"Bowmanville, ON","Ampoules intelligentes Edison B11 Geeni LUX, paq. 2","Ampoules intelligentes Edison B11 Geeni LUX, paq. 2",11.93,"11,93 $",32.99,"Était±  32,99 $prix était 32,99 $",11.93,"11,93 $",11.93,"11,93 $",true,https://www.canadiantire.ca/fr/pdp/ampoules-intelligentes-edison-b11-geeni-lux-paq-2-1522576p.html,https://www.canadiantire.ca/fr/pdp/ampoules-intelligentes-edison-b11-geeni-lux-paq-2-1522576p.html,https://media-www.canadiantire.ca/product/fixing/electrical/light-bulbs/1522576/geeni-lux-edison-b11-dimmable-white-smart-bulb-2-pk-64beb2e3-2a1c-4c02-ada2-11e3aca5a802-jpgrendition.jpg?im=whresize&wid=200&hei=200,https://media-www.canadiantire.ca/product/fixing/electrical/light-bulbs/1522576/geeni-lux-edison-b11-dimmable-white-smart-bulb-2-pk-64beb2e3-2a1c-4c02-ada2-11e3aca5a802-jpgrendition.jpg?im=whresize&wid=200&hei=200,,1522576,152-2576-6,Il n’en reste que 1 #152-2576-6,Liquidation◊,63.84,"11,93","32,99"
170,"Bowmanville, ON","Lampe stroboscopique à DEL, ambre","Lampe stroboscopique à DEL, ambre",11.93,"11,93 $",42.99,"Était±  42,99 $prix était 42,99 $",11.93,"11,93 $",11.93,"11,93 $",true,https://www.canadiantire.ca/fr/pdp/lampe-stroboscopique-a-del-ambre-0203968p.html,https://www.canadiantire.ca/fr/pdp/lampe-stroboscopique-a-del-ambre-0203968p.html,https://media-www.canadiantire.ca/product/automotive/automotive-outdoor-adventure/auto-travel-storage/0203968/led-twinstrobz-amber-c3fd96fa-dd9a-4d81-8114-4f8282531c37-jpgrendition.jpg?im=whresize&wid=200&hei=200,https://media-www.canadiantire.ca/product/automotive/automotive-outdoor-adventure/auto-travel-storage/0203968/led-twinstrobz-amber-c3fd96fa-dd9a-4d81-8114-4f8282531c37-jpgrendition.jpg?im=whresize&wid=200&hei=200,,0203968,020-3968-2,Il n’en reste que 1 #020-3968-2,Liquidation◊,72.25,"11,93","42,99"
170,"Bowmanville, ON","Manteau 3-en-1 Outbound Elm pour femmes, bleu","Manteau 3-en-1 Outbound Elm pour femmes, bleu",49.93,"49,93 $",99.99,"99,99 $Était   et+ prix était à partir de 99,99 $",49.93,"49,93 $",49.93,"49,93 $",true,https://www.canadiantire.ca/fr/pdp/manteau-3-en-1-outbound-elm-pour-femmes-bleu-1873757p.html,https://www.canadiantire.ca/fr/pdp/manteau-3-en-1-outbound-elm-pour-femmes-bleu-1873757p.html,https://media-www.canadiantire.ca/product/playing/footwear-apparel/winter-footwear-apparel/1873758/outbound-elm-3-in-1-jacket-black-women-size-s-de97a76c-a309-4476-98e4-31a6cba09c98-jpgrendition.jpg?im=whresize&wid=200&hei=200,https://media-www.canadiantire.ca/product/playing/footwear-apparel/winter-footwear-apparel/1873758/outbound-elm-3-in-1-jacket-black-women-size-s-de97a76c-a309-4476-98e4-31a6cba09c98-jpgrendition.jpg?im=whresize&wid=200&hei=200,,1873757,187-3757,Vérifiez la disponibilité#187-3757X,Liquidation◊Exclusivité,50.07,"49,93","99,99"
170,"Bowmanville, ON","Adaptateur de perceuse Mastercraft, 1/4 po","Adaptateur de perceuse Mastercraft, 1/4 po",1.93,"1,93 $",8.99,"Était±  8,99 $prix était 8,99 $",1.93,"1,93 $",1.93,"1,93 $",true,https://www.canadiantire.ca/fr/pdp/adaptateur-de-perceuse-mastercraft-1-4-po-0547433p.html,https://www.canadiantire.ca/fr/pdp/adaptateur-de-perceuse-mastercraft-1-4-po-0547433p.html,https://media-www.canadiantire.ca/product/fixing/tools/power-tool-accessories/0547433/adaptor-1-4-x-1-4-for-54-7431-flat-wheel-f9c27e34-fc4a-428c-b5fd-f3d7d874240c-jpgrendition.jpg?im=whresize&wid=200&hei=200,https://media-www.canadiantire.ca/product/fixing/tools/power-tool-accessories/0547433/adaptor-1-4-x-1-4-for-54-7431-flat-wheel-f9c27e34-fc4a-428c-b5fd-f3d7d874240c-jpgrendition.jpg?im=whresize&wid=200&hei=200,,0547433,054-7433-0,Il n’en reste que 1 #054-7433-0,Liquidation◊Exclusivité,78.53,"1,93","8,99"
170,"Bowmanville, ON",Prises de dame de nage chromées pour kayak ou canot,Prises de dame de nage chromées pour kayak ou canot,11.93,"11,93 $",29.99,"Était±  29,99 $prix était 29,99 $",11.93,"11,93 $",11.93,"11,93 $",true,https://www.canadiantire.ca/fr/pdp/prises-de-dame-de-nage-chromees-pour-kayak-ou-canot-0792470p.html,https://www.canadiantire.ca/fr/pdp/prises-de-dame-de-nage-chromees-pour-kayak-ou-canot-0792470p.html,https://media-www.canadiantire.ca/product/playing/seasonal-recreation/marine-power-boating/0792470/oar-sockets-chrome-00094463-040e-43c3-85b6-5a093733a7b1-jpgrendition.jpg?im=whresize&wid=200&hei=200,https://media-www.canadiantire.ca/product/playing/seasonal-recreation/marine-power-boating/0792470/oar-sockets-chrome-00094463-040e-43c3-85b6-5a093733a7b1-jpgrendition.jpg?im=whresize&wid=200&hei=200,,0792470,079-2470-2,Il n’en reste que 6 #079-2470-2,Liquidation◊Exclusivité,60.22,"11,93","29,99"
170,"Bowmanville, ON","Lingettes Chemical Guys VRP, transparent, paq. 50","Lingettes Chemical Guys VRP, transparent, paq. 50",6.93,"6,93 $",14.99,"Était±  14,99 $prix était 14,99 $",6.93,"6,93 $",6.93,"6,93 $",true,https://www.canadiantire.ca/fr/pdp/lingettes-chemical-guys-vrp-transparent-paq-50-0396592p.html,https://www.canadiantire.ca/fr/pdp/lingettes-chemical-guys-vrp-transparent-paq-50-0396592p.html,https://media-www.canadiantire.ca/product/automotive/car-care-accessories/auto-cleaning-chemicals/0396592/chemical-guys-vrp-wipes-50-wipes-f38e8ec3-f24c-4155-973b-ac15498d3633-jpgrendition.jpg?im=whresize&wid=200&hei=200,https://media-www.canadiantire.ca/product/automotive/car-care-accessories/auto-cleaning-chemicals/0396592/chemical-guys-vrp-wipes-50-wipes-f38e8ec3-f24c-4155-973b-ac15498d3633-jpgrendition.jpg?im=whresize&wid=200&hei=200,,0396592,039-6592-4,Il n’en reste que 1 #039-6592-4,Liquidation◊,53.77,"6,93","14,99"
170,"Bowmanville, ON","Laisse en corde en cuir véritable réglable pour chien Reddy, 6 pi","Laisse en corde en cuir véritable réglable pour chien Reddy, 6 pi",14.95,"14,95 $",49.99,"Était±  49,99 $prix était 49,99 $",14.95,"14,95 $",14.95,"14,95 $",true,https://www.canadiantire.ca/fr/pdp/laisse-en-corde-en-cuir-veritable-reglable-pour-chien-reddy-6-pi-2425747p.html,https://www.canadiantire.ca/fr/pdp/laisse-en-corde-en-cuir-veritable-reglable-pour-chien-reddy-6-pi-2425747p.html,https://media-www.canadiantire.ca/product/living/pet-care/pet-accessories/2425747/reddy-6-foot-rope-lead-for-dogs-tan-50983f58-055e-47f0-9bc4-e4a4552abd0d-jpgrendition.jpg?im=whresize&wid=200&hei=200,https://media-www.canadiantire.ca/product/living/pet-care/pet-accessories/2425747/reddy-6-foot-rope-lead-for-dogs-tan-50983f58-055e-47f0-9bc4-e4a4552abd0d-jpgrendition.jpg?im=whresize&wid=200&hei=200,,2425747,242-5747-8,42 En Stock#242-5747-8,Liquidation◊Mieux notés,70.09,"14,95","49,99"
170,"Bowmanville, ON","Connecteur plat à 4 fils côté véhicule Hopkins Towing Solution, 60 po","Connecteur plat à 4 fils côté véhicule Hopkins Towing Solution, 60 po",6.93,"6,93 $",13.99,"Était±  13,99 $prix était 13,99 $",6.93,"6,93 $",6.93,"6,93 $",true,https://www.canadiantire.ca/fr/pdp/connecteur-plat-a-4-fils-cote-vehicule-hopkins-towing-solution-60-po-0409656p.html,https://www.canadiantire.ca/fr/pdp/connecteur-plat-a-4-fils-cote-vehicule-hopkins-towing-solution-60-po-0409656p.html,https://media-www.canadiantire.ca/product/automotive/automotive-outdoor-adventure/auto-travel-storage/0409656/4-wire-flat-vehicle-end-60--64738eb3-8fa8-4b44-b2ad-17e49f942080-jpgrendition.jpg?im=whresize&wid=200&hei=200,https://media-www.canadiantire.ca/product/automotive/automotive-outdoor-adventure/auto-travel-storage/0409656/4-wire-flat-vehicle-end-60--64738eb3-8fa8-4b44-b2ad-17e49f942080-jpgrendition.jpg?im=whresize&wid=200&hei=200,,0409656,040-9656-0,Il n’en reste que 2 #040-9656-0,Liquidation◊,50.46,"6,93","13,99"
170,"Bowmanville, ON","Laisse réfléchissante pour chiens Petco, 5 pi, noir/orange","Laisse réfléchissante pour chiens Petco, 5 pi, noir/orange",14.92,"14,92 $",29.99,"Était±  29,99 $prix était 29,99 $",14.92,"14,92 $",14.92,"14,92 $",true,https://www.canadiantire.ca/fr/pdp/laisse-reflechissante-pour-chiens-petco-5-pi-noir-orange-1427533p.html,https://www.canadiantire.ca/fr/pdp/laisse-reflechissante-pour-chiens-petco-5-pi-noir-orange-1427533p.html,https://media-www.canadiantire.ca/product/living/pet-care/pet-accessories/1427533/petco-5-16-blck-orng-reflective-dog-leash-5-ft-5243effe-7a35-4936-81d1-62d6531014fb-jpgrendition.jpg?im=whresize&wid=200&hei=200,https://media-www.canadiantire.ca/product/living/pet-care/pet-accessories/1427533/petco-5-16-blck-orng-reflective-dog-leash-5-ft-5243effe-7a35-4936-81d1-62d6531014fb-jpgrendition.jpg?im=whresize&wid=200&hei=200,,1427533,142-7533-2,Il n’en reste que 2 #142-7533-2,Liquidation◊Exclusivité,50.25,"14,92","29,99"
170,"Bowmanville, ON","Bouquet de ballons en aluminium satiné étoile/rond Mattel Hot Wheels, brun/bleu, paq. 5, gonflement à l'hélium et ruban inclus, pour fête d'anniversaire","Bouquet de ballons en aluminium satiné étoile/rond Mattel Hot Wheels, brun/bleu, paq. 5, gonflement à l'hélium et ruban inclus, pour fête d'anniversaire",6.93,"6,93 $",33.99,"Était±  33,99 $prix était 33,99 $",6.93,"6,93 $",6.93,"6,93 $",true,https://www.canadiantire.ca/fr/pdp/bouquet-de-ballons-en-aluminium-satine-etoile-rond-mattel-hot-wheels-brun-bleu-paq-5-gonflement-a-l-helium-et-ruban-inclus-pour-fete-d-anniversaire-8432350p.html,https://www.canadiantire.ca/fr/pdp/bouquet-de-ballons-en-aluminium-satine-etoile-rond-mattel-hot-wheels-brun-bleu-paq-5-gonflement-a-l-helium-et-ruban-inclus-pour-fete-d-anniversaire-8432350p.html,https://media-www.partycity.ca/product/seasonal-gardening/party-city-everyday/party-city-party-supplies-decor/8432350/hot-wheels-balloon-bouquet-5pc-6d8efa6a-51f3-47f6-881a-f51e64cdaba0-jpgrendition.jpg?im=whresize&wid=200&hei=200,https://media-www.partycity.ca/product/seasonal-gardening/party-city-everyday/party-city-party-supplies-decor/8432350/hot-wheels-balloon-bouquet-5pc-6d8efa6a-51f3-47f6-881a-f51e64cdaba0-jpgrendition.jpg?im=whresize&wid=200&hei=200,,8432350,843-2350-8,,Liquidation◊Mieux notés,79.61,"6,93","33,99"
170,"Bowmanville, ON","Cache-oeil de pirate, paq. 12","Cache-oeil de pirate, paq. 12",0.93,"0,93 $",4.99,"Était±  4,99 $prix était 4,99 $",0.93,"0,93 $",0.93,"0,93 $",true,https://www.canadiantire.ca/fr/pdp/cache-oeil-de-pirate-paq-12-8432169p.html,https://www.canadiantire.ca/fr/pdp/cache-oeil-de-pirate-paq-12-8432169p.html,https://media-www.canadiantire.ca/product/seasonal-gardening/party-city-everyday/party-city-fun/8432169/pirate-eye-patch-favor-7d0b6ed1-e52f-4320-a1c8-9fd32d3e6152-jpgrendition.jpg?im=whresize&wid=200&hei=200,https://media-www.canadiantire.ca/product/seasonal-gardening/party-city-everyday/party-city-fun/8432169/pirate-eye-patch-favor-7d0b6ed1-e52f-4320-a1c8-9fd32d3e6152-jpgrendition.jpg?im=whresize&wid=200&hei=200,,8432169,843-2169-2,Il n’en reste que 4 #843-2169-2,Liquidation◊Mieux notés,81.36,"0,93","4,99"
170,"Bowmanville, ON",Support de fixation universel Hopkins Towing Solution,Support de fixation universel Hopkins Towing Solution,6.93,"6,93 $",15.99,"Était±  15,99 $prix était 15,99 $",6.93,"6,93 $",6.93,"6,93 $",true,https://www.canadiantire.ca/fr/pdp/support-de-fixation-universel-hopkins-towing-solution-0409686p.html,https://www.canadiantire.ca/fr/pdp/support-de-fixation-universel-hopkins-towing-solution-0409686p.html,https://media-www.canadiantire.ca/product/automotive/automotive-outdoor-adventure/auto-travel-storage/0409686/universal-mounting-bracket-eb9f8c8b-d760-4196-84a8-83ce451aa02e-jpgrendition.jpg?im=whresize&wid=200&hei=200,https://media-www.canadiantire.ca/product/automotive/automotive-outdoor-adventure/auto-travel-storage/0409686/universal-mounting-bracket-eb9f8c8b-d760-4196-84a8-83ce451aa02e-jpgrendition.jpg?im=whresize&wid=200&hei=200,,0409686,040-9686-8,Il n’en reste que 3 #040-9686-8,Liquidation◊Mieux notés,56.66,"6,93","15,99"
170,"Bowmanville, ON","Kit d'éclairage extérieur intelligent Type S, 72 po","Kit d'éclairage extérieur intelligent Type S, 72 po",69.93,"69,93 $",154.99,"Était±  154,99 $prix était 154,99 $",69.93,"69,93 $",69.93,"69,93 $",true,https://www.canadiantire.ca/fr/pdp/kit-d-eclairage-exterieur-intelligent-type-s-72-po-0378011p.html,https://www.canadiantire.ca/fr/pdp/kit-d-eclairage-exterieur-intelligent-type-s-72-po-0378011p.html,https://media-www.canadiantire.ca/product/automotive/car-care-accessories/auto-accessories/0378011/types-smart-72-exterior-led-kit-eb8da8eb-2c9b-40d6-81c5-88376166b279-jpgrendition.jpg?im=whresize&wid=200&hei=200,https://media-www.canadiantire.ca/product/automotive/car-care-accessories/auto-accessories/0378011/types-smart-72-exterior-led-kit-eb8da8eb-2c9b-40d6-81c5-88376166b279-jpgrendition.jpg?im=whresize&wid=200&hei=200,,0378011,037-8011-0,Il n’en reste que 1 #037-8011-0,Liquidation◊,54.88,"69,93","154,99"
170,"Bowmanville, ON","Courroie de tarière de rechange pour souffleuse à neige Yardworks, compatible avec le modèle : 060-1314","Courroie de tarière de rechange pour souffleuse à neige Yardworks, compatible avec le modèle : 060-1314",14.93,"14,93 $",29.99,"Était±  29,99 $prix était 29,99 $",14.93,"14,93 $",14.93,"14,93 $",true,https://www.canadiantire.ca/fr/pdp/courroie-de-tariere-de-rechange-pour-souffleuse-a-neige-yardworks-compatible-avec-le-modele-060-1314-0601377p.html,https://www.canadiantire.ca/fr/pdp/courroie-de-tariere-de-rechange-pour-souffleuse-a-neige-yardworks-compatible-avec-le-modele-060-1314-0601377p.html,https://media-www.canadiantire.ca/product/seasonal-gardening/outdoor-tools/tractor-lawn-mower-snowthrower-parts/0601377/auger-belt-for-0601314-faa9e8f7-bc7b-4662-8bd7-d0f741a90fc0-jpgrendition.jpg?im=whresize&wid=200&hei=200,https://media-www.canadiantire.ca/product/seasonal-gardening/outdoor-tools/tractor-lawn-mower-snowthrower-parts/0601377/auger-belt-for-0601314-faa9e8f7-bc7b-4662-8bd7-d0f741a90fc0-jpgrendition.jpg?im=whresize&wid=200&hei=200,,0601377,060-1377-4,Il n’en reste que 1 #060-1377-4,Liquidation◊Exclusivité,50.22,"14,93","29,99"
170,"Bowmanville, ON","Cosses à anneau Gardner Bender C14-104, calibre 16 à 14 AWG, calibre de goujon 8 à 10 po, paq. 7","Cosses à anneau Gardner Bender C14-104, calibre 16 à 14 AWG, calibre de goujon 8 à 10 po, paq. 7",0.93,"0,93 $",2.29,"Était±  2,29 $prix était 2,29 $",0.93,"0,93 $",0.93,"0,93 $",true,https://www.canadiantire.ca/fr/pdp/cosses-a-anneau-gardner-bender-c14-104-calibre-16-a-14-awg-calibre-de-goujon-8-a-10-po-paq-7-0520200p.html,https://www.canadiantire.ca/fr/pdp/cosses-a-anneau-gardner-bender-c14-104-calibre-16-a-14-awg-calibre-de-goujon-8-a-10-po-paq-7-0520200p.html,https://media-www.canadiantire.ca/product/fixing/electrical/rough-electrical/0520200/ring-terminals-8-10-stud-blue-pkg-7-78304a27-67f0-4472-b301-a70fc78e1613-jpgrendition.jpg?im=whresize&wid=200&hei=200,https://media-www.canadiantire.ca/product/fixing/electrical/rough-electrical/0520200/ring-terminals-8-10-stud-blue-pkg-7-78304a27-67f0-4472-b301-a70fc78e1613-jpgrendition.jpg?im=whresize&wid=200&hei=200,,0520200,052-0200-0,Il n’en reste que 1 #052-0200-0,Liquidation◊Mieux notés,59.39,"0,93","2,29"
170,"Bowmanville, ON","Gobelets en plastique réutilisables Halloween rétro, orange/noir, 16 oz, paq. 25, décoration de table pour l'Halloween","Gobelets en plastique réutilisables Halloween rétro, orange/noir, 16 oz, paq. 25, décoration de table pour l'Halloween",2.93,"2,93 $",6.99,"Était±  6,99 $prix était 6,99 $",2.93,"2,93 $",2.93,"2,93 $",true,https://www.canadiantire.ca/fr/pdp/gobelets-en-plastique-reutilisables-halloween-retro-orange-noir-16-oz-paq-25-decoration-de-table-pour-l-halloween-8550255p.html,https://www.canadiantire.ca/fr/pdp/gobelets-en-plastique-reutilisables-halloween-retro-orange-noir-16-oz-paq-25-decoration-de-table-pour-l-halloween-8550255p.html,https://media-www.canadiantire.ca/product/automotive/party-city-seasonal/party-city-halloween-harvest/8550255/vintage-halloween-printed-plastic-cups-af5c9ff4-cea3-4556-912b-25efc5974f9f-jpgrendition.jpg?im=whresize&wid=200&hei=200,https://media-www.canadiantire.ca/product/automotive/party-city-seasonal/party-city-halloween-harvest/8550255/vintage-halloween-printed-plastic-cups-af5c9ff4-cea3-4556-912b-25efc5974f9f-jpgrendition.jpg?im=whresize&wid=200&hei=200,,8550255,855-0255-0,,Liquidation◊Mieux notés,58.08,"2,93","6,99"
170,"Bowmanville, ON","Plaque murale pour interrupteur double en nylon Leviton 00PJ8-741, taille intermédiaire, 1 dispositif, ivoire","Plaque murale pour interrupteur double en nylon Leviton 00PJ8-741, taille intermédiaire, 1 dispositif, ivoire",0.25,"0,25 $",1.49,"Était±  1,49 $prix était 1,49 $",0.25,"0,25 $",0.25,"0,25 $",true,https://www.canadiantire.ca/fr/pdp/plaque-murale-pour-interrupteur-double-en-nylon-leviton-00pj8-741-taille-intermediaire-1-dispositif-ivoire-0528419p.html,https://www.canadiantire.ca/fr/pdp/plaque-murale-pour-interrupteur-double-en-nylon-leviton-00pj8-741-taille-intermediaire-1-dispositif-ivoire-0528419p.html,https://media-www.canadiantire.ca/product/fixing/electrical/rough-electrical/0528419/duplex-receptacle-wallplate-1-gang-ivory-midway--52546a19-7472-4505-8281-f36ea321fef9-jpgrendition.jpg?im=whresize&wid=200&hei=200,https://media-www.canadiantire.ca/product/fixing/electrical/rough-electrical/0528419/duplex-receptacle-wallplate-1-gang-ivory-midway--52546a19-7472-4505-8281-f36ea321fef9-jpgrendition.jpg?im=whresize&wid=200&hei=200,,0528419,052-8419-4,Il n’en reste que 2 #052-8419-4,Liquidation◊Mieux notés,83.22,"0,25","1,49"
170,"Bowmanville, ON",Goupille centrale auxiliaire lame VR 7 voies à rond 6 voies et plat 4 voies Hopkins Towing Solution Multi-Tow,Goupille centrale auxiliaire lame VR 7 voies à rond 6 voies et plat 4 voies Hopkins Towing Solution Multi-Tow,14.93,"14,93 $",34.99,"Était±  34,99 $prix était 34,99 $",14.93,"14,93 $",14.93,"14,93 $",true,https://www.canadiantire.ca/fr/pdp/goupille-centrale-auxiliaire-lame-vr-7-voies-a-rond-6-voies-et-plat-4-voies-hopkins-towing-solution-multi-tow-0409659p.html,https://www.canadiantire.ca/fr/pdp/goupille-centrale-auxiliaire-lame-vr-7-voies-a-rond-6-voies-et-plat-4-voies-hopkins-towing-solution-multi-tow-0409659p.html,https://media-www.canadiantire.ca/product/automotive/automotive-outdoor-adventure/auto-travel-storage/0409659/7-rv-blade-to-6-round-and-4-flat-multi-tow-center-pin--e1ab6f8b-e837-4cc9-8c24-bf20d8e885c4-jpgrendition.jpg?im=whresize&wid=200&hei=200,https://media-www.canadiantire.ca/product/automotive/automotive-outdoor-adventure/auto-travel-storage/0409659/7-rv-blade-to-6-round-and-4-flat-multi-tow-center-pin--e1ab6f8b-e837-4cc9-8c24-bf20d8e885c4-jpgrendition.jpg?im=whresize&wid=200&hei=200,,0409659,040-9659-4,Il n’en reste que 1 #040-9659-4,Liquidation◊,57.33,"14,93","34,99"
170,"Bowmanville, ON","Câble pour recharge et synchronisation Bluehive, type C, blanc, 3 pi","Câble pour recharge et synchronisation Bluehive, type C, blanc, 3 pi",2.93,"2,93 $",6.99,"Était±  6,99 $prix était 6,99 $",2.93,"2,93 $",2.93,"2,93 $",true,https://www.canadiantire.ca/fr/pdp/cable-pour-recharge-et-synchronisation-bluehive-type-c-blanc-3-pi-0357383p.html,https://www.canadiantire.ca/fr/pdp/cable-pour-recharge-et-synchronisation-bluehive-type-c-blanc-3-pi-0357383p.html,https://media-www.canadiantire.ca/product/automotive/car-care-accessories/auto-electronics/0357383/bluehive-3-white-type-c-charge-and-sync-cable-08d890ba-b111-426c-a766-f9a373122cdb-jpgrendition.jpg?im=whresize&wid=200&hei=200,https://media-www.canadiantire.ca/product/automotive/car-care-accessories/auto-electronics/0357383/bluehive-3-white-type-c-charge-and-sync-cable-08d890ba-b111-426c-a766-f9a373122cdb-jpgrendition.jpg?im=whresize&wid=200&hei=200,,0357383,035-7383-4,Il n’en reste que 2 #035-7383-4,Liquidation◊Exclusivité,58.08,"2,93","6,99"
170,"Bowmanville, ON","Gants de motocross Origine DoubleDirt, femmes, violet","Gants de motocross Origine DoubleDirt, femmes, violet",4.93,"4,93 $",32.99,"32,99 $Était   et+ prix était à partir de 32,99 $",4.93,"4,93 $",4.93,"4,93 $",true,https://www.canadiantire.ca/fr/pdp/gants-de-motocross-origine-doubledirt-femmes-violet-0274165p.html,https://www.canadiantire.ca/fr/pdp/gants-de-motocross-origine-doubledirt-femmes-violet-0274165p.html,https://media-www.canadiantire.ca/product/automotive/automotive-outdoor-adventure/powersport/0274165/origine-glove-doubledirt-women-s-purple-s-20272c8c-74b9-4ed2-aca3-d8e434be9216-jpgrendition.jpg?im=whresize&wid=200&hei=200,https://media-www.canadiantire.ca/product/automotive/automotive-outdoor-adventure/powersport/0274165/origine-glove-doubledirt-women-s-purple-s-20272c8c-74b9-4ed2-aca3-d8e434be9216-jpgrendition.jpg?im=whresize&wid=200&hei=200,,0274165,027-4165,Vérifiez la disponibilité#027-4165X,Liquidation◊Mieux notés,85.06,"4,93","32,99"
170,"Bowmanville, ON","Clous connecteurs en métal avec bande papier à 35 degrés Bostitch, 1 1/2 po x 0,148 po, paq. 1000","Clous connecteurs en métal avec bande papier à 35 degrés Bostitch, 1 1/2 po x 0,148 po, paq. 1000",39.93,"39,93 $",91.99,"Était±  91,99 $prix était 91,99 $",39.93,"39,93 $",39.93,"39,93 $",true,https://www.canadiantire.ca/fr/pdp/clous-connecteurs-en-metal-avec-bande-papier-a-35-degres-bostitch-1-1-2-po-x-0-148-po-paq-1000-0582096p.html,https://www.canadiantire.ca/fr/pdp/clous-connecteurs-en-metal-avec-bande-papier-a-35-degres-bostitch-1-1-2-po-x-0-148-po-paq-1000-0582096p.html,https://media-www.canadiantire.ca/product/fixing/tools/air-tools-accessories/0582096/bostitch-35degree-paper-tape-1-5-1000-ct-nails-b7341009-8189-442c-8ec8-186314db02a5-jpgrendition.jpg?im=whresize&wid=200&hei=200,https://media-www.canadiantire.ca/product/fixing/tools/air-tools-accessories/0582096/bostitch-35degree-paper-tape-1-5-1000-ct-nails-b7341009-8189-442c-8ec8-186314db02a5-jpgrendition.jpg?im=whresize&wid=200&hei=200,,0582096,058-2096-4,Il n’en reste que 3 #058-2096-4,Liquidation◊,56.59,"39,93","91,99"
170,"Bowmanville, ON","Trousse d'embout de pulvérisation de teinture Graco TrueCoat 360, limite la surpulvérisation","Trousse d'embout de pulvérisation de teinture Graco TrueCoat 360, limite la surpulvérisation",9.93,"9,93 $",33.99,"Était±  33,99 $prix était 33,99 $",9.93,"9,93 $",9.93,"9,93 $",true,https://www.canadiantire.ca/fr/pdp/trousse-d-embout-de-pulverisation-de-teinture-graco-truecoat-360-limite-la-surpulverisation-0492570p.html,https://www.canadiantire.ca/fr/pdp/trousse-d-embout-de-pulverisation-de-teinture-graco-truecoat-360-limite-la-surpulverisation-0492570p.html,https://media-www.canadiantire.ca/product/fixing/paint/paint-accessories/0492570/truecoat-360-stain-tip-kit-dc06ac2d-09d2-48f1-a15d-5d0c4750ea82-jpgrendition.jpg?im=whresize&wid=200&hei=200,https://media-www.canadiantire.ca/product/fixing/paint/paint-accessories/0492570/truecoat-360-stain-tip-kit-dc06ac2d-09d2-48f1-a15d-5d0c4750ea82-jpgrendition.jpg?im=whresize&wid=200&hei=200,,0492570,049-2570-6,Il n’en reste que 1 #049-2570-6,Liquidation◊,70.79,"9,93","33,99"
170,"Bowmanville, ON","Lames à éviscérer Outdoor Edge RazorSafe, paq. 4","Lames à éviscérer Outdoor Edge RazorSafe, paq. 4",14.93,"14,93 $",32.99,"Était±  32,99 $prix était 32,99 $",14.93,"14,93 $",14.93,"14,93 $",true,https://www.canadiantire.ca/fr/pdp/lames-a-eviscerer-outdoor-edge-razorsafe-paq-4-3750544p.html,https://www.canadiantire.ca/fr/pdp/lames-a-eviscerer-outdoor-edge-razorsafe-paq-4-3750544p.html,https://media-www.canadiantire.ca/product/playing/hunting/hunting-equipment/3750544/outdoor-edge-razor-safe-gutting-blade-4-pack-3aff9282-62ba-4c5f-8c35-cc4f74176c95-jpgrendition.jpg?im=whresize&wid=200&hei=200,https://media-www.canadiantire.ca/product/playing/hunting/hunting-equipment/3750544/outdoor-edge-razor-safe-gutting-blade-4-pack-3aff9282-62ba-4c5f-8c35-cc4f74176c95-jpgrendition.jpg?im=whresize&wid=200&hei=200,,3750544,375-0544-4,Il n’en reste que 2 #375-0544-4,Liquidation◊,54.74,"14,93","32,99"
170,"Bowmanville, ON","Bouton-pressoir lumineux hydrofuge à fil pour sonnette avec montage encastré Globe, métal noir","Bouton-pressoir lumineux hydrofuge à fil pour sonnette avec montage encastré Globe, métal noir",4.93,"4,93 $",15.99,"Était±  15,99 $prix était 15,99 $",4.93,"4,93 $",4.93,"4,93 $",true,https://www.canadiantire.ca/fr/pdp/bouton-pressoir-lumineux-hydrofuge-a-fil-pour-sonnette-avec-montage-encastre-globe-metal-noir-0521742p.html,https://www.canadiantire.ca/fr/pdp/bouton-pressoir-lumineux-hydrofuge-a-fil-pour-sonnette-avec-montage-encastre-globe-metal-noir-0521742p.html,https://media-www.canadiantire.ca/product/fixing/hardware/curb-appeal/0521742/wired-push-button-black-metal-lighted-recess-mount-abe2aa6b-52c2-4778-b59a-fafc7fa53625-jpgrendition.jpg?im=whresize&wid=200&hei=200,https://media-www.canadiantire.ca/product/fixing/hardware/curb-appeal/0521742/wired-push-button-black-metal-lighted-recess-mount-abe2aa6b-52c2-4778-b59a-fafc7fa53625-jpgrendition.jpg?im=whresize&wid=200&hei=200,,0521742,052-1742-4,Il n’en reste que 3 #052-1742-4,Liquidation◊,69.17,"4,93","15,99"
170,"Bowmanville, ON","Ballon en aluminium satiné lettres Let's Party, argent prismatique, 54 x 9 po, gonflé d'air, pour remise de diplôme/fiançailles/anniversaire/retraite","Ballon en aluminium satiné lettres Let's Party, argent prismatique, 54 x 9 po, gonflé d'air, pour remise de diplôme/fiançailles/anniversaire/retraite",2.93,"2,93 $",13.99,"13,99 $Était   et+ prix était à partir de 13,99 $",2.93,"2,93 $",2.93,"2,93 $",true,https://www.canadiantire.ca/fr/pdp/ballon-en-aluminium-satine-lettres-let-s-party-argent-prismatique-54-x-9-po-gonfle-d-air-pour-remise-de-diplome-fiancailles-anniversaire-retraite-8423832p.html,https://www.canadiantire.ca/fr/pdp/ballon-en-aluminium-satine-lettres-let-s-party-argent-prismatique-54-x-9-po-gonfle-d-air-pour-remise-de-diplome-fiancailles-anniversaire-retraite-8423832p.html,https://media-www.partycity.ca/product/seasonal-gardening/party-city-everyday/party-city-party-supplies-decor/8423832/holo-blln-bloc-55393120-0ee2-48d9-a065-d37d1f5eadfb-jpgrendition.jpg?im=whresize&wid=200&hei=200,https://media-www.partycity.ca/product/seasonal-gardening/party-city-everyday/party-city-party-supplies-decor/8423832/holo-blln-bloc-55393120-0ee2-48d9-a065-d37d1f5eadfb-jpgrendition.jpg?im=whresize&wid=200&hei=200,,8423832,842-3832-8,,Liquidation◊,79.06,"2,93","13,99"
170,"Bowmanville, ON","Enveloppes rouges du Nouvel An chinois, paq. 8","Enveloppes rouges du Nouvel An chinois, paq. 8",0.73,"0,73 $",3.99,"Était±  3,99 $prix était 3,99 $",0.73,"0,73 $",0.73,"0,73 $",true,https://www.canadiantire.ca/fr/pdp/enveloppes-rouges-du-nouvel-an-chinois-paq-8-8428528p.html,https://www.canadiantire.ca/fr/pdp/enveloppes-rouges-du-nouvel-an-chinois-paq-8-8428528p.html,https://media-www.partycity.ca/product/seasonal-gardening/party-city-seasonal/party-city-micro-season-decor/8428528/8ct-money-envelope-cny-eea7a975-fc91-4c60-bb0a-7eaeb3d0c095-jpgrendition.jpg?im=whresize&wid=200&hei=200,https://media-www.partycity.ca/product/seasonal-gardening/party-city-seasonal/party-city-micro-season-decor/8428528/8ct-money-envelope-cny-eea7a975-fc91-4c60-bb0a-7eaeb3d0c095-jpgrendition.jpg?im=whresize&wid=200&hei=200,,8428528,842-8528-4,9 En Stock#842-8528-4,Liquidation◊Mieux notés,81.7,"0,73","3,99"
170,"Bowmanville, ON","Lunettes de tir Champion, cadre ouvert, transparent","Lunettes de tir Champion, cadre ouvert, transparent",4.93,"4,93 $",10.99,"Était±  10,99 $prix était 10,99 $",4.93,"4,93 $",4.93,"4,93 $",true,https://www.canadiantire.ca/fr/pdp/lunettes-de-tir-champion-cadre-ouvert-transparent-1759931p.html,https://www.canadiantire.ca/fr/pdp/lunettes-de-tir-champion-cadre-ouvert-transparent-1759931p.html,https://media-www.canadiantire.ca/product/playing/hunting/hunting-accessories/1759931/champion-ballistic-shooting-glasses-open-frame-clear-ab50d330-ea78-48e9-aa1b-99fc88ce33eb-jpgrendition.jpg?im=whresize&wid=200&hei=200,https://media-www.canadiantire.ca/product/playing/hunting/hunting-accessories/1759931/champion-ballistic-shooting-glasses-open-frame-clear-ab50d330-ea78-48e9-aa1b-99fc88ce33eb-jpgrendition.jpg?im=whresize&wid=200&hei=200,,1759931,175-9931-4,Il n’en reste que 2 #175-9931-4,Liquidation◊Mieux notés,55.14,"4,93","10,99"
170,"Bowmanville, ON","Lames cassables à crochet IRWIN IWHT11625, 25 mm, paq. 5","Lames cassables à crochet IRWIN IWHT11625, 25 mm, paq. 5",2.93,"2,93 $",15.99,"Était±  15,99 $prix était 15,99 $",2.93,"2,93 $",2.93,"2,93 $",true,https://www.canadiantire.ca/fr/pdp/lames-cassables-a-crochet-irwin-iwht11625-25-mm-paq-5-0574676p.html,https://www.canadiantire.ca/fr/pdp/lames-cassables-a-crochet-irwin-iwht11625-25-mm-paq-5-0574676p.html,https://media-www.canadiantire.ca/product/fixing/tools/cutting-measuring/0574676/irwin-25mm-hook-snap-off-blades-5-pack-13f9d406-40a0-44a5-8c81-3f3dee70b101-jpgrendition.jpg?im=whresize&wid=200&hei=200,https://media-www.canadiantire.ca/product/fixing/tools/cutting-measuring/0574676/irwin-25mm-hook-snap-off-blades-5-pack-13f9d406-40a0-44a5-8c81-3f3dee70b101-jpgrendition.jpg?im=whresize&wid=200&hei=200,,0574676,057-4676-4,Il n’en reste que 3 #057-4676-4,Liquidation◊,81.68,"2,93","15,99"
170,"Bowmanville, ON","Phares à DEL 12 V pour caisse de camion Alpena 77691, ajustement universel avec interrupteur marche/arrêt, blanc","Phares à DEL 12 V pour caisse de camion Alpena 77691, ajustement universel avec interrupteur marche/arrêt, blanc",14.93,"14,93 $",37.99,"Était±  37,99 $prix était 37,99 $",14.93,"14,93 $",14.93,"14,93 $",true,https://www.canadiantire.ca/fr/pdp/phares-a-del-12-v-pour-caisse-de-camion-alpena-77691-ajustement-universel-avec-interrupteur-marche-arret-blanc-0203391p.html,https://www.canadiantire.ca/fr/pdp/phares-a-del-12-v-pour-caisse-de-camion-alpena-77691-ajustement-universel-avec-interrupteur-marche-arret-blanc-0203391p.html,https://media-www.canadiantire.ca/product/automotive/car-care-accessories/auto-accessories/0203391/alpena-led-truck-bed-kit-54fcc2a5-202d-4bf6-95d9-bee6c3f15299-jpgrendition.jpg?im=whresize&wid=200&hei=200,https://media-www.canadiantire.ca/product/automotive/car-care-accessories/auto-accessories/0203391/alpena-led-truck-bed-kit-54fcc2a5-202d-4bf6-95d9-bee6c3f15299-jpgrendition.jpg?im=whresize&wid=200&hei=200,,0203391,020-3391-2,Il n’en reste que 3 #020-3391-2,Liquidation◊Mieux notés,60.7,"14,93","37,99"
170,"Bowmanville, ON","Ampoule incandescente givrée à intensité variable à culot E26 NOMA T10, 260 lumens, blanc chaud, 40 W","Ampoule incandescente givrée à intensité variable à culot E26 NOMA T10, 260 lumens, blanc chaud, 40 W",1.95,"1,95 $",4.79,"Était±  4,79 $prix était 4,79 $",1.95,"1,95 $",1.95,"1,95 $",true,https://www.canadiantire.ca/fr/pdp/ampoule-incandescente-givree-a-intensite-variable-a-culot-e26-noma-t10-260-lumens-blanc-chaud-40-w-0525583p.html,https://www.canadiantire.ca/fr/pdp/ampoule-incandescente-givree-a-intensite-variable-a-culot-e26-noma-t10-260-lumens-blanc-chaud-40-w-0525583p.html,https://media-www.canadiantire.ca/product/fixing/electrical/light-bulbs/0525583/incandescent-t10-40w-frosted-1p-noma-med-492ffcfa-2298-41c6-b14e-2f00c9c4e9d7-jpgrendition.jpg?im=whresize&wid=200&hei=200,https://media-www.canadiantire.ca/product/fixing/electrical/light-bulbs/0525583/incandescent-t10-40w-frosted-1p-noma-med-492ffcfa-2298-41c6-b14e-2f00c9c4e9d7-jpgrendition.jpg?im=whresize&wid=200&hei=200,,0525583,052-5583-8,27 En Stock#052-5583-8,Liquidation◊Mieux notés,59.29,"1,95","4,79"
170,"Bowmanville, ON","Piquet en forme de lapin de Pâques en MDF, 24 po","Piquet en forme de lapin de Pâques en MDF, 24 po",2.93,"2,93 $",14.99,"Était±  14,99 $prix était 14,99 $",2.93,"2,93 $",2.93,"2,93 $",true,https://www.canadiantire.ca/fr/pdp/piquet-en-forme-de-lapin-de-paques-en-mdf-24-po-1519645p.html,https://www.canadiantire.ca/fr/pdp/piquet-en-forme-de-lapin-de-paques-en-mdf-24-po-1519645p.html,https://media-www.canadiantire.ca/product/automotive/party-city-seasonal/party-city-micro-season-decor/1519645/easter-24-mdf-bunny-stake-31a2ee77-f05f-4548-955b-07a387d70d8f-jpgrendition.jpg?im=whresize&wid=200&hei=200,https://media-www.canadiantire.ca/product/automotive/party-city-seasonal/party-city-micro-season-decor/1519645/easter-24-mdf-bunny-stake-31a2ee77-f05f-4548-955b-07a387d70d8f-jpgrendition.jpg?im=whresize&wid=200&hei=200,,1519645,151-9645-2,,Liquidation◊,80.45,"2,93","14,99"
170,"Bowmanville, ON","Ampoules pour projecteur à halogène à culot moyen à intensité variable NOMA PAR30, 2 700 K, 1 300 lumens, blanc doux, 90 W, paq. 2","Ampoules pour projecteur à halogène à culot moyen à intensité variable NOMA PAR30, 2 700 K, 1 300 lumens, blanc doux, 90 W, paq. 2",11.95,"11,95 $",26.99,"Était±  26,99 $prix était 26,99 $",11.95,"11,95 $",11.95,"11,95 $",true,https://www.canadiantire.ca/fr/pdp/ampoules-pour-projecteur-a-halogene-a-culot-moyen-a-intensite-variable-noma-par30-2-700-k-1-300-lumens-blanc-doux-90-w-paq-2-0525563p.html,https://www.canadiantire.ca/fr/pdp/ampoules-pour-projecteur-a-halogene-a-culot-moyen-a-intensite-variable-noma-par30-2-700-k-1-300-lumens-blanc-doux-90-w-paq-2-0525563p.html,https://media-www.canadiantire.ca/product/fixing/electrical/light-bulbs/0525563/halogen-par38-90w-2p-noma-med-69456fa8-8bdc-4afe-a12b-f8e86ed87540-jpgrendition.jpg?im=whresize&wid=200&hei=200,https://media-www.canadiantire.ca/product/fixing/electrical/light-bulbs/0525563/halogen-par38-90w-2p-noma-med-69456fa8-8bdc-4afe-a12b-f8e86ed87540-jpgrendition.jpg?im=whresize&wid=200&hei=200,,0525563,052-5563-6,Il n’en reste que 1 #052-5563-6,Liquidation◊,55.72,"11,95","26,99"
170,"Bowmanville, ON","Leurre dandinette XCalibur Sickle, rouge","Leurre dandinette XCalibur Sickle, rouge",3.43,"3,43 $",7.99,"7,99 $Était   et+ prix était à partir de 7,99 $",3.43,"3,43 $",3.43,"3,43 $",true,https://www.canadiantire.ca/fr/pdp/leurre-dandinette-xcalibur-sickle-rouge-0785000p.html,https://www.canadiantire.ca/fr/pdp/leurre-dandinette-xcalibur-sickle-rouge-0785000p.html,https://media-www.canadiantire.ca/product/playing/fishing/fishing-lures/0785000/matzuo-red-sickle-jig-3-8oz-eda9c2e2-aaea-4ce3-ad03-517458fa9558-jpgrendition.jpg?im=whresize&wid=200&hei=200,https://media-www.canadiantire.ca/product/playing/fishing/fishing-lures/0785000/matzuo-red-sickle-jig-3-8oz-eda9c2e2-aaea-4ce3-ad03-517458fa9558-jpgrendition.jpg?im=whresize&wid=200&hei=200,,0785000,078-5000,Vérifiez la disponibilité#078-5000X,Liquidation◊Mieux notés,57.07,"3,43","7,99"
170,"Bowmanville, ON","Huile synthétique pour moteur 4 temps Motul Snowpower 4T, 0W40, 1 L","Huile synthétique pour moteur 4 temps Motul Snowpower 4T, 0W40, 1 L",14.93,"14,93 $",29.99,"Était±  29,99 $prix était 29,99 $",14.93,"14,93 $",14.93,"14,93 $",true,https://www.canadiantire.ca/fr/pdp/huile-synthetique-pour-moteur-4-temps-motul-snowpower-4t-0w40-1-l-0288763p.html,https://www.canadiantire.ca/fr/pdp/huile-synthetique-pour-moteur-4-temps-motul-snowpower-4t-0w40-1-l-0288763p.html,https://media-www.canadiantire.ca/product/automotive/auto-maintenance/specialty-oil-lubricants/0288763/motul-snowmobile-4-cycle-synthetic-0w40-1l-bottle-b6345af1-36ef-47ec-959d-8f7255b468cf-jpgrendition.jpg?im=whresize&wid=200&hei=200,https://media-www.canadiantire.ca/product/automotive/auto-maintenance/specialty-oil-lubricants/0288763/motul-snowmobile-4-cycle-synthetic-0w40-1l-bottle-b6345af1-36ef-47ec-959d-8f7255b468cf-jpgrendition.jpg?im=whresize&wid=200&hei=200,,0288763,028-8763-2,Il n’en reste que 4 #028-8763-2,Liquidation◊Mieux notés,50.22,"14,93","29,99"
170,"Bowmanville, ON","Ballon en aluminium satiné, point d'interrogation, choix de couleurs, 16 po, gonflé d'air, pour anniversaire/remise de diplômes/fête prénatale/mariage de finissants","Ballon en aluminium satiné, point d'interrogation, choix de couleurs, 16 po, gonflé d'air, pour anniversaire/remise de diplômes/fête prénatale/mariage de finissants",0.43,"0,43 $",2.99,"2,99 $Était   et+ prix était à partir de 2,99 $",0.43,"0,43 $",0.43,"0,43 $",true,https://www.canadiantire.ca/fr/pdp/ballon-en-aluminium-satine-point-d-interrogation-choix-de-couleurs-16-po-gonfle-d-air-pour-anniversaire-remise-de-diplomes-fete-prenatale-mariage-de-finissants-8424326p.html,https://www.canadiantire.ca/fr/pdp/ballon-en-aluminium-satine-point-d-interrogation-choix-de-couleurs-16-po-gonfle-d-air-pour-anniversaire-remise-de-diplomes-fete-prenatale-mariage-de-finissants-8424326p.html,https://media-www.partycity.ca/product/seasonal-gardening/party-city-everyday/party-city-party-supplies-decor/8424327/blln-air-filled-symbl-gld-0355ff74-96ca-45ad-8f1c-f38e0d425abf-jpgrendition.jpg?im=whresize&wid=200&hei=200,https://media-www.partycity.ca/product/seasonal-gardening/party-city-everyday/party-city-party-supplies-decor/8424327/blln-air-filled-symbl-gld-0355ff74-96ca-45ad-8f1c-f38e0d425abf-jpgrendition.jpg?im=whresize&wid=200&hei=200,,8424326,842-4326,Vérifiez la disponibilité#842-4326X,Liquidation◊Mieux notés,85.62,"0,43","2,99"
170,"Bowmanville, ON","Bracelets cloutés en cuir punk, noir, taille unique, paq. 3, accessoires de costume à porter pour l'Halloween","Bracelets cloutés en cuir punk, noir, taille unique, paq. 3, accessoires de costume à porter pour l'Halloween",1.93,"1,93 $",7.99,"Était±  7,99 $prix était 7,99 $",1.93,"1,93 $",1.93,"1,93 $",true,https://www.canadiantire.ca/fr/pdp/bracelets-cloutes-en-cuir-punk-noir-taille-unique-paq-3-accessoires-de-costume-a-porter-pour-l-halloween-8550540p.html,https://www.canadiantire.ca/fr/pdp/bracelets-cloutes-en-cuir-punk-noir-taille-unique-paq-3-accessoires-de-costume-a-porter-pour-l-halloween-8550540p.html,https://media-www.canadiantire.ca/product/seasonal-gardening/party-city-seasonal/party-city-halloween-and-fall-decor/8550540/punk-bracelets-794618fb-7666-4b71-9380-a597863e4f1c-jpgrendition.jpg?im=whresize&wid=200&hei=200,https://media-www.canadiantire.ca/product/seasonal-gardening/party-city-seasonal/party-city-halloween-and-fall-decor/8550540/punk-bracelets-794618fb-7666-4b71-9380-a597863e4f1c-jpgrendition.jpg?im=whresize&wid=200&hei=200,,8550540,855-0540-0,,Liquidation◊,75.84,"1,93","7,99"
170,"Bowmanville, ON",Ampoule antibrouillard Certified 2504,Ampoule antibrouillard Certified 2504,1.73,"1,73 $",29.99,"Était±  29,99 $prix était 29,99 $",1.73,"1,73 $",1.73,"1,73 $",true,https://www.canadiantire.ca/fr/pdp/ampoule-antibrouillard-certified-2504-1202254p.html,https://www.canadiantire.ca/fr/pdp/ampoule-antibrouillard-certified-2504-1202254p.html,https://media-www.canadiantire.ca/product/automotive/auto-maintenance/auto-lighting/1202254/2504-certified-fog-bulb-1-pk-60a9bb78-16fb-4c8d-ab90-5910e17236d4-jpgrendition.jpg?im=whresize&wid=200&hei=200,https://media-www.canadiantire.ca/product/automotive/auto-maintenance/auto-lighting/1202254/2504-certified-fog-bulb-1-pk-60a9bb78-16fb-4c8d-ab90-5910e17236d4-jpgrendition.jpg?im=whresize&wid=200&hei=200,,1202254,120-2254-8,Il n’en reste que 2 #120-2254-8,Liquidation◊Exclusivité,94.23,"1,73","29,99"
170,"Bowmanville, ON",Ensemble de 19 pièces de leurres en plastique souple Xcalibur,Ensemble de 19 pièces de leurres en plastique souple Xcalibur,13.43,"13,43 $",29.99,"Était±  29,99 $prix était 29,99 $",13.43,"13,43 $",13.43,"13,43 $",true,https://www.canadiantire.ca/fr/pdp/ensemble-de-19-pieces-de-leurres-en-plastique-souple-xcalibur-0787933p.html,https://www.canadiantire.ca/fr/pdp/ensemble-de-19-pieces-de-leurres-en-plastique-souple-xcalibur-0787933p.html,https://media-www.canadiantire.ca/product/playing/fishing/fishing-lures/0787933/matzuo-rigged-bait-kit-19-piece-cb4a1330-b979-4eff-a688-b49cb59457a1-jpgrendition.jpg?im=whresize&wid=200&hei=200,https://media-www.canadiantire.ca/product/playing/fishing/fishing-lures/0787933/matzuo-rigged-bait-kit-19-piece-cb4a1330-b979-4eff-a688-b49cb59457a1-jpgrendition.jpg?im=whresize&wid=200&hei=200,,0787933,078-7933-4,Il n’en reste que 1 #078-7933-4,Liquidation◊Exclusivité,55.22,"13,43","29,99"
170,"Bowmanville, ON","Brosse de nettoyage en bronze pour canon Hoppe's, cal. 20","Brosse de nettoyage en bronze pour canon Hoppe's, cal. 20",2.93,"2,93 $",7.49,"Était±  7,49 $prix était 7,49 $",2.93,"2,93 $",2.93,"2,93 $",true,https://www.canadiantire.ca/fr/pdp/brosse-de-nettoyage-en-bronze-pour-canon-hoppe-s-cal-20-0755418p.html,https://www.canadiantire.ca/fr/pdp/brosse-de-nettoyage-en-bronze-pour-canon-hoppe-s-cal-20-0755418p.html,https://media-www.canadiantire.ca/product/playing/hunting/hunting-accessories/0755418/hoppe-s-brush-20-gauge-phosphor-bronze-a7b65962-b34d-418f-8fbe-83874c0aa6b0-jpgrendition.jpg?im=whresize&wid=200&hei=200,https://media-www.canadiantire.ca/product/playing/hunting/hunting-accessories/0755418/hoppe-s-brush-20-gauge-phosphor-bronze-a7b65962-b34d-418f-8fbe-83874c0aa6b0-jpgrendition.jpg?im=whresize&wid=200&hei=200,,0755418,075-5418-0,Il n’en reste que 3 #075-5418-0,Liquidation◊Mieux notés,60.88,"2,93","7,49"
170,"Bowmanville, ON","Plomb en acier pour achigan Danielson, 3/16 oz, paq. 7","Plomb en acier pour achigan Danielson, 3/16 oz, paq. 7",1.23,"1,23 $",3.49,"Était±  3,49 $prix était 3,49 $",1.23,"1,23 $",1.23,"1,23 $",true,https://www.canadiantire.ca/fr/pdp/plomb-en-acier-pour-achigan-danielson-3-16-oz-paq-7-0774416p.html,https://www.canadiantire.ca/fr/pdp/plomb-en-acier-pour-achigan-danielson-3-16-oz-paq-7-0774416p.html,https://media-www.canadiantire.ca/product/playing/fishing/fishing-lures/0774416/danielson-bass-casting-steel-sinker-3-16oz-7pk-4d953311-bacd-46ac-bd4b-b1876dee0187-jpgrendition.jpg?im=whresize&wid=200&hei=200,https://media-www.canadiantire.ca/product/playing/fishing/fishing-lures/0774416/danielson-bass-casting-steel-sinker-3-16oz-7pk-4d953311-bacd-46ac-bd4b-b1876dee0187-jpgrendition.jpg?im=whresize&wid=200&hei=200,,0774416,077-4416-6,Il n’en reste que 1 #077-4416-6,Liquidation◊,64.76,"1,23","3,49"
170,"Bowmanville, ON","Kushies Silibend - Cuillères pour bébé, rose/sable, paq. 2","Kushies Silibend - Cuillères pour bébé, rose/sable, paq. 2",3.93,"3,93 $",10.99,"Était±  10,99 $prix était 10,99 $",3.93,"3,93 $",3.93,"3,93 $",true,https://www.canadiantire.ca/fr/pdp/kushies-silibend-cuilleres-pour-bebe-rose-sable-paq-2-0469335p.html,https://www.canadiantire.ca/fr/pdp/kushies-silibend-cuilleres-pour-bebe-rose-sable-paq-2-0469335p.html,https://media-www.canadiantire.ca/product/automotive/car-care-accessories/child-travel-baby/0469335/kushies-silibend-spoon-2-pack-pink-sand-5f2f7a20-084b-438e-8672-94b35e671310-jpgrendition.jpg?im=whresize&wid=200&hei=200,https://media-www.canadiantire.ca/product/automotive/car-care-accessories/child-travel-baby/0469335/kushies-silibend-spoon-2-pack-pink-sand-5f2f7a20-084b-438e-8672-94b35e671310-jpgrendition.jpg?im=whresize&wid=200&hei=200,,0469335,046-9335-2,Il n’en reste que 1 #046-9335-2,Liquidation◊,64.24,"3,93","10,99"
170,"Bowmanville, ON","Poupée en peluche dansante Mercredi Addams, 11 po","Poupée en peluche dansante Mercredi Addams, 11 po",14.93,"14,93 $",49.99,"Était±  49,99 $prix était 49,99 $",14.93,"14,93 $",14.93,"14,93 $",true,https://www.canadiantire.ca/fr/pdp/poupee-en-peluche-dansante-mercredi-addams-11-po-1501127p.html,https://www.canadiantire.ca/fr/pdp/poupee-en-peluche-dansante-mercredi-addams-11-po-1501127p.html,https://media-www.canadiantire.ca/product/seasonal-gardening/toys/preschool-toys-activities/1501127/wednesday-dancing-feature-plush-326a7276-ab64-45e3-9867-52c3264681ea-jpgrendition.jpg?im=whresize&wid=200&hei=200,https://media-www.canadiantire.ca/product/seasonal-gardening/toys/preschool-toys-activities/1501127/wednesday-dancing-feature-plush-326a7276-ab64-45e3-9867-52c3264681ea-jpgrendition.jpg?im=whresize&wid=200&hei=200,,1501127,150-1127-6,Il n’en reste que 2 #150-1127-6,Liquidation◊Mieux notés,70.13,"14,93","49,99"
170,"Bowmanville, ON",Barre lumineuse d'identification à DEL Hopkins Towing Solution,Barre lumineuse d'identification à DEL Hopkins Towing Solution,9.95,"9,95 $",20.99,"Était±  20,99 $prix était 20,99 $",9.95,"9,95 $",9.95,"9,95 $",true,https://www.canadiantire.ca/fr/pdp/barre-lumineuse-d-identification-a-del-hopkins-towing-solution-0203860p.html,https://www.canadiantire.ca/fr/pdp/barre-lumineuse-d-identification-a-del-hopkins-towing-solution-0203860p.html,https://media-www.canadiantire.ca/product/automotive/automotive-outdoor-adventure/auto-travel-storage/0203860/led-submersible-identification-light-bar-4253a6ad-29ad-4323-8167-1e8e045714c5-jpgrendition.jpg?im=whresize&wid=200&hei=200,https://media-www.canadiantire.ca/product/automotive/automotive-outdoor-adventure/auto-travel-storage/0203860/led-submersible-identification-light-bar-4253a6ad-29ad-4323-8167-1e8e045714c5-jpgrendition.jpg?im=whresize&wid=200&hei=200,,0203860,020-3860-6,Il n’en reste que 5 #020-3860-6,Liquidation◊,52.6,"9,95","20,99"
170,"Bowmanville, ON",Pince de fixation antidérapante pour éclairage à DEL Alpena,Pince de fixation antidérapante pour éclairage à DEL Alpena,12.93,"12,93 $",51.99,"Était±  51,99 $prix était 51,99 $",12.93,"12,93 $",12.93,"12,93 $",true,https://www.canadiantire.ca/fr/pdp/pince-de-fixation-antiderapante-pour-eclairage-a-del-alpena-0203458p.html,https://www.canadiantire.ca/fr/pdp/pince-de-fixation-antiderapante-pour-eclairage-a-del-alpena-0203458p.html,https://media-www.canadiantire.ca/product/automotive/automotive-outdoor-adventure/auto-travel-storage/0203458/alpena-led-lighta-clamp-mounting-bracket-07ddd329-cfd2-4e8e-afd2-4dc7c9f16f82-jpgrendition.jpg?im=whresize&wid=200&hei=200,https://media-www.canadiantire.ca/product/automotive/automotive-outdoor-adventure/auto-travel-storage/0203458/alpena-led-lighta-clamp-mounting-bracket-07ddd329-cfd2-4e8e-afd2-4dc7c9f16f82-jpgrendition.jpg?im=whresize&wid=200&hei=200,,0203458,020-3458-6,Il n’en reste que 2 #020-3458-6,Liquidation◊,75.13,"12,93","51,99"
