store_id,city,name,title,price,price_raw,regular_price,regular_price_raw,liquidation_price,liquidation_price_raw,sale_price,sale_price_raw,liquidation,url,link,image,image_url,product_id,sku,sku_formatted,availability,badges,discount_percent,price_sale_clean,price_original_clean
193,"Delhi, ON","Bouteille d'eau Woods, 650 ml, acier inoxydable, étanche, noire","Bouteille d'eau Woods, 650 ml, acier inoxydable, étanche, noire",9.93,"9,93 $",24.99,"24,99 $Était   et+ prix était à partir de 24,99 $",9.93,"9,93 $",9.93,"9,93 $",true,https://www.canadiantire.ca/fr/pdp/bouteille-d-eau-woods-650-ml-acier-inoxydable-etanche-noire-0761301p.html,https://www.canadiantire.ca/fr/pdp/bouteille-d-eau-woods-650-ml-acier-inoxydable-etanche-noire-0761301p.html,https://media-www.canadiantire.ca/product/playing/camping/camping-living/0761303/woods-water-bottle-medium-black-2b72db9e-5b04-46c0-8136-97dc000522cb-jpgrendition.jpg?im=whresize&wid=200&hei=200,https://media-www.canadiantire.ca/product/playing/camping/camping-living/0761303/woods-water-bottle-medium-black-2b72db9e-5b04-46c0-8136-97dc000522cb-jpgrendition.jpg?im=whresize&wid=200&hei=200,,0761301,076-1301,Vérifiez la disponibilité#076-1301X,Liquidation◊Mieux notés,60.26,"9,93","24,99"
193,"Delhi, ON","Service de vaisselle coupé en grès MasterChef pour 8 personnes, paq. 24, bleu sodalite","Service de vaisselle coupé en grès MasterChef pour 8 personnes, paq. 24, bleu sodalite",39.93,"39,93 $",99.99,"Était±  99,99 $prix était 99,99 $",39.93,"39,93 $",39.93,"39,93 $",true,https://www.canadiantire.ca/fr/pdp/service-de-vaisselle-coupe-en-gres-masterchef-pour-8-personnes-paq-24-bleu-sodalite-2421196p.html,https://www.canadiantire.ca/fr/pdp/service-de-vaisselle-coupe-en-gres-masterchef-pour-8-personnes-paq-24-bleu-sodalite-2421196p.html,https://media-www.canadiantire.ca/product/living/kitchen/dining-and-entertaining/2421196/master-chef-essential-coupe-24pc-dinnerware-set-blue-c85cb18a-8249-4642-84cd-a5744c25b94f-jpgrendition.jpg?im=whresize&wid=200&hei=200,https://media-www.canadiantire.ca/product/living/kitchen/dining-and-entertaining/2421196/master-chef-essential-coupe-24pc-dinnerware-set-blue-c85cb18a-8249-4642-84cd-a5744c25b94f-jpgrendition.jpg?im=whresize&wid=200&hei=200,,2421196,242-1196-2,Il n’en reste que 2 #242-1196-2,Liquidation◊Exclusivité,60.07,"39,93","99,99"
193,"Delhi, ON","Tasse de voyage à double paroi avec poignée Bubba Keg Classic, 20 oz, choix de couleurs","Tasse de voyage à double paroi avec poignée Bubba Keg Classic, 20 oz, choix de couleurs",9.93,"9,93 $",24.99,"24,99 $Était   et+ prix était à partir de 24,99 $",9.93,"9,93 $",9.93,"9,93 $",true,https://www.canadiantire.ca/fr/pdp/tasse-de-voyage-a-double-paroi-avec-poignee-bubba-keg-classic-20-oz-choix-de-couleurs-2425153p.html,https://www.canadiantire.ca/fr/pdp/tasse-de-voyage-a-double-paroi-avec-poignee-bubba-keg-classic-20-oz-choix-de-couleurs-2425153p.html,https://media-www.canadiantire.ca/product/living/kitchen/food-storage/2425154/bubba-20-oz-keg-mug-magenta-0effc0af-c6a5-482f-b1fb-0de772f237a0-jpgrendition.jpg?im=whresize&wid=200&hei=200,https://media-www.canadiantire.ca/product/living/kitchen/food-storage/2425154/bubba-20-oz-keg-mug-magenta-0effc0af-c6a5-482f-b1fb-0de772f237a0-jpgrendition.jpg?im=whresize&wid=200&hei=200,,2425153,242-5153,Vérifiez la disponibilité#242-5153X,Liquidation◊Mieux notés,60.26,"9,93","24,99"
193,"Delhi, ON","Sac de couchage double isotherme pour temps froid Coleman Flatlands avec sac de rangement, 10 °C","Sac de couchage double isotherme pour temps froid Coleman Flatlands avec sac de rangement, 10 °C",44.93,"44,93 $",99.99,"Était±  99,99 $prix était 99,99 $",44.93,"44,93 $",44.93,"44,93 $",true,https://www.canadiantire.ca/fr/pdp/sac-de-couchage-double-isotherme-pour-temps-froid-coleman-flatlands-avec-sac-de-rangement-10-c-0766638p.html,https://www.canadiantire.ca/fr/pdp/sac-de-couchage-double-isotherme-pour-temps-froid-coleman-flatlands-avec-sac-de-rangement-10-c-0766638p.html,https://media-www.canadiantire.ca/product/playing/camping/camping-furniture/0766638/coleman-flatlands-10c-sleeping-bag-cda9afb3-1271-4c50-9ed4-56d12c8e2b36-jpgrendition.jpg?im=whresize&wid=200&hei=200,https://media-www.canadiantire.ca/product/playing/camping/camping-furniture/0766638/coleman-flatlands-10c-sleeping-bag-cda9afb3-1271-4c50-9ed4-56d12c8e2b36-jpgrendition.jpg?im=whresize&wid=200&hei=200,,0766638,076-6638-8,Il n’en reste que 4 #076-6638-8,Liquidation◊Mieux notés,55.07,"44,93","99,99"
193,"Delhi, ON","Ampoules à DEL à intensité variable à culot E12 NOMA B10, 2700K, 350 lumens, blanc chaud, 40 W, paq. 2","Ampoules à DEL à intensité variable à culot E12 NOMA B10, 2700K, 350 lumens, blanc chaud, 40 W, paq. 2",1.93,"1,93 $",12.99,"Était±  12,99 $prix était 12,99 $",1.93,"1,93 $",1.93,"1,93 $",true,https://www.canadiantire.ca/fr/pdp/ampoules-a-del-a-intensite-variable-a-culot-e12-noma-b10-2700k-350-lumens-blanc-chaud-40-w-paq-2-0529347p.html,https://www.canadiantire.ca/fr/pdp/ampoules-a-del-a-intensite-variable-a-culot-e12-noma-b10-2700k-350-lumens-blanc-chaud-40-w-paq-2-0529347p.html,https://media-www.canadiantire.ca/product/fixing/electrical/light-bulbs/0529347/noma-2-pack-40w-e12-soft-white-led-lightbulbs-2abc2edf-7b69-449d-b49f-8024c6332e19-jpgrendition.jpg?im=whresize&wid=200&hei=200,https://media-www.canadiantire.ca/product/fixing/electrical/light-bulbs/0529347/noma-2-pack-40w-e12-soft-white-led-lightbulbs-2abc2edf-7b69-449d-b49f-8024c6332e19-jpgrendition.jpg?im=whresize&wid=200&hei=200,,0529347,052-9347-8,52 En Stock#052-9347-8,Liquidation◊Exclusivité,85.14,"1,93","12,99"
193,"Delhi, ON",Aspirateur sans fil de déchets secs/humides tout-en-un et appareil de nettoyage de planchers durs Bissell CrossWave OmniFind Pet Pro,Aspirateur sans fil de déchets secs/humides tout-en-un et appareil de nettoyage de planchers durs Bissell CrossWave OmniFind Pet Pro,179.93,"179,93 $",379.99,"Était±  379,99 $prix était 379,99 $",179.93,"179,93 $",179.93,"179,93 $",true,https://www.canadiantire.ca/fr/pdp/aspirateur-sans-fil-de-dechets-secs-humides-tout-en-un-et-appareil-de-nettoyage-de-planchers-durs-bissell-crosswave-omnifind-pet-pro-0437233p.html,https://www.canadiantire.ca/fr/pdp/aspirateur-sans-fil-de-dechets-secs-humides-tout-en-un-et-appareil-de-nettoyage-de-planchers-durs-bissell-crosswave-omnifind-pet-pro-0437233p.html,https://media-www.canadiantire.ca/product/living/cleaning/vacuums-and-floorcare/0437233/bissell-omnifind-petpro-hard-floor-wet-cleaner-a8a44b1c-d6db-472c-a2a7-50098c512b75-jpgrendition.jpg?im=whresize&wid=200&hei=200,https://media-www.canadiantire.ca/product/living/cleaning/vacuums-and-floorcare/0437233/bissell-omnifind-petpro-hard-floor-wet-cleaner-a8a44b1c-d6db-472c-a2a7-50098c512b75-jpgrendition.jpg?im=whresize&wid=200&hei=200,,0437233,043-7233-2,Il n’en reste que 1 #043-7233-2,Liquidation◊Exclusivité,52.65,"179,93","379,99"
193,"Delhi, ON",Affûteur de couteaux et de ciseaux facile à utiliser en 3 étapes MASTER Chef,Affûteur de couteaux et de ciseaux facile à utiliser en 3 étapes MASTER Chef,4.93,"4,93 $",18.99,"Était±  18,99 $prix était 18,99 $",4.93,"4,93 $",4.93,"4,93 $",true,https://www.canadiantire.ca/fr/pdp/affuteur-de-couteaux-et-de-ciseaux-facile-a-utiliser-en-3-etapes-master-chef-2421029p.html,https://www.canadiantire.ca/fr/pdp/affuteur-de-couteaux-et-de-ciseaux-facile-a-utiliser-en-3-etapes-master-chef-2421029p.html,https://media-www.canadiantire.ca/product/living/kitchen/cutlery/2421029/master-chef-3stage-knife-sharpener-b9ab2767-c8c0-473e-a296-6cb70527856a-jpgrendition.jpg?im=whresize&wid=200&hei=200,https://media-www.canadiantire.ca/product/living/kitchen/cutlery/2421029/master-chef-3stage-knife-sharpener-b9ab2767-c8c0-473e-a296-6cb70527856a-jpgrendition.jpg?im=whresize&wid=200&hei=200,,2421029,242-1029-2,Il n’en reste que 2 #242-1029-2,Liquidation◊Exclusivité,74.04,"4,93","18,99"
193,"Delhi, ON","Support à pneus à tablette réglable MotoMaster, capacité de 300 lb","Support à pneus à tablette réglable MotoMaster, capacité de 300 lb",33.93,"33,93 $",74.99,"Était±  74,99 $prix était 74,99 $",33.93,"33,93 $",33.93,"33,93 $",true,https://www.canadiantire.ca/fr/pdp/support-a-pneus-a-tablette-reglable-motomaster-capacite-de-300-lb-0091537p.html,https://www.canadiantire.ca/fr/pdp/support-a-pneus-a-tablette-reglable-motomaster-capacite-de-300-lb-0091537p.html,https://media-www.canadiantire.ca/product/automotive/auto-maintenance/auto-shop-equipment-supplies/0091537/motomaster-adjustable-tire-storage-shelves-797f8bda-21ae-4374-ab65-dfc1341fe0c4-jpgrendition.jpg?im=whresize&wid=200&hei=200,https://media-www.canadiantire.ca/product/automotive/auto-maintenance/auto-shop-equipment-supplies/0091537/motomaster-adjustable-tire-storage-shelves-797f8bda-21ae-4374-ab65-dfc1341fe0c4-jpgrendition.jpg?im=whresize&wid=200&hei=200,,0091537,009-1537-0,Il n’en reste que 1 #009-1537-0,Liquidation◊Exclusivité,54.75,"33,93","74,99"
193,"Delhi, ON","Étagère de rangement saisonnier Mastercraft avec chariot plateforme roulant, noir, 166,37 x 90,17 x 172,72 cm(65,5 x 35,5 x 68 po)","Étagère de rangement saisonnier Mastercraft avec chariot plateforme roulant, noir, 166,37 x 90,17 x 172,72 cm(65,5 x 35,5 x 68 po)",149.93,"149,93 $",299.99,"Était±  299,99 $prix était 299,99 $",149.93,"149,93 $",149.93,"149,93 $",true,https://www.canadiantire.ca/fr/pdp/etagere-de-rangement-saisonnier-mastercraft-avec-chariot-plateforme-roulant-noir-166-37-x-90-17-x-172-72-cm-65-5-x-35-5-x-68-po-0681822p.html,https://www.canadiantire.ca/fr/pdp/etagere-de-rangement-saisonnier-mastercraft-avec-chariot-plateforme-roulant-noir-166-37-x-90-17-x-172-72-cm-65-5-x-35-5-x-68-po-0681822p.html,https://media-www.canadiantire.ca/product/fixing/tools/garage-organization/0681822/mastercraft-seasonal-storage-rack-4657eb31-2d51-419f-a388-3dcc3e45f853-jpgrendition.jpg?im=whresize&wid=200&hei=200,https://media-www.canadiantire.ca/product/fixing/tools/garage-organization/0681822/mastercraft-seasonal-storage-rack-4657eb31-2d51-419f-a388-3dcc3e45f853-jpgrendition.jpg?im=whresize&wid=200&hei=200,,0681822,068-1822-8,Il n’en reste que 1 #068-1822-8,Liquidation◊Mieux notés,50.02,"149,93","299,99"
193,"Delhi, ON","Bibliothèque à cadre en métal à 5 niveaux avec rangement CANVAS Robson, fini chêne","Bibliothèque à cadre en métal à 5 niveaux avec rangement CANVAS Robson, fini chêne",139.93,"139,93 $",349.99,"Était±  349,99 $prix était 349,99 $",139.93,"139,93 $",139.93,"139,93 $",true,https://www.canadiantire.ca/fr/pdp/bibliotheque-a-cadre-en-metal-a-5-niveaux-avec-rangement-canvas-robson-fini-chene-1680047p.html,https://www.canadiantire.ca/fr/pdp/bibliotheque-a-cadre-en-metal-a-5-niveaux-avec-rangement-canvas-robson-fini-chene-1680047p.html,https://media-www.canadiantire.ca/product/living/home-decor/furniture/1680047/canvas-robson-wide-bookcase-cc404526-7e49-447a-b2ad-88a6bd2c5a81-jpgrendition.jpg?im=whresize&wid=200&hei=200,https://media-www.canadiantire.ca/product/living/home-decor/furniture/1680047/canvas-robson-wide-bookcase-cc404526-7e49-447a-b2ad-88a6bd2c5a81-jpgrendition.jpg?im=whresize&wid=200&hei=200,,1680047,168-0047-2,Il n’en reste que 1 #168-0047-2,Liquidation◊Mieux notés,60.02,"139,93","349,99"
193,"Delhi, ON","Bibliothèque étroite à cadre en métal à 4 niveaux avec porte de rangement CANVAS Robson, fini chêne","Bibliothèque étroite à cadre en métal à 4 niveaux avec porte de rangement CANVAS Robson, fini chêne",119.93,"119,93 $",299.99,"Était±  299,99 $prix était 299,99 $",119.93,"119,93 $",119.93,"119,93 $",true,https://www.canadiantire.ca/fr/pdp/bibliotheque-etroite-a-cadre-en-metal-a-4-niveaux-avec-porte-de-rangement-canvas-robson-fini-chene-1680046p.html,https://www.canadiantire.ca/fr/pdp/bibliotheque-etroite-a-cadre-en-metal-a-4-niveaux-avec-porte-de-rangement-canvas-robson-fini-chene-1680046p.html,https://media-www.canadiantire.ca/product/living/home-decor/furniture/1680046/canvas-robson-narrow-bookcase-e1615183-0b8a-49f9-8dc3-0a09bf7290ad-jpgrendition.jpg?im=whresize&wid=200&hei=200,https://media-www.canadiantire.ca/product/living/home-decor/furniture/1680046/canvas-robson-narrow-bookcase-e1615183-0b8a-49f9-8dc3-0a09bf7290ad-jpgrendition.jpg?im=whresize&wid=200&hei=200,,1680046,168-0046-4,Il n’en reste que 1 #168-0046-4,Liquidation◊Articles à succès,60.02,"119,93","299,99"
193,"Delhi, ON","Sac banane/Sac de taille pour hanche/épaule Outbound avec sangle ajustable, choix varié, 2 l","Sac banane/Sac de taille pour hanche/épaule Outbound avec sangle ajustable, choix varié, 2 l",4.93,"4,93 $",9.99,"Était±  9,99 $prix était 9,99 $",4.93,"4,93 $",4.93,"4,93 $",true,https://www.canadiantire.ca/fr/pdp/sac-banane-sac-de-taille-pour-hanche-epaule-outbound-avec-sangle-ajustable-choix-varie-2-l-0766195p.html,https://www.canadiantire.ca/fr/pdp/sac-banane-sac-de-taille-pour-hanche-epaule-outbound-avec-sangle-ajustable-choix-varie-2-l-0766195p.html,https://media-www.canadiantire.ca/product/playing/camping/backpacks-luggage-accessories/0766195/outbound-hip-pack-27a2088e-6a32-45e0-ab5f-bf6f9f92e327-jpgrendition.jpg?im=whresize&wid=200&hei=200,https://media-www.canadiantire.ca/product/playing/camping/backpacks-luggage-accessories/0766195/outbound-hip-pack-27a2088e-6a32-45e0-ab5f-bf6f9f92e327-jpgrendition.jpg?im=whresize&wid=200&hei=200,,0766195,076-6195-0,Il n’en reste que 5 #076-6195-0,Liquidation◊Mieux notés,50.65,"4,93","9,99"
193,"Delhi, ON",Huitre à enfourcher flottante gonflable pour lac,Huitre à enfourcher flottante gonflable pour lac,39.93,"39,93 $",99.99,"Était±  99,99 $prix était 99,99 $",39.93,"39,93 $",39.93,"39,93 $",true,https://www.canadiantire.ca/fr/pdp/huitre-a-enfourcher-flottante-gonflable-pour-lac-0791411p.html,https://www.canadiantire.ca/fr/pdp/huitre-a-enfourcher-flottante-gonflable-pour-lac-0791411p.html,https://media-www.canadiantire.ca/product/playing/seasonal-recreation/marine-water-fun/0791411/clamshell-lake-inflatable-84c224b6-f74f-43cb-add7-f18aa0e52402-jpgrendition.jpg?im=whresize&wid=200&hei=200,https://media-www.canadiantire.ca/product/playing/seasonal-recreation/marine-water-fun/0791411/clamshell-lake-inflatable-84c224b6-f74f-43cb-add7-f18aa0e52402-jpgrendition.jpg?im=whresize&wid=200&hei=200,,0791411,079-1411-0,Il n’en reste que 1 #079-1411-0,Liquidation◊,60.07,"39,93","99,99"
193,"Delhi, ON","Fauteuil de salle à manger d'extérieur/de terrasse CANVAS Belwood en aluminium et osier, paq. 2","Fauteuil de salle à manger d'extérieur/de terrasse CANVAS Belwood en aluminium et osier, paq. 2",249.93,"249,93 $",499.99,"Était±  499,99 $prix était 499,99 $",249.93,"249,93 $",249.93,"249,93 $",true,https://www.canadiantire.ca/fr/pdp/fauteuil-de-salle-a-manger-d-exterieur-de-terrasse-canvas-belwood-en-aluminium-et-osier-paq-2-0880541p.html,https://www.canadiantire.ca/fr/pdp/fauteuil-de-salle-a-manger-d-exterieur-de-terrasse-canvas-belwood-en-aluminium-et-osier-paq-2-0880541p.html,https://media-www.canadiantire.ca/product/seasonal-gardening/backyard-living/outdoor-furniture/0880541/canvas-belwood-aluminum-dining-chair-2-pack-de38f891-c44a-49df-a4e2-897c643e77fb-jpgrendition.jpg?im=whresize&wid=200&hei=200,https://media-www.canadiantire.ca/product/seasonal-gardening/backyard-living/outdoor-furniture/0880541/canvas-belwood-aluminum-dining-chair-2-pack-de38f891-c44a-49df-a4e2-897c643e77fb-jpgrendition.jpg?im=whresize&wid=200&hei=200,,0880541,088-0541-4,Il n’en reste que 1 #088-0541-4,Liquidation◊Mieux notés,50.01,"249,93","499,99"
193,"Delhi, ON","Île flottante gonflable pour 6 personnes pour rivière/lac avec pare-soleil HydroForce Sunny Lounge, vert/jaune","Île flottante gonflable pour 6 personnes pour rivière/lac avec pare-soleil HydroForce Sunny Lounge, vert/jaune",119.93,"119,93 $",299.99,"Était±  299,99 $prix était 299,99 $",119.93,"119,93 $",119.93,"119,93 $",true,https://www.canadiantire.ca/fr/pdp/ile-flottante-gonflable-pour-6-personnes-pour-riviere-lac-avec-pare-soleil-hydroforce-sunny-lounge-vert-jaune-0797165p.html,https://www.canadiantire.ca/fr/pdp/ile-flottante-gonflable-pour-6-personnes-pour-riviere-lac-avec-pare-soleil-hydroforce-sunny-lounge-vert-jaune-0797165p.html,https://media-www.canadiantire.ca/product/playing/seasonal-recreation/marine-water-fun/0797165/hydroforce-sunny-lounge-party-island-6-person-1d5f89f0-aee0-4c82-87ee-388e48abc1ee-jpgrendition.jpg?im=whresize&wid=200&hei=200,https://media-www.canadiantire.ca/product/playing/seasonal-recreation/marine-water-fun/0797165/hydroforce-sunny-lounge-party-island-6-person-1d5f89f0-aee0-4c82-87ee-388e48abc1ee-jpgrendition.jpg?im=whresize&wid=200&hei=200,,0797165,079-7165-0,Il n’en reste que 1 #079-7165-0,Liquidation◊Exclusivité,60.02,"119,93","299,99"
193,"Delhi, ON","Meuble pour téléviseur avec foyer électrique multimédia CANVAS Lotus, 67 po, 1 500 W, télécommande comprise, brun","Meuble pour téléviseur avec foyer électrique multimédia CANVAS Lotus, 67 po, 1 500 W, télécommande comprise, brun",274.93,"274,93 $",549.99,"Était±  549,99 $prix était 549,99 $",274.93,"274,93 $",274.93,"274,93 $",true,https://www.canadiantire.ca/fr/pdp/meuble-pour-televiseur-avec-foyer-electrique-multimedia-canvas-lotus-67-po-1-500-w-telecommande-comprise-brun-0643590p.html,https://www.canadiantire.ca/fr/pdp/meuble-pour-televiseur-avec-foyer-electrique-multimedia-canvas-lotus-67-po-1-500-w-telecommande-comprise-brun-0643590p.html,https://media-www.canadiantire.ca/product/living/home-decor/electric-fireplaces/0643590/masterflame-lotus-fireplace-aa87f256-c025-40e6-b060-d1a987f18559-jpgrendition.jpg?im=whresize&wid=200&hei=200,https://media-www.canadiantire.ca/product/living/home-decor/electric-fireplaces/0643590/masterflame-lotus-fireplace-aa87f256-c025-40e6-b060-d1a987f18559-jpgrendition.jpg?im=whresize&wid=200&hei=200,,0643590,064-3590-4,Il n’en reste que 2 #064-3590-4,Liquidation◊Exclusivité,50.01,"274,93","549,99"
193,"Delhi, ON","Pergola modulaire CANVAS Horizon, extérieur et patio, 10 x 10 pi","Pergola modulaire CANVAS Horizon, extérieur et patio, 10 x 10 pi",599.93,"599,93 $",1199.99,"Était±  1 199,99 $prix était 1 199,99 $",599.93,"599,93 $",599.93,"599,93 $",true,https://www.canadiantire.ca/fr/pdp/pergola-modulaire-canvas-horizon-exterieur-et-patio-10-x-10-pi-1880240p.html,https://www.canadiantire.ca/fr/pdp/pergola-modulaire-canvas-horizon-exterieur-et-patio-10-x-10-pi-1880240p.html,https://media-www.canadiantire.ca/product/seasonal-gardening/backyard-living/outdoor-furniture/1880240/canvas-horizon-10-x-10-modular-pergola-036babcc-70d8-48f1-b1f2-73666688de06-jpgrendition.jpg?im=whresize&wid=200&hei=200,https://media-www.canadiantire.ca/product/seasonal-gardening/backyard-living/outdoor-furniture/1880240/canvas-horizon-10-x-10-modular-pergola-036babcc-70d8-48f1-b1f2-73666688de06-jpgrendition.jpg?im=whresize&wid=200&hei=200,,1880240,188-0240-2,Il n’en reste que 2 #188-0240-2,Liquidation◊Exclusivité,50.01,"599,93","1199,99"
193,"Delhi, ON","Pagaie de planche debout en aluminium Pelican, noir","Pagaie de planche debout en aluminium Pelican, noir",29.93,"29,93 $",79.99,"Était±  79,99 $prix était 79,99 $",29.93,"29,93 $",29.93,"29,93 $",true,https://www.canadiantire.ca/fr/pdp/pagaie-de-planche-debout-en-aluminium-pelican-noir-0793303p.html,https://www.canadiantire.ca/fr/pdp/pagaie-de-planche-debout-en-aluminium-pelican-noir-0793303p.html,https://media-www.canadiantire.ca/product/playing/seasonal-recreation/marine-power-boating/0793303/sup-paddle-for-079-8296-30bd6ee2-2f95-4886-a97b-5c810063b32e-jpgrendition.jpg?im=whresize&wid=200&hei=200,https://media-www.canadiantire.ca/product/playing/seasonal-recreation/marine-power-boating/0793303/sup-paddle-for-079-8296-30bd6ee2-2f95-4886-a97b-5c810063b32e-jpgrendition.jpg?im=whresize&wid=200&hei=200,,0793303,079-3303-6,,Liquidation◊,62.58,"29,93","79,99"
193,"Delhi, ON","Bottes de travail imperméables en cuir à bouts en composite CSA Stanley pour hommes, 6 po de hauteur, noir","Bottes de travail imperméables en cuir à bouts en composite CSA Stanley pour hommes, 6 po de hauteur, noir",97.93,"97,93 $",209.99,"209,99 $Était   et+ prix était à partir de 209,99 $",97.93,"97,93 $",97.93,"97,93 $",true,https://www.canadiantire.ca/fr/pdp/bottes-de-travail-impermeables-en-cuir-a-bouts-en-composite-csa-stanley-pour-hommes-6-po-de-hauteur-noir-1873347p.html,https://www.canadiantire.ca/fr/pdp/bottes-de-travail-impermeables-en-cuir-a-bouts-en-composite-csa-stanley-pour-hommes-6-po-de-hauteur-noir-1873347p.html,https://media-www.canadiantire.ca/product/playing/footwear-apparel/work-footwear-apparel/1873347/stanley-csa-safety-boot-black-m7-7b483c2b-4d37-4a3c-9c8f-2924f50d9117-jpgrendition.jpg?im=whresize&wid=200&hei=200,https://media-www.canadiantire.ca/product/playing/footwear-apparel/work-footwear-apparel/1873347/stanley-csa-safety-boot-black-m7-7b483c2b-4d37-4a3c-9c8f-2924f50d9117-jpgrendition.jpg?im=whresize&wid=200&hei=200,,1873347,187-3347,Vérifiez la disponibilité#187-3347X,Liquidation◊Exclusivité,53.36,"97,93","209,99"
193,"Delhi, ON",Jeu d'arcade de tir de basketball REC-Tek avec 4 balles et tableau de pointage électronique,Jeu d'arcade de tir de basketball REC-Tek avec 4 balles et tableau de pointage électronique,54.93,"54,93 $",129.99,"Était±  129,99 $prix était 129,99 $",54.93,"54,93 $",54.93,"54,93 $",true,https://www.canadiantire.ca/fr/pdp/jeu-d-arcade-de-tir-de-basketball-rec-tek-avec-4-balles-et-tableau-de-pointage-electronique-1840694p.html,https://www.canadiantire.ca/fr/pdp/jeu-d-arcade-de-tir-de-basketball-rec-tek-avec-4-balles-et-tableau-de-pointage-electronique-1840694p.html,https://media-www.canadiantire.ca/product/playing/team-sports-and-golf/indoor-games/1840694/rec-tek-basketball-shootout-challenge-game-b5d7e061-32a3-40d8-a913-45673257eaf7-jpgrendition.jpg?im=whresize&wid=200&hei=200,https://media-www.canadiantire.ca/product/playing/team-sports-and-golf/indoor-games/1840694/rec-tek-basketball-shootout-challenge-game-b5d7e061-32a3-40d8-a913-45673257eaf7-jpgrendition.jpg?im=whresize&wid=200&hei=200,,1840694,184-0694-0,Il n’en reste que 1 #184-0694-0,Liquidation◊Exclusivité,57.74,"54,93","129,99"
193,"Delhi, ON","Parka technique de chasse perméable à l'air imperméable coupe-vent Yukon Gear pour hommes, camouflage Realtree Xtra","Parka technique de chasse perméable à l'air imperméable coupe-vent Yukon Gear pour hommes, camouflage Realtree Xtra",39.93,"39,93 $",99.99,"99,99 $Était   et+ prix était à partir de 99,99 $",39.93,"39,93 $",39.93,"39,93 $",true,https://www.canadiantire.ca/fr/pdp/parka-technique-de-chasse-permeable-a-l-air-impermeable-coupe-vent-yukon-gear-pour-hommes-camouflage-realtree-xtra-3750716p.html,https://www.canadiantire.ca/fr/pdp/parka-technique-de-chasse-permeable-a-l-air-impermeable-coupe-vent-yukon-gear-pour-hommes-camouflage-realtree-xtra-3750716p.html,https://media-www.canadiantire.ca/product/playing/hunting/hunting-apparel-footwear/3750716/yukon-gear-parka-2-rte-m-a47cf6f2-275c-44e1-93da-5eb1da27165e-jpgrendition.jpg?im=whresize&wid=200&hei=200,https://media-www.canadiantire.ca/product/playing/hunting/hunting-apparel-footwear/3750716/yukon-gear-parka-2-rte-m-a47cf6f2-275c-44e1-93da-5eb1da27165e-jpgrendition.jpg?im=whresize&wid=200&hei=200,,3750716,375-0716,Vérifiez la disponibilité#375-0716X,Liquidation◊Mieux notés,60.07,"39,93","99,99"
193,"Delhi, ON",CANVAS Bala - Table à manger de jardin en osier à plateau en similibois pour toutes les conditions,CANVAS Bala - Table à manger de jardin en osier à plateau en similibois pour toutes les conditions,199.93,"199,93 $",399.99,"Était±  399,99 $prix était 399,99 $",199.93,"199,93 $",199.93,"199,93 $",true,https://www.canadiantire.ca/fr/pdp/canvas-bala-table-a-manger-de-jardin-en-osier-a-plateau-en-similibois-pour-toutes-les-conditions-0881695p.html,https://www.canadiantire.ca/fr/pdp/canvas-bala-table-a-manger-de-jardin-en-osier-a-plateau-en-similibois-pour-toutes-les-conditions-0881695p.html,https://media-www.canadiantire.ca/product/seasonal-gardening/backyard-living/outdoor-furniture/0881695/canvas-bala-casual-dining-table-5ca88d41-582d-4068-957c-ddee4d89cc49-jpgrendition.jpg?im=whresize&wid=200&hei=200,https://media-www.canadiantire.ca/product/seasonal-gardening/backyard-living/outdoor-furniture/0881695/canvas-bala-casual-dining-table-5ca88d41-582d-4068-957c-ddee4d89cc49-jpgrendition.jpg?im=whresize&wid=200&hei=200,,0881695,088-1695-2,Il n’en reste que 1 #088-1695-2,Liquidation◊Exclusivité,50.02,"199,93","399,99"
193,"Delhi, ON","Polisseuse orbitale aléatoire sans balai SIMONIZ, 20 V, 6 po, avec batterie PWR POD 4,0 Ah","Polisseuse orbitale aléatoire sans balai SIMONIZ, 20 V, 6 po, avec batterie PWR POD 4,0 Ah",139.93,"139,93 $",379.99,"Était±  379,99 $prix était 379,99 $",139.93,"139,93 $",139.93,"139,93 $",true,https://www.canadiantire.ca/fr/pdp/polisseuse-orbitale-aleatoire-sans-balai-simoniz-20-v-6-po-avec-batterie-pwr-pod-4-0-ah-0396530p.html,https://www.canadiantire.ca/fr/pdp/polisseuse-orbitale-aleatoire-sans-balai-simoniz-20-v-6-po-avec-batterie-pwr-pod-4-0-ah-0396530p.html,https://media-www.canadiantire.ca/product/automotive/car-care-accessories/auto-cleaning-tools/0396530/simoniz-6-cordless-right-angle-polisher-b8a39a4b-c736-476b-befc-43f51489db50-jpgrendition.jpg?im=whresize&wid=200&hei=200,https://media-www.canadiantire.ca/product/automotive/car-care-accessories/auto-cleaning-tools/0396530/simoniz-6-cordless-right-angle-polisher-b8a39a4b-c736-476b-befc-43f51489db50-jpgrendition.jpg?im=whresize&wid=200&hei=200,,0396530,039-6530-2,Il n’en reste que 1 #039-6530-2,Liquidation◊Mieux notés,63.18,"139,93","379,99"
193,"Delhi, ON","CANVAS Mercier - Table à dîner de terrasse rectangulaire en acier à plateau en verre, noir","CANVAS Mercier - Table à dîner de terrasse rectangulaire en acier à plateau en verre, noir",149.93,"149,93 $",299.99,"Était±  299,99 $prix était 299,99 $",149.93,"149,93 $",149.93,"149,93 $",true,https://www.canadiantire.ca/fr/pdp/canvas-mercier-table-a-diner-de-terrasse-rectangulaire-en-acier-a-plateau-en-verre-noir-0882029p.html,https://www.canadiantire.ca/fr/pdp/canvas-mercier-table-a-diner-de-terrasse-rectangulaire-en-acier-a-plateau-en-verre-noir-0882029p.html,https://media-www.canadiantire.ca/product/seasonal-gardening/backyard-living/outdoor-furniture/0882029/canvas-mercier-dining-table-1ab27b9c-d50f-4a17-9d15-124e2a4f2a96-jpgrendition.jpg?im=whresize&wid=200&hei=200,https://media-www.canadiantire.ca/product/seasonal-gardening/backyard-living/outdoor-furniture/0882029/canvas-mercier-dining-table-1ab27b9c-d50f-4a17-9d15-124e2a4f2a96-jpgrendition.jpg?im=whresize&wid=200&hei=200,,0882029,088-2029-4,Il n’en reste que 1 #088-2029-4,Liquidation◊Exclusivité,50.02,"149,93","299,99"
193,"Delhi, ON","Machine à eau gazéifiée Ninja Thirsti, machine à soda, station de boissons gazeuses et plates, cylindre de CO2 de 60 L et gouttes d'eau aromatisées, noir","Machine à eau gazéifiée Ninja Thirsti, machine à soda, station de boissons gazeuses et plates, cylindre de CO2 de 60 L et gouttes d'eau aromatisées, noir",89.93,"89,93 $",249.99,"Était±  249,99 $prix était 249,99 $",89.93,"89,93 $",89.93,"89,93 $",true,https://www.canadiantire.ca/fr/pdp/machine-a-eau-gazeifiee-ninja-thirsti-machine-a-soda-station-de-boissons-gazeuses-et-plates-cylindre-de-co2-de-60-l-et-gouttes-d-eau-aromatisees-noir-0431546p.html,https://www.canadiantire.ca/fr/pdp/machine-a-eau-gazeifiee-ninja-thirsti-machine-a-soda-station-de-boissons-gazeuses-et-plates-cylindre-de-co2-de-60-l-et-gouttes-d-eau-aromatisees-noir-0431546p.html,https://media-www.canadiantire.ca/product/living/kitchen/kitchen-appliances/0431546/ninja-thirsti-carbonated-water-maker-3fdc8f98-1cc8-4a22-8746-d8c0178035f9-jpgrendition.jpg?im=whresize&wid=200&hei=200,https://media-www.canadiantire.ca/product/living/kitchen/kitchen-appliances/0431546/ninja-thirsti-carbonated-water-maker-3fdc8f98-1cc8-4a22-8746-d8c0178035f9-jpgrendition.jpg?im=whresize&wid=200&hei=200,,0431546,043-1546-4,Il n’en reste que 2 #043-1546-4,Liquidation◊Mieux notés,64.03,"89,93","249,99"
193,"Delhi, ON",Sécheuse extensible intérieur/extérieur Type A,Sécheuse extensible intérieur/extérieur Type A,39.93,"39,93 $",79.99,"Était±  79,99 $prix était 79,99 $",39.93,"39,93 $",39.93,"39,93 $",true,https://www.canadiantire.ca/fr/pdp/secheuse-extensible-interieur-exterieur-type-a-1429642p.html,https://www.canadiantire.ca/fr/pdp/secheuse-extensible-interieur-exterieur-type-a-1429642p.html,https://media-www.canadiantire.ca/product/living/home-organization/laundry/1429642/type-a-indoor-outdoor-dryer-4f8c50be-fec9-479f-b4f9-efc08ac97fad-jpgrendition.jpg?im=whresize&wid=200&hei=200,https://media-www.canadiantire.ca/product/living/home-organization/laundry/1429642/type-a-indoor-outdoor-dryer-4f8c50be-fec9-479f-b4f9-efc08ac97fad-jpgrendition.jpg?im=whresize&wid=200&hei=200,,1429642,142-9642-0,Il n’en reste que 1 #142-9642-0,Liquidation◊Mieux notés,50.08,"39,93","79,99"
193,"Delhi, ON","Lampe de travail COB Motomaster, pile sèche","Lampe de travail COB Motomaster, pile sèche",6.93,"6,93 $",22.99,"Était±  22,99 $prix était 22,99 $",6.93,"6,93 $",6.93,"6,93 $",true,https://www.canadiantire.ca/fr/pdp/lampe-de-travail-cob-motomaster-pile-seche-0378076p.html,https://www.canadiantire.ca/fr/pdp/lampe-de-travail-cob-motomaster-pile-seche-0378076p.html,https://media-www.canadiantire.ca/product/automotive/car-care-accessories/auto-accessories/0378076/motomaster-cob-dry-battery-worklight-79121987-169f-468e-ac18-5d54166c93e6-jpgrendition.jpg?im=whresize&wid=200&hei=200,https://media-www.canadiantire.ca/product/automotive/car-care-accessories/auto-accessories/0378076/motomaster-cob-dry-battery-worklight-79121987-169f-468e-ac18-5d54166c93e6-jpgrendition.jpg?im=whresize&wid=200&hei=200,,0378076,037-8076-6,Il n’en reste que 3 #037-8076-6,Liquidation◊Exclusivité,69.86,"6,93","22,99"
193,"Delhi, ON","Cafetière à infusion à froid PADERNO en verre, 6 tasses, va au lave-vaisselle","Cafetière à infusion à froid PADERNO en verre, 6 tasses, va au lave-vaisselle",19.93,"19,93 $",39.99,"Était±  39,99 $prix était 39,99 $",19.93,"19,93 $",19.93,"19,93 $",true,https://www.canadiantire.ca/fr/pdp/cafetiere-a-infusion-a-froid-paderno-en-verre-6-tasses-va-au-lave-vaisselle-1429874p.html,https://www.canadiantire.ca/fr/pdp/cafetiere-a-infusion-a-froid-paderno-en-verre-6-tasses-va-au-lave-vaisselle-1429874p.html,https://media-www.canadiantire.ca/product/living/kitchen/dining-and-entertaining/1429874/paderno-precision-cold-brew-coffee-maker-be0b37ba-c771-452d-a07c-d9ddb75c463b-jpgrendition.jpg?im=whresize&wid=200&hei=200,https://media-www.canadiantire.ca/product/living/kitchen/dining-and-entertaining/1429874/paderno-precision-cold-brew-coffee-maker-be0b37ba-c771-452d-a07c-d9ddb75c463b-jpgrendition.jpg?im=whresize&wid=200&hei=200,,1429874,142-9874-8,Il n’en reste que 2 #142-9874-8,Liquidation◊Mieux notés,50.16,"19,93","39,99"
193,"Delhi, ON","Détecteur de montants de base à DEL Mastercraft, 3/4 po","Détecteur de montants de base à DEL Mastercraft, 3/4 po",9.93,"9,93 $",19.99,"Était±  19,99 $prix était 19,99 $",9.93,"9,93 $",9.93,"9,93 $",true,https://www.canadiantire.ca/fr/pdp/detecteur-de-montants-de-base-a-del-mastercraft-3-4-po-0574657p.html,https://www.canadiantire.ca/fr/pdp/detecteur-de-montants-de-base-a-del-mastercraft-3-4-po-0574657p.html,https://media-www.canadiantire.ca/product/fixing/tools/cutting-measuring/0574657/mastercraft-basic-stud-finder-64e0c55e-9e7f-435f-a8a8-a053de98684d-jpgrendition.jpg?im=whresize&wid=200&hei=200,https://media-www.canadiantire.ca/product/fixing/tools/cutting-measuring/0574657/mastercraft-basic-stud-finder-64e0c55e-9e7f-435f-a8a8-a053de98684d-jpgrendition.jpg?im=whresize&wid=200&hei=200,,0574657,057-4657-0,Il n’en reste que 2 #057-4657-0,Liquidation◊Exclusivité,50.33,"9,93","19,99"
193,"Delhi, ON","Humidificateur d'air ultrasonique à brume fraîche et diffuseur d'huile essentielle Crane EE-5951AD avec lampe, léger, très silencieux, blanc, 0,8 L","Humidificateur d'air ultrasonique à brume fraîche et diffuseur d'huile essentielle Crane EE-5951AD avec lampe, léger, très silencieux, blanc, 0,8 L",24.93,"24,93 $",63.99,"Était±  63,99 $prix était 63,99 $",24.93,"24,93 $",24.93,"24,93 $",true,https://www.canadiantire.ca/fr/pdp/humidificateur-d-air-ultrasonique-a-brume-fraiche-et-diffuseur-d-huile-essentielle-crane-ee-5951ad-avec-lampe-leger-tres-silencieux-blanc-0-8-l-0430700p.html,https://www.canadiantire.ca/fr/pdp/humidificateur-d-air-ultrasonique-a-brume-fraiche-et-diffuseur-d-huile-essentielle-crane-ee-5951ad-avec-lampe-leger-tres-silencieux-blanc-0-8-l-0430700p.html,https://media-www.canadiantire.ca/product/living/home-environment/home-air-quality-appliances/0430700/crane-ultrasonic-cool-mist-humidifier-diffuser-95c3bc13-c9f0-4d3a-aab6-08011ec6a9db-jpgrendition.jpg?im=whresize&wid=200&hei=200,https://media-www.canadiantire.ca/product/living/home-environment/home-air-quality-appliances/0430700/crane-ultrasonic-cool-mist-humidifier-diffuser-95c3bc13-c9f0-4d3a-aab6-08011ec6a9db-jpgrendition.jpg?im=whresize&wid=200&hei=200,,0430700,043-0700-2,Il n’en reste que 1 #043-0700-2,Liquidation◊Mieux notés,61.04,"24,93","63,99"
193,"Delhi, ON","Pagaie de planche debout ajustable Outbound, turquoise, 67 à 86,6 po","Pagaie de planche debout ajustable Outbound, turquoise, 67 à 86,6 po",29.93,"29,93 $",79.99,"Était±  79,99 $prix était 79,99 $",29.93,"29,93 $",29.93,"29,93 $",true,https://www.canadiantire.ca/fr/pdp/pagaie-de-planche-debout-ajustable-outbound-turquoise-67-a-86-6-po-0792069p.html,https://www.canadiantire.ca/fr/pdp/pagaie-de-planche-debout-ajustable-outbound-turquoise-67-a-86-6-po-0792069p.html,https://media-www.canadiantire.ca/product/playing/seasonal-recreation/marine-power-boating/0792069/outbound-stand-up-paddleboard-paddle-aqua-33d6ecfd-4e9f-46ba-9a0a-8f3added2ab6-jpgrendition.jpg?im=whresize&wid=200&hei=200,https://media-www.canadiantire.ca/product/playing/seasonal-recreation/marine-power-boating/0792069/outbound-stand-up-paddleboard-paddle-aqua-33d6ecfd-4e9f-46ba-9a0a-8f3added2ab6-jpgrendition.jpg?im=whresize&wid=200&hei=200,,0792069,079-2069-0,Il n’en reste que 1 #079-2069-0,Liquidation◊Exclusivité,62.58,"29,93","79,99"
193,"Delhi, ON","Aspirateur-shampouineuse compact Simoniz PWR POD pour traitement localisé des tapis et tissus, outil seulement","Aspirateur-shampouineuse compact Simoniz PWR POD pour traitement localisé des tapis et tissus, outil seulement",62.93,"62,93 $",129.99,"Était±  129,99 $prix était 129,99 $",62.93,"62,93 $",62.93,"62,93 $",true,https://www.canadiantire.ca/fr/pdp/aspirateur-shampouineuse-compact-simoniz-pwr-pod-pour-traitement-localise-des-tapis-et-tissus-outil-seulement-0398251p.html,https://www.canadiantire.ca/fr/pdp/aspirateur-shampouineuse-compact-simoniz-pwr-pod-pour-traitement-localise-des-tapis-et-tissus-outil-seulement-0398251p.html,https://media-www.canadiantire.ca/product/automotive/car-care-accessories/auto-cleaning-tools/0398251/simoniz-pwr-pod-spot-cleaner-b3cd04e3-64cb-4fa9-b749-9ef34bbf2e9d-jpgrendition.jpg?im=whresize&wid=200&hei=200,https://media-www.canadiantire.ca/product/automotive/car-care-accessories/auto-cleaning-tools/0398251/simoniz-pwr-pod-spot-cleaner-b3cd04e3-64cb-4fa9-b749-9ef34bbf2e9d-jpgrendition.jpg?im=whresize&wid=200&hei=200,,0398251,039-8251-4,Il n’en reste que 1 #039-8251-4,Liquidation◊Exclusivité,51.59,"62,93","129,99"
193,"Delhi, ON","Pagaie de kayak en aluminium Pelican Vesta, 230 cm (90,5 po), bleu","Pagaie de kayak en aluminium Pelican Vesta, 230 cm (90,5 po), bleu",39.93,"39,93 $",99.99,"Était±  99,99 $prix était 99,99 $",39.93,"39,93 $",39.93,"39,93 $",true,https://www.canadiantire.ca/fr/pdp/pagaie-de-kayak-en-aluminium-pelican-vesta-230-cm-90-5-po-bleu-0792070p.html,https://www.canadiantire.ca/fr/pdp/pagaie-de-kayak-en-aluminium-pelican-vesta-230-cm-90-5-po-bleu-0792070p.html,https://media-www.canadiantire.ca/product/playing/seasonal-recreation/marine-power-boating/0792070/pelican-vesta-kayak-paddle-blue-1542ddac-af1f-4086-b76d-d41499e42e53-jpgrendition.jpg?im=whresize&wid=200&hei=200,https://media-www.canadiantire.ca/product/playing/seasonal-recreation/marine-power-boating/0792070/pelican-vesta-kayak-paddle-blue-1542ddac-af1f-4086-b76d-d41499e42e53-jpgrendition.jpg?im=whresize&wid=200&hei=200,,0792070,079-2070-4,Il n’en reste que 1 #079-2070-4,Liquidation◊Mieux notés,60.07,"39,93","99,99"
193,"Delhi, ON","Coussin de siège profond hydrofuge résistant aux taches CANVAS, rouge","Coussin de siège profond hydrofuge résistant aux taches CANVAS, rouge",69.93,"69,93 $",139.99,"Était±  139,99 $prix était 139,99 $",69.93,"69,93 $",69.93,"69,93 $",true,https://www.canadiantire.ca/fr/pdp/coussin-de-siege-profond-hydrofuge-resistant-aux-taches-canvas-rouge-0882124p.html,https://www.canadiantire.ca/fr/pdp/coussin-de-siege-profond-hydrofuge-resistant-aux-taches-canvas-rouge-0882124p.html,https://media-www.canadiantire.ca/product/seasonal-gardening/backyard-living/outdoor-living-accessories/0882124/canvas-deep-seat-chair-cushion-red-70a5e419-f063-4d33-87d9-34a3290bd702-jpgrendition.jpg?im=whresize&wid=200&hei=200,https://media-www.canadiantire.ca/product/seasonal-gardening/backyard-living/outdoor-living-accessories/0882124/canvas-deep-seat-chair-cushion-red-70a5e419-f063-4d33-87d9-34a3290bd702-jpgrendition.jpg?im=whresize&wid=200&hei=200,,0882124,088-2124-6,,Liquidation◊Exclusivité,50.05,"69,93","139,99"
193,"Delhi, ON","Bâton lumineux/lampe de sécurité étanche Outbound, 12 heures, pour le camping, la randonnée et le bateau, paq. 8","Bâton lumineux/lampe de sécurité étanche Outbound, 12 heures, pour le camping, la randonnée et le bateau, paq. 8",4.93,"4,93 $",11.99,"Était±  11,99 $prix était 11,99 $",4.93,"4,93 $",4.93,"4,93 $",true,https://www.canadiantire.ca/fr/pdp/baton-lumineux-lampe-de-securite-etanche-outbound-12-heures-pour-le-camping-la-randonnee-et-le-bateau-paq-8-0765649p.html,https://www.canadiantire.ca/fr/pdp/baton-lumineux-lampe-de-securite-etanche-outbound-12-heures-pour-le-camping-la-randonnee-et-le-bateau-paq-8-0765649p.html,https://media-www.canadiantire.ca/product/playing/camping/camping-accessories/0765649/outbound-glow-sticks-69cd1ed2-f0a4-4ea3-85e9-4b204b01518b-jpgrendition.jpg?im=whresize&wid=200&hei=200,https://media-www.canadiantire.ca/product/playing/camping/camping-accessories/0765649/outbound-glow-sticks-69cd1ed2-f0a4-4ea3-85e9-4b204b01518b-jpgrendition.jpg?im=whresize&wid=200&hei=200,,0765649,076-5649-8,Il n’en reste que 6 #076-5649-8,Liquidation◊Exclusivité,58.88,"4,93","11,99"
193,"Delhi, ON","Mini-quad/VTT porteur électrique Huffy Boltz 6 V, rouge/bleu, 18 mois à 3 ans","Mini-quad/VTT porteur électrique Huffy Boltz 6 V, rouge/bleu, 18 mois à 3 ans",99.93,"99,93 $",219.99,"Était±  219,99 $prix était 219,99 $",99.93,"99,93 $",99.93,"99,93 $",true,https://www.canadiantire.ca/fr/pdp/mini-quad-vtt-porteur-electrique-huffy-boltz-6-v-rouge-bleu-18-mois-a-3-ans-1840678p.html,https://www.canadiantire.ca/fr/pdp/mini-quad-vtt-porteur-electrique-huffy-boltz-6-v-rouge-bleu-18-mois-a-3-ans-1840678p.html,https://media-www.canadiantire.ca/product/playing/cycling/wheeled-goods/1840678/6v-boltz-electric-ride-on-66667b95-eb65-4da2-9576-fe421594655b-jpgrendition.jpg?im=whresize&wid=200&hei=200,https://media-www.canadiantire.ca/product/playing/cycling/wheeled-goods/1840678/6v-boltz-electric-ride-on-66667b95-eb65-4da2-9576-fe421594655b-jpgrendition.jpg?im=whresize&wid=200&hei=200,,1840678,184-0678-0,Il n’en reste que 1 #184-0678-0,Liquidation◊,54.58,"99,93","219,99"
193,"Delhi, ON","Câble de chargement micro USB DE SMART Accessories pour téléphones intelligents Android et plus encore, 3 pi","Câble de chargement micro USB DE SMART Accessories pour téléphones intelligents Android et plus encore, 3 pi",0.43,"0,43 $",4.99,"Était±  4,99 $prix était 4,99 $",0.43,"0,43 $",0.43,"0,43 $",true,https://www.canadiantire.ca/fr/pdp/cable-de-chargement-micro-usb-de-smart-accessories-pour-telephones-intelligents-android-et-plus-encore-3-pi-0355355p.html,https://www.canadiantire.ca/fr/pdp/cable-de-chargement-micro-usb-de-smart-accessories-pour-telephones-intelligents-android-et-plus-encore-3-pi-0355355p.html,https://media-www.canadiantire.ca/product/automotive/car-care-accessories/auto-electronics/0355355/smart-accessories-micro-usb-cable-3--7e33cb19-bb77-4286-a278-ac6df41bed68-jpgrendition.jpg?im=whresize&wid=200&hei=200,https://media-www.canadiantire.ca/product/automotive/car-care-accessories/auto-electronics/0355355/smart-accessories-micro-usb-cable-3--7e33cb19-bb77-4286-a278-ac6df41bed68-jpgrendition.jpg?im=whresize&wid=200&hei=200,,0355355,035-5355-4,Il n’en reste que 2 #035-5355-4,Liquidation◊,91.38,"0,43","4,99"
193,"Delhi, ON","Foyer à granules de bois à faible émission Vermont Castings, 15 1/8 x 10 5/8 po","Foyer à granules de bois à faible émission Vermont Castings, 15 1/8 x 10 5/8 po",62.93,"62,93 $",169.99,"Était±  169,99 $prix était 169,99 $",62.93,"62,93 $",62.93,"62,93 $",true,https://www.canadiantire.ca/fr/pdp/foyer-a-granules-de-bois-a-faible-emission-vermont-castings-15-1-8-x-10-5-8-po-0851589p.html,https://www.canadiantire.ca/fr/pdp/foyer-a-granules-de-bois-a-faible-emission-vermont-castings-15-1-8-x-10-5-8-po-0851589p.html,https://media-www.canadiantire.ca/product/seasonal-gardening/backyard-living/outdoor-heating/0851589/vermont-castings-wood-pellet-low-smoke-fire-pit-48eecd0a-75db-4ea2-b77d-9bf3b151088b-jpgrendition.jpg?im=whresize&wid=200&hei=200,https://media-www.canadiantire.ca/product/seasonal-gardening/backyard-living/outdoor-heating/0851589/vermont-castings-wood-pellet-low-smoke-fire-pit-48eecd0a-75db-4ea2-b77d-9bf3b151088b-jpgrendition.jpg?im=whresize&wid=200&hei=200,,0851589,085-1589-2,Il n’en reste que 1 #085-1589-2,Liquidation◊Exclusivité,62.98,"62,93","169,99"
193,"Delhi, ON","Bottes de randonnée de sécurité CSA Altra, hommes, coupe basse","Bottes de randonnée de sécurité CSA Altra, hommes, coupe basse",49.93,"49,93 $",109.99,"109,99 $Était   et+ prix était à partir de 109,99 $",49.93,"49,93 $",49.93,"49,93 $",true,https://www.canadiantire.ca/fr/pdp/bottes-de-randonnee-de-securite-csa-altra-hommes-coupe-basse-1871804p.html,https://www.canadiantire.ca/fr/pdp/bottes-de-randonnee-de-securite-csa-altra-hommes-coupe-basse-1871804p.html,https://media-www.canadiantire.ca/product/playing/footwear-apparel/work-footwear-apparel/1871804/altra-men-s-low-cut-csa-hiker-size-7-8ae84625-753c-41db-bd49-4b1be1339da1-jpgrendition.jpg?im=whresize&wid=200&hei=200,https://media-www.canadiantire.ca/product/playing/footwear-apparel/work-footwear-apparel/1871804/altra-men-s-low-cut-csa-hiker-size-7-8ae84625-753c-41db-bd49-4b1be1339da1-jpgrendition.jpg?im=whresize&wid=200&hei=200,,1871804,187-1804,Vérifiez la disponibilité#187-1804X,Liquidation◊Exclusivité,54.6,"49,93","109,99"
193,"Delhi, ON",Gilet de sauvetage et combinaison pour enfants 2-en-1 Stearns Puddle Jumpers,Gilet de sauvetage et combinaison pour enfants 2-en-1 Stearns Puddle Jumpers,24.93,"24,93 $",64.99,"64,99 $Était   et+ prix était à partir de 64,99 $",24.93,"24,93 $",24.93,"24,93 $",true,https://www.canadiantire.ca/fr/pdp/gilet-de-sauvetage-et-combinaison-pour-enfants-2-en-1-stearns-puddle-jumpers-0793002p.html,https://www.canadiantire.ca/fr/pdp/gilet-de-sauvetage-et-combinaison-pour-enfants-2-en-1-stearns-puddle-jumpers-0793002p.html,https://media-www.canadiantire.ca/product/playing/seasonal-recreation/marine-water-fun/0793004/2-in-1-puddle-jumper-boys-86fefc55-a03b-4905-892a-74ededea0db3-jpgrendition.jpg?im=whresize&wid=200&hei=200,https://media-www.canadiantire.ca/product/playing/seasonal-recreation/marine-water-fun/0793004/2-in-1-puddle-jumper-boys-86fefc55-a03b-4905-892a-74ededea0db3-jpgrendition.jpg?im=whresize&wid=200&hei=200,,0793002,079-3002,Vérifiez la disponibilité#079-3002X,Liquidation◊Mieux notés,61.64,"24,93","64,99"
193,"Delhi, ON","Savon à mains liquide avec pompe Sapadilla, parfums variés, 350 mL","Savon à mains liquide avec pompe Sapadilla, parfums variés, 350 mL",3.93,"3,93 $",8.99,"8,99 $Était   et+ prix était à partir de 8,99 $",3.93,"3,93 $",3.93,"3,93 $",true,https://www.canadiantire.ca/fr/pdp/savon-a-mains-liquide-avec-pompe-sapadilla-parfums-varies-350-ml-1531482p.html,https://www.canadiantire.ca/fr/pdp/savon-a-mains-liquide-avec-pompe-sapadilla-parfums-varies-350-ml-1531482p.html,https://media-www.canadiantire.ca/product/living/home-essentials/laundry-hand-dish-cleaning-solutions/1531482/sapadilla-hand-soap-grapefruit-and-bergmot-350ml-a31addb3-c55a-46e0-b232-42680e295c4f-jpgrendition.jpg?im=whresize&wid=200&hei=200,https://media-www.canadiantire.ca/product/living/home-essentials/laundry-hand-dish-cleaning-solutions/1531482/sapadilla-hand-soap-grapefruit-and-bergmot-350ml-a31addb3-c55a-46e0-b232-42680e295c4f-jpgrendition.jpg?im=whresize&wid=200&hei=200,,1531482,153-1482,Vérifiez la disponibilité#153-1482X,Liquidation◊Mieux notés,56.28,"3,93","8,99"
193,"Delhi, ON","Char-Broil Bistro - Barbecue électrique à cuisson infrarouge, brûleur de 1500 W","Char-Broil Bistro - Barbecue électrique à cuisson infrarouge, brûleur de 1500 W",199.93,"199,93 $",399.99,"Était±  399,99 $prix était 399,99 $",199.93,"199,93 $",199.93,"199,93 $",true,https://www.canadiantire.ca/fr/pdp/char-broil-bistro-barbecue-electrique-a-cuisson-infrarouge-bruleur-de-1500-w-0853146p.html,https://www.canadiantire.ca/fr/pdp/char-broil-bistro-barbecue-electrique-a-cuisson-infrarouge-bruleur-de-1500-w-0853146p.html,https://media-www.canadiantire.ca/product/seasonal-gardening/backyard-living/outdoor-cooking/0853146/char-broil-electric-bistro-infrared-bbq-c0031b11-b6a2-4c07-9434-d1fee3f9dbe9-jpgrendition.jpg?im=whresize&wid=200&hei=200,https://media-www.canadiantire.ca/product/seasonal-gardening/backyard-living/outdoor-cooking/0853146/char-broil-electric-bistro-infrared-bbq-c0031b11-b6a2-4c07-9434-d1fee3f9dbe9-jpgrendition.jpg?im=whresize&wid=200&hei=200,,0853146,085-3146-4,Il n’en reste que 1 #085-3146-4,Liquidation◊,50.02,"199,93","399,99"
193,"Delhi, ON","Plomb à fente amovible Danielson, format 3/0, paq. 40","Plomb à fente amovible Danielson, format 3/0, paq. 40",0.73,"0,73 $",2.49,"Était±  2,49 $prix était 2,49 $",0.73,"0,73 $",0.73,"0,73 $",true,https://www.canadiantire.ca/fr/pdp/plomb-a-fente-amovible-danielson-format-3-0-paq-40-0784974p.html,https://www.canadiantire.ca/fr/pdp/plomb-a-fente-amovible-danielson-format-3-0-paq-40-0784974p.html,https://media-www.canadiantire.ca/product/playing/fishing/fishing-lures/0784974/danielson-removable-split-shot-sinker-size-3-0-fd698e4f-1ce8-44a0-b76f-7bc91b786c8d-jpgrendition.jpg?im=whresize&wid=200&hei=200,https://media-www.canadiantire.ca/product/playing/fishing/fishing-lures/0784974/danielson-removable-split-shot-sinker-size-3-0-fd698e4f-1ce8-44a0-b76f-7bc91b786c8d-jpgrendition.jpg?im=whresize&wid=200&hei=200,,0784974,078-4974-4,,Liquidation◊Exclusivité,70.68,"0,73","2,49"
193,"Delhi, ON","PADERNO Vida - Barbecue et fumoir portatif au propane, 2 brûleurs avec sac de transport","PADERNO Vida - Barbecue et fumoir portatif au propane, 2 brûleurs avec sac de transport",149.93,"149,93 $",299.99,"Était±  299,99 $prix était 299,99 $",149.93,"149,93 $",149.93,"149,93 $",true,https://www.canadiantire.ca/fr/pdp/paderno-vida-barbecue-et-fumoir-portatif-au-propane-2-bruleurs-avec-sac-de-transport-0850002p.html,https://www.canadiantire.ca/fr/pdp/paderno-vida-barbecue-et-fumoir-portatif-au-propane-2-bruleurs-avec-sac-de-transport-0850002p.html,https://media-www.canadiantire.ca/product/seasonal-gardening/backyard-living/outdoor-cooking/0850002/vida-by-paderno-portable-gas-4308329d-8f90-4626-a9ca-9b0e9e7ab42e-jpgrendition.jpg?im=whresize&wid=200&hei=200,https://media-www.canadiantire.ca/product/seasonal-gardening/backyard-living/outdoor-cooking/0850002/vida-by-paderno-portable-gas-4308329d-8f90-4626-a9ca-9b0e9e7ab42e-jpgrendition.jpg?im=whresize&wid=200&hei=200,,0850002,085-0002-4,Il n’en reste que 1 #085-0002-4,Liquidation◊Mieux notés,50.02,"149,93","299,99"
193,"Delhi, ON","Plats de cuisson antiadhésifs Paderno Vida, paq. 4","Plats de cuisson antiadhésifs Paderno Vida, paq. 4",49.93,"49,93 $",99.99,"Était±  99,99 $prix était 99,99 $",49.93,"49,93 $",49.93,"49,93 $",true,https://www.canadiantire.ca/fr/pdp/plats-de-cuisson-antiadhesifs-paderno-vida-paq-4-1429584p.html,https://www.canadiantire.ca/fr/pdp/plats-de-cuisson-antiadhesifs-paderno-vida-paq-4-1429584p.html,https://media-www.canadiantire.ca/product/living/kitchen/bakeware-baking-prep/1429584/vida-4pc-metal-bakeware-set-3441ec2e-dc9f-4c49-8906-1a23d9a68520-jpgrendition.jpg?im=whresize&wid=200&hei=200,https://media-www.canadiantire.ca/product/living/kitchen/bakeware-baking-prep/1429584/vida-4pc-metal-bakeware-set-3441ec2e-dc9f-4c49-8906-1a23d9a68520-jpgrendition.jpg?im=whresize&wid=200&hei=200,,1429584,142-9584-8,Il n’en reste que 2 #142-9584-8,Liquidation◊Mieux notés,50.07,"49,93","99,99"
193,"Delhi, ON","Câble de chargement micro USB pour téléphones intelligents et plus, 3 pi","Câble de chargement micro USB pour téléphones intelligents et plus, 3 pi",1.93,"1,93 $",5.99,"Était±  5,99 $prix était 5,99 $",1.93,"1,93 $",1.93,"1,93 $",true,https://www.canadiantire.ca/fr/pdp/cable-de-chargement-micro-usb-pour-telephones-intelligents-et-plus-3-pi-0355187p.html,https://www.canadiantire.ca/fr/pdp/cable-de-chargement-micro-usb-pour-telephones-intelligents-et-plus-3-pi-0355187p.html,https://media-www.canadiantire.ca/product/automotive/car-care-accessories/auto-electronics/0355187/micro-usb-cable-2050fe18-44ab-4a7f-8fe6-8191c875b6a3-jpgrendition.jpg?im=whresize&wid=200&hei=200,https://media-www.canadiantire.ca/product/automotive/car-care-accessories/auto-electronics/0355187/micro-usb-cable-2050fe18-44ab-4a7f-8fe6-8191c875b6a3-jpgrendition.jpg?im=whresize&wid=200&hei=200,,0355187,035-5187-4,Il n’en reste que 1 #035-5187-4,Liquidation◊,67.78,"1,93","5,99"
193,"Delhi, ON",La station de chargement sans fil en tissu de 10 W de Bluehive est compatible avec la plupart des appareils compatibles Qi,La station de chargement sans fil en tissu de 10 W de Bluehive est compatible avec la plupart des appareils compatibles Qi,8.93,"8,93 $",25.99,"Était±  25,99 $prix était 25,99 $",8.93,"8,93 $",8.93,"8,93 $",true,https://www.canadiantire.ca/fr/pdp/la-station-de-chargement-sans-fil-en-tissu-de-10-w-de-bluehive-est-compatible-avec-la-plupart-des-appareils-compatibles-qi-0355450p.html,https://www.canadiantire.ca/fr/pdp/la-station-de-chargement-sans-fil-en-tissu-de-10-w-de-bluehive-est-compatible-avec-la-plupart-des-appareils-compatibles-qi-0355450p.html,https://media-www.canadiantire.ca/product/automotive/car-care-accessories/auto-electronics/0355450/bluehive-10w-fabric-wireless-charging-stand-6b52202a-6938-46af-9704-982dbbc034ce-jpgrendition.jpg?im=whresize&wid=200&hei=200,https://media-www.canadiantire.ca/product/automotive/car-care-accessories/auto-electronics/0355450/bluehive-10w-fabric-wireless-charging-stand-6b52202a-6938-46af-9704-982dbbc034ce-jpgrendition.jpg?im=whresize&wid=200&hei=200,,0355450,035-5450-6,Il n’en reste que 3 #035-5450-6,Liquidation◊Mieux notés,65.64,"8,93","25,99"
193,"Delhi, ON","Assiettes à dessert Ballons d'anniversaire, 7 po, paq. 60","Assiettes à dessert Ballons d'anniversaire, 7 po, paq. 60",3.93,"3,93 $",9.99,"Était±  9,99 $prix était 9,99 $",3.93,"3,93 $",3.93,"3,93 $",true,https://www.canadiantire.ca/fr/pdp/assiettes-a-dessert-ballons-d-anniversaire-7-po-paq-60-8420563p.html,https://www.canadiantire.ca/fr/pdp/assiettes-a-dessert-ballons-d-anniversaire-7-po-paq-60-8420563p.html,https://media-www.partycity.ca/product/seasonal-gardening/party-city-everyday/party-city-party-supplies-decor/8420563/plt-7-bpp-bday-clbrtn-24398a2b-4444-4b93-a053-02dbde20427d-jpgrendition.jpg?im=whresize&wid=200&hei=200,https://media-www.partycity.ca/product/seasonal-gardening/party-city-everyday/party-city-party-supplies-decor/8420563/plt-7-bpp-bday-clbrtn-24398a2b-4444-4b93-a053-02dbde20427d-jpgrendition.jpg?im=whresize&wid=200&hei=200,,8420563,842-0563-6,Il n’en reste que 7 #842-0563-6,Liquidation◊Mieux notés,60.66,"3,93","9,99"
193,"Delhi, ON","Répulsif pour animaux à vaporiser prêt à l'emploi pour l'extérieur Ortho Animal B Gon MAX, 400 g","Répulsif pour animaux à vaporiser prêt à l'emploi pour l'extérieur Ortho Animal B Gon MAX, 400 g",4.93,"4,93 $",9.99,"Était±  9,99 $prix était 9,99 $",4.93,"4,93 $",4.93,"4,93 $",true,https://www.canadiantire.ca/fr/pdp/repulsif-pour-animaux-a-vaporiser-pret-a-l-emploi-pour-l-exterieur-ortho-animal-b-gon-max-400-g-0591116p.html,https://www.canadiantire.ca/fr/pdp/repulsif-pour-animaux-a-vaporiser-pret-a-l-emploi-pour-l-exterieur-ortho-animal-b-gon-max-400-g-0591116p.html,https://media-www.canadiantire.ca/product/seasonal-gardening/gardening/weed-insect-rodent-control/0591116/ortho-animal-b-gon-aerosol-400-g--1f4d5997-66b8-4095-aa7c-5984f4aaac1d-jpgrendition.jpg?im=whresize&wid=200&hei=200,https://media-www.canadiantire.ca/product/seasonal-gardening/gardening/weed-insect-rodent-control/0591116/ortho-animal-b-gon-aerosol-400-g--1f4d5997-66b8-4095-aa7c-5984f4aaac1d-jpgrendition.jpg?im=whresize&wid=200&hei=200,,0591116,059-1116-2,Il n’en reste que 3 #059-1116-2,Liquidation◊,50.65,"4,93","9,99"
193,"Delhi, ON","Casque de vélo Raleigh Venture MIPS, enfant, bleu/orange","Casque de vélo Raleigh Venture MIPS, enfant, bleu/orange",27.19,"27,19 $",79.99,"Était±  79,99 $prix était 79,99 $",27.19,"27,19 $",27.19,"27,19 $",true,https://www.canadiantire.ca/fr/pdp/casque-de-velo-raleigh-venture-mips-enfant-bleu-orange-0733637p.html,https://www.canadiantire.ca/fr/pdp/casque-de-velo-raleigh-venture-mips-enfant-bleu-orange-0733637p.html,https://media-www.canadiantire.ca/product/playing/cycling/bicycle-accessories/0733637/raleigh-venture-child-mips-bike-helmet-blue-orange-93196d4e-7e2d-41b3-a7c1-7730154b7455-jpgrendition.jpg?im=whresize&wid=200&hei=200,https://media-www.canadiantire.ca/product/playing/cycling/bicycle-accessories/0733637/raleigh-venture-child-mips-bike-helmet-blue-orange-93196d4e-7e2d-41b3-a7c1-7730154b7455-jpgrendition.jpg?im=whresize&wid=200&hei=200,,0733637,073-3637-4,Il n’en reste que 3 #073-3637-4,Liquidation◊Mieux notés,66.01,"27,19","79,99"
193,"Delhi, ON","Chaises de salle à manger empilables en bois cintré avec pattes en métal CANVAS Hansen, paq. 2, fini tilleul","Chaises de salle à manger empilables en bois cintré avec pattes en métal CANVAS Hansen, paq. 2, fini tilleul",69.99,"69,99 $",139.99,"Était±  139,99 $prix était 139,99 $",69.99,"69,99 $",69.99,"69,99 $",true,https://www.canadiantire.ca/fr/pdp/chaises-de-salle-a-manger-empilables-en-bois-cintre-avec-pattes-en-metal-canvas-hansen-paq-2-fini-tilleul-1680035p.html,https://www.canadiantire.ca/fr/pdp/chaises-de-salle-a-manger-empilables-en-bois-cintre-avec-pattes-en-metal-canvas-hansen-paq-2-fini-tilleul-1680035p.html,https://media-www.canadiantire.ca/product/living/home-decor/furniture/1680035/canvas-bent-wood-chair-2pk-cde018e5-d3ed-4be6-ab75-662ffb022b06-jpgrendition.jpg?im=whresize&wid=200&hei=200,https://media-www.canadiantire.ca/product/living/home-decor/furniture/1680035/canvas-bent-wood-chair-2pk-cde018e5-d3ed-4be6-ab75-662ffb022b06-jpgrendition.jpg?im=whresize&wid=200&hei=200,,1680035,168-0035-0,Il n’en reste que 1 #168-0035-0,Liquidation◊Mieux notés,50,"69,99","139,99"
193,"Delhi, ON","Lanterne suspendue avec bougie For Living, varié","Lanterne suspendue avec bougie For Living, varié",4.93,"4,93 $",17.99,"Était±  17,99 $prix était 17,99 $",4.93,"4,93 $",4.93,"4,93 $",true,https://www.canadiantire.ca/fr/pdp/lanterne-suspendue-avec-bougie-for-living-varie-0597874p.html,https://www.canadiantire.ca/fr/pdp/lanterne-suspendue-avec-bougie-for-living-varie-0597874p.html,https://media-www.canadiantire.ca/product/seasonal-gardening/backyard-living/outdoor-living-accessories/0597874/for-living-hanging-tabletop-lantern-assorted-9481de4c-99b6-4e7c-897a-6d7fb8cbe5a8-jpgrendition.jpg?im=whresize&wid=200&hei=200,https://media-www.canadiantire.ca/product/seasonal-gardening/backyard-living/outdoor-living-accessories/0597874/for-living-hanging-tabletop-lantern-assorted-9481de4c-99b6-4e7c-897a-6d7fb8cbe5a8-jpgrendition.jpg?im=whresize&wid=200&hei=200,,0597874,059-7874-0,15 En Stock#059-7874-0,Liquidation◊Exclusivité,72.6,"4,93","17,99"
193,"Delhi, ON",Spatule à barbecue en acier inoxydable verrouillable Vermont Castings avec boucle en cuir,Spatule à barbecue en acier inoxydable verrouillable Vermont Castings avec boucle en cuir,9.93,"9,93 $",22.99,"Était±  22,99 $prix était 22,99 $",9.93,"9,93 $",9.93,"9,93 $",true,https://www.canadiantire.ca/fr/pdp/spatule-a-barbecue-en-acier-inoxydable-verrouillable-vermont-castings-avec-boucle-en-cuir-0852155p.html,https://www.canadiantire.ca/fr/pdp/spatule-a-barbecue-en-acier-inoxydable-verrouillable-vermont-castings-avec-boucle-en-cuir-0852155p.html,https://media-www.canadiantire.ca/product/seasonal-gardening/backyard-living/outdoor-cooking-accessories/0852155/vermont-castings-tongs-25288be3-c7dc-4968-a18c-d082506dec52-jpgrendition.jpg?im=whresize&wid=200&hei=200,https://media-www.canadiantire.ca/product/seasonal-gardening/backyard-living/outdoor-cooking-accessories/0852155/vermont-castings-tongs-25288be3-c7dc-4968-a18c-d082506dec52-jpgrendition.jpg?im=whresize&wid=200&hei=200,,0852155,085-2155-8,Il n’en reste que 4 #085-2155-8,Liquidation◊Mieux notés,56.81,"9,93","22,99"
193,"Delhi, ON",Leurre Jackfish,Leurre Jackfish,1.43,"1,43 $",3.99,"Était±  3,99 $prix était 3,99 $",1.43,"1,43 $",1.43,"1,43 $",true,https://www.canadiantire.ca/fr/pdp/leurre-jackfish-0781601p.html,https://www.canadiantire.ca/fr/pdp/leurre-jackfish-0781601p.html,https://media-www.canadiantire.ca/product/playing/fishing/fishing-lures/0781601/danielson-jackfish-rig-3ee1ba70-67ef-42f2-9cf6-baa41474f396-jpgrendition.jpg?im=whresize&wid=200&hei=200,https://media-www.canadiantire.ca/product/playing/fishing/fishing-lures/0781601/danielson-jackfish-rig-3ee1ba70-67ef-42f2-9cf6-baa41474f396-jpgrendition.jpg?im=whresize&wid=200&hei=200,,0781601,078-1601-0,Il n’en reste que 5 #078-1601-0,Liquidation◊Mieux notés,64.16,"1,43","3,99"
193,"Delhi, ON",Verre sans pied transparent,Verre sans pied transparent,1.43,"1,43 $",6.99,"Était±  6,99 $prix était 6,99 $",1.43,"1,43 $",1.43,"1,43 $",true,https://www.canadiantire.ca/fr/pdp/verre-sans-pied-transparent-0590627p.html,https://www.canadiantire.ca/fr/pdp/verre-sans-pied-transparent-0590627p.html,https://media-www.canadiantire.ca/product/seasonal-gardening/backyard-living/outdoor-living-accessories/0590627/acrylicstemlessclearglass-74ef469a-252a-4e1f-9108-26642eca2791-jpgrendition.jpg?im=whresize&wid=200&hei=200,https://media-www.canadiantire.ca/product/seasonal-gardening/backyard-living/outdoor-living-accessories/0590627/acrylicstemlessclearglass-74ef469a-252a-4e1f-9108-26642eca2791-jpgrendition.jpg?im=whresize&wid=200&hei=200,,0590627,059-0627-2,9 En Stock#059-0627-2,Liquidation◊Mieux notés,79.54,"1,43","6,99"
193,"Delhi, ON","Plaque murale pour interrupteur à bascule en nylon Leviton 00PJ1-755, taille intermédiaire, 1 dispositif, blanc, paq. 10","Plaque murale pour interrupteur à bascule en nylon Leviton 00PJ1-755, taille intermédiaire, 1 dispositif, blanc, paq. 10",4.93,"4,93 $",11.99,"Était±  11,99 $prix était 11,99 $",4.93,"4,93 $",4.93,"4,93 $",true,https://www.canadiantire.ca/fr/pdp/plaque-murale-pour-interrupteur-a-bascule-en-nylon-leviton-00pj1-755-taille-intermediaire-1-dispositif-blanc-paq-10-0522890p.html,https://www.canadiantire.ca/fr/pdp/plaque-murale-pour-interrupteur-a-bascule-en-nylon-leviton-00pj1-755-taille-intermediaire-1-dispositif-blanc-paq-10-0522890p.html,https://media-www.canadiantire.ca/product/fixing/electrical/rough-electrical/0522890/toggle-wallplate-1-gang-white-midway-size-10-pack-df008b35-ee33-4654-9437-6ca5224ee4a8-jpgrendition.jpg?im=whresize&wid=200&hei=200,https://media-www.canadiantire.ca/product/fixing/electrical/rough-electrical/0522890/toggle-wallplate-1-gang-white-midway-size-10-pack-df008b35-ee33-4654-9437-6ca5224ee4a8-jpgrendition.jpg?im=whresize&wid=200&hei=200,,0522890,052-2890-4,Il n’en reste que 5 #052-2890-4,Liquidation◊,58.88,"4,93","11,99"
193,"Delhi, ON","Plaque murale pour interrupteur à bascule en nylon Leviton PJ262-741 Decora, taille intermédiaire, 2 dispositifs, ivoire","Plaque murale pour interrupteur à bascule en nylon Leviton PJ262-741 Decora, taille intermédiaire, 2 dispositifs, ivoire",1.43,"1,43 $",3.99,"Était±  3,99 $prix était 3,99 $",1.43,"1,43 $",1.43,"1,43 $",true,https://www.canadiantire.ca/fr/pdp/plaque-murale-pour-interrupteur-a-bascule-en-nylon-leviton-pj262-741-decora-taille-intermediaire-2-dispositifs-ivoire-0523425p.html,https://www.canadiantire.ca/fr/pdp/plaque-murale-pour-interrupteur-a-bascule-en-nylon-leviton-pj262-741-decora-taille-intermediaire-2-dispositifs-ivoire-0523425p.html,https://media-www.canadiantire.ca/product/fixing/electrical/rough-electrical/0523425/decora-wallplate-2-gang-ivory-midway-size-5f09071e-b8f7-4240-b59c-85c2679f82bc-jpgrendition.jpg?im=whresize&wid=200&hei=200,https://media-www.canadiantire.ca/product/fixing/electrical/rough-electrical/0523425/decora-wallplate-2-gang-ivory-midway-size-5f09071e-b8f7-4240-b59c-85c2679f82bc-jpgrendition.jpg?im=whresize&wid=200&hei=200,,0523425,052-3425-8,,Liquidation◊Mieux notés,64.16,"1,43","3,99"
193,"Delhi, ON",Poêle et mélange pour pain d'épice Thoughtfully,Poêle et mélange pour pain d'épice Thoughtfully,5.93,"5,93 $",12.99,"Était±  12,99 $prix était 12,99 $",5.93,"5,93 $",5.93,"5,93 $",true,https://www.canadiantire.ca/fr/pdp/poele-et-melange-pour-pain-d-epice-thoughtfully-1519536p.html,https://www.canadiantire.ca/fr/pdp/poele-et-melange-pour-pain-d-epice-thoughtfully-1519536p.html,https://media-www.canadiantire.ca/product/living/food-drink/seasonal-confectionery/1519536/gingerbread-skillet-baking-kit-38d746fc-faef-4efe-91d5-308e67632dd3-jpgrendition.jpg?im=whresize&wid=200&hei=200,https://media-www.canadiantire.ca/product/living/food-drink/seasonal-confectionery/1519536/gingerbread-skillet-baking-kit-38d746fc-faef-4efe-91d5-308e67632dd3-jpgrendition.jpg?im=whresize&wid=200&hei=200,,1519536,151-9536-2,Il n’en reste que 5 #151-9536-2,Liquidation◊,54.35,"5,93","12,99"
193,"Delhi, ON",Tasses thé Le Gourmet et biscuits sablés Walkers,Tasses thé Le Gourmet et biscuits sablés Walkers,5.93,"5,93 $",12.99,"Était±  12,99 $prix était 12,99 $",5.93,"5,93 $",5.93,"5,93 $",true,https://www.canadiantire.ca/fr/pdp/tasses-the-le-gourmet-et-biscuits-sables-walkers-1519515p.html,https://www.canadiantire.ca/fr/pdp/tasses-the-le-gourmet-et-biscuits-sables-walkers-1519515p.html,https://media-www.canadiantire.ca/product/living/food-drink/seasonal-confectionery/1519515/walkers-shortbread-cookies-and-le-gourmet-tea-mug-set-9e72e726-6e22-4f5e-873a-49c3c7cce3ea-jpgrendition.jpg?im=whresize&wid=200&hei=200,https://media-www.canadiantire.ca/product/living/food-drink/seasonal-confectionery/1519515/walkers-shortbread-cookies-and-le-gourmet-tea-mug-set-9e72e726-6e22-4f5e-873a-49c3c7cce3ea-jpgrendition.jpg?im=whresize&wid=200&hei=200,,1519515,151-9515-2,12 En Stock#151-9515-2,Liquidation◊Mieux notés,54.35,"5,93","12,99"
193,"Delhi, ON","Sac réutilisable édition 100e anniversaire de Canadian Tire, petit","Sac réutilisable édition 100e anniversaire de Canadian Tire, petit",0.43,"0,43 $",1.49,"Était±  1,49 $prix était 1,49 $",0.43,"0,43 $",0.43,"0,43 $",true,https://www.canadiantire.ca/fr/pdp/sac-reutilisable-edition-100e-anniversaire-de-canadian-tire-petit-1531608p.html,https://www.canadiantire.ca/fr/pdp/sac-reutilisable-edition-100e-anniversaire-de-canadian-tire-petit-1531608p.html,https://media-www.canadiantire.ca/product/living/kitchen/food-storage/1531608/canadian-tire-small-reusable-bag-100-d8b1e07c-945c-4c92-af1d-e0b3fb3eece3-jpgrendition.jpg?im=whresize&wid=200&hei=200,https://media-www.canadiantire.ca/product/living/kitchen/food-storage/1531608/canadian-tire-small-reusable-bag-100-d8b1e07c-945c-4c92-af1d-e0b3fb3eece3-jpgrendition.jpg?im=whresize&wid=200&hei=200,,1531608,153-1608-6,Il n’en reste que 2 #153-1608-6,Liquidation◊Mieux notés,71.14,"0,43","1,49"
193,"Delhi, ON","Gobelets ondulés CANVAS, sans BPA, paq. 1","Gobelets ondulés CANVAS, sans BPA, paq. 1",1.43,"1,43 $",3.99,"Était±  3,99 $prix était 3,99 $",1.43,"1,43 $",1.43,"1,43 $",true,https://www.canadiantire.ca/fr/pdp/gobelets-ondules-canvas-sans-bpa-paq-1-0591658p.html,https://www.canadiantire.ca/fr/pdp/gobelets-ondules-canvas-sans-bpa-paq-1-0591658p.html,https://media-www.canadiantire.ca/product/seasonal-gardening/backyard-living/outdoor-living-accessories/0591658/ripple-tumbler-7d45cf14-7c51-4be1-abae-dbe98933baf9-jpgrendition.jpg?im=whresize&wid=200&hei=200,https://media-www.canadiantire.ca/product/seasonal-gardening/backyard-living/outdoor-living-accessories/0591658/ripple-tumbler-7d45cf14-7c51-4be1-abae-dbe98933baf9-jpgrendition.jpg?im=whresize&wid=200&hei=200,,0591658,059-1658-2,Il n’en reste que 3 #059-1658-2,Liquidation◊Mieux notés,64.16,"1,43","3,99"
193,"Delhi, ON","Mousqueton pour bouteille d’eau Outbound, pour le camping, la randonnée et les sports de plein air","Mousqueton pour bouteille d’eau Outbound, pour le camping, la randonnée et les sports de plein air",1.43,"1,43 $",5.99,"Était±  5,99 $prix était 5,99 $",1.43,"1,43 $",1.43,"1,43 $",true,https://www.canadiantire.ca/fr/pdp/mousqueton-pour-bouteille-d-eau-outbound-pour-le-camping-la-randonnee-et-les-sports-de-plein-air-0765694p.html,https://www.canadiantire.ca/fr/pdp/mousqueton-pour-bouteille-d-eau-outbound-pour-le-camping-la-randonnee-et-les-sports-de-plein-air-0765694p.html,https://media-www.canadiantire.ca/product/playing/camping/camping-accessories/0765694/outbound-water-biner-211685d5-2872-435d-bea8-bb692e3bea4f-jpgrendition.jpg?im=whresize&wid=200&hei=200,https://media-www.canadiantire.ca/product/playing/camping/camping-accessories/0765694/outbound-water-biner-211685d5-2872-435d-bea8-bb692e3bea4f-jpgrendition.jpg?im=whresize&wid=200&hei=200,,0765694,076-5694-8,Il n’en reste que 1 #076-5694-8,Liquidation◊Exclusivité,76.13,"1,43","5,99"
193,"Delhi, ON","Ampoule pour projecteur à DEL à culot E26 non variable capteur de mouvement NOMA Advanced PAR38, 5000K, lumière du jour, 90 W","Ampoule pour projecteur à DEL à culot E26 non variable capteur de mouvement NOMA Advanced PAR38, 5000K, lumière du jour, 90 W",12.93,"12,93 $",29.99,"Était±  29,99 $prix était 29,99 $",12.93,"12,93 $",12.93,"12,93 $",true,https://www.canadiantire.ca/fr/pdp/ampoule-pour-projecteur-a-del-a-culot-e26-non-variable-capteur-de-mouvement-noma-advanced-par38-5000k-lumiere-du-jour-90-w-0520930p.html,https://www.canadiantire.ca/fr/pdp/ampoule-pour-projecteur-a-del-a-culot-e26-non-variable-capteur-de-mouvement-noma-advanced-par38-5000k-lumiere-du-jour-90-w-0520930p.html,https://media-www.canadiantire.ca/product/fixing/electrical/light-bulbs/0520930/noma-advanced-led-par38-90w-eq-dusk-to-dawn-motion-sensor-eec26b11-b9fb-4546-9974-e6796975cc9a-jpgrendition.jpg?im=whresize&wid=200&hei=200,https://media-www.canadiantire.ca/product/fixing/electrical/light-bulbs/0520930/noma-advanced-led-par38-90w-eq-dusk-to-dawn-motion-sensor-eec26b11-b9fb-4546-9974-e6796975cc9a-jpgrendition.jpg?im=whresize&wid=200&hei=200,,0520930,052-0930-2,Il n’en reste que 2 #052-0930-2,Liquidation◊Exclusivité,56.89,"12,93","29,99"
193,"Delhi, ON",Doublure de bac à peinture Premier Clean en pâte de papier,Doublure de bac à peinture Premier Clean en pâte de papier,3.93,"3,93 $",9.99,"Était±  9,99 $prix était 9,99 $",3.93,"3,93 $",3.93,"3,93 $",true,https://www.canadiantire.ca/fr/pdp/doublure-de-bac-a-peinture-premier-clean-en-pate-de-papier-0492533p.html,https://www.canadiantire.ca/fr/pdp/doublure-de-bac-a-peinture-premier-clean-en-pate-de-papier-0492533p.html,https://media-www.canadiantire.ca/product/fixing/paint/paint-accessories/0492533/premier-clean-paper-pulp-painting-tray-liner-for-0492532-0c2d6302-8527-48d2-ba6e-a78d31934a6a-jpgrendition.jpg?im=whresize&wid=200&hei=200,https://media-www.canadiantire.ca/product/fixing/paint/paint-accessories/0492533/premier-clean-paper-pulp-painting-tray-liner-for-0492532-0c2d6302-8527-48d2-ba6e-a78d31934a6a-jpgrendition.jpg?im=whresize&wid=200&hei=200,,0492533,049-2533-6,Il n’en reste que 2 #049-2533-6,Liquidation◊Exclusivité,60.66,"3,93","9,99"
193,"Delhi, ON","Ballon en aluminium satiné lettres attachées Celebrate, arc-en-ciel, 59 x 20 po, gonflé d'air, pour fiançailles/mariage/anniversaire","Ballon en aluminium satiné lettres attachées Celebrate, arc-en-ciel, 59 x 20 po, gonflé d'air, pour fiançailles/mariage/anniversaire",6.93,"6,93 $",13.99,"13,99 $Était   et+ prix était à partir de 13,99 $",6.93,"6,93 $",6.93,"6,93 $",true,https://www.canadiantire.ca/fr/pdp/ballon-en-aluminium-satine-lettres-attachees-celebrate-arc-en-ciel-59-x-20-po-gonfle-d-air-pour-fiancailles-mariage-anniversaire-8423834p.html,https://www.canadiantire.ca/fr/pdp/ballon-en-aluminium-satine-lettres-attachees-celebrate-arc-en-ciel-59-x-20-po-gonfle-d-air-pour-fiancailles-mariage-anniversaire-8423834p.html,https://media-www.partycity.ca/product/seasonal-gardening/party-city-everyday/party-city-party-supplies-decor/8423834/rnbw-splash-blln-block-celbrt-c721fccc-bb91-4106-9474-b5fb109a1347-jpgrendition.jpg?im=whresize&wid=200&hei=200,https://media-www.partycity.ca/product/seasonal-gardening/party-city-everyday/party-city-party-supplies-decor/8423834/rnbw-splash-blln-block-celbrt-c721fccc-bb91-4106-9474-b5fb109a1347-jpgrendition.jpg?im=whresize&wid=200&hei=200,,8423834,842-3834-4,Il n’en reste que 1 #842-3834-4,Liquidation◊,50.46,"6,93","13,99"
193,"Delhi, ON",Écumoire murale en ABS pour piscine Aquarius,Écumoire murale en ABS pour piscine Aquarius,1.43,"1,43 $",8.99,"Était±  8,99 $prix était 8,99 $",1.43,"1,43 $",1.43,"1,43 $",true,https://www.canadiantire.ca/fr/pdp/ecumoire-murale-en-abs-pour-piscine-aquarius-0813310p.html,https://www.canadiantire.ca/fr/pdp/ecumoire-murale-en-abs-pour-piscine-aquarius-0813310p.html,https://media-www.canadiantire.ca/product/seasonal-gardening/backyard-fun/pool-maintenance/0813310/aquarius-pool-wall-skimmer-5890f163-3c5d-47a4-8b1b-419a3420a55a-jpgrendition.jpg?im=whresize&wid=200&hei=200,https://media-www.canadiantire.ca/product/seasonal-gardening/backyard-fun/pool-maintenance/0813310/aquarius-pool-wall-skimmer-5890f163-3c5d-47a4-8b1b-419a3420a55a-jpgrendition.jpg?im=whresize&wid=200&hei=200,,0813310,081-3310-0,Il n’en reste que 1 #081-3310-0,Liquidation◊Exclusivité,84.09,"1,43","8,99"
193,"Delhi, ON","Nettoyant nautique pour écran, 230 mL","Nettoyant nautique pour écran, 230 mL",9.99,"9,99 $",19.99,"Était±  19,99 $prix était 19,99 $",9.99,"9,99 $",9.99,"9,99 $",true,https://www.canadiantire.ca/fr/pdp/nettoyant-nautique-pour-ecran-230-ml-0790328p.html,https://www.canadiantire.ca/fr/pdp/nettoyant-nautique-pour-ecran-230-ml-0790328p.html,https://media-www.canadiantire.ca/product/playing/seasonal-recreation/marine-power-boating/0790328/marine-display-cleaner-f2601da5-df42-4d33-9177-1be27b9b3298-jpgrendition.jpg?im=whresize&wid=200&hei=200,https://media-www.canadiantire.ca/product/playing/seasonal-recreation/marine-power-boating/0790328/marine-display-cleaner-f2601da5-df42-4d33-9177-1be27b9b3298-jpgrendition.jpg?im=whresize&wid=200&hei=200,,0790328,079-0328-6,Il n’en reste que 2 #079-0328-6,Liquidation◊Mieux notés,50.03,"9,99","19,99"
193,"Delhi, ON","Station de chargeur à 4 ports Bluehive, 20 W, USB-A et Type C, blanc","Station de chargeur à 4 ports Bluehive, 20 W, USB-A et Type C, blanc",13.93,"13,93 $",42.99,"Était±  42,99 $prix était 42,99 $",13.93,"13,93 $",13.93,"13,93 $",true,https://www.canadiantire.ca/fr/pdp/station-de-chargeur-a-4-ports-bluehive-20-w-usb-a-et-type-c-blanc-0357437p.html,https://www.canadiantire.ca/fr/pdp/station-de-chargeur-a-4-ports-bluehive-20-w-usb-a-et-type-c-blanc-0357437p.html,https://media-www.canadiantire.ca/product/automotive/electronics/mobile-electronics/0357437/bluehive-20w-charging-dock-with-usb-a-and-c-2312ce98-a13b-438c-9562-40374544ad5f-jpgrendition.jpg?im=whresize&wid=200&hei=200,https://media-www.canadiantire.ca/product/automotive/electronics/mobile-electronics/0357437/bluehive-20w-charging-dock-with-usb-a-and-c-2312ce98-a13b-438c-9562-40374544ad5f-jpgrendition.jpg?im=whresize&wid=200&hei=200,,0357437,035-7437-8,Il n’en reste que 1 #035-7437-8,Liquidation◊Exclusivité,67.6,"13,93","42,99"
193,"Delhi, ON",Leurre Northland Gumdrop flottant,Leurre Northland Gumdrop flottant,3.23,"3,23 $",7.49,"7,49 $Était   et+ prix était à partir de 7,49 $",3.23,"3,23 $",3.23,"3,23 $",true,https://www.canadiantire.ca/fr/pdp/leurre-northland-gumdrop-flottant-0782628p.html,https://www.canadiantire.ca/fr/pdp/leurre-northland-gumdrop-flottant-0782628p.html,https://media-www.canadiantire.ca/product/playing/fishing/fishing-lures/0782628/northland-tackle-mimic-minnow-firetiger-1-16oz-e7e4a3a2-346f-41b8-a580-3e4494d12c8f-jpgrendition.jpg?im=whresize&wid=200&hei=200,https://media-www.canadiantire.ca/product/playing/fishing/fishing-lures/0782628/northland-tackle-mimic-minnow-firetiger-1-16oz-e7e4a3a2-346f-41b8-a580-3e4494d12c8f-jpgrendition.jpg?im=whresize&wid=200&hei=200,,0782628,078-2628,Vérifiez la disponibilité#078-2628X,Liquidation◊,56.88,"3,23","7,49"
193,"Delhi, ON",Ensemble de supports à 7 voies et 6 broches REESE Towpower,Ensemble de supports à 7 voies et 6 broches REESE Towpower,2.93,"2,93 $",17.49,"Était±  17,49 $prix était 17,49 $",2.93,"2,93 $",2.93,"2,93 $",true,https://www.canadiantire.ca/fr/pdp/ensemble-de-supports-a-7-voies-et-6-broches-reese-towpower-0408229p.html,https://www.canadiantire.ca/fr/pdp/ensemble-de-supports-a-7-voies-et-6-broches-reese-towpower-0408229p.html,https://media-www.canadiantire.ca/product/automotive/automotive-outdoor-adventure/auto-travel-storage/0408229/7-way-bracket-kit-b03cb301-68dc-4ec8-af21-3ab45c3af423-jpgrendition.jpg?im=whresize&wid=200&hei=200,https://media-www.canadiantire.ca/product/automotive/automotive-outdoor-adventure/auto-travel-storage/0408229/7-way-bracket-kit-b03cb301-68dc-4ec8-af21-3ab45c3af423-jpgrendition.jpg?im=whresize&wid=200&hei=200,,0408229,040-8229-4,Il n’en reste que 1 #040-8229-4,Liquidation◊,83.25,"2,93","17,49"
193,"Delhi, ON","Leurre Berkley Gulp Alive! Bocal à appâts pour leurre nageur Paddleshad, demi-pinte, 3 po","Leurre Berkley Gulp Alive! Bocal à appâts pour leurre nageur Paddleshad, demi-pinte, 3 po",7.93,"7,93 $",17.99,"17,99 $Était   et+ prix était à partir de 17,99 $",7.93,"7,93 $",7.93,"7,93 $",true,https://www.canadiantire.ca/fr/pdp/leurre-berkley-gulp-alive-bocal-a-appats-pour-leurre-nageur-paddleshad-demi-pinte-3-po-0772622p.html,https://www.canadiantire.ca/fr/pdp/leurre-berkley-gulp-alive-bocal-a-appats-pour-leurre-nageur-paddleshad-demi-pinte-3-po-0772622p.html,https://media-www.canadiantire.ca/product/playing/fishing/fishing-lures/0772624/berkley-gulp-alive-paddleshad-3-half-pint-arkansas-glow-993a6534-2525-47ac-8834-55de42f9274b-jpgrendition.jpg?im=whresize&wid=200&hei=200,https://media-www.canadiantire.ca/product/playing/fishing/fishing-lures/0772624/berkley-gulp-alive-paddleshad-3-half-pint-arkansas-glow-993a6534-2525-47ac-8834-55de42f9274b-jpgrendition.jpg?im=whresize&wid=200&hei=200,,0772622,077-2622,Vérifiez la disponibilité#077-2622X,Liquidation◊Mieux notés,55.92,"7,93","17,99"
193,"Delhi, ON","Récepteur stéréo numérique pour l'auto de Sondpex, Bluetooth, radio AM/FM, entrées auxiliaires","Récepteur stéréo numérique pour l'auto de Sondpex, Bluetooth, radio AM/FM, entrées auxiliaires",27.93,"27,93 $",159.99,"Était±  159,99 $prix était 159,99 $",27.93,"27,93 $",27.93,"27,93 $",true,https://www.canadiantire.ca/fr/pdp/recepteur-stereo-numerique-pour-l-auto-de-sondpex-bluetooth-radio-am-fm-entrees-auxiliaires-0355400p.html,https://www.canadiantire.ca/fr/pdp/recepteur-stereo-numerique-pour-l-auto-de-sondpex-bluetooth-radio-am-fm-entrees-auxiliaires-0355400p.html,https://media-www.canadiantire.ca/product/automotive/car-care-accessories/auto-electronics/0355400/sondpex-car-stereo-bundle-f539f524-6166-4d59-84f4-016fa124be54-jpgrendition.jpg?im=whresize&wid=200&hei=200,https://media-www.canadiantire.ca/product/automotive/car-care-accessories/auto-electronics/0355400/sondpex-car-stereo-bundle-f539f524-6166-4d59-84f4-016fa124be54-jpgrendition.jpg?im=whresize&wid=200&hei=200,,0355400,035-5400-6,Il n’en reste que 2 #035-5400-6,Liquidation◊,82.54,"27,93","159,99"
193,"Delhi, ON","Grattoir Reflex avec poignée en mousse, 10 po","Grattoir Reflex avec poignée en mousse, 10 po",2.93,"2,93 $",5.99,"Était±  5,99 $prix était 5,99 $",2.93,"2,93 $",2.93,"2,93 $",true,https://www.canadiantire.ca/fr/pdp/grattoir-reflex-avec-poignee-en-mousse-10-po-0304239p.html,https://www.canadiantire.ca/fr/pdp/grattoir-reflex-avec-poignee-en-mousse-10-po-0304239p.html,https://media-www.canadiantire.ca/product/automotive/car-care-accessories/auto-winter-accessories/0304239/10-scraper-with-foam-grip-f0ede737-e601-48d5-bfff-6460868e4ae1-jpgrendition.jpg?im=whresize&wid=200&hei=200,https://media-www.canadiantire.ca/product/automotive/car-care-accessories/auto-winter-accessories/0304239/10-scraper-with-foam-grip-f0ede737-e601-48d5-bfff-6460868e4ae1-jpgrendition.jpg?im=whresize&wid=200&hei=200,,0304239,030-4239-8,Il n’en reste que 1 #030-4239-8,Liquidation◊Mieux notés,51.09,"2,93","5,99"
193,"Delhi, ON","Foyer d'extérieur carré au bois For Living Amelia, noir mat, 31-7/8 x 31-7/8 x 22-5/8 po","Foyer d'extérieur carré au bois For Living Amelia, noir mat, 31-7/8 x 31-7/8 x 22-5/8 po",134.93,"134,93 $",299.99,"Était±  299,99 $prix était 299,99 $",134.93,"134,93 $",134.93,"134,93 $",true,https://www.canadiantire.ca/fr/pdp/foyer-d-exterieur-carre-au-bois-for-living-amelia-noir-mat-31-7-8-x-31-7-8-x-22-5-8-po-0850030p.html,https://www.canadiantire.ca/fr/pdp/foyer-d-exterieur-carre-au-bois-for-living-amelia-noir-mat-31-7-8-x-31-7-8-x-22-5-8-po-0850030p.html,https://media-www.canadiantire.ca/product/seasonal-gardening/backyard-living/outdoor-heating/0850030/fl-amelia-lg-sq-fire-7a4b1604-3530-4cef-96bb-18a81229cf96-jpgrendition.jpg?im=whresize&wid=200&hei=200,https://media-www.canadiantire.ca/product/seasonal-gardening/backyard-living/outdoor-heating/0850030/fl-amelia-lg-sq-fire-7a4b1604-3530-4cef-96bb-18a81229cf96-jpgrendition.jpg?im=whresize&wid=200&hei=200,,0850030,085-0030-6,Il n’en reste que 1 #085-0030-6,Liquidation◊Exclusivité,55.02,"134,93","299,99"
193,"Delhi, ON","Assainisseur d'air 3D California Scents, citronnelle","Assainisseur d'air 3D California Scents, citronnelle",2.93,"2,93 $",6.99,"Était±  6,99 $prix était 6,99 $",2.93,"2,93 $",2.93,"2,93 $",true,https://www.canadiantire.ca/fr/pdp/assainisseur-d-air-3d-california-scents-citronnelle-0374922p.html,https://www.canadiantire.ca/fr/pdp/assainisseur-d-air-3d-california-scents-citronnelle-0374922p.html,https://media-www.canadiantire.ca/product/automotive/car-care-accessories/auto-accessories/0374922/california-scents-3d-hanging-zesty-lemongrass-air-freshener-90d411d4-bf4d-49d2-b811-fbcc79f28e52-jpgrendition.jpg?im=whresize&wid=200&hei=200,https://media-www.canadiantire.ca/product/automotive/car-care-accessories/auto-accessories/0374922/california-scents-3d-hanging-zesty-lemongrass-air-freshener-90d411d4-bf4d-49d2-b811-fbcc79f28e52-jpgrendition.jpg?im=whresize&wid=200&hei=200,,0374922,037-4922-6,Il n’en reste que 2 #037-4922-6,Liquidation◊Mieux notés,58.08,"2,93","6,99"
193,"Delhi, ON","Sonnette de porte à bouton-pressoir sans fil à pile à DEL Honeywell, noir","Sonnette de porte à bouton-pressoir sans fil à pile à DEL Honeywell, noir",6.93,"6,93 $",16.99,"Était±  16,99 $prix était 16,99 $",6.93,"6,93 $",6.93,"6,93 $",true,https://www.canadiantire.ca/fr/pdp/sonnette-de-porte-a-bouton-pressoir-sans-fil-a-pile-a-del-honeywell-noir-0529654p.html,https://www.canadiantire.ca/fr/pdp/sonnette-de-porte-a-bouton-pressoir-sans-fil-a-pile-a-del-honeywell-noir-0529654p.html,https://media-www.canadiantire.ca/product/fixing/hardware/curb-appeal/0529654/honeywell-black-wireless-push-button--ae070531-ab21-4651-a6f4-f859b1bfb9d8-jpgrendition.jpg?im=whresize&wid=200&hei=200,https://media-www.canadiantire.ca/product/fixing/hardware/curb-appeal/0529654/honeywell-black-wireless-push-button--ae070531-ab21-4651-a6f4-f859b1bfb9d8-jpgrendition.jpg?im=whresize&wid=200&hei=200,,0529654,052-9654-6,Il n’en reste que 1 #052-9654-6,Liquidation◊,59.21,"6,93","16,99"
193,"Delhi, ON","Ensemble de jeu de cuisine KidKraft Let's Cook, 3 ans et plus","Ensemble de jeu de cuisine KidKraft Let's Cook, 3 ans et plus",44.43,"44,43 $",99.99,"Était±  99,99 $prix était 99,99 $",44.43,"44,43 $",44.43,"44,43 $",true,https://www.canadiantire.ca/fr/pdp/ensemble-de-jeu-de-cuisine-kidkraft-let-s-cook-3-ans-et-plus-1500670p.html,https://www.canadiantire.ca/fr/pdp/ensemble-de-jeu-de-cuisine-kidkraft-let-s-cook-3-ans-et-plus-1500670p.html,https://media-www.canadiantire.ca/product/seasonal-gardening/toys/preschool-toys-activities/1500670/kidkraft-let-s-cook-kitchen-502ad269-b241-47b7-8d45-7539e1a6f646-jpgrendition.jpg?im=whresize&wid=200&hei=200,https://media-www.canadiantire.ca/product/seasonal-gardening/toys/preschool-toys-activities/1500670/kidkraft-let-s-cook-kitchen-502ad269-b241-47b7-8d45-7539e1a6f646-jpgrendition.jpg?im=whresize&wid=200&hei=200,,1500670,150-0670-6,Il n’en reste que 1 #150-0670-6,Liquidation◊,55.57,"44,43","99,99"
193,"Delhi, ON","Douille à chaînette Atron Electro Industries LA848 avec boîtier en laiton, 250 W, 250 V, chrome","Douille à chaînette Atron Electro Industries LA848 avec boîtier en laiton, 250 W, 250 V, chrome",2.93,"2,93 $",5.99,"Était±  5,99 $prix était 5,99 $",2.93,"2,93 $",2.93,"2,93 $",true,https://www.canadiantire.ca/fr/pdp/douille-a-chainette-atron-electro-industries-la848-avec-boitier-en-laiton-250-w-250-v-chrome-0522835p.html,https://www.canadiantire.ca/fr/pdp/douille-a-chainette-atron-electro-industries-la848-avec-boitier-en-laiton-250-w-250-v-chrome-0522835p.html,https://media-www.canadiantire.ca/product/fixing/electrical/rough-electrical/0522835/pull-chain-socket-bef20b1f-7056-4606-943a-6927fd4ff80a-jpgrendition.jpg?im=whresize&wid=200&hei=200,https://media-www.canadiantire.ca/product/fixing/electrical/rough-electrical/0522835/pull-chain-socket-bef20b1f-7056-4606-943a-6927fd4ff80a-jpgrendition.jpg?im=whresize&wid=200&hei=200,,0522835,052-2835-8,,Liquidation◊Mieux notés,51.09,"2,93","5,99"
193,"Delhi, ON","Couteau tout usage en acier inoxydable MASTER Chef avec fourreau, 5,5 po, choix de couleurs","Couteau tout usage en acier inoxydable MASTER Chef avec fourreau, 5,5 po, choix de couleurs",2.93,"2,93 $",5.99,"Était±  5,99 $prix était 5,99 $",2.93,"2,93 $",2.93,"2,93 $",true,https://www.canadiantire.ca/fr/pdp/couteau-tout-usage-en-acier-inoxydable-master-chef-avec-fourreau-5-5-po-choix-de-couleurs-1423416p.html,https://www.canadiantire.ca/fr/pdp/couteau-tout-usage-en-acier-inoxydable-master-chef-avec-fourreau-5-5-po-choix-de-couleurs-1423416p.html,https://media-www.canadiantire.ca/product/living/kitchen/cutlery/1423416/masterchef-utility-knife-5-5--2a5e29bd-0cd5-40e5-8930-c09c52dc5147.png?im=whresize&wid=200&hei=200,https://media-www.canadiantire.ca/product/living/kitchen/cutlery/1423416/masterchef-utility-knife-5-5--2a5e29bd-0cd5-40e5-8930-c09c52dc5147.png?im=whresize&wid=200&hei=200,,1423416,142-3416-6,Il n’en reste que 1 #142-3416-6,Liquidation◊Mieux notés,51.09,"2,93","5,99"
193,"Delhi, ON","Ensemble d'amis de collection animaux de compagnie mystères Adopt Me, 6 ans et plus","Ensemble d'amis de collection animaux de compagnie mystères Adopt Me, 6 ans et plus",11.93,"11,93 $",24.99,"Était±  24,99 $prix était 24,99 $",11.93,"11,93 $",11.93,"11,93 $",true,https://www.canadiantire.ca/fr/pdp/ensemble-d-amis-de-collection-animaux-de-compagnie-mysteres-adopt-me-6-ans-et-plus-1500319p.html,https://www.canadiantire.ca/fr/pdp/ensemble-d-amis-de-collection-animaux-de-compagnie-mysteres-adopt-me-6-ans-et-plus-1500319p.html,https://media-www.canadiantire.ca/product/seasonal-gardening/toys/toys-games/1500319/adopt-me-friends-pack-8f164e02-64d1-4d42-9d1a-5922b904ed30-jpgrendition.jpg?im=whresize&wid=200&hei=200,https://media-www.canadiantire.ca/product/seasonal-gardening/toys/toys-games/1500319/adopt-me-friends-pack-8f164e02-64d1-4d42-9d1a-5922b904ed30-jpgrendition.jpg?im=whresize&wid=200&hei=200,,1500319,150-0319-6,Il n’en reste que 1 #150-0319-6,Liquidation◊Mieux notés,52.26,"11,93","24,99"
193,"Delhi, ON","Vélo hybride Raleigh Encounter, 700C, bleu","Vélo hybride Raleigh Encounter, 700C, bleu",329.93,"329,93 $",669.99,"Était±  669,99 $prix était 669,99 $",329.93,"329,93 $",329.93,"329,93 $",true,https://www.canadiantire.ca/fr/pdp/velo-hybride-raleigh-encounter-700c-bleu-0711983p.html,https://www.canadiantire.ca/fr/pdp/velo-hybride-raleigh-encounter-700c-bleu-0711983p.html,https://media-www.canadiantire.ca/product/playing/cycling/bicycles/0711983/raleigh-encounter-men-s-hybrid-bike-700c-ec40c17a-a19e-45de-b2ce-3bb13f06978e-jpgrendition.jpg?im=whresize&wid=200&hei=200,https://media-www.canadiantire.ca/product/playing/cycling/bicycles/0711983/raleigh-encounter-men-s-hybrid-bike-700c-ec40c17a-a19e-45de-b2ce-3bb13f06978e-jpgrendition.jpg?im=whresize&wid=200&hei=200,,0711983,071-1983-4,Il n’en reste que 1 #071-1983-4,Liquidation◊Exclusivité,50.76,"329,93","669,99"
193,"Delhi, ON","Raquette de tennis léger en composite Head Extreme Elite Lite avec prise souple, bleu/blanc","Raquette de tennis léger en composite Head Extreme Elite Lite avec prise souple, bleu/blanc",48.43,"48,43 $",109.99,"Était±  109,99 $prix était 109,99 $",48.43,"48,43 $",48.43,"48,43 $",true,https://www.canadiantire.ca/fr/pdp/raquette-de-tennis-leger-en-composite-head-extreme-elite-lite-avec-prise-souple-bleu-blanc-1840421p.html,https://www.canadiantire.ca/fr/pdp/raquette-de-tennis-leger-en-composite-head-extreme-elite-lite-avec-prise-souple-bleu-blanc-1840421p.html,https://media-www.canadiantire.ca/product/playing/team-sports-and-golf/court-sports/1840421/head-extreme-elite-l-pickleball-paddle-f6f650dd-c2cb-4c8e-86b7-5d5c5e8b2834-jpgrendition.jpg?im=whresize&wid=200&hei=200,https://media-www.canadiantire.ca/product/playing/team-sports-and-golf/court-sports/1840421/head-extreme-elite-l-pickleball-paddle-f6f650dd-c2cb-4c8e-86b7-5d5c5e8b2834-jpgrendition.jpg?im=whresize&wid=200&hei=200,,1840421,184-0421-0,Il n’en reste que 3 #184-0421-0,Liquidation◊Mieux notés,55.97,"48,43","109,99"
193,"Delhi, ON","Bouchons de couleur Cruiser et trousse de fixation, 16 pièces","Bouchons de couleur Cruiser et trousse de fixation, 16 pièces",6.93,"6,93 $",14.99,"Était±  14,99 $prix était 14,99 $",6.93,"6,93 $",6.93,"6,93 $",true,https://www.canadiantire.ca/fr/pdp/bouchons-de-couleur-cruiser-et-trousse-de-fixation-16-pieces-0376270p.html,https://www.canadiantire.ca/fr/pdp/bouchons-de-couleur-cruiser-et-trousse-de-fixation-16-pieces-0376270p.html,https://media-www.canadiantire.ca/product/automotive/car-care-accessories/auto-accessories/0376270/color-fastener-caps-mounting-kit-e171fa2d-3ec0-482b-a90b-3654bde40de8-jpgrendition.jpg?im=whresize&wid=200&hei=200,https://media-www.canadiantire.ca/product/automotive/car-care-accessories/auto-accessories/0376270/color-fastener-caps-mounting-kit-e171fa2d-3ec0-482b-a90b-3654bde40de8-jpgrendition.jpg?im=whresize&wid=200&hei=200,,0376270,037-6270-4,Il n’en reste que 1 #037-6270-4,Liquidation◊Exclusivité,53.77,"6,93","14,99"
193,"Delhi, ON","Plateau à gâteau rond blanc Wilton, paq. 12","Plateau à gâteau rond blanc Wilton, paq. 12",4.93,"4,93 $",12.99,"Était±  12,99 $prix était 12,99 $",4.93,"4,93 $",4.93,"4,93 $",true,https://www.canadiantire.ca/fr/pdp/plateau-a-gateau-rond-blanc-wilton-paq-12-1426626p.html,https://www.canadiantire.ca/fr/pdp/plateau-a-gateau-rond-blanc-wilton-paq-12-1426626p.html,https://media-www.canadiantire.ca/product/living/kitchen/kitchen-tools-thermometers/1426626/wilton-12pc-8-10-12-14-cake-board-af2e9a89-9b28-4269-8caf-f823f40a596f-jpgrendition.jpg?im=whresize&wid=200&hei=200,https://media-www.canadiantire.ca/product/living/kitchen/kitchen-tools-thermometers/1426626/wilton-12pc-8-10-12-14-cake-board-af2e9a89-9b28-4269-8caf-f823f40a596f-jpgrendition.jpg?im=whresize&wid=200&hei=200,,1426626,142-6626-8,Il n’en reste que 2 #142-6626-8,Liquidation◊,62.05,"4,93","12,99"
193,"Delhi, ON","Assiette d'extérieur en fibre de bambou CANVAS Summer Palm, 10 po","Assiette d'extérieur en fibre de bambou CANVAS Summer Palm, 10 po",3.93,"3,93 $",7.99,"Était±  7,99 $prix était 7,99 $",3.93,"3,93 $",3.93,"3,93 $",true,https://www.canadiantire.ca/fr/pdp/assiette-d-exterieur-en-fibre-de-bambou-canvas-summer-palm-10-po-1590043p.html,https://www.canadiantire.ca/fr/pdp/assiette-d-exterieur-en-fibre-de-bambou-canvas-summer-palm-10-po-1590043p.html,https://media-www.canadiantire.ca/product/seasonal-gardening/backyard-living/outdoor-living-accessories/1590043/canvas-bamboo-summer-palm-10-plate-1326b16f-c7f7-44bf-a7fe-616a1b2d49a3-jpgrendition.jpg?im=whresize&wid=200&hei=200,https://media-www.canadiantire.ca/product/seasonal-gardening/backyard-living/outdoor-living-accessories/1590043/canvas-bamboo-summer-palm-10-plate-1326b16f-c7f7-44bf-a7fe-616a1b2d49a3-jpgrendition.jpg?im=whresize&wid=200&hei=200,,1590043,159-0043-2,8 En Stock#159-0043-2,Liquidation◊Exclusivité,50.81,"3,93","7,99"
193,"Delhi, ON","Robinet d'évier à bec rétractable et à poignée simple Danze Melrose, nickel brossé","Robinet d'évier à bec rétractable et à poignée simple Danze Melrose, nickel brossé",69.93,"69,93 $",199.99,"Était±  199,99 $prix était 199,99 $",69.93,"69,93 $",69.93,"69,93 $",true,https://www.canadiantire.ca/fr/pdp/robinet-d-evier-a-bec-retractable-et-a-poignee-simple-danze-melrose-nickel-brosse-0633363p.html,https://www.canadiantire.ca/fr/pdp/robinet-d-evier-a-bec-retractable-et-a-poignee-simple-danze-melrose-nickel-brosse-0633363p.html,https://media-www.canadiantire.ca/product/fixing/plumbing/faucets-fixtures/0633363/danze-melrose-pull-out-kitchen-faucet-brushed-nickel-38621e50-1130-4722-9bd2-2ae28a42af4b-jpgrendition.jpg?im=whresize&wid=200&hei=200,https://media-www.canadiantire.ca/product/fixing/plumbing/faucets-fixtures/0633363/danze-melrose-pull-out-kitchen-faucet-brushed-nickel-38621e50-1130-4722-9bd2-2ae28a42af4b-jpgrendition.jpg?im=whresize&wid=200&hei=200,,0633363,063-3363-8,Il n’en reste que 4 #063-3363-8,Liquidation◊Exclusivité,65.03,"69,93","199,99"
193,"Delhi, ON","Mini ensemble de science 4-en-1 Smithsonian STEM, paquet économique, 8 ans et plus","Mini ensemble de science 4-en-1 Smithsonian STEM, paquet économique, 8 ans et plus",24.23,"24,23 $",49.99,"Était±  49,99 $prix était 49,99 $",24.23,"24,23 $",24.23,"24,23 $",true,https://www.canadiantire.ca/fr/pdp/mini-ensemble-de-science-4-en-1-smithsonian-stem-paquet-economique-8-ans-et-plus-0506869p.html,https://www.canadiantire.ca/fr/pdp/mini-ensemble-de-science-4-en-1-smithsonian-stem-paquet-economique-8-ans-et-plus-0506869p.html,https://media-www.canadiantire.ca/product/seasonal-gardening/toys/toys-games/0506869/4-pack-smithsoian-sets-dd2978bf-ea28-4ebd-a44f-138d86662e77-jpgrendition.jpg?im=whresize&wid=200&hei=200,https://media-www.canadiantire.ca/product/seasonal-gardening/toys/toys-games/0506869/4-pack-smithsoian-sets-dd2978bf-ea28-4ebd-a44f-138d86662e77-jpgrendition.jpg?im=whresize&wid=200&hei=200,,0506869,050-6869-8,Il n’en reste que 2 #050-6869-8,Liquidation◊,51.53,"24,23","49,99"
193,"Delhi, ON","Lingettes nettoyantes pour les surfaces en cuir intérieures de l'auto Chemical Guys, transparent","Lingettes nettoyantes pour les surfaces en cuir intérieures de l'auto Chemical Guys, transparent",6.93,"6,93 $",14.99,"Était±  14,99 $prix était 14,99 $",6.93,"6,93 $",6.93,"6,93 $",true,https://www.canadiantire.ca/fr/pdp/lingettes-nettoyantes-pour-les-surfaces-en-cuir-interieures-de-l-auto-chemical-guys-transparent-0396593p.html,https://www.canadiantire.ca/fr/pdp/lingettes-nettoyantes-pour-les-surfaces-en-cuir-interieures-de-l-auto-chemical-guys-transparent-0396593p.html,https://media-www.canadiantire.ca/product/automotive/car-care-accessories/auto-cleaning-chemicals/0396593/chemical-guys-leather-cleaner-wipes-e0bad995-2ac5-416c-aae9-08a3a17806e0-jpgrendition.jpg?im=whresize&wid=200&hei=200,https://media-www.canadiantire.ca/product/automotive/car-care-accessories/auto-cleaning-chemicals/0396593/chemical-guys-leather-cleaner-wipes-e0bad995-2ac5-416c-aae9-08a3a17806e0-jpgrendition.jpg?im=whresize&wid=200&hei=200,,0396593,039-6593-2,Il n’en reste que 1 #039-6593-2,Liquidation◊Mieux notés,53.77,"6,93","14,99"
193,"Delhi, ON","Chasse-tiques 30 % DEET Muskol BackCountry, 30 mL","Chasse-tiques 30 % DEET Muskol BackCountry, 30 mL",3.93,"3,93 $",7.99,"Était±  7,99 $prix était 7,99 $",3.93,"3,93 $",3.93,"3,93 $",true,https://www.canadiantire.ca/fr/pdp/chasse-tiques-30-deet-muskol-backcountry-30-ml-1591177p.html,https://www.canadiantire.ca/fr/pdp/chasse-tiques-30-deet-muskol-backcountry-30-ml-1591177p.html,https://media-www.canadiantire.ca/product/seasonal-gardening/gardening/mosquito-sun-protection/1591177/muskol-backcountry-tick-30ml-0824c6dc-9cc6-4ace-a80f-4d02cf923632-jpgrendition.jpg?im=whresize&wid=200&hei=200,https://media-www.canadiantire.ca/product/seasonal-gardening/gardening/mosquito-sun-protection/1591177/muskol-backcountry-tick-30ml-0824c6dc-9cc6-4ace-a80f-4d02cf923632-jpgrendition.jpg?im=whresize&wid=200&hei=200,,1591177,159-1177-8,,Liquidation◊Mieux notés,50.81,"3,93","7,99"
193,"Delhi, ON",Selle de vélo de montagne Raleigh,Selle de vélo de montagne Raleigh,24.93,"24,93 $",54.99,"Était±  54,99 $prix était 54,99 $",24.93,"24,93 $",24.93,"24,93 $",true,https://www.canadiantire.ca/fr/pdp/selle-de-velo-de-montagne-raleigh-0730591p.html,https://www.canadiantire.ca/fr/pdp/selle-de-velo-de-montagne-raleigh-0730591p.html,https://media-www.canadiantire.ca/product/playing/cycling/bicycle-accessories/0730591/raleigh-mtb-saddle-f3d80fe2-d102-49df-8710-a97a6b1a3e3d-jpgrendition.jpg?im=whresize&wid=200&hei=200,https://media-www.canadiantire.ca/product/playing/cycling/bicycle-accessories/0730591/raleigh-mtb-saddle-f3d80fe2-d102-49df-8710-a97a6b1a3e3d-jpgrendition.jpg?im=whresize&wid=200&hei=200,,0730591,073-0591-8,Il n’en reste que 2 #073-0591-8,Liquidation◊Mieux notés,54.66,"24,93","54,99"
193,"Delhi, ON","Borne de recharge Bluehive, 5 prises","Borne de recharge Bluehive, 5 prises",6.93,"6,93 $",59.99,"Était±  59,99 $prix était 59,99 $",6.93,"6,93 $",6.93,"6,93 $",true,https://www.canadiantire.ca/fr/pdp/borne-de-recharge-bluehive-5-prises-0356101p.html,https://www.canadiantire.ca/fr/pdp/borne-de-recharge-bluehive-5-prises-0356101p.html,https://media-www.canadiantire.ca/product/automotive/car-care-accessories/auto-electronics/0356101/bluehive-5-port-charging-station--57a2a44c-b190-47b1-b662-f6855bc12e34-jpgrendition.jpg?im=whresize&wid=200&hei=200,https://media-www.canadiantire.ca/product/automotive/car-care-accessories/auto-electronics/0356101/bluehive-5-port-charging-station--57a2a44c-b190-47b1-b662-f6855bc12e34-jpgrendition.jpg?im=whresize&wid=200&hei=200,,0356101,035-6101-2,Il n’en reste que 4 #035-6101-2,Liquidation◊Exclusivité,88.45,"6,93","59,99"
193,"Delhi, ON","Commande photoélectrique pour lumière automatique pour aube/pénombre Atron Electro Industries PL759 avec plaque, 120 V, 600 W","Commande photoélectrique pour lumière automatique pour aube/pénombre Atron Electro Industries PL759 avec plaque, 120 V, 600 W",7.93,"7,93 $",17.99,"Était±  17,99 $prix était 17,99 $",7.93,"7,93 $",7.93,"7,93 $",true,https://www.canadiantire.ca/fr/pdp/commande-photoelectrique-pour-lumiere-automatique-pour-aube-penombre-atron-electro-industries-pl759-avec-plaque-120-v-600-w-0522861p.html,https://www.canadiantire.ca/fr/pdp/commande-photoelectrique-pour-lumiere-automatique-pour-aube-penombre-atron-electro-industries-pl759-avec-plaque-120-v-600-w-0522861p.html,https://media-www.canadiantire.ca/product/fixing/electrical/rough-electrical/0522861/photo-control-with-faceplate-37d5f050-2346-49ef-94ba-9df6d49f64a6-jpgrendition.jpg?im=whresize&wid=200&hei=200,https://media-www.canadiantire.ca/product/fixing/electrical/rough-electrical/0522861/photo-control-with-faceplate-37d5f050-2346-49ef-94ba-9df6d49f64a6-jpgrendition.jpg?im=whresize&wid=200&hei=200,,0522861,052-2861-4,,Liquidation◊Mieux notés,55.92,"7,93","17,99"
193,"Delhi, ON",Spatule à fentes Cuisinart Oceanware,Spatule à fentes Cuisinart Oceanware,4.93,"4,93 $",11.99,"Était±  11,99 $prix était 11,99 $",4.93,"4,93 $",4.93,"4,93 $",true,https://www.canadiantire.ca/fr/pdp/spatule-a-fentes-cuisinart-oceanware-1426676p.html,https://www.canadiantire.ca/fr/pdp/spatule-a-fentes-cuisinart-oceanware-1426676p.html,https://media-www.canadiantire.ca/product/living/kitchen/kitchen-tools-thermometers/1426676/cuisinart-oceanware-slotted-turner-87cf1583-d5c9-4923-9dfe-3eb7aec1dffb-jpgrendition.jpg?im=whresize&wid=200&hei=200,https://media-www.canadiantire.ca/product/living/kitchen/kitchen-tools-thermometers/1426676/cuisinart-oceanware-slotted-turner-87cf1583-d5c9-4923-9dfe-3eb7aec1dffb-jpgrendition.jpg?im=whresize&wid=200&hei=200,,1426676,142-6676-8,Il n’en reste que 1 #142-6676-8,Liquidation◊Mieux notés,58.88,"4,93","11,99"
193,"Delhi, ON","Ballon en aluminium satiné lama, blanc, 41 po, gonflement à l'hélium et ruban inclus, pour fête d'anniversaire","Ballon en aluminium satiné lama, blanc, 41 po, gonflement à l'hélium et ruban inclus, pour fête d'anniversaire",2.93,"2,93 $",16.99,"Était±  16,99 $prix était 16,99 $",2.93,"2,93 $",2.93,"2,93 $",true,https://www.canadiantire.ca/fr/pdp/ballon-en-aluminium-satine-lama-blanc-41-po-gonflement-a-l-helium-et-ruban-inclus-pour-fete-d-anniversaire-8424142p.html,https://www.canadiantire.ca/fr/pdp/ballon-en-aluminium-satine-lama-blanc-41-po-gonflement-a-l-helium-et-ruban-inclus-pour-fete-d-anniversaire-8424142p.html,https://media-www.partycity.ca/product/seasonal-gardening/party-city-everyday/party-city-party-supplies-decor/8424142/170-ss-blln-llama-d5797f66-9b6a-41d5-93a7-2e707c5a5402-jpgrendition.jpg?im=whresize&wid=200&hei=200,https://media-www.partycity.ca/product/seasonal-gardening/party-city-everyday/party-city-party-supplies-decor/8424142/170-ss-blln-llama-d5797f66-9b6a-41d5-93a7-2e707c5a5402-jpgrendition.jpg?im=whresize&wid=200&hei=200,,8424142,842-4142-4,,Liquidation◊Hélium compris,82.75,"2,93","16,99"
193,"Delhi, ON","Rames de bateau et de canoë, verni, tailles variées","Rames de bateau et de canoë, verni, tailles variées",8.93,"8,93 $",29.99,"29,99 $Était   et+ prix était à partir de 29,99 $",8.93,"8,93 $",8.93,"8,93 $",true,https://www.canadiantire.ca/fr/pdp/rames-de-bateau-et-de-canoe-verni-tailles-variees-0793319p.html,https://www.canadiantire.ca/fr/pdp/rames-de-bateau-et-de-canoe-verni-tailles-variees-0793319p.html,https://media-www.canadiantire.ca/product/playing/seasonal-recreation/marine-power-boating/0793330/paddle-60-varnished-217b72f4-181c-40ef-8178-69cc16ab4329-jpgrendition.jpg?im=whresize&wid=200&hei=200,https://media-www.canadiantire.ca/product/playing/seasonal-recreation/marine-power-boating/0793330/paddle-60-varnished-217b72f4-181c-40ef-8178-69cc16ab4329-jpgrendition.jpg?im=whresize&wid=200&hei=200,,0793319,079-3319,Vérifiez la disponibilité#079-3319X,Liquidation◊Mieux notés,70.22,"8,93","29,99"
193,"Delhi, ON","Attache Simple Strap, travaux réguliers","Attache Simple Strap, travaux réguliers",3.93,"3,93 $",19.99,"Était±  19,99 $prix était 19,99 $",3.93,"3,93 $",3.93,"3,93 $",true,https://www.canadiantire.ca/fr/pdp/attache-simple-strap-travaux-reguliers-0402966p.html,https://www.canadiantire.ca/fr/pdp/attache-simple-strap-travaux-reguliers-0402966p.html,https://media-www.canadiantire.ca/product/automotive/automotive-outdoor-adventure/tarps-cords/0402966/simple-strap-regular-duty-tie-down-red-d1a8a518-ad13-463a-a9ce-9ce3da9d4e45-jpgrendition.jpg?im=whresize&wid=200&hei=200,https://media-www.canadiantire.ca/product/automotive/automotive-outdoor-adventure/tarps-cords/0402966/simple-strap-regular-duty-tie-down-red-d1a8a518-ad13-463a-a9ce-9ce3da9d4e45-jpgrendition.jpg?im=whresize&wid=200&hei=200,,0402966,040-2966-4,Il n’en reste que 7 #040-2966-4,Liquidation◊Mieux notés,80.34,"3,93","19,99"
193,"Delhi, ON","Câble Lightning tressé Bluehive avec courroie en cuir, 6 pi","Câble Lightning tressé Bluehive avec courroie en cuir, 6 pi",4.93,"4,93 $",18.99,"Était±  18,99 $prix était 18,99 $",4.93,"4,93 $",4.93,"4,93 $",true,https://www.canadiantire.ca/fr/pdp/cable-lightning-tresse-bluehive-avec-courroie-en-cuir-6-pi-0355532p.html,https://www.canadiantire.ca/fr/pdp/cable-lightning-tresse-bluehive-avec-courroie-en-cuir-6-pi-0355532p.html,https://media-www.canadiantire.ca/product/automotive/car-care-accessories/auto-electronics/0355532/bluehive-6-feet-fashion-line-a-to-l-cable-af4673ad-bc6d-4a21-9348-17e77636921f-jpgrendition.jpg?im=whresize&wid=200&hei=200,https://media-www.canadiantire.ca/product/automotive/car-care-accessories/auto-electronics/0355532/bluehive-6-feet-fashion-line-a-to-l-cable-af4673ad-bc6d-4a21-9348-17e77636921f-jpgrendition.jpg?im=whresize&wid=200&hei=200,,0355532,035-5532-2,13 En Stock#035-5532-2,Liquidation◊Mieux notés,74.04,"4,93","18,99"
193,"Delhi, ON",Traîneau/luge d'hiver traditionnel style rétro en bois avec corde de remorquage pour bébé et enfant Kinder,Traîneau/luge d'hiver traditionnel style rétro en bois avec corde de remorquage pour bébé et enfant Kinder,59.93,"59,93 $",139.99,"Était±  139,99 $prix était 139,99 $",59.93,"59,93 $",59.93,"59,93 $",true,https://www.canadiantire.ca/fr/pdp/traineau-luge-d-hiver-traditionnel-style-retro-en-bois-avec-corde-de-remorquage-pour-bebe-et-enfant-kinder-0825001p.html,https://www.canadiantire.ca/fr/pdp/traineau-luge-d-hiver-traditionnel-style-retro-en-bois-avec-corde-de-remorquage-pour-bebe-et-enfant-kinder-0825001p.html,https://media-www.canadiantire.ca/product/playing/seasonal-recreation/winter-recreation/0825001/kinder-sleigh-20a80264-4ca3-4301-97b1-23524968322e-jpgrendition.jpg?im=whresize&wid=200&hei=200,https://media-www.canadiantire.ca/product/playing/seasonal-recreation/winter-recreation/0825001/kinder-sleigh-20a80264-4ca3-4301-97b1-23524968322e-jpgrendition.jpg?im=whresize&wid=200&hei=200,,0825001,082-5001-2,Il n’en reste que 1 #082-5001-2,Liquidation◊Mieux notés,57.19,"59,93","139,99"
193,"Delhi, ON","Manteau matelassé d'hiver à capuchon isolé hydrofuge chaud Outbound Lola pour femmes, gris","Manteau matelassé d'hiver à capuchon isolé hydrofuge chaud Outbound Lola pour femmes, gris",19.93,"19,93 $",99.99,"99,99 $Était   et+ prix était à partir de 99,99 $",19.93,"19,93 $",19.93,"19,93 $",true,https://www.canadiantire.ca/fr/pdp/manteau-matelasse-d-hiver-a-capuchon-isole-hydrofuge-chaud-outbound-lola-pour-femmes-gris-1873091p.html,https://www.canadiantire.ca/fr/pdp/manteau-matelasse-d-hiver-a-capuchon-isole-hydrofuge-chaud-outbound-lola-pour-femmes-gris-1873091p.html,https://media-www.canadiantire.ca/product/playing/footwear-apparel/winter-footwear-apparel/1873091/outbound-women-s-lola-jacket-grey-s-e897ef1e-dddd-4751-83c0-d877ea82998b-jpgrendition.jpg?im=whresize&wid=200&hei=200,https://media-www.canadiantire.ca/product/playing/footwear-apparel/winter-footwear-apparel/1873091/outbound-women-s-lola-jacket-grey-s-e897ef1e-dddd-4751-83c0-d877ea82998b-jpgrendition.jpg?im=whresize&wid=200&hei=200,,1873091,187-3091,Vérifiez la disponibilité#187-3091X,Liquidation◊Mieux notés,80.07,"19,93","99,99"
193,"Delhi, ON","Support de fer à repasser Type A pour dessus de porte, 6,2 x 5,75 x 16 po","Support de fer à repasser Type A pour dessus de porte, 6,2 x 5,75 x 16 po",1.93,"1,93 $",12.99,"Était±  12,99 $prix était 12,99 $",1.93,"1,93 $",1.93,"1,93 $",true,https://www.canadiantire.ca/fr/pdp/support-de-fer-a-repasser-type-a-pour-dessus-de-porte-6-2-x-5-75-x-16-po-0429554p.html,https://www.canadiantire.ca/fr/pdp/support-de-fer-a-repasser-type-a-pour-dessus-de-porte-6-2-x-5-75-x-16-po-0429554p.html,https://media-www.canadiantire.ca/product/living/home-organization/laundry/0429554/type-a-over-the-door-iron-caddy--a5f17e7c-c02a-4ffc-a48a-9f2b6f8f0cfd-jpgrendition.jpg?im=whresize&wid=200&hei=200,https://media-www.canadiantire.ca/product/living/home-organization/laundry/0429554/type-a-over-the-door-iron-caddy--a5f17e7c-c02a-4ffc-a48a-9f2b6f8f0cfd-jpgrendition.jpg?im=whresize&wid=200&hei=200,,0429554,042-9554-8,Il n’en reste que 3 #042-9554-8,Liquidation◊Exclusivité,85.14,"1,93","12,99"
193,"Delhi, ON","Coussin de siège pliant portatif de luxe Woods pour le camping, le canot, le stade et la plage","Coussin de siège pliant portatif de luxe Woods pour le camping, le canot, le stade et la plage",14.93,"14,93 $",42.99,"Était±  42,99 $prix était 42,99 $",14.93,"14,93 $",14.93,"14,93 $",true,https://www.canadiantire.ca/fr/pdp/coussin-de-siege-pliant-portatif-de-luxe-woods-pour-le-camping-le-canot-le-stade-et-la-plage-0765847p.html,https://www.canadiantire.ca/fr/pdp/coussin-de-siege-pliant-portatif-de-luxe-woods-pour-le-camping-le-canot-le-stade-et-la-plage-0765847p.html,https://media-www.canadiantire.ca/product/playing/camping/camping-furniture/0765847/woods-backpacker-folding-camp-chair-fedfabfb-7e7d-4ab3-aa7b-98591312d305-jpgrendition.jpg?im=whresize&wid=200&hei=200,https://media-www.canadiantire.ca/product/playing/camping/camping-furniture/0765847/woods-backpacker-folding-camp-chair-fedfabfb-7e7d-4ab3-aa7b-98591312d305-jpgrendition.jpg?im=whresize&wid=200&hei=200,,0765847,076-5847-6,Il n’en reste que 3 #076-5847-6,Liquidation◊Exclusivité,65.27,"14,93","42,99"
193,"Delhi, ON","Raquette de tennis légère Wilson Roger Federer pour enfants, noir/rouge, 25 po","Raquette de tennis légère Wilson Roger Federer pour enfants, noir/rouge, 25 po",13.43,"13,43 $",34.99,"Était±  34,99 $prix était 34,99 $",13.43,"13,43 $",13.43,"13,43 $",true,https://www.canadiantire.ca/fr/pdp/raquette-de-tennis-legere-wilson-roger-federer-pour-enfants-noir-rouge-25-po-0844809p.html,https://www.canadiantire.ca/fr/pdp/raquette-de-tennis-legere-wilson-roger-federer-pour-enfants-noir-rouge-25-po-0844809p.html,https://media-www.canadiantire.ca/product/playing/team-sports-and-golf/sports-equipment-accessories/0844809/wilson-roger-federer-25-junior-tennis-racquet-1e15d291-862c-43cd-a176-2c45ae048197-jpgrendition.jpg?im=whresize&wid=200&hei=200,https://media-www.canadiantire.ca/product/playing/team-sports-and-golf/sports-equipment-accessories/0844809/wilson-roger-federer-25-junior-tennis-racquet-1e15d291-862c-43cd-a176-2c45ae048197-jpgrendition.jpg?im=whresize&wid=200&hei=200,,0844809,084-4809-4,Il n’en reste que 2 #084-4809-4,Liquidation◊Mieux notés,61.62,"13,43","34,99"
