store_id,city,name,title,price,price_raw,regular_price,regular_price_raw,liquidation_price,liquidation_price_raw,sale_price,sale_price_raw,liquidation,url,link,image,image_url,product_id,sku,sku_formatted,availability,badges,discount_percent,price_sale_clean,price_original_clean
106,"Sussex, NB",Garde-robe à miroir rétractable Canvas,Garde-robe à miroir rétractable Canvas,199.93,"199,93 $",499.99,"Était±  499,99 $prix était 499,99 $",199.93,"199,93 $",199.93,"199,93 $",true,https://www.canadiantire.ca/fr/pdp/garde-robe-a-miroir-retractable-canvas-1680201p.html,https://www.canadiantire.ca/fr/pdp/garde-robe-a-miroir-retractable-canvas-1680201p.html,https://media-www.canadiantire.ca/product/living/home-decor/furniture/1680201/canvas-wardrobe-with-pullout-mirror-22f525bf-93c2-43fc-b5b1-e5ba5516f382-jpgrendition.jpg?im=whresize&wid=200&hei=200,https://media-www.canadiantire.ca/product/living/home-decor/furniture/1680201/canvas-wardrobe-with-pullout-mirror-22f525bf-93c2-43fc-b5b1-e5ba5516f382-jpgrendition.jpg?im=whresize&wid=200&hei=200,,1680201,168-0201-4,Il n’en reste que 1 #168-0201-4,Liquidation◊Exclusivité,60.01,"199,93","499,99"
106,"Sussex, NB","Échelle de piscine en A en acier Bestway Flowclear avec rampe, 42 po","Échelle de piscine en A en acier Bestway Flowclear avec rampe, 42 po",29.93,"29,93 $",99.99,"Était±  99,99 $prix était 99,99 $",29.93,"29,93 $",29.93,"29,93 $",true,https://www.canadiantire.ca/fr/pdp/echelle-de-piscine-en-a-en-acier-bestway-flowclear-avec-rampe-42-po-0813926p.html,https://www.canadiantire.ca/fr/pdp/echelle-de-piscine-en-a-en-acier-bestway-flowclear-avec-rampe-42-po-0813926p.html,https://media-www.canadiantire.ca/product/seasonal-gardening/backyard-fun/pool-maintenance/0813926/42-pool-ladder-1e5af39a-d711-4efc-88d9-7f79508fac9d-jpgrendition.jpg?im=whresize&wid=200&hei=200,https://media-www.canadiantire.ca/product/seasonal-gardening/backyard-fun/pool-maintenance/0813926/42-pool-ladder-1e5af39a-d711-4efc-88d9-7f79508fac9d-jpgrendition.jpg?im=whresize&wid=200&hei=200,,0813926,081-3926-6,8 En Stock#081-3926-6,Liquidation◊,70.07,"29,93","99,99"
106,"Sussex, NB",Garde-manger polyvalent Canvas Wittmore,Garde-manger polyvalent Canvas Wittmore,199.93,"199,93 $",499.99,"Était±  499,99 $prix était 499,99 $",199.93,"199,93 $",199.93,"199,93 $",true,https://www.canadiantire.ca/fr/pdp/garde-manger-polyvalent-canvas-wittmore-1680200p.html,https://www.canadiantire.ca/fr/pdp/garde-manger-polyvalent-canvas-wittmore-1680200p.html,https://media-www.canadiantire.ca/product/living/home-decor/furniture/1680200/canvas-whittmore-pantry-cabinet-88855d97-fc3c-4726-984c-bc946be0a9b7-jpgrendition.jpg?im=whresize&wid=200&hei=200,https://media-www.canadiantire.ca/product/living/home-decor/furniture/1680200/canvas-whittmore-pantry-cabinet-88855d97-fc3c-4726-984c-bc946be0a9b7-jpgrendition.jpg?im=whresize&wid=200&hei=200,,1680200,168-0200-6,Il n’en reste que 1 #168-0200-6,Liquidation◊Exclusivité,60.01,"199,93","499,99"
106,"Sussex, NB","Tasses à mesurer empilables en plastique MASTER Chef, paq. 10","Tasses à mesurer empilables en plastique MASTER Chef, paq. 10",8.93,"8,93 $",24.99,"Était±  24,99 $prix était 24,99 $",8.93,"8,93 $",8.93,"8,93 $",true,https://www.canadiantire.ca/fr/pdp/tasses-a-mesurer-empilables-en-plastique-master-chef-paq-10-1429676p.html,https://www.canadiantire.ca/fr/pdp/tasses-a-mesurer-empilables-en-plastique-master-chef-paq-10-1429676p.html,https://media-www.canadiantire.ca/product/living/kitchen/bakeware-baking-prep/1429676/master-chef-10pc-measuring-cup-set-73c761cb-c28c-42fe-a32e-f57a30c6b9a6-jpgrendition.jpg?im=whresize&wid=200&hei=200,https://media-www.canadiantire.ca/product/living/kitchen/bakeware-baking-prep/1429676/master-chef-10pc-measuring-cup-set-73c761cb-c28c-42fe-a32e-f57a30c6b9a6-jpgrendition.jpg?im=whresize&wid=200&hei=200,,1429676,142-9676-0,13 En Stock#142-9676-0,Liquidation◊Mieux notés,64.27,"8,93","24,99"
106,"Sussex, NB","Lit de camp pliant portatif pour chiens Woods DOG-WOOD avec sac de transport, capacité de 70 lb, bleu","Lit de camp pliant portatif pour chiens Woods DOG-WOOD avec sac de transport, capacité de 70 lb, bleu",29.99,"29,99 $",79.99,"Était±  79,99 $prix était 79,99 $",29.99,"29,99 $",29.99,"29,99 $",true,https://www.canadiantire.ca/fr/pdp/lit-de-camp-pliant-portatif-pour-chiens-woods-dog-wood-avec-sac-de-transport-capacite-de-70-lb-bleu-0766424p.html,https://www.canadiantire.ca/fr/pdp/lit-de-camp-pliant-portatif-pour-chiens-woods-dog-wood-avec-sac-de-transport-capacite-de-70-lb-bleu-0766424p.html,https://media-www.canadiantire.ca/product/playing/camping/camping-accessories/0766424/woods-dogwood-quad-fold-pet-cot-fe2e4cef-58fa-4578-93b8-795fe70105e1-jpgrendition.jpg?im=whresize&wid=200&hei=200,https://media-www.canadiantire.ca/product/playing/camping/camping-accessories/0766424/woods-dogwood-quad-fold-pet-cot-fe2e4cef-58fa-4578-93b8-795fe70105e1-jpgrendition.jpg?im=whresize&wid=200&hei=200,,0766424,076-6424-6,9 En Stock#076-6424-6,Liquidation◊Mieux notés,62.51,"29,99","79,99"
106,"Sussex, NB",Abri de camping à auvent chapiteau Woods,Abri de camping à auvent chapiteau Woods,139.93,"139,93 $",289.99,"Était±  289,99 $prix était 289,99 $",139.93,"139,93 $",139.93,"139,93 $",true,https://www.canadiantire.ca/fr/pdp/abri-de-camping-a-auvent-chapiteau-woods-0766532p.html,https://www.canadiantire.ca/fr/pdp/abri-de-camping-a-auvent-chapiteau-woods-0766532p.html,https://media-www.canadiantire.ca/product/playing/camping/tents-shelters/0766532/woods-marquee-camp-shelter-098d48ca-7473-4b64-a3a7-00643d1edbd7-jpgrendition.jpg?im=whresize&wid=200&hei=200,https://media-www.canadiantire.ca/product/playing/camping/tents-shelters/0766532/woods-marquee-camp-shelter-098d48ca-7473-4b64-a3a7-00643d1edbd7-jpgrendition.jpg?im=whresize&wid=200&hei=200,,0766532,076-6532-8,Il n’en reste que 2 #076-6532-8,Liquidation◊Mieux notés,51.75,"139,93","289,99"
106,"Sussex, NB","Service de vaisselle en porcelaine festonnée CANVAS Odessa, blanc, paq. 12","Service de vaisselle en porcelaine festonnée CANVAS Odessa, blanc, paq. 12",39.93,"39,93 $",79.99,"Était±  79,99 $prix était 79,99 $",39.93,"39,93 $",39.93,"39,93 $",true,https://www.canadiantire.ca/fr/pdp/service-de-vaisselle-en-porcelaine-festonnee-canvas-odessa-blanc-paq-12-2421125p.html,https://www.canadiantire.ca/fr/pdp/service-de-vaisselle-en-porcelaine-festonnee-canvas-odessa-blanc-paq-12-2421125p.html,https://media-www.canadiantire.ca/product/living/kitchen/dining-and-entertaining/2421125/canvas-12-pc-scalloped-porcelain-dinnerware-set-ee9e4e35-9ab4-4375-aacf-2b058a08cc90-jpgrendition.jpg?im=whresize&wid=200&hei=200,https://media-www.canadiantire.ca/product/living/kitchen/dining-and-entertaining/2421125/canvas-12-pc-scalloped-porcelain-dinnerware-set-ee9e4e35-9ab4-4375-aacf-2b058a08cc90-jpgrendition.jpg?im=whresize&wid=200&hei=200,,2421125,242-1125-2,Il n’en reste que 1 #242-1125-2,Liquidation◊Mieux notés,50.08,"39,93","79,99"
106,"Sussex, NB","Housse de pare-brise 2-en-1 MyRide pour soleil et neige, convient à la plupart des véhicules","Housse de pare-brise 2-en-1 MyRide pour soleil et neige, convient à la plupart des véhicules",9.93,"9,93 $",32.99,"Était±  32,99 $prix était 32,99 $",9.93,"9,93 $",9.93,"9,93 $",true,https://www.canadiantire.ca/fr/pdp/housse-de-pare-brise-2-en-1-myride-pour-soleil-et-neige-convient-a-la-plupart-des-vehicules-0304491p.html,https://www.canadiantire.ca/fr/pdp/housse-de-pare-brise-2-en-1-myride-pour-soleil-et-neige-convient-a-la-plupart-des-vehicules-0304491p.html,https://media-www.canadiantire.ca/product/automotive/car-care-accessories/auto-winter-accessories/0304491/myride-sun-and-snow-windshield-cover-1d0e1f73-cc79-4090-b8a5-bdaefbe970b7-jpgrendition.jpg?im=whresize&wid=200&hei=200,https://media-www.canadiantire.ca/product/automotive/car-care-accessories/auto-winter-accessories/0304491/myride-sun-and-snow-windshield-cover-1d0e1f73-cc79-4090-b8a5-bdaefbe970b7-jpgrendition.jpg?im=whresize&wid=200&hei=200,,0304491,030-4491-4,Il n’en reste que 7 #030-4491-4,Liquidation◊Articles à succès,69.9,"9,93","32,99"
106,"Sussex, NB","Sorbetière numérique Vida par PADERNO, machine à crème glacée et gâteries 4-en-1, acier inoxydable, 1,9 L","Sorbetière numérique Vida par PADERNO, machine à crème glacée et gâteries 4-en-1, acier inoxydable, 1,9 L",69.93,"69,93 $",150.84,"Était±  150,84 $prix était 150,84 $",69.93,"69,93 $",69.93,"69,93 $",true,https://www.canadiantire.ca/fr/pdp/sorbetiere-numerique-vida-par-paderno-machine-a-creme-glacee-et-gateries-4-en-1-acier-inoxydable-1-9-l-0431564p.html,https://www.canadiantire.ca/fr/pdp/sorbetiere-numerique-vida-par-paderno-machine-a-creme-glacee-et-gateries-4-en-1-acier-inoxydable-1-9-l-0431564p.html,https://media-www.canadiantire.ca/product/living/kitchen/kitchen-appliances/0431564/vida-by-paderno-ice-cream-maker-cab802eb-a002-46c2-b174-7fca7a24c75c-jpgrendition.jpg?im=whresize&wid=200&hei=200,https://media-www.canadiantire.ca/product/living/kitchen/kitchen-appliances/0431564/vida-by-paderno-ice-cream-maker-cab802eb-a002-46c2-b174-7fca7a24c75c-jpgrendition.jpg?im=whresize&wid=200&hei=200,,0431564,043-1564-0,10 En Stock#043-1564-0,Liquidation◊Mieux notés,53.64,"69,93","150,84"
106,"Sussex, NB","Tasse de voyage à double paroi avec poignée Bubba Keg Classic, 20 oz, choix de couleurs","Tasse de voyage à double paroi avec poignée Bubba Keg Classic, 20 oz, choix de couleurs",9.93,"9,93 $",24.99,"24,99 $Était   et+ prix était à partir de 24,99 $",9.93,"9,93 $",9.93,"9,93 $",true,https://www.canadiantire.ca/fr/pdp/tasse-de-voyage-a-double-paroi-avec-poignee-bubba-keg-classic-20-oz-choix-de-couleurs-2425153p.html,https://www.canadiantire.ca/fr/pdp/tasse-de-voyage-a-double-paroi-avec-poignee-bubba-keg-classic-20-oz-choix-de-couleurs-2425153p.html,https://media-www.canadiantire.ca/product/living/kitchen/food-storage/2425154/bubba-20-oz-keg-mug-magenta-0effc0af-c6a5-482f-b1fb-0de772f237a0-jpgrendition.jpg?im=whresize&wid=200&hei=200,https://media-www.canadiantire.ca/product/living/kitchen/food-storage/2425154/bubba-20-oz-keg-mug-magenta-0effc0af-c6a5-482f-b1fb-0de772f237a0-jpgrendition.jpg?im=whresize&wid=200&hei=200,,2425153,242-5153,Vérifiez la disponibilité#242-5153X,Liquidation◊Mieux notés,60.26,"9,93","24,99"
106,"Sussex, NB","Sac de couchage double isotherme pour temps froid Coleman Flatlands avec sac de rangement, 10 °C","Sac de couchage double isotherme pour temps froid Coleman Flatlands avec sac de rangement, 10 °C",44.93,"44,93 $",99.99,"Était±  99,99 $prix était 99,99 $",44.93,"44,93 $",44.93,"44,93 $",true,https://www.canadiantire.ca/fr/pdp/sac-de-couchage-double-isotherme-pour-temps-froid-coleman-flatlands-avec-sac-de-rangement-10-c-0766638p.html,https://www.canadiantire.ca/fr/pdp/sac-de-couchage-double-isotherme-pour-temps-froid-coleman-flatlands-avec-sac-de-rangement-10-c-0766638p.html,https://media-www.canadiantire.ca/product/playing/camping/camping-furniture/0766638/coleman-flatlands-10c-sleeping-bag-cda9afb3-1271-4c50-9ed4-56d12c8e2b36-jpgrendition.jpg?im=whresize&wid=200&hei=200,https://media-www.canadiantire.ca/product/playing/camping/camping-furniture/0766638/coleman-flatlands-10c-sleeping-bag-cda9afb3-1271-4c50-9ed4-56d12c8e2b36-jpgrendition.jpg?im=whresize&wid=200&hei=200,,0766638,076-6638-8,Il n’en reste que 1 #076-6638-8,Liquidation◊Mieux notés,55.07,"44,93","99,99"
106,"Sussex, NB","Ampoules à DEL à intensité variable à culot E12 NOMA B10, 2700K, 350 lumens, blanc chaud, 40 W, paq. 2","Ampoules à DEL à intensité variable à culot E12 NOMA B10, 2700K, 350 lumens, blanc chaud, 40 W, paq. 2",1.93,"1,93 $",12.99,"Était±  12,99 $prix était 12,99 $",1.93,"1,93 $",1.93,"1,93 $",true,https://www.canadiantire.ca/fr/pdp/ampoules-a-del-a-intensite-variable-a-culot-e12-noma-b10-2700k-350-lumens-blanc-chaud-40-w-paq-2-0529347p.html,https://www.canadiantire.ca/fr/pdp/ampoules-a-del-a-intensite-variable-a-culot-e12-noma-b10-2700k-350-lumens-blanc-chaud-40-w-paq-2-0529347p.html,https://media-www.canadiantire.ca/product/fixing/electrical/light-bulbs/0529347/noma-2-pack-40w-e12-soft-white-led-lightbulbs-2abc2edf-7b69-449d-b49f-8024c6332e19-jpgrendition.jpg?im=whresize&wid=200&hei=200,https://media-www.canadiantire.ca/product/fixing/electrical/light-bulbs/0529347/noma-2-pack-40w-e12-soft-white-led-lightbulbs-2abc2edf-7b69-449d-b49f-8024c6332e19-jpgrendition.jpg?im=whresize&wid=200&hei=200,,0529347,052-9347-8,62 En Stock#052-9347-8,Liquidation◊Exclusivité,85.14,"1,93","12,99"
106,"Sussex, NB",Aspirateur sans fil de déchets secs/humides tout-en-un et appareil de nettoyage de planchers durs Bissell CrossWave OmniFind Pet Pro,Aspirateur sans fil de déchets secs/humides tout-en-un et appareil de nettoyage de planchers durs Bissell CrossWave OmniFind Pet Pro,179.93,"179,93 $",385.74,"Était±  385,74 $prix était 385,74 $",179.93,"179,93 $",179.93,"179,93 $",true,https://www.canadiantire.ca/fr/pdp/aspirateur-sans-fil-de-dechets-secs-humides-tout-en-un-et-appareil-de-nettoyage-de-planchers-durs-bissell-crosswave-omnifind-pet-pro-0437233p.html,https://www.canadiantire.ca/fr/pdp/aspirateur-sans-fil-de-dechets-secs-humides-tout-en-un-et-appareil-de-nettoyage-de-planchers-durs-bissell-crosswave-omnifind-pet-pro-0437233p.html,https://media-www.canadiantire.ca/product/living/cleaning/vacuums-and-floorcare/0437233/bissell-omnifind-petpro-hard-floor-wet-cleaner-a8a44b1c-d6db-472c-a2a7-50098c512b75-jpgrendition.jpg?im=whresize&wid=200&hei=200,https://media-www.canadiantire.ca/product/living/cleaning/vacuums-and-floorcare/0437233/bissell-omnifind-petpro-hard-floor-wet-cleaner-a8a44b1c-d6db-472c-a2a7-50098c512b75-jpgrendition.jpg?im=whresize&wid=200&hei=200,,0437233,043-7233-2,Il n’en reste que 1 #043-7233-2,Liquidation◊Exclusivité,53.35,"179,93","385,74"
106,"Sussex, NB",Affûteur de couteaux et de ciseaux facile à utiliser en 3 étapes MASTER Chef,Affûteur de couteaux et de ciseaux facile à utiliser en 3 étapes MASTER Chef,4.93,"4,93 $",18.99,"Était±  18,99 $prix était 18,99 $",4.93,"4,93 $",4.93,"4,93 $",true,https://www.canadiantire.ca/fr/pdp/affuteur-de-couteaux-et-de-ciseaux-facile-a-utiliser-en-3-etapes-master-chef-2421029p.html,https://www.canadiantire.ca/fr/pdp/affuteur-de-couteaux-et-de-ciseaux-facile-a-utiliser-en-3-etapes-master-chef-2421029p.html,https://media-www.canadiantire.ca/product/living/kitchen/cutlery/2421029/master-chef-3stage-knife-sharpener-b9ab2767-c8c0-473e-a296-6cb70527856a-jpgrendition.jpg?im=whresize&wid=200&hei=200,https://media-www.canadiantire.ca/product/living/kitchen/cutlery/2421029/master-chef-3stage-knife-sharpener-b9ab2767-c8c0-473e-a296-6cb70527856a-jpgrendition.jpg?im=whresize&wid=200&hei=200,,2421029,242-1029-2,8 En Stock#242-1029-2,Liquidation◊Exclusivité,74.04,"4,93","18,99"
106,"Sussex, NB",Aspirateur-robot Shark Navigator Spot Lidar,Aspirateur-robot Shark Navigator Spot Lidar,199.93,"199,93 $",405.74,"Était±  405,74 $prix était 405,74 $",199.93,"199,93 $",199.93,"199,93 $",true,https://www.canadiantire.ca/fr/pdp/aspirateur-robot-shark-navigator-spot-lidar-0439617p.html,https://www.canadiantire.ca/fr/pdp/aspirateur-robot-shark-navigator-spot-lidar-0439617p.html,https://media-www.canadiantire.ca/product/living/cleaning/vacuums-and-floorcare/0439617/shark-navigator-spot-lidar-robotic-vac-0da3fe11-906d-4be8-9ef1-35c7a6f4dccf-jpgrendition.jpg?im=whresize&wid=200&hei=200,https://media-www.canadiantire.ca/product/living/cleaning/vacuums-and-floorcare/0439617/shark-navigator-spot-lidar-robotic-vac-0da3fe11-906d-4be8-9ef1-35c7a6f4dccf-jpgrendition.jpg?im=whresize&wid=200&hei=200,,0439617,043-9617-8,Il n’en reste que 3 #043-9617-8,Liquidation◊Mieux notés,50.72,"199,93","405,74"
106,"Sussex, NB","Support à pneus à tablette réglable MotoMaster, capacité de 300 lb","Support à pneus à tablette réglable MotoMaster, capacité de 300 lb",33.93,"33,93 $",74.99,"Était±  74,99 $prix était 74,99 $",33.93,"33,93 $",33.93,"33,93 $",true,https://www.canadiantire.ca/fr/pdp/support-a-pneus-a-tablette-reglable-motomaster-capacite-de-300-lb-0091537p.html,https://www.canadiantire.ca/fr/pdp/support-a-pneus-a-tablette-reglable-motomaster-capacite-de-300-lb-0091537p.html,https://media-www.canadiantire.ca/product/automotive/auto-maintenance/auto-shop-equipment-supplies/0091537/motomaster-adjustable-tire-storage-shelves-797f8bda-21ae-4374-ab65-dfc1341fe0c4-jpgrendition.jpg?im=whresize&wid=200&hei=200,https://media-www.canadiantire.ca/product/automotive/auto-maintenance/auto-shop-equipment-supplies/0091537/motomaster-adjustable-tire-storage-shelves-797f8bda-21ae-4374-ab65-dfc1341fe0c4-jpgrendition.jpg?im=whresize&wid=200&hei=200,,0091537,009-1537-0,Il n’en reste que 5 #009-1537-0,Liquidation◊Exclusivité,54.75,"33,93","74,99"
106,"Sussex, NB","Station d'outils rotatifs Mastercraft 20 V, 40 pièces, compatible avec PWR POD","Station d'outils rotatifs Mastercraft 20 V, 40 pièces, compatible avec PWR POD",39.93,"39,93 $",89.99,"Était±  89,99 $prix était 89,99 $",39.93,"39,93 $",39.93,"39,93 $",true,https://www.canadiantire.ca/fr/pdp/station-d-outils-rotatifs-mastercraft-20-v-40-pieces-compatible-avec-pwr-pod-0548721p.html,https://www.canadiantire.ca/fr/pdp/station-d-outils-rotatifs-mastercraft-20-v-40-pieces-compatible-avec-pwr-pod-0548721p.html,https://media-www.canadiantire.ca/product/fixing/tools/portable-power-tools/0548721/mastercraft-20v-rotary-tool-station-22992854-82d3-4dcf-aea2-5bbe62ded2ae-jpgrendition.jpg?im=whresize&wid=200&hei=200,https://media-www.canadiantire.ca/product/fixing/tools/portable-power-tools/0548721/mastercraft-20v-rotary-tool-station-22992854-82d3-4dcf-aea2-5bbe62ded2ae-jpgrendition.jpg?im=whresize&wid=200&hei=200,,0548721,054-8721-8,Il n’en reste que 2 #054-8721-8,Liquidation◊Mieux notés,55.63,"39,93","89,99"
106,"Sussex, NB","Système de chasse-neige Kolpin Switchblade 17-0000 pour VTT, 48 à 60 po","Système de chasse-neige Kolpin Switchblade 17-0000 pour VTT, 48 à 60 po",259.93,"259,93 $",539.99,"Était±  539,99 $prix était 539,99 $",259.93,"259,93 $",259.93,"259,93 $",true,https://www.canadiantire.ca/fr/pdp/systeme-de-chasse-neige-kolpin-switchblade-17-0000-pour-vtt-48-a-60-po-0278190p.html,https://www.canadiantire.ca/fr/pdp/systeme-de-chasse-neige-kolpin-switchblade-17-0000-pour-vtt-48-a-60-po-0278190p.html,https://media-www.canadiantire.ca/product/automotive/automotive-outdoor-adventure/powersport/0278190/kolpin-switchblade-atv-snow-plow-52354734-5dda-4ae2-b6c8-873c986b6c5e-jpgrendition.jpg?im=whresize&wid=200&hei=200,https://media-www.canadiantire.ca/product/automotive/automotive-outdoor-adventure/powersport/0278190/kolpin-switchblade-atv-snow-plow-52354734-5dda-4ae2-b6c8-873c986b6c5e-jpgrendition.jpg?im=whresize&wid=200&hei=200,,0278190,027-8190-6,8 En Stock#027-8190-6,Liquidation◊Mieux notés,51.86,"259,93","539,99"
106,"Sussex, NB","Gaufrier miniature compact antiadhésif en forme de coeur Dash, rouge","Gaufrier miniature compact antiadhésif en forme de coeur Dash, rouge",9.93,"9,93 $",22.34,"Était±  22,34 $prix était 22,34 $",9.93,"9,93 $",9.93,"9,93 $",true,https://www.canadiantire.ca/fr/pdp/gaufrier-miniature-compact-antiadhesif-en-forme-de-coeur-dash-rouge-0430375p.html,https://www.canadiantire.ca/fr/pdp/gaufrier-miniature-compact-antiadhesif-en-forme-de-coeur-dash-rouge-0430375p.html,https://media-www.canadiantire.ca/product/living/kitchen/kitchen-appliances/0430375/dash-heart-mini-waffle-maker-red-5355d5fb-cea9-4969-88de-99bf11ab3589-jpgrendition.jpg?im=whresize&wid=200&hei=200,https://media-www.canadiantire.ca/product/living/kitchen/kitchen-appliances/0430375/dash-heart-mini-waffle-maker-red-5355d5fb-cea9-4969-88de-99bf11ab3589-jpgrendition.jpg?im=whresize&wid=200&hei=200,,0430375,043-0375-6,Il n’en reste que 7 #043-0375-6,Liquidation◊Mieux notés,55.55,"9,93","22,34"
106,"Sussex, NB","Sac banane/Sac de taille pour hanche/épaule Outbound avec sangle ajustable, choix varié, 2 l","Sac banane/Sac de taille pour hanche/épaule Outbound avec sangle ajustable, choix varié, 2 l",4.93,"4,93 $",9.99,"Était±  9,99 $prix était 9,99 $",4.93,"4,93 $",4.93,"4,93 $",true,https://www.canadiantire.ca/fr/pdp/sac-banane-sac-de-taille-pour-hanche-epaule-outbound-avec-sangle-ajustable-choix-varie-2-l-0766195p.html,https://www.canadiantire.ca/fr/pdp/sac-banane-sac-de-taille-pour-hanche-epaule-outbound-avec-sangle-ajustable-choix-varie-2-l-0766195p.html,https://media-www.canadiantire.ca/product/playing/camping/backpacks-luggage-accessories/0766195/outbound-hip-pack-27a2088e-6a32-45e0-ab5f-bf6f9f92e327-jpgrendition.jpg?im=whresize&wid=200&hei=200,https://media-www.canadiantire.ca/product/playing/camping/backpacks-luggage-accessories/0766195/outbound-hip-pack-27a2088e-6a32-45e0-ab5f-bf6f9f92e327-jpgrendition.jpg?im=whresize&wid=200&hei=200,,0766195,076-6195-0,Il n’en reste que 6 #076-6195-0,Liquidation◊Mieux notés,50.65,"4,93","9,99"
106,"Sussex, NB",Huitre à enfourcher flottante gonflable pour lac,Huitre à enfourcher flottante gonflable pour lac,39.93,"39,93 $",99.99,"Était±  99,99 $prix était 99,99 $",39.93,"39,93 $",39.93,"39,93 $",true,https://www.canadiantire.ca/fr/pdp/huitre-a-enfourcher-flottante-gonflable-pour-lac-0791411p.html,https://www.canadiantire.ca/fr/pdp/huitre-a-enfourcher-flottante-gonflable-pour-lac-0791411p.html,https://media-www.canadiantire.ca/product/playing/seasonal-recreation/marine-water-fun/0791411/clamshell-lake-inflatable-84c224b6-f74f-43cb-add7-f18aa0e52402-jpgrendition.jpg?im=whresize&wid=200&hei=200,https://media-www.canadiantire.ca/product/playing/seasonal-recreation/marine-water-fun/0791411/clamshell-lake-inflatable-84c224b6-f74f-43cb-add7-f18aa0e52402-jpgrendition.jpg?im=whresize&wid=200&hei=200,,0791411,079-1411-0,16 En Stock#079-1411-0,Liquidation◊,60.07,"39,93","99,99"
106,"Sussex, NB","Fauteuil de salle à manger d'extérieur/de terrasse CANVAS Belwood en aluminium et osier, paq. 2","Fauteuil de salle à manger d'extérieur/de terrasse CANVAS Belwood en aluminium et osier, paq. 2",249.93,"249,93 $",499.99,"Était±  499,99 $prix était 499,99 $",249.93,"249,93 $",249.93,"249,93 $",true,https://www.canadiantire.ca/fr/pdp/fauteuil-de-salle-a-manger-d-exterieur-de-terrasse-canvas-belwood-en-aluminium-et-osier-paq-2-0880541p.html,https://www.canadiantire.ca/fr/pdp/fauteuil-de-salle-a-manger-d-exterieur-de-terrasse-canvas-belwood-en-aluminium-et-osier-paq-2-0880541p.html,https://media-www.canadiantire.ca/product/seasonal-gardening/backyard-living/outdoor-furniture/0880541/canvas-belwood-aluminum-dining-chair-2-pack-de38f891-c44a-49df-a4e2-897c643e77fb-jpgrendition.jpg?im=whresize&wid=200&hei=200,https://media-www.canadiantire.ca/product/seasonal-gardening/backyard-living/outdoor-furniture/0880541/canvas-belwood-aluminum-dining-chair-2-pack-de38f891-c44a-49df-a4e2-897c643e77fb-jpgrendition.jpg?im=whresize&wid=200&hei=200,,0880541,088-0541-4,Il n’en reste que 1 #088-0541-4,Liquidation◊Mieux notés,50.01,"249,93","499,99"
106,"Sussex, NB","Système d'attelage pour chien de camping Woods BALSAM-FUR avec corde réfléchissante, sac de rangement et mousqueton, 26,2 pi","Système d'attelage pour chien de camping Woods BALSAM-FUR avec corde réfléchissante, sac de rangement et mousqueton, 26,2 pi",24.93,"24,93 $",59.99,"Était±  59,99 $prix était 59,99 $",24.93,"24,93 $",24.93,"24,93 $",true,https://www.canadiantire.ca/fr/pdp/systeme-d-attelage-pour-chien-de-camping-woods-balsam-fur-avec-corde-reflechissante-sac-de-rangement-et-mousqueton-26-2-pi-0766428p.html,https://www.canadiantire.ca/fr/pdp/systeme-d-attelage-pour-chien-de-camping-woods-balsam-fur-avec-corde-reflechissante-sac-de-rangement-et-mousqueton-26-2-pi-0766428p.html,https://media-www.canadiantire.ca/product/playing/camping/camping-accessories/0766428/woods-balsam-fir-leash-hitch-system-7ceb8dca-bd85-4168-9006-4a582dc9b9c8-jpgrendition.jpg?im=whresize&wid=200&hei=200,https://media-www.canadiantire.ca/product/playing/camping/camping-accessories/0766428/woods-balsam-fir-leash-hitch-system-7ceb8dca-bd85-4168-9006-4a582dc9b9c8-jpgrendition.jpg?im=whresize&wid=200&hei=200,,0766428,076-6428-8,Il n’en reste que 5 #076-6428-8,Liquidation◊Exclusivité,58.44,"24,93","59,99"
106,"Sussex, NB","Foyer multimédia CANVAS Alma, 72 po","Foyer multimédia CANVAS Alma, 72 po",349.93,"349,93 $",731.34,"Était±  731,34 $prix était 731,34 $",349.93,"349,93 $",349.93,"349,93 $",true,https://www.canadiantire.ca/fr/pdp/foyer-multimedia-canvas-alma-72-po-0644023p.html,https://www.canadiantire.ca/fr/pdp/foyer-multimedia-canvas-alma-72-po-0644023p.html,https://media-www.canadiantire.ca/product/living/home-decor/electric-fireplaces/0644023/canvas-72-alma-media-fireplace-e628d1ac-401e-49a3-9433-090b81178264-jpgrendition.jpg?im=whresize&wid=200&hei=200,https://media-www.canadiantire.ca/product/living/home-decor/electric-fireplaces/0644023/canvas-72-alma-media-fireplace-e628d1ac-401e-49a3-9433-090b81178264-jpgrendition.jpg?im=whresize&wid=200&hei=200,,0644023,064-4023-0,,Liquidation◊Mieux notés,52.15,"349,93","731,34"
106,"Sussex, NB","Bols pour chiens Woods pliants étanches PAW-THORN, camping et voyage, paq. 2, 2 L chacun","Bols pour chiens Woods pliants étanches PAW-THORN, camping et voyage, paq. 2, 2 L chacun",9.93,"9,93 $",19.99,"Était±  19,99 $prix était 19,99 $",9.93,"9,93 $",9.93,"9,93 $",true,https://www.canadiantire.ca/fr/pdp/bols-pour-chiens-woods-pliants-etanches-paw-thorn-camping-et-voyage-paq-2-2-l-chacun-0766426p.html,https://www.canadiantire.ca/fr/pdp/bols-pour-chiens-woods-pliants-etanches-paw-thorn-camping-et-voyage-paq-2-2-l-chacun-0766426p.html,https://media-www.canadiantire.ca/product/playing/camping/camping-accessories/0766426/woods-pawthorn-pet-bowls-10c337e6-6f18-495f-a5d6-0f0ef4d7ab3b-jpgrendition.jpg?im=whresize&wid=200&hei=200,https://media-www.canadiantire.ca/product/playing/camping/camping-accessories/0766426/woods-pawthorn-pet-bowls-10c337e6-6f18-495f-a5d6-0f0ef4d7ab3b-jpgrendition.jpg?im=whresize&wid=200&hei=200,,0766426,076-6426-2,24 En Stock#076-6426-2,Liquidation◊Mieux notés,50.33,"9,93","19,99"
106,"Sussex, NB","Vélo de montagne semi-rigide Raleigh Rogue, pneus surdimensionnés, roue de 26 po, rouge","Vélo de montagne semi-rigide Raleigh Rogue, pneus surdimensionnés, roue de 26 po, rouge",399.93,"399,93 $",849.99,"Était±  849,99 $prix était 849,99 $",399.93,"399,93 $",399.93,"399,93 $",true,https://www.canadiantire.ca/fr/pdp/velo-de-montagne-semi-rigide-raleigh-rogue-pneus-surdimensionnes-roue-de-26-po-rouge-0711974p.html,https://www.canadiantire.ca/fr/pdp/velo-de-montagne-semi-rigide-raleigh-rogue-pneus-surdimensionnes-roue-de-26-po-rouge-0711974p.html,https://media-www.canadiantire.ca/product/playing/cycling/bicycles/0711974/raleigh-rogue-4-0-fat-tire-hardtail-mountain-bike-26-in-9d6902e1-33ed-4939-aa46-03c0ee34c9bd-jpgrendition.jpg?im=whresize&wid=200&hei=200,https://media-www.canadiantire.ca/product/playing/cycling/bicycles/0711974/raleigh-rogue-4-0-fat-tire-hardtail-mountain-bike-26-in-9d6902e1-33ed-4939-aa46-03c0ee34c9bd-jpgrendition.jpg?im=whresize&wid=200&hei=200,,0711974,071-1974-6,Il n’en reste que 1 #071-1974-6,Liquidation◊Exclusivité,52.95,"399,93","849,99"
106,"Sussex, NB","Bureau d'écriture à 2 tiroirs avec pattes en bois CANVAS Copenhagen, blanc","Bureau d'écriture à 2 tiroirs avec pattes en bois CANVAS Copenhagen, blanc",124.93,"124,93 $",249.99,"Était±  249,99 $prix était 249,99 $",124.93,"124,93 $",124.93,"124,93 $",true,https://www.canadiantire.ca/fr/pdp/bureau-d-ecriture-a-2-tiroirs-avec-pattes-en-bois-canvas-copenhagen-blanc-1680001p.html,https://www.canadiantire.ca/fr/pdp/bureau-d-ecriture-a-2-tiroirs-avec-pattes-en-bois-canvas-copenhagen-blanc-1680001p.html,https://media-www.canadiantire.ca/product/living/home-decor/furniture/1680001/canvas-copenhagen-desk-white-65504d37-b163-413f-8c21-d7b38602a9a3-jpgrendition.jpg?im=whresize&wid=200&hei=200,https://media-www.canadiantire.ca/product/living/home-decor/furniture/1680001/canvas-copenhagen-desk-white-65504d37-b163-413f-8c21-d7b38602a9a3-jpgrendition.jpg?im=whresize&wid=200&hei=200,,1680001,168-0001-0,Il n’en reste que 2 #168-0001-0,Liquidation◊Exclusivité,50.03,"124,93","249,99"
106,"Sussex, NB","For Living - Auvent de rechange octogonal pour gazebo, beige, 153 x 124 x 35 po","For Living - Auvent de rechange octogonal pour gazebo, beige, 153 x 124 x 35 po",94.93,"94,93 $",199.99,"Était±  199,99 $prix était 199,99 $",94.93,"94,93 $",94.93,"94,93 $",true,https://www.canadiantire.ca/fr/pdp/for-living-auvent-de-rechange-octogonal-pour-gazebo-beige-153-x-124-x-35-po-0881635p.html,https://www.canadiantire.ca/fr/pdp/for-living-auvent-de-rechange-octogonal-pour-gazebo-beige-153-x-124-x-35-po-0881635p.html,https://media-www.canadiantire.ca/product/seasonal-gardening/backyard-living/outdoor-furniture/0881635/for-living-canopy-for-octagon-179677f6-f9ea-4c8f-82df-4cf8841a4342-jpgrendition.jpg?im=whresize&wid=200&hei=200,https://media-www.canadiantire.ca/product/seasonal-gardening/backyard-living/outdoor-furniture/0881635/for-living-canopy-for-octagon-179677f6-f9ea-4c8f-82df-4cf8841a4342-jpgrendition.jpg?im=whresize&wid=200&hei=200,,0881635,088-1635-6,Il n’en reste que 1 #088-1635-6,Liquidation◊Exclusivité,52.53,"94,93","199,99"
106,"Sussex, NB","Miroir pour mise en forme ProForm Vue avec écran tactile capacitif, technologie iFit","Miroir pour mise en forme ProForm Vue avec écran tactile capacitif, technologie iFit",299.93,"299,93 $",1999.99,"Était±  1 999,99 $prix était 1 999,99 $",299.93,"299,93 $",299.93,"299,93 $",true,https://www.canadiantire.ca/fr/pdp/miroir-pour-mise-en-forme-proform-vue-avec-ecran-tactile-capacitif-technologie-ifit-1840978p.html,https://www.canadiantire.ca/fr/pdp/miroir-pour-mise-en-forme-proform-vue-avec-ecran-tactile-capacitif-technologie-ifit-1840978p.html,https://media-www.canadiantire.ca/product/playing/exercise/exercise-equipment/1840978/proform-vue-fitness-mirror-a393fb91-aa15-4e8e-a746-5003f9e3798b-jpgrendition.jpg?im=whresize&wid=200&hei=200,https://media-www.canadiantire.ca/product/playing/exercise/exercise-equipment/1840978/proform-vue-fitness-mirror-a393fb91-aa15-4e8e-a746-5003f9e3798b-jpgrendition.jpg?im=whresize&wid=200&hei=200,,1840978,184-0978-6,Il n’en reste que 1 #184-0978-6,Liquidation◊,85,"299,93","1999,99"
106,"Sussex, NB",Mini absorbeur d'humidité portatif For Living,Mini absorbeur d'humidité portatif For Living,29.99,"29,99 $",59.99,"Était±  59,99 $prix était 59,99 $",29.99,"29,99 $",29.99,"29,99 $",true,https://www.canadiantire.ca/fr/pdp/mini-absorbeur-d-humidite-portatif-for-living-0438853p.html,https://www.canadiantire.ca/fr/pdp/mini-absorbeur-d-humidite-portatif-for-living-0438853p.html,https://media-www.canadiantire.ca/product/living/home-environment/home-air-quality-appliances/0438853/for-living-mini-portable-desiccant-moisture-absorber-329e6a37-4478-4918-bac5-4def76ff5e3a-jpgrendition.jpg?im=whresize&wid=200&hei=200,https://media-www.canadiantire.ca/product/living/home-environment/home-air-quality-appliances/0438853/for-living-mini-portable-desiccant-moisture-absorber-329e6a37-4478-4918-bac5-4def76ff5e3a-jpgrendition.jpg?im=whresize&wid=200&hei=200,,0438853,043-8853-0,9 En Stock#043-8853-0,Liquidation◊Exclusivité,50.01,"29,99","59,99"
106,"Sussex, NB",Cuillère à crème glacée en silicone KitchenAid,Cuillère à crème glacée en silicone KitchenAid,9.93,"9,93 $",20.99,"Était±  20,99 $prix était 20,99 $",9.93,"9,93 $",9.93,"9,93 $",true,https://www.canadiantire.ca/fr/pdp/cuillere-a-creme-glacee-en-silicone-kitchenaid-2420823p.html,https://www.canadiantire.ca/fr/pdp/cuillere-a-creme-glacee-en-silicone-kitchenaid-2420823p.html,https://media-www.canadiantire.ca/product/living/kitchen/kitchen-tools-thermometers/2420823/kitchenaid-silicone-ice-cream-scoop-pistachio-586c6243-f30b-4028-ac44-3c823e9a17d9-jpgrendition.jpg?im=whresize&wid=200&hei=200,https://media-www.canadiantire.ca/product/living/kitchen/kitchen-tools-thermometers/2420823/kitchenaid-silicone-ice-cream-scoop-pistachio-586c6243-f30b-4028-ac44-3c823e9a17d9-jpgrendition.jpg?im=whresize&wid=200&hei=200,,2420823,242-0823-6,Il n’en reste que 3 #242-0823-6,Liquidation◊Mieux notés,52.69,"9,93","20,99"
106,"Sussex, NB",Spin Spinner Race - Cardiovélo d'intérieur,Spin Spinner Race - Cardiovélo d'intérieur,399.93,"399,93 $",899.99,"Était±  899,99 $prix était 899,99 $",399.93,"399,93 $",399.93,"399,93 $",true,https://www.canadiantire.ca/fr/pdp/spin-spinner-race-cardiovelo-d-interieur-1840997p.html,https://www.canadiantire.ca/fr/pdp/spin-spinner-race-cardiovelo-d-interieur-1840997p.html,https://media-www.canadiantire.ca/product/playing/exercise/exercise-equipment/1840997/spin-pace-bike-1dd3f228-ee4c-4fad-a84c-23009ec8a6a5-jpgrendition.jpg?im=whresize&wid=200&hei=200,https://media-www.canadiantire.ca/product/playing/exercise/exercise-equipment/1840997/spin-pace-bike-1dd3f228-ee4c-4fad-a84c-23009ec8a6a5-jpgrendition.jpg?im=whresize&wid=200&hei=200,,1840997,184-0997-0,Il n’en reste que 1 #184-0997-0,Liquidation◊Exclusivité,55.56,"399,93","899,99"
106,"Sussex, NB","CANVAS Breton  - Table à manger de jardin en osier à plateau en verre, toutes les conditions, brun","CANVAS Breton  - Table à manger de jardin en osier à plateau en verre, toutes les conditions, brun",149.93,"149,93 $",299.99,"Était±  299,99 $prix était 299,99 $",149.93,"149,93 $",149.93,"149,93 $",true,https://www.canadiantire.ca/fr/pdp/canvas-breton-table-a-manger-de-jardin-en-osier-a-plateau-en-verre-toutes-les-conditions-brun-0880604p.html,https://www.canadiantire.ca/fr/pdp/canvas-breton-table-a-manger-de-jardin-en-osier-a-plateau-en-verre-toutes-les-conditions-brun-0880604p.html,https://media-www.canadiantire.ca/product/seasonal-gardening/backyard-living/outdoor-furniture/0880604/canvas-breton-dining-table-2c6b5a42-9cec-417a-9036-8886619a74d6-jpgrendition.jpg?im=whresize&wid=200&hei=200,https://media-www.canadiantire.ca/product/seasonal-gardening/backyard-living/outdoor-furniture/0880604/canvas-breton-dining-table-2c6b5a42-9cec-417a-9036-8886619a74d6-jpgrendition.jpg?im=whresize&wid=200&hei=200,,0880604,088-0604-6,Il n’en reste que 1 #088-0604-6,Liquidation◊Exclusivité,50.02,"149,93","299,99"
106,"Sussex, NB",Coupe-pizza Vida par PADERNO,Coupe-pizza Vida par PADERNO,6.93,"6,93 $",14.99,"14,99 $Était   et+ prix était à partir de 14,99 $",6.93,"6,93 $",6.93,"6,93 $",true,https://www.canadiantire.ca/fr/pdp/coupe-pizza-vida-par-paderno-2420387p.html,https://www.canadiantire.ca/fr/pdp/coupe-pizza-vida-par-paderno-2420387p.html,https://media-www.canadiantire.ca/product/living/kitchen/kitchen-tools-thermometers/2420388/vida-pizza-cutter-matcha-32f086ad-28db-4d7b-8251-2bc5d78f7462-jpgrendition.jpg?im=whresize&wid=200&hei=200,https://media-www.canadiantire.ca/product/living/kitchen/kitchen-tools-thermometers/2420388/vida-pizza-cutter-matcha-32f086ad-28db-4d7b-8251-2bc5d78f7462-jpgrendition.jpg?im=whresize&wid=200&hei=200,,2420387,242-0387,Vérifiez la disponibilité#242-0387X,Liquidation◊Mieux notés,53.77,"6,93","14,99"
106,"Sussex, NB","Coussin de siège profond hydrofuge et résistant aux taches CANVAS, gris","Coussin de siège profond hydrofuge et résistant aux taches CANVAS, gris",69.93,"69,93 $",139.99,"Était±  139,99 $prix était 139,99 $",69.93,"69,93 $",69.93,"69,93 $",true,https://www.canadiantire.ca/fr/pdp/coussin-de-siege-profond-hydrofuge-et-resistant-aux-taches-canvas-gris-0882161p.html,https://www.canadiantire.ca/fr/pdp/coussin-de-siege-profond-hydrofuge-et-resistant-aux-taches-canvas-gris-0882161p.html,https://media-www.canadiantire.ca/product/seasonal-gardening/backyard-living/outdoor-living-accessories/0882161/canvas-deep-seat-cushion-grey-fa2d2095-2c71-43a3-a80c-9881f7935b2a-jpgrendition.jpg?im=whresize&wid=200&hei=200,https://media-www.canadiantire.ca/product/seasonal-gardening/backyard-living/outdoor-living-accessories/0882161/canvas-deep-seat-cushion-grey-fa2d2095-2c71-43a3-a80c-9881f7935b2a-jpgrendition.jpg?im=whresize&wid=200&hei=200,,0882161,088-2161-6,Il n’en reste que 2 #088-2161-6,Liquidation◊Exclusivité,50.05,"69,93","139,99"
106,"Sussex, NB","Coussin de siège profond hydrofuge résistant aux taches CANVAS, rouge","Coussin de siège profond hydrofuge résistant aux taches CANVAS, rouge",69.93,"69,93 $",139.99,"Était±  139,99 $prix était 139,99 $",69.93,"69,93 $",69.93,"69,93 $",true,https://www.canadiantire.ca/fr/pdp/coussin-de-siege-profond-hydrofuge-resistant-aux-taches-canvas-rouge-0882124p.html,https://www.canadiantire.ca/fr/pdp/coussin-de-siege-profond-hydrofuge-resistant-aux-taches-canvas-rouge-0882124p.html,https://media-www.canadiantire.ca/product/seasonal-gardening/backyard-living/outdoor-living-accessories/0882124/canvas-deep-seat-chair-cushion-red-70a5e419-f063-4d33-87d9-34a3290bd702-jpgrendition.jpg?im=whresize&wid=200&hei=200,https://media-www.canadiantire.ca/product/seasonal-gardening/backyard-living/outdoor-living-accessories/0882124/canvas-deep-seat-chair-cushion-red-70a5e419-f063-4d33-87d9-34a3290bd702-jpgrendition.jpg?im=whresize&wid=200&hei=200,,0882124,088-2124-6,Il n’en reste que 1 #088-2124-6,Liquidation◊Exclusivité,50.05,"69,93","139,99"
106,"Sussex, NB","Gant de baseball Matrix, noir/chameau, 11 po, main gauche","Gant de baseball Matrix, noir/chameau, 11 po, main gauche",19.93,"19,93 $",39.99,"Était±  39,99 $prix était 39,99 $",19.93,"19,93 $",19.93,"19,93 $",true,https://www.canadiantire.ca/fr/pdp/gant-de-baseball-matrix-noir-chameau-11-po-main-gauche-0803077p.html,https://www.canadiantire.ca/fr/pdp/gant-de-baseball-matrix-noir-chameau-11-po-main-gauche-0803077p.html,https://media-www.canadiantire.ca/product/playing/team-sports-and-golf/field-sports/0803077/matrix-fielding-glove-black-camel-11-left-hand-catch-cb3cde19-2b3f-446a-842b-fab92a47b56e-jpgrendition.jpg?im=whresize&wid=200&hei=200,https://media-www.canadiantire.ca/product/playing/team-sports-and-golf/field-sports/0803077/matrix-fielding-glove-black-camel-11-left-hand-catch-cb3cde19-2b3f-446a-842b-fab92a47b56e-jpgrendition.jpg?im=whresize&wid=200&hei=200,,0803077,080-3077-8,Il n’en reste que 1 #080-3077-8,Liquidation◊Mieux notés,50.16,"19,93","39,99"
106,"Sussex, NB","Range-tout profond The Home Edit par iDesign, grand","Range-tout profond The Home Edit par iDesign, grand",9.93,"9,93 $",19.99,"Était±  19,99 $prix était 19,99 $",9.93,"9,93 $",9.93,"9,93 $",true,https://www.canadiantire.ca/fr/pdp/range-tout-profond-the-home-edit-par-idesign-grand-0636317p.html,https://www.canadiantire.ca/fr/pdp/range-tout-profond-the-home-edit-par-idesign-grand-0636317p.html,https://media-www.canadiantire.ca/product/living/home-decor/bed-bath-decor/0636334/the-home-edit-tall-bin-divider-3aa2b3a8-6073-4152-829e-b0ed3b456fee-jpgrendition.jpg?im=whresize&wid=200&hei=200,https://media-www.canadiantire.ca/product/living/home-decor/bed-bath-decor/0636334/the-home-edit-tall-bin-divider-3aa2b3a8-6073-4152-829e-b0ed3b456fee-jpgrendition.jpg?im=whresize&wid=200&hei=200,,0636317,063-6317-2,Il n’en reste que 2 #063-6317-2,Liquidation◊Articles à succès,50.33,"9,93","19,99"
106,"Sussex, NB","Bac à litière fermé à entrée par le haut So Phresh avec couvercle, havane","Bac à litière fermé à entrée par le haut So Phresh avec couvercle, havane",24.93,"24,93 $",54.99,"Était±  54,99 $prix était 54,99 $",24.93,"24,93 $",24.93,"24,93 $",true,https://www.canadiantire.ca/fr/pdp/bac-a-litiere-ferme-a-entree-par-le-haut-so-phresh-avec-couvercle-havane-2425660p.html,https://www.canadiantire.ca/fr/pdp/bac-a-litiere-ferme-a-entree-par-le-haut-so-phresh-avec-couvercle-havane-2425660p.html,https://media-www.canadiantire.ca/product/living/pet-care/pet-accessories/2425660/sophresh-23-x15-top-entry-enclosed-litter-box-633e81d0-2ff6-4f89-91d5-2053c2a95574-jpgrendition.jpg?im=whresize&wid=200&hei=200,https://media-www.canadiantire.ca/product/living/pet-care/pet-accessories/2425660/sophresh-23-x15-top-entry-enclosed-litter-box-633e81d0-2ff6-4f89-91d5-2053c2a95574-jpgrendition.jpg?im=whresize&wid=200&hei=200,,2425660,242-5660-2,Il n’en reste que 1 #242-5660-2,Liquidation◊Mieux notés,54.66,"24,93","54,99"
106,"Sussex, NB",Parasol de plage réglable Slumbertrek Pack Umbrella avec vis de sable et sac de transport,Parasol de plage réglable Slumbertrek Pack Umbrella avec vis de sable et sac de transport,14.93,"14,93 $",32.99,"Était±  32,99 $prix était 32,99 $",14.93,"14,93 $",14.93,"14,93 $",true,https://www.canadiantire.ca/fr/pdp/parasol-de-plage-reglable-slumbertrek-pack-umbrella-avec-vis-de-sable-et-sac-de-transport-0765950p.html,https://www.canadiantire.ca/fr/pdp/parasol-de-plage-reglable-slumbertrek-pack-umbrella-avec-vis-de-sable-et-sac-de-transport-0765950p.html,https://media-www.canadiantire.ca/product/playing/camping/tents-shelters/0765950/slumbertrek-pack-umbrella-e8ec8d94-c365-4e47-afeb-47db658e5896-jpgrendition.jpg?im=whresize&wid=200&hei=200,https://media-www.canadiantire.ca/product/playing/camping/tents-shelters/0765950/slumbertrek-pack-umbrella-e8ec8d94-c365-4e47-afeb-47db658e5896-jpgrendition.jpg?im=whresize&wid=200&hei=200,,0765950,076-5950-8,Il n’en reste que 4 #076-5950-8,Liquidation◊Exclusivité,54.74,"14,93","32,99"
106,"Sussex, NB","Chaises de salle à manger bois massif et garniture en similicuir CANVAS Evanʼs Creek, paq. 2, brun","Chaises de salle à manger bois massif et garniture en similicuir CANVAS Evanʼs Creek, paq. 2, brun",119.93,"119,93 $",299.99,"Était±  299,99 $prix était 299,99 $",119.93,"119,93 $",119.93,"119,93 $",true,https://www.canadiantire.ca/fr/pdp/chaises-de-salle-a-manger-bois-massif-et-garniture-en-similicuir-canvas-evan-s-creek-paq-2-brun-0689597p.html,https://www.canadiantire.ca/fr/pdp/chaises-de-salle-a-manger-bois-massif-et-garniture-en-similicuir-canvas-evan-s-creek-paq-2-brun-0689597p.html,https://media-www.canadiantire.ca/product/living/home-decor/furniture/0689597/canvas-evan-s-creek-dining-chair-2-pack-287d3dbe-9c5e-41ca-9ef5-b1b9bb38cc44-jpgrendition.jpg?im=whresize&wid=200&hei=200,https://media-www.canadiantire.ca/product/living/home-decor/furniture/0689597/canvas-evan-s-creek-dining-chair-2-pack-287d3dbe-9c5e-41ca-9ef5-b1b9bb38cc44-jpgrendition.jpg?im=whresize&wid=200&hei=200,,0689597,068-9597-6,Il n’en reste que 2 #068-9597-6,Liquidation◊Mieux notés,60.02,"119,93","299,99"
106,"Sussex, NB","Recharge de mousse non toxique Fom Mania Fomanche, transparent, 12 oz, 5 ans et plus, pour activités estivales/d'extérieur","Recharge de mousse non toxique Fom Mania Fomanche, transparent, 12 oz, 5 ans et plus, pour activités estivales/d'extérieur",2.93,"2,93 $",8.49,"Était±  8,49 $prix était 8,49 $",2.93,"2,93 $",2.93,"2,93 $",true,https://www.canadiantire.ca/fr/pdp/recharge-de-mousse-non-toxique-fom-mania-fomanche-transparent-12-oz-5-ans-et-plus-pour-activites-estivales-d-exterieur-0508702p.html,https://www.canadiantire.ca/fr/pdp/recharge-de-mousse-non-toxique-fom-mania-fomanche-transparent-12-oz-5-ans-et-plus-pour-activites-estivales-d-exterieur-0508702p.html,https://media-www.canadiantire.ca/product/seasonal-gardening/toys/seasonal-toys/0508702/fomalanche-refills-70cfff0f-25c8-4b83-aae3-39a23b5cd154-jpgrendition.jpg?im=whresize&wid=200&hei=200,https://media-www.canadiantire.ca/product/seasonal-gardening/toys/seasonal-toys/0508702/fomalanche-refills-70cfff0f-25c8-4b83-aae3-39a23b5cd154-jpgrendition.jpg?im=whresize&wid=200&hei=200,,0508702,050-8702-2,20 En Stock#050-8702-2,Liquidation◊,65.49,"2,93","8,49"
106,"Sussex, NB","Woods™ - Accessoire de rangement pour lits de camping, bleu","Woods™ - Accessoire de rangement pour lits de camping, bleu",9.93,"9,93 $",19.99,"Était±  19,99 $prix était 19,99 $",9.93,"9,93 $",9.93,"9,93 $",true,https://www.canadiantire.ca/fr/pdp/woodstm-accessoire-de-rangement-pour-lits-de-camping-bleu-0763721p.html,https://www.canadiantire.ca/fr/pdp/woodstm-accessoire-de-rangement-pour-lits-de-camping-bleu-0763721p.html,https://media-www.canadiantire.ca/product/playing/camping/camping-furniture/0763721/woods-cot-organizer-accessory-aa13e71e-f352-4d02-8f8b-609701ff1e54-jpgrendition.jpg?im=whresize&wid=200&hei=200,https://media-www.canadiantire.ca/product/playing/camping/camping-furniture/0763721/woods-cot-organizer-accessory-aa13e71e-f352-4d02-8f8b-609701ff1e54-jpgrendition.jpg?im=whresize&wid=200&hei=200,,0763721,076-3721-6,Il n’en reste que 2 #076-3721-6,Liquidation◊Exclusivité,50.33,"9,93","19,99"
106,"Sussex, NB","Tapis de bain recyclé, blanc, 20 x 34 po","Tapis de bain recyclé, blanc, 20 x 34 po",14.93,"14,93 $",29.99,"Était±  29,99 $prix était 29,99 $",14.93,"14,93 $",14.93,"14,93 $",true,https://www.canadiantire.ca/fr/pdp/tapis-de-bain-recycle-blanc-20-x-34-po-0632703p.html,https://www.canadiantire.ca/fr/pdp/tapis-de-bain-recycle-blanc-20-x-34-po-0632703p.html,https://media-www.canadiantire.ca/product/living/home-decor/bed-bath-decor/0632703/white-recycled-bath-mat-20x34-086456bb-6362-4be8-ae79-a96bab9fffd6-jpgrendition.jpg?im=whresize&wid=200&hei=200,https://media-www.canadiantire.ca/product/living/home-decor/bed-bath-decor/0632703/white-recycled-bath-mat-20x34-086456bb-6362-4be8-ae79-a96bab9fffd6-jpgrendition.jpg?im=whresize&wid=200&hei=200,,0632703,063-2703-6,Il n’en reste que 4 #063-2703-6,Liquidation◊Mieux notés,50.22,"14,93","29,99"
106,"Sussex, NB","Contenants alimentaires rectangulaires Clearlock avec base TritanMC, emboîtable, 4 pièces","Contenants alimentaires rectangulaires Clearlock avec base TritanMC, emboîtable, 4 pièces",8.93,"8,93 $",18.99,"Était±  18,99 $prix était 18,99 $",8.93,"8,93 $",8.93,"8,93 $",true,https://www.canadiantire.ca/fr/pdp/contenants-alimentaires-rectangulaires-clearlock-avec-base-tritan-sup-mc-sup-emboitable-4-pieces-2421068p.html,https://www.canadiantire.ca/fr/pdp/contenants-alimentaires-rectangulaires-clearlock-avec-base-tritan-sup-mc-sup-emboitable-4-pieces-2421068p.html,https://media-www.canadiantire.ca/product/living/kitchen/food-storage/2421068/clearlock-4-pc-set-rectangle-91219bfb-09b2-42eb-9ef8-8d3db1209131-jpgrendition.jpg?im=whresize&wid=200&hei=200,https://media-www.canadiantire.ca/product/living/kitchen/food-storage/2421068/clearlock-4-pc-set-rectangle-91219bfb-09b2-42eb-9ef8-8d3db1209131-jpgrendition.jpg?im=whresize&wid=200&hei=200,,2421068,242-1068-8,Il n’en reste que 3 #242-1068-8,Liquidation◊Mieux notés,52.98,"8,93","18,99"
106,"Sussex, NB","Ampoules à DEL à intensité variable globe à culot E26 NOMA G25, 350 lumens, blanc chaud, 40 W, paq. 2","Ampoules à DEL à intensité variable globe à culot E26 NOMA G25, 350 lumens, blanc chaud, 40 W, paq. 2",4.93,"4,93 $",19.59,"Était±  19,59 $prix était 19,59 $",4.93,"4,93 $",4.93,"4,93 $",true,https://www.canadiantire.ca/fr/pdp/ampoules-a-del-a-intensite-variable-globe-a-culot-e26-noma-g25-350-lumens-blanc-chaud-40-w-paq-2-0529899p.html,https://www.canadiantire.ca/fr/pdp/ampoules-a-del-a-intensite-variable-globe-a-culot-e26-noma-g25-350-lumens-blanc-chaud-40-w-paq-2-0529899p.html,https://media-www.canadiantire.ca/product/fixing/electrical/light-bulbs/0529899/noma-40w-g25-clear-warm-white-2-pack-led-bulbs-db97b8fa-1061-4bd6-a9b4-72d1a5c1b328-jpgrendition.jpg?im=whresize&wid=200&hei=200,https://media-www.canadiantire.ca/product/fixing/electrical/light-bulbs/0529899/noma-40w-g25-clear-warm-white-2-pack-led-bulbs-db97b8fa-1061-4bd6-a9b4-72d1a5c1b328-jpgrendition.jpg?im=whresize&wid=200&hei=200,,0529899,052-9899-4,Il n’en reste que 6 #052-9899-4,Liquidation◊Exclusivité,74.83,"4,93","19,59"
106,"Sussex, NB","Sac fourre-tout de camping Woods Haul 45, 45 L, anthracite","Sac fourre-tout de camping Woods Haul 45, 45 L, anthracite",49.93,"49,93 $",99.99,"Était±  99,99 $prix était 99,99 $",49.93,"49,93 $",49.93,"49,93 $",true,https://www.canadiantire.ca/fr/pdp/sac-fourre-tout-de-camping-woods-haul-45-45-l-anthracite-0766610p.html,https://www.canadiantire.ca/fr/pdp/sac-fourre-tout-de-camping-woods-haul-45-45-l-anthracite-0766610p.html,https://media-www.canadiantire.ca/product/playing/camping/backpacks-luggage-accessories/0766610/woods-campfire-tote-a68e35d0-677b-486b-ad97-24a2ad763e01-jpgrendition.jpg?im=whresize&wid=200&hei=200,https://media-www.canadiantire.ca/product/playing/camping/backpacks-luggage-accessories/0766610/woods-campfire-tote-a68e35d0-677b-486b-ad97-24a2ad763e01-jpgrendition.jpg?im=whresize&wid=200&hei=200,,0766610,076-6610-2,Il n’en reste que 1 #076-6610-2,Liquidation◊Exclusivité,50.07,"49,93","99,99"
106,"Sussex, NB","Machine à café et à espresso mince Nespresso Vertuo Next par DeLonghi, gris","Machine à café et à espresso mince Nespresso Vertuo Next par DeLonghi, gris",114.93,"114,93 $",229.99,"Était±  229,99 $prix était 229,99 $",114.93,"114,93 $",114.93,"114,93 $",true,https://www.canadiantire.ca/fr/pdp/machine-a-cafe-et-a-espresso-mince-nespresso-vertuo-next-par-delonghi-gris-0430395p.html,https://www.canadiantire.ca/fr/pdp/machine-a-cafe-et-a-espresso-mince-nespresso-vertuo-next-par-delonghi-gris-0430395p.html,https://media-www.canadiantire.ca/product/living/kitchen/kitchen-appliances/0430395/nespresso-vertuo-next-espresso-machine-by-delonghi-grey-fac2366d-dee6-4db4-8252-8086cb68fbba-jpgrendition.jpg?im=whresize&wid=200&hei=200,https://media-www.canadiantire.ca/product/living/kitchen/kitchen-appliances/0430395/nespresso-vertuo-next-espresso-machine-by-delonghi-grey-fac2366d-dee6-4db4-8252-8086cb68fbba-jpgrendition.jpg?im=whresize&wid=200&hei=200,,0430395,043-0395-8,Il n’en reste que 1 #043-0395-8,Liquidation◊,50.03,"114,93","229,99"
106,"Sussex, NB","Table de soccer de table Ambassador, fini bois, 48 po","Table de soccer de table Ambassador, fini bois, 48 po",69.93,"69,93 $",169.99,"Était±  169,99 $prix était 169,99 $",69.93,"69,93 $",69.93,"69,93 $",true,https://www.canadiantire.ca/fr/pdp/table-de-soccer-de-table-ambassador-fini-bois-48-po-1840106p.html,https://www.canadiantire.ca/fr/pdp/table-de-soccer-de-table-ambassador-fini-bois-48-po-1840106p.html,https://media-www.canadiantire.ca/product/playing/team-sports-and-golf/sports-equipment-accessories/1840106/-48-foosball--7b2776e4-d562-4d02-bb52-ff449d124dde-jpgrendition.jpg?im=whresize&wid=200&hei=200,https://media-www.canadiantire.ca/product/playing/team-sports-and-golf/sports-equipment-accessories/1840106/-48-foosball--7b2776e4-d562-4d02-bb52-ff449d124dde-jpgrendition.jpg?im=whresize&wid=200&hei=200,,1840106,184-0106-2,Il n’en reste que 3 #184-0106-2,Liquidation◊,58.86,"69,93","169,99"
106,"Sussex, NB",Sonnette avec fausse caméra sans fil à piles avec montage en surface Globe,Sonnette avec fausse caméra sans fil à piles avec montage en surface Globe,14.93,"14,93 $",29.99,"Était±  29,99 $prix était 29,99 $",14.93,"14,93 $",14.93,"14,93 $",true,https://www.canadiantire.ca/fr/pdp/sonnette-avec-fausse-camera-sans-fil-a-piles-avec-montage-en-surface-globe-0521746p.html,https://www.canadiantire.ca/fr/pdp/sonnette-avec-fausse-camera-sans-fil-a-piles-avec-montage-en-surface-globe-0521746p.html,https://media-www.canadiantire.ca/product/fixing/hardware/curb-appeal/0521746/camera-doorbell-wireless-c2cf4e47-a4d6-4345-8398-0124dfc073ba-jpgrendition.jpg?im=whresize&wid=200&hei=200,https://media-www.canadiantire.ca/product/fixing/hardware/curb-appeal/0521746/camera-doorbell-wireless-c2cf4e47-a4d6-4345-8398-0124dfc073ba-jpgrendition.jpg?im=whresize&wid=200&hei=200,,0521746,052-1746-6,Il n’en reste que 2 #052-1746-6,Liquidation◊,50.22,"14,93","29,99"
106,"Sussex, NB","Gabby et la maison magique : Le film, coffret aquarium coloré de Marine avec figurines et accessoires de maison de poupées, 3 ans et plus","Gabby et la maison magique : Le film, coffret aquarium coloré de Marine avec figurines et accessoires de maison de poupées, 3 ans et plus",19.93,"19,93 $",39.99,"Était±  39,99 $prix était 39,99 $",19.93,"19,93 $",19.93,"19,93 $",true,https://www.canadiantire.ca/fr/pdp/gabby-et-la-maison-magique-le-film-coffret-aquarium-colore-de-marine-avec-figurines-et-accessoires-de-maison-de-poupees-3-ans-et-plus-1502014p.html,https://www.canadiantire.ca/fr/pdp/gabby-et-la-maison-magique-le-film-coffret-aquarium-colore-de-marine-avec-figurines-et-accessoires-de-maison-de-poupees-3-ans-et-plus-1502014p.html,https://media-www.canadiantire.ca/product/seasonal-gardening/toys/preschool-toys-activities/1502014/gabby-s-dollhouse-aquarium-3d57f84d-a656-47ee-851b-b21a8db54926-jpgrendition.jpg?im=whresize&wid=200&hei=200,https://media-www.canadiantire.ca/product/seasonal-gardening/toys/preschool-toys-activities/1502014/gabby-s-dollhouse-aquarium-3d57f84d-a656-47ee-851b-b21a8db54926-jpgrendition.jpg?im=whresize&wid=200&hei=200,,1502014,150-2014-8,9 En Stock#150-2014-8,Liquidation◊,50.16,"19,93","39,99"
106,"Sussex, NB","Lampe de travail et haut-parleur 4-en-1 MotoMaster, 1000 lumens","Lampe de travail et haut-parleur 4-en-1 MotoMaster, 1000 lumens",41.93,"41,93 $",99.99,"Était±  99,99 $prix était 99,99 $",41.93,"41,93 $",41.93,"41,93 $",true,https://www.canadiantire.ca/fr/pdp/lampe-de-travail-et-haut-parleur-4-en-1-motomaster-1000-lumens-0379893p.html,https://www.canadiantire.ca/fr/pdp/lampe-de-travail-et-haut-parleur-4-en-1-motomaster-1000-lumens-0379893p.html,https://media-www.canadiantire.ca/product/automotive/car-care-accessories/auto-accessories/0379893/4-in-1-worklight-and-speaker-3befce74-4dcc-4ce2-b1f7-96297e54aa10-jpgrendition.jpg?im=whresize&wid=200&hei=200,https://media-www.canadiantire.ca/product/automotive/car-care-accessories/auto-accessories/0379893/4-in-1-worklight-and-speaker-3befce74-4dcc-4ce2-b1f7-96297e54aa10-jpgrendition.jpg?im=whresize&wid=200&hei=200,,0379893,037-9893-4,Il n’en reste que 3 #037-9893-4,Liquidation◊Mieux notés,58.07,"41,93","99,99"
106,"Sussex, NB","Additif pour haleine fraîche Well & Good pour chiens, 473 mL","Additif pour haleine fraîche Well & Good pour chiens, 473 mL",4.92,"4,92 $",9.99,"Était±  9,99 $prix était 9,99 $",4.92,"4,92 $",4.92,"4,92 $",true,https://www.canadiantire.ca/fr/pdp/additif-pour-haleine-fraiche-well-good-pour-chiens-473-ml-1424483p.html,https://www.canadiantire.ca/fr/pdp/additif-pour-haleine-fraiche-well-good-pour-chiens-473-ml-1424483p.html,https://media-www.canadiantire.ca/product/living/pet-care/pet-accessories/1424483/petco-fresh-breath-water-additive-for-dogs-db944d4e-ef95-46e1-b205-bfd1e9385954-jpgrendition.jpg?im=whresize&wid=200&hei=200,https://media-www.canadiantire.ca/product/living/pet-care/pet-accessories/1424483/petco-fresh-breath-water-additive-for-dogs-db944d4e-ef95-46e1-b205-bfd1e9385954-jpgrendition.jpg?im=whresize&wid=200&hei=200,,1424483,142-4483-8,Il n’en reste que 4 #142-4483-8,Liquidation◊Mieux notés,50.75,"4,92","9,99"
106,"Sussex, NB","Crochet en J pour rangement de garage NOMA, 3,5 po, paq. 4","Crochet en J pour rangement de garage NOMA, 3,5 po, paq. 4",2.93,"2,93 $",7.49,"Était±  7,49 $prix était 7,49 $",2.93,"2,93 $",2.93,"2,93 $",true,https://www.canadiantire.ca/fr/pdp/crochet-en-j-pour-rangement-de-garage-noma-3-5-po-paq-4-0521437p.html,https://www.canadiantire.ca/fr/pdp/crochet-en-j-pour-rangement-de-garage-noma-3-5-po-paq-4-0521437p.html,https://media-www.canadiantire.ca/product/fixing/electrical/power-bars-extension-cords-timers/0521437/noma-j-hook-extension-cord-holder-88mm-6c5d8d89-21df-40de-82c7-c7d29b631092-jpgrendition.jpg?im=whresize&wid=200&hei=200,https://media-www.canadiantire.ca/product/fixing/electrical/power-bars-extension-cords-timers/0521437/noma-j-hook-extension-cord-holder-88mm-6c5d8d89-21df-40de-82c7-c7d29b631092-jpgrendition.jpg?im=whresize&wid=200&hei=200,,0521437,052-1437-2,Il n’en reste que 1 #052-1437-2,Liquidation◊Mieux notés,60.88,"2,93","7,49"
106,"Sussex, NB","Stylos à pointe en feutre Papermate Flair Bold, couleurs variées, paq. 6","Stylos à pointe en feutre Papermate Flair Bold, couleurs variées, paq. 6",4.93,"4,93 $",10.99,"Était±  10,99 $prix était 10,99 $",4.93,"4,93 $",4.93,"4,93 $",true,https://www.canadiantire.ca/fr/pdp/stylos-a-pointe-en-feutre-papermate-flair-bold-couleurs-variees-paq-6-2420369p.html,https://www.canadiantire.ca/fr/pdp/stylos-a-pointe-en-feutre-papermate-flair-bold-couleurs-variees-paq-6-2420369p.html,https://media-www.canadiantire.ca/product/seasonal-gardening/toys/home-office-supplies/2420369/papermate-flair-bold-6ct-asst-41d68083-58ba-4f3b-a8cd-a52d05284c54-jpgrendition.jpg?im=whresize&wid=200&hei=200,https://media-www.canadiantire.ca/product/seasonal-gardening/toys/home-office-supplies/2420369/papermate-flair-bold-6ct-asst-41d68083-58ba-4f3b-a8cd-a52d05284c54-jpgrendition.jpg?im=whresize&wid=200&hei=200,,2420369,242-0369-8,Il n’en reste que 6 #242-0369-8,Liquidation◊Mieux notés,55.14,"4,93","10,99"
106,"Sussex, NB","Coussin décoratif CANVAS Bloom, 18 x 18 po","Coussin décoratif CANVAS Bloom, 18 x 18 po",9.93,"9,93 $",24.99,"Était±  24,99 $prix était 24,99 $",9.93,"9,93 $",9.93,"9,93 $",true,https://www.canadiantire.ca/fr/pdp/coussin-decoratif-canvas-bloom-18-x-18-po-0880059p.html,https://www.canadiantire.ca/fr/pdp/coussin-decoratif-canvas-bloom-18-x-18-po-0880059p.html,https://media-www.canadiantire.ca/product/seasonal-gardening/backyard-living/outdoor-living-accessories/0880059/canvas-bloom-toss-cushion-18x18--95ac7b00-9a3d-448a-bf6c-6492c7dac4bc-jpgrendition.jpg?im=whresize&wid=200&hei=200,https://media-www.canadiantire.ca/product/seasonal-gardening/backyard-living/outdoor-living-accessories/0880059/canvas-bloom-toss-cushion-18x18--95ac7b00-9a3d-448a-bf6c-6492c7dac4bc-jpgrendition.jpg?im=whresize&wid=200&hei=200,,0880059,088-0059-4,Il n’en reste que 2 #088-0059-4,Liquidation◊Mieux notés,60.26,"9,93","24,99"
106,"Sussex, NB","Rallonge d'extérieur à 1 prise NOMA, calibre 16/2, 24 pi 11 po","Rallonge d'extérieur à 1 prise NOMA, calibre 16/2, 24 pi 11 po",11.93,"11,93 $",27.99,"27,99 $Était   et+ prix était à partir de 27,99 $",11.93,"11,93 $",11.93,"11,93 $",true,https://www.canadiantire.ca/fr/pdp/rallonge-d-exterieur-a-1-prise-noma-calibre-16-2-24-pi-11-po-0522481p.html,https://www.canadiantire.ca/fr/pdp/rallonge-d-exterieur-a-1-prise-noma-calibre-16-2-24-pi-11-po-0522481p.html,https://media-www.canadiantire.ca/product/fixing/electrical/power-bars-extension-cords-timers/0522483/noma-cedar-24-11-7-6m-patio-cord-16-2-1-tap-de27fafc-ee1c-4696-b679-52650bbe7424-jpgrendition.jpg?im=whresize&wid=200&hei=200,https://media-www.canadiantire.ca/product/fixing/electrical/power-bars-extension-cords-timers/0522483/noma-cedar-24-11-7-6m-patio-cord-16-2-1-tap-de27fafc-ee1c-4696-b679-52650bbe7424-jpgrendition.jpg?im=whresize&wid=200&hei=200,,0522481,052-2481,Vérifiez la disponibilité#052-2481X,Liquidation◊Mieux notés,57.38,"11,93","27,99"
106,"Sussex, NB","Ampoules à filament à DEL à intensité variable à culot E26 NOMA B10, blanc chaud, 40 W","Ampoules à filament à DEL à intensité variable à culot E26 NOMA B10, blanc chaud, 40 W",4.93,"4,93 $",11.59,"Était±  11,59 $prix était 11,59 $",4.93,"4,93 $",4.93,"4,93 $",true,https://www.canadiantire.ca/fr/pdp/ampoules-a-filament-a-del-a-intensite-variable-a-culot-e26-noma-b10-blanc-chaud-40-w-0529611p.html,https://www.canadiantire.ca/fr/pdp/ampoules-a-filament-a-del-a-intensite-variable-a-culot-e26-noma-b10-blanc-chaud-40-w-0529611p.html,https://media-www.canadiantire.ca/product/fixing/electrical/light-bulbs/0529611/noma-40w-b10-warm-white-led-bulbs-2-pack-d8ccbe5a-899c-490e-b5f8-348c1c9af633-jpgrendition.jpg?im=whresize&wid=200&hei=200,https://media-www.canadiantire.ca/product/fixing/electrical/light-bulbs/0529611/noma-40w-b10-warm-white-led-bulbs-2-pack-d8ccbe5a-899c-490e-b5f8-348c1c9af633-jpgrendition.jpg?im=whresize&wid=200&hei=200,,0529611,052-9611-8,36 En Stock#052-9611-8,Liquidation◊Mieux notés,57.46,"4,93","11,59"
106,"Sussex, NB",Allume-feu Vermont Castings PWR POD (outil seulement),Allume-feu Vermont Castings PWR POD (outil seulement),49.93,"49,93 $",99.99,"Était±  99,99 $prix était 99,99 $",49.93,"49,93 $",49.93,"49,93 $",true,https://www.canadiantire.ca/fr/pdp/allume-feu-vermont-castings-pwr-pod-outil-seulement-0850200p.html,https://www.canadiantire.ca/fr/pdp/allume-feu-vermont-castings-pwr-pod-outil-seulement-0850200p.html,https://media-www.canadiantire.ca/product/seasonal-gardening/backyard-living/outdoor-cooking-fuels-flavours/0850200/vermont-castings-pwr-pod-charcoal-igniter-13e51890-ecea-462a-a3d0-cf8469353367-jpgrendition.jpg?im=whresize&wid=200&hei=200,https://media-www.canadiantire.ca/product/seasonal-gardening/backyard-living/outdoor-cooking-fuels-flavours/0850200/vermont-castings-pwr-pod-charcoal-igniter-13e51890-ecea-462a-a3d0-cf8469353367-jpgrendition.jpg?im=whresize&wid=200&hei=200,,0850200,085-0200-2,Il n’en reste que 2 #085-0200-2,Liquidation◊Mieux notés,50.07,"49,93","99,99"
106,"Sussex, NB","Applique murale à 1 lampe CANVAS Ambleside, fini en bois, noir mat","Applique murale à 1 lampe CANVAS Ambleside, fini en bois, noir mat",49.93,"49,93 $",99.99,"Était±  99,99 $prix était 99,99 $",49.93,"49,93 $",49.93,"49,93 $",true,https://www.canadiantire.ca/fr/pdp/applique-murale-a-1-lampe-canvas-ambleside-fini-en-bois-noir-mat-1522608p.html,https://www.canadiantire.ca/fr/pdp/applique-murale-a-1-lampe-canvas-ambleside-fini-en-bois-noir-mat-1522608p.html,https://media-www.canadiantire.ca/product/living/home-decor/lighting/1522608/canvas-ambleside-wall-sconce-5f161ca9-8f79-4160-8e68-d82720c0005f-jpgrendition.jpg?im=whresize&wid=200&hei=200,https://media-www.canadiantire.ca/product/living/home-decor/lighting/1522608/canvas-ambleside-wall-sconce-5f161ca9-8f79-4160-8e68-d82720c0005f-jpgrendition.jpg?im=whresize&wid=200&hei=200,,1522608,152-2608-2,Il n’en reste que 3 #152-2608-2,Liquidation◊Exclusivité,50.07,"49,93","99,99"
106,"Sussex, NB",Gobelet de retouche de peinture Premier,Gobelet de retouche de peinture Premier,2.93,"2,93 $",7.99,"7,99 $Était   et+ prix était à partir de 7,99 $",2.93,"2,93 $",2.93,"2,93 $",true,https://www.canadiantire.ca/fr/pdp/gobelet-de-retouche-de-peinture-premier-0495850p.html,https://www.canadiantire.ca/fr/pdp/gobelet-de-retouche-de-peinture-premier-0495850p.html,https://media-www.canadiantire.ca/product/fixing/paint/paint-accessories/0495850/premier-single-touch-up-cup-51899b96-1e87-439b-b0fa-b3ec674c0e97-jpgrendition.jpg?im=whresize&wid=200&hei=200,https://media-www.canadiantire.ca/product/fixing/paint/paint-accessories/0495850/premier-single-touch-up-cup-51899b96-1e87-439b-b0fa-b3ec674c0e97-jpgrendition.jpg?im=whresize&wid=200&hei=200,,0495850,049-5850,Vérifiez la disponibilité#049-5850X,Liquidation◊Mieux notés,63.33,"2,93","7,99"
106,"Sussex, NB","Assainisseur d'air rotatif pour bouche d'aération de véhicule California Scents, Newport New Car","Assainisseur d'air rotatif pour bouche d'aération de véhicule California Scents, Newport New Car",2.93,"2,93 $",5.99,"Était±  5,99 $prix était 5,99 $",2.93,"2,93 $",2.93,"2,93 $",true,https://www.canadiantire.ca/fr/pdp/assainisseur-d-air-rotatif-pour-bouche-d-aeration-de-vehicule-california-scents-newport-new-car-0372944p.html,https://www.canadiantire.ca/fr/pdp/assainisseur-d-air-rotatif-pour-bouche-d-aeration-de-vehicule-california-scents-newport-new-car-0372944p.html,https://media-www.canadiantire.ca/product/automotive/car-care-accessories/auto-accessories/0372944/california-scents-newport-new-car-spinner-air-freshener-1b8d3e8b-b908-411a-abbf-7bac29ff016c-jpgrendition.jpg?im=whresize&wid=200&hei=200,https://media-www.canadiantire.ca/product/automotive/car-care-accessories/auto-accessories/0372944/california-scents-newport-new-car-spinner-air-freshener-1b8d3e8b-b908-411a-abbf-7bac29ff016c-jpgrendition.jpg?im=whresize&wid=200&hei=200,,0372944,037-2944-6,Il n’en reste que 2 #037-2944-6,Liquidation◊Mieux notés,51.09,"2,93","5,99"
106,"Sussex, NB",Plombs pour pêche au lancer à l'achigan,Plombs pour pêche au lancer à l'achigan,0.93,"0,93 $",2.99,"2,99 $Était   et+ prix était à partir de 2,99 $",0.93,"0,93 $",0.93,"0,93 $",true,https://www.canadiantire.ca/fr/pdp/plombs-pour-peche-au-lancer-a-l-achigan-0784913p.html,https://www.canadiantire.ca/fr/pdp/plombs-pour-peche-au-lancer-a-l-achigan-0784913p.html,https://media-www.canadiantire.ca/product/playing/fishing/fishing-lures/0784913/danielson-sinker-bass-cast-size-1-1-1-2-oz-1e71f3c8-2d96-4cf3-b1e1-64b6cd181630-jpgrendition.jpg?im=whresize&wid=200&hei=200,https://media-www.canadiantire.ca/product/playing/fishing/fishing-lures/0784913/danielson-sinker-bass-cast-size-1-1-1-2-oz-1e71f3c8-2d96-4cf3-b1e1-64b6cd181630-jpgrendition.jpg?im=whresize&wid=200&hei=200,,0784913,078-4913,Vérifiez la disponibilité#078-4913X,Liquidation◊Mieux notés,68.9,"0,93","2,99"
106,"Sussex, NB","Bec verseur de rechange Reliance, 53 mm","Bec verseur de rechange Reliance, 53 mm",4.43,"4,43 $",9.99,"Était±  9,99 $prix était 9,99 $",4.43,"4,43 $",4.43,"4,43 $",true,https://www.canadiantire.ca/fr/pdp/bec-verseur-de-rechange-reliance-53-mm-0854308p.html,https://www.canadiantire.ca/fr/pdp/bec-verseur-de-rechange-reliance-53-mm-0854308p.html,https://media-www.canadiantire.ca/product/playing/camping/hydration-coolers/0854308/reliance-replacement-spout-assembly-084b6ed6-c410-4129-915c-26becd3c163c-jpgrendition.jpg?im=whresize&wid=200&hei=200,https://media-www.canadiantire.ca/product/playing/camping/hydration-coolers/0854308/reliance-replacement-spout-assembly-084b6ed6-c410-4129-915c-26becd3c163c-jpgrendition.jpg?im=whresize&wid=200&hei=200,,0854308,085-4308-4,Il n’en reste que 6 #085-4308-4,Liquidation◊,55.66,"4,43","9,99"
106,"Sussex, NB","Machine à fumée en métal 1 000 W For Living avec contrôleur, noir, 15 po, décoration intérieure/extérieure pour l'Halloween","Machine à fumée en métal 1 000 W For Living avec contrôleur, noir, 15 po, décoration intérieure/extérieure pour l'Halloween",59.93,"59,93 $",149.99,"Était±  149,99 $prix était 149,99 $",59.93,"59,93 $",59.93,"59,93 $",true,https://www.canadiantire.ca/fr/pdp/machine-a-fumee-en-metal-1-000-w-for-living-avec-controleur-noir-15-po-decoration-interieure-exterieure-pour-l-halloween-8550202p.html,https://www.canadiantire.ca/fr/pdp/machine-a-fumee-en-metal-1-000-w-for-living-avec-controleur-noir-15-po-decoration-interieure-exterieure-pour-l-halloween-8550202p.html,https://media-www.canadiantire.ca/product/seasonal-gardening/party-city-seasonal/party-city-halloween-harvest/8550202/1000w-fog-machine-with-controller-9adb1c82-f4aa-4eb5-9941-28da4594076b-jpgrendition.jpg?im=whresize&wid=200&hei=200,https://media-www.canadiantire.ca/product/seasonal-gardening/party-city-seasonal/party-city-halloween-harvest/8550202/1000w-fog-machine-with-controller-9adb1c82-f4aa-4eb5-9941-28da4594076b-jpgrendition.jpg?im=whresize&wid=200&hei=200,,8550202,855-0202-6,,Liquidation◊Exclusivité,60.04,"59,93","149,99"
106,"Sussex, NB","Pistolet à eau à pompe pour enfants The Original Max Liquidator, multicolore, 21 po, 6 ans et plus, pour plage/piscine","Pistolet à eau à pompe pour enfants The Original Max Liquidator, multicolore, 21 po, 6 ans et plus, pour plage/piscine",4.93,"4,93 $",12.99,"Était±  12,99 $prix était 12,99 $",4.93,"4,93 $",4.93,"4,93 $",true,https://www.canadiantire.ca/fr/pdp/pistolet-a-eau-a-pompe-pour-enfants-the-original-max-liquidator-multicolore-21-po-6-ans-et-plus-pour-plage-piscine-0813543p.html,https://www.canadiantire.ca/fr/pdp/pistolet-a-eau-a-pompe-pour-enfants-the-original-max-liquidator-multicolore-21-po-6-ans-et-plus-pour-plage-piscine-0813543p.html,https://media-www.canadiantire.ca/product/seasonal-gardening/backyard-fun/pool-fun/0813543/max-liquidator-pool-noodle-water-shooter-21--76c15ecd-5b42-418f-81bb-563916e550dd-jpgrendition.jpg?im=whresize&wid=200&hei=200,https://media-www.canadiantire.ca/product/seasonal-gardening/backyard-fun/pool-fun/0813543/max-liquidator-pool-noodle-water-shooter-21--76c15ecd-5b42-418f-81bb-563916e550dd-jpgrendition.jpg?im=whresize&wid=200&hei=200,,0813543,081-3543-6,9 En Stock#081-3543-6,Liquidation◊Mieux notés,62.05,"4,93","12,99"
106,"Sussex, NB","Plomb à fente amovible Danielson, format 3/0, paq. 40","Plomb à fente amovible Danielson, format 3/0, paq. 40",0.73,"0,73 $",2.49,"Était±  2,49 $prix était 2,49 $",0.73,"0,73 $",0.73,"0,73 $",true,https://www.canadiantire.ca/fr/pdp/plomb-a-fente-amovible-danielson-format-3-0-paq-40-0784974p.html,https://www.canadiantire.ca/fr/pdp/plomb-a-fente-amovible-danielson-format-3-0-paq-40-0784974p.html,https://media-www.canadiantire.ca/product/playing/fishing/fishing-lures/0784974/danielson-removable-split-shot-sinker-size-3-0-fd698e4f-1ce8-44a0-b76f-7bc91b786c8d-jpgrendition.jpg?im=whresize&wid=200&hei=200,https://media-www.canadiantire.ca/product/playing/fishing/fishing-lures/0784974/danielson-removable-split-shot-sinker-size-3-0-fd698e4f-1ce8-44a0-b76f-7bc91b786c8d-jpgrendition.jpg?im=whresize&wid=200&hei=200,,0784974,078-4974-4,Il n’en reste que 1 #078-4974-4,Liquidation◊Exclusivité,70.68,"0,73","2,49"
106,"Sussex, NB","Support sécuritaire robuste pour climatiseur de fenêtre, réglable, acier","Support sécuritaire robuste pour climatiseur de fenêtre, réglable, acier",34.93,"34,93 $",84.99,"Était±  84,99 $prix était 84,99 $",34.93,"34,93 $",34.93,"34,93 $",true,https://www.canadiantire.ca/fr/pdp/support-securitaire-robuste-pour-climatiseur-de-fenetre-reglable-acier-0438290p.html,https://www.canadiantire.ca/fr/pdp/support-securitaire-robuste-pour-climatiseur-de-fenetre-reglable-acier-0438290p.html,https://media-www.canadiantire.ca/product/fixing/home-environment/summer-climate-control/0438290/no-tools-needed-ac-bracket-4f164477-1035-4bc9-b938-ea8aee6e4a2f-jpgrendition.jpg?im=whresize&wid=200&hei=200,https://media-www.canadiantire.ca/product/fixing/home-environment/summer-climate-control/0438290/no-tools-needed-ac-bracket-4f164477-1035-4bc9-b938-ea8aee6e4a2f-jpgrendition.jpg?im=whresize&wid=200&hei=200,,0438290,043-8290-8,Il n’en reste que 1 #043-8290-8,Liquidation◊,58.9,"34,93","84,99"
106,"Sussex, NB","Bouche-toit incolore Rust-Oleum LeakSeal, intérieur/extérieur, scellant résistant à l'eau et aux intempéries, 3,78 L","Bouche-toit incolore Rust-Oleum LeakSeal, intérieur/extérieur, scellant résistant à l'eau et aux intempéries, 3,78 L",69.93,"69,93 $",139.99,"Était±  139,99 $prix était 139,99 $",69.93,"69,93 $",69.93,"69,93 $",true,https://www.canadiantire.ca/fr/pdp/bouche-toit-incolore-rust-oleum-leakseal-interieur-exterieur-scellant-resistant-a-l-eau-et-aux-intemperies-3-78-l-0641571p.html,https://www.canadiantire.ca/fr/pdp/bouche-toit-incolore-rust-oleum-leakseal-interieur-exterieur-scellant-resistant-a-l-eau-et-aux-intemperies-3-78-l-0641571p.html,https://media-www.canadiantire.ca/product/fixing/paint/surface-prep-maintenance/0641571/clear-roof-patch-3-78-l-9c267c49-4660-47a8-a847-4a51ff8a9844-jpgrendition.jpg?im=whresize&wid=200&hei=200,https://media-www.canadiantire.ca/product/fixing/paint/surface-prep-maintenance/0641571/clear-roof-patch-3-78-l-9c267c49-4660-47a8-a847-4a51ff8a9844-jpgrendition.jpg?im=whresize&wid=200&hei=200,,0641571,064-1571-2,Il n’en reste que 7 #064-1571-2,Liquidation◊,50.05,"69,93","139,99"
106,"Sussex, NB",Bol d'extérieur en fibre de bambou CANVAS Summer Palm,Bol d'extérieur en fibre de bambou CANVAS Summer Palm,2.43,"2,43 $",6.99,"Était±  6,99 $prix était 6,99 $",2.43,"2,43 $",2.43,"2,43 $",true,https://www.canadiantire.ca/fr/pdp/bol-d-exterieur-en-fibre-de-bambou-canvas-summer-palm-1590042p.html,https://www.canadiantire.ca/fr/pdp/bol-d-exterieur-en-fibre-de-bambou-canvas-summer-palm-1590042p.html,https://media-www.canadiantire.ca/product/seasonal-gardening/backyard-living/outdoor-living-accessories/1590042/canvas-bamboo-summer-palm-bowl-d7a5dc4b-80fb-4d3e-acea-3e9750210d6c-jpgrendition.jpg?im=whresize&wid=200&hei=200,https://media-www.canadiantire.ca/product/seasonal-gardening/backyard-living/outdoor-living-accessories/1590042/canvas-bamboo-summer-palm-bowl-d7a5dc4b-80fb-4d3e-acea-3e9750210d6c-jpgrendition.jpg?im=whresize&wid=200&hei=200,,1590042,159-0042-4,Il n’en reste que 1 #159-0042-4,Liquidation◊Exclusivité,65.24,"2,43","6,99"
106,"Sussex, NB","Flotteur à bouton-pressoir, 1,5 po, paq. 2","Flotteur à bouton-pressoir, 1,5 po, paq. 2",0.23,"0,23 $",1.49,"Était±  1,49 $prix était 1,49 $",0.23,"0,23 $",0.23,"0,23 $",true,https://www.canadiantire.ca/fr/pdp/flotteur-a-bouton-pressoir-1-5-po-paq-2-0782908p.html,https://www.canadiantire.ca/fr/pdp/flotteur-a-bouton-pressoir-1-5-po-paq-2-0782908p.html,https://media-www.canadiantire.ca/product/playing/fishing/fishing-lures/0782908/danielson-snap-on-float-red-white-1-5-2-pack-31a76191-c1c7-49ba-a1e9-68df59c08607-jpgrendition.jpg?im=whresize&wid=200&hei=200,https://media-www.canadiantire.ca/product/playing/fishing/fishing-lures/0782908/danielson-snap-on-float-red-white-1-5-2-pack-31a76191-c1c7-49ba-a1e9-68df59c08607-jpgrendition.jpg?im=whresize&wid=200&hei=200,,0782908,078-2908-6,Il n’en reste que 2 #078-2908-6,Liquidation◊Mieux notés,84.56,"0,23","1,49"
106,"Sussex, NB","Foret à découper à haute vitesse pour cloison sèche Dremel 560 avec tige en acier pour outil rotatif, 1/8 po","Foret à découper à haute vitesse pour cloison sèche Dremel 560 avec tige en acier pour outil rotatif, 1/8 po",4.93,"4,93 $",10.99,"Était±  10,99 $prix était 10,99 $",4.93,"4,93 $",4.93,"4,93 $",true,https://www.canadiantire.ca/fr/pdp/foret-a-decouper-a-haute-vitesse-pour-cloison-seche-dremel-560-avec-tige-en-acier-pour-outil-rotatif-1-8-po-0544722p.html,https://www.canadiantire.ca/fr/pdp/foret-a-decouper-a-haute-vitesse-pour-cloison-seche-dremel-560-avec-tige-en-acier-pour-outil-rotatif-1-8-po-0544722p.html,https://media-www.canadiantire.ca/product/fixing/tools/portable-power-tools/0544722/bit-drywall-cutting-dremel-af2ba486-bf9d-44a1-8428-ca18342aa481-jpgrendition.jpg?im=whresize&wid=200&hei=200,https://media-www.canadiantire.ca/product/fixing/tools/portable-power-tools/0544722/bit-drywall-cutting-dremel-af2ba486-bf9d-44a1-8428-ca18342aa481-jpgrendition.jpg?im=whresize&wid=200&hei=200,,0544722,054-4722-0,Il n’en reste que 4 #054-4722-0,Liquidation◊Mieux notés,55.14,"4,93","10,99"
106,"Sussex, NB","Jouet à mâcher nourriture pour chiens Petco en latex, moyen, choix de couleurs","Jouet à mâcher nourriture pour chiens Petco en latex, moyen, choix de couleurs",4.92,"4,92 $",9.99,"Était±  9,99 $prix était 9,99 $",4.92,"4,92 $",4.92,"4,92 $",true,https://www.canadiantire.ca/fr/pdp/jouet-a-macher-nourriture-pour-chiens-petco-en-latex-moyen-choix-de-couleurs-1426121p.html,https://www.canadiantire.ca/fr/pdp/jouet-a-macher-nourriture-pour-chiens-petco-en-latex-moyen-choix-de-couleurs-1426121p.html,https://media-www.canadiantire.ca/product/living/pet-care/pet-accessories/1426121/petco-medium-food-chew-toy-assorted-ffe4ff4d-53d8-4ca7-82a9-ffe9ba4ad2c5-jpgrendition.jpg?im=whresize&wid=200&hei=200,https://media-www.canadiantire.ca/product/living/pet-care/pet-accessories/1426121/petco-medium-food-chew-toy-assorted-ffe4ff4d-53d8-4ca7-82a9-ffe9ba4ad2c5-jpgrendition.jpg?im=whresize&wid=200&hei=200,,1426121,142-6121-8,Il n’en reste que 2 #142-6121-8,Liquidation◊Mieux notés,50.75,"4,92","9,99"
106,"Sussex, NB","Bouton-pressoir lumineux hydrofuge sans fil pour sonnette avec montage en surface Globe, plastique noir","Bouton-pressoir lumineux hydrofuge sans fil pour sonnette avec montage en surface Globe, plastique noir",9.93,"9,93 $",19.99,"Était±  19,99 $prix était 19,99 $",9.93,"9,93 $",9.93,"9,93 $",true,https://www.canadiantire.ca/fr/pdp/bouton-pressoir-lumineux-hydrofuge-sans-fil-pour-sonnette-avec-montage-en-surface-globe-plastique-noir-0521744p.html,https://www.canadiantire.ca/fr/pdp/bouton-pressoir-lumineux-hydrofuge-sans-fil-pour-sonnette-avec-montage-en-surface-globe-plastique-noir-0521744p.html,https://media-www.canadiantire.ca/product/fixing/hardware/curb-appeal/0521744/wireless-push-button-black-plastic-lighted-surface-mount-b8a389f9-8140-4707-a7d0-913d2a9f16c1-jpgrendition.jpg?im=whresize&wid=200&hei=200,https://media-www.canadiantire.ca/product/fixing/hardware/curb-appeal/0521744/wireless-push-button-black-plastic-lighted-surface-mount-b8a389f9-8140-4707-a7d0-913d2a9f16c1-jpgrendition.jpg?im=whresize&wid=200&hei=200,,0521744,052-1744-0,Il n’en reste que 1 #052-1744-0,Liquidation◊,50.33,"9,93","19,99"
106,"Sussex, NB","Squelette de dinosaure gonflable sur piquets For Living, lumière à DEL, noir/blanc, 3-1/2 pi, décoration d'extérieur autogonflante pour l'Halloween","Squelette de dinosaure gonflable sur piquets For Living, lumière à DEL, noir/blanc, 3-1/2 pi, décoration d'extérieur autogonflante pour l'Halloween",17.43,"17,43 $",34.99,"Était±  34,99 $prix était 34,99 $",17.43,"17,43 $",17.43,"17,43 $",true,https://www.canadiantire.ca/fr/pdp/squelette-de-dinosaure-gonflable-sur-piquets-for-living-lumiere-a-del-noir-blanc-3-1-2-pi-decoration-d-exterieur-autogonflante-pour-l-halloween-1518428p.html,https://www.canadiantire.ca/fr/pdp/squelette-de-dinosaure-gonflable-sur-piquets-for-living-lumiere-a-del-noir-blanc-3-1-2-pi-decoration-d-exterieur-autogonflante-pour-l-halloween-1518428p.html,https://media-www.canadiantire.ca/product/seasonal-gardening/seasonal/halloween-harvest/1518428/3-5ft-inflatable-skele-dino-e8bf6da8-a0a3-42b2-815a-2c4a14cbedea-jpgrendition.jpg?im=whresize&wid=200&hei=200,https://media-www.canadiantire.ca/product/seasonal-gardening/seasonal/halloween-harvest/1518428/3-5ft-inflatable-skele-dino-e8bf6da8-a0a3-42b2-815a-2c4a14cbedea-jpgrendition.jpg?im=whresize&wid=200&hei=200,,1518428,151-8428-6,,Liquidation◊Mieux notés,50.19,"17,43","34,99"
106,"Sussex, NB","Barre à 3 crochets CANVAS Voisin, acier inoxydable, gris silex, 18 po","Barre à 3 crochets CANVAS Voisin, acier inoxydable, gris silex, 18 po",19.93,"19,93 $",39.99,"Était±  39,99 $prix était 39,99 $",19.93,"19,93 $",19.93,"19,93 $",true,https://www.canadiantire.ca/fr/pdp/barre-a-3-crochets-canvas-voisin-acier-inoxydable-gris-silex-18-po-0465503p.html,https://www.canadiantire.ca/fr/pdp/barre-a-3-crochets-canvas-voisin-acier-inoxydable-gris-silex-18-po-0465503p.html,https://media-www.canadiantire.ca/product/living/home-decor/decor-accents/0465503/canvas-18-voisin-hook-rail-flint-grey--c7c85ebc-cecc-4918-a64e-edc9c7b7d9cf-jpgrendition.jpg?im=whresize&wid=200&hei=200,https://media-www.canadiantire.ca/product/living/home-decor/decor-accents/0465503/canvas-18-voisin-hook-rail-flint-grey--c7c85ebc-cecc-4918-a64e-edc9c7b7d9cf-jpgrendition.jpg?im=whresize&wid=200&hei=200,,0465503,046-5503-6,Il n’en reste que 1 #046-5503-6,Liquidation◊Mieux notés,50.16,"19,93","39,99"
106,"Sussex, NB","Sonnette avec caméra vidéo Wi-Fi Arlo, noir","Sonnette avec caméra vidéo Wi-Fi Arlo, noir",49.93,"49,93 $",199.99,"Était±  199,99 $prix était 199,99 $",49.93,"49,93 $",49.93,"49,93 $",true,https://www.canadiantire.ca/fr/pdp/sonnette-avec-camera-video-wi-fi-arlo-noir-0463297p.html,https://www.canadiantire.ca/fr/pdp/sonnette-avec-camera-video-wi-fi-arlo-noir-0463297p.html,https://media-www.canadiantire.ca/product/fixing/hardware/home-safety/0463297/arlo-wi-fi-video-doorbell-d2a3ca31-3e68-4bbf-9f97-c4260407affc-jpgrendition.jpg?im=whresize&wid=200&hei=200,https://media-www.canadiantire.ca/product/fixing/hardware/home-safety/0463297/arlo-wi-fi-video-doorbell-d2a3ca31-3e68-4bbf-9f97-c4260407affc-jpgrendition.jpg?im=whresize&wid=200&hei=200,,0463297,046-3297-8,Il n’en reste que 1 #046-3297-8,Liquidation◊Mieux notés,75.03,"49,93","199,99"
106,"Sussex, NB","Interrupteur unipolaire Leviton RE151-742 Renu avec câblage à mise à la terre automatique, 15 A, 120/277 V, blanc, plaque murale non incluse","Interrupteur unipolaire Leviton RE151-742 Renu avec câblage à mise à la terre automatique, 15 A, 120/277 V, blanc, plaque murale non incluse",1.93,"1,93 $",4.99,"Était±  4,99 $prix était 4,99 $",1.93,"1,93 $",1.93,"1,93 $",true,https://www.canadiantire.ca/fr/pdp/interrupteur-unipolaire-leviton-re151-742-renu-avec-cablage-a-mise-a-la-terre-automatique-15-a-120-277-v-blanc-plaque-murale-non-incluse-0528287p.html,https://www.canadiantire.ca/fr/pdp/interrupteur-unipolaire-leviton-re151-742-renu-avec-cablage-a-mise-a-la-terre-automatique-15-a-120-277-v-blanc-plaque-murale-non-incluse-0528287p.html,https://media-www.canadiantire.ca/product/fixing/electrical/rough-electrical/0528287/renu-white-single-pole-switch-c82ed094-c7e8-4425-beb1-6e0f6975856b-jpgrendition.jpg?im=whresize&wid=200&hei=200,https://media-www.canadiantire.ca/product/fixing/electrical/rough-electrical/0528287/renu-white-single-pole-switch-c82ed094-c7e8-4425-beb1-6e0f6975856b-jpgrendition.jpg?im=whresize&wid=200&hei=200,,0528287,052-8287-6,Il n’en reste que 3 #052-8287-6,Liquidation◊,61.32,"1,93","4,99"
106,"Sussex, NB","Camionnette de collection Liberty Classics 2025 CTC Studebaker 1916, 14 ans et plus","Camionnette de collection Liberty Classics 2025 CTC Studebaker 1916, 14 ans et plus",19.93,"19,93 $",39.99,"Était±  39,99 $prix était 39,99 $",19.93,"19,93 $",19.93,"19,93 $",true,https://www.canadiantire.ca/fr/pdp/camionnette-de-collection-liberty-classics-2025-ctc-studebaker-1916-14-ans-et-plus-1502342p.html,https://www.canadiantire.ca/fr/pdp/camionnette-de-collection-liberty-classics-2025-ctc-studebaker-1916-14-ans-et-plus-1502342p.html,https://media-www.canadiantire.ca/product/seasonal-gardening/toys/toys-games/1502342/2025-ctc-collector-vehicle-dc7b0f36-8468-454c-954a-60bff754de37-jpgrendition.jpg?im=whresize&wid=200&hei=200,https://media-www.canadiantire.ca/product/seasonal-gardening/toys/toys-games/1502342/2025-ctc-collector-vehicle-dc7b0f36-8468-454c-954a-60bff754de37-jpgrendition.jpg?im=whresize&wid=200&hei=200,,1502342,150-2342-6,11 En Stock#150-2342-6,Liquidation◊Mieux notés,50.16,"19,93","39,99"
106,"Sussex, NB","Embouts de tournevis carrés Mastercraft en carbure, pour métal, plastique, maçonnerie, 1 po, paq. 5","Embouts de tournevis carrés Mastercraft en carbure, pour métal, plastique, maçonnerie, 1 po, paq. 5",2.93,"2,93 $",6.79,"6,79 $Était   et+ prix était à partir de 6,79 $",2.93,"2,93 $",2.93,"2,93 $",true,https://www.canadiantire.ca/fr/pdp/embouts-de-tournevis-carres-mastercraft-en-carbure-pour-metal-plastique-maconnerie-1-po-paq-5-0540780p.html,https://www.canadiantire.ca/fr/pdp/embouts-de-tournevis-carres-mastercraft-en-carbure-pour-metal-plastique-maconnerie-1-po-paq-5-0540780p.html,https://media-www.canadiantire.ca/product/fixing/tools/power-tool-accessories/0540780/mastercraft-1-sq1-screwdriver-bit-5-pk-6cedeaa0-c993-4a96-a958-428451203ace-jpgrendition.jpg?im=whresize&wid=200&hei=200,https://media-www.canadiantire.ca/product/fixing/tools/power-tool-accessories/0540780/mastercraft-1-sq1-screwdriver-bit-5-pk-6cedeaa0-c993-4a96-a958-428451203ace-jpgrendition.jpg?im=whresize&wid=200&hei=200,,0540780,054-0780,Vérifiez la disponibilité#054-0780X,Liquidation◊Mieux notés,56.85,"2,93","6,79"
106,"Sussex, NB",Coussin d'accoudoir ergonomique AutoTrends,Coussin d'accoudoir ergonomique AutoTrends,11.93,"11,93 $",25.99,"Était±  25,99 $prix était 25,99 $",11.93,"11,93 $",11.93,"11,93 $",true,https://www.canadiantire.ca/fr/pdp/coussin-d-accoudoir-ergonomique-autotrends-0372413p.html,https://www.canadiantire.ca/fr/pdp/coussin-d-accoudoir-ergonomique-autotrends-0372413p.html,https://media-www.canadiantire.ca/product/automotive/car-care-accessories/auto-accessories/0372413/autotrends-ergonomic-armrest-pad-151b7a10-5ac3-4386-93b9-6e8f1ca01d4b-jpgrendition.jpg?im=whresize&wid=200&hei=200,https://media-www.canadiantire.ca/product/automotive/car-care-accessories/auto-accessories/0372413/autotrends-ergonomic-armrest-pad-151b7a10-5ac3-4386-93b9-6e8f1ca01d4b-jpgrendition.jpg?im=whresize&wid=200&hei=200,,0372413,037-2413-0,Il n’en reste que 2 #037-2413-0,Liquidation◊Mieux notés,54.1,"11,93","25,99"
106,"Sussex, NB","Mini-sonnette de vélo Supercycle en alliage avec levier réglable, son puissant, argent","Mini-sonnette de vélo Supercycle en alliage avec levier réglable, son puissant, argent",3.43,"3,43 $",7.49,"Était±  7,49 $prix était 7,49 $",3.43,"3,43 $",3.43,"3,43 $",true,https://www.canadiantire.ca/fr/pdp/mini-sonnette-de-velo-supercycle-en-alliage-avec-levier-reglable-son-puissant-argent-0730615p.html,https://www.canadiantire.ca/fr/pdp/mini-sonnette-de-velo-supercycle-en-alliage-avec-levier-reglable-son-puissant-argent-0730615p.html,https://media-www.canadiantire.ca/product/playing/cycling/bicycle-accessories/0730615/supercycle-mini-bike-bell-08c70060-138d-4890-99f1-96684411dade-jpgrendition.jpg?im=whresize&wid=200&hei=200,https://media-www.canadiantire.ca/product/playing/cycling/bicycle-accessories/0730615/supercycle-mini-bike-bell-08c70060-138d-4890-99f1-96684411dade-jpgrendition.jpg?im=whresize&wid=200&hei=200,,0730615,073-0615-4,Il n’en reste que 1 #073-0615-4,Liquidation◊Mieux notés,54.21,"3,43","7,49"
106,"Sussex, NB",Ensemble de supports à 7 voies et 6 broches REESE Towpower,Ensemble de supports à 7 voies et 6 broches REESE Towpower,2.93,"2,93 $",17.49,"Était±  17,49 $prix était 17,49 $",2.93,"2,93 $",2.93,"2,93 $",true,https://www.canadiantire.ca/fr/pdp/ensemble-de-supports-a-7-voies-et-6-broches-reese-towpower-0408229p.html,https://www.canadiantire.ca/fr/pdp/ensemble-de-supports-a-7-voies-et-6-broches-reese-towpower-0408229p.html,https://media-www.canadiantire.ca/product/automotive/automotive-outdoor-adventure/auto-travel-storage/0408229/7-way-bracket-kit-b03cb301-68dc-4ec8-af21-3ab45c3af423-jpgrendition.jpg?im=whresize&wid=200&hei=200,https://media-www.canadiantire.ca/product/automotive/automotive-outdoor-adventure/auto-travel-storage/0408229/7-way-bracket-kit-b03cb301-68dc-4ec8-af21-3ab45c3af423-jpgrendition.jpg?im=whresize&wid=200&hei=200,,0408229,040-8229-4,Il n’en reste que 1 #040-8229-4,Liquidation◊,83.25,"2,93","17,49"
106,"Sussex, NB","Feux de gabarit à DEL à carte Hopkins Towing Solution, paq. 6, ambre","Feux de gabarit à DEL à carte Hopkins Towing Solution, paq. 6, ambre",17.93,"17,93 $",39.99,"Était±  39,99 $prix était 39,99 $",17.93,"17,93 $",17.93,"17,93 $",true,https://www.canadiantire.ca/fr/pdp/feux-de-gabarit-a-del-a-carte-hopkins-towing-solution-paq-6-ambre-0203848p.html,https://www.canadiantire.ca/fr/pdp/feux-de-gabarit-a-del-a-carte-hopkins-towing-solution-paq-6-ambre-0203848p.html,https://media-www.canadiantire.ca/product/automotive/automotive-outdoor-adventure/auto-travel-storage/0203848/6-pc-carded-led-clearance-light-amber-27504804-3677-4aac-a6d6-7e912a7226f4-jpgrendition.jpg?im=whresize&wid=200&hei=200,https://media-www.canadiantire.ca/product/automotive/automotive-outdoor-adventure/auto-travel-storage/0203848/6-pc-carded-led-clearance-light-amber-27504804-3677-4aac-a6d6-7e912a7226f4-jpgrendition.jpg?im=whresize&wid=200&hei=200,,0203848,020-3848-8,Il n’en reste que 2 #020-3848-8,Liquidation◊,55.16,"17,93","39,99"
106,"Sussex, NB","Cuillère Danielson Renegade, 1/2 oz","Cuillère Danielson Renegade, 1/2 oz",2.73,"2,73 $",5.49,"5,49 $Était   et+ prix était à partir de 5,49 $",2.73,"2,73 $",2.73,"2,73 $",true,https://www.canadiantire.ca/fr/pdp/cuillere-danielson-renegade-1-2-oz-0782227p.html,https://www.canadiantire.ca/fr/pdp/cuillere-danielson-renegade-1-2-oz-0782227p.html,https://media-www.canadiantire.ca/product/playing/fishing/fishing-lures/0782229/danielson-renegade-spoon-nickel-blue-1-2oz-701018c1-ef5c-4c16-aa69-12055a8b8e37-jpgrendition.jpg?im=whresize&wid=200&hei=200,https://media-www.canadiantire.ca/product/playing/fishing/fishing-lures/0782229/danielson-renegade-spoon-nickel-blue-1-2oz-701018c1-ef5c-4c16-aa69-12055a8b8e37-jpgrendition.jpg?im=whresize&wid=200&hei=200,,0782227,078-2227,Vérifiez la disponibilité#078-2227X,Liquidation◊Exclusivité,50.27,"2,73","5,49"
106,"Sussex, NB","Peinture de retouche Scratch Fix All-in-1, SAUGE antique PERLÉE (1B2)","Peinture de retouche Scratch Fix All-in-1, SAUGE antique PERLÉE (1B2)",4.93,"4,93 $",28.99,"Était±  28,99 $prix était 28,99 $",4.93,"4,93 $",4.93,"4,93 $",true,https://www.canadiantire.ca/fr/pdp/peinture-de-retouche-scratch-fix-all-in-1-sauge-antique-perlee-1b2-0475157p.html,https://www.canadiantire.ca/fr/pdp/peinture-de-retouche-scratch-fix-all-in-1-sauge-antique-perlee-1b2-0475157p.html,https://media-www.canadiantire.ca/product/automotive/car-care-accessories/auto-body-repair/0475157/scratch-fix-toyota-antique-sage-pearl-all-in-1-b2292936-861d-4ec9-85a2-d9a873718867.png?im=whresize&wid=200&hei=200,https://media-www.canadiantire.ca/product/automotive/car-care-accessories/auto-body-repair/0475157/scratch-fix-toyota-antique-sage-pearl-all-in-1-b2292936-861d-4ec9-85a2-d9a873718867.png?im=whresize&wid=200&hei=200,,0475157,047-5157-8,Il n’en reste que 1 #047-5157-8,Liquidation◊,82.99,"4,93","28,99"
106,"Sussex, NB","Fiches polarisées femelles pour l'intérieur et l'extérieur NOMA Advanced pour les décorations de Noël, paq. 10","Fiches polarisées femelles pour l'intérieur et l'extérieur NOMA Advanced pour les décorations de Noël, paq. 10",6.43,"6,43 $",12.99,"Était±  12,99 $prix était 12,99 $",6.43,"6,43 $",6.43,"6,43 $",true,https://www.canadiantire.ca/fr/pdp/fiches-polarisees-femelles-pour-l-interieur-et-l-exterieur-noma-advanced-pour-les-decorations-de-noel-paq-10-2510151p.html,https://www.canadiantire.ca/fr/pdp/fiches-polarisees-femelles-pour-l-interieur-et-l-exterieur-noma-advanced-pour-les-decorations-de-noel-paq-10-2510151p.html,https://media-www.canadiantire.ca/product/seasonal-gardening/seasonal/christmas-lights-outdoor-decor/2510151/noma-adv-cust-male-plugs-7ce147e5-70e8-45eb-817c-ba7c0038affc-jpgrendition.jpg?im=whresize&wid=200&hei=200,https://media-www.canadiantire.ca/product/seasonal-gardening/seasonal/christmas-lights-outdoor-decor/2510151/noma-adv-cust-male-plugs-7ce147e5-70e8-45eb-817c-ba7c0038affc-jpgrendition.jpg?im=whresize&wid=200&hei=200,,2510151,251-0151-2,25 En Stock#251-0151-2,Liquidation◊Mieux notés,50.5,"6,43","12,99"
106,"Sussex, NB",Connecteur lame 7 voies VR vers plat 4 voies avec DEL de vérification intégrés Hopkins Towing Solution,Connecteur lame 7 voies VR vers plat 4 voies avec DEL de vérification intégrés Hopkins Towing Solution,9.93,"9,93 $",20.99,"Était±  20,99 $prix était 20,99 $",9.93,"9,93 $",9.93,"9,93 $",true,https://www.canadiantire.ca/fr/pdp/connecteur-lame-7-voies-vr-vers-plat-4-voies-avec-del-de-verification-integres-hopkins-towing-solution-0409658p.html,https://www.canadiantire.ca/fr/pdp/connecteur-lame-7-voies-vr-vers-plat-4-voies-avec-del-de-verification-integres-hopkins-towing-solution-0409658p.html,https://media-www.canadiantire.ca/product/automotive/automotive-outdoor-adventure/auto-travel-storage/0409658/7-rv-blade-to-4-flat-w-built-in-tester-leds-8b3b8855-6fa7-4a0d-9a30-3f5e41e3eb8e-jpgrendition.jpg?im=whresize&wid=200&hei=200,https://media-www.canadiantire.ca/product/automotive/automotive-outdoor-adventure/auto-travel-storage/0409658/7-rv-blade-to-4-flat-w-built-in-tester-leds-8b3b8855-6fa7-4a0d-9a30-3f5e41e3eb8e-jpgrendition.jpg?im=whresize&wid=200&hei=200,,0409658,040-9658-6,Il n’en reste que 3 #040-9658-6,Liquidation◊Mieux notés,52.69,"9,93","20,99"
106,"Sussex, NB","Veste de travail à coquille souple haute visibilité résistante au vent Terra avec ruban réfléchissant, hommes, orange","Veste de travail à coquille souple haute visibilité résistante au vent Terra avec ruban réfléchissant, hommes, orange",38.43,"38,43 $",149.99,"149,99 $Était   et+ prix était à partir de 149,99 $",38.43,"38,43 $",38.43,"38,43 $",true,https://www.canadiantire.ca/fr/pdp/veste-de-travail-a-coquille-souple-haute-visibilite-resistante-au-vent-terra-avec-ruban-reflechissant-hommes-orange-1872723p.html,https://www.canadiantire.ca/fr/pdp/veste-de-travail-a-coquille-souple-haute-visibilite-resistante-au-vent-terra-avec-ruban-reflechissant-hommes-orange-1872723p.html,https://media-www.canadiantire.ca/product/playing/footwear-apparel/work-footwear-apparel/1872723/terra-hi-vis-softshell-jacket-orange-medium-157245a6-f5a4-4945-a806-db74374b7115-jpgrendition.jpg?im=whresize&wid=200&hei=200,https://media-www.canadiantire.ca/product/playing/footwear-apparel/work-footwear-apparel/1872723/terra-hi-vis-softshell-jacket-orange-medium-157245a6-f5a4-4945-a806-db74374b7115-jpgrendition.jpg?im=whresize&wid=200&hei=200,,1872723,187-2723,Vérifiez la disponibilité#187-2723X,Liquidation◊Mieux notés,74.38,"38,43","149,99"
106,"Sussex, NB","Écrou de raccord de soupape de remplissage PlumbShop pour robinet à flotteur, en plastique","Écrou de raccord de soupape de remplissage PlumbShop pour robinet à flotteur, en plastique",0.43,"0,43 $",3.49,"Était±  3,49 $prix était 3,49 $",0.43,"0,43 $",0.43,"0,43 $",true,https://www.canadiantire.ca/fr/pdp/ecrou-de-raccord-de-soupape-de-remplissage-plumbshop-pour-robinet-a-flotteur-en-plastique-0632963p.html,https://www.canadiantire.ca/fr/pdp/ecrou-de-raccord-de-soupape-de-remplissage-plumbshop-pour-robinet-a-flotteur-en-plastique-0632963p.html,https://media-www.canadiantire.ca/product/fixing/plumbing/rough-plumbing/0632963/plumbshop-ballcock-coupling-nut-plastic-a69408a1-6b02-49f5-a51c-b1d6dadfa3ba-jpgrendition.jpg?im=whresize&wid=200&hei=200,https://media-www.canadiantire.ca/product/fixing/plumbing/rough-plumbing/0632963/plumbshop-ballcock-coupling-nut-plastic-a69408a1-6b02-49f5-a51c-b1d6dadfa3ba-jpgrendition.jpg?im=whresize&wid=200&hei=200,,0632963,063-2963-6,Il n’en reste que 3 #063-2963-6,Liquidation◊,87.68,"0,43","3,49"
106,"Sussex, NB","Araignée géante gonflable For Living, 10 pi","Araignée géante gonflable For Living, 10 pi",149.93,"149,93 $",299.99,"Était±  299,99 $prix était 299,99 $",149.93,"149,93 $",149.93,"149,93 $",true,https://www.canadiantire.ca/fr/pdp/araignee-geante-gonflable-for-living-10-pi-1519946p.html,https://www.canadiantire.ca/fr/pdp/araignee-geante-gonflable-for-living-10-pi-1519946p.html,https://media-www.canadiantire.ca/product/party-city/party-city-seasonal/halloween-harvest/1519946/giant-spider-inflatable-10--c937b655-7199-4ebf-81d0-f0fba6511d3e-jpgrendition.jpg?im=whresize&wid=200&hei=200,https://media-www.canadiantire.ca/product/party-city/party-city-seasonal/halloween-harvest/1519946/giant-spider-inflatable-10--c937b655-7199-4ebf-81d0-f0fba6511d3e-jpgrendition.jpg?im=whresize&wid=200&hei=200,,1519946,151-9946-6,Il n’en reste que 2 #151-9946-6,Liquidation◊Exclusivité,50.02,"149,93","299,99"
106,"Sussex, NB","Sacs ramasse-poussière en papier Mastervac pour aspirateurs d'atelier secs/humides Mastervac, 15 L, paq. 3","Sacs ramasse-poussière en papier Mastervac pour aspirateurs d'atelier secs/humides Mastervac, 15 L, paq. 3",7.93,"7,93 $",19.99,"Était±  19,99 $prix était 19,99 $",7.93,"7,93 $",7.93,"7,93 $",true,https://www.canadiantire.ca/fr/pdp/sacs-ramasse-poussiere-en-papier-mastervac-pour-aspirateurs-d-atelier-secs-humides-mastervac-15-l-paq-3-0540285p.html,https://www.canadiantire.ca/fr/pdp/sacs-ramasse-poussiere-en-papier-mastervac-pour-aspirateurs-d-atelier-secs-humides-mastervac-15-l-paq-3-0540285p.html,https://media-www.canadiantire.ca/product/fixing/tools/wet-dry-vacuums/0540285/mastervac-15l-collection-bags-c9015a3c-883d-46f8-8d65-3444f6a02011-jpgrendition.jpg?im=whresize&wid=200&hei=200,https://media-www.canadiantire.ca/product/fixing/tools/wet-dry-vacuums/0540285/mastervac-15l-collection-bags-c9015a3c-883d-46f8-8d65-3444f6a02011-jpgrendition.jpg?im=whresize&wid=200&hei=200,,0540285,054-0285-4,Il n’en reste que 2 #054-0285-4,Liquidation◊Mieux notés,60.33,"7,93","19,99"
106,"Sussex, NB","Collier pour chien Petco facile à essuyer, bleu sarcelle ombré, tailles variées","Collier pour chien Petco facile à essuyer, bleu sarcelle ombré, tailles variées",9.93,"9,93 $",19.99,"19,99 $Était   et+ prix était à partir de 19,99 $",9.93,"9,93 $",9.93,"9,93 $",true,https://www.canadiantire.ca/fr/pdp/collier-pour-chien-petco-facile-a-essuyer-bleu-sarcelle-ombre-tailles-variees-1427522p.html,https://www.canadiantire.ca/fr/pdp/collier-pour-chien-petco-facile-a-essuyer-bleu-sarcelle-ombre-tailles-variees-1427522p.html,https://media-www.canadiantire.ca/product/living/pet-care/pet-accessories/1427524/petco-teal-ombre-wipeable-dog-collar-small-0410f91a-15fe-4d33-8254-aada052b72b1-jpgrendition.jpg?im=whresize&wid=200&hei=200,https://media-www.canadiantire.ca/product/living/pet-care/pet-accessories/1427524/petco-teal-ombre-wipeable-dog-collar-small-0410f91a-15fe-4d33-8254-aada052b72b1-jpgrendition.jpg?im=whresize&wid=200&hei=200,,1427522,142-7522,Vérifiez la disponibilité#142-7522X,Liquidation◊Exclusivité,50.33,"9,93","19,99"
106,"Sussex, NB","Tambour de ponçage et bande abrasive grains de 60 avec tige pour outil rotatif Dremel 430, 1/4 po","Tambour de ponçage et bande abrasive grains de 60 avec tige pour outil rotatif Dremel 430, 1/4 po",4.93,"4,93 $",10.99,"Était±  10,99 $prix était 10,99 $",4.93,"4,93 $",4.93,"4,93 $",true,https://www.canadiantire.ca/fr/pdp/tambour-de-poncage-et-bande-abrasive-grains-de-60-avec-tige-pour-outil-rotatif-dremel-430-1-4-po-0544656p.html,https://www.canadiantire.ca/fr/pdp/tambour-de-poncage-et-bande-abrasive-grains-de-60-avec-tige-pour-outil-rotatif-dremel-430-1-4-po-0544656p.html,https://media-www.canadiantire.ca/product/fixing/tools/portable-power-tools/0544656/dremel-drum-w-band-430-8a5e785c-27d5-43dd-8cfd-60443943839a-jpgrendition.jpg?im=whresize&wid=200&hei=200,https://media-www.canadiantire.ca/product/fixing/tools/portable-power-tools/0544656/dremel-drum-w-band-430-8a5e785c-27d5-43dd-8cfd-60443943839a-jpgrendition.jpg?im=whresize&wid=200&hei=200,,0544656,054-4656-8,Il n’en reste que 2 #054-4656-8,Liquidation◊Mieux notés,55.14,"4,93","10,99"
106,"Sussex, NB",Cube de rangement en forme de hérisson pour enfants 3 Sprouts,Cube de rangement en forme de hérisson pour enfants 3 Sprouts,9.93,"9,93 $",23.99,"Était±  23,99 $prix était 23,99 $",9.93,"9,93 $",9.93,"9,93 $",true,https://www.canadiantire.ca/fr/pdp/cube-de-rangement-en-forme-de-herisson-pour-enfants-3-sprouts-1424392p.html,https://www.canadiantire.ca/fr/pdp/cube-de-rangement-en-forme-de-herisson-pour-enfants-3-sprouts-1424392p.html,https://media-www.canadiantire.ca/product/living/home-organization/closet-organization/1424392/3-sprouts-storage-box-hedgehog-2aa49a8f-4b9b-4884-b5b8-525f733413cd-jpgrendition.jpg?im=whresize&wid=200&hei=200,https://media-www.canadiantire.ca/product/living/home-organization/closet-organization/1424392/3-sprouts-storage-box-hedgehog-2aa49a8f-4b9b-4884-b5b8-525f733413cd-jpgrendition.jpg?im=whresize&wid=200&hei=200,,1424392,142-4392-4,Il n’en reste que 3 #142-4392-4,Liquidation◊Mieux notés,58.61,"9,93","23,99"
106,"Sussex, NB","Ampoules de Noël à DEL d'extérieur For Living C6, multicolore, 50 pi 5 po, paq. 200","Ampoules de Noël à DEL d'extérieur For Living C6, multicolore, 50 pi 5 po, paq. 200",24.93,"24,93 $",49.99,"Était±  49,99 $prix était 49,99 $",24.93,"24,93 $",24.93,"24,93 $",true,https://www.canadiantire.ca/fr/pdp/ampoules-de-noel-a-del-d-exterieur-for-living-c6-multicolore-50-pi-5-po-paq-200-1513449p.html,https://www.canadiantire.ca/fr/pdp/ampoules-de-noel-a-del-d-exterieur-for-living-c6-multicolore-50-pi-5-po-paq-200-1513449p.html,https://media-www.canadiantire.ca/product/seasonal-gardening/seasonal/christmas-lights-outdoor-decor/1513449/for-living-outdoor-200-c6-led-lights-multicoloured-29b5b3b8-600c-4251-bac1-23e71e7452f8-jpgrendition.jpg?im=whresize&wid=200&hei=200,https://media-www.canadiantire.ca/product/seasonal-gardening/seasonal/christmas-lights-outdoor-decor/1513449/for-living-outdoor-200-c6-led-lights-multicoloured-29b5b3b8-600c-4251-bac1-23e71e7452f8-jpgrendition.jpg?im=whresize&wid=200&hei=200,,1513449,151-3449-6,8 En Stock#151-3449-6,Liquidation◊Exclusivité,50.13,"24,93","49,99"
106,"Sussex, NB","Crochets de rangement pour bijoux Command avec bandes adhésives, transparent, 1 lb, paq. 2","Crochets de rangement pour bijoux Command avec bandes adhésives, transparent, 1 lb, paq. 2",3.93,"3,93 $",8.79,"Était±  8,79 $prix était 8,79 $",3.93,"3,93 $",3.93,"3,93 $",true,https://www.canadiantire.ca/fr/pdp/crochets-de-rangement-pour-bijoux-command-avec-bandes-adhesives-transparent-1-lb-paq-2-0610281p.html,https://www.canadiantire.ca/fr/pdp/crochets-de-rangement-pour-bijoux-command-avec-bandes-adhesives-transparent-1-lb-paq-2-0610281p.html,https://media-www.canadiantire.ca/product/fixing/hardware/general-hardware/0610281/commando-clear-jewelry-organizing-rack-hooks-b8290754-e1ea-4093-b3b5-137d6d19ec69.png?im=whresize&wid=200&hei=200,https://media-www.canadiantire.ca/product/fixing/hardware/general-hardware/0610281/commando-clear-jewelry-organizing-rack-hooks-b8290754-e1ea-4093-b3b5-137d6d19ec69.png?im=whresize&wid=200&hei=200,,0610281,061-0281-4,11 En Stock#061-0281-4,Liquidation◊Mieux notés,55.29,"3,93","8,79"
106,"Sussex, NB","Panier-tiroir CANVAS cubique en tissu, rayures blanches et grises, 10,5 x 10,5 x 10,9 po","Panier-tiroir CANVAS cubique en tissu, rayures blanches et grises, 10,5 x 10,5 x 10,9 po",3.93,"3,93 $",9.29,"Était±  9,29 $prix était 9,29 $",3.93,"3,93 $",3.93,"3,93 $",true,https://www.canadiantire.ca/fr/pdp/panier-tiroir-canvas-cubique-en-tissu-rayures-blanches-et-grises-10-5-x-10-5-x-10-9-po-0680479p.html,https://www.canadiantire.ca/fr/pdp/panier-tiroir-canvas-cubique-en-tissu-rayures-blanches-et-grises-10-5-x-10-5-x-10-9-po-0680479p.html,https://media-www.canadiantire.ca/product/living/home-decor/decor-accents/0680479/canvas-stripe-storage-cube-white-grey-56d474b5-b7df-4aae-b0bc-285e666790d7-jpgrendition.jpg?im=whresize&wid=200&hei=200,https://media-www.canadiantire.ca/product/living/home-decor/decor-accents/0680479/canvas-stripe-storage-cube-white-grey-56d474b5-b7df-4aae-b0bc-285e666790d7-jpgrendition.jpg?im=whresize&wid=200&hei=200,,0680479,068-0479-2,Il n’en reste que 1 #068-0479-2,Liquidation◊Mieux notés,57.7,"3,93","9,29"
106,"Sussex, NB",Filtre rinçable primaire Hoover,Filtre rinçable primaire Hoover,12.93,"12,93 $",27.99,"Était±  27,99 $prix était 27,99 $",12.93,"12,93 $",12.93,"12,93 $",true,https://www.canadiantire.ca/fr/pdp/filtre-rincable-primaire-hoover-0439458p.html,https://www.canadiantire.ca/fr/pdp/filtre-rincable-primaire-hoover-0439458p.html,https://media-www.canadiantire.ca/product/living/cleaning/vacuums-and-floorcare/0439458/hoover-reusable-upright-pre-motor-filter-6f7e61a6-e08e-406a-986c-562bf9504271-jpgrendition.jpg?im=whresize&wid=200&hei=200,https://media-www.canadiantire.ca/product/living/cleaning/vacuums-and-floorcare/0439458/hoover-reusable-upright-pre-motor-filter-6f7e61a6-e08e-406a-986c-562bf9504271-jpgrendition.jpg?im=whresize&wid=200&hei=200,,0439458,043-9458-6,Il n’en reste que 2 #043-9458-6,Liquidation◊Mieux notés,53.8,"12,93","27,99"
106,"Sussex, NB","Arbre de Noël décoratif de table argenté scintillant avec 20 ornements rouges et blancs For Living, 22 po","Arbre de Noël décoratif de table argenté scintillant avec 20 ornements rouges et blancs For Living, 22 po",9.93,"9,93 $",19.99,"Était±  19,99 $prix était 19,99 $",9.93,"9,93 $",9.93,"9,93 $",true,https://www.canadiantire.ca/fr/pdp/arbre-de-noel-decoratif-de-table-argente-scintillant-avec-20-ornements-rouges-et-blancs-for-living-22-po-0515491p.html,https://www.canadiantire.ca/fr/pdp/arbre-de-noel-decoratif-de-table-argente-scintillant-avec-20-ornements-rouges-et-blancs-for-living-22-po-0515491p.html,https://media-www.canadiantire.ca/product/seasonal-gardening/seasonal/christmas-indoor-decor/0515491/tabletop-silver-tinsel-tree-with-20-red-white-ornaments-22--21cf967f-7e46-4677-b1ed-c05aad1a73f9-jpgrendition.jpg?im=whresize&wid=200&hei=200,https://media-www.canadiantire.ca/product/seasonal-gardening/seasonal/christmas-indoor-decor/0515491/tabletop-silver-tinsel-tree-with-20-red-white-ornaments-22--21cf967f-7e46-4677-b1ed-c05aad1a73f9-jpgrendition.jpg?im=whresize&wid=200&hei=200,,0515491,051-5491-8,9 En Stock#051-5491-8,Liquidation◊Mieux notés,50.33,"9,93","19,99"
106,"Sussex, NB",Adaptateur plat à 6 broches et 4 voies REESE Towpower,Adaptateur plat à 6 broches et 4 voies REESE Towpower,3.93,"3,93 $",37.99,"Était±  37,99 $prix était 37,99 $",3.93,"3,93 $",3.93,"3,93 $",true,https://www.canadiantire.ca/fr/pdp/adaptateur-plat-a-6-broches-et-4-voies-reese-towpower-0406007p.html,https://www.canadiantire.ca/fr/pdp/adaptateur-plat-a-6-broches-et-4-voies-reese-towpower-0406007p.html,https://media-www.canadiantire.ca/product/automotive/automotive-outdoor-adventure/auto-travel-storage/0408600/reese-towpower-adapter-6-pin-to-7-way-blade-74125fa7-01f2-421d-b862-465bea0ba4bb-jpgrendition.jpg?im=whresize&wid=200&hei=200,https://media-www.canadiantire.ca/product/automotive/automotive-outdoor-adventure/auto-travel-storage/0408600/reese-towpower-adapter-6-pin-to-7-way-blade-74125fa7-01f2-421d-b862-465bea0ba4bb-jpgrendition.jpg?im=whresize&wid=200&hei=200,,0406007,040-8600-8,Il n’en reste que 1 #040-8600-8,Liquidation◊,89.66,"3,93","37,99"
106,"Sussex, NB","Guirlande de lumières étoilées à DEL à piles pour la vie intérieure/extérieure, blanc chaud, 5,9 m, paq. de 4","Guirlande de lumières étoilées à DEL à piles pour la vie intérieure/extérieure, blanc chaud, 5,9 m, paq. de 4",9.93,"9,93 $",29.99,"Était±  29,99 $prix était 29,99 $",9.93,"9,93 $",9.93,"9,93 $",true,https://www.canadiantire.ca/fr/pdp/guirlande-de-lumieres-etoilees-a-del-a-piles-pour-la-vie-interieure-exterieure-blanc-chaud-5-9-m-paq-de-4-0521625p.html,https://www.canadiantire.ca/fr/pdp/guirlande-de-lumieres-etoilees-a-del-a-piles-pour-la-vie-interieure-exterieure-blanc-chaud-5-9-m-paq-de-4-0521625p.html,https://media-www.canadiantire.ca/product/seasonal-gardening/backyard-living/outdoor-lighting/0521625/for-living-starry-light-string-4-pack-8432e588-33c6-4f71-9012-f0efe83486dc-jpgrendition.jpg?im=whresize&wid=200&hei=200,https://media-www.canadiantire.ca/product/seasonal-gardening/backyard-living/outdoor-lighting/0521625/for-living-starry-light-string-4-pack-8432e588-33c6-4f71-9012-f0efe83486dc-jpgrendition.jpg?im=whresize&wid=200&hei=200,,0521625,052-1625-4,Il n’en reste que 7 #052-1625-4,Liquidation◊Mieux notés,66.89,"9,93","29,99"
106,"Sussex, NB","Piquet en forme de lapin de Pâques en MDF, 24 po","Piquet en forme de lapin de Pâques en MDF, 24 po",2.93,"2,93 $",14.99,"Était±  14,99 $prix était 14,99 $",2.93,"2,93 $",2.93,"2,93 $",true,https://www.canadiantire.ca/fr/pdp/piquet-en-forme-de-lapin-de-paques-en-mdf-24-po-1519645p.html,https://www.canadiantire.ca/fr/pdp/piquet-en-forme-de-lapin-de-paques-en-mdf-24-po-1519645p.html,https://media-www.canadiantire.ca/product/automotive/party-city-seasonal/party-city-micro-season-decor/1519645/easter-24-mdf-bunny-stake-31a2ee77-f05f-4548-955b-07a387d70d8f-jpgrendition.jpg?im=whresize&wid=200&hei=200,https://media-www.canadiantire.ca/product/automotive/party-city-seasonal/party-city-micro-season-decor/1519645/easter-24-mdf-bunny-stake-31a2ee77-f05f-4548-955b-07a387d70d8f-jpgrendition.jpg?im=whresize&wid=200&hei=200,,1519645,151-9645-2,Il n’en reste que 4 #151-9645-2,Liquidation◊,80.45,"2,93","14,99"
106,"Sussex, NB","Poignées en métal en forme d’arc Peerless, nickel satiné, 3 po, paq. 6","Poignées en métal en forme d’arc Peerless, nickel satiné, 3 po, paq. 6",7.93,"7,93 $",23.99,"Était±  23,99 $prix était 23,99 $",7.93,"7,93 $",7.93,"7,93 $",true,https://www.canadiantire.ca/fr/pdp/poignees-en-metal-en-forme-d-arc-peerless-nickel-satine-3-po-paq-6-0467410p.html,https://www.canadiantire.ca/fr/pdp/poignees-en-metal-en-forme-d-arc-peerless-nickel-satine-3-po-paq-6-0467410p.html,https://media-www.canadiantire.ca/product/living/home-decor/decor-accents/0467410/peerless-3-arch-pull-6pk-satin-nickel-a6285460-d9dd-4616-9f86-6ef479cbc3d4-jpgrendition.jpg?im=whresize&wid=200&hei=200,https://media-www.canadiantire.ca/product/living/home-decor/decor-accents/0467410/peerless-3-arch-pull-6pk-satin-nickel-a6285460-d9dd-4616-9f86-6ef479cbc3d4-jpgrendition.jpg?im=whresize&wid=200&hei=200,,0467410,046-7410-4,Il n’en reste que 1 #046-7410-4,Liquidation◊Mieux notés,66.94,"7,93","23,99"
106,"Sussex, NB","Lumières de Noël NOMA C9 à DEL d'extérieur, rouge, 16 pi 7 po, 25 ampoules","Lumières de Noël NOMA C9 à DEL d'extérieur, rouge, 16 pi 7 po, 25 ampoules",9.93,"9,93 $",19.99,"Était±  19,99 $prix était 19,99 $",9.93,"9,93 $",9.93,"9,93 $",true,https://www.canadiantire.ca/fr/pdp/lumieres-de-noel-noma-c9-a-del-d-exterieur-rouge-16-pi-7-po-25-ampoules-2510096p.html,https://www.canadiantire.ca/fr/pdp/lumieres-de-noel-noma-c9-a-del-d-exterieur-rouge-16-pi-7-po-25-ampoules-2510096p.html,https://media-www.canadiantire.ca/product/seasonal-gardening/seasonal/christmas-lights-outdoor-decor/1513825/noma-outdoor-25-c9-led-lights-red-017c601b-3bdb-41ea-ae5c-2629b8b2a835-jpgrendition.jpg?im=whresize&wid=200&hei=200,https://media-www.canadiantire.ca/product/seasonal-gardening/seasonal/christmas-lights-outdoor-decor/1513825/noma-outdoor-25-c9-led-lights-red-017c601b-3bdb-41ea-ae5c-2629b8b2a835-jpgrendition.jpg?im=whresize&wid=200&hei=200,,2510096,251-0096-4,20 En Stock#251-0096-4,Liquidation◊Exclusivité,50.33,"9,93","19,99"
106,"Sussex, NB","Lumières NOMA Advanced C9 à DEL de qualité commerciale, multicolore","Lumières NOMA Advanced C9 à DEL de qualité commerciale, multicolore",19.93,"19,93 $",59.99,"Était±  59,99 $prix était 59,99 $",19.93,"19,93 $",19.93,"19,93 $",true,https://www.canadiantire.ca/fr/pdp/lumieres-noma-advanced-c9-a-del-de-qualite-commerciale-multicolore-2511046p.html,https://www.canadiantire.ca/fr/pdp/lumieres-noma-advanced-c9-a-del-de-qualite-commerciale-multicolore-2511046p.html,https://media-www.canadiantire.ca/product/seasonal-gardening/seasonal/christmas-lights-outdoor-decor/2511046/noma-advanced-commercial-grade-c9-led-25-multi-colour-b07baf37-673a-457a-a81b-ba42f12ca235-jpgrendition.jpg?im=whresize&wid=200&hei=200,https://media-www.canadiantire.ca/product/seasonal-gardening/seasonal/christmas-lights-outdoor-decor/2511046/noma-advanced-commercial-grade-c9-led-25-multi-colour-b07baf37-673a-457a-a81b-ba42f12ca235-jpgrendition.jpg?im=whresize&wid=200&hei=200,,2511046,251-1046-8,18 En Stock#251-1046-8,Liquidation◊Mieux notés,66.78,"19,93","59,99"
106,"Sussex, NB","Sangle statique pour voiture Certified avec bande réfléchissante, 18 po","Sangle statique pour voiture Certified avec bande réfléchissante, 18 po",1.73,"1,73 $",9.99,"Était±  9,99 $prix était 9,99 $",1.73,"1,73 $",1.73,"1,73 $",true,https://www.canadiantire.ca/fr/pdp/sangle-statique-pour-voiture-certified-avec-bande-reflechissante-18-po-0375024p.html,https://www.canadiantire.ca/fr/pdp/sangle-statique-pour-voiture-certified-avec-bande-reflechissante-18-po-0375024p.html,https://media-www.canadiantire.ca/product/automotive/car-care-accessories/auto-winter-accessories/0375024/static-strap-with-reflective-strip-be98be87-49e4-4f2a-bb05-df376bbfbae5-jpgrendition.jpg?im=whresize&wid=200&hei=200,https://media-www.canadiantire.ca/product/automotive/car-care-accessories/auto-winter-accessories/0375024/static-strap-with-reflective-strip-be98be87-49e4-4f2a-bb05-df376bbfbae5-jpgrendition.jpg?im=whresize&wid=200&hei=200,,0375024,037-5024-8,Il n’en reste que 1 #037-5024-8,Liquidation◊Exclusivité,82.68,"1,73","9,99"
106,"Sussex, NB","Coeur gonflable de la Saint-Valentin, 4 pi","Coeur gonflable de la Saint-Valentin, 4 pi",17.93,"17,93 $",49.99,"Était±  49,99 $prix était 49,99 $",17.93,"17,93 $",17.93,"17,93 $",true,https://www.canadiantire.ca/fr/pdp/coeur-gonflable-de-la-saint-valentin-4-pi-8541401p.html,https://www.canadiantire.ca/fr/pdp/coeur-gonflable-de-la-saint-valentin-4-pi-8541401p.html,https://media-www.canadiantire.ca/product/seasonal-gardening/party-city-seasonal/party-city-micro-season-decor/8541401/valentines-hearts-inflatable-4--e3f30b3d-0552-40c6-8f37-cfd23bce1d49-jpgrendition.jpg?im=whresize&wid=200&hei=200,https://media-www.canadiantire.ca/product/seasonal-gardening/party-city-seasonal/party-city-micro-season-decor/8541401/valentines-hearts-inflatable-4--e3f30b3d-0552-40c6-8f37-cfd23bce1d49-jpgrendition.jpg?im=whresize&wid=200&hei=200,,8541401,854-1401-8,Il n’en reste que 7 #854-1401-8,Liquidation◊Mieux notés,64.13,"17,93","49,99"
106,"Sussex, NB","Fantôme animé suspendu For Living avec piles, lumière à DEL, blanc, 48 pi, décoration intérieure/extérieure activée par le son et la lumière pour l'Halloween","Fantôme animé suspendu For Living avec piles, lumière à DEL, blanc, 48 pi, décoration intérieure/extérieure activée par le son et la lumière pour l'Halloween",29.93,"29,93 $",59.99,"Était±  59,99 $prix était 59,99 $",29.93,"29,93 $",29.93,"29,93 $",true,https://www.canadiantire.ca/fr/pdp/fantome-anime-suspendu-for-living-avec-piles-lumiere-a-del-blanc-48-pi-decoration-interieure-exterieure-activee-par-le-son-et-la-lumiere-pour-l-halloween-1516292p.html,https://www.canadiantire.ca/fr/pdp/fantome-anime-suspendu-for-living-avec-piles-lumiere-a-del-blanc-48-pi-decoration-interieure-exterieure-activee-par-le-son-et-la-lumiere-pour-l-halloween-1516292p.html,https://media-www.canadiantire.ca/product/seasonal-gardening/seasonal/halloween-harvest/1516292/48-animated-floating-ghost-dcb75426-84f0-44fa-9b57-9c9ed5fc0183-jpgrendition.jpg?im=whresize&wid=200&hei=200,https://media-www.canadiantire.ca/product/seasonal-gardening/seasonal/halloween-harvest/1516292/48-animated-floating-ghost-dcb75426-84f0-44fa-9b57-9c9ed5fc0183-jpgrendition.jpg?im=whresize&wid=200&hei=200,,1516292,151-6292-8,,Liquidation◊Exclusivité,50.11,"29,93","59,99"
106,"Sussex, NB",Traîneau/luge d'hiver traditionnel style rétro en bois avec corde de remorquage pour bébé et enfant Kinder,Traîneau/luge d'hiver traditionnel style rétro en bois avec corde de remorquage pour bébé et enfant Kinder,59.93,"59,93 $",139.99,"Était±  139,99 $prix était 139,99 $",59.93,"59,93 $",59.93,"59,93 $",true,https://www.canadiantire.ca/fr/pdp/traineau-luge-d-hiver-traditionnel-style-retro-en-bois-avec-corde-de-remorquage-pour-bebe-et-enfant-kinder-0825001p.html,https://www.canadiantire.ca/fr/pdp/traineau-luge-d-hiver-traditionnel-style-retro-en-bois-avec-corde-de-remorquage-pour-bebe-et-enfant-kinder-0825001p.html,https://media-www.canadiantire.ca/product/playing/seasonal-recreation/winter-recreation/0825001/kinder-sleigh-20a80264-4ca3-4301-97b1-23524968322e-jpgrendition.jpg?im=whresize&wid=200&hei=200,https://media-www.canadiantire.ca/product/playing/seasonal-recreation/winter-recreation/0825001/kinder-sleigh-20a80264-4ca3-4301-97b1-23524968322e-jpgrendition.jpg?im=whresize&wid=200&hei=200,,0825001,082-5001-2,Il n’en reste que 2 #082-5001-2,Liquidation◊Mieux notés,57.19,"59,93","139,99"
106,"Sussex, NB","Lumières à DEL C9 résistantes aux bris pour l'intérieur et l'extérieur personnalisées NOMA Advanced, blanc pur, paq. 25","Lumières à DEL C9 résistantes aux bris pour l'intérieur et l'extérieur personnalisées NOMA Advanced, blanc pur, paq. 25",9.93,"9,93 $",29.99,"Était±  29,99 $prix était 29,99 $",9.93,"9,93 $",9.93,"9,93 $",true,https://www.canadiantire.ca/fr/pdp/lumieres-a-del-c9-resistantes-aux-bris-pour-l-interieur-et-l-exterieur-personnalisees-noma-advanced-blanc-pur-paq-25-2510147p.html,https://www.canadiantire.ca/fr/pdp/lumieres-a-del-c9-resistantes-aux-bris-pour-l-interieur-et-l-exterieur-personnalisees-noma-advanced-blanc-pur-paq-25-2510147p.html,https://media-www.canadiantire.ca/product/seasonal-gardening/seasonal/christmas-lights-outdoor-decor/2510147/noma-adv-cust-repl-bulbs-c9-led-25-pure-white-5c021927-1797-4fa1-be0f-888406a17157-jpgrendition.jpg?im=whresize&wid=200&hei=200,https://media-www.canadiantire.ca/product/seasonal-gardening/seasonal/christmas-lights-outdoor-decor/2510147/noma-adv-cust-repl-bulbs-c9-led-25-pure-white-5c021927-1797-4fa1-be0f-888406a17157-jpgrendition.jpg?im=whresize&wid=200&hei=200,,2510147,251-0147-4,19 En Stock#251-0147-4,Liquidation◊Mieux notés,66.89,"9,93","29,99"
106,"Sussex, NB","Fiches polarisées mâles pour l'intérieur et l'extérieur NOMA Advanced pour les décorations de Noël, paq. 10","Fiches polarisées mâles pour l'intérieur et l'extérieur NOMA Advanced pour les décorations de Noël, paq. 10",6.43,"6,43 $",12.99,"Était±  12,99 $prix était 12,99 $",6.43,"6,43 $",6.43,"6,43 $",true,https://www.canadiantire.ca/fr/pdp/fiches-polarisees-males-pour-l-interieur-et-l-exterieur-noma-advanced-pour-les-decorations-de-noel-paq-10-2510150p.html,https://www.canadiantire.ca/fr/pdp/fiches-polarisees-males-pour-l-interieur-et-l-exterieur-noma-advanced-pour-les-decorations-de-noel-paq-10-2510150p.html,https://media-www.canadiantire.ca/product/seasonal-gardening/seasonal/christmas-lights-outdoor-decor/2510150/noma-adv-cust-male-plugs-9fb0ece6-43ec-4521-b9d2-978e4cdec426-jpgrendition.jpg?im=whresize&wid=200&hei=200,https://media-www.canadiantire.ca/product/seasonal-gardening/seasonal/christmas-lights-outdoor-decor/2510150/noma-adv-cust-male-plugs-9fb0ece6-43ec-4521-b9d2-978e4cdec426-jpgrendition.jpg?im=whresize&wid=200&hei=200,,2510150,251-0150-4,23 En Stock#251-0150-4,Liquidation◊Mieux notés,50.5,"6,43","12,99"
106,"Sussex, NB","Manteau matelassé d'hiver à capuchon en nylon isolé comprimable Outbound Paxton pour jeunes, bleu","Manteau matelassé d'hiver à capuchon en nylon isolé comprimable Outbound Paxton pour jeunes, bleu",19.93,"19,93 $",69.99,"69,99 $Était   et+ prix était à partir de 69,99 $",19.93,"19,93 $",19.93,"19,93 $",true,https://www.canadiantire.ca/fr/pdp/manteau-matelasse-d-hiver-a-capuchon-en-nylon-isole-comprimable-outbound-paxton-pour-jeunes-bleu-1873021p.html,https://www.canadiantire.ca/fr/pdp/manteau-matelasse-d-hiver-a-capuchon-en-nylon-isole-comprimable-outbound-paxton-pour-jeunes-bleu-1873021p.html,https://media-www.canadiantire.ca/product/playing/footwear-apparel/winter-footwear-apparel/1873021/outbound-youth-paxton-puffy-jacket-blue-m-3a4009ea-5ef7-49d3-88d3-15a045f8a450-jpgrendition.jpg?im=whresize&wid=200&hei=200,https://media-www.canadiantire.ca/product/playing/footwear-apparel/winter-footwear-apparel/1873021/outbound-youth-paxton-puffy-jacket-blue-m-3a4009ea-5ef7-49d3-88d3-15a045f8a450-jpgrendition.jpg?im=whresize&wid=200&hei=200,,1873021,187-3021,Vérifiez la disponibilité#187-3021X,Liquidation◊Exclusivité,71.52,"19,93","69,99"
106,"Sussex, NB",Coupleur d'arbre en caoutchouc,Coupleur d'arbre en caoutchouc,0.43,"0,43 $",4.99,"Était±  4,99 $prix était 4,99 $",0.43,"0,43 $",0.43,"0,43 $",true,https://www.canadiantire.ca/fr/pdp/coupleur-d-arbre-en-caoutchouc-0561448p.html,https://www.canadiantire.ca/fr/pdp/coupleur-d-arbre-en-caoutchouc-0561448p.html,https://media-www.canadiantire.ca/product/fixing/electrical/rough-electrical/0561448/rubbr-flex-lineshft-7674519e-4c37-429e-a135-4002594bac9f.png?im=whresize&wid=200&hei=200,https://media-www.canadiantire.ca/product/fixing/electrical/rough-electrical/0561448/rubbr-flex-lineshft-7674519e-4c37-429e-a135-4002594bac9f.png?im=whresize&wid=200&hei=200,,0561448,056-1448-8,Il n’en reste que 2 #056-1448-8,Liquidation◊,91.38,"0,43","4,99"
106,"Sussex, NB","Manchon de rouleau Wagner Smart, 3/8 x 3 po","Manchon de rouleau Wagner Smart, 3/8 x 3 po",1.93,"1,93 $",9.29,"Était±  9,29 $prix était 9,29 $",1.93,"1,93 $",1.93,"1,93 $",true,https://www.canadiantire.ca/fr/pdp/manchon-de-rouleau-wagner-smart-3-8-x-3-po-0490391p.html,https://www.canadiantire.ca/fr/pdp/manchon-de-rouleau-wagner-smart-3-8-x-3-po-0490391p.html,https://media-www.canadiantire.ca/product/fixing/paint/paint-accessories/0490391/wagner-roller-cover-3-8-x3-for-49-0390-759f29da-b5d6-4bbf-a0e3-bcf3b727effc.png?im=whresize&wid=200&hei=200,https://media-www.canadiantire.ca/product/fixing/paint/paint-accessories/0490391/wagner-roller-cover-3-8-x3-for-49-0390-759f29da-b5d6-4bbf-a0e3-bcf3b727effc.png?im=whresize&wid=200&hei=200,,0490391,049-0391-4,Il n’en reste que 1 #049-0391-4,Liquidation◊,79.22,"1,93","9,29"
106,"Sussex, NB","Faisceau de câbles plats pour remorque REESE Towpower, 5 voies femelle à 5 voies mâle, 3 pi","Faisceau de câbles plats pour remorque REESE Towpower, 5 voies femelle à 5 voies mâle, 3 pi",10.39,"10,39 $",59.99,"Était±  59,99 $prix était 59,99 $",10.39,"10,39 $",10.39,"10,39 $",true,https://www.canadiantire.ca/fr/pdp/faisceau-de-cables-plats-pour-remorque-reese-towpower-5-voies-femelle-a-5-voies-male-3-pi-0408212p.html,https://www.canadiantire.ca/fr/pdp/faisceau-de-cables-plats-pour-remorque-reese-towpower-5-voies-femelle-a-5-voies-male-3-pi-0408212p.html,https://media-www.canadiantire.ca/product/automotive/automotive-outdoor-adventure/auto-travel-storage/0408213/tc-7to5-flat-wiring-50ed5e63-ac6f-41a7-b4ef-bca9eefe71e0-jpgrendition.jpg?im=whresize&wid=200&hei=200,https://media-www.canadiantire.ca/product/automotive/automotive-outdoor-adventure/auto-travel-storage/0408213/tc-7to5-flat-wiring-50ed5e63-ac6f-41a7-b4ef-bca9eefe71e0-jpgrendition.jpg?im=whresize&wid=200&hei=200,,0408212,040-8213-0,Il n’en reste que 1 #040-8213-0,Liquidation◊,82.68,"10,39","59,99"
106,"Sussex, NB","Boule de remorquage chromée REESE Towpower, 2 po","Boule de remorquage chromée REESE Towpower, 2 po",17.93,"17,93 $",39.99,"Était±  39,99 $prix était 39,99 $",17.93,"17,93 $",17.93,"17,93 $",true,https://www.canadiantire.ca/fr/pdp/boule-de-remorquage-chromee-reese-towpower-2-po-0408613p.html,https://www.canadiantire.ca/fr/pdp/boule-de-remorquage-chromee-reese-towpower-2-po-0408613p.html,https://media-www.canadiantire.ca/product/automotive/automotive-outdoor-adventure/auto-travel-storage/0408613/reese-towpower-2-in-chrome-hitch-ball-754d65f8-4693-42e6-8b1b-520332218bb8-jpgrendition.jpg?im=whresize&wid=200&hei=200,https://media-www.canadiantire.ca/product/automotive/automotive-outdoor-adventure/auto-travel-storage/0408613/reese-towpower-2-in-chrome-hitch-ball-754d65f8-4693-42e6-8b1b-520332218bb8-jpgrendition.jpg?im=whresize&wid=200&hei=200,,0408613,040-8613-8,Il n’en reste que 1 #040-8613-8,Liquidation◊Mieux notés,55.16,"17,93","39,99"
106,"Sussex, NB","Trousse de fête du Nouvel An pour 10, paq. 25","Trousse de fête du Nouvel An pour 10, paq. 25",7.49,"7,49 $",14.99,"Était±  14,99 $prix était 14,99 $",7.49,"7,49 $",7.49,"7,49 $",true,https://www.canadiantire.ca/fr/pdp/trousse-de-fete-du-nouvel-an-pour-10-paq-25-8549829p.html,https://www.canadiantire.ca/fr/pdp/trousse-de-fete-du-nouvel-an-pour-10-paq-25-8549829p.html,https://media-www.canadiantire.ca/product/seasonal-gardening/party-city-seasonal/party-city-micro-season-decor/8549829/10-person-new-year-s-party-kit-f24afef0-ae86-4042-802c-94b2b283adc8-jpgrendition.jpg?im=whresize&wid=200&hei=200,https://media-www.canadiantire.ca/product/seasonal-gardening/party-city-seasonal/party-city-micro-season-decor/8549829/10-person-new-year-s-party-kit-f24afef0-ae86-4042-802c-94b2b283adc8-jpgrendition.jpg?im=whresize&wid=200&hei=200,,8549829,854-9829-4,Il n’en reste que 6 #854-9829-4,Liquidation◊,50.03,"7,49","14,99"
106,"Sussex, NB","Stylet et nettoyant pour écran 3-en-1 Cyber Clean Spray, Wipe, & Experience","Stylet et nettoyant pour écran 3-en-1 Cyber Clean Spray, Wipe, & Experience",6.23,"6,23 $",13.99,"Était±  13,99 $prix était 13,99 $",6.23,"6,23 $",6.23,"6,23 $",true,https://www.canadiantire.ca/fr/pdp/stylet-et-nettoyant-pour-ecran-3-en-1-cyber-clean-spray-wipe-experience-1425899p.html,https://www.canadiantire.ca/fr/pdp/stylet-et-nettoyant-pour-ecran-3-en-1-cyber-clean-spray-wipe-experience-1425899p.html,https://media-www.canadiantire.ca/product/seasonal-gardening/toys/home-office-supplies/1425899/cyber-clean-3-in-1-screen-cleaner-and-stylus-pen-8c14f6b5-2ecc-434f-8776-988537685efc-jpgrendition.jpg?im=whresize&wid=200&hei=200,https://media-www.canadiantire.ca/product/seasonal-gardening/toys/home-office-supplies/1425899/cyber-clean-3-in-1-screen-cleaner-and-stylus-pen-8c14f6b5-2ecc-434f-8776-988537685efc-jpgrendition.jpg?im=whresize&wid=200&hei=200,,1425899,142-5899-4,30 En Stock#142-5899-4,Liquidation◊,55.47,"6,23","13,99"
106,"Sussex, NB","Jeu de lumières à DEL citrouille lanterne et araignées For Living, multicolore, 4-3/5 pi, paq. 10, décorations d'intérieur et d'extérieur pour l'Halloween","Jeu de lumières à DEL citrouille lanterne et araignées For Living, multicolore, 4-3/5 pi, paq. 10, décorations d'intérieur et d'extérieur pour l'Halloween",2.93,"2,93 $",5.99,"Était±  5,99 $prix était 5,99 $",2.93,"2,93 $",2.93,"2,93 $",true,https://www.canadiantire.ca/fr/pdp/jeu-de-lumieres-a-del-citrouille-lanterne-et-araignees-for-living-multicolore-4-3-5-pi-paq-10-decorations-d-interieur-et-d-exterieur-pour-l-halloween-1511579p.html,https://www.canadiantire.ca/fr/pdp/jeu-de-lumieres-a-del-citrouille-lanterne-et-araignees-for-living-multicolore-4-3-5-pi-paq-10-decorations-d-interieur-et-d-exterieur-pour-l-halloween-1511579p.html,https://media-www.canadiantire.ca/product/seasonal-gardening/seasonal/halloween-harvest/1511579/lights-10-count-pumpkin-and-spider-assorted-059d8e59-7db6-4ab8-bd95-6803a7b6df09-jpgrendition.jpg?im=whresize&wid=200&hei=200,https://media-www.canadiantire.ca/product/seasonal-gardening/seasonal/halloween-harvest/1511579/lights-10-count-pumpkin-and-spider-assorted-059d8e59-7db6-4ab8-bd95-6803a7b6df09-jpgrendition.jpg?im=whresize&wid=200&hei=200,,1511579,151-1579-8,,Liquidation◊Mieux notés,51.09,"2,93","5,99"
106,"Sussex, NB",PopSocket – Support extensible pour téléphones intelligents et tablettes,PopSocket – Support extensible pour téléphones intelligents et tablettes,3.93,"3,93 $",12.99,"12,99 $Était   et+ prix était à partir de 12,99 $",3.93,"3,93 $",3.93,"3,93 $",true,https://www.canadiantire.ca/fr/pdp/popsocket-support-extensible-pour-telephones-intelligents-et-tablettes-0356175p.html,https://www.canadiantire.ca/fr/pdp/popsocket-support-extensible-pour-telephones-intelligents-et-tablettes-0356175p.html,https://media-www.canadiantire.ca/product/automotive/car-care-accessories/auto-electronics/0356180/ctx-popsocket-mount-black-d9e82c62-e0a5-478d-ae2a-a3e373302123-jpgrendition.jpg?im=whresize&wid=200&hei=200,https://media-www.canadiantire.ca/product/automotive/car-care-accessories/auto-electronics/0356180/ctx-popsocket-mount-black-d9e82c62-e0a5-478d-ae2a-a3e373302123-jpgrendition.jpg?im=whresize&wid=200&hei=200,,0356175,035-6175-6,0 En Stock#035-6175-6,Liquidation◊,69.75,"3,93","12,99"
106,"Sussex, NB","Fixations pour ampoule de phare Dorman, variées","Fixations pour ampoule de phare Dorman, variées",0.29,"0,29 $",9.99,"Était±  9,99 $prix était 9,99 $",0.29,"0,29 $",0.29,"0,29 $",true,https://www.canadiantire.ca/fr/pdp/fixations-pour-ampoule-de-phare-dorman-variees-0245638p.html,https://www.canadiantire.ca/fr/pdp/fixations-pour-ampoule-de-phare-dorman-variees-0245638p.html,https://media-www.canadiantire.ca/product/automotive/light-auto-parts/general-auto-repair/0245638/42421-gm-headlamp-bulb-retainer-assortment-3c8d1598-9c68-4cfa-b780-88c054367a5d.png?im=whresize&wid=200&hei=200,https://media-www.canadiantire.ca/product/automotive/light-auto-parts/general-auto-repair/0245638/42421-gm-headlamp-bulb-retainer-assortment-3c8d1598-9c68-4cfa-b780-88c054367a5d.png?im=whresize&wid=200&hei=200,,0245638,024-5638-8,Il n’en reste que 2 #024-5638-8,Liquidation◊,97.1,"0,29","9,99"
106,"Sussex, NB","Manuel de réparation automobile Haynes, Chrysler Dodge et Eagle 1993 à 1997, 25025","Manuel de réparation automobile Haynes, Chrysler Dodge et Eagle 1993 à 1997, 25025",1.93,"1,93 $",32.99,"Était±  32,99 $prix était 32,99 $",1.93,"1,93 $",1.93,"1,93 $",true,https://www.canadiantire.ca/fr/pdp/manuel-de-reparation-automobile-haynes-chrysler-dodge-et-eagle-1993-a-1997-25025-0259340p.html,https://www.canadiantire.ca/fr/pdp/manuel-de-reparation-automobile-haynes-chrysler-dodge-et-eagle-1993-a-1997-25025-0259340p.html,https://media-www.canadiantire.ca/product/automotive/auto-maintenance/auto-shop-equipment-supplies/0259340/25025-chrysler-lh-series-93-97-b01d550f-a7d8-4947-b1c5-64814ad0d785-jpgrendition.jpg?im=whresize&wid=200&hei=200,https://media-www.canadiantire.ca/product/automotive/auto-maintenance/auto-shop-equipment-supplies/0259340/25025-chrysler-lh-series-93-97-b01d550f-a7d8-4947-b1c5-64814ad0d785-jpgrendition.jpg?im=whresize&wid=200&hei=200,,0259340,025-9340-8,Il n’en reste que 1 #025-9340-8,Liquidation◊Mieux notés,94.15,"1,93","32,99"
106,"Sussex, NB","Sapin alpin NOMA Charlie, 6,5 pi","Sapin alpin NOMA Charlie, 6,5 pi",99.93,"99,93 $",199.99,"Était±  199,99 $prix était 199,99 $",99.93,"99,93 $",99.93,"99,93 $",true,https://www.canadiantire.ca/fr/pdp/sapin-alpin-noma-charlie-6-5-pi-0514809p.html,https://www.canadiantire.ca/fr/pdp/sapin-alpin-noma-charlie-6-5-pi-0514809p.html,https://media-www.canadiantire.ca/product/seasonal-gardening/seasonal/christmas-trees-greenery/0514809/noma-6-5-charlie-alpine-fir-tree-84-75f8de3c-8a16-4c30-83a3-54d0af281d84-jpgrendition.jpg?im=whresize&wid=200&hei=200,https://media-www.canadiantire.ca/product/seasonal-gardening/seasonal/christmas-trees-greenery/0514809/noma-6-5-charlie-alpine-fir-tree-84-75f8de3c-8a16-4c30-83a3-54d0af281d84-jpgrendition.jpg?im=whresize&wid=200&hei=200,,0514809,051-4809-2,Il n’en reste que 4 #051-4809-2,Liquidation◊Mieux notés,50.03,"99,93","199,99"
106,"Sussex, NB","Boîte de rangement The Home Edit par iDESIGN, haute","Boîte de rangement The Home Edit par iDESIGN, haute",3.93,"3,93 $",9.99,"9,99 $Était   et+ prix était à partir de 9,99 $",3.93,"3,93 $",3.93,"3,93 $",true,https://www.canadiantire.ca/fr/pdp/boite-de-rangement-the-home-edit-par-idesign-haute-1429601p.html,https://www.canadiantire.ca/fr/pdp/boite-de-rangement-the-home-edit-par-idesign-haute-1429601p.html,https://media-www.canadiantire.ca/product/living/home-organization/storage-containers/1429625/the-home-edit-by-idesign-tall-bin-organizer-onyx-fad3eaab-643a-4784-a4f1-2bc2165931c2-jpgrendition.jpg?im=whresize&wid=200&hei=200,https://media-www.canadiantire.ca/product/living/home-organization/storage-containers/1429625/the-home-edit-by-idesign-tall-bin-organizer-onyx-fad3eaab-643a-4784-a4f1-2bc2165931c2-jpgrendition.jpg?im=whresize&wid=200&hei=200,,1429601,142-9601,Vérifiez la disponibilité#142-9601X,Liquidation◊Exclusivité,60.66,"3,93","9,99"
106,"Sussex, NB",Bâton de baseball junior SweetSpot SSB 28 avec balle Spaseball,Bâton de baseball junior SweetSpot SSB 28 avec balle Spaseball,19.93,"19,93 $",39.99,"Était±  39,99 $prix était 39,99 $",19.93,"19,93 $",19.93,"19,93 $",true,https://www.canadiantire.ca/fr/pdp/baton-de-baseball-junior-sweetspot-ssb-28-avec-balle-spaseball-0803066p.html,https://www.canadiantire.ca/fr/pdp/baton-de-baseball-junior-sweetspot-ssb-28-avec-balle-spaseball-0803066p.html,https://media-www.canadiantire.ca/product/playing/team-sports-and-golf/field-sports/0803066/ssb-jr-bat-28-spaceball-combo-533e3259-e230-42ae-8afb-8b799bf00630-jpgrendition.jpg?im=whresize&wid=200&hei=200,https://media-www.canadiantire.ca/product/playing/team-sports-and-golf/field-sports/0803066/ssb-jr-bat-28-spaceball-combo-533e3259-e230-42ae-8afb-8b799bf00630-jpgrendition.jpg?im=whresize&wid=200&hei=200,,0803066,080-3066-4,11 En Stock#080-3066-4,Liquidation◊Exclusivité,50.16,"19,93","39,99"
106,"Sussex, NB","Cuillère tournante Yakima Standard, no 1","Cuillère tournante Yakima Standard, no 1",2.23,"2,23 $",5.49,"5,49 $Était   et+ prix était à partir de 5,49 $",2.23,"2,23 $",2.23,"2,23 $",true,https://www.canadiantire.ca/fr/pdp/cuillere-tournante-yakima-standard-no-1-0789087p.html,https://www.canadiantire.ca/fr/pdp/cuillere-tournante-yakima-standard-no-1-0789087p.html,https://media-www.canadiantire.ca/product/playing/fishing/fishing-lures/0789087/hildebrant-standard-spinner-1-gold-d63f1579-ecef-49ec-8d12-02b41d64d2a0-jpgrendition.jpg?im=whresize&wid=200&hei=200,https://media-www.canadiantire.ca/product/playing/fishing/fishing-lures/0789087/hildebrant-standard-spinner-1-gold-d63f1579-ecef-49ec-8d12-02b41d64d2a0-jpgrendition.jpg?im=whresize&wid=200&hei=200,,0789087,078-9087,Vérifiez la disponibilité#078-9087X,Liquidation◊Mieux notés,59.38,"2,23","5,49"
106,"Sussex, NB","Lumières à DEL C9 résistantes aux chocs pour l'intérieur et l'extérieur personnalisées NOMA Advanced, blanc chaud, paq. 25","Lumières à DEL C9 résistantes aux chocs pour l'intérieur et l'extérieur personnalisées NOMA Advanced, blanc chaud, paq. 25",9.93,"9,93 $",29.99,"Était±  29,99 $prix était 29,99 $",9.93,"9,93 $",9.93,"9,93 $",true,https://www.canadiantire.ca/fr/pdp/lumieres-a-del-c9-resistantes-aux-chocs-pour-l-interieur-et-l-exterieur-personnalisees-noma-advanced-blanc-chaud-paq-25-2510148p.html,https://www.canadiantire.ca/fr/pdp/lumieres-a-del-c9-resistantes-aux-chocs-pour-l-interieur-et-l-exterieur-personnalisees-noma-advanced-blanc-chaud-paq-25-2510148p.html,https://media-www.canadiantire.ca/product/seasonal-gardening/seasonal/christmas-lights-outdoor-decor/2510148/noma-adv-cust-repl-bulbs-c9-led-25-pure-white-3cf46519-b216-41a4-86a1-70fc822d3f63-jpgrendition.jpg?im=whresize&wid=200&hei=200,https://media-www.canadiantire.ca/product/seasonal-gardening/seasonal/christmas-lights-outdoor-decor/2510148/noma-adv-cust-repl-bulbs-c9-led-25-pure-white-3cf46519-b216-41a4-86a1-70fc822d3f63-jpgrendition.jpg?im=whresize&wid=200&hei=200,,2510148,251-0148-2,17 En Stock#251-0148-2,Liquidation◊Mieux notés,66.89,"9,93","29,99"
106,"Sussex, NB",Connecteur rapide avec faisceau universel Hopkins Towing Solution Endurance,Connecteur rapide avec faisceau universel Hopkins Towing Solution Endurance,24.93,"24,93 $",52.99,"Était±  52,99 $prix était 52,99 $",24.93,"24,93 $",24.93,"24,93 $",true,https://www.canadiantire.ca/fr/pdp/connecteur-rapide-avec-faisceau-universel-hopkins-towing-solution-endurance-0409672p.html,https://www.canadiantire.ca/fr/pdp/connecteur-rapide-avec-faisceau-universel-hopkins-towing-solution-endurance-0409672p.html,https://media-www.canadiantire.ca/product/automotive/automotive-outdoor-adventure/auto-travel-storage/0409672/endurance-quick-install-connector-with-universal-harness-034654b3-d7d0-41df-8520-c8cd40de584a-jpgrendition.jpg?im=whresize&wid=200&hei=200,https://media-www.canadiantire.ca/product/automotive/automotive-outdoor-adventure/auto-travel-storage/0409672/endurance-quick-install-connector-with-universal-harness-034654b3-d7d0-41df-8520-c8cd40de584a-jpgrendition.jpg?im=whresize&wid=200&hei=200,,0409672,040-9672-0,Il n’en reste que 2 #040-9672-0,Liquidation◊Mieux notés,52.95,"24,93","52,99"
106,"Sussex, NB","Veilleuse en cristal de sel Globe Electric, 7 po, blanc","Veilleuse en cristal de sel Globe Electric, 7 po, blanc",19.93,"19,93 $",39.99,"Était±  39,99 $prix était 39,99 $",19.93,"19,93 $",19.93,"19,93 $",true,https://www.canadiantire.ca/fr/pdp/veilleuse-en-cristal-de-sel-globe-electric-7-po-blanc-0529516p.html,https://www.canadiantire.ca/fr/pdp/veilleuse-en-cristal-de-sel-globe-electric-7-po-blanc-0529516p.html,https://media-www.canadiantire.ca/product/living/home-decor/lighting/0529516/white-salt-lamp-7--b7f79a24-bc31-4b3d-97ee-a40ea1927584-jpgrendition.jpg?im=whresize&wid=200&hei=200,https://media-www.canadiantire.ca/product/living/home-decor/lighting/0529516/white-salt-lamp-7--b7f79a24-bc31-4b3d-97ee-a40ea1927584-jpgrendition.jpg?im=whresize&wid=200&hei=200,,0529516,052-9516-6,Il n’en reste que 1 #052-9516-6,Liquidation◊Mieux notés,50.16,"19,93","39,99"
106,"Sussex, NB","Ballon en aluminium satiné rond et étoiles Happy New Year, or/noir, 30 po, gonflement à l'hélium et ruban inclus, pour veille du jour de l'An","Ballon en aluminium satiné rond et étoiles Happy New Year, or/noir, 30 po, gonflement à l'hélium et ruban inclus, pour veille du jour de l'An",4.93,"4,93 $",19.99,"Était±  19,99 $prix était 19,99 $",4.93,"4,93 $",4.93,"4,93 $",true,https://www.canadiantire.ca/fr/pdp/ballon-en-aluminium-satine-rond-et-etoiles-happy-new-year-or-noir-30-po-gonflement-a-l-helium-et-ruban-inclus-pour-veille-du-jour-de-l-an-8431628p.html,https://www.canadiantire.ca/fr/pdp/ballon-en-aluminium-satine-rond-et-etoiles-happy-new-year-or-noir-30-po-gonflement-a-l-helium-et-ruban-inclus-pour-veille-du-jour-de-l-an-8431628p.html,https://media-www.partycity.ca/product/seasonal-gardening/party-city-everyday/party-city-party-supplies-decor/8431628/new-years-infused-balloon-3e7aa255-c21b-4b6f-abe0-030a23cf237c-jpgrendition.jpg?im=whresize&wid=200&hei=200,https://media-www.partycity.ca/product/seasonal-gardening/party-city-everyday/party-city-party-supplies-decor/8431628/new-years-infused-balloon-3e7aa255-c21b-4b6f-abe0-030a23cf237c-jpgrendition.jpg?im=whresize&wid=200&hei=200,,8431628,843-1628-6,Il n’en reste que 5 #843-1628-6,Liquidation◊Hélium compris,75.34,"4,93","19,99"
106,"Sussex, NB","Contenants alimentaires ronds Clearlock avec base et couvercle Tritan, emboîtable, paq. 4","Contenants alimentaires ronds Clearlock avec base et couvercle Tritan, emboîtable, paq. 4",9.93,"9,93 $",20.99,"Était±  20,99 $prix était 20,99 $",9.93,"9,93 $",9.93,"9,93 $",true,https://www.canadiantire.ca/fr/pdp/contenants-alimentaires-ronds-clearlock-avec-base-et-couvercle-tritan-emboitable-paq-4-2421067p.html,https://www.canadiantire.ca/fr/pdp/contenants-alimentaires-ronds-clearlock-avec-base-et-couvercle-tritan-emboitable-paq-4-2421067p.html,https://media-www.canadiantire.ca/product/living/kitchen/food-storage/2421067/clearlock-4-pc-set-round-7192b730-5372-42d1-a8c6-ed3a12f05df8-jpgrendition.jpg?im=whresize&wid=200&hei=200,https://media-www.canadiantire.ca/product/living/kitchen/food-storage/2421067/clearlock-4-pc-set-round-7192b730-5372-42d1-a8c6-ed3a12f05df8-jpgrendition.jpg?im=whresize&wid=200&hei=200,,2421067,242-1067-0,Il n’en reste que 2 #242-1067-0,Liquidation◊Mieux notés,52.69,"9,93","20,99"
